# t dissipation energy Reynolds eta
76.001 1.27667 14.5107 24.5537 1.47642
76.003 1.27008 14.5069 24.6109 1.47833
76.0077 1.27014 14.5091 24.614 1.47831
76.0148 1.27032 14.5123 24.6177 1.47826
76.0242 1.27052 14.5163 24.6225 1.4782
76.0357 1.2707 14.521 24.6288 1.47815
76.0489 1.27095 14.5265 24.6357 1.47808
76.0637 1.27128 14.5328 24.6432 1.47798
76.0802 1.27162 14.5396 24.6515 1.47788
76.0979 1.27196 14.5468 24.6604 1.47779
76.1171 1.27234 14.5547 24.67 1.47767
76.1371 1.27275 14.5629 24.6799 1.47755
76.1582 1.27313 14.5714 24.6907 1.47745
76.1803 1.27356 14.5803 24.7016 1.47732
76.2031 1.27398 14.5893 24.7128 1.4772
76.2265 1.27446 14.5987 24.724 1.47706
76.2507 1.27491 14.6082 24.7358 1.47693
76.2757 1.27534 14.6179 24.7481 1.47681
76.3015 1.27584 14.628 24.7603 1.47666
76.3274 1.27631 14.6381 24.7727 1.47652
76.3543 1.27678 14.6484 24.7857 1.47639
76.3812 1.27721 14.6587 24.7989 1.47627
76.4081 1.27777 14.6692 24.8113 1.4761
76.4363 1.27824 14.6799 24.8247 1.47597
76.4645 1.2788 14.6906 24.8374 1.47581
76.4927 1.27931 14.7013 24.8505 1.47566
76.5209 1.2798 14.7119 24.8637 1.47552
76.549 1.28037 14.7226 24.8763 1.47535
76.5772 1.28086 14.7332 24.8894 1.47521
76.6054 1.28142 14.7437 24.9017 1.47505
76.6336 1.28202 14.7544 24.9139 1.47488
76.6618 1.28265 14.765 24.9257 1.47469
76.69 1.28315 14.7754 24.9384 1.47455
76.7182 1.28377 14.786 24.9502 1.47437
76.7463 1.28424 14.7961 24.9628 1.47424
76.7745 1.28472 14.8063 24.9752 1.4741
76.8027 1.28517 14.8164 24.988 1.47397
76.8309 1.28578 14.8268 24.9996 1.4738
76.8591 1.28627 14.8369 25.0119 1.47366
76.8873 1.28679 14.8471 25.024 1.47351
76.9154 1.28732 14.8572 25.0358 1.47336
76.9436 1.28788 14.8673 25.0474 1.4732
76.9718 1.28845 14.8775 25.059 1.47304
77 1.28899 14.8874 25.0705 1.47288
77.0312 1.28957 14.8983 25.0831 1.47271
77.0625 1.29021 14.9093 25.0954 1.47253
77.0938 1.29082 14.9201 25.1076 1.47236
77.125 1.29138 14.9308 25.1204 1.4722
77.1562 1.29201 14.9417 25.1325 1.47202
77.1875 1.29266 14.9526 25.1444 1.47183
77.2188 1.29342 14.9635 25.1555 1.47162
77.25 1.294 14.9742 25.1677 1.47145
77.2812 1.29465 14.9849 25.1794 1.47127
77.3125 1.29526 14.9955 25.1913 1.47109
77.3438 1.29595 15.0062 25.2026 1.4709
77.375 1.29661 15.0167 25.2138 1.47071
77.4062 1.29719 15.027 25.2255 1.47055
77.4375 1.29786 15.0375 25.2365 1.47036
77.4688 1.29849 15.0479 25.2479 1.47018
77.5 1.29919 15.0583 25.2585 1.46998
77.5312 1.29988 15.0686 25.2691 1.46978
77.5625 1.30056 15.079 25.2798 1.46959
77.5938 1.3013 15.0892 25.2899 1.46938
77.625 1.30193 15.0994 25.3007 1.46921
77.6562 1.30263 15.1096 25.3111 1.46901
77.6875 1.30334 15.1198 25.3213 1.46881
77.7188 1.30405 15.13 25.3314 1.46861
77.75 1.3047 15.14 25.3418 1.46843
77.7812 1.30544 15.1501 25.3515 1.46822
77.8125 1.30623 15.1602 25.3608 1.46799
77.8438 1.30697 15.1701 25.3703 1.46779
77.875 1.30779 15.1802 25.3791 1.46756
77.9062 1.3085 15.1901 25.3887 1.46736
77.9375 1.30929 15.2 25.3977 1.46714
77.9688 1.31011 15.21 25.4064 1.46691
78 1.31087 15.2198 25.4154 1.46669
78.0312 1.31162 15.2295 25.4244 1.46648
78.0625 1.31256 15.2395 25.4319 1.46622
78.0938 1.31331 15.2491 25.4408 1.46601
78.125 1.31408 15.2588 25.4495 1.4658
78.1562 1.31495 15.2686 25.4574 1.46556
78.1875 1.31572 15.2783 25.4659 1.46534
78.2188 1.31649 15.2879 25.4745 1.46513
78.25 1.3173 15.2974 25.4827 1.4649
78.2812 1.31807 15.3069 25.491 1.46469
78.3125 1.31889 15.3164 25.4989 1.46446
78.3438 1.3196 15.3256 25.5073 1.46426
78.375 1.32038 15.335 25.5154 1.46405
78.4062 1.32125 15.3446 25.5229 1.4638
78.4375 1.32204 15.3538 25.5306 1.46359
78.4688 1.32286 15.3631 25.5381 1.46336
78.5 1.32377 15.3726 25.5451 1.46311
78.5312 1.32463 15.3818 25.5522 1.46287
78.5625 1.32543 15.391 25.5597 1.46265
78.5938 1.32632 15.4002 25.5665 1.4624
78.625 1.32721 15.4095 25.5733 1.46216
78.6562 1.32808 15.4186 25.5801 1.46192
78.6875 1.32897 15.4278 25.5867 1.46167
78.7188 1.32978 15.4367 25.5937 1.46145
78.75 1.33058 15.4456 25.6008 1.46123
78.7812 1.33142 15.4546 25.6075 1.461
78.8125 1.33237 15.4635 25.6133 1.46074
78.8438 1.33327 15.4725 25.6194 1.46049
78.875 1.33418 15.4815 25.6255 1.46024
78.9062 1.33517 15.4905 25.631 1.45998
78.9375 1.33612 15.4994 25.6366 1.45971
78.9688 1.337 15.5083 25.6428 1.45947
79 1.33796 15.5172 25.6483 1.45921
79.0312 1.33887 15.5259 25.6541 1.45897
79.0625 1.33979 15.5347 25.6598 1.45871
79.0938 1.34077 15.5435 25.665 1.45845
79.125 1.34179 15.5524 25.6699 1.45817
79.1562 1.34272 15.561 25.6752 1.45792
79.1875 1.34366 15.5697 25.6804 1.45766
79.2188 1.34462 15.5782 25.6854 1.4574
79.25 1.34561 15.5868 25.6902 1.45714
79.2812 1.34661 15.5955 25.6949 1.45687
79.3125 1.3475 15.6039 25.7002 1.45662
79.3438 1.3484 15.6122 25.7053 1.45638
79.375 1.34951 15.6209 25.709 1.45608
79.4062 1.35062 15.6295 25.7127 1.45578
79.4375 1.35154 15.6378 25.7176 1.45553
79.4688 1.35256 15.6463 25.7218 1.45526
79.5 1.35371 15.6549 25.7251 1.45495
79.5312 1.35476 15.6633 25.7288 1.45467
79.5625 1.35582 15.6717 25.7325 1.45438
79.5938 1.35697 15.6801 25.7355 1.45408
79.625 1.35798 15.6884 25.7396 1.45381
79.6562 1.35906 15.6968 25.743 1.45352
79.6875 1.36009 15.7049 25.7466 1.45324
79.7188 1.36113 15.7132 25.7503 1.45296
79.75 1.36218 15.7214 25.7538 1.45268
79.7812 1.36321 15.7295 25.7573 1.45241
79.8125 1.36429 15.7377 25.7606 1.45212
79.8438 1.36536 15.746 25.764 1.45184
79.875 1.36642 15.754 25.7672 1.45156
79.9062 1.36759 15.7624 25.7698 1.45124
79.9375 1.36867 15.7704 25.7728 1.45096
79.9688 1.36972 15.7784 25.776 1.45068
80 1.37073 15.7863 25.7793 1.45041
80.0312 1.37175 15.7942 25.7827 1.45014
80.0625 1.37273 15.8021 25.7864 1.44988
80.0938 1.37381 15.8101 25.7894 1.4496
80.125 1.37494 15.8182 25.7919 1.4493
80.1562 1.37601 15.8263 25.795 1.44902
80.1875 1.37702 15.8341 25.7984 1.44875
80.2188 1.37804 15.8419 25.8015 1.44849
80.25 1.37911 15.8498 25.8043 1.4482
80.2812 1.38013 15.8576 25.8075 1.44794
80.3125 1.38118 15.8655 25.8105 1.44766
80.3438 1.38231 15.8735 25.8129 1.44736
80.375 1.3833 15.8811 25.816 1.44711
80.4062 1.38433 15.8889 25.8191 1.44684
80.4375 1.38538 15.8967 25.822 1.44656
80.4688 1.38643 15.9045 25.8249 1.44629
80.5 1.38754 15.9123 25.8273 1.446
80.5312 1.3886 15.9201 25.83 1.44572
80.5625 1.38971 15.9279 25.8325 1.44544
80.5938 1.39069 15.9355 25.8357 1.44518
80.625 1.3917 15.9433 25.8387 1.44492
80.6562 1.39276 15.9509 25.8414 1.44464
80.6875 1.39357 15.9583 25.8458 1.44443
80.7188 1.39456 15.9659 25.849 1.44418
80.75 1.39544 15.9734 25.8529 1.44395
80.7812 1.39637 15.9808 25.8563 1.44371
80.8125 1.39727 15.9883 25.86 1.44347
80.8438 1.3981 15.9956 25.8642 1.44326
80.875 1.39904 16.0031 25.8677 1.44302
80.9062 1.39991 16.0103 25.8713 1.4428
80.9375 1.40081 16.0177 25.875 1.44256
80.9688 1.40162 16.025 25.8792 1.44235
81 1.40247 16.0323 25.8831 1.44213
81.0312 1.40334 16.0396 25.887 1.44191
81.0625 1.40414 16.0468 25.8912 1.44171
81.0938 1.40499 16.0542 25.8952 1.44149
81.125 1.40586 16.0615 25.899 1.44127
81.1562 1.40665 16.0686 25.9032 1.44106
81.1875 1.40745 16.0758 25.9075 1.44086
81.2188 1.40818 16.0829 25.9122 1.44067
81.25 1.40888 16.09 25.9172 1.44049
81.2812 1.40967 16.0971 25.9213 1.44029
81.3125 1.41045 16.1043 25.9257 1.44009
81.3438 1.41126 16.1115 25.9298 1.43988
81.375 1.41208 16.1187 25.934 1.43968
81.4062 1.41274 16.1256 25.939 1.43951
81.4375 1.41356 16.1327 25.9429 1.4393
81.4688 1.41429 16.1397 25.9475 1.43911
81.5 1.41507 16.1469 25.9518 1.43891
81.5312 1.41576 16.1539 25.9567 1.43874
81.5625 1.41647 16.1609 25.9614 1.43856
81.5938 1.41712 16.1678 25.9666 1.43839
81.625 1.41785 16.1748 25.9711 1.43821
81.6562 1.41863 16.1818 25.9752 1.43801
81.6875 1.41929 16.1887 25.9804 1.43784
81.7188 1.41985 16.1955 25.9861 1.4377
81.75 1.42056 16.2025 25.9909 1.43752
81.7812 1.42119 16.2094 25.9961 1.43736
81.8125 1.42184 16.2162 26.001 1.4372
81.8438 1.42244 16.223 26.0065 1.43705
81.875 1.42313 16.2298 26.0112 1.43687
81.9062 1.42372 16.2365 26.0165 1.43672
81.9375 1.42441 16.2434 26.0212 1.43655
81.9688 1.42506 16.2502 26.0261 1.43639
82 1.42561 16.2567 26.0315 1.43625
82.0312 1.4263 16.2634 26.0361 1.43608
82.0625 1.42698 16.2701 26.0405 1.4359
82.0938 1.42761 16.2767 26.0454 1.43574
82.125 1.42823 16.2833 26.0503 1.43559
82.1562 1.42889 16.29 26.0549 1.43542
82.1875 1.42955 16.2966 26.0594 1.43526
82.2188 1.43013 16.303 26.0645 1.43511
82.25 1.43081 16.3096 26.0687 1.43494
82.2812 1.43151 16.3162 26.073 1.43477
82.3125 1.43228 16.323 26.0768 1.43457
82.3438 1.43283 16.3293 26.0819 1.43444
82.375 1.43355 16.3359 26.0858 1.43426
82.4062 1.43418 16.3422 26.0902 1.4341
82.4375 1.43488 16.3486 26.0939 1.43392
82.4688 1.4355 16.3549 26.0984 1.43377
82.5 1.43611 16.3611 26.1028 1.43362
82.5312 1.43673 16.3673 26.1071 1.43346
82.5625 1.43729 16.3735 26.1119 1.43332
82.5938 1.43792 16.3798 26.1162 1.43316
82.625 1.43856 16.386 26.1203 1.43301
82.6562 1.43919 16.3922 26.1245 1.43285
82.6875 1.43988 16.3986 26.1283 1.43268
82.7188 1.4406 16.4049 26.1318 1.4325
82.75 1.44124 16.411 26.1357 1.43234
82.7812 1.44195 16.4172 26.1392 1.43216
82.8125 1.4426 16.4232 26.1429 1.432
82.8438 1.44338 16.4295 26.1457 1.43181
82.875 1.44415 16.4356 26.1486 1.43162
82.9062 1.44484 16.4416 26.1519 1.43144
82.9375 1.44566 16.448 26.1545 1.43124
82.9688 1.44639 16.4541 26.1576 1.43106
83 1.44706 16.4601 26.1612 1.4309
83.0312 1.44791 16.4664 26.1635 1.43068
83.0625 1.44872 16.4725 26.1658 1.43048
83.0938 1.44954 16.4786 26.1682 1.43028
83.125 1.45032 16.4847 26.1708 1.43009
83.1562 1.45117 16.4907 26.1726 1.42988
83.1875 1.45191 16.4966 26.1754 1.4297
83.2188 1.45273 16.5026 26.1775 1.4295
83.25 1.45348 16.5084 26.18 1.42931
83.2812 1.45431 16.5143 26.1818 1.42911
83.3125 1.45512 16.5203 26.1839 1.42891
83.3438 1.45591 16.5261 26.1861 1.42872
83.375 1.45673 16.5321 26.1882 1.42851
83.4062 1.45757 16.538 26.19 1.42831
83.4375 1.45845 16.5439 26.1914 1.42809
83.4688 1.45924 16.5496 26.1934 1.4279
83.5 1.46012 16.5554 26.1947 1.42768
83.5312 1.46094 16.5612 26.1965 1.42749
83.5625 1.46188 16.5672 26.1977 1.42726
83.5938 1.46281 16.5731 26.1986 1.42703
83.625 1.46368 16.5789 26.1999 1.42682
83.6562 1.46455 16.5846 26.2012 1.4266
83.6875 1.46543 16.5903 26.2023 1.42639
83.7188 1.46629 16.596 26.2037 1.42618
83.75 1.46723 16.6019 26.2045 1.42595
83.7812 1.46805 16.6075 26.2061 1.42575
83.8125 1.46891 16.6132 26.2074 1.42554
83.8438 1.46974 16.6187 26.2088 1.42534
83.875 1.4707 16.6245 26.2092 1.42511
83.9062 1.47165 16.6302 26.2098 1.42488
83.9375 1.47247 16.6356 26.2111 1.42468
83.9688 1.47329 16.641 26.2122 1.42448
84 1.47412 16.6465 26.2135 1.42428
84.0312 1.47501 16.6521 26.2144 1.42407
84.0625 1.47584 16.6576 26.2157 1.42387
84.0938 1.47677 16.6632 26.2162 1.42364
84.125 1.47766 16.6687 26.217 1.42343
84.1562 1.47855 16.6742 26.2177 1.42322
84.1875 1.47946 16.6796 26.2182 1.423
84.2188 1.48036 16.6851 26.2188 1.42278
84.25 1.48129 16.6906 26.2192 1.42256
84.2812 1.48216 16.696 26.2201 1.42235
84.3125 1.48305 16.7014 26.2206 1.42213
84.3438 1.484 16.7068 26.2206 1.42191
84.375 1.48483 16.712 26.2215 1.42171
84.4062 1.48575 16.7173 26.2217 1.42149
84.4375 1.48673 16.7227 26.2216 1.42125
84.4688 1.4877 16.7282 26.2216 1.42102
84.5 1.48865 16.7335 26.2215 1.4208
84.5312 1.48962 16.7389 26.2215 1.42056
84.5625 1.49057 16.7443 26.2215 1.42034
84.5938 1.49152 16.7496 26.2215 1.42011
84.625 1.49251 16.7549 26.2212 1.41988
84.6562 1.49354 16.7603 26.2206 1.41963
84.6875 1.4945 16.7654 26.22 1.4194
84.7188 1.49552 16.7707 26.2194 1.41916
84.75 1.49655 16.7761 26.2189 1.41892
84.7812 1.49751 16.7812 26.2184 1.41869
84.8125 1.49853 16.7863 26.2174 1.41845
84.8438 1.49958 16.7916 26.2165 1.4182
84.875 1.50068 16.7969 26.2151 1.41794
84.9062 1.50188 16.8023 26.2132 1.41766
84.9375 1.50291 16.8075 26.2122 1.41741
84.9688 1.50394 16.8127 26.2114 1.41717
85 1.50512 16.818 26.2094 1.41689
85.0312 1.50617 16.8231 26.2081 1.41665
85.0625 1.50724 16.8281 26.2067 1.41639
85.0938 1.50836 16.8333 26.2051 1.41613
85.125 1.50937 16.8384 26.2041 1.41589
85.1562 1.51046 16.8435 26.2026 1.41564
85.1875 1.51158 16.8485 26.2008 1.41538
85.2188 1.51262 16.8535 26.1995 1.41513
85.25 1.51379 16.8587 26.1974 1.41486
85.2812 1.5149 16.8637 26.1956 1.4146
85.3125 1.51605 16.8687 26.1934 1.41433
85.3438 1.51723 16.8737 26.1909 1.41406
85.375 1.51836 16.8786 26.1888 1.41379
85.4062 1.5195 16.8836 26.1868 1.41353
85.4375 1.52078 16.8887 26.1837 1.41323
85.4688 1.52186 16.8934 26.1817 1.41298
85.5 1.52304 16.8984 26.1793 1.4127
85.5312 1.52424 16.9033 26.1767 1.41243
85.5625 1.52536 16.9082 26.1745 1.41217
85.5938 1.52659 16.9132 26.1717 1.41188
85.625 1.52775 16.9181 26.1693 1.41162
85.6562 1.52884 16.9227 26.1671 1.41137
85.6875 1.53012 16.9277 26.1639 1.41107
85.7188 1.53123 16.9324 26.1618 1.41081
85.75 1.53243 16.9373 26.1591 1.41054
85.7812 1.5336 16.9421 26.1565 1.41027
85.8125 1.53487 16.947 26.1532 1.40998
85.8438 1.53601 16.9518 26.1509 1.40971
85.875 1.53736 16.9569 26.1473 1.40941
85.9062 1.53845 16.9616 26.1452 1.40915
85.9375 1.53967 16.9663 26.1421 1.40888
85.9688 1.54083 16.9709 26.1395 1.40861
86 1.54192 16.9755 26.1372 1.40836
86.0312 1.54315 16.9803 26.1342 1.40808
86.0625 1.54439 16.985 26.131 1.4078
86.0938 1.54559 16.9897 26.128 1.40752
86.125 1.54687 16.9945 26.1246 1.40723
86.1562 1.54797 16.999 26.1222 1.40698
86.1875 1.54906 17.0035 26.1198 1.40673
86.2188 1.55025 17.0081 26.117 1.40646
86.25 1.55155 17.0129 26.1134 1.40617
86.2812 1.55271 17.0174 26.1105 1.40591
86.3125 1.55394 17.0219 26.1071 1.40563
86.3438 1.55528 17.0266 26.1031 1.40533
86.375 1.55652 17.0313 26.0999 1.40505
86.4062 1.55772 17.036 26.097 1.40478
86.4375 1.55884 17.0403 26.0943 1.40452
86.4688 1.55999 17.0449 26.0916 1.40426
86.5 1.56127 17.0496 26.0881 1.40398
86.5312 1.56241 17.0541 26.0856 1.40372
86.5625 1.56356 17.0585 26.0826 1.40346
86.5938 1.56486 17.0631 26.0788 1.40317
86.625 1.56599 17.0675 26.0762 1.40292
86.6562 1.56713 17.0719 26.0735 1.40266
86.6875 1.56829 17.0764 26.0706 1.4024
86.7188 1.5694 17.0808 26.0681 1.40216
86.75 1.5705 17.0851 26.0656 1.40191
86.7812 1.57167 17.0895 26.0626 1.40165
86.8125 1.57275 17.0938 26.0602 1.40141
86.8438 1.57388 17.0981 26.0574 1.40116
86.875 1.57505 17.1025 26.0544 1.4009
86.9062 1.57621 17.1069 26.0515 1.40064
86.9375 1.57737 17.1113 26.0486 1.40038
86.9688 1.57848 17.1156 26.0459 1.40014
87 1.5796 17.1199 26.0433 1.39989
87.0312 1.5808 17.1242 26.0399 1.39962
87.0625 1.58187 17.1284 26.0375 1.39938
87.0938 1.58297 17.1326 26.0348 1.39914
87.125 1.58405 17.1368 26.0324 1.3989
87.1562 1.58506 17.1409 26.0302 1.39868
87.1875 1.58613 17.1451 26.0279 1.39844
87.2188 1.58721 17.1492 26.0252 1.3982
87.25 1.5883 17.1535 26.0229 1.39797
87.2812 1.58939 17.1577 26.0203 1.39773
87.3125 1.59045 17.162 26.0181 1.39749
87.3438 1.59149 17.1661 26.0158 1.39726
87.375 1.59255 17.1703 26.0135 1.39703
87.4062 1.59367 17.1745 26.0108 1.39679
87.4375 1.5948 17.1788 26.008 1.39654
87.4688 1.59587 17.1829 26.0055 1.39631
87.5 1.59686 17.1868 26.0033 1.39609
87.5312 1.59788 17.1908 26.0012 1.39586
87.5625 1.59883 17.1949 25.9995 1.39566
87.5938 1.59981 17.1989 25.9977 1.39544
87.625 1.60073 17.2027 25.996 1.39524
87.6562 1.60174 17.2068 25.994 1.39502
87.6875 1.60275 17.2109 25.9919 1.3948
87.7188 1.60379 17.215 25.9897 1.39458
87.75 1.6047 17.2189 25.9882 1.39438
87.7812 1.60568 17.2229 25.9863 1.39417
87.8125 1.60658 17.2267 25.9847 1.39397
87.8438 1.60752 17.2306 25.983 1.39377
87.875 1.60847 17.2344 25.9812 1.39356
87.9062 1.60939 17.2384 25.9797 1.39336
87.9375 1.61029 17.2422 25.9781 1.39317
87.9688 1.61131 17.2462 25.9759 1.39295
88 1.61219 17.2499 25.9745 1.39276
88.0312 1.61321 17.2538 25.9721 1.39254
88.0625 1.61413 17.2577 25.9706 1.39234
88.0938 1.61505 17.2614 25.9689 1.39214
88.125 1.61593 17.2653 25.9675 1.39195
88.1562 1.61685 17.2691 25.9658 1.39175
88.1875 1.61782 17.273 25.9639 1.39154
88.2188 1.61867 17.2766 25.9625 1.39136
88.25 1.61965 17.2804 25.9604 1.39115
88.2812 1.62053 17.2842 25.959 1.39096
88.3125 1.62143 17.2879 25.9574 1.39077
88.3438 1.62233 17.2916 25.9558 1.39058
88.375 1.6233 17.2956 25.9539 1.39037
88.4062 1.6242 17.2993 25.9523 1.39018
88.4375 1.62511 17.303 25.9506 1.38998
88.4688 1.62596 17.3065 25.9491 1.3898
88.5 1.6268 17.31 25.9477 1.38962
88.5312 1.62763 17.3135 25.9463 1.38944
88.5625 1.62848 17.3171 25.9449 1.38926
88.5938 1.62933 17.3206 25.9434 1.38908
88.625 1.63019 17.3241 25.9418 1.3889
88.6562 1.63112 17.3277 25.9398 1.3887
88.6875 1.63209 17.3315 25.9378 1.38849
88.7188 1.633 17.3351 25.936 1.3883
88.75 1.63389 17.3387 25.9342 1.38811
88.7812 1.63475 17.3422 25.9326 1.38793
88.8125 1.63561 17.3457 25.931 1.38774
88.8438 1.63653 17.3492 25.9289 1.38755
88.875 1.6373 17.3524 25.9278 1.38739
88.9062 1.63822 17.3561 25.9259 1.38719
88.9375 1.63897 17.3593 25.9248 1.38703
88.9688 1.63983 17.3627 25.923 1.38685
89 1.64056 17.3659 25.922 1.3867
89.0312 1.64143 17.3692 25.9201 1.38651
89.0625 1.64225 17.3725 25.9186 1.38634
89.0938 1.64305 17.3758 25.9171 1.38617
89.125 1.64392 17.3791 25.9152 1.38599
89.1562 1.64465 17.3822 25.9141 1.38583
89.1875 1.6454 17.3853 25.9128 1.38568
89.2188 1.64623 17.3886 25.9112 1.3855
89.25 1.64689 17.3916 25.9105 1.38536
89.2812 1.64766 17.3949 25.9093 1.3852
89.3125 1.64841 17.3981 25.9082 1.38504
89.3438 1.64919 17.4012 25.9067 1.38488
89.375 1.6499 17.4043 25.9057 1.38473
89.4062 1.6508 17.4077 25.9037 1.38454
89.4375 1.65156 17.4108 25.9024 1.38438
89.4688 1.65245 17.4142 25.9004 1.3842
89.5 1.65323 17.4172 25.8988 1.38403
89.5312 1.65411 17.4205 25.8967 1.38385
89.5625 1.65489 17.4236 25.8953 1.38368
89.5938 1.65566 17.4265 25.8936 1.38352
89.625 1.65634 17.4295 25.8927 1.38338
89.6562 1.65702 17.4323 25.8916 1.38324
89.6875 1.65783 17.4354 25.8899 1.38307
89.7188 1.65866 17.4384 25.8879 1.3829
89.75 1.65941 17.4413 25.8863 1.38274
89.7812 1.66026 17.4444 25.8843 1.38256
89.8125 1.66102 17.4475 25.883 1.38241
89.8438 1.66188 17.4506 25.8809 1.38223
89.875 1.66261 17.4535 25.8795 1.38208
89.9062 1.66348 17.4566 25.8773 1.3819
89.9375 1.66432 17.4597 25.8754 1.38172
89.9688 1.66521 17.4629 25.8731 1.38154
90 1.66598 17.4659 25.8716 1.38138
90.0312 1.66683 17.4689 25.8695 1.3812
90.0625 1.66756 17.4717 25.868 1.38105
90.0938 1.66836 17.4748 25.8664 1.38088
90.125 1.66918 17.4778 25.8645 1.38071
90.1562 1.67007 17.4808 25.862 1.38053
90.1875 1.67077 17.4836 25.8608 1.38039
90.2188 1.67154 17.4864 25.8589 1.38023
90.25 1.67232 17.4893 25.8571 1.38007
90.2812 1.67312 17.4921 25.8551 1.3799
90.3125 1.67388 17.495 25.8535 1.37974
90.3438 1.67478 17.4979 25.8509 1.37956
90.375 1.67548 17.5005 25.8493 1.37941
90.4062 1.67627 17.5033 25.8474 1.37925
90.4375 1.677 17.506 25.8457 1.3791
90.4688 1.67787 17.5088 25.8431 1.37892
90.5 1.67861 17.5114 25.8413 1.37877
90.5312 1.67939 17.5142 25.8394 1.37861
90.5625 1.68021 17.5169 25.8372 1.37844
90.5938 1.6809 17.5195 25.8356 1.3783
90.625 1.68177 17.5223 25.8331 1.37812
90.6562 1.68255 17.525 25.831 1.37796
90.6875 1.68326 17.5276 25.8295 1.37782
90.7188 1.68409 17.5302 25.8269 1.37765
90.75 1.68485 17.5328 25.8249 1.37749
90.7812 1.68566 17.5355 25.8226 1.37733
90.8125 1.68643 17.5381 25.8205 1.37717
90.8438 1.68724 17.5408 25.8183 1.377
90.875 1.68809 17.5435 25.8158 1.37683
90.9062 1.68895 17.5461 25.813 1.37666
90.9375 1.68982 17.5489 25.8106 1.37648
90.9688 1.69051 17.5512 25.8087 1.37634
91 1.69137 17.554 25.8062 1.37616
91.0312 1.69216 17.5565 25.8039 1.376
91.0625 1.69286 17.5588 25.802 1.37586
91.0938 1.69374 17.5614 25.799 1.37568
91.125 1.69455 17.5637 25.7963 1.37552
91.1562 1.69555 17.5664 25.7927 1.37531
91.1875 1.69631 17.5688 25.7903 1.37516
91.2188 1.69716 17.5713 25.7875 1.37499
91.25 1.69801 17.5738 25.7848 1.37482
91.2812 1.69895 17.5764 25.7815 1.37463
91.3125 1.69971 17.5788 25.7792 1.37447
91.3438 1.7006 17.5814 25.7763 1.37429
91.375 1.70131 17.5836 25.7741 1.37415
91.4062 1.70223 17.5862 25.7709 1.37396
91.4375 1.70301 17.5885 25.7684 1.37381
91.4688 1.70399 17.591 25.7647 1.37361
91.5 1.7048 17.5933 25.762 1.37345
91.5312 1.70575 17.5959 25.7585 1.37325
91.5625 1.70668 17.5984 25.7551 1.37307
91.5938 1.70751 17.6008 25.7524 1.3729
91.625 1.70843 17.6032 25.749 1.37271
91.6562 1.70937 17.6057 25.7456 1.37253
91.6875 1.71026 17.6081 25.7424 1.37235
91.7188 1.71133 17.6108 25.7384 1.37213
91.75 1.71219 17.6132 25.7353 1.37196
91.7812 1.71308 17.6156 25.7322 1.37178
91.8125 1.71394 17.6181 25.7293 1.37161
91.8438 1.71488 17.6205 25.7258 1.37142
91.875 1.71561 17.6226 25.7234 1.37128
91.9062 1.71654 17.625 25.72 1.37109
91.9375 1.71747 17.6274 25.7165 1.3709
91.9688 1.71831 17.6298 25.7137 1.37074
92 1.71925 17.6323 25.7103 1.37055
92.0312 1.72026 17.6349 25.7065 1.37035
92.0625 1.72122 17.6374 25.703 1.37016
92.0938 1.72215 17.6398 25.6996 1.36997
92.125 1.72309 17.6423 25.6962 1.36979
92.1562 1.72389 17.6444 25.6934 1.36963
92.1875 1.72493 17.647 25.6893 1.36942
92.2188 1.7258 17.6492 25.6861 1.36925
92.25 1.72657 17.6515 25.6836 1.3691
92.2812 1.72749 17.6538 25.6802 1.36891
92.3125 1.72841 17.6561 25.6767 1.36873
92.3438 1.72922 17.6583 25.6739 1.36857
92.375 1.73009 17.6606 25.6708 1.3684
92.4062 1.7309 17.6629 25.6681 1.36824
92.4375 1.73169 17.6651 25.6654 1.36808
92.4688 1.73252 17.6674 25.6626 1.36792
92.5 1.73338 17.6697 25.6596 1.36775
92.5312 1.73424 17.6721 25.6566 1.36758
92.5625 1.7351 17.6744 25.6538 1.36741
92.5938 1.73591 17.6767 25.6512 1.36725
92.625 1.7367 17.679 25.6485 1.36709
92.6562 1.73749 17.6812 25.646 1.36694
92.6875 1.73824 17.6835 25.6437 1.36679
92.7188 1.739 17.6857 25.6414 1.36664
92.75 1.73979 17.6879 25.6388 1.36649
92.7812 1.74056 17.6903 25.6365 1.36633
92.8125 1.74123 17.6925 25.6348 1.3662
92.8438 1.74201 17.6948 25.6324 1.36605
92.875 1.7429 17.6973 25.6295 1.36588
92.9062 1.74357 17.6994 25.6276 1.36575
92.9375 1.74436 17.7018 25.6253 1.36559
92.9688 1.74515 17.7044 25.6232 1.36544
93 1.74578 17.7066 25.6217 1.36531
93.0312 1.74635 17.7087 25.6205 1.3652
93.0625 1.74695 17.7109 25.6193 1.36508
93.0938 1.74758 17.7131 25.618 1.36496
93.125 1.74824 17.7154 25.6164 1.36483
93.1562 1.74877 17.7175 25.6156 1.36473
93.1875 1.74922 17.7195 25.6151 1.36464
93.2188 1.74983 17.7216 25.6138 1.36452
93.25 1.75042 17.7239 25.6127 1.36441
93.2812 1.75083 17.7258 25.6125 1.36433
93.3125 1.75136 17.7279 25.6117 1.36422
93.3438 1.75172 17.7299 25.6118 1.36415
93.375 1.7522 17.732 25.6114 1.36406
93.4062 1.75271 17.7343 25.611 1.36396
93.4375 1.75325 17.7366 25.6104 1.36386
93.4688 1.75369 17.7387 25.6102 1.36377
93.5 1.75404 17.7407 25.6105 1.3637
93.5312 1.75437 17.7427 25.611 1.36364
93.5625 1.75477 17.7449 25.6112 1.36356
93.5938 1.7551 17.7469 25.6118 1.3635
93.625 1.75549 17.749 25.612 1.36342
93.6562 1.75582 17.7512 25.6127 1.36336
93.6875 1.75613 17.7532 25.6134 1.3633
93.7188 1.75645 17.7553 25.614 1.36323
93.75 1.75668 17.7572 25.6151 1.36319
93.7812 1.75696 17.7593 25.616 1.36314
93.8125 1.75722 17.7614 25.6171 1.36308
93.8438 1.75744 17.7634 25.6185 1.36304
93.875 1.75767 17.7653 25.6197 1.363
93.9062 1.75787 17.7674 25.6211 1.36296
93.9375 1.758 17.7693 25.623 1.36293
93.9688 1.75823 17.7714 25.6242 1.36289
94 1.75836 17.7734 25.6262 1.36286
94.0312 1.75856 17.7754 25.6277 1.36283
94.0625 1.75864 17.7774 25.6299 1.36281
94.0938 1.75861 17.7791 25.6326 1.36282
94.125 1.75871 17.7811 25.6348 1.3628
94.1562 1.75877 17.7829 25.637 1.36279
94.1875 1.75891 17.7851 25.639 1.36276
94.2188 1.75886 17.7869 25.642 1.36277
94.25 1.75891 17.7887 25.6443 1.36276
94.2812 1.75893 17.7907 25.647 1.36275
94.3125 1.75895 17.7926 25.6496 1.36275
94.3438 1.75885 17.7944 25.6529 1.36277
94.375 1.75874 17.7961 25.6561 1.36279
94.4062 1.75878 17.798 25.6586 1.36278
94.4375 1.75871 17.7999 25.6619 1.3628
94.4688 1.75863 17.8017 25.665 1.36281
94.5 1.75853 17.8035 25.6683 1.36283
94.5312 1.75854 17.8054 25.671 1.36283
94.5625 1.75843 17.8071 25.6742 1.36285
94.5938 1.75829 17.8088 25.6778 1.36288
94.625 1.75825 17.8106 25.6807 1.36288
94.6562 1.75814 17.8124 25.6841 1.36291
94.6875 1.758 17.8142 25.6877 1.36293
94.7188 1.7579 17.8159 25.6909 1.36295
94.75 1.75774 17.8177 25.6946 1.36298
94.7812 1.75761 17.8193 25.6979 1.36301
94.8125 1.75743 17.821 25.7017 1.36305
94.8438 1.75727 17.8227 25.7053 1.36308
94.875 1.75705 17.8242 25.7091 1.36312
94.9062 1.75689 17.826 25.7128 1.36315
94.9375 1.75661 17.8275 25.7171 1.3632
94.9688 1.75644 17.8292 25.7208 1.36324
95 1.75622 17.8308 25.7246 1.36328
95.0312 1.75598 17.8323 25.7286 1.36333
95.0625 1.75585 17.834 25.732 1.36335
95.0938 1.75561 17.8357 25.7361 1.3634
95.125 1.75539 17.8372 25.74 1.36344
95.1562 1.75527 17.8389 25.7433 1.36346
95.1875 1.75516 17.8407 25.7467 1.36348
95.2188 1.755 17.8423 25.7502 1.36352
95.25 1.75483 17.8439 25.7537 1.36355
95.2812 1.75464 17.8455 25.7573 1.36359
95.3125 1.75443 17.847 25.7611 1.36363
95.3438 1.75401 17.848 25.7657 1.36371
95.375 1.75379 17.8494 25.7694 1.36375
95.4062 1.75356 17.8509 25.7731 1.3638
95.4375 1.7534 17.8525 25.7766 1.36383
95.4688 1.75323 17.8539 25.78 1.36386
95.5 1.75298 17.8554 25.7839 1.36391
95.5312 1.75278 17.8567 25.7872 1.36395
95.5625 1.75264 17.8581 25.7904 1.36398
95.5938 1.75253 17.8597 25.7934 1.364
95.625 1.75241 17.8611 25.7964 1.36402
95.6562 1.75217 17.8624 25.8 1.36407
95.6875 1.7521 17.8638 25.8025 1.36408
95.7188 1.75201 17.8653 25.8054 1.3641
95.75 1.75193 17.8668 25.8081 1.36411
95.7812 1.75164 17.8679 25.8119 1.36417
95.8125 1.75152 17.8692 25.8146 1.36419
95.8438 1.7514 17.8706 25.8174 1.36422
95.875 1.75121 17.8717 25.8206 1.36425
95.9062 1.75101 17.8728 25.8236 1.36429
95.9375 1.75086 17.874 25.8264 1.36432
95.9688 1.75076 17.8753 25.8289 1.36434
96 1.75073 17.8765 25.831 1.36435
96.0312 1.75069 17.8778 25.8332 1.36435
96.0625 1.75067 17.8792 25.8353 1.36436
96.0938 1.75065 17.8806 25.8374 1.36436
96.125 1.75056 17.8818 25.8398 1.36438
96.1562 1.75054 17.8831 25.8419 1.36438
96.1875 1.75051 17.8844 25.844 1.36439
96.2188 1.75053 17.8857 25.8458 1.36439
96.25 1.75051 17.887 25.8478 1.36439
96.2812 1.75049 17.8883 25.8497 1.36439
96.3125 1.75046 17.8895 25.8518 1.3644
96.3438 1.75044 17.8909 25.8539 1.3644
96.375 1.75043 17.8921 25.8558 1.3644
96.4062 1.75034 17.8933 25.8581 1.36442
96.4375 1.75034 17.8947 25.8601 1.36442
96.4688 1.75031 17.8959 25.862 1.36443
96.5 1.7503 17.8972 25.864 1.36443
96.5312 1.75015 17.8982 25.8666 1.36446
96.5625 1.75011 17.8994 25.8686 1.36447
96.5938 1.74998 17.9005 25.8712 1.36449
96.625 1.74984 17.9017 25.874 1.36452
96.6562 1.74968 17.9027 25.8765 1.36455
96.6875 1.74968 17.904 25.8785 1.36455
96.7188 1.7495 17.9051 25.8814 1.36459
96.75 1.74952 17.9063 25.883 1.36458
96.7812 1.74946 17.9075 25.8853 1.3646
96.8125 1.74947 17.9088 25.887 1.36459
96.8438 1.74924 17.9097 25.89 1.36464
96.875 1.74919 17.911 25.8922 1.36465
96.9062 1.74908 17.9122 25.8947 1.36467
96.9375 1.74902 17.9134 25.897 1.36468
96.9688 1.74914 17.9149 25.8982 1.36466
97 1.74912 17.9162 25.9003 1.36466
97.0312 1.74906 17.9175 25.9026 1.36467
97.0625 1.74911 17.9188 25.9042 1.36466
97.0938 1.74908 17.92 25.9061 1.36467
97.125 1.74885 17.921 25.9092 1.36471
97.1562 1.74887 17.9223 25.9109 1.36471
97.1875 1.74886 17.9235 25.9128 1.36471
97.2188 1.74884 17.9248 25.9148 1.36472
97.25 1.74866 17.9259 25.9177 1.36475
97.2812 1.7487 17.9274 25.9195 1.36474
97.3125 1.74856 17.9286 25.9223 1.36477
97.3438 1.74859 17.9298 25.9238 1.36476
97.375 1.74843 17.9308 25.9265 1.3648
97.4062 1.74837 17.932 25.9287 1.36481
97.4375 1.74836 17.9333 25.9306 1.36481
97.4688 1.74833 17.9346 25.9327 1.36481
97.5 1.7483 17.9358 25.9346 1.36482
97.5312 1.74829 17.937 25.9366 1.36482
97.5625 1.74823 17.9383 25.9388 1.36483
97.5938 1.74819 17.9394 25.9408 1.36484
97.625 1.74825 17.9407 25.9421 1.36483
97.6562 1.7481 17.9417 25.9447 1.36486
97.6875 1.74817 17.943 25.946 1.36485
97.7188 1.74819 17.9442 25.9477 1.36484
97.75 1.74825 17.9455 25.9491 1.36483
97.7812 1.7483 17.9468 25.9506 1.36482
97.8125 1.7484 17.9481 25.9517 1.3648
97.8438 1.74847 17.9493 25.953 1.36479
97.875 1.74841 17.9503 25.9548 1.3648
97.9062 1.74853 17.9515 25.9557 1.36478
97.9375 1.74864 17.9528 25.9568 1.36475
97.9688 1.74859 17.9538 25.9585 1.36476
98 1.74877 17.955 25.959 1.36473
98.0312 1.74875 17.9561 25.9607 1.36473
98.0625 1.74885 17.9573 25.9617 1.36471
98.0938 1.74898 17.9585 25.9625 1.36469
98.125 1.74898 17.9595 25.964 1.36469
98.1562 1.74915 17.9608 25.9645 1.36465
98.1875 1.74943 17.9622 25.9644 1.3646
98.2188 1.74968 17.9635 25.9645 1.36455
98.25 1.74986 17.9647 25.9649 1.36452
98.2812 1.75016 17.966 25.9645 1.36446
98.3125 1.75038 17.9672 25.9646 1.36441
98.3438 1.75061 17.9684 25.9647 1.36437
98.375 1.75105 17.9699 25.9635 1.36428
98.4062 1.75138 17.9711 25.9628 1.36422
98.4375 1.75166 17.9722 25.9624 1.36417
98.4688 1.75201 17.9735 25.9617 1.3641
98.5 1.75232 17.9747 25.9611 1.36404
98.5312 1.75264 17.9759 25.9605 1.36397
98.5625 1.753 17.9771 25.9596 1.3639
98.5938 1.75324 17.9782 25.9593 1.36386
98.625 1.75361 17.9793 25.9582 1.36379
98.6562 1.75396 17.9805 25.9573 1.36372
98.6875 1.75436 17.9817 25.9561 1.36364
98.7188 1.75482 17.983 25.9546 1.36355
98.75 1.75525 17.9843 25.9533 1.36347
98.7812 1.75562 17.9855 25.9523 1.3634
98.8125 1.75596 17.9866 25.9513 1.36333
98.8438 1.75646 17.9879 25.9496 1.36323
98.875 1.75696 17.9893 25.9478 1.36314
98.9062 1.7575 17.9906 25.9457 1.36303
98.9375 1.75796 17.9918 25.944 1.36294
98.9688 1.7585 17.9931 25.942 1.36284
99 1.75901 17.9944 25.9401 1.36274
99.0312 1.75957 17.9956 25.9377 1.36263
99.0625 1.76012 17.997 25.9356 1.36252
99.0938 1.76073 17.9983 25.933 1.36241
99.125 1.76119 17.9994 25.9312 1.36232
99.1562 1.76179 18.0007 25.9287 1.3622
99.1875 1.76235 18.002 25.9264 1.36209
99.2188 1.76287 18.0031 25.9242 1.36199
99.25 1.76333 18.0041 25.9223 1.3619
99.2812 1.76377 18.0052 25.9206 1.36182
99.3125 1.7644 18.0065 25.9178 1.3617
99.3438 1.76507 18.0079 25.915 1.36157
99.375 1.76565 18.0092 25.9125 1.36145
99.4062 1.76633 18.0105 25.9094 1.36132
99.4375 1.76693 18.0118 25.9068 1.36121
99.4688 1.76742 18.0127 25.9046 1.36111
99.5 1.76794 18.0138 25.9024 1.36101
99.5312 1.76863 18.0151 25.8992 1.36088
99.5625 1.76928 18.0165 25.8964 1.36076
99.5938 1.76983 18.0176 25.894 1.36065
99.625 1.77042 18.0187 25.8912 1.36054
99.6562 1.77108 18.0199 25.8882 1.36041
99.6875 1.7718 18.0211 25.8847 1.36027
99.7188 1.77244 18.0225 25.8819 1.36015
99.75 1.77322 18.0238 25.8782 1.36
99.7812 1.77387 18.0251 25.8752 1.35988
99.8125 1.77449 18.0262 25.8723 1.35976
99.8438 1.77508 18.0272 25.8694 1.35964
99.875 1.77576 18.0283 25.8661 1.35951
99.9062 1.77649 18.0296 25.8626 1.35937
99.9375 1.7772 18.0307 25.8591 1.35924
99.9688 1.7779 18.0319 25.8557 1.3591
100 1.77845 18.0329 25.853 1.359
100.031 1.77914 18.034 25.8497 1.35887
100.062 1.77981 18.0351 25.8464 1.35874
100.094 1.78051 18.0364 25.8432 1.35861
100.125 1.78116 18.0374 25.8398 1.35848
100.156 1.78169 18.0383 25.8374 1.35838
100.188 1.78234 18.0394 25.8342 1.35826
100.219 1.78298 18.0405 25.8311 1.35814
100.25 1.78359 18.0414 25.828 1.35802
100.281 1.78416 18.0424 25.8254 1.35791
100.312 1.78488 18.0435 25.8217 1.35777
100.344 1.78545 18.0446 25.8191 1.35767
100.375 1.78604 18.0456 25.8163 1.35755
100.406 1.7868 18.0469 25.8127 1.35741
100.438 1.78751 18.0481 25.8093 1.35727
100.469 1.78806 18.049 25.8066 1.35717
100.5 1.78863 18.0499 25.8037 1.35706
100.531 1.7892 18.0509 25.8011 1.35695
100.562 1.78985 18.052 25.7979 1.35683
100.594 1.79042 18.0532 25.7955 1.35672
100.625 1.79107 18.0543 25.7925 1.3566
100.656 1.79168 18.0555 25.7897 1.35648
100.688 1.79227 18.0565 25.7869 1.35637
100.719 1.79275 18.0574 25.7848 1.35628
100.75 1.79336 18.0587 25.7823 1.35617
100.781 1.79385 18.0596 25.78 1.35607
100.812 1.79433 18.0605 25.7779 1.35598
100.844 1.79473 18.0613 25.7762 1.35591
100.875 1.79513 18.0622 25.7745 1.35583
100.906 1.79557 18.0632 25.7727 1.35575
100.938 1.79603 18.0641 25.7708 1.35566
100.969 1.7966 18.0652 25.7683 1.35555
101 1.79705 18.0662 25.7665 1.35547
101.031 1.79756 18.0674 25.7645 1.35537
101.062 1.79795 18.0684 25.7632 1.3553
101.094 1.7983 18.0693 25.7619 1.35523
101.125 1.79871 18.0703 25.7604 1.35516
101.156 1.79906 18.0713 25.7594 1.35509
101.188 1.79947 18.0724 25.758 1.35501
101.219 1.79979 18.0735 25.7572 1.35495
101.25 1.80011 18.0744 25.7562 1.35489
101.281 1.80046 18.0754 25.7552 1.35483
101.312 1.80066 18.0763 25.7549 1.35479
101.344 1.801 18.0774 25.7541 1.35473
101.375 1.80136 18.0785 25.7531 1.35466
101.406 1.80147 18.0793 25.7535 1.35464
101.438 1.80155 18.0799 25.7537 1.35462
101.469 1.8018 18.0808 25.7533 1.35457
101.5 1.80194 18.0817 25.7536 1.35455
101.531 1.8022 18.0828 25.7533 1.3545
101.562 1.80225 18.0836 25.7541 1.35449
101.594 1.80231 18.0845 25.7549 1.35448
101.625 1.80231 18.0851 25.7558 1.35448
101.656 1.80243 18.0861 25.7563 1.35446
101.688 1.8026 18.0871 25.7566 1.35443
101.719 1.80261 18.0878 25.7574 1.35442
101.75 1.80274 18.0888 25.7579 1.3544
101.781 1.80269 18.0894 25.7592 1.35441
101.812 1.80269 18.0901 25.7601 1.35441
101.844 1.8027 18.0909 25.7613 1.35441
101.875 1.80276 18.0918 25.7621 1.35439
101.906 1.80278 18.0926 25.7631 1.35439
101.938 1.8028 18.0935 25.7643 1.35439
101.969 1.80273 18.0943 25.7657 1.3544
102 1.80272 18.0951 25.767 1.3544
102.031 1.80269 18.0959 25.7684 1.35441
102.062 1.80261 18.0966 25.7699 1.35442
102.094 1.80253 18.0973 25.7715 1.35444
102.125 1.80241 18.0981 25.7736 1.35446
102.156 1.80245 18.0991 25.7746 1.35445
102.188 1.80241 18.0998 25.776 1.35446
102.219 1.80233 18.1006 25.7778 1.35448
102.25 1.80215 18.1013 25.7799 1.35451
102.281 1.80202 18.1021 25.782 1.35453
102.312 1.80184 18.1027 25.7842 1.35457
102.344 1.80176 18.1036 25.7861 1.35458
102.375 1.80152 18.1043 25.7887 1.35463
102.406 1.80137 18.105 25.7909 1.35466
102.438 1.80123 18.1058 25.7929 1.35468
102.469 1.80104 18.1064 25.7952 1.35472
102.5 1.8007 18.1069 25.7984 1.35478
102.531 1.8005 18.1077 25.8008 1.35482
102.562 1.80025 18.1083 25.8035 1.35487
102.594 1.80004 18.1089 25.8059 1.3549
102.625 1.79976 18.1095 25.8088 1.35496
102.656 1.79957 18.1103 25.8113 1.35499
102.688 1.79925 18.1108 25.8143 1.35505
102.719 1.79895 18.1113 25.8172 1.35511
102.75 1.79869 18.1119 25.8198 1.35516
102.781 1.7984 18.1125 25.8228 1.35521
102.812 1.79805 18.1129 25.8259 1.35528
102.844 1.79783 18.1135 25.8284 1.35532
102.875 1.79764 18.1143 25.8309 1.35536
102.906 1.79732 18.1149 25.834 1.35542
102.938 1.797 18.1154 25.8371 1.35548
102.969 1.79662 18.1159 25.8405 1.35555
103 1.79637 18.1164 25.843 1.3556
103.031 1.79606 18.1169 25.8459 1.35566
103.062 1.79569 18.1174 25.8493 1.35573
103.094 1.79522 18.1177 25.8531 1.35582
103.125 1.79494 18.1182 25.8558 1.35587
103.156 1.79459 18.1187 25.859 1.35593
103.188 1.79427 18.1191 25.8619 1.35599
103.219 1.79392 18.1195 25.8651 1.35606
103.25 1.79365 18.1202 25.868 1.35611
103.281 1.79336 18.1206 25.8707 1.35617
103.312 1.79302 18.1211 25.8738 1.35623
103.344 1.79263 18.1214 25.877 1.3563
103.375 1.79231 18.1219 25.8801 1.35636
103.406 1.79195 18.1223 25.8832 1.35643
103.438 1.79159 18.1228 25.8865 1.3565
103.469 1.79121 18.1231 25.8897 1.35657
103.5 1.79091 18.1235 25.8925 1.35663
103.531 1.79051 18.1239 25.896 1.3567
103.562 1.79013 18.1244 25.8994 1.35678
103.594 1.7898 18.1248 25.9024 1.35684
103.625 1.78937 18.1251 25.9058 1.35692
103.656 1.78896 18.1254 25.9093 1.357
103.688 1.78857 18.1258 25.9127 1.35707
103.719 1.78825 18.1262 25.9156 1.35713
103.75 1.78797 18.1268 25.9184 1.35719
103.781 1.78762 18.1272 25.9215 1.35725
103.812 1.78738 18.1277 25.9241 1.3573
103.844 1.78708 18.1282 25.9269 1.35736
103.875 1.78676 18.1286 25.9298 1.35742
103.906 1.7864 18.1289 25.9328 1.35748
103.938 1.78615 18.1295 25.9355 1.35753
103.969 1.78596 18.13 25.9376 1.35757
104 1.7856 18.1303 25.9406 1.35764
104.031 1.78532 18.1308 25.9434 1.35769
104.062 1.78502 18.1312 25.9461 1.35775
104.094 1.78475 18.1316 25.9487 1.3578
104.125 1.78437 18.1319 25.9519 1.35787
104.156 1.78413 18.1324 25.9544 1.35792
104.188 1.78386 18.133 25.9571 1.35797
104.219 1.78361 18.1334 25.9596 1.35801
104.25 1.78329 18.1337 25.9624 1.35808
104.281 1.78302 18.1341 25.9649 1.35813
104.312 1.78284 18.1346 25.9669 1.35816
104.344 1.78259 18.1349 25.9691 1.35821
104.375 1.7824 18.1353 25.9711 1.35825
104.406 1.78205 18.1355 25.974 1.35831
104.438 1.78179 18.1358 25.9763 1.35836
104.469 1.78141 18.1359 25.9792 1.35843
104.5 1.78123 18.1363 25.9811 1.35847
104.531 1.78109 18.1368 25.9828 1.35849
104.562 1.78064 18.1368 25.9861 1.35858
104.594 1.78048 18.1371 25.9877 1.35861
104.625 1.78031 18.1375 25.9895 1.35864
104.656 1.78022 18.1379 25.9907 1.35866
104.688 1.77998 18.1381 25.9928 1.35871
104.719 1.77977 18.1383 25.9946 1.35875
104.75 1.77961 18.1385 25.9961 1.35878
104.781 1.7795 18.1389 25.9975 1.3588
104.812 1.77941 18.1394 25.9988 1.35882
104.844 1.77935 18.1398 25.9999 1.35883
104.875 1.77915 18.1399 26.0014 1.35886
104.906 1.77912 18.1403 26.0022 1.35887
104.938 1.779 18.1406 26.0035 1.35889
104.969 1.77889 18.1409 26.0047 1.35891
105 1.77877 18.1412 26.006 1.35894
105.031 1.77877 18.1415 26.0064 1.35894
105.062 1.77855 18.1415 26.0081 1.35898
105.094 1.77847 18.1416 26.0088 1.35899
105.125 1.7783 18.1416 26.0101 1.35903
105.156 1.77812 18.1416 26.0114 1.35906
105.188 1.77799 18.1418 26.0126 1.35909
105.219 1.77804 18.1421 26.0127 1.35908
105.25 1.77794 18.1422 26.0135 1.3591
105.281 1.77791 18.1424 26.014 1.3591
105.312 1.77781 18.1424 26.0148 1.35912
105.344 1.77794 18.1428 26.0144 1.3591
105.375 1.77791 18.1431 26.0151 1.3591
105.406 1.77789 18.1433 26.0155 1.35911
105.438 1.77783 18.1435 26.0162 1.35912
105.469 1.77774 18.1435 26.0168 1.35913
105.5 1.77778 18.1438 26.017 1.35913
105.531 1.77781 18.1441 26.0172 1.35912
105.562 1.77781 18.1442 26.0173 1.35912
105.594 1.77781 18.1442 26.0174 1.35912
105.625 1.77779 18.1443 26.0177 1.35913
105.656 1.7778 18.1444 26.0177 1.35912
105.688 1.77786 18.1447 26.0177 1.35911
105.719 1.77793 18.1449 26.0175 1.3591
105.75 1.77785 18.1449 26.0181 1.35911
105.781 1.77779 18.1451 26.0187 1.35912
105.812 1.77791 18.1453 26.0183 1.3591
105.844 1.77786 18.1454 26.0187 1.35911
105.875 1.77794 18.1457 26.0185 1.3591
105.906 1.77795 18.1458 26.0186 1.35909
105.938 1.77788 18.1457 26.019 1.35911
105.969 1.77789 18.1458 26.019 1.35911
106 1.77789 18.1459 26.0192 1.35911
106.031 1.77793 18.146 26.0191 1.3591
106.062 1.77807 18.1464 26.0186 1.35907
106.094 1.77808 18.1466 26.0187 1.35907
106.125 1.77826 18.147 26.018 1.35904
106.156 1.77837 18.1473 26.0176 1.35901
106.188 1.77834 18.1473 26.018 1.35902
106.219 1.77847 18.1477 26.0175 1.35899
106.25 1.77854 18.1477 26.0171 1.35898
106.281 1.77865 18.148 26.0166 1.35896
106.312 1.77878 18.1484 26.0162 1.35894
106.344 1.77883 18.1485 26.0161 1.35893
106.375 1.779 18.1489 26.0155 1.35889
106.406 1.77904 18.149 26.0152 1.35889
106.438 1.77907 18.1492 26.0153 1.35888
106.469 1.77917 18.1495 26.015 1.35886
106.5 1.77941 18.1501 26.0141 1.35882
106.531 1.77956 18.1503 26.0133 1.35879
106.562 1.77975 18.1507 26.0125 1.35875
106.594 1.7798 18.1508 26.0124 1.35874
106.625 1.7799 18.151 26.0119 1.35872
106.656 1.78008 18.1515 26.0112 1.35869
106.688 1.78018 18.1518 26.0109 1.35867
106.719 1.78036 18.1521 26.01 1.35863
106.75 1.78037 18.1522 26.0101 1.35863
106.781 1.78034 18.1523 26.0105 1.35864
106.812 1.78057 18.1528 26.0094 1.35859
106.844 1.78073 18.1533 26.009 1.35856
106.875 1.78085 18.1536 26.0086 1.35854
106.906 1.7811 18.1541 26.0074 1.35849
106.938 1.78121 18.1544 26.0072 1.35847
106.969 1.78136 18.1549 26.0067 1.35844
107 1.78149 18.1553 26.0063 1.35842
107.031 1.78161 18.1557 26.006 1.3584
107.062 1.78179 18.1562 26.0054 1.35836
107.094 1.78192 18.1567 26.0053 1.35834
107.125 1.78201 18.1569 26.0049 1.35832
107.156 1.78214 18.1575 26.0048 1.35829
107.188 1.7823 18.158 26.0044 1.35826
107.219 1.78221 18.1583 26.0054 1.35828
107.25 1.7823 18.1587 26.0053 1.35826
107.281 1.78239 18.1591 26.0052 1.35825
107.312 1.78236 18.1594 26.0059 1.35825
107.344 1.78238 18.1598 26.0064 1.35825
107.375 1.78248 18.1604 26.0064 1.35823
107.406 1.78254 18.1609 26.0068 1.35822
107.438 1.7826 18.1615 26.0072 1.35821
107.469 1.78267 18.1619 26.0073 1.3582
107.5 1.7827 18.1624 26.0077 1.35819
107.531 1.78269 18.1629 26.0085 1.35819
107.562 1.7827 18.1634 26.0091 1.35819
107.594 1.7826 18.1637 26.0103 1.35821
107.625 1.78252 18.1641 26.0114 1.35822
107.656 1.78241 18.1644 26.0127 1.35824
107.688 1.78232 18.1648 26.0139 1.35826
107.719 1.78233 18.1654 26.0147 1.35826
107.75 1.78227 18.1659 26.0158 1.35827
107.781 1.78219 18.1663 26.017 1.35829
107.812 1.78201 18.1667 26.0189 1.35832
107.844 1.78191 18.1672 26.0203 1.35834
107.875 1.78175 18.1677 26.0222 1.35837
107.906 1.78164 18.1682 26.0237 1.35839
107.938 1.78139 18.1685 26.0259 1.35844
107.969 1.78121 18.1688 26.0278 1.35847
108 1.781 18.1693 26.03 1.35851
108.031 1.78076 18.1697 26.0323 1.35856
108.062 1.78057 18.1702 26.0344 1.35859
108.094 1.78033 18.1706 26.0368 1.35864
108.125 1.78016 18.1712 26.039 1.35867
108.156 1.77997 18.1717 26.041 1.35871
108.188 1.77973 18.1723 26.0435 1.35875
108.219 1.77955 18.1728 26.0456 1.35879
108.25 1.77923 18.1732 26.0485 1.35885
108.281 1.779 18.1737 26.0509 1.35889
108.312 1.77879 18.1741 26.0531 1.35894
108.344 1.77846 18.1744 26.0559 1.359
108.375 1.77808 18.1748 26.0593 1.35907
108.406 1.77779 18.1752 26.0619 1.35913
108.438 1.77736 18.1755 26.0655 1.35921
108.469 1.77705 18.176 26.0685 1.35927
108.5 1.77677 18.1764 26.0712 1.35932
108.531 1.77641 18.1767 26.0742 1.35939
108.562 1.77616 18.1773 26.0769 1.35944
108.594 1.77578 18.1776 26.0801 1.35951
108.625 1.77541 18.178 26.0834 1.35958
108.656 1.77511 18.1785 26.0863 1.35964
108.688 1.77467 18.1787 26.0899 1.35972
108.719 1.77433 18.1792 26.0931 1.35979
108.75 1.77394 18.1796 26.0965 1.35986
108.781 1.77342 18.1797 26.1005 1.35996
108.812 1.77299 18.1799 26.104 1.36004
108.844 1.77256 18.1803 26.1077 1.36013
108.875 1.77224 18.1809 26.1109 1.36019
108.906 1.7719 18.1813 26.1141 1.36025
108.938 1.77147 18.1817 26.1177 1.36034
108.969 1.77112 18.1822 26.1211 1.3604
109 1.77071 18.1826 26.1247 1.36048
109.031 1.77033 18.1832 26.1282 1.36055
109.062 1.76995 18.1837 26.1319 1.36063
109.094 1.76946 18.184 26.1359 1.36072
109.125 1.76903 18.1844 26.1397 1.36081
109.156 1.7686 18.1849 26.1434 1.36089
109.188 1.76822 18.1853 26.1469 1.36096
109.219 1.76774 18.1856 26.1509 1.36105
109.25 1.7673 18.1859 26.1546 1.36114
109.281 1.76685 18.1863 26.1584 1.36122
109.312 1.76639 18.1866 26.1623 1.36131
109.344 1.76591 18.1869 26.1662 1.3614
109.375 1.7654 18.1871 26.1704 1.3615
109.406 1.76497 18.1874 26.174 1.36159
109.438 1.7644 18.1875 26.1783 1.3617
109.469 1.76404 18.1879 26.1817 1.36177
109.5 1.76357 18.1883 26.1858 1.36186
109.531 1.76322 18.1888 26.189 1.36192
109.562 1.76277 18.1892 26.193 1.36201
109.594 1.76238 18.1896 26.1964 1.36209
109.625 1.76191 18.19 26.2005 1.36218
109.656 1.76158 18.1907 26.2038 1.36224
109.688 1.76108 18.191 26.208 1.36234
109.719 1.76059 18.1913 26.2121 1.36243
109.75 1.7601 18.1917 26.2163 1.36253
109.781 1.75958 18.192 26.2206 1.36263
109.812 1.75908 18.1923 26.2248 1.36272
109.844 1.75869 18.1928 26.2284 1.3628
109.875 1.75824 18.1932 26.2324 1.36289
109.906 1.75777 18.1936 26.2365 1.36298
109.938 1.75721 18.1938 26.2409 1.36309
109.969 1.75674 18.1941 26.2449 1.36318
110 1.7562 18.1944 26.2494 1.36328
110.031 1.75573 18.1947 26.2534 1.36338
110.062 1.75529 18.1952 26.2573 1.36346
110.094 1.7548 18.1956 26.2615 1.36355
110.125 1.75433 18.196 26.2656 1.36365
110.156 1.75373 18.1962 26.2705 1.36376
110.188 1.7533 18.1967 26.2745 1.36385
110.219 1.75272 18.197 26.2792 1.36396
110.25 1.75215 18.1973 26.2839 1.36407
110.281 1.75153 18.1976 26.289 1.36419
110.312 1.75089 18.1979 26.2941 1.36431
110.344 1.75021 18.1982 26.2997 1.36445
110.375 1.74963 18.1984 26.3044 1.36456
110.406 1.74906 18.1988 26.3093 1.36467
110.438 1.74849 18.1992 26.3141 1.36478
110.469 1.74784 18.1996 26.3195 1.36491
110.5 1.74717 18.1999 26.325 1.36504
110.531 1.7465 18.2003 26.3307 1.36517
110.562 1.74585 18.2006 26.336 1.3653
110.594 1.74523 18.201 26.3413 1.36542
110.625 1.74445 18.2012 26.3475 1.36557
110.656 1.74379 18.2016 26.353 1.3657
110.688 1.74304 18.2018 26.3589 1.36585
110.719 1.7423 18.2021 26.365 1.36599
110.75 1.7416 18.2025 26.3709 1.36613
110.781 1.7409 18.2028 26.3767 1.36627
110.812 1.74018 18.2031 26.3825 1.36641
110.844 1.73943 18.2034 26.3886 1.36656
110.875 1.73862 18.2035 26.395 1.36672
110.906 1.7378 18.2039 26.4016 1.36688
110.938 1.73694 18.2041 26.4086 1.36705
110.969 1.73618 18.2045 26.4148 1.3672
111 1.73549 18.205 26.4209 1.36733
111.031 1.73464 18.2053 26.4278 1.3675
111.062 1.73384 18.2057 26.4345 1.36766
111.094 1.73285 18.2058 26.4423 1.36785
111.125 1.73183 18.206 26.4502 1.36805
111.156 1.73099 18.2064 26.4572 1.36822
111.188 1.73011 18.2068 26.4645 1.36839
111.219 1.72928 18.2072 26.4715 1.36856
111.25 1.72832 18.2074 26.4792 1.36875
111.281 1.72728 18.2077 26.4875 1.36895
111.312 1.72633 18.208 26.4953 1.36914
111.344 1.7254 18.2084 26.503 1.36933
111.375 1.72437 18.2088 26.5115 1.36953
111.406 1.72325 18.209 26.5203 1.36975
111.438 1.72223 18.2093 26.5287 1.36996
111.469 1.72112 18.2094 26.5374 1.37018
111.5 1.72002 18.2096 26.5462 1.3704
111.531 1.71893 18.2098 26.5549 1.37061
111.562 1.71791 18.2103 26.5634 1.37082
111.594 1.71674 18.2105 26.5728 1.37105
111.625 1.71562 18.2107 26.5818 1.37127
111.656 1.71435 18.2108 26.5917 1.37153
111.688 1.71325 18.2112 26.6009 1.37175
111.719 1.71211 18.2114 26.6101 1.37198
111.75 1.71093 18.2118 26.6198 1.37221
111.781 1.70966 18.2119 26.6298 1.37247
111.812 1.70857 18.2123 26.6389 1.37269
111.844 1.7073 18.2124 26.649 1.37294
111.875 1.70614 18.2127 26.6585 1.37318
111.906 1.70497 18.2131 26.6682 1.37341
111.938 1.70367 18.2132 26.6785 1.37367
111.969 1.70247 18.2136 26.6885 1.37392
112 1.70139 18.2142 26.6977 1.37413
112.031 1.70012 18.2145 26.7083 1.37439
112.062 1.69882 18.2148 26.7189 1.37465
112.094 1.69758 18.2151 26.7291 1.3749
112.125 1.69636 18.2156 26.7394 1.37515
112.156 1.69514 18.2159 26.7496 1.3754
112.188 1.69382 18.2161 26.7603 1.37567
112.219 1.69254 18.2165 26.771 1.37593
112.25 1.6913 18.2169 26.7813 1.37618
112.281 1.69001 18.2172 26.792 1.37644
112.312 1.68871 18.2175 26.8027 1.3767
112.344 1.68728 18.2176 26.8142 1.377
112.375 1.68602 18.2179 26.8247 1.37725
112.406 1.68462 18.2181 26.8361 1.37754
112.438 1.68315 18.2182 26.848 1.37784
112.469 1.68192 18.2187 26.8585 1.37809
112.5 1.68048 18.2189 26.8703 1.37839
112.531 1.67904 18.219 26.882 1.37868
112.562 1.67782 18.2195 26.8926 1.37893
112.594 1.67645 18.2199 26.9042 1.37922
112.625 1.67514 18.2203 26.9153 1.37948
112.656 1.67381 18.2206 26.9264 1.37976
112.688 1.67221 18.2205 26.9392 1.38009
112.719 1.67087 18.221 26.9506 1.38036
112.75 1.66958 18.2213 26.9615 1.38063
112.781 1.66819 18.2216 26.9732 1.38092
112.812 1.66687 18.2221 26.9845 1.38119
112.844 1.66549 18.2223 26.996 1.38148
112.875 1.66416 18.2227 27.0074 1.38175
112.906 1.66272 18.2229 27.0195 1.38205
112.938 1.66137 18.2234 27.0311 1.38233
112.969 1.65992 18.2237 27.0433 1.38264
113 1.65849 18.224 27.0554 1.38293
113.031 1.65703 18.2244 27.0679 1.38324
113.062 1.6556 18.2247 27.0802 1.38354
113.094 1.65421 18.2252 27.0922 1.38383
113.125 1.65276 18.2255 27.1045 1.38413
113.156 1.6513 18.2258 27.117 1.38444
113.188 1.64992 18.2262 27.129 1.38473
113.219 1.6486 18.2268 27.1406 1.385
113.25 1.64704 18.2269 27.1537 1.38533
113.281 1.64549 18.2272 27.1668 1.38566
113.312 1.644 18.2275 27.1798 1.38597
113.344 1.64252 18.228 27.1926 1.38628
113.375 1.64106 18.2284 27.2054 1.38659
113.406 1.63962 18.229 27.2182 1.3869
113.438 1.63805 18.2292 27.2316 1.38723
113.469 1.63664 18.2296 27.2439 1.38753
113.5 1.63513 18.23 27.2571 1.38785
113.531 1.63364 18.2305 27.2702 1.38816
113.562 1.63201 18.2307 27.2841 1.38851
113.594 1.63051 18.2311 27.2973 1.38883
113.625 1.62905 18.2317 27.3103 1.38914
113.656 1.62749 18.232 27.3239 1.38947
113.688 1.62598 18.2324 27.3373 1.3898
113.719 1.62437 18.2329 27.3515 1.39014
113.75 1.62271 18.2332 27.3659 1.3905
113.781 1.62109 18.2336 27.3802 1.39084
113.812 1.61953 18.2341 27.3941 1.39118
113.844 1.61791 18.2345 27.4085 1.39153
113.875 1.61634 18.2351 27.4227 1.39186
113.906 1.6148 18.2357 27.4367 1.39219
113.938 1.61323 18.2362 27.4508 1.39253
113.969 1.61167 18.2368 27.4649 1.39287
114 1.61005 18.2372 27.4794 1.39322
114.031 1.60835 18.2376 27.4944 1.39359
114.062 1.60678 18.2382 27.5087 1.39393
114.094 1.60524 18.2389 27.5229 1.39426
114.125 1.60359 18.2394 27.538 1.39462
114.156 1.60198 18.2401 27.5528 1.39497
114.188 1.60037 18.2406 27.5675 1.39532
114.219 1.59863 18.2411 27.5832 1.3957
114.25 1.59685 18.2414 27.5991 1.39609
114.281 1.59507 18.2419 27.6152 1.39648
114.312 1.59337 18.2423 27.6306 1.39685
114.344 1.59158 18.2427 27.6466 1.39724
114.375 1.58979 18.243 27.6627 1.39764
114.406 1.58816 18.2437 27.678 1.398
114.438 1.58643 18.2443 27.6939 1.39838
114.469 1.58464 18.2447 27.7102 1.39877
114.5 1.58294 18.2452 27.7259 1.39915
114.531 1.58133 18.2459 27.741 1.3995
114.562 1.57962 18.2465 27.757 1.39988
114.594 1.57783 18.2469 27.7733 1.40028
114.625 1.57603 18.2473 27.7897 1.40068
114.656 1.57418 18.2476 27.8065 1.40109
114.688 1.57246 18.2482 27.8227 1.40147
114.719 1.57063 18.2486 27.8394 1.40188
114.75 1.56884 18.2491 27.856 1.40228
114.781 1.56697 18.2494 27.8732 1.4027
114.812 1.56522 18.25 27.8896 1.40309
114.844 1.56341 18.2504 27.9064 1.4035
114.875 1.56156 18.2507 27.9234 1.40391
114.906 1.55988 18.2514 27.9395 1.40429
114.938 1.55811 18.2518 27.956 1.40469
114.969 1.55633 18.2523 27.9727 1.40509
115 1.55457 18.2528 27.9893 1.40549
115.031 1.55284 18.2533 28.0057 1.40588
115.062 1.55103 18.2536 28.0225 1.40629
115.094 1.5492 18.254 28.0396 1.4067
115.125 1.54739 18.2543 28.0565 1.40712
115.156 1.54571 18.2548 28.0726 1.4075
115.188 1.54392 18.2551 28.0892 1.40791
115.219 1.54223 18.2556 28.1054 1.40829
115.25 1.54049 18.256 28.1219 1.40869
115.281 1.53883 18.2565 28.1379 1.40907
115.312 1.53702 18.2568 28.1548 1.40948
115.344 1.53521 18.257 28.1718 1.4099
115.375 1.53346 18.2573 28.1883 1.4103
115.406 1.53183 18.2578 28.204 1.41067
115.438 1.53015 18.2582 28.2201 1.41106
115.469 1.52851 18.2587 28.236 1.41144
115.5 1.52679 18.259 28.2524 1.41184
115.531 1.52513 18.2595 28.2686 1.41222
115.562 1.52328 18.2596 28.2859 1.41265
115.594 1.52167 18.2601 28.3017 1.41302
115.625 1.51993 18.2604 28.3183 1.41343
115.656 1.51825 18.2607 28.3344 1.41382
115.688 1.51668 18.2613 28.3501 1.41419
115.719 1.51507 18.2619 28.3659 1.41456
115.75 1.51341 18.2622 28.382 1.41495
115.781 1.5118 18.2627 28.3978 1.41532
115.812 1.51018 18.2632 28.4138 1.4157
115.844 1.50851 18.2636 28.4302 1.4161
115.875 1.50692 18.2641 28.4459 1.41647
115.906 1.50529 18.2645 28.4621 1.41685
115.938 1.50379 18.265 28.477 1.4172
115.969 1.50221 18.2654 28.4927 1.41758
116 1.50063 18.2658 28.5083 1.41795
116.031 1.49894 18.266 28.5246 1.41835
116.062 1.49728 18.2662 28.5407 1.41874
116.094 1.49573 18.2667 28.5563 1.41911
116.125 1.4942 18.2672 28.5716 1.41947
116.156 1.49264 18.2675 28.5871 1.41984
116.188 1.49104 18.2678 28.603 1.42023
116.219 1.48957 18.2684 28.6179 1.42058
116.25 1.488 18.2686 28.6334 1.42095
116.281 1.48647 18.269 28.6486 1.42131
116.312 1.4849 18.2692 28.6641 1.42169
116.344 1.48339 18.2695 28.6793 1.42205
116.375 1.48179 18.2697 28.6949 1.42244
116.406 1.48042 18.2701 28.709 1.42277
116.438 1.47899 18.2706 28.7235 1.42311
116.469 1.47755 18.271 28.7382 1.42346
116.5 1.47607 18.2713 28.753 1.42381
116.531 1.47468 18.2716 28.7671 1.42415
116.562 1.47328 18.2719 28.7812 1.42449
116.594 1.47188 18.2722 28.7954 1.42483
116.625 1.47045 18.2724 28.8098 1.42517
116.656 1.46907 18.2727 28.8236 1.42551
116.688 1.4677 18.2729 28.8374 1.42584
116.719 1.46641 18.2732 28.8507 1.42615
116.75 1.4651 18.2735 28.8639 1.42647
116.781 1.46378 18.2736 28.8772 1.42679
116.812 1.46249 18.2739 28.8903 1.42711
116.844 1.46115 18.2741 28.9039 1.42743
116.875 1.45985 18.2744 28.9171 1.42775
116.906 1.45864 18.2746 28.9296 1.42805
116.938 1.45743 18.2748 28.942 1.42834
116.969 1.45627 18.2751 28.9539 1.42863
117 1.45512 18.2755 28.9659 1.42891
117.031 1.45397 18.2757 28.9778 1.42919
117.062 1.45278 18.2759 28.9899 1.42949
117.094 1.4517 18.2762 29.0012 1.42975
117.125 1.45061 18.2765 29.0124 1.43002
117.156 1.4495 18.2765 29.0236 1.43029
117.188 1.44843 18.2766 29.0346 1.43056
117.219 1.4474 18.2769 29.0453 1.43081
117.25 1.44643 18.2772 29.0555 1.43105
117.281 1.4455 18.2774 29.0652 1.43128
117.312 1.44442 18.2775 29.0762 1.43155
117.344 1.44339 18.2776 29.0867 1.4318
117.375 1.44251 18.2778 29.0959 1.43202
117.406 1.44149 18.2778 29.1063 1.43228
117.438 1.44054 18.278 29.1163 1.43251
117.469 1.4396 18.2782 29.1259 1.43274
117.5 1.43868 18.2783 29.1354 1.43298
117.531 1.4378 18.2784 29.1445 1.43319
117.562 1.43698 18.2786 29.1531 1.4334
117.594 1.43614 18.2787 29.1619 1.43361
117.625 1.43539 18.2789 29.1698 1.4338
117.656 1.43455 18.2789 29.1782 1.434
117.688 1.43383 18.2791 29.1859 1.43418
117.719 1.43306 18.2792 29.194 1.43438
117.75 1.4324 18.2795 29.2012 1.43454
117.781 1.43161 18.2794 29.2091 1.43474
117.812 1.43088 18.2795 29.2166 1.43492
117.844 1.43025 18.2797 29.2234 1.43508
117.875 1.4297 18.28 29.2295 1.43522
117.906 1.42903 18.28 29.2364 1.43539
117.938 1.42844 18.2802 29.2427 1.43553
117.969 1.42779 18.2802 29.2493 1.4357
118 1.42732 18.2804 29.2545 1.43582
118.031 1.42673 18.2803 29.2605 1.43597
118.062 1.42625 18.2805 29.2657 1.43609
118.094 1.42586 18.2808 29.2701 1.43619
118.125 1.42551 18.2811 29.2742 1.43627
118.156 1.42506 18.2812 29.279 1.43639
118.188 1.42462 18.2812 29.2835 1.4365
118.219 1.42419 18.2812 29.2879 1.4366
118.25 1.42371 18.2811 29.2927 1.43673
118.281 1.42325 18.281 29.2973 1.43684
118.312 1.42287 18.281 29.3011 1.43694
118.344 1.4226 18.2811 29.3043 1.43701
118.375 1.42245 18.2814 29.3062 1.43705
118.406 1.42221 18.2815 29.3088 1.43711
118.438 1.42197 18.2816 29.3115 1.43717
118.469 1.42176 18.2817 29.3138 1.43722
118.5 1.4216 18.2818 29.3155 1.43726
118.531 1.42137 18.2816 29.3176 1.43732
118.562 1.42116 18.2816 29.3197 1.43737
118.594 1.42104 18.2817 29.3211 1.4374
118.625 1.42091 18.2817 29.3225 1.43743
118.656 1.42085 18.2819 29.3234 1.43745
118.688 1.42081 18.282 29.3241 1.43746
118.719 1.42075 18.2821 29.3248 1.43747
118.75 1.42068 18.2821 29.3256 1.43749
118.781 1.42061 18.2821 29.3262 1.43751
118.812 1.42068 18.2822 29.3257 1.43749
118.844 1.42066 18.2821 29.3258 1.4375
118.875 1.42071 18.2821 29.3252 1.43748
118.906 1.42087 18.2823 29.3238 1.43744
118.938 1.42094 18.2823 29.3232 1.43743
118.969 1.42091 18.282 29.323 1.43743
119 1.42115 18.2823 29.3209 1.43737
119.031 1.42139 18.2824 29.3186 1.43731
119.062 1.42155 18.2823 29.3168 1.43727
119.094 1.42173 18.2821 29.3147 1.43723
119.125 1.42202 18.2821 29.3117 1.43715
119.156 1.42232 18.2822 29.3088 1.43708
119.188 1.42255 18.2821 29.3062 1.43702
119.219 1.42285 18.2821 29.3032 1.43694
119.25 1.4232 18.2822 29.2997 1.43686
119.281 1.42356 18.2822 29.296 1.43677
119.312 1.42387 18.2821 29.2927 1.43669
119.344 1.42434 18.2823 29.288 1.43657
119.375 1.42477 18.2822 29.2835 1.43646
119.406 1.42527 18.2822 29.2784 1.43633
119.438 1.42577 18.2823 29.2734 1.43621
119.469 1.42619 18.2821 29.2688 1.4361
119.5 1.42667 18.282 29.2637 1.43598
119.531 1.42709 18.2819 29.2592 1.43587
119.562 1.42755 18.2817 29.2542 1.43576
119.594 1.4281 18.2817 29.2485 1.43562
119.625 1.42872 18.2817 29.2423 1.43547
119.656 1.42933 18.2817 29.2361 1.43531
119.688 1.42988 18.2816 29.2302 1.43517
119.719 1.43044 18.2815 29.2243 1.43503
119.75 1.43106 18.2814 29.2179 1.43488
119.781 1.43167 18.2813 29.2116 1.43473
119.812 1.43225 18.2811 29.2053 1.43458
119.844 1.43289 18.281 29.1985 1.43442
119.875 1.43356 18.2809 29.1916 1.43425
119.906 1.43427 18.2809 29.1844 1.43407
119.938 1.43504 18.281 29.1767 1.43388
119.969 1.43572 18.2809 29.1696 1.43371
120 1.43647 18.2808 29.1619 1.43353
120.031 1.43726 18.2809 29.154 1.43333
120.062 1.43793 18.2806 29.1467 1.43316
120.094 1.4387 18.2806 29.1389 1.43297
120.125 1.43943 18.2805 29.1313 1.43279
120.156 1.4402 18.2805 29.1235 1.4326
120.188 1.44091 18.2802 29.1159 1.43242
120.219 1.44169 18.2802 29.108 1.43223
120.25 1.44253 18.2802 29.0996 1.43202
120.281 1.44331 18.2801 29.0916 1.43183
120.312 1.4441 18.2801 29.0835 1.43163
120.344 1.44486 18.2799 29.0755 1.43144
120.375 1.44563 18.2798 29.0676 1.43125
120.406 1.44648 18.2799 29.0592 1.43104
120.438 1.44719 18.2797 29.0519 1.43086
120.469 1.44794 18.2796 29.0441 1.43068
120.5 1.44869 18.2794 29.0364 1.43049
120.531 1.44933 18.2792 29.0296 1.43033
120.562 1.44995 18.2788 29.0228 1.43018
120.594 1.45068 18.2787 29.0152 1.43
120.625 1.45138 18.2784 29.0078 1.42983
120.656 1.45216 18.2783 29 1.42964
120.688 1.4529 18.2782 28.9924 1.42946
120.719 1.45355 18.2779 28.9854 1.4293
120.75 1.45429 18.2778 28.9778 1.42911
120.781 1.45505 18.2777 28.9701 1.42893
120.812 1.45578 18.2776 28.9628 1.42875
120.844 1.45643 18.2774 28.9559 1.42859
120.875 1.45711 18.2772 28.9489 1.42842
120.906 1.45777 18.2771 28.9421 1.42826
120.938 1.45848 18.2769 28.9348 1.42809
120.969 1.45911 18.2766 28.928 1.42793
121 1.45976 18.2764 28.9213 1.42777
121.031 1.46049 18.2764 28.914 1.42759
121.062 1.46107 18.276 28.9078 1.42745
121.094 1.46163 18.2757 28.9017 1.42732
121.125 1.46227 18.2755 28.8951 1.42716
121.156 1.46289 18.2753 28.8886 1.42701
121.188 1.46356 18.2752 28.8819 1.42685
121.219 1.46417 18.2751 28.8757 1.4267
121.25 1.46475 18.2748 28.8695 1.42656
121.281 1.46533 18.2746 28.8635 1.42641
121.312 1.46593 18.2744 28.8573 1.42627
121.344 1.46655 18.2743 28.851 1.42612
121.375 1.4671 18.274 28.8451 1.42598
121.406 1.46764 18.2738 28.8395 1.42585
121.438 1.46811 18.2735 28.8344 1.42574
121.469 1.46864 18.2734 28.8289 1.42561
121.5 1.46913 18.273 28.8236 1.42549
121.531 1.46971 18.2729 28.8176 1.42535
121.562 1.47031 18.2729 28.8118 1.4252
121.594 1.47089 18.2727 28.8059 1.42506
121.625 1.47147 18.2727 28.8002 1.42492
121.656 1.47195 18.2724 28.7949 1.42481
121.688 1.47248 18.2723 28.7896 1.42468
121.719 1.47303 18.2721 28.784 1.42455
121.75 1.4735 18.2719 28.779 1.42443
121.781 1.47408 18.2719 28.7734 1.42429
121.812 1.47457 18.2717 28.7683 1.42417
121.844 1.47503 18.2715 28.7636 1.42406
121.875 1.47548 18.2713 28.7589 1.42396
121.906 1.47599 18.2713 28.7538 1.42383
121.938 1.47655 18.2714 28.7484 1.4237
121.969 1.4771 18.2714 28.7431 1.42356
122 1.47758 18.2713 28.7385 1.42345
122.031 1.47798 18.2711 28.7342 1.42335
122.062 1.47835 18.2708 28.7301 1.42326
122.094 1.47878 18.2707 28.7258 1.42316
122.125 1.4791 18.2703 28.7219 1.42308
122.156 1.47962 18.2703 28.717 1.42296
122.188 1.48001 18.2702 28.713 1.42286
122.219 1.48038 18.2699 28.709 1.42278
122.25 1.48079 18.2698 28.7048 1.42268
122.281 1.48125 18.2697 28.7002 1.42257
122.312 1.48159 18.2695 28.6966 1.42249
122.344 1.48195 18.2692 28.6926 1.4224
122.375 1.48226 18.2688 28.6891 1.42232
122.406 1.48271 18.2689 28.6848 1.42221
122.438 1.4831 18.2687 28.6808 1.42212
122.469 1.48353 18.2687 28.6765 1.42202
122.5 1.48388 18.2685 28.673 1.42194
122.531 1.48417 18.2683 28.6697 1.42186
122.562 1.48449 18.2681 28.6663 1.42179
122.594 1.48487 18.2681 28.6626 1.4217
122.625 1.48517 18.2678 28.6593 1.42163
122.656 1.4855 18.2676 28.6559 1.42155
122.688 1.48585 18.2676 28.6525 1.42146
122.719 1.48615 18.2674 28.6492 1.42139
122.75 1.48639 18.2671 28.6466 1.42134
122.781 1.48671 18.2671 28.6434 1.42126
122.812 1.48698 18.2669 28.6404 1.42119
122.844 1.48728 18.2668 28.6375 1.42112
122.875 1.48769 18.2669 28.6336 1.42102
122.906 1.48796 18.2667 28.6307 1.42096
122.938 1.48823 18.2665 28.6279 1.4209
122.969 1.4885 18.2663 28.625 1.42083
123 1.48876 18.2661 28.6221 1.42077
123.031 1.48907 18.2661 28.619 1.42069
123.062 1.48941 18.266 28.6157 1.42061
123.094 1.48981 18.266 28.612 1.42052
123.125 1.49013 18.2661 28.6089 1.42044
123.156 1.49051 18.2662 28.6054 1.42035
123.188 1.49072 18.266 28.6031 1.4203
123.219 1.49102 18.266 28.6002 1.42023
123.25 1.49126 18.2658 28.5977 1.42017
123.281 1.49156 18.2658 28.5947 1.4201
123.312 1.49183 18.2657 28.592 1.42004
123.344 1.49202 18.2655 28.59 1.41999
123.375 1.49226 18.2654 28.5874 1.41993
123.406 1.49259 18.2654 28.5843 1.41986
123.438 1.49289 18.2655 28.5815 1.41979
123.469 1.4932 18.2655 28.5786 1.41971
123.5 1.49346 18.2656 28.5762 1.41965
123.531 1.49376 18.2656 28.5734 1.41958
123.562 1.49392 18.2654 28.5715 1.41954
123.594 1.49409 18.2652 28.5697 1.4195
123.625 1.49426 18.2651 28.5678 1.41946
123.656 1.49447 18.2649 28.5656 1.41941
123.688 1.49472 18.265 28.5632 1.41935
123.719 1.49498 18.2649 28.5606 1.41929
123.75 1.49508 18.2647 28.5594 1.41926
123.781 1.4953 18.2647 28.5572 1.41921
123.812 1.49544 18.2645 28.5556 1.41918
123.844 1.49571 18.2644 28.553 1.41912
123.875 1.49588 18.2643 28.5511 1.41907
123.906 1.49606 18.2642 28.5492 1.41903
123.938 1.49623 18.2641 28.5474 1.41899
123.969 1.49635 18.264 28.5462 1.41896
124 1.49652 18.2641 28.5447 1.41892
124.031 1.49666 18.264 28.5432 1.41889
124.062 1.49688 18.2641 28.5412 1.41884
124.094 1.49698 18.264 28.5401 1.41881
124.125 1.49719 18.2641 28.5382 1.41876
124.156 1.49735 18.2642 28.537 1.41873
124.188 1.49748 18.2641 28.5356 1.4187
124.219 1.49766 18.2642 28.5339 1.41865
124.25 1.49769 18.264 28.5334 1.41865
124.281 1.49782 18.264 28.5321 1.41861
124.312 1.49804 18.2642 28.5303 1.41856
124.344 1.49824 18.2644 28.5287 1.41852
124.375 1.49834 18.2644 28.5278 1.41849
124.406 1.49845 18.2644 28.5268 1.41847
124.438 1.49856 18.2646 28.526 1.41844
124.469 1.49866 18.2647 28.5252 1.41842
124.5 1.49872 18.2647 28.5246 1.4184
124.531 1.49876 18.2647 28.5242 1.41839
124.562 1.49891 18.2649 28.5232 1.41836
124.594 1.49901 18.2652 28.5226 1.41833
124.625 1.49907 18.2653 28.5222 1.41832
124.656 1.49915 18.2655 28.5219 1.4183
124.688 1.49914 18.2655 28.522 1.4183
124.719 1.49902 18.2654 28.523 1.41833
124.75 1.4991 18.2657 28.5226 1.41831
124.781 1.49907 18.2657 28.5229 1.41832
124.812 1.499 18.2657 28.5235 1.41834
124.844 1.49889 18.2657 28.5245 1.41836
124.875 1.49889 18.2658 28.5248 1.41836
124.906 1.49881 18.266 28.5258 1.41838
124.938 1.49884 18.2662 28.5259 1.41837
124.969 1.49878 18.2665 28.5268 1.41839
125 1.49867 18.2666 28.528 1.41841
125.031 1.49863 18.2667 28.5286 1.41842
125.062 1.4985 18.2667 28.5299 1.41845
125.094 1.49842 18.267 28.5311 1.41847
125.125 1.49843 18.2673 28.5314 1.41847
125.156 1.49817 18.2673 28.5339 1.41853
125.188 1.49804 18.2674 28.5354 1.41856
125.219 1.49786 18.2674 28.537 1.41861
125.25 1.49771 18.2675 28.5386 1.41864
125.281 1.49752 18.2675 28.5404 1.41869
125.312 1.49732 18.2674 28.5423 1.41873
125.344 1.49718 18.2676 28.5439 1.41877
125.375 1.49701 18.2677 28.5457 1.41881
125.406 1.49681 18.2678 28.5477 1.41886
125.438 1.49663 18.2679 28.5496 1.4189
125.469 1.4964 18.2679 28.5518 1.41895
125.5 1.49617 18.2678 28.5539 1.41901
125.531 1.49601 18.268 28.5556 1.41904
125.562 1.49591 18.2682 28.557 1.41907
125.594 1.49575 18.2683 28.5586 1.41911
125.625 1.49545 18.2682 28.5613 1.41918
125.656 1.49524 18.2683 28.5633 1.41923
125.688 1.49517 18.2686 28.5645 1.41924
125.719 1.4949 18.2684 28.5669 1.41931
125.75 1.49472 18.2685 28.5687 1.41935
125.781 1.49449 18.2685 28.5709 1.41941
125.812 1.49438 18.2687 28.5723 1.41943
125.844 1.49429 18.269 28.5736 1.41945
125.875 1.49418 18.2692 28.5749 1.41948
125.906 1.494 18.2692 28.5768 1.41952
125.938 1.49392 18.2695 28.5779 1.41954
125.969 1.49374 18.2696 28.5798 1.41958
126 1.49346 18.2695 28.5824 1.41965
126.031 1.49325 18.2695 28.5843 1.4197
126.062 1.49307 18.2696 28.5862 1.41974
126.094 1.49293 18.2697 28.5877 1.41978
126.125 1.4929 18.27 28.5885 1.41978
126.156 1.4928 18.2701 28.5896 1.41981
126.188 1.49269 18.2701 28.5906 1.41983
126.219 1.49263 18.2703 28.5915 1.41985
126.25 1.49251 18.2703 28.5927 1.41987
126.281 1.49243 18.2704 28.5937 1.4199
126.312 1.49223 18.2703 28.5953 1.41994
126.344 1.49216 18.2703 28.5961 1.41996
126.375 1.49208 18.2704 28.5969 1.41998
126.406 1.49209 18.2705 28.597 1.41998
126.438 1.49208 18.2706 28.5973 1.41998
126.469 1.49204 18.2706 28.5977 1.41999
126.5 1.49193 18.2704 28.5984 1.42001
126.531 1.49191 18.2704 28.5985 1.42002
126.562 1.49187 18.2704 28.599 1.42003
126.594 1.4919 18.2705 28.5987 1.42002
126.625 1.4919 18.2705 28.5988 1.42002
126.656 1.49196 18.2705 28.5983 1.42001
126.688 1.49194 18.2704 28.5984 1.42001
126.719 1.492 18.2705 28.5979 1.42
126.75 1.49207 18.2705 28.5972 1.41998
126.781 1.49205 18.2704 28.5974 1.41999
126.812 1.49214 18.2704 28.5964 1.41996
126.844 1.4922 18.2704 28.5959 1.41995
126.875 1.49225 18.2704 28.5954 1.41994
126.906 1.49228 18.2703 28.5949 1.41993
126.938 1.49241 18.2703 28.5936 1.4199
126.969 1.49251 18.2704 28.5928 1.41988
127 1.49257 18.2703 28.5922 1.41986
127.031 1.49264 18.2703 28.5914 1.41984
127.062 1.49278 18.2704 28.5902 1.41981
127.094 1.49283 18.2703 28.5896 1.4198
127.125 1.49293 18.2703 28.5887 1.41978
127.156 1.49298 18.2702 28.588 1.41976
127.188 1.49318 18.2703 28.5863 1.41972
127.219 1.49323 18.2703 28.5858 1.4197
127.25 1.49347 18.2705 28.5839 1.41965
127.281 1.49367 18.2707 28.5822 1.4196
127.312 1.49384 18.2708 28.5807 1.41956
127.344 1.49391 18.2707 28.5799 1.41954
127.375 1.49402 18.2706 28.5787 1.41952
127.406 1.49415 18.2705 28.5773 1.41949
127.438 1.49435 18.2706 28.5755 1.41944
127.469 1.49441 18.2704 28.5747 1.41942
127.5 1.49453 18.2704 28.5735 1.4194
127.531 1.49474 18.2705 28.5716 1.41935
127.562 1.49473 18.2702 28.5714 1.41935
127.594 1.49486 18.2702 28.57 1.41932
127.625 1.49491 18.2701 28.5695 1.41931
127.656 1.49504 18.2701 28.5682 1.41928
127.688 1.49519 18.2702 28.567 1.41924
127.719 1.49525 18.27 28.566 1.41922
127.75 1.4953 18.2699 28.5653 1.41921
127.781 1.49542 18.2698 28.5641 1.41918
127.812 1.49548 18.2698 28.5635 1.41917
127.844 1.49555 18.2699 28.5629 1.41915
127.875 1.49573 18.27 28.5615 1.41911
127.906 1.49585 18.2701 28.5604 1.41908
127.938 1.49588 18.2701 28.5601 1.41908
127.969 1.49594 18.27 28.5594 1.41906
128 1.49602 18.2701 28.5588 1.41904
128.031 1.49611 18.2701 28.558 1.41902
128.062 1.49615 18.27 28.5574 1.41901
128.094 1.4962 18.27 28.557 1.419
128.125 1.49628 18.27 28.5561 1.41898
128.156 1.49635 18.27 28.5555 1.41896
128.188 1.49647 18.2701 28.5546 1.41894
128.219 1.49664 18.2703 28.5531 1.41889
128.25 1.4967 18.2702 28.5525 1.41888
128.281 1.49682 18.2703 28.5515 1.41885
128.312 1.4969 18.2703 28.5508 1.41883
128.344 1.49702 18.2705 28.5499 1.4188
128.375 1.4971 18.2706 28.5493 1.41879
128.406 1.4972 18.2706 28.5483 1.41876
128.438 1.49731 18.2707 28.5474 1.41874
128.469 1.49733 18.2706 28.5471 1.41873
128.5 1.49746 18.2708 28.5461 1.4187
128.531 1.49751 18.2707 28.5455 1.41869
128.562 1.49747 18.2705 28.5457 1.4187
128.594 1.49754 18.2706 28.545 1.41868
128.625 1.49759 18.2706 28.5447 1.41867
128.656 1.49755 18.2705 28.5449 1.41868
128.688 1.4977 18.2706 28.5436 1.41864
128.719 1.49772 18.2705 28.5434 1.41864
128.75 1.49785 18.2706 28.5422 1.41861
128.781 1.498 18.2709 28.5411 1.41857
128.812 1.49802 18.2709 28.541 1.41857
128.844 1.49804 18.2708 28.5406 1.41856
128.875 1.49803 18.2707 28.5406 1.41857
128.906 1.49815 18.2709 28.5397 1.41854
128.938 1.49819 18.271 28.5395 1.41853
128.969 1.49823 18.271 28.5391 1.41852
129 1.49831 18.271 28.5384 1.4185
129.031 1.49841 18.271 28.5374 1.41848
129.062 1.49835 18.2708 28.5376 1.41849
129.094 1.49841 18.2708 28.5371 1.41848
129.125 1.49846 18.2708 28.5367 1.41847
129.156 1.49847 18.2708 28.5365 1.41846
129.188 1.4985 18.2708 28.5362 1.41845
129.219 1.4986 18.2709 28.5355 1.41843
129.25 1.49864 18.2708 28.535 1.41842
129.281 1.49869 18.2708 28.5345 1.41841
129.312 1.49862 18.2707 28.535 1.41843
129.344 1.49867 18.2707 28.5345 1.41841
129.375 1.49863 18.2706 28.5347 1.41842
129.406 1.49864 18.2704 28.5344 1.41842
129.438 1.49868 18.2704 28.5339 1.41841
129.469 1.49863 18.2703 28.5342 1.41842
129.5 1.49874 18.2703 28.5331 1.4184
129.531 1.49877 18.2702 28.5328 1.41839
129.562 1.4988 18.2701 28.5323 1.41838
129.594 1.49891 18.2702 28.5314 1.41836
129.625 1.49891 18.2701 28.5313 1.41836
129.656 1.49902 18.2701 28.5303 1.41833
129.688 1.49907 18.2702 28.5298 1.41832
129.719 1.49908 18.27 28.5295 1.41832
129.75 1.49922 18.2702 28.5285 1.41828
129.781 1.49925 18.2701 28.528 1.41828
129.812 1.49931 18.2701 28.5275 1.41826
129.844 1.49931 18.2701 28.5274 1.41826
129.875 1.49944 18.2703 28.5265 1.41823
129.906 1.49948 18.2703 28.5261 1.41822
129.938 1.49953 18.2702 28.5255 1.41821
129.969 1.49948 18.2701 28.5259 1.41822
130 1.49963 18.2702 28.5245 1.41819
130.031 1.49951 18.2699 28.5252 1.41822
130.062 1.49965 18.27 28.524 1.41818
130.094 1.49969 18.27 28.5237 1.41817
130.125 1.49978 18.27 28.5228 1.41815
130.156 1.49972 18.2698 28.523 1.41817
130.188 1.49997 18.27 28.5211 1.41811
130.219 1.49998 18.2699 28.5207 1.4181
130.25 1.49995 18.2697 28.5208 1.41811
130.281 1.50009 18.2699 28.5197 1.41808
130.312 1.50013 18.2698 28.5191 1.41807
130.344 1.50013 18.2696 28.519 1.41807
130.375 1.50025 18.2697 28.5179 1.41804
130.406 1.5003 18.2697 28.5173 1.41803
130.438 1.50033 18.2695 28.5169 1.41802
130.469 1.50036 18.2696 28.5167 1.41802
130.5 1.50045 18.2696 28.5158 1.41799
130.531 1.50059 18.2698 28.5148 1.41796
130.562 1.50065 18.2697 28.5141 1.41794
130.594 1.50075 18.2698 28.5133 1.41792
130.625 1.50076 18.2697 28.513 1.41792
130.656 1.5007 18.2694 28.5132 1.41793
130.688 1.50075 18.2694 28.5127 1.41792
130.719 1.50081 18.2694 28.512 1.41791
130.75 1.50083 18.2693 28.5118 1.4179
130.781 1.50079 18.2691 28.5118 1.41791
130.812 1.50092 18.2692 28.5107 1.41788
130.844 1.50099 18.2692 28.51 1.41787
130.875 1.50106 18.2692 28.5094 1.41785
130.906 1.50118 18.2693 28.5084 1.41782
130.938 1.50124 18.2693 28.5078 1.41781
130.969 1.50136 18.2693 28.5068 1.41778
131 1.50133 18.2692 28.5069 1.41779
131.031 1.50146 18.2694 28.5059 1.41775
131.062 1.50145 18.2693 28.506 1.41776
131.094 1.50146 18.2693 28.5058 1.41775
131.125 1.50149 18.2693 28.5055 1.41775
131.156 1.50155 18.2695 28.5052 1.41773
131.188 1.50163 18.2695 28.5045 1.41772
131.219 1.50161 18.2695 28.5047 1.41772
131.25 1.50167 18.2696 28.5042 1.4177
131.281 1.50166 18.2695 28.5042 1.41771
131.312 1.50172 18.2696 28.5038 1.41769
131.344 1.50181 18.2697 28.503 1.41767
131.375 1.50183 18.2697 28.5029 1.41767
131.406 1.50196 18.2699 28.5019 1.41764
131.438 1.50197 18.2698 28.5017 1.41764
131.469 1.50183 18.2695 28.5027 1.41767
131.5 1.50194 18.2698 28.502 1.41764
131.531 1.50205 18.2699 28.5011 1.41762
131.562 1.50216 18.2699 28.5002 1.41759
131.594 1.50217 18.2699 28.5001 1.41759
131.625 1.50221 18.2699 28.4996 1.41758
131.656 1.50227 18.2698 28.4989 1.41756
131.688 1.50233 18.2699 28.4984 1.41755
131.719 1.50234 18.2697 28.4981 1.41755
131.75 1.50242 18.2698 28.4974 1.41753
131.781 1.50252 18.2699 28.4967 1.41751
131.812 1.50254 18.2698 28.4963 1.4175
131.844 1.50259 18.2698 28.4959 1.41749
131.875 1.50259 18.2698 28.4958 1.41749
131.906 1.50273 18.2698 28.4945 1.41745
131.938 1.50285 18.2699 28.4936 1.41743
131.969 1.50302 18.2702 28.4923 1.41739
132 1.50316 18.2702 28.4911 1.41735
132.031 1.5033 18.2702 28.4898 1.41732
132.062 1.50349 18.2704 28.4882 1.41728
132.094 1.5036 18.2702 28.4869 1.41725
132.125 1.50383 18.2703 28.4849 1.4172
132.156 1.50397 18.2703 28.4836 1.41716
132.188 1.50419 18.2704 28.4817 1.41711
132.219 1.50443 18.2706 28.4797 1.41705
132.25 1.50472 18.2708 28.4772 1.41699
132.281 1.50499 18.2709 28.4749 1.41692
132.312 1.50534 18.271 28.4718 1.41684
132.344 1.50565 18.2713 28.4691 1.41677
132.375 1.50594 18.2714 28.4665 1.4167
132.406 1.50631 18.2717 28.4636 1.41661
132.438 1.50663 18.2717 28.4606 1.41654
132.469 1.50697 18.2718 28.4575 1.41646
132.5 1.50734 18.2719 28.4543 1.41637
132.531 1.50768 18.2721 28.4512 1.41629
132.562 1.50806 18.2721 28.4477 1.4162
132.594 1.50849 18.2723 28.444 1.4161
132.625 1.50883 18.2724 28.4409 1.41602
132.656 1.50922 18.2724 28.4372 1.41593
132.688 1.50968 18.2726 28.4332 1.41582
132.719 1.51017 18.2728 28.4289 1.41571
132.75 1.51065 18.2729 28.4245 1.41559
132.781 1.51113 18.273 28.4201 1.41548
132.812 1.51171 18.2732 28.4149 1.41534
132.844 1.51231 18.2735 28.4098 1.4152
132.875 1.51297 18.2738 28.4041 1.41505
132.906 1.51346 18.2738 28.3997 1.41494
132.938 1.5141 18.274 28.3938 1.41479
132.969 1.51464 18.2741 28.389 1.41466
133 1.51524 18.2743 28.3837 1.41452
133.031 1.51587 18.2744 28.378 1.41437
133.062 1.51652 18.2746 28.3721 1.41422
133.094 1.51714 18.2747 28.3665 1.41408
133.125 1.51781 18.2748 28.3604 1.41392
133.156 1.51851 18.2749 28.3541 1.41376
133.188 1.51924 18.2751 28.3475 1.41359
133.219 1.51994 18.2753 28.3412 1.41343
133.25 1.52069 18.2755 28.3345 1.41325
133.281 1.52137 18.2756 28.3284 1.41309
133.312 1.5222 18.2758 28.321 1.4129
133.344 1.52296 18.2759 28.314 1.41272
133.375 1.52363 18.2759 28.3078 1.41257
133.406 1.52448 18.2761 28.3003 1.41237
133.438 1.52531 18.2763 28.2928 1.41218
133.469 1.52608 18.2764 28.2859 1.412
133.5 1.52691 18.2765 28.2784 1.41181
133.531 1.52768 18.2766 28.2714 1.41163
133.562 1.52847 18.2767 28.2642 1.41145
133.594 1.52917 18.2766 28.2576 1.41129
133.625 1.53007 18.2767 28.2495 1.41108
133.656 1.5309 18.2769 28.2421 1.41089
133.688 1.53182 18.2771 28.2339 1.41068
133.719 1.53259 18.277 28.2266 1.4105
133.75 1.5335 18.2771 28.2186 1.41029
133.781 1.5343 18.277 28.211 1.41011
133.812 1.53518 18.2771 28.203 1.40991
133.844 1.53606 18.2773 28.1953 1.4097
133.875 1.53697 18.2775 28.1872 1.40949
133.906 1.5379 18.2777 28.1789 1.40928
133.938 1.53879 18.2777 28.1709 1.40908
133.969 1.53972 18.2779 28.1627 1.40886
134 1.54056 18.2779 28.1549 1.40867
134.031 1.54147 18.278 28.1467 1.40846
134.062 1.54231 18.2779 28.139 1.40827
134.094 1.5432 18.2779 28.1309 1.40807
134.125 1.54406 18.2779 28.1231 1.40787
134.156 1.54496 18.278 28.1149 1.40767
134.188 1.54595 18.2781 28.1061 1.40744
134.219 1.54679 18.2779 28.0983 1.40725
134.25 1.54771 18.278 28.09 1.40704
134.281 1.5486 18.2781 28.0821 1.40684
134.312 1.54947 18.2782 28.0743 1.40664
134.344 1.55035 18.2782 28.0664 1.40644
134.375 1.55119 18.2781 28.0586 1.40625
134.406 1.55205 18.2779 28.0506 1.40606
134.438 1.55295 18.2779 28.0424 1.40585
134.469 1.55385 18.2779 28.0344 1.40565
134.5 1.55471 18.2778 28.0265 1.40546
134.531 1.55576 18.2781 28.0174 1.40522
134.562 1.55672 18.2782 28.0088 1.405
134.594 1.55773 18.2784 28.0001 1.40478
134.625 1.55864 18.2783 27.9919 1.40457
134.656 1.55957 18.2785 27.9838 1.40436
134.688 1.56051 18.2785 27.9752 1.40415
134.719 1.56143 18.2785 27.9671 1.40394
134.75 1.5624 18.2787 27.9587 1.40372
134.781 1.56342 18.2789 27.9499 1.4035
134.812 1.56435 18.2791 27.9418 1.40329
134.844 1.56524 18.2791 27.9339 1.40309
134.875 1.56617 18.2791 27.9257 1.40288
134.906 1.56704 18.2791 27.918 1.40268
134.938 1.56787 18.2791 27.9105 1.4025
134.969 1.56881 18.2791 27.9022 1.40229
135 1.56969 18.2791 27.8943 1.40209
135.031 1.57054 18.2791 27.8868 1.4019
135.062 1.57141 18.2791 27.8791 1.40171
135.094 1.57229 18.2793 27.8716 1.40151
135.125 1.5731 18.2793 27.8643 1.40133
135.156 1.57394 18.2792 27.8568 1.40114
135.188 1.57481 18.2792 27.849 1.40095
135.219 1.57569 18.2792 27.8413 1.40075
135.25 1.57659 18.2793 27.8334 1.40055
135.281 1.57731 18.2791 27.8269 1.40039
135.312 1.57812 18.2792 27.8198 1.40021
135.344 1.57892 18.2792 27.8128 1.40004
135.375 1.57963 18.279 27.8062 1.39988
135.406 1.58046 18.2789 27.7988 1.3997
135.438 1.58121 18.2787 27.7919 1.39953
135.469 1.58199 18.2787 27.785 1.39936
135.5 1.58268 18.2785 27.7788 1.39921
135.531 1.5834 18.2785 27.7724 1.39905
135.562 1.58413 18.2786 27.7661 1.39889
135.594 1.58481 18.2786 27.7601 1.39873
135.625 1.58546 18.2783 27.754 1.39859
135.656 1.58615 18.2782 27.7478 1.39844
135.688 1.58684 18.2781 27.7417 1.39829
135.719 1.58753 18.278 27.7355 1.39814
135.75 1.58814 18.2779 27.73 1.398
135.781 1.58873 18.2777 27.7245 1.39787
135.812 1.58937 18.2776 27.7189 1.39773
135.844 1.58999 18.2775 27.7133 1.39759
135.875 1.59055 18.2772 27.7079 1.39747
135.906 1.5911 18.277 27.7028 1.39735
135.938 1.59168 18.2768 27.6975 1.39722
135.969 1.5923 18.2765 27.6917 1.39709
136 1.59292 18.2765 27.6862 1.39695
136.031 1.59343 18.2762 27.6814 1.39684
136.062 1.59409 18.2763 27.6758 1.39669
136.094 1.59462 18.2762 27.671 1.39658
136.125 1.5951 18.2758 27.6663 1.39647
136.156 1.59566 18.2757 27.6612 1.39635
136.188 1.59621 18.2756 27.6563 1.39623
136.219 1.59661 18.2753 27.6524 1.39614
136.25 1.5971 18.2751 27.6479 1.39604
136.281 1.59761 18.275 27.6433 1.39592
136.312 1.59816 18.275 27.6385 1.3958
136.344 1.5986 18.2747 27.6342 1.39571
136.375 1.59912 18.2746 27.6297 1.3956
136.406 1.59959 18.2744 27.6252 1.39549
136.438 1.6 18.2742 27.6214 1.3954
136.469 1.60039 18.2739 27.6177 1.39532
136.5 1.60082 18.2738 27.6137 1.39522
136.531 1.60135 18.2737 27.6091 1.39511
136.562 1.60176 18.2736 27.6054 1.39502
136.594 1.60232 18.2735 27.6004 1.3949
136.625 1.6027 18.2733 27.5968 1.39481
136.656 1.60313 18.2731 27.5929 1.39472
136.688 1.60359 18.273 27.5887 1.39462
136.719 1.60389 18.2727 27.5856 1.39456
136.75 1.60426 18.2725 27.5821 1.39448
136.781 1.60465 18.2723 27.5785 1.39439
136.812 1.60503 18.2719 27.5748 1.39431
136.844 1.60537 18.2716 27.5714 1.39423
136.875 1.60577 18.2715 27.5677 1.39415
136.906 1.60607 18.2711 27.5645 1.39408
136.938 1.60649 18.2709 27.5606 1.39399
136.969 1.60685 18.2708 27.5573 1.39391
137 1.60718 18.2706 27.5542 1.39384
137.031 1.60761 18.2706 27.5505 1.39375
137.062 1.60811 18.2706 27.5462 1.39364
137.094 1.60827 18.27 27.544 1.39361
137.125 1.60876 18.27 27.5398 1.3935
137.156 1.60908 18.2699 27.5368 1.39343
137.188 1.60944 18.2697 27.5335 1.39335
137.219 1.60984 18.2696 27.5299 1.39326
137.25 1.61011 18.2693 27.5272 1.39321
137.281 1.6104 18.269 27.5242 1.39314
137.312 1.61074 18.2688 27.521 1.39307
137.344 1.61115 18.2686 27.5174 1.39298
137.375 1.61152 18.2685 27.514 1.3929
137.406 1.61185 18.2683 27.5108 1.39283
137.438 1.6122 18.2681 27.5076 1.39276
137.469 1.61256 18.2679 27.5043 1.39268
137.5 1.61287 18.2677 27.5012 1.39261
137.531 1.61315 18.2674 27.4984 1.39255
137.562 1.61358 18.2672 27.4945 1.39246
137.594 1.61392 18.267 27.4912 1.39238
137.625 1.61443 18.2671 27.487 1.39227
137.656 1.6148 18.2669 27.4836 1.39219
137.688 1.6151 18.2666 27.4807 1.39213
137.719 1.6155 18.2665 27.4771 1.39204
137.75 1.6158 18.2662 27.474 1.39198
137.781 1.61613 18.2657 27.4706 1.39191
137.812 1.61657 18.2657 27.4668 1.39181
137.844 1.61696 18.2656 27.4633 1.39173
137.875 1.61742 18.2656 27.4593 1.39163
137.906 1.61783 18.2655 27.4557 1.39154
137.938 1.61815 18.2652 27.4525 1.39147
137.969 1.61863 18.265 27.4482 1.39137
138 1.61893 18.2647 27.4452 1.39131
138.031 1.61938 18.2647 27.4414 1.39121
138.062 1.61974 18.2645 27.438 1.39113
138.094 1.62023 18.2644 27.4337 1.39103
138.125 1.62072 18.2642 27.4294 1.39092
138.156 1.62111 18.2641 27.4258 1.39084
138.188 1.6216 18.264 27.4215 1.39073
138.219 1.6219 18.2636 27.4185 1.39067
138.25 1.62228 18.2634 27.4149 1.39059
138.281 1.62282 18.2634 27.4104 1.39047
138.312 1.62328 18.2634 27.4064 1.39037
138.344 1.62374 18.2632 27.4022 1.39027
138.375 1.62427 18.2631 27.3976 1.39016
138.406 1.62473 18.2629 27.3935 1.39006
138.438 1.62517 18.2627 27.3894 1.38997
138.469 1.62572 18.2626 27.3847 1.38985
138.5 1.62614 18.2623 27.3808 1.38976
138.531 1.62669 18.2623 27.3761 1.38964
138.562 1.62727 18.2623 27.3711 1.38952
138.594 1.62771 18.2621 27.3672 1.38943
138.625 1.62821 18.2619 27.3627 1.38932
138.656 1.62881 18.2619 27.3577 1.38919
138.688 1.62934 18.2618 27.353 1.38908
138.719 1.62975 18.2615 27.3492 1.38899
138.75 1.63028 18.2614 27.3445 1.38888
138.781 1.63068 18.2609 27.3405 1.38879
138.812 1.63113 18.2607 27.3364 1.3887
138.844 1.63163 18.2605 27.332 1.38859
138.875 1.63205 18.2604 27.3282 1.3885
138.906 1.6326 18.2604 27.3236 1.38838
138.938 1.63299 18.2602 27.3201 1.3883
138.969 1.63349 18.2601 27.3158 1.38819
139 1.63399 18.2601 27.3115 1.38809
139.031 1.63449 18.2599 27.3071 1.38798
139.062 1.63485 18.2595 27.3034 1.38791
139.094 1.63529 18.2593 27.2995 1.38781
139.125 1.63564 18.2591 27.2964 1.38774
139.156 1.63614 18.2592 27.2923 1.38763
139.188 1.63656 18.259 27.2885 1.38754
139.219 1.63704 18.2589 27.2843 1.38744
139.25 1.63747 18.2587 27.2804 1.38735
139.281 1.63797 18.2586 27.2762 1.38724
139.312 1.63832 18.2585 27.273 1.38717
139.344 1.63872 18.2584 27.2695 1.38709
139.375 1.63916 18.2583 27.2657 1.38699
139.406 1.63955 18.2581 27.2622 1.38691
139.438 1.64007 18.2582 27.2581 1.3868
139.469 1.64035 18.2579 27.2553 1.38674
139.5 1.64079 18.2579 27.2516 1.38665
139.531 1.64124 18.2581 27.2481 1.38655
139.562 1.64159 18.2579 27.245 1.38648
139.594 1.64196 18.2579 27.2418 1.3864
139.625 1.64235 18.2578 27.2385 1.38632
139.656 1.6427 18.2578 27.2355 1.38624
139.688 1.64314 18.2578 27.232 1.38615
139.719 1.64344 18.2577 27.2294 1.38609
139.75 1.64381 18.2577 27.2262 1.38601
139.781 1.64406 18.2576 27.224 1.38596
139.812 1.64441 18.2575 27.221 1.38588
139.844 1.64467 18.2574 27.2187 1.38583
139.875 1.64503 18.2576 27.2159 1.38575
139.906 1.64525 18.2574 27.2139 1.38571
139.938 1.64563 18.2574 27.2108 1.38563
139.969 1.64582 18.2572 27.2089 1.38559
140 1.6461 18.2573 27.2067 1.38553
140.031 1.64636 18.2573 27.2045 1.38547
140.062 1.64654 18.2571 27.2029 1.38544
140.094 1.64679 18.257 27.2006 1.38538
140.125 1.64696 18.2569 27.1991 1.38535
140.156 1.64711 18.2568 27.1976 1.38532
140.188 1.64729 18.2567 27.1961 1.38528
140.219 1.64755 18.2568 27.194 1.38522
140.25 1.64769 18.2566 27.1925 1.38519
140.281 1.64788 18.2564 27.1907 1.38515
140.312 1.64791 18.256 27.1899 1.38515
140.344 1.64807 18.2559 27.1885 1.38512
140.375 1.64838 18.256 27.186 1.38505
140.406 1.64847 18.2559 27.185 1.38503
140.438 1.64855 18.2555 27.1839 1.38501
140.469 1.6488 18.2555 27.1818 1.38496
140.5 1.64896 18.2554 27.1802 1.38493
140.531 1.64918 18.2554 27.1785 1.38488
140.562 1.6495 18.2555 27.176 1.38481
140.594 1.64964 18.2553 27.1746 1.38479
140.625 1.64991 18.2554 27.1725 1.38473
140.656 1.65001 18.2553 27.1715 1.38471
140.688 1.65025 18.2553 27.1695 1.38466
140.719 1.6504 18.2552 27.1681 1.38463
140.75 1.65074 18.2553 27.1654 1.38455
140.781 1.65094 18.2552 27.1636 1.38451
140.812 1.65111 18.255 27.1621 1.38448
140.844 1.65132 18.255 27.1602 1.38443
140.875 1.6515 18.2548 27.1585 1.38439
140.906 1.65161 18.2546 27.1573 1.38437
140.938 1.65172 18.2543 27.156 1.38435
140.969 1.65192 18.2542 27.1541 1.38431
141 1.65208 18.2541 27.1526 1.38427
141.031 1.65235 18.2539 27.1503 1.38422
141.062 1.65243 18.2535 27.149 1.3842
141.094 1.65267 18.2535 27.1469 1.38415
141.125 1.65292 18.2534 27.1447 1.3841
141.156 1.65319 18.2532 27.1421 1.38404
141.188 1.6534 18.2528 27.14 1.384
141.219 1.65376 18.2528 27.1369 1.38392
141.25 1.65398 18.2526 27.1348 1.38387
141.281 1.6543 18.2524 27.132 1.38381
141.312 1.65452 18.2521 27.1297 1.38376
141.344 1.65478 18.2519 27.1272 1.38371
141.375 1.6552 18.2518 27.1237 1.38362
141.406 1.65544 18.2515 27.1213 1.38357
141.438 1.65573 18.2514 27.1186 1.38351
141.469 1.65608 18.2511 27.1155 1.38344
141.5 1.6564 18.2509 27.1126 1.38337
141.531 1.65687 18.2509 27.1087 1.38327
141.562 1.65726 18.2509 27.1054 1.38319
141.594 1.65755 18.2505 27.1025 1.38313
141.625 1.65786 18.2501 27.0995 1.38307
141.656 1.65817 18.2498 27.0965 1.383
141.688 1.65859 18.2496 27.0927 1.38291
141.719 1.65907 18.2495 27.0887 1.38281
141.75 1.65951 18.2493 27.0848 1.38272
141.781 1.65987 18.249 27.0814 1.38265
141.812 1.6602 18.2485 27.0779 1.38258
141.844 1.6605 18.2481 27.0749 1.38251
141.875 1.66096 18.248 27.0711 1.38242
141.906 1.66139 18.2478 27.0672 1.38233
141.938 1.66183 18.2476 27.0633 1.38224
141.969 1.66213 18.2472 27.0602 1.38218
142 1.66251 18.2469 27.0566 1.3821
142.031 1.66304 18.2467 27.0521 1.38199
142.062 1.66332 18.2462 27.0491 1.38193
142.094 1.66374 18.246 27.0453 1.38184
142.125 1.6641 18.2457 27.0419 1.38177
142.156 1.66451 18.2453 27.0382 1.38168
142.188 1.66486 18.245 27.0348 1.38161
142.219 1.66533 18.2447 27.0306 1.38151
142.25 1.66572 18.2443 27.0268 1.38143
142.281 1.66609 18.244 27.0232 1.38135
142.312 1.66644 18.2435 27.0197 1.38128
142.344 1.66693 18.2432 27.0153 1.38118
142.375 1.66729 18.2427 27.0116 1.3811
142.406 1.66783 18.2426 27.0071 1.38099
142.438 1.66829 18.2424 27.0031 1.3809
142.469 1.66876 18.2423 26.9992 1.3808
142.5 1.66926 18.2421 26.9949 1.3807
142.531 1.66962 18.2417 26.9914 1.38062
142.562 1.67006 18.2416 26.9876 1.38053
142.594 1.67044 18.2412 26.9839 1.38045
142.625 1.67086 18.2409 26.9802 1.38037
142.656 1.67128 18.2408 26.9766 1.38028
142.688 1.67162 18.2404 26.9733 1.38021
142.719 1.67205 18.2401 26.9694 1.38012
142.75 1.67235 18.2398 26.9665 1.38006
142.781 1.67269 18.2395 26.9633 1.37999
142.812 1.67308 18.2393 26.9599 1.37991
142.844 1.67338 18.2389 26.9569 1.37985
142.875 1.67384 18.2388 26.9531 1.37975
142.906 1.67425 18.2385 26.9493 1.37967
142.938 1.67455 18.2381 26.9463 1.37961
142.969 1.67491 18.2379 26.943 1.37953
143 1.67527 18.2377 26.9399 1.37946
143.031 1.67558 18.2373 26.9368 1.37939
143.062 1.6759 18.2371 26.9339 1.37933
143.094 1.67624 18.2369 26.9309 1.37926
143.125 1.67652 18.2366 26.9282 1.3792
143.156 1.67687 18.2364 26.9251 1.37913
143.188 1.67717 18.2361 26.9223 1.37907
143.219 1.67749 18.236 26.9196 1.379
143.25 1.67778 18.2359 26.917 1.37894
143.281 1.67814 18.2358 26.914 1.37887
143.312 1.67854 18.2358 26.9109 1.37879
143.344 1.67878 18.2355 26.9085 1.37874
143.375 1.67911 18.2355 26.9058 1.37867
143.406 1.67928 18.2351 26.904 1.37863
143.438 1.67951 18.2349 26.9017 1.37859
143.469 1.67985 18.2348 26.8989 1.37852
143.5 1.68019 18.2349 26.8962 1.37845
143.531 1.68046 18.2349 26.894 1.37839
143.562 1.68079 18.2348 26.8914 1.37832
143.594 1.68102 18.2346 26.8891 1.37828
143.625 1.68133 18.2345 26.8866 1.37821
143.656 1.68156 18.2344 26.8845 1.37817
143.688 1.68187 18.2343 26.882 1.3781
143.719 1.68214 18.2342 26.8797 1.37805
143.75 1.68245 18.2342 26.8771 1.37798
143.781 1.68273 18.2342 26.8749 1.37793
143.812 1.68301 18.2342 26.8727 1.37787
143.844 1.68335 18.2343 26.8701 1.3778
143.875 1.68356 18.2342 26.8683 1.37776
143.906 1.68368 18.234 26.8671 1.37773
143.938 1.68387 18.2339 26.8653 1.37769
143.969 1.68405 18.2337 26.8637 1.37766
144 1.6842 18.2336 26.8622 1.37763
144.031 1.68446 18.2337 26.8604 1.37757
144.062 1.6847 18.2337 26.8584 1.37752
144.094 1.68492 18.2336 26.8565 1.37748
144.125 1.68518 18.2336 26.8544 1.37742
144.156 1.68554 18.2339 26.852 1.37735
144.188 1.68579 18.2338 26.85 1.3773
144.219 1.68614 18.234 26.8475 1.37723
144.25 1.68638 18.2341 26.8457 1.37718
144.281 1.68663 18.2342 26.8439 1.37713
144.312 1.68688 18.2343 26.8419 1.37708
144.344 1.68704 18.2342 26.8406 1.37705
144.375 1.68734 18.2343 26.8383 1.37698
144.406 1.6875 18.2343 26.8371 1.37695
144.438 1.68776 18.2344 26.8352 1.3769
144.469 1.68802 18.2346 26.8333 1.37684
144.5 1.68832 18.2348 26.8314 1.37679
144.531 1.6886 18.235 26.8293 1.37673
144.562 1.68883 18.2351 26.8277 1.37668
144.594 1.68906 18.2353 26.8261 1.37663
144.625 1.68933 18.2354 26.8241 1.37658
144.656 1.68949 18.2353 26.8227 1.37654
144.688 1.68981 18.2355 26.8205 1.37648
144.719 1.69003 18.2356 26.8189 1.37644
144.75 1.69025 18.2357 26.8173 1.37639
144.781 1.69051 18.2357 26.8153 1.37634
144.812 1.69073 18.2357 26.8135 1.37629
144.844 1.69103 18.2359 26.8114 1.37623
144.875 1.69121 18.236 26.8101 1.3762
144.906 1.69155 18.2362 26.8077 1.37613
144.938 1.69171 18.2362 26.8064 1.37609
144.969 1.69192 18.2363 26.8049 1.37605
145 1.6922 18.2366 26.8031 1.37599
145.031 1.69244 18.2367 26.8015 1.37595
145.062 1.69268 18.2368 26.7996 1.3759
145.094 1.69303 18.2371 26.7972 1.37583
145.125 1.69329 18.2372 26.7954 1.37577
145.156 1.69353 18.2372 26.7935 1.37572
145.188 1.69389 18.2374 26.791 1.37565
145.219 1.69414 18.2375 26.7891 1.3756
145.25 1.69441 18.2376 26.7871 1.37555
145.281 1.69464 18.2375 26.7853 1.3755
145.312 1.69488 18.2376 26.7834 1.37545
145.344 1.69518 18.2377 26.7812 1.37539
145.375 1.69563 18.238 26.7781 1.3753
145.406 1.69585 18.238 26.7764 1.37525
145.438 1.6962 18.2383 26.774 1.37518
145.469 1.69659 18.2384 26.7712 1.3751
145.5 1.69683 18.2385 26.7694 1.37506
145.531 1.69728 18.2389 26.7664 1.37496
145.562 1.69765 18.239 26.7637 1.37489
145.594 1.69804 18.2392 26.7609 1.37481
145.625 1.69853 18.2396 26.7576 1.37471
145.656 1.69891 18.2399 26.7549 1.37463
145.688 1.69927 18.24 26.7524 1.37456
145.719 1.69971 18.2403 26.7493 1.37447
145.75 1.70005 18.2403 26.7466 1.3744
145.781 1.70045 18.2404 26.7437 1.37432
145.812 1.7008 18.2405 26.741 1.37425
145.844 1.70128 18.2408 26.7377 1.37415
145.875 1.70161 18.2409 26.7353 1.37409
145.906 1.70207 18.2411 26.7319 1.374
145.938 1.70248 18.2413 26.7289 1.37391
145.969 1.70302 18.2415 26.725 1.3738
146 1.70345 18.2415 26.7217 1.37372
146.031 1.70384 18.2415 26.7187 1.37364
146.062 1.7043 18.2418 26.7155 1.37355
146.094 1.7049 18.2421 26.7113 1.37343
146.125 1.70531 18.242 26.7079 1.37334
146.156 1.7058 18.2422 26.7043 1.37324
146.188 1.7063 18.2423 26.7005 1.37314
146.219 1.70692 18.2426 26.6962 1.37302
146.25 1.70741 18.2428 26.6926 1.37292
146.281 1.70786 18.2428 26.689 1.37283
146.312 1.70844 18.2431 26.6849 1.37271
146.344 1.70909 18.2435 26.6805 1.37258
146.375 1.70955 18.2435 26.6768 1.37249
146.406 1.71016 18.2436 26.6724 1.37237
146.438 1.71071 18.2439 26.6684 1.37226
146.469 1.71131 18.244 26.664 1.37214
146.5 1.71189 18.2442 26.6597 1.37202
146.531 1.71244 18.2445 26.6558 1.37191
146.562 1.71308 18.2448 26.6513 1.37178
146.594 1.71367 18.2449 26.6469 1.37166
146.625 1.71421 18.245 26.6429 1.37156
146.656 1.7149 18.2454 26.638 1.37142
146.688 1.71563 18.2458 26.633 1.37127
146.719 1.71618 18.2459 26.6288 1.37116
146.75 1.71679 18.246 26.6242 1.37104
146.781 1.71734 18.2461 26.6202 1.37093
146.812 1.71801 18.2464 26.6153 1.3708
146.844 1.71867 18.2466 26.6105 1.37067
146.875 1.71932 18.2469 26.6059 1.37054
146.906 1.71998 18.2472 26.6013 1.37041
146.938 1.7206 18.2474 26.5968 1.37028
146.969 1.72132 18.2478 26.5918 1.37014
147 1.72199 18.2483 26.5873 1.37
147.031 1.72262 18.2486 26.5829 1.36988
147.062 1.72332 18.2489 26.578 1.36974
147.094 1.72387 18.249 26.5738 1.36963
147.125 1.72449 18.2492 26.5694 1.36951
147.156 1.72507 18.2494 26.5652 1.36939
147.188 1.72563 18.2496 26.5612 1.36928
147.219 1.72633 18.2499 26.5563 1.36914
147.25 1.72696 18.2503 26.552 1.36902
147.281 1.72769 18.2507 26.547 1.36887
147.312 1.72838 18.2512 26.5424 1.36874
147.344 1.72907 18.2515 26.5375 1.3686
147.375 1.72966 18.2518 26.5335 1.36848
147.406 1.7304 18.2524 26.5286 1.36834
147.438 1.73106 18.2529 26.5242 1.36821
147.469 1.73187 18.2537 26.5192 1.36805
147.5 1.73252 18.2541 26.5149 1.36792
147.531 1.73317 18.2545 26.5104 1.36779
147.562 1.73382 18.2549 26.5061 1.36766
147.594 1.7345 18.2554 26.5016 1.36753
147.625 1.7351 18.2558 26.4975 1.36741
147.656 1.73563 18.2561 26.494 1.3673
147.688 1.73626 18.2566 26.4899 1.36718
147.719 1.73689 18.2571 26.4858 1.36706
147.75 1.73748 18.2574 26.4818 1.36694
147.781 1.73808 18.2578 26.4778 1.36682
147.812 1.73876 18.2585 26.4735 1.36669
147.844 1.73936 18.259 26.4697 1.36657
147.875 1.73999 18.2595 26.4657 1.36645
147.906 1.7407 18.2601 26.4612 1.36631
147.938 1.74123 18.2603 26.4575 1.3662
147.969 1.7419 18.2609 26.4531 1.36607
148 1.74252 18.2614 26.4492 1.36595
148.031 1.74318 18.2622 26.4453 1.36582
148.062 1.74383 18.2628 26.4413 1.36569
148.094 1.74436 18.2632 26.4378 1.36559
148.125 1.7449 18.2635 26.4343 1.36549
148.156 1.74537 18.2638 26.4311 1.36539
148.188 1.7459 18.2643 26.4279 1.36529
148.219 1.74651 18.2648 26.424 1.36517
148.25 1.74703 18.2654 26.4208 1.36507
148.281 1.74756 18.266 26.4177 1.36497
148.312 1.74809 18.2666 26.4145 1.36486
148.344 1.74867 18.2671 26.411 1.36475
148.375 1.74924 18.2678 26.4077 1.36464
148.406 1.7498 18.2684 26.4043 1.36453
148.438 1.75039 18.2692 26.4009 1.36441
148.469 1.75084 18.2696 26.3981 1.36433
148.5 1.75138 18.2702 26.395 1.36422
148.531 1.75189 18.2709 26.3921 1.36412
148.562 1.75231 18.2713 26.3895 1.36404
148.594 1.75292 18.272 26.386 1.36392
148.625 1.7535 18.2726 26.3825 1.36381
148.656 1.75404 18.2733 26.3794 1.3637
148.688 1.75454 18.2738 26.3764 1.36361
148.719 1.75496 18.2743 26.3739 1.36352
148.75 1.75544 18.2747 26.3709 1.36343
148.781 1.75592 18.2751 26.3679 1.36334
148.812 1.7564 18.2758 26.3652 1.36324
148.844 1.75695 18.2765 26.3622 1.36314
148.875 1.7574 18.2771 26.3596 1.36305
148.906 1.75786 18.2777 26.3571 1.36296
148.938 1.75831 18.2782 26.3544 1.36287
148.969 1.75889 18.2789 26.3512 1.36276
149 1.75942 18.2796 26.3482 1.36266
149.031 1.75992 18.2803 26.3454 1.36256
149.062 1.7604 18.2808 26.3425 1.36247
149.094 1.76098 18.2815 26.3393 1.36236
149.125 1.76144 18.2821 26.3366 1.36227
149.156 1.76179 18.2824 26.3344 1.3622
149.188 1.76227 18.283 26.3317 1.36211
149.219 1.76272 18.2835 26.3291 1.36202
149.25 1.7632 18.2841 26.3263 1.36193
149.281 1.76365 18.2845 26.3235 1.36184
149.312 1.76405 18.2849 26.3212 1.36176
149.344 1.76458 18.2855 26.3181 1.36166
149.375 1.76498 18.2858 26.3155 1.36158
149.406 1.76544 18.2864 26.313 1.3615
149.438 1.76588 18.287 26.3106 1.36141
149.469 1.76638 18.2876 26.3077 1.36131
149.5 1.76692 18.2882 26.3046 1.36121
149.531 1.7675 18.2889 26.3012 1.3611
149.562 1.76805 18.2894 26.2979 1.36099
149.594 1.76849 18.2899 26.2952 1.36091
149.625 1.76903 18.2902 26.2918 1.36081
149.656 1.76954 18.2907 26.2887 1.36071
149.688 1.77007 18.2912 26.2855 1.36061
149.719 1.77062 18.2918 26.2822 1.3605
149.75 1.77115 18.2923 26.279 1.3604
149.781 1.77174 18.2928 26.2754 1.36028
149.812 1.77238 18.2934 26.2714 1.36016
149.844 1.77294 18.2938 26.2679 1.36005
149.875 1.77345 18.2941 26.2646 1.35996
149.906 1.77393 18.2945 26.2615 1.35986
149.938 1.77444 18.2949 26.2583 1.35977
149.969 1.77516 18.2956 26.254 1.35963
150 1.77579 18.2962 26.2502 1.35951
150.031 1.77642 18.2967 26.2463 1.35939
150.062 1.77702 18.2971 26.2424 1.35927
150.094 1.77759 18.2976 26.2389 1.35916
150.125 1.77817 18.2981 26.2354 1.35905
150.156 1.77883 18.2986 26.2312 1.35893
150.188 1.77935 18.2988 26.2277 1.35883
150.219 1.77993 18.2992 26.224 1.35872
150.25 1.78056 18.2998 26.2202 1.3586
150.281 1.78105 18.3001 26.217 1.3585
150.312 1.7817 18.3006 26.213 1.35838
150.344 1.78231 18.3011 26.2092 1.35826
150.375 1.78284 18.3014 26.2058 1.35816
150.406 1.78354 18.3021 26.2016 1.35803
150.438 1.7842 18.3028 26.1977 1.3579
150.469 1.78478 18.3032 26.1941 1.35779
150.5 1.78539 18.3038 26.1904 1.35768
150.531 1.78593 18.3043 26.1872 1.35757
150.562 1.78643 18.3046 26.1839 1.35748
150.594 1.78697 18.305 26.1806 1.35738
150.625 1.78757 18.3055 26.1768 1.35726
150.656 1.78807 18.3059 26.1737 1.35717
150.688 1.78875 18.3066 26.1698 1.35704
150.719 1.78921 18.3069 26.1669 1.35695
150.75 1.78976 18.3073 26.1634 1.35685
150.781 1.79029 18.3077 26.1602 1.35675
150.812 1.79073 18.3081 26.1575 1.35666
150.844 1.79109 18.3083 26.1551 1.35659
150.875 1.79165 18.3089 26.1518 1.35649
150.906 1.79209 18.3092 26.1491 1.3564
150.938 1.79231 18.3092 26.1476 1.35636
150.969 1.79276 18.3097 26.145 1.35628
151 1.79317 18.3101 26.1425 1.3562
151.031 1.79357 18.3104 26.1401 1.35613
151.062 1.79391 18.3107 26.138 1.35606
151.094 1.79426 18.3111 26.136 1.35599
151.125 1.79448 18.3113 26.1346 1.35595
151.156 1.7949 18.3116 26.1321 1.35587
151.188 1.79527 18.312 26.1299 1.3558
151.219 1.79574 18.3126 26.1274 1.35572
151.25 1.7959 18.3128 26.1265 1.35569
151.281 1.79614 18.3131 26.1253 1.35564
151.312 1.79633 18.3134 26.1243 1.35561
151.344 1.79658 18.3138 26.1229 1.35556
151.375 1.79684 18.3142 26.1217 1.35551
151.406 1.79708 18.3146 26.1205 1.35546
151.438 1.79715 18.3149 26.1204 1.35545
151.469 1.79736 18.3153 26.1194 1.35541
151.5 1.79747 18.3155 26.119 1.35539
151.531 1.79756 18.3157 26.1186 1.35537
151.562 1.79773 18.3162 26.118 1.35534
151.594 1.7979 18.3164 26.1172 1.35531
151.625 1.79801 18.3168 26.1169 1.35529
151.656 1.79807 18.317 26.1168 1.35528
151.688 1.79821 18.3174 26.1163 1.35525
151.719 1.79819 18.3177 26.1169 1.35525
151.75 1.79831 18.318 26.1164 1.35523
151.781 1.79826 18.3183 26.1172 1.35524
151.812 1.79826 18.3185 26.1175 1.35524
151.844 1.79822 18.3188 26.1183 1.35525
151.875 1.79816 18.3191 26.119 1.35526
151.906 1.79816 18.3195 26.1196 1.35526
151.938 1.79807 18.3198 26.1208 1.35528
151.969 1.79805 18.3203 26.1215 1.35528
152 1.79794 18.3206 26.1228 1.3553
152.031 1.79788 18.3211 26.1239 1.35531
152.062 1.79766 18.3212 26.1257 1.35535
152.094 1.79755 18.3216 26.1271 1.35538
152.125 1.79742 18.3221 26.1287 1.3554
152.156 1.79725 18.3223 26.1303 1.35543
152.188 1.79695 18.3225 26.1328 1.35549
152.219 1.79684 18.323 26.1342 1.35551
152.25 1.7966 18.3232 26.1362 1.35555
152.281 1.79631 18.3234 26.1386 1.35561
152.312 1.79614 18.3237 26.1402 1.35564
152.344 1.79581 18.3239 26.1431 1.3557
152.375 1.79557 18.3244 26.1454 1.35575
152.406 1.79534 18.3248 26.1477 1.35579
152.438 1.79527 18.3254 26.1491 1.3558
152.469 1.79491 18.3256 26.152 1.35587
152.5 1.7946 18.3258 26.1546 1.35593
152.531 1.7943 18.3261 26.1572 1.35599
152.562 1.79386 18.3263 26.1606 1.35607
152.594 1.79369 18.3268 26.1626 1.3561
152.625 1.79349 18.3272 26.1647 1.35614
152.656 1.79312 18.3275 26.1678 1.35621
152.688 1.7928 18.3279 26.1706 1.35627
152.719 1.79235 18.3281 26.1743 1.35636
152.75 1.79194 18.3284 26.1777 1.35643
152.781 1.79154 18.3287 26.181 1.35651
152.812 1.79108 18.3289 26.1846 1.3566
152.844 1.79073 18.3292 26.1876 1.35666
152.875 1.79043 18.3297 26.1905 1.35672
152.906 1.78998 18.3299 26.1941 1.3568
152.938 1.78949 18.3301 26.198 1.3569
152.969 1.78911 18.3304 26.2012 1.35697
153 1.78868 18.3308 26.205 1.35705
153.031 1.7882 18.331 26.2088 1.35714
153.062 1.78769 18.3312 26.2128 1.35724
153.094 1.78722 18.3315 26.2167 1.35733
153.125 1.78675 18.3318 26.2206 1.35742
153.156 1.78647 18.3324 26.2233 1.35747
153.188 1.78601 18.3327 26.2272 1.35756
153.219 1.78566 18.3331 26.2305 1.35763
153.25 1.78507 18.3334 26.2351 1.35774
153.281 1.78457 18.3338 26.2393 1.35783
153.312 1.78415 18.3341 26.2429 1.35791
153.344 1.78363 18.3344 26.2472 1.35801
153.375 1.78312 18.3347 26.2514 1.35811
153.406 1.78257 18.335 26.2558 1.35821
153.438 1.78198 18.3351 26.2603 1.35832
153.469 1.78141 18.3354 26.265 1.35843
153.5 1.7808 18.3356 26.2696 1.35855
153.531 1.78026 18.3358 26.2741 1.35865
153.562 1.7798 18.3364 26.2782 1.35874
153.594 1.77916 18.3365 26.2831 1.35886
153.625 1.7785 18.3366 26.2881 1.35899
153.656 1.77785 18.3367 26.2931 1.35911
153.688 1.77725 18.337 26.2979 1.35923
153.719 1.7767 18.3373 26.3024 1.35933
153.75 1.77612 18.3375 26.307 1.35944
153.781 1.77562 18.3378 26.3112 1.35954
153.812 1.77501 18.3381 26.3161 1.35966
153.844 1.77443 18.3383 26.3207 1.35977
153.875 1.77385 18.3386 26.3254 1.35988
153.906 1.77332 18.3388 26.3297 1.35998
153.938 1.77281 18.3393 26.3341 1.36008
153.969 1.77225 18.3396 26.3387 1.36019
154 1.77169 18.3398 26.3432 1.36029
154.031 1.77121 18.3402 26.3473 1.36039
154.062 1.77073 18.3406 26.3515 1.36048
154.094 1.77014 18.3408 26.3562 1.36059
154.125 1.7697 18.3412 26.36 1.36068
154.156 1.76919 18.3416 26.3644 1.36077
154.188 1.76869 18.3419 26.3686 1.36087
154.219 1.7682 18.3423 26.3729 1.36097
154.25 1.76758 18.3426 26.3778 1.36108
154.281 1.76711 18.343 26.3819 1.36117
154.312 1.76653 18.3432 26.3866 1.36129
154.344 1.766 18.3435 26.391 1.36139
154.375 1.76542 18.3438 26.3957 1.3615
154.406 1.76489 18.3441 26.4001 1.3616
154.438 1.76446 18.3446 26.404 1.36169
154.469 1.76386 18.3447 26.4086 1.3618
154.5 1.76335 18.3449 26.4127 1.3619
154.531 1.76284 18.3451 26.4169 1.362
154.562 1.76236 18.3454 26.4209 1.36209
154.594 1.76198 18.3457 26.4241 1.36216
154.625 1.76156 18.3459 26.4276 1.36224
154.656 1.76116 18.3462 26.4311 1.36232
154.688 1.76066 18.3465 26.4352 1.36242
154.719 1.76028 18.3469 26.4386 1.36249
154.75 1.75991 18.3472 26.442 1.36257
154.781 1.75938 18.3474 26.4462 1.36267
154.812 1.7589 18.3476 26.4501 1.36276
154.844 1.75854 18.3481 26.4535 1.36283
154.875 1.75823 18.3486 26.4565 1.36289
154.906 1.75778 18.3488 26.4602 1.36298
154.938 1.7573 18.3489 26.4639 1.36307
154.969 1.75695 18.3493 26.4672 1.36314
155 1.75654 18.3496 26.4706 1.36322
155.031 1.75618 18.3499 26.4739 1.36329
155.062 1.75584 18.3502 26.4768 1.36335
155.094 1.75542 18.3503 26.4801 1.36343
155.125 1.75513 18.3507 26.4829 1.36349
155.156 1.75471 18.3509 26.4864 1.36357
155.188 1.75435 18.3511 26.4894 1.36364
155.219 1.75395 18.3513 26.4927 1.36372
155.25 1.75361 18.3516 26.4957 1.36379
155.281 1.75323 18.3517 26.4987 1.36386
155.312 1.75318 18.3523 26.5 1.36387
155.344 1.75279 18.3523 26.503 1.36395
155.375 1.75243 18.3525 26.5058 1.36401
155.406 1.75205 18.3526 26.5089 1.36409
155.438 1.7516 18.3525 26.5122 1.36418
155.469 1.75128 18.3527 26.5149 1.36424
155.5 1.75102 18.3529 26.5171 1.36429
155.531 1.75062 18.3529 26.5201 1.36437
155.562 1.7504 18.3532 26.5223 1.36441
155.594 1.75008 18.3532 26.5248 1.36447
155.625 1.74979 18.3535 26.5274 1.36453
155.656 1.74959 18.3539 26.5295 1.36457
155.688 1.74933 18.3541 26.5318 1.36462
155.719 1.74907 18.3542 26.5339 1.36467
155.75 1.74878 18.3544 26.5363 1.36473
155.781 1.74857 18.3547 26.5384 1.36477
155.812 1.74841 18.3551 26.5401 1.3648
155.844 1.74817 18.3552 26.5421 1.36485
155.875 1.7479 18.3554 26.5445 1.3649
155.906 1.74777 18.3559 26.5462 1.36492
155.938 1.74752 18.3562 26.5484 1.36497
155.969 1.7472 18.3563 26.551 1.36503
156 1.74697 18.3564 26.553 1.36508
156.031 1.74674 18.3566 26.555 1.36513
156.062 1.74647 18.3568 26.5573 1.36518
156.094 1.74608 18.3567 26.5602 1.36525
156.125 1.74586 18.357 26.5622 1.3653
156.156 1.7455 18.357 26.565 1.36537
156.188 1.74525 18.3572 26.5672 1.36542
156.219 1.74508 18.3575 26.569 1.36545
156.25 1.74487 18.3578 26.5709 1.36549
156.281 1.74464 18.358 26.573 1.36554
156.312 1.74439 18.3582 26.5752 1.36558
156.344 1.7441 18.3585 26.5778 1.36564
156.375 1.74384 18.3587 26.5801 1.36569
156.406 1.7436 18.359 26.5823 1.36574
156.438 1.74336 18.3591 26.5844 1.36579
156.469 1.74298 18.3591 26.5873 1.36586
156.5 1.74269 18.3593 26.5898 1.36592
156.531 1.74234 18.3595 26.5927 1.36599
156.562 1.74204 18.3597 26.5954 1.36605
156.594 1.74165 18.3598 26.5984 1.36612
156.625 1.74128 18.3599 26.6014 1.36619
156.656 1.74093 18.3601 26.6043 1.36626
156.688 1.74053 18.3602 26.6075 1.36634
156.719 1.74024 18.3605 26.6102 1.3664
156.75 1.74004 18.3609 26.6123 1.36644
156.781 1.73958 18.361 26.6159 1.36653
156.812 1.73914 18.3611 26.6196 1.36661
156.844 1.73859 18.3611 26.6237 1.36672
156.875 1.73803 18.3611 26.628 1.36683
156.906 1.73753 18.3613 26.632 1.36693
156.938 1.7371 18.3615 26.6357 1.36701
156.969 1.73675 18.3618 26.6388 1.36708
157 1.7361 18.3618 26.6437 1.36721
157.031 1.73548 18.3618 26.6485 1.36733
157.062 1.73508 18.3622 26.6522 1.36741
157.094 1.73448 18.3623 26.6569 1.36753
157.125 1.73387 18.3622 26.6616 1.36765
157.156 1.73314 18.362 26.6668 1.36779
157.188 1.73246 18.3621 26.6722 1.36793
157.219 1.73182 18.3622 26.6772 1.36806
157.25 1.73113 18.3622 26.6825 1.36819
157.281 1.73043 18.3623 26.6881 1.36833
157.312 1.72974 18.3623 26.6935 1.36847
157.344 1.72896 18.3623 26.6995 1.36862
157.375 1.72815 18.3623 26.7058 1.36878
157.406 1.72729 18.3621 26.7121 1.36895
157.438 1.72651 18.3622 26.7182 1.36911
157.469 1.72564 18.3621 26.7248 1.36928
157.5 1.72488 18.3622 26.7309 1.36943
157.531 1.72407 18.3622 26.7372 1.36959
157.562 1.7232 18.3621 26.7438 1.36976
157.594 1.72222 18.3619 26.7511 1.36996
157.625 1.72139 18.362 26.7577 1.37012
157.656 1.72032 18.3617 26.7656 1.37034
157.688 1.71953 18.3619 26.772 1.37049
157.719 1.71863 18.3619 26.779 1.37067
157.75 1.71777 18.362 26.7858 1.37084
157.781 1.71678 18.3618 26.7933 1.37104
157.812 1.71584 18.3618 26.8007 1.37123
157.844 1.71479 18.3617 26.8086 1.37144
157.875 1.71369 18.3614 26.8169 1.37166
157.906 1.71267 18.3612 26.8246 1.37186
157.938 1.71158 18.3611 26.8329 1.37208
157.969 1.71035 18.3607 26.842 1.37233
158 1.70916 18.3604 26.8509 1.37257
158.031 1.70805 18.3601 26.8592 1.37279
158.062 1.70708 18.3602 26.867 1.37299
158.094 1.706 18.3602 26.8754 1.3732
158.125 1.7049 18.3601 26.8839 1.37342
158.156 1.70374 18.3598 26.8927 1.37366
158.188 1.70264 18.3596 26.9012 1.37388
158.219 1.70162 18.3597 26.9092 1.37409
158.25 1.70051 18.3595 26.9178 1.37431
158.281 1.69937 18.3593 26.9266 1.37454
158.312 1.69821 18.3591 26.9354 1.37478
158.344 1.6971 18.3589 26.944 1.375
158.375 1.69596 18.3587 26.9528 1.37523
158.406 1.69485 18.3587 26.9616 1.37546
158.438 1.69387 18.3589 26.9696 1.37566
158.469 1.69266 18.3586 26.9788 1.3759
158.5 1.69155 18.3585 26.9876 1.37613
158.531 1.69037 18.3584 26.9967 1.37637
158.562 1.6892 18.3582 27.0058 1.3766
158.594 1.68799 18.358 27.0152 1.37685
158.625 1.68684 18.3579 27.0242 1.37709
158.656 1.6857 18.3577 27.0332 1.37732
158.688 1.68441 18.3574 27.043 1.37758
158.719 1.68318 18.3571 27.0525 1.37783
158.75 1.6821 18.357 27.061 1.37806
158.781 1.68097 18.3569 27.07 1.37829
158.812 1.67989 18.3569 27.0787 1.37851
158.844 1.67881 18.3569 27.0873 1.37873
158.875 1.67774 18.3568 27.0959 1.37895
158.906 1.67667 18.3568 27.1044 1.37917
158.938 1.67556 18.3567 27.1133 1.3794
158.969 1.67445 18.3566 27.1222 1.37963
159 1.67332 18.3566 27.1312 1.37986
159.031 1.67228 18.3566 27.1397 1.38007
159.062 1.67116 18.3565 27.1487 1.3803
159.094 1.67001 18.3564 27.1579 1.38054
159.125 1.6688 18.3562 27.1675 1.38079
159.156 1.66766 18.3562 27.1767 1.38103
159.188 1.66644 18.3559 27.1862 1.38128
159.219 1.66536 18.3558 27.1949 1.3815
159.25 1.66411 18.3555 27.2047 1.38177
159.281 1.66292 18.3554 27.2143 1.38201
159.312 1.66191 18.3554 27.2224 1.38222
159.344 1.66096 18.3557 27.2306 1.38242
159.375 1.65993 18.3558 27.2393 1.38263
159.406 1.65879 18.3556 27.2485 1.38287
159.438 1.65773 18.3556 27.2571 1.38309
159.469 1.65664 18.3555 27.2658 1.38332
159.5 1.65553 18.3553 27.2747 1.38355
159.531 1.65447 18.3553 27.2835 1.38377
159.562 1.65346 18.3553 27.2919 1.38399
159.594 1.65253 18.3555 27.2998 1.38418
159.625 1.6516 18.3557 27.3077 1.38437
159.656 1.65061 18.3557 27.316 1.38458
159.688 1.64965 18.3558 27.324 1.38478
159.719 1.64862 18.3558 27.3326 1.385
159.75 1.64757 18.3557 27.3412 1.38522
159.781 1.6466 18.3557 27.3493 1.38542
159.812 1.64563 18.3557 27.3573 1.38563
159.844 1.64472 18.3558 27.365 1.38582
159.875 1.64382 18.3558 27.3726 1.38601
159.906 1.64291 18.3559 27.3802 1.3862
159.938 1.64196 18.3557 27.3879 1.3864
159.969 1.64104 18.3557 27.3955 1.3866
160 1.64011 18.3556 27.4031 1.38679
