# t px py pz frame_uz pz_lab  (vitesses barycentriques ; invariant = px, py, pz_lab ~ 0 ; pz seul -> -frame_uz, normal)
160.001 -0.0170077 0.00363661 -0.0336445 5.14664e-05 -0.033593
160.003 -0.0170074 0.00363652 -0.0351312 0.00153989 -0.0335913
160.006 -0.0170076 0.00363644 -0.0374779 0.00388738 -0.0335905
160.009 -0.0170078 0.00363677 -0.0405529 0.00696248 -0.0335904
160.014 -0.0170081 0.00363732 -0.0443655 0.010775 -0.0335905
160.019 -0.0170084 0.00363782 -0.0487802 0.0151895 -0.0335908
160.024 -0.0170089 0.00363824 -0.0538827 0.0202916 -0.033591
160.03 -0.0170096 0.00363846 -0.0597257 0.0261344 -0.0335914
160.037 -0.0170104 0.00363856 -0.0663677 0.0327758 -0.0335919
160.044 -0.0170113 0.00363838 -0.0737981 0.0402056 -0.0335925
160.051 -0.0170123 0.003638 -0.0820898 0.0484966 -0.0335932
160.059 -0.0170133 0.00363777 -0.0912034 0.0576094 -0.0335939
160.067 -0.0170143 0.00363751 -0.101131 0.0675362 -0.0335945
160.075 -0.0170153 0.00363728 -0.111898 0.0783029 -0.033595
160.084 -0.0170163 0.00363722 -0.123368 0.0897728 -0.0335953
160.092 -0.0170172 0.00363707 -0.135636 0.102041 -0.0335957
160.101 -0.017018 0.00363726 -0.148753 0.115157 -0.0335959
160.111 -0.017019 0.00363736 -0.162568 0.128972 -0.0335961
160.12 -0.0170201 0.00363754 -0.177248 0.143652 -0.0335963
160.13 -0.0170214 0.00363771 -0.192708 0.159111 -0.0335965
160.14 -0.0170229 0.00363772 -0.208995 0.175398 -0.0335969
160.149 -0.0170244 0.0036374 -0.226062 0.192465 -0.0335972
160.159 -0.0170256 0.00363742 -0.243877 0.21028 -0.0335973
160.17 -0.0170269 0.00363733 -0.262598 0.229 -0.0335974
160.18 -0.0170283 0.00363725 -0.282047 0.24845 -0.0335978
160.19 -0.0170295 0.00363734 -0.302158 0.26856 -0.0335982
160.2 -0.0170306 0.0036376 -0.323081 0.289482 -0.0335987
160.211 -0.017032 0.00363795 -0.34485 0.311251 -0.0335993
160.222 -0.0170333 0.0036383 -0.367185 0.333585 -0.0335999
160.232 -0.0170349 0.00363869 -0.390458 0.356858 -0.0336001
160.243 -0.0170362 0.00363927 -0.414186 0.380585 -0.0336004
160.254 -0.0170378 0.00363978 -0.438482 0.404881 -0.0336005
160.264 -0.0170392 0.00364019 -0.463727 0.430126 -0.0336008
160.275 -0.0170407 0.00364049 -0.489529 0.455928 -0.0336013
160.286 -0.0170422 0.00364079 -0.515766 0.482164 -0.0336016
160.297 -0.0170441 0.00364105 -0.542301 0.508699 -0.0336018
160.308 -0.0170458 0.00364138 -0.569703 0.536101 -0.0336019
160.319 -0.0170476 0.00364182 -0.597628 0.564026 -0.0336022
160.33 -0.0170494 0.003642 -0.626299 0.592696 -0.0336027
160.341 -0.0170513 0.00364222 -0.655459 0.621856 -0.0336027
160.352 -0.0170531 0.00364247 -0.685063 0.65146 -0.0336031
160.363 -0.0170549 0.00364274 -0.715166 0.681563 -0.0336035
160.374 -0.0170566 0.00364275 -0.745732 0.712128 -0.0336039
160.385 -0.0170583 0.00364295 -0.776747 0.743143 -0.0336044
160.396 -0.0170602 0.00364311 -0.808198 0.774594 -0.0336048
160.407 -0.0170619 0.00364328 -0.840076 0.80647 -0.0336053
160.418 -0.0170634 0.00364353 -0.872992 0.839386 -0.0336055
160.429 -0.0170649 0.00364392 -0.906325 0.872719 -0.0336055
160.44 -0.0170666 0.00364408 -0.94007 0.906464 -0.0336056
160.451 -0.0170678 0.00364433 -0.974223 0.940617 -0.0336057
160.463 -0.0170689 0.00364456 -1.00877 0.975167 -0.0336056
160.474 -0.0170702 0.00364463 -1.04372 1.01011 -0.0336052
160.485 -0.0170713 0.00364475 -1.07905 1.04544 -0.0336049
160.496 -0.0170728 0.00364513 -1.11475 1.08115 -0.0336049
160.507 -0.0170743 0.0036454 -1.1508 1.1172 -0.0336052
160.519 -0.0170754 0.00364553 -1.18721 1.1536 -0.0336056
160.53 -0.0170766 0.00364624 -1.22395 1.19034 -0.0336058
160.541 -0.0170782 0.00364691 -1.26102 1.22742 -0.033606
160.552 -0.0170798 0.00364781 -1.29843 1.26482 -0.0336066
160.563 -0.0170812 0.0036482 -1.33614 1.30254 -0.033607
160.575 -0.0170827 0.00364847 -1.37416 1.34055 -0.0336074
160.586 -0.0170841 0.00364864 -1.41245 1.37884 -0.0336071
160.597 -0.0170854 0.0036488 -1.45104 1.41743 -0.0336072
160.608 -0.0170869 0.00364863 -1.48989 1.45628 -0.0336071
160.619 -0.0170885 0.00364842 -1.52899 1.49538 -0.0336074
160.631 -0.0170902 0.00364801 -1.56833 1.53472 -0.0336075
160.642 -0.0170917 0.00364784 -1.60793 1.57432 -0.0336077
160.653 -0.0170935 0.00364742 -1.64776 1.61415 -0.0336075
160.664 -0.017095 0.0036472 -1.68779 1.65418 -0.0336071
160.675 -0.0170963 0.00364725 -1.72802 1.69441 -0.0336061
160.687 -0.0170979 0.00364708 -1.76846 1.73486 -0.0336049
160.698 -0.0170995 0.00364692 -1.80914 1.77553 -0.0336039
160.709 -0.0171009 0.00364652 -1.85 1.8164 -0.0336029
160.72 -0.0171023 0.00364606 -1.89105 1.85745 -0.0336022
160.731 -0.0171036 0.00364572 -1.93226 1.89866 -0.0336018
160.743 -0.0171048 0.0036457 -1.97361 1.94001 -0.033601
160.754 -0.0171062 0.00364622 -2.01511 1.98151 -0.0336004
160.765 -0.0171076 0.00364638 -2.05674 2.02314 -0.0335996
160.776 -0.017109 0.00364614 -2.09855 2.06495 -0.033599
160.787 -0.0171103 0.00364595 -2.14047 2.10687 -0.033599
160.798 -0.0171119 0.00364538 -2.18251 2.14891 -0.033599
160.81 -0.0171136 0.00364458 -2.22467 2.19107 -0.0335991
160.821 -0.0171154 0.00364404 -2.26695 2.23335 -0.033599
160.832 -0.0171171 0.00364323 -2.30935 2.27575 -0.0335987
160.843 -0.0171189 0.00364261 -2.35184 2.31824 -0.0335987
160.854 -0.0171206 0.00364217 -2.39442 2.36083 -0.033599
160.866 -0.017122 0.00364167 -2.43706 2.40346 -0.0335992
160.877 -0.0171235 0.00364143 -2.47976 2.44616 -0.0335995
160.888 -0.0171246 0.00364122 -2.52252 2.48892 -0.0335998
160.899 -0.0171256 0.00364136 -2.56537 2.53177 -0.0336
160.91 -0.0171265 0.00364129 -2.60831 2.57471 -0.0335998
160.922 -0.0171281 0.00364134 -2.65132 2.61772 -0.0335997
160.933 -0.0171295 0.00364059 -2.69439 2.66079 -0.0335994
160.944 -0.0171313 0.00364005 -2.73754 2.70394 -0.0335993
160.955 -0.017133 0.00363975 -2.78072 2.74712 -0.0335989
160.966 -0.0171342 0.00363916 -2.82394 2.79034 -0.0335987
160.978 -0.0171357 0.00363854 -2.8672 2.8336 -0.0335988
160.989 -0.0171373 0.00363749 -2.9105 2.87691 -0.0335986
161 -0.0171386 0.00363716 -2.95387 2.92027 -0.0335987
161.011 -0.0171398 0.00363663 -2.9974 2.9638 -0.0335988
161.022 -0.0171411 0.00363582 -3.04097 3.00737 -0.0335992
161.034 -0.0171423 0.00363478 -3.08456 3.05096 -0.0335993
161.045 -0.0171438 0.00363426 -3.12817 3.09457 -0.0335991
161.056 -0.0171452 0.00363388 -3.17176 3.13816 -0.0335989
161.067 -0.0171468 0.00363348 -3.21534 3.18174 -0.0335991
161.079 -0.0171483 0.0036325 -3.25893 3.22533 -0.0335985
161.09 -0.0171501 0.00363185 -3.30254 3.26894 -0.0335982
161.101 -0.0171518 0.00363103 -3.34617 3.31257 -0.0335978
161.112 -0.0171536 0.00363071 -3.38981 3.35622 -0.0335971
161.124 -0.0171554 0.00363032 -3.43345 3.39985 -0.0335965
161.135 -0.0171568 0.00362975 -3.47709 3.44349 -0.033596
161.146 -0.0171584 0.00362905 -3.52076 3.48716 -0.0335954
161.157 -0.0171603 0.00362889 -3.56441 3.53081 -0.0335955
161.169 -0.0171622 0.00362896 -3.60806 3.57446 -0.0335953
161.18 -0.017164 0.00362916 -3.65171 3.61812 -0.0335952
161.191 -0.0171655 0.00362909 -3.69536 3.66177 -0.0335948
161.202 -0.0171666 0.00362899 -3.73902 3.70542 -0.0335944
161.213 -0.0171679 0.00362866 -3.78264 3.74904 -0.0335937
161.225 -0.0171695 0.00362819 -3.82623 3.79264 -0.0335935
161.236 -0.0171707 0.00362781 -3.86979 3.8362 -0.033593
161.247 -0.017172 0.00362731 -3.91332 3.87973 -0.0335921
161.258 -0.0171726 0.00362677 -3.95682 3.92323 -0.0335913
161.27 -0.0171741 0.0036259 -4.00029 3.9667 -0.0335903
161.281 -0.0171762 0.00362545 -4.04372 4.01013 -0.0335894
161.292 -0.0171781 0.00362583 -4.08711 4.05352 -0.0335882
161.303 -0.0171796 0.00362642 -4.13049 4.0969 -0.0335873
161.315 -0.0171813 0.00362642 -4.17384 4.14025 -0.0335866
161.326 -0.0171831 0.00362597 -4.21716 4.18357 -0.0335858
161.337 -0.0171855 0.00362507 -4.26045 4.22687 -0.0335851
161.348 -0.0171875 0.00362463 -4.30371 4.27012 -0.0335849
161.36 -0.0171894 0.00362396 -4.34694 4.31335 -0.033585
161.371 -0.0171912 0.0036243 -4.39014 4.35655 -0.0335846
161.382 -0.0171932 0.00362463 -4.43329 4.3997 -0.0335845
161.393 -0.0171951 0.0036246 -4.4764 4.44281 -0.0335841
161.404 -0.0171968 0.00362481 -4.51946 4.48588 -0.033584
161.416 -0.0171983 0.0036249 -4.56248 4.5289 -0.0335837
161.427 -0.0171992 0.00362488 -4.60546 4.57188 -0.033583
161.438 -0.0172008 0.00362414 -4.6484 4.61482 -0.0335821
161.449 -0.0172027 0.00362355 -4.69131 4.65772 -0.0335817
161.461 -0.0172049 0.00362259 -4.73417 4.70059 -0.0335814
161.472 -0.0172071 0.00362171 -4.77699 4.74341 -0.0335814
161.483 -0.0172089 0.0036213 -4.81976 4.78618 -0.0335811
161.494 -0.0172111 0.00362073 -4.86241 4.82883 -0.0335814
161.506 -0.0172136 0.00362027 -4.90496 4.87138 -0.0335809
161.517 -0.0172159 0.00361994 -4.94743 4.91385 -0.0335799
161.528 -0.0172178 0.00361963 -4.98985 4.95627 -0.0335784
161.539 -0.0172205 0.00361924 -5.03219 4.99861 -0.0335765
161.551 -0.0172232 0.00361867 -5.07448 5.0409 -0.033575
161.562 -0.017226 0.00361876 -5.11669 5.08312 -0.0335736
161.573 -0.017228 0.00361854 -5.15886 5.12528 -0.0335726
161.584 -0.0172303 0.00361802 -5.20092 5.16735 -0.0335721
161.596 -0.0172324 0.00361732 -5.24292 5.20935 -0.0335715
161.607 -0.0172337 0.00361673 -5.28484 5.25127 -0.0335715
161.618 -0.0172356 0.00361624 -5.32668 5.29311 -0.033571
161.629 -0.0172374 0.00361549 -5.36842 5.33485 -0.0335699
161.64 -0.0172392 0.00361535 -5.41008 5.37651 -0.0335693
161.652 -0.0172409 0.00361512 -5.45165 5.41808 -0.0335689
161.663 -0.0172428 0.00361504 -5.49309 5.45953 -0.0335687
161.674 -0.0172449 0.00361491 -5.53445 5.50088 -0.0335687
161.685 -0.0172464 0.0036154 -5.5757 5.54213 -0.0335691
161.697 -0.017248 0.00361558 -5.61684 5.58327 -0.0335697
161.708 -0.0172493 0.00361617 -5.65788 5.62431 -0.0335705
161.719 -0.0172511 0.00361549 -5.69881 5.66524 -0.0335705
161.73 -0.0172522 0.00361431 -5.73965 5.70608 -0.0335703
161.742 -0.0172541 0.00361346 -5.78039 5.74682 -0.0335703
161.753 -0.0172559 0.00361255 -5.82099 5.78742 -0.0335698
161.764 -0.017258 0.00361185 -5.86144 5.82787 -0.0335691
161.775 -0.0172602 0.00361116 -5.90174 5.86817 -0.0335686
161.787 -0.0172626 0.00361125 -5.94193 5.90836 -0.033568
161.798 -0.0172649 0.00361116 -5.98199 5.94842 -0.0335673
161.809 -0.0172673 0.00361146 -6.02192 5.98836 -0.0335664
161.82 -0.0172693 0.00361195 -6.06172 6.02815 -0.0335652
161.831 -0.0172705 0.00361199 -6.10139 6.06782 -0.0335643
161.843 -0.017272 0.00361102 -6.14091 6.10735 -0.033564
161.854 -0.0172734 0.00361027 -6.1803 6.14674 -0.0335636
161.865 -0.0172745 0.00360903 -6.21957 6.18601 -0.0335636
161.876 -0.0172758 0.00360813 -6.25872 6.22516 -0.0335624
161.888 -0.0172769 0.0036081 -6.29774 6.26418 -0.0335606
161.899 -0.017279 0.00360724 -6.33672 6.30316 -0.0335593
161.91 -0.0172814 0.00360644 -6.37558 6.34203 -0.0335572
161.921 -0.0172839 0.00360585 -6.41434 6.38078 -0.0335552
161.933 -0.0172871 0.00360477 -6.4529 6.41935 -0.033553
161.944 -0.0172906 0.00360366 -6.49134 6.45778 -0.0335508
161.955 -0.017294 0.00360251 -6.52964 6.49609 -0.0335494
161.966 -0.0172971 0.00360137 -6.56779 6.53424 -0.0335478
161.978 -0.0172998 0.00360016 -6.60579 6.57225 -0.0335462
161.989 -0.0173031 0.00359888 -6.64364 6.6101 -0.0335444
162 -0.0173051 0.00359866 -6.68135 6.64781 -0.0335417
162.011 -0.0173075 0.00359836 -6.71894 6.6854 -0.0335392
162.022 -0.0173101 0.00359787 -6.75639 6.72285 -0.0335363
162.034 -0.0173126 0.00359662 -6.79368 6.76014 -0.033534
162.045 -0.0173153 0.00359601 -6.83084 6.79731 -0.0335323
162.056 -0.0173178 0.00359529 -6.86786 6.83433 -0.0335303
162.067 -0.01732 0.00359414 -6.90474 6.87121 -0.0335287
162.079 -0.0173229 0.00359284 -6.94146 6.90793 -0.0335275
162.09 -0.0173261 0.00359176 -6.97796 6.94443 -0.0335263
162.101 -0.0173291 0.00359041 -7.01428 6.98076 -0.0335256
162.112 -0.0173321 0.00359013 -7.05044 7.01691 -0.0335253
162.124 -0.0173352 0.0035895 -7.08641 7.05288 -0.0335241
162.135 -0.0173373 0.00358859 -7.1222 7.08868 -0.0335235
162.146 -0.0173395 0.0035874 -7.15782 7.12429 -0.033523
162.157 -0.0173417 0.00358561 -7.19325 7.15973 -0.0335224
162.169 -0.0173432 0.00358362 -7.22851 7.19499 -0.0335215
162.18 -0.0173446 0.00358181 -7.26361 7.23008 -0.0335214
162.191 -0.0173457 0.00358097 -7.29851 7.26499 -0.0335208
162.202 -0.0173475 0.00357999 -7.33323 7.29971 -0.03352
162.213 -0.0173493 0.00357926 -7.36778 7.33426 -0.0335191
162.225 -0.017351 0.00357802 -7.40214 7.36862 -0.0335182
162.236 -0.0173532 0.00357693 -7.43631 7.4028 -0.0335172
162.247 -0.0173552 0.00357587 -7.47033 7.43682 -0.0335161
162.258 -0.0173575 0.00357495 -7.50416 7.47065 -0.033515
162.27 -0.0173602 0.00357385 -7.5378 7.50428 -0.0335136
162.281 -0.0173618 0.0035726 -7.57126 7.53774 -0.0335122
162.292 -0.0173636 0.00357123 -7.60452 7.57101 -0.0335108
162.303 -0.0173668 0.00357064 -7.6376 7.6041 -0.033509
162.315 -0.0173687 0.00356966 -7.67054 7.63703 -0.0335078
162.326 -0.017371 0.00356878 -7.7033 7.66979 -0.0335075
162.337 -0.0173733 0.00356751 -7.73587 7.70236 -0.0335072
162.348 -0.0173759 0.00356651 -7.76826 7.73475 -0.0335072
162.36 -0.0173785 0.00356541 -7.80044 7.76693 -0.0335078
162.371 -0.0173815 0.00356464 -7.83245 7.79894 -0.0335079
162.382 -0.0173839 0.00356298 -7.86429 7.83078 -0.033508
162.393 -0.0173863 0.00356194 -7.89594 7.86243 -0.0335078
162.404 -0.0173886 0.00356086 -7.92745 7.89394 -0.0335077
162.416 -0.0173913 0.00356 -7.9588 7.9253 -0.0335071
162.427 -0.0173935 0.00355896 -7.98997 7.95646 -0.0335065
162.438 -0.0173956 0.00355782 -8.02096 7.98746 -0.0335056
162.449 -0.0173978 0.00355672 -8.0518 8.01829 -0.0335041
162.461 -0.0174006 0.00355599 -8.08245 8.04895 -0.033502
162.472 -0.0174031 0.00355532 -8.11294 8.07944 -0.0335007
162.483 -0.0174057 0.00355464 -8.14327 8.10977 -0.0335003
162.494 -0.017408 0.0035537 -8.17342 8.13992 -0.0334992
162.506 -0.0174107 0.00355259 -8.20341 8.16991 -0.0334987
162.517 -0.0174134 0.00355235 -8.23324 8.19974 -0.0334986
162.528 -0.0174151 0.00355158 -8.26288 8.22938 -0.033498
162.539 -0.017417 0.00355056 -8.29238 8.25888 -0.0334965
162.551 -0.0174183 0.00354953 -8.32174 8.28825 -0.0334957
162.562 -0.0174201 0.00354837 -8.35093 8.31744 -0.0334951
162.573 -0.0174222 0.00354675 -8.37995 8.34646 -0.0334947
162.584 -0.0174246 0.00354529 -8.40883 8.37534 -0.0334944
162.596 -0.0174268 0.0035435 -8.43755 8.40405 -0.0334942
162.607 -0.0174295 0.00354174 -8.46611 8.43261 -0.0334935
162.618 -0.0174322 0.00354018 -8.49452 8.46103 -0.0334922
162.629 -0.0174354 0.0035392 -8.52274 8.48924 -0.0334911
162.64 -0.0174386 0.00353855 -8.55079 8.5173 -0.0334901
162.652 -0.0174417 0.00353805 -8.5787 8.54521 -0.0334893
162.663 -0.017444 0.00353635 -8.60643 8.57294 -0.0334892
162.674 -0.0174459 0.00353606 -8.634 8.60051 -0.0334875
162.685 -0.0174481 0.00353504 -8.66142 8.62793 -0.0334866
162.697 -0.0174503 0.00353395 -8.68867 8.65518 -0.0334848
162.708 -0.017452 0.00353287 -8.71577 8.68228 -0.0334848
162.719 -0.0174539 0.00353217 -8.7427 8.70921 -0.0334839
162.73 -0.0174559 0.00353111 -8.7695 8.73602 -0.0334828
162.742 -0.0174588 0.00353054 -8.79617 8.76268 -0.0334824
162.753 -0.0174609 0.00352985 -8.82267 8.78918 -0.0334823
162.764 -0.0174638 0.00352904 -8.84901 8.81552 -0.0334822
162.775 -0.0174668 0.00352845 -8.87521 8.84173 -0.0334822
162.787 -0.0174707 0.00352808 -8.90128 8.8678 -0.0334829
162.798 -0.0174743 0.00352724 -8.92721 8.89373 -0.0334833
162.809 -0.0174767 0.00352639 -8.95299 8.91951 -0.0334829
162.82 -0.0174784 0.00352529 -8.97863 8.94515 -0.0334824
162.831 -0.0174809 0.00352404 -9.00412 8.97064 -0.033482
162.843 -0.0174839 0.00352348 -9.02948 8.99599 -0.0334822
162.854 -0.0174865 0.00352284 -9.05466 9.02118 -0.0334824
162.865 -0.0174892 0.00352221 -9.07964 9.04616 -0.0334819
162.876 -0.0174919 0.00352127 -9.10454 9.07106 -0.0334805
162.888 -0.0174946 0.00352084 -9.12925 9.09577 -0.0334797
162.899 -0.0174968 0.00352102 -9.1538 9.12032 -0.0334801
162.91 -0.0174988 0.00352113 -9.17824 9.14476 -0.0334805
162.921 -0.0175013 0.00352072 -9.20248 9.169 -0.0334807
162.933 -0.0175042 0.0035201 -9.22657 9.19309 -0.0334798
162.944 -0.0175075 0.00352022 -9.25052 9.21704 -0.0334781
162.955 -0.0175108 0.00352013 -9.27435 9.24087 -0.0334769
162.966 -0.0175142 0.00351974 -9.29801 9.26453 -0.0334763
162.978 -0.0175183 0.00351953 -9.32154 9.28806 -0.0334759
162.989 -0.0175224 0.00351952 -9.34491 9.31144 -0.0334749
163 -0.0175259 0.00351942 -9.36813 9.33465 -0.0334744
163.011 -0.0175288 0.00351941 -9.39121 9.35774 -0.0334735
163.022 -0.0175318 0.00351924 -9.41417 9.3807 -0.0334725
163.034 -0.0175347 0.0035194 -9.43699 9.40352 -0.0334715
163.045 -0.0175374 0.00351947 -9.45968 9.42621 -0.0334699
163.056 -0.0175394 0.00351993 -9.48224 9.44877 -0.0334686
163.067 -0.0175416 0.00352022 -9.50463 9.47116 -0.0334669
163.079 -0.017544 0.00351974 -9.52688 9.49341 -0.0334652
163.09 -0.0175461 0.00351959 -9.54898 9.51552 -0.0334633
163.101 -0.0175481 0.00351942 -9.57092 9.53745 -0.0334616
163.112 -0.0175501 0.00351941 -9.59272 9.55926 -0.0334596
163.124 -0.0175525 0.00351917 -9.61438 9.58093 -0.0334583
163.135 -0.0175546 0.00351871 -9.63588 9.60243 -0.0334567
163.146 -0.0175565 0.00351761 -9.65724 9.62378 -0.0334553
163.157 -0.0175592 0.00351741 -9.67847 9.64501 -0.0334536
163.169 -0.0175621 0.00351653 -9.69953 9.66608 -0.0334521
163.18 -0.0175647 0.0035155 -9.72047 9.68702 -0.0334508
163.191 -0.0175671 0.00351532 -9.74126 9.70781 -0.0334497
163.202 -0.0175695 0.0035154 -9.7619 9.72845 -0.0334489
163.213 -0.0175717 0.00351562 -9.78238 9.74893 -0.0334477
163.225 -0.0175741 0.00351596 -9.80274 9.76929 -0.0334461
163.236 -0.0175764 0.00351556 -9.82292 9.78948 -0.0334447
163.247 -0.0175779 0.00351481 -9.84299 9.80955 -0.0334433
163.258 -0.0175802 0.00351331 -9.86292 9.82947 -0.0334416
163.27 -0.0175824 0.00351179 -9.88269 9.84926 -0.0334398
163.281 -0.0175848 0.00351119 -9.90235 9.86891 -0.0334385
163.292 -0.017587 0.00351025 -9.92189 9.88845 -0.0334365
163.303 -0.01759 0.00350963 -9.94129 9.90786 -0.0334348
163.315 -0.0175936 0.00350843 -9.96058 9.92715 -0.0334331
163.326 -0.0175966 0.00350807 -9.97974 9.9463 -0.0334327
163.337 -0.0175998 0.0035075 -9.99873 9.9653 -0.0334317
163.348 -0.0176021 0.00350728 -10.0176 9.98418 -0.0334297
163.36 -0.0176053 0.00350707 -10.0364 10.0029 -0.0334271
163.371 -0.0176077 0.0035068 -10.055 10.0216 -0.0334244
163.382 -0.0176113 0.00350597 -10.0735 10.0401 -0.0334214
163.393 -0.0176154 0.00350551 -10.0919 10.0585 -0.0334184
163.404 -0.0176186 0.00350421 -10.1102 10.0768 -0.033416
163.416 -0.0176222 0.00350371 -10.1283 10.0949 -0.0334133
163.427 -0.0176252 0.00350386 -10.1464 10.1129 -0.0334108
163.438 -0.0176285 0.00350311 -10.1643 10.1309 -0.0334081
163.449 -0.0176314 0.00350191 -10.1821 10.1487 -0.0334044
163.461 -0.0176346 0.00350059 -10.1998 10.1664 -0.0334008
163.472 -0.0176369 0.00349918 -10.2174 10.184 -0.0333984
163.483 -0.0176385 0.00349724 -10.2348 10.2014 -0.0333966
163.494 -0.0176409 0.00349557 -10.2521 10.2187 -0.0333954
163.506 -0.0176429 0.00349395 -10.2692 10.2358 -0.0333933
163.517 -0.0176445 0.00349218 -10.2862 10.2528 -0.0333915
163.528 -0.017646 0.00349067 -10.303 10.2696 -0.0333899
163.539 -0.0176485 0.00348885 -10.3197 10.2863 -0.0333875
163.551 -0.0176503 0.00348602 -10.3363 10.3029 -0.0333854
163.562 -0.0176523 0.00348413 -10.3527 10.3193 -0.0333838
163.573 -0.017654 0.00348254 -10.369 10.3356 -0.033382
163.584 -0.017656 0.00348107 -10.3851 10.3517 -0.0333803
163.596 -0.0176572 0.00347993 -10.4011 10.3677 -0.0333788
163.607 -0.0176588 0.00347887 -10.4169 10.3835 -0.0333776
163.618 -0.0176601 0.00347797 -10.4326 10.3992 -0.0333764
163.629 -0.0176613 0.0034771 -10.4481 10.4147 -0.0333758
163.64 -0.0176624 0.00347579 -10.4635 10.4301 -0.0333756
163.652 -0.0176636 0.00347557 -10.4788 10.4454 -0.0333752
163.663 -0.0176655 0.00347489 -10.4939 10.4605 -0.033375
163.674 -0.0176675 0.00347445 -10.5088 10.4755 -0.0333731
163.685 -0.0176691 0.00347388 -10.5237 10.4903 -0.0333709
163.697 -0.0176704 0.00347301 -10.5384 10.5051 -0.0333697
163.708 -0.0176717 0.00347215 -10.5531 10.5197 -0.0333679
163.719 -0.0176734 0.0034706 -10.5676 10.5342 -0.0333657
163.73 -0.0176741 0.00346936 -10.582 10.5486 -0.0333637
163.742 -0.0176753 0.00346806 -10.5963 10.5629 -0.0333613
163.753 -0.0176766 0.00346652 -10.6104 10.5771 -0.0333589
163.764 -0.0176786 0.00346517 -10.6246 10.5912 -0.033355
163.775 -0.0176809 0.00346382 -10.6385 10.6052 -0.0333506
163.787 -0.0176828 0.00346244 -10.6525 10.6191 -0.0333466
163.798 -0.0176845 0.00346067 -10.6663 10.633 -0.0333432
163.809 -0.0176868 0.00345871 -10.68 10.6467 -0.0333402
163.82 -0.0176893 0.00345642 -10.6937 10.6603 -0.0333368
163.831 -0.0176919 0.00345438 -10.7072 10.6739 -0.0333338
163.843 -0.0176953 0.00345243 -10.7207 10.6873 -0.0333301
163.854 -0.0176985 0.00345005 -10.7341 10.7008 -0.0333269
163.865 -0.0177022 0.00344753 -10.7474 10.7141 -0.0333245
163.876 -0.0177051 0.0034456 -10.7606 10.7273 -0.0333219
163.888 -0.0177083 0.00344371 -10.7737 10.7404 -0.0333193
163.899 -0.0177115 0.0034417 -10.7867 10.7534 -0.0333168
163.91 -0.0177149 0.00344029 -10.7997 10.7663 -0.0333134
163.921 -0.0177178 0.00343921 -10.8125 10.7792 -0.0333093
163.933 -0.0177207 0.00343777 -10.8253 10.792 -0.0333053
163.944 -0.0177236 0.00343569 -10.838 10.8047 -0.0333014
163.955 -0.0177255 0.00343415 -10.8507 10.8174 -0.0332978
163.966 -0.0177285 0.00343264 -10.8633 10.83 -0.0332937
163.978 -0.0177305 0.00343151 -10.8758 10.8425 -0.0332912
163.989 -0.0177332 0.00342995 -10.8882 10.8549 -0.0332882
164 -0.0177353 0.00342906 -10.9006 10.8673 -0.0332851
164.011 -0.0177371 0.00342802 -10.9129 10.8796 -0.033282
164.022 -0.0177394 0.00342682 -10.9251 10.8918 -0.0332785
164.034 -0.0177417 0.00342554 -10.9373 10.904 -0.0332748
164.045 -0.0177438 0.0034242 -10.9494 10.9161 -0.0332716
164.056 -0.0177456 0.00342269 -10.9614 10.9281 -0.0332684
164.067 -0.0177475 0.00342199 -10.9734 10.9401 -0.0332656
164.079 -0.0177492 0.00342147 -10.9853 10.952 -0.0332617
164.09 -0.017751 0.0034212 -10.9971 10.9639 -0.0332583
164.101 -0.0177538 0.00342066 -11.009 10.9757 -0.033255
164.112 -0.0177549 0.00342031 -11.0207 10.9874 -0.0332522
164.124 -0.0177567 0.00341985 -11.0324 10.9991 -0.0332498
164.135 -0.0177592 0.00341858 -11.044 11.0108 -0.0332477
164.146 -0.0177612 0.00341746 -11.0555 11.0223 -0.0332451
164.157 -0.0177631 0.00341639 -11.067 11.0338 -0.0332429
164.169 -0.0177653 0.00341539 -11.0785 11.0452 -0.0332399
164.18 -0.0177675 0.00341353 -11.0898 11.0566 -0.0332363
164.191 -0.0177699 0.00341138 -11.1012 11.0679 -0.0332321
164.202 -0.0177723 0.00340948 -11.1125 11.0792 -0.0332287
164.213 -0.0177743 0.00340781 -11.1237 11.0905 -0.0332251
164.225 -0.0177768 0.00340509 -11.1349 11.1016 -0.0332218
164.236 -0.017779 0.00340304 -11.146 11.1128 -0.0332186
164.247 -0.0177825 0.0034006 -11.157 11.1238 -0.0332154
164.258 -0.0177852 0.00339836 -11.1679 11.1347 -0.0332125
164.27 -0.0177875 0.00339615 -11.1788 11.1456 -0.0332096
164.281 -0.0177899 0.00339438 -11.1897 11.1565 -0.0332057
164.292 -0.017792 0.00339277 -11.2004 11.1672 -0.0332034
164.303 -0.0177943 0.00339093 -11.2112 11.178 -0.033201
164.315 -0.0177976 0.0033887 -11.2218 11.1886 -0.0331981
164.326 -0.017801 0.00338652 -11.2324 11.1992 -0.0331958
164.337 -0.0178039 0.00338425 -11.243 11.2098 -0.0331938
164.348 -0.0178066 0.0033814 -11.2535 11.2203 -0.0331914
164.36 -0.0178093 0.00337887 -11.2639 11.2307 -0.0331893
164.371 -0.0178116 0.00337602 -11.2743 11.2411 -0.0331877
164.382 -0.0178142 0.00337353 -11.2846 11.2514 -0.0331856
164.393 -0.0178166 0.00337105 -11.2949 11.2617 -0.033183
164.404 -0.0178187 0.00336816 -11.3051 11.272 -0.0331805
164.416 -0.0178209 0.00336521 -11.3153 11.2821 -0.0331786
164.427 -0.0178232 0.00336291 -11.3255 11.2923 -0.0331765
164.438 -0.0178256 0.00336006 -11.3356 11.3024 -0.0331745
164.449 -0.0178279 0.00335737 -11.3456 11.3124 -0.0331722
164.461 -0.0178292 0.00335522 -11.3556 11.3224 -0.03317
164.472 -0.0178303 0.0033533 -11.3656 11.3324 -0.0331675
164.483 -0.0178317 0.00335085 -11.3755 11.3423 -0.0331646
164.494 -0.0178322 0.00334797 -11.3853 11.3522 -0.0331624
164.506 -0.0178328 0.0033452 -11.3952 11.362 -0.0331606
164.517 -0.0178335 0.00334216 -11.405 11.3718 -0.0331585
164.528 -0.0178339 0.00333938 -11.4147 11.3815 -0.033157
164.539 -0.0178339 0.00333685 -11.4244 11.3912 -0.033156
164.551 -0.0178342 0.0033358 -11.434 11.4009 -0.0331547
164.562 -0.0178355 0.00333411 -11.4436 11.4104 -0.0331532
164.573 -0.0178363 0.00333157 -11.4531 11.42 -0.0331529
164.584 -0.017837 0.00332895 -11.4626 11.4295 -0.033153
164.596 -0.0178381 0.00332636 -11.472 11.4389 -0.0331534
164.607 -0.0178392 0.0033243 -11.4814 11.4483 -0.0331529
164.618 -0.01784 0.00332298 -11.4907 11.4576 -0.0331524
164.629 -0.0178412 0.00332209 -11.5 11.4669 -0.0331523
164.64 -0.0178428 0.00332101 -11.5093 11.4761 -0.0331532
164.652 -0.0178438 0.00331952 -11.5184 11.4853 -0.0331536
164.663 -0.0178453 0.00331769 -11.5276 11.4944 -0.0331526
164.674 -0.0178474 0.00331506 -11.5368 11.5036 -0.033151
164.685 -0.0178499 0.00331302 -11.5459 11.5127 -0.0331488
164.697 -0.0178531 0.00331047 -11.555 11.5219 -0.0331464
164.708 -0.0178558 0.00330849 -11.5641 11.531 -0.0331446
164.719 -0.0178583 0.00330704 -11.5732 11.5401 -0.0331427
164.73 -0.0178606 0.00330501 -11.5823 11.5491 -0.0331406
164.742 -0.017863 0.00330325 -11.5913 11.5582 -0.0331393
164.753 -0.017865 0.00330069 -11.6004 11.5672 -0.0331379
164.764 -0.0178665 0.00329956 -11.6094 11.5762 -0.0331366
164.775 -0.0178682 0.00329756 -11.6183 11.5852 -0.0331352
164.787 -0.01787 0.00329609 -11.6273 11.5941 -0.0331344
164.798 -0.0178719 0.00329386 -11.6362 11.603 -0.033134
164.809 -0.0178733 0.00329199 -11.6451 11.6119 -0.033133
164.82 -0.0178755 0.00329035 -11.6539 11.6208 -0.0331315
164.831 -0.0178761 0.0032885 -11.6627 11.6296 -0.0331315
164.843 -0.0178774 0.00328599 -11.6715 11.6384 -0.0331315
164.854 -0.0178783 0.00328348 -11.6803 11.6471 -0.0331306
164.865 -0.0178796 0.00328128 -11.689 11.6559 -0.0331299
164.876 -0.0178809 0.00327914 -11.6977 11.6646 -0.0331294
164.888 -0.0178814 0.00327691 -11.7064 11.6733 -0.0331288
164.899 -0.0178822 0.0032752 -11.7151 11.682 -0.0331276
164.91 -0.0178829 0.00327325 -11.7238 11.6907 -0.0331264
164.921 -0.0178839 0.0032717 -11.7325 11.6994 -0.0331252
164.933 -0.0178856 0.00326974 -11.7412 11.7081 -0.0331232
164.944 -0.0178865 0.00326806 -11.7499 11.7168 -0.0331214
164.955 -0.0178884 0.00326628 -11.7586 11.7254 -0.03312
164.966 -0.01789 0.00326458 -11.7673 11.7341 -0.0331183
164.978 -0.0178916 0.00326313 -11.7759 11.7428 -0.033117
164.989 -0.0178935 0.0032622 -11.7846 11.7515 -0.0331158
165 -0.0178949 0.00325978 -11.7932 11.7601 -0.0331155
165.011 -0.0178955 0.00325797 -11.8018 11.7687 -0.0331158
165.022 -0.0178962 0.00325562 -11.8104 11.7772 -0.0331161
165.034 -0.0178965 0.00325306 -11.8189 11.7858 -0.0331151
165.045 -0.0178974 0.00325063 -11.8274 11.7943 -0.0331146
165.056 -0.0178979 0.00324869 -11.8359 11.8028 -0.0331143
165.067 -0.0178987 0.00324777 -11.8444 11.8113 -0.0331141
165.079 -0.0178996 0.00324559 -11.8529 11.8198 -0.0331146
165.09 -0.0179008 0.0032432 -11.8613 11.8282 -0.0331157
165.101 -0.0179015 0.00324081 -11.8697 11.8366 -0.0331172
165.112 -0.0179015 0.0032391 -11.8781 11.845 -0.0331182
165.124 -0.0179014 0.00323651 -11.8865 11.8533 -0.0331185
165.135 -0.0179022 0.00323385 -11.8948 11.8617 -0.0331189
165.146 -0.0179031 0.00323171 -11.9031 11.87 -0.0331195
165.157 -0.0179036 0.00322977 -11.9114 11.8783 -0.0331196
165.169 -0.0179041 0.00322773 -11.9197 11.8866 -0.0331194
165.18 -0.0179046 0.00322479 -11.928 11.8949 -0.0331194
165.191 -0.017905 0.00322248 -11.9363 11.9032 -0.0331194
165.202 -0.0179039 0.00322038 -11.9446 11.9114 -0.03312
165.213 -0.0179032 0.00321813 -11.9528 11.9197 -0.0331213
165.225 -0.0179018 0.00321587 -11.961 11.9279 -0.0331223
165.236 -0.0179017 0.0032138 -11.9692 11.9361 -0.0331234
165.247 -0.0179013 0.00321179 -11.9774 11.9442 -0.0331247
165.258 -0.0179003 0.00321002 -11.9855 11.9524 -0.0331245
165.27 -0.0178995 0.00320927 -11.9936 11.9605 -0.0331255
165.281 -0.0178987 0.00320821 -12.0017 11.9686 -0.0331263
165.292 -0.0178979 0.00320741 -12.0098 11.9767 -0.0331264
165.303 -0.0178976 0.00320639 -12.0179 11.9848 -0.0331267
165.315 -0.0178969 0.00320558 -12.026 11.9928 -0.0331267
165.326 -0.0178974 0.00320497 -12.034 12.0009 -0.033127
165.337 -0.0178975 0.00320412 -12.0421 12.0089 -0.0331275
165.348 -0.0178978 0.0032037 -12.0501 12.017 -0.0331279
165.36 -0.0178986 0.00320442 -12.0582 12.025 -0.0331287
165.371 -0.0178996 0.00320403 -12.0662 12.0331 -0.0331294
165.382 -0.0178999 0.00320353 -12.0742 12.0411 -0.0331297
165.393 -0.0178998 0.00320307 -12.0822 12.0491 -0.0331297
165.404 -0.0178998 0.00320225 -12.0903 12.0572 -0.0331305
165.416 -0.0178988 0.0032013 -12.0983 12.0652 -0.0331311
165.427 -0.0178988 0.0031997 -12.1063 12.0732 -0.0331312
165.438 -0.0178988 0.00319809 -12.1144 12.0812 -0.0331312
165.449 -0.0178984 0.00319623 -12.1224 12.0893 -0.0331306
165.461 -0.0178986 0.00319415 -12.1304 12.0973 -0.0331294
165.472 -0.0178987 0.00319194 -12.1384 12.1053 -0.0331282
165.483 -0.0178992 0.00318982 -12.1465 12.1133 -0.0331274
165.494 -0.0178993 0.00318739 -12.1545 12.1214 -0.0331264
165.506 -0.017899 0.00318494 -12.1625 12.1293 -0.0331262
165.517 -0.0178986 0.00318256 -12.1705 12.1374 -0.0331262
165.528 -0.017899 0.00318018 -12.1785 12.1454 -0.0331261
165.539 -0.0178989 0.00317696 -12.1865 12.1534 -0.0331263
165.551 -0.0178992 0.00317375 -12.1945 12.1614 -0.0331264
165.562 -0.0178994 0.00317139 -12.2024 12.1693 -0.0331264
165.573 -0.0178993 0.00316884 -12.2104 12.1773 -0.0331266
165.584 -0.0178994 0.00316714 -12.2184 12.1852 -0.0331266
165.596 -0.0178988 0.00316567 -12.2263 12.1932 -0.0331264
165.607 -0.0178988 0.00316333 -12.2342 12.2011 -0.0331262
165.618 -0.0178991 0.00316067 -12.2421 12.209 -0.0331265
165.629 -0.0178997 0.0031584 -12.2499 12.2168 -0.0331269
165.64 -0.0178992 0.00315581 -12.2578 12.2246 -0.0331266
165.652 -0.0178989 0.00315416 -12.2656 12.2325 -0.0331264
165.663 -0.0178986 0.00315317 -12.2734 12.2402 -0.0331263
165.674 -0.0178984 0.00315125 -12.2812 12.248 -0.0331256
165.685 -0.0178972 0.00314902 -12.289 12.2558 -0.0331252
165.697 -0.0178969 0.00314669 -12.2967 12.2636 -0.0331238
165.708 -0.0178963 0.00314376 -12.3045 12.2714 -0.0331228
165.719 -0.0178958 0.00314088 -12.3123 12.2792 -0.0331222
165.73 -0.0178951 0.00313873 -12.32 12.2869 -0.0331209
165.742 -0.0178933 0.00313624 -12.3277 12.2946 -0.0331197
165.753 -0.0178917 0.00313421 -12.3355 12.3023 -0.0331173
165.764 -0.0178899 0.00313272 -12.3432 12.31 -0.033116
165.775 -0.0178876 0.00313045 -12.3508 12.3177 -0.0331145
165.787 -0.0178859 0.00312835 -12.3585 12.3254 -0.0331132
165.798 -0.0178848 0.00312596 -12.3662 12.333 -0.0331111
165.809 -0.0178842 0.00312328 -12.3738 12.3407 -0.0331092
165.82 -0.0178835 0.00312078 -12.3814 12.3483 -0.0331078
165.831 -0.0178834 0.00311881 -12.389 12.3559 -0.0331063
165.843 -0.0178834 0.00311705 -12.3966 12.3635 -0.0331056
165.854 -0.0178827 0.00311499 -12.4042 12.3711 -0.0331056
165.865 -0.017882 0.00311347 -12.4117 12.3786 -0.0331058
165.876 -0.0178796 0.00311235 -12.4191 12.386 -0.0331057
165.888 -0.0178794 0.00311127 -12.4266 12.3935 -0.033106
165.899 -0.0178796 0.00311068 -12.434 12.4009 -0.0331061
165.91 -0.0178797 0.00310991 -12.4413 12.4082 -0.033107
165.921 -0.0178791 0.00310806 -12.4486 12.4155 -0.0331064
165.933 -0.0178792 0.00310598 -12.4559 12.4228 -0.0331051
165.944 -0.0178789 0.00310295 -12.4631 12.43 -0.0331046
165.955 -0.0178786 0.00310073 -12.4704 12.4373 -0.033103
165.966 -0.0178781 0.00309819 -12.4776 12.4445 -0.0331016
165.978 -0.0178783 0.00309665 -12.4848 12.4517 -0.0331012
165.989 -0.0178775 0.00309489 -12.4919 12.4588 -0.0331002
166 -0.0178768 0.00309329 -12.499 12.4659 -0.0330994
166.011 -0.0178757 0.00309186 -12.5061 12.473 -0.033098
166.022 -0.0178753 0.00309047 -12.5132 12.4801 -0.0330965
166.034 -0.0178747 0.00308817 -12.5202 12.4871 -0.0330946
166.045 -0.0178739 0.00308606 -12.5272 12.4942 -0.0330935
166.056 -0.0178721 0.00308357 -12.5343 12.5012 -0.0330913
166.067 -0.0178699 0.00308044 -12.5412 12.5081 -0.0330889
166.079 -0.017868 0.0030774 -12.5482 12.5151 -0.0330868
166.09 -0.0178669 0.00307452 -12.5552 12.5221 -0.0330847
166.101 -0.0178664 0.00307267 -12.5621 12.529 -0.0330821
166.112 -0.0178663 0.00307104 -12.569 12.536 -0.0330795
166.124 -0.0178667 0.00306992 -12.576 12.5429 -0.0330775
166.135 -0.017867 0.00306851 -12.5829 12.5498 -0.0330753
166.146 -0.0178672 0.00306654 -12.5898 12.5567 -0.0330737
166.157 -0.0178672 0.00306485 -12.5967 12.5636 -0.0330733
166.169 -0.0178676 0.00306346 -12.6036 12.5705 -0.0330733
166.18 -0.0178681 0.00306143 -12.6105 12.5774 -0.0330727
166.191 -0.0178683 0.00306032 -12.6173 12.5842 -0.0330713
166.202 -0.0178679 0.00305828 -12.6241 12.5911 -0.0330698
166.213 -0.0178673 0.00305726 -12.6309 12.5979 -0.0330703
166.225 -0.0178673 0.00305561 -12.6378 12.6047 -0.0330705
166.236 -0.0178669 0.00305403 -12.6446 12.6115 -0.0330699
166.247 -0.0178657 0.00305194 -12.6513 12.6183 -0.0330693
166.258 -0.0178649 0.00305057 -12.6581 12.625 -0.0330684
166.27 -0.0178644 0.00304883 -12.6649 12.6318 -0.0330678
166.281 -0.0178631 0.00304753 -12.6716 12.6385 -0.0330674
166.292 -0.0178615 0.00304598 -12.6783 12.6453 -0.0330673
166.303 -0.0178602 0.00304516 -12.6851 12.652 -0.0330668
166.315 -0.0178588 0.00304486 -12.6918 12.6587 -0.0330664
166.326 -0.0178578 0.00304396 -12.6985 12.6654 -0.0330661
166.337 -0.0178568 0.00304308 -12.7051 12.6721 -0.0330647
166.348 -0.0178565 0.00304217 -12.7118 12.6787 -0.0330651
166.36 -0.0178562 0.00304152 -12.7184 12.6853 -0.0330648
166.371 -0.0178561 0.0030408 -12.725 12.6919 -0.0330639
166.382 -0.0178559 0.00303979 -12.7316 12.6985 -0.0330631
166.393 -0.0178549 0.00303867 -12.7382 12.7051 -0.0330619
166.404 -0.0178549 0.00303641 -12.7447 12.7117 -0.0330602
166.416 -0.0178549 0.00303371 -12.7513 12.7183 -0.033059
166.427 -0.0178545 0.00303159 -12.7579 12.7249 -0.0330582
166.438 -0.0178536 0.00302981 -12.7645 12.7314 -0.0330566
166.449 -0.0178532 0.00302803 -12.7711 12.7381 -0.0330559
166.461 -0.0178524 0.00302653 -12.7777 12.7447 -0.0330555
166.472 -0.0178532 0.00302623 -12.7843 12.7513 -0.0330552
166.483 -0.0178538 0.00302601 -12.7909 12.7578 -0.0330557
166.494 -0.0178536 0.00302565 -12.7974 12.7644 -0.0330563
166.506 -0.017853 0.00302499 -12.8039 12.7709 -0.0330557
166.517 -0.0178521 0.0030245 -12.8105 12.7774 -0.033055
166.528 -0.0178516 0.00302391 -12.817 12.784 -0.033054
166.539 -0.0178507 0.00302299 -12.8235 12.7905 -0.0330523
166.551 -0.0178496 0.00302194 -12.8301 12.797 -0.0330504
166.562 -0.0178486 0.0030209 -12.8367 12.8036 -0.0330495
166.573 -0.0178475 0.00301941 -12.8432 12.8102 -0.0330496
166.584 -0.0178472 0.00301791 -12.8498 12.8167 -0.033049
166.596 -0.017846 0.00301689 -12.8563 12.8233 -0.0330484
166.607 -0.017846 0.00301551 -12.8629 12.8298 -0.0330476
166.618 -0.0178454 0.00301374 -12.8694 12.8364 -0.0330468
166.629 -0.017845 0.003013 -12.876 12.8429 -0.033046
166.64 -0.0178445 0.00301214 -12.8825 12.8494 -0.0330455
166.652 -0.0178443 0.0030109 -12.889 12.8559 -0.0330447
166.663 -0.0178448 0.00300955 -12.8955 12.8625 -0.0330443
166.674 -0.0178449 0.00300853 -12.902 12.8689 -0.0330435
166.685 -0.0178444 0.00300737 -12.9084 12.8754 -0.0330425
166.697 -0.0178444 0.00300645 -12.9149 12.8819 -0.0330429
166.708 -0.0178441 0.0030051 -12.9213 12.8883 -0.0330425
166.719 -0.0178439 0.00300364 -12.9278 12.8947 -0.0330421
166.73 -0.0178443 0.00300269 -12.9342 12.9011 -0.0330421
166.742 -0.0178448 0.00300185 -12.9406 12.9075 -0.0330413
166.753 -0.0178457 0.00300031 -12.9469 12.9139 -0.0330407
166.764 -0.0178463 0.0029991 -12.9533 12.9202 -0.0330397
166.775 -0.0178467 0.00299765 -12.9596 12.9266 -0.0330394
166.787 -0.0178471 0.00299657 -12.9659 12.9329 -0.0330398
166.798 -0.0178474 0.00299565 -12.9722 12.9391 -0.0330402
166.809 -0.0178478 0.00299387 -12.9784 12.9454 -0.03304
166.82 -0.0178477 0.00299129 -12.9846 12.9516 -0.0330399
166.831 -0.0178473 0.00298898 -12.9908 12.9578 -0.0330391
166.843 -0.0178471 0.00298697 -12.9969 12.9639 -0.033038
166.854 -0.0178472 0.00298445 -13.003 12.97 -0.0330374
166.865 -0.0178466 0.00298268 -13.0091 12.9761 -0.0330368
166.876 -0.0178466 0.00298162 -13.0152 12.9822 -0.0330365
166.888 -0.0178467 0.00297969 -13.0212 12.9882 -0.033036
166.899 -0.0178469 0.00297751 -13.0273 12.9942 -0.0330352
166.91 -0.0178477 0.00297562 -13.0332 13.0002 -0.0330333
166.921 -0.0178481 0.00297353 -13.0392 13.0062 -0.0330316
166.933 -0.0178476 0.00297161 -13.0452 13.0122 -0.0330303
166.944 -0.0178473 0.00296988 -13.0511 13.0181 -0.0330292
166.955 -0.0178471 0.00296743 -13.057 13.024 -0.0330279
166.966 -0.0178465 0.00296553 -13.0629 13.0299 -0.0330266
166.978 -0.0178459 0.00296328 -13.0688 13.0358 -0.0330254
166.989 -0.0178453 0.00296104 -13.0746 13.0416 -0.0330244
167 -0.0178444 0.00295856 -13.0805 13.0474 -0.033024
167.011 -0.0178439 0.00295555 -13.0863 13.0532 -0.0330231
167.022 -0.0178445 0.00295296 -13.092 13.059 -0.033023
167.034 -0.0178444 0.00295062 -13.0978 13.0648 -0.0330231
167.045 -0.0178447 0.00294873 -13.1036 13.0706 -0.033022
167.056 -0.0178443 0.0029472 -13.1093 13.0763 -0.0330194
167.067 -0.0178435 0.0029461 -13.115 13.082 -0.0330174
167.079 -0.0178431 0.00294426 -13.1206 13.0876 -0.0330151
167.09 -0.017843 0.00294251 -13.1262 13.0932 -0.033013
167.101 -0.0178424 0.00294044 -13.1318 13.0988 -0.0330112
167.112 -0.0178413 0.00293899 -13.1374 13.1044 -0.033009
167.124 -0.0178405 0.00293733 -13.1429 13.1099 -0.0330073
167.135 -0.0178395 0.00293525 -13.1485 13.1154 -0.0330067
167.146 -0.0178381 0.00293355 -13.154 13.121 -0.0330058
167.157 -0.0178367 0.00293172 -13.1595 13.1264 -0.0330042
167.169 -0.0178353 0.00292973 -13.1649 13.1319 -0.033003
167.18 -0.0178341 0.00292829 -13.1704 13.1374 -0.0330023
167.191 -0.0178328 0.00292734 -13.1757 13.1427 -0.033001
167.202 -0.0178321 0.00292632 -13.1811 13.1481 -0.0329995
167.213 -0.017831 0.00292493 -13.1864 13.1534 -0.0329976
167.225 -0.0178296 0.00292317 -13.1917 13.1587 -0.0329957
167.236 -0.0178287 0.00292169 -13.197 13.164 -0.0329944
167.247 -0.017827 0.00292064 -13.2022 13.1693 -0.0329928
167.258 -0.017825 0.00291953 -13.2075 13.1745 -0.0329912
167.27 -0.017824 0.00291871 -13.2126 13.1796 -0.0329905
167.281 -0.0178219 0.00291729 -13.2178 13.1848 -0.032989
167.292 -0.0178205 0.00291604 -13.2229 13.19 -0.0329876
167.303 -0.0178185 0.0029152 -13.2281 13.1951 -0.0329872
167.315 -0.0178162 0.0029149 -13.2331 13.2001 -0.0329863
167.326 -0.0178146 0.00291448 -13.2382 13.2052 -0.0329853
167.337 -0.0178128 0.00291417 -13.2432 13.2102 -0.0329839
167.348 -0.0178104 0.00291282 -13.2482 13.2152 -0.0329821
167.36 -0.0178089 0.00291253 -13.2532 13.2202 -0.0329818
167.371 -0.0178079 0.00291223 -13.2581 13.2251 -0.0329813
167.382 -0.0178073 0.00291208 -13.263 13.23 -0.0329797
167.393 -0.0178065 0.00291213 -13.2679 13.2349 -0.0329795
167.404 -0.0178046 0.00291215 -13.2727 13.2397 -0.0329791
167.416 -0.0178031 0.00291171 -13.2775 13.2445 -0.0329781
167.427 -0.0178013 0.0029112 -13.2822 13.2493 -0.0329773
167.438 -0.0177999 0.00291005 -13.287 13.254 -0.032976
167.449 -0.0177983 0.00290917 -13.2917 13.2587 -0.032974
167.461 -0.0177965 0.00290841 -13.2964 13.2634 -0.032973
167.472 -0.0177946 0.00290785 -13.301 13.268 -0.0329719
167.483 -0.0177933 0.00290722 -13.3056 13.2726 -0.0329705
167.494 -0.0177917 0.0029065 -13.3102 13.2772 -0.03297
167.506 -0.0177903 0.00290547 -13.3147 13.2817 -0.0329703
167.517 -0.0177896 0.00290462 -13.3191 13.2861 -0.0329698
167.528 -0.0177894 0.00290407 -13.3235 13.2906 -0.0329692
167.539 -0.0177884 0.00290379 -13.3279 13.2949 -0.0329691
167.551 -0.0177871 0.0029036 -13.3322 13.2993 -0.032969
167.562 -0.017786 0.00290357 -13.3365 13.3035 -0.0329688
167.573 -0.017784 0.00290299 -13.3407 13.3077 -0.0329688
167.584 -0.0177828 0.00290236 -13.3449 13.3119 -0.032968
167.596 -0.0177815 0.00290152 -13.349 13.316 -0.0329679
167.607 -0.0177813 0.00290111 -13.353 13.3201 -0.0329675
167.618 -0.0177805 0.00290028 -13.357 13.3241 -0.0329669
167.629 -0.0177791 0.00289904 -13.361 13.328 -0.0329661
167.64 -0.0177781 0.00289812 -13.3649 13.3319 -0.0329648
167.652 -0.0177768 0.00289697 -13.3688 13.3358 -0.0329638
167.663 -0.0177755 0.0028964 -13.3726 13.3397 -0.0329623
167.674 -0.0177739 0.00289614 -13.3764 13.3435 -0.0329611
167.685 -0.0177739 0.00289623 -13.3802 13.3473 -0.0329592
167.697 -0.0177737 0.0028956 -13.384 13.3511 -0.0329573
167.708 -0.0177741 0.00289518 -13.3877 13.3548 -0.0329556
167.719 -0.017775 0.0028953 -13.3914 13.3585 -0.0329542
167.73 -0.0177754 0.00289509 -13.3951 13.3622 -0.0329525
167.742 -0.0177757 0.00289499 -13.3988 13.3659 -0.0329511
167.753 -0.0177762 0.00289495 -13.4024 13.3695 -0.0329485
167.764 -0.0177761 0.00289576 -13.406 13.373 -0.032947
167.775 -0.0177754 0.00289599 -13.4095 13.3766 -0.0329462
167.787 -0.0177749 0.00289659 -13.4129 13.38 -0.0329449
167.798 -0.0177749 0.00289756 -13.4163 13.3834 -0.0329437
167.809 -0.0177749 0.0028983 -13.4197 13.3868 -0.0329428
167.82 -0.0177746 0.00289837 -13.423 13.3901 -0.0329411
167.831 -0.0177747 0.00289806 -13.4263 13.3934 -0.0329395
167.843 -0.0177745 0.00289793 -13.4295 13.3966 -0.032939
167.854 -0.0177739 0.00289807 -13.4327 13.3998 -0.0329376
167.865 -0.0177736 0.00289859 -13.4359 13.4029 -0.0329365
167.876 -0.0177735 0.00289844 -13.439 13.406 -0.0329359
167.888 -0.0177741 0.00289811 -13.442 13.4091 -0.032934
167.899 -0.0177744 0.00289855 -13.4451 13.4122 -0.0329329
167.91 -0.0177755 0.00289974 -13.4481 13.4151 -0.0329321
167.921 -0.0177766 0.00290081 -13.451 13.4181 -0.0329305
167.933 -0.0177775 0.00290185 -13.4539 13.4209 -0.032929
167.944 -0.0177793 0.00290266 -13.4567 13.4238 -0.0329276
167.955 -0.0177808 0.00290376 -13.4595 13.4265 -0.0329257
167.966 -0.0177823 0.00290439 -13.4622 13.4293 -0.0329242
167.978 -0.0177833 0.00290582 -13.4649 13.4319 -0.0329227
167.989 -0.0177836 0.00290664 -13.4675 13.4346 -0.032921
168 -0.0177844 0.00290688 -13.47 13.4371 -0.0329189
168.011 -0.0177849 0.0029073 -13.4725 13.4396 -0.0329175
168.022 -0.017785 0.00290744 -13.475 13.4421 -0.0329165
168.034 -0.0177851 0.00290795 -13.4774 13.4445 -0.0329157
168.045 -0.0177852 0.00290762 -13.4797 13.4468 -0.0329147
168.056 -0.0177848 0.00290698 -13.482 13.449 -0.0329135
168.067 -0.0177844 0.00290564 -13.4841 13.4512 -0.0329126
168.079 -0.0177841 0.00290481 -13.4862 13.4533 -0.0329119
168.09 -0.017784 0.00290418 -13.4883 13.4553 -0.0329112
168.101 -0.0177839 0.002904 -13.4902 13.4573 -0.03291
168.112 -0.0177845 0.00290411 -13.4921 13.4592 -0.0329092
168.124 -0.0177847 0.0029052 -13.4939 13.461 -0.0329076
168.135 -0.0177852 0.00290482 -13.4956 13.4627 -0.0329069
168.146 -0.0177856 0.0029046 -13.4973 13.4644 -0.0329058
168.157 -0.0177863 0.00290377 -13.4988 13.4659 -0.0329046
168.169 -0.0177867 0.00290304 -13.5003 13.4674 -0.0329033
168.18 -0.0177873 0.00290329 -13.5018 13.4689 -0.0329026
168.191 -0.0177881 0.00290324 -13.5031 13.4702 -0.0329016
168.202 -0.0177891 0.00290284 -13.5044 13.4715 -0.0329011
168.213 -0.0177901 0.00290291 -13.5056 13.4727 -0.0329016
168.225 -0.0177912 0.00290271 -13.5067 13.4738 -0.0328997
168.236 -0.017793 0.00290291 -13.5078 13.4749 -0.0328978
168.247 -0.0177945 0.00290328 -13.5088 13.4759 -0.0328961
168.258 -0.0177956 0.00290322 -13.5096 13.4768 -0.0328942
168.27 -0.0177964 0.00290237 -13.5105 13.4776 -0.0328931
168.281 -0.0177974 0.00290176 -13.5112 13.4783 -0.0328919
168.292 -0.0177987 0.0029022 -13.5118 13.479 -0.0328889
168.303 -0.0178 0.00290246 -13.5124 13.4795 -0.0328862
168.315 -0.0178011 0.00290237 -13.513 13.4801 -0.0328841
168.326 -0.0178008 0.00290177 -13.5134 13.4805 -0.0328811
168.337 -0.0178008 0.00290128 -13.5138 13.4809 -0.0328782
168.348 -0.0178009 0.00290162 -13.5141 13.4812 -0.0328754
168.36 -0.0178015 0.00290209 -13.5143 13.4814 -0.0328728
168.371 -0.0178014 0.0029027 -13.5144 13.4816 -0.0328703
168.382 -0.0178015 0.00290271 -13.5145 13.4817 -0.0328687
168.393 -0.0178019 0.00290186 -13.5145 13.4817 -0.0328664
168.404 -0.0178022 0.00290074 -13.5144 13.4816 -0.0328644
168.416 -0.0178032 0.00290007 -13.5143 13.4815 -0.0328632
168.427 -0.017804 0.00289989 -13.5141 13.4812 -0.0328616
168.438 -0.0178043 0.00290008 -13.5138 13.4809 -0.0328606
168.449 -0.0178048 0.00290084 -13.5135 13.4806 -0.0328603
168.461 -0.0178058 0.00290214 -13.513 13.4801 -0.0328601
168.472 -0.017807 0.00290262 -13.5125 13.4796 -0.0328594
168.483 -0.0178085 0.00290364 -13.5119 13.479 -0.032859
168.494 -0.0178097 0.00290467 -13.5112 13.4784 -0.032858
168.506 -0.0178107 0.0029055 -13.5104 13.4776 -0.0328568
168.517 -0.0178117 0.00290602 -13.5096 13.4768 -0.0328561
168.528 -0.0178123 0.00290547 -13.5087 13.4758 -0.0328549
168.539 -0.0178129 0.00290476 -13.5077 13.4748 -0.0328533
168.551 -0.0178135 0.00290473 -13.5066 13.4737 -0.032852
168.562 -0.017814 0.0029049 -13.5054 13.4725 -0.0328505
168.573 -0.017814 0.00290477 -13.5041 13.4712 -0.0328501
168.584 -0.0178144 0.00290442 -13.5027 13.4699 -0.0328505
168.596 -0.017815 0.00290348 -13.5012 13.4683 -0.0328503
168.607 -0.0178159 0.00290244 -13.4996 13.4667 -0.0328499
168.618 -0.017818 0.00290197 -13.4979 13.4651 -0.0328488
168.629 -0.0178191 0.00290173 -13.4961 13.4633 -0.0328475
168.64 -0.0178209 0.00290292 -13.4942 13.4614 -0.0328459
168.652 -0.0178227 0.00290402 -13.4923 13.4594 -0.0328453
168.663 -0.0178241 0.00290501 -13.4902 13.4574 -0.0328444
168.674 -0.0178245 0.00290508 -13.4881 13.4552 -0.0328428
168.685 -0.017825 0.00290498 -13.4858 13.453 -0.0328422
168.697 -0.0178257 0.00290571 -13.4835 13.4507 -0.0328397
168.708 -0.017826 0.00290623 -13.4811 13.4482 -0.0328379
168.719 -0.0178259 0.00290591 -13.4786 13.4457 -0.0328375
168.73 -0.0178251 0.00290514 -13.4759 13.4431 -0.0328374
168.742 -0.0178249 0.00290558 -13.4732 13.4404 -0.0328363
168.753 -0.0178253 0.00290582 -13.4704 13.4376 -0.0328359
168.764 -0.0178268 0.00290507 -13.4676 13.4347 -0.0328352
168.775 -0.0178275 0.00290514 -13.4646 13.4318 -0.0328339
168.787 -0.0178274 0.00290527 -13.4616 13.4288 -0.0328314
168.798 -0.0178272 0.00290587 -13.4586 13.4257 -0.0328295
168.809 -0.0178278 0.00290572 -13.4554 13.4226 -0.0328283
168.82 -0.0178277 0.00290578 -13.4523 13.4194 -0.0328271
168.831 -0.0178283 0.00290527 -13.449 13.4162 -0.0328261
168.843 -0.0178285 0.0029052 -13.4457 13.4129 -0.0328249
168.854 -0.017829 0.00290537 -13.4423 13.4095 -0.0328248
168.865 -0.017829 0.00290584 -13.4388 13.406 -0.0328244
168.876 -0.0178293 0.002906 -13.4353 13.4024 -0.0328242
168.888 -0.0178299 0.00290658 -13.4317 13.3989 -0.0328228
168.899 -0.0178305 0.00290653 -13.4281 13.3953 -0.0328209
168.91 -0.0178321 0.002906 -13.4244 13.3916 -0.0328197
168.921 -0.0178337 0.00290581 -13.4207 13.3879 -0.032819
168.933 -0.0178355 0.00290596 -13.4169 13.3841 -0.0328179
168.944 -0.0178366 0.00290611 -13.4131 13.3803 -0.0328169
168.955 -0.0178376 0.00290601 -13.4092 13.3764 -0.0328169
168.966 -0.0178386 0.00290554 -13.4053 13.3725 -0.0328166
168.978 -0.0178399 0.00290552 -13.4013 13.3684 -0.0328163
168.989 -0.0178423 0.00290642 -13.3972 13.3644 -0.032816
169 -0.0178438 0.00290634 -13.3932 13.3603 -0.0328146
169.011 -0.0178447 0.00290652 -13.3891 13.3563 -0.0328136
169.022 -0.0178457 0.00290644 -13.385 13.3522 -0.0328127
169.034 -0.0178457 0.00290533 -13.3809 13.3481 -0.0328119
169.045 -0.0178454 0.00290418 -13.3767 13.3439 -0.0328115
169.056 -0.0178448 0.00290334 -13.3725 13.3397 -0.0328113
169.067 -0.0178449 0.00290317 -13.3683 13.3355 -0.032811
169.079 -0.0178458 0.00290367 -13.364 13.3312 -0.0328102
169.09 -0.0178459 0.00290357 -13.3597 13.3269 -0.0328105
169.101 -0.0178455 0.00290354 -13.3554 13.3226 -0.0328099
169.112 -0.017846 0.00290354 -13.3511 13.3183 -0.0328097
169.124 -0.0178474 0.00290328 -13.3467 13.3139 -0.0328083
169.135 -0.0178476 0.00290348 -13.3423 13.3095 -0.0328072
169.146 -0.0178479 0.00290412 -13.338 13.3052 -0.0328064
169.157 -0.0178479 0.00290484 -13.3336 13.3008 -0.0328049
169.169 -0.0178477 0.00290497 -13.3292 13.2964 -0.0328033
169.18 -0.0178488 0.00290502 -13.3248 13.292 -0.0328024
169.191 -0.0178488 0.00290438 -13.3204 13.2876 -0.0328012
169.202 -0.0178482 0.00290334 -13.316 13.2832 -0.0328004
169.213 -0.0178482 0.00290259 -13.3116 13.2788 -0.0327998
169.225 -0.0178484 0.00290211 -13.3072 13.2744 -0.0327983
169.236 -0.0178484 0.00290108 -13.3028 13.27 -0.0327961
169.247 -0.0178481 0.00290047 -13.2984 13.2656 -0.0327939
169.258 -0.0178483 0.00289956 -13.294 13.2612 -0.0327923
169.27 -0.0178485 0.00289906 -13.2896 13.2568 -0.032791
169.281 -0.0178499 0.00289844 -13.2852 13.2525 -0.0327894
169.292 -0.0178513 0.00289797 -13.2809 13.2481 -0.0327881
169.303 -0.0178525 0.00289719 -13.2765 13.2437 -0.0327875
169.315 -0.0178537 0.00289643 -13.2722 13.2394 -0.0327871
169.326 -0.0178544 0.0028946 -13.2679 13.2351 -0.0327874
169.337 -0.0178547 0.00289262 -13.2636 13.2308 -0.0327874
169.348 -0.0178549 0.00289058 -13.2593 13.2265 -0.032787
169.36 -0.0178549 0.00288828 -13.255 13.2222 -0.0327878
169.371 -0.0178553 0.0028857 -13.2507 13.2179 -0.032788
169.382 -0.0178565 0.00288408 -13.2464 13.2137 -0.0327878
169.393 -0.0178577 0.00288259 -13.2422 13.2094 -0.0327872
169.404 -0.0178587 0.00288162 -13.238 13.2052 -0.0327865
169.416 -0.0178594 0.00288008 -13.2338 13.201 -0.0327857
169.427 -0.01786 0.00287855 -13.2297 13.1969 -0.0327858
169.438 -0.017861 0.00287728 -13.2255 13.1927 -0.0327854
169.449 -0.0178616 0.00287594 -13.2214 13.1886 -0.0327849
169.461 -0.017862 0.00287527 -13.2173 13.1845 -0.0327849
169.472 -0.0178631 0.00287421 -13.2133 13.1805 -0.0327839
169.483 -0.0178631 0.00287424 -13.2092 13.1764 -0.0327827
169.494 -0.0178636 0.00287455 -13.2052 13.1724 -0.032782
169.506 -0.0178636 0.00287386 -13.2012 13.1685 -0.0327817
169.517 -0.0178633 0.00287337 -13.1973 13.1645 -0.0327807
169.528 -0.0178631 0.00287238 -13.1933 13.1606 -0.0327799
169.539 -0.017863 0.00287254 -13.1894 13.1567 -0.0327785
169.551 -0.0178627 0.00287229 -13.1856 13.1528 -0.0327772
169.562 -0.0178625 0.00287197 -13.1818 13.149 -0.0327753
169.573 -0.017863 0.00287163 -13.178 13.1452 -0.0327729
169.584 -0.017864 0.00287173 -13.1743 13.1415 -0.0327709
169.596 -0.0178646 0.00287098 -13.1707 13.1379 -0.0327696
169.607 -0.0178649 0.00286963 -13.167 13.1343 -0.0327679
169.618 -0.0178649 0.0028684 -13.1635 13.1307 -0.0327659
169.629 -0.0178643 0.00286662 -13.16 13.1272 -0.0327652
169.64 -0.0178641 0.00286452 -13.1565 13.1237 -0.0327637
169.652 -0.0178639 0.00286307 -13.153 13.1203 -0.0327631
169.663 -0.017865 0.00286176 -13.1497 13.1169 -0.0327625
169.674 -0.0178658 0.00286061 -13.1463 13.1136 -0.032762
169.685 -0.0178665 0.00285949 -13.143 13.1103 -0.0327607
169.697 -0.0178669 0.00285841 -13.1398 13.1071 -0.0327591
169.708 -0.0178679 0.00285826 -13.1367 13.1039 -0.0327575
169.719 -0.0178679 0.00285829 -13.1336 13.1009 -0.0327555
169.73 -0.0178676 0.00285767 -13.1307 13.0979 -0.0327541
169.742 -0.0178676 0.00285681 -13.1277 13.095 -0.0327519
169.753 -0.017867 0.00285685 -13.1249 13.0921 -0.0327493
169.764 -0.0178662 0.00285612 -13.1221 13.0894 -0.0327472
169.775 -0.0178656 0.00285579 -13.1195 13.0867 -0.0327446
169.787 -0.0178651 0.0028558 -13.1168 13.0841 -0.0327415
169.798 -0.0178645 0.00285556 -13.1143 13.0816 -0.0327385
169.809 -0.0178647 0.00285567 -13.1119 13.0791 -0.0327362
169.82 -0.0178641 0.00285523 -13.1095 13.0767 -0.0327342
169.831 -0.0178639 0.00285491 -13.1072 13.0744 -0.032733
169.843 -0.0178639 0.00285417 -13.1049 13.0722 -0.032732
169.854 -0.017864 0.0028545 -13.1027 13.0699 -0.0327309
169.865 -0.0178633 0.00285434 -13.1005 13.0678 -0.03273
169.876 -0.017864 0.00285507 -13.0984 13.0656 -0.0327282
169.888 -0.0178643 0.00285518 -13.0963 13.0636 -0.0327259
169.899 -0.0178636 0.0028554 -13.0943 13.0616 -0.0327247
169.91 -0.0178639 0.00285505 -13.0923 13.0596 -0.0327231
169.921 -0.0178637 0.00285432 -13.0904 13.0577 -0.0327215
169.933 -0.0178634 0.00285331 -13.0885 13.0558 -0.0327195
169.944 -0.0178629 0.00285273 -13.0867 13.054 -0.0327181
169.955 -0.0178623 0.0028514 -13.085 13.0522 -0.0327164
169.966 -0.0178622 0.00285106 -13.0833 13.0505 -0.0327149
169.978 -0.017862 0.00285047 -13.0816 13.0489 -0.0327132
169.989 -0.0178622 0.00284986 -13.08 13.0473 -0.0327123
170 -0.0178619 0.00284966 -13.0785 13.0458 -0.0327113
170.011 -0.017861 0.00284934 -13.077 13.0443 -0.0327091
170.022 -0.01786 0.00284918 -13.0756 13.0429 -0.0327075
170.034 -0.0178593 0.00284892 -13.0743 13.0416 -0.0327065
170.045 -0.0178577 0.00284918 -13.073 13.0403 -0.0327043
170.056 -0.0178574 0.0028505 -13.0718 13.0391 -0.0327012
170.067 -0.0178565 0.00285074 -13.0707 13.038 -0.0326987
170.079 -0.0178561 0.00285165 -13.0696 13.0369 -0.0326951
170.09 -0.0178561 0.00285301 -13.0686 13.0359 -0.0326915
170.101 -0.0178552 0.00285398 -13.0677 13.035 -0.0326884
170.112 -0.0178538 0.0028544 -13.0669 13.0342 -0.0326849
170.124 -0.017853 0.00285495 -13.0661 13.0334 -0.032681
170.135 -0.0178527 0.00285534 -13.0654 13.0327 -0.0326775
170.146 -0.0178519 0.00285545 -13.0648 13.0321 -0.0326736
170.157 -0.0178513 0.00285463 -13.0642 13.0315 -0.0326698
170.169 -0.0178515 0.00285463 -13.0637 13.031 -0.0326669
170.18 -0.0178511 0.00285419 -13.0632 13.0305 -0.0326635
170.191 -0.0178498 0.00285378 -13.0628 13.0301 -0.0326609
170.202 -0.0178483 0.00285309 -13.0624 13.0297 -0.0326596
170.213 -0.0178483 0.00285224 -13.062 13.0294 -0.0326583
170.225 -0.0178477 0.00285122 -13.0617 13.0291 -0.0326563
170.236 -0.0178474 0.00285048 -13.0615 13.0288 -0.0326552
170.247 -0.0178464 0.00285038 -13.0612 13.0286 -0.0326526
170.258 -0.017845 0.00285013 -13.0611 13.0284 -0.0326501
170.27 -0.0178439 0.00285033 -13.0609 13.0283 -0.0326477
170.281 -0.0178423 0.0028501 -13.0609 13.0282 -0.0326447
170.292 -0.0178414 0.00285005 -13.0608 13.0282 -0.0326415
170.303 -0.0178417 0.00284983 -13.0609 13.0283 -0.0326398
170.315 -0.0178419 0.00285001 -13.061 13.0284 -0.0326379
170.326 -0.0178418 0.00284947 -13.0611 13.0285 -0.0326362
170.337 -0.0178412 0.00284967 -13.0613 13.0287 -0.0326347
170.348 -0.0178415 0.00284943 -13.0616 13.0289 -0.0326325
170.36 -0.0178407 0.00284937 -13.0618 13.0292 -0.0326311
170.371 -0.0178396 0.00284925 -13.0621 13.0295 -0.0326306
170.382 -0.0178391 0.00285016 -13.0625 13.0298 -0.0326295
170.393 -0.017839 0.00285048 -13.0628 13.0302 -0.0326304
170.404 -0.0178385 0.00285018 -13.0632 13.0306 -0.0326308
170.416 -0.017838 0.00285033 -13.0636 13.031 -0.0326315
170.427 -0.0178381 0.00285026 -13.064 13.0313 -0.0326319
170.438 -0.0178384 0.00285031 -13.0644 13.0318 -0.032631
170.449 -0.0178386 0.00285122 -13.0649 13.0322 -0.0326293
170.461 -0.0178384 0.00285186 -13.0654 13.0327 -0.0326268
170.472 -0.0178385 0.00285236 -13.0659 13.0333 -0.0326252
170.483 -0.0178385 0.00285345 -13.0665 13.0339 -0.0326227
170.494 -0.017838 0.0028541 -13.0671 13.0345 -0.0326205
170.506 -0.0178371 0.00285466 -13.0678 13.0352 -0.0326191
170.517 -0.0178364 0.00285569 -13.0685 13.0359 -0.0326177
170.528 -0.0178356 0.00285651 -13.0692 13.0366 -0.0326162
170.539 -0.0178344 0.00285612 -13.07 13.0373 -0.0326142
170.551 -0.0178332 0.0028562 -13.0708 13.0382 -0.0326111
170.562 -0.0178314 0.00285704 -13.0716 13.039 -0.0326081
170.573 -0.0178294 0.00285803 -13.0726 13.04 -0.0326051
170.584 -0.0178272 0.00285864 -13.0736 13.041 -0.0326021
170.596 -0.0178245 0.00285927 -13.0746 13.042 -0.0325998
170.607 -0.0178223 0.0028597 -13.0757 13.0431 -0.032597
170.618 -0.0178207 0.00285957 -13.0768 13.0442 -0.0325949
170.629 -0.0178194 0.00285967 -13.078 13.0454 -0.032593
170.64 -0.0178178 0.00286043 -13.0793 13.0467 -0.0325908
170.652 -0.0178162 0.00286085 -13.0806 13.048 -0.0325882
170.663 -0.0178158 0.00286187 -13.0819 13.0493 -0.0325853
170.674 -0.0178155 0.00286263 -13.0833 13.0507 -0.0325834
170.685 -0.017816 0.00286316 -13.0848 13.0522 -0.0325812
170.697 -0.017816 0.00286322 -13.0863 13.0538 -0.0325793
170.708 -0.0178157 0.0028629 -13.0879 13.0553 -0.0325774
170.719 -0.0178156 0.00286164 -13.0895 13.0569 -0.0325747
170.73 -0.0178159 0.00286049 -13.0912 13.0586 -0.0325717
170.742 -0.0178163 0.00285946 -13.0929 13.0603 -0.032569
170.753 -0.017816 0.0028583 -13.0946 13.062 -0.0325652
170.764 -0.0178149 0.00285771 -13.0964 13.0638 -0.0325621
170.775 -0.017814 0.00285801 -13.0982 13.0657 -0.0325593
170.787 -0.0178134 0.00285823 -13.1001 13.0675 -0.0325561
170.798 -0.0178128 0.00285823 -13.102 13.0694 -0.0325528
170.809 -0.0178119 0.00285789 -13.1039 13.0714 -0.0325497
170.82 -0.0178119 0.00285824 -13.1059 13.0733 -0.0325463
170.831 -0.0178116 0.00285812 -13.1078 13.0753 -0.032544
170.843 -0.0178112 0.00285721 -13.1098 13.0773 -0.0325421
170.854 -0.0178105 0.00285646 -13.1118 13.0793 -0.0325399
170.865 -0.0178096 0.00285538 -13.1138 13.0813 -0.0325382
170.876 -0.0178092 0.00285439 -13.1159 13.0834 -0.032537
170.888 -0.017808 0.00285333 -13.118 13.0854 -0.0325353
170.899 -0.0178069 0.00285329 -13.12 13.0875 -0.0325334
170.91 -0.0178059 0.00285374 -13.1222 13.0897 -0.0325316
170.921 -0.0178052 0.00285424 -13.1244 13.0918 -0.0325292
170.933 -0.0178046 0.00285466 -13.1266 13.094 -0.0325266
170.944 -0.017804 0.00285514 -13.1288 13.0963 -0.0325242
170.955 -0.0178033 0.00285558 -13.1311 13.0986 -0.0325217
170.966 -0.0178027 0.00285561 -13.1334 13.1009 -0.0325188
170.978 -0.017802 0.00285606 -13.1358 13.1033 -0.0325159
170.989 -0.017801 0.00285602 -13.1382 13.1057 -0.0325131
171 -0.0178003 0.00285652 -13.1406 13.1081 -0.0325112
171.011 -0.0177993 0.00285586 -13.143 13.1105 -0.0325097
171.022 -0.0177986 0.00285526 -13.1455 13.113 -0.0325081
171.034 -0.017797 0.00285437 -13.148 13.1155 -0.032506
171.045 -0.0177959 0.00285406 -13.1505 13.118 -0.0325041
171.056 -0.0177946 0.00285362 -13.1531 13.1206 -0.0325029
171.067 -0.0177933 0.00285263 -13.1556 13.1231 -0.0325012
171.079 -0.0177921 0.0028526 -13.1582 13.1257 -0.0324991
171.09 -0.0177906 0.00285219 -13.1608 13.1283 -0.0324957
171.101 -0.017789 0.0028517 -13.1634 13.1309 -0.0324937
171.112 -0.0177864 0.00285101 -13.166 13.1335 -0.0324913
171.124 -0.0177846 0.00284973 -13.1686 13.1361 -0.0324893
171.135 -0.0177825 0.00284929 -13.1712 13.1387 -0.0324868
171.146 -0.0177811 0.00285 -13.1739 13.1414 -0.0324843
171.157 -0.0177794 0.00284957 -13.1765 13.144 -0.0324824
171.169 -0.0177773 0.00284882 -13.1791 13.1467 -0.0324804
171.18 -0.0177753 0.00284849 -13.1818 13.1493 -0.0324775
171.191 -0.0177738 0.00284851 -13.1845 13.152 -0.0324752
171.202 -0.0177721 0.00284871 -13.1871 13.1547 -0.0324725
171.213 -0.0177713 0.00284869 -13.1898 13.1573 -0.0324707
171.225 -0.0177705 0.00284828 -13.1925 13.16 -0.0324686
171.236 -0.0177697 0.00284797 -13.1951 13.1627 -0.0324659
171.247 -0.0177685 0.00284722 -13.1978 13.1654 -0.0324627
171.258 -0.0177678 0.00284593 -13.2005 13.168 -0.0324595
171.27 -0.017768 0.00284466 -13.2032 13.1707 -0.0324577
171.281 -0.0177679 0.002843 -13.2059 13.1734 -0.0324566
171.292 -0.0177682 0.00284158 -13.2085 13.176 -0.032454
171.303 -0.0177675 0.00284024 -13.2111 13.1786 -0.0324509
171.315 -0.0177673 0.00283879 -13.2137 13.1813 -0.0324479
171.326 -0.0177668 0.00283723 -13.2164 13.1839 -0.0324446
171.337 -0.0177661 0.00283636 -13.219 13.1866 -0.0324413
171.348 -0.0177664 0.0028348 -13.2217 13.1892 -0.0324381
171.36 -0.0177664 0.00283374 -13.2243 13.1919 -0.0324352
171.371 -0.017766 0.00283249 -13.227 13.1946 -0.0324315
171.382 -0.0177648 0.00283157 -13.2297 13.1973 -0.0324275
171.393 -0.0177641 0.0028303 -13.2324 13.2 -0.0324239
171.404 -0.0177636 0.00282918 -13.2351 13.2027 -0.0324201
171.416 -0.0177616 0.00282738 -13.2378 13.2054 -0.0324175
171.427 -0.0177597 0.00282582 -13.2405 13.208 -0.032415
171.438 -0.0177586 0.00282457 -13.2431 13.2107 -0.0324116
171.449 -0.0177571 0.00282379 -13.2458 13.2134 -0.0324097
171.461 -0.0177547 0.00282232 -13.2485 13.2161 -0.0324074
171.472 -0.0177525 0.00282118 -13.2511 13.2187 -0.0324052
171.483 -0.0177511 0.00282137 -13.2538 13.2214 -0.0324007
171.494 -0.0177496 0.00282125 -13.2565 13.2241 -0.0323956
171.506 -0.0177481 0.00282179 -13.2592 13.2268 -0.0323915
171.517 -0.0177469 0.00282229 -13.262 13.2296 -0.0323872
171.528 -0.0177459 0.00282291 -13.2647 13.2323 -0.0323822
171.539 -0.0177443 0.0028233 -13.2674 13.2351 -0.0323772
171.551 -0.0177421 0.00282393 -13.2702 13.2378 -0.0323727
171.562 -0.0177409 0.00282375 -13.2729 13.2406 -0.0323679
171.573 -0.0177398 0.00282372 -13.2757 13.2433 -0.0323636
171.584 -0.0177387 0.00282321 -13.2785 13.2461 -0.0323589
171.596 -0.0177379 0.00282299 -13.2812 13.2489 -0.0323548
171.607 -0.0177366 0.00282225 -13.2839 13.2516 -0.0323515
171.618 -0.017735 0.00282053 -13.2867 13.2543 -0.0323486
171.629 -0.0177339 0.00281859 -13.2893 13.257 -0.0323448
171.64 -0.0177324 0.00281738 -13.292 13.2597 -0.0323406
171.652 -0.0177305 0.0028166 -13.2946 13.2623 -0.0323363
171.663 -0.017729 0.00281616 -13.2973 13.2649 -0.032331
171.674 -0.0177275 0.00281583 -13.2999 13.2675 -0.0323262
171.685 -0.0177268 0.0028156 -13.3025 13.2702 -0.0323212
171.697 -0.0177253 0.00281548 -13.305 13.2727 -0.0323159
171.708 -0.017724 0.00281525 -13.3076 13.2753 -0.0323117
171.719 -0.0177223 0.00281479 -13.3102 13.2779 -0.0323077
171.73 -0.017721 0.00281355 -13.3127 13.2804 -0.0323035
171.742 -0.0177198 0.00281338 -13.3152 13.2829 -0.0322989
171.753 -0.0177182 0.00281277 -13.3177 13.2854 -0.0322944
171.764 -0.0177168 0.00281295 -13.3202 13.2879 -0.0322896
171.775 -0.0177145 0.00281301 -13.3227 13.2904 -0.032286
171.787 -0.0177127 0.00281299 -13.3251 13.2928 -0.0322818
171.798 -0.0177109 0.00281306 -13.3275 13.2952 -0.032277
171.809 -0.0177094 0.00281356 -13.3299 13.2976 -0.0322724
171.82 -0.0177075 0.00281402 -13.3323 13.3 -0.0322677
171.831 -0.0177053 0.00281471 -13.3346 13.3023 -0.0322631
171.843 -0.0177027 0.00281463 -13.3369 13.3047 -0.0322597
171.854 -0.0177003 0.00281338 -13.3392 13.307 -0.0322571
171.865 -0.0176978 0.00281163 -13.3415 13.3092 -0.0322546
171.876 -0.0176952 0.00281096 -13.3437 13.3114 -0.03225
171.888 -0.0176938 0.00280984 -13.3459 13.3136 -0.0322463
171.899 -0.0176916 0.00280872 -13.348 13.3158 -0.0322419
171.91 -0.017689 0.00280798 -13.3501 13.3179 -0.0322378
171.921 -0.0176866 0.0028068 -13.3523 13.32 -0.0322336
171.933 -0.0176837 0.00280583 -13.3543 13.3221 -0.0322295
171.944 -0.0176817 0.00280465 -13.3564 13.3242 -0.0322255
171.955 -0.0176798 0.00280316 -13.3584 13.3262 -0.0322215
171.966 -0.0176778 0.00280227 -13.3604 13.3282 -0.0322173
171.978 -0.0176759 0.00280079 -13.3624 13.3302 -0.0322133
171.989 -0.017673 0.00280012 -13.3643 13.3321 -0.0322093
172 -0.0176697 0.00279899 -13.3662 13.334 -0.0322042
172.011 -0.0176666 0.00279807 -13.3681 13.3359 -0.0321986
172.022 -0.0176639 0.00279691 -13.37 13.3378 -0.0321943
172.034 -0.0176614 0.00279578 -13.3719 13.3397 -0.0321902
172.045 -0.0176581 0.00279439 -13.3737 13.3415 -0.0321869
172.056 -0.0176553 0.00279307 -13.3755 13.3433 -0.0321837
172.067 -0.0176529 0.00279233 -13.3772 13.3451 -0.0321797
172.079 -0.0176506 0.00279225 -13.379 13.3468 -0.032176
172.09 -0.0176489 0.00279136 -13.3807 13.3485 -0.0321721
172.101 -0.0176472 0.00279081 -13.3824 13.3502 -0.0321686
172.112 -0.0176463 0.00279003 -13.384 13.3518 -0.0321653
172.124 -0.0176448 0.00278934 -13.3856 13.3535 -0.0321624
172.135 -0.0176432 0.00278857 -13.3872 13.355 -0.032159
172.146 -0.0176421 0.00278754 -13.3888 13.3566 -0.0321548
172.157 -0.0176405 0.00278655 -13.3903 13.3582 -0.0321508
172.169 -0.0176393 0.00278554 -13.3918 13.3597 -0.0321463
172.18 -0.0176383 0.00278444 -13.3933 13.3612 -0.0321422
172.191 -0.0176374 0.00278368 -13.3948 13.3626 -0.0321383
172.202 -0.0176361 0.00278295 -13.3962 13.364 -0.032134
172.213 -0.0176346 0.00278163 -13.3976 13.3655 -0.0321294
172.225 -0.0176345 0.00278009 -13.399 13.3669 -0.0321253
172.236 -0.0176339 0.00277943 -13.4003 13.3682 -0.0321215
172.247 -0.017633 0.00277778 -13.4016 13.3695 -0.0321169
172.258 -0.0176322 0.00277618 -13.4029 13.3708 -0.0321141
172.27 -0.0176307 0.00277451 -13.4041 13.372 -0.0321105
172.281 -0.0176293 0.00277271 -13.4053 13.3732 -0.0321085
172.292 -0.0176269 0.00277166 -13.4065 13.3744 -0.0321056
172.303 -0.0176244 0.00276996 -13.4076 13.3755 -0.0321025
172.315 -0.017622 0.00276864 -13.4087 13.3766 -0.0320994
172.326 -0.01762 0.00276768 -13.4098 13.3777 -0.0320959
172.337 -0.0176187 0.00276632 -13.4109 13.3788 -0.0320919
172.348 -0.0176167 0.00276466 -13.4119 13.3798 -0.0320891
172.36 -0.0176152 0.00276329 -13.4129 13.3808 -0.032086
172.371 -0.0176136 0.00276156 -13.4138 13.3817 -0.0320835
172.382 -0.0176123 0.00275946 -13.4147 13.3826 -0.0320807
172.393 -0.0176113 0.00275781 -13.4156 13.3835 -0.0320777
172.404 -0.0176105 0.00275624 -13.4165 13.3844 -0.0320741
172.416 -0.01761 0.00275458 -13.4173 13.3852 -0.0320706
172.427 -0.0176091 0.00275417 -13.4181 13.386 -0.0320671
172.438 -0.0176069 0.0027537 -13.4188 13.3868 -0.0320632
172.449 -0.0176056 0.00275333 -13.4196 13.3875 -0.0320603
172.461 -0.0176036 0.00275319 -13.4203 13.3882 -0.0320579
172.472 -0.0176009 0.00275314 -13.4209 13.3889 -0.0320547
172.483 -0.0175988 0.00275294 -13.4216 13.3895 -0.0320514
172.494 -0.0175968 0.002753 -13.4222 13.3901 -0.0320484
172.506 -0.017594 0.00275286 -13.4227 13.3906 -0.0320455
172.517 -0.0175922 0.00275261 -13.4232 13.3911 -0.0320416
172.528 -0.0175909 0.00275207 -13.4237 13.3916 -0.0320381
172.539 -0.0175891 0.00275143 -13.4241 13.3921 -0.032034
172.551 -0.0175868 0.00275058 -13.4246 13.3925 -0.0320305
172.562 -0.0175844 0.00274992 -13.425 13.393 -0.0320269
172.573 -0.0175821 0.00274928 -13.4254 13.3934 -0.0320232
172.584 -0.0175796 0.00274869 -13.4258 13.3937 -0.0320194
172.596 -0.0175774 0.0027481 -13.4261 13.3941 -0.0320158
172.607 -0.0175759 0.00274743 -13.4264 13.3944 -0.0320116
172.618 -0.0175736 0.00274679 -13.4267 13.3947 -0.0320071
172.629 -0.0175724 0.00274591 -13.4271 13.3951 -0.0320033
172.64 -0.0175714 0.00274443 -13.4273 13.3953 -0.0319996
172.652 -0.0175702 0.00274372 -13.4276 13.3956 -0.0319955
172.663 -0.0175689 0.00274277 -13.4278 13.3958 -0.0319919
172.674 -0.0175679 0.00274191 -13.428 13.396 -0.0319873
172.685 -0.0175674 0.00274128 -13.4282 13.3962 -0.0319825
172.697 -0.0175668 0.00273973 -13.4284 13.3964 -0.0319786
172.708 -0.0175661 0.00273839 -13.4285 13.3965 -0.0319745
172.719 -0.0175651 0.00273708 -13.4286 13.3967 -0.0319709
172.73 -0.0175639 0.00273544 -13.4288 13.3968 -0.0319675
172.742 -0.0175625 0.00273373 -13.4288 13.3969 -0.0319633
172.753 -0.0175614 0.00273258 -13.4289 13.3969 -0.0319593
172.764 -0.0175602 0.00273118 -13.4289 13.397 -0.0319557
172.775 -0.0175584 0.00273036 -13.4289 13.397 -0.0319516
172.787 -0.0175568 0.00272966 -13.4289 13.3969 -0.0319479
172.798 -0.0175558 0.00272793 -13.4289 13.3969 -0.0319444
172.809 -0.0175545 0.00272657 -13.4288 13.3969 -0.031941
172.82 -0.0175533 0.002725 -13.4288 13.3968 -0.0319376
172.831 -0.0175523 0.0027231 -13.4287 13.3968 -0.0319339
172.843 -0.0175512 0.0027218 -13.4286 13.3967 -0.0319297
172.854 -0.0175496 0.0027204 -13.4285 13.3966 -0.0319263
172.865 -0.0175484 0.00271914 -13.4284 13.3965 -0.0319225
172.876 -0.0175475 0.00271822 -13.4282 13.3963 -0.0319185
172.888 -0.0175471 0.00271715 -13.428 13.3961 -0.0319151
172.899 -0.0175471 0.00271632 -13.4279 13.3959 -0.0319116
172.91 -0.0175461 0.00271517 -13.4276 13.3957 -0.0319088
172.921 -0.0175453 0.00271455 -13.4274 13.3955 -0.031906
172.933 -0.0175446 0.00271395 -13.4271 13.3952 -0.0319031
172.944 -0.0175441 0.00271249 -13.4268 13.3949 -0.0318994
172.955 -0.0175434 0.00271122 -13.4265 13.3946 -0.0318957
172.966 -0.0175432 0.00271035 -13.4262 13.3943 -0.0318919
172.978 -0.0175432 0.00270912 -13.4258 13.3939 -0.0318884
172.989 -0.0175429 0.00270756 -13.4255 13.3936 -0.0318841
173 -0.0175428 0.0027066 -13.4251 13.3932 -0.0318802
173.011 -0.0175421 0.00270516 -13.4247 13.3928 -0.0318763
173.022 -0.0175417 0.00270371 -13.4243 13.3924 -0.0318724
173.034 -0.0175412 0.00270251 -13.4239 13.392 -0.0318687
173.045 -0.017541 0.00270123 -13.4235 13.3916 -0.0318647
173.056 -0.0175402 0.00269953 -13.4231 13.3912 -0.0318615
173.067 -0.0175405 0.00269803 -13.4226 13.3908 -0.0318579
173.079 -0.0175395 0.00269698 -13.4222 13.3903 -0.0318546
173.09 -0.0175384 0.0026963 -13.4217 13.3898 -0.0318515
173.101 -0.0175371 0.0026955 -13.4212 13.3893 -0.0318487
173.112 -0.0175357 0.00269441 -13.4207 13.3888 -0.0318462
173.124 -0.0175343 0.00269378 -13.4201 13.3883 -0.0318441
173.135 -0.0175331 0.00269297 -13.4195 13.3877 -0.0318422
173.146 -0.0175323 0.00269262 -13.4189 13.3871 -0.0318395
173.157 -0.0175311 0.00269191 -13.4183 13.3865 -0.0318368
173.169 -0.0175308 0.00269073 -13.4177 13.3858 -0.0318343
173.18 -0.01753 0.00268954 -13.417 13.3852 -0.0318314
173.191 -0.0175294 0.00268741 -13.4164 13.3846 -0.0318293
173.202 -0.0175282 0.00268509 -13.4157 13.3839 -0.0318273
173.213 -0.0175274 0.00268382 -13.415 13.3832 -0.0318256
173.225 -0.0175259 0.00268209 -13.4144 13.3825 -0.0318241
173.236 -0.0175251 0.00268082 -13.4137 13.3819 -0.0318221
173.247 -0.0175234 0.00267909 -13.413 13.3812 -0.0318194
173.258 -0.0175218 0.00267809 -13.4123 13.3804 -0.0318163
173.27 -0.01752 0.00267708 -13.4116 13.3798 -0.0318134
173.281 -0.017518 0.00267611 -13.4108 13.379 -0.0318101
173.292 -0.0175162 0.00267387 -13.4101 13.3783 -0.0318073
173.303 -0.0175151 0.00267245 -13.4094 13.3776 -0.0318049
173.315 -0.0175144 0.00267073 -13.4087 13.3769 -0.0318022
173.326 -0.0175126 0.00266931 -13.408 13.3762 -0.0317997
173.337 -0.0175118 0.00266827 -13.4072 13.3754 -0.0317976
173.348 -0.0175106 0.00266702 -13.4065 13.3747 -0.0317944
173.36 -0.0175098 0.00266671 -13.4058 13.374 -0.0317916
173.371 -0.0175081 0.00266594 -13.4051 13.3733 -0.0317886
173.382 -0.0175063 0.00266539 -13.4043 13.3726 -0.0317841
173.393 -0.0175044 0.00266475 -13.4036 13.3719 -0.0317804
173.404 -0.0175026 0.00266406 -13.4029 13.3712 -0.0317772
173.416 -0.0175008 0.00266272 -13.4022 13.3705 -0.0317742
173.427 -0.0174997 0.00266187 -13.4016 13.3698 -0.0317706
173.438 -0.0174986 0.00266097 -13.4009 13.3691 -0.0317671
173.449 -0.0174973 0.00265992 -13.4002 13.3685 -0.0317634
173.461 -0.0174964 0.00265857 -13.3996 13.3678 -0.0317596
173.472 -0.017496 0.00265744 -13.3989 13.3672 -0.0317561
173.483 -0.0174952 0.00265536 -13.3983 13.3665 -0.031754
173.494 -0.0174949 0.00265381 -13.3976 13.3659 -0.0317516
173.506 -0.0174937 0.00265118 -13.397 13.3653 -0.0317494
173.517 -0.0174933 0.00264973 -13.3964 13.3646 -0.0317467
173.528 -0.0174926 0.00264799 -13.3957 13.364 -0.031744
173.539 -0.0174913 0.00264595 -13.3951 13.3634 -0.0317408
173.551 -0.0174894 0.00264432 -13.3945 13.3628 -0.0317387
173.562 -0.0174882 0.00264274 -13.3939 13.3621 -0.0317369
173.573 -0.0174868 0.00264085 -13.3933 13.3616 -0.0317351
173.584 -0.0174856 0.0026389 -13.3926 13.3609 -0.0317325
173.596 -0.0174844 0.00263718 -13.392 13.3603 -0.0317303
173.607 -0.0174838 0.00263551 -13.3914 13.3597 -0.0317279
173.618 -0.0174826 0.00263336 -13.3909 13.3591 -0.0317253
173.629 -0.0174809 0.00263112 -13.3903 13.3586 -0.0317231
173.64 -0.0174795 0.00263 -13.3898 13.3581 -0.0317203
173.652 -0.017479 0.00262923 -13.3893 13.3575 -0.0317163
173.663 -0.0174789 0.00262775 -13.3888 13.3571 -0.0317128
173.674 -0.017478 0.00262605 -13.3883 13.3566 -0.0317096
173.685 -0.0174768 0.00262501 -13.3879 13.3562 -0.0317059
173.697 -0.0174759 0.00262359 -13.3875 13.3558 -0.0317027
173.708 -0.0174747 0.00262193 -13.3871 13.3554 -0.0316994
173.719 -0.0174736 0.00261961 -13.3868 13.3551 -0.0316956
173.73 -0.0174725 0.00261834 -13.3864 13.3547 -0.0316921
173.742 -0.0174713 0.00261651 -13.3862 13.3545 -0.031689
173.753 -0.0174701 0.00261563 -13.3859 13.3542 -0.0316848
173.764 -0.0174683 0.00261472 -13.3856 13.354 -0.0316813
173.775 -0.0174661 0.00261401 -13.3855 13.3538 -0.0316773
173.787 -0.0174644 0.00261306 -13.3853 13.3536 -0.0316733
173.798 -0.0174623 0.00261271 -13.3851 13.3534 -0.0316691
173.809 -0.0174598 0.00261284 -13.385 13.3533 -0.0316653
173.82 -0.0174582 0.0026133 -13.3849 13.3532 -0.0316606
173.831 -0.0174561 0.00261355 -13.3848 13.3532 -0.0316573
173.843 -0.0174544 0.0026133 -13.3848 13.3531 -0.0316522
173.854 -0.0174524 0.00261284 -13.3848 13.3531 -0.0316471
173.865 -0.0174508 0.00261189 -13.3848 13.3531 -0.0316422
173.876 -0.0174492 0.00261111 -13.3848 13.3532 -0.031638
173.888 -0.0174472 0.00260965 -13.3849 13.3533 -0.0316334
173.899 -0.0174454 0.00260823 -13.385 13.3534 -0.031629
173.91 -0.0174435 0.00260671 -13.3851 13.3535 -0.0316251
173.921 -0.0174414 0.00260577 -13.3853 13.3537 -0.0316204
173.933 -0.0174396 0.00260494 -13.3855 13.3539 -0.0316157
173.944 -0.0174376 0.00260409 -13.3857 13.3541 -0.031611
173.955 -0.0174359 0.00260287 -13.386 13.3544 -0.0316059
173.966 -0.0174344 0.00260175 -13.3863 13.3547 -0.0316016
173.978 -0.0174324 0.0026004 -13.3866 13.355 -0.0315976
173.989 -0.0174308 0.00259837 -13.3869 13.3553 -0.0315922
174 -0.0174292 0.00259665 -13.3873 13.3557 -0.0315883
174.011 -0.0174273 0.00259525 -13.3877 13.3561 -0.0315844
174.022 -0.0174258 0.00259337 -13.3881 13.3565 -0.0315799
174.034 -0.0174241 0.00259166 -13.3885 13.3569 -0.0315755
174.045 -0.0174226 0.00258986 -13.3889 13.3574 -0.031571
174.056 -0.0174203 0.00258739 -13.3894 13.3578 -0.0315662
174.067 -0.0174189 0.00258594 -13.3899 13.3583 -0.0315627
174.079 -0.017417 0.00258482 -13.3904 13.3588 -0.0315587
174.09 -0.017415 0.00258336 -13.3909 13.3593 -0.0315541
174.101 -0.0174137 0.00258208 -13.3914 13.3598 -0.03155
174.112 -0.0174124 0.00258075 -13.392 13.3604 -0.0315466
174.124 -0.0174114 0.00257893 -13.3925 13.361 -0.0315417
174.135 -0.0174104 0.00257722 -13.3931 13.3616 -0.0315374
174.146 -0.0174096 0.00257604 -13.3937 13.3622 -0.0315329
174.157 -0.0174084 0.00257409 -13.3943 13.3628 -0.0315279
174.169 -0.0174066 0.00257343 -13.395 13.3635 -0.0315226
174.18 -0.0174051 0.00257222 -13.3957 13.3642 -0.0315172
174.191 -0.0174032 0.00257029 -13.3964 13.3649 -0.0315118
174.202 -0.017401 0.00256912 -13.3972 13.3657 -0.0315065
174.213 -0.0173982 0.00256766 -13.398 13.3665 -0.0315017
174.225 -0.0173963 0.00256707 -13.3989 13.3674 -0.0314972
174.236 -0.0173938 0.00256721 -13.3997 13.3683 -0.0314933
174.247 -0.0173907 0.00256673 -13.4006 13.3691 -0.0314894
174.258 -0.017388 0.00256591 -13.4015 13.37 -0.0314851
174.27 -0.0173856 0.00256471 -13.4025 13.371 -0.0314811
174.281 -0.017383 0.00256346 -13.4034 13.3719 -0.0314773
174.292 -0.0173807 0.00256261 -13.4044 13.3729 -0.0314732
174.303 -0.0173784 0.00256164 -13.4054 13.3739 -0.0314701
174.315 -0.0173758 0.00256047 -13.4064 13.3749 -0.031466
174.326 -0.0173736 0.00255898 -13.4074 13.376 -0.0314618
174.337 -0.017371 0.00255812 -13.4085 13.377 -0.0314571
174.348 -0.0173688 0.0025571 -13.4096 13.3781 -0.0314527
174.36 -0.0173669 0.00255597 -13.4107 13.3792 -0.0314478
174.371 -0.0173648 0.00255499 -13.4118 13.3804 -0.0314436
174.382 -0.0173624 0.00255427 -13.413 13.3815 -0.0314391
174.393 -0.01736 0.002553 -13.4142 13.3827 -0.031434
174.404 -0.0173572 0.00255205 -13.4154 13.384 -0.0314295
174.416 -0.0173546 0.00255142 -13.4167 13.3852 -0.0314251
174.427 -0.0173517 0.00254999 -13.418 13.3865 -0.0314192
174.438 -0.0173495 0.00254819 -13.4193 13.3879 -0.0314139
174.449 -0.017347 0.00254704 -13.4207 13.3893 -0.0314094
174.461 -0.0173452 0.00254477 -13.4221 13.3907 -0.0314043
174.472 -0.0173431 0.00254327 -13.4235 13.3921 -0.0313991
174.483 -0.0173407 0.00254206 -13.4249 13.3935 -0.0313942
174.494 -0.0173382 0.00254045 -13.4263 13.3949 -0.0313893
174.506 -0.0173354 0.00253968 -13.4278 13.3964 -0.0313854
174.517 -0.0173324 0.00253793 -13.4292 13.3979 -0.0313827
174.528 -0.0173296 0.00253646 -13.4307 13.3993 -0.0313798
174.539 -0.0173272 0.00253506 -13.4322 13.4008 -0.0313758
174.551 -0.0173242 0.0025335 -13.4337 13.4023 -0.0313724
174.562 -0.0173212 0.00253207 -13.4352 13.4038 -0.0313687
174.573 -0.0173183 0.00253085 -13.4368 13.4054 -0.0313638
174.584 -0.0173156 0.00252929 -13.4384 13.407 -0.0313591
174.596 -0.0173128 0.00252785 -13.44 13.4086 -0.0313548
174.607 -0.0173102 0.00252669 -13.4417 13.4103 -0.0313514
174.618 -0.0173081 0.00252571 -13.4434 13.412 -0.0313479
174.629 -0.0173061 0.00252514 -13.4451 13.4138 -0.0313438
174.64 -0.017304 0.0025248 -13.4469 13.4155 -0.03134
174.652 -0.0173016 0.00252374 -13.4487 13.4173 -0.0313365
174.663 -0.017299 0.00252271 -13.4505 13.4192 -0.0313328
174.674 -0.0172965 0.00252229 -13.4524 13.4211 -0.0313295
174.685 -0.0172934 0.00252175 -13.4543 13.423 -0.031327
174.697 -0.0172903 0.00252066 -13.4563 13.425 -0.0313232
174.708 -0.0172875 0.00251978 -13.4583 13.4269 -0.0313192
174.719 -0.0172849 0.00251894 -13.4603 13.429 -0.0313153
174.73 -0.0172821 0.00251761 -13.4623 13.431 -0.031311
174.742 -0.0172801 0.00251623 -13.4644 13.4331 -0.0313063
174.753 -0.017278 0.00251465 -13.4666 13.4353 -0.0313016
174.764 -0.0172757 0.00251289 -13.4688 13.4375 -0.0312958
174.775 -0.0172733 0.00251108 -13.471 13.4397 -0.0312911
174.787 -0.0172703 0.00250928 -13.4733 13.442 -0.0312865
174.798 -0.0172675 0.002507 -13.4756 13.4443 -0.0312822
174.809 -0.0172655 0.00250509 -13.4779 13.4467 -0.0312784
174.82 -0.0172634 0.00250305 -13.4803 13.4491 -0.031275
174.831 -0.0172617 0.00250213 -13.4828 13.4515 -0.0312711
174.843 -0.0172598 0.00250014 -13.4852 13.454 -0.0312668
174.854 -0.0172576 0.00249823 -13.4877 13.4565 -0.0312622
174.865 -0.0172558 0.00249757 -13.4902 13.459 -0.0312579
174.876 -0.0172534 0.0024973 -13.4928 13.4616 -0.0312544
174.888 -0.0172507 0.00249682 -13.4954 13.4641 -0.0312511
174.899 -0.0172479 0.00249647 -13.498 13.4667 -0.0312478
174.91 -0.0172453 0.00249559 -13.5006 13.4693 -0.0312446
174.921 -0.0172428 0.00249449 -13.5033 13.472 -0.0312415
174.933 -0.01724 0.00249328 -13.5059 13.4747 -0.031238
174.944 -0.0172373 0.00249199 -13.5086 13.4774 -0.0312348
174.955 -0.0172352 0.00249008 -13.5114 13.4801 -0.0312313
174.966 -0.0172334 0.0024889 -13.5141 13.4829 -0.0312283
174.978 -0.0172314 0.00248768 -13.517 13.4857 -0.0312251
174.989 -0.0172288 0.00248631 -13.5198 13.4886 -0.0312224
175 -0.0172266 0.00248532 -13.5227 13.4915 -0.0312197
175.011 -0.0172244 0.00248498 -13.5256 13.4944 -0.0312173
175.022 -0.0172212 0.00248433 -13.5286 13.4974 -0.0312152
175.034 -0.0172184 0.0024829 -13.5315 13.5003 -0.0312119
175.045 -0.0172158 0.00248155 -13.5345 13.5033 -0.0312081
175.056 -0.0172129 0.00247975 -13.5376 13.5063 -0.031205
175.067 -0.01721 0.00247783 -13.5406 13.5094 -0.0312015
175.079 -0.0172072 0.00247597 -13.5437 13.5125 -0.0311983
175.09 -0.0172056 0.00247374 -13.5469 13.5157 -0.0311951
175.101 -0.0172039 0.00247212 -13.5501 13.5189 -0.0311921
175.112 -0.0172023 0.0024708 -13.5533 13.5222 -0.0311886
175.124 -0.0172003 0.00246858 -13.5567 13.5255 -0.0311859
175.135 -0.0171985 0.00246675 -13.56 13.5288 -0.0311826
175.146 -0.0171962 0.00246536 -13.5633 13.5321 -0.0311796
175.157 -0.0171937 0.00246364 -13.5668 13.5356 -0.0311776
175.169 -0.0171913 0.00246263 -13.5702 13.539 -0.0311755
175.18 -0.017189 0.00246061 -13.5737 13.5425 -0.0311725
175.191 -0.0171871 0.00245834 -13.5772 13.546 -0.0311693
175.202 -0.0171852 0.00245577 -13.5807 13.5496 -0.0311662
175.213 -0.0171828 0.00245354 -13.5843 13.5531 -0.031163
175.225 -0.0171805 0.00245189 -13.5879 13.5567 -0.0311608
175.236 -0.0171782 0.00245014 -13.5915 13.5604 -0.0311587
175.247 -0.0171762 0.00244845 -13.5951 13.564 -0.0311569
175.258 -0.0171747 0.00244654 -13.5988 13.5677 -0.031155
175.27 -0.0171732 0.00244497 -13.6025 13.5713 -0.0311528
175.281 -0.0171712 0.00244267 -13.6062 13.5751 -0.0311501
175.292 -0.0171697 0.00244086 -13.61 13.5789 -0.031147
175.303 -0.0171679 0.00243857 -13.6138 13.5827 -0.0311427
175.315 -0.0171658 0.0024367 -13.6176 13.5865 -0.0311402
175.326 -0.0171637 0.00243517 -13.6215 13.5904 -0.031138
175.337 -0.0171618 0.00243328 -13.6255 13.5943 -0.031135
175.348 -0.0171602 0.00243181 -13.6294 13.5983 -0.0311331
175.36 -0.0171591 0.0024303 -13.6334 13.6023 -0.0311315
175.371 -0.0171572 0.00242893 -13.6375 13.6063 -0.0311289
175.382 -0.0171554 0.00242672 -13.6416 13.6104 -0.0311271
175.393 -0.0171535 0.00242458 -13.6457 13.6146 -0.0311261
175.404 -0.0171519 0.00242228 -13.6498 13.6187 -0.0311245
175.416 -0.0171497 0.00242091 -13.654 13.6228 -0.0311219
175.427 -0.0171477 0.00241916 -13.6581 13.627 -0.0311198
175.438 -0.0171467 0.00241799 -13.6623 13.6312 -0.0311185
175.449 -0.0171448 0.00241637 -13.6665 13.6353 -0.0311165
175.461 -0.0171428 0.00241451 -13.6707 13.6395 -0.0311139
175.472 -0.0171405 0.00241253 -13.6749 13.6438 -0.0311109
175.483 -0.0171379 0.00241102 -13.6791 13.648 -0.0311086
175.494 -0.0171362 0.00240907 -13.6834 13.6523 -0.0311058
175.506 -0.0171356 0.00240772 -13.6877 13.6566 -0.031104
175.517 -0.017134 0.00240671 -13.692 13.6609 -0.0311021
175.528 -0.0171329 0.00240543 -13.6964 13.6653 -0.0311009
175.539 -0.0171316 0.00240379 -13.7007 13.6696 -0.0310989
175.551 -0.0171305 0.00240219 -13.7051 13.674 -0.0310973
175.562 -0.0171289 0.00240022 -13.7095 13.6784 -0.0310956
175.573 -0.0171279 0.00239912 -13.7139 13.6828 -0.0310927
175.584 -0.0171263 0.00239677 -13.7184 13.6873 -0.0310901
175.596 -0.0171245 0.00239498 -13.7228 13.6918 -0.0310865
175.607 -0.0171223 0.00239334 -13.7273 13.6962 -0.0310835
175.618 -0.0171203 0.00239105 -13.7318 13.7008 -0.0310813
175.629 -0.0171186 0.0023884 -13.7364 13.7053 -0.0310786
175.64 -0.017117 0.00238532 -13.7409 13.7099 -0.031076
175.652 -0.0171146 0.00238276 -13.7455 13.7144 -0.0310735
175.663 -0.0171126 0.00238047 -13.7501 13.719 -0.0310726
175.674 -0.0171116 0.00237859 -13.7547 13.7236 -0.0310717
175.685 -0.0171105 0.00237695 -13.7593 13.7282 -0.0310697
175.697 -0.0171099 0.00237488 -13.7639 13.7328 -0.0310683
175.708 -0.0171081 0.00237292 -13.7685 13.7374 -0.0310665
175.719 -0.0171065 0.00237192 -13.7731 13.742 -0.0310646
175.73 -0.0171052 0.00237074 -13.7777 13.7467 -0.031063
175.742 -0.0171035 0.00236927 -13.7823 13.7512 -0.0310606
175.753 -0.0171018 0.00236731 -13.7869 13.7559 -0.0310591
175.764 -0.0170994 0.00236535 -13.7916 13.7605 -0.0310562
175.775 -0.017097 0.002364 -13.7962 13.7652 -0.0310529
175.787 -0.0170951 0.00236185 -13.8009 13.7699 -0.031049
175.798 -0.0170928 0.00235909 -13.8056 13.7746 -0.0310452
175.809 -0.0170908 0.002357 -13.8103 13.7793 -0.0310411
175.82 -0.0170893 0.00235589 -13.8151 13.7841 -0.0310381
175.831 -0.0170875 0.00235478 -13.8199 13.7888 -0.0310357
175.843 -0.0170865 0.00235394 -13.8246 13.7936 -0.0310333
175.854 -0.0170849 0.0023529 -13.8294 13.7983 -0.0310311
175.865 -0.0170838 0.00235262 -13.8342 13.8031 -0.03103
175.876 -0.0170825 0.0023519 -13.8389 13.8079 -0.0310284
175.888 -0.0170814 0.00235067 -13.8437 13.8127 -0.0310271
175.899 -0.0170801 0.00234884 -13.8485 13.8175 -0.0310254
175.91 -0.0170788 0.0023469 -13.8533 13.8223 -0.0310232
175.921 -0.0170772 0.00234451 -13.8581 13.8271 -0.0310206
175.933 -0.0170753 0.00234261 -13.863 13.832 -0.0310177
175.944 -0.0170731 0.00234042 -13.8678 13.8368 -0.031014
175.955 -0.017072 0.0023383 -13.8727 13.8417 -0.0310097
175.966 -0.0170705 0.00233553 -13.8777 13.8467 -0.0310052
175.978 -0.0170687 0.00233271 -13.8826 13.8516 -0.0310016
175.989 -0.0170675 0.00232889 -13.8876 13.8566 -0.0309979
176 -0.0170655 0.00232522 -13.8926 13.8616 -0.0309946
176.011 -0.0170651 0.00232168 -13.8976 13.8666 -0.0309903
176.022 -0.0170646 0.0023184 -13.9027 13.8717 -0.0309851
176.034 -0.0170644 0.00231563 -13.9077 13.8767 -0.0309815
176.045 -0.017064 0.00231335 -13.9128 13.8818 -0.0309771
176.056 -0.0170631 0.00231027 -13.9179 13.8869 -0.0309734
176.067 -0.0170627 0.00230757 -13.923 13.892 -0.0309694
176.079 -0.017062 0.00230476 -13.9281 13.8971 -0.0309657
176.09 -0.0170608 0.00230209 -13.9332 13.9022 -0.030961
176.101 -0.0170597 0.00229967 -13.9384 13.9074 -0.0309575
176.112 -0.0170596 0.00229801 -13.9435 13.9125 -0.0309546
176.124 -0.0170584 0.00229678 -13.9486 13.9177 -0.0309525
176.135 -0.0170576 0.0022955 -13.9538 13.9228 -0.0309512
176.146 -0.017057 0.00229498 -13.9589 13.9279 -0.0309498
176.157 -0.017055 0.00229322 -13.964 13.9331 -0.0309473
176.169 -0.0170536 0.0022912 -13.9692 13.9382 -0.0309454
176.18 -0.0170527 0.00228927 -13.9743 13.9434 -0.0309437
176.191 -0.0170514 0.00228728 -13.9795 13.9485 -0.030942
176.202 -0.0170504 0.00228501 -13.9846 13.9537 -0.0309417
176.213 -0.0170484 0.00228343 -13.9897 13.9588 -0.0309399
176.225 -0.017047 0.00228145 -13.9948 13.9639 -0.0309368
176.236 -0.0170463 0.00227862 -14 13.969 -0.0309331
176.247 -0.0170451 0.00227578 -14.0051 13.9742 -0.0309294
176.258 -0.0170436 0.00227235 -14.0102 13.9793 -0.0309262
176.27 -0.017042 0.00226946 -14.0154 13.9844 -0.0309237
176.281 -0.0170416 0.00226691 -14.0205 13.9895 -0.0309206
176.292 -0.0170405 0.00226439 -14.0256 13.9947 -0.0309172
176.303 -0.0170401 0.00226157 -14.0307 13.9998 -0.0309145
176.315 -0.0170392 0.00225918 -14.0358 14.0049 -0.030911
176.326 -0.0170382 0.00225696 -14.0409 14.0099 -0.0309077
176.337 -0.0170371 0.0022544 -14.0459 14.015 -0.0309049
176.348 -0.0170362 0.00225287 -14.051 14.0201 -0.0309023
176.36 -0.0170353 0.00225153 -14.0561 14.0252 -0.0308993
176.371 -0.0170341 0.00225129 -14.0611 14.0302 -0.0308964
176.382 -0.0170332 0.00225079 -14.0662 14.0353 -0.0308935
176.393 -0.0170328 0.00225005 -14.0712 14.0403 -0.0308906
176.404 -0.017032 0.00224968 -14.0762 14.0454 -0.0308874
176.416 -0.0170325 0.00224967 -14.0813 14.0504 -0.0308843
176.427 -0.0170326 0.00224868 -14.0862 14.0554 -0.0308814
176.438 -0.0170325 0.00224741 -14.0912 14.0604 -0.0308785
176.449 -0.0170328 0.00224611 -14.0962 14.0653 -0.030875
176.461 -0.0170326 0.00224543 -14.1011 14.0703 -0.0308724
176.472 -0.0170321 0.00224478 -14.1061 14.0752 -0.0308698
176.483 -0.0170321 0.00224429 -14.111 14.0801 -0.030867
176.494 -0.0170319 0.00224305 -14.1159 14.085 -0.0308649
176.506 -0.0170311 0.00224166 -14.1208 14.0899 -0.0308627
176.517 -0.0170309 0.00224074 -14.1256 14.0948 -0.0308595
176.528 -0.01703 0.00224045 -14.1305 14.0996 -0.0308565
176.539 -0.0170296 0.00223914 -14.1353 14.1044 -0.030854
176.551 -0.0170288 0.00223784 -14.1401 14.1092 -0.0308515
176.562 -0.0170286 0.00223603 -14.1448 14.1139 -0.0308495
176.573 -0.0170285 0.00223407 -14.1495 14.1187 -0.0308471
176.584 -0.0170283 0.00223205 -14.1542 14.1233 -0.0308444
176.596 -0.0170277 0.00222994 -14.1588 14.128 -0.0308418
176.607 -0.0170278 0.00222852 -14.1634 14.1326 -0.0308394
176.618 -0.0170271 0.00222729 -14.168 14.1372 -0.0308374
176.629 -0.0170268 0.00222502 -14.1725 14.1417 -0.0308354
176.64 -0.017027 0.00222347 -14.177 14.1462 -0.0308338
176.652 -0.0170268 0.00222158 -14.1815 14.1507 -0.0308319
176.663 -0.0170267 0.00221941 -14.1859 14.1551 -0.0308298
176.674 -0.0170267 0.00221727 -14.1903 14.1594 -0.0308278
176.685 -0.0170269 0.00221491 -14.1946 14.1637 -0.0308254
176.697 -0.0170271 0.00221323 -14.1988 14.168 -0.0308233
176.708 -0.0170273 0.00221171 -14.2031 14.1722 -0.0308214
176.719 -0.0170277 0.00220982 -14.2072 14.1764 -0.0308195
176.73 -0.0170282 0.00220818 -14.2114 14.1805 -0.0308183
176.742 -0.0170279 0.00220631 -14.2154 14.1846 -0.0308166
176.753 -0.0170273 0.00220475 -14.2194 14.1886 -0.0308151
176.764 -0.0170263 0.00220318 -14.2233 14.1925 -0.0308143
176.775 -0.0170253 0.00220183 -14.2272 14.1964 -0.0308131
176.787 -0.0170238 0.00220029 -14.231 14.2002 -0.0308115
176.798 -0.0170225 0.00219986 -14.2348 14.2039 -0.0308102
176.809 -0.0170217 0.002199 -14.2384 14.2076 -0.0308086
176.82 -0.0170209 0.00219793 -14.2421 14.2113 -0.0308071
176.831 -0.0170204 0.00219687 -14.2456 14.2148 -0.0308059
176.843 -0.0170197 0.00219589 -14.2491 14.2183 -0.0308045
176.854 -0.0170187 0.00219532 -14.2525 14.2217 -0.030803
176.865 -0.0170176 0.00219525 -14.2559 14.2251 -0.0308021
176.876 -0.0170172 0.002195 -14.2592 14.2284 -0.0308006
176.888 -0.0170158 0.00219474 -14.2624 14.2316 -0.0307997
176.899 -0.0170145 0.0021941 -14.2655 14.2347 -0.0307992
176.91 -0.0170127 0.002194 -14.2686 14.2378 -0.0307978
176.921 -0.0170114 0.00219428 -14.2716 14.2408 -0.0307966
176.933 -0.01701 0.00219451 -14.2745 14.2437 -0.0307959
176.944 -0.0170086 0.00219431 -14.2774 14.2466 -0.0307943
176.955 -0.0170073 0.00219406 -14.2801 14.2493 -0.0307926
176.966 -0.0170064 0.00219389 -14.2828 14.252 -0.0307913
176.978 -0.0170062 0.00219382 -14.2854 14.2546 -0.0307906
176.989 -0.0170057 0.00219427 -14.2879 14.2571 -0.0307894
177 -0.0170056 0.00219454 -14.2904 14.2596 -0.0307881
177.011 -0.0170049 0.00219498 -14.2927 14.2619 -0.0307865
177.022 -0.0170044 0.0021952 -14.295 14.2642 -0.0307848
177.034 -0.0170032 0.00219547 -14.2971 14.2663 -0.0307829
177.045 -0.017002 0.00219581 -14.2992 14.2684 -0.0307814
177.056 -0.017001 0.00219574 -14.3012 14.2704 -0.0307795
177.067 -0.0169999 0.00219513 -14.3031 14.2723 -0.0307773
177.079 -0.0169988 0.00219443 -14.305 14.2742 -0.0307751
177.09 -0.0169981 0.00219394 -14.3067 14.2759 -0.0307738
177.101 -0.0169973 0.00219337 -14.3084 14.2776 -0.0307714
177.112 -0.0169961 0.00219276 -14.3099 14.2792 -0.0307692
177.124 -0.0169948 0.00219202 -14.3114 14.2806 -0.030767
177.135 -0.0169936 0.00219132 -14.3128 14.282 -0.0307647
177.146 -0.016992 0.00219068 -14.3141 14.2834 -0.0307627
177.157 -0.0169908 0.00218989 -14.3153 14.2845 -0.0307613
177.169 -0.0169903 0.00218945 -14.3164 14.2856 -0.0307597
177.18 -0.0169893 0.00218866 -14.3174 14.2867 -0.0307577
177.191 -0.0169884 0.00218795 -14.3183 14.2876 -0.0307563
177.202 -0.016987 0.00218728 -14.3191 14.2884 -0.030755
177.213 -0.016986 0.00218737 -14.3198 14.2891 -0.0307539
177.225 -0.0169857 0.00218689 -14.3204 14.2897 -0.0307528
177.236 -0.0169846 0.00218585 -14.3209 14.2902 -0.0307519
177.247 -0.0169838 0.00218533 -14.3214 14.2906 -0.0307508
177.258 -0.0169835 0.00218472 -14.3216 14.2909 -0.0307473
177.27 -0.0169823 0.0021846 -14.3219 14.2911 -0.0307444
177.281 -0.0169812 0.00218469 -14.322 14.2913 -0.0307418
177.292 -0.01698 0.00218451 -14.322 14.2913 -0.0307395
177.303 -0.0169786 0.00218345 -14.3219 14.2912 -0.0307381
177.315 -0.0169772 0.00218315 -14.3217 14.291 -0.0307361
177.326 -0.0169765 0.002183 -14.3214 14.2907 -0.0307335
177.337 -0.0169762 0.00218335 -14.321 14.2903 -0.030731
177.348 -0.0169754 0.00218398 -14.3205 14.2898 -0.0307299
177.36 -0.0169741 0.00218473 -14.3199 14.2891 -0.0307275
177.371 -0.0169738 0.0021857 -14.3191 14.2884 -0.0307257
177.382 -0.0169733 0.00218665 -14.3183 14.2875 -0.0307243
177.393 -0.016973 0.00218708 -14.3173 14.2865 -0.0307234
177.404 -0.016972 0.00218804 -14.3162 14.2855 -0.0307214
177.416 -0.0169713 0.00218843 -14.315 14.2843 -0.0307202
177.427 -0.0169708 0.00218982 -14.3137 14.283 -0.0307183
177.438 -0.0169704 0.00219126 -14.3123 14.2816 -0.0307174
177.449 -0.0169698 0.00219263 -14.3107 14.28 -0.0307167
177.461 -0.0169693 0.00219408 -14.3091 14.2783 -0.0307171
177.472 -0.0169689 0.00219546 -14.3073 14.2765 -0.0307165
177.483 -0.0169687 0.00219602 -14.3054 14.2747 -0.030716
177.494 -0.016968 0.00219676 -14.3033 14.2726 -0.030716
177.506 -0.016967 0.00219737 -14.3012 14.2705 -0.030716
177.517 -0.0169662 0.0021978 -14.2989 14.2682 -0.030715
177.528 -0.0169648 0.0021975 -14.2965 14.2658 -0.0307139
177.539 -0.0169636 0.00219836 -14.294 14.2633 -0.0307117
177.551 -0.016963 0.00219808 -14.2915 14.2607 -0.03071
177.562 -0.016962 0.00219823 -14.2887 14.258 -0.0307085
177.573 -0.0169606 0.00219769 -14.2858 14.2551 -0.0307072
177.584 -0.016959 0.00219704 -14.2829 14.2522 -0.0307062
177.596 -0.0169579 0.0021972 -14.2798 14.2491 -0.0307049
177.607 -0.0169571 0.00219763 -14.2766 14.2458 -0.0307035
177.618 -0.0169563 0.00219807 -14.2732 14.2425 -0.0307023
177.629 -0.016956 0.00219857 -14.2698 14.2391 -0.0307001
177.64 -0.0169559 0.0021992 -14.2662 14.2355 -0.0306971
177.652 -0.0169557 0.00219937 -14.2626 14.2319 -0.0306954
177.663 -0.0169549 0.00220012 -14.2588 14.2281 -0.0306933
177.674 -0.0169542 0.00220087 -14.2549 14.2242 -0.0306912
177.685 -0.0169536 0.00220106 -14.2509 14.2202 -0.0306894
177.697 -0.0169523 0.00220101 -14.2468 14.2161 -0.0306881
177.708 -0.0169511 0.00220106 -14.2425 14.2118 -0.0306865
177.719 -0.0169496 0.00220081 -14.2382 14.2075 -0.0306854
177.73 -0.0169479 0.00219994 -14.2337 14.203 -0.0306831
177.742 -0.0169473 0.00219937 -14.2291 14.1984 -0.0306808
177.753 -0.0169462 0.00219871 -14.2244 14.1937 -0.0306792
177.764 -0.0169451 0.00219909 -14.2196 14.1889 -0.0306767
177.775 -0.0169435 0.00219984 -14.2147 14.184 -0.0306749
177.787 -0.0169415 0.00219985 -14.2096 14.179 -0.0306728
177.798 -0.0169396 0.00219995 -14.2045 14.1738 -0.0306706
177.809 -0.0169376 0.00220016 -14.1993 14.1686 -0.0306679
177.82 -0.0169361 0.00220069 -14.1939 14.1632 -0.0306662
177.831 -0.0169342 0.00220091 -14.1885 14.1578 -0.0306646
177.843 -0.0169335 0.00220175 -14.1829 14.1522 -0.0306628
177.854 -0.0169325 0.00220242 -14.1772 14.1466 -0.0306614
177.865 -0.0169315 0.00220237 -14.1715 14.1408 -0.03066
177.876 -0.0169308 0.00220248 -14.1656 14.1349 -0.0306581
177.888 -0.0169299 0.00220192 -14.1596 14.129 -0.0306577
177.899 -0.0169292 0.00220163 -14.1535 14.1228 -0.0306568
177.91 -0.0169283 0.00220049 -14.1473 14.1166 -0.0306558
177.921 -0.0169281 0.0021997 -14.1409 14.1103 -0.0306543
177.933 -0.0169282 0.00219961 -14.1345 14.1038 -0.0306523
177.944 -0.016928 0.00220037 -14.1279 14.0973 -0.0306505
177.955 -0.016928 0.00220146 -14.1213 14.0906 -0.0306492
177.966 -0.0169287 0.00220173 -14.1145 14.0839 -0.0306479
177.978 -0.0169288 0.00220234 -14.1076 14.077 -0.0306468
177.989 -0.0169291 0.00220345 -14.1006 14.07 -0.030646
178 -0.016928 0.00220432 -14.0935 14.0629 -0.0306448
178.011 -0.0169266 0.00220497 -14.0863 14.0557 -0.0306437
178.022 -0.0169261 0.00220502 -14.079 14.0484 -0.0306426
178.034 -0.0169246 0.00220534 -14.0716 14.041 -0.0306409
178.045 -0.016924 0.00220552 -14.0641 14.0334 -0.0306395
178.056 -0.0169236 0.00220559 -14.0565 14.0258 -0.0306373
178.067 -0.0169235 0.00220544 -14.0488 14.0181 -0.0306353
178.079 -0.016924 0.00220522 -14.041 14.0104 -0.0306337
178.09 -0.0169244 0.00220505 -14.0331 14.0025 -0.0306333
178.101 -0.0169253 0.00220465 -14.0251 13.9945 -0.0306324
178.112 -0.0169262 0.0022047 -14.017 13.9864 -0.0306308
178.124 -0.0169273 0.00220436 -14.0089 13.9782 -0.030631
178.135 -0.0169279 0.00220458 -14.0006 13.9699 -0.0306301
178.146 -0.0169286 0.00220483 -13.9922 13.9615 -0.0306289
178.157 -0.0169287 0.00220533 -13.9837 13.9531 -0.0306284
178.169 -0.0169277 0.00220549 -13.9751 13.9445 -0.0306266
178.18 -0.0169274 0.00220625 -13.9665 13.9359 -0.0306243
178.191 -0.0169269 0.00220733 -13.9578 13.9272 -0.0306221
178.202 -0.0169264 0.00220829 -13.949 13.9184 -0.0306203
178.213 -0.016926 0.00220959 -13.9401 13.9095 -0.0306181
178.225 -0.0169259 0.00220987 -13.9312 13.9006 -0.0306165
178.236 -0.016926 0.00221021 -13.9222 13.8916 -0.0306146
178.247 -0.0169269 0.00221027 -13.9131 13.8825 -0.0306128
178.258 -0.0169266 0.00221057 -13.9039 13.8733 -0.0306113
178.27 -0.0169261 0.00221086 -13.8946 13.864 -0.0306097
178.281 -0.0169251 0.00221178 -13.8853 13.8547 -0.0306077
178.292 -0.0169248 0.00221331 -13.8759 13.8453 -0.0306061
178.303 -0.0169234 0.00221357 -13.8665 13.8358 -0.0306052
178.315 -0.0169214 0.00221471 -13.8569 13.8263 -0.0306049
178.326 -0.01692 0.00221575 -13.8473 13.8167 -0.0306033
178.337 -0.016918 0.00221685 -13.8376 13.807 -0.0306016
178.348 -0.0169166 0.00221854 -13.8278 13.7972 -0.0305999
178.36 -0.0169144 0.00221951 -13.818 13.7874 -0.0305983
178.371 -0.0169119 0.00222128 -13.8082 13.7776 -0.030596
178.382 -0.0169099 0.00222268 -13.7983 13.7677 -0.030594
178.393 -0.0169083 0.00222358 -13.7883 13.7577 -0.0305925
178.404 -0.0169062 0.00222382 -13.7783 13.7477 -0.0305911
178.416 -0.0169046 0.00222445 -13.7682 13.7376 -0.0305903
178.427 -0.0169041 0.0022259 -13.758 13.7274 -0.03059
178.438 -0.0169042 0.00222709 -13.7478 13.7172 -0.030589
178.449 -0.0169044 0.00222814 -13.7376 13.707 -0.0305885
178.461 -0.0169044 0.0022294 -13.7273 13.6967 -0.030588
178.472 -0.0169041 0.00222991 -13.717 13.6864 -0.0305874
178.483 -0.016904 0.00223027 -13.7066 13.676 -0.0305871
178.494 -0.0169043 0.00223102 -13.6962 13.6656 -0.030587
178.506 -0.0169039 0.00223132 -13.6858 13.6552 -0.0305867
178.517 -0.0169043 0.00223184 -13.6752 13.6447 -0.0305872
178.528 -0.0169046 0.00223159 -13.6647 13.6341 -0.0305884
178.539 -0.016905 0.00223153 -13.6541 13.6235 -0.030589
178.551 -0.0169049 0.00223179 -13.6434 13.6128 -0.0305895
178.562 -0.0169042 0.00223336 -13.6327 13.6021 -0.0305892
178.573 -0.0169035 0.00223525 -13.6219 13.5913 -0.0305887
178.584 -0.0169031 0.00223661 -13.6111 13.5806 -0.0305879
178.596 -0.016903 0.00223791 -13.6004 13.5698 -0.0305867
178.607 -0.0169023 0.00223857 -13.5896 13.559 -0.0305856
178.618 -0.0169014 0.00223944 -13.5788 13.5482 -0.0305845
178.629 -0.0169006 0.00224068 -13.568 13.5374 -0.0305843
178.64 -0.0169004 0.00224132 -13.5571 13.5265 -0.0305837
178.652 -0.0168991 0.0022415 -13.5463 13.5157 -0.0305827
178.663 -0.0168987 0.00224206 -13.5354 13.5048 -0.0305821
178.674 -0.0168989 0.00224245 -13.5246 13.494 -0.03058
178.685 -0.0168992 0.0022435 -13.5137 13.4831 -0.0305776
178.697 -0.0169001 0.00224559 -13.5028 13.4723 -0.0305744
178.708 -0.0169006 0.00224734 -13.492 13.4614 -0.0305728
178.719 -0.0169009 0.00224883 -13.4812 13.4506 -0.0305713
178.73 -0.0169004 0.00225049 -13.4703 13.4398 -0.0305698
178.742 -0.0168991 0.00225217 -13.4595 13.4289 -0.0305682
178.753 -0.0168986 0.00225385 -13.4486 13.4181 -0.0305665
178.764 -0.0168979 0.00225449 -13.4378 13.4072 -0.0305658
178.775 -0.0168976 0.00225536 -13.4269 13.3963 -0.0305636
178.787 -0.0168972 0.0022567 -13.416 13.3855 -0.0305616
178.798 -0.0168962 0.00225829 -13.4052 13.3746 -0.0305596
178.809 -0.0168954 0.00225979 -13.3944 13.3638 -0.0305572
178.82 -0.016894 0.00226184 -13.3836 13.353 -0.0305558
178.831 -0.0168934 0.00226324 -13.3728 13.3423 -0.030555
178.843 -0.016893 0.00226393 -13.362 13.3315 -0.0305548
178.854 -0.0168916 0.00226516 -13.3512 13.3207 -0.0305548
178.865 -0.0168899 0.00226607 -13.3405 13.3099 -0.0305553
178.876 -0.0168892 0.00226746 -13.3297 13.2991 -0.0305554
178.888 -0.016888 0.00226898 -13.3189 13.2883 -0.0305548
178.899 -0.0168869 0.00227068 -13.3081 13.2775 -0.0305538
178.91 -0.0168868 0.00227246 -13.2973 13.2668 -0.0305518
178.921 -0.0168866 0.00227359 -13.2866 13.2561 -0.0305506
178.933 -0.0168861 0.00227499 -13.2759 13.2454 -0.0305494
178.944 -0.0168862 0.00227556 -13.2652 13.2347 -0.0305482
178.955 -0.0168852 0.00227681 -13.2545 13.224 -0.0305471
178.966 -0.016885 0.00227707 -13.2438 13.2133 -0.0305454
178.978 -0.016885 0.00227724 -13.2332 13.2026 -0.0305437
178.989 -0.0168853 0.00227759 -13.2225 13.1919 -0.0305429
179 -0.0168857 0.0022774 -13.2118 13.1813 -0.0305426
179.011 -0.0168873 0.00227795 -13.2012 13.1707 -0.0305409
179.022 -0.0168887 0.0022782 -13.1906 13.16 -0.0305403
179.034 -0.01689 0.00227886 -13.18 13.1495 -0.0305399
179.045 -0.0168906 0.00227955 -13.1694 13.1389 -0.0305389
179.056 -0.0168905 0.0022806 -13.1589 13.1283 -0.0305383
179.067 -0.0168898 0.00228205 -13.1483 13.1178 -0.0305373
179.079 -0.0168886 0.00228306 -13.1378 13.1073 -0.0305352
179.09 -0.0168874 0.00228445 -13.1273 13.0968 -0.030533
179.101 -0.0168864 0.00228555 -13.1169 13.0864 -0.0305314
179.112 -0.0168864 0.00228797 -13.1065 13.076 -0.0305285
179.124 -0.0168864 0.00228941 -13.0961 13.0656 -0.0305256
179.135 -0.0168858 0.00229095 -13.0858 13.0553 -0.0305237
179.146 -0.0168843 0.00229303 -13.0755 13.045 -0.0305218
179.157 -0.0168824 0.00229516 -13.0653 13.0347 -0.030521
179.169 -0.0168808 0.00229723 -13.055 13.0245 -0.0305192
179.18 -0.0168792 0.00229849 -13.0448 13.0142 -0.0305187
179.191 -0.0168773 0.00229885 -13.0345 13.004 -0.0305179
179.202 -0.016875 0.00229963 -13.0243 12.9938 -0.0305171
179.213 -0.0168729 0.00229965 -13.0141 12.9836 -0.0305168
179.225 -0.0168711 0.00229961 -13.004 12.9735 -0.0305155
179.236 -0.0168699 0.00229987 -12.9939 12.9633 -0.0305138
179.247 -0.0168686 0.00230058 -12.9838 12.9533 -0.0305121
179.258 -0.0168675 0.00230125 -12.9737 12.9432 -0.0305102
179.27 -0.016866 0.00230144 -12.9637 12.9332 -0.0305083
179.281 -0.0168651 0.0023018 -12.9537 12.9232 -0.0305066
179.292 -0.016865 0.00230263 -12.9437 12.9132 -0.0305055
179.303 -0.0168649 0.00230276 -12.9337 12.9032 -0.0305044
179.315 -0.016864 0.00230278 -12.9238 12.8933 -0.0305036
179.326 -0.0168632 0.00230412 -12.9139 12.8834 -0.0305013
179.337 -0.0168628 0.00230465 -12.9041 12.8736 -0.0304994
179.348 -0.0168627 0.00230559 -12.8943 12.8638 -0.0304972
179.36 -0.0168616 0.00230653 -12.8845 12.854 -0.0304958
179.371 -0.0168614 0.00230723 -12.8748 12.8443 -0.030494
179.382 -0.0168612 0.00230779 -12.8651 12.8346 -0.030493
179.393 -0.0168609 0.00230811 -12.8555 12.825 -0.0304913
179.404 -0.0168599 0.00230842 -12.8459 12.8154 -0.0304907
179.416 -0.0168591 0.00230906 -12.8363 12.8058 -0.0304901
179.427 -0.0168579 0.00231065 -12.8267 12.7962 -0.0304895
179.438 -0.0168574 0.00231193 -12.8171 12.7866 -0.0304879
179.449 -0.0168561 0.00231359 -12.8076 12.7771 -0.0304865
179.461 -0.0168551 0.0023151 -12.7981 12.7676 -0.0304843
179.472 -0.0168545 0.00231597 -12.7886 12.7581 -0.0304819
179.483 -0.0168539 0.00231618 -12.7792 12.7487 -0.0304804
179.494 -0.0168534 0.00231663 -12.7698 12.7394 -0.030479
179.506 -0.0168523 0.00231731 -12.7605 12.73 -0.0304774
179.517 -0.0168514 0.00231883 -12.7512 12.7207 -0.0304753
179.528 -0.0168507 0.00231987 -12.7419 12.7114 -0.0304734
179.539 -0.0168501 0.00232128 -12.7326 12.7021 -0.0304718
179.551 -0.01685 0.00232212 -12.7234 12.6929 -0.0304699
179.562 -0.0168495 0.00232346 -12.7142 12.6837 -0.0304678
179.573 -0.0168491 0.00232453 -12.7051 12.6746 -0.0304655
179.584 -0.0168492 0.00232498 -12.696 12.6655 -0.0304627
179.596 -0.0168484 0.00232596 -12.6869 12.6565 -0.0304592
179.607 -0.0168477 0.00232718 -12.6779 12.6475 -0.0304567
179.618 -0.0168472 0.00232808 -12.6689 12.6385 -0.0304541
179.629 -0.0168457 0.00232891 -12.6599 12.6295 -0.0304525
179.64 -0.0168438 0.00232879 -12.651 12.6206 -0.0304507
179.652 -0.0168427 0.00232909 -12.6421 12.6116 -0.0304485
179.663 -0.0168425 0.00232976 -12.6332 12.6028 -0.0304459
179.674 -0.0168425 0.00233074 -12.6244 12.5939 -0.0304432
179.685 -0.0168421 0.00233173 -12.6156 12.5852 -0.0304399
179.697 -0.0168414 0.00233216 -12.6068 12.5764 -0.0304374
179.708 -0.0168412 0.00233211 -12.5981 12.5677 -0.0304353
179.719 -0.0168411 0.00233247 -12.5894 12.5589 -0.0304337
179.73 -0.0168413 0.00233188 -12.5807 12.5502 -0.0304321
179.742 -0.0168409 0.00233151 -12.572 12.5416 -0.0304311
179.753 -0.0168401 0.00233074 -12.5633 12.5329 -0.0304303
179.764 -0.0168399 0.0023306 -12.5547 12.5243 -0.0304277
179.775 -0.0168391 0.00233152 -12.5461 12.5157 -0.0304244
179.787 -0.0168386 0.00233243 -12.5375 12.5071 -0.030421
179.798 -0.0168385 0.00233335 -12.529 12.4986 -0.0304183
179.809 -0.0168385 0.00233454 -12.5206 12.4902 -0.0304158
179.82 -0.0168389 0.00233599 -12.5121 12.4817 -0.0304129
179.831 -0.0168393 0.00233643 -12.5037 12.4733 -0.0304112
179.843 -0.0168382 0.00233655 -12.4954 12.465 -0.0304101
179.854 -0.0168378 0.00233647 -12.487 12.4566 -0.030409
179.865 -0.0168367 0.00233577 -12.4787 12.4483 -0.0304084
179.876 -0.016837 0.0023352 -12.4703 12.4399 -0.0304063
179.888 -0.0168371 0.00233522 -12.4621 12.4316 -0.0304036
179.899 -0.0168369 0.0023363 -12.4538 12.4234 -0.0304003
179.91 -0.0168367 0.00233745 -12.4456 12.4152 -0.0303966
179.921 -0.0168365 0.00233842 -12.4374 12.4071 -0.0303925
179.933 -0.0168362 0.0023386 -12.4293 12.3989 -0.0303894
179.944 -0.0168358 0.00233803 -12.4213 12.3909 -0.0303868
179.955 -0.0168357 0.00233774 -12.4132 12.3828 -0.0303836
179.966 -0.0168362 0.00233734 -12.4052 12.3748 -0.0303798
179.978 -0.0168368 0.00233776 -12.3973 12.3669 -0.0303761
179.989 -0.0168374 0.0023391 -12.3893 12.359 -0.0303721
180 -0.0168382 0.00234175 -12.3815 12.3511 -0.0303674
180.011 -0.0168378 0.00234309 -12.3737 12.3433 -0.0303638
180.022 -0.016838 0.00234365 -12.3659 12.3355 -0.0303602
180.034 -0.0168384 0.00234408 -12.3582 12.3278 -0.0303566
180.045 -0.0168384 0.00234527 -12.3505 12.3201 -0.0303533
180.056 -0.0168379 0.00234644 -12.3428 12.3125 -0.0303501
180.067 -0.0168375 0.00234699 -12.3352 12.3048 -0.0303471
180.079 -0.0168361 0.00234699 -12.3276 12.2972 -0.0303444
180.09 -0.0168337 0.00234723 -12.32 12.2896 -0.0303424
180.101 -0.0168326 0.00234822 -12.3124 12.2821 -0.0303414
180.112 -0.0168323 0.00234958 -12.3049 12.2746 -0.0303395
180.124 -0.016832 0.00235158 -12.2974 12.2671 -0.0303367
180.135 -0.0168314 0.00235366 -12.2899 12.2596 -0.0303325
180.146 -0.0168307 0.00235531 -12.2825 12.2522 -0.0303293
180.157 -0.0168302 0.00235605 -12.2751 12.2448 -0.0303262
180.169 -0.0168298 0.00235651 -12.2677 12.2374 -0.0303229
180.18 -0.0168296 0.00235637 -12.2604 12.2301 -0.0303203
180.191 -0.0168292 0.00235602 -12.2531 12.2228 -0.0303173
180.202 -0.0168283 0.00235629 -12.2458 12.2155 -0.0303133
180.213 -0.0168285 0.0023571 -12.2386 12.2083 -0.0303097
180.225 -0.0168286 0.00235696 -12.2314 12.201 -0.0303065
180.236 -0.0168303 0.00235724 -12.2241 12.1938 -0.0303027
180.247 -0.0168318 0.00235772 -12.217 12.1867 -0.0303
180.258 -0.016833 0.00235815 -12.2099 12.1796 -0.0302958
180.27 -0.0168339 0.00235916 -12.2028 12.1725 -0.0302928
180.281 -0.0168343 0.00235919 -12.1957 12.1654 -0.0302905
180.292 -0.0168347 0.00235919 -12.1886 12.1583 -0.0302889
180.303 -0.0168343 0.00235951 -12.1816 12.1513 -0.0302872
180.315 -0.0168333 0.00235947 -12.1746 12.1443 -0.0302862
180.326 -0.0168327 0.00235996 -12.1675 12.1372 -0.030284
180.337 -0.0168317 0.0023609 -12.1605 12.1302 -0.0302809
180.348 -0.0168306 0.00236147 -12.1535 12.1233 -0.0302783
180.36 -0.0168309 0.00236384 -12.1466 12.1163 -0.0302742
180.371 -0.01683 0.00236576 -12.1397 12.1094 -0.0302711
180.382 -0.0168295 0.00236745 -12.1328 12.1026 -0.0302679
180.393 -0.0168283 0.00236994 -12.126 12.0958 -0.0302649
180.404 -0.0168269 0.00237244 -12.1192 12.089 -0.0302623
180.416 -0.0168257 0.00237468 -12.1124 12.0822 -0.0302593
180.427 -0.0168241 0.00237639 -12.1057 12.0754 -0.0302566
180.438 -0.0168221 0.00237836 -12.0989 12.0687 -0.030254
180.449 -0.0168199 0.00237957 -12.0922 12.062 -0.0302519
180.461 -0.0168171 0.00238024 -12.0855 12.0553 -0.0302502
180.472 -0.0168148 0.00238092 -12.0788 12.0486 -0.0302485
180.483 -0.0168136 0.00238223 -12.0722 12.0419 -0.0302453
180.494 -0.0168128 0.00238366 -12.0655 12.0353 -0.0302415
180.506 -0.0168116 0.00238487 -12.0589 12.0286 -0.0302385
180.517 -0.0168103 0.00238628 -12.0522 12.022 -0.0302354
180.528 -0.0168088 0.00238747 -12.0456 12.0154 -0.0302317
180.539 -0.0168073 0.00238961 -12.039 12.0087 -0.030229
180.551 -0.0168059 0.00239125 -12.0324 12.0022 -0.0302263
180.562 -0.016805 0.00239259 -12.0258 11.9955 -0.0302234
180.573 -0.0168036 0.00239415 -12.0192 11.9889 -0.0302216
180.584 -0.0168028 0.00239499 -12.0126 11.9824 -0.0302195
180.596 -0.0168016 0.00239587 -12.006 11.9758 -0.0302175
180.607 -0.0168009 0.0023978 -11.9994 11.9692 -0.0302141
180.618 -0.0168016 0.00239887 -11.9928 11.9626 -0.0302111
180.629 -0.016802 0.00239937 -11.9863 11.9561 -0.0302078
180.64 -0.0168022 0.00240063 -11.9797 11.9495 -0.0302044
180.652 -0.0168019 0.00240012 -11.9732 11.943 -0.0302017
180.663 -0.0168008 0.00239999 -11.9667 11.9365 -0.0301993
180.674 -0.0167999 0.00240014 -11.9601 11.9299 -0.0301971
180.685 -0.016799 0.00240126 -11.9536 11.9234 -0.0301944
180.697 -0.0167986 0.00240261 -11.9471 11.9169 -0.0301913
180.708 -0.0167978 0.00240388 -11.9406 11.9104 -0.0301884
180.719 -0.0167969 0.00240556 -11.934 11.9038 -0.0301861
180.73 -0.0167955 0.00240761 -11.9275 11.8973 -0.0301834
180.742 -0.016794 0.00240928 -11.921 11.8908 -0.0301812
180.753 -0.0167938 0.00241132 -11.9144 11.8843 -0.0301776
180.764 -0.016794 0.00241327 -11.9079 11.8778 -0.0301739
180.775 -0.0167941 0.002415 -11.9014 11.8713 -0.0301703
180.787 -0.0167936 0.00241659 -11.895 11.8648 -0.0301672
180.798 -0.0167925 0.00241832 -11.8886 11.8584 -0.0301638
180.809 -0.0167917 0.00241968 -11.8821 11.852 -0.0301605
180.82 -0.0167919 0.00242037 -11.8758 11.8456 -0.0301568
180.831 -0.0167921 0.00242125 -11.8694 11.8393 -0.030154
180.843 -0.0167913 0.00242273 -11.8631 11.8329 -0.0301509
180.854 -0.0167898 0.0024237 -11.8568 11.8266 -0.0301482
180.865 -0.0167887 0.0024255 -11.8505 11.8203 -0.0301448
180.876 -0.0167883 0.00242671 -11.8442 11.8141 -0.030142
180.888 -0.0167878 0.00242823 -11.838 11.8078 -0.0301392
180.899 -0.016788 0.00243042 -11.8318 11.8016 -0.030136
180.91 -0.0167879 0.00243283 -11.8256 11.7955 -0.0301322
180.921 -0.0167877 0.00243494 -11.8195 11.7894 -0.0301289
180.933 -0.0167878 0.00243636 -11.8134 11.7832 -0.0301252
180.944 -0.0167874 0.00243748 -11.8073 11.7772 -0.0301212
180.955 -0.0167869 0.00243927 -11.8012 11.7711 -0.0301177
180.966 -0.0167864 0.00244065 -11.7952 11.7651 -0.0301142
180.978 -0.016786 0.00244233 -11.7892 11.7591 -0.0301106
180.989 -0.0167852 0.00244419 -11.7832 11.7531 -0.0301066
181 -0.0167845 0.00244627 -11.7772 11.7471 -0.0301031
181.011 -0.0167827 0.00244728 -11.7713 11.7412 -0.0300997
181.022 -0.0167819 0.00244868 -11.7654 11.7353 -0.0300964
181.034 -0.0167817 0.00245045 -11.7595 11.7294 -0.0300921
181.045 -0.0167821 0.00245271 -11.7536 11.7235 -0.0300879
181.056 -0.0167819 0.0024545 -11.7478 11.7177 -0.030084
181.067 -0.0167817 0.00245685 -11.742 11.7119 -0.0300802
181.079 -0.0167817 0.00245921 -11.7362 11.7061 -0.0300767
181.09 -0.016782 0.00246171 -11.7305 11.7004 -0.0300724
181.101 -0.0167821 0.00246309 -11.7247 11.6947 -0.0300677
181.112 -0.0167821 0.00246435 -11.719 11.689 -0.0300636
181.124 -0.0167821 0.00246506 -11.7134 11.6833 -0.0300606
181.135 -0.0167822 0.00246597 -11.7078 11.6777 -0.0300572
181.146 -0.0167816 0.00246719 -11.7022 11.6721 -0.0300545
181.157 -0.0167813 0.00246828 -11.6966 11.6665 -0.0300527
181.169 -0.0167807 0.00246934 -11.691 11.661 -0.030051
181.18 -0.0167808 0.0024719 -11.6855 11.6554 -0.0300474
181.191 -0.0167805 0.00247413 -11.68 11.65 -0.0300438
181.202 -0.0167805 0.00247672 -11.6746 11.6446 -0.0300398
181.213 -0.0167804 0.00247914 -11.6693 11.6392 -0.0300363
181.225 -0.0167806 0.00248136 -11.664 11.634 -0.0300327
181.236 -0.0167801 0.00248328 -11.6588 11.6288 -0.0300289
181.247 -0.0167802 0.00248504 -11.6536 11.6236 -0.0300256
181.258 -0.0167798 0.0024874 -11.6485 11.6185 -0.0300226
181.27 -0.0167792 0.00248863 -11.6435 11.6134 -0.03002
181.281 -0.016779 0.00249029 -11.6384 11.6084 -0.0300171
181.292 -0.0167786 0.00249115 -11.6335 11.6035 -0.0300144
181.303 -0.0167775 0.00249301 -11.6286 11.5985 -0.0300111
181.315 -0.0167762 0.00249358 -11.6237 11.5937 -0.0300082
181.326 -0.0167756 0.0024947 -11.6189 11.5889 -0.0300055
181.337 -0.0167757 0.00249532 -11.6142 11.5842 -0.0300028
181.348 -0.0167757 0.00249642 -11.6095 11.5795 -0.0299992
181.36 -0.0167753 0.00249782 -11.6049 11.5749 -0.0299961
181.371 -0.0167758 0.00249875 -11.6003 11.5703 -0.0299924
181.382 -0.0167762 0.00249955 -11.5958 11.5658 -0.029989
181.393 -0.0167773 0.00250081 -11.5913 11.5614 -0.0299853
181.404 -0.0167789 0.00250201 -11.5869 11.557 -0.0299818
181.416 -0.0167806 0.00250287 -11.5826 11.5526 -0.0299793
181.427 -0.0167822 0.00250354 -11.5783 11.5483 -0.0299771
181.438 -0.0167836 0.0025049 -11.574 11.5441 -0.029974
181.449 -0.0167846 0.00250393 -11.5698 11.5398 -0.0299716
181.461 -0.0167855 0.00250389 -11.5656 11.5357 -0.0299689
181.472 -0.0167859 0.00250435 -11.5615 11.5316 -0.0299668
181.483 -0.0167858 0.00250472 -11.5574 11.5275 -0.0299639
181.494 -0.0167856 0.00250492 -11.5534 11.5234 -0.0299617
181.506 -0.0167859 0.00250559 -11.5494 11.5195 -0.0299602
181.517 -0.0167864 0.00250662 -11.5455 11.5155 -0.0299572
181.528 -0.0167865 0.00250824 -11.5417 11.5117 -0.0299539
181.539 -0.0167862 0.00250989 -11.5379 11.508 -0.02995
181.551 -0.0167858 0.00251162 -11.5342 11.5043 -0.0299462
181.562 -0.0167854 0.0025129 -11.5306 11.5007 -0.0299431
181.573 -0.0167856 0.00251525 -11.527 11.4971 -0.0299391
181.584 -0.0167858 0.00251719 -11.5236 11.4937 -0.0299352
181.596 -0.0167864 0.00251887 -11.5202 11.4903 -0.0299317
181.607 -0.0167869 0.00252048 -11.5169 11.487 -0.0299282
181.618 -0.0167869 0.00252191 -11.5137 11.4837 -0.029925
181.629 -0.0167868 0.0025229 -11.5105 11.4806 -0.0299227
181.64 -0.0167871 0.00252433 -11.5074 11.4775 -0.0299194
181.652 -0.0167871 0.00252573 -11.5044 11.4745 -0.0299167
181.663 -0.0167872 0.00252709 -11.5015 11.4716 -0.0299141
181.674 -0.0167871 0.00252812 -11.4987 11.4687 -0.0299108
181.685 -0.0167869 0.00252927 -11.4959 11.466 -0.0299081
181.697 -0.0167875 0.00253011 -11.4932 11.4633 -0.0299043
181.708 -0.0167883 0.00253112 -11.4906 11.4607 -0.0299007
181.719 -0.0167895 0.00253239 -11.4881 11.4582 -0.029896
181.73 -0.0167908 0.00253376 -11.4857 11.4558 -0.0298909
181.742 -0.0167924 0.0025341 -11.4834 11.4535 -0.0298872
181.753 -0.0167938 0.00253429 -11.4811 11.4513 -0.0298835
181.764 -0.0167952 0.00253501 -11.479 11.4491 -0.0298795
181.775 -0.0167965 0.0025357 -11.477 11.4471 -0.0298759
181.787 -0.0167977 0.00253667 -11.475 11.4451 -0.0298732
181.798 -0.0167991 0.00253817 -11.4731 11.4433 -0.0298697
181.809 -0.0168007 0.00253924 -11.4713 11.4414 -0.0298656
181.82 -0.0168025 0.00254026 -11.4696 11.4397 -0.0298614
181.831 -0.0168047 0.00254112 -11.4679 11.4381 -0.0298583
181.843 -0.0168064 0.00254201 -11.4664 11.4365 -0.0298547
181.854 -0.0168078 0.00254201 -11.4649 11.435 -0.0298519
181.865 -0.0168087 0.00254117 -11.4634 11.4336 -0.0298489
181.876 -0.0168099 0.00254108 -11.4621 11.4323 -0.0298457
181.888 -0.0168104 0.00254112 -11.4608 11.431 -0.0298426
181.899 -0.0168116 0.00254162 -11.4596 11.4298 -0.0298399
181.91 -0.0168128 0.00254154 -11.4585 11.4286 -0.029837
181.921 -0.0168145 0.00254181 -11.4574 11.4276 -0.0298339
181.933 -0.0168158 0.00254218 -11.4564 11.4266 -0.0298306
181.944 -0.0168179 0.00254339 -11.4555 11.4257 -0.029827
181.955 -0.0168198 0.00254478 -11.4547 11.4248 -0.0298226
181.966 -0.0168212 0.00254591 -11.4539 11.4241 -0.0298186
181.978 -0.0168223 0.00254709 -11.4533 11.4235 -0.0298143
181.989 -0.0168232 0.00254788 -11.4527 11.4229 -0.0298105
182 -0.016824 0.00254854 -11.4522 11.4224 -0.0298068
182.011 -0.016825 0.00254998 -11.4517 11.4219 -0.0298024
182.022 -0.016826 0.0025512 -11.4514 11.4216 -0.0297979
182.034 -0.0168275 0.00255298 -11.4511 11.4213 -0.029794
182.045 -0.0168285 0.00255565 -11.4509 11.4211 -0.029789
182.056 -0.0168294 0.00255784 -11.4507 11.421 -0.029785
182.067 -0.0168301 0.00256013 -11.4507 11.4209 -0.0297809
182.079 -0.0168304 0.00256172 -11.4507 11.4209 -0.0297763
182.09 -0.0168309 0.0025638 -11.4508 11.421 -0.0297713
182.101 -0.0168309 0.00256575 -11.451 11.4212 -0.0297671
182.112 -0.0168312 0.00256772 -11.4512 11.4215 -0.0297617
182.124 -0.016832 0.00256943 -11.4516 11.4218 -0.0297557
182.135 -0.0168333 0.00257024 -11.452 11.4222 -0.02975
182.146 -0.0168348 0.00257046 -11.4525 11.4227 -0.0297446
182.157 -0.0168363 0.00257056 -11.453 11.4233 -0.029739
182.169 -0.0168368 0.00257026 -11.4536 11.4239 -0.0297348
182.18 -0.0168374 0.0025695 -11.4543 11.4246 -0.0297295
182.191 -0.0168382 0.00256865 -11.455 11.4253 -0.0297241
182.202 -0.0168391 0.00256782 -11.4558 11.4261 -0.0297186
182.213 -0.0168397 0.00256713 -11.4567 11.427 -0.0297131
182.225 -0.0168399 0.00256696 -11.4576 11.4279 -0.0297081
182.236 -0.0168406 0.00256684 -11.4586 11.4288 -0.0297024
182.247 -0.0168417 0.00256643 -11.4596 11.4299 -0.0296967
182.258 -0.016843 0.0025666 -11.4606 11.431 -0.029691
182.27 -0.0168439 0.00256658 -11.4618 11.4321 -0.0296859
182.281 -0.0168456 0.00256745 -11.463 11.4333 -0.0296799
182.292 -0.0168472 0.00256772 -11.4642 11.4345 -0.0296741
182.303 -0.0168491 0.0025686 -11.4655 11.4358 -0.0296684
182.315 -0.0168509 0.00256909 -11.4668 11.4372 -0.0296617
182.326 -0.0168521 0.00256935 -11.4682 11.4386 -0.0296566
182.337 -0.0168525 0.0025706 -11.4697 11.44 -0.0296519
182.348 -0.0168535 0.00257161 -11.4711 11.4415 -0.0296467
182.36 -0.0168542 0.00257279 -11.4726 11.443 -0.0296412
182.371 -0.0168545 0.0025733 -11.4742 11.4446 -0.0296367
182.382 -0.0168556 0.00257349 -11.4758 11.4462 -0.029631
182.393 -0.0168568 0.0025739 -11.4775 11.4478 -0.0296251
182.404 -0.0168576 0.00257459 -11.4792 11.4496 -0.02962
182.416 -0.0168588 0.00257526 -11.481 11.4514 -0.0296144
182.427 -0.0168597 0.00257582 -11.4828 11.4531 -0.0296091
182.438 -0.0168612 0.00257587 -11.4846 11.455 -0.0296037
182.449 -0.0168629 0.00257631 -11.4865 11.4569 -0.0295982
182.461 -0.0168641 0.00257635 -11.4885 11.4589 -0.0295927
182.472 -0.0168654 0.0025763 -11.4905 11.4609 -0.0295874
182.483 -0.0168667 0.00257611 -11.4925 11.4629 -0.0295818
182.494 -0.0168682 0.00257579 -11.4946 11.465 -0.0295761
182.506 -0.0168701 0.00257511 -11.4967 11.4672 -0.0295705
182.517 -0.0168717 0.00257476 -11.4989 11.4693 -0.029565
182.528 -0.0168731 0.00257559 -11.5011 11.4716 -0.0295599
182.539 -0.0168743 0.00257597 -11.5034 11.4738 -0.0295555
182.551 -0.0168757 0.00257648 -11.5057 11.4762 -0.0295516
182.562 -0.0168778 0.00257653 -11.508 11.4785 -0.0295477
182.573 -0.0168797 0.0025773 -11.5104 11.4809 -0.0295435
182.584 -0.0168818 0.0025777 -11.5128 11.4833 -0.0295388
182.596 -0.0168837 0.00257888 -11.5153 11.4857 -0.0295332
182.607 -0.0168857 0.00258 -11.5178 11.4882 -0.0295277
182.618 -0.016887 0.00258077 -11.5203 11.4907 -0.0295219
182.629 -0.0168885 0.00258162 -11.5228 11.4933 -0.0295159
182.64 -0.0168895 0.00258315 -11.5254 11.4959 -0.0295108
182.652 -0.0168906 0.002584 -11.5281 11.4986 -0.0295052
182.663 -0.0168909 0.00258511 -11.5307 11.5012 -0.0295001
182.674 -0.0168912 0.00258664 -11.5335 11.504 -0.0294943
182.685 -0.0168918 0.00258801 -11.5362 11.5067 -0.0294881
182.697 -0.0168919 0.00258923 -11.539 11.5095 -0.0294814
182.708 -0.0168924 0.0025901 -11.5419 11.5124 -0.0294757
182.719 -0.0168926 0.00259069 -11.5447 11.5152 -0.0294699
182.73 -0.0168927 0.00259046 -11.5476 11.5181 -0.029463
182.742 -0.0168932 0.00259106 -11.5505 11.5211 -0.0294564
182.753 -0.0168931 0.00259125 -11.5535 11.524 -0.0294496
182.764 -0.0168925 0.00259254 -11.5564 11.527 -0.0294436
182.775 -0.0168914 0.00259379 -11.5595 11.53 -0.029437
182.787 -0.0168912 0.0025945 -11.5625 11.533 -0.0294308
182.798 -0.0168899 0.00259496 -11.5655 11.5361 -0.0294245
182.809 -0.0168893 0.00259563 -11.5686 11.5391 -0.0294182
182.82 -0.0168888 0.00259591 -11.5716 11.5422 -0.0294118
182.831 -0.0168881 0.00259616 -11.5746 11.5452 -0.0294058
182.843 -0.0168883 0.00259648 -11.5777 11.5483 -0.0293999
182.854 -0.0168883 0.00259706 -11.5808 11.5514 -0.0293944
182.865 -0.0168879 0.00259739 -11.5839 11.5545 -0.0293884
182.876 -0.0168873 0.0025975 -11.587 11.5576 -0.0293835
182.888 -0.0168862 0.00259729 -11.5901 11.5607 -0.0293784
182.899 -0.0168854 0.00259725 -11.5932 11.5638 -0.0293731
182.91 -0.0168847 0.00259761 -11.5963 11.567 -0.0293681
182.921 -0.0168845 0.00259775 -11.5994 11.5701 -0.0293627
182.933 -0.0168835 0.00259805 -11.6025 11.5732 -0.0293576
182.944 -0.0168821 0.00259827 -11.6057 11.5763 -0.0293524
182.955 -0.0168811 0.0025984 -11.6088 11.5794 -0.0293475
182.966 -0.0168801 0.00259925 -11.6118 11.5825 -0.0293427
182.978 -0.016879 0.0026002 -11.615 11.5856 -0.0293386
182.989 -0.0168777 0.00260111 -11.6181 11.5887 -0.0293333
183 -0.0168772 0.00260187 -11.6212 11.5918 -0.0293278
183.011 -0.0168762 0.00260296 -11.6243 11.595 -0.0293235
183.022 -0.0168753 0.0026034 -11.6274 11.5981 -0.0293186
183.034 -0.0168745 0.00260358 -11.6305 11.6012 -0.029313
183.045 -0.0168738 0.00260411 -11.6337 11.6043 -0.0293079
183.056 -0.0168732 0.00260466 -11.6368 11.6075 -0.0293024
183.067 -0.0168719 0.0026047 -11.6399 11.6106 -0.0292968
183.079 -0.0168714 0.00260477 -11.643 11.6138 -0.0292907
183.09 -0.0168714 0.00260442 -11.6462 11.6169 -0.0292841
183.101 -0.0168712 0.00260394 -11.6493 11.62 -0.0292772
183.112 -0.016871 0.0026037 -11.6525 11.6232 -0.0292711
183.124 -0.0168713 0.00260461 -11.6556 11.6264 -0.0292644
183.135 -0.0168718 0.00260521 -11.6588 11.6295 -0.029258
183.146 -0.0168724 0.00260618 -11.662 11.6327 -0.0292522
183.157 -0.0168723 0.00260706 -11.6651 11.6359 -0.029246
183.169 -0.0168721 0.00260751 -11.6683 11.639 -0.0292394
183.18 -0.0168721 0.00260773 -11.6715 11.6422 -0.0292333
183.191 -0.0168725 0.00260735 -11.6746 11.6454 -0.0292271
183.202 -0.0168727 0.00260766 -11.6778 11.6486 -0.0292208
183.213 -0.0168732 0.00260801 -11.681 11.6518 -0.0292152
183.225 -0.0168734 0.00260766 -11.6842 11.655 -0.0292093
183.236 -0.0168734 0.00260726 -11.6874 11.6582 -0.0292039
183.247 -0.0168736 0.00260653 -11.6906 11.6614 -0.0291982
183.258 -0.0168749 0.00260569 -11.6938 11.6646 -0.0291923
183.27 -0.0168755 0.00260507 -11.697 11.6678 -0.0291864
183.281 -0.0168767 0.00260471 -11.7002 11.671 -0.029181
183.292 -0.0168768 0.00260572 -11.7033 11.6742 -0.0291747
183.303 -0.0168769 0.00260632 -11.7065 11.6773 -0.0291684
183.315 -0.0168769 0.00260704 -11.7097 11.6806 -0.0291623
183.326 -0.0168768 0.00260798 -11.7129 11.6837 -0.0291562
183.337 -0.0168768 0.00260905 -11.7161 11.6869 -0.0291506
183.348 -0.0168771 0.00261039 -11.7192 11.6901 -0.0291449
183.36 -0.0168776 0.00261048 -11.7224 11.6932 -0.029139
183.371 -0.0168771 0.00261087 -11.7255 11.6964 -0.0291328
183.382 -0.0168769 0.00261208 -11.7287 11.6995 -0.0291268
183.393 -0.0168761 0.00261311 -11.7318 11.7027 -0.0291209
183.404 -0.0168758 0.00261444 -11.7349 11.7058 -0.0291146
183.416 -0.0168762 0.00261526 -11.738 11.7089 -0.0291088
183.427 -0.0168765 0.00261684 -11.7411 11.712 -0.0291027
183.438 -0.016877 0.00261863 -11.7442 11.7151 -0.0290969
183.449 -0.016877 0.00261977 -11.7472 11.7182 -0.0290912
183.461 -0.0168761 0.00262073 -11.7503 11.7212 -0.0290853
183.472 -0.0168754 0.00262172 -11.7533 11.7242 -0.0290792
183.483 -0.0168747 0.00262196 -11.7563 11.7272 -0.0290732
183.494 -0.0168742 0.00262261 -11.7592 11.7302 -0.0290672
183.506 -0.0168735 0.00262349 -11.7622 11.7331 -0.0290613
183.517 -0.0168728 0.00262447 -11.7651 11.736 -0.0290563
183.528 -0.0168716 0.00262563 -11.768 11.7389 -0.0290513
183.539 -0.016871 0.00262693 -11.7709 11.7418 -0.0290463
183.551 -0.0168699 0.00262787 -11.7737 11.7447 -0.0290409
183.562 -0.0168692 0.00262819 -11.7765 11.7475 -0.0290354
183.573 -0.016869 0.00262793 -11.7793 11.7503 -0.0290294
183.584 -0.0168692 0.00262763 -11.7821 11.7531 -0.0290226
183.596 -0.0168697 0.00262793 -11.7849 11.7559 -0.0290159
183.607 -0.0168699 0.00262822 -11.7877 11.7587 -0.0290087
183.618 -0.0168694 0.00262838 -11.7905 11.7615 -0.0290023
183.629 -0.0168699 0.00262891 -11.7932 11.7643 -0.0289949
183.64 -0.0168698 0.00262959 -11.796 11.767 -0.028988
183.652 -0.0168697 0.00263007 -11.7988 11.7698 -0.0289809
183.663 -0.0168704 0.00263081 -11.8015 11.7726 -0.0289732
183.674 -0.0168702 0.00263113 -11.8043 11.7753 -0.0289658
183.685 -0.01687 0.00263233 -11.8071 11.7781 -0.0289581
183.697 -0.0168705 0.00263334 -11.8098 11.7809 -0.0289503
183.708 -0.0168711 0.00263478 -11.8126 11.7836 -0.0289426
183.719 -0.0168712 0.00263513 -11.8154 11.7864 -0.0289347
183.73 -0.0168712 0.00263564 -11.8181 11.7892 -0.0289267
183.742 -0.0168714 0.00263519 -11.8208 11.7919 -0.0289191
183.753 -0.016871 0.00263627 -11.8236 11.7947 -0.028912
183.764 -0.0168706 0.00263719 -11.8263 11.7974 -0.0289046
183.775 -0.0168697 0.00263771 -11.829 11.8001 -0.0288981
183.787 -0.0168687 0.00263865 -11.8317 11.8029 -0.0288926
183.798 -0.0168682 0.00263906 -11.8344 11.8055 -0.0288858
183.809 -0.0168671 0.00263942 -11.8371 11.8082 -0.0288804
183.82 -0.0168664 0.00263946 -11.8398 11.8109 -0.0288743
183.831 -0.0168654 0.00264043 -11.8424 11.8135 -0.0288681
183.843 -0.0168634 0.00264122 -11.845 11.8162 -0.0288621
183.854 -0.016861 0.00264237 -11.8476 11.8188 -0.0288568
183.865 -0.0168594 0.00264322 -11.8502 11.8214 -0.0288507
183.876 -0.016858 0.00264367 -11.8528 11.8239 -0.0288453
183.888 -0.0168569 0.00264454 -11.8554 11.8265 -0.02884
183.899 -0.0168557 0.002645 -11.8579 11.8291 -0.0288342
183.91 -0.0168548 0.00264507 -11.8604 11.8316 -0.0288289
183.921 -0.0168536 0.0026457 -11.863 11.8342 -0.0288236
183.933 -0.0168527 0.00264582 -11.8655 11.8367 -0.0288185
183.944 -0.0168515 0.00264617 -11.868 11.8392 -0.0288123
183.955 -0.0168513 0.00264651 -11.8705 11.8417 -0.0288063
183.966 -0.0168501 0.00264654 -11.873 11.8442 -0.0288002
183.978 -0.0168493 0.00264579 -11.8755 11.8467 -0.0287945
183.989 -0.0168489 0.00264655 -11.878 11.8492 -0.0287895
184 -0.0168485 0.00264791 -11.8805 11.8517 -0.0287842
184.011 -0.0168478 0.00264918 -11.8829 11.8542 -0.0287796
184.022 -0.0168481 0.00265044 -11.8854 11.8566 -0.0287742
184.034 -0.0168477 0.00265215 -11.8878 11.859 -0.0287688
184.045 -0.0168472 0.00265349 -11.8902 11.8615 -0.0287628
184.056 -0.0168463 0.00265542 -11.8927 11.8639 -0.0287577
184.067 -0.0168456 0.00265753 -11.8951 11.8664 -0.0287524
184.079 -0.0168451 0.0026593 -11.8975 11.8688 -0.0287469
184.09 -0.0168452 0.00266105 -11.9 11.8712 -0.0287419
184.101 -0.0168447 0.00266358 -11.9024 11.8736 -0.0287366
184.112 -0.0168445 0.00266472 -11.9048 11.8761 -0.0287321
184.124 -0.016844 0.00266685 -11.9072 11.8785 -0.0287268
184.135 -0.0168449 0.00266857 -11.9096 11.8809 -0.0287214
184.146 -0.0168446 0.00267035 -11.912 11.8833 -0.0287152
184.157 -0.0168452 0.00267204 -11.9144 11.8857 -0.02871
184.169 -0.0168451 0.00267404 -11.9167 11.888 -0.0287047
184.18 -0.0168455 0.0026759 -11.9191 11.8904 -0.0286997
184.191 -0.0168446 0.00267853 -11.9215 11.8928 -0.0286948
184.202 -0.0168448 0.00268029 -11.9238 11.8951 -0.0286891
184.213 -0.0168445 0.00268246 -11.9261 11.8974 -0.028684
184.225 -0.0168449 0.00268447 -11.9285 11.8998 -0.0286788
184.236 -0.0168446 0.00268708 -11.9308 11.9021 -0.0286737
184.247 -0.0168439 0.00268861 -11.933 11.9044 -0.0286681
184.258 -0.0168434 0.00268958 -11.9354 11.9067 -0.0286626
184.27 -0.0168432 0.00269053 -11.9376 11.909 -0.0286565
184.281 -0.0168426 0.0026908 -11.9399 11.9113 -0.0286508
184.292 -0.0168422 0.00269118 -11.9422 11.9136 -0.0286443
184.303 -0.0168418 0.0026921 -11.9445 11.9158 -0.0286376
184.315 -0.0168413 0.00269336 -11.9468 11.9181 -0.0286323
184.326 -0.0168405 0.0026951 -11.949 11.9204 -0.0286274
184.337 -0.0168401 0.00269594 -11.9513 11.9227 -0.0286218
184.348 -0.0168392 0.00269704 -11.9535 11.9249 -0.0286158
184.36 -0.0168382 0.00269784 -11.9558 11.9272 -0.0286107
184.371 -0.0168378 0.00269803 -11.9581 11.9295 -0.0286058
184.382 -0.0168373 0.00269889 -11.9603 11.9317 -0.0286004
184.393 -0.0168361 0.00269945 -11.9626 11.934 -0.0285955
184.404 -0.0168351 0.00269961 -11.9648 11.9362 -0.0285895
184.416 -0.0168347 0.00270079 -11.9671 11.9385 -0.0285833
184.427 -0.0168354 0.00270219 -11.9694 11.9408 -0.028577
184.438 -0.0168354 0.00270303 -11.9716 11.9431 -0.0285705
184.449 -0.0168358 0.00270396 -11.9739 11.9453 -0.0285641
184.461 -0.0168355 0.00270557 -11.9762 11.9476 -0.0285573
184.472 -0.0168358 0.00270679 -11.9785 11.9499 -0.0285498
184.483 -0.0168365 0.00270775 -11.9808 11.9522 -0.0285421
184.494 -0.0168366 0.00270865 -11.9831 11.9546 -0.028535
184.506 -0.0168362 0.00270887 -11.9854 11.9569 -0.0285284
184.517 -0.0168355 0.00270908 -11.9878 11.9592 -0.0285229
184.528 -0.016835 0.00271005 -11.9901 11.9616 -0.0285175
184.539 -0.0168347 0.0027111 -11.9924 11.9639 -0.0285116
184.551 -0.0168337 0.00271198 -11.9948 11.9663 -0.0285053
184.562 -0.0168328 0.00271214 -11.9972 11.9687 -0.0284992
184.573 -0.016832 0.00271251 -11.9995 11.971 -0.028492
184.584 -0.0168315 0.00271303 -12.0019 11.9734 -0.028485
184.596 -0.0168313 0.00271315 -12.0043 11.9758 -0.0284794
184.607 -0.0168306 0.00271416 -12.0067 11.9783 -0.0284746
184.618 -0.0168305 0.00271452 -12.0091 11.9806 -0.0284685
184.629 -0.0168291 0.00271443 -12.0116 11.9831 -0.0284621
184.64 -0.0168287 0.00271479 -12.014 11.9855 -0.0284566
184.652 -0.0168289 0.00271522 -12.0164 11.988 -0.0284507
184.663 -0.0168293 0.00271541 -12.0189 11.9904 -0.0284444
184.674 -0.0168296 0.00271578 -12.0214 11.9929 -0.0284374
184.685 -0.0168286 0.00271709 -12.0239 11.9955 -0.0284307
184.697 -0.016828 0.00271723 -12.0265 11.998 -0.0284243
184.708 -0.0168268 0.00271718 -12.029 12.0006 -0.0284167
184.719 -0.0168256 0.00271726 -12.0316 12.0032 -0.0284091
184.73 -0.0168246 0.00271742 -12.0342 12.0058 -0.0284022
184.742 -0.016824 0.00271765 -12.0368 12.0084 -0.0283958
184.753 -0.0168233 0.00271773 -12.0395 12.0111 -0.0283889
184.764 -0.0168227 0.00271709 -12.0422 12.0138 -0.0283822
184.775 -0.0168218 0.00271698 -12.0449 12.0165 -0.0283746
184.787 -0.0168213 0.00271711 -12.0476 12.0193 -0.0283672
184.798 -0.0168207 0.0027172 -12.0504 12.022 -0.0283605
184.809 -0.0168215 0.00271729 -12.0531 12.0248 -0.0283541
184.82 -0.0168221 0.00271695 -12.0559 12.0276 -0.0283471
184.831 -0.0168224 0.00271679 -12.0588 12.0304 -0.0283411
184.843 -0.0168225 0.00271638 -12.0616 12.0332 -0.0283354
184.854 -0.0168223 0.0027165 -12.0644 12.0361 -0.0283298
184.865 -0.0168214 0.00271643 -12.0673 12.0389 -0.0283244
184.876 -0.016821 0.00271671 -12.0701 12.0418 -0.0283184
184.888 -0.0168211 0.00271723 -12.073 12.0447 -0.0283126
184.899 -0.0168201 0.00271821 -12.0759 12.0476 -0.0283071
184.91 -0.0168193 0.00271889 -12.0787 12.0504 -0.028301
184.921 -0.0168192 0.00271885 -12.0816 12.0533 -0.0282954
184.933 -0.0168191 0.00271932 -12.0846 12.0563 -0.0282887
184.944 -0.0168189 0.00271965 -12.0875 12.0592 -0.0282825
184.955 -0.0168191 0.0027198 -12.0905 12.0622 -0.0282771
184.966 -0.0168188 0.00271949 -12.0935 12.0652 -0.0282713
184.978 -0.016819 0.00271945 -12.0965 12.0682 -0.0282661
184.989 -0.0168189 0.00271935 -12.0995 12.0712 -0.0282607
185 -0.0168183 0.00271907 -12.1026 12.0743 -0.0282552
185.011 -0.0168182 0.00271968 -12.1057 12.0774 -0.02825
185.022 -0.0168182 0.00272 -12.1088 12.0805 -0.0282447
185.034 -0.0168183 0.0027204 -12.1119 12.0837 -0.0282397
185.045 -0.0168179 0.00272056 -12.1151 12.0868 -0.0282343
185.056 -0.0168174 0.00272034 -12.1182 12.09 -0.0282281
185.067 -0.0168167 0.00272008 -12.1215 12.0932 -0.0282218
185.079 -0.0168156 0.00271962 -12.1247 12.0965 -0.0282164
185.09 -0.0168142 0.00271926 -12.1279 12.0997 -0.0282102
185.101 -0.016813 0.00271909 -12.1312 12.103 -0.0282053
185.112 -0.016811 0.00271853 -12.1345 12.1063 -0.0282002
185.124 -0.0168091 0.00271805 -12.1378 12.1096 -0.0281949
185.135 -0.0168078 0.00271714 -12.1412 12.113 -0.028189
185.146 -0.0168063 0.00271647 -12.1445 12.1163 -0.028183
185.157 -0.0168043 0.00271674 -12.1479 12.1197 -0.0281774
185.169 -0.0168022 0.00271658 -12.1513 12.1231 -0.0281712
185.18 -0.0168003 0.00271674 -12.1547 12.1266 -0.0281659
185.191 -0.0167986 0.00271628 -12.1582 12.13 -0.0281616
185.202 -0.0167974 0.00271508 -12.1617 12.1335 -0.0281561
185.213 -0.0167965 0.00271389 -12.1652 12.1371 -0.0281501
185.225 -0.0167961 0.0027129 -12.1688 12.1406 -0.0281448
185.236 -0.0167956 0.00271281 -12.1723 12.1442 -0.0281393
185.247 -0.0167946 0.00271316 -12.1759 12.1478 -0.0281334
185.258 -0.016793 0.00271314 -12.1795 12.1514 -0.0281283
185.27 -0.0167917 0.00271375 -12.1831 12.155 -0.0281229
185.281 -0.0167904 0.00271441 -12.1868 12.1587 -0.0281176
185.292 -0.0167892 0.00271446 -12.1904 12.1623 -0.0281125
185.303 -0.0167881 0.00271421 -12.1941 12.166 -0.0281066
185.315 -0.016787 0.00271302 -12.1978 12.1697 -0.0280992
185.326 -0.0167851 0.00271262 -12.2015 12.1734 -0.0280933
185.337 -0.0167838 0.00271157 -12.2053 12.1772 -0.0280874
185.348 -0.0167828 0.00271088 -12.209 12.181 -0.0280806
185.36 -0.0167815 0.00271025 -12.2129 12.1848 -0.0280752
185.371 -0.0167803 0.00270944 -12.2167 12.1886 -0.0280689
185.382 -0.0167791 0.0027091 -12.2205 12.1924 -0.0280626
185.393 -0.0167774 0.00270867 -12.2244 12.1963 -0.0280575
185.404 -0.0167755 0.00270831 -12.2283 12.2002 -0.0280516
185.416 -0.0167741 0.00270741 -12.2322 12.2041 -0.0280443
185.427 -0.0167726 0.00270684 -12.2361 12.2081 -0.0280374
185.438 -0.0167705 0.00270689 -12.2401 12.2121 -0.0280309
185.449 -0.0167686 0.00270668 -12.2441 12.2161 -0.0280241
185.461 -0.0167657 0.00270626 -12.2482 12.2201 -0.0280184
185.472 -0.0167633 0.00270737 -12.2522 12.2242 -0.0280138
185.483 -0.01676 0.00270763 -12.2563 12.2283 -0.0280084
185.494 -0.0167576 0.00270741 -12.2604 12.2324 -0.028003
185.506 -0.0167551 0.00270714 -12.2645 12.2365 -0.0279979
185.517 -0.0167522 0.00270758 -12.2687 12.2407 -0.0279924
185.528 -0.01675 0.0027075 -12.2728 12.2448 -0.027987
185.539 -0.016748 0.00270758 -12.277 12.249 -0.0279817
185.551 -0.0167461 0.00270775 -12.2812 12.2532 -0.0279764
185.562 -0.0167443 0.00270763 -12.2854 12.2574 -0.0279718
185.573 -0.0167429 0.00270793 -12.2897 12.2617 -0.0279672
185.584 -0.0167421 0.00270814 -12.2939 12.2659 -0.0279615
185.596 -0.0167406 0.00270858 -12.2981 12.2702 -0.0279567
185.607 -0.0167395 0.00270862 -12.3024 12.2744 -0.0279522
185.618 -0.0167386 0.00270932 -12.3066 12.2787 -0.0279467
185.629 -0.016738 0.00270936 -12.3109 12.2829 -0.0279412
185.64 -0.0167371 0.00270963 -12.3151 12.2872 -0.0279365
185.652 -0.0167363 0.0027098 -12.3194 12.2915 -0.027931
185.663 -0.0167349 0.00270952 -12.3237 12.2958 -0.0279257
185.674 -0.0167342 0.00270968 -12.328 12.3001 -0.0279205
185.685 -0.0167333 0.00270997 -12.3323 12.3044 -0.0279146
185.697 -0.016732 0.00271083 -12.3366 12.3087 -0.027909
185.708 -0.0167307 0.00271117 -12.3409 12.313 -0.0279021
185.719 -0.0167292 0.00271118 -12.3452 12.3173 -0.0278957
185.73 -0.0167282 0.00271108 -12.3495 12.3217 -0.0278892
185.742 -0.0167274 0.00270995 -12.3539 12.326 -0.0278827
185.753 -0.016727 0.00270897 -12.3582 12.3303 -0.0278763
185.764 -0.0167259 0.00270817 -12.3625 12.3346 -0.0278699
185.775 -0.0167252 0.00270668 -12.3668 12.339 -0.0278643
185.787 -0.0167257 0.0027056 -12.3712 12.3433 -0.0278591
185.798 -0.0167262 0.00270491 -12.3755 12.3476 -0.0278537
185.809 -0.0167267 0.00270344 -12.3798 12.3519 -0.0278486
185.82 -0.016727 0.00270193 -12.3841 12.3562 -0.0278434
185.831 -0.0167273 0.00270076 -12.3883 12.3605 -0.0278379
185.843 -0.0167271 0.00269957 -12.3926 12.3648 -0.0278319
185.854 -0.0167276 0.00269843 -12.3969 12.3691 -0.027826
185.865 -0.0167279 0.00269728 -12.4012 12.3734 -0.0278198
185.876 -0.0167277 0.00269657 -12.4055 12.3777 -0.0278146
185.888 -0.0167271 0.00269578 -12.4097 12.3819 -0.027808
185.899 -0.0167261 0.00269503 -12.414 12.3862 -0.0278014
185.91 -0.0167252 0.00269458 -12.4183 12.3905 -0.0277952
185.921 -0.0167228 0.00269407 -12.4226 12.3948 -0.0277877
185.933 -0.0167198 0.0026937 -12.427 12.3992 -0.0277803
185.944 -0.0167167 0.00269348 -12.4313 12.4035 -0.0277733
185.955 -0.0167138 0.00269378 -12.4356 12.4079 -0.0277667
185.966 -0.0167109 0.00269363 -12.44 12.4122 -0.02776
185.978 -0.0167075 0.00269361 -12.4443 12.4166 -0.0277549
185.989 -0.0167047 0.00269304 -12.4486 12.4209 -0.0277492
186 -0.0167016 0.00269259 -12.4529 12.4252 -0.0277432
186.011 -0.0166987 0.00269135 -12.4572 12.4294 -0.027738
186.022 -0.0166971 0.00269023 -12.4614 12.4337 -0.0277324
186.034 -0.0166947 0.00268907 -12.4657 12.438 -0.0277269
186.045 -0.0166924 0.00268846 -12.4699 12.4422 -0.0277223
186.056 -0.0166904 0.00268772 -12.4741 12.4464 -0.0277162
186.067 -0.0166883 0.00268701 -12.4784 12.4506 -0.0277111
186.079 -0.0166856 0.00268644 -12.4825 12.4548 -0.0277058
186.09 -0.016684 0.00268581 -12.4867 12.459 -0.0277008
186.101 -0.0166825 0.00268571 -12.4909 12.4632 -0.0276955
186.112 -0.0166813 0.00268587 -12.495 12.4673 -0.0276908
186.124 -0.0166802 0.00268587 -12.4992 12.4715 -0.0276853
186.135 -0.0166794 0.00268408 -12.5033 12.4756 -0.0276784
186.146 -0.0166784 0.00268295 -12.5075 12.4798 -0.0276729
186.157 -0.0166777 0.00268281 -12.5116 12.484 -0.0276678
186.169 -0.0166768 0.00268243 -12.5158 12.4881 -0.0276627
186.18 -0.0166761 0.00268204 -12.5199 12.4923 -0.0276572
186.191 -0.0166753 0.00268158 -12.5241 12.4964 -0.0276515
186.202 -0.0166739 0.00268089 -12.5283 12.5006 -0.0276461
186.213 -0.0166716 0.00268139 -12.5325 12.5048 -0.0276403
186.225 -0.0166697 0.00268185 -12.5366 12.509 -0.0276338
186.236 -0.0166678 0.00268243 -12.5408 12.5131 -0.0276268
186.247 -0.0166662 0.00268351 -12.5449 12.5173 -0.027621
186.258 -0.0166641 0.00268387 -12.5491 12.5214 -0.0276141
186.27 -0.0166618 0.00268485 -12.5532 12.5256 -0.027608
186.281 -0.016659 0.00268583 -12.5573 12.5297 -0.0276013
186.292 -0.0166564 0.00268577 -12.5614 12.5338 -0.0275946
186.303 -0.0166536 0.0026859 -12.5655 12.538 -0.0275883
186.315 -0.0166516 0.00268631 -12.5697 12.5421 -0.0275817
186.326 -0.0166494 0.0026859 -12.5738 12.5462 -0.027576
186.337 -0.016646 0.00268552 -12.5778 12.5503 -0.0275709
186.348 -0.0166432 0.00268527 -12.5819 12.5543 -0.0275662
186.36 -0.0166398 0.00268419 -12.5859 12.5583 -0.0275609
186.371 -0.0166373 0.00268334 -12.5898 12.5623 -0.0275563
186.382 -0.016635 0.00268274 -12.5938 12.5662 -0.0275506
186.393 -0.0166336 0.00268227 -12.5977 12.5701 -0.0275452
186.404 -0.0166316 0.00268167 -12.6016 12.574 -0.02754
186.416 -0.0166305 0.0026821 -12.6054 12.5778 -0.0275349
186.427 -0.0166291 0.00268194 -12.6091 12.5816 -0.0275287
186.438 -0.0166278 0.0026818 -12.6129 12.5853 -0.0275228
186.449 -0.016626 0.00268238 -12.6166 12.589 -0.0275164
186.461 -0.0166235 0.00268274 -12.6202 12.5927 -0.0275092
186.472 -0.0166217 0.00268318 -12.6239 12.5964 -0.0275019
186.483 -0.0166201 0.00268335 -12.6275 12.6 -0.0274951
186.494 -0.0166191 0.00268258 -12.6311 12.6036 -0.0274881
186.506 -0.0166176 0.00268159 -12.6347 12.6072 -0.0274817
186.517 -0.0166164 0.00268102 -12.6383 12.6108 -0.0274757
186.528 -0.0166141 0.0026806 -12.6418 12.6143 -0.0274694
186.539 -0.016612 0.00268066 -12.6453 12.6178 -0.0274632
186.551 -0.0166097 0.00268134 -12.6487 12.6213 -0.0274567
186.562 -0.0166074 0.0026815 -12.6521 12.6247 -0.0274512
186.573 -0.0166049 0.00268291 -12.6555 12.6281 -0.0274468
186.584 -0.0166021 0.00268446 -12.6589 12.6314 -0.0274413
186.596 -0.016599 0.00268495 -12.6622 12.6347 -0.0274348
186.607 -0.016596 0.00268463 -12.6655 12.638 -0.0274279
186.618 -0.0165924 0.00268479 -12.6688 12.6413 -0.0274213
186.629 -0.0165896 0.00268506 -12.672 12.6446 -0.0274135
186.64 -0.0165854 0.00268495 -12.6753 12.6479 -0.0274061
186.652 -0.0165804 0.00268475 -12.6786 12.6512 -0.0273984
186.663 -0.0165762 0.00268498 -12.6818 12.6544 -0.0273903
186.674 -0.016571 0.0026844 -12.685 12.6576 -0.0273829
186.685 -0.0165669 0.00268458 -12.6882 12.6608 -0.0273752
186.697 -0.0165634 0.00268441 -12.6913 12.664 -0.0273668
186.708 -0.0165609 0.00268457 -12.6945 12.6671 -0.0273592
186.719 -0.0165584 0.00268442 -12.6976 12.6703 -0.0273533
186.73 -0.0165573 0.00268433 -12.7007 12.6734 -0.0273476
186.742 -0.016556 0.00268421 -12.7038 12.6764 -0.027342
186.753 -0.0165554 0.00268475 -12.7069 12.6795 -0.0273376
186.764 -0.016554 0.00268426 -12.7098 12.6825 -0.0273323
186.775 -0.0165536 0.00268468 -12.7128 12.6854 -0.0273283
186.787 -0.0165529 0.00268467 -12.7157 12.6883 -0.0273242
186.798 -0.0165527 0.00268497 -12.7185 12.6912 -0.0273189
186.809 -0.0165521 0.00268627 -12.7213 12.694 -0.027313
186.82 -0.0165509 0.0026868 -12.7241 12.6968 -0.0273072
186.831 -0.0165501 0.00268829 -12.7269 12.6996 -0.0273024
186.843 -0.0165489 0.00268977 -12.7296 12.7023 -0.0272971
186.854 -0.0165469 0.00269116 -12.7323 12.705 -0.0272913
186.865 -0.0165448 0.00269207 -12.735 12.7077 -0.0272843
186.876 -0.0165432 0.00269306 -12.7376 12.7103 -0.0272779
186.888 -0.0165413 0.00269419 -12.7403 12.713 -0.0272723
186.899 -0.0165391 0.0026947 -12.7428 12.7155 -0.0272668
186.91 -0.0165368 0.00269563 -12.7454 12.7182 -0.0272616
186.921 -0.0165342 0.00269655 -12.748 12.7207 -0.0272564
186.933 -0.0165317 0.00269722 -12.7504 12.7232 -0.0272508
186.944 -0.016529 0.00269701 -12.7529 12.7257 -0.0272453
186.955 -0.0165254 0.00269709 -12.7554 12.7282 -0.0272396
186.966 -0.0165223 0.00269665 -12.7578 12.7306 -0.0272331
186.978 -0.0165193 0.0026971 -12.7602 12.733 -0.0272272
186.989 -0.016516 0.00269806 -12.7626 12.7354 -0.0272219
187 -0.016514 0.00269867 -12.7649 12.7377 -0.0272139
187.011 -0.0165122 0.00269914 -12.7673 12.7401 -0.0272066
187.022 -0.0165103 0.00269963 -12.7696 12.7424 -0.0272
187.034 -0.0165076 0.00269984 -12.7719 12.7447 -0.027194
187.045 -0.0165057 0.00270013 -12.7741 12.7469 -0.0271882
187.056 -0.0165035 0.00270025 -12.7763 12.7491 -0.0271828
187.067 -0.0165018 0.00270101 -12.7785 12.7513 -0.0271777
187.079 -0.0165006 0.00270162 -12.7806 12.7535 -0.0271726
187.09 -0.0164999 0.00270165 -12.7827 12.7556 -0.0271673
187.101 -0.0164998 0.00270137 -12.7848 12.7576 -0.027162
187.112 -0.0164988 0.0027011 -12.7867 12.7596 -0.0271569
187.124 -0.016498 0.00270117 -12.7887 12.7615 -0.0271521
187.135 -0.0164958 0.00270114 -12.7906 12.7634 -0.0271474
187.146 -0.0164944 0.00270032 -12.7924 12.7653 -0.0271434
187.157 -0.0164932 0.0026991 -12.7942 12.7671 -0.0271399
187.169 -0.0164903 0.00269948 -12.796 12.7689 -0.0271338
187.18 -0.0164872 0.00269967 -12.7977 12.7706 -0.0271277
187.191 -0.0164847 0.00270054 -12.7995 12.7724 -0.0271228
187.202 -0.0164822 0.00270164 -12.8012 12.7741 -0.0271176
187.213 -0.0164803 0.00270247 -12.8029 12.7757 -0.0271115
187.225 -0.0164791 0.00270393 -12.8045 12.7774 -0.0271074
187.236 -0.0164781 0.00270535 -12.8061 12.779 -0.0271025
187.247 -0.0164767 0.00270677 -12.8077 12.7806 -0.0270974
187.258 -0.0164755 0.00270826 -12.8093 12.7822 -0.0270932
187.27 -0.0164742 0.00270905 -12.8108 12.7837 -0.0270883
187.281 -0.0164721 0.00270965 -12.8122 12.7851 -0.0270829
187.292 -0.0164697 0.00271036 -12.8136 12.7866 -0.0270779
187.303 -0.0164678 0.002712 -12.815 12.788 -0.0270717
187.315 -0.0164661 0.00271357 -12.8164 12.7893 -0.0270653
187.326 -0.0164642 0.00271444 -12.8178 12.7907 -0.0270602
187.337 -0.0164613 0.00271532 -12.8191 12.792 -0.0270544
187.348 -0.0164588 0.00271589 -12.8203 12.7933 -0.0270497
187.36 -0.0164559 0.00271666 -12.8215 12.7945 -0.0270443
187.371 -0.0164541 0.00271699 -12.8227 12.7957 -0.027038
187.382 -0.0164517 0.002718 -12.8239 12.7968 -0.0270322
187.393 -0.0164497 0.00271821 -12.825 12.7979 -0.0270274
187.404 -0.0164483 0.00271868 -12.826 12.799 -0.0270224
187.416 -0.0164465 0.00271915 -12.827 12.8 -0.0270175
187.427 -0.016445 0.00271952 -12.828 12.801 -0.0270138
187.438 -0.0164442 0.00272015 -12.8289 12.8019 -0.0270101
187.449 -0.0164426 0.0027205 -12.8297 12.8027 -0.0270061
187.461 -0.0164417 0.00272089 -12.8305 12.8035 -0.0270024
187.472 -0.016441 0.00272119 -12.8313 12.8043 -0.0269986
187.483 -0.01644 0.0027236 -12.832 12.805 -0.0269949
187.494 -0.0164384 0.0027252 -12.8326 12.8056 -0.0269909
187.506 -0.016437 0.00272702 -12.8332 12.8062 -0.026987
187.517 -0.0164348 0.00272771 -12.8337 12.8067 -0.0269835
187.528 -0.0164325 0.00272899 -12.8342 12.8072 -0.0269797
187.539 -0.0164311 0.00272954 -12.8347 12.8077 -0.0269757
187.551 -0.0164298 0.00272971 -12.8352 12.8082 -0.0269705
187.562 -0.0164282 0.00272999 -12.8356 12.8087 -0.0269653
187.573 -0.0164264 0.00272941 -12.836 12.8091 -0.0269592
187.584 -0.0164247 0.00272908 -12.8365 12.8095 -0.0269548
187.596 -0.0164222 0.00272838 -12.8369 12.8099 -0.0269508
187.607 -0.0164201 0.00272775 -12.8372 12.8103 -0.0269458
187.618 -0.0164183 0.00272801 -12.8375 12.8105 -0.0269411
187.629 -0.0164153 0.00272922 -12.8377 12.8108 -0.0269364
187.64 -0.0164129 0.0027301 -12.838 12.811 -0.0269321
187.652 -0.0164109 0.00273072 -12.8381 12.8112 -0.0269274
187.663 -0.0164091 0.00273102 -12.8382 12.8113 -0.0269217
187.674 -0.0164077 0.00273111 -12.8383 12.8114 -0.026916
187.685 -0.0164051 0.00273046 -12.8383 12.8114 -0.0269103
187.697 -0.0164031 0.002731 -12.8383 12.8114 -0.0269067
187.708 -0.0164011 0.00273077 -12.8382 12.8113 -0.0269029
187.719 -0.0163987 0.00273049 -12.8381 12.8112 -0.0268987
187.73 -0.0163973 0.00273019 -12.8379 12.811 -0.0268944
187.742 -0.0163957 0.00273 -12.8377 12.8108 -0.0268891
187.753 -0.0163933 0.00272981 -12.8374 12.8106 -0.0268841
187.764 -0.016392 0.00272894 -12.8371 12.8103 -0.0268795
187.775 -0.0163898 0.00272757 -12.8368 12.8099 -0.0268741
187.787 -0.0163881 0.00272752 -12.8364 12.8095 -0.0268697
187.798 -0.0163867 0.00272765 -12.836 12.8091 -0.026866
187.809 -0.016385 0.00272716 -12.8355 12.8086 -0.0268617
187.82 -0.0163837 0.00272786 -12.8349 12.8081 -0.0268576
187.831 -0.0163819 0.00272788 -12.8344 12.8075 -0.0268529
187.843 -0.0163809 0.00272813 -12.8338 12.8069 -0.0268469
187.854 -0.0163801 0.00272898 -12.8331 12.8063 -0.0268425
187.865 -0.0163794 0.00273027 -12.8325 12.8057 -0.0268384
187.876 -0.0163781 0.0027312 -12.8318 12.805 -0.026833
187.888 -0.0163767 0.00273221 -12.8311 12.8043 -0.0268276
187.899 -0.0163757 0.00273312 -12.8304 12.8035 -0.0268227
187.91 -0.0163749 0.00273393 -12.8296 12.8028 -0.0268181
187.921 -0.0163734 0.0027345 -12.8288 12.802 -0.0268124
187.933 -0.0163713 0.00273527 -12.828 12.8012 -0.0268075
187.944 -0.016369 0.00273641 -12.8272 12.8004 -0.0268021
187.955 -0.0163666 0.00273687 -12.8264 12.7996 -0.0267964
187.966 -0.0163644 0.00273761 -12.8256 12.7988 -0.0267915
187.978 -0.0163619 0.00273828 -12.8247 12.7979 -0.0267867
187.989 -0.0163597 0.00273794 -12.8238 12.797 -0.0267817
188 -0.0163579 0.00273716 -12.8228 12.7961 -0.0267774
188.011 -0.0163567 0.00273645 -12.8219 12.7951 -0.026773
188.022 -0.0163559 0.00273539 -12.8209 12.7941 -0.026769
188.034 -0.016355 0.00273465 -12.8198 12.7931 -0.0267659
188.045 -0.0163539 0.00273411 -12.8187 12.792 -0.0267626
188.056 -0.0163527 0.00273541 -12.8176 12.7909 -0.0267581
188.067 -0.0163515 0.00273617 -12.8165 12.7897 -0.0267535
188.079 -0.0163504 0.00273664 -12.8153 12.7886 -0.0267496
188.09 -0.0163498 0.00273709 -12.8141 12.7874 -0.0267455
188.101 -0.0163492 0.00273738 -12.8129 12.7862 -0.0267411
188.112 -0.0163491 0.00273844 -12.8117 12.7849 -0.0267361
188.124 -0.0163488 0.00273834 -12.8104 12.7837 -0.026731
188.135 -0.0163485 0.00273926 -12.8091 12.7824 -0.0267266
188.146 -0.0163483 0.0027406 -12.8078 12.7811 -0.0267233
188.157 -0.0163485 0.00274095 -12.8064 12.7797 -0.0267198
188.169 -0.0163489 0.00274222 -12.805 12.7783 -0.0267156
188.18 -0.0163493 0.00274336 -12.8036 12.7769 -0.0267107
188.191 -0.0163491 0.00274475 -12.8022 12.7755 -0.0267061
188.202 -0.0163493 0.00274604 -12.8008 12.7741 -0.0267014
188.213 -0.0163488 0.00274761 -12.7994 12.7727 -0.026696
188.225 -0.0163481 0.00274876 -12.7979 12.7713 -0.0266907
188.236 -0.0163476 0.00274951 -12.7965 12.7698 -0.0266853
188.247 -0.016347 0.00274958 -12.7951 12.7684 -0.0266809
188.258 -0.0163467 0.00274956 -12.7936 12.7669 -0.0266761
188.27 -0.016346 0.00274961 -12.7922 12.7655 -0.0266709
188.281 -0.0163454 0.00274961 -12.7907 12.7641 -0.026666
188.292 -0.0163449 0.00274945 -12.7893 12.7626 -0.026662
188.303 -0.0163447 0.00274927 -12.7878 12.7612 -0.0266578
188.315 -0.0163453 0.0027485 -12.7864 12.7597 -0.0266535
188.326 -0.0163452 0.00274753 -12.7849 12.7583 -0.0266495
188.337 -0.0163452 0.0027473 -12.7835 12.7568 -0.0266455
188.348 -0.0163443 0.00274714 -12.782 12.7553 -0.0266403
188.36 -0.016343 0.0027476 -12.7805 12.7539 -0.0266347
188.371 -0.0163411 0.00274764 -12.779 12.7524 -0.0266289
188.382 -0.0163404 0.00274808 -12.7776 12.751 -0.0266225
188.393 -0.01634 0.00274863 -12.7761 12.7495 -0.0266166
188.404 -0.0163399 0.00274938 -12.7747 12.7481 -0.0266118
188.416 -0.0163396 0.00274918 -12.7733 12.7467 -0.0266062
188.427 -0.0163395 0.0027493 -12.7719 12.7453 -0.0266005
188.438 -0.0163395 0.00274952 -12.7705 12.7439 -0.0265947
188.449 -0.0163383 0.00274985 -12.769 12.7424 -0.0265888
188.461 -0.0163377 0.00275013 -12.7676 12.741 -0.0265833
188.472 -0.0163368 0.00275014 -12.7662 12.7396 -0.0265781
188.483 -0.0163361 0.00274984 -12.7648 12.7382 -0.0265728
188.494 -0.0163351 0.00274986 -12.7634 12.7368 -0.0265699
188.506 -0.0163337 0.00275094 -12.762 12.7354 -0.026566
188.517 -0.0163326 0.00275245 -12.7605 12.734 -0.0265618
188.528 -0.016331 0.00275315 -12.7591 12.7325 -0.0265576
188.539 -0.0163297 0.00275372 -12.7576 12.7311 -0.0265526
188.551 -0.0163288 0.00275392 -12.7562 12.7296 -0.0265479
188.562 -0.0163275 0.00275381 -12.7547 12.7282 -0.0265438
188.573 -0.016326 0.00275324 -12.7533 12.7267 -0.0265389
188.584 -0.0163245 0.00275303 -12.7519 12.7253 -0.026534
188.596 -0.0163234 0.00275355 -12.7504 12.7239 -0.0265295
188.607 -0.0163221 0.00275345 -12.749 12.7225 -0.0265252
188.618 -0.0163206 0.00275358 -12.7476 12.7211 -0.0265201
188.629 -0.0163193 0.0027528 -12.7462 12.7197 -0.0265149
188.64 -0.0163183 0.00275202 -12.7449 12.7183 -0.0265106
188.652 -0.0163179 0.00275155 -12.7435 12.717 -0.026506
188.663 -0.0163175 0.00275138 -12.7421 12.7156 -0.0265019
188.674 -0.0163174 0.0027515 -12.7408 12.7143 -0.0264976
188.685 -0.0163171 0.00275123 -12.7394 12.7129 -0.0264934
188.697 -0.016317 0.00275102 -12.7381 12.7116 -0.0264893
188.708 -0.0163165 0.00275143 -12.7368 12.7103 -0.0264835
188.719 -0.0163171 0.00275189 -12.7355 12.709 -0.0264775
188.73 -0.0163179 0.00275175 -12.7342 12.7077 -0.0264723
188.742 -0.0163183 0.00275106 -12.733 12.7065 -0.0264675
188.753 -0.0163187 0.00275115 -12.7317 12.7053 -0.0264621
188.764 -0.0163191 0.00275153 -12.7305 12.704 -0.0264575
188.775 -0.0163188 0.00275189 -12.7293 12.7029 -0.0264536
188.787 -0.0163195 0.00275242 -12.7282 12.7017 -0.0264492
188.798 -0.0163197 0.00275321 -12.727 12.7006 -0.0264445
188.809 -0.0163196 0.00275438 -12.7259 12.6995 -0.0264399
188.82 -0.0163193 0.00275483 -12.7248 12.6984 -0.0264344
188.831 -0.016319 0.00275499 -12.7238 12.6974 -0.0264286
188.843 -0.0163189 0.00275554 -12.7228 12.6964 -0.0264234
188.854 -0.0163194 0.00275585 -12.7218 12.6954 -0.0264178
188.865 -0.0163197 0.00275642 -12.7208 12.6944 -0.0264118
188.876 -0.0163196 0.00275674 -12.7199 12.6935 -0.0264067
188.888 -0.0163192 0.00275707 -12.719 12.6926 -0.0264009
188.899 -0.0163192 0.00275718 -12.7182 12.6918 -0.0263948
188.91 -0.0163189 0.00275729 -12.7174 12.691 -0.0263894
188.921 -0.0163196 0.00275803 -12.7166 12.6902 -0.0263834
188.933 -0.0163198 0.00275861 -12.7158 12.6894 -0.0263775
188.944 -0.0163199 0.00275969 -12.7151 12.6887 -0.0263719
188.955 -0.0163206 0.00276034 -12.7143 12.688 -0.0263653
188.966 -0.0163216 0.00276131 -12.7136 12.6873 -0.0263588
188.978 -0.0163228 0.00276232 -12.713 12.6867 -0.0263525
188.989 -0.0163246 0.00276333 -12.7124 12.686 -0.0263457
189 -0.016326 0.00276476 -12.7118 12.6855 -0.0263391
189.011 -0.0163271 0.00276575 -12.7112 12.6849 -0.0263328
189.022 -0.0163285 0.00276715 -12.7107 12.6844 -0.0263263
189.034 -0.0163292 0.00276771 -12.7102 12.6838 -0.0263202
189.045 -0.01633 0.00276805 -12.7097 12.6833 -0.026315
189.056 -0.0163299 0.00276789 -12.7092 12.6829 -0.0263097
189.067 -0.0163293 0.00276746 -12.7087 12.6824 -0.0263039
189.079 -0.0163294 0.00276693 -12.7083 12.682 -0.0262988
189.09 -0.0163292 0.0027664 -12.7079 12.6816 -0.026294
189.101 -0.0163296 0.00276606 -12.7074 12.6812 -0.0262893
189.112 -0.0163294 0.00276501 -12.7071 12.6808 -0.026285
189.124 -0.0163295 0.00276509 -12.7067 12.6804 -0.02628
189.135 -0.0163296 0.00276483 -12.7063 12.68 -0.0262756
189.146 -0.01633 0.00276433 -12.7059 12.6796 -0.0262717
189.157 -0.01633 0.00276435 -12.7055 12.6793 -0.026267
189.169 -0.0163296 0.00276473 -12.7052 12.6789 -0.026262
189.18 -0.0163296 0.0027647 -12.7049 12.6786 -0.0262569
189.191 -0.01633 0.00276499 -12.7046 12.6784 -0.0262516
189.202 -0.0163303 0.00276534 -12.7043 12.6781 -0.0262459
189.213 -0.0163309 0.00276552 -12.7041 12.6779 -0.0262411
189.225 -0.0163311 0.00276619 -12.7039 12.6777 -0.026236
189.236 -0.0163314 0.00276599 -12.7038 12.6775 -0.0262308
189.247 -0.016332 0.00276606 -12.7036 12.6774 -0.0262264
189.258 -0.0163322 0.00276618 -12.7035 12.6773 -0.0262207
189.27 -0.0163326 0.00276658 -12.7034 12.6772 -0.0262154
189.281 -0.0163329 0.00276672 -12.7034 12.6772 -0.0262098
189.292 -0.0163335 0.00276741 -12.7034 12.6771 -0.0262048
189.303 -0.0163338 0.00276774 -12.7034 12.6772 -0.0261998
189.315 -0.0163345 0.00276829 -12.7034 12.6772 -0.0261948
189.326 -0.0163343 0.00276825 -12.7035 12.6773 -0.026189
189.337 -0.0163344 0.00276783 -12.7036 12.6774 -0.0261833
189.348 -0.0163348 0.00276725 -12.7037 12.6776 -0.0261783
189.36 -0.0163357 0.00276689 -12.7039 12.6778 -0.0261739
189.371 -0.0163366 0.00276652 -12.7041 12.678 -0.0261702
189.382 -0.0163368 0.00276685 -12.7043 12.6782 -0.0261661
189.393 -0.0163376 0.00276705 -12.7046 12.6784 -0.026161
189.404 -0.0163384 0.00276733 -12.7048 12.6787 -0.0261551
189.416 -0.0163393 0.00276743 -12.7051 12.679 -0.0261502
189.427 -0.0163402 0.00276735 -12.7055 12.6793 -0.0261447
189.438 -0.0163415 0.00276722 -12.7058 12.6796 -0.0261389
189.449 -0.0163425 0.00276789 -12.7062 12.68 -0.0261338
189.461 -0.0163436 0.00276836 -12.7066 12.6804 -0.0261287
189.472 -0.0163444 0.00276924 -12.707 12.6809 -0.0261242
189.483 -0.0163455 0.00277062 -12.7074 12.6813 -0.02612
189.494 -0.0163466 0.00277139 -12.7079 12.6818 -0.0261153
189.506 -0.0163472 0.00277255 -12.7084 12.6823 -0.0261115
189.517 -0.0163481 0.00277385 -12.7089 12.6828 -0.0261076
189.528 -0.0163487 0.00277504 -12.7094 12.6833 -0.0261034
189.539 -0.0163493 0.00277638 -12.7099 12.6838 -0.0260991
189.551 -0.0163494 0.00277747 -12.7105 12.6844 -0.0260943
189.562 -0.0163499 0.00277822 -12.7111 12.685 -0.0260889
189.573 -0.0163506 0.00277889 -12.7117 12.6856 -0.0260839
189.584 -0.0163515 0.00277979 -12.7123 12.6862 -0.0260793
189.596 -0.0163525 0.00277986 -12.713 12.6869 -0.0260736
189.607 -0.0163533 0.00278031 -12.7137 12.6876 -0.0260679
189.618 -0.0163542 0.00278061 -12.7144 12.6884 -0.0260625
189.629 -0.0163549 0.00278146 -12.7152 12.6891 -0.0260566
189.64 -0.0163566 0.00278109 -12.716 12.6899 -0.0260505
189.652 -0.0163583 0.0027814 -12.7168 12.6908 -0.0260447
189.663 -0.0163595 0.00278192 -12.7177 12.6916 -0.0260392
189.674 -0.0163606 0.00278219 -12.7185 12.6925 -0.0260328
189.685 -0.0163617 0.00278278 -12.7194 12.6934 -0.0260274
189.697 -0.0163625 0.00278373 -12.7204 12.6944 -0.0260218
189.708 -0.0163632 0.00278429 -12.7214 12.6953 -0.026017
189.719 -0.0163644 0.00278548 -12.7224 12.6964 -0.0260118
189.73 -0.0163661 0.00278606 -12.7234 12.6974 -0.0260057
189.742 -0.0163676 0.00278649 -12.7245 12.6985 -0.0259997
189.753 -0.0163694 0.00278678 -12.7256 12.6996 -0.0259938
189.764 -0.0163713 0.00278672 -12.7267 12.7007 -0.0259878
189.775 -0.0163733 0.00278712 -12.7278 12.7018 -0.0259827
189.787 -0.0163753 0.00278692 -12.729 12.703 -0.0259781
189.798 -0.0163776 0.00278634 -12.7302 12.7042 -0.0259729
189.809 -0.0163799 0.0027864 -12.7314 12.7054 -0.0259686
189.82 -0.0163823 0.0027858 -12.7327 12.7067 -0.0259651
189.831 -0.0163846 0.00278506 -12.7339 12.7079 -0.0259617
189.843 -0.0163871 0.00278454 -12.7351 12.7092 -0.0259585
189.854 -0.0163881 0.00278349 -12.7364 12.7105 -0.0259552
189.865 -0.0163892 0.00278337 -12.7377 12.7117 -0.0259518
189.876 -0.0163903 0.00278314 -12.7389 12.7129 -0.0259474
189.888 -0.0163917 0.00278306 -12.7402 12.7142 -0.0259427
189.899 -0.0163936 0.00278293 -12.7414 12.7155 -0.0259367
189.91 -0.0163952 0.00278319 -12.7427 12.7168 -0.0259312
189.921 -0.0163965 0.0027829 -12.7441 12.7182 -0.0259259
189.933 -0.016398 0.00278316 -12.7455 12.7196 -0.0259209
189.944 -0.0164001 0.00278374 -12.7469 12.721 -0.0259165
189.955 -0.0164016 0.00278397 -12.7483 12.7224 -0.0259125
189.966 -0.0164025 0.00278344 -12.7497 12.7238 -0.0259083
189.978 -0.016404 0.00278227 -12.7512 12.7253 -0.0259048
189.989 -0.016405 0.00278195 -12.7526 12.7267 -0.0259018
190 -0.016406 0.00278153 -12.7541 12.7282 -0.025899
190.011 -0.0164069 0.00278184 -12.7556 12.7297 -0.025896
190.022 -0.0164082 0.00278153 -12.757 12.7312 -0.0258932
190.034 -0.0164091 0.00278119 -12.7585 12.7326 -0.0258904
190.045 -0.0164108 0.00278113 -12.76 12.7341 -0.0258876
190.056 -0.0164126 0.00278155 -12.7615 12.7357 -0.025885
190.067 -0.0164139 0.00278198 -12.7631 12.7372 -0.0258821
190.079 -0.0164151 0.00278161 -12.7646 12.7387 -0.0258793
190.09 -0.0164169 0.00278177 -12.7662 12.7403 -0.0258769
190.101 -0.0164188 0.00278186 -12.7677 12.7418 -0.0258731
190.112 -0.0164207 0.00278239 -12.7693 12.7435 -0.02587
190.124 -0.016422 0.00278279 -12.7709 12.7451 -0.0258669
190.135 -0.0164242 0.00278321 -12.7725 12.7467 -0.0258634
190.146 -0.0164263 0.00278299 -12.7742 12.7483 -0.0258602
190.157 -0.0164277 0.00278259 -12.7758 12.75 -0.0258574
190.169 -0.0164301 0.00278273 -12.7775 12.7516 -0.0258537
190.18 -0.0164322 0.0027825 -12.7792 12.7533 -0.0258498
190.191 -0.0164339 0.0027818 -12.7809 12.755 -0.0258461
190.202 -0.0164355 0.0027812 -12.7826 12.7567 -0.025842
190.213 -0.0164375 0.00278034 -12.7843 12.7585 -0.0258377
190.225 -0.0164391 0.0027795 -12.7861 12.7603 -0.0258344
190.236 -0.0164402 0.00277835 -12.7879 12.762 -0.0258313
190.247 -0.0164422 0.00277715 -12.7897 12.7638 -0.0258275
190.258 -0.0164444 0.00277628 -12.7915 12.7656 -0.025824
190.27 -0.0164462 0.00277531 -12.7933 12.7675 -0.0258205
190.281 -0.0164484 0.00277452 -12.7951 12.7693 -0.0258165
190.292 -0.0164501 0.00277337 -12.797 12.7712 -0.0258128
190.303 -0.0164521 0.00277275 -12.7989 12.7731 -0.0258087
190.315 -0.0164537 0.00277187 -12.8008 12.775 -0.0258042
190.326 -0.0164555 0.00277106 -12.8027 12.7769 -0.0257992
190.337 -0.0164576 0.00276999 -12.8047 12.7789 -0.025794
190.348 -0.0164592 0.00276857 -12.8067 12.7809 -0.0257892
190.36 -0.0164615 0.00276843 -12.8087 12.7829 -0.0257846
190.371 -0.016464 0.00276784 -12.8108 12.785 -0.0257801
190.382 -0.0164667 0.00276748 -12.8129 12.7871 -0.0257753
190.393 -0.0164698 0.00276736 -12.8149 12.7892 -0.0257709
190.404 -0.016473 0.00276751 -12.8171 12.7913 -0.0257672
190.416 -0.0164765 0.00276745 -12.8192 12.7934 -0.0257634
190.427 -0.0164797 0.00276711 -12.8213 12.7956 -0.0257595
190.438 -0.0164822 0.00276675 -12.8235 12.7978 -0.0257556
190.449 -0.0164854 0.00276583 -12.8257 12.8 -0.0257515
190.461 -0.0164895 0.00276516 -12.828 12.8022 -0.0257486
190.472 -0.0164931 0.00276459 -12.8302 12.8045 -0.0257445
190.483 -0.0164966 0.0027641 -12.8325 12.8067 -0.025742
190.494 -0.0165 0.00276236 -12.8347 12.809 -0.0257394
190.506 -0.0165028 0.00276149 -12.837 12.8113 -0.0257368
190.517 -0.0165053 0.00275998 -12.8393 12.8136 -0.0257344
190.528 -0.0165081 0.00275859 -12.8416 12.8159 -0.0257323
190.539 -0.0165105 0.00275626 -12.8439 12.8182 -0.0257292
190.551 -0.0165122 0.00275451 -12.8462 12.8205 -0.0257261
190.562 -0.0165142 0.00275395 -12.8485 12.8228 -0.0257228
190.573 -0.0165165 0.00275392 -12.8509 12.8251 -0.0257188
190.584 -0.0165185 0.00275374 -12.8532 12.8275 -0.025715
190.596 -0.0165207 0.00275311 -12.8556 12.8299 -0.0257115
190.607 -0.0165226 0.00275286 -12.858 12.8323 -0.0257076
190.618 -0.0165247 0.00275249 -12.8604 12.8347 -0.0257036
190.629 -0.0165275 0.00275213 -12.8629 12.8372 -0.0256997
190.64 -0.0165299 0.00275146 -12.8653 12.8396 -0.0256957
190.652 -0.0165317 0.00275138 -12.8678 12.8421 -0.0256925
190.663 -0.0165335 0.00275181 -12.8704 12.8447 -0.0256895
190.674 -0.0165353 0.00275191 -12.8729 12.8472 -0.025686
190.685 -0.0165373 0.00275209 -12.8755 12.8498 -0.025682
190.697 -0.0165398 0.00275148 -12.8781 12.8524 -0.0256785
190.708 -0.0165416 0.00275116 -12.8807 12.855 -0.0256746
190.719 -0.0165431 0.00275058 -12.8833 12.8576 -0.0256711
190.73 -0.0165448 0.00274962 -12.8859 12.8603 -0.0256682
190.742 -0.0165464 0.00274883 -12.8886 12.8629 -0.0256651
190.753 -0.0165489 0.0027474 -12.8913 12.8656 -0.0256616
190.764 -0.0165513 0.0027457 -12.894 12.8683 -0.0256579
190.775 -0.016553 0.00274433 -12.8967 12.8711 -0.0256543
190.787 -0.0165555 0.00274327 -12.8994 12.8738 -0.0256504
190.798 -0.0165576 0.00274164 -12.9022 12.8766 -0.0256469
190.809 -0.0165602 0.00274061 -12.9051 12.8794 -0.0256436
190.82 -0.0165622 0.0027393 -12.9079 12.8822 -0.0256399
190.831 -0.0165644 0.00273822 -12.9107 12.8851 -0.0256371
190.843 -0.0165662 0.00273649 -12.9136 12.888 -0.0256348
190.854 -0.0165673 0.00273425 -12.9165 12.8908 -0.0256326
190.865 -0.0165697 0.00273302 -12.9194 12.8937 -0.0256302
190.876 -0.0165714 0.00273197 -12.9223 12.8967 -0.0256278
190.888 -0.0165736 0.00273035 -12.9252 12.8996 -0.0256245
190.899 -0.0165764 0.00272873 -12.9282 12.9026 -0.0256212
190.91 -0.0165792 0.00272715 -12.9312 12.9056 -0.0256175
190.921 -0.0165816 0.00272606 -12.9343 12.9087 -0.0256135
190.933 -0.0165841 0.00272505 -12.9374 12.9117 -0.0256099
190.944 -0.0165869 0.00272419 -12.9405 12.9148 -0.0256053
190.955 -0.0165898 0.00272385 -12.9436 12.918 -0.0256002
190.966 -0.0165926 0.00272389 -12.9468 12.9212 -0.0255955
190.978 -0.0165949 0.0027234 -12.95 12.9244 -0.0255908
190.989 -0.0165977 0.00272302 -12.9532 12.9276 -0.0255867
191 -0.0166006 0.00272271 -12.9564 12.9309 -0.0255822
191.011 -0.0166036 0.00272285 -12.9597 12.9341 -0.0255777
191.022 -0.0166061 0.00272289 -12.963 12.9374 -0.0255733
191.034 -0.0166089 0.00272251 -12.9663 12.9407 -0.0255698
191.045 -0.0166117 0.00272174 -12.9696 12.9441 -0.0255658
191.056 -0.016614 0.00272056 -12.973 12.9474 -0.0255619
191.067 -0.0166166 0.00271953 -12.9763 12.9508 -0.0255592
191.079 -0.0166187 0.00271761 -12.9797 12.9541 -0.0255564
191.09 -0.0166204 0.00271635 -12.9831 12.9575 -0.0255536
191.101 -0.016622 0.00271472 -12.9865 12.9609 -0.0255512
191.112 -0.0166237 0.00271276 -12.9899 12.9643 -0.0255486
191.124 -0.0166257 0.00271048 -12.9932 12.9677 -0.0255454
191.135 -0.0166271 0.0027092 -12.9966 12.9711 -0.0255423
191.146 -0.0166289 0.00270738 -13 12.9744 -0.0255385
191.157 -0.0166303 0.00270692 -13.0034 12.9778 -0.0255346
191.169 -0.0166318 0.00270675 -13.0067 12.9812 -0.0255317
191.18 -0.0166329 0.0027064 -13.0101 12.9846 -0.0255285
191.191 -0.0166347 0.00270569 -13.0135 12.988 -0.0255246
191.202 -0.0166363 0.00270535 -13.0169 12.9914 -0.0255206
191.213 -0.016639 0.00270467 -13.0203 12.9948 -0.0255166
191.225 -0.0166409 0.00270384 -13.0237 12.9982 -0.0255123
191.236 -0.0166432 0.00270265 -13.0271 13.0016 -0.0255087
191.247 -0.0166444 0.00270117 -13.0306 13.005 -0.0255047
191.258 -0.0166461 0.00270051 -13.034 13.0085 -0.025501
191.27 -0.0166476 0.00269954 -13.0374 13.0119 -0.0254981
191.281 -0.0166494 0.00269779 -13.0408 13.0153 -0.0254941
191.292 -0.0166519 0.00269666 -13.0442 13.0187 -0.0254904
191.303 -0.0166543 0.00269611 -13.0476 13.0222 -0.0254867
191.315 -0.0166568 0.00269585 -13.0511 13.0256 -0.0254828
191.326 -0.0166587 0.00269518 -13.0545 13.029 -0.0254802
191.337 -0.0166612 0.00269467 -13.058 13.0325 -0.0254771
191.348 -0.0166636 0.00269419 -13.0614 13.0359 -0.0254754
191.36 -0.0166656 0.00269382 -13.0648 13.0394 -0.0254725
191.371 -0.016668 0.00269342 -13.0683 13.0428 -0.0254698
191.382 -0.01667 0.00269333 -13.0717 13.0463 -0.0254673
191.393 -0.0166716 0.00269349 -13.0752 13.0497 -0.0254648
191.404 -0.0166727 0.0026941 -13.0786 13.0531 -0.0254622
191.416 -0.0166741 0.00269419 -13.082 13.0566 -0.0254594
191.427 -0.0166752 0.00269402 -13.0855 13.06 -0.0254561
191.438 -0.0166775 0.00269374 -13.0889 13.0634 -0.0254524
191.449 -0.0166801 0.00269322 -13.0923 13.0668 -0.0254481
191.461 -0.0166821 0.00269263 -13.0957 13.0703 -0.0254438
191.472 -0.0166845 0.00269249 -13.0992 13.0738 -0.0254402
191.483 -0.0166854 0.00269243 -13.1027 13.0772 -0.0254361
191.494 -0.0166872 0.0026915 -13.1062 13.0807 -0.0254324
191.506 -0.0166892 0.00269096 -13.1097 13.0842 -0.0254279
191.517 -0.0166908 0.00269104 -13.1131 13.0877 -0.0254231
191.528 -0.0166934 0.00269032 -13.1166 13.0912 -0.0254187
191.539 -0.0166955 0.00268983 -13.1201 13.0947 -0.0254145
191.551 -0.0166979 0.00268963 -13.1236 13.0982 -0.0254098
191.562 -0.0167001 0.00268946 -13.1271 13.1016 -0.0254055
191.573 -0.0167023 0.00268944 -13.1306 13.1052 -0.0254012
191.584 -0.016704 0.00268962 -13.134 13.1087 -0.0253968
191.596 -0.0167056 0.0026895 -13.1375 13.1122 -0.0253919
191.607 -0.0167075 0.0026893 -13.1411 13.1157 -0.0253874
191.618 -0.0167097 0.00268917 -13.1446 13.1192 -0.0253828
191.629 -0.0167117 0.00268942 -13.1481 13.1227 -0.0253786
191.64 -0.0167134 0.00268964 -13.1516 13.1262 -0.0253748
191.652 -0.0167152 0.00269011 -13.1551 13.1297 -0.0253711
191.663 -0.016717 0.00268963 -13.1586 13.1332 -0.0253674
191.674 -0.0167186 0.00268989 -13.162 13.1367 -0.0253643
191.685 -0.0167204 0.00268977 -13.1655 13.1401 -0.0253611
191.697 -0.0167217 0.00268954 -13.1689 13.1435 -0.0253586
191.708 -0.016723 0.00268845 -13.1723 13.1469 -0.0253559
191.719 -0.0167253 0.00268771 -13.1757 13.1503 -0.0253528
191.73 -0.0167275 0.00268683 -13.179 13.1537 -0.0253496
191.742 -0.0167295 0.00268674 -13.1824 13.157 -0.0253464
191.753 -0.0167317 0.00268681 -13.1857 13.1603 -0.025343
191.764 -0.0167344 0.00268658 -13.189 13.1636 -0.0253391
191.775 -0.0167371 0.00268662 -13.1923 13.1669 -0.0253357
191.787 -0.0167396 0.00268677 -13.1955 13.1702 -0.0253313
191.798 -0.0167421 0.00268627 -13.1988 13.1735 -0.0253273
191.809 -0.0167447 0.0026855 -13.202 13.1767 -0.0253233
191.82 -0.0167475 0.0026852 -13.2052 13.1799 -0.0253199
191.831 -0.0167506 0.00268502 -13.2084 13.183 -0.025317
191.843 -0.0167529 0.00268442 -13.2115 13.1862 -0.0253151
191.854 -0.0167557 0.00268387 -13.2146 13.1893 -0.0253125
191.865 -0.0167589 0.00268317 -13.2176 13.1923 -0.0253109
191.876 -0.016762 0.00268258 -13.2207 13.1954 -0.0253089
191.888 -0.0167646 0.00268294 -13.2237 13.1984 -0.025306
191.899 -0.0167679 0.00268281 -13.2266 13.2013 -0.0253034
191.91 -0.0167715 0.00268337 -13.2296 13.2043 -0.0253003
191.921 -0.016775 0.00268393 -13.2325 13.2072 -0.0252966
191.933 -0.016778 0.00268424 -13.2354 13.2101 -0.0252927
191.944 -0.0167808 0.00268495 -13.2383 13.213 -0.0252895
191.955 -0.0167834 0.00268542 -13.2412 13.2159 -0.0252864
191.966 -0.0167854 0.00268608 -13.244 13.2187 -0.0252833
191.978 -0.0167872 0.00268632 -13.2469 13.2216 -0.0252796
191.989 -0.0167887 0.00268741 -13.2497 13.2244 -0.0252752
192 -0.0167907 0.0026884 -13.2525 13.2272 -0.0252701
192.011 -0.0167928 0.00268926 -13.2553 13.23 -0.0252656
192.022 -0.0167942 0.00268994 -13.258 13.2328 -0.0252617
192.034 -0.0167956 0.00269017 -13.2608 13.2355 -0.0252575
192.045 -0.0167972 0.0026904 -13.2635 13.2383 -0.0252542
192.056 -0.0167992 0.00269027 -13.2662 13.241 -0.0252508
192.067 -0.016801 0.0026905 -13.2689 13.2437 -0.0252461
192.079 -0.0168023 0.00269064 -13.2716 13.2464 -0.0252425
192.09 -0.0168041 0.00269086 -13.2743 13.249 -0.0252393
192.101 -0.0168069 0.00269147 -13.2769 13.2516 -0.0252359
192.112 -0.0168093 0.00269203 -13.2795 13.2542 -0.025233
192.124 -0.016812 0.00269208 -13.282 13.2568 -0.0252299
192.135 -0.0168138 0.00269177 -13.2846 13.2593 -0.0252266
192.146 -0.0168157 0.00269245 -13.2871 13.2618 -0.0252231
192.157 -0.0168171 0.00269245 -13.2895 13.2643 -0.0252197
192.169 -0.0168186 0.00269254 -13.292 13.2667 -0.0252164
192.18 -0.0168204 0.00269266 -13.2944 13.2691 -0.025213
192.191 -0.0168227 0.00269273 -13.2967 13.2715 -0.0252095
192.202 -0.016825 0.00269371 -13.299 13.2738 -0.0252054
192.213 -0.0168273 0.00269416 -13.3014 13.2762 -0.0252024
192.225 -0.0168305 0.00269431 -13.3036 13.2784 -0.0251981
192.236 -0.0168327 0.00269404 -13.3058 13.2806 -0.0251949
192.247 -0.016835 0.00269459 -13.3079 13.2827 -0.0251914
192.258 -0.016837 0.00269487 -13.3099 13.2848 -0.0251884
192.27 -0.0168393 0.00269488 -13.3119 13.2867 -0.0251853
192.281 -0.0168415 0.00269506 -13.3139 13.2887 -0.0251816
192.292 -0.0168443 0.0026964 -13.3157 13.2905 -0.0251781
192.303 -0.0168475 0.00269719 -13.3176 13.2924 -0.0251741
192.315 -0.0168502 0.00269851 -13.3194 13.2942 -0.0251699
192.326 -0.0168533 0.00270013 -13.3211 13.2959 -0.0251663
192.337 -0.0168568 0.00270165 -13.3227 13.2975 -0.025163
192.348 -0.0168609 0.00270242 -13.3243 13.2991 -0.0251597
192.36 -0.016865 0.00270216 -13.3258 13.3007 -0.0251565
192.371 -0.0168685 0.00270243 -13.3273 13.3021 -0.0251536
192.382 -0.0168714 0.00270271 -13.3287 13.3036 -0.0251514
192.393 -0.0168739 0.00270231 -13.33 13.3049 -0.0251491
192.404 -0.0168762 0.0027016 -13.3313 13.3061 -0.0251468
192.416 -0.016878 0.00270175 -13.3325 13.3074 -0.0251432
192.427 -0.0168802 0.00270238 -13.3336 13.3085 -0.0251398
192.438 -0.0168829 0.00270307 -13.3347 13.3096 -0.0251368
192.449 -0.0168845 0.00270384 -13.3357 13.3106 -0.0251331
192.461 -0.0168866 0.00270353 -13.3367 13.3116 -0.0251293
192.472 -0.0168885 0.00270341 -13.3377 13.3126 -0.0251258
192.483 -0.0168894 0.00270286 -13.3386 13.3135 -0.0251229
192.494 -0.0168899 0.002703 -13.3394 13.3143 -0.0251195
192.506 -0.0168915 0.00270307 -13.3402 13.3151 -0.0251161
192.517 -0.0168932 0.00270331 -13.3409 13.3158 -0.0251133
192.528 -0.0168951 0.0027027 -13.3416 13.3164 -0.0251102
192.539 -0.0168976 0.00270323 -13.3421 13.317 -0.0251057
192.551 -0.0169012 0.00270457 -13.3427 13.3176 -0.0251023
192.562 -0.0169046 0.0027055 -13.3431 13.318 -0.0250982
192.573 -0.0169083 0.00270656 -13.3435 13.3184 -0.0250937
192.584 -0.0169123 0.00270765 -13.3438 13.3187 -0.0250898
192.596 -0.0169166 0.00270866 -13.3441 13.319 -0.0250857
192.607 -0.0169201 0.00270924 -13.3443 13.3192 -0.0250813
192.618 -0.0169233 0.0027096 -13.3445 13.3194 -0.0250783
192.629 -0.0169264 0.00270976 -13.3445 13.3194 -0.0250748
192.64 -0.0169294 0.00271068 -13.3445 13.3194 -0.0250717
192.652 -0.0169317 0.00271207 -13.3444 13.3193 -0.025069
192.663 -0.0169346 0.00271306 -13.3442 13.3191 -0.0250647
192.674 -0.0169377 0.00271349 -13.3439 13.3188 -0.0250606
192.685 -0.0169411 0.00271469 -13.3435 13.3185 -0.0250574
192.697 -0.0169445 0.00271606 -13.3431 13.318 -0.025053
192.708 -0.0169476 0.00271633 -13.3425 13.3175 -0.0250496
192.719 -0.016951 0.00271805 -13.3419 13.3168 -0.0250458
192.73 -0.0169544 0.00271966 -13.3411 13.3161 -0.0250419
192.742 -0.0169572 0.00272062 -13.3403 13.3153 -0.0250383
192.753 -0.0169594 0.00272185 -13.3394 13.3144 -0.025035
192.764 -0.0169616 0.00272393 -13.3384 13.3134 -0.0250312
192.775 -0.0169637 0.00272496 -13.3373 13.3123 -0.0250278
192.787 -0.0169664 0.00272678 -13.3362 13.3111 -0.025025
192.798 -0.0169697 0.00272806 -13.3349 13.3099 -0.0250219
192.809 -0.0169723 0.00272879 -13.3335 13.3085 -0.0250197
192.82 -0.0169756 0.00273021 -13.3321 13.307 -0.0250184
192.831 -0.0169787 0.00273062 -13.3305 13.3055 -0.0250162
192.843 -0.0169819 0.00273093 -13.3288 13.3038 -0.0250134
192.854 -0.0169842 0.00273177 -13.3271 13.3021 -0.0250101
192.865 -0.0169874 0.0027328 -13.3253 13.3003 -0.0250051
192.876 -0.0169904 0.00273373 -13.3233 13.2983 -0.0250005
192.888 -0.0169931 0.00273506 -13.3214 13.2964 -0.0249967
192.899 -0.0169955 0.00273564 -13.3193 13.2943 -0.0249922
192.91 -0.016997 0.00273581 -13.3171 13.2921 -0.0249899
192.921 -0.0169994 0.002736 -13.3149 13.2899 -0.0249867
192.933 -0.0170015 0.00273643 -13.3125 13.2875 -0.0249826
192.944 -0.0170041 0.00273673 -13.31 13.285 -0.024979
192.955 -0.0170073 0.00273786 -13.3075 13.2825 -0.024975
192.966 -0.0170106 0.00273852 -13.3048 13.2798 -0.0249705
192.978 -0.0170136 0.00273894 -13.3021 13.2771 -0.0249664
192.989 -0.0170167 0.00273938 -13.2992 13.2743 -0.0249636
193 -0.0170198 0.00273891 -13.2963 13.2713 -0.0249594
193.011 -0.0170233 0.00273891 -13.2932 13.2683 -0.0249568
193.022 -0.0170263 0.00273807 -13.2901 13.2651 -0.024954
193.034 -0.01703 0.00273806 -13.2868 13.2619 -0.0249505
193.045 -0.0170334 0.00273795 -13.2835 13.2585 -0.0249468
193.056 -0.0170372 0.00273829 -13.28 13.2551 -0.0249423
193.067 -0.0170407 0.00273908 -13.2765 13.2516 -0.0249376
193.079 -0.0170438 0.00274046 -13.2729 13.2479 -0.0249335
193.09 -0.0170472 0.00274158 -13.2692 13.2443 -0.0249296
193.101 -0.0170496 0.00274209 -13.2654 13.2404 -0.0249272
193.112 -0.0170522 0.0027427 -13.2614 13.2365 -0.0249244
193.124 -0.0170546 0.00274397 -13.2574 13.2325 -0.0249217
193.135 -0.0170576 0.00274455 -13.2532 13.2283 -0.0249185
193.146 -0.0170588 0.00274595 -13.249 13.2241 -0.0249158
193.157 -0.0170609 0.00274752 -13.2446 13.2197 -0.024913
193.169 -0.0170633 0.00274868 -13.2401 13.2152 -0.0249103
193.18 -0.0170651 0.00274966 -13.2355 13.2106 -0.0249079
193.191 -0.0170667 0.00275111 -13.2308 13.2059 -0.0249046
193.202 -0.0170688 0.00275274 -13.226 13.2011 -0.0249006
193.213 -0.017071 0.00275412 -13.2211 13.1962 -0.0248978
193.225 -0.0170734 0.00275461 -13.2162 13.1913 -0.0248947
193.236 -0.0170755 0.00275532 -13.2111 13.1862 -0.0248912
193.247 -0.0170788 0.00275679 -13.2059 13.181 -0.0248872
193.258 -0.0170818 0.00275876 -13.2007 13.1758 -0.0248834
193.27 -0.0170836 0.00275992 -13.1953 13.1705 -0.0248797
193.281 -0.0170853 0.00276115 -13.1899 13.165 -0.0248766
193.292 -0.0170869 0.00276193 -13.1844 13.1595 -0.0248738
193.303 -0.0170887 0.00276292 -13.1787 13.1538 -0.0248698
193.315 -0.0170906 0.00276439 -13.173 13.1481 -0.0248654
193.326 -0.0170944 0.00276503 -13.1672 13.1423 -0.0248604
193.337 -0.0170977 0.00276493 -13.1613 13.1364 -0.0248556
193.348 -0.0171014 0.00276527 -13.1553 13.1305 -0.0248513
193.36 -0.017105 0.00276567 -13.1493 13.1244 -0.024848
193.371 -0.0171078 0.00276562 -13.1431 13.1183 -0.0248448
193.382 -0.0171109 0.00276571 -13.1369 13.1121 -0.0248417
193.393 -0.017115 0.0027661 -13.1306 13.1057 -0.0248391
193.404 -0.0171188 0.00276646 -13.1242 13.0993 -0.0248365
193.416 -0.0171218 0.00276625 -13.1177 13.0928 -0.0248342
193.427 -0.0171255 0.00276639 -13.1111 13.0863 -0.0248314
193.438 -0.0171291 0.00276671 -13.1044 13.0796 -0.0248281
193.449 -0.0171328 0.00276758 -13.0976 13.0728 -0.0248237
193.461 -0.0171364 0.00276801 -13.0909 13.066 -0.0248198
193.472 -0.0171403 0.00276831 -13.084 13.0592 -0.0248152
193.483 -0.0171433 0.00276881 -13.077 13.0522 -0.024811
193.494 -0.0171468 0.00276843 -13.0701 13.0453 -0.0248075
193.506 -0.0171503 0.00276829 -13.063 13.0382 -0.0248035
193.517 -0.0171538 0.00276739 -13.0559 13.0311 -0.0248008
193.528 -0.017157 0.00276736 -13.0487 13.0239 -0.0247986
193.539 -0.0171605 0.00276705 -13.0414 13.0166 -0.024795
193.551 -0.0171639 0.00276708 -13.0341 13.0093 -0.0247912
193.562 -0.0171674 0.0027669 -13.0267 13.0019 -0.0247876
193.573 -0.0171709 0.00276657 -13.0193 12.9945 -0.0247832
193.584 -0.0171739 0.00276553 -13.0118 12.987 -0.0247789
193.596 -0.017177 0.00276469 -13.0043 12.9795 -0.0247748
193.607 -0.0171797 0.0027644 -12.9967 12.9719 -0.0247706
193.618 -0.0171827 0.0027635 -12.989 12.9643 -0.0247663
193.629 -0.0171865 0.00276353 -12.9814 12.9566 -0.0247611
193.64 -0.0171904 0.0027628 -12.9736 12.9489 -0.0247559
193.652 -0.0171946 0.00276209 -12.9659 12.9411 -0.0247513
193.663 -0.0171986 0.00276078 -12.9581 12.9333 -0.0247465
193.674 -0.0172035 0.00275921 -12.9502 12.9255 -0.0247419
193.685 -0.0172086 0.00275859 -12.9423 12.9176 -0.0247381
193.697 -0.0172137 0.00275887 -12.9344 12.9097 -0.0247334
193.708 -0.0172178 0.00275787 -12.9264 12.9017 -0.024729
193.719 -0.0172215 0.00275703 -12.9184 12.8937 -0.0247246
193.73 -0.0172251 0.00275592 -12.9103 12.8856 -0.0247217
193.742 -0.0172278 0.00275454 -12.9022 12.8775 -0.0247193
193.753 -0.0172304 0.00275407 -12.894 12.8693 -0.0247166
193.764 -0.0172328 0.00275333 -12.8858 12.8611 -0.0247142
193.775 -0.0172366 0.00275252 -12.8775 12.8528 -0.0247102
193.787 -0.0172404 0.00275157 -12.8692 12.8445 -0.0247061
193.798 -0.0172445 0.00275131 -12.8609 12.8362 -0.0247021
193.809 -0.0172488 0.00275131 -12.8526 12.8279 -0.0246986
193.82 -0.0172529 0.00275208 -12.8442 12.8195 -0.0246949
193.831 -0.0172566 0.00275224 -12.8359 12.8112 -0.0246916
193.843 -0.0172603 0.00275282 -12.8275 12.8028 -0.0246887
193.854 -0.0172647 0.00275351 -12.819 12.7944 -0.0246851
193.865 -0.0172692 0.00275454 -12.8106 12.7859 -0.0246822
193.876 -0.0172731 0.00275583 -12.8021 12.7775 -0.0246794
193.888 -0.0172767 0.00275587 -12.7936 12.769 -0.0246755
193.899 -0.0172808 0.00275571 -12.7851 12.7604 -0.0246717
193.91 -0.017284 0.00275495 -12.7766 12.752 -0.0246672
193.921 -0.0172878 0.00275482 -12.7681 12.7434 -0.0246631
193.933 -0.0172916 0.00275533 -12.7596 12.7349 -0.0246594
193.944 -0.0172947 0.00275586 -12.7511 12.7265 -0.0246554
193.955 -0.0172978 0.00275628 -12.7427 12.718 -0.0246514
193.966 -0.0173003 0.0027559 -12.7343 12.7096 -0.0246481
193.978 -0.0173031 0.00275497 -12.7259 12.7012 -0.0246444
193.989 -0.0173058 0.002754 -12.7175 12.6929 -0.0246404
194 -0.0173095 0.00275355 -12.7092 12.6845 -0.0246359
194.011 -0.0173123 0.00275338 -12.7009 12.6763 -0.0246315
194.022 -0.0173158 0.00275285 -12.6926 12.668 -0.0246271
194.034 -0.0173191 0.00275129 -12.6844 12.6598 -0.0246232
194.045 -0.0173225 0.00275053 -12.6762 12.6516 -0.0246192
194.056 -0.017326 0.00274999 -12.668 12.6434 -0.0246152
194.067 -0.0173294 0.00274808 -12.6599 12.6353 -0.0246119
194.079 -0.017333 0.00274614 -12.6518 12.6272 -0.0246083
194.09 -0.0173376 0.00274452 -12.6438 12.6192 -0.0246045
194.101 -0.0173413 0.00274281 -12.6359 12.6113 -0.0246005
194.112 -0.0173446 0.00274229 -12.6279 12.6033 -0.0245964
194.124 -0.0173482 0.00274178 -12.62 12.5954 -0.0245921
194.135 -0.0173524 0.0027409 -12.6122 12.5876 -0.0245884
194.146 -0.0173565 0.00274052 -12.6044 12.5798 -0.024584
194.157 -0.0173608 0.0027401 -12.5967 12.5721 -0.0245797
194.169 -0.0173654 0.0027397 -12.589 12.5644 -0.0245755
194.18 -0.0173703 0.00273885 -12.5814 12.5568 -0.0245711
194.191 -0.017374 0.0027385 -12.5738 12.5492 -0.0245671
194.202 -0.0173781 0.00273716 -12.5663 12.5417 -0.0245621
194.213 -0.0173824 0.00273592 -12.5588 12.5342 -0.0245578
194.225 -0.0173866 0.00273482 -12.5514 12.5268 -0.0245533
194.236 -0.0173895 0.00273341 -12.544 12.5194 -0.0245502
194.247 -0.0173924 0.00273248 -12.5366 12.5121 -0.0245469
194.258 -0.0173956 0.00273175 -12.5293 12.5048 -0.0245443
194.27 -0.0173983 0.00273092 -12.5221 12.4975 -0.0245413
194.281 -0.017402 0.00273087 -12.5149 12.4903 -0.0245362
194.292 -0.0174054 0.00273049 -12.5077 12.4832 -0.0245315
194.303 -0.0174094 0.00273058 -12.5007 12.4761 -0.0245267
194.315 -0.0174128 0.0027308 -12.4937 12.4692 -0.0245233
194.326 -0.0174159 0.00273141 -12.4868 12.4622 -0.0245188
194.337 -0.0174195 0.00273117 -12.4799 12.4554 -0.024514
194.348 -0.0174222 0.00273067 -12.4732 12.4487 -0.0245109
194.36 -0.0174256 0.0027304 -12.4665 12.442 -0.0245068
194.371 -0.0174291 0.00272947 -12.4598 12.4353 -0.0245029
194.382 -0.0174324 0.00272872 -12.4533 12.4288 -0.0244976
194.393 -0.0174354 0.00272803 -12.4468 12.4223 -0.0244923
194.404 -0.0174383 0.0027274 -12.4404 12.416 -0.0244873
194.416 -0.0174413 0.00272714 -12.4342 12.4097 -0.0244818
194.427 -0.017444 0.00272672 -12.428 12.4035 -0.0244764
194.438 -0.0174476 0.00272573 -12.4219 12.3974 -0.0244708
194.449 -0.0174513 0.00272486 -12.416 12.3915 -0.0244652
194.461 -0.0174547 0.00272328 -12.4101 12.3856 -0.0244592
194.472 -0.0174579 0.00272227 -12.4043 12.3799 -0.0244536
194.483 -0.0174614 0.00272128 -12.3986 12.3742 -0.0244476
194.494 -0.0174654 0.002721 -12.393 12.3686 -0.024441
194.506 -0.0174682 0.00272037 -12.3876 12.3631 -0.0244358
194.517 -0.0174716 0.00271989 -12.3821 12.3577 -0.024431
194.528 -0.0174753 0.00272015 -12.3768 12.3524 -0.0244256
194.539 -0.0174799 0.00272038 -12.3716 12.3472 -0.0244204
194.551 -0.0174834 0.00272022 -12.3664 12.342 -0.0244148
194.562 -0.0174871 0.00271941 -12.3614 12.337 -0.0244089
194.573 -0.0174902 0.0027187 -12.3564 12.332 -0.024403
194.584 -0.0174938 0.00271898 -12.3516 12.3272 -0.0243967
194.596 -0.0174975 0.00271861 -12.3468 12.3224 -0.0243917
194.607 -0.0175009 0.00271845 -12.3421 12.3177 -0.0243879
194.618 -0.0175041 0.00271804 -12.3375 12.3131 -0.0243833
194.629 -0.0175067 0.002717 -12.333 12.3086 -0.0243784
194.64 -0.0175103 0.00271607 -12.3285 12.3041 -0.0243738
194.652 -0.017514 0.0027153 -12.3242 12.2998 -0.0243686
194.663 -0.0175178 0.00271371 -12.3199 12.2955 -0.0243636
194.674 -0.0175211 0.00271231 -12.3158 12.2914 -0.0243596
194.685 -0.0175244 0.00271213 -12.3117 12.2873 -0.0243557
194.697 -0.0175282 0.00271201 -12.3077 12.2834 -0.0243506
194.708 -0.0175317 0.0027129 -12.3038 12.2795 -0.0243457
194.719 -0.0175351 0.00271365 -12.3001 12.2757 -0.02434
194.73 -0.0175386 0.00271419 -12.2964 12.272 -0.0243347
194.742 -0.0175416 0.00271453 -12.2928 12.2685 -0.0243318
194.753 -0.0175452 0.00271509 -12.2893 12.265 -0.024328
194.764 -0.0175494 0.00271569 -12.2858 12.2615 -0.0243242
194.775 -0.0175537 0.00271634 -12.2825 12.2582 -0.02432
194.787 -0.0175582 0.00271741 -12.2792 12.2549 -0.0243154
194.798 -0.0175629 0.00271844 -12.276 12.2517 -0.0243108
194.809 -0.0175678 0.00271913 -12.2729 12.2486 -0.0243064
194.82 -0.0175716 0.00271965 -12.2699 12.2456 -0.0243017
194.831 -0.0175758 0.00271947 -12.267 12.2427 -0.0242971
194.843 -0.0175797 0.00271987 -12.2642 12.2399 -0.0242932
194.854 -0.017583 0.00272007 -12.2614 12.2371 -0.0242884
194.865 -0.0175862 0.00272051 -12.2587 12.2345 -0.024284
194.876 -0.0175888 0.00272027 -12.2562 12.2319 -0.02428
194.888 -0.0175917 0.00272042 -12.2536 12.2294 -0.0242751
194.899 -0.0175938 0.00271991 -12.2512 12.2269 -0.0242703
194.91 -0.0175966 0.00271985 -12.2489 12.2246 -0.0242662
194.921 -0.0175987 0.00271924 -12.2466 12.2224 -0.0242624
194.933 -0.0176013 0.00271865 -12.2445 12.2202 -0.0242579
194.944 -0.0176042 0.00271896 -12.2424 12.2181 -0.0242528
194.955 -0.0176072 0.00271896 -12.2404 12.2161 -0.024248
194.966 -0.0176102 0.00271935 -12.2385 12.2143 -0.0242435
194.978 -0.0176138 0.00271993 -12.2367 12.2125 -0.0242392
194.989 -0.0176177 0.00272016 -12.235 12.2108 -0.0242347
195 -0.0176217 0.00271946 -12.2334 12.2092 -0.0242302
195.011 -0.0176251 0.00271796 -12.2319 12.2077 -0.0242254
195.022 -0.017629 0.00271703 -12.2305 12.2063 -0.02422
195.034 -0.0176327 0.00271634 -12.2292 12.205 -0.0242142
195.045 -0.0176366 0.00271538 -12.2279 12.2037 -0.0242087
195.056 -0.0176395 0.00271545 -12.2268 12.2026 -0.0242041
195.067 -0.0176425 0.00271588 -12.2257 12.2015 -0.0241994
195.079 -0.0176453 0.00271555 -12.2247 12.2005 -0.0241954
195.09 -0.0176477 0.00271576 -12.2238 12.1996 -0.0241911
195.101 -0.0176513 0.00271582 -12.2229 12.1987 -0.0241859
195.112 -0.017654 0.00271622 -12.2221 12.198 -0.0241816
195.124 -0.0176574 0.00271537 -12.2214 12.1972 -0.024177
195.135 -0.0176602 0.00271469 -12.2207 12.1966 -0.0241725
195.146 -0.0176634 0.00271438 -12.2202 12.196 -0.0241679
195.157 -0.0176671 0.00271351 -12.2197 12.1956 -0.0241626
195.169 -0.01767 0.00271262 -12.2193 12.1951 -0.024158
195.18 -0.0176717 0.00271159 -12.219 12.1948 -0.0241534
195.191 -0.0176745 0.00271041 -12.2187 12.1946 -0.0241481
195.202 -0.0176775 0.00270999 -12.2186 12.1944 -0.0241429
195.213 -0.0176809 0.00270923 -12.2185 12.1944 -0.0241368
195.225 -0.0176844 0.00270841 -12.2185 12.1943 -0.0241302
195.236 -0.0176879 0.00270795 -12.2186 12.1944 -0.0241246
195.247 -0.0176905 0.00270702 -12.2187 12.1946 -0.024119
195.258 -0.0176935 0.00270617 -12.219 12.1949 -0.0241134
195.27 -0.017696 0.00270442 -12.2193 12.1952 -0.0241087
195.281 -0.0176984 0.00270345 -12.2197 12.1955 -0.0241043
195.292 -0.0177008 0.00270242 -12.2201 12.196 -0.0240998
195.303 -0.0177027 0.00270172 -12.2206 12.1965 -0.0240951
195.315 -0.0177039 0.00270055 -12.2211 12.197 -0.0240916
195.326 -0.0177055 0.00269944 -12.2217 12.1976 -0.0240877
195.337 -0.0177071 0.00269838 -12.2224 12.1983 -0.0240835
195.348 -0.0177095 0.00269795 -12.2231 12.199 -0.0240798
195.36 -0.0177125 0.00269761 -12.2238 12.1997 -0.0240758
195.371 -0.0177151 0.00269716 -12.2246 12.2006 -0.024071
195.382 -0.0177179 0.00269721 -12.2255 12.2015 -0.0240664
195.393 -0.0177207 0.0026971 -12.2265 12.2024 -0.0240621
195.404 -0.0177235 0.0026968 -12.2275 12.2035 -0.0240568
195.416 -0.0177263 0.00269622 -12.2286 12.2046 -0.0240519
195.427 -0.0177291 0.00269597 -12.2298 12.2058 -0.024046
195.438 -0.0177317 0.00269592 -12.231 12.207 -0.0240406
195.449 -0.0177348 0.00269552 -12.2323 12.2083 -0.0240357
195.461 -0.0177379 0.00269396 -12.2337 12.2097 -0.0240299
195.472 -0.0177405 0.00269264 -12.2351 12.2111 -0.0240257
195.483 -0.0177437 0.00269176 -12.2366 12.2126 -0.0240204
195.494 -0.0177468 0.00269009 -12.2382 12.2142 -0.0240149
195.506 -0.0177495 0.00268902 -12.2398 12.2158 -0.0240097
195.517 -0.0177517 0.00268805 -12.2415 12.2175 -0.0240044
195.528 -0.0177541 0.00268687 -12.2432 12.2192 -0.0239994
195.539 -0.0177562 0.00268646 -12.245 12.221 -0.0239941
195.551 -0.0177588 0.00268546 -12.2469 12.2229 -0.0239885
195.562 -0.017761 0.00268496 -12.2488 12.2248 -0.0239824
195.573 -0.0177632 0.00268393 -12.2508 12.2268 -0.0239771
195.584 -0.0177663 0.00268334 -12.2528 12.2288 -0.0239717
195.596 -0.0177693 0.00268261 -12.2549 12.2309 -0.0239658
195.607 -0.0177727 0.00268218 -12.257 12.233 -0.0239603
195.618 -0.0177746 0.00268115 -12.2592 12.2352 -0.0239563
195.629 -0.017777 0.00267938 -12.2614 12.2374 -0.0239524
195.64 -0.01778 0.00267776 -12.2636 12.2396 -0.0239489
195.652 -0.0177829 0.00267617 -12.2658 12.2419 -0.0239456
195.663 -0.0177858 0.00267387 -12.2681 12.2442 -0.0239419
195.674 -0.0177883 0.00267141 -12.2705 12.2465 -0.0239376
195.685 -0.0177907 0.0026686 -12.2729 12.2489 -0.0239337
195.697 -0.0177934 0.00266703 -12.2753 12.2513 -0.0239291
195.708 -0.0177957 0.00266495 -12.2777 12.2538 -0.0239244
195.719 -0.0177983 0.00266286 -12.2803 12.2564 -0.023919
195.73 -0.0178006 0.00266029 -12.2828 12.2589 -0.0239144
195.742 -0.0178028 0.00265742 -12.2854 12.2615 -0.0239095
195.753 -0.0178046 0.00265545 -12.2881 12.2642 -0.0239042
195.764 -0.0178067 0.00265341 -12.2907 12.2668 -0.0238985
195.775 -0.0178093 0.00265123 -12.2934 12.2695 -0.023893
195.787 -0.0178118 0.00264916 -12.2962 12.2723 -0.0238884
195.798 -0.0178136 0.00264781 -12.2989 12.275 -0.0238833
195.809 -0.0178155 0.00264569 -12.3017 12.2778 -0.0238784
195.82 -0.0178176 0.00264303 -12.3045 12.2807 -0.0238733
195.831 -0.0178191 0.00264077 -12.3074 12.2835 -0.0238687
195.843 -0.017821 0.00263865 -12.3102 12.2864 -0.0238636
195.854 -0.0178231 0.00263627 -12.3131 12.2893 -0.0238581
195.865 -0.0178247 0.00263401 -12.3161 12.2922 -0.0238524
195.876 -0.0178263 0.00263244 -12.319 12.2952 -0.023847
195.888 -0.017828 0.00263034 -12.322 12.2982 -0.0238417
195.899 -0.0178293 0.00262832 -12.325 12.3012 -0.0238363
195.91 -0.0178309 0.00262622 -12.328 12.3042 -0.0238306
195.921 -0.0178332 0.00262406 -12.331 12.3072 -0.023825
195.933 -0.0178358 0.00262189 -12.334 12.3102 -0.0238197
195.944 -0.0178378 0.00261952 -12.337 12.3132 -0.0238142
195.955 -0.0178405 0.00261725 -12.34 12.3162 -0.0238092
195.966 -0.0178426 0.00261543 -12.3431 12.3193 -0.0238044
195.978 -0.0178451 0.00261356 -12.3461 12.3223 -0.0237994
195.989 -0.0178473 0.00261118 -12.3492 12.3254 -0.0237945
196 -0.0178498 0.00260937 -12.3522 12.3284 -0.0237892
196.011 -0.0178526 0.00260729 -12.3552 12.3314 -0.023784
196.022 -0.0178552 0.0026047 -12.3583 12.3345 -0.0237787
196.034 -0.0178577 0.00260232 -12.3613 12.3376 -0.0237742
196.045 -0.0178599 0.00260039 -12.3644 12.3406 -0.0237692
196.056 -0.017862 0.00259798 -12.3674 12.3436 -0.023765
196.067 -0.0178639 0.00259623 -12.3704 12.3466 -0.0237601
196.079 -0.0178664 0.00259456 -12.3733 12.3496 -0.0237554
196.09 -0.0178679 0.00259191 -12.3763 12.3526 -0.0237508
196.101 -0.0178692 0.00258978 -12.3793 12.3555 -0.0237466
196.112 -0.0178707 0.00258788 -12.3822 12.3585 -0.0237419
196.124 -0.0178723 0.00258589 -12.3851 12.3614 -0.0237379
196.135 -0.0178734 0.00258402 -12.388 12.3643 -0.0237339
196.146 -0.017875 0.0025821 -12.391 12.3672 -0.0237296
196.157 -0.0178768 0.00257983 -12.3938 12.3701 -0.0237257
196.169 -0.0178783 0.00257772 -12.3967 12.373 -0.0237214
196.18 -0.0178798 0.00257536 -12.3996 12.3759 -0.0237169
196.191 -0.0178813 0.00257358 -12.4024 12.3787 -0.0237123
196.202 -0.0178821 0.00257227 -12.4052 12.3815 -0.0237069
196.213 -0.0178828 0.00257054 -12.408 12.3843 -0.0237024
196.225 -0.0178841 0.00256901 -12.4108 12.3871 -0.023698
196.236 -0.0178856 0.002568 -12.4135 12.3898 -0.0236935
196.247 -0.0178871 0.00256725 -12.4163 12.3926 -0.0236886
196.258 -0.0178888 0.00256665 -12.419 12.3953 -0.0236838
196.27 -0.0178899 0.00256536 -12.4217 12.3981 -0.0236784
196.281 -0.0178914 0.00256354 -12.4244 12.4008 -0.023673
196.292 -0.0178929 0.00256184 -12.4271 12.4035 -0.0236674
196.303 -0.0178943 0.00256015 -12.4298 12.4062 -0.0236622
196.315 -0.0178955 0.00255892 -12.4325 12.4088 -0.0236567
196.326 -0.0178974 0.00255774 -12.4352 12.4115 -0.0236519
196.337 -0.0178993 0.00255649 -12.4378 12.4141 -0.0236466
196.348 -0.0179009 0.00255511 -12.4404 12.4167 -0.023641
196.36 -0.017903 0.00255364 -12.4429 12.4193 -0.0236354
196.371 -0.0179044 0.00255291 -12.4455 12.4218 -0.0236296
196.382 -0.017906 0.00255154 -12.448 12.4244 -0.023624
196.393 -0.0179072 0.00254966 -12.4504 12.4268 -0.0236178
196.404 -0.0179085 0.00254753 -12.4529 12.4293 -0.0236114
196.416 -0.0179099 0.00254554 -12.4553 12.4317 -0.0236061
196.427 -0.0179108 0.00254357 -12.4577 12.4341 -0.0236005
196.438 -0.0179123 0.00254105 -12.4601 12.4365 -0.0235944
196.449 -0.0179141 0.00253896 -12.4624 12.4388 -0.023588
196.461 -0.0179156 0.00253719 -12.4648 12.4412 -0.0235818
196.472 -0.0179174 0.00253524 -12.467 12.4435 -0.0235748
196.483 -0.0179185 0.00253311 -12.4693 12.4457 -0.0235689
196.494 -0.0179193 0.00253176 -12.4716 12.448 -0.0235625
196.506 -0.01792 0.00253024 -12.4738 12.4502 -0.0235556
196.517 -0.0179214 0.00252832 -12.476 12.4524 -0.0235482
196.528 -0.017923 0.00252712 -12.4782 12.4546 -0.0235419
196.539 -0.0179243 0.00252576 -12.4803 12.4567 -0.0235354
196.551 -0.0179254 0.00252387 -12.4824 12.4589 -0.0235284
196.562 -0.0179264 0.00252263 -12.4845 12.461 -0.0235219
196.573 -0.0179273 0.00252078 -12.4865 12.463 -0.0235148
196.584 -0.0179279 0.00251989 -12.4886 12.465 -0.0235078
196.596 -0.0179292 0.00251948 -12.4906 12.4671 -0.023501
196.607 -0.01793 0.00251935 -12.4925 12.469 -0.0234942
196.618 -0.0179309 0.00251841 -12.4944 12.4709 -0.0234872
196.629 -0.0179315 0.0025177 -12.4963 12.4728 -0.0234803
196.64 -0.0179326 0.00251706 -12.4982 12.4747 -0.0234727
196.652 -0.0179339 0.00251602 -12.4999 12.4765 -0.0234648
196.663 -0.0179351 0.0025157 -12.5017 12.4783 -0.0234581
196.674 -0.0179365 0.00251433 -12.5035 12.48 -0.0234507
196.685 -0.0179381 0.00251245 -12.5052 12.4817 -0.0234436
196.697 -0.0179389 0.00251185 -12.5069 12.4834 -0.0234368
196.708 -0.01794 0.00251133 -12.5085 12.4851 -0.02343
196.719 -0.0179413 0.00251072 -12.5101 12.4866 -0.0234233
196.73 -0.0179425 0.00251035 -12.5116 12.4882 -0.0234162
196.742 -0.0179438 0.00250972 -12.5132 12.4897 -0.0234081
196.753 -0.0179457 0.00250906 -12.5146 12.4912 -0.0234002
196.764 -0.0179479 0.00250813 -12.5161 12.4927 -0.0233923
196.775 -0.0179503 0.00250651 -12.5175 12.4941 -0.023384
196.787 -0.0179528 0.00250504 -12.5188 12.4955 -0.0233761
196.798 -0.0179558 0.00250255 -12.5202 12.4968 -0.0233689
196.809 -0.017959 0.00250114 -12.5214 12.4981 -0.0233607
196.82 -0.0179618 0.00249988 -12.5226 12.4993 -0.0233532
196.831 -0.0179648 0.00249886 -12.5238 12.5005 -0.0233466
196.843 -0.0179673 0.00249707 -12.525 12.5016 -0.0233392
196.854 -0.0179698 0.00249521 -12.526 12.5027 -0.0233321
196.865 -0.0179724 0.00249352 -12.5271 12.5038 -0.0233258
196.876 -0.0179746 0.00249201 -12.5281 12.5047 -0.0233196
196.888 -0.0179769 0.00248994 -12.529 12.5056 -0.0233136
196.899 -0.0179793 0.00248825 -12.5298 12.5065 -0.0233082
196.91 -0.0179814 0.00248638 -12.5306 12.5073 -0.0233022
196.921 -0.0179837 0.00248505 -12.5314 12.5081 -0.0232962
196.933 -0.0179859 0.00248468 -12.532 12.5087 -0.023289
196.944 -0.0179874 0.0024844 -12.5326 12.5094 -0.0232812
196.955 -0.0179891 0.00248409 -12.5332 12.5099 -0.0232741
196.966 -0.0179906 0.00248326 -12.5338 12.5105 -0.0232666
196.978 -0.0179922 0.00248219 -12.5343 12.511 -0.0232584
196.989 -0.0179939 0.00248114 -12.5347 12.5115 -0.0232509
197 -0.0179959 0.00248011 -12.5352 12.5119 -0.0232437
197.011 -0.0179971 0.00247945 -12.5355 12.5123 -0.0232368
197.022 -0.0179983 0.00247831 -12.5358 12.5126 -0.0232292
197.034 -0.0179994 0.00247744 -12.5361 12.5129 -0.0232234
197.045 -0.0180006 0.00247627 -12.5363 12.5131 -0.0232171
197.056 -0.0180024 0.00247495 -12.5364 12.5132 -0.0232116
197.067 -0.018004 0.00247369 -12.5365 12.5133 -0.0232059
197.079 -0.0180058 0.0024725 -12.5365 12.5133 -0.0231998
197.09 -0.0180079 0.00247104 -12.5365 12.5133 -0.0231933
197.101 -0.0180102 0.0024698 -12.5364 12.5132 -0.0231865
197.112 -0.0180123 0.00246808 -12.5362 12.5131 -0.0231793
197.124 -0.0180145 0.00246743 -12.5361 12.5129 -0.0231726
197.135 -0.018016 0.00246658 -12.5359 12.5127 -0.0231655
197.146 -0.0180172 0.00246577 -12.5356 12.5124 -0.0231585
197.157 -0.0180189 0.00246492 -12.5353 12.5121 -0.0231516
197.169 -0.0180204 0.00246407 -12.535 12.5118 -0.0231458
197.18 -0.0180217 0.00246306 -12.5345 12.5114 -0.0231392
197.191 -0.0180235 0.0024622 -12.5341 12.5109 -0.0231324
197.202 -0.0180256 0.00246161 -12.5336 12.5104 -0.0231252
197.213 -0.0180271 0.00246159 -12.533 12.5099 -0.0231185
197.225 -0.0180285 0.00246107 -12.5324 12.5093 -0.0231119
197.236 -0.0180295 0.00246061 -12.5318 12.5087 -0.023105
197.247 -0.0180306 0.00246033 -12.5311 12.508 -0.0230977
197.258 -0.018032 0.00246022 -12.5304 12.5073 -0.0230914
197.27 -0.018034 0.00245977 -12.5297 12.5066 -0.0230855
197.281 -0.0180359 0.00245861 -12.5289 12.5058 -0.0230788
197.292 -0.0180381 0.00245793 -12.528 12.5049 -0.023073
197.303 -0.0180399 0.0024571 -12.5271 12.5041 -0.0230674
197.315 -0.018042 0.00245614 -12.5262 12.5031 -0.0230617
197.326 -0.0180433 0.0024552 -12.5252 12.5021 -0.0230552
197.337 -0.0180452 0.00245388 -12.5242 12.5011 -0.0230498
197.348 -0.0180472 0.00245289 -12.5231 12.5 -0.0230442
197.36 -0.0180492 0.00245211 -12.522 12.4989 -0.0230385
197.371 -0.0180518 0.00245124 -12.5208 12.4978 -0.0230322
197.382 -0.0180539 0.00244945 -12.5196 12.4966 -0.0230257
197.393 -0.0180553 0.00244845 -12.5184 12.4953 -0.0230187
197.404 -0.0180567 0.00244713 -12.5171 12.4941 -0.0230125
197.416 -0.0180594 0.00244594 -12.5157 12.4927 -0.0230053
197.427 -0.0180624 0.00244482 -12.5144 12.4914 -0.0229983
197.438 -0.0180643 0.00244406 -12.513 12.49 -0.0229919
197.449 -0.0180668 0.00244244 -12.5116 12.4886 -0.0229859
197.461 -0.0180689 0.00244142 -12.5101 12.4871 -0.0229798
197.472 -0.0180708 0.00244003 -12.5085 12.4856 -0.0229741
197.483 -0.0180732 0.00243847 -12.5069 12.484 -0.0229679
197.494 -0.0180756 0.00243664 -12.5053 12.4824 -0.0229611
197.506 -0.0180777 0.00243619 -12.5037 12.4807 -0.0229543
197.517 -0.0180802 0.0024353 -12.502 12.479 -0.0229472
197.528 -0.0180822 0.0024348 -12.5002 12.4773 -0.0229401
197.539 -0.0180837 0.00243432 -12.4985 12.4755 -0.0229334
197.551 -0.0180853 0.00243343 -12.4967 12.4737 -0.0229259
197.562 -0.0180867 0.00243264 -12.4948 12.4719 -0.0229193
197.573 -0.0180883 0.00243185 -12.4929 12.47 -0.022912
197.584 -0.0180901 0.00243162 -12.491 12.4681 -0.0229049
197.596 -0.0180923 0.00243068 -12.489 12.4662 -0.0228982
197.607 -0.0180934 0.0024301 -12.4871 12.4642 -0.0228915
197.618 -0.0180944 0.00242914 -12.485 12.4622 -0.0228853
197.629 -0.0180959 0.00242886 -12.483 12.4601 -0.0228791
197.64 -0.0180963 0.00242811 -12.4809 12.458 -0.0228733
197.652 -0.0180976 0.00242748 -12.4787 12.4559 -0.0228672
197.663 -0.0180993 0.00242605 -12.4766 12.4537 -0.0228608
197.674 -0.0181006 0.00242493 -12.4743 12.4515 -0.0228541
197.685 -0.0181021 0.00242342 -12.4721 12.4492 -0.0228472
197.697 -0.0181036 0.00242209 -12.4697 12.4469 -0.022841
197.708 -0.018105 0.00241951 -12.4674 12.4446 -0.0228353
197.719 -0.0181062 0.00241726 -12.465 12.4422 -0.0228297
197.73 -0.0181079 0.00241523 -12.4626 12.4397 -0.0228235
197.742 -0.0181097 0.0024135 -12.4601 12.4372 -0.0228183
197.753 -0.0181112 0.00241216 -12.4575 12.4347 -0.0228116
197.764 -0.0181123 0.00241088 -12.4549 12.4321 -0.0228059
197.775 -0.0181138 0.00240997 -12.4523 12.4295 -0.0228002
197.787 -0.0181158 0.00240953 -12.4496 12.4268 -0.0227937
197.798 -0.0181171 0.00240919 -12.4469 12.4241 -0.0227867
197.809 -0.0181177 0.00240929 -12.4442 12.4214 -0.0227798
197.82 -0.0181185 0.00240833 -12.4414 12.4186 -0.0227723
197.831 -0.0181193 0.00240773 -12.4386 12.4158 -0.0227655
197.843 -0.0181201 0.00240714 -12.4357 12.413 -0.0227583
197.854 -0.0181213 0.00240635 -12.4329 12.4101 -0.0227511
197.865 -0.018123 0.00240539 -12.43 12.4072 -0.0227442
197.876 -0.0181238 0.00240465 -12.4271 12.4043 -0.0227378
197.888 -0.0181248 0.00240354 -12.4241 12.4014 -0.0227296
197.899 -0.0181269 0.00240291 -12.4211 12.3984 -0.0227235
197.91 -0.0181288 0.0024014 -12.4181 12.3953 -0.022718
197.921 -0.0181303 0.00239973 -12.415 12.3923 -0.0227123
197.933 -0.0181322 0.00239768 -12.4119 12.3892 -0.0227063
197.944 -0.0181341 0.00239551 -12.4087 12.386 -0.0226998
197.955 -0.0181362 0.00239377 -12.4056 12.3829 -0.0226927
197.966 -0.0181377 0.00239238 -12.4024 12.3797 -0.0226853
197.978 -0.0181398 0.00239111 -12.3991 12.3765 -0.0226782
197.989 -0.018142 0.00238988 -12.3959 12.3733 -0.0226707
198 -0.0181433 0.00238843 -12.3927 12.3701 -0.0226634
198.011 -0.0181444 0.00238739 -12.3895 12.3668 -0.0226561
198.022 -0.018145 0.00238658 -12.3862 12.3636 -0.0226488
198.034 -0.0181456 0.00238625 -12.3829 12.3603 -0.0226416
198.045 -0.0181469 0.0023857 -12.3796 12.357 -0.0226342
198.056 -0.0181475 0.00238543 -12.3763 12.3537 -0.0226267
198.067 -0.0181483 0.00238464 -12.373 12.3503 -0.0226187
198.079 -0.0181489 0.00238388 -12.3696 12.347 -0.0226112
198.09 -0.0181498 0.00238318 -12.3662 12.3436 -0.0226039
198.101 -0.0181504 0.00238204 -12.3628 12.3402 -0.022597
198.112 -0.0181507 0.00238052 -12.3593 12.3367 -0.0225901
198.124 -0.0181518 0.00237974 -12.3558 12.3333 -0.0225831
198.135 -0.0181528 0.00237901 -12.3523 12.3297 -0.0225759
198.146 -0.0181534 0.00237769 -12.3488 12.3263 -0.0225697
198.157 -0.0181543 0.00237616 -12.3453 12.3227 -0.0225629
198.169 -0.018155 0.00237505 -12.3417 12.3192 -0.022556
198.18 -0.018156 0.00237343 -12.3381 12.3156 -0.0225496
198.191 -0.0181566 0.00237191 -12.3345 12.312 -0.0225418
198.202 -0.0181568 0.00237028 -12.3309 12.3084 -0.022535
198.213 -0.018157 0.00236849 -12.3273 12.3048 -0.0225283
198.225 -0.0181572 0.00236576 -12.3237 12.3012 -0.022522
198.236 -0.018157 0.00236346 -12.3201 12.2976 -0.0225154
198.247 -0.0181568 0.00236141 -12.3165 12.2939 -0.022509
198.258 -0.018157 0.00235932 -12.3128 12.2903 -0.0225017
198.27 -0.0181582 0.00235786 -12.3092 12.2867 -0.0224942
198.281 -0.0181594 0.00235566 -12.3056 12.2831 -0.0224871
198.292 -0.0181608 0.00235366 -12.3019 12.2794 -0.0224794
198.303 -0.0181619 0.00235196 -12.2983 12.2758 -0.0224719
198.315 -0.0181627 0.00235014 -12.2947 12.2722 -0.0224648
198.326 -0.0181637 0.00234813 -12.2911 12.2686 -0.0224569
198.337 -0.0181645 0.00234641 -12.2874 12.265 -0.0224501
198.348 -0.0181652 0.0023454 -12.2839 12.2614 -0.0224439
198.36 -0.0181654 0.00234326 -12.2803 12.2579 -0.0224366
198.371 -0.0181659 0.0023419 -12.2767 12.2543 -0.0224297
198.382 -0.0181658 0.00234022 -12.2731 12.2507 -0.0224223
198.393 -0.0181664 0.00233868 -12.2695 12.2471 -0.0224148
198.404 -0.0181664 0.00233706 -12.2659 12.2435 -0.0224073
198.416 -0.018167 0.00233494 -12.2624 12.24 -0.0224009
198.427 -0.018167 0.00233275 -12.2588 12.2364 -0.0223937
198.438 -0.0181675 0.00233076 -12.2552 12.2328 -0.0223874
198.449 -0.0181685 0.00232919 -12.2517 12.2293 -0.0223811
198.461 -0.0181698 0.00232645 -12.2481 12.2257 -0.0223745
198.472 -0.0181711 0.00232413 -12.2445 12.2221 -0.0223676
198.483 -0.0181721 0.00232162 -12.241 12.2186 -0.0223616
198.494 -0.018173 0.00231947 -12.2374 12.215 -0.022355
198.506 -0.0181742 0.00231677 -12.2338 12.2115 -0.0223487
198.517 -0.0181762 0.00231445 -12.2303 12.2079 -0.0223426
198.528 -0.0181778 0.0023103 -12.2267 12.2044 -0.0223363
198.539 -0.0181786 0.00230622 -12.2232 12.2008 -0.0223301
198.551 -0.0181791 0.0023026 -12.2196 12.1973 -0.0223244
198.562 -0.0181796 0.00229929 -12.2161 12.1937 -0.0223182
198.573 -0.0181795 0.00229672 -12.2125 12.1902 -0.0223118
198.584 -0.0181802 0.00229504 -12.2089 12.1866 -0.0223051
198.596 -0.0181811 0.00229355 -12.2054 12.1831 -0.0222983
198.607 -0.0181825 0.00229144 -12.2019 12.1796 -0.0222917
198.618 -0.018184 0.00228886 -12.1983 12.176 -0.0222849
198.629 -0.0181859 0.00228654 -12.1948 12.1725 -0.0222783
198.64 -0.0181881 0.00228431 -12.1913 12.169 -0.0222723
198.652 -0.0181899 0.0022814 -12.1878 12.1655 -0.0222663
198.663 -0.0181911 0.00227757 -12.1843 12.1621 -0.0222601
198.674 -0.0181918 0.00227442 -12.1808 12.1586 -0.0222533
198.685 -0.0181927 0.00227124 -12.1774 12.1552 -0.0222468
198.697 -0.0181938 0.0022683 -12.174 12.1517 -0.0222395
198.708 -0.0181953 0.0022656 -12.1706 12.1483 -0.0222325
198.719 -0.0181964 0.00226295 -12.1672 12.1449 -0.0222257
198.73 -0.0181976 0.00226097 -12.1638 12.1416 -0.0222185
198.742 -0.0181989 0.002259 -12.1605 12.1382 -0.0222119
198.753 -0.0181992 0.00225724 -12.1572 12.135 -0.0222057
198.764 -0.0182001 0.00225536 -12.1539 12.1317 -0.0221988
198.775 -0.0182013 0.00225314 -12.1506 12.1284 -0.0221916
198.787 -0.0182024 0.00225007 -12.1474 12.1252 -0.0221846
198.798 -0.0182034 0.00224734 -12.1442 12.122 -0.0221768
198.809 -0.0182048 0.00224401 -12.141 12.1188 -0.0221691
198.82 -0.0182056 0.00224049 -12.1379 12.1157 -0.0221627
198.831 -0.0182062 0.00223738 -12.1348 12.1126 -0.0221556
198.843 -0.0182073 0.00223434 -12.1317 12.1096 -0.022149
198.854 -0.0182082 0.00223147 -12.1287 12.1066 -0.0221415
198.865 -0.0182098 0.00222855 -12.1257 12.1036 -0.0221349
198.876 -0.018212 0.00222569 -12.1228 12.1006 -0.0221286
198.888 -0.0182143 0.00222252 -12.1199 12.0977 -0.0221226
198.899 -0.0182172 0.00221968 -12.1169 12.0948 -0.0221164
198.91 -0.0182198 0.00221673 -12.1141 12.0919 -0.0221106
198.921 -0.0182223 0.00221406 -12.1112 12.0891 -0.0221053
198.933 -0.0182235 0.0022118 -12.1084 12.0863 -0.0220986
198.944 -0.0182245 0.00221002 -12.1055 12.0834 -0.0220924
198.955 -0.0182264 0.0022079 -12.1028 12.0807 -0.0220874
198.966 -0.0182285 0.0022063 -12.1 12.078 -0.0220824
198.978 -0.0182307 0.00220524 -12.0973 12.0753 -0.022077
198.989 -0.018233 0.00220418 -12.0947 12.0726 -0.0220721
199 -0.0182351 0.00220278 -12.0921 12.07 -0.0220663
199.011 -0.0182362 0.00220189 -12.0895 12.0674 -0.0220607
199.022 -0.0182381 0.00220101 -12.0869 12.0649 -0.022055
199.034 -0.0182394 0.0021995 -12.0844 12.0624 -0.0220492
199.045 -0.0182401 0.00219782 -12.082 12.0599 -0.0220426
199.056 -0.0182409 0.00219712 -12.0795 12.0575 -0.0220363
199.067 -0.0182412 0.00219518 -12.0772 12.0551 -0.0220303
199.079 -0.0182414 0.00219344 -12.0749 12.0528 -0.0220245
199.09 -0.0182424 0.00219175 -12.0726 12.0506 -0.022019
199.101 -0.0182434 0.0021897 -12.0704 12.0484 -0.0220125
199.112 -0.0182442 0.00218716 -12.0682 12.0462 -0.0220062
199.124 -0.0182445 0.00218483 -12.0661 12.0441 -0.0219998
199.135 -0.0182454 0.00218255 -12.064 12.042 -0.0219933
199.146 -0.0182465 0.00218092 -12.062 12.04 -0.0219863
199.157 -0.018247 0.00217932 -12.06 12.0381 -0.0219798
199.169 -0.0182476 0.00217789 -12.0581 12.0362 -0.0219735
199.18 -0.0182478 0.0021763 -12.0563 12.0343 -0.0219675
199.191 -0.0182484 0.00217365 -12.0544 12.0325 -0.0219625
199.202 -0.0182494 0.00217121 -12.0527 12.0307 -0.0219573
199.213 -0.0182502 0.00216904 -12.0509 12.0289 -0.0219516
199.225 -0.0182514 0.00216629 -12.0491 12.0272 -0.0219469
199.236 -0.018252 0.00216271 -12.0474 12.0255 -0.0219408
199.247 -0.018253 0.00216022 -12.0457 12.0238 -0.0219356
199.258 -0.018254 0.00215793 -12.0441 12.0222 -0.0219309
199.27 -0.0182551 0.00215594 -12.0425 12.0206 -0.0219255
199.281 -0.0182559 0.0021542 -12.0409 12.019 -0.0219198
199.292 -0.0182565 0.00215209 -12.0393 12.0174 -0.021914
199.303 -0.0182569 0.00215041 -12.0378 12.0159 -0.0219084
199.315 -0.0182567 0.00214848 -12.0363 12.0144 -0.0219033
199.326 -0.0182563 0.00214641 -12.0349 12.013 -0.0218974
199.337 -0.0182559 0.00214435 -12.0334 12.0116 -0.0218908
199.348 -0.018256 0.00214124 -12.0321 12.0102 -0.0218846
199.36 -0.0182556 0.0021387 -12.0307 12.0088 -0.0218791
199.371 -0.0182552 0.00213594 -12.0294 12.0075 -0.0218732
199.382 -0.018255 0.00213265 -12.0281 12.0062 -0.0218671
199.393 -0.018255 0.00212923 -12.0269 12.005 -0.0218619
199.404 -0.0182554 0.00212549 -12.0256 12.0038 -0.0218557
199.416 -0.0182551 0.00212135 -12.0244 12.0026 -0.02185
199.427 -0.0182547 0.00211802 -12.0233 12.0014 -0.0218446
199.438 -0.0182546 0.00211459 -12.0221 12.0003 -0.0218389
199.449 -0.018255 0.00211174 -12.021 11.9991 -0.0218332
199.461 -0.0182557 0.00210889 -12.0198 11.998 -0.0218283
199.472 -0.0182562 0.00210659 -12.0187 11.9969 -0.0218224
199.483 -0.0182565 0.00210464 -12.0177 11.9958 -0.0218169
199.494 -0.0182571 0.00210283 -12.0166 11.9948 -0.0218113
199.506 -0.0182581 0.00210078 -12.0156 11.9938 -0.0218055
199.517 -0.0182583 0.00209849 -12.0146 11.9928 -0.0217994
199.528 -0.0182593 0.00209699 -12.0136 11.9918 -0.0217935
199.539 -0.0182596 0.00209544 -12.0127 11.9909 -0.0217877
199.551 -0.0182601 0.00209342 -12.0118 11.99 -0.0217815
199.562 -0.0182609 0.0020917 -12.0109 11.9891 -0.0217754
199.573 -0.0182618 0.0020905 -12.01 11.9882 -0.0217691
199.584 -0.0182622 0.00208841 -12.0092 11.9874 -0.0217625
199.596 -0.0182635 0.00208657 -12.0084 11.9866 -0.0217559
199.607 -0.0182648 0.00208464 -12.0076 11.9858 -0.021749
199.618 -0.0182658 0.00208252 -12.0068 11.9851 -0.0217423
199.629 -0.018267 0.00208045 -12.0061 11.9844 -0.0217355
199.64 -0.0182682 0.00207738 -12.0054 11.9837 -0.0217297
199.652 -0.0182694 0.0020747 -12.0048 11.9831 -0.0217233
199.663 -0.0182702 0.0020723 -12.0041 11.9824 -0.0217173
199.674 -0.018271 0.00206952 -12.0035 11.9818 -0.0217106
199.685 -0.0182718 0.00206671 -12.0029 11.9812 -0.0217044
199.697 -0.018273 0.00206355 -12.0024 11.9807 -0.0216986
199.708 -0.0182737 0.00206092 -12.0018 11.9801 -0.0216925
199.719 -0.0182747 0.00205818 -12.0013 11.9796 -0.0216863
199.73 -0.0182763 0.00205549 -12.0008 11.9791 -0.0216799
199.742 -0.0182783 0.00205252 -12.0004 11.9787 -0.0216743
199.753 -0.0182798 0.00204977 -11.9999 11.9783 -0.0216693
199.764 -0.0182815 0.00204671 -11.9996 11.9779 -0.0216645
199.775 -0.0182834 0.00204307 -11.9992 11.9775 -0.0216595
199.787 -0.0182856 0.00204025 -11.9988 11.9772 -0.0216543
199.798 -0.0182884 0.00203722 -11.9985 11.9769 -0.02165
199.809 -0.0182901 0.0020351 -11.9982 11.9765 -0.0216444
199.82 -0.0182929 0.00203353 -11.9979 11.9763 -0.0216389
199.831 -0.0182956 0.00203222 -11.9977 11.976 -0.0216337
199.843 -0.0182973 0.00203043 -11.9974 11.9758 -0.0216277
199.854 -0.0182984 0.00202933 -11.9973 11.9756 -0.0216213
199.865 -0.0183005 0.0020275 -11.9971 11.9755 -0.0216151
199.876 -0.0183025 0.00202656 -11.997 11.9754 -0.021608
199.888 -0.0183042 0.00202566 -11.9969 11.9753 -0.0216014
199.899 -0.0183061 0.0020252 -11.9969 11.9753 -0.0215942
199.91 -0.0183079 0.00202473 -11.9968 11.9752 -0.0215869
199.921 -0.0183091 0.00202428 -11.9968 11.9752 -0.0215796
199.933 -0.0183102 0.00202301 -11.9969 11.9753 -0.0215732
199.944 -0.0183113 0.00202175 -11.997 11.9754 -0.0215662
199.955 -0.0183124 0.00202055 -11.9971 11.9755 -0.0215593
199.966 -0.018313 0.00201941 -11.9972 11.9757 -0.0215527
199.978 -0.0183131 0.00201869 -11.9974 11.9758 -0.0215456
199.989 -0.0183139 0.00201774 -11.9976 11.9761 -0.0215391
200 -0.0183144 0.00201703 -11.9979 11.9763 -0.021532
200.011 -0.0183148 0.00201584 -11.9981 11.9766 -0.0215246
200.022 -0.0183156 0.00201481 -11.9984 11.9769 -0.0215176
200.034 -0.0183164 0.00201368 -11.9988 11.9773 -0.0215108
200.045 -0.0183171 0.00201244 -11.9991 11.9776 -0.0215042
200.056 -0.0183179 0.0020106 -11.9995 11.978 -0.0214977
200.067 -0.0183181 0.00200898 -11.9999 11.9784 -0.0214915
200.079 -0.0183183 0.00200615 -12.0004 11.9789 -0.0214849
200.09 -0.0183186 0.00200388 -12.0008 11.9793 -0.0214783
200.101 -0.0183187 0.00200207 -12.0013 11.9798 -0.0214716
200.112 -0.018319 0.0020002 -12.0018 11.9803 -0.0214644
200.124 -0.0183202 0.00199849 -12.0023 11.9809 -0.0214571
200.135 -0.0183209 0.00199624 -12.0029 11.9814 -0.0214497
200.146 -0.0183216 0.0019939 -12.0034 11.982 -0.0214416
200.157 -0.0183225 0.00199157 -12.004 11.9825 -0.0214335
200.169 -0.0183235 0.00198969 -12.0046 11.9831 -0.0214254
200.18 -0.0183243 0.001987 -12.0051 11.9837 -0.0214175
200.191 -0.0183246 0.00198493 -12.0058 11.9844 -0.0214101
200.202 -0.018325 0.00198323 -12.0064 11.985 -0.0214035
200.213 -0.0183245 0.00198117 -12.007 11.9856 -0.0213969
200.225 -0.0183246 0.0019789 -12.0077 11.9863 -0.0213896
200.236 -0.0183241 0.00197739 -12.0083 11.987 -0.0213829
200.247 -0.0183237 0.00197569 -12.009 11.9876 -0.0213757
200.258 -0.0183238 0.00197381 -12.0097 11.9883 -0.0213688
200.27 -0.0183238 0.0019714 -12.0104 11.989 -0.0213621
200.281 -0.0183236 0.00196888 -12.0111 11.9898 -0.0213554
200.292 -0.0183224 0.00196591 -12.0118 11.9905 -0.0213488
200.303 -0.0183212 0.00196302 -12.0125 11.9912 -0.0213421
200.315 -0.0183204 0.00196063 -12.0133 11.9919 -0.0213355
200.326 -0.0183197 0.00195773 -12.014 11.9927 -0.0213285
200.337 -0.0183191 0.00195491 -12.0147 11.9934 -0.0213221
200.348 -0.0183183 0.00195138 -12.0155 11.9941 -0.0213153
200.36 -0.0183177 0.00194769 -12.0162 11.9949 -0.0213085
200.371 -0.018317 0.0019443 -12.017 11.9957 -0.0213027
200.382 -0.0183168 0.00194105 -12.0177 11.9964 -0.0212966
200.393 -0.0183166 0.0019379 -12.0185 11.9972 -0.021291
200.404 -0.0183168 0.0019345 -12.0193 11.998 -0.0212857
200.416 -0.0183169 0.00193188 -12.0201 11.9988 -0.0212795
200.427 -0.0183183 0.00192963 -12.0208 11.9996 -0.0212724
200.438 -0.0183189 0.0019273 -12.0217 12.0004 -0.0212664
200.449 -0.0183197 0.00192476 -12.0225 12.0012 -0.0212599
200.461 -0.0183203 0.00192171 -12.0233 12.0021 -0.0212534
200.472 -0.0183211 0.00191833 -12.0241 12.0029 -0.0212463
200.483 -0.0183221 0.00191534 -12.025 12.0037 -0.0212388
200.494 -0.0183236 0.00191237 -12.0258 12.0046 -0.0212307
200.506 -0.0183251 0.00190984 -12.0267 12.0055 -0.0212237
200.517 -0.0183257 0.00190729 -12.0276 12.0064 -0.021216
200.528 -0.0183266 0.00190401 -12.0285 12.0073 -0.0212074
200.539 -0.0183278 0.00190146 -12.0294 12.0082 -0.0211994
200.551 -0.018329 0.00189841 -12.0303 12.0091 -0.0211911
200.562 -0.0183299 0.00189533 -12.0313 12.0101 -0.0211845
200.573 -0.0183306 0.00189248 -12.0322 12.011 -0.0211776
200.584 -0.0183313 0.00188896 -12.0332 12.012 -0.0211712
200.596 -0.018332 0.00188626 -12.0341 12.0129 -0.0211648
200.607 -0.0183328 0.00188282 -12.0351 12.0139 -0.0211591
200.618 -0.018334 0.0018799 -12.036 12.0148 -0.0211522
200.629 -0.0183346 0.00187663 -12.0369 12.0158 -0.0211457
200.64 -0.0183359 0.00187439 -12.0379 12.0167 -0.0211391
200.652 -0.0183367 0.0018723 -12.0388 12.0176 -0.0211325
200.663 -0.0183379 0.0018704 -12.0397 12.0186 -0.0211267
200.674 -0.0183389 0.00186836 -12.0406 12.0195 -0.0211214
200.685 -0.0183399 0.0018662 -12.0416 12.0204 -0.0211151
200.697 -0.0183406 0.0018643 -12.0425 12.0214 -0.0211089
200.708 -0.018341 0.00186188 -12.0434 12.0223 -0.021103
200.719 -0.0183418 0.00185959 -12.0443 12.0232 -0.0210965
200.73 -0.0183422 0.00185697 -12.0452 12.0241 -0.02109
200.742 -0.0183429 0.00185496 -12.0461 12.025 -0.0210833
200.753 -0.018344 0.00185278 -12.047 12.0259 -0.0210757
200.764 -0.0183446 0.0018511 -12.0479 12.0268 -0.0210688
200.775 -0.0183456 0.00184929 -12.0488 12.0277 -0.0210621
200.787 -0.018347 0.00184752 -12.0496 12.0286 -0.0210559
200.798 -0.0183478 0.00184552 -12.0505 12.0295 -0.0210488
200.809 -0.0183482 0.00184374 -12.0514 12.0303 -0.0210419
200.82 -0.0183484 0.00184227 -12.0523 12.0312 -0.0210344
200.831 -0.0183492 0.0018408 -12.0531 12.0321 -0.0210278
200.843 -0.0183497 0.00183885 -12.054 12.033 -0.0210207
200.854 -0.0183492 0.0018371 -12.0549 12.0339 -0.0210137
200.865 -0.0183494 0.00183562 -12.0557 12.0347 -0.0210058
200.876 -0.0183498 0.00183403 -12.0566 12.0356 -0.0209989
200.888 -0.0183499 0.00183183 -12.0575 12.0365 -0.0209916
200.899 -0.0183505 0.00182882 -12.0583 12.0373 -0.020985
200.91 -0.0183511 0.0018261 -12.0591 12.0381 -0.0209787
200.921 -0.0183513 0.00182366 -12.0599 12.039 -0.0209725
200.933 -0.0183521 0.00182203 -12.0607 12.0397 -0.0209671
200.944 -0.018353 0.00181919 -12.0614 12.0405 -0.020962
200.955 -0.0183541 0.0018165 -12.0621 12.0412 -0.020956
200.966 -0.0183557 0.00181428 -12.0628 12.0418 -0.02095
200.978 -0.0183567 0.00181204 -12.0635 12.0425 -0.0209439
200.989 -0.0183573 0.0018103 -12.0641 12.0432 -0.0209375
201 -0.018359 0.00180899 -12.0647 12.0438 -0.020931
201.011 -0.0183616 0.0018073 -12.0653 12.0444 -0.0209248
201.022 -0.0183636 0.00180577 -12.0659 12.045 -0.0209189
201.034 -0.0183656 0.00180414 -12.0665 12.0456 -0.0209119
201.045 -0.0183678 0.00180228 -12.0671 12.0462 -0.0209059
201.056 -0.0183697 0.00179986 -12.0676 12.0467 -0.0208992
201.067 -0.0183718 0.00179804 -12.0681 12.0473 -0.0208934
201.079 -0.018374 0.00179675 -12.0687 12.0478 -0.0208879
201.09 -0.0183759 0.00179504 -12.0691 12.0483 -0.0208806
201.101 -0.0183784 0.00179337 -12.0696 12.0487 -0.0208739
201.112 -0.0183807 0.00179131 -12.0701 12.0493 -0.0208674
201.124 -0.0183839 0.00178924 -12.0706 12.0497 -0.0208603
201.135 -0.0183867 0.0017869 -12.071 12.0502 -0.0208538
201.146 -0.0183891 0.00178471 -12.0715 12.0506 -0.0208474
201.157 -0.0183914 0.00178303 -12.0719 12.051 -0.0208399
201.169 -0.0183933 0.00178173 -12.0723 12.0514 -0.0208329
201.18 -0.0183948 0.00178004 -12.0727 12.0518 -0.0208262
201.191 -0.0183966 0.0017776 -12.073 12.0522 -0.0208193
201.202 -0.0183984 0.00177501 -12.0733 12.0525 -0.0208128
201.213 -0.0183999 0.00177247 -12.0736 12.0528 -0.0208064
201.225 -0.0184009 0.00176971 -12.0738 12.053 -0.0208005
201.236 -0.0184022 0.00176702 -12.0741 12.0533 -0.0207947
201.247 -0.0184039 0.00176414 -12.0743 12.0535 -0.0207881
201.258 -0.0184052 0.00176215 -12.0744 12.0537 -0.0207815
201.27 -0.0184063 0.00175998 -12.0746 12.0538 -0.0207745
201.281 -0.0184072 0.00175734 -12.0747 12.054 -0.0207675
201.292 -0.0184086 0.00175513 -12.0748 12.054 -0.0207594
201.303 -0.01841 0.00175292 -12.0749 12.0541 -0.0207516
201.315 -0.0184116 0.00175184 -12.0749 12.0542 -0.0207437
201.326 -0.0184138 0.00175016 -12.0749 12.0542 -0.0207363
201.337 -0.0184158 0.00174811 -12.0749 12.0542 -0.0207279
201.348 -0.0184177 0.00174657 -12.0749 12.0542 -0.0207213
201.36 -0.0184192 0.00174496 -12.0748 12.0541 -0.0207143
201.371 -0.0184203 0.0017426 -12.0747 12.054 -0.0207065
201.382 -0.018421 0.0017405 -12.0746 12.0539 -0.0206995
201.393 -0.0184221 0.00173856 -12.0744 12.0537 -0.0206925
201.404 -0.0184238 0.00173651 -12.0742 12.0535 -0.0206859
201.416 -0.0184254 0.00173524 -12.0739 12.0533 -0.0206798
201.427 -0.0184267 0.00173366 -12.0736 12.053 -0.0206739
201.438 -0.0184279 0.00173278 -12.0733 12.0526 -0.020667
201.449 -0.0184295 0.00173189 -12.0729 12.0523 -0.0206601
201.461 -0.0184308 0.00173027 -12.0725 12.0519 -0.0206536
201.472 -0.0184326 0.00172848 -12.0721 12.0514 -0.0206475
201.483 -0.0184335 0.00172616 -12.0716 12.051 -0.0206418
201.494 -0.0184352 0.00172412 -12.0711 12.0505 -0.0206357
201.506 -0.0184371 0.00172195 -12.0706 12.0499 -0.0206296
201.517 -0.0184384 0.00171982 -12.07 12.0494 -0.0206238
201.528 -0.0184391 0.00171738 -12.0694 12.0488 -0.0206187
201.539 -0.0184391 0.00171494 -12.0687 12.0481 -0.020613
201.551 -0.018439 0.00171296 -12.068 12.0474 -0.020607
201.562 -0.0184393 0.00171109 -12.0673 12.0467 -0.0206008
201.573 -0.0184395 0.00170827 -12.0665 12.0459 -0.0205942
201.584 -0.0184402 0.00170708 -12.0657 12.0451 -0.0205871
201.596 -0.0184402 0.00170477 -12.0649 12.0443 -0.0205799
201.607 -0.0184411 0.00170292 -12.064 12.0434 -0.0205726
201.618 -0.0184417 0.00170064 -12.0631 12.0426 -0.0205663
201.629 -0.0184429 0.00169824 -12.0622 12.0416 -0.0205588
201.64 -0.0184443 0.00169615 -12.0612 12.0407 -0.020552
201.652 -0.0184456 0.00169378 -12.0602 12.0397 -0.0205448
201.663 -0.0184476 0.00169104 -12.0592 12.0386 -0.020537
201.674 -0.0184492 0.00168794 -12.0581 12.0376 -0.0205297
201.685 -0.0184513 0.0016846 -12.057 12.0365 -0.0205225
201.697 -0.0184541 0.00168202 -12.0559 12.0353 -0.0205158
201.708 -0.0184566 0.00167979 -12.0547 12.0342 -0.0205083
201.719 -0.0184592 0.00167801 -12.0535 12.033 -0.020501
201.73 -0.0184612 0.00167604 -12.0522 12.0317 -0.0204937
201.742 -0.0184629 0.00167424 -12.0509 12.0305 -0.0204869
201.753 -0.0184651 0.00167286 -12.0496 12.0291 -0.0204804
201.764 -0.0184665 0.00167121 -12.0483 12.0278 -0.0204737
201.775 -0.0184673 0.00166903 -12.0469 12.0264 -0.0204679
201.787 -0.0184682 0.0016666 -12.0455 12.025 -0.0204616
201.798 -0.0184685 0.0016634 -12.044 12.0236 -0.0204548
201.809 -0.0184696 0.00166051 -12.0425 12.0221 -0.0204479
201.82 -0.0184705 0.00165803 -12.041 12.0206 -0.0204409
201.831 -0.0184717 0.00165498 -12.0395 12.0191 -0.0204342
201.843 -0.018473 0.00165162 -12.038 12.0175 -0.0204282
201.854 -0.0184739 0.0016483 -12.0364 12.016 -0.0204217
201.865 -0.0184747 0.00164487 -12.0347 12.0143 -0.020414
201.876 -0.0184756 0.00164199 -12.0331 12.0127 -0.0204068
201.888 -0.018476 0.00163901 -12.0315 12.0111 -0.020399
201.899 -0.0184763 0.00163605 -12.0298 12.0094 -0.0203918
201.91 -0.0184773 0.0016332 -12.0281 12.0077 -0.0203847
201.921 -0.0184794 0.00162999 -12.0264 12.006 -0.0203777
201.933 -0.0184819 0.0016263 -12.0246 12.0043 -0.0203708
201.944 -0.0184835 0.00162207 -12.0229 12.0025 -0.0203638
201.955 -0.0184864 0.00161819 -12.0212 12.0008 -0.0203564
201.966 -0.0184889 0.00161432 -12.0194 11.9991 -0.0203478
201.978 -0.0184911 0.0016111 -12.0176 11.9973 -0.0203396
201.989 -0.0184934 0.00160807 -12.0159 11.9956 -0.0203316
202 -0.0184947 0.00160489 -12.0141 11.9937 -0.0203234
202.011 -0.0184961 0.00160203 -12.0123 11.9919 -0.0203169
202.022 -0.0184978 0.00159996 -12.0104 11.9901 -0.020309
202.034 -0.0184991 0.00159764 -12.0086 11.9883 -0.020302
202.045 -0.0184999 0.00159579 -12.0067 11.9864 -0.0202947
202.056 -0.0185011 0.00159372 -12.0048 11.9845 -0.020287
202.067 -0.0185022 0.00159135 -12.0029 11.9826 -0.0202793
202.079 -0.0185038 0.00158942 -12.001 11.9807 -0.0202715
202.09 -0.0185058 0.00158672 -11.9991 11.9788 -0.0202646
202.101 -0.0185072 0.00158283 -11.9971 11.9769 -0.0202579
202.112 -0.0185088 0.0015801 -11.9951 11.9749 -0.0202504
202.124 -0.0185091 0.00157708 -11.9932 11.9729 -0.0202442
202.135 -0.0185108 0.00157484 -11.9912 11.9709 -0.0202376
202.146 -0.0185127 0.00157267 -11.9891 11.9689 -0.0202311
202.157 -0.0185139 0.00157059 -11.9871 11.9669 -0.020225
202.169 -0.0185154 0.00156746 -11.985 11.9648 -0.0202189
202.18 -0.0185168 0.00156497 -11.9829 11.9627 -0.0202125
202.191 -0.0185185 0.00156261 -11.9808 11.9606 -0.0202063
202.202 -0.01852 0.00155968 -11.9788 11.9586 -0.0201997
202.213 -0.0185222 0.0015562 -11.9767 11.9565 -0.0201922
202.225 -0.0185242 0.00155331 -11.9746 11.9544 -0.0201842
202.236 -0.0185262 0.00154955 -11.9724 11.9523 -0.0201766
202.247 -0.0185281 0.00154554 -11.9703 11.9501 -0.0201696
202.258 -0.0185306 0.0015419 -11.9682 11.948 -0.0201618
202.27 -0.0185317 0.00153854 -11.966 11.9459 -0.0201534
202.281 -0.0185334 0.00153578 -11.9639 11.9437 -0.0201448
202.292 -0.018536 0.00153274 -11.9617 11.9416 -0.0201363
202.303 -0.0185386 0.00153039 -11.9595 11.9394 -0.0201279
202.315 -0.0185407 0.00152806 -11.9573 11.9372 -0.0201197
202.326 -0.0185426 0.00152568 -11.9551 11.935 -0.0201119
202.337 -0.0185441 0.00152272 -11.9529 11.9328 -0.0201037
202.348 -0.0185462 0.00151957 -11.9507 11.9306 -0.0200954
202.36 -0.0185482 0.00151608 -11.9484 11.9284 -0.0200876
202.371 -0.0185503 0.00151284 -11.9462 11.9262 -0.0200797
202.382 -0.0185534 0.00151073 -11.944 11.9239 -0.0200719
202.393 -0.0185562 0.00150858 -11.9418 11.9217 -0.0200653
202.404 -0.0185585 0.00150569 -11.9396 11.9195 -0.0200586
202.416 -0.0185601 0.0015031 -11.9373 11.9172 -0.0200522
202.427 -0.0185619 0.00150101 -11.935 11.915 -0.0200468
202.438 -0.0185643 0.00149849 -11.9328 11.9127 -0.0200406
202.449 -0.0185655 0.00149574 -11.9305 11.9104 -0.0200335
202.461 -0.0185675 0.00149231 -11.9282 11.9082 -0.0200258
202.472 -0.0185684 0.00148846 -11.9259 11.9059 -0.0200187
202.483 -0.0185693 0.0014843 -11.9236 11.9036 -0.0200116
202.494 -0.0185701 0.00148079 -11.9213 11.9013 -0.0200052
202.506 -0.018571 0.00147754 -11.919 11.899 -0.0199975
202.517 -0.0185722 0.001474 -11.9167 11.8967 -0.0199895
202.528 -0.0185736 0.00147098 -11.9144 11.8944 -0.0199809
202.539 -0.0185751 0.00146784 -11.9121 11.8922 -0.0199725
202.551 -0.0185765 0.00146358 -11.9098 11.8899 -0.0199644
202.562 -0.0185788 0.00145818 -11.9076 11.8876 -0.0199564
202.573 -0.0185814 0.00145339 -11.9053 11.8854 -0.0199486
202.584 -0.0185837 0.00144879 -11.9031 11.8832 -0.0199409
202.596 -0.0185862 0.00144506 -11.9009 11.881 -0.0199338
202.607 -0.0185889 0.00144205 -11.8987 11.8787 -0.0199267
202.618 -0.018591 0.0014396 -11.8964 11.8764 -0.0199204
202.629 -0.0185935 0.0014371 -11.894 11.8741 -0.0199133
202.64 -0.0185965 0.00143443 -11.8917 11.8718 -0.0199057
202.652 -0.0185987 0.00143141 -11.8893 11.8694 -0.0198985
202.663 -0.0186011 0.00142817 -11.887 11.8671 -0.0198917
202.674 -0.0186038 0.00142479 -11.8846 11.8647 -0.019884
202.685 -0.018607 0.00142184 -11.8822 11.8623 -0.019876
202.697 -0.0186088 0.00141817 -11.8798 11.8599 -0.0198692
202.708 -0.018611 0.0014148 -11.8774 11.8575 -0.0198619
202.719 -0.0186133 0.00141115 -11.8749 11.8551 -0.0198551
202.73 -0.0186154 0.0014083 -11.8725 11.8526 -0.0198493
202.742 -0.0186175 0.00140552 -11.87 11.8502 -0.0198428
202.753 -0.0186197 0.00140274 -11.8675 11.8477 -0.0198342
202.764 -0.0186214 0.00139952 -11.865 11.8452 -0.0198261
202.775 -0.0186233 0.00139658 -11.8626 11.8427 -0.019818
202.787 -0.0186253 0.00139416 -11.8601 11.8403 -0.0198104
202.798 -0.0186263 0.00139162 -11.8576 11.8378 -0.0198035
202.809 -0.0186275 0.00138765 -11.8551 11.8353 -0.0197959
202.82 -0.0186293 0.00138333 -11.8526 11.8328 -0.0197884
202.831 -0.0186303 0.00137887 -11.8501 11.8303 -0.0197819
202.843 -0.0186326 0.00137453 -11.8475 11.8277 -0.0197753
202.854 -0.0186348 0.00137104 -11.845 11.8252 -0.0197674
202.865 -0.0186378 0.00136767 -11.8424 11.8226 -0.0197593
202.876 -0.0186414 0.0013647 -11.8398 11.8201 -0.0197506
202.888 -0.0186444 0.00136221 -11.8372 11.8175 -0.0197423
202.899 -0.0186474 0.0013608 -11.8346 11.8149 -0.0197349
202.91 -0.0186501 0.00135844 -11.832 11.8123 -0.0197273
202.921 -0.0186533 0.0013555 -11.8293 11.8096 -0.0197207
202.933 -0.0186554 0.00135274 -11.8266 11.8069 -0.0197144
202.944 -0.0186571 0.0013506 -11.8239 11.8042 -0.0197078
202.955 -0.0186586 0.00134946 -11.8212 11.8015 -0.0197014
202.966 -0.0186597 0.00134751 -11.8185 11.7988 -0.0196964
202.978 -0.0186621 0.00134479 -11.8157 11.796 -0.0196896
202.989 -0.0186644 0.00134191 -11.8129 11.7933 -0.0196824
203 -0.0186664 0.00133914 -11.8102 11.7905 -0.0196756
203.011 -0.0186684 0.00133615 -11.8074 11.7877 -0.0196679
203.022 -0.0186716 0.0013329 -11.8046 11.7849 -0.0196599
203.034 -0.0186747 0.00132988 -11.8018 11.7822 -0.0196515
203.045 -0.0186779 0.00132626 -11.7991 11.7794 -0.0196435
203.056 -0.0186813 0.00132339 -11.7963 11.7767 -0.0196352
203.067 -0.018685 0.00132032 -11.7935 11.7739 -0.0196275
203.079 -0.0186877 0.00131635 -11.7908 11.7712 -0.0196205
203.09 -0.0186905 0.00131356 -11.788 11.7684 -0.0196127
203.101 -0.0186921 0.00131045 -11.7852 11.7656 -0.0196068
203.112 -0.0186935 0.00130638 -11.7824 11.7628 -0.0196007
203.124 -0.0186943 0.00130329 -11.7796 11.76 -0.0195955
203.135 -0.0186962 0.00130058 -11.7767 11.7571 -0.0195904
203.146 -0.0186981 0.00129789 -11.7738 11.7543 -0.019584
203.157 -0.0187002 0.00129492 -11.7709 11.7514 -0.0195768
203.169 -0.0187021 0.00129181 -11.7681 11.7485 -0.0195704
203.18 -0.0187043 0.00128913 -11.7652 11.7456 -0.0195631
203.191 -0.0187072 0.00128593 -11.7623 11.7427 -0.0195555
203.202 -0.0187089 0.00128212 -11.7594 11.7399 -0.0195492
203.213 -0.018711 0.00127877 -11.7565 11.7369 -0.0195424
203.225 -0.0187139 0.0012755 -11.7536 11.734 -0.0195353
203.236 -0.0187177 0.00127314 -11.7507 11.7312 -0.019528
203.247 -0.018722 0.00127007 -11.7478 11.7283 -0.0195188
203.258 -0.018725 0.00126678 -11.745 11.7255 -0.01951
203.27 -0.0187285 0.00126342 -11.7422 11.7227 -0.019501
203.281 -0.0187306 0.00126 -11.7394 11.7199 -0.019493
203.292 -0.0187333 0.00125718 -11.7366 11.7171 -0.0194853
203.303 -0.0187355 0.00125496 -11.7339 11.7144 -0.0194781
203.315 -0.0187368 0.00125288 -11.7311 11.7116 -0.0194708
203.326 -0.018739 0.00125099 -11.7283 11.7088 -0.0194624
203.337 -0.0187405 0.00124859 -11.7255 11.706 -0.0194552
203.348 -0.0187432 0.00124579 -11.7227 11.7033 -0.0194475
203.36 -0.0187462 0.00124183 -11.7199 11.7005 -0.0194407
203.371 -0.0187486 0.00123868 -11.7171 11.6977 -0.0194338
203.382 -0.0187508 0.00123719 -11.7143 11.6949 -0.0194279
203.393 -0.0187525 0.00123496 -11.7115 11.6921 -0.0194218
203.404 -0.0187543 0.00123254 -11.7087 11.6893 -0.0194154
203.416 -0.0187562 0.00122969 -11.7059 11.6865 -0.0194088
203.427 -0.018758 0.00122672 -11.7031 11.6837 -0.0194011
203.438 -0.0187598 0.00122396 -11.7003 11.681 -0.0193931
203.449 -0.0187622 0.00122206 -11.6976 11.6782 -0.0193849
203.461 -0.0187639 0.00122114 -11.6948 11.6755 -0.0193769
203.472 -0.0187659 0.00121964 -11.6921 11.6728 -0.0193699
203.483 -0.0187682 0.00121712 -11.6894 11.67 -0.0193622
203.494 -0.0187708 0.001215 -11.6867 11.6673 -0.0193538
203.506 -0.0187735 0.00121334 -11.684 11.6647 -0.0193453
203.517 -0.0187764 0.00121134 -11.6814 11.662 -0.0193371
203.528 -0.0187788 0.00120896 -11.6787 11.6594 -0.0193291
203.539 -0.0187805 0.00120693 -11.6761 11.6568 -0.0193213
203.551 -0.0187838 0.00120515 -11.6734 11.6541 -0.0193128
203.562 -0.0187864 0.0012027 -11.6708 11.6515 -0.019304
203.573 -0.0187893 0.0012011 -11.6682 11.6489 -0.0192951
203.584 -0.0187919 0.00119868 -11.6656 11.6463 -0.0192868
203.596 -0.0187938 0.00119591 -11.663 11.6437 -0.0192803
203.607 -0.0187957 0.00119404 -11.6604 11.6411 -0.0192739
203.618 -0.018798 0.00119186 -11.6578 11.6385 -0.0192672
203.629 -0.0188006 0.00118957 -11.6552 11.636 -0.0192602
203.64 -0.0188024 0.00118808 -11.6527 11.6334 -0.0192534
203.652 -0.0188057 0.00118669 -11.6501 11.6309 -0.0192457
203.663 -0.0188088 0.00118445 -11.6476 11.6284 -0.0192377
203.674 -0.0188121 0.00118202 -11.6451 11.6259 -0.0192302
203.685 -0.0188152 0.00117975 -11.6427 11.6234 -0.0192218
203.697 -0.0188178 0.00117735 -11.6402 11.621 -0.0192151
203.708 -0.0188213 0.00117458 -11.6378 11.6186 -0.0192083
203.719 -0.0188259 0.00117288 -11.6354 11.6162 -0.019201
203.73 -0.018829 0.00117008 -11.633 11.6138 -0.0191942
203.742 -0.0188312 0.00116632 -11.6306 11.6114 -0.0191874
203.753 -0.018833 0.001164 -11.6282 11.609 -0.0191799
203.764 -0.0188349 0.00116216 -11.6259 11.6067 -0.0191726
203.775 -0.0188359 0.00115991 -11.6235 11.6044 -0.0191667
203.787 -0.0188367 0.00115683 -11.6212 11.602 -0.0191604
203.798 -0.0188386 0.0011544 -11.6188 11.5997 -0.0191527
203.809 -0.0188397 0.0011521 -11.6165 11.5974 -0.0191461
203.82 -0.0188412 0.00114962 -11.6142 11.5951 -0.0191378
203.831 -0.0188438 0.00114776 -11.612 11.5929 -0.0191301
203.843 -0.0188462 0.00114619 -11.6098 11.5907 -0.0191226
203.854 -0.0188478 0.00114433 -11.6076 11.5885 -0.0191153
203.865 -0.0188498 0.00114138 -11.6055 11.5864 -0.0191082
203.876 -0.0188522 0.00113833 -11.6034 11.5843 -0.0191005
203.888 -0.018854 0.00113526 -11.6013 11.5822 -0.0190931
203.899 -0.0188561 0.0011321 -11.5992 11.5801 -0.0190849
203.91 -0.0188587 0.00112904 -11.5972 11.5781 -0.0190774
203.921 -0.0188616 0.00112572 -11.5952 11.5761 -0.0190698
203.933 -0.018864 0.00112279 -11.5933 11.5742 -0.0190619
203.944 -0.0188673 0.00112067 -11.5913 11.5723 -0.0190528
203.955 -0.01887 0.00111861 -11.5895 11.5704 -0.0190446
203.966 -0.0188734 0.00111712 -11.5876 11.5686 -0.0190357
203.978 -0.018876 0.00111611 -11.5859 11.5668 -0.0190283
203.989 -0.0188789 0.00111517 -11.5841 11.5651 -0.0190211
204 -0.0188811 0.00111436 -11.5824 11.5634 -0.0190145
204.011 -0.0188838 0.00111269 -11.5807 11.5617 -0.0190061
204.022 -0.018886 0.00111168 -11.5791 11.5601 -0.0189979
204.034 -0.0188876 0.00111051 -11.5775 11.5585 -0.0189902
204.045 -0.0188898 0.00110932 -11.5759 11.5569 -0.0189827
204.056 -0.0188922 0.00110799 -11.5744 11.5554 -0.0189747
204.067 -0.0188948 0.00110662 -11.5729 11.554 -0.0189673
204.079 -0.0188978 0.00110536 -11.5715 11.5525 -0.018961
204.09 -0.0189009 0.00110419 -11.5701 11.5511 -0.0189545
204.101 -0.0189041 0.00110355 -11.5687 11.5498 -0.0189481
204.112 -0.0189068 0.00110284 -11.5674 11.5485 -0.0189415
204.124 -0.0189095 0.00110173 -11.5662 11.5472 -0.018935
204.135 -0.0189111 0.00109998 -11.5649 11.546 -0.0189289
204.146 -0.0189127 0.00109851 -11.5637 11.5448 -0.0189226
204.157 -0.0189146 0.00109801 -11.5626 11.5437 -0.0189165
204.169 -0.0189164 0.00109691 -11.5615 11.5426 -0.01891
204.18 -0.0189179 0.00109604 -11.5604 11.5415 -0.0189026
204.191 -0.0189189 0.00109512 -11.5594 11.5405 -0.0188951
204.202 -0.0189204 0.00109284 -11.5585 11.5396 -0.018888
204.213 -0.0189224 0.00109113 -11.5576 11.5388 -0.0188808
204.225 -0.0189241 0.00108913 -11.5568 11.538 -0.0188735
204.236 -0.0189264 0.00108812 -11.5561 11.5372 -0.0188661
204.247 -0.0189285 0.00108675 -11.5554 11.5365 -0.0188586
204.258 -0.0189309 0.00108606 -11.5548 11.5359 -0.0188507
204.27 -0.0189334 0.00108533 -11.5542 11.5354 -0.0188425
204.281 -0.0189359 0.00108346 -11.5538 11.5349 -0.0188346
204.292 -0.0189389 0.00108144 -11.5533 11.5345 -0.0188257
204.303 -0.0189413 0.00107918 -11.553 11.5342 -0.0188173
204.315 -0.0189436 0.00107691 -11.5527 11.5339 -0.018809
204.326 -0.0189458 0.00107401 -11.5525 11.5337 -0.0188016
204.337 -0.0189489 0.00107205 -11.5523 11.5335 -0.0187945
204.348 -0.0189517 0.00107054 -11.5522 11.5334 -0.0187875
204.36 -0.0189533 0.00106836 -11.5522 11.5334 -0.0187804
204.371 -0.0189555 0.00106693 -11.5522 11.5334 -0.0187732
204.382 -0.0189565 0.00106535 -11.5523 11.5335 -0.0187654
204.393 -0.0189579 0.00106417 -11.5524 11.5337 -0.0187586
204.404 -0.018959 0.00106247 -11.5527 11.5339 -0.0187527
204.416 -0.0189608 0.00106161 -11.553 11.5343 -0.0187469
204.427 -0.0189626 0.00106 -11.5534 11.5347 -0.0187406
204.438 -0.0189647 0.00105849 -11.5539 11.5352 -0.0187337
204.449 -0.0189662 0.00105762 -11.5545 11.5357 -0.0187277
204.461 -0.0189682 0.00105675 -11.5551 11.5364 -0.0187209
204.472 -0.0189705 0.00105509 -11.5558 11.5371 -0.0187136
204.483 -0.018973 0.00105395 -11.5566 11.5379 -0.0187068
204.494 -0.0189761 0.00105284 -11.5575 11.5388 -0.018699
204.506 -0.0189791 0.00105185 -11.5585 11.5398 -0.0186912
204.517 -0.0189814 0.00105025 -11.5596 11.5409 -0.0186837
204.528 -0.0189833 0.00104853 -11.5607 11.542 -0.0186757
204.539 -0.0189857 0.00104645 -11.5619 11.5433 -0.0186677
204.551 -0.018988 0.00104437 -11.5633 11.5446 -0.0186609
204.562 -0.0189899 0.00104192 -11.5647 11.546 -0.018654
204.573 -0.0189923 0.0010394 -11.5662 11.5475 -0.018647
204.584 -0.0189962 0.00103688 -11.5678 11.5491 -0.0186397
204.596 -0.0189997 0.00103579 -11.5694 11.5508 -0.0186322
204.607 -0.0190034 0.00103544 -11.5711 11.5525 -0.0186241
204.618 -0.0190071 0.0010352 -11.5729 11.5543 -0.0186176
204.629 -0.0190109 0.00103448 -11.5747 11.5561 -0.0186106
204.64 -0.0190151 0.00103383 -11.5767 11.5581 -0.0186031
204.652 -0.0190182 0.00103341 -11.5787 11.5601 -0.0185968
204.663 -0.0190207 0.0010334 -11.5807 11.5621 -0.0185902
204.674 -0.0190229 0.00103281 -11.5828 11.5643 -0.0185832
204.685 -0.019025 0.00103172 -11.585 11.5665 -0.0185766
204.697 -0.0190268 0.00103022 -11.5873 11.5687 -0.0185683
204.708 -0.0190291 0.00102956 -11.5896 11.5711 -0.0185593
204.719 -0.0190309 0.00102841 -11.5921 11.5735 -0.0185508
204.73 -0.0190334 0.00102652 -11.5946 11.576 -0.0185417
204.742 -0.0190364 0.00102528 -11.5972 11.5786 -0.0185331
204.753 -0.0190389 0.00102381 -11.5998 11.5813 -0.0185248
204.764 -0.0190412 0.00102187 -11.6026 11.5841 -0.0185163
204.775 -0.0190431 0.00101977 -11.6054 11.5869 -0.0185073
204.787 -0.0190459 0.0010182 -11.6084 11.5899 -0.0184989
204.798 -0.019048 0.00101613 -11.6114 11.5929 -0.0184902
204.809 -0.0190499 0.00101373 -11.6145 11.596 -0.0184816
204.82 -0.019052 0.00101082 -11.6176 11.5992 -0.0184732
204.831 -0.0190548 0.00100914 -11.6209 11.6024 -0.0184653
204.843 -0.0190571 0.00100681 -11.6243 11.6058 -0.0184571
204.854 -0.0190595 0.00100498 -11.6277 11.6093 -0.0184492
204.865 -0.0190617 0.00100346 -11.6312 11.6128 -0.0184414
204.876 -0.0190635 0.00100175 -11.6348 11.6164 -0.0184346
204.888 -0.0190652 0.000999894 -11.6385 11.6201 -0.0184277
204.899 -0.0190683 0.00099826 -11.6423 11.6239 -0.0184195
204.91 -0.0190711 0.000997402 -11.6462 11.6278 -0.0184117
204.921 -0.0190727 0.000995102 -11.6502 11.6318 -0.0184044
204.933 -0.0190738 0.000992732 -11.6542 11.6358 -0.0183969
204.944 -0.019075 0.000990752 -11.6583 11.6399 -0.0183895
204.955 -0.0190761 0.000989222 -11.6624 11.6441 -0.0183822
204.966 -0.0190769 0.000987413 -11.6666 11.6483 -0.0183748
204.978 -0.0190782 0.000985677 -11.6709 11.6526 -0.0183677
204.989 -0.0190801 0.000983998 -11.6753 11.657 -0.018361
205 -0.0190811 0.000981996 -11.6798 11.6614 -0.0183531
205.011 -0.0190821 0.000980328 -11.6843 11.6659 -0.0183457
205.022 -0.0190834 0.000979451 -11.6889 11.6705 -0.0183386
205.034 -0.0190842 0.000978148 -11.6935 11.6752 -0.0183313
205.045 -0.0190846 0.000977392 -11.6983 11.68 -0.0183241
205.056 -0.0190853 0.000975853 -11.7031 11.6848 -0.0183171
205.067 -0.0190864 0.000974639 -11.7079 11.6896 -0.0183101
205.079 -0.0190864 0.000973319 -11.7129 11.6946 -0.0183025
205.09 -0.0190872 0.000972138 -11.7178 11.6995 -0.0182953
205.101 -0.019088 0.000970325 -11.7228 11.7046 -0.0182884
205.112 -0.0190879 0.000969498 -11.7279 11.7096 -0.018282
205.124 -0.0190879 0.000968666 -11.733 11.7148 -0.0182756
205.135 -0.019088 0.000968073 -11.7382 11.72 -0.0182696
205.146 -0.0190893 0.000966582 -11.7434 11.7252 -0.0182631
205.157 -0.0190911 0.000965072 -11.7487 11.7304 -0.0182553
205.169 -0.0190929 0.000964339 -11.754 11.7357 -0.0182474
205.18 -0.0190944 0.000962326 -11.7594 11.7412 -0.0182396
205.191 -0.0190958 0.000960888 -11.7649 11.7467 -0.0182307
205.202 -0.0190971 0.000959503 -11.7705 11.7522 -0.0182222
205.213 -0.0190992 0.00095867 -11.7761 11.7579 -0.0182132
205.225 -0.0191014 0.000958995 -11.7818 11.7636 -0.0182048
205.236 -0.0191034 0.000957381 -11.7876 11.7694 -0.0181967
205.247 -0.0191059 0.000956147 -11.7934 11.7752 -0.0181892
205.258 -0.0191075 0.000954704 -11.7993 11.7811 -0.0181816
205.27 -0.0191085 0.000953179 -11.8052 11.787 -0.0181734
205.281 -0.0191103 0.000952233 -11.8112 11.793 -0.0181647
205.292 -0.0191108 0.000951027 -11.8172 11.7991 -0.0181569
205.303 -0.0191114 0.000948291 -11.8233 11.8052 -0.0181494
205.315 -0.0191124 0.000945305 -11.8295 11.8113 -0.0181422
205.326 -0.0191128 0.000941947 -11.8356 11.8175 -0.0181345
205.337 -0.0191134 0.000939121 -11.8419 11.8237 -0.0181268
205.348 -0.0191136 0.000936611 -11.8481 11.83 -0.0181186
205.36 -0.0191136 0.00093519 -11.8544 11.8363 -0.0181108
205.371 -0.0191132 0.000933237 -11.8607 11.8426 -0.0181029
205.382 -0.0191134 0.000931201 -11.8671 11.849 -0.0180954
205.393 -0.0191138 0.000929884 -11.8734 11.8553 -0.018087
205.404 -0.0191136 0.000927904 -11.8798 11.8617 -0.0180788
205.416 -0.019113 0.000925339 -11.8862 11.8682 -0.018071
205.427 -0.019113 0.000923756 -11.8927 11.8746 -0.0180631
205.438 -0.0191127 0.00092151 -11.8991 11.8811 -0.0180559
205.449 -0.0191123 0.000919904 -11.9056 11.8875 -0.0180482
205.461 -0.0191117 0.000918101 -11.9121 11.894 -0.0180409
205.472 -0.0191105 0.000915892 -11.9186 11.9006 -0.0180336
205.483 -0.01911 0.000913307 -11.9252 11.9071 -0.0180267
205.494 -0.0191093 0.000910311 -11.9318 11.9138 -0.01802
205.506 -0.0191088 0.000908307 -11.9384 11.9204 -0.0180134
205.517 -0.0191084 0.000905898 -11.945 11.927 -0.0180065
205.528 -0.0191086 0.000903199 -11.9517 11.9337 -0.0180002
205.539 -0.019109 0.000901318 -11.9583 11.9403 -0.017994
205.551 -0.0191089 0.000899033 -11.965 11.947 -0.0179873
205.562 -0.019109 0.00089648 -11.9718 11.9538 -0.0179813
205.573 -0.0191093 0.000894105 -11.9784 11.9605 -0.0179739
205.584 -0.0191087 0.000892277 -11.9851 11.9672 -0.0179667
205.596 -0.0191083 0.000890531 -11.9919 11.9739 -0.0179601
205.607 -0.0191085 0.000889202 -11.9985 11.9806 -0.0179537
205.618 -0.0191076 0.00088763 -12.0052 11.9873 -0.0179474
205.629 -0.019107 0.000886315 -12.0119 11.994 -0.0179416
205.64 -0.0191071 0.00088521 -12.0186 12.0006 -0.0179363
205.652 -0.019107 0.000883912 -12.0252 12.0073 -0.0179312
205.663 -0.0191066 0.000882461 -12.0319 12.014 -0.017926
205.674 -0.0191064 0.000881475 -12.0385 12.0206 -0.0179203
205.685 -0.0191065 0.000880314 -12.0452 12.0272 -0.0179146
205.697 -0.0191064 0.000879078 -12.0518 12.0339 -0.0179087
205.708 -0.0191071 0.000878095 -12.0584 12.0405 -0.0179024
205.719 -0.0191077 0.000877013 -12.065 12.0471 -0.0178962
205.73 -0.0191086 0.000875693 -12.0716 12.0537 -0.0178908
205.742 -0.019109 0.000874756 -12.0782 12.0603 -0.0178851
205.753 -0.0191091 0.000873192 -12.0848 12.0669 -0.0178796
205.764 -0.0191096 0.000872548 -12.0914 12.0735 -0.017874
205.775 -0.0191108 0.000871124 -12.0979 12.08 -0.0178683
205.787 -0.0191117 0.00087019 -12.1044 12.0866 -0.0178623
205.798 -0.0191122 0.00087015 -12.1109 12.0931 -0.0178571
205.809 -0.0191129 0.000870876 -12.1174 12.0996 -0.0178516
205.82 -0.0191139 0.000871123 -12.1239 12.1061 -0.0178458
205.831 -0.0191156 0.000871537 -12.1304 12.1125 -0.0178404
205.843 -0.0191172 0.000871596 -12.1368 12.1189 -0.0178354
205.854 -0.0191188 0.000871566 -12.1432 12.1253 -0.01783
205.865 -0.0191199 0.000870886 -12.1496 12.1317 -0.0178236
205.876 -0.0191215 0.000870623 -12.1559 12.1381 -0.0178174
205.888 -0.0191227 0.000871266 -12.1623 12.1444 -0.0178106
205.899 -0.0191237 0.000871261 -12.1686 12.1508 -0.017805
205.91 -0.0191246 0.00087111 -12.1749 12.1571 -0.0177999
205.921 -0.0191252 0.000871183 -12.1812 12.1634 -0.0177951
205.933 -0.0191264 0.000871014 -12.1875 12.1697 -0.0177904
205.944 -0.0191275 0.000870915 -12.1937 12.176 -0.0177844
205.955 -0.0191287 0.000871489 -12.2 12.1822 -0.0177784
205.966 -0.01913 0.000871515 -12.2063 12.1885 -0.0177728
205.978 -0.0191316 0.000871163 -12.2124 12.1947 -0.0177655
205.989 -0.0191336 0.000871503 -12.2186 12.2009 -0.017758
206 -0.0191355 0.000870389 -12.2248 12.2071 -0.0177504
206.011 -0.0191371 0.000868805 -12.231 12.2133 -0.0177428
206.022 -0.0191388 0.000866697 -12.2372 12.2195 -0.0177359
206.034 -0.0191396 0.000865325 -12.2434 12.2257 -0.017729
206.045 -0.0191409 0.000864368 -12.2495 12.2318 -0.0177215
206.056 -0.0191424 0.00086275 -12.2556 12.2379 -0.0177133
206.067 -0.0191434 0.000861992 -12.2618 12.2441 -0.0177056
206.079 -0.0191439 0.000861797 -12.2679 12.2502 -0.017698
206.09 -0.0191447 0.000861066 -12.274 12.2563 -0.017689
206.101 -0.0191459 0.000860201 -12.28 12.2624 -0.017681
206.112 -0.0191469 0.000859578 -12.2861 12.2684 -0.0176742
206.124 -0.0191478 0.000859277 -12.2922 12.2745 -0.0176666
206.135 -0.0191495 0.000858338 -12.2982 12.2805 -0.0176597
206.146 -0.0191498 0.000858021 -12.3041 12.2864 -0.0176516
206.157 -0.0191504 0.000857502 -12.31 12.2924 -0.0176446
206.169 -0.0191511 0.000855796 -12.3159 12.2983 -0.0176387
206.18 -0.0191516 0.00085439 -12.3218 12.3041 -0.0176323
206.191 -0.0191521 0.000852692 -12.3276 12.31 -0.0176256
206.202 -0.0191532 0.0008526 -12.3334 12.3158 -0.017619
206.213 -0.0191539 0.000852174 -12.3392 12.3216 -0.0176123
206.225 -0.019154 0.00085306 -12.3449 12.3273 -0.0176047
206.236 -0.0191549 0.000852975 -12.3506 12.333 -0.0175967
206.247 -0.0191559 0.000853086 -12.3562 12.3386 -0.0175895
206.258 -0.0191562 0.000853628 -12.3618 12.3442 -0.0175822
206.27 -0.019156 0.000853849 -12.3674 12.3498 -0.0175752
206.281 -0.019156 0.00085356 -12.3729 12.3553 -0.017568
206.292 -0.0191559 0.000852663 -12.3784 12.3608 -0.0175614
206.303 -0.0191564 0.000852278 -12.3838 12.3662 -0.0175547
206.315 -0.0191565 0.000851129 -12.3892 12.3716 -0.0175466
206.326 -0.0191559 0.000851002 -12.3945 12.377 -0.0175386
206.337 -0.019155 0.000851858 -12.3998 12.3823 -0.0175312
206.348 -0.019154 0.000852397 -12.405 12.3875 -0.0175231
206.36 -0.0191527 0.000851616 -12.4102 12.3927 -0.0175162
206.371 -0.0191521 0.000850956 -12.4154 12.3979 -0.0175093
206.382 -0.0191517 0.000851092 -12.4204 12.4029 -0.0175017
206.393 -0.019152 0.000851156 -12.4255 12.408 -0.0174952
206.404 -0.0191525 0.000851007 -12.4304 12.4129 -0.0174893
206.416 -0.0191535 0.000851016 -12.4353 12.4178 -0.017482
206.427 -0.0191545 0.000851128 -12.4401 12.4226 -0.0174751
206.438 -0.0191553 0.000851271 -12.4449 12.4274 -0.0174681
206.449 -0.0191563 0.000851339 -12.4495 12.4321 -0.0174614
206.461 -0.0191564 0.000850995 -12.4542 12.4367 -0.0174541
206.472 -0.0191569 0.000850195 -12.4587 12.4413 -0.0174465
206.483 -0.0191581 0.000850005 -12.4632 12.4458 -0.017438
206.494 -0.0191599 0.000850529 -12.4676 12.4502 -0.0174295
206.506 -0.0191609 0.000850673 -12.472 12.4546 -0.0174222
206.517 -0.0191616 0.000850425 -12.4763 12.4589 -0.0174147
206.528 -0.019162 0.000849902 -12.4806 12.4632 -0.0174075
206.539 -0.0191625 0.00085046 -12.4847 12.4673 -0.0173997
206.551 -0.0191628 0.000850671 -12.4889 12.4715 -0.0173921
206.562 -0.0191625 0.000850826 -12.4929 12.4755 -0.0173842
206.573 -0.0191627 0.000851276 -12.4969 12.4795 -0.0173769
206.584 -0.0191634 0.00085179 -12.5008 12.4834 -0.0173693
206.596 -0.0191635 0.000852065 -12.5046 12.4872 -0.0173626
206.607 -0.0191636 0.00085212 -12.5084 12.491 -0.0173563
206.618 -0.0191629 0.000852366 -12.5121 12.4947 -0.0173494
206.629 -0.0191634 0.000851686 -12.5157 12.4983 -0.0173429
206.64 -0.0191637 0.000851986 -12.5192 12.5019 -0.0173363
206.652 -0.0191639 0.000852637 -12.5227 12.5053 -0.0173288
206.663 -0.0191635 0.000852283 -12.5261 12.5087 -0.0173219
206.674 -0.0191635 0.000851986 -12.5294 12.5121 -0.0173149
206.685 -0.0191637 0.000851953 -12.5326 12.5153 -0.0173085
206.697 -0.0191645 0.000851649 -12.5358 12.5185 -0.0173018
206.708 -0.0191648 0.000850844 -12.5389 12.5216 -0.0172959
206.719 -0.0191642 0.000850166 -12.5419 12.5246 -0.0172899
206.73 -0.019164 0.000849721 -12.5448 12.5275 -0.017285
206.742 -0.0191646 0.000849909 -12.5477 12.5304 -0.0172803
206.753 -0.0191646 0.000849978 -12.5504 12.5331 -0.0172759
206.764 -0.0191649 0.0008497 -12.5531 12.5358 -0.0172717
206.775 -0.0191651 0.000849321 -12.5557 12.5384 -0.0172669
206.787 -0.0191658 0.000849153 -12.5582 12.5409 -0.0172624
206.798 -0.0191673 0.000849214 -12.5606 12.5433 -0.0172579
206.809 -0.0191686 0.000849052 -12.563 12.5457 -0.0172534
206.82 -0.0191697 0.000849013 -12.5652 12.548 -0.0172489
206.831 -0.019171 0.000849753 -12.5674 12.5502 -0.0172437
206.843 -0.0191717 0.000850289 -12.5695 12.5523 -0.0172382
206.854 -0.0191726 0.000850768 -12.5715 12.5543 -0.0172326
206.865 -0.0191729 0.000851483 -12.5735 12.5563 -0.0172277
206.876 -0.0191736 0.000851401 -12.5754 12.5581 -0.0172234
206.888 -0.0191736 0.000851428 -12.5771 12.5599 -0.0172195
206.899 -0.0191738 0.000852015 -12.5788 12.5616 -0.0172153
206.91 -0.0191738 0.000852086 -12.5805 12.5632 -0.017211
206.921 -0.0191737 0.000852709 -12.582 12.5647 -0.0172061
206.933 -0.0191736 0.000853591 -12.5834 12.5662 -0.0172014
206.944 -0.0191736 0.000854634 -12.5847 12.5675 -0.0171972
206.955 -0.0191738 0.000855095 -12.586 12.5688 -0.0171927
206.966 -0.0191743 0.000856253 -12.5871 12.5699 -0.0171878
206.978 -0.0191751 0.000857432 -12.5882 12.571 -0.0171826
206.989 -0.019176 0.00085864 -12.5892 12.572 -0.0171763
207 -0.0191763 0.000858649 -12.5901 12.5729 -0.017171
207.011 -0.0191775 0.000860178 -12.5909 12.5738 -0.0171663
207.022 -0.0191784 0.000860867 -12.5917 12.5745 -0.0171612
207.034 -0.0191782 0.000861439 -12.5923 12.5752 -0.0171556
207.045 -0.0191789 0.000862283 -12.5929 12.5758 -0.0171501
207.056 -0.0191796 0.000863262 -12.5934 12.5762 -0.017144
207.067 -0.0191803 0.000864509 -12.5938 12.5767 -0.0171385
207.079 -0.0191806 0.000866703 -12.5941 12.577 -0.0171337
207.09 -0.0191818 0.000867611 -12.5943 12.5772 -0.0171285
207.101 -0.0191827 0.000869499 -12.5945 12.5773 -0.0171233
207.112 -0.0191838 0.000871228 -12.5945 12.5774 -0.0171176
207.124 -0.0191842 0.000871568 -12.5945 12.5774 -0.0171116
207.135 -0.019185 0.000873077 -12.5944 12.5773 -0.0171053
207.146 -0.0191857 0.000874695 -12.5942 12.5771 -0.0170993
207.157 -0.0191863 0.000875692 -12.5939 12.5768 -0.0170931
207.169 -0.0191865 0.000877502 -12.5935 12.5764 -0.0170877
207.18 -0.0191871 0.00087945 -12.593 12.5759 -0.0170822
207.191 -0.0191875 0.000880393 -12.5924 12.5754 -0.0170768
207.202 -0.0191877 0.000881179 -12.5918 12.5747 -0.0170707
207.213 -0.0191877 0.000881741 -12.591 12.5739 -0.0170643
207.225 -0.0191885 0.000882159 -12.5901 12.5731 -0.0170584
207.236 -0.0191889 0.000883325 -12.5891 12.5721 -0.0170527
207.247 -0.0191893 0.000884356 -12.5881 12.571 -0.0170474
207.258 -0.0191896 0.00088552 -12.5869 12.5699 -0.0170414
207.27 -0.0191898 0.000886243 -12.5856 12.5686 -0.0170345
207.281 -0.0191902 0.000886807 -12.5843 12.5673 -0.0170277
207.292 -0.0191901 0.000886423 -12.5828 12.5658 -0.0170214
207.303 -0.019189 0.000886519 -12.5813 12.5643 -0.0170148
207.315 -0.0191881 0.00088695 -12.5797 12.5626 -0.0170074
207.326 -0.0191881 0.000887049 -12.5779 12.5609 -0.0170007
207.337 -0.0191884 0.000886529 -12.5761 12.5591 -0.0169937
207.348 -0.0191888 0.000886898 -12.5742 12.5572 -0.0169873
207.36 -0.0191884 0.000886486 -12.5722 12.5552 -0.0169804
207.371 -0.019188 0.00088639 -12.5701 12.5531 -0.0169748
207.382 -0.0191881 0.000887066 -12.5679 12.5509 -0.0169691
207.393 -0.0191879 0.000887719 -12.5656 12.5486 -0.0169626
207.404 -0.0191881 0.000888312 -12.5632 12.5463 -0.0169567
207.416 -0.0191883 0.000888571 -12.5607 12.5438 -0.016951
207.427 -0.0191887 0.000889419 -12.5581 12.5412 -0.0169451
207.438 -0.019189 0.00089013 -12.5555 12.5385 -0.0169396
207.449 -0.0191893 0.000890327 -12.5527 12.5358 -0.016933
207.461 -0.0191895 0.000890966 -12.5498 12.5329 -0.0169264
207.472 -0.0191896 0.000891715 -12.5469 12.53 -0.0169196
207.483 -0.0191904 0.000892015 -12.5439 12.527 -0.016913
207.494 -0.0191901 0.000892596 -12.5407 12.5238 -0.0169052
207.506 -0.0191902 0.000893287 -12.5375 12.5206 -0.0168982
207.517 -0.0191914 0.000893994 -12.5342 12.5173 -0.0168906
207.528 -0.0191927 0.000894335 -12.5308 12.5139 -0.0168833
207.539 -0.0191932 0.000895012 -12.5274 12.5105 -0.0168765
207.551 -0.0191945 0.000895857 -12.5238 12.5069 -0.0168695
207.562 -0.019195 0.000896263 -12.5201 12.5033 -0.0168621
207.573 -0.019196 0.000896952 -12.5164 12.4996 -0.0168553
207.584 -0.019196 0.000898138 -12.5126 12.4958 -0.016848
207.596 -0.0191957 0.000898563 -12.5087 12.4919 -0.0168416
207.607 -0.0191951 0.000898524 -12.5047 12.4879 -0.0168344
207.618 -0.0191947 0.000898826 -12.5007 12.4839 -0.0168275
207.629 -0.0191939 0.000898558 -12.4965 12.4797 -0.0168197
207.64 -0.0191935 0.000898581 -12.4923 12.4755 -0.0168128
207.652 -0.0191931 0.000899425 -12.4881 12.4713 -0.0168056
207.663 -0.0191923 0.000900011 -12.4837 12.4669 -0.0167985
207.674 -0.0191927 0.000901568 -12.4792 12.4624 -0.0167911
207.685 -0.0191929 0.000902667 -12.4747 12.4579 -0.0167841
207.697 -0.0191931 0.000903761 -12.4701 12.4533 -0.0167764
207.708 -0.0191927 0.000905603 -12.4654 12.4487 -0.0167696
207.719 -0.0191923 0.000907699 -12.4607 12.4439 -0.0167634
207.73 -0.0191921 0.00090991 -12.4559 12.4391 -0.0167563
207.742 -0.0191919 0.000912176 -12.451 12.4343 -0.01675
207.753 -0.0191913 0.000913803 -12.4461 12.4293 -0.0167445
207.764 -0.0191913 0.000915404 -12.4411 12.4243 -0.0167376
207.775 -0.0191914 0.000917264 -12.436 12.4193 -0.0167301
207.787 -0.0191909 0.000919278 -12.4309 12.4142 -0.0167227
207.798 -0.0191898 0.000920735 -12.4257 12.409 -0.0167155
207.809 -0.0191886 0.000922054 -12.4205 12.4038 -0.016708
207.82 -0.0191881 0.000923044 -12.4152 12.3985 -0.0167009
207.831 -0.0191866 0.000923731 -12.4098 12.3931 -0.016694
207.843 -0.0191857 0.000925095 -12.4044 12.3877 -0.0166875
207.854 -0.0191842 0.000925967 -12.3989 12.3822 -0.016682
207.865 -0.0191837 0.000927401 -12.3934 12.3767 -0.0166764
207.876 -0.0191831 0.00092887 -12.3878 12.3711 -0.0166699
207.888 -0.0191824 0.000930046 -12.3821 12.3654 -0.0166643
207.899 -0.0191818 0.000931609 -12.3764 12.3597 -0.0166579
207.91 -0.0191805 0.000933359 -12.3706 12.3539 -0.016651
207.921 -0.0191795 0.000934681 -12.3648 12.3481 -0.0166449
207.933 -0.0191787 0.000936119 -12.3589 12.3422 -0.0166373
207.944 -0.0191784 0.000937424 -12.3529 12.3363 -0.0166302
207.955 -0.0191775 0.000938732 -12.347 12.3303 -0.0166236
207.966 -0.0191768 0.000941294 -12.3409 12.3243 -0.016617
207.978 -0.0191756 0.000943218 -12.3349 12.3183 -0.01661
207.989 -0.0191752 0.000945551 -12.3288 12.3122 -0.0166044
208 -0.0191746 0.000947237 -12.3228 12.3062 -0.0165979
208.011 -0.0191737 0.000949195 -12.3166 12.3 -0.0165913
208.022 -0.0191733 0.000950059 -12.3104 12.2938 -0.0165851
208.034 -0.0191721 0.000951941 -12.3041 12.2876 -0.0165781
208.045 -0.019171 0.000954161 -12.2978 12.2813 -0.0165711
208.056 -0.0191707 0.000956088 -12.2915 12.2749 -0.016565
208.067 -0.01917 0.000958057 -12.2852 12.2686 -0.0165583
208.079 -0.0191694 0.000960096 -12.2788 12.2623 -0.0165511
208.09 -0.0191683 0.000962244 -12.2725 12.2559 -0.0165446
208.101 -0.0191676 0.000964031 -12.266 12.2495 -0.0165373
208.112 -0.0191662 0.000966369 -12.2596 12.243 -0.0165298
208.124 -0.019166 0.000968984 -12.2531 12.2366 -0.0165226
208.135 -0.0191645 0.000970821 -12.2465 12.23 -0.0165141
208.146 -0.0191631 0.000972354 -12.24 12.2235 -0.0165076
208.157 -0.0191622 0.000974712 -12.2334 12.2169 -0.0165012
208.169 -0.0191601 0.000977152 -12.2268 12.2103 -0.0164946
208.18 -0.0191579 0.000978007 -12.2201 12.2037 -0.0164887
208.191 -0.019157 0.000979098 -12.2135 12.197 -0.0164822
208.202 -0.019156 0.000981037 -12.2068 12.1903 -0.0164754
208.213 -0.0191548 0.000982634 -12.2 12.1836 -0.0164683
208.225 -0.0191535 0.000983606 -12.1933 12.1769 -0.0164604
208.236 -0.0191518 0.000984355 -12.1866 12.1701 -0.0164527
208.247 -0.0191501 0.000985785 -12.1798 12.1634 -0.0164448
208.258 -0.0191484 0.000988278 -12.1731 12.1567 -0.0164377
208.27 -0.0191474 0.000989964 -12.1663 12.1498 -0.0164289
208.281 -0.0191467 0.000991777 -12.1595 12.1431 -0.0164199
208.292 -0.0191454 0.000993483 -12.1527 12.1363 -0.0164125
208.303 -0.0191457 0.000994958 -12.1459 12.1295 -0.0164035
208.315 -0.0191451 0.000996955 -12.139 12.1226 -0.016395
208.326 -0.0191447 0.000998117 -12.1321 12.1157 -0.0163871
208.337 -0.0191444 0.000999623 -12.1252 12.1088 -0.0163785
208.348 -0.0191439 0.00100092 -12.1183 12.102 -0.0163705
208.36 -0.019143 0.0010016 -12.1114 12.095 -0.0163637
208.371 -0.0191428 0.0010024 -12.1045 12.0882 -0.0163569
208.382 -0.0191424 0.00100377 -12.0977 12.0813 -0.0163494
208.393 -0.0191419 0.00100494 -12.0908 12.0744 -0.0163426
208.404 -0.0191421 0.00100612 -12.0839 12.0676 -0.0163362
208.416 -0.0191423 0.00100677 -12.0771 12.0608 -0.0163301
208.427 -0.0191417 0.00100857 -12.0703 12.0539 -0.016324
208.438 -0.0191421 0.00101059 -12.0634 12.047 -0.0163175
208.449 -0.0191426 0.00101177 -12.0565 12.0402 -0.0163104
208.461 -0.0191432 0.00101238 -12.0497 12.0334 -0.0163044
208.472 -0.0191435 0.00101362 -12.0429 12.0266 -0.0162976
208.483 -0.0191428 0.00101497 -12.0361 12.0198 -0.0162915
208.494 -0.0191427 0.00101618 -12.0292 12.013 -0.0162862
208.506 -0.0191424 0.0010171 -12.0223 12.0061 -0.0162796
208.517 -0.0191421 0.00101823 -12.0154 11.9992 -0.0162728
208.528 -0.0191418 0.00101865 -12.0086 11.9923 -0.0162664
208.539 -0.0191417 0.00101946 -12.0017 11.9854 -0.0162591
208.551 -0.0191418 0.00102018 -11.9949 11.9786 -0.0162519
208.562 -0.0191425 0.00102133 -11.988 11.9718 -0.0162443
208.573 -0.0191423 0.00102156 -11.9812 11.965 -0.0162361
208.584 -0.0191416 0.00102275 -11.9745 11.9582 -0.0162281
208.596 -0.0191413 0.00102392 -11.9677 11.9515 -0.0162207
208.607 -0.0191411 0.00102446 -11.9609 11.9447 -0.0162129
208.618 -0.0191416 0.00102485 -11.9542 11.938 -0.0162051
208.629 -0.0191424 0.00102464 -11.9475 11.9313 -0.0161971
208.64 -0.0191432 0.00102521 -11.9408 11.9246 -0.0161886
208.652 -0.0191438 0.00102485 -11.9341 11.9179 -0.0161806
208.663 -0.019144 0.00102567 -11.9275 11.9113 -0.0161728
208.674 -0.0191442 0.00102586 -11.9208 11.9047 -0.0161645
208.685 -0.0191445 0.00102722 -11.9142 11.898 -0.0161562
208.697 -0.0191452 0.00102817 -11.9076 11.8915 -0.0161488
208.708 -0.0191455 0.00102985 -11.901 11.8849 -0.016141
208.719 -0.0191453 0.00103049 -11.8945 11.8783 -0.0161329
208.73 -0.0191454 0.00103115 -11.888 11.8718 -0.0161249
208.742 -0.0191451 0.00103157 -11.8814 11.8653 -0.0161168
208.753 -0.0191443 0.00103202 -11.875 11.8589 -0.016109
208.764 -0.0191435 0.00103288 -11.8685 11.8524 -0.0161011
208.775 -0.0191429 0.00103352 -11.8621 11.846 -0.0160929
208.787 -0.0191413 0.00103328 -11.8557 11.8396 -0.0160851
208.798 -0.0191402 0.00103412 -11.8493 11.8332 -0.0160774
208.809 -0.0191396 0.00103461 -11.843 11.8269 -0.0160697
208.82 -0.0191379 0.00103487 -11.8366 11.8206 -0.0160627
208.831 -0.0191371 0.00103493 -11.8303 11.8143 -0.0160558
208.843 -0.0191358 0.00103535 -11.824 11.808 -0.0160478
208.854 -0.0191346 0.0010346 -11.8178 11.8017 -0.0160401
208.865 -0.0191334 0.00103485 -11.8115 11.7955 -0.0160321
208.876 -0.0191325 0.00103464 -11.8053 11.7893 -0.016024
208.888 -0.0191317 0.00103493 -11.7991 11.7831 -0.0160168
208.899 -0.0191312 0.00103487 -11.793 11.777 -0.0160083
208.91 -0.0191311 0.00103456 -11.7869 11.7709 -0.0159998
208.921 -0.01913 0.00103402 -11.7808 11.7648 -0.0159915
208.933 -0.019129 0.00103429 -11.7748 11.7588 -0.0159839
208.944 -0.0191285 0.00103335 -11.7687 11.7527 -0.0159757
208.955 -0.0191275 0.00103251 -11.7627 11.7468 -0.0159679
208.966 -0.019127 0.00103239 -11.7568 11.7408 -0.0159599
208.978 -0.0191266 0.00103196 -11.7508 11.7349 -0.0159515
208.989 -0.0191256 0.00103131 -11.7449 11.729 -0.0159432
209 -0.0191249 0.00103143 -11.739 11.7231 -0.0159364
209.011 -0.0191248 0.00103179 -11.7332 11.7172 -0.0159288
209.022 -0.0191254 0.00103253 -11.7274 11.7114 -0.0159217
209.034 -0.0191256 0.00103354 -11.7216 11.7056 -0.0159147
209.045 -0.0191258 0.00103397 -11.7158 11.6999 -0.0159071
209.056 -0.019126 0.00103441 -11.71 11.6941 -0.0158998
209.067 -0.0191268 0.00103493 -11.7043 11.6884 -0.0158925
209.079 -0.0191277 0.00103582 -11.6986 11.6827 -0.0158846
209.09 -0.0191279 0.00103676 -11.693 11.6771 -0.0158771
209.101 -0.0191286 0.00103855 -11.6873 11.6715 -0.0158695
209.112 -0.0191286 0.00103935 -11.6817 11.6659 -0.0158612
209.124 -0.0191286 0.00104014 -11.6762 11.6603 -0.0158533
209.135 -0.0191286 0.00104105 -11.6706 11.6548 -0.0158458
209.146 -0.0191293 0.00104129 -11.6651 11.6493 -0.0158385
209.157 -0.01913 0.00104176 -11.6597 11.6438 -0.0158309
209.169 -0.0191307 0.00104273 -11.6543 11.6384 -0.0158243
209.18 -0.0191319 0.00104424 -11.6488 11.633 -0.0158165
209.191 -0.0191324 0.00104527 -11.6435 11.6276 -0.0158093
209.202 -0.0191323 0.0010466 -11.6381 11.6223 -0.0158021
209.213 -0.0191326 0.00104874 -11.6328 11.617 -0.0157936
209.225 -0.019132 0.00104963 -11.6276 11.6118 -0.0157857
209.236 -0.0191327 0.00104944 -11.6223 11.6066 -0.0157784
209.247 -0.0191326 0.00104876 -11.6171 11.6014 -0.0157705
209.258 -0.0191327 0.00104845 -11.612 11.5962 -0.0157613
209.27 -0.0191334 0.00104849 -11.6068 11.5911 -0.0157518
209.281 -0.0191344 0.00104839 -11.6017 11.586 -0.0157424
209.292 -0.0191355 0.00104892 -11.5967 11.5809 -0.015734
209.303 -0.0191368 0.00104918 -11.5916 11.5759 -0.0157261
209.315 -0.0191372 0.00105017 -11.5866 11.5709 -0.0157181
209.326 -0.0191377 0.00105123 -11.5817 11.5659 -0.0157091
209.337 -0.0191375 0.00105226 -11.5767 11.561 -0.0157004
209.348 -0.0191373 0.00105296 -11.5718 11.5561 -0.0156903
209.36 -0.0191369 0.0010538 -11.5669 11.5513 -0.0156809
209.371 -0.0191376 0.00105486 -11.5621 11.5465 -0.0156713
209.382 -0.0191379 0.00105599 -11.5574 11.5417 -0.0156613
209.393 -0.019137 0.00105809 -11.5526 11.537 -0.0156515
209.404 -0.0191363 0.00106009 -11.5479 11.5323 -0.015643
209.416 -0.0191363 0.00106139 -11.5433 11.5277 -0.0156341
209.427 -0.0191352 0.00106359 -11.5387 11.5231 -0.0156242
209.438 -0.0191356 0.00106461 -11.5341 11.5185 -0.0156162
209.449 -0.019135 0.00106565 -11.5296 11.514 -0.0156076
209.461 -0.0191344 0.00106732 -11.5251 11.5095 -0.0155992
209.472 -0.0191338 0.00106886 -11.5207 11.5051 -0.0155914
209.483 -0.0191329 0.00107078 -11.5164 11.5008 -0.0155829
209.494 -0.0191327 0.00107266 -11.512 11.4964 -0.0155747
209.506 -0.019132 0.00107374 -11.5077 11.4921 -0.0155667
209.517 -0.0191313 0.00107456 -11.5035 11.4879 -0.0155579
209.528 -0.0191319 0.00107648 -11.4992 11.4837 -0.0155489
209.539 -0.0191315 0.00107776 -11.4951 11.4795 -0.0155394
209.551 -0.0191314 0.00107905 -11.491 11.4755 -0.0155295
209.562 -0.0191316 0.00107978 -11.4869 11.4714 -0.0155196
209.573 -0.0191311 0.00108091 -11.4829 11.4674 -0.0155108
209.584 -0.0191315 0.00108149 -11.479 11.4635 -0.015501
209.596 -0.0191322 0.00108127 -11.4751 11.4596 -0.0154917
209.607 -0.0191322 0.00108238 -11.4713 11.4558 -0.0154834
209.618 -0.0191326 0.00108311 -11.4675 11.452 -0.0154749
209.629 -0.0191335 0.0010833 -11.4637 11.4482 -0.015467
209.64 -0.0191347 0.00108423 -11.46 11.4445 -0.0154592
209.652 -0.0191356 0.00108459 -11.4563 11.4409 -0.0154503
209.663 -0.0191369 0.00108537 -11.4527 11.4373 -0.015442
209.674 -0.0191384 0.00108565 -11.4491 11.4337 -0.0154347
209.685 -0.0191396 0.00108675 -11.4456 11.4302 -0.0154263
209.697 -0.019142 0.00108794 -11.4421 11.4267 -0.0154186
209.708 -0.019144 0.00108944 -11.4386 11.4232 -0.0154119
209.719 -0.0191461 0.00109012 -11.4352 11.4198 -0.015405
209.73 -0.0191483 0.00109278 -11.4319 11.4165 -0.0153972
209.742 -0.01915 0.00109538 -11.4285 11.4131 -0.0153898
209.753 -0.0191517 0.00109737 -11.4252 11.4099 -0.0153829
209.764 -0.0191536 0.00109924 -11.422 11.4066 -0.0153752
209.775 -0.0191552 0.00110056 -11.4188 11.4034 -0.015368
209.787 -0.0191567 0.00110229 -11.4156 11.4002 -0.0153597
209.798 -0.0191579 0.00110355 -11.4125 11.3971 -0.0153521
209.809 -0.0191586 0.00110453 -11.4094 11.394 -0.0153455
209.82 -0.0191592 0.00110579 -11.4063 11.391 -0.0153381
209.831 -0.0191596 0.00110735 -11.4033 11.388 -0.0153318
209.843 -0.0191598 0.00110913 -11.4003 11.385 -0.0153258
209.854 -0.01916 0.00111091 -11.3974 11.3821 -0.0153197
209.865 -0.0191608 0.00111276 -11.3945 11.3791 -0.015314
209.876 -0.0191612 0.00111465 -11.3916 11.3763 -0.0153086
209.888 -0.0191616 0.00111732 -11.3887 11.3734 -0.0153025
209.899 -0.0191625 0.00111926 -11.3858 11.3705 -0.0152965
209.91 -0.019164 0.00112109 -11.383 11.3677 -0.0152904
209.921 -0.0191648 0.00112273 -11.3802 11.365 -0.0152833
209.933 -0.0191654 0.00112485 -11.3775 11.3622 -0.0152761
209.944 -0.0191657 0.00112616 -11.3748 11.3595 -0.0152695
209.955 -0.0191657 0.00112736 -11.3721 11.3569 -0.0152632
209.966 -0.0191668 0.00112865 -11.3695 11.3542 -0.0152565
209.978 -0.0191676 0.00112986 -11.3669 11.3517 -0.0152498
209.989 -0.0191676 0.00113078 -11.3643 11.3491 -0.0152429
210 -0.0191677 0.00113182 -11.3618 11.3466 -0.0152353
210.011 -0.0191676 0.00113298 -11.3593 11.3441 -0.0152275
210.022 -0.0191679 0.00113349 -11.3568 11.3416 -0.0152196
210.034 -0.0191683 0.00113418 -11.3544 11.3392 -0.0152117
210.045 -0.019169 0.00113487 -11.3521 11.3369 -0.0152037
210.056 -0.0191695 0.00113531 -11.3497 11.3345 -0.0151964
210.067 -0.0191705 0.00113614 -11.3474 11.3322 -0.0151886
210.079 -0.0191716 0.00113642 -11.3452 11.33 -0.0151802
210.09 -0.0191723 0.00113622 -11.343 11.3278 -0.0151719
210.101 -0.0191733 0.00113618 -11.3409 11.3257 -0.0151639
210.112 -0.0191736 0.00113675 -11.3388 11.3236 -0.0151553
210.124 -0.0191741 0.00113725 -11.3368 11.3216 -0.0151467
210.135 -0.0191751 0.0011375 -11.3348 11.3196 -0.0151386
210.146 -0.0191763 0.00113799 -11.3329 11.3177 -0.0151311
210.157 -0.0191778 0.00113889 -11.331 11.3158 -0.0151233
210.169 -0.0191786 0.00113993 -11.3291 11.314 -0.0151158
210.18 -0.019178 0.00113962 -11.3273 11.3122 -0.0151082
210.191 -0.0191787 0.00113949 -11.3255 11.3104 -0.0151013
210.202 -0.0191793 0.00113885 -11.3238 11.3087 -0.0150936
210.213 -0.0191795 0.00113795 -11.3221 11.3071 -0.0150864
210.225 -0.0191797 0.00113731 -11.3205 11.3054 -0.01508
210.236 -0.0191806 0.00113778 -11.3189 11.3038 -0.0150737
210.247 -0.0191818 0.00113741 -11.3173 11.3023 -0.0150671
210.258 -0.0191834 0.00113761 -11.3158 11.3007 -0.0150592
210.27 -0.0191839 0.00113773 -11.3143 11.2993 -0.0150517
210.281 -0.0191845 0.00113979 -11.3129 11.2979 -0.015046
210.292 -0.019186 0.00114234 -11.3115 11.2964 -0.0150398
210.303 -0.0191881 0.00114488 -11.31 11.295 -0.0150337
210.315 -0.01919 0.00114677 -11.3087 11.2937 -0.0150282
210.326 -0.0191913 0.00114853 -11.3073 11.2923 -0.0150227
210.337 -0.0191928 0.00115151 -11.306 11.291 -0.0150167
210.348 -0.019194 0.00115361 -11.3048 11.2897 -0.01501
210.36 -0.0191954 0.00115597 -11.3036 11.2886 -0.0150026
210.371 -0.0191968 0.00115814 -11.3024 11.2874 -0.0149961
210.382 -0.0191981 0.00116 -11.3013 11.2863 -0.01499
210.393 -0.0191992 0.00116192 -11.3002 11.2852 -0.0149835
210.404 -0.0192 0.00116484 -11.2992 11.2842 -0.0149766
210.416 -0.0192014 0.00116711 -11.2983 11.2833 -0.0149702
210.427 -0.0192023 0.00116953 -11.2974 11.2824 -0.0149634
210.438 -0.0192033 0.00117147 -11.2965 11.2815 -0.0149561
210.449 -0.0192045 0.00117354 -11.2957 11.2808 -0.0149496
210.461 -0.0192051 0.00117639 -11.295 11.28 -0.0149417
210.472 -0.0192061 0.00117926 -11.2942 11.2793 -0.0149335
210.483 -0.0192071 0.00118134 -11.2936 11.2787 -0.014926
210.494 -0.0192083 0.00118338 -11.293 11.2781 -0.014919
210.506 -0.0192101 0.00118483 -11.2925 11.2776 -0.0149114
210.517 -0.0192113 0.00118622 -11.2921 11.2772 -0.0149037
210.528 -0.0192131 0.00118728 -11.2916 11.2767 -0.0148955
210.539 -0.0192144 0.0011887 -11.2913 11.2764 -0.014887
210.551 -0.0192153 0.00118996 -11.291 11.2761 -0.0148787
210.562 -0.0192162 0.00119131 -11.2907 11.2758 -0.0148706
210.573 -0.0192159 0.0011932 -11.2905 11.2756 -0.0148621
210.584 -0.0192157 0.00119449 -11.2904 11.2755 -0.014855
210.596 -0.0192167 0.00119525 -11.2902 11.2754 -0.0148482
210.607 -0.0192187 0.00119665 -11.2902 11.2753 -0.0148413
210.618 -0.0192196 0.00119723 -11.2902 11.2753 -0.0148338
210.629 -0.0192206 0.00119869 -11.2902 11.2754 -0.0148265
210.64 -0.0192222 0.00119939 -11.2903 11.2755 -0.014819
210.652 -0.019224 0.00120041 -11.2905 11.2757 -0.0148119
210.663 -0.0192257 0.00120092 -11.2907 11.2759 -0.0148046
210.674 -0.0192271 0.00120262 -11.2909 11.2761 -0.014797
210.685 -0.0192291 0.00120485 -11.2913 11.2765 -0.0147888
210.697 -0.0192305 0.00120667 -11.2916 11.2768 -0.0147811
210.708 -0.0192316 0.00120826 -11.292 11.2772 -0.0147733
210.719 -0.0192337 0.00120944 -11.2925 11.2777 -0.0147657
210.73 -0.0192351 0.0012115 -11.293 11.2783 -0.014758
210.742 -0.0192363 0.00121325 -11.2936 11.2788 -0.0147495
210.753 -0.0192376 0.00121424 -11.2942 11.2794 -0.0147407
210.764 -0.0192395 0.001216 -11.2948 11.2801 -0.0147324
210.775 -0.0192408 0.00121818 -11.2956 11.2808 -0.0147242
210.787 -0.0192427 0.00121903 -11.2963 11.2816 -0.014716
210.798 -0.0192437 0.00122005 -11.2971 11.2824 -0.014707
210.809 -0.0192451 0.00122122 -11.2979 11.2832 -0.0146998
210.82 -0.0192468 0.0012229 -11.2988 11.2841 -0.0146928
210.831 -0.0192488 0.00122378 -11.2997 11.285 -0.014685
210.843 -0.019251 0.00122515 -11.3006 11.2859 -0.0146775
210.854 -0.0192535 0.00122552 -11.3016 11.2869 -0.0146701
210.865 -0.0192559 0.00122698 -11.3026 11.2879 -0.0146626
210.876 -0.0192579 0.00122787 -11.3036 11.289 -0.0146551
210.888 -0.0192593 0.00122868 -11.3047 11.2901 -0.0146481
210.899 -0.0192614 0.00122898 -11.3058 11.2912 -0.0146415
210.91 -0.0192631 0.00123019 -11.307 11.2924 -0.014635
210.921 -0.0192644 0.00123134 -11.3082 11.2936 -0.0146287
210.933 -0.019265 0.00123253 -11.3095 11.2948 -0.0146219
210.944 -0.0192656 0.00123378 -11.3107 11.2961 -0.0146152
210.955 -0.0192665 0.00123596 -11.312 11.2974 -0.0146088
210.966 -0.0192672 0.00123796 -11.3134 11.2988 -0.0146029
210.978 -0.0192673 0.00124071 -11.3148 11.3002 -0.0145968
210.989 -0.0192674 0.00124377 -11.3162 11.3016 -0.0145905
211 -0.0192691 0.00124617 -11.3177 11.3031 -0.0145827
211.011 -0.0192708 0.00124789 -11.3192 11.3046 -0.0145756
211.022 -0.0192718 0.00124981 -11.3208 11.3062 -0.0145687
211.034 -0.0192719 0.00125153 -11.3224 11.3079 -0.0145612
211.045 -0.019271 0.00125507 -11.3241 11.3096 -0.0145549
211.056 -0.0192713 0.00125635 -11.3259 11.3113 -0.0145474
211.067 -0.0192715 0.00125917 -11.3277 11.3131 -0.0145402
211.079 -0.0192707 0.00126176 -11.3295 11.315 -0.0145332
211.09 -0.0192704 0.00126428 -11.3314 11.3169 -0.0145267
211.101 -0.0192709 0.00126618 -11.3333 11.3188 -0.0145192
211.112 -0.0192713 0.00126846 -11.3353 11.3208 -0.0145121
211.124 -0.0192726 0.00127094 -11.3374 11.3229 -0.0145047
211.135 -0.0192733 0.0012739 -11.3394 11.3249 -0.014497
211.146 -0.0192738 0.00127567 -11.3416 11.3271 -0.01449
211.157 -0.0192744 0.00127801 -11.3438 11.3293 -0.0144834
211.169 -0.0192747 0.001281 -11.3461 11.3316 -0.0144767
211.18 -0.0192749 0.00128233 -11.3484 11.3339 -0.0144705
211.191 -0.0192753 0.0012826 -11.3508 11.3363 -0.014464
211.202 -0.0192747 0.00128402 -11.3532 11.3388 -0.0144577
211.213 -0.0192734 0.00128545 -11.3557 11.3413 -0.0144514
211.225 -0.019273 0.00128705 -11.3583 11.3438 -0.0144449
211.236 -0.0192719 0.00128877 -11.3609 11.3465 -0.0144389
211.247 -0.0192707 0.00129031 -11.3636 11.3491 -0.0144314
211.258 -0.0192695 0.00129192 -11.3663 11.3519 -0.0144245
211.27 -0.0192683 0.00129349 -11.3691 11.3546 -0.0144176
211.281 -0.0192672 0.0012936 -11.3719 11.3575 -0.0144112
211.292 -0.0192661 0.00129471 -11.3748 11.3604 -0.0144049
211.303 -0.0192662 0.00129612 -11.3777 11.3633 -0.0143983
211.315 -0.0192656 0.00129728 -11.3807 11.3664 -0.0143917
211.326 -0.0192666 0.00130004 -11.3838 11.3694 -0.0143847
211.337 -0.019267 0.00130218 -11.3869 11.3726 -0.0143779
211.348 -0.0192674 0.00130398 -11.3901 11.3757 -0.0143709
211.36 -0.0192677 0.00130597 -11.3933 11.379 -0.0143633
211.371 -0.0192684 0.0013083 -11.3966 11.3822 -0.0143558
211.382 -0.0192678 0.00131032 -11.3999 11.3855 -0.0143485
211.393 -0.0192675 0.00131252 -11.4033 11.3889 -0.0143409
211.404 -0.0192673 0.00131537 -11.4067 11.3923 -0.0143321
211.416 -0.0192667 0.00131802 -11.4101 11.3958 -0.014323
211.427 -0.0192661 0.00132044 -11.4136 11.3993 -0.0143146
211.438 -0.0192667 0.00132383 -11.4171 11.4028 -0.0143064
211.449 -0.0192666 0.0013263 -11.4208 11.4065 -0.0142992
211.461 -0.0192671 0.0013285 -11.4244 11.4101 -0.0142913
211.472 -0.0192682 0.00133115 -11.428 11.4137 -0.0142838
211.483 -0.0192685 0.00133412 -11.4316 11.4173 -0.0142764
211.494 -0.0192685 0.00133716 -11.4353 11.4211 -0.0142692
211.506 -0.0192684 0.0013403 -11.439 11.4248 -0.0142614
211.517 -0.0192687 0.00134236 -11.4427 11.4285 -0.0142535
211.528 -0.0192679 0.00134479 -11.4465 11.4323 -0.0142465
211.539 -0.0192666 0.00134683 -11.4503 11.4361 -0.0142394
211.551 -0.0192648 0.00135011 -11.4541 11.4399 -0.0142321
211.562 -0.0192625 0.00135304 -11.458 11.4438 -0.0142246
211.573 -0.0192603 0.00135459 -11.4619 11.4477 -0.0142179
211.584 -0.0192585 0.00135665 -11.4658 11.4516 -0.01421
211.596 -0.0192573 0.00135937 -11.4698 11.4556 -0.0142019
211.607 -0.0192568 0.00136254 -11.4738 11.4596 -0.0141933
211.618 -0.0192558 0.0013659 -11.4778 11.4636 -0.0141856
211.629 -0.0192544 0.00136924 -11.4819 11.4677 -0.0141777
211.64 -0.0192537 0.00137277 -11.486 11.4718 -0.0141702
211.652 -0.0192533 0.00137627 -11.4901 11.4759 -0.0141631
211.663 -0.0192539 0.00137958 -11.4942 11.4801 -0.0141555
211.674 -0.0192537 0.00138257 -11.4984 11.4842 -0.0141482
211.685 -0.0192533 0.00138498 -11.5026 11.4884 -0.0141409
211.697 -0.0192534 0.00138741 -11.5068 11.4927 -0.0141338
211.708 -0.0192542 0.00138986 -11.511 11.4969 -0.0141264
211.719 -0.0192544 0.00139276 -11.5153 11.5012 -0.0141195
211.73 -0.0192558 0.00139634 -11.5197 11.5056 -0.0141124
211.742 -0.0192564 0.00139926 -11.524 11.5099 -0.0141053
211.753 -0.0192565 0.00140244 -11.5283 11.5142 -0.0140984
211.764 -0.0192561 0.00140481 -11.5327 11.5186 -0.0140909
211.775 -0.0192558 0.00140652 -11.5371 11.523 -0.014083
211.787 -0.0192558 0.00140811 -11.5416 11.5275 -0.0140751
211.798 -0.0192567 0.00141026 -11.5461 11.532 -0.0140675
211.809 -0.0192563 0.00141213 -11.5506 11.5365 -0.0140601
211.82 -0.019256 0.00141353 -11.5551 11.5411 -0.0140538
211.831 -0.0192557 0.00141517 -11.5597 11.5456 -0.0140467
211.843 -0.0192556 0.00141649 -11.5642 11.5502 -0.0140391
211.854 -0.0192552 0.00141871 -11.5689 11.5548 -0.0140319
211.865 -0.0192549 0.00141909 -11.5735 11.5595 -0.0140239
211.876 -0.0192547 0.00141976 -11.5782 11.5642 -0.0140159
211.888 -0.0192542 0.00142015 -11.5829 11.5689 -0.0140085
211.899 -0.0192536 0.00142067 -11.5877 11.5737 -0.0140014
211.91 -0.0192526 0.00142151 -11.5924 11.5784 -0.0139949
211.921 -0.0192518 0.00142233 -11.5972 11.5832 -0.0139879
211.933 -0.0192504 0.00142327 -11.602 11.588 -0.0139811
211.944 -0.0192499 0.00142446 -11.6068 11.5928 -0.0139735
211.955 -0.019249 0.00142561 -11.6117 11.5977 -0.0139659
211.966 -0.0192483 0.00142753 -11.6165 11.6026 -0.013959
211.978 -0.0192472 0.00142928 -11.6214 11.6075 -0.0139517
211.989 -0.019246 0.00143105 -11.6263 11.6124 -0.0139444
212 -0.0192445 0.001433 -11.6313 11.6174 -0.0139372
212.011 -0.0192433 0.00143489 -11.6362 11.6223 -0.0139296
212.022 -0.0192429 0.00143669 -11.6412 11.6273 -0.0139235
212.034 -0.0192421 0.00143815 -11.6462 11.6323 -0.0139178
212.045 -0.0192424 0.00143947 -11.6512 11.6373 -0.0139109
212.056 -0.0192431 0.00144087 -11.6562 11.6422 -0.0139043
212.067 -0.0192435 0.00144215 -11.6612 11.6473 -0.0138975
212.079 -0.0192436 0.00144288 -11.6662 11.6523 -0.0138908
212.09 -0.0192444 0.00144423 -11.6712 11.6573 -0.0138831
212.101 -0.0192454 0.00144606 -11.6762 11.6624 -0.0138761
212.112 -0.0192463 0.00144782 -11.6812 11.6673 -0.0138683
212.124 -0.0192469 0.00145036 -11.6862 11.6723 -0.0138607
212.135 -0.0192478 0.00145208 -11.6912 11.6774 -0.0138524
212.146 -0.0192482 0.00145329 -11.6962 11.6824 -0.013844
212.157 -0.0192488 0.00145461 -11.7013 11.6874 -0.0138368
212.169 -0.0192498 0.00145545 -11.7063 11.6924 -0.0138294
212.18 -0.0192504 0.00145615 -11.7112 11.6974 -0.0138219
212.191 -0.0192513 0.00145699 -11.7162 11.7024 -0.0138151
212.202 -0.0192518 0.00145711 -11.7211 11.7073 -0.0138082
212.213 -0.0192516 0.00145725 -11.726 11.7122 -0.0138016
212.225 -0.0192512 0.00145857 -11.7309 11.7171 -0.013794
212.236 -0.0192506 0.00146009 -11.7358 11.722 -0.0137875
212.247 -0.0192504 0.0014606 -11.7406 11.7268 -0.0137803
212.258 -0.0192495 0.0014623 -11.7454 11.7317 -0.013773
212.27 -0.0192488 0.00146277 -11.7502 11.7365 -0.0137658
212.281 -0.0192473 0.00146362 -11.755 11.7412 -0.013759
212.292 -0.0192466 0.00146497 -11.7597 11.746 -0.0137523
212.303 -0.0192453 0.00146626 -11.7645 11.7507 -0.0137458
212.315 -0.0192447 0.00146769 -11.7691 11.7554 -0.0137386
212.326 -0.0192442 0.00146872 -11.7738 11.7601 -0.0137319
212.337 -0.0192439 0.00147001 -11.7784 11.7647 -0.0137259
212.348 -0.0192438 0.00147192 -11.783 11.7693 -0.0137177
212.36 -0.0192438 0.00147364 -11.7876 11.7739 -0.0137106
212.371 -0.0192443 0.00147437 -11.7922 11.7785 -0.0137045
212.382 -0.0192447 0.00147463 -11.7968 11.7831 -0.0136978
212.393 -0.019244 0.00147492 -11.8013 11.7876 -0.0136912
212.404 -0.0192431 0.00147595 -11.8058 11.7921 -0.013685
212.416 -0.0192427 0.00147696 -11.8103 11.7966 -0.013679
212.427 -0.0192423 0.001479 -11.8147 11.8011 -0.0136726
212.438 -0.0192429 0.00148006 -11.8192 11.8055 -0.0136664
212.449 -0.0192435 0.00148049 -11.8236 11.8099 -0.013661
212.461 -0.019243 0.00148064 -11.828 11.8143 -0.0136549
212.472 -0.0192429 0.00148147 -11.8324 11.8187 -0.0136483
212.483 -0.0192421 0.0014824 -11.8367 11.8231 -0.0136409
212.494 -0.0192415 0.00148256 -11.8411 11.8274 -0.0136335
212.506 -0.0192407 0.00148297 -11.8454 11.8318 -0.0136255
212.517 -0.0192393 0.00148409 -11.8497 11.8361 -0.0136175
212.528 -0.0192379 0.00148447 -11.854 11.8404 -0.0136101
212.539 -0.0192369 0.00148537 -11.8583 11.8447 -0.0136017
212.551 -0.0192367 0.00148565 -11.8626 11.849 -0.0135937
212.562 -0.019236 0.00148546 -11.8668 11.8532 -0.0135855
212.573 -0.0192356 0.00148591 -11.871 11.8574 -0.0135783
212.584 -0.0192345 0.00148588 -11.8751 11.8616 -0.0135707
212.596 -0.0192335 0.00148602 -11.8792 11.8657 -0.0135626
212.607 -0.0192326 0.00148712 -11.8833 11.8697 -0.0135554
212.618 -0.019232 0.00148776 -11.8873 11.8738 -0.0135476
212.629 -0.0192316 0.00148868 -11.8913 11.8778 -0.0135395
212.64 -0.0192311 0.0014891 -11.8953 11.8818 -0.0135331
212.652 -0.0192302 0.00148986 -11.8992 11.8857 -0.0135275
212.663 -0.0192297 0.00149082 -11.903 11.8895 -0.0135217
212.674 -0.0192298 0.00149209 -11.9069 11.8933 -0.0135164
212.685 -0.0192293 0.00149316 -11.9106 11.8971 -0.0135112
212.697 -0.0192294 0.00149481 -11.9143 11.9008 -0.0135056
212.708 -0.0192291 0.00149611 -11.918 11.9045 -0.0135003
212.719 -0.019229 0.00149762 -11.9216 11.9081 -0.0134943
212.73 -0.0192291 0.00149858 -11.9252 11.9117 -0.0134872
212.742 -0.019229 0.00149967 -11.9287 11.9153 -0.0134803
212.753 -0.0192291 0.00150041 -11.9323 11.9188 -0.0134733
212.764 -0.0192296 0.00150186 -11.9358 11.9223 -0.013466
212.775 -0.0192301 0.00150322 -11.9392 11.9258 -0.0134599
212.787 -0.0192305 0.00150467 -11.9427 11.9292 -0.0134534
212.798 -0.0192304 0.00150616 -11.9461 11.9326 -0.0134474
212.809 -0.0192291 0.00150698 -11.9494 11.936 -0.013442
212.82 -0.0192286 0.00150716 -11.9527 11.9393 -0.0134361
212.831 -0.0192282 0.00150734 -11.956 11.9426 -0.0134297
212.843 -0.0192273 0.00150791 -11.9593 11.9458 -0.0134239
212.854 -0.0192267 0.00150808 -11.9625 11.949 -0.0134178
212.865 -0.0192264 0.00150804 -11.9656 11.9522 -0.013412
212.876 -0.0192259 0.00150853 -11.9688 11.9554 -0.0134069
212.888 -0.0192252 0.00150942 -11.9719 11.9585 -0.0134005
212.899 -0.0192244 0.00151027 -11.9749 11.9615 -0.0133951
212.91 -0.019224 0.0015117 -11.9779 11.9645 -0.0133899
212.921 -0.0192229 0.00151253 -11.9808 11.9675 -0.0133846
212.933 -0.0192221 0.00151305 -11.9837 11.9704 -0.0133794
212.944 -0.0192218 0.00151442 -11.9866 11.9732 -0.013374
212.955 -0.0192219 0.00151544 -11.9894 11.976 -0.0133684
212.966 -0.0192236 0.0015161 -11.9921 11.9788 -0.013364
212.978 -0.0192252 0.0015172 -11.9948 11.9815 -0.0133595
212.989 -0.0192259 0.00151933 -11.9975 11.9841 -0.0133539
213 -0.0192263 0.00152047 -12.0001 11.9868 -0.0133488
213.011 -0.0192264 0.00152188 -12.0027 11.9893 -0.0133435
213.022 -0.0192259 0.00152292 -12.0052 11.9919 -0.0133373
213.034 -0.0192259 0.00152424 -12.0077 11.9943 -0.0133306
213.045 -0.0192253 0.00152568 -12.0101 11.9968 -0.0133244
213.056 -0.0192252 0.00152765 -12.0125 11.9992 -0.0133187
213.067 -0.0192258 0.00152928 -12.0149 12.0016 -0.0133137
213.079 -0.0192265 0.00153009 -12.0172 12.0039 -0.0133079
213.09 -0.0192268 0.00153071 -12.0195 12.0062 -0.0133021
213.101 -0.0192269 0.00153188 -12.0217 12.0084 -0.0132956
213.112 -0.0192271 0.00153271 -12.0239 12.0106 -0.0132901
213.124 -0.0192279 0.00153359 -12.0261 12.0128 -0.0132836
213.135 -0.0192289 0.00153412 -12.0282 12.015 -0.0132782
213.146 -0.019229 0.0015362 -12.0304 12.0171 -0.0132733
213.157 -0.0192281 0.00153809 -12.0324 12.0192 -0.0132676
213.169 -0.0192272 0.00153948 -12.0345 12.0212 -0.013262
213.18 -0.0192267 0.00154108 -12.0365 12.0232 -0.0132563
213.191 -0.0192272 0.00154221 -12.0384 12.0252 -0.0132498
213.202 -0.0192277 0.00154324 -12.0403 12.0271 -0.0132433
213.213 -0.0192276 0.00154506 -12.0422 12.029 -0.0132376
213.225 -0.0192273 0.00154721 -12.0441 12.0308 -0.0132308
213.236 -0.0192262 0.0015489 -12.0458 12.0326 -0.0132242
213.247 -0.0192259 0.00155059 -12.0476 12.0344 -0.0132178
213.258 -0.0192268 0.00155261 -12.0493 12.0361 -0.0132112
213.27 -0.0192282 0.00155515 -12.0509 12.0377 -0.0132046
213.281 -0.019229 0.00155637 -12.0525 12.0393 -0.0131984
213.292 -0.0192295 0.00155716 -12.0541 12.0409 -0.0131922
213.303 -0.0192302 0.00155808 -12.0556 12.0424 -0.0131871
213.315 -0.0192301 0.00155863 -12.0571 12.0439 -0.0131807
213.326 -0.0192305 0.00155876 -12.0585 12.0453 -0.0131754
213.337 -0.0192304 0.0015594 -12.0599 12.0468 -0.0131703
213.348 -0.0192303 0.00155936 -12.0613 12.0481 -0.0131663
213.36 -0.0192296 0.00155855 -12.0626 12.0495 -0.0131618
213.371 -0.0192284 0.00155885 -12.0639 12.0508 -0.0131579
213.382 -0.0192277 0.00155873 -12.0652 12.052 -0.0131543
213.393 -0.0192279 0.00155869 -12.0664 12.0532 -0.0131486
213.404 -0.0192272 0.00155922 -12.0675 12.0544 -0.0131429
213.416 -0.0192264 0.00156034 -12.0687 12.0555 -0.0131384
213.427 -0.0192261 0.0015603 -12.0698 12.0566 -0.0131336
213.438 -0.0192252 0.00156084 -12.0708 12.0577 -0.0131284
213.449 -0.0192245 0.00156149 -12.0719 12.0588 -0.0131224
213.461 -0.0192233 0.00156186 -12.0729 12.0598 -0.0131168
213.472 -0.0192229 0.00156205 -12.074 12.0608 -0.0131108
213.483 -0.0192226 0.00156326 -12.075 12.0619 -0.0131055
213.494 -0.0192224 0.0015642 -12.0759 12.0628 -0.0130994
213.506 -0.0192231 0.00156503 -12.0769 12.0638 -0.0130939
213.517 -0.0192233 0.00156493 -12.0778 12.0647 -0.0130876
213.528 -0.0192221 0.00156465 -12.0787 12.0656 -0.0130817
213.539 -0.019222 0.00156513 -12.0796 12.0665 -0.0130766
213.551 -0.0192206 0.00156527 -12.0804 12.0673 -0.0130708
213.562 -0.0192202 0.00156628 -12.0812 12.0681 -0.0130652
213.573 -0.0192196 0.00156666 -12.082 12.0689 -0.0130599
213.584 -0.0192196 0.00156713 -12.0827 12.0697 -0.013055
213.596 -0.0192191 0.00156809 -12.0834 12.0703 -0.0130494
213.607 -0.0192184 0.00156989 -12.084 12.071 -0.0130441
213.618 -0.0192178 0.00157145 -12.0847 12.0716 -0.0130396
213.629 -0.019217 0.00157339 -12.0852 12.0722 -0.0130352
213.64 -0.0192153 0.00157509 -12.0857 12.0727 -0.0130297
213.652 -0.0192145 0.00157672 -12.0863 12.0732 -0.0130239
213.663 -0.0192137 0.00157711 -12.0867 12.0737 -0.0130171
213.674 -0.0192118 0.00157717 -12.0872 12.0742 -0.0130104
213.685 -0.0192101 0.00157767 -12.0877 12.0747 -0.0130041
213.697 -0.0192085 0.00157782 -12.0882 12.0752 -0.0129962
213.708 -0.0192075 0.00157744 -12.0886 12.0756 -0.0129894
213.719 -0.0192065 0.00157691 -12.0891 12.0761 -0.012982
213.73 -0.0192053 0.00157527 -12.0895 12.0765 -0.0129759
213.742 -0.019204 0.00157476 -12.0899 12.077 -0.0129699
213.753 -0.0192031 0.00157397 -12.0903 12.0774 -0.0129637
213.764 -0.019202 0.00157339 -12.0907 12.0777 -0.0129573
213.775 -0.0192021 0.0015727 -12.091 12.0781 -0.0129512
213.787 -0.019202 0.00157297 -12.0913 12.0784 -0.0129451
213.798 -0.0192014 0.00157331 -12.0916 12.0787 -0.0129396
213.809 -0.0192019 0.00157466 -12.0919 12.0789 -0.0129321
213.82 -0.0192027 0.00157563 -12.0921 12.0792 -0.012926
213.831 -0.0192028 0.00157809 -12.0923 12.0794 -0.0129196
213.843 -0.0192033 0.00158011 -12.0925 12.0796 -0.0129127
213.854 -0.0192036 0.00158157 -12.0926 12.0797 -0.0129059
213.865 -0.0192039 0.00158371 -12.0927 12.0798 -0.0128987
213.876 -0.0192043 0.00158442 -12.0928 12.0799 -0.0128913
213.888 -0.0192042 0.00158421 -12.0929 12.08 -0.0128844
213.899 -0.0192045 0.00158353 -12.0929 12.0801 -0.0128774
213.91 -0.0192043 0.00158317 -12.093 12.0801 -0.0128711
213.921 -0.0192041 0.00158277 -12.093 12.0802 -0.0128645
213.933 -0.0192037 0.0015819 -12.093 12.0802 -0.0128573
213.944 -0.0192037 0.00158108 -12.0931 12.0802 -0.01285
213.955 -0.0192046 0.00158044 -12.0931 12.0802 -0.0128429
213.966 -0.0192056 0.00157975 -12.0931 12.0803 -0.0128357
213.978 -0.0192071 0.00157972 -12.0931 12.0803 -0.0128293
213.989 -0.0192078 0.00158046 -12.093 12.0802 -0.012823
214 -0.0192088 0.00158127 -12.093 12.0802 -0.0128166
214.011 -0.0192095 0.00158156 -12.093 12.0802 -0.0128094
214.022 -0.0192094 0.001583 -12.0929 12.0801 -0.0128036
214.034 -0.0192095 0.0015847 -12.0929 12.0801 -0.0127973
214.045 -0.0192091 0.00158536 -12.0928 12.08 -0.0127922
214.056 -0.0192086 0.00158589 -12.0928 12.08 -0.0127871
214.067 -0.0192073 0.00158604 -12.0927 12.08 -0.0127806
214.079 -0.019206 0.00158645 -12.0927 12.0799 -0.0127747
214.09 -0.019205 0.00158793 -12.0926 12.0798 -0.0127688
214.101 -0.0192047 0.00158922 -12.0925 12.0797 -0.0127629
214.112 -0.019204 0.00158903 -12.0924 12.0796 -0.0127569
214.124 -0.0192033 0.00158895 -12.0923 12.0795 -0.0127513
214.135 -0.0192032 0.00158922 -12.0921 12.0794 -0.0127446
214.146 -0.0192033 0.0015901 -12.092 12.0792 -0.0127395
214.157 -0.0192022 0.00159037 -12.0918 12.079 -0.0127345
214.169 -0.019201 0.00159063 -12.0916 12.0788 -0.0127296
214.18 -0.0191992 0.00159065 -12.0914 12.0786 -0.0127245
214.191 -0.0191979 0.00159136 -12.0911 12.0784 -0.0127196
214.202 -0.0191967 0.00159184 -12.0909 12.0782 -0.0127143
214.213 -0.0191961 0.00159272 -12.0906 12.0779 -0.0127082
214.225 -0.0191959 0.00159281 -12.0903 12.0776 -0.0127026
214.236 -0.019195 0.00159289 -12.0901 12.0774 -0.0126964
214.247 -0.0191942 0.00159256 -12.0898 12.0771 -0.0126903
214.258 -0.0191934 0.00159262 -12.0896 12.0769 -0.0126846
214.27 -0.0191916 0.00159332 -12.0893 12.0766 -0.0126784
214.281 -0.0191905 0.00159406 -12.089 12.0763 -0.012673
214.292 -0.0191888 0.00159406 -12.0887 12.076 -0.0126686
214.303 -0.019187 0.00159464 -12.0884 12.0757 -0.0126637
214.315 -0.0191858 0.00159471 -12.0881 12.0754 -0.0126593
214.326 -0.0191849 0.00159533 -12.0877 12.0751 -0.0126539
214.337 -0.0191836 0.00159619 -12.0874 12.0747 -0.0126484
214.348 -0.019183 0.00159679 -12.0871 12.0744 -0.0126428
214.36 -0.0191822 0.00159792 -12.0867 12.0741 -0.0126369
214.371 -0.019182 0.00159956 -12.0864 12.0738 -0.0126316
214.382 -0.0191821 0.00160123 -12.086 12.0734 -0.012625
214.393 -0.019182 0.00160232 -12.0857 12.0731 -0.012618
214.404 -0.0191818 0.00160385 -12.0853 12.0727 -0.0126106
214.416 -0.019181 0.00160556 -12.085 12.0724 -0.012603
214.427 -0.0191809 0.00160745 -12.0846 12.072 -0.0125965
214.438 -0.0191797 0.00160836 -12.0843 12.0717 -0.0125894
214.449 -0.0191792 0.00160907 -12.0839 12.0713 -0.0125832
214.461 -0.0191791 0.0016101 -12.0835 12.071 -0.0125763
214.472 -0.01918 0.00161051 -12.0831 12.0706 -0.0125693
214.483 -0.0191808 0.00161107 -12.0828 12.0702 -0.0125628
214.494 -0.0191821 0.00161119 -12.0824 12.0699 -0.0125571
214.506 -0.0191824 0.00161149 -12.082 12.0695 -0.0125512
214.517 -0.0191825 0.00161083 -12.0816 12.0691 -0.012545
214.528 -0.0191817 0.00161057 -12.0813 12.0688 -0.012539
214.539 -0.0191811 0.00161021 -12.0809 12.0684 -0.0125331
214.551 -0.0191802 0.00161026 -12.0805 12.068 -0.0125275
214.562 -0.0191789 0.00160997 -12.0802 12.0677 -0.0125229
214.573 -0.0191781 0.00160993 -12.0798 12.0672 -0.0125172
214.584 -0.0191779 0.00161 -12.0794 12.0669 -0.0125109
214.596 -0.0191772 0.00160974 -12.079 12.0665 -0.0125051
214.607 -0.0191764 0.00160963 -12.0786 12.0661 -0.0124988
214.618 -0.0191753 0.00161016 -12.0783 12.0658 -0.0124937
214.629 -0.0191751 0.00161053 -12.0779 12.0654 -0.0124883
214.64 -0.0191746 0.00161046 -12.0776 12.0651 -0.0124834
214.652 -0.0191752 0.00161071 -12.0772 12.0648 -0.0124778
214.663 -0.0191757 0.00161181 -12.0769 12.0644 -0.0124717
214.674 -0.0191754 0.00161316 -12.0766 12.0641 -0.0124649
214.685 -0.019175 0.00161389 -12.0762 12.0638 -0.012458
214.697 -0.0191747 0.00161534 -12.0759 12.0635 -0.0124524
214.708 -0.0191742 0.00161673 -12.0756 12.0632 -0.0124461
214.719 -0.0191729 0.001618 -12.0753 12.0629 -0.0124398
214.73 -0.0191718 0.00161985 -12.075 12.0626 -0.0124335
214.742 -0.0191715 0.00162126 -12.0747 12.0623 -0.0124271
214.753 -0.0191711 0.00162304 -12.0744 12.062 -0.0124207
214.764 -0.019171 0.00162516 -12.0741 12.0616 -0.0124143
214.775 -0.0191704 0.00162698 -12.0737 12.0613 -0.0124086
214.787 -0.0191701 0.00162832 -12.0734 12.061 -0.0124027
214.798 -0.01917 0.00163059 -12.0731 12.0607 -0.0123968
214.809 -0.019169 0.00163286 -12.0728 12.0604 -0.0123914
214.82 -0.019169 0.0016342 -12.0725 12.0601 -0.0123859
214.831 -0.0191676 0.00163593 -12.0722 12.0598 -0.0123802
214.843 -0.019166 0.00163722 -12.0719 12.0595 -0.0123737
214.854 -0.0191648 0.0016383 -12.0715 12.0592 -0.0123684
214.865 -0.0191624 0.00163939 -12.0713 12.0589 -0.0123636
214.876 -0.0191611 0.00163938 -12.0709 12.0586 -0.0123576
214.888 -0.01916 0.00164007 -12.0707 12.0583 -0.0123525
214.899 -0.019159 0.00164109 -12.0704 12.058 -0.012347
214.91 -0.0191571 0.00164123 -12.0701 12.0578 -0.0123424
214.921 -0.0191559 0.00164177 -12.0699 12.0575 -0.0123374
214.933 -0.0191553 0.00164292 -12.0696 12.0573 -0.012332
214.944 -0.0191545 0.0016441 -12.0694 12.0571 -0.0123262
214.955 -0.019154 0.0016449 -12.0692 12.0568 -0.0123202
214.966 -0.0191522 0.00164505 -12.069 12.0566 -0.0123157
214.978 -0.0191509 0.00164499 -12.0688 12.0564 -0.0123116
214.989 -0.0191491 0.00164462 -12.0685 12.0562 -0.0123058
215 -0.0191482 0.0016458 -12.0683 12.056 -0.0122991
215.011 -0.0191478 0.00164665 -12.0681 12.0558 -0.0122926
215.022 -0.0191474 0.00164658 -12.0679 12.0556 -0.0122862
215.034 -0.0191472 0.00164703 -12.0677 12.0554 -0.0122798
215.045 -0.0191469 0.00164788 -12.0675 12.0552 -0.0122727
215.056 -0.0191466 0.00164883 -12.0672 12.055 -0.0122649
215.067 -0.0191465 0.00164932 -12.0671 12.0548 -0.0122576
215.079 -0.019146 0.00164961 -12.0669 12.0547 -0.0122508
215.09 -0.0191457 0.00165094 -12.0667 12.0545 -0.0122436
215.101 -0.0191468 0.00165154 -12.0666 12.0543 -0.0122364
215.112 -0.019147 0.00165125 -12.0664 12.0542 -0.0122284
215.124 -0.0191479 0.00165189 -12.0663 12.0541 -0.012221
215.135 -0.0191484 0.00165299 -12.0662 12.054 -0.012215
215.146 -0.0191482 0.00165426 -12.0662 12.0539 -0.0122079
215.157 -0.0191477 0.00165639 -12.0661 12.0539 -0.0122018
215.169 -0.0191468 0.00165811 -12.066 12.0538 -0.0121948
215.18 -0.0191467 0.00166064 -12.066 12.0538 -0.0121882
215.191 -0.0191461 0.00166238 -12.0659 12.0537 -0.0121823
215.202 -0.019146 0.00166433 -12.0659 12.0537 -0.0121762
215.213 -0.019145 0.00166665 -12.0659 12.0537 -0.0121697
215.225 -0.0191445 0.00166903 -12.0659 12.0537 -0.0121635
215.236 -0.0191435 0.0016707 -12.0659 12.0537 -0.0121577
215.247 -0.0191421 0.0016724 -12.0659 12.0537 -0.0121514
215.258 -0.0191408 0.00167359 -12.0659 12.0537 -0.0121444
215.27 -0.0191387 0.00167465 -12.0659 12.0538 -0.0121382
215.281 -0.0191368 0.00167539 -12.066 12.0538 -0.012133
215.292 -0.0191358 0.00167715 -12.066 12.0539 -0.0121272
215.303 -0.0191341 0.00167843 -12.0661 12.054 -0.0121211
215.315 -0.019132 0.00167971 -12.0662 12.054 -0.0121154
215.326 -0.0191296 0.00168077 -12.0663 12.0542 -0.0121102
215.337 -0.019128 0.00168109 -12.0663 12.0542 -0.0121049
215.348 -0.0191257 0.00168216 -12.0664 12.0543 -0.0120991
215.36 -0.0191238 0.00168316 -12.0665 12.0544 -0.0120934
215.371 -0.0191226 0.00168325 -12.0666 12.0545 -0.0120872
215.382 -0.0191224 0.00168373 -12.0668 12.0547 -0.0120814
215.393 -0.0191218 0.00168351 -12.0669 12.0549 -0.0120749
215.404 -0.0191222 0.00168387 -12.0671 12.0551 -0.0120686
215.416 -0.0191225 0.00168415 -12.0674 12.0553 -0.0120601
215.427 -0.0191218 0.00168391 -12.0676 12.0556 -0.0120522
215.438 -0.0191211 0.00168485 -12.0679 12.0559 -0.0120442
215.449 -0.0191206 0.00168555 -12.0682 12.0562 -0.0120363
215.461 -0.0191205 0.00168651 -12.0686 12.0565 -0.0120276
215.472 -0.0191202 0.00168718 -12.0689 12.0569 -0.0120192
215.483 -0.0191199 0.00168833 -12.0694 12.0573 -0.0120105
215.494 -0.0191199 0.00168933 -12.0698 12.0578 -0.0120016
215.506 -0.0191199 0.00169141 -12.0703 12.0583 -0.0119925
215.517 -0.0191192 0.00169307 -12.0707 12.0587 -0.0119848
215.528 -0.0191193 0.00169421 -12.0712 12.0593 -0.0119784
215.539 -0.019119 0.00169525 -12.0717 12.0598 -0.0119732
215.551 -0.0191182 0.00169621 -12.0723 12.0603 -0.0119673
215.562 -0.0191174 0.00169688 -12.0728 12.0608 -0.0119607
215.573 -0.0191173 0.00169751 -12.0733 12.0614 -0.0119541
215.584 -0.0191177 0.00169836 -12.0739 12.0619 -0.0119468
215.596 -0.0191177 0.00169925 -12.0745 12.0625 -0.0119395
215.607 -0.0191166 0.00170043 -12.0751 12.0632 -0.0119322
215.618 -0.0191155 0.00170111 -12.0758 12.0639 -0.0119253
215.629 -0.0191147 0.00170203 -12.0765 12.0646 -0.011918
215.64 -0.0191147 0.00170335 -12.0772 12.0653 -0.0119098
215.652 -0.0191138 0.00170287 -12.078 12.0661 -0.0119025
215.663 -0.0191127 0.00170181 -12.0788 12.0669 -0.0118953
215.674 -0.019112 0.00170129 -12.0797 12.0678 -0.0118895
215.685 -0.0191119 0.00170067 -12.0805 12.0686 -0.0118832
215.697 -0.0191121 0.00170096 -12.0814 12.0695 -0.0118762
215.708 -0.0191119 0.00170061 -12.0823 12.0704 -0.0118681
215.719 -0.0191116 0.00170093 -12.0832 12.0714 -0.01186
215.73 -0.019111 0.00170199 -12.0842 12.0724 -0.0118525
215.742 -0.0191094 0.00170326 -12.0852 12.0734 -0.0118455
215.753 -0.0191078 0.00170524 -12.0862 12.0744 -0.0118383
215.764 -0.0191073 0.00170745 -12.0873 12.0754 -0.0118312
215.775 -0.0191072 0.00170987 -12.0884 12.0765 -0.0118246
215.787 -0.0191074 0.00171165 -12.0895 12.0777 -0.0118174
215.798 -0.0191061 0.00171318 -12.0906 12.0788 -0.0118098
215.809 -0.0191049 0.00171542 -12.0918 12.08 -0.0118027
215.82 -0.0191042 0.00171755 -12.093 12.0812 -0.0117952
215.831 -0.0191041 0.00171996 -12.0943 12.0825 -0.0117889
215.843 -0.0191041 0.00172258 -12.0955 12.0837 -0.011782
215.854 -0.0191041 0.00172527 -12.0968 12.085 -0.0117753
215.865 -0.0191035 0.00172781 -12.0981 12.0863 -0.0117679
215.876 -0.0191032 0.00173061 -12.0994 12.0876 -0.0117612
215.888 -0.0191028 0.00173328 -12.1007 12.0889 -0.0117543
215.899 -0.0191017 0.00173539 -12.102 12.0903 -0.0117481
215.91 -0.0191007 0.00173764 -12.1034 12.0916 -0.0117421
215.921 -0.0191006 0.00174052 -12.1048 12.093 -0.0117359
215.933 -0.0191001 0.00174161 -12.1061 12.0944 -0.0117299
215.944 -0.0190993 0.00174184 -12.1075 12.0958 -0.0117236
215.955 -0.0190985 0.00174241 -12.1089 12.0972 -0.0117177
215.966 -0.0190973 0.00174354 -12.1104 12.0986 -0.0117112
215.978 -0.0190962 0.00174478 -12.1118 12.1001 -0.0117045
215.989 -0.0190951 0.00174588 -12.1133 12.1016 -0.0116976
216 -0.0190935 0.0017463 -12.1147 12.103 -0.0116904
216.011 -0.0190927 0.00174609 -12.1162 12.1046 -0.0116835
216.022 -0.0190921 0.00174676 -12.1177 12.1061 -0.0116763
216.034 -0.0190919 0.00174742 -12.1193 12.1076 -0.011668
216.045 -0.0190915 0.00174754 -12.1208 12.1092 -0.0116597
216.056 -0.0190909 0.00174764 -12.1224 12.1108 -0.0116508
216.067 -0.0190904 0.00174828 -12.124 12.1124 -0.0116431
216.079 -0.0190903 0.00175008 -12.1257 12.114 -0.0116353
216.09 -0.0190899 0.00175136 -12.1273 12.1156 -0.011627
216.101 -0.0190899 0.00175276 -12.1289 12.1173 -0.011619
216.112 -0.0190896 0.00175472 -12.1306 12.119 -0.0116111
216.124 -0.0190902 0.00175586 -12.1323 12.1207 -0.0116031
216.135 -0.0190907 0.00175752 -12.1341 12.1225 -0.0115943
216.146 -0.0190913 0.00175929 -12.1358 12.1243 -0.0115874
216.157 -0.0190912 0.00175967 -12.1376 12.126 -0.0115802
216.169 -0.0190913 0.00175989 -12.1394 12.1278 -0.0115742
216.18 -0.0190912 0.0017598 -12.1412 12.1297 -0.011568
216.191 -0.0190905 0.00176055 -12.143 12.1314 -0.0115622
216.202 -0.0190892 0.00176283 -12.1448 12.1333 -0.0115561
216.213 -0.0190888 0.00176511 -12.1466 12.135 -0.0115501
216.225 -0.0190893 0.00176684 -12.1484 12.1368 -0.0115438
216.236 -0.0190889 0.0017687 -12.1502 12.1386 -0.0115376
216.247 -0.0190888 0.00177051 -12.152 12.1404 -0.0115318
216.258 -0.0190887 0.00177288 -12.1538 12.1423 -0.0115252
216.27 -0.0190887 0.0017752 -12.1556 12.1441 -0.0115195
216.281 -0.0190888 0.00177706 -12.1574 12.1459 -0.0115151
216.292 -0.0190885 0.0017793 -12.1593 12.1478 -0.0115094
216.303 -0.0190889 0.00178151 -12.1611 12.1496 -0.011503
216.315 -0.0190897 0.00178324 -12.1629 12.1515 -0.0114969
216.326 -0.0190901 0.00178514 -12.1648 12.1533 -0.0114907
216.337 -0.0190894 0.00178674 -12.1666 12.1552 -0.0114836
216.348 -0.0190883 0.00178896 -12.1685 12.157 -0.0114771
216.36 -0.0190875 0.00179121 -12.1703 12.1589 -0.0114703
216.371 -0.0190865 0.00179346 -12.1722 12.1607 -0.0114635
216.382 -0.0190855 0.00179569 -12.1741 12.1626 -0.0114561
216.393 -0.0190843 0.00179884 -12.176 12.1645 -0.0114494
216.404 -0.0190835 0.00180146 -12.1778 12.1664 -0.0114426
216.416 -0.0190831 0.00180349 -12.1797 12.1683 -0.0114351
216.427 -0.0190829 0.0018052 -12.1816 12.1702 -0.0114282
216.438 -0.0190834 0.00180753 -12.1835 12.1721 -0.0114208
216.449 -0.0190836 0.00181004 -12.1855 12.174 -0.0114135
216.461 -0.0190832 0.00181273 -12.1874 12.176 -0.0114076
216.472 -0.0190828 0.00181508 -12.1893 12.1779 -0.0114017
216.483 -0.0190828 0.00181853 -12.1912 12.1798 -0.0113965
216.494 -0.0190826 0.00182072 -12.193 12.1817 -0.0113916
216.506 -0.0190821 0.00182328 -12.1949 12.1835 -0.0113862
216.517 -0.0190817 0.0018266 -12.1968 12.1854 -0.0113814
216.528 -0.0190819 0.00182879 -12.1986 12.1872 -0.0113769
216.539 -0.0190817 0.00183105 -12.2004 12.189 -0.0113721
216.551 -0.0190819 0.00183266 -12.2022 12.1909 -0.0113675
216.562 -0.0190811 0.00183499 -12.204 12.1927 -0.0113626
216.573 -0.0190796 0.00183739 -12.2058 12.1945 -0.0113578
216.584 -0.0190782 0.00184015 -12.2077 12.1963 -0.0113528
216.596 -0.0190764 0.00184163 -12.2095 12.1981 -0.0113484
216.607 -0.0190759 0.00184434 -12.2113 12.1999 -0.0113439
216.618 -0.0190757 0.00184695 -12.2131 12.2018 -0.0113393
216.629 -0.0190745 0.0018495 -12.2149 12.2036 -0.011334
216.64 -0.0190734 0.00185212 -12.2167 12.2054 -0.0113287
216.652 -0.019072 0.00185522 -12.2186 12.2073 -0.0113234
216.663 -0.0190702 0.00185817 -12.2204 12.2091 -0.0113179
216.674 -0.0190697 0.00186011 -12.2222 12.2109 -0.0113126
216.685 -0.0190684 0.00186288 -12.224 12.2127 -0.0113075
216.697 -0.019067 0.00186601 -12.2257 12.2144 -0.0113013
216.708 -0.0190646 0.00186842 -12.2275 12.2162 -0.0112962
216.719 -0.0190627 0.00187111 -12.2293 12.218 -0.0112907
216.73 -0.019061 0.00187416 -12.2311 12.2198 -0.0112846
216.742 -0.0190597 0.00187775 -12.2328 12.2216 -0.0112776
216.753 -0.0190571 0.00188071 -12.2347 12.2234 -0.0112716
216.764 -0.0190542 0.00188302 -12.2365 12.2252 -0.0112656
216.775 -0.0190517 0.00188528 -12.2383 12.227 -0.0112597
216.787 -0.0190499 0.00188703 -12.2401 12.2289 -0.0112536
216.798 -0.0190484 0.00188744 -12.2419 12.2307 -0.0112473
216.809 -0.019047 0.00188914 -12.2438 12.2325 -0.0112407
216.82 -0.019046 0.00189098 -12.2456 12.2344 -0.0112341
216.831 -0.0190438 0.00189287 -12.2474 12.2362 -0.0112271
216.843 -0.0190431 0.00189583 -12.2493 12.2381 -0.0112209
216.854 -0.0190419 0.00189798 -12.2511 12.2399 -0.0112153
216.865 -0.0190399 0.00190102 -12.2529 12.2417 -0.0112089
216.876 -0.0190387 0.00190374 -12.2547 12.2435 -0.0112044
216.888 -0.0190367 0.00190608 -12.2565 12.2453 -0.0111998
216.899 -0.0190339 0.00190881 -12.2583 12.2471 -0.0111954
216.91 -0.0190312 0.00191085 -12.26 12.2489 -0.0111912
216.921 -0.019029 0.00191351 -12.2618 12.2506 -0.0111862
216.933 -0.0190275 0.00191525 -12.2635 12.2523 -0.0111802
216.944 -0.0190262 0.0019176 -12.2652 12.254 -0.0111748
216.955 -0.0190251 0.00191906 -12.2668 12.2557 -0.0111693
216.966 -0.0190233 0.00191994 -12.2685 12.2573 -0.0111637
216.978 -0.0190219 0.00192088 -12.2701 12.259 -0.0111575
216.989 -0.0190208 0.00192192 -12.2718 12.2606 -0.0111525
217 -0.0190198 0.00192325 -12.2734 12.2623 -0.0111465
217.011 -0.0190183 0.00192504 -12.275 12.2639 -0.0111404
217.022 -0.0190174 0.00192685 -12.2766 12.2655 -0.0111355
217.034 -0.019016 0.00192865 -12.2782 12.2671 -0.0111304
217.045 -0.0190142 0.00193022 -12.2798 12.2687 -0.0111254
217.056 -0.0190127 0.00193269 -12.2815 12.2703 -0.0111198
217.067 -0.0190121 0.00193546 -12.2831 12.2719 -0.0111138
217.079 -0.0190116 0.00193703 -12.2847 12.2736 -0.0111085
217.09 -0.0190116 0.0019392 -12.2863 12.2752 -0.0111033
217.101 -0.0190115 0.00194148 -12.2878 12.2767 -0.0110986
217.112 -0.019011 0.00194305 -12.2894 12.2783 -0.0110936
217.124 -0.0190101 0.00194499 -12.291 12.2799 -0.0110888
217.135 -0.0190083 0.00194683 -12.2925 12.2814 -0.0110833
217.146 -0.0190064 0.00194905 -12.2941 12.283 -0.0110787
217.157 -0.0190038 0.00195106 -12.2956 12.2845 -0.0110734
217.169 -0.0190005 0.00195324 -12.2971 12.2861 -0.0110684
217.18 -0.0189978 0.00195462 -12.2987 12.2876 -0.0110625
217.191 -0.0189946 0.00195588 -12.3002 12.2891 -0.0110572
217.202 -0.0189916 0.0019567 -12.3016 12.2906 -0.0110513
217.213 -0.0189891 0.00195805 -12.3031 12.2921 -0.0110462
217.225 -0.0189868 0.00195857 -12.3046 12.2935 -0.011041
217.236 -0.0189844 0.00195927 -12.306 12.2949 -0.0110351
217.247 -0.0189831 0.00195984 -12.3074 12.2964 -0.0110302
217.258 -0.0189818 0.00196101 -12.3088 12.2978 -0.011024
217.27 -0.0189809 0.00196296 -12.3102 12.2992 -0.0110178
217.281 -0.0189797 0.00196459 -12.3116 12.3006 -0.011011
217.292 -0.0189773 0.00196617 -12.313 12.302 -0.0110048
217.303 -0.0189764 0.00196874 -12.3144 12.3034 -0.0109977
217.315 -0.018974 0.00197089 -12.3157 12.3048 -0.0109914
217.326 -0.0189715 0.00197239 -12.3171 12.3061 -0.0109853
217.337 -0.018969 0.00197413 -12.3185 12.3075 -0.0109785
217.348 -0.0189663 0.00197583 -12.3198 12.3089 -0.010972
217.36 -0.0189642 0.00197728 -12.3212 12.3102 -0.0109668
217.371 -0.0189622 0.00197847 -12.3225 12.3115 -0.0109596
217.382 -0.0189609 0.00198011 -12.3238 12.3128 -0.0109521
217.393 -0.0189585 0.00198213 -12.3251 12.3142 -0.0109455
217.404 -0.0189573 0.00198351 -12.3264 12.3155 -0.0109385
217.416 -0.0189558 0.00198548 -12.3277 12.3168 -0.0109318
217.427 -0.0189539 0.00198818 -12.329 12.3181 -0.0109255
217.438 -0.0189519 0.0019907 -12.3302 12.3193 -0.0109186
217.449 -0.01895 0.00199316 -12.3315 12.3206 -0.0109124
217.461 -0.0189487 0.00199557 -12.3327 12.3218 -0.0109067
217.472 -0.0189467 0.00199757 -12.3339 12.323 -0.0109008
217.483 -0.0189452 0.00200002 -12.3351 12.3242 -0.0108953
217.494 -0.0189437 0.00200305 -12.3362 12.3253 -0.0108895
217.506 -0.0189409 0.00200554 -12.3373 12.3265 -0.0108834
217.517 -0.0189381 0.00200752 -12.3385 12.3276 -0.0108762
217.528 -0.0189352 0.00200956 -12.3396 12.3287 -0.0108696
217.539 -0.0189324 0.00201055 -12.3406 12.3297 -0.0108631
217.551 -0.0189298 0.00201223 -12.3416 12.3308 -0.0108571
217.562 -0.018927 0.00201426 -12.3427 12.3318 -0.0108515
217.573 -0.0189241 0.00201598 -12.3437 12.3328 -0.0108456
217.584 -0.0189209 0.00201766 -12.3446 12.3338 -0.0108404
217.596 -0.018918 0.00201909 -12.3456 12.3348 -0.0108347
217.607 -0.0189158 0.00201939 -12.3465 12.3356 -0.0108289
217.618 -0.0189137 0.00202048 -12.3473 12.3365 -0.0108232
217.629 -0.0189105 0.00202212 -12.3482 12.3374 -0.0108175
217.64 -0.0189074 0.00202328 -12.349 12.3382 -0.0108123
217.652 -0.0189043 0.00202516 -12.3498 12.339 -0.0108065
217.663 -0.0189022 0.00202672 -12.3505 12.3397 -0.0108008
217.674 -0.0189008 0.00202857 -12.3512 12.3404 -0.0107938
217.685 -0.0188989 0.00203153 -12.3519 12.3411 -0.0107873
217.697 -0.0188963 0.00203387 -12.3525 12.3418 -0.0107814
217.708 -0.0188934 0.00203558 -12.3531 12.3423 -0.010775
217.719 -0.0188922 0.00203699 -12.3536 12.3429 -0.0107681
217.73 -0.0188901 0.00203885 -12.3542 12.3434 -0.010762
217.742 -0.0188881 0.00204037 -12.3547 12.3439 -0.0107561
217.753 -0.0188862 0.00204252 -12.3551 12.3444 -0.0107496
217.764 -0.0188852 0.00204454 -12.3556 12.3448 -0.0107435
217.775 -0.018884 0.00204731 -12.3559 12.3452 -0.0107368
217.787 -0.018882 0.00204948 -12.3562 12.3455 -0.0107302
217.798 -0.0188811 0.00205131 -12.3565 12.3458 -0.0107238
217.809 -0.0188803 0.00205274 -12.3567 12.346 -0.0107167
217.82 -0.0188793 0.00205332 -12.3569 12.3462 -0.0107104
217.831 -0.0188775 0.00205447 -12.357 12.3463 -0.0107037
217.843 -0.0188759 0.00205495 -12.3571 12.3464 -0.0106968
217.854 -0.0188744 0.00205622 -12.3571 12.3464 -0.0106896
217.865 -0.0188728 0.00205718 -12.357 12.3463 -0.0106832
217.876 -0.0188723 0.00205866 -12.3569 12.3462 -0.0106768
217.888 -0.0188703 0.00205928 -12.3567 12.346 -0.010671
217.899 -0.0188688 0.00205957 -12.3564 12.3457 -0.0106659
217.91 -0.0188673 0.0020597 -12.356 12.3453 -0.0106602
217.921 -0.0188652 0.00205987 -12.3555 12.3449 -0.0106552
217.933 -0.0188626 0.00206093 -12.355 12.3444 -0.0106497
217.944 -0.0188603 0.00206254 -12.3544 12.3437 -0.0106442
217.955 -0.0188586 0.0020631 -12.3536 12.343 -0.0106385
217.966 -0.0188573 0.00206376 -12.3528 12.3422 -0.0106327
217.978 -0.018856 0.00206431 -12.3519 12.3413 -0.0106271
217.989 -0.0188548 0.00206509 -12.3509 12.3403 -0.010621
218 -0.0188538 0.00206592 -12.3498 12.3392 -0.010615
218.011 -0.0188536 0.00206656 -12.3486 12.338 -0.0106091
218.022 -0.0188526 0.00206748 -12.3473 12.3367 -0.0106034
218.034 -0.0188515 0.00206826 -12.3459 12.3353 -0.0105971
218.045 -0.0188504 0.00206835 -12.3444 12.3338 -0.0105913
218.056 -0.0188485 0.00206824 -12.3428 12.3322 -0.0105863
218.067 -0.0188473 0.00206823 -12.341 12.3305 -0.0105809
218.079 -0.0188459 0.00206866 -12.3392 12.3286 -0.0105763
218.09 -0.0188441 0.00206797 -12.3372 12.3267 -0.010571
218.101 -0.0188427 0.00206757 -12.3352 12.3246 -0.0105658
218.112 -0.018842 0.00206595 -12.333 12.3224 -0.0105605
218.124 -0.0188415 0.00206423 -12.3307 12.3201 -0.0105552
218.135 -0.0188394 0.00206318 -12.3283 12.3178 -0.0105499
218.146 -0.0188367 0.00206242 -12.3258 12.3152 -0.0105446
218.157 -0.0188343 0.00206159 -12.3231 12.3126 -0.0105394
218.169 -0.0188323 0.00206129 -12.3204 12.3098 -0.0105337
218.18 -0.0188298 0.0020611 -12.3175 12.3069 -0.010528
218.191 -0.0188273 0.00206158 -12.3144 12.3039 -0.0105215
218.202 -0.0188249 0.00206145 -12.3113 12.3008 -0.0105162
218.213 -0.0188221 0.00206108 -12.3081 12.2976 -0.0105099
218.225 -0.0188199 0.00206085 -12.3047 12.2942 -0.0105037
218.236 -0.0188181 0.00206104 -12.3012 12.2907 -0.010498
218.247 -0.018817 0.00206136 -12.2976 12.2871 -0.0104932
218.258 -0.018816 0.00206133 -12.2938 12.2833 -0.0104888
218.27 -0.0188151 0.00206137 -12.2899 12.2794 -0.0104839
218.281 -0.0188131 0.00206215 -12.2859 12.2754 -0.0104784
218.292 -0.0188117 0.00206326 -12.2818 12.2713 -0.0104733
218.303 -0.0188092 0.00206299 -12.2775 12.267 -0.010469
218.315 -0.0188067 0.00206366 -12.2731 12.2626 -0.0104643
218.326 -0.0188058 0.00206355 -12.2686 12.2581 -0.0104591
218.337 -0.0188045 0.00206364 -12.2639 12.2535 -0.0104544
218.348 -0.0188029 0.00206418 -12.2591 12.2487 -0.010449
218.36 -0.0188011 0.00206382 -12.2543 12.2438 -0.010443
218.371 -0.0187988 0.00206334 -12.2493 12.2389 -0.0104376
218.382 -0.018797 0.00206284 -12.2442 12.2337 -0.0104317
218.393 -0.018795 0.00206224 -12.239 12.2285 -0.0104253
218.404 -0.0187931 0.00206165 -12.2337 12.2233 -0.010419
218.416 -0.0187919 0.00206069 -12.2282 12.2178 -0.0104121
218.427 -0.0187897 0.00206038 -12.2227 12.2123 -0.0104043
218.438 -0.0187869 0.00206073 -12.2171 12.2067 -0.0103974
218.449 -0.0187848 0.00206196 -12.2113 12.201 -0.0103903
218.461 -0.0187826 0.00206262 -12.2055 12.1951 -0.0103839
218.472 -0.0187805 0.00206281 -12.1995 12.1892 -0.0103784
218.483 -0.0187777 0.00206274 -12.1935 12.1831 -0.0103731
218.494 -0.0187753 0.00206254 -12.1872 12.1769 -0.0103671
218.506 -0.0187729 0.00206189 -12.1809 12.1706 -0.0103618
218.517 -0.0187706 0.00206113 -12.1745 12.1642 -0.010357
218.528 -0.0187681 0.00206015 -12.168 12.1576 -0.0103524
218.539 -0.0187661 0.00205989 -12.1613 12.151 -0.0103494
218.551 -0.0187643 0.00206002 -12.1545 12.1442 -0.0103452
218.562 -0.0187626 0.00205921 -12.1476 12.1373 -0.0103402
218.573 -0.0187608 0.00205834 -12.1407 12.1303 -0.0103355
218.584 -0.0187596 0.00205795 -12.1335 12.1232 -0.010331
218.596 -0.0187585 0.00205763 -12.1263 12.116 -0.0103258
218.607 -0.0187573 0.00205839 -12.119 12.1087 -0.010322
218.618 -0.0187558 0.00205934 -12.1116 12.1012 -0.010317
218.629 -0.0187533 0.00206022 -12.104 12.0937 -0.0103118
218.64 -0.018751 0.00206093 -12.0964 12.0861 -0.0103063
218.652 -0.0187486 0.00206139 -12.0887 12.0784 -0.0103005
218.663 -0.018746 0.00206232 -12.0808 12.0706 -0.0102948
218.674 -0.0187428 0.00206322 -12.0729 12.0627 -0.0102895
218.685 -0.0187397 0.00206422 -12.0649 12.0546 -0.0102838
218.697 -0.0187379 0.00206414 -12.0568 12.0465 -0.0102769
218.708 -0.0187361 0.00206319 -12.0486 12.0383 -0.010271
218.719 -0.018734 0.00206312 -12.0404 12.0301 -0.0102654
218.73 -0.0187319 0.00206261 -12.032 12.0218 -0.0102595
218.742 -0.0187299 0.00206226 -12.0236 12.0134 -0.0102542
218.753 -0.0187274 0.00206124 -12.0151 12.0048 -0.0102488
218.764 -0.0187251 0.00205966 -12.0065 11.9963 -0.0102433
218.775 -0.0187219 0.00205909 -11.9978 11.9876 -0.0102387
218.787 -0.0187195 0.00205852 -11.9891 11.9789 -0.0102331
218.798 -0.0187171 0.00205802 -11.9803 11.9701 -0.010226
218.809 -0.0187148 0.00205737 -11.9714 11.9612 -0.0102192
218.82 -0.018714 0.00205702 -11.9625 11.9523 -0.0102117
218.831 -0.0187123 0.00205696 -11.9535 11.9433 -0.0102056
218.843 -0.0187106 0.00205684 -11.9445 11.9343 -0.0101996
218.854 -0.0187086 0.00205774 -11.9354 11.9252 -0.0101937
218.865 -0.0187076 0.00205837 -11.9261 11.9159 -0.0101867
218.876 -0.0187059 0.00205766 -11.9169 11.9067 -0.0101803
218.888 -0.0187039 0.0020573 -11.9075 11.8973 -0.0101734
218.899 -0.0187015 0.00205652 -11.8981 11.8879 -0.0101663
218.91 -0.0187004 0.0020559 -11.8886 11.8785 -0.0101597
218.921 -0.0186986 0.00205561 -11.8791 11.869 -0.0101541
218.933 -0.018697 0.00205469 -11.8695 11.8594 -0.0101487
218.944 -0.0186956 0.00205369 -11.8599 11.8498 -0.0101441
218.955 -0.0186937 0.00205245 -11.8503 11.8401 -0.0101381
218.966 -0.0186909 0.00205104 -11.8406 11.8304 -0.0101332
218.978 -0.0186879 0.00204934 -11.8308 11.8207 -0.010129
218.989 -0.0186861 0.00204775 -11.8211 11.8109 -0.0101242
219 -0.0186844 0.00204708 -11.8112 11.8011 -0.0101198
219.011 -0.0186826 0.00204658 -11.8014 11.7912 -0.0101154
219.022 -0.0186814 0.00204626 -11.7914 11.7813 -0.0101101
219.034 -0.0186805 0.00204625 -11.7815 11.7714 -0.0101055
219.045 -0.0186785 0.002046 -11.7715 11.7614 -0.0101003
219.056 -0.0186768 0.00204574 -11.7615 11.7514 -0.0100948
219.067 -0.0186761 0.00204652 -11.7514 11.7413 -0.0100896
219.079 -0.0186752 0.00204687 -11.7414 11.7313 -0.0100838
219.09 -0.0186738 0.00204631 -11.7312 11.7212 -0.0100788
219.101 -0.0186721 0.00204578 -11.7211 11.711 -0.0100738
219.112 -0.018671 0.00204533 -11.7109 11.7009 -0.0100691
219.124 -0.0186696 0.00204562 -11.7007 11.6907 -0.010064
219.135 -0.0186679 0.00204601 -11.6905 11.6804 -0.0100595
219.146 -0.0186661 0.00204642 -11.6802 11.6702 -0.0100546
219.157 -0.0186639 0.00204606 -11.6699 11.6599 -0.0100487
219.169 -0.0186609 0.00204537 -11.6596 11.6496 -0.0100437
219.18 -0.0186583 0.00204387 -11.6493 11.6393 -0.0100378
219.191 -0.0186555 0.0020425 -11.639 11.629 -0.0100319
219.202 -0.0186531 0.0020413 -11.6287 11.6186 -0.010026
219.213 -0.0186503 0.00203983 -11.6184 11.6084 -0.0100199
219.225 -0.0186478 0.00203938 -11.6081 11.5981 -0.0100144
219.236 -0.0186453 0.0020387 -11.5978 11.5878 -0.0100094
219.247 -0.0186431 0.0020382 -11.5875 11.5775 -0.0100051
219.258 -0.0186408 0.00203718 -11.5771 11.5671 -0.0100003
219.27 -0.0186387 0.00203571 -11.5668 11.5568 -0.00999662
219.281 -0.0186366 0.00203349 -11.5565 11.5465 -0.00999272
219.292 -0.018635 0.00203117 -11.5461 11.5362 -0.00998761
219.303 -0.0186327 0.00202894 -11.5358 11.5258 -0.00998283
219.315 -0.0186304 0.00202729 -11.5255 11.5155 -0.00997804
219.326 -0.0186281 0.00202625 -11.5152 11.5052 -0.00997383
219.337 -0.0186263 0.00202587 -11.5049 11.4949 -0.00996976
219.348 -0.0186252 0.00202434 -11.4946 11.4846 -0.0099649
219.36 -0.0186241 0.00202379 -11.4842 11.4743 -0.00996068
219.371 -0.0186229 0.00202387 -11.4739 11.4639 -0.00995601
219.382 -0.0186218 0.00202304 -11.4635 11.4536 -0.00995109
219.393 -0.0186206 0.00202213 -11.4532 11.4432 -0.00994509
219.404 -0.0186196 0.00202168 -11.4429 11.4329 -0.00993967
219.416 -0.018618 0.00202066 -11.4325 11.4226 -0.00993388
219.427 -0.0186171 0.00202071 -11.4222 11.4123 -0.00992863
219.438 -0.0186153 0.00202037 -11.4119 11.402 -0.00992404
219.449 -0.018614 0.00201994 -11.4016 11.3917 -0.00991934
219.461 -0.0186124 0.0020201 -11.3914 11.3814 -0.00991543
219.472 -0.0186109 0.00201935 -11.381 11.3711 -0.0099101
219.483 -0.0186096 0.00201956 -11.3707 11.3608 -0.00990603
219.494 -0.0186087 0.00201977 -11.3604 11.3505 -0.00990029
219.506 -0.0186081 0.00201898 -11.3501 11.3403 -0.00989502
219.517 -0.0186076 0.0020178 -11.3399 11.33 -0.00988977
219.528 -0.0186073 0.00201584 -11.3296 11.3198 -0.00988396
219.539 -0.0186063 0.00201447 -11.3194 11.3095 -0.00987774
219.551 -0.0186044 0.00201274 -11.3092 11.2993 -0.00987259
219.562 -0.0186035 0.00201081 -11.299 11.2891 -0.00986585
219.573 -0.0186021 0.00200945 -11.2888 11.2789 -0.00986035
219.584 -0.0185997 0.00200769 -11.2787 11.2688 -0.0098549
219.596 -0.0185968 0.00200617 -11.2685 11.2586 -0.00984832
219.607 -0.0185945 0.00200386 -11.2584 11.2485 -0.00984108
219.618 -0.0185925 0.00200246 -11.2482 11.2384 -0.00983564
219.629 -0.0185913 0.00200088 -11.2381 11.2283 -0.00983046
219.64 -0.0185908 0.00199887 -11.228 11.2182 -0.00982528
219.652 -0.0185903 0.00199779 -11.2179 11.2081 -0.00981984
219.663 -0.0185897 0.0019968 -11.2078 11.198 -0.00981375
219.674 -0.0185902 0.00199624 -11.1977 11.1879 -0.00980869
219.685 -0.0185904 0.00199531 -11.1877 11.1779 -0.00980458
219.697 -0.0185908 0.00199391 -11.1776 11.1678 -0.00979894
219.708 -0.0185904 0.0019931 -11.1675 11.1577 -0.0097937
219.719 -0.0185892 0.00199264 -11.1575 11.1477 -0.00978887
219.73 -0.0185884 0.00199232 -11.1474 11.1376 -0.00978403
219.742 -0.0185868 0.0019928 -11.1374 11.1276 -0.00977954
219.753 -0.0185852 0.00199381 -11.1274 11.1176 -0.00977485
219.764 -0.0185832 0.00199377 -11.1173 11.1076 -0.00976915
219.775 -0.0185815 0.00199222 -11.1074 11.0976 -0.00976335
219.787 -0.0185791 0.00199177 -11.0974 11.0877 -0.00975761
219.798 -0.0185777 0.00199076 -11.0875 11.0778 -0.00975151
219.809 -0.018576 0.00198911 -11.0776 11.0679 -0.00974545
219.82 -0.018575 0.00198758 -11.0678 11.0581 -0.00973952
219.831 -0.0185735 0.00198511 -11.058 11.0483 -0.0097335
219.843 -0.0185714 0.00198283 -11.0483 11.0386 -0.00972762
219.854 -0.0185697 0.00198102 -11.0386 11.0289 -0.00972228
219.865 -0.0185684 0.00197967 -11.029 11.0193 -0.00971601
219.876 -0.0185671 0.00197748 -11.0194 11.0097 -0.00971034
219.888 -0.0185651 0.0019757 -11.0099 11.0002 -0.00970513
219.899 -0.0185625 0.00197502 -11.0004 10.9907 -0.00969916
219.91 -0.0185608 0.00197505 -10.991 10.9813 -0.0096947
219.921 -0.0185594 0.00197494 -10.9815 10.9718 -0.00969049
219.933 -0.0185579 0.0019747 -10.9722 10.9625 -0.00968625
219.944 -0.0185567 0.00197446 -10.9628 10.9531 -0.00968162
219.955 -0.0185555 0.00197174 -10.9535 10.9439 -0.009676
219.966 -0.0185541 0.00196929 -10.9443 10.9346 -0.00966942
219.978 -0.0185534 0.00196661 -10.935 10.9254 -0.00966315
219.989 -0.0185522 0.00196437 -10.9259 10.9162 -0.0096571
220 -0.0185509 0.0019623 -10.9168 10.9071 -0.00965161
220.011 -0.0185495 0.00196037 -10.9077 10.898 -0.00964608
220.022 -0.0185484 0.00195952 -10.8987 10.8891 -0.00964035
220.034 -0.0185477 0.00195849 -10.8898 10.8801 -0.00963324
220.045 -0.0185474 0.00195702 -10.8809 10.8712 -0.00962629
220.056 -0.0185461 0.00195583 -10.8721 10.8624 -0.00962026
220.067 -0.0185445 0.00195529 -10.8633 10.8536 -0.00961386
220.079 -0.0185435 0.00195449 -10.8545 10.8449 -0.00960792
220.09 -0.0185427 0.0019533 -10.8458 10.8362 -0.00960117
220.101 -0.0185428 0.00195189 -10.8372 10.8276 -0.00959474
220.112 -0.0185413 0.00195104 -10.8287 10.8191 -0.0095892
220.124 -0.01854 0.00194958 -10.8202 10.8106 -0.00958303
220.135 -0.0185389 0.00194903 -10.8118 10.8022 -0.00957742
220.146 -0.0185377 0.00194807 -10.8034 10.7938 -0.00957281
220.157 -0.0185361 0.00194614 -10.7951 10.7855 -0.00956751
220.169 -0.0185351 0.00194453 -10.7869 10.7773 -0.00956145
220.18 -0.0185347 0.00194257 -10.7788 10.7692 -0.00955464
220.191 -0.0185339 0.00194083 -10.7707 10.7612 -0.00954836
220.202 -0.0185336 0.00194017 -10.7628 10.7533 -0.00954122
220.213 -0.0185325 0.00193956 -10.755 10.7455 -0.00953498
220.225 -0.0185321 0.00193827 -10.7472 10.7377 -0.00953021
220.236 -0.0185322 0.00193709 -10.7395 10.73 -0.00952461
220.247 -0.0185317 0.0019371 -10.7318 10.7223 -0.00951855
220.258 -0.0185312 0.00193662 -10.7243 10.7148 -0.0095128
220.27 -0.0185304 0.00193621 -10.7169 10.7074 -0.00950717
220.281 -0.0185299 0.00193547 -10.7095 10.7 -0.00950082
220.292 -0.0185296 0.00193387 -10.7023 10.6928 -0.00949294
220.303 -0.0185291 0.00193236 -10.6952 10.6857 -0.00948652
220.315 -0.0185287 0.00193085 -10.6882 10.6787 -0.00948002
220.326 -0.018528 0.00193055 -10.6812 10.6718 -0.00947479
220.337 -0.0185269 0.00192995 -10.6744 10.6649 -0.00946972
220.348 -0.018526 0.00192886 -10.6676 10.6581 -0.00946394
220.36 -0.0185253 0.00192713 -10.6609 10.6514 -0.00945936
220.371 -0.0185248 0.0019259 -10.6543 10.6448 -0.00945411
220.382 -0.0185238 0.00192457 -10.6477 10.6383 -0.00944821
220.393 -0.0185222 0.00192417 -10.6413 10.6319 -0.00944311
220.404 -0.0185208 0.00192407 -10.6349 10.6255 -0.00943829
220.416 -0.0185188 0.00192371 -10.6286 10.6192 -0.00943325
220.427 -0.0185168 0.00192331 -10.6224 10.613 -0.00942788
220.438 -0.0185148 0.00192264 -10.6163 10.6069 -0.00942248
220.449 -0.0185127 0.00192114 -10.6104 10.6009 -0.009416
220.461 -0.0185113 0.00192035 -10.6045 10.5951 -0.00940873
220.472 -0.0185097 0.00191948 -10.5987 10.5893 -0.00940182
220.483 -0.0185082 0.00191899 -10.5931 10.5837 -0.00939565
220.494 -0.0185081 0.00191749 -10.5876 10.5782 -0.00938966
220.506 -0.0185074 0.00191744 -10.5821 10.5727 -0.00938337
220.517 -0.0185082 0.00191715 -10.5768 10.5674 -0.00937813
220.528 -0.0185084 0.00191628 -10.5716 10.5622 -0.00937238
220.539 -0.0185085 0.00191426 -10.5664 10.5571 -0.00936686
220.551 -0.0185085 0.00191149 -10.5614 10.5521 -0.00936012
220.562 -0.0185081 0.0019088 -10.5565 10.5472 -0.009354
220.573 -0.0185078 0.00190703 -10.5517 10.5423 -0.00934849
220.584 -0.0185068 0.00190569 -10.547 10.5376 -0.00934289
220.596 -0.0185052 0.00190476 -10.5423 10.533 -0.00933844
220.607 -0.0185032 0.00190379 -10.5378 10.5285 -0.00933316
220.618 -0.0185019 0.00190334 -10.5334 10.524 -0.00932776
220.629 -0.018501 0.00190189 -10.529 10.5197 -0.00932156
220.64 -0.0185009 0.0019002 -10.5248 10.5155 -0.00931456
220.652 -0.0185006 0.00189858 -10.5207 10.5114 -0.0093072
220.663 -0.0185004 0.00189716 -10.5167 10.5074 -0.00930035
220.674 -0.0185 0.0018953 -10.5127 10.5034 -0.00929405
220.685 -0.0184991 0.00189334 -10.5089 10.4997 -0.00928788
220.697 -0.0184979 0.00189165 -10.5053 10.496 -0.0092823
220.708 -0.018497 0.00189035 -10.5017 10.4924 -0.00927575
220.719 -0.0184964 0.00188876 -10.4983 10.489 -0.00926901
220.73 -0.018496 0.00188637 -10.495 10.4857 -0.00926189
220.742 -0.0184949 0.00188445 -10.4917 10.4825 -0.00925481
220.753 -0.0184937 0.00188234 -10.4887 10.4794 -0.00924801
220.764 -0.0184929 0.00188076 -10.4857 10.4765 -0.00924168
220.775 -0.018492 0.00187926 -10.4829 10.4736 -0.00923524
220.787 -0.0184907 0.0018779 -10.4801 10.4709 -0.00922879
220.798 -0.0184905 0.0018777 -10.4775 10.4683 -0.00922223
220.809 -0.0184906 0.00187713 -10.475 10.4658 -0.0092169
220.82 -0.0184906 0.00187633 -10.4726 10.4633 -0.00921079
220.831 -0.0184906 0.00187477 -10.4703 10.4611 -0.00920455
220.843 -0.0184901 0.0018741 -10.4681 10.4589 -0.0091992
220.854 -0.018489 0.00187276 -10.4659 10.4568 -0.00919349
220.865 -0.0184879 0.00187136 -10.464 10.4548 -0.00918762
220.876 -0.0184874 0.00187028 -10.4621 10.4529 -0.00918096
220.888 -0.0184871 0.00186833 -10.4603 10.4512 -0.00917486
220.899 -0.0184868 0.00186702 -10.4587 10.4495 -0.00916926
220.91 -0.0184866 0.00186579 -10.4572 10.448 -0.00916312
220.921 -0.0184872 0.00186452 -10.4558 10.4466 -0.00915792
220.933 -0.0184869 0.00186382 -10.4545 10.4454 -0.00915274
220.944 -0.0184872 0.00186271 -10.4533 10.4442 -0.00914764
220.955 -0.0184873 0.00186235 -10.4522 10.4431 -0.0091425
220.966 -0.0184871 0.00186208 -10.4513 10.4421 -0.00913853
220.978 -0.0184876 0.00186239 -10.4504 10.4413 -0.00913415
220.989 -0.0184885 0.00186275 -10.4496 10.4405 -0.00912876
221 -0.0184888 0.00186277 -10.449 10.4398 -0.0091239
221.011 -0.0184888 0.00186287 -10.4484 10.4393 -0.00911909
221.022 -0.0184892 0.00186186 -10.448 10.4389 -0.00911284
221.034 -0.0184896 0.00186071 -10.4477 10.4386 -0.00910647
221.045 -0.0184899 0.00185878 -10.4475 10.4384 -0.00909992
221.056 -0.018489 0.00185796 -10.4474 10.4383 -0.00909309
221.067 -0.0184879 0.00185685 -10.4474 10.4384 -0.00908621
221.079 -0.0184871 0.00185524 -10.4476 10.4385 -0.0090802
221.09 -0.0184857 0.00185386 -10.4478 10.4387 -0.00907435
221.101 -0.0184856 0.00185269 -10.4482 10.4391 -0.00906847
221.112 -0.0184859 0.00185205 -10.4486 10.4395 -0.00906194
221.124 -0.0184863 0.00185188 -10.4491 10.4401 -0.00905565
221.135 -0.0184867 0.00185118 -10.4498 10.4407 -0.0090489
221.146 -0.0184865 0.00185027 -10.4505 10.4415 -0.00904199
221.157 -0.0184869 0.00184919 -10.4514 10.4423 -0.00903547
221.169 -0.0184866 0.00184784 -10.4523 10.4433 -0.00902917
221.18 -0.0184862 0.001848 -10.4533 10.4443 -0.00902286
221.191 -0.0184861 0.00184839 -10.4544 10.4454 -0.00901802
221.202 -0.0184859 0.00184887 -10.4555 10.4465 -0.00901324
221.213 -0.0184856 0.00184822 -10.4568 10.4478 -0.0090076
221.225 -0.0184846 0.00184735 -10.4581 10.4491 -0.0090023
221.236 -0.0184832 0.00184627 -10.4595 10.4505 -0.00899668
221.247 -0.0184825 0.00184452 -10.461 10.452 -0.00899029
221.258 -0.0184814 0.00184336 -10.4626 10.4536 -0.00898457
221.27 -0.0184797 0.00184292 -10.4642 10.4553 -0.00897893
221.281 -0.0184795 0.00184257 -10.466 10.457 -0.00897329
221.292 -0.0184796 0.00184233 -10.4678 10.4588 -0.00896789
221.303 -0.0184795 0.00184162 -10.4697 10.4607 -0.00896138
221.315 -0.0184796 0.00183986 -10.4716 10.4627 -0.00895486
221.326 -0.0184788 0.0018376 -10.4737 10.4647 -0.00894823
221.337 -0.0184786 0.00183542 -10.4758 10.4669 -0.00894209
221.348 -0.0184783 0.00183371 -10.478 10.4691 -0.00893549
221.36 -0.0184788 0.00183177 -10.4803 10.4714 -0.00892867
221.371 -0.0184788 0.00183028 -10.4827 10.4738 -0.00892121
221.382 -0.0184786 0.00182922 -10.4852 10.4763 -0.00891308
221.393 -0.018478 0.00182799 -10.4878 10.4789 -0.00890463
221.404 -0.018477 0.00182714 -10.4906 10.4817 -0.00889642
221.416 -0.0184758 0.00182546 -10.4933 10.4845 -0.00888822
221.427 -0.0184745 0.00182444 -10.4962 10.4874 -0.00888036
221.438 -0.0184731 0.00182333 -10.4992 10.4904 -0.00887357
221.449 -0.0184723 0.0018227 -10.5023 10.4934 -0.00886671
221.461 -0.0184711 0.0018221 -10.5054 10.4965 -0.00886008
221.472 -0.0184694 0.00182127 -10.5086 10.4997 -0.00885321
221.483 -0.018468 0.00182048 -10.5118 10.503 -0.0088466
221.494 -0.0184669 0.00181908 -10.5152 10.5063 -0.00883908
221.506 -0.0184659 0.00181828 -10.5186 10.5098 -0.00883194
221.517 -0.0184652 0.0018167 -10.5221 10.5133 -0.00882401
221.528 -0.0184647 0.0018152 -10.5257 10.5168 -0.00881626
221.539 -0.0184641 0.00181376 -10.5293 10.5205 -0.00880829
221.551 -0.0184635 0.00181287 -10.5331 10.5243 -0.00880101
221.562 -0.0184626 0.00181212 -10.5369 10.5281 -0.00879408
221.573 -0.0184626 0.00181102 -10.5408 10.532 -0.00878679
221.584 -0.0184617 0.00180978 -10.5447 10.5359 -0.00877958
221.596 -0.0184621 0.00180886 -10.5487 10.54 -0.00877225
221.607 -0.0184625 0.00180825 -10.5528 10.5441 -0.00876489
221.618 -0.0184634 0.00180786 -10.557 10.5482 -0.00875712
221.629 -0.0184634 0.00180754 -10.5612 10.5525 -0.00874967
221.64 -0.0184639 0.00180767 -10.5655 10.5568 -0.00874188
221.652 -0.0184645 0.00180742 -10.5698 10.5611 -0.00873404
221.663 -0.0184641 0.00180806 -10.5743 10.5655 -0.0087262
221.674 -0.0184635 0.00180821 -10.5788 10.5701 -0.00871875
221.685 -0.0184643 0.00180838 -10.5833 10.5746 -0.00871106
221.697 -0.0184644 0.00180923 -10.5879 10.5792 -0.00870465
221.708 -0.0184647 0.0018083 -10.5926 10.5839 -0.00869786
221.719 -0.0184645 0.0018077 -10.5973 10.5887 -0.00869073
221.73 -0.0184649 0.00180657 -10.6021 10.5934 -0.00868409
221.742 -0.0184652 0.00180568 -10.607 10.5983 -0.00867657
221.753 -0.0184658 0.0018043 -10.6119 10.6032 -0.00866871
221.764 -0.018466 0.00180351 -10.6168 10.6081 -0.00866166
221.775 -0.0184658 0.00180368 -10.6218 10.6131 -0.00865435
221.787 -0.018465 0.00180326 -10.6268 10.6181 -0.00864569
221.798 -0.0184642 0.00180291 -10.6319 10.6232 -0.00863712
221.809 -0.0184637 0.00180341 -10.637 10.6284 -0.00862918
221.82 -0.018463 0.00180376 -10.6421 10.6335 -0.00862193
221.831 -0.0184629 0.00180423 -10.6473 10.6387 -0.00861477
221.843 -0.018464 0.00180371 -10.6526 10.6439 -0.00860823
221.854 -0.0184642 0.00180256 -10.6578 10.6492 -0.0086009
221.865 -0.0184645 0.00180185 -10.6631 10.6545 -0.00859336
221.876 -0.0184654 0.00180076 -10.6685 10.6599 -0.00858571
221.888 -0.0184655 0.00180019 -10.6738 10.6653 -0.0085783
221.899 -0.0184656 0.0017989 -10.6792 10.6707 -0.00857119
221.91 -0.0184658 0.00179828 -10.6847 10.6761 -0.00856472
221.921 -0.0184665 0.00179778 -10.6901 10.6816 -0.00855701
221.933 -0.0184668 0.0017967 -10.6956 10.6871 -0.00854925
221.944 -0.0184661 0.00179664 -10.7012 10.6926 -0.00854184
221.955 -0.0184645 0.00179718 -10.7067 10.6982 -0.00853413
221.966 -0.0184634 0.00179655 -10.7123 10.7037 -0.00852717
221.978 -0.0184629 0.00179646 -10.7178 10.7093 -0.00851953
221.989 -0.0184622 0.001796 -10.7234 10.7149 -0.00851145
222 -0.0184614 0.00179614 -10.7289 10.7204 -0.00850354
222.011 -0.0184608 0.00179597 -10.7345 10.7261 -0.00849652
222.022 -0.0184603 0.0017955 -10.7401 10.7316 -0.00848824
222.034 -0.0184602 0.0017943 -10.7457 10.7372 -0.00848
222.045 -0.0184598 0.00179349 -10.7513 10.7429 -0.00847214
222.056 -0.0184588 0.00179308 -10.7569 10.7485 -0.00846311
222.067 -0.0184584 0.00179219 -10.7626 10.7541 -0.00845497
222.079 -0.0184575 0.00179189 -10.7682 10.7598 -0.00844679
222.09 -0.0184577 0.00179208 -10.7739 10.7654 -0.00843829
222.101 -0.0184575 0.00179226 -10.7795 10.7711 -0.00842998
222.112 -0.0184575 0.0017919 -10.7852 10.7768 -0.00842085
222.124 -0.0184571 0.00179129 -10.7909 10.7825 -0.00841236
222.135 -0.018456 0.00179091 -10.7966 10.7882 -0.00840497
222.146 -0.0184552 0.00179058 -10.8023 10.7939 -0.00839777
222.157 -0.0184548 0.00179029 -10.808 10.7996 -0.00839099
222.169 -0.0184541 0.00179004 -10.8136 10.8052 -0.00838395
222.18 -0.0184535 0.00179041 -10.8193 10.8109 -0.00837709
222.191 -0.0184525 0.0017907 -10.825 10.8166 -0.00837004
222.202 -0.0184511 0.00179126 -10.8306 10.8223 -0.00836278
222.213 -0.0184504 0.00179122 -10.8363 10.8279 -0.00835618
222.225 -0.0184498 0.00179106 -10.8419 10.8336 -0.0083494
222.236 -0.0184494 0.00179111 -10.8476 10.8392 -0.00834235
222.247 -0.018449 0.00179079 -10.8532 10.8449 -0.00833567
222.258 -0.0184485 0.00179032 -10.8588 10.8505 -0.00832822
222.27 -0.0184483 0.00178955 -10.8644 10.8561 -0.00832187
222.281 -0.0184478 0.00178905 -10.87 10.8617 -0.0083156
222.292 -0.0184463 0.00178837 -10.8756 10.8673 -0.00830891
222.303 -0.0184449 0.0017879 -10.8812 10.8729 -0.00830197
222.315 -0.0184435 0.00178774 -10.8867 10.8784 -0.00829493
222.326 -0.0184428 0.00178799 -10.8923 10.884 -0.00828788
222.337 -0.0184415 0.00178815 -10.8978 10.8895 -0.00828051
222.348 -0.0184406 0.00178784 -10.9033 10.895 -0.00827333
222.36 -0.0184398 0.00178807 -10.9088 10.9005 -0.0082669
222.371 -0.0184392 0.00178772 -10.9142 10.9059 -0.00825928
222.382 -0.0184386 0.00178632 -10.9196 10.9113 -0.00825159
222.393 -0.0184375 0.00178564 -10.925 10.9167 -0.00824362
222.404 -0.0184371 0.00178492 -10.9303 10.9221 -0.00823537
222.416 -0.0184368 0.00178466 -10.9357 10.9274 -0.00822715
222.427 -0.018436 0.00178389 -10.9409 10.9327 -0.0082189
222.438 -0.0184356 0.00178325 -10.9462 10.938 -0.00821074
222.449 -0.0184349 0.00178284 -10.9514 10.9432 -0.00820307
222.461 -0.0184347 0.00178168 -10.9566 10.9484 -0.00819531
222.472 -0.0184337 0.00178004 -10.9617 10.9536 -0.00818666
222.483 -0.0184337 0.00177839 -10.9669 10.9587 -0.00817893
222.494 -0.0184337 0.00177722 -10.9719 10.9638 -0.00817053
222.506 -0.0184337 0.00177566 -10.977 10.9688 -0.00816132
222.517 -0.0184337 0.00177482 -10.982 10.9739 -0.00815298
222.528 -0.0184335 0.0017742 -10.987 10.9789 -0.00814451
222.539 -0.0184333 0.00177349 -10.992 10.9838 -0.00813594
222.551 -0.0184325 0.00177271 -10.9969 10.9888 -0.00812753
222.562 -0.0184314 0.00177162 -11.0018 10.9937 -0.00811913
222.573 -0.0184305 0.00177065 -11.0067 10.9986 -0.00811214
222.584 -0.0184299 0.00176965 -11.0115 11.0034 -0.00810504
222.596 -0.0184296 0.00176941 -11.0163 11.0082 -0.00809827
222.607 -0.0184298 0.00176957 -11.0211 11.013 -0.00809136
222.618 -0.01843 0.00176892 -11.0259 11.0178 -0.00808495
222.629 -0.0184297 0.00176848 -11.0306 11.0225 -0.0080776
222.64 -0.0184288 0.00176767 -11.0353 11.0272 -0.00806968
222.652 -0.0184281 0.00176636 -11.0399 11.0318 -0.00806229
222.663 -0.0184275 0.00176675 -11.0445 11.0365 -0.00805501
222.674 -0.0184268 0.00176765 -11.0491 11.041 -0.00804809
222.685 -0.0184264 0.00176853 -11.0536 11.0456 -0.0080405
222.697 -0.0184271 0.00176856 -11.0581 11.05 -0.00803155
222.708 -0.0184269 0.00176919 -11.0625 11.0545 -0.00802208
222.719 -0.0184264 0.00176987 -11.0669 11.0589 -0.00801284
222.73 -0.0184271 0.00177021 -11.0712 11.0632 -0.00800428
222.742 -0.0184279 0.00176986 -11.0756 11.0676 -0.00799469
222.753 -0.0184285 0.00176913 -11.0798 11.0719 -0.00798569
222.764 -0.0184282 0.00176852 -11.0841 11.0761 -0.00797643
222.775 -0.0184284 0.00176787 -11.0883 11.0803 -0.0079683
222.787 -0.0184292 0.00176665 -11.0924 11.0845 -0.00796003
222.798 -0.0184302 0.00176546 -11.0965 11.0886 -0.00795281
222.809 -0.0184308 0.00176487 -11.1006 11.0927 -0.00794428
222.82 -0.0184312 0.00176339 -11.1046 11.0967 -0.00793623
222.831 -0.0184313 0.00176355 -11.1086 11.1007 -0.00792969
222.843 -0.0184315 0.00176342 -11.1125 11.1046 -0.00792265
222.854 -0.0184323 0.00176312 -11.1164 11.1085 -0.00791579
222.865 -0.0184327 0.0017628 -11.1202 11.1123 -0.00790809
222.876 -0.0184324 0.00176246 -11.1239 11.116 -0.00790062
222.888 -0.0184329 0.00176173 -11.1276 11.1198 -0.00789389
222.899 -0.0184326 0.00176151 -11.1313 11.1234 -0.00788639
222.91 -0.0184323 0.00176091 -11.1349 11.1271 -0.00787917
222.921 -0.0184323 0.00175994 -11.1385 11.1307 -0.00787244
222.933 -0.0184321 0.00175824 -11.1421 11.1342 -0.00786493
222.944 -0.0184323 0.00175734 -11.1456 11.1377 -0.00785807
222.955 -0.0184324 0.0017564 -11.1491 11.1413 -0.00785152
222.966 -0.018433 0.00175615 -11.1525 11.1447 -0.00784464
222.978 -0.0184334 0.00175465 -11.156 11.1481 -0.00783839
222.989 -0.0184333 0.00175406 -11.1594 11.1515 -0.00783198
223 -0.0184321 0.00175352 -11.1627 11.1549 -0.00782525
223.011 -0.0184303 0.0017532 -11.1661 11.1583 -0.00781931
223.022 -0.0184285 0.00175331 -11.1695 11.1617 -0.00781412
223.034 -0.0184275 0.00175338 -11.1727 11.1649 -0.00780868
223.045 -0.018426 0.00175273 -11.176 11.1682 -0.00780194
223.056 -0.0184248 0.00175203 -11.1793 11.1715 -0.00779567
223.067 -0.0184238 0.00175049 -11.1824 11.1746 -0.00778876
223.079 -0.0184227 0.00175009 -11.1856 11.1778 -0.00778179
223.09 -0.0184211 0.00174919 -11.1887 11.1809 -0.00777389
223.101 -0.0184192 0.0017483 -11.1918 11.184 -0.00776638
223.112 -0.0184182 0.00174756 -11.1949 11.1871 -0.00775873
223.124 -0.0184172 0.00174654 -11.198 11.1902 -0.00775226
223.135 -0.0184175 0.0017462 -11.201 11.1932 -0.00774461
223.146 -0.0184171 0.00174508 -11.204 11.1962 -0.00773614
223.157 -0.0184174 0.00174402 -11.207 11.1993 -0.0077287
223.169 -0.0184177 0.00174241 -11.21 11.2022 -0.0077208
223.18 -0.0184184 0.00174077 -11.2129 11.2052 -0.00771295
223.191 -0.0184186 0.00174011 -11.2159 11.2082 -0.00770612
223.202 -0.0184186 0.00173967 -11.2188 11.2111 -0.00770027
223.213 -0.0184175 0.00173865 -11.2217 11.214 -0.00769504
223.225 -0.0184163 0.00173813 -11.2246 11.217 -0.00768905
223.236 -0.0184153 0.00173737 -11.2275 11.2198 -0.00768206
223.247 -0.0184146 0.00173638 -11.2303 11.2227 -0.00767511
223.258 -0.0184137 0.00173528 -11.2332 11.2255 -0.00766775
223.27 -0.0184122 0.00173576 -11.236 11.2284 -0.00766126
223.281 -0.018411 0.00173525 -11.2388 11.2311 -0.00765362
223.292 -0.0184097 0.00173544 -11.2416 11.2339 -0.00764658
223.303 -0.0184094 0.00173527 -11.2443 11.2367 -0.00763856
223.315 -0.0184095 0.00173557 -11.247 11.2394 -0.00763103
223.326 -0.0184097 0.00173481 -11.2497 11.2421 -0.00762401
223.337 -0.0184102 0.00173425 -11.2524 11.2448 -0.00761544
223.348 -0.01841 0.00173327 -11.2551 11.2475 -0.0076077
223.36 -0.0184096 0.00173174 -11.2578 11.2502 -0.00759957
223.371 -0.018409 0.00173046 -11.2605 11.2529 -0.00759153
223.382 -0.0184073 0.00172957 -11.2632 11.2556 -0.00758421
223.393 -0.0184065 0.00172831 -11.2658 11.2582 -0.00757693
223.404 -0.0184059 0.00172766 -11.2685 11.2609 -0.00756961
223.416 -0.0184054 0.00172684 -11.2711 11.2635 -0.00756241
223.427 -0.0184052 0.00172593 -11.2737 11.2662 -0.00755516
223.438 -0.0184046 0.00172546 -11.2763 11.2688 -0.00754871
223.449 -0.0184031 0.00172479 -11.2789 11.2714 -0.00754234
223.461 -0.0184022 0.00172432 -11.2815 11.274 -0.00753627
223.472 -0.0184013 0.00172404 -11.2841 11.2766 -0.00752948
223.483 -0.0184009 0.00172357 -11.2867 11.2792 -0.00752304
223.494 -0.0183996 0.00172352 -11.2893 11.2818 -0.0075162
223.506 -0.0183991 0.00172306 -11.2919 11.2844 -0.00750826
223.517 -0.0183989 0.00172205 -11.2945 11.287 -0.00750082
223.528 -0.0183989 0.00172112 -11.2971 11.2896 -0.00749423
223.539 -0.018399 0.00172032 -11.2998 11.2923 -0.00748706
223.551 -0.0183992 0.00171944 -11.3024 11.2949 -0.0074793
223.562 -0.0183999 0.00171817 -11.305 11.2975 -0.00747278
223.573 -0.0184005 0.00171713 -11.3076 11.3001 -0.00746584
223.584 -0.018401 0.00171653 -11.3102 11.3028 -0.00745934
223.596 -0.0184015 0.00171639 -11.3128 11.3054 -0.00745277
223.607 -0.0184017 0.00171606 -11.3154 11.308 -0.00744537
223.618 -0.0184016 0.00171491 -11.318 11.3106 -0.00743866
223.629 -0.0184018 0.00171349 -11.3206 11.3132 -0.00743204
223.64 -0.0184014 0.00171162 -11.3232 11.3158 -0.00742549
223.652 -0.0184012 0.00170984 -11.3257 11.3183 -0.00741839
223.663 -0.0184003 0.00170771 -11.3283 11.3209 -0.00741094
223.674 -0.0183999 0.00170498 -11.3308 11.3234 -0.00740384
223.685 -0.018399 0.0017023 -11.3334 11.326 -0.00739733
223.697 -0.0183978 0.00169921 -11.3359 11.3285 -0.00739133
223.708 -0.0183968 0.0016965 -11.3384 11.331 -0.00738441
223.719 -0.0183958 0.0016941 -11.3408 11.3334 -0.00737771
223.73 -0.018395 0.00169256 -11.3433 11.3359 -0.00737146
223.742 -0.0183948 0.00169081 -11.3457 11.3383 -0.00736511
223.753 -0.0183946 0.00168922 -11.348 11.3407 -0.00735967
223.764 -0.0183948 0.00168798 -11.3504 11.343 -0.00735486
223.775 -0.0183947 0.00168676 -11.3527 11.3453 -0.00734888
223.787 -0.0183948 0.00168533 -11.355 11.3476 -0.00734239
223.798 -0.018394 0.00168445 -11.3572 11.3499 -0.00733731
223.809 -0.0183933 0.0016838 -11.3595 11.3521 -0.00733222
223.82 -0.0183925 0.00168315 -11.3617 11.3543 -0.0073269
223.831 -0.0183917 0.00168265 -11.3639 11.3565 -0.007322
223.843 -0.0183905 0.00168127 -11.366 11.3587 -0.00731727
223.854 -0.0183899 0.00168028 -11.3682 11.3608 -0.00731259
223.865 -0.01839 0.00167918 -11.3703 11.363 -0.00730823
223.876 -0.0183893 0.00167766 -11.3724 11.3651 -0.00730333
223.888 -0.0183884 0.00167655 -11.3745 11.3672 -0.00729768
223.899 -0.0183881 0.00167558 -11.3765 11.3693 -0.00729119
223.91 -0.0183885 0.0016743 -11.3786 11.3713 -0.00728362
223.921 -0.0183879 0.00167307 -11.3807 11.3734 -0.00727719
223.933 -0.0183872 0.001672 -11.3827 11.3754 -0.00727117
223.944 -0.0183855 0.00167075 -11.3847 11.3775 -0.00726472
223.955 -0.0183841 0.00166866 -11.3868 11.3795 -0.00725732
223.966 -0.018382 0.00166679 -11.3888 11.3816 -0.0072496
223.978 -0.0183802 0.00166441 -11.3908 11.3836 -0.00724222
223.989 -0.018379 0.00166213 -11.3929 11.3856 -0.00723504
224 -0.0183776 0.00165993 -11.3949 11.3877 -0.00722847
224.011 -0.0183756 0.00165773 -11.3969 11.3897 -0.00722108
224.022 -0.0183742 0.00165526 -11.399 11.3917 -0.00721389
224.034 -0.0183729 0.00165287 -11.401 11.3938 -0.00720726
224.045 -0.0183704 0.00164956 -11.403 11.3958 -0.00720076
224.056 -0.0183691 0.00164642 -11.405 11.3978 -0.00719497
224.067 -0.0183681 0.00164406 -11.407 11.3998 -0.00718947
224.079 -0.0183668 0.00164205 -11.409 11.4018 -0.00718353
224.09 -0.0183652 0.00163947 -11.4109 11.4038 -0.00717806
224.101 -0.0183642 0.00163703 -11.4129 11.4057 -0.00717265
224.112 -0.0183639 0.00163546 -11.4149 11.4077 -0.00716732
224.124 -0.0183637 0.00163307 -11.4169 11.4097 -0.0071614
224.135 -0.0183631 0.0016307 -11.4188 11.4117 -0.0071553
224.146 -0.018362 0.00162854 -11.4208 11.4136 -0.00714914
224.157 -0.0183606 0.00162624 -11.4227 11.4156 -0.00714332
224.169 -0.0183587 0.00162438 -11.4247 11.4175 -0.00713717
224.18 -0.0183568 0.00162279 -11.4266 11.4194 -0.00713116
224.191 -0.018355 0.00162064 -11.4285 11.4213 -0.007125
224.202 -0.0183537 0.00161867 -11.4304 11.4232 -0.00711904
224.213 -0.0183524 0.00161578 -11.4323 11.4252 -0.00711261
224.225 -0.0183514 0.00161306 -11.4341 11.427 -0.00710587
224.236 -0.0183506 0.0016108 -11.436 11.4289 -0.00709986
224.247 -0.0183492 0.00160858 -11.4379 11.4308 -0.00709237
224.258 -0.0183474 0.00160557 -11.4398 11.4327 -0.00708576
224.27 -0.0183457 0.00160283 -11.4416 11.4346 -0.00707885
224.281 -0.0183436 0.00159913 -11.4435 11.4364 -0.00707137
224.292 -0.0183415 0.00159663 -11.4453 11.4383 -0.00706365
224.303 -0.0183397 0.00159465 -11.4472 11.4401 -0.00705649
224.315 -0.0183375 0.00159256 -11.449 11.442 -0.00704885
224.326 -0.0183351 0.00159045 -11.4509 11.4438 -0.00704124
224.337 -0.0183334 0.00158845 -11.4527 11.4457 -0.0070344
224.348 -0.0183321 0.00158716 -11.4545 11.4475 -0.00702697
224.36 -0.018331 0.00158493 -11.4563 11.4493 -0.00701978
224.371 -0.0183298 0.00158326 -11.4581 11.4511 -0.00701259
224.382 -0.0183289 0.00158176 -11.4599 11.4529 -0.00700516
224.393 -0.0183281 0.00158005 -11.4617 11.4547 -0.00699778
224.404 -0.0183275 0.00157772 -11.4635 11.4565 -0.00699077
224.416 -0.0183273 0.00157577 -11.4653 11.4583 -0.0069828
224.427 -0.0183276 0.00157343 -11.4671 11.4601 -0.00697569
224.438 -0.0183275 0.00157191 -11.4688 11.4619 -0.00696933
224.449 -0.0183274 0.00156966 -11.4706 11.4636 -0.00696299
224.461 -0.0183272 0.00156823 -11.4724 11.4654 -0.00695699
224.472 -0.0183272 0.00156696 -11.4741 11.4672 -0.00695099
224.483 -0.018327 0.00156553 -11.4758 11.4689 -0.0069443
224.494 -0.0183264 0.00156432 -11.4776 11.4706 -0.00693734
224.506 -0.0183257 0.00156318 -11.4793 11.4723 -0.0069308
224.517 -0.0183248 0.00156259 -11.481 11.474 -0.00692404
224.528 -0.0183241 0.00156178 -11.4826 11.4757 -0.00691702
224.539 -0.0183233 0.00156026 -11.4843 11.4774 -0.00690997
224.551 -0.0183233 0.00155845 -11.486 11.4791 -0.00690332
224.562 -0.0183224 0.00155679 -11.4876 11.4807 -0.0068961
224.573 -0.0183217 0.00155533 -11.4892 11.4823 -0.00688986
224.584 -0.0183214 0.00155345 -11.4908 11.4839 -0.00688365
224.596 -0.0183213 0.00155115 -11.4924 11.4855 -0.00687751
224.607 -0.0183207 0.00154934 -11.494 11.4871 -0.0068718
224.618 -0.0183204 0.00154729 -11.4955 11.4886 -0.0068656
224.629 -0.0183197 0.00154564 -11.497 11.4902 -0.00685932
224.64 -0.0183194 0.00154433 -11.4985 11.4917 -0.00685422
224.652 -0.0183188 0.00154408 -11.5 11.4932 -0.0068489
224.663 -0.0183184 0.0015437 -11.5015 11.4946 -0.00684285
224.674 -0.0183185 0.00154262 -11.503 11.4961 -0.0068378
224.685 -0.0183183 0.0015419 -11.5044 11.4976 -0.00683203
224.697 -0.0183181 0.00154087 -11.5058 11.499 -0.00682593
224.708 -0.0183184 0.00153952 -11.5072 11.5004 -0.00682077
224.719 -0.0183186 0.00153797 -11.5086 11.5018 -0.00681497
224.73 -0.0183196 0.00153649 -11.51 11.5032 -0.00680952
224.742 -0.0183204 0.0015355 -11.5114 11.5046 -0.00680475
224.753 -0.0183216 0.00153503 -11.5127 11.5059 -0.00679953
224.764 -0.0183217 0.00153456 -11.514 11.5072 -0.00679366
224.775 -0.0183223 0.00153477 -11.5154 11.5086 -0.00678805
224.787 -0.0183227 0.00153444 -11.5167 11.5099 -0.00678371
224.798 -0.0183226 0.00153389 -11.518 11.5112 -0.00677917
224.809 -0.0183224 0.00153401 -11.5193 11.5125 -0.0067751
224.82 -0.018323 0.00153431 -11.5206 11.5138 -0.00676958
224.831 -0.0183234 0.00153426 -11.5219 11.5151 -0.00676383
224.843 -0.0183233 0.00153454 -11.5231 11.5164 -0.00675861
224.854 -0.0183243 0.00153322 -11.5244 11.5176 -0.00675302
224.865 -0.0183249 0.00153242 -11.5256 11.5189 -0.0067472
224.876 -0.018325 0.00153219 -11.5269 11.5201 -0.00674149
224.888 -0.0183258 0.00153143 -11.5281 11.5213 -0.00673492
224.899 -0.018327 0.00153032 -11.5293 11.5226 -0.00672899
224.91 -0.018328 0.00152911 -11.5305 11.5238 -0.00672313
224.921 -0.0183286 0.00152767 -11.5317 11.5249 -0.00671666
224.933 -0.0183285 0.00152672 -11.5328 11.5261 -0.00670998
224.944 -0.0183293 0.00152591 -11.534 11.5273 -0.00670379
224.955 -0.0183293 0.00152577 -11.5351 11.5284 -0.00669758
224.966 -0.0183297 0.0015257 -11.5362 11.5295 -0.00669182
224.978 -0.0183292 0.00152502 -11.5373 11.5307 -0.00668591
224.989 -0.0183289 0.00152386 -11.5384 11.5317 -0.00668
225 -0.0183287 0.00152316 -11.5394 11.5328 -0.00667363
225.011 -0.0183298 0.00152181 -11.5405 11.5338 -0.00666827
225.022 -0.0183305 0.00152022 -11.5415 11.5349 -0.00666224
225.034 -0.0183306 0.00151836 -11.5426 11.5359 -0.00665594
225.045 -0.0183311 0.00151723 -11.5436 11.5369 -0.00664963
225.056 -0.0183315 0.00151628 -11.5446 11.5379 -0.0066433
225.067 -0.0183313 0.00151554 -11.5456 11.539 -0.00663712
225.079 -0.0183312 0.00151469 -11.5466 11.54 -0.00663069
225.09 -0.0183314 0.00151361 -11.5475 11.5409 -0.00662419
225.101 -0.0183319 0.00151239 -11.5485 11.5419 -0.00661802
225.112 -0.0183323 0.00151179 -11.5494 11.5428 -0.00661261
225.124 -0.018332 0.00151074 -11.5502 11.5436 -0.00660736
225.135 -0.0183314 0.00150966 -11.5511 11.5445 -0.00660263
225.146 -0.0183315 0.00150887 -11.5519 11.5453 -0.00659776
225.157 -0.0183317 0.00150801 -11.5527 11.5461 -0.0065918
225.169 -0.0183306 0.00150691 -11.5535 11.5469 -0.00658642
225.18 -0.0183287 0.00150561 -11.5542 11.5476 -0.00658117
225.191 -0.0183271 0.00150545 -11.5549 11.5483 -0.00657522
225.202 -0.0183261 0.00150567 -11.5555 11.549 -0.00656921
225.213 -0.0183254 0.00150579 -11.5562 11.5496 -0.00656286
225.225 -0.0183251 0.00150523 -11.5568 11.5502 -0.00655621
225.236 -0.0183239 0.00150411 -11.5573 11.5508 -0.00655053
225.247 -0.0183233 0.00150269 -11.5579 11.5513 -0.00654484
225.258 -0.018323 0.00150066 -11.5584 11.5518 -0.00653857
225.27 -0.0183224 0.00149876 -11.5588 11.5523 -0.00653259
225.281 -0.0183212 0.00149741 -11.5593 11.5528 -0.00652714
225.292 -0.0183213 0.00149667 -11.5597 11.5532 -0.00652111
225.303 -0.0183206 0.00149665 -11.5601 11.5536 -0.00651493
225.315 -0.0183196 0.00149541 -11.5604 11.5539 -0.00650889
225.326 -0.0183183 0.00149381 -11.5608 11.5543 -0.00650336
225.337 -0.0183176 0.00149326 -11.561 11.5545 -0.00649753
225.348 -0.0183175 0.00149288 -11.5613 11.5548 -0.00649266
225.36 -0.0183165 0.00149312 -11.5615 11.555 -0.00648775
225.371 -0.0183158 0.00149304 -11.5617 11.5552 -0.00648286
225.382 -0.0183147 0.00149303 -11.5618 11.5554 -0.00647837
225.393 -0.0183144 0.00149266 -11.5619 11.5555 -0.00647397
225.404 -0.0183138 0.00149282 -11.562 11.5555 -0.00647031
225.416 -0.0183133 0.00149245 -11.562 11.5556 -0.00646656
225.427 -0.0183125 0.00149285 -11.562 11.5556 -0.00646232
225.438 -0.0183127 0.00149355 -11.562 11.5555 -0.00645822
225.449 -0.0183117 0.00149416 -11.5619 11.5554 -0.00645426
225.461 -0.0183112 0.00149486 -11.5618 11.5553 -0.00644967
225.472 -0.0183096 0.00149523 -11.5616 11.5551 -0.00644508
225.483 -0.0183073 0.0014962 -11.5614 11.555 -0.00644106
225.494 -0.0183053 0.00149648 -11.5612 11.5547 -0.00643598
225.506 -0.0183034 0.0014967 -11.5609 11.5544 -0.00643115
225.517 -0.0183024 0.00149748 -11.5606 11.5541 -0.00642667
225.528 -0.0183004 0.00149774 -11.5602 11.5538 -0.00642111
225.539 -0.0182972 0.00149813 -11.5598 11.5534 -0.00641579
225.551 -0.0182944 0.0014983 -11.5594 11.553 -0.00641121
225.562 -0.0182917 0.00149855 -11.5589 11.5525 -0.00640607
225.573 -0.0182895 0.001499 -11.5584 11.552 -0.0064018
225.584 -0.0182873 0.00149916 -11.5579 11.5515 -0.0063979
225.596 -0.0182852 0.00150054 -11.5573 11.5509 -0.00639404
225.607 -0.0182824 0.0015011 -11.5566 11.5502 -0.00638979
225.618 -0.0182799 0.00150201 -11.5559 11.5495 -0.00638549
225.629 -0.0182781 0.00150204 -11.5552 11.5488 -0.00638076
225.64 -0.0182775 0.00150188 -11.5544 11.548 -0.00637772
225.652 -0.018276 0.0015025 -11.5536 11.5472 -0.00637453
225.663 -0.0182746 0.0015029 -11.5527 11.5463 -0.00637003
225.674 -0.018273 0.00150274 -11.5518 11.5454 -0.00636654
225.685 -0.0182714 0.00150353 -11.5508 11.5444 -0.00636254
225.697 -0.0182704 0.00150409 -11.5498 11.5434 -0.00635915
225.708 -0.0182683 0.00150385 -11.5487 11.5424 -0.00635562
225.719 -0.0182667 0.00150505 -11.5476 11.5412 -0.0063524
225.73 -0.0182646 0.00150546 -11.5464 11.5401 -0.00634838
225.742 -0.0182622 0.00150569 -11.5452 11.5388 -0.00634356
225.753 -0.0182613 0.00150592 -11.5439 11.5376 -0.00633846
225.764 -0.0182612 0.00150528 -11.5426 11.5363 -0.00633377
225.775 -0.0182605 0.00150506 -11.5413 11.535 -0.00632861
225.787 -0.01826 0.00150445 -11.5399 11.5336 -0.00632345
225.798 -0.018259 0.00150371 -11.5386 11.5322 -0.00631794
225.809 -0.0182586 0.00150336 -11.5372 11.5308 -0.00631236
225.82 -0.0182576 0.00150336 -11.5357 11.5294 -0.00630706
225.831 -0.0182565 0.00150418 -11.5342 11.5279 -0.00630174
225.843 -0.0182556 0.00150484 -11.5327 11.5264 -0.00629621
225.854 -0.0182545 0.00150617 -11.5311 11.5248 -0.00629156
225.865 -0.0182532 0.00150626 -11.5295 11.5232 -0.00628609
225.876 -0.0182525 0.00150693 -11.5279 11.5216 -0.00628008
225.888 -0.0182521 0.00150816 -11.5262 11.5199 -0.00627403
225.899 -0.0182515 0.00150794 -11.5245 11.5182 -0.00626853
225.91 -0.0182516 0.00150767 -11.5227 11.5164 -0.00626254
225.921 -0.0182509 0.0015074 -11.5209 11.5146 -0.00625691
225.933 -0.0182496 0.00150754 -11.5191 11.5128 -0.00625079
225.944 -0.0182489 0.00150835 -11.5172 11.5109 -0.00624476
225.955 -0.0182472 0.00150909 -11.5153 11.509 -0.00624001
225.966 -0.0182465 0.00151025 -11.5133 11.5071 -0.00623467
225.978 -0.0182445 0.00151028 -11.5114 11.5052 -0.00622949
225.989 -0.0182423 0.00151082 -11.5094 11.5032 -0.00622402
226 -0.0182398 0.00151188 -11.5074 11.5012 -0.00621812
226.011 -0.0182386 0.0015129 -11.5053 11.4991 -0.00621291
226.022 -0.0182374 0.00151355 -11.5033 11.4971 -0.0062075
226.034 -0.0182352 0.0015142 -11.5012 11.495 -0.00620192
226.045 -0.0182325 0.00151559 -11.499 11.4928 -0.00619626
226.056 -0.0182303 0.00151658 -11.4969 11.4907 -0.00619028
226.067 -0.0182283 0.00151758 -11.4946 11.4885 -0.00618444
226.079 -0.0182257 0.00151816 -11.4924 11.4862 -0.00617841
226.09 -0.0182233 0.00151882 -11.4901 11.4839 -0.00617303
226.101 -0.018221 0.00151872 -11.4878 11.4816 -0.00616721
226.112 -0.0182181 0.00151917 -11.4854 11.4793 -0.00616115
226.124 -0.0182154 0.00151914 -11.483 11.4769 -0.00615458
226.135 -0.0182133 0.00151931 -11.4806 11.4745 -0.00614811
226.146 -0.0182116 0.00151903 -11.4782 11.472 -0.0061415
226.157 -0.0182096 0.00151956 -11.4757 11.4696 -0.00613504
226.169 -0.0182067 0.00151921 -11.4732 11.4671 -0.0061281
226.18 -0.018204 0.00151955 -11.4707 11.4646 -0.00612162
226.191 -0.0182012 0.00151917 -11.4682 11.4621 -0.0061154
226.202 -0.0181986 0.00151894 -11.4656 11.4595 -0.0061089
226.213 -0.018197 0.00151822 -11.463 11.4569 -0.00610267
226.225 -0.0181961 0.00151858 -11.4604 11.4543 -0.0060959
226.236 -0.018195 0.00151801 -11.4577 11.4517 -0.00608964
226.247 -0.018193 0.00151782 -11.4551 11.449 -0.00608282
226.258 -0.0181916 0.00151716 -11.4524 11.4463 -0.00607733
226.27 -0.0181895 0.00151525 -11.4496 11.4436 -0.00607152
226.281 -0.0181872 0.00151387 -11.4469 11.4408 -0.00606598
226.292 -0.0181846 0.00151342 -11.4441 11.438 -0.00606027
226.303 -0.0181824 0.00151275 -11.4413 11.4352 -0.0060554
226.315 -0.0181797 0.00151277 -11.4384 11.4324 -0.00604875
226.326 -0.0181766 0.00151275 -11.4356 11.4295 -0.00604291
226.337 -0.0181738 0.00151304 -11.4327 11.4266 -0.00603644
226.348 -0.0181715 0.0015127 -11.4297 11.4237 -0.00603
226.36 -0.0181686 0.00151211 -11.4268 11.4207 -0.00602404
226.371 -0.018166 0.00151162 -11.4238 11.4178 -0.00601771
226.382 -0.018163 0.00151168 -11.4207 11.4147 -0.00601205
226.393 -0.0181604 0.0015117 -11.4177 11.4117 -0.00600653
226.404 -0.0181575 0.00151201 -11.4146 11.4086 -0.00600011
226.416 -0.0181549 0.00151169 -11.4115 11.4055 -0.00599389
226.427 -0.0181524 0.00151108 -11.4083 11.4023 -0.00598759
226.438 -0.0181502 0.00151135 -11.4051 11.3991 -0.00598187
226.449 -0.018148 0.00151103 -11.4019 11.3959 -0.00597684
226.461 -0.0181456 0.00151159 -11.3987 11.3927 -0.0059703
226.472 -0.018144 0.00151193 -11.3954 11.3894 -0.00596316
226.483 -0.0181418 0.00151216 -11.3921 11.3861 -0.00595506
226.494 -0.0181395 0.00151175 -11.3888 11.3828 -0.00594758
226.506 -0.0181376 0.00151163 -11.3854 11.3795 -0.00593978
226.517 -0.018135 0.00151269 -11.382 11.3761 -0.00593264
226.528 -0.018133 0.0015141 -11.3786 11.3727 -0.00592563
226.539 -0.0181313 0.00151474 -11.3752 11.3692 -0.00591818
226.551 -0.0181296 0.00151561 -11.3717 11.3658 -0.00591148
226.562 -0.0181288 0.00151552 -11.3682 11.3623 -0.0059048
226.573 -0.0181282 0.00151522 -11.3646 11.3587 -0.00589794
226.584 -0.0181263 0.00151511 -11.361 11.3551 -0.00589035
226.596 -0.0181247 0.00151522 -11.3573 11.3515 -0.00588321
226.607 -0.0181233 0.00151536 -11.3537 11.3478 -0.00587571
226.618 -0.0181225 0.00151567 -11.35 11.3441 -0.00586924
226.629 -0.0181207 0.00151652 -11.3462 11.3403 -0.00586288
226.64 -0.0181192 0.0015175 -11.3424 11.3365 -0.00585703
226.652 -0.0181182 0.00151881 -11.3386 11.3328 -0.00585139
226.663 -0.0181166 0.00152014 -11.3348 11.3289 -0.00584676
226.674 -0.0181158 0.00152029 -11.3309 11.3251 -0.00584141
226.685 -0.0181139 0.00152069 -11.327 11.3212 -0.00583731
226.697 -0.018113 0.00152085 -11.3231 11.3172 -0.00583303
226.708 -0.0181114 0.00152079 -11.3191 11.3132 -0.00582765
226.719 -0.0181103 0.00152056 -11.3151 11.3092 -0.00582108
226.73 -0.0181081 0.00152129 -11.311 11.3052 -0.00581541
226.742 -0.0181052 0.00152132 -11.307 11.3012 -0.00580944
226.753 -0.0181019 0.00152135 -11.3029 11.2971 -0.00580333
226.764 -0.0180999 0.00152168 -11.2988 11.293 -0.00579744
226.775 -0.0180984 0.00152199 -11.2947 11.2889 -0.00579123
226.787 -0.0180965 0.00152207 -11.2906 11.2848 -0.0057865
226.798 -0.0180943 0.00152231 -11.2864 11.2806 -0.00578113
226.809 -0.0180925 0.00152222 -11.2822 11.2764 -0.00577506
226.82 -0.0180904 0.00152121 -11.278 11.2722 -0.00576986
226.831 -0.0180885 0.00152014 -11.2737 11.2679 -0.00576412
226.843 -0.0180868 0.00151961 -11.2694 11.2637 -0.00575809
226.854 -0.0180852 0.00151909 -11.2651 11.2594 -0.00575367
226.865 -0.0180841 0.00151955 -11.2608 11.2551 -0.00574902
226.876 -0.0180831 0.00151989 -11.2565 11.2507 -0.00574419
226.888 -0.0180822 0.0015199 -11.2521 11.2463 -0.00573945
226.899 -0.0180811 0.00152048 -11.2476 11.2419 -0.00573483
226.91 -0.0180794 0.0015215 -11.2432 11.2375 -0.00572918
226.921 -0.0180789 0.00152305 -11.2387 11.233 -0.00572408
226.933 -0.0180774 0.00152445 -11.2342 11.2284 -0.0057193
226.944 -0.0180761 0.00152527 -11.2296 11.2239 -0.00571383
226.955 -0.0180741 0.00152638 -11.225 11.2192 -0.00570731
226.966 -0.0180723 0.00152736 -11.2203 11.2146 -0.00570146
226.978 -0.0180711 0.00152795 -11.2156 11.2099 -0.00569579
226.989 -0.0180695 0.00152837 -11.2109 11.2052 -0.00569028
227 -0.0180683 0.0015286 -11.2062 11.2005 -0.00568502
227.011 -0.0180686 0.00152861 -11.2014 11.1957 -0.00567825
227.022 -0.0180685 0.00152913 -11.1965 11.1909 -0.00567207
227.034 -0.0180684 0.00152869 -11.1917 11.186 -0.00566764
227.045 -0.0180682 0.00152827 -11.1867 11.1811 -0.00566249
227.056 -0.0180679 0.0015276 -11.1818 11.1761 -0.00565703
227.067 -0.0180662 0.00152686 -11.1768 11.1711 -0.00565109
227.079 -0.0180637 0.00152544 -11.1717 11.1661 -0.0056459
227.09 -0.0180607 0.00152437 -11.1666 11.161 -0.00564041
227.101 -0.0180571 0.00152375 -11.1615 11.1559 -0.00563436
227.112 -0.0180532 0.00152356 -11.1563 11.1507 -0.00562714
227.124 -0.0180506 0.00152214 -11.1512 11.1456 -0.00562137
227.135 -0.0180483 0.00152158 -11.146 11.1404 -0.00561597
227.146 -0.0180454 0.0015203 -11.1408 11.1352 -0.00561144
227.157 -0.0180427 0.00151987 -11.1355 11.1299 -0.00560714
227.169 -0.0180406 0.0015202 -11.1302 11.1246 -0.00560255
227.18 -0.0180401 0.00151877 -11.1249 11.1193 -0.00559815
227.191 -0.0180391 0.00151706 -11.1196 11.114 -0.00559441
227.202 -0.0180377 0.00151534 -11.1142 11.1086 -0.00559046
227.213 -0.0180362 0.00151414 -11.1087 11.1031 -0.00558729
227.225 -0.0180345 0.00151351 -11.1032 11.0977 -0.005584
227.236 -0.0180322 0.00151367 -11.0977 11.0922 -0.00557985
227.247 -0.0180299 0.0015142 -11.0922 11.0866 -0.00557553
227.258 -0.0180279 0.00151362 -11.0867 11.0811 -0.00557187
227.27 -0.0180257 0.00151368 -11.0811 11.0755 -0.00556781
227.281 -0.0180236 0.00151419 -11.0755 11.07 -0.00556433
227.292 -0.0180215 0.00151411 -11.0699 11.0643 -0.00556032
227.303 -0.0180202 0.00151429 -11.0643 11.0587 -0.00555666
227.315 -0.0180186 0.00151437 -11.0586 11.0531 -0.0055526
227.326 -0.0180163 0.00151458 -11.0529 11.0474 -0.0055485
227.337 -0.0180135 0.00151525 -11.0473 11.0417 -0.00554304
227.348 -0.0180117 0.00151553 -11.0416 11.036 -0.0055369
227.36 -0.0180108 0.00151473 -11.0359 11.0303 -0.00553225
227.371 -0.018009 0.00151455 -11.0302 11.0246 -0.00552673
227.382 -0.018008 0.00151474 -11.0244 11.0189 -0.00552147
227.393 -0.0180054 0.00151504 -11.0187 11.0132 -0.00551586
227.404 -0.0180025 0.00151476 -11.0129 11.0074 -0.00551046
227.416 -0.0180005 0.00151356 -11.0071 11.0016 -0.00550491
227.427 -0.0179974 0.00151206 -11.0013 10.9958 -0.00549915
227.438 -0.0179947 0.00151034 -10.9955 10.99 -0.00549405
227.449 -0.0179912 0.00150962 -10.9896 10.9841 -0.00548842
227.461 -0.0179882 0.00150936 -10.9837 10.9783 -0.005483
227.472 -0.0179848 0.00150889 -10.9779 10.9724 -0.00547776
227.483 -0.0179811 0.00150859 -10.972 10.9666 -0.00547143
227.494 -0.0179778 0.00150737 -10.9662 10.9607 -0.00546658
227.506 -0.0179747 0.00150676 -10.9603 10.9548 -0.00546255
227.517 -0.0179714 0.00150567 -10.9544 10.9489 -0.00545843
227.528 -0.0179692 0.0015039 -10.9484 10.943 -0.00545456
227.539 -0.0179674 0.00150263 -10.9425 10.937 -0.00545013
227.551 -0.0179672 0.00150199 -10.9365 10.9311 -0.0054465
227.562 -0.0179659 0.00150156 -10.9305 10.9251 -0.00544224
227.573 -0.0179644 0.00150085 -10.9245 10.9191 -0.00543792
227.584 -0.0179626 0.00149994 -10.9185 10.9131 -0.00543336
227.596 -0.0179611 0.00150012 -10.9124 10.907 -0.00542957
227.607 -0.01796 0.00149977 -10.9064 10.901 -0.00542688
227.618 -0.0179582 0.00150001 -10.9003 10.8949 -0.00542379
227.629 -0.0179562 0.00149956 -10.8942 10.8888 -0.00542022
227.64 -0.0179535 0.00149922 -10.8881 10.8827 -0.0054154
227.652 -0.017951 0.00149849 -10.882 10.8766 -0.0054101
227.663 -0.0179481 0.00149791 -10.8759 10.8705 -0.00540464
227.674 -0.0179459 0.00149825 -10.8698 10.8644 -0.00539894
227.685 -0.0179438 0.00149746 -10.8637 10.8583 -0.00539343
227.697 -0.0179412 0.0014977 -10.8576 10.8522 -0.00538642
227.708 -0.0179381 0.00149739 -10.8515 10.8462 -0.00538088
227.719 -0.0179352 0.00149781 -10.8455 10.8401 -0.00537437
227.73 -0.0179326 0.00149792 -10.8395 10.8341 -0.00536857
227.742 -0.0179296 0.00149749 -10.8335 10.8281 -0.00536353
227.753 -0.0179279 0.00149607 -10.8275 10.8222 -0.00535792
227.764 -0.0179257 0.00149467 -10.8216 10.8162 -0.00535157
227.775 -0.017923 0.00149366 -10.8156 10.8103 -0.00534503
227.787 -0.01792 0.00149255 -10.8098 10.8044 -0.00533787
227.798 -0.0179168 0.00149206 -10.8039 10.7986 -0.00533132
227.809 -0.0179126 0.00149151 -10.7981 10.7928 -0.00532479
227.82 -0.0179087 0.00149048 -10.7924 10.787 -0.0053178
227.831 -0.0179049 0.00148958 -10.7866 10.7813 -0.0053121
227.843 -0.0179015 0.0014883 -10.7809 10.7756 -0.00530624
227.854 -0.017898 0.00148634 -10.7753 10.77 -0.00530032
227.865 -0.0178937 0.00148468 -10.7696 10.7643 -0.00529487
227.876 -0.0178903 0.00148372 -10.764 10.7587 -0.00528982
227.888 -0.0178873 0.00148295 -10.7584 10.7531 -0.00528403
227.899 -0.0178854 0.00148121 -10.7528 10.7475 -0.00527907
227.91 -0.0178828 0.00147999 -10.7472 10.742 -0.00527472
227.921 -0.0178809 0.00147923 -10.7417 10.7364 -0.00527079
227.933 -0.0178781 0.00147872 -10.7361 10.7309 -0.00526689
227.944 -0.0178749 0.00147881 -10.7306 10.7253 -0.00526277
227.955 -0.0178717 0.00147904 -10.7251 10.7198 -0.00525763
227.966 -0.017869 0.00147899 -10.7196 10.7143 -0.00525259
227.978 -0.0178663 0.00147868 -10.7141 10.7089 -0.00524824
227.989 -0.0178628 0.00147808 -10.7086 10.7034 -0.00524335
228 -0.0178593 0.00147725 -10.7032 10.698 -0.0052381
228.011 -0.0178566 0.00147691 -10.6979 10.6926 -0.00523287
228.022 -0.0178542 0.00147632 -10.6925 10.6873 -0.00522761
228.034 -0.0178505 0.00147531 -10.6872 10.682 -0.00522111
228.045 -0.0178467 0.00147577 -10.6819 10.6767 -0.00521552
228.056 -0.0178427 0.00147631 -10.6767 10.6715 -0.00520836
228.067 -0.0178398 0.00147743 -10.6716 10.6664 -0.00520102
228.079 -0.0178357 0.00147751 -10.6665 10.6613 -0.00519434
228.09 -0.0178317 0.00147717 -10.6615 10.6563 -0.0051869
228.101 -0.017828 0.00147614 -10.6565 10.6513 -0.00518158
228.112 -0.0178245 0.0014757 -10.6516 10.6464 -0.00517595
228.124 -0.017822 0.00147603 -10.6466 10.6415 -0.00516992
228.135 -0.0178182 0.00147638 -10.6418 10.6366 -0.00516287
228.146 -0.0178155 0.00147631 -10.637 10.6319 -0.00515659
228.157 -0.0178122 0.0014759 -10.6323 10.6272 -0.00514991
228.169 -0.0178093 0.00147643 -10.6277 10.6225 -0.00514268
228.18 -0.0178063 0.00147663 -10.6231 10.618 -0.0051373
228.191 -0.0178032 0.00147579 -10.6186 10.6134 -0.0051319
228.202 -0.0178011 0.00147463 -10.6141 10.609 -0.00512741
228.213 -0.0177984 0.00147418 -10.6097 10.6046 -0.00512242
228.225 -0.0177961 0.0014747 -10.6053 10.6002 -0.00511641
228.236 -0.0177933 0.00147453 -10.601 10.5959 -0.00511112
228.247 -0.0177904 0.00147494 -10.5968 10.5916 -0.00510537
228.258 -0.0177876 0.00147411 -10.5925 10.5874 -0.00509926
228.27 -0.0177862 0.00147458 -10.5884 10.5833 -0.00509486
228.281 -0.0177847 0.00147479 -10.5842 10.5791 -0.00509111
228.292 -0.017782 0.00147493 -10.5801 10.5751 -0.00508603
228.303 -0.0177794 0.00147606 -10.5761 10.571 -0.00508086
228.315 -0.0177765 0.00147762 -10.5721 10.567 -0.00507593
228.326 -0.0177737 0.00147855 -10.5682 10.5631 -0.00506972
228.337 -0.0177706 0.00147941 -10.5643 10.5592 -0.00506394
228.348 -0.0177674 0.00147954 -10.5605 10.5555 -0.00505908
228.36 -0.0177637 0.00147944 -10.5568 10.5517 -0.00505355
228.371 -0.0177606 0.00147859 -10.5531 10.548 -0.00504821
228.382 -0.0177581 0.00147818 -10.5495 10.5444 -0.00504412
228.393 -0.0177558 0.00147715 -10.5459 10.5408 -0.00503944
228.404 -0.0177537 0.00147537 -10.5423 10.5373 -0.00503463
228.416 -0.0177507 0.00147415 -10.5389 10.5338 -0.00502847
228.427 -0.0177474 0.00147327 -10.5355 10.5304 -0.00502159
228.438 -0.0177446 0.00147163 -10.5321 10.5271 -0.00501537
228.449 -0.0177401 0.00146907 -10.5289 10.5238 -0.00500872
228.461 -0.0177361 0.00146809 -10.5256 10.5206 -0.00500158
228.472 -0.0177317 0.00146701 -10.5225 10.5175 -0.00499404
228.483 -0.0177276 0.00146591 -10.5194 10.5144 -0.00498757
228.494 -0.0177237 0.00146511 -10.5164 10.5114 -0.00498098
228.506 -0.0177186 0.00146522 -10.5135 10.5085 -0.00497383
228.517 -0.0177138 0.00146526 -10.5106 10.5057 -0.0049666
228.528 -0.0177085 0.00146382 -10.5079 10.5029 -0.00495815
228.539 -0.0177043 0.00146265 -10.5052 10.5002 -0.00495002
228.551 -0.0177 0.00146165 -10.5026 10.4977 -0.00494245
228.562 -0.0176964 0.00146134 -10.5001 10.4951 -0.00493461
228.573 -0.0176925 0.00146004 -10.4976 10.4927 -0.00492725
228.584 -0.0176884 0.00145876 -10.4952 10.4903 -0.00491979
228.596 -0.0176853 0.00145839 -10.4929 10.488 -0.0049133
228.607 -0.0176828 0.00145699 -10.4906 10.4857 -0.00490742
228.618 -0.0176802 0.00145632 -10.4884 10.4835 -0.00490188
228.629 -0.0176783 0.00145399 -10.4862 10.4813 -0.0048961
228.64 -0.0176767 0.00145299 -10.4841 10.4792 -0.00489107
228.652 -0.0176741 0.00145235 -10.482 10.4771 -0.00488555
228.663 -0.0176716 0.00145136 -10.48 10.4751 -0.00488035
228.674 -0.0176686 0.00144988 -10.478 10.4731 -0.0048756
228.685 -0.0176653 0.00144881 -10.4761 10.4713 -0.00487136
228.697 -0.0176619 0.00144738 -10.4743 10.4694 -0.00486635
228.708 -0.0176588 0.00144704 -10.4725 10.4676 -0.0048614
228.719 -0.017655 0.00144644 -10.4708 10.4659 -0.00485642
228.73 -0.0176513 0.00144607 -10.4691 10.4642 -0.00485091
228.742 -0.0176486 0.00144573 -10.4675 10.4626 -0.00484706
228.753 -0.0176448 0.00144616 -10.4659 10.4611 -0.00484355
228.764 -0.0176415 0.00144645 -10.4644 10.4596 -0.00483865
228.775 -0.0176375 0.00144657 -10.463 10.4582 -0.00483331
228.787 -0.0176335 0.00144601 -10.4616 10.4568 -0.0048286
228.798 -0.0176295 0.00144519 -10.4603 10.4555 -0.00482294
228.809 -0.0176255 0.00144456 -10.4591 10.4543 -0.00481714
228.82 -0.0176215 0.00144385 -10.458 10.4532 -0.00481107
228.831 -0.0176183 0.00144378 -10.4569 10.4521 -0.00480509
228.843 -0.0176134 0.00144379 -10.4558 10.451 -0.00479841
228.854 -0.0176086 0.00144325 -10.4549 10.4501 -0.00479345
228.865 -0.0176055 0.00144286 -10.454 10.4492 -0.00478763
228.876 -0.0176022 0.00144193 -10.4531 10.4483 -0.00478215
228.888 -0.0175989 0.00144081 -10.4523 10.4475 -0.00477677
228.899 -0.0175952 0.00144058 -10.4516 10.4468 -0.00477173
228.91 -0.0175922 0.00144041 -10.4509 10.4461 -0.00476687
228.921 -0.0175898 0.00143972 -10.4503 10.4455 -0.00476288
228.933 -0.0175874 0.0014383 -10.4497 10.4449 -0.00475825
228.944 -0.0175851 0.00143603 -10.4492 10.4444 -0.00475474
228.955 -0.0175836 0.00143334 -10.4487 10.4439 -0.00475109
228.966 -0.0175811 0.00143152 -10.4482 10.4435 -0.00474636
228.978 -0.0175785 0.00143053 -10.4479 10.4431 -0.00474188
228.989 -0.0175756 0.00142915 -10.4476 10.4428 -0.00473796
229 -0.0175726 0.00142855 -10.4473 10.4426 -0.00473361
229.011 -0.0175697 0.00142766 -10.4471 10.4424 -0.00472899
229.022 -0.0175663 0.00142689 -10.447 10.4423 -0.00472343
229.034 -0.0175628 0.00142629 -10.4469 10.4422 -0.00471762
229.045 -0.0175598 0.00142517 -10.4469 10.4422 -0.00471379
229.056 -0.0175576 0.00142418 -10.447 10.4423 -0.00470827
229.067 -0.0175555 0.00142441 -10.4471 10.4424 -0.00470257
229.079 -0.0175525 0.00142461 -10.4472 10.4425 -0.0046965
229.09 -0.0175495 0.00142506 -10.4475 10.4428 -0.00469131
229.101 -0.0175465 0.00142555 -10.4477 10.443 -0.00468545
229.112 -0.0175428 0.00142526 -10.448 10.4433 -0.00467895
229.124 -0.0175399 0.00142416 -10.4484 10.4437 -0.00467221
229.135 -0.0175371 0.00142294 -10.4488 10.4441 -0.00466552
229.146 -0.0175339 0.00142292 -10.4493 10.4446 -0.00465975
229.157 -0.0175306 0.00142342 -10.4498 10.4452 -0.00465385
229.169 -0.0175273 0.00142291 -10.4504 10.4457 -0.00464813
229.18 -0.017524 0.00142213 -10.451 10.4463 -0.00464285
229.191 -0.0175201 0.00142258 -10.4516 10.447 -0.00463752
229.202 -0.0175172 0.00142289 -10.4523 10.4476 -0.00463096
229.213 -0.0175141 0.00142262 -10.453 10.4484 -0.00462403
229.225 -0.0175101 0.00142242 -10.4538 10.4491 -0.00461761
229.236 -0.017507 0.00142173 -10.4545 10.4499 -0.0046105
229.247 -0.0175032 0.00142087 -10.4554 10.4508 -0.00460392
229.258 -0.0174991 0.00142062 -10.4563 10.4517 -0.00459722
229.27 -0.0174946 0.00142013 -10.4572 10.4526 -0.00459008
229.281 -0.0174904 0.00141917 -10.4582 10.4536 -0.00458398
229.292 -0.0174863 0.00141824 -10.4593 10.4547 -0.00457854
229.303 -0.0174829 0.00141779 -10.4603 10.4558 -0.00457344
229.315 -0.0174796 0.00141811 -10.4614 10.4569 -0.00456866
229.326 -0.0174757 0.00141862 -10.4626 10.458 -0.00456323
229.337 -0.0174726 0.00141927 -10.4638 10.4592 -0.00455668
229.348 -0.0174692 0.00141903 -10.465 10.4604 -0.00455176
229.36 -0.0174666 0.00141934 -10.4662 10.4617 -0.00454746
229.371 -0.0174644 0.00141986 -10.4675 10.4629 -0.00454264
229.382 -0.0174611 0.0014195 -10.4688 10.4642 -0.00453769
229.393 -0.0174583 0.00141915 -10.4701 10.4656 -0.00453325
229.404 -0.0174559 0.00141822 -10.4715 10.4669 -0.00452847
229.416 -0.0174527 0.00141742 -10.4729 10.4684 -0.00452384
229.427 -0.0174489 0.00141649 -10.4743 10.4698 -0.00451962
229.438 -0.017446 0.00141604 -10.4758 10.4712 -0.00451484
229.449 -0.0174436 0.00141476 -10.4772 10.4727 -0.00451065
229.461 -0.0174401 0.00141343 -10.4787 10.4742 -0.00450697
229.472 -0.0174365 0.00141237 -10.4802 10.4757 -0.00450279
229.483 -0.0174334 0.00141153 -10.4818 10.4773 -0.00449877
229.494 -0.0174303 0.00141055 -10.4833 10.4788 -0.0044946
229.506 -0.0174285 0.00140892 -10.4849 10.4804 -0.00448976
229.517 -0.0174257 0.00140777 -10.4864 10.482 -0.00448502
229.528 -0.0174238 0.00140567 -10.488 10.4836 -0.00448059
229.539 -0.0174214 0.00140433 -10.4896 10.4852 -0.00447566
229.551 -0.017419 0.00140285 -10.4912 10.4868 -0.00447078
229.562 -0.0174168 0.0014011 -10.4929 10.4884 -0.00446545
229.573 -0.0174145 0.00140019 -10.4945 10.49 -0.00445958
229.584 -0.0174118 0.00139934 -10.4961 10.4917 -0.00445443
229.596 -0.0174087 0.00139848 -10.4978 10.4933 -0.00445078
229.607 -0.0174065 0.00139751 -10.4994 10.495 -0.00444658
229.618 -0.0174044 0.00139627 -10.5011 10.4966 -0.004442
229.629 -0.0174019 0.00139505 -10.5027 10.4983 -0.00443814
229.64 -0.0173986 0.00139417 -10.5044 10.5 -0.00443251
229.652 -0.0173956 0.00139298 -10.5061 10.5017 -0.004428
229.663 -0.0173932 0.00139078 -10.5078 10.5034 -0.00442313
229.674 -0.0173903 0.00138953 -10.5095 10.5051 -0.00441788
229.685 -0.0173873 0.00138834 -10.5112 10.5068 -0.00441316
229.697 -0.0173851 0.00138623 -10.513 10.5085 -0.00440906
229.708 -0.0173829 0.00138471 -10.5146 10.5102 -0.00440426
229.719 -0.0173808 0.00138315 -10.5163 10.5119 -0.00440039
229.73 -0.0173788 0.00138084 -10.5181 10.5137 -0.00439695
229.742 -0.0173762 0.00137924 -10.5198 10.5154 -0.00439405
229.753 -0.0173728 0.00137748 -10.5215 10.5171 -0.0043905
229.764 -0.0173697 0.00137557 -10.5232 10.5188 -0.00438674
229.775 -0.0173665 0.0013745 -10.5249 10.5205 -0.00438183
229.787 -0.0173632 0.0013737 -10.5266 10.5222 -0.00437709
229.798 -0.01736 0.00137202 -10.5283 10.524 -0.00437307
229.809 -0.0173565 0.00137066 -10.53 10.5257 -0.00436846
229.82 -0.0173533 0.00136887 -10.5317 10.5274 -0.00436415
229.831 -0.0173507 0.00136667 -10.5335 10.5291 -0.00436034
229.843 -0.0173477 0.00136489 -10.5352 10.5309 -0.00435628
229.854 -0.0173443 0.00136256 -10.5369 10.5326 -0.00435268
229.865 -0.0173407 0.0013603 -10.5387 10.5343 -0.00434902
229.876 -0.0173379 0.00135781 -10.5404 10.5361 -0.0043449
229.888 -0.0173347 0.00135546 -10.5421 10.5378 -0.00434053
229.899 -0.0173316 0.0013532 -10.5438 10.5395 -0.00433598
229.91 -0.0173287 0.00135105 -10.5455 10.5412 -0.0043311
229.921 -0.0173251 0.00134905 -10.5472 10.5429 -0.00432648
229.933 -0.0173217 0.00134705 -10.549 10.5446 -0.00432176
229.944 -0.017318 0.00134525 -10.5506 10.5463 -0.00431693
229.955 -0.0173151 0.00134405 -10.5523 10.548 -0.00431252
229.966 -0.0173123 0.0013424 -10.554 10.5497 -0.00430851
229.978 -0.0173104 0.00134084 -10.5556 10.5513 -0.004305
229.989 -0.0173075 0.00133883 -10.5573 10.553 -0.00430114
230 -0.0173058 0.00133753 -10.5589 10.5546 -0.0042974
230.011 -0.0173028 0.00133769 -10.5605 10.5562 -0.00429357
230.022 -0.0173004 0.00133617 -10.5621 10.5578 -0.00429005
230.034 -0.0172979 0.00133452 -10.5637 10.5594 -0.00428587
230.045 -0.0172957 0.00133298 -10.5652 10.561 -0.0042812
230.056 -0.017293 0.00133122 -10.5668 10.5626 -0.00427587
230.067 -0.0172907 0.00132925 -10.5684 10.5642 -0.00427174
230.079 -0.0172889 0.00132697 -10.57 10.5657 -0.00426746
230.09 -0.0172873 0.00132511 -10.5716 10.5673 -0.00426334
230.101 -0.017286 0.00132333 -10.5731 10.5689 -0.00425933
230.112 -0.0172851 0.00132144 -10.5747 10.5704 -0.00425449
230.124 -0.0172838 0.00132014 -10.5763 10.572 -0.00424967
230.135 -0.0172817 0.00131852 -10.5778 10.5736 -0.00424582
230.146 -0.0172803 0.00131661 -10.5794 10.5751 -0.00424189
230.157 -0.0172788 0.00131543 -10.5809 10.5767 -0.00423761
230.169 -0.0172772 0.00131318 -10.5825 10.5782 -0.00423381
230.18 -0.0172754 0.00131132 -10.584 10.5798 -0.00422893
230.191 -0.0172741 0.00130849 -10.5855 10.5813 -0.00422434
230.202 -0.0172729 0.00130511 -10.587 10.5828 -0.00422085
230.213 -0.0172707 0.00130205 -10.5885 10.5843 -0.00421643
230.225 -0.0172687 0.00129878 -10.5901 10.5859 -0.00421147
230.236 -0.0172676 0.00129655 -10.5916 10.5874 -0.00420693
230.247 -0.0172663 0.00129418 -10.5931 10.5889 -0.00420227
230.258 -0.0172652 0.0012922 -10.5946 10.5904 -0.00419774
230.27 -0.0172642 0.00128894 -10.5962 10.592 -0.004194
230.281 -0.0172643 0.00128569 -10.5977 10.5935 -0.00418985
230.292 -0.0172632 0.00128284 -10.5992 10.595 -0.00418523
230.303 -0.0172617 0.00128013 -10.6008 10.5966 -0.00417976
230.315 -0.0172602 0.00127711 -10.6023 10.5981 -0.00417551
230.326 -0.0172579 0.00127482 -10.6038 10.5997 -0.00417032
230.337 -0.0172556 0.00127249 -10.6054 10.6012 -0.00416663
230.348 -0.017254 0.00127112 -10.6069 10.6028 -0.00416149
230.36 -0.0172529 0.00126912 -10.6085 10.6044 -0.0041568
230.371 -0.017252 0.00126763 -10.6101 10.6059 -0.00415181
230.382 -0.0172507 0.0012668 -10.6117 10.6075 -0.00414611
230.393 -0.0172485 0.00126579 -10.6133 10.6091 -0.00414104
230.404 -0.0172467 0.00126436 -10.6149 10.6108 -0.00413606
230.416 -0.0172452 0.00126283 -10.6165 10.6124 -0.00413169
230.427 -0.0172443 0.00126069 -10.6181 10.614 -0.00412777
230.438 -0.0172432 0.00125847 -10.6198 10.6156 -0.0041243
230.449 -0.0172425 0.00125657 -10.6214 10.6173 -0.0041212
230.461 -0.0172413 0.00125486 -10.6231 10.6189 -0.00411727
230.472 -0.0172398 0.00125325 -10.6247 10.6206 -0.00411383
230.483 -0.0172382 0.00125112 -10.6264 10.6223 -0.00410973
230.494 -0.0172364 0.00124971 -10.6281 10.624 -0.00410579
230.506 -0.0172344 0.00124862 -10.6298 10.6257 -0.00410149
230.517 -0.017233 0.00124743 -10.6315 10.6274 -0.00409756
230.528 -0.0172318 0.00124555 -10.6332 10.6291 -0.00409356
230.539 -0.0172308 0.00124278 -10.6349 10.6308 -0.00408948
230.551 -0.0172291 0.00124013 -10.6366 10.6325 -0.00408569
230.562 -0.0172275 0.00123792 -10.6383 10.6342 -0.00408247
230.573 -0.0172255 0.00123588 -10.64 10.6359 -0.00407935
230.584 -0.0172238 0.00123329 -10.6417 10.6376 -0.00407472
230.596 -0.0172219 0.00122986 -10.6434 10.6394 -0.00407021
230.607 -0.0172213 0.00122556 -10.6452 10.6411 -0.00406619
230.618 -0.0172203 0.00122193 -10.647 10.6429 -0.00406153
230.629 -0.0172196 0.00121811 -10.6488 10.6447 -0.00405804
230.64 -0.0172196 0.0012144 -10.6506 10.6466 -0.00405435
230.652 -0.0172191 0.00121046 -10.6524 10.6484 -0.00405041
230.663 -0.0172181 0.00120625 -10.6543 10.6502 -0.00404629
230.674 -0.0172169 0.00120235 -10.6562 10.6521 -0.00404396
230.685 -0.0172157 0.00119859 -10.658 10.654 -0.00404033
230.697 -0.0172146 0.00119434 -10.6599 10.6559 -0.00403695
230.708 -0.0172131 0.00119077 -10.6619 10.6579 -0.00403311
230.719 -0.0172114 0.00118707 -10.6638 10.6598 -0.00402929
230.73 -0.0172104 0.00118431 -10.6658 10.6618 -0.00402543
230.742 -0.0172089 0.00118267 -10.6679 10.6639 -0.0040225
230.753 -0.0172074 0.00118053 -10.6699 10.6659 -0.0040194
230.764 -0.0172053 0.00117795 -10.672 10.668 -0.00401648
230.775 -0.0172039 0.00117603 -10.6742 10.6701 -0.00401367
230.787 -0.0172031 0.00117328 -10.6763 10.6723 -0.0040099
230.798 -0.0172019 0.00116979 -10.6785 10.6745 -0.00400672
230.809 -0.017201 0.00116735 -10.6807 10.6767 -0.00400354
230.82 -0.0172008 0.00116413 -10.683 10.679 -0.00399984
230.831 -0.0171998 0.00116129 -10.6853 10.6813 -0.00399654
230.843 -0.0171986 0.00115771 -10.6876 10.6836 -0.00399343
230.854 -0.0171971 0.00115401 -10.69 10.686 -0.00399023
230.865 -0.0171961 0.00115123 -10.6923 10.6884 -0.00398795
230.876 -0.0171956 0.00114824 -10.6948 10.6908 -0.00398557
230.888 -0.0171946 0.00114442 -10.6972 10.6932 -0.00398355
230.899 -0.0171939 0.00114037 -10.6997 10.6957 -0.0039814
230.91 -0.0171938 0.00113678 -10.7022 10.6982 -0.00397881
230.921 -0.0171938 0.00113348 -10.7047 10.7007 -0.0039765
230.933 -0.0171937 0.00112943 -10.7073 10.7033 -0.00397412
230.944 -0.0171932 0.00112573 -10.7099 10.706 -0.0039719
230.955 -0.0171928 0.0011225 -10.7126 10.7086 -0.00396918
230.966 -0.0171918 0.00111861 -10.7153 10.7113 -0.00396633
230.978 -0.0171914 0.00111432 -10.7181 10.7141 -0.0039639
230.989 -0.0171909 0.00111062 -10.7209 10.7169 -0.0039615
231 -0.0171913 0.00110742 -10.7237 10.7198 -0.00395846
231.011 -0.0171917 0.00110432 -10.7266 10.7227 -0.00395671
231.022 -0.0171911 0.00110091 -10.7296 10.7256 -0.00395416
231.034 -0.01719 0.00109833 -10.7326 10.7286 -0.0039522
231.045 -0.0171885 0.00109608 -10.7356 10.7316 -0.00394981
231.056 -0.0171885 0.00109305 -10.7386 10.7347 -0.00394738
231.067 -0.0171879 0.00109063 -10.7418 10.7378 -0.00394483
231.079 -0.017187 0.00108811 -10.7449 10.741 -0.00394295
231.09 -0.017186 0.00108554 -10.7482 10.7442 -0.00394027
231.101 -0.0171854 0.00108411 -10.7515 10.7475 -0.00393756
231.112 -0.0171849 0.00108154 -10.7548 10.7509 -0.00393493
231.124 -0.0171848 0.00107905 -10.7582 10.7543 -0.00393275
231.135 -0.0171845 0.00107526 -10.7617 10.7577 -0.00393097
231.146 -0.0171848 0.00107221 -10.7652 10.7613 -0.00392905
231.157 -0.0171842 0.00106929 -10.7688 10.7649 -0.00392714
231.169 -0.0171838 0.00106625 -10.7724 10.7685 -0.00392588
231.18 -0.0171835 0.00106309 -10.7761 10.7722 -0.0039235
231.191 -0.017182 0.00105995 -10.7798 10.7759 -0.003921
231.202 -0.0171812 0.0010568 -10.7836 10.7797 -0.00391879
231.213 -0.0171803 0.00105328 -10.7874 10.7835 -0.00391661
231.225 -0.0171802 0.00104958 -10.7913 10.7874 -0.0039145
231.236 -0.0171799 0.00104597 -10.7953 10.7914 -0.00391242
231.247 -0.0171795 0.00104285 -10.7993 10.7954 -0.00391092
231.258 -0.01718 0.00103872 -10.8033 10.7994 -0.00390843
231.27 -0.0171793 0.00103572 -10.8074 10.8035 -0.00390557
231.281 -0.0171786 0.00103241 -10.8116 10.8077 -0.00390265
231.292 -0.0171786 0.0010289 -10.8158 10.8119 -0.00389902
231.303 -0.0171781 0.0010255 -10.82 10.8161 -0.00389547
231.315 -0.0171784 0.00102291 -10.8243 10.8205 -0.00389159
231.326 -0.0171778 0.00101886 -10.8287 10.8248 -0.00388774
231.337 -0.017177 0.00101587 -10.8332 10.8293 -0.00388378
231.348 -0.0171766 0.0010118 -10.8377 10.8338 -0.00388047
231.36 -0.0171763 0.00100752 -10.8423 10.8384 -0.00387702
231.371 -0.0171757 0.00100446 -10.8469 10.843 -0.00387386
231.382 -0.0171752 0.00100134 -10.8516 10.8477 -0.00387116
231.393 -0.0171748 0.00099738 -10.8564 10.8525 -0.00386773
231.404 -0.0171753 0.000994015 -10.8612 10.8573 -0.00386522
231.416 -0.0171766 0.000989766 -10.8661 10.8622 -0.00386214
231.427 -0.0171778 0.000985188 -10.871 10.8672 -0.00386045
231.438 -0.0171789 0.000980683 -10.876 10.8722 -0.00385838
231.449 -0.0171798 0.000976903 -10.8811 10.8773 -0.00385533
231.461 -0.0171798 0.000972645 -10.8862 10.8824 -0.00385311
231.472 -0.017179 0.000969062 -10.8914 10.8876 -0.00385145
231.483 -0.0171783 0.000965093 -10.8966 10.8928 -0.00384966
231.494 -0.0171762 0.00096204 -10.9019 10.898 -0.00384723
231.506 -0.017175 0.000959426 -10.9072 10.9033 -0.00384605
231.517 -0.0171737 0.000957075 -10.9125 10.9087 -0.00384543
231.528 -0.0171732 0.00095444 -10.9179 10.9141 -0.0038451
231.539 -0.0171724 0.000951198 -10.9233 10.9195 -0.00384458
231.551 -0.0171723 0.00094806 -10.9288 10.925 -0.00384318
231.562 -0.0171727 0.000944013 -10.9344 10.9305 -0.00384107
231.573 -0.0171729 0.000940015 -10.9399 10.9361 -0.00383878
231.584 -0.0171731 0.000935611 -10.9456 10.9417 -0.0038363
231.596 -0.0171728 0.000930876 -10.9512 10.9474 -0.00383452
231.607 -0.0171718 0.000925324 -10.957 10.9531 -0.00383304
231.618 -0.0171711 0.000919354 -10.9627 10.9589 -0.0038307
231.629 -0.0171696 0.000914114 -10.9686 10.9647 -0.00382881
231.64 -0.0171688 0.000909891 -10.9745 10.9706 -0.00382583
231.652 -0.017168 0.000906897 -10.9804 10.9766 -0.00382231
231.663 -0.0171675 0.000903043 -10.9863 10.9825 -0.00381933
231.674 -0.0171666 0.000898704 -10.9923 10.9885 -0.00381678
231.685 -0.0171658 0.000894154 -10.9983 10.9945 -0.00381411
231.697 -0.0171661 0.000889604 -11.0044 11.0005 -0.00381055
231.708 -0.0171678 0.000884821 -11.0105 11.0066 -0.00380674
231.719 -0.0171689 0.000880227 -11.0167 11.0129 -0.00380355
231.73 -0.0171696 0.000876124 -11.0229 11.0191 -0.0038
231.742 -0.0171692 0.000872299 -11.0291 11.0253 -0.0037957
231.753 -0.0171689 0.000870121 -11.0354 11.0317 -0.00379183
231.764 -0.0171698 0.000868079 -11.0418 11.038 -0.00378846
231.775 -0.0171707 0.000865044 -11.0482 11.0444 -0.00378537
231.787 -0.0171714 0.000860628 -11.0546 11.0508 -0.00378263
231.798 -0.0171719 0.00085668 -11.0611 11.0573 -0.00377937
231.809 -0.0171719 0.000852723 -11.0676 11.0638 -0.00377649
231.82 -0.0171723 0.000848551 -11.0742 11.0704 -0.0037738
231.831 -0.0171724 0.000843901 -11.0807 11.077 -0.00377141
231.843 -0.0171721 0.000840183 -11.0874 11.0836 -0.00376985
231.854 -0.0171721 0.000836888 -11.094 11.0902 -0.00376813
231.865 -0.0171722 0.000833868 -11.1006 11.0968 -0.0037658
231.876 -0.0171711 0.000830981 -11.1072 11.1035 -0.00376331
231.888 -0.0171708 0.000826883 -11.1139 11.1101 -0.00376139
231.899 -0.0171703 0.000824034 -11.1205 11.1168 -0.00375864
231.91 -0.0171696 0.000821314 -11.1272 11.1235 -0.0037553
231.921 -0.0171701 0.000818408 -11.1339 11.1302 -0.0037518
231.933 -0.0171706 0.000815327 -11.1407 11.137 -0.00374885
231.944 -0.0171705 0.000811725 -11.1475 11.1437 -0.00374685
231.955 -0.0171707 0.000808469 -11.1543 11.1506 -0.00374399
231.966 -0.0171712 0.000805869 -11.1612 11.1574 -0.00374016
231.978 -0.0171721 0.00080343 -11.1681 11.1643 -0.00373679
231.989 -0.0171722 0.000800308 -11.175 11.1713 -0.00373451
232 -0.0171727 0.00079657 -11.182 11.1783 -0.00373255
232.011 -0.0171735 0.000793186 -11.1891 11.1853 -0.00372988
232.022 -0.0171741 0.000790883 -11.1961 11.1924 -0.00372714
232.034 -0.0171748 0.000788881 -11.2032 11.1995 -0.00372381
232.045 -0.017175 0.000786487 -11.2104 11.2067 -0.00372103
232.056 -0.0171751 0.00078459 -11.2176 11.2139 -0.00371795
232.067 -0.017175 0.000781826 -11.2249 11.2212 -0.00371457
232.079 -0.0171753 0.000779382 -11.2321 11.2284 -0.00371163
232.09 -0.0171748 0.000776551 -11.2394 11.2357 -0.00370731
232.101 -0.0171756 0.000772931 -11.2468 11.2431 -0.00370379
232.112 -0.0171769 0.000769498 -11.2541 11.2504 -0.00370089
232.124 -0.0171778 0.000764916 -11.2615 11.2578 -0.00369915
232.135 -0.0171784 0.000760105 -11.269 11.2653 -0.00369661
232.146 -0.0171792 0.000755849 -11.2764 11.2727 -0.00369383
232.157 -0.0171794 0.00075208 -11.2839 11.2802 -0.00369159
232.169 -0.017179 0.000748263 -11.2914 11.2877 -0.00369007
232.18 -0.0171785 0.00074583 -11.2989 11.2952 -0.00368824
232.191 -0.0171782 0.000743146 -11.3065 11.3028 -0.00368684
232.202 -0.0171787 0.00074027 -11.3141 11.3104 -0.0036857
232.213 -0.0171786 0.00073714 -11.3217 11.318 -0.00368374
232.225 -0.0171795 0.000733921 -11.3294 11.3257 -0.00368056
232.236 -0.0171804 0.000730376 -11.3371 11.3334 -0.00367748
232.247 -0.0171818 0.00072663 -11.3448 11.3411 -0.00367454
232.258 -0.0171827 0.000722643 -11.3526 11.3489 -0.00367145
232.27 -0.0171827 0.000718387 -11.3604 11.3567 -0.00366837
232.281 -0.0171831 0.000714425 -11.3682 11.3646 -0.00366527
232.292 -0.0171833 0.000711474 -11.3761 11.3725 -0.00366269
232.303 -0.017184 0.00070856 -11.384 11.3804 -0.00365877
232.315 -0.0171849 0.000705198 -11.392 11.3884 -0.0036555
232.326 -0.0171861 0.000701624 -11.4001 11.3964 -0.00365269
232.337 -0.0171866 0.000698101 -11.4081 11.4044 -0.00365035
232.348 -0.017187 0.000694893 -11.4161 11.4125 -0.00364807
232.36 -0.0171869 0.000692459 -11.4242 11.4206 -0.00364597
232.371 -0.0171873 0.000690096 -11.4323 11.4286 -0.00364275
232.382 -0.0171876 0.000686687 -11.4404 11.4367 -0.00363954
232.393 -0.0171872 0.00068292 -11.4485 11.4448 -0.00363667
232.404 -0.0171865 0.000679164 -11.4566 11.4529 -0.00363421
232.416 -0.0171865 0.000674782 -11.4647 11.4611 -0.00363085
232.427 -0.0171867 0.000671497 -11.4729 11.4692 -0.00362837
232.438 -0.0171866 0.000667901 -11.4811 11.4774 -0.00362501
232.449 -0.0171866 0.000664264 -11.4892 11.4856 -0.00362236
232.461 -0.0171865 0.00066108 -11.4975 11.4939 -0.00361875
232.472 -0.017187 0.000658315 -11.5058 11.5021 -0.00361539
232.483 -0.0171864 0.000654703 -11.514 11.5104 -0.00361183
232.494 -0.0171861 0.000651503 -11.5224 11.5188 -0.00360854
232.506 -0.0171842 0.000649004 -11.5307 11.5271 -0.00360591
232.517 -0.0171839 0.000647124 -11.5391 11.5355 -0.00360279
232.528 -0.0171835 0.000644882 -11.5475 11.5439 -0.00360018
232.539 -0.0171825 0.000642672 -11.5559 11.5523 -0.00359627
232.551 -0.0171829 0.000639868 -11.5643 11.5607 -0.00359283
232.562 -0.0171831 0.000636579 -11.5728 11.5692 -0.00358953
232.573 -0.0171837 0.000633451 -11.5813 11.5778 -0.00358578
232.584 -0.0171847 0.000629211 -11.5899 11.5863 -0.0035815
232.596 -0.017185 0.000625108 -11.5985 11.5949 -0.00357751
232.607 -0.0171867 0.000621162 -11.6071 11.6035 -0.00357367
232.618 -0.0171877 0.000618379 -11.6158 11.6122 -0.00357029
232.629 -0.0171888 0.000614995 -11.6244 11.6209 -0.00356643
232.64 -0.0171899 0.00061194 -11.6331 11.6296 -0.00356245
232.652 -0.0171908 0.000609185 -11.6418 11.6383 -0.00355829
232.663 -0.0171908 0.000606066 -11.6506 11.647 -0.00355448
232.674 -0.0171905 0.000604049 -11.6593 11.6558 -0.00355015
232.685 -0.0171902 0.0006021 -11.6681 11.6645 -0.00354677
232.697 -0.0171892 0.00060018 -11.6769 11.6733 -0.00354372
232.708 -0.0171879 0.000598367 -11.6856 11.6821 -0.00354097
232.719 -0.0171869 0.000596228 -11.6944 11.6909 -0.0035372
232.73 -0.0171852 0.000594074 -11.7032 11.6996 -0.00353395
232.742 -0.0171838 0.00059184 -11.7119 11.7084 -0.00353102
232.753 -0.0171824 0.00058875 -11.7207 11.7171 -0.00352851
232.764 -0.0171818 0.000585633 -11.7294 11.7259 -0.00352651
232.775 -0.017182 0.000583343 -11.7382 11.7347 -0.00352447
232.787 -0.0171821 0.00058064 -11.747 11.7435 -0.00352148
232.798 -0.0171828 0.000577456 -11.7558 11.7523 -0.00351916
232.809 -0.0171826 0.000573156 -11.7646 11.7611 -0.00351715
232.82 -0.0171836 0.000569498 -11.7734 11.7699 -0.00351388
232.831 -0.0171843 0.000565715 -11.7822 11.7787 -0.00351099
232.843 -0.0171849 0.000562252 -11.7911 11.7876 -0.00350743
232.854 -0.0171856 0.000558381 -11.7999 11.7964 -0.0035052
232.865 -0.017185 0.000554213 -11.8088 11.8053 -0.00350311
232.876 -0.0171846 0.00055188 -11.8176 11.8141 -0.00349993
232.888 -0.0171854 0.000550501 -11.8265 11.823 -0.00349642
232.899 -0.0171863 0.00054885 -11.8353 11.8319 -0.00349346
232.91 -0.0171864 0.000546755 -11.8442 11.8407 -0.00348882
232.921 -0.0171873 0.000543598 -11.853 11.8495 -0.00348302
232.933 -0.0171878 0.000540178 -11.8619 11.8585 -0.00347848
232.944 -0.0171876 0.00053614 -11.8708 11.8673 -0.00347406
232.955 -0.0171882 0.000531972 -11.8797 11.8763 -0.00346981
232.966 -0.0171885 0.00052874 -11.8887 11.8852 -0.00346577
232.978 -0.0171892 0.000525612 -11.8976 11.8941 -0.00346054
232.989 -0.017189 0.000522433 -11.9065 11.903 -0.00345551
233 -0.017189 0.000519452 -11.9154 11.912 -0.00345091
233.011 -0.0171901 0.000516976 -11.9244 11.9209 -0.0034461
233.022 -0.0171911 0.000514888 -11.9333 11.9298 -0.00344175
233.034 -0.0171909 0.000512281 -11.9422 11.9388 -0.0034389
233.045 -0.0171918 0.000509551 -11.9511 11.9476 -0.00343497
233.056 -0.017192 0.000506205 -11.96 11.9566 -0.00343133
233.067 -0.0171936 0.000502338 -11.9689 11.9654 -0.00342682
233.079 -0.0171944 0.000499255 -11.9777 11.9743 -0.00342222
233.09 -0.0171949 0.000496085 -11.9866 11.9832 -0.00341781
233.101 -0.0171963 0.000492753 -11.9954 11.992 -0.00341322
233.112 -0.0171976 0.000490046 -12.0043 12.0009 -0.00340945
233.124 -0.0171976 0.000488155 -12.0131 12.0097 -0.00340616
233.135 -0.0171979 0.000485705 -12.0219 12.0185 -0.00340321
233.146 -0.0171991 0.000482114 -12.0307 12.0273 -0.00339995
233.157 -0.0171997 0.00047851 -12.0395 12.0361 -0.00339621
233.169 -0.0171997 0.00047538 -12.0482 12.0448 -0.00339246
233.18 -0.0172004 0.000472287 -12.0569 12.0536 -0.00338821
233.191 -0.017202 0.000469827 -12.0657 12.0623 -0.00338401
233.202 -0.0172038 0.000465673 -12.0744 12.071 -0.00338141
233.213 -0.017205 0.000460358 -12.083 12.0796 -0.00337811
233.225 -0.0172065 0.000454492 -12.0916 12.0883 -0.00337453
233.236 -0.0172093 0.000449493 -12.1003 12.0969 -0.0033711
233.247 -0.0172105 0.000444724 -12.1088 12.1054 -0.00336751
233.258 -0.0172102 0.000440605 -12.1174 12.114 -0.00336397
233.27 -0.0172099 0.000437175 -12.1258 12.1225 -0.00336054
233.281 -0.0172102 0.000434466 -12.1343 12.1309 -0.00335619
233.292 -0.0172097 0.000432817 -12.1427 12.1393 -0.0033536
233.303 -0.0172101 0.000431244 -12.151 12.1476 -0.0033523
233.315 -0.0172104 0.000428542 -12.1593 12.1559 -0.00334958
233.326 -0.0172101 0.000425037 -12.1675 12.1641 -0.00334663
233.337 -0.0172096 0.000422251 -12.1757 12.1724 -0.00334385
233.348 -0.0172102 0.000419739 -12.1838 12.1805 -0.00334113
233.36 -0.01721 0.000415869 -12.1919 12.1886 -0.00333735
233.371 -0.0172102 0.000413102 -12.2 12.1967 -0.00333413
233.382 -0.0172096 0.000410768 -12.208 12.2047 -0.00333038
233.393 -0.0172095 0.000406765 -12.216 12.2127 -0.00332606
233.404 -0.0172091 0.00040349 -12.224 12.2207 -0.00332161
233.416 -0.0172085 0.000400331 -12.2319 12.2286 -0.00331661
233.427 -0.0172086 0.000396738 -12.2398 12.2365 -0.00331287
233.438 -0.0172074 0.000392407 -12.2477 12.2444 -0.00330895
233.449 -0.0172061 0.000388906 -12.2556 12.2523 -0.0033052
233.461 -0.0172044 0.00038493 -12.2634 12.2601 -0.00330152
233.472 -0.0172026 0.000381095 -12.2713 12.268 -0.00329722
233.483 -0.0172021 0.00037708 -12.279 12.2757 -0.00329149
233.494 -0.0172012 0.000373428 -12.2868 12.2835 -0.00328665
233.506 -0.0172016 0.000368589 -12.2946 12.2913 -0.00328058
233.517 -0.017202 0.000364471 -12.3023 12.299 -0.00327487
233.528 -0.0172026 0.000360486 -12.31 12.3067 -0.0032693
233.539 -0.0172034 0.000357169 -12.3177 12.3144 -0.00326498
233.551 -0.0172037 0.000354316 -12.3253 12.322 -0.00326003
233.562 -0.0172037 0.000351193 -12.3329 12.3297 -0.00325478
233.573 -0.0172035 0.000347303 -12.3405 12.3373 -0.00324969
233.584 -0.0172041 0.000344232 -12.3481 12.3449 -0.0032445
233.596 -0.0172042 0.000341322 -12.3557 12.3524 -0.0032389
233.607 -0.0172045 0.000338572 -12.3632 12.36 -0.0032328
233.618 -0.0172049 0.000335287 -12.3707 12.3675 -0.00322625
233.629 -0.0172056 0.000331895 -12.3782 12.375 -0.00322
233.64 -0.0172059 0.000328792 -12.3857 12.3825 -0.00321401
233.652 -0.0172066 0.000325463 -12.3931 12.3899 -0.00320882
233.663 -0.0172068 0.000322116 -12.4005 12.3973 -0.00320408
233.674 -0.017207 0.000318662 -12.4079 12.4047 -0.00319928
233.685 -0.0172076 0.000315439 -12.4152 12.412 -0.00319406
233.697 -0.0172087 0.000311667 -12.4225 12.4193 -0.00318801
233.708 -0.017208 0.000307214 -12.4297 12.4265 -0.00318232
233.719 -0.0172068 0.000303953 -12.4369 12.4337 -0.00317696
233.73 -0.0172057 0.000300257 -12.4441 12.4409 -0.00317179
233.742 -0.0172049 0.000296806 -12.4512 12.448 -0.00316597
233.753 -0.0172028 0.000293562 -12.4583 12.4551 -0.00316086
233.764 -0.0172016 0.000290912 -12.4653 12.4622 -0.00315585
233.775 -0.0172005 0.0002874 -12.4723 12.4691 -0.00315131
233.787 -0.0172013 0.000283265 -12.4792 12.476 -0.00314708
233.798 -0.0172009 0.00027927 -12.4861 12.4829 -0.00314219
233.809 -0.0171995 0.000275211 -12.4929 12.4898 -0.00313737
233.82 -0.0171987 0.00026959 -12.4997 12.4965 -0.00313271
233.831 -0.0171973 0.000265162 -12.5064 12.5033 -0.00312824
233.843 -0.0171967 0.00026165 -12.5131 12.51 -0.00312356
233.854 -0.0171966 0.000258108 -12.5197 12.5166 -0.00311834
233.865 -0.0171958 0.000255763 -12.5263 12.5232 -0.0031129
233.876 -0.0171955 0.000252017 -12.5329 12.5298 -0.00310953
233.888 -0.0171947 0.000248451 -12.5394 12.5363 -0.00310486
233.899 -0.0171942 0.000244202 -12.5459 12.5428 -0.00310136
233.91 -0.0171933 0.000240259 -12.5523 12.5492 -0.00309733
233.921 -0.0171922 0.000236052 -12.5587 12.5556 -0.00309217
233.933 -0.0171911 0.000232124 -12.5649 12.5619 -0.0030864
233.944 -0.0171901 0.000228215 -12.5712 12.5681 -0.00308094
233.955 -0.0171898 0.00022505 -12.5774 12.5743 -0.00307528
233.966 -0.0171895 0.000221633 -12.5836 12.5805 -0.00306951
233.978 -0.0171901 0.000217249 -12.5897 12.5866 -0.00306321
233.989 -0.0171906 0.000213136 -12.5958 12.5927 -0.00305688
234 -0.0171899 0.000209098 -12.6019 12.5988 -0.0030509
234.011 -0.0171886 0.000204399 -12.6079 12.6048 -0.00304545
234.022 -0.0171865 0.00019916 -12.6139 12.6108 -0.00304021
234.034 -0.0171847 0.000194455 -12.6198 12.6167 -0.00303456
234.045 -0.0171819 0.00018966 -12.6257 12.6226 -0.00302926
234.056 -0.0171793 0.000185234 -12.6315 12.6285 -0.00302362
234.067 -0.0171764 0.000180675 -12.6373 12.6343 -0.00301885
234.079 -0.0171742 0.000177141 -12.6431 12.64 -0.00301438
234.09 -0.0171726 0.000172532 -12.6487 12.6457 -0.00300895
234.101 -0.0171706 0.00016852 -12.6543 12.6513 -0.00300366
234.112 -0.017169 0.000164366 -12.6599 12.6569 -0.00299875
234.124 -0.0171671 0.000159999 -12.6655 12.6625 -0.00299332
234.135 -0.0171647 0.000155651 -12.6709 12.668 -0.00298843
234.146 -0.0171625 0.000150654 -12.6764 12.6734 -0.00298368
234.157 -0.0171599 0.000144769 -12.6817 12.6787 -0.00297779
234.169 -0.0171577 0.000138318 -12.687 12.684 -0.0029723
234.18 -0.017156 0.000132358 -12.6923 12.6893 -0.00296653
234.191 -0.0171547 0.00012723 -12.6974 12.6945 -0.00296017
234.202 -0.0171535 0.000120912 -12.7026 12.6996 -0.00295434
234.213 -0.0171515 0.00011533 -12.7076 12.7047 -0.00294772
234.225 -0.0171502 0.000110697 -12.7126 12.7097 -0.00294134
234.236 -0.0171499 0.000105538 -12.7176 12.7147 -0.00293469
234.247 -0.0171496 9.97137e-05 -12.7225 12.7196 -0.00292863
234.258 -0.0171489 9.36629e-05 -12.7274 12.7245 -0.0029228
234.27 -0.0171482 8.734e-05 -12.7322 12.7293 -0.002917
234.281 -0.0171472 8.25681e-05 -12.737 12.7341 -0.00291225
234.292 -0.0171468 7.68857e-05 -12.7417 12.7388 -0.00290643
234.303 -0.0171467 7.18248e-05 -12.7463 12.7434 -0.00290167
234.315 -0.0171455 6.69927e-05 -12.751 12.7481 -0.00289752
234.326 -0.017143 6.24796e-05 -12.7555 12.7526 -0.00289198
234.337 -0.0171408 5.87198e-05 -12.76 12.7571 -0.00288629
234.348 -0.0171383 5.44766e-05 -12.7644 12.7615 -0.00287953
234.36 -0.017137 4.96713e-05 -12.7687 12.7659 -0.00287368
234.371 -0.0171352 4.49351e-05 -12.7731 12.7702 -0.00286744
234.382 -0.0171336 3.97446e-05 -12.7773 12.7745 -0.00286134
234.393 -0.0171333 3.46027e-05 -12.7815 12.7787 -0.00285468
234.404 -0.0171326 2.93783e-05 -12.7857 12.7828 -0.00284868
234.416 -0.0171311 2.32389e-05 -12.7898 12.787 -0.00284313
234.427 -0.01713 1.67929e-05 -12.7939 12.791 -0.00283797
234.438 -0.0171287 1.13616e-05 -12.7979 12.795 -0.00283239
234.449 -0.0171286 6.10483e-06 -12.8018 12.799 -0.0028273
234.461 -0.0171284 6.03621e-07 -12.8057 12.8029 -0.00282248
234.472 -0.0171274 -4.93878e-06 -12.8095 12.8067 -0.00281721
234.483 -0.0171267 -1.06598e-05 -12.8133 12.8105 -0.00281215
234.494 -0.0171264 -1.69381e-05 -12.817 12.8142 -0.00280762
234.506 -0.0171251 -2.30911e-05 -12.8207 12.8179 -0.00280309
234.517 -0.0171241 -2.93046e-05 -12.8243 12.8215 -0.00279896
234.528 -0.0171228 -3.60065e-05 -12.8278 12.825 -0.00279439
234.539 -0.0171212 -4.30509e-05 -12.8313 12.8285 -0.00278962
234.551 -0.0171201 -4.90424e-05 -12.8348 12.832 -0.00278492
234.562 -0.017119 -5.50235e-05 -12.8381 12.8354 -0.0027801
234.573 -0.0171185 -6.03983e-05 -12.8414 12.8387 -0.00277496
234.584 -0.0171182 -6.5682e-05 -12.8447 12.8419 -0.00277126
234.596 -0.0171177 -7.09779e-05 -12.8479 12.8451 -0.0027667
234.607 -0.0171173 -7.59551e-05 -12.851 12.8482 -0.00276204
234.618 -0.0171159 -8.17921e-05 -12.8541 12.8513 -0.00275705
234.629 -0.0171152 -8.5817e-05 -12.8571 12.8543 -0.00275106
234.64 -0.0171146 -8.98361e-05 -12.86 12.8573 -0.0027463
234.652 -0.0171146 -9.39505e-05 -12.8629 12.8601 -0.00274111
234.663 -0.0171141 -9.87748e-05 -12.8657 12.8629 -0.00273533
234.674 -0.0171135 -0.000103667 -12.8684 12.8657 -0.00273011
234.685 -0.0171134 -0.000107602 -12.8711 12.8684 -0.00272518
234.697 -0.0171135 -0.000112946 -12.8737 12.871 -0.00272062
234.708 -0.0171136 -0.000119014 -12.8763 12.8735 -0.00271666
234.719 -0.0171127 -0.000124714 -12.8787 12.876 -0.00271215
234.73 -0.0171111 -0.000130179 -12.8811 12.8784 -0.00270611
234.742 -0.0171107 -0.000135658 -12.8835 12.8808 -0.00269997
234.753 -0.0171096 -0.000140002 -12.8858 12.8831 -0.00269432
234.764 -0.0171093 -0.000145293 -12.888 12.8853 -0.00268778
234.775 -0.0171083 -0.000151022 -12.8901 12.8874 -0.00268187
234.787 -0.0171082 -0.000155907 -12.8922 12.8896 -0.00267699
234.798 -0.0171077 -0.000161045 -12.8942 12.8916 -0.0026719
234.809 -0.0171067 -0.000166662 -12.8962 12.8936 -0.0026674
234.82 -0.0171057 -0.00017225 -12.8981 12.8955 -0.00266309
234.831 -0.0171054 -0.00017802 -12.9 12.8973 -0.00265733
234.843 -0.0171047 -0.000183172 -12.9018 12.8991 -0.00265248
234.854 -0.017104 -0.000187772 -12.9035 12.9008 -0.00264771
234.865 -0.0171035 -0.000193845 -12.9051 12.9025 -0.00264299
234.876 -0.0171024 -0.000199859 -12.9067 12.9041 -0.00263841
234.888 -0.0171004 -0.00020469 -12.9082 12.9056 -0.00263463
234.899 -0.0170985 -0.000208959 -12.9096 12.907 -0.00263167
234.91 -0.0170967 -0.000213778 -12.911 12.9084 -0.00262814
234.921 -0.0170946 -0.000219004 -12.9123 12.9096 -0.00262496
234.933 -0.0170929 -0.000225395 -12.9134 12.9108 -0.0026212
234.944 -0.0170913 -0.000231442 -12.9146 12.9119 -0.00261812
234.955 -0.0170904 -0.000238949 -12.9156 12.913 -0.00261473
234.966 -0.0170897 -0.000246351 -12.9165 12.9139 -0.00261047
234.978 -0.0170889 -0.000253436 -12.9175 12.9149 -0.00260594
234.989 -0.0170885 -0.000258916 -12.9183 12.9157 -0.00260264
235 -0.0170875 -0.000264264 -12.9191 12.9165 -0.00259935
235.011 -0.0170857 -0.000268796 -12.9197 12.9171 -0.00259506
235.022 -0.0170848 -0.000273882 -12.9203 12.9177 -0.00259146
235.034 -0.0170834 -0.000278537 -12.9208 12.9182 -0.00258694
235.045 -0.017082 -0.000284338 -12.9212 12.9186 -0.00258375
235.056 -0.0170812 -0.000290052 -12.9216 12.919 -0.00258129
235.067 -0.0170795 -0.000295437 -12.9218 12.9192 -0.00257807
235.079 -0.0170789 -0.000301453 -12.922 12.9194 -0.00257529
235.09 -0.0170785 -0.000308039 -12.922 12.9195 -0.00257274
235.101 -0.0170779 -0.000314895 -12.922 12.9195 -0.0025697
235.112 -0.017077 -0.000321454 -12.9219 12.9194 -0.00256625
235.124 -0.0170765 -0.000326475 -12.9217 12.9192 -0.00256333
235.135 -0.0170755 -0.000332048 -12.9215 12.9189 -0.00256059
235.146 -0.017075 -0.00033698 -12.9211 12.9186 -0.00255742
235.157 -0.0170737 -0.000342576 -12.9207 12.9181 -0.00255396
235.169 -0.0170716 -0.000347626 -12.9202 12.9176 -0.00255069
235.18 -0.0170713 -0.000352714 -12.9196 12.917 -0.00254673
235.191 -0.0170703 -0.00035837 -12.9189 12.9164 -0.00254219
235.202 -0.0170693 -0.000363025 -12.9181 12.9156 -0.00253803
235.213 -0.0170685 -0.000368134 -12.9173 12.9147 -0.00253424
235.225 -0.0170677 -0.00037347 -12.9164 12.9138 -0.00253067
235.236 -0.0170661 -0.000378718 -12.9154 12.9128 -0.00252617
235.247 -0.0170648 -0.000384051 -12.9143 12.9118 -0.00252303
235.258 -0.0170636 -0.000389295 -12.9131 12.9106 -0.002521
235.27 -0.0170624 -0.000395661 -12.9119 12.9094 -0.00251895
235.281 -0.017061 -0.000401164 -12.9106 12.9081 -0.00251699
235.292 -0.0170604 -0.000407159 -12.9092 12.9067 -0.00251578
235.303 -0.0170588 -0.000413415 -12.9078 12.9052 -0.00251277
235.315 -0.0170581 -0.000419011 -12.9062 12.9037 -0.00251056
235.326 -0.0170572 -0.000424358 -12.9046 12.9021 -0.00250682
235.337 -0.0170564 -0.000430282 -12.903 12.9005 -0.00250321
235.348 -0.0170559 -0.000435807 -12.9012 12.8987 -0.00250019
235.36 -0.017056 -0.000441575 -12.8993 12.8969 -0.00249641
235.371 -0.0170551 -0.000447056 -12.8974 12.8949 -0.00249284
235.382 -0.0170547 -0.000452131 -12.8955 12.893 -0.00248896
235.393 -0.0170546 -0.000456852 -12.8935 12.891 -0.00248534
235.404 -0.0170549 -0.000461205 -12.8913 12.8889 -0.00248172
235.416 -0.0170545 -0.00046554 -12.8891 12.8867 -0.00247744
235.427 -0.0170531 -0.000469721 -12.8869 12.8844 -0.00247374
235.438 -0.0170512 -0.000475078 -12.8845 12.882 -0.00247069
235.449 -0.0170494 -0.000479917 -12.882 12.8795 -0.00246821
235.461 -0.0170475 -0.000484548 -12.8795 12.877 -0.00246575
235.472 -0.017046 -0.000489413 -12.8768 12.8743 -0.00246225
235.483 -0.0170443 -0.000493093 -12.874 12.8716 -0.00245883
235.494 -0.0170421 -0.00049704 -12.8712 12.8687 -0.00245542
235.506 -0.0170388 -0.000501327 -12.8682 12.8658 -0.00245129
235.517 -0.0170367 -0.00050535 -12.8652 12.8627 -0.00244705
235.528 -0.0170343 -0.000509658 -12.8621 12.8596 -0.00244361
235.539 -0.0170317 -0.000512571 -12.8589 12.8564 -0.00243994
235.551 -0.0170294 -0.000515373 -12.8556 12.8531 -0.00243624
235.562 -0.0170276 -0.000518442 -12.8522 12.8498 -0.00243326
235.573 -0.0170262 -0.000521884 -12.8487 12.8463 -0.00243031
235.584 -0.0170248 -0.000525401 -12.8452 12.8428 -0.00242726
235.596 -0.0170231 -0.000529379 -12.8416 12.8392 -0.00242487
235.607 -0.0170213 -0.000533675 -12.8379 12.8355 -0.00242108
235.618 -0.0170188 -0.000538199 -12.8341 12.8317 -0.002417
235.629 -0.0170169 -0.000541237 -12.8303 12.8279 -0.00241327
235.64 -0.0170146 -0.000543903 -12.8264 12.824 -0.00240874
235.652 -0.0170131 -0.000547286 -12.8224 12.82 -0.00240469
235.663 -0.0170114 -0.0005505 -12.8183 12.8159 -0.00240157
235.674 -0.01701 -0.000554223 -12.8142 12.8118 -0.00239851
235.685 -0.0170078 -0.000557765 -12.81 12.8076 -0.002395
235.697 -0.0170064 -0.000560692 -12.8057 12.8034 -0.00239242
235.708 -0.0170043 -0.000566194 -12.8014 12.799 -0.00238978
235.719 -0.0170029 -0.000570519 -12.797 12.7946 -0.0023868
235.73 -0.0170015 -0.000574506 -12.7926 12.7902 -0.00238382
235.742 -0.0169998 -0.00057917 -12.788 12.7857 -0.00238
235.753 -0.0169976 -0.000583553 -12.7835 12.7811 -0.00237598
235.764 -0.0169947 -0.00058812 -12.7788 12.7765 -0.00237146
235.775 -0.0169924 -0.000591459 -12.7741 12.7718 -0.00236667
235.787 -0.0169903 -0.000595213 -12.7694 12.767 -0.00236235
235.798 -0.0169876 -0.000599429 -12.7645 12.7622 -0.00235931
235.809 -0.0169842 -0.000603596 -12.7596 12.7573 -0.0023559
235.82 -0.0169819 -0.000608463 -12.7547 12.7524 -0.00235262
235.831 -0.0169794 -0.000612974 -12.7497 12.7474 -0.00234824
235.843 -0.0169771 -0.00061804 -12.7447 12.7423 -0.00234413
235.854 -0.0169741 -0.000621911 -12.7396 12.7372 -0.00233992
235.865 -0.0169719 -0.000625513 -12.7344 12.7321 -0.00233583
235.876 -0.0169707 -0.000629805 -12.7292 12.7269 -0.00233085
235.888 -0.0169692 -0.000634627 -12.724 12.7216 -0.00232654
235.899 -0.0169666 -0.00063978 -12.7186 12.7163 -0.00232207
235.91 -0.016963 -0.000644368 -12.7133 12.7109 -0.00231721
235.921 -0.0169599 -0.000649007 -12.7078 12.7055 -0.00231198
235.933 -0.0169567 -0.0006537 -12.7023 12.7 -0.00230752
235.944 -0.0169542 -0.000657012 -12.6968 12.6945 -0.00230349
235.955 -0.0169516 -0.000659434 -12.6912 12.6889 -0.00230018
235.966 -0.0169487 -0.000662697 -12.6855 12.6832 -0.00229595
235.978 -0.0169466 -0.000666013 -12.6797 12.6774 -0.00229104
235.989 -0.0169446 -0.000670018 -12.6739 12.6716 -0.00228606
236 -0.0169432 -0.000673448 -12.6681 12.6658 -0.00228089
236.011 -0.0169412 -0.000676127 -12.6622 12.6599 -0.00227618
236.022 -0.0169395 -0.000679548 -12.6562 12.654 -0.00227066
236.034 -0.0169374 -0.000682564 -12.6502 12.648 -0.00226473
236.045 -0.0169347 -0.00068574 -12.6442 12.6419 -0.00225845
236.056 -0.0169324 -0.000688771 -12.6381 12.6358 -0.00225227
236.067 -0.0169293 -0.000691929 -12.632 12.6297 -0.00224645
236.079 -0.0169266 -0.000695646 -12.6258 12.6235 -0.00224092
236.09 -0.016923 -0.000699347 -12.6195 12.6173 -0.00223514
236.101 -0.01692 -0.000702633 -12.6133 12.6111 -0.00222943
236.112 -0.0169163 -0.00070716 -12.607 12.6048 -0.00222276
236.124 -0.0169124 -0.000710807 -12.6008 12.5985 -0.00221716
236.135 -0.016909 -0.000713527 -12.5945 12.5923 -0.00221322
236.146 -0.0169072 -0.00071672 -12.5881 12.5859 -0.00220849
236.157 -0.0169045 -0.000719692 -12.5818 12.5796 -0.00220398
236.169 -0.0169012 -0.000722514 -12.5754 12.5732 -0.00220064
236.18 -0.0168989 -0.000725676 -12.569 12.5668 -0.00219656
236.191 -0.0168954 -0.000729129 -12.5625 12.5603 -0.00219228
236.202 -0.0168917 -0.000732564 -12.5559 12.5538 -0.00218872
236.213 -0.0168891 -0.000734886 -12.5494 12.5472 -0.00218485
236.225 -0.0168862 -0.000738275 -12.5428 12.5407 -0.00218056
236.236 -0.016883 -0.000742496 -12.5362 12.5341 -0.00217685
236.247 -0.0168796 -0.000746035 -12.5296 12.5274 -0.0021733
236.258 -0.0168761 -0.000749945 -12.523 12.5208 -0.00216923
236.27 -0.0168721 -0.000754149 -12.5163 12.5141 -0.00216635
236.281 -0.0168691 -0.000757264 -12.5096 12.5074 -0.0021631
236.292 -0.0168666 -0.000760621 -12.5029 12.5007 -0.00215948
236.303 -0.0168628 -0.000763584 -12.4962 12.494 -0.0021547
236.315 -0.0168594 -0.000766075 -12.4895 12.4873 -0.00215107
236.326 -0.0168564 -0.000767316 -12.4827 12.4806 -0.00214647
236.337 -0.0168528 -0.000770143 -12.476 12.4739 -0.00214235
236.348 -0.0168502 -0.000772585 -12.4693 12.4671 -0.00213788
236.36 -0.0168473 -0.000776211 -12.4625 12.4604 -0.00213367
236.371 -0.0168453 -0.000779843 -12.4558 12.4537 -0.00213067
236.382 -0.0168434 -0.000782597 -12.4491 12.4469 -0.00212788
236.393 -0.0168417 -0.00078647 -12.4423 12.4402 -0.00212375
236.404 -0.0168397 -0.000790782 -12.4356 12.4335 -0.00212025
236.416 -0.0168369 -0.000794714 -12.4288 12.4267 -0.00211586
236.427 -0.0168331 -0.000798096 -12.4221 12.42 -0.00211095
236.438 -0.01683 -0.000801514 -12.4154 12.4133 -0.00210712
236.449 -0.0168268 -0.000804824 -12.4087 12.4066 -0.00210266
236.461 -0.016823 -0.000808623 -12.402 12.3999 -0.00209803
236.472 -0.016819 -0.000812478 -12.3954 12.3933 -0.00209276
236.483 -0.0168147 -0.000815812 -12.3888 12.3867 -0.0020864
236.494 -0.0168106 -0.00081846 -12.3821 12.3801 -0.00208069
236.506 -0.0168072 -0.000821077 -12.3756 12.3735 -0.00207491
236.517 -0.0168037 -0.000824483 -12.369 12.367 -0.0020686
236.528 -0.0167997 -0.000828395 -12.3625 12.3605 -0.00206309
236.539 -0.0167952 -0.00083321 -12.3561 12.354 -0.00205786
236.551 -0.0167921 -0.000836531 -12.3496 12.3475 -0.00205396
236.562 -0.0167888 -0.000840726 -12.3432 12.3411 -0.00205009
236.573 -0.0167863 -0.000843583 -12.3368 12.3347 -0.00204603
236.584 -0.0167833 -0.000845918 -12.3304 12.3283 -0.002041
236.596 -0.0167805 -0.000848117 -12.324 12.322 -0.00203571
236.607 -0.0167775 -0.000851843 -12.3177 12.3157 -0.00203128
236.618 -0.0167743 -0.000854884 -12.3114 12.3093 -0.00202613
236.629 -0.0167715 -0.000857731 -12.3051 12.3031 -0.00202081
236.64 -0.016769 -0.000860417 -12.2989 12.2969 -0.00201594
236.652 -0.0167668 -0.000863177 -12.2926 12.2906 -0.00201106
236.663 -0.0167638 -0.000865431 -12.2864 12.2844 -0.00200645
236.674 -0.0167611 -0.000868682 -12.2803 12.2783 -0.00200139
236.685 -0.0167588 -0.00087143 -12.2741 12.2722 -0.00199506
236.697 -0.0167561 -0.000874189 -12.2681 12.2661 -0.00198882
236.708 -0.0167531 -0.000876077 -12.262 12.26 -0.00198388
236.719 -0.0167499 -0.000878196 -12.256 12.254 -0.00197817
236.73 -0.016747 -0.000879848 -12.25 12.248 -0.00197235
236.742 -0.0167436 -0.000881822 -12.244 12.242 -0.00196732
236.753 -0.0167406 -0.000883877 -12.2381 12.2361 -0.00196187
236.764 -0.0167391 -0.000886513 -12.2322 12.2302 -0.00195621
236.775 -0.0167373 -0.000888946 -12.2264 12.2244 -0.00195192
236.787 -0.0167347 -0.000891334 -12.2205 12.2186 -0.00194862
236.798 -0.0167312 -0.000892894 -12.2147 12.2128 -0.0019444
236.809 -0.0167274 -0.000894477 -12.209 12.207 -0.00193938
236.82 -0.0167237 -0.000896546 -12.2033 12.2013 -0.00193496
236.831 -0.0167195 -0.000898346 -12.1976 12.1956 -0.00193057
236.843 -0.0167145 -0.000899431 -12.1919 12.19 -0.00192614
236.854 -0.0167102 -0.000900719 -12.1863 12.1844 -0.00192171
236.865 -0.0167052 -0.000902054 -12.1807 12.1788 -0.00191772
236.876 -0.0167005 -0.000903493 -12.1751 12.1732 -0.00191329
236.888 -0.0166962 -0.000904303 -12.1696 12.1677 -0.00190825
236.899 -0.0166923 -0.000906282 -12.1641 12.1622 -0.00190371
236.91 -0.0166878 -0.000908475 -12.1587 12.1568 -0.00189979
236.921 -0.0166832 -0.000911569 -12.1532 12.1513 -0.00189494
236.933 -0.0166794 -0.000914996 -12.1478 12.146 -0.00189026
236.944 -0.0166753 -0.000918069 -12.1425 12.1406 -0.0018871
236.955 -0.0166713 -0.000921018 -12.1371 12.1352 -0.00188347
236.966 -0.0166682 -0.000924732 -12.1318 12.1299 -0.00188016
236.978 -0.0166655 -0.000927928 -12.1265 12.1246 -0.0018761
236.989 -0.0166621 -0.000929417 -12.1212 12.1194 -0.00187276
237 -0.0166587 -0.000930971 -12.116 12.1141 -0.00186897
237.011 -0.0166567 -0.000932914 -12.1108 12.1089 -0.00186568
237.022 -0.0166546 -0.000934336 -12.1056 12.1037 -0.0018621
237.034 -0.0166519 -0.000936851 -12.1004 12.0986 -0.00185747
237.045 -0.0166487 -0.000938465 -12.0953 12.0935 -0.00185209
237.056 -0.0166445 -0.000941311 -12.0902 12.0884 -0.00184654
237.067 -0.0166397 -0.000943163 -12.0852 12.0833 -0.00184073
237.079 -0.0166351 -0.000944318 -12.0802 12.0783 -0.00183479
237.09 -0.0166302 -0.000946244 -12.0752 12.0733 -0.00182875
237.101 -0.0166252 -0.000948626 -12.0702 12.0684 -0.00182305
237.112 -0.0166211 -0.000950817 -12.0653 12.0635 -0.00181774
237.124 -0.016618 -0.000953589 -12.0604 12.0586 -0.00181247
237.135 -0.0166149 -0.000956971 -12.0555 12.0537 -0.00180714
237.146 -0.0166104 -0.000959778 -12.0507 12.0489 -0.00180106
237.157 -0.016606 -0.000962274 -12.0459 12.0441 -0.00179524
237.169 -0.0166014 -0.00096481 -12.0411 12.0393 -0.00178972
237.18 -0.0165974 -0.000967745 -12.0363 12.0346 -0.00178472
237.191 -0.0165927 -0.000970902 -12.0316 12.0298 -0.00177985
237.202 -0.0165886 -0.000973487 -12.0268 12.025 -0.00177438
237.213 -0.0165841 -0.000976804 -12.0221 12.0203 -0.00176958
237.225 -0.01658 -0.000980019 -12.0174 12.0156 -0.00176547
237.236 -0.0165755 -0.000983735 -12.0127 12.0109 -0.00176172
237.247 -0.0165716 -0.000987469 -12.008 12.0063 -0.00175735
237.258 -0.016567 -0.000990143 -12.0034 12.0016 -0.00175262
237.27 -0.0165622 -0.000992022 -11.9987 11.997 -0.00174962
237.281 -0.0165579 -0.000993533 -11.9941 11.9923 -0.00174594
237.292 -0.0165535 -0.000995601 -11.9894 11.9877 -0.00174276
237.303 -0.0165491 -0.000996946 -11.9848 11.983 -0.00173949
237.315 -0.0165447 -0.000998666 -11.9802 11.9784 -0.00173623
237.326 -0.0165403 -0.00100047 -11.9756 11.9738 -0.00173247
237.337 -0.0165362 -0.00100258 -11.971 11.9692 -0.00172824
237.348 -0.0165314 -0.00100392 -11.9664 11.9647 -0.00172345
237.36 -0.0165268 -0.00100564 -11.9619 11.9602 -0.00171878
237.371 -0.016522 -0.00100757 -11.9574 11.9557 -0.00171373
237.382 -0.0165173 -0.00100895 -11.9529 11.9512 -0.00170992
237.393 -0.0165113 -0.00101085 -11.9485 11.9468 -0.00170552
237.404 -0.0165058 -0.00101295 -11.9441 11.9424 -0.00170175
237.416 -0.0164998 -0.00101416 -11.9397 11.938 -0.00169813
237.427 -0.0164941 -0.00101635 -11.9353 11.9336 -0.00169402
237.438 -0.0164892 -0.00101807 -11.931 11.9293 -0.00168979
237.449 -0.0164843 -0.00101919 -11.9267 11.925 -0.00168551
237.461 -0.0164786 -0.00102106 -11.9224 11.9207 -0.00168085
237.472 -0.0164743 -0.00102305 -11.9181 11.9164 -0.00167696
237.483 -0.0164699 -0.00102512 -11.9139 11.9122 -0.00167416
237.494 -0.0164646 -0.00102738 -11.9096 11.908 -0.0016708
237.506 -0.0164601 -0.0010282 -11.9054 11.9038 -0.00166557
237.517 -0.0164556 -0.00102958 -11.9013 11.8996 -0.0016604
237.528 -0.0164506 -0.00103124 -11.8971 11.8955 -0.00165593
237.539 -0.0164458 -0.00103339 -11.893 11.8913 -0.00165261
237.551 -0.0164412 -0.00103476 -11.8889 11.8872 -0.00164896
237.562 -0.0164367 -0.00103692 -11.8848 11.8831 -0.00164428
237.573 -0.016432 -0.00103949 -11.8807 11.879 -0.00164031
237.584 -0.0164276 -0.00104168 -11.8766 11.875 -0.00163744
237.596 -0.0164222 -0.00104311 -11.8725 11.8709 -0.00163397
237.607 -0.0164166 -0.00104424 -11.8685 11.8668 -0.00163088
237.618 -0.0164099 -0.00104516 -11.8644 11.8628 -0.00162741
237.629 -0.0164042 -0.00104601 -11.8604 11.8588 -0.0016237
237.64 -0.0163985 -0.00104655 -11.8564 11.8547 -0.00161938
237.652 -0.0163936 -0.00104626 -11.8523 11.8507 -0.00161572
237.663 -0.0163876 -0.00104594 -11.8483 11.8467 -0.00161205
237.674 -0.0163826 -0.00104548 -11.8443 11.8427 -0.00160963
237.685 -0.0163779 -0.00104504 -11.8403 11.8387 -0.00160776
237.697 -0.0163736 -0.00104451 -11.8363 11.8347 -0.00160494
237.708 -0.0163696 -0.0010449 -11.8323 11.8307 -0.00160173
237.719 -0.0163644 -0.00104573 -11.8283 11.8267 -0.00159862
237.73 -0.0163597 -0.00104717 -11.8244 11.8228 -0.00159548
237.742 -0.0163543 -0.00104871 -11.8204 11.8188 -0.00159263
237.753 -0.0163489 -0.00105079 -11.8164 11.8148 -0.00159052
237.764 -0.0163437 -0.00105218 -11.8125 11.8109 -0.0015875
237.775 -0.016338 -0.00105371 -11.8086 11.807 -0.00158392
237.787 -0.016332 -0.00105414 -11.8047 11.8031 -0.0015804
237.798 -0.0163268 -0.00105446 -11.8009 11.7993 -0.00157603
237.809 -0.0163215 -0.00105524 -11.797 11.7955 -0.00157276
237.82 -0.016316 -0.00105683 -11.7932 11.7917 -0.00156993
237.831 -0.0163118 -0.00105776 -11.7895 11.7879 -0.00156614
237.843 -0.0163075 -0.00105921 -11.7857 11.7842 -0.00156358
237.854 -0.0163026 -0.00106066 -11.782 11.7804 -0.00156044
237.865 -0.0162975 -0.00106226 -11.7783 11.7767 -0.00155656
237.876 -0.016293 -0.00106366 -11.7746 11.773 -0.00155385
237.888 -0.0162881 -0.00106592 -11.7709 11.7693 -0.00155179
237.899 -0.0162831 -0.00106792 -11.7672 11.7657 -0.00154857
237.91 -0.0162782 -0.0010702 -11.7636 11.7621 -0.00154595
237.921 -0.0162733 -0.00107112 -11.76 11.7584 -0.00154379
237.933 -0.0162691 -0.00107133 -11.7564 11.7548 -0.00154076
237.944 -0.0162642 -0.00107196 -11.7528 11.7513 -0.00153786
237.955 -0.01626 -0.00107275 -11.7493 11.7477 -0.00153588
237.966 -0.016255 -0.00107258 -11.7457 11.7442 -0.00153275
237.978 -0.0162504 -0.00107258 -11.7422 11.7407 -0.00152975
237.989 -0.0162454 -0.00107203 -11.7387 11.7372 -0.00152716
238 -0.0162403 -0.00107155 -11.7352 11.7337 -0.00152296
238.011 -0.0162351 -0.00107143 -11.7317 11.7302 -0.00151921
238.022 -0.0162291 -0.00107209 -11.7283 11.7268 -0.00151652
238.034 -0.0162246 -0.00107219 -11.7249 11.7233 -0.0015131
238.045 -0.0162199 -0.00107208 -11.7214 11.7199 -0.00150996
238.056 -0.0162155 -0.0010727 -11.7181 11.7166 -0.0015074
238.067 -0.0162104 -0.00107333 -11.7147 11.7132 -0.00150483
238.079 -0.016206 -0.00107393 -11.7113 11.7098 -0.00150157
238.09 -0.016202 -0.00107434 -11.7079 11.7064 -0.00149943
238.101 -0.016198 -0.00107418 -11.7045 11.703 -0.00149551
238.112 -0.0161943 -0.00107408 -11.7012 11.6997 -0.00149185
238.124 -0.0161891 -0.00107319 -11.6978 11.6963 -0.00148788
238.135 -0.0161841 -0.00107349 -11.6945 11.693 -0.00148489
238.146 -0.0161793 -0.00107475 -11.6911 11.6897 -0.00148141
238.157 -0.0161748 -0.00107485 -11.6878 11.6864 -0.00147851
238.169 -0.0161708 -0.00107456 -11.6845 11.683 -0.00147515
238.18 -0.0161664 -0.00107408 -11.6812 11.6797 -0.00147117
238.191 -0.0161621 -0.00107518 -11.678 11.6765 -0.00146813
238.202 -0.0161578 -0.00107679 -11.6747 11.6732 -0.00146505
238.213 -0.0161538 -0.00107864 -11.6714 11.67 -0.00146185
238.225 -0.0161495 -0.00108003 -11.6682 11.6667 -0.00145817
238.236 -0.0161455 -0.001081 -11.665 11.6635 -0.00145396
238.247 -0.0161409 -0.00108218 -11.6618 11.6603 -0.00144972
238.258 -0.0161367 -0.00108313 -11.6586 11.6571 -0.00144541
238.27 -0.0161326 -0.00108411 -11.6554 11.654 -0.00144139
238.281 -0.0161289 -0.00108495 -11.6522 11.6508 -0.00143748
238.292 -0.0161254 -0.00108534 -11.6491 11.6476 -0.00143377
238.303 -0.0161221 -0.00108638 -11.6459 11.6445 -0.00143067
238.315 -0.0161186 -0.00108756 -11.6428 11.6413 -0.00142693
238.326 -0.0161145 -0.00108923 -11.6396 11.6382 -0.00142308
238.337 -0.0161103 -0.0010904 -11.6365 11.6351 -0.00141857
238.348 -0.0161057 -0.00109102 -11.6334 11.632 -0.00141384
238.36 -0.0161013 -0.0010921 -11.6303 11.6289 -0.00140956
238.371 -0.0160971 -0.00109302 -11.6272 11.6258 -0.00140544
238.382 -0.0160923 -0.00109346 -11.6241 11.6227 -0.00140199
238.393 -0.0160874 -0.00109454 -11.6211 11.6197 -0.00139855
238.404 -0.0160827 -0.00109599 -11.618 11.6166 -0.00139471
238.416 -0.0160778 -0.00109707 -11.6149 11.6135 -0.00139161
238.427 -0.0160733 -0.00109864 -11.6119 11.6105 -0.00138904
238.438 -0.0160688 -0.0010991 -11.6088 11.6075 -0.00138613
238.449 -0.0160646 -0.00110045 -11.6058 11.6044 -0.00138326
238.461 -0.0160602 -0.00110106 -11.6028 11.6014 -0.0013803
238.472 -0.016056 -0.00110176 -11.5998 11.5984 -0.00137632
238.483 -0.0160506 -0.00110321 -11.5968 11.5954 -0.00137322
238.494 -0.016046 -0.00110388 -11.5937 11.5923 -0.00137077
238.506 -0.0160405 -0.00110454 -11.5907 11.5894 -0.00136881
238.517 -0.0160354 -0.00110555 -11.5877 11.5864 -0.00136662
238.528 -0.0160302 -0.00110578 -11.5847 11.5833 -0.00136518
238.539 -0.0160249 -0.00110609 -11.5817 11.5803 -0.00136255
238.551 -0.01602 -0.0011062 -11.5786 11.5773 -0.0013601
238.562 -0.0160145 -0.00110626 -11.5756 11.5742 -0.00135817
238.573 -0.0160099 -0.00110647 -11.5725 11.5712 -0.00135526
238.584 -0.0160053 -0.0011071 -11.5695 11.5681 -0.00135264
238.596 -0.0160007 -0.00110773 -11.5664 11.5651 -0.0013499
238.607 -0.0159957 -0.00110818 -11.5634 11.562 -0.00134726
238.618 -0.0159904 -0.00110913 -11.5603 11.5589 -0.0013439
238.629 -0.0159854 -0.00110982 -11.5572 11.5559 -0.00134102
238.64 -0.0159804 -0.0011102 -11.5542 11.5529 -0.00133701
238.652 -0.0159742 -0.00111087 -11.5512 11.5498 -0.00133308
238.663 -0.0159698 -0.00111197 -11.5481 11.5468 -0.00133051
238.674 -0.0159642 -0.00111267 -11.5451 11.5438 -0.0013275
238.685 -0.0159587 -0.00111258 -11.5421 11.5407 -0.0013253
238.697 -0.0159533 -0.00111324 -11.539 11.5377 -0.00132293
238.708 -0.0159489 -0.00111324 -11.536 11.5347 -0.00131986
238.719 -0.0159446 -0.00111324 -11.533 11.5316 -0.00131727
238.73 -0.0159387 -0.00111299 -11.5299 11.5286 -0.0013151
238.742 -0.0159326 -0.00111389 -11.5268 11.5255 -0.00131323
238.753 -0.0159264 -0.00111415 -11.5238 11.5224 -0.00131138
238.764 -0.0159204 -0.00111454 -11.5207 11.5194 -0.00130953
238.775 -0.0159151 -0.00111389 -11.5176 11.5162 -0.00130701
238.787 -0.0159097 -0.00111375 -11.5144 11.5131 -0.00130431
238.798 -0.015905 -0.00111374 -11.5113 11.51 -0.00130114
238.809 -0.0159 -0.00111387 -11.5082 11.5069 -0.00129875
238.82 -0.0158956 -0.00111459 -11.5051 11.5038 -0.00129578
238.831 -0.0158908 -0.00111459 -11.502 11.5007 -0.00129292
238.843 -0.0158858 -0.00111459 -11.4988 11.4975 -0.00128875
238.854 -0.0158796 -0.00111522 -11.4957 11.4944 -0.00128474
238.865 -0.0158746 -0.00111555 -11.4926 11.4913 -0.00128058
238.876 -0.0158689 -0.00111581 -11.4895 11.4882 -0.00127701
238.888 -0.0158636 -0.00111641 -11.4864 11.4851 -0.00127314
238.899 -0.0158587 -0.00111662 -11.4833 11.482 -0.00127065
238.91 -0.0158552 -0.00111709 -11.4801 11.4789 -0.00126773
238.921 -0.015852 -0.00111683 -11.477 11.4758 -0.00126381
238.933 -0.0158484 -0.00111732 -11.474 11.4727 -0.00126045
238.944 -0.0158447 -0.00111859 -11.4709 11.4696 -0.00125614
238.955 -0.0158412 -0.00112002 -11.4678 11.4665 -0.00125259
238.966 -0.0158373 -0.00112124 -11.4648 11.4635 -0.00124929
238.978 -0.015833 -0.00112288 -11.4617 11.4605 -0.00124548
238.989 -0.0158283 -0.00112545 -11.4587 11.4575 -0.00124158
239 -0.0158241 -0.00112818 -11.4558 11.4545 -0.00123734
239.011 -0.0158191 -0.00113153 -11.4528 11.4515 -0.00123329
239.022 -0.0158137 -0.00113431 -11.4498 11.4486 -0.0012305
239.034 -0.0158095 -0.00113663 -11.4468 11.4456 -0.00122827
239.045 -0.0158052 -0.00113893 -11.4438 11.4426 -0.00122519
239.056 -0.0158025 -0.0011411 -11.4408 11.4395 -0.00122257
239.067 -0.015799 -0.00114347 -11.4377 11.4365 -0.00121991
239.079 -0.0157962 -0.00114567 -11.4347 11.4335 -0.00121673
239.09 -0.0157928 -0.0011474 -11.4317 11.4305 -0.00121357
239.101 -0.0157897 -0.00114856 -11.4287 11.4275 -0.00121023
239.112 -0.0157865 -0.00115042 -11.4257 11.4245 -0.00120609
239.124 -0.0157826 -0.00115179 -11.4227 11.4215 -0.00120273
239.135 -0.0157784 -0.00115186 -11.4197 11.4185 -0.00119914
239.146 -0.0157744 -0.00115291 -11.4167 11.4155 -0.00119578
239.157 -0.0157688 -0.00115342 -11.4138 11.4126 -0.00119229
239.169 -0.0157641 -0.00115409 -11.4108 11.4096 -0.00118888
239.18 -0.0157591 -0.00115423 -11.4078 11.4066 -0.0011849
239.191 -0.0157557 -0.00115533 -11.4048 11.4036 -0.00118128
239.202 -0.0157519 -0.00115601 -11.4018 11.4006 -0.00117826
239.213 -0.0157471 -0.00115563 -11.3988 11.3976 -0.00117458
239.225 -0.015742 -0.00115642 -11.3958 11.3946 -0.00117177
239.236 -0.0157371 -0.00115649 -11.3928 11.3916 -0.00116861
239.247 -0.0157324 -0.00115752 -11.3898 11.3886 -0.00116545
239.258 -0.0157275 -0.00115805 -11.3868 11.3856 -0.00116205
239.27 -0.0157225 -0.00115969 -11.3837 11.3826 -0.00115883
239.281 -0.0157179 -0.00116063 -11.3807 11.3795 -0.0011552
239.292 -0.0157143 -0.00116243 -11.3777 11.3765 -0.00115147
239.303 -0.0157104 -0.00116423 -11.3746 11.3735 -0.00114836
239.315 -0.0157075 -0.00116627 -11.3716 11.3704 -0.00114503
239.326 -0.0157043 -0.00116873 -11.3685 11.3674 -0.00114158
239.337 -0.0157016 -0.00117069 -11.3654 11.3643 -0.00113822
239.348 -0.0156982 -0.00117181 -11.3624 11.3612 -0.00113447
239.36 -0.0156953 -0.00117394 -11.3593 11.3582 -0.00113104
239.371 -0.0156923 -0.00117631 -11.3562 11.3551 -0.00112767
239.382 -0.0156901 -0.00117857 -11.3532 11.352 -0.00112519
239.393 -0.0156873 -0.00117999 -11.3501 11.349 -0.00112336
239.404 -0.0156839 -0.00118131 -11.347 11.3459 -0.00112156
239.416 -0.0156812 -0.00118231 -11.3439 11.3428 -0.00111995
239.427 -0.015678 -0.00118305 -11.3408 11.3397 -0.00111824
239.438 -0.0156746 -0.00118358 -11.3377 11.3366 -0.00111708
239.449 -0.015671 -0.00118443 -11.3345 11.3334 -0.0011159
239.461 -0.0156667 -0.00118412 -11.3314 11.3302 -0.00111387
239.472 -0.015663 -0.00118457 -11.3282 11.3271 -0.00111301
239.483 -0.0156582 -0.00118444 -11.325 11.3239 -0.00111143
239.494 -0.0156535 -0.0011857 -11.3218 11.3207 -0.00110962
239.506 -0.0156483 -0.0011876 -11.3186 11.3175 -0.00110804
239.517 -0.0156442 -0.00118856 -11.3154 11.3143 -0.00110545
239.528 -0.0156397 -0.00119005 -11.3122 11.3111 -0.00110353
239.539 -0.0156353 -0.0011922 -11.309 11.3079 -0.00110233
239.551 -0.0156307 -0.0011946 -11.3058 11.3047 -0.00110058
239.562 -0.0156267 -0.00119687 -11.3025 11.3014 -0.00109873
239.573 -0.0156231 -0.00119871 -11.2993 11.2982 -0.00109716
239.584 -0.0156202 -0.00120043 -11.296 11.2949 -0.00109554
239.596 -0.0156178 -0.00120108 -11.2927 11.2916 -0.00109325
239.607 -0.0156144 -0.00120234 -11.2894 11.2883 -0.00109138
239.618 -0.0156108 -0.0012032 -11.2861 11.285 -0.00109023
239.629 -0.0156071 -0.00120483 -11.2827 11.2816 -0.00108868
239.64 -0.015604 -0.00120613 -11.2794 11.2783 -0.00108723
239.652 -0.015601 -0.00120659 -11.276 11.2749 -0.00108491
239.663 -0.015597 -0.00120794 -11.2726 11.2715 -0.00108229
239.674 -0.015593 -0.00120895 -11.2692 11.2682 -0.00108088
239.685 -0.0155902 -0.0012098 -11.2658 11.2648 -0.0010788
239.697 -0.0155875 -0.0012104 -11.2624 11.2613 -0.00107724
239.708 -0.0155847 -0.00121109 -11.259 11.2579 -0.00107613
239.719 -0.0155808 -0.00121199 -11.2556 11.2545 -0.00107522
239.73 -0.015578 -0.00121185 -11.2521 11.251 -0.00107401
239.742 -0.0155747 -0.00121258 -11.2486 11.2476 -0.00107398
239.753 -0.0155721 -0.00121268 -11.2451 11.2441 -0.0010721
239.764 -0.0155696 -0.00121267 -11.2417 11.2406 -0.00107004
239.775 -0.0155674 -0.00121272 -11.2382 11.2372 -0.00106809
239.787 -0.0155645 -0.00121352 -11.2348 11.2337 -0.00106666
239.798 -0.0155605 -0.00121339 -11.2313 11.2303 -0.00106485
239.809 -0.0155572 -0.00121375 -11.2279 11.2268 -0.00106268
239.82 -0.0155537 -0.00121539 -11.2245 11.2234 -0.00105997
239.831 -0.0155501 -0.00121691 -11.221 11.22 -0.00105718
239.843 -0.0155462 -0.00121841 -11.2176 11.2165 -0.00105632
239.854 -0.0155413 -0.0012187 -11.2141 11.2131 -0.00105354
239.865 -0.0155366 -0.00121897 -11.2107 11.2096 -0.00105127
239.876 -0.0155324 -0.00121905 -11.2072 11.2062 -0.00104989
239.888 -0.0155271 -0.0012191 -11.2038 11.2027 -0.00104797
239.899 -0.0155221 -0.00121966 -11.2003 11.1992 -0.00104634
239.91 -0.0155176 -0.00122014 -11.1968 11.1958 -0.0010454
239.921 -0.0155125 -0.00122095 -11.1934 11.1923 -0.0010451
239.933 -0.0155073 -0.00122257 -11.1899 11.1889 -0.00104379
239.944 -0.0155022 -0.00122309 -11.1865 11.1854 -0.00104236
239.955 -0.0154984 -0.0012232 -11.183 11.182 -0.00104002
239.966 -0.0154942 -0.00122296 -11.1796 11.1786 -0.00103756
239.978 -0.0154903 -0.00122368 -11.1761 11.1751 -0.00103521
239.989 -0.0154866 -0.00122452 -11.1727 11.1717 -0.00103201
240 -0.0154832 -0.00122654 -11.1693 11.1682 -0.00103113
240.011 -0.0154795 -0.00122842 -11.1658 11.1648 -0.00102956
240.022 -0.0154761 -0.0012303 -11.1624 11.1613 -0.00102724
240.034 -0.0154725 -0.00123139 -11.1589 11.1579 -0.00102501
240.045 -0.0154702 -0.0012325 -11.1554 11.1544 -0.0010227
240.056 -0.0154675 -0.00123267 -11.1519 11.1509 -0.00102027
240.067 -0.0154643 -0.00123351 -11.1484 11.1474 -0.00101929
240.079 -0.0154608 -0.00123418 -11.145 11.144 -0.00101803
240.09 -0.0154565 -0.00123535 -11.1415 11.1405 -0.00101814
240.101 -0.0154517 -0.00123719 -11.138 11.137 -0.00101661
240.112 -0.0154478 -0.00123914 -11.1346 11.1335 -0.00101492
240.124 -0.0154439 -0.00124123 -11.1311 11.1301 -0.00101271
240.135 -0.0154401 -0.00124339 -11.1276 11.1266 -0.00101132
240.146 -0.0154374 -0.00124525 -11.1241 11.1231 -0.00100894
240.157 -0.0154327 -0.00124635 -11.1207 11.1197 -0.00100713
240.169 -0.0154294 -0.00124745 -11.1172 11.1162 -0.00100645
240.18 -0.0154263 -0.00124971 -11.1138 11.1128 -0.00100622
240.191 -0.0154233 -0.00125251 -11.1104 11.1094 -0.0010045
240.202 -0.0154207 -0.00125527 -11.107 11.106 -0.0010021
240.213 -0.0154166 -0.00125725 -11.1036 11.1026 -0.00100058
240.225 -0.0154131 -0.00125879 -11.1003 11.0993 -0.000999777
240.236 -0.0154096 -0.00126028 -11.0969 11.0959 -0.00099823
240.247 -0.0154056 -0.00126152 -11.0937 11.0927 -0.00099838
240.258 -0.0154014 -0.00126362 -11.0904 11.0894 -0.000998161
240.27 -0.015398 -0.0012653 -11.0872 11.0862 -0.000997009
240.281 -0.0153943 -0.00126705 -11.084 11.083 -0.000996053
240.292 -0.0153908 -0.00126863 -11.0808 11.0798 -0.000995457
240.303 -0.0153873 -0.00127022 -11.0776 11.0766 -0.000994617
240.315 -0.0153838 -0.00127093 -11.0745 11.0735 -0.000995072
240.326 -0.015381 -0.00127198 -11.0714 11.0704 -0.00099418
240.337 -0.0153767 -0.00127334 -11.0683 11.0673 -0.00099246
240.348 -0.0153733 -0.00127437 -11.0653 11.0643 -0.000990632
240.36 -0.0153708 -0.00127625 -11.0623 11.0613 -0.000988959
240.371 -0.0153679 -0.00127696 -11.0594 11.0584 -0.000987996
240.382 -0.0153645 -0.00127761 -11.0564 11.0555 -0.000986478
240.393 -0.0153622 -0.0012778 -11.0536 11.0526 -0.000983814
240.404 -0.0153587 -0.00127767 -11.0507 11.0498 -0.000981135
240.416 -0.0153552 -0.00127762 -11.048 11.047 -0.000980046
240.427 -0.015351 -0.00127776 -11.0452 11.0442 -0.000978301
240.438 -0.0153472 -0.00127782 -11.0424 11.0415 -0.000976563
240.449 -0.0153437 -0.00127649 -11.0398 11.0388 -0.000975126
240.461 -0.0153402 -0.00127556 -11.0371 11.0361 -0.000973248
240.472 -0.0153369 -0.00127603 -11.0345 11.0335 -0.000971978
240.483 -0.0153326 -0.00127618 -11.032 11.031 -0.000970885
240.494 -0.0153279 -0.00127657 -11.0295 11.0285 -0.000971024
240.506 -0.0153244 -0.00127685 -11.027 11.026 -0.000969746
240.517 -0.0153205 -0.00127734 -11.0246 11.0236 -0.000967667
240.528 -0.0153171 -0.00127873 -11.0222 11.0213 -0.000965614
240.539 -0.0153137 -0.00128003 -11.0199 11.019 -0.000963632
240.551 -0.0153103 -0.00128174 -11.0177 11.0168 -0.000963165
240.562 -0.0153079 -0.00128245 -11.0156 11.0146 -0.000962052
240.573 -0.0153056 -0.00128307 -11.0134 11.0125 -0.00096036
240.584 -0.015303 -0.00128314 -11.0114 11.0104 -0.00095952
240.596 -0.0153001 -0.00128453 -11.0094 11.0084 -0.000958326
240.607 -0.0152972 -0.00128499 -11.0074 11.0064 -0.000957688
240.618 -0.0152929 -0.00128611 -11.0054 11.0045 -0.00095664
240.629 -0.0152896 -0.00128613 -11.0035 11.0025 -0.000954861
240.64 -0.0152866 -0.00128606 -11.0016 11.0007 -0.00095325
240.652 -0.0152847 -0.00128659 -10.9998 10.9989 -0.000950971
240.663 -0.0152824 -0.00128644 -10.998 10.9971 -0.000949524
240.674 -0.0152803 -0.00128687 -10.9963 10.9954 -0.000947645
240.685 -0.0152771 -0.00128788 -10.9947 10.9937 -0.000947656
240.697 -0.015276 -0.00128878 -10.9931 10.9921 -0.000946332
240.708 -0.0152738 -0.00128992 -10.9915 10.9906 -0.000944975
240.719 -0.0152723 -0.00129135 -10.99 10.9891 -0.000943823
240.73 -0.0152708 -0.00129383 -10.9886 10.9877 -0.000943054
240.742 -0.0152689 -0.00129502 -10.9872 10.9863 -0.000941447
240.753 -0.0152661 -0.00129622 -10.9859 10.985 -0.000940387
240.764 -0.0152632 -0.00129661 -10.9847 10.9837 -0.000939144
240.775 -0.0152597 -0.00129672 -10.9835 10.9825 -0.000938842
240.787 -0.0152562 -0.00129793 -10.9823 10.9814 -0.000938695
240.798 -0.0152533 -0.00129999 -10.9812 10.9803 -0.000936611
240.809 -0.0152507 -0.00130045 -10.9802 10.9793 -0.000935941
240.82 -0.0152477 -0.0013015 -10.9792 10.9783 -0.000936249
240.831 -0.0152442 -0.00130205 -10.9783 10.9774 -0.000936353
240.843 -0.0152405 -0.00130323 -10.9774 10.9765 -0.000936155
240.854 -0.015237 -0.00130378 -10.9766 10.9757 -0.000935386
240.865 -0.0152317 -0.00130468 -10.9759 10.975 -0.000935979
240.876 -0.0152279 -0.00130511 -10.9752 10.9743 -0.000934786
240.888 -0.0152254 -0.00130621 -10.9746 10.9737 -0.000933391
240.899 -0.0152227 -0.00130722 -10.9741 10.9732 -0.000931677
240.91 -0.0152202 -0.00130814 -10.9737 10.9727 -0.000931033
240.921 -0.0152171 -0.00130884 -10.9733 10.9724 -0.000932005
240.933 -0.0152142 -0.00130979 -10.9731 10.9722 -0.00093153
240.944 -0.0152112 -0.00131 -10.9729 10.972 -0.00093171
240.955 -0.0152069 -0.00130928 -10.9728 10.9719 -0.000931528
240.966 -0.0152013 -0.00130878 -10.9728 10.9719 -0.000931263
240.978 -0.0151965 -0.00130891 -10.9729 10.9719 -0.000930583
240.989 -0.0151919 -0.00130849 -10.973 10.9721 -0.00093004
241 -0.0151877 -0.00130906 -10.9732 10.9723 -0.000928021
241.011 -0.0151846 -0.00130966 -10.9735 10.9726 -0.000925807
241.022 -0.0151829 -0.00131024 -10.9739 10.973 -0.000923815
241.034 -0.0151807 -0.0013106 -10.9744 10.9735 -0.000920886
241.045 -0.015179 -0.00131136 -10.975 10.9741 -0.000918533
241.056 -0.015177 -0.00131228 -10.9757 10.9748 -0.000917236
241.067 -0.015174 -0.00131274 -10.9764 10.9755 -0.000916426
241.079 -0.0151709 -0.00131168 -10.9771 10.9762 -0.000915456
241.09 -0.0151672 -0.001311 -10.978 10.9771 -0.000915255
241.101 -0.0151637 -0.00131063 -10.9789 10.978 -0.000914568
241.112 -0.0151605 -0.00131103 -10.9799 10.9789 -0.000914258
241.124 -0.0151565 -0.00131122 -10.9809 10.98 -0.000913005
241.135 -0.0151525 -0.00131265 -10.9821 10.9811 -0.000911607
241.146 -0.0151484 -0.00131176 -10.9833 10.9824 -0.000909901
241.157 -0.0151449 -0.00131132 -10.9845 10.9836 -0.000907394
241.169 -0.015142 -0.00131069 -10.9859 10.985 -0.000904301
241.18 -0.0151393 -0.00131047 -10.9873 10.9864 -0.000901792
241.191 -0.0151363 -0.00131149 -10.9889 10.988 -0.000900364
241.202 -0.0151329 -0.00131233 -10.9905 10.9896 -0.000898226
241.213 -0.0151305 -0.00131349 -10.9921 10.9912 -0.000895817
241.225 -0.0151276 -0.00131418 -10.9939 10.993 -0.000893692
241.236 -0.0151248 -0.00131459 -10.9957 10.9948 -0.000890496
241.247 -0.0151223 -0.00131569 -10.9976 10.9968 -0.000888185
241.258 -0.015119 -0.00131628 -10.9996 10.9987 -0.000886334
241.27 -0.0151159 -0.00131691 -11.0017 11.0008 -0.000884994
241.281 -0.0151131 -0.00131754 -11.0038 11.0029 -0.000883387
241.292 -0.0151113 -0.00131815 -11.006 11.0051 -0.000882539
241.303 -0.0151091 -0.0013186 -11.0082 11.0073 -0.000880791
241.315 -0.0151072 -0.00131925 -11.0105 11.0096 -0.000878112
241.326 -0.0151048 -0.00132057 -11.0129 11.012 -0.000876202
241.337 -0.0151005 -0.00132103 -11.0153 11.0145 -0.000875011
241.348 -0.0150969 -0.00132163 -11.0178 11.0169 -0.000872954
241.36 -0.0150933 -0.00132206 -11.0204 11.0195 -0.000870902
241.371 -0.0150915 -0.00132259 -11.0229 11.0221 -0.000868261
241.382 -0.0150896 -0.00132419 -11.0256 11.0247 -0.000865598
241.393 -0.0150877 -0.00132619 -11.0284 11.0275 -0.000862445
241.404 -0.0150853 -0.00132694 -11.0312 11.0303 -0.000860585
241.416 -0.0150816 -0.001328 -11.0341 11.0332 -0.000859689
241.427 -0.0150789 -0.00132817 -11.037 11.0362 -0.000858977
241.438 -0.0150772 -0.00132809 -11.0401 11.0392 -0.000857382
241.449 -0.0150752 -0.00132714 -11.0431 11.0423 -0.000854802
241.461 -0.0150731 -0.00132632 -11.0463 11.0454 -0.00085182
241.472 -0.0150719 -0.00132531 -11.0495 11.0486 -0.000848838
241.483 -0.0150707 -0.00132552 -11.0528 11.0519 -0.000846285
241.494 -0.0150684 -0.00132663 -11.0561 11.0553 -0.000844349
241.506 -0.0150665 -0.00132688 -11.0595 11.0587 -0.000841914
241.517 -0.0150636 -0.00132688 -11.063 11.0622 -0.000839582
241.528 -0.0150608 -0.00132729 -11.0666 11.0658 -0.000837293
241.539 -0.0150571 -0.0013271 -11.0702 11.0694 -0.000834128
241.551 -0.0150543 -0.00132579 -11.0739 11.0731 -0.000830979
241.562 -0.0150514 -0.0013249 -11.0777 11.0768 -0.000828249
241.573 -0.0150478 -0.00132333 -11.0815 11.0806 -0.000825583
241.584 -0.0150429 -0.0013226 -11.0853 11.0845 -0.000824006
241.596 -0.0150388 -0.00132181 -11.0893 11.0885 -0.000822812
241.607 -0.0150345 -0.00131998 -11.0933 11.0925 -0.000820437
241.618 -0.0150309 -0.00131934 -11.0973 11.0965 -0.000818034
241.629 -0.015029 -0.00131919 -11.1014 11.1006 -0.000814218
241.64 -0.0150267 -0.00131789 -11.1056 11.1048 -0.000810416
241.652 -0.0150236 -0.00131767 -11.1098 11.109 -0.000808981
241.663 -0.0150215 -0.00131711 -11.114 11.1132 -0.000805705
241.674 -0.0150189 -0.00131699 -11.1183 11.1175 -0.000801607
241.685 -0.0150162 -0.00131704 -11.1227 11.1219 -0.000798564
241.697 -0.0150124 -0.00131707 -11.1272 11.1264 -0.000795298
241.708 -0.0150095 -0.00131734 -11.1317 11.1309 -0.000791123
241.719 -0.0150064 -0.00131781 -11.1363 11.1355 -0.000787369
241.73 -0.0150027 -0.00131752 -11.1409 11.1401 -0.00078317
241.742 -0.0149993 -0.00131745 -11.1456 11.1448 -0.000779548
241.753 -0.0149946 -0.0013182 -11.1502 11.1495 -0.000777123
241.764 -0.0149911 -0.00131912 -11.1549 11.1542 -0.000774236
241.775 -0.0149872 -0.0013193 -11.1596 11.1588 -0.000772637
241.787 -0.0149846 -0.00131945 -11.1643 11.1636 -0.000770555
241.798 -0.0149826 -0.00131962 -11.1691 11.1683 -0.000768121
241.809 -0.0149805 -0.00132007 -11.1739 11.1731 -0.000765712
241.82 -0.0149776 -0.00132027 -11.1788 11.178 -0.000763248
241.831 -0.0149749 -0.00132062 -11.1837 11.1829 -0.000760887
241.843 -0.0149709 -0.00132197 -11.1886 11.1879 -0.000758802
241.854 -0.0149666 -0.00132198 -11.1936 11.1928 -0.000755905
241.865 -0.0149628 -0.00132137 -11.1986 11.1978 -0.00075324
241.876 -0.0149592 -0.00132164 -11.2036 11.2028 -0.000749901
241.888 -0.0149567 -0.00132197 -11.2086 11.2078 -0.000747103
241.899 -0.0149535 -0.00132281 -11.2137 11.2129 -0.000744517
241.91 -0.0149502 -0.00132267 -11.2187 11.218 -0.000740453
241.921 -0.0149463 -0.00132147 -11.2239 11.2231 -0.000736666
241.933 -0.0149428 -0.00132053 -11.229 11.2283 -0.000733295
241.944 -0.0149387 -0.00131967 -11.2341 11.2334 -0.000730797
241.955 -0.0149355 -0.00132029 -11.2392 11.2385 -0.000727403
241.966 -0.0149322 -0.00132065 -11.2444 11.2437 -0.000723899
241.978 -0.014929 -0.0013208 -11.2497 11.2489 -0.000720737
241.989 -0.014926 -0.00132095 -11.2549 11.2542 -0.000717935
242 -0.0149234 -0.00132044 -11.2602 11.2594 -0.000716025
242.011 -0.0149214 -0.0013202 -11.2654 11.2647 -0.000715393
242.022 -0.0149192 -0.00132072 -11.2706 11.2699 -0.000713329
242.034 -0.0149169 -0.0013207 -11.2759 11.2752 -0.000710882
242.045 -0.0149141 -0.00132066 -11.2811 11.2804 -0.000708024
242.056 -0.0149116 -0.00132125 -11.2864 11.2857 -0.000704967
242.067 -0.0149083 -0.00132295 -11.2917 11.291 -0.000703623
242.079 -0.0149055 -0.00132438 -11.297 11.2963 -0.000701664
242.09 -0.0149021 -0.00132559 -11.3023 11.3016 -0.000699301
242.101 -0.0148993 -0.00132671 -11.3075 11.3069 -0.000696847
242.112 -0.0148964 -0.00132848 -11.3129 11.3122 -0.000694518
242.124 -0.0148942 -0.00133052 -11.3182 11.3175 -0.000691515
242.135 -0.0148931 -0.00133219 -11.3235 11.3228 -0.000688951
242.146 -0.0148909 -0.00133316 -11.3288 11.3281 -0.000685901
242.157 -0.0148899 -0.00133457 -11.3341 11.3335 -0.000682647
242.169 -0.0148885 -0.00133429 -11.3395 11.3388 -0.000679452
242.18 -0.0148862 -0.00133432 -11.3448 11.3441 -0.000675826
242.191 -0.0148831 -0.00133475 -11.3501 11.3494 -0.000672255
242.202 -0.0148791 -0.00133416 -11.3554 11.3547 -0.000670301
242.213 -0.0148755 -0.00133322 -11.3606 11.36 -0.000667992
242.225 -0.0148715 -0.00133249 -11.3659 11.3652 -0.000666184
242.236 -0.0148691 -0.00133288 -11.3712 11.3705 -0.000664227
242.247 -0.014866 -0.00133301 -11.3764 11.3757 -0.000661772
242.258 -0.0148625 -0.00133324 -11.3817 11.381 -0.000659591
242.27 -0.0148582 -0.00133305 -11.3869 11.3863 -0.000657734
242.281 -0.0148547 -0.00133301 -11.3921 11.3915 -0.000655877
242.292 -0.0148511 -0.0013331 -11.3973 11.3967 -0.000653892
242.303 -0.0148474 -0.00133342 -11.4025 11.4019 -0.000652919
242.315 -0.0148444 -0.0013329 -11.4076 11.407 -0.000650358
242.326 -0.014841 -0.00133343 -11.4128 11.4121 -0.000648279
242.337 -0.0148376 -0.00133352 -11.418 11.4173 -0.000646122
242.348 -0.014834 -0.00133322 -11.4231 11.4224 -0.000643734
242.36 -0.0148312 -0.00133263 -11.4282 11.4276 -0.000640714
242.371 -0.0148284 -0.00133247 -11.4333 11.4327 -0.000637033
242.382 -0.0148249 -0.0013323 -11.4384 11.4377 -0.00063392
242.393 -0.0148215 -0.00133233 -11.4435 11.4428 -0.000630094
242.404 -0.0148185 -0.00133284 -11.4486 11.4479 -0.000627089
242.416 -0.0148157 -0.00133298 -11.4536 11.453 -0.000623571
242.427 -0.0148137 -0.00133276 -11.4587 11.4581 -0.00061966
242.438 -0.0148119 -0.0013324 -11.4638 11.4632 -0.00061502
242.449 -0.0148109 -0.00133207 -11.4688 11.4682 -0.000609988
242.461 -0.0148096 -0.00133128 -11.4739 11.4733 -0.000605942
242.472 -0.014808 -0.00133071 -11.479 11.4784 -0.000601788
242.483 -0.0148055 -0.00132958 -11.4841 11.4835 -0.000598344
242.494 -0.0148019 -0.00133022 -11.4891 11.4885 -0.000596669
242.506 -0.0147979 -0.00133068 -11.4941 11.4935 -0.000594275
242.517 -0.0147943 -0.00133194 -11.499 11.4984 -0.000591335
242.528 -0.0147911 -0.00133409 -11.5039 11.5033 -0.00058798
242.539 -0.0147884 -0.0013367 -11.5088 11.5082 -0.000585206
242.551 -0.0147866 -0.00133843 -11.5136 11.513 -0.000581678
242.562 -0.0147853 -0.00133952 -11.5184 11.5179 -0.000577473
242.573 -0.0147839 -0.00134181 -11.5233 11.5227 -0.00057314
242.584 -0.014782 -0.0013434 -11.5281 11.5275 -0.00056876
242.596 -0.0147811 -0.00134524 -11.5329 11.5323 -0.000565193
242.607 -0.0147787 -0.00134741 -11.5377 11.5371 -0.000563163
242.618 -0.0147759 -0.00134907 -11.5425 11.5419 -0.000562175
242.629 -0.0147724 -0.00135004 -11.5471 11.5466 -0.000560214
242.64 -0.01477 -0.00135113 -11.5518 11.5512 -0.000559544
242.652 -0.014768 -0.00135133 -11.5564 11.5558 -0.000557208
242.663 -0.0147658 -0.00135112 -11.561 11.5604 -0.000554046
242.674 -0.0147647 -0.00135087 -11.5655 11.565 -0.000552373
242.685 -0.0147633 -0.00135016 -11.57 11.5695 -0.000550166
242.697 -0.0147617 -0.00135021 -11.5745 11.5739 -0.000547032
242.708 -0.0147591 -0.00134987 -11.579 11.5784 -0.000543908
242.719 -0.0147561 -0.00135 -11.5833 11.5828 -0.000542068
242.73 -0.0147535 -0.00134952 -11.5877 11.5871 -0.000539434
242.742 -0.0147507 -0.00134918 -11.592 11.5914 -0.000537063
242.753 -0.0147473 -0.00134823 -11.5962 11.5957 -0.000534868
242.764 -0.0147435 -0.00134768 -11.6004 11.5999 -0.000532347
242.775 -0.0147401 -0.00134622 -11.6046 11.604 -0.000530671
242.787 -0.0147366 -0.00134502 -11.6087 11.6081 -0.000528748
242.798 -0.0147333 -0.00134408 -11.6127 11.6122 -0.00052597
242.809 -0.0147307 -0.00134201 -11.6168 11.6162 -0.000522695
242.82 -0.0147284 -0.00134037 -11.6208 11.6202 -0.000519353
242.831 -0.0147267 -0.0013404 -11.6247 11.6242 -0.00051554
242.843 -0.0147252 -0.0013404 -11.6287 11.6282 -0.000512859
242.854 -0.0147232 -0.00134056 -11.6326 11.6321 -0.000510179
242.865 -0.0147207 -0.00134233 -11.6365 11.636 -0.000509789
242.876 -0.014718 -0.00134354 -11.6403 11.6398 -0.000508727
242.888 -0.0147151 -0.00134401 -11.6441 11.6436 -0.000507194
242.899 -0.0147122 -0.00134427 -11.6478 11.6472 -0.000505576
242.91 -0.0147104 -0.00134396 -11.6514 11.6509 -0.00050286
242.921 -0.0147077 -0.00134238 -11.6551 11.6546 -0.000501557
242.933 -0.0147052 -0.00134146 -11.6586 11.6581 -0.000500166
242.944 -0.0147026 -0.00134015 -11.6622 11.6617 -0.000498812
242.955 -0.0146998 -0.00133893 -11.6656 11.6651 -0.000497293
242.966 -0.0146975 -0.00133856 -11.6691 11.6686 -0.000494652
242.978 -0.0146962 -0.00133767 -11.6725 11.672 -0.00049186
242.989 -0.0146942 -0.00133679 -11.6759 11.6754 -0.000488392
243 -0.0146912 -0.00133717 -11.6792 11.6788 -0.000486264
243.011 -0.0146888 -0.00133776 -11.6826 11.6821 -0.000484016
243.022 -0.0146868 -0.00133755 -11.6858 11.6853 -0.000481926
243.034 -0.0146853 -0.00133718 -11.689 11.6886 -0.000478973
243.045 -0.0146834 -0.00133695 -11.6923 11.6918 -0.000477323
243.056 -0.0146815 -0.00133632 -11.6954 11.695 -0.000474734
243.067 -0.0146796 -0.0013349 -11.6986 11.6981 -0.000471957
243.079 -0.0146777 -0.00133284 -11.7017 11.7012 -0.000469532
243.09 -0.0146759 -0.00133187 -11.7047 11.7043 -0.000465628
243.101 -0.0146735 -0.0013307 -11.7078 11.7073 -0.000462754
243.112 -0.0146718 -0.00132915 -11.7108 11.7103 -0.000459244
243.124 -0.0146697 -0.00132869 -11.7138 11.7133 -0.000456431
243.135 -0.0146683 -0.0013296 -11.7167 11.7162 -0.000453241
243.146 -0.014666 -0.00132943 -11.7196 11.7191 -0.000450284
243.157 -0.014664 -0.00132888 -11.7225 11.722 -0.000447936
243.169 -0.0146618 -0.0013288 -11.7253 11.7248 -0.000445496
243.18 -0.0146584 -0.0013298 -11.7281 11.7277 -0.000444375
243.191 -0.014655 -0.00133058 -11.7308 11.7304 -0.000444192
243.202 -0.014652 -0.00133137 -11.7335 11.7331 -0.000443824
243.213 -0.0146499 -0.00133152 -11.7361 11.7357 -0.000443636
243.225 -0.0146459 -0.00133048 -11.7387 11.7383 -0.000444383
243.236 -0.0146416 -0.00133007 -11.7412 11.7408 -0.000444849
243.247 -0.0146371 -0.00133006 -11.7437 11.7432 -0.000446508
243.258 -0.0146331 -0.00133048 -11.7461 11.7457 -0.000447195
243.27 -0.0146289 -0.00133047 -11.7485 11.748 -0.000446399
243.281 -0.0146255 -0.00132953 -11.7509 11.7504 -0.000444288
243.292 -0.0146225 -0.00132944 -11.7532 11.7528 -0.00044216
243.303 -0.0146198 -0.00132901 -11.7556 11.7551 -0.000440792
243.315 -0.0146174 -0.00132832 -11.7579 11.7575 -0.00043943
243.326 -0.0146145 -0.00132834 -11.7602 11.7598 -0.000438533
243.337 -0.0146118 -0.00132789 -11.7625 11.7621 -0.000436404
243.348 -0.0146081 -0.0013267 -11.7648 11.7644 -0.000434452
243.36 -0.0146047 -0.00132585 -11.7671 11.7666 -0.000432537
243.371 -0.0146023 -0.0013257 -11.7693 11.7689 -0.000429664
243.382 -0.0145991 -0.00132534 -11.7715 11.7711 -0.000427169
243.393 -0.0145956 -0.00132479 -11.7737 11.7733 -0.000423813
243.404 -0.0145927 -0.00132376 -11.7759 11.7754 -0.000420065
243.416 -0.0145894 -0.00132343 -11.778 11.7776 -0.000416793
243.427 -0.0145872 -0.00132257 -11.7802 11.7798 -0.000413702
243.438 -0.0145858 -0.00132178 -11.7823 11.7819 -0.000410465
243.449 -0.0145831 -0.00132141 -11.7844 11.784 -0.000407437
243.461 -0.0145813 -0.00132059 -11.7865 11.7861 -0.000404716
243.472 -0.0145799 -0.00131883 -11.7886 11.7882 -0.000401618
243.483 -0.0145779 -0.00131822 -11.7907 11.7903 -0.000399622
243.494 -0.0145762 -0.00131722 -11.7927 11.7923 -0.00039763
243.506 -0.0145751 -0.00131568 -11.7947 11.7943 -0.000394923
243.517 -0.0145737 -0.00131397 -11.7967 11.7964 -0.000391421
243.528 -0.0145722 -0.00131314 -11.7988 11.7984 -0.000387986
243.539 -0.0145696 -0.00131331 -11.8008 11.8004 -0.00038625
243.551 -0.0145669 -0.00131273 -11.8028 11.8024 -0.000384262
243.562 -0.0145638 -0.00131222 -11.8048 11.8044 -0.000382411
243.573 -0.014561 -0.00131131 -11.8067 11.8063 -0.000381227
243.584 -0.0145591 -0.0013114 -11.8086 11.8083 -0.000380076
243.596 -0.0145573 -0.00131087 -11.8105 11.8101 -0.000378872
243.607 -0.0145558 -0.00131026 -11.8124 11.812 -0.000377624
243.618 -0.0145535 -0.00131009 -11.8143 11.8139 -0.000376388
243.629 -0.0145513 -0.00131035 -11.8162 11.8158 -0.00037401
243.64 -0.0145492 -0.00131098 -11.818 11.8176 -0.000372936
243.652 -0.014547 -0.00131087 -11.8199 11.8195 -0.000371158
243.663 -0.0145455 -0.00131045 -11.8217 11.8213 -0.000367741
243.674 -0.0145427 -0.00130884 -11.8234 11.8231 -0.000364668
243.685 -0.0145408 -0.00130676 -11.8252 11.8249 -0.000361557
243.697 -0.0145382 -0.00130555 -11.827 11.8267 -0.000358646
243.708 -0.0145361 -0.0013044 -11.8288 11.8284 -0.000355538
243.719 -0.014534 -0.00130394 -11.8306 11.8302 -0.000353618
243.73 -0.0145314 -0.00130284 -11.8323 11.832 -0.000351492
243.742 -0.0145287 -0.00130142 -11.8341 11.8337 -0.000348843
243.753 -0.0145251 -0.0013013 -11.8358 11.8355 -0.000346194
243.764 -0.0145221 -0.00130111 -11.8375 11.8372 -0.000344567
243.775 -0.0145193 -0.00130045 -11.8393 11.8389 -0.000342229
243.787 -0.014516 -0.00129934 -11.841 11.8407 -0.00034042
243.798 -0.0145128 -0.00129862 -11.8427 11.8424 -0.000339268
243.809 -0.0145094 -0.00129805 -11.8444 11.844 -0.000336907
243.82 -0.0145058 -0.0012975 -11.8461 11.8457 -0.000335854
243.831 -0.0145021 -0.00129656 -11.8477 11.8474 -0.000334485
243.843 -0.0144994 -0.00129704 -11.8494 11.849 -0.000331945
243.854 -0.0144962 -0.00129719 -11.851 11.8507 -0.000329762
243.865 -0.0144936 -0.00129646 -11.8527 11.8523 -0.000328557
243.876 -0.0144904 -0.00129578 -11.8543 11.8539 -0.000327277
243.888 -0.0144875 -0.00129617 -11.8559 11.8556 -0.000326902
243.899 -0.0144854 -0.00129665 -11.8575 11.8571 -0.000325635
243.91 -0.014484 -0.00129755 -11.859 11.8587 -0.000323875
243.921 -0.0144828 -0.00129962 -11.8606 11.8603 -0.000322457
243.933 -0.0144801 -0.00130155 -11.8622 11.8618 -0.000319879
243.944 -0.0144778 -0.00130287 -11.8637 11.8634 -0.000317772
243.955 -0.0144755 -0.00130439 -11.8653 11.865 -0.000315371
243.966 -0.0144736 -0.00130511 -11.8668 11.8665 -0.000312271
243.978 -0.0144716 -0.00130518 -11.8684 11.8681 -0.000309475
243.989 -0.0144701 -0.00130435 -11.87 11.8697 -0.00030675
244 -0.0144696 -0.00130405 -11.8716 11.8713 -0.000302921
244.011 -0.0144691 -0.00130288 -11.8732 11.8729 -0.000299039
244.022 -0.0144687 -0.00130225 -11.8748 11.8745 -0.00029514
244.034 -0.0144674 -0.00130196 -11.8765 11.8762 -0.000292532
244.045 -0.014466 -0.00130142 -11.8781 11.8778 -0.000290358
244.056 -0.0144641 -0.00130079 -11.8797 11.8794 -0.000288272
244.067 -0.0144628 -0.00129976 -11.8814 11.8811 -0.000285812
244.079 -0.0144614 -0.0012981 -11.883 11.8827 -0.000283918
244.09 -0.014459 -0.00129677 -11.8846 11.8844 -0.000283608
244.101 -0.0144558 -0.00129454 -11.8863 11.886 -0.000283703
244.112 -0.0144512 -0.00129291 -11.8879 11.8876 -0.000282939
244.124 -0.0144472 -0.00129198 -11.8895 11.8892 -0.000282608
244.135 -0.0144432 -0.00129046 -11.891 11.8908 -0.000282215
244.146 -0.0144388 -0.00128884 -11.8926 11.8923 -0.000282092
244.157 -0.0144354 -0.00128693 -11.8941 11.8939 -0.000280923
244.169 -0.0144319 -0.00128683 -11.8957 11.8954 -0.000278681
244.18 -0.0144297 -0.00128676 -11.8972 11.8969 -0.000275371
244.191 -0.0144271 -0.00128634 -11.8988 11.8985 -0.000273374
244.202 -0.0144243 -0.0012861 -11.9003 11.9 -0.000271083
244.213 -0.0144226 -0.00128667 -11.9018 11.9016 -0.000268283
244.225 -0.0144198 -0.00128704 -11.9034 11.9031 -0.00026551
244.236 -0.0144173 -0.001288 -11.9049 11.9047 -0.000261427
244.247 -0.0144143 -0.00128877 -11.9065 11.9062 -0.000258133
244.258 -0.014411 -0.00128895 -11.9081 11.9078 -0.000254693
244.27 -0.0144076 -0.00128914 -11.9096 11.9094 -0.000251931
244.281 -0.0144043 -0.00128943 -11.9112 11.9109 -0.000248972
244.292 -0.0144008 -0.0012895 -11.9128 11.9125 -0.000246733
244.303 -0.0143979 -0.00128869 -11.9143 11.9141 -0.000244707
244.315 -0.0143946 -0.00128857 -11.9159 11.9157 -0.000242878
244.326 -0.0143918 -0.00128814 -11.9175 11.9173 -0.000241304
244.337 -0.0143883 -0.00128711 -11.9191 11.9188 -0.000238871
244.348 -0.0143854 -0.001286 -11.9206 11.9204 -0.000235993
244.36 -0.0143823 -0.00128454 -11.9222 11.9219 -0.000233318
244.371 -0.0143802 -0.00128346 -11.9237 11.9235 -0.000230209
244.382 -0.0143773 -0.00128182 -11.9253 11.9251 -0.000227353
244.393 -0.0143749 -0.00128076 -11.9269 11.9267 -0.000224669
244.404 -0.0143715 -0.00127997 -11.9285 11.9283 -0.000221689
244.416 -0.0143683 -0.00127949 -11.9301 11.9299 -0.000218146
244.427 -0.0143655 -0.00127871 -11.9317 11.9315 -0.000215784
244.438 -0.0143615 -0.00127778 -11.9333 11.9331 -0.000213691
244.449 -0.0143581 -0.00127636 -11.9349 11.9347 -0.000211036
244.461 -0.0143552 -0.00127494 -11.9365 11.9363 -0.000209024
244.472 -0.0143526 -0.00127377 -11.9381 11.9379 -0.00020655
244.483 -0.0143499 -0.0012737 -11.9397 11.9395 -0.000204647
244.494 -0.0143479 -0.00127358 -11.9413 11.9411 -0.00020247
244.506 -0.0143452 -0.0012732 -11.9429 11.9427 -0.000198548
244.517 -0.0143431 -0.001273 -11.9445 11.9443 -0.000195564
244.528 -0.0143411 -0.00127277 -11.9461 11.9459 -0.000192653
244.539 -0.0143392 -0.00127205 -11.9476 11.9474 -0.000190011
244.551 -0.0143377 -0.00127146 -11.9492 11.949 -0.000187006
244.562 -0.0143364 -0.00126989 -11.9508 11.9506 -0.000185111
244.573 -0.0143348 -0.00126864 -11.9523 11.9521 -0.000182599
244.584 -0.0143332 -0.00126753 -11.9538 11.9536 -0.000180379
244.596 -0.0143321 -0.00126616 -11.9553 11.9552 -0.000178167
244.607 -0.0143311 -0.00126524 -11.9568 11.9566 -0.000176063
244.618 -0.0143296 -0.00126447 -11.9583 11.9581 -0.000174052
244.629 -0.0143286 -0.00126329 -11.9598 11.9596 -0.000171979
244.64 -0.0143273 -0.00126223 -11.9612 11.9611 -0.000168456
244.652 -0.0143258 -0.00126189 -11.9627 11.9626 -0.000164851
244.663 -0.0143249 -0.00126058 -11.9642 11.964 -0.000161448
244.674 -0.0143237 -0.0012593 -11.9657 11.9655 -0.000157988
244.685 -0.0143222 -0.00125841 -11.9671 11.967 -0.000154293
244.697 -0.0143198 -0.00125752 -11.9686 11.9685 -0.000150747
244.708 -0.0143181 -0.00125735 -11.9701 11.9699 -0.000146762
244.719 -0.0143163 -0.00125751 -11.9715 11.9714 -0.000142813
244.73 -0.0143148 -0.00125707 -11.973 11.9729 -0.000140119
244.742 -0.0143127 -0.00125595 -11.9745 11.9743 -0.000136977
244.753 -0.0143112 -0.00125516 -11.9759 11.9758 -0.00013448
244.764 -0.0143092 -0.00125454 -11.9773 11.9772 -0.000132766
244.775 -0.0143076 -0.00125384 -11.9787 11.9786 -0.000129493
244.787 -0.0143054 -0.00125229 -11.9801 11.98 -0.000126969
244.798 -0.0143036 -0.00125116 -11.9815 11.9814 -0.00012557
244.809 -0.0143017 -0.00124902 -11.9829 11.9828 -0.000123906
244.82 -0.0143006 -0.00124702 -11.9843 11.9841 -0.000122074
244.831 -0.0142977 -0.00124456 -11.9856 11.9855 -0.000120247
244.843 -0.0142939 -0.00124352 -11.987 11.9869 -0.000118294
244.854 -0.0142911 -0.00124101 -11.9883 11.9882 -0.000116387
244.865 -0.0142889 -0.00123986 -11.9897 11.9896 -0.000113928
244.876 -0.0142864 -0.00123894 -11.991 11.9909 -0.000110535
244.888 -0.0142838 -0.00123863 -11.9924 11.9923 -0.000107482
244.899 -0.0142821 -0.00123764 -11.9938 11.9937 -0.00010378
244.91 -0.0142795 -0.0012359 -11.9951 11.995 -0.000101075
244.921 -0.0142767 -0.00123471 -11.9965 11.9964 -9.85044e-05
244.933 -0.014274 -0.00123442 -11.9979 11.9978 -9.56195e-05
244.944 -0.0142719 -0.00123267 -11.9993 11.9992 -9.2755e-05
244.955 -0.0142702 -0.00123101 -12.0007 12.0006 -8.91524e-05
244.966 -0.0142682 -0.00122929 -12.0021 12.002 -8.65676e-05
244.978 -0.0142657 -0.00122775 -12.0035 12.0034 -8.39127e-05
244.989 -0.0142638 -0.00122671 -12.0049 12.0048 -8.08757e-05
245 -0.0142614 -0.00122589 -12.0063 12.0063 -7.79322e-05
245.011 -0.0142596 -0.00122566 -12.0078 12.0077 -7.4599e-05
245.022 -0.0142571 -0.00122508 -12.0092 12.0091 -7.17994e-05
245.034 -0.014254 -0.00122462 -12.0106 12.0106 -6.91019e-05
245.045 -0.0142511 -0.00122419 -12.012 12.012 -6.57166e-05
245.056 -0.0142485 -0.00122359 -12.0135 12.0134 -6.35759e-05
245.067 -0.0142453 -0.00122323 -12.015 12.0149 -6.20348e-05
245.079 -0.0142436 -0.00122279 -12.0164 12.0163 -5.97386e-05
245.09 -0.0142421 -0.00122183 -12.0179 12.0178 -5.73679e-05
245.101 -0.0142415 -0.00122114 -12.0194 12.0193 -5.52025e-05
245.112 -0.0142406 -0.00122028 -12.0208 12.0208 -5.34863e-05
245.124 -0.0142391 -0.0012189 -12.0223 12.0222 -5.16462e-05
245.135 -0.0142362 -0.00121784 -12.0238 12.0237 -4.99952e-05
245.146 -0.0142322 -0.00121698 -12.0252 12.0252 -4.64943e-05
245.157 -0.0142291 -0.00121664 -12.0267 12.0267 -4.44167e-05
245.169 -0.0142263 -0.00121537 -12.0282 12.0282 -4.28356e-05
245.18 -0.0142232 -0.00121367 -12.0296 12.0296 -4.12426e-05
245.191 -0.014221 -0.00121111 -12.0311 12.031 -3.98974e-05
245.202 -0.014219 -0.00120916 -12.0326 12.0325 -3.90151e-05
245.213 -0.0142163 -0.00120709 -12.034 12.0339 -3.76636e-05
245.225 -0.0142144 -0.00120328 -12.0354 12.0354 -3.6352e-05
245.236 -0.014212 -0.00119967 -12.0368 12.0368 -3.63715e-05
245.247 -0.0142098 -0.00119567 -12.0382 12.0382 -3.44299e-05
245.258 -0.0142083 -0.0011917 -12.0396 12.0395 -3.14333e-05
245.27 -0.0142068 -0.00118807 -12.041 12.041 -3.00962e-05
245.281 -0.0142062 -0.00118421 -12.0424 12.0424 -2.78829e-05
245.292 -0.0142048 -0.00118101 -12.0438 12.0438 -2.53419e-05
245.303 -0.0142028 -0.0011784 -12.0452 12.0452 -2.31868e-05
245.315 -0.0142004 -0.00117614 -12.0466 12.0466 -2.12599e-05
245.326 -0.0141982 -0.00117431 -12.0481 12.0481 -1.92367e-05
245.337 -0.0141965 -0.00117308 -12.0495 12.0495 -1.76368e-05
245.348 -0.0141955 -0.00117215 -12.051 12.051 -1.62636e-05
245.36 -0.0141946 -0.00117088 -12.0524 12.0524 -1.43481e-05
245.371 -0.014194 -0.0011696 -12.0539 12.0539 -1.25498e-05
245.382 -0.0141926 -0.00116814 -12.0554 12.0554 -1.09335e-05
245.393 -0.0141913 -0.0011664 -12.0569 12.0569 -9.46223e-06
245.404 -0.014191 -0.00116497 -12.0585 12.0584 -7.57058e-06
245.416 -0.0141908 -0.00116362 -12.06 12.06 -5.07145e-06
245.427 -0.01419 -0.00116186 -12.0615 12.0615 -3.07069e-06
245.438 -0.0141892 -0.00116128 -12.0631 12.0631 -6.12456e-07
245.449 -0.014189 -0.00116029 -12.0646 12.0646 2.68941e-06
245.461 -0.0141891 -0.00115932 -12.0662 12.0662 6.72596e-06
245.472 -0.0141888 -0.00115758 -12.0678 12.0678 1.08922e-05
245.483 -0.0141883 -0.00115663 -12.0694 12.0694 1.48292e-05
245.494 -0.0141876 -0.00115533 -12.071 12.071 1.87447e-05
245.506 -0.0141866 -0.00115477 -12.0726 12.0726 2.12811e-05
245.517 -0.0141848 -0.00115406 -12.0742 12.0743 2.50114e-05
245.528 -0.0141845 -0.00115303 -12.0759 12.0759 2.84307e-05
245.539 -0.0141843 -0.00115157 -12.0776 12.0776 3.21904e-05
245.551 -0.0141836 -0.0011501 -12.0792 12.0793 3.62972e-05
245.562 -0.0141838 -0.00114956 -12.0809 12.081 3.96907e-05
245.573 -0.0141831 -0.0011491 -12.0826 12.0827 4.20815e-05
245.584 -0.0141823 -0.00114826 -12.0843 12.0844 4.46759e-05
245.596 -0.0141821 -0.00114705 -12.086 12.086 4.77171e-05
245.607 -0.0141812 -0.00114623 -12.0877 12.0877 5.05966e-05
245.618 -0.0141805 -0.00114591 -12.0894 12.0894 5.42082e-05
245.629 -0.0141804 -0.00114539 -12.0911 12.0911 5.71557e-05
245.64 -0.0141809 -0.00114412 -12.0928 12.0929 5.92884e-05
245.652 -0.0141814 -0.0011426 -12.0945 12.0945 6.1475e-05
245.663 -0.0141816 -0.00114083 -12.0962 12.0962 6.35351e-05
245.674 -0.0141805 -0.00113821 -12.0979 12.098 6.5955e-05
245.685 -0.0141783 -0.00113563 -12.0996 12.0997 6.78663e-05
245.697 -0.0141772 -0.00113315 -12.1013 12.1013 7.04353e-05
245.708 -0.0141761 -0.00113113 -12.103 12.1031 7.28133e-05
245.719 -0.0141752 -0.00112959 -12.1047 12.1048 7.59755e-05
245.73 -0.0141741 -0.00112807 -12.1064 12.1065 7.90169e-05
245.742 -0.0141737 -0.0011258 -12.1081 12.1082 8.14353e-05
245.753 -0.0141728 -0.0011226 -12.1098 12.1099 8.34184e-05
245.764 -0.0141714 -0.00111924 -12.1115 12.1116 8.46207e-05
245.775 -0.0141704 -0.00111655 -12.1132 12.1133 8.68451e-05
245.787 -0.0141689 -0.00111446 -12.1149 12.115 9.0521e-05
245.798 -0.0141669 -0.00111215 -12.1165 12.1166 9.40721e-05
245.809 -0.0141648 -0.00110948 -12.1182 12.1183 9.72157e-05
245.82 -0.0141622 -0.00110735 -12.1199 12.12 9.96618e-05
245.831 -0.0141602 -0.00110527 -12.1216 12.1217 0.00010196
245.843 -0.0141579 -0.00110366 -12.1232 12.1233 0.000104411
245.854 -0.0141552 -0.00110252 -12.1249 12.125 0.000105855
245.865 -0.0141528 -0.00110147 -12.1265 12.1266 0.000107459
245.876 -0.0141507 -0.00109925 -12.1282 12.1283 0.000108599
245.888 -0.0141487 -0.00109725 -12.1297 12.1299 0.000110245
245.899 -0.0141467 -0.00109533 -12.1313 12.1315 0.000111425
245.91 -0.0141457 -0.00109278 -12.1329 12.1331 0.00011311
245.921 -0.014145 -0.00109037 -12.1345 12.1346 0.000114565
245.933 -0.0141437 -0.00108853 -12.1361 12.1362 0.000116723
245.944 -0.0141426 -0.00108523 -12.1376 12.1377 0.000118226
245.955 -0.0141408 -0.00108265 -12.1391 12.1393 0.000120249
245.966 -0.0141391 -0.00108046 -12.1407 12.1408 0.0001218
245.978 -0.0141373 -0.00107794 -12.1422 12.1424 0.000123884
245.989 -0.0141349 -0.00107538 -12.1437 12.1439 0.000125551
246 -0.0141323 -0.00107335 -12.1452 12.1454 0.000128157
246.011 -0.0141305 -0.00107081 -12.1467 12.1469 0.000130201
246.022 -0.0141286 -0.00106867 -12.1482 12.1483 0.000133366
246.034 -0.0141268 -0.00106664 -12.1497 12.1498 0.000136369
246.045 -0.0141241 -0.00106426 -12.1511 12.1513 0.000139082
246.056 -0.0141209 -0.00106108 -12.1525 12.1526 0.000141378
246.067 -0.0141195 -0.00105755 -12.1539 12.1541 0.000142357
246.079 -0.0141164 -0.00105397 -12.1553 12.1555 0.000143363
246.09 -0.0141143 -0.00105051 -12.1566 12.1568 0.00014496
246.101 -0.0141132 -0.00104748 -12.158 12.1581 0.00014634
246.112 -0.0141111 -0.00104544 -12.1593 12.1595 0.00014814
246.124 -0.0141085 -0.00104304 -12.1606 12.1607 0.000150075
246.135 -0.0141058 -0.00104079 -12.1619 12.1621 0.000151653
246.146 -0.0141041 -0.001039 -12.1632 12.1634 0.000152567
246.157 -0.0141021 -0.00103728 -12.1644 12.1646 0.000153504
246.169 -0.0141009 -0.0010343 -12.1657 12.1658 0.00015389
246.18 -0.0140998 -0.00103071 -12.1669 12.167 0.000154047
246.191 -0.0140986 -0.00102748 -12.168 12.1682 0.000154253
246.202 -0.0140974 -0.00102399 -12.1692 12.1694 0.00015421
246.213 -0.0140956 -0.00102071 -12.1703 12.1705 0.000154178
246.225 -0.0140933 -0.0010178 -12.1714 12.1716 0.00015441
246.236 -0.0140906 -0.00101511 -12.1725 12.1727 0.000154358
246.247 -0.0140881 -0.00101241 -12.1736 12.1737 0.000154645
246.258 -0.0140856 -0.00100892 -12.1746 12.1747 0.000155474
246.27 -0.0140831 -0.00100532 -12.1756 12.1758 0.00015587
246.281 -0.0140805 -0.00100158 -12.1766 12.1768 0.000156411
246.292 -0.0140781 -0.000997915 -12.1775 12.1777 0.000158303
246.303 -0.0140752 -0.000994738 -12.1785 12.1787 0.000159625
246.315 -0.0140731 -0.000991611 -12.1794 12.1796 0.000161214
246.326 -0.0140712 -0.000988609 -12.1803 12.1805 0.000162575
246.337 -0.0140687 -0.00098538 -12.1812 12.1814 0.00016401
246.348 -0.0140664 -0.000981727 -12.1821 12.1822 0.000165388
246.36 -0.0140641 -0.000978533 -12.1829 12.1831 0.000168212
246.371 -0.0140614 -0.000975082 -12.1837 12.1839 0.000169466
246.382 -0.0140587 -0.000971836 -12.1846 12.1847 0.000170978
246.393 -0.0140559 -0.000969103 -12.1853 12.1855 0.000172494
246.404 -0.0140536 -0.000966316 -12.1861 12.1862 0.000173453
246.416 -0.0140505 -0.00096284 -12.1868 12.187 0.000174831
246.427 -0.0140478 -0.000960107 -12.1874 12.1876 0.00017619
246.438 -0.0140445 -0.000957229 -12.1881 12.1883 0.000176745
246.449 -0.0140404 -0.000954384 -12.1887 12.1889 0.000176445
246.461 -0.0140373 -0.000952236 -12.1893 12.1895 0.000176729
246.472 -0.0140345 -0.000949037 -12.1898 12.19 0.000176719
246.483 -0.0140321 -0.000946065 -12.1903 12.1905 0.000177311
246.494 -0.0140299 -0.000942368 -12.1908 12.191 0.00017812
246.506 -0.0140268 -0.000938635 -12.1912 12.1914 0.000177906
246.517 -0.0140247 -0.000934254 -12.1916 12.1918 0.000177768
246.528 -0.0140226 -0.000930468 -12.1919 12.1921 0.00017905
246.539 -0.0140207 -0.00092736 -12.1922 12.1924 0.000180299
246.551 -0.0140183 -0.000924408 -12.1925 12.1927 0.000181351
246.562 -0.0140168 -0.000921834 -12.1927 12.1929 0.00018245
246.573 -0.0140152 -0.000918171 -12.1929 12.1931 0.000182991
246.584 -0.0140129 -0.000914268 -12.193 12.1932 0.000184124
246.596 -0.01401 -0.000910624 -12.1931 12.1933 0.00018543
246.607 -0.0140078 -0.000906763 -12.1932 12.1934 0.000188274
246.618 -0.0140052 -0.000902672 -12.1932 12.1934 0.000190744
246.629 -0.0140028 -0.000899796 -12.1932 12.1933 0.000194344
246.64 -0.0140003 -0.000896215 -12.1931 12.1933 0.000196638
246.652 -0.0139983 -0.000892816 -12.193 12.1932 0.00019877
246.663 -0.0139963 -0.000889554 -12.1929 12.1931 0.000200845
246.674 -0.013994 -0.000885917 -12.1927 12.1929 0.000203489
246.685 -0.0139913 -0.000882158 -12.1925 12.1927 0.000204708
246.697 -0.0139894 -0.000878532 -12.1922 12.1924 0.000206425
246.708 -0.0139878 -0.000875372 -12.1919 12.1921 0.000208955
246.719 -0.0139857 -0.000871973 -12.1915 12.1917 0.000211827
246.73 -0.0139839 -0.000869052 -12.1911 12.1913 0.0002155
246.742 -0.0139811 -0.000865837 -12.1906 12.1908 0.000218304
246.753 -0.013979 -0.000862399 -12.1901 12.1903 0.000220041
246.764 -0.0139768 -0.000859647 -12.1895 12.1897 0.000221954
246.775 -0.0139745 -0.000856609 -12.1889 12.1891 0.000223462
246.787 -0.0139736 -0.000852934 -12.1882 12.1884 0.000223627
246.798 -0.0139719 -0.000849717 -12.1875 12.1877 0.000223886
246.809 -0.0139693 -0.000846123 -12.1867 12.1869 0.00022445
246.82 -0.0139669 -0.000842615 -12.1858 12.186 0.000225512
246.831 -0.0139645 -0.000839424 -12.1849 12.1851 0.000226739
246.843 -0.013962 -0.000834939 -12.1839 12.1841 0.000227677
246.854 -0.0139599 -0.000831267 -12.1829 12.1831 0.000228878
246.865 -0.0139584 -0.000827651 -12.1818 12.182 0.000229731
246.876 -0.0139564 -0.000824141 -12.1807 12.1809 0.000230928
246.888 -0.0139543 -0.000821498 -12.1795 12.1798 0.000230936
246.899 -0.0139522 -0.000818418 -12.1783 12.1785 0.000231791
246.91 -0.01395 -0.000815306 -12.1771 12.1773 0.000232129
246.921 -0.0139478 -0.000811854 -12.1758 12.176 0.000232854
246.933 -0.0139463 -0.00080904 -12.1744 12.1747 0.000234279
246.944 -0.0139441 -0.000805547 -12.173 12.1733 0.000235243
246.955 -0.0139428 -0.000801694 -12.1716 12.1719 0.000236769
246.966 -0.0139402 -0.000797651 -12.1702 12.1704 0.000237826
246.978 -0.0139383 -0.000794852 -12.1687 12.1689 0.000238922
246.989 -0.0139367 -0.000792792 -12.1672 12.1674 0.000239316
247 -0.0139351 -0.000790382 -12.1656 12.1658 0.000239807
247.011 -0.0139336 -0.00078812 -12.164 12.1642 0.00023948
247.022 -0.0139319 -0.000784518 -12.1624 12.1626 0.000239523
247.034 -0.0139299 -0.000780812 -12.1607 12.1609 0.00024047
247.045 -0.0139277 -0.000776999 -12.159 12.1592 0.000241254
247.056 -0.0139259 -0.000773661 -12.1573 12.1575 0.000241477
247.067 -0.0139231 -0.000770932 -12.1555 12.1557 0.000242777
247.079 -0.0139193 -0.000768249 -12.1537 12.1539 0.00024318
247.09 -0.0139163 -0.000764973 -12.1519 12.1521 0.000243705
247.101 -0.0139143 -0.000762473 -12.15 12.1503 0.000245257
247.112 -0.0139114 -0.000759259 -12.1482 12.1484 0.000246238
247.124 -0.0139085 -0.000756422 -12.1463 12.1466 0.000247644
247.135 -0.0139056 -0.000753746 -12.1444 12.1447 0.000248584
247.146 -0.0139022 -0.000751029 -12.1425 12.1428 0.000250365
247.157 -0.0138987 -0.000747959 -12.1406 12.1408 0.000251816
247.169 -0.0138964 -0.000745068 -12.1386 12.1389 0.000252874
247.18 -0.0138937 -0.000742574 -12.1366 12.1369 0.000254404
247.191 -0.0138912 -0.000739597 -12.1346 12.1349 0.00025468
247.202 -0.0138882 -0.000735994 -12.1326 12.1328 0.000255539
247.213 -0.0138846 -0.00073338 -12.1305 12.1307 0.000255652
247.225 -0.0138817 -0.000730652 -12.1284 12.1287 0.000255275
247.236 -0.013879 -0.000727547 -12.1263 12.1265 0.000255566
247.247 -0.013877 -0.000724511 -12.1241 12.1244 0.000255812
247.258 -0.0138739 -0.00072115 -12.1219 12.1222 0.000255912
247.27 -0.0138712 -0.000716829 -12.1197 12.1199 0.000256624
247.281 -0.0138689 -0.000713157 -12.1174 12.1177 0.000257151
247.292 -0.0138663 -0.000709704 -12.1152 12.1154 0.000257457
247.303 -0.0138633 -0.000706711 -12.1128 12.1131 0.000257875
247.315 -0.013861 -0.000702995 -12.1105 12.1108 0.000258364
247.326 -0.0138582 -0.000700124 -12.1082 12.1085 0.000258889
247.337 -0.0138558 -0.000697388 -12.1058 12.1061 0.000259952
247.348 -0.0138534 -0.000694869 -12.1034 12.1037 0.000259978
247.36 -0.0138513 -0.000692356 -12.101 12.1012 0.00025993
247.371 -0.0138498 -0.000689484 -12.0985 12.0988 0.000258917
247.382 -0.0138484 -0.000686743 -12.096 12.0962 0.000258298
247.393 -0.0138468 -0.000683116 -12.0935 12.0938 0.000257783
247.404 -0.013845 -0.000679374 -12.0909 12.0912 0.000258275
247.416 -0.0138436 -0.000675513 -12.0884 12.0886 0.000257826
247.427 -0.0138426 -0.000672694 -12.0858 12.086 0.000256854
247.438 -0.0138405 -0.000669535 -12.0831 12.0834 0.00025729
247.449 -0.0138383 -0.00066647 -12.0805 12.0807 0.000257263
247.461 -0.0138356 -0.000662867 -12.0779 12.0781 0.000257285
247.472 -0.0138332 -0.000659012 -12.0752 12.0754 0.000258368
247.483 -0.0138306 -0.00065611 -12.0725 12.0727 0.000258336
247.494 -0.0138282 -0.000652775 -12.0698 12.07 0.000257884
247.506 -0.0138253 -0.000649445 -12.067 12.0673 0.000258311
247.517 -0.0138223 -0.000645384 -12.0642 12.0645 0.000258132
247.528 -0.0138203 -0.000641021 -12.0615 12.0618 0.000258118
247.539 -0.013818 -0.000636339 -12.0587 12.059 0.000258611
247.551 -0.0138165 -0.000631912 -12.0559 12.0562 0.000258345
247.562 -0.013815 -0.00062745 -12.0531 12.0534 0.000259164
247.573 -0.0138133 -0.000623127 -12.0503 12.0506 0.00026008
247.584 -0.0138111 -0.000618629 -12.0475 12.0478 0.000260816
247.596 -0.0138089 -0.00061483 -12.0447 12.045 0.000261309
247.607 -0.0138072 -0.000610679 -12.0419 12.0421 0.000262883
247.618 -0.0138052 -0.000606792 -12.0391 12.0393 0.000263832
247.629 -0.0138032 -0.000603026 -12.0362 12.0365 0.000264551
247.64 -0.0138012 -0.000599 -12.0334 12.0337 0.00026543
247.652 -0.0137993 -0.000594904 -12.0306 12.0309 0.000266344
247.663 -0.0137969 -0.000591262 -12.0278 12.0281 0.000266705
247.674 -0.0137948 -0.000588025 -12.025 12.0252 0.000267544
247.685 -0.0137931 -0.000585212 -12.0221 12.0224 0.000269055
247.697 -0.0137909 -0.000582462 -12.0192 12.0195 0.000270198
247.708 -0.0137877 -0.00058021 -12.0164 12.0166 0.000271246
247.719 -0.0137853 -0.000577386 -12.0135 12.0137 0.000272598
247.73 -0.0137825 -0.000574876 -12.0106 12.0109 0.000273701
247.742 -0.0137798 -0.000572799 -12.0077 12.008 0.000274429
247.753 -0.0137766 -0.000570208 -12.0049 12.0051 0.000275151
247.764 -0.0137738 -0.000567246 -12.002 12.0023 0.000276394
247.775 -0.0137706 -0.000564327 -11.9991 11.9994 0.000277683
247.787 -0.0137676 -0.000560726 -11.9962 11.9964 0.000279373
247.798 -0.0137655 -0.000558406 -11.9933 11.9936 0.000280262
247.809 -0.0137625 -0.000555277 -11.9903 11.9906 0.000281519
247.82 -0.0137601 -0.000551612 -11.9874 11.9877 0.000281448
247.831 -0.0137562 -0.000546474 -11.9845 11.9848 0.000282353
247.843 -0.0137527 -0.000541758 -11.9815 11.9818 0.000284001
247.854 -0.0137488 -0.000536976 -11.9786 11.9789 0.000285314
247.865 -0.0137451 -0.000531499 -11.9757 11.976 0.000287402
247.876 -0.0137417 -0.000526787 -11.9728 11.973 0.000289354
247.888 -0.0137392 -0.000521613 -11.9698 11.9701 0.000290612
247.899 -0.013736 -0.000516697 -11.9669 11.9672 0.000291628
247.91 -0.0137332 -0.000511384 -11.964 11.9643 0.000293204
247.921 -0.0137306 -0.000505749 -11.961 11.9613 0.000294556
247.933 -0.0137271 -0.000501063 -11.9581 11.9584 0.000296078
247.944 -0.0137249 -0.000496462 -11.9551 11.9554 0.000298124
247.955 -0.0137221 -0.000491854 -11.9522 11.9525 0.000300109
247.966 -0.0137193 -0.000488064 -11.9493 11.9496 0.000302246
247.978 -0.0137161 -0.000483537 -11.9463 11.9467 0.000305685
247.989 -0.0137136 -0.000478942 -11.9434 11.9437 0.000307381
248 -0.0137109 -0.000473885 -11.9405 11.9408 0.00030853
248.011 -0.013709 -0.000469478 -11.9375 11.9378 0.000310824
248.022 -0.0137067 -0.000464072 -11.9346 11.9349 0.000313451
248.034 -0.0137042 -0.000458656 -11.9316 11.9319 0.000314508
248.045 -0.0137008 -0.000453001 -11.9287 11.929 0.000316309
248.056 -0.0136986 -0.000447462 -11.9257 11.9261 0.000318281
248.067 -0.0136962 -0.00044206 -11.9228 11.9231 0.000319013
248.079 -0.013694 -0.000436863 -11.9199 11.9202 0.000319631
248.09 -0.0136917 -0.000431916 -11.917 11.9173 0.000320377
248.101 -0.0136894 -0.000426078 -11.9141 11.9144 0.00032162
248.112 -0.0136872 -0.000419911 -11.9111 11.9114 0.000323187
248.124 -0.0136854 -0.00041448 -11.9082 11.9085 0.000324258
248.135 -0.0136838 -0.000410346 -11.9052 11.9056 0.000324139
248.146 -0.013683 -0.000404968 -11.9023 11.9026 0.000325171
248.157 -0.0136823 -0.00040019 -11.8994 11.8997 0.000326261
248.169 -0.0136815 -0.000395578 -11.8965 11.8968 0.000326276
248.18 -0.0136809 -0.000391718 -11.8935 11.8938 0.000326516
248.191 -0.01368 -0.000387364 -11.8906 11.8909 0.000327168
248.202 -0.0136793 -0.000382344 -11.8876 11.888 0.000327826
248.213 -0.0136775 -0.000376765 -11.8847 11.885 0.000328901
248.225 -0.0136769 -0.000371456 -11.8817 11.8821 0.000329894
248.236 -0.0136755 -0.000366924 -11.8788 11.8791 0.000330302
248.247 -0.0136735 -0.000362694 -11.8759 11.8762 0.000331924
248.258 -0.0136715 -0.000358678 -11.8729 11.8733 0.000332445
248.27 -0.0136701 -0.000355194 -11.87 11.8703 0.000332768
248.281 -0.0136683 -0.000351613 -11.867 11.8674 0.000334844
248.292 -0.0136671 -0.000348429 -11.8641 11.8645 0.000335992
248.303 -0.0136656 -0.000344317 -11.8612 11.8615 0.000336834
248.315 -0.013664 -0.000340709 -11.8583 11.8586 0.000338248
248.326 -0.013662 -0.000336634 -11.8554 11.8558 0.000339711
248.337 -0.0136598 -0.000332357 -11.8525 11.8529 0.000341258
248.348 -0.0136566 -0.000327959 -11.8497 11.85 0.000343818
248.36 -0.013654 -0.000323448 -11.8468 11.8471 0.000346094
248.371 -0.0136508 -0.000318795 -11.8439 11.8443 0.000346599
248.382 -0.0136481 -0.000313299 -11.841 11.8414 0.000346824
248.393 -0.0136456 -0.000308528 -11.8382 11.8385 0.000348071
248.404 -0.0136429 -0.000303619 -11.8354 11.8357 0.000350305
248.416 -0.0136399 -0.000298212 -11.8325 11.8329 0.000352482
248.427 -0.0136376 -0.000292937 -11.8297 11.8301 0.000353495
248.438 -0.0136352 -0.000287773 -11.8269 11.8273 0.00035431
248.449 -0.0136334 -0.000281293 -11.8241 11.8244 0.000355156
248.461 -0.0136318 -0.000275908 -11.8213 11.8217 0.000356392
248.472 -0.01363 -0.000270206 -11.8185 11.8189 0.000358151
248.483 -0.0136286 -0.000264339 -11.8157 11.8161 0.000360514
248.494 -0.0136273 -0.000257964 -11.813 11.8133 0.000362962
248.506 -0.0136262 -0.000252747 -11.8103 11.8106 0.00036487
248.517 -0.0136251 -0.000247189 -11.8075 11.8079 0.000367289
248.528 -0.0136236 -0.000242075 -11.8048 11.8052 0.000370159
248.539 -0.0136222 -0.000237216 -11.8021 11.8025 0.000371736
248.551 -0.0136201 -0.000232278 -11.7995 11.7998 0.000374211
248.562 -0.0136177 -0.000226604 -11.7968 11.7972 0.000376439
248.573 -0.0136151 -0.00022071 -11.7942 11.7946 0.000378968
248.584 -0.0136124 -0.000214988 -11.7915 11.7919 0.000381693
248.596 -0.013609 -0.000210093 -11.7889 11.7893 0.000383227
248.607 -0.013605 -0.000205521 -11.7863 11.7867 0.000384761
248.618 -0.0136016 -0.000200683 -11.7837 11.7841 0.000386344
248.629 -0.0135986 -0.000196216 -11.781 11.7814 0.000388507
248.64 -0.0135952 -0.000191993 -11.7785 11.7789 0.000390705
248.652 -0.0135915 -0.000187123 -11.7759 11.7763 0.000393279
248.663 -0.0135881 -0.000182572 -11.7733 11.7737 0.000395801
248.674 -0.0135853 -0.000178517 -11.7707 11.7711 0.000397779
248.685 -0.0135834 -0.000173404 -11.7681 11.7685 0.000400448
248.697 -0.0135813 -0.000168615 -11.7655 11.7659 0.000402905
248.708 -0.0135803 -0.000164881 -11.763 11.7634 0.000404549
248.719 -0.0135788 -0.000160725 -11.7604 11.7608 0.000407028
248.73 -0.0135777 -0.00015653 -11.7579 11.7583 0.000409383
248.742 -0.0135765 -0.000151834 -11.7553 11.7557 0.000412004
248.753 -0.0135747 -0.000147248 -11.7528 11.7532 0.000413467
248.764 -0.0135732 -0.000142364 -11.7502 11.7506 0.000414253
248.775 -0.0135725 -0.000138678 -11.7477 11.7481 0.000415646
248.787 -0.0135719 -0.000133962 -11.7451 11.7455 0.000418043
248.798 -0.0135718 -0.000129168 -11.7426 11.743 0.000421199
248.809 -0.0135707 -0.000123773 -11.7401 11.7405 0.000424198
248.82 -0.0135696 -0.000118118 -11.7375 11.738 0.000427273
248.831 -0.0135675 -0.000113745 -11.735 11.7355 0.000430337
248.843 -0.0135639 -0.00010834 -11.7325 11.733 0.000433415
248.854 -0.0135608 -0.000103501 -11.73 11.7305 0.000435414
248.865 -0.0135584 -9.82435e-05 -11.7275 11.7279 0.000437658
248.876 -0.0135565 -9.18975e-05 -11.725 11.7254 0.000439018
248.888 -0.0135552 -8.51068e-05 -11.7225 11.7229 0.000440585
248.899 -0.0135537 -7.91637e-05 -11.72 11.7204 0.000442157
248.91 -0.013552 -7.26918e-05 -11.7175 11.7179 0.000443684
248.921 -0.0135497 -6.63742e-05 -11.715 11.7155 0.000445109
248.933 -0.0135459 -6.05794e-05 -11.7125 11.713 0.000447019
248.944 -0.0135436 -5.45268e-05 -11.7101 11.7105 0.000448924
248.955 -0.0135415 -4.85384e-05 -11.7076 11.7081 0.000451697
248.966 -0.0135384 -4.23684e-05 -11.7052 11.7057 0.000453652
248.978 -0.0135359 -3.65257e-05 -11.7028 11.7033 0.000454281
248.989 -0.0135334 -3.06999e-05 -11.7004 11.7009 0.00045535
249 -0.0135314 -2.60643e-05 -11.698 11.6985 0.000457216
249.011 -0.0135303 -2.02851e-05 -11.6957 11.6961 0.000458501
249.022 -0.0135295 -1.51955e-05 -11.6933 11.6938 0.000460281
249.034 -0.0135284 -1.04868e-05 -11.6909 11.6914 0.000461998
249.045 -0.0135275 -5.59757e-06 -11.6886 11.6891 0.000463582
249.056 -0.0135271 -1.78851e-06 -11.6862 11.6867 0.000466157
249.067 -0.0135262 2.23572e-06 -11.6838 11.6843 0.000468816
249.079 -0.0135247 6.88882e-06 -11.6815 11.682 0.000470516
249.09 -0.0135233 1.18865e-05 -11.6792 11.6796 0.000471695
249.101 -0.0135229 1.70925e-05 -11.6769 11.6773 0.00047237
249.112 -0.0135225 2.28445e-05 -11.6746 11.675 0.000472979
249.124 -0.0135214 2.86895e-05 -11.6723 11.6727 0.000473673
249.135 -0.0135198 3.40179e-05 -11.67 11.6704 0.00047442
249.146 -0.0135182 4.01377e-05 -11.6677 11.6682 0.00047476
249.157 -0.0135174 4.60447e-05 -11.6654 11.6659 0.000475842
249.169 -0.0135167 5.21205e-05 -11.6631 11.6636 0.000475203
249.18 -0.0135165 5.73618e-05 -11.6609 11.6614 0.000475175
249.191 -0.0135165 6.29842e-05 -11.6587 11.6591 0.000475342
249.202 -0.0135167 6.83506e-05 -11.6564 11.6569 0.000474799
249.213 -0.0135173 7.35123e-05 -11.6543 11.6547 0.000474981
249.225 -0.0135173 7.86531e-05 -11.6521 11.6525 0.000475609
249.236 -0.0135175 8.40409e-05 -11.6499 11.6504 0.000476429
249.247 -0.0135179 8.97131e-05 -11.6478 11.6482 0.000476922
249.258 -0.013517 9.49963e-05 -11.6456 11.6461 0.000477413
249.27 -0.0135159 9.98105e-05 -11.6435 11.644 0.00047795
249.281 -0.0135151 0.000104989 -11.6415 11.642 0.000477639
249.292 -0.0135145 0.000109571 -11.6394 11.6399 0.000478178
249.303 -0.0135143 0.000114639 -11.6374 11.6378 0.000478332
249.315 -0.0135139 0.000119964 -11.6354 11.6358 0.000479267
249.326 -0.0135128 0.000123998 -11.6334 11.6338 0.000480047
249.337 -0.013512 0.000127523 -11.6314 11.6318 0.000481152
249.348 -0.0135115 0.000132216 -11.6294 11.6299 0.000482157
249.36 -0.0135111 0.000137641 -11.6275 11.628 0.000483954
249.371 -0.0135105 0.000142666 -11.6256 11.6261 0.000484881
249.382 -0.0135096 0.000147028 -11.6237 11.6242 0.000485381
249.393 -0.0135091 0.000151685 -11.6219 11.6223 0.000486449
249.404 -0.0135091 0.00015644 -11.62 11.6205 0.000487739
249.416 -0.0135085 0.000161208 -11.6183 11.6188 0.000488635
249.427 -0.0135082 0.000166339 -11.6165 11.617 0.000489897
249.438 -0.013508 0.000170969 -11.6148 11.6153 0.000490618
249.449 -0.013507 0.000175711 -11.6131 11.6136 0.000491595
249.461 -0.0135062 0.000180184 -11.6114 11.6119 0.00049237
249.472 -0.0135063 0.000185382 -11.6097 11.6102 0.000493696
249.483 -0.0135062 0.000190917 -11.6081 11.6086 0.000493575
249.494 -0.0135051 0.000195984 -11.6065 11.607 0.000494148
249.506 -0.0135047 0.000202117 -11.6049 11.6054 0.000494425
249.517 -0.0135036 0.000209171 -11.6034 11.6039 0.000493948
249.528 -0.0135035 0.000215308 -11.6018 11.6023 0.000493272
249.539 -0.013503 0.000220628 -11.6003 11.6008 0.000493816
249.551 -0.0135022 0.000226056 -11.5989 11.5994 0.000494863
249.562 -0.0135015 0.000231906 -11.5974 11.5979 0.000496074
249.573 -0.0135011 0.000237595 -11.596 11.5965 0.000496551
249.584 -0.0135012 0.000244227 -11.5946 11.5951 0.000496883
249.596 -0.0135017 0.000249911 -11.5932 11.5937 0.000498632
249.607 -0.0135016 0.000256127 -11.5918 11.5923 0.00049903
249.618 -0.0135015 0.000261763 -11.5905 11.591 0.000499019
249.629 -0.0135017 0.000268091 -11.5892 11.5897 0.000499823
249.64 -0.0135023 0.000274438 -11.5879 11.5884 0.000501561
249.652 -0.0135019 0.000280459 -11.5867 11.5872 0.000503291
249.663 -0.0135012 0.000286551 -11.5854 11.5859 0.000504679
249.674 -0.0135011 0.000292577 -11.5842 11.5847 0.000505967
249.685 -0.0135015 0.000297577 -11.583 11.5835 0.000507718
249.697 -0.0135015 0.000303462 -11.5818 11.5823 0.000509844
249.708 -0.0135016 0.000309762 -11.5807 11.5812 0.000512065
249.719 -0.0135016 0.000316007 -11.5796 11.5801 0.000513668
249.73 -0.0135018 0.000321701 -11.5785 11.579 0.000514564
249.742 -0.0135016 0.000326783 -11.5774 11.5779 0.000515916
249.753 -0.0135031 0.000330972 -11.5764 11.5769 0.000517686
249.764 -0.0135035 0.000335694 -11.5754 11.576 0.000519594
249.775 -0.0135041 0.000340491 -11.5745 11.575 0.000520497
249.787 -0.0135037 0.000344194 -11.5736 11.5741 0.000520032
249.798 -0.0135028 0.000348846 -11.5726 11.5731 0.000520616
249.809 -0.0135034 0.000353988 -11.5717 11.5723 0.000520716
249.82 -0.0135039 0.000359498 -11.5709 11.5714 0.000520416
249.831 -0.0135037 0.000365143 -11.57 11.5705 0.000520572
249.843 -0.0135037 0.000370029 -11.5692 11.5697 0.000519858
249.854 -0.0135038 0.000375814 -11.5684 11.5689 0.000519014
249.865 -0.0135044 0.000381537 -11.5676 11.5681 0.000518698
249.876 -0.0135056 0.000385983 -11.5668 11.5674 0.000517776
249.888 -0.0135064 0.000390852 -11.5661 11.5666 0.000516339
249.899 -0.0135072 0.000395086 -11.5653 11.5659 0.000515087
249.91 -0.0135077 0.000400185 -11.5646 11.5651 0.000514744
249.921 -0.0135081 0.000405632 -11.5639 11.5644 0.000513915
249.933 -0.0135088 0.00041117 -11.5632 11.5637 0.000513965
249.944 -0.0135088 0.000416714 -11.5625 11.563 0.000514116
249.955 -0.0135085 0.000422546 -11.5619 11.5624 0.000514429
249.966 -0.0135083 0.000428109 -11.5612 11.5617 0.0005143
249.978 -0.0135089 0.000433601 -11.5606 11.5611 0.000514017
249.989 -0.0135096 0.000439441 -11.56 11.5605 0.000513737
250 -0.01351 0.000445685 -11.5594 11.5599 0.000513639
250.011 -0.0135107 0.000452387 -11.5589 11.5594 0.000514036
250.022 -0.0135119 0.00045895 -11.5583 11.5588 0.000514158
250.034 -0.0135134 0.000464782 -11.5578 11.5583 0.000515204
250.045 -0.013515 0.000471279 -11.5573 11.5578 0.000516475
250.056 -0.013516 0.000477668 -11.5568 11.5573 0.000516845
250.067 -0.0135163 0.00048275 -11.5562 11.5568 0.000517548
250.079 -0.0135169 0.000487624 -11.5557 11.5563 0.000516297
250.09 -0.0135172 0.000492395 -11.5552 11.5557 0.000514691
250.101 -0.0135181 0.000497364 -11.5547 11.5552 0.000514261
250.112 -0.013519 0.000502426 -11.5542 11.5547 0.000513132
250.124 -0.0135195 0.00050755 -11.5537 11.5542 0.000512776
250.135 -0.0135194 0.000513022 -11.5532 11.5537 0.000512552
250.146 -0.0135197 0.000518599 -11.5527 11.5532 0.000513004
250.157 -0.0135201 0.000523953 -11.5523 11.5528 0.00051183
250.169 -0.0135204 0.000530069 -11.5518 11.5523 0.000512687
250.18 -0.0135208 0.000535913 -11.5513 11.5518 0.000512724
250.191 -0.0135204 0.00054132 -11.5509 11.5514 0.000512629
250.202 -0.0135205 0.000547601 -11.5505 11.551 0.000513004
250.213 -0.0135206 0.000553183 -11.5501 11.5506 0.000512662
250.225 -0.0135201 0.000558612 -11.5497 11.5502 0.000512343
250.236 -0.0135219 0.000564494 -11.5493 11.5498 0.000512712
250.247 -0.0135235 0.000570084 -11.5489 11.5494 0.000513047
250.258 -0.0135241 0.000575533 -11.5485 11.549 0.000511883
250.27 -0.013525 0.000580909 -11.5481 11.5486 0.000510819
250.281 -0.0135258 0.000586012 -11.5477 11.5482 0.000509727
250.292 -0.0135269 0.000590593 -11.5473 11.5478 0.000509535
250.303 -0.013529 0.00059568 -11.5468 11.5473 0.000509656
250.315 -0.0135317 0.000601404 -11.5464 11.5469 0.000509984
250.326 -0.0135334 0.000606734 -11.546 11.5465 0.000508648
250.337 -0.013535 0.000611892 -11.5456 11.5461 0.000507965
250.348 -0.0135354 0.000616725 -11.5451 11.5456 0.000507527
250.36 -0.0135359 0.000621683 -11.5447 11.5452 0.000506798
250.371 -0.0135363 0.000626004 -11.5443 11.5448 0.000506375
250.382 -0.0135371 0.000631417 -11.5438 11.5443 0.000507226
250.393 -0.0135374 0.000637195 -11.5434 11.5439 0.000508041
250.404 -0.0135381 0.000642671 -11.5429 11.5434 0.000508564
250.416 -0.0135388 0.000647772 -11.5424 11.5429 0.00050816
250.427 -0.0135401 0.000652744 -11.542 11.5425 0.000508601
250.438 -0.0135407 0.000658594 -11.5415 11.542 0.000508652
250.449 -0.0135417 0.000664654 -11.541 11.5416 0.000510102
250.461 -0.0135434 0.000669882 -11.5406 11.5411 0.000511045
250.472 -0.0135447 0.000675043 -11.5402 11.5407 0.000512769
250.483 -0.0135459 0.000679449 -11.5397 11.5402 0.000513114
250.494 -0.0135469 0.000684241 -11.5392 11.5398 0.000513267
250.506 -0.013547 0.000688625 -11.5388 11.5393 0.00051307
250.517 -0.0135478 0.000694985 -11.5383 11.5388 0.00051347
250.528 -0.013549 0.000701204 -11.5377 11.5382 0.000513436
250.539 -0.0135498 0.000707405 -11.5372 11.5377 0.000514495
250.551 -0.0135501 0.00071272 -11.5367 11.5372 0.000516034
250.562 -0.0135516 0.000717544 -11.5361 11.5367 0.000516398
250.573 -0.0135526 0.000722119 -11.5356 11.5361 0.000516254
250.584 -0.0135541 0.000728168 -11.535 11.5356 0.00051655
250.596 -0.0135556 0.000734567 -11.5345 11.535 0.00051613
250.607 -0.0135554 0.00073982 -11.5339 11.5344 0.000514565
250.618 -0.0135553 0.000744419 -11.5333 11.5338 0.000513305
250.629 -0.013555 0.000749501 -11.5327 11.5332 0.000512598
250.64 -0.0135555 0.000755809 -11.532 11.5325 0.000513465
250.652 -0.0135569 0.000761917 -11.5314 11.5319 0.000514279
250.663 -0.013558 0.000768068 -11.5308 11.5313 0.000514641
250.674 -0.0135585 0.000772913 -11.5301 11.5306 0.000513787
250.685 -0.0135595 0.000778543 -11.5294 11.5299 0.000512981
250.697 -0.0135599 0.000784208 -11.5286 11.5292 0.000512824
250.708 -0.0135604 0.000789512 -11.5279 11.5284 0.000513574
250.719 -0.0135611 0.000795528 -11.527 11.5276 0.000514657
250.73 -0.0135619 0.000801683 -11.5262 11.5267 0.000515631
250.742 -0.0135628 0.000806445 -11.5253 11.5259 0.000516071
250.753 -0.0135639 0.000810698 -11.5244 11.525 0.000516254
250.764 -0.0135655 0.000815894 -11.5235 11.524 0.000516069
250.775 -0.0135668 0.00082062 -11.5225 11.523 0.000515497
250.787 -0.0135677 0.000826388 -11.5215 11.522 0.00051531
250.798 -0.0135691 0.000830981 -11.5205 11.521 0.000514982
250.809 -0.0135699 0.000836815 -11.5194 11.5199 0.000515804
250.82 -0.0135704 0.00084161 -11.5183 11.5188 0.00051673
250.831 -0.0135709 0.000847806 -11.5172 11.5178 0.000518313
250.843 -0.0135715 0.000854334 -11.5161 11.5166 0.00052106
250.854 -0.0135733 0.000861012 -11.515 11.5155 0.000523813
250.865 -0.0135747 0.000866108 -11.5139 11.5144 0.000525499
250.876 -0.0135757 0.000871597 -11.5128 11.5133 0.000527021
250.888 -0.013577 0.000876092 -11.5117 11.5122 0.000528504
250.899 -0.013578 0.000881484 -11.5105 11.5111 0.000529617
250.91 -0.0135784 0.000886921 -11.5094 11.5099 0.000530568
250.921 -0.0135794 0.000892817 -11.5081 11.5086 0.000531298
250.933 -0.0135815 0.000898064 -11.5068 11.5074 0.000531272
250.944 -0.0135835 0.000903398 -11.5055 11.506 0.000532337
250.955 -0.0135855 0.000908337 -11.5041 11.5047 0.000533606
250.966 -0.0135872 0.000913558 -11.5027 11.5033 0.000534474
250.978 -0.0135903 0.000918657 -11.5013 11.5018 0.000535787
250.989 -0.0135931 0.000924136 -11.4998 11.5004 0.000537653
251 -0.0135951 0.000929849 -11.4984 11.4989 0.000538034
251.011 -0.0135974 0.000935398 -11.4969 11.4974 0.000539554
251.022 -0.0135996 0.000939952 -11.4954 11.4959 0.000539674
251.034 -0.0136014 0.00094515 -11.4938 11.4943 0.000540067
251.045 -0.0136033 0.000950531 -11.4922 11.4928 0.000541596
251.056 -0.013606 0.000956225 -11.4906 11.4912 0.000543583
251.067 -0.0136092 0.000961848 -11.4891 11.4896 0.00054585
251.079 -0.0136098 0.000966827 -11.4875 11.4881 0.000547109
251.09 -0.0136111 0.000972154 -11.4859 11.4864 0.000547934
251.101 -0.0136123 0.000977561 -11.4842 11.4847 0.000548308
251.112 -0.0136138 0.000983338 -11.4824 11.483 0.000549488
251.124 -0.013616 0.000989788 -11.4807 11.4812 0.000550855
251.135 -0.0136175 0.000996105 -11.4789 11.4795 0.000551292
251.146 -0.0136181 0.00100224 -11.4771 11.4776 0.000550301
251.157 -0.0136191 0.00100784 -11.4752 11.4758 0.000548665
251.169 -0.0136198 0.00101299 -11.4733 11.4739 0.000546604
251.18 -0.0136209 0.00101733 -11.4713 11.4719 0.000545949
251.191 -0.0136229 0.00102315 -11.4693 11.4699 0.000545692
251.202 -0.0136257 0.00102886 -11.4673 11.4679 0.000545999
251.213 -0.013629 0.00103386 -11.4653 11.4659 0.00054767
251.225 -0.0136322 0.00103935 -11.4633 11.4638 0.000549057
251.236 -0.0136351 0.00104373 -11.4613 11.4618 0.000550002
251.247 -0.0136371 0.00104858 -11.4592 11.4598 0.000551108
251.258 -0.0136393 0.00105257 -11.4571 11.4577 0.000552619
251.27 -0.0136409 0.001057 -11.455 11.4556 0.000554708
251.281 -0.0136425 0.00106173 -11.4529 11.4535 0.000555468
251.292 -0.0136445 0.0010667 -11.4508 11.4513 0.000556726
251.303 -0.0136461 0.00107172 -11.4486 11.4492 0.000556783
251.315 -0.0136485 0.00107611 -11.4464 11.447 0.000556967
251.326 -0.0136502 0.00108138 -11.4441 11.4447 0.000557863
251.337 -0.0136519 0.00108747 -11.4419 11.4424 0.000558202
251.348 -0.0136529 0.00109282 -11.4396 11.4402 0.000559947
251.36 -0.0136549 0.00109828 -11.4373 11.4379 0.000561298
251.371 -0.0136573 0.00110324 -11.435 11.4356 0.000562247
251.382 -0.0136582 0.00110891 -11.4327 11.4333 0.000562955
251.393 -0.01366 0.00111411 -11.4303 11.4309 0.000564106
251.404 -0.0136612 0.00112038 -11.428 11.4286 0.000566154
251.416 -0.0136633 0.00112657 -11.4256 11.4262 0.000567523
251.427 -0.0136656 0.00113213 -11.4232 11.4238 0.000569011
251.438 -0.0136677 0.00113765 -11.4209 11.4214 0.00057029
251.449 -0.0136696 0.00114344 -11.4185 11.419 0.000572375
251.461 -0.0136718 0.00114926 -11.416 11.4166 0.000573769
251.472 -0.0136735 0.00115532 -11.4136 11.4142 0.000573342
251.483 -0.013677 0.0011596 -11.4112 11.4118 0.000573802
251.494 -0.0136798 0.00116471 -11.4088 11.4093 0.000575296
251.506 -0.0136828 0.00116913 -11.4063 11.4069 0.000576995
251.517 -0.0136855 0.00117445 -11.4039 11.4045 0.000578532
251.528 -0.0136875 0.00117999 -11.4014 11.402 0.000579468
251.539 -0.0136896 0.00118557 -11.399 11.3996 0.000580332
251.551 -0.0136917 0.00119009 -11.3965 11.3971 0.000579923
251.562 -0.0136946 0.00119386 -11.3941 11.3946 0.000579184
251.573 -0.0136974 0.00119857 -11.3916 11.3922 0.000578501
251.584 -0.0137004 0.00120327 -11.3891 11.3897 0.000578243
251.596 -0.0137043 0.00120852 -11.3866 11.3872 0.000577503
251.607 -0.0137084 0.00121358 -11.3841 11.3847 0.000578274
251.618 -0.0137118 0.00121836 -11.3816 11.3822 0.000579872
251.629 -0.0137144 0.00122259 -11.3791 11.3797 0.000579991
251.64 -0.013717 0.00122704 -11.3767 11.3773 0.000579176
251.652 -0.01372 0.00123078 -11.3742 11.3748 0.000579883
251.663 -0.013723 0.00123437 -11.3717 11.3723 0.000580453
251.674 -0.0137255 0.00123895 -11.3693 11.3699 0.000581116
251.685 -0.0137282 0.00124308 -11.3669 11.3675 0.000582263
251.697 -0.0137311 0.00124727 -11.3645 11.3651 0.000583836
251.708 -0.0137335 0.00125125 -11.3621 11.3627 0.000585329
251.719 -0.0137346 0.00125598 -11.3598 11.3604 0.000584872
251.73 -0.0137359 0.00126004 -11.3575 11.358 0.000584099
251.742 -0.0137367 0.00126452 -11.3551 11.3557 0.000582486
251.753 -0.0137385 0.00126833 -11.3528 11.3534 0.000581197
251.764 -0.0137406 0.00127358 -11.3504 11.351 0.000580869
251.775 -0.0137428 0.00127817 -11.3481 11.3487 0.00058226
251.787 -0.0137456 0.00128331 -11.3458 11.3464 0.000583589
251.798 -0.013749 0.00128843 -11.3435 11.3441 0.000585626
251.809 -0.0137515 0.00129361 -11.3413 11.3419 0.00058653
251.82 -0.013755 0.00129838 -11.3392 11.3397 0.000588573
251.831 -0.0137579 0.00130304 -11.337 11.3376 0.000589907
251.843 -0.0137611 0.0013073 -11.335 11.3356 0.000591798
251.854 -0.0137644 0.00131115 -11.3329 11.3335 0.000593366
251.865 -0.013768 0.00131589 -11.3309 11.3315 0.000594466
251.876 -0.0137714 0.00132093 -11.329 11.3296 0.000595307
251.888 -0.0137752 0.00132567 -11.3271 11.3277 0.000596442
251.899 -0.0137781 0.00133073 -11.3252 11.3258 0.00059583
251.91 -0.0137805 0.00133602 -11.3234 11.324 0.000594731
251.921 -0.0137826 0.00134218 -11.3215 11.3221 0.000594974
251.933 -0.0137854 0.00134827 -11.3196 11.3202 0.000595767
251.944 -0.0137893 0.00135324 -11.3178 11.3184 0.000596559
251.955 -0.0137934 0.00135762 -11.316 11.3166 0.000599014
251.966 -0.013797 0.00136166 -11.3142 11.3148 0.000601313
251.978 -0.013801 0.00136578 -11.3125 11.3131 0.000602236
251.989 -0.0138046 0.0013693 -11.3109 11.3115 0.000603753
252 -0.013807 0.00137398 -11.3093 11.3099 0.000603882
252.011 -0.0138094 0.00137825 -11.3077 11.3084 0.000604734
252.022 -0.0138116 0.00138305 -11.3062 11.3068 0.000605116
252.034 -0.0138138 0.00138807 -11.3048 11.3054 0.000606251
252.045 -0.0138157 0.00139283 -11.3034 11.304 0.000607567
252.056 -0.0138178 0.00139732 -11.302 11.3027 0.00060882
252.067 -0.0138208 0.00140195 -11.3007 11.3013 0.000609723
252.079 -0.0138241 0.00140671 -11.2995 11.3001 0.000610691
252.09 -0.0138291 0.00141178 -11.2982 11.2988 0.000613963
252.101 -0.013833 0.0014164 -11.2971 11.2977 0.000617221
252.112 -0.0138361 0.00142054 -11.296 11.2966 0.000619022
252.124 -0.0138387 0.00142586 -11.295 11.2956 0.000620365
252.135 -0.0138422 0.00143154 -11.294 11.2946 0.000621257
252.146 -0.0138458 0.00143636 -11.2931 11.2937 0.000622217
252.157 -0.013849 0.00144115 -11.2922 11.2929 0.000623628
252.169 -0.0138524 0.00144458 -11.2914 11.2921 0.000624933
252.18 -0.0138548 0.00144801 -11.2907 11.2913 0.000624886
252.191 -0.013858 0.00145152 -11.29 11.2906 0.000625694
252.202 -0.0138614 0.00145505 -11.2894 11.29 0.00062766
252.213 -0.0138644 0.00145922 -11.2888 11.2895 0.00062896
252.225 -0.013868 0.00146247 -11.2884 11.289 0.000630848
252.236 -0.0138719 0.00146643 -11.288 11.2886 0.00063333
252.247 -0.0138763 0.00147064 -11.2877 11.2883 0.00063563
252.258 -0.0138801 0.00147397 -11.2874 11.2881 0.000637096
252.27 -0.0138842 0.00147785 -11.2873 11.2879 0.000637207
252.281 -0.0138886 0.00148181 -11.2872 11.2878 0.00063749
252.292 -0.0138911 0.00148548 -11.2871 11.2877 0.000637735
252.303 -0.0138942 0.00148915 -11.287 11.2877 0.00063802
252.315 -0.0138976 0.00149255 -11.287 11.2877 0.000638408
252.326 -0.0139018 0.00149653 -11.2871 11.2877 0.000639655
252.337 -0.0139059 0.00150115 -11.2872 11.2878 0.000641483
252.348 -0.0139105 0.00150524 -11.2873 11.288 0.000643255
252.36 -0.0139146 0.00151032 -11.2876 11.2882 0.000645399
252.371 -0.0139185 0.00151488 -11.2879 11.2885 0.000647627
252.382 -0.0139204 0.00152069 -11.2882 11.2889 0.000648313
252.393 -0.0139224 0.00152669 -11.2886 11.2893 0.000649642
252.404 -0.0139253 0.00153221 -11.2891 11.2897 0.000651026
252.416 -0.013928 0.00153784 -11.2896 11.2903 0.000651164
252.427 -0.0139319 0.00154305 -11.2902 11.2908 0.000651986
252.438 -0.0139349 0.0015472 -11.2908 11.2915 0.000652655
252.449 -0.0139374 0.00155148 -11.2915 11.2921 0.000652881
252.461 -0.0139401 0.00155519 -11.2922 11.2928 0.000652741
252.472 -0.0139436 0.00155884 -11.2929 11.2936 0.000652829
252.483 -0.0139474 0.00156277 -11.2938 11.2944 0.000653813
252.494 -0.0139518 0.00156619 -11.2946 11.2953 0.000654595
252.506 -0.0139556 0.00156962 -11.2956 11.2963 0.000655346
252.517 -0.013959 0.00157341 -11.2966 11.2973 0.000655255
252.528 -0.0139628 0.0015774 -11.2977 11.2983 0.00065591
252.539 -0.0139666 0.00158083 -11.2988 11.2994 0.000656546
252.551 -0.0139716 0.00158384 -11.3 11.3006 0.000657242
252.562 -0.0139766 0.00158722 -11.3012 11.3018 0.00065803
252.573 -0.0139798 0.00159195 -11.3025 11.3031 0.000657588
252.584 -0.0139829 0.00159726 -11.3038 11.3044 0.000656615
252.596 -0.013987 0.00160278 -11.3051 11.3058 0.000656302
252.607 -0.0139909 0.00160848 -11.3065 11.3072 0.000655922
252.618 -0.0139947 0.00161413 -11.308 11.3086 0.000655962
252.629 -0.013999 0.00162014 -11.3095 11.3101 0.000657588
252.64 -0.0140034 0.00162556 -11.311 11.3117 0.00066008
252.652 -0.0140078 0.00163098 -11.3126 11.3133 0.00066258
252.663 -0.0140118 0.00163667 -11.3143 11.315 0.000663973
252.674 -0.0140159 0.00164161 -11.316 11.3167 0.000665121
252.685 -0.0140201 0.00164662 -11.3179 11.3185 0.000665752
252.697 -0.0140232 0.00165252 -11.3197 11.3204 0.000667113
252.708 -0.0140254 0.00165792 -11.3216 11.3223 0.000669005
252.719 -0.014029 0.00166259 -11.3236 11.3243 0.000670834
252.73 -0.0140327 0.00166731 -11.3257 11.3263 0.000674303
252.742 -0.0140354 0.00167007 -11.3278 11.3284 0.000675301
252.753 -0.0140381 0.00167314 -11.3299 11.3306 0.00067657
252.764 -0.0140412 0.0016767 -11.332 11.3327 0.000678052
252.775 -0.0140444 0.00168008 -11.3342 11.3349 0.000679696
252.787 -0.0140485 0.00168391 -11.3365 11.3372 0.000680609
252.798 -0.0140526 0.00168756 -11.3388 11.3395 0.000682658
252.809 -0.0140571 0.00169115 -11.3412 11.3419 0.000685286
252.82 -0.0140623 0.00169526 -11.3436 11.3443 0.000686795
252.831 -0.0140667 0.00169893 -11.3461 11.3467 0.00068804
252.843 -0.0140713 0.00170296 -11.3486 11.3493 0.000688494
252.854 -0.0140754 0.00170735 -11.3511 11.3518 0.000688548
252.865 -0.0140792 0.00171101 -11.3537 11.3544 0.000689046
252.876 -0.0140838 0.00171503 -11.3563 11.357 0.000689109
252.888 -0.0140881 0.00171918 -11.359 11.3597 0.00068921
252.899 -0.0140913 0.00172251 -11.3617 11.3623 0.000688956
252.91 -0.0140942 0.00172517 -11.3644 11.365 0.000687361
252.921 -0.0140963 0.00172818 -11.3671 11.3678 0.000687251
252.933 -0.0140985 0.0017312 -11.3698 11.3705 0.000687445
252.944 -0.0141016 0.00173425 -11.3726 11.3733 0.000688687
252.955 -0.0141056 0.00173761 -11.3754 11.3761 0.000689747
252.966 -0.0141107 0.00174058 -11.3783 11.379 0.000691685
252.978 -0.0141146 0.00174404 -11.3811 11.3818 0.000693792
252.989 -0.0141181 0.00174734 -11.3841 11.3848 0.000696381
253 -0.0141219 0.00175117 -11.3871 11.3878 0.000699284
253.011 -0.0141255 0.00175417 -11.3901 11.3908 0.000702841
253.022 -0.0141283 0.00175707 -11.3932 11.3939 0.000704012
253.034 -0.0141309 0.00176022 -11.3963 11.397 0.00070557
253.045 -0.0141346 0.00176297 -11.3994 11.4001 0.000707834
253.056 -0.014139 0.00176677 -11.4026 11.4033 0.00071114
253.067 -0.0141435 0.00176957 -11.4058 11.4065 0.000715126
253.079 -0.0141481 0.00177217 -11.409 11.4097 0.000718504
253.09 -0.0141519 0.00177512 -11.4123 11.413 0.000721729
253.101 -0.014156 0.00177792 -11.4157 11.4164 0.000724067
253.112 -0.01416 0.00178075 -11.419 11.4197 0.000726594
253.124 -0.0141643 0.00178376 -11.4224 11.4232 0.000728907
253.135 -0.0141686 0.00178672 -11.4258 11.4266 0.000732018
253.146 -0.0141726 0.00178984 -11.4293 11.4301 0.000734907
253.157 -0.0141767 0.00179253 -11.4328 11.4336 0.000737571
253.169 -0.0141807 0.00179478 -11.4363 11.4371 0.000740285
253.18 -0.0141843 0.00179703 -11.4398 11.4406 0.000741765
253.191 -0.0141877 0.00180023 -11.4434 11.4441 0.000744007
253.202 -0.0141905 0.00180274 -11.4469 11.4477 0.000744339
253.213 -0.0141933 0.00180452 -11.4505 11.4512 0.000745012
253.225 -0.0141953 0.00180683 -11.454 11.4548 0.000744456
253.236 -0.0141984 0.00181007 -11.4576 11.4583 0.000744917
253.247 -0.0142016 0.00181353 -11.4611 11.4618 0.000745753
253.258 -0.014205 0.00181718 -11.4646 11.4654 0.000747449
253.27 -0.0142091 0.00182172 -11.4682 11.4689 0.000749319
253.281 -0.0142127 0.00182587 -11.4717 11.4725 0.00075058
253.292 -0.0142163 0.00182965 -11.4753 11.4761 0.000752209
253.303 -0.0142203 0.0018344 -11.4789 11.4796 0.000754239
253.315 -0.0142239 0.00183887 -11.4825 11.4832 0.000756613
253.326 -0.0142283 0.00184398 -11.4861 11.4868 0.000758745
253.337 -0.0142321 0.00184836 -11.4897 11.4905 0.000760322
253.348 -0.0142359 0.00185336 -11.4933 11.4941 0.000761746
253.36 -0.0142398 0.00185779 -11.497 11.4977 0.000762389
253.371 -0.0142438 0.0018614 -11.5006 11.5014 0.000764487
253.382 -0.0142482 0.0018654 -11.5043 11.505 0.000766329
253.393 -0.0142528 0.00186907 -11.508 11.5087 0.000767965
253.404 -0.0142578 0.00187344 -11.5117 11.5124 0.00077014
253.416 -0.0142625 0.00187699 -11.5154 11.5161 0.000774547
253.427 -0.0142663 0.0018804 -11.5191 11.5199 0.000778267
253.438 -0.0142699 0.00188358 -11.5229 11.5237 0.000781319
253.449 -0.0142736 0.00188727 -11.5267 11.5275 0.000784649
253.461 -0.0142761 0.00189077 -11.5305 11.5313 0.000787273
253.472 -0.0142793 0.00189422 -11.5344 11.5352 0.000789755
253.483 -0.014283 0.00189654 -11.5382 11.539 0.000793282
253.494 -0.0142863 0.00189966 -11.5421 11.5429 0.000796301
253.506 -0.0142899 0.00190185 -11.546 11.5468 0.000798932
253.517 -0.0142938 0.00190446 -11.5499 11.5507 0.000800982
253.528 -0.0142976 0.00190727 -11.5539 11.5547 0.000803186
253.539 -0.0143011 0.00191001 -11.5578 11.5586 0.000805781
253.551 -0.0143053 0.00191373 -11.5617 11.5625 0.000807859
253.562 -0.0143088 0.00191611 -11.5657 11.5665 0.000809159
253.573 -0.0143131 0.00191875 -11.5696 11.5704 0.000810638
253.584 -0.0143179 0.00192186 -11.5736 11.5744 0.000813021
253.596 -0.0143221 0.00192434 -11.5775 11.5783 0.000814259
253.607 -0.0143264 0.001927 -11.5815 11.5823 0.000816882
253.618 -0.0143306 0.00193014 -11.5854 11.5862 0.000820288
253.629 -0.0143354 0.00193252 -11.5894 11.5902 0.000823256
253.64 -0.0143397 0.00193473 -11.5933 11.5941 0.000826758
253.652 -0.0143449 0.00193682 -11.5973 11.5981 0.000830147
253.663 -0.0143501 0.00193916 -11.6012 11.6021 0.000833211
253.674 -0.0143545 0.00194221 -11.6052 11.606 0.000835944
253.685 -0.0143592 0.00194519 -11.6091 11.6099 0.000838418
253.697 -0.0143635 0.00194803 -11.613 11.6139 0.000840717
253.708 -0.0143675 0.00195098 -11.617 11.6178 0.000843608
253.719 -0.0143708 0.00195372 -11.6209 11.6217 0.000846601
253.73 -0.0143741 0.00195667 -11.6248 11.6256 0.000849143
253.742 -0.0143778 0.00196027 -11.6287 11.6295 0.000852441
253.753 -0.0143815 0.00196391 -11.6325 11.6334 0.000854323
253.764 -0.0143853 0.00196685 -11.6364 11.6373 0.000855112
253.775 -0.0143901 0.00196988 -11.6402 11.6411 0.000856682
253.787 -0.014395 0.00197319 -11.644 11.6449 0.000858658
253.798 -0.0144007 0.00197628 -11.6478 11.6487 0.000860584
253.809 -0.0144061 0.00197915 -11.6516 11.6525 0.000862462
253.82 -0.014411 0.00198184 -11.6554 11.6563 0.000863814
253.831 -0.014416 0.00198489 -11.6592 11.6601 0.000865044
253.843 -0.0144218 0.00198802 -11.6629 11.6638 0.000867451
253.854 -0.0144269 0.0019926 -11.6667 11.6676 0.000869898
253.865 -0.014432 0.00199621 -11.6704 11.6713 0.000872262
253.876 -0.0144377 0.00200035 -11.6741 11.675 0.000875449
253.888 -0.0144426 0.00200407 -11.6778 11.6787 0.000877958
253.899 -0.0144475 0.00200803 -11.6815 11.6824 0.000879521
253.91 -0.0144522 0.00201244 -11.6852 11.6861 0.00088118
253.921 -0.014457 0.0020161 -11.6889 11.6898 0.000881787
253.933 -0.0144622 0.0020196 -11.6925 11.6934 0.000881671
253.944 -0.0144672 0.00202284 -11.6961 11.697 0.000881459
253.955 -0.0144723 0.00202661 -11.6997 11.7006 0.000882173
253.966 -0.0144759 0.00202932 -11.7033 11.7042 0.000882657
253.978 -0.0144801 0.00203146 -11.7068 11.7077 0.000883828
253.989 -0.0144836 0.00203501 -11.7103 11.7112 0.000884799
254 -0.0144877 0.00203757 -11.7138 11.7147 0.000885787
254.011 -0.0144921 0.00204034 -11.7172 11.7181 0.000887802
254.022 -0.0144956 0.00204374 -11.7206 11.7215 0.000889616
254.034 -0.0144987 0.00204737 -11.724 11.7249 0.000890589
254.045 -0.0145017 0.0020513 -11.7274 11.7283 0.000891677
254.056 -0.0145046 0.00205481 -11.7306 11.7315 0.000892667
254.067 -0.0145077 0.00205842 -11.734 11.7349 0.000892937
254.079 -0.0145113 0.00206133 -11.7372 11.7381 0.00089435
254.09 -0.0145144 0.00206462 -11.7405 11.7414 0.000895406
254.101 -0.0145181 0.00206881 -11.7437 11.7446 0.000896046
254.112 -0.0145205 0.00207215 -11.7469 11.7478 0.000897506
254.124 -0.0145243 0.00207616 -11.75 11.7509 0.000899639
254.135 -0.0145281 0.00208022 -11.7532 11.7541 0.000900896
254.146 -0.0145309 0.00208234 -11.7563 11.7572 0.000902352
254.157 -0.0145343 0.00208508 -11.7595 11.7604 0.000904702
254.169 -0.0145382 0.00208796 -11.7626 11.7635 0.000906524
254.18 -0.0145428 0.00209097 -11.7657 11.7666 0.000907421
254.191 -0.0145464 0.002093 -11.7687 11.7696 0.000909244
254.202 -0.0145494 0.00209512 -11.7717 11.7726 0.000910132
254.213 -0.0145522 0.00209733 -11.7747 11.7756 0.000911518
254.225 -0.0145554 0.00210077 -11.7776 11.7786 0.000913437
254.236 -0.0145579 0.00210393 -11.7806 11.7815 0.000913599
254.247 -0.0145599 0.00210789 -11.7834 11.7844 0.000915246
254.258 -0.0145639 0.00211144 -11.7863 11.7872 0.000916035
254.27 -0.0145678 0.00211532 -11.7891 11.79 0.000916119
254.281 -0.0145718 0.00211862 -11.7918 11.7928 0.000916269
254.292 -0.0145766 0.00212225 -11.7945 11.7955 0.000916567
254.303 -0.0145812 0.00212596 -11.7972 11.7981 0.000916888
254.315 -0.0145854 0.00213016 -11.7998 11.8008 0.000918501
254.326 -0.0145896 0.00213443 -11.8024 11.8033 0.000919758
254.337 -0.0145942 0.00213865 -11.805 11.8059 0.000921343
254.348 -0.0145974 0.00214296 -11.8075 11.8084 0.000923034
254.36 -0.0146009 0.00214759 -11.8099 11.8108 0.000924114
254.371 -0.014605 0.00215202 -11.8123 11.8132 0.000924876
254.382 -0.0146099 0.00215667 -11.8147 11.8156 0.00092614
254.393 -0.0146136 0.0021617 -11.817 11.8179 0.000927367
254.404 -0.0146174 0.00216637 -11.8192 11.8202 0.00092832
254.416 -0.0146213 0.00217203 -11.8214 11.8224 0.00092901
254.427 -0.0146253 0.00217768 -11.8236 11.8245 0.000930436
254.438 -0.0146289 0.00218338 -11.8257 11.8266 0.000931161
254.449 -0.014633 0.00218776 -11.8277 11.8287 0.000933109
254.461 -0.0146365 0.00219192 -11.8297 11.8307 0.000934906
254.472 -0.0146405 0.002196 -11.8317 11.8327 0.000936273
254.483 -0.0146442 0.00219935 -11.8336 11.8346 0.000938555
254.494 -0.0146481 0.00220315 -11.8355 11.8365 0.000940451
254.506 -0.0146519 0.00220626 -11.8374 11.8383 0.00094146
254.517 -0.0146553 0.00221079 -11.8392 11.8401 0.00094335
254.528 -0.0146591 0.0022134 -11.8409 11.8418 0.000946084
254.539 -0.0146632 0.00221572 -11.8426 11.8436 0.00094933
254.551 -0.0146673 0.00221914 -11.8443 11.8452 0.000952126
254.562 -0.0146714 0.00222256 -11.8459 11.8469 0.000955287
254.573 -0.0146744 0.00222579 -11.8475 11.8485 0.000957703
254.584 -0.014677 0.00222969 -11.8491 11.8501 0.000960042
254.596 -0.0146808 0.00223323 -11.8506 11.8516 0.000962523
254.607 -0.0146843 0.00223656 -11.8521 11.8531 0.000964937
254.618 -0.014688 0.00224017 -11.8535 11.8545 0.000968322
254.629 -0.0146919 0.00224467 -11.8549 11.8559 0.000971752
254.64 -0.0146961 0.00224923 -11.8564 11.8573 0.000974345
254.652 -0.0147004 0.00225337 -11.8577 11.8587 0.000977092
254.663 -0.0147049 0.00225744 -11.8591 11.86 0.000980465
254.674 -0.0147093 0.00226207 -11.8604 11.8614 0.000983237
254.685 -0.014713 0.00226645 -11.8617 11.8627 0.000986174
254.697 -0.0147173 0.00227107 -11.8629 11.8639 0.000990149
254.708 -0.0147208 0.00227534 -11.8642 11.8651 0.000992448
254.719 -0.0147239 0.00227906 -11.8653 11.8663 0.00099446
254.73 -0.0147272 0.00228218 -11.8665 11.8675 0.00099506
254.742 -0.0147302 0.00228667 -11.8676 11.8686 0.00099631
254.753 -0.014733 0.00229145 -11.8687 11.8697 0.000997341
254.764 -0.0147365 0.0022964 -11.8697 11.8707 0.00099871
254.775 -0.0147392 0.0023007 -11.8707 11.8717 0.000999811
254.787 -0.0147426 0.00230444 -11.8717 11.8727 0.00100204
254.798 -0.0147463 0.00230821 -11.8726 11.8736 0.00100416
254.809 -0.0147503 0.0023116 -11.8735 11.8745 0.00100653
254.82 -0.0147532 0.00231538 -11.8744 11.8754 0.00100964
254.831 -0.0147561 0.00231892 -11.8752 11.8762 0.00101245
254.843 -0.0147589 0.00232275 -11.876 11.877 0.00101478
254.854 -0.0147629 0.00232613 -11.8768 11.8778 0.00101829
254.865 -0.0147663 0.00232874 -11.8776 11.8786 0.00102249
254.876 -0.0147698 0.00233185 -11.8784 11.8794 0.00102545
254.888 -0.0147749 0.00233464 -11.8791 11.8802 0.00103
254.899 -0.0147783 0.00233923 -11.8799 11.881 0.0010335
254.91 -0.0147815 0.00234342 -11.8807 11.8817 0.00103725
254.921 -0.014785 0.00234793 -11.8814 11.8825 0.00104007
254.933 -0.0147884 0.00235207 -11.8821 11.8832 0.00104341
254.944 -0.0147917 0.0023571 -11.8828 11.8839 0.00104769
254.955 -0.0147959 0.00236124 -11.8835 11.8845 0.00105152
254.966 -0.0147987 0.00236566 -11.8841 11.8852 0.00105603
254.978 -0.0148029 0.00236963 -11.8848 11.8858 0.00105915
254.989 -0.014806 0.00237389 -11.8854 11.8864 0.00106269
255 -0.0148112 0.00237757 -11.886 11.887 0.00106616
255.011 -0.0148155 0.00238128 -11.8865 11.8876 0.00106889
255.022 -0.0148196 0.00238545 -11.8871 11.8881 0.00107123
255.034 -0.0148227 0.00238958 -11.8876 11.8887 0.00107416
255.045 -0.0148263 0.00239348 -11.8881 11.8892 0.00107635
255.056 -0.0148301 0.00239704 -11.8886 11.8896 0.00107954
255.067 -0.0148341 0.00240141 -11.889 11.8901 0.00108235
255.079 -0.0148372 0.00240618 -11.8894 11.8905 0.00108394
255.09 -0.0148396 0.00241049 -11.8898 11.8909 0.00108569
255.101 -0.0148423 0.00241409 -11.8901 11.8912 0.00108862
255.112 -0.0148444 0.00241822 -11.8905 11.8916 0.00109179
255.124 -0.014847 0.00242206 -11.8908 11.8919 0.00109495
255.135 -0.0148499 0.00242498 -11.8912 11.8923 0.00109886
255.146 -0.0148529 0.0024286 -11.8915 11.8926 0.00110263
255.157 -0.0148555 0.00243172 -11.8918 11.8929 0.0011061
255.169 -0.0148589 0.0024353 -11.8921 11.8932 0.00111
255.18 -0.0148616 0.00243866 -11.8924 11.8935 0.00111383
255.191 -0.0148646 0.00244135 -11.8927 11.8938 0.00111887
255.202 -0.0148679 0.00244515 -11.8929 11.8941 0.00112319
255.213 -0.0148712 0.00244854 -11.8932 11.8943 0.00112691
255.225 -0.0148758 0.00245196 -11.8934 11.8946 0.00113175
255.236 -0.0148803 0.00245551 -11.8937 11.8948 0.00113621
255.247 -0.0148836 0.00245893 -11.894 11.8951 0.00113938
255.258 -0.0148867 0.00246271 -11.8942 11.8953 0.00114292
255.27 -0.0148895 0.00246596 -11.8944 11.8956 0.00114665
255.281 -0.0148925 0.00246914 -11.8947 11.8958 0.00115039
255.292 -0.0148957 0.00247167 -11.8949 11.896 0.00115393
255.303 -0.014899 0.00247419 -11.8951 11.8963 0.00115831
255.315 -0.0149023 0.0024765 -11.8954 11.8965 0.00116278
255.326 -0.0149056 0.00247864 -11.8956 11.8967 0.0011668
255.337 -0.0149087 0.00248172 -11.8958 11.897 0.00117
255.348 -0.0149119 0.00248456 -11.896 11.8972 0.00117358
255.36 -0.0149138 0.00248714 -11.8962 11.8974 0.00117644
255.371 -0.014915 0.00249043 -11.8963 11.8975 0.00117814
255.382 -0.0149166 0.00249258 -11.8965 11.8977 0.00118065
255.393 -0.0149193 0.00249481 -11.8966 11.8977 0.00118246
255.404 -0.0149226 0.00249814 -11.8966 11.8978 0.00118457
255.416 -0.0149246 0.00250098 -11.8967 11.8979 0.0011868
255.427 -0.0149273 0.00250371 -11.8967 11.8979 0.00119047
255.438 -0.0149307 0.00250602 -11.8967 11.8979 0.00119431
255.449 -0.0149338 0.00250786 -11.8967 11.8979 0.00119884
255.461 -0.0149364 0.00251025 -11.8967 11.8979 0.00120316
255.472 -0.0149389 0.00251294 -11.8966 11.8978 0.00120714
255.483 -0.0149423 0.00251535 -11.8966 11.8979 0.00121123
255.494 -0.0149453 0.00251787 -11.8966 11.8978 0.00121523
255.506 -0.0149483 0.00251932 -11.8966 11.8978 0.00121893
255.517 -0.0149525 0.00252233 -11.8966 11.8978 0.00122231
255.528 -0.0149577 0.00252469 -11.8966 11.8978 0.00122616
255.539 -0.0149624 0.00252791 -11.8965 11.8978 0.00123134
255.551 -0.0149662 0.00253201 -11.8965 11.8978 0.00123599
255.562 -0.0149699 0.00253587 -11.8965 11.8977 0.00124078
255.573 -0.0149737 0.00253907 -11.8964 11.8977 0.0012459
255.584 -0.0149768 0.00254147 -11.8964 11.8976 0.00125076
255.596 -0.0149796 0.00254339 -11.8963 11.8976 0.00125541
255.607 -0.014983 0.00254605 -11.8963 11.8975 0.00125934
255.618 -0.0149865 0.00254839 -11.8962 11.8975 0.00126312
255.629 -0.0149896 0.00255126 -11.8962 11.8974 0.00126652
255.64 -0.0149922 0.00255386 -11.8961 11.8974 0.0012697
255.652 -0.0149958 0.0025564 -11.8961 11.8973 0.00127313
255.663 -0.0149993 0.0025589 -11.896 11.8973 0.00127628
255.674 -0.015002 0.00256078 -11.8959 11.8972 0.00127868
255.685 -0.0150051 0.00256367 -11.8959 11.8971 0.0012809
255.697 -0.0150083 0.00256667 -11.8958 11.897 0.00128404
255.708 -0.0150112 0.00257082 -11.8956 11.8969 0.00128751
255.719 -0.0150146 0.00257472 -11.8956 11.8968 0.00129006
255.73 -0.0150176 0.00257753 -11.8954 11.8967 0.00129505
255.742 -0.0150218 0.00257967 -11.8953 11.8966 0.00129856
255.753 -0.0150256 0.0025812 -11.8952 11.8965 0.00130266
255.764 -0.0150292 0.00258298 -11.8951 11.8964 0.00130643
255.775 -0.0150329 0.00258592 -11.8949 11.8963 0.00131076
255.787 -0.0150367 0.00258857 -11.8948 11.8962 0.00131549
255.798 -0.0150401 0.00259066 -11.8947 11.896 0.0013202
255.809 -0.0150441 0.00259396 -11.8946 11.8959 0.00132453
255.82 -0.0150483 0.00259642 -11.8945 11.8959 0.00132883
255.831 -0.0150512 0.00259963 -11.8944 11.8957 0.00133349
255.843 -0.0150535 0.00260234 -11.8943 11.8957 0.00133794
255.854 -0.0150564 0.00260419 -11.8942 11.8956 0.00134256
255.865 -0.0150591 0.00260602 -11.8941 11.8955 0.00134763
255.876 -0.0150617 0.0026079 -11.894 11.8954 0.00135231
255.888 -0.0150648 0.00260995 -11.894 11.8953 0.00135708
255.899 -0.0150675 0.00261144 -11.8939 11.8952 0.00136192
255.91 -0.0150699 0.00261378 -11.8938 11.8952 0.00136538
255.921 -0.0150723 0.00261626 -11.8938 11.8951 0.00136839
255.933 -0.0150751 0.00261841 -11.8937 11.8951 0.00137128
255.944 -0.0150777 0.00262127 -11.8936 11.895 0.00137427
255.955 -0.0150806 0.00262401 -11.8936 11.8949 0.00137659
255.966 -0.0150833 0.00262629 -11.8935 11.8949 0.00137962
255.978 -0.0150851 0.00262875 -11.8934 11.8948 0.00138241
255.989 -0.0150875 0.00263046 -11.8934 11.8948 0.00138534
256 -0.0150904 0.00263266 -11.8934 11.8947 0.00138885
256.011 -0.0150937 0.00263399 -11.8933 11.8947 0.00139205
256.022 -0.015097 0.00263513 -11.8933 11.8947 0.0013958
256.034 -0.0150999 0.00263635 -11.8933 11.8947 0.00139928
256.045 -0.0151034 0.00263781 -11.8933 11.8947 0.00140435
256.056 -0.0151065 0.00263991 -11.8933 11.8947 0.00140888
256.067 -0.0151105 0.00264222 -11.8934 11.8948 0.00141244
256.079 -0.0151143 0.00264507 -11.8934 11.8948 0.00141557
256.09 -0.0151176 0.00264651 -11.8934 11.8948 0.0014187
256.101 -0.0151217 0.00264773 -11.8934 11.8949 0.00142213
256.112 -0.0151243 0.00264941 -11.8935 11.8949 0.00142608
256.124 -0.0151273 0.00265109 -11.8935 11.8949 0.00142965
256.135 -0.0151299 0.00265275 -11.8935 11.895 0.00143409
256.146 -0.0151325 0.00265459 -11.8936 11.895 0.00143738
256.157 -0.015135 0.00265719 -11.8936 11.8951 0.00144007
256.169 -0.0151383 0.00265974 -11.8937 11.8951 0.00144234
256.18 -0.015142 0.00266147 -11.8937 11.8951 0.00144498
256.191 -0.0151452 0.00266343 -11.8937 11.8951 0.0014468
256.202 -0.0151485 0.00266498 -11.8937 11.8951 0.00144914
256.213 -0.0151513 0.0026675 -11.8937 11.8951 0.00145105
256.225 -0.0151545 0.00267055 -11.8936 11.8951 0.00145303
256.236 -0.0151558 0.00267375 -11.8936 11.8951 0.00145504
256.247 -0.0151583 0.00267686 -11.8936 11.8951 0.00145706
256.258 -0.0151611 0.00267931 -11.8936 11.8951 0.00145943
256.27 -0.0151635 0.00268217 -11.8936 11.8951 0.00146061
256.281 -0.0151657 0.00268499 -11.8937 11.8951 0.00146096
256.292 -0.0151686 0.00268703 -11.8937 11.8951 0.00146232
256.303 -0.0151714 0.0026895 -11.8937 11.8951 0.0014638
256.315 -0.0151737 0.00269191 -11.8936 11.8951 0.00146555
256.326 -0.0151765 0.00269333 -11.8936 11.8951 0.00146651
256.337 -0.0151793 0.00269468 -11.8936 11.8951 0.00146906
256.348 -0.0151824 0.0026964 -11.8936 11.895 0.00147138
256.36 -0.0151855 0.00269841 -11.8935 11.895 0.00147386
256.371 -0.0151892 0.00269961 -11.8935 11.8949 0.00147641
256.382 -0.0151936 0.00270059 -11.8934 11.8949 0.00147819
256.393 -0.0151976 0.00270225 -11.8933 11.8948 0.00147862
256.404 -0.0152006 0.00270362 -11.8932 11.8947 0.00148003
256.416 -0.0152031 0.00270469 -11.8931 11.8946 0.00148204
256.427 -0.0152049 0.00270542 -11.893 11.8945 0.00148338
256.438 -0.0152072 0.00270578 -11.8928 11.8943 0.00148574
256.449 -0.0152101 0.00270665 -11.8926 11.8941 0.00148843
256.461 -0.0152131 0.00270718 -11.8925 11.894 0.00149026
256.472 -0.0152156 0.00270949 -11.8923 11.8938 0.00149254
256.483 -0.0152188 0.00271107 -11.8921 11.8936 0.00149445
256.494 -0.0152226 0.00271372 -11.8919 11.8934 0.00149671
256.506 -0.0152259 0.00271684 -11.8917 11.8932 0.00149949
256.517 -0.0152284 0.00271938 -11.8915 11.893 0.00150198
256.528 -0.0152309 0.00272115 -11.8913 11.8928 0.00150385
256.539 -0.0152332 0.00272282 -11.8911 11.8926 0.00150634
256.551 -0.0152349 0.00272423 -11.8909 11.8924 0.00150848
256.562 -0.0152365 0.00272502 -11.8907 11.8922 0.00150978
256.573 -0.0152387 0.00272664 -11.8904 11.892 0.00151187
256.584 -0.0152414 0.00272883 -11.8902 11.8917 0.00151302
256.596 -0.0152428 0.00273104 -11.89 11.8915 0.00151541
256.607 -0.0152445 0.00273298 -11.8897 11.8912 0.00151628
256.618 -0.0152466 0.00273475 -11.8895 11.891 0.00151751
256.629 -0.0152494 0.00273659 -11.8892 11.8907 0.00151877
256.64 -0.0152527 0.00273807 -11.8889 11.8905 0.00152068
256.652 -0.0152551 0.00273989 -11.8886 11.8902 0.00152389
256.663 -0.0152569 0.00274183 -11.8884 11.8899 0.00152551
256.674 -0.0152597 0.00274395 -11.888 11.8895 0.00152782
256.685 -0.0152622 0.00274542 -11.8877 11.8892 0.00153153
256.697 -0.0152652 0.00274667 -11.8873 11.8888 0.00153517
256.708 -0.015269 0.002748 -11.8869 11.8884 0.00153909
256.719 -0.0152727 0.00275024 -11.8865 11.888 0.00154311
256.73 -0.0152762 0.00275249 -11.886 11.8876 0.00154603
256.742 -0.0152795 0.00275409 -11.8855 11.8871 0.00154946
256.753 -0.0152821 0.00275605 -11.885 11.8866 0.00155285
256.764 -0.0152847 0.00275804 -11.8845 11.8861 0.00155627
256.775 -0.0152867 0.00276078 -11.8839 11.8855 0.0015593
256.787 -0.0152895 0.00276358 -11.8833 11.8849 0.001562
256.798 -0.0152929 0.00276548 -11.8827 11.8843 0.00156391
256.809 -0.0152952 0.00276776 -11.8821 11.8836 0.00156658
256.82 -0.015298 0.00277049 -11.8814 11.883 0.00156785
256.831 -0.0152998 0.00277379 -11.8807 11.8823 0.0015693
256.843 -0.0153027 0.00277607 -11.8799 11.8815 0.00157127
256.854 -0.0153055 0.00277802 -11.8792 11.8807 0.0015733
256.865 -0.0153084 0.00277982 -11.8784 11.8799 0.00157502
256.876 -0.0153106 0.00278153 -11.8775 11.8791 0.00157637
256.888 -0.0153127 0.00278346 -11.8766 11.8782 0.00157786
256.899 -0.0153144 0.00278526 -11.8757 11.8773 0.00158051
256.91 -0.0153161 0.00278851 -11.8748 11.8763 0.00158275
256.921 -0.0153183 0.00279163 -11.8738 11.8754 0.00158395
256.933 -0.0153203 0.00279408 -11.8728 11.8744 0.00158555
256.944 -0.0153235 0.00279562 -11.8717 11.8733 0.00158782
256.955 -0.0153265 0.00279789 -11.8706 11.8722 0.00158812
256.966 -0.0153293 0.00280055 -11.8695 11.8711 0.00158851
256.978 -0.0153324 0.00280351 -11.8683 11.8699 0.00158942
256.989 -0.0153353 0.00280719 -11.8671 11.8687 0.00159111
257 -0.0153378 0.00281077 -11.8658 11.8674 0.001592
257.011 -0.0153402 0.00281385 -11.8645 11.8661 0.00159397
257.022 -0.015343 0.00281689 -11.8632 11.8648 0.00159562
257.034 -0.0153454 0.0028188 -11.8618 11.8634 0.0015961
257.045 -0.0153479 0.00282099 -11.8604 11.862 0.00159768
257.056 -0.0153502 0.00282305 -11.8589 11.8605 0.00159948
257.067 -0.0153536 0.00282425 -11.8574 11.859 0.00160184
257.079 -0.0153561 0.00282595 -11.8559 11.8575 0.00160395
257.09 -0.015359 0.00282853 -11.8543 11.8559 0.00160538
257.101 -0.0153623 0.00283164 -11.8527 11.8543 0.0016066
257.112 -0.0153658 0.00283496 -11.851 11.8526 0.00160776
257.124 -0.0153687 0.00283773 -11.8493 11.8509 0.00160955
257.135 -0.0153712 0.00283976 -11.8475 11.8491 0.00161219
257.146 -0.0153736 0.00284244 -11.8458 11.8474 0.001614
257.157 -0.0153754 0.00284487 -11.8439 11.8455 0.001615
257.169 -0.015378 0.00284661 -11.8421 11.8437 0.00161584
257.18 -0.0153809 0.00284901 -11.8402 11.8418 0.00161704
257.191 -0.0153829 0.00285202 -11.8382 11.8399 0.00161848
257.202 -0.0153844 0.00285503 -11.8363 11.8379 0.00161971
257.213 -0.0153855 0.00285815 -11.8343 11.836 0.00162179
257.225 -0.0153867 0.00286071 -11.8323 11.834 0.00162347
257.236 -0.0153883 0.00286373 -11.8303 11.832 0.00162595
257.247 -0.0153898 0.00286602 -11.8283 11.8299 0.00162902
257.258 -0.0153915 0.00286819 -11.8263 11.8279 0.0016327
257.27 -0.0153936 0.002871 -11.8243 11.8259 0.00163618
257.281 -0.0153954 0.00287376 -11.8222 11.8238 0.00164001
257.292 -0.0153971 0.00287676 -11.8201 11.8218 0.0016433
257.303 -0.0153978 0.00287947 -11.8181 11.8197 0.00164515
257.315 -0.0153987 0.00288221 -11.816 11.8176 0.00164755
257.326 -0.0154004 0.00288456 -11.8139 11.8155 0.00164987
257.337 -0.0154025 0.00288741 -11.8118 11.8134 0.00165069
257.348 -0.0154054 0.00288961 -11.8096 11.8112 0.00165171
257.36 -0.0154092 0.00289202 -11.8074 11.809 0.00165246
257.371 -0.0154125 0.00289371 -11.8051 11.8068 0.00165309
257.382 -0.0154167 0.00289669 -11.8029 11.8045 0.00165557
257.393 -0.0154206 0.00289958 -11.8006 11.8022 0.0016572
257.404 -0.0154233 0.00290267 -11.7983 11.7999 0.00165991
257.416 -0.0154257 0.00290539 -11.7959 11.7976 0.00166307
257.427 -0.0154285 0.00290863 -11.7935 11.7952 0.00166635
257.438 -0.0154308 0.00291274 -11.7912 11.7928 0.0016689
257.449 -0.0154338 0.002917 -11.7887 11.7904 0.00167229
257.461 -0.0154362 0.00292051 -11.7863 11.788 0.00167518
257.472 -0.015438 0.00292448 -11.7839 11.7856 0.00167661
257.483 -0.0154404 0.00292735 -11.7814 11.7831 0.0016782
257.494 -0.0154432 0.00293028 -11.7789 11.7806 0.00167897
257.506 -0.0154458 0.00293262 -11.7763 11.778 0.00167994
257.517 -0.0154484 0.00293483 -11.7737 11.7754 0.00168124
257.528 -0.0154517 0.00293674 -11.7712 11.7728 0.00168232
257.539 -0.0154545 0.00293961 -11.7685 11.7702 0.00168315
257.551 -0.0154585 0.00294289 -11.7659 11.7675 0.00168473
257.562 -0.0154621 0.00294484 -11.7632 11.7649 0.00168613
257.573 -0.0154648 0.00294753 -11.7605 11.7622 0.00168754
257.584 -0.0154676 0.00295017 -11.7578 11.7594 0.00169017
257.596 -0.0154704 0.00295189 -11.755 11.7567 0.0016921
257.607 -0.0154724 0.00295326 -11.7523 11.754 0.00169375
257.618 -0.0154747 0.0029555 -11.7495 11.7512 0.00169603
257.629 -0.0154774 0.00295835 -11.7467 11.7484 0.00169727
257.64 -0.0154801 0.00296131 -11.744 11.7457 0.00169841
257.652 -0.0154828 0.00296399 -11.7411 11.7428 0.00169988
257.663 -0.0154857 0.00296564 -11.7383 11.74 0.00170263
257.674 -0.0154882 0.002968 -11.7355 11.7372 0.00170507
257.685 -0.01549 0.00296997 -11.7327 11.7344 0.00170764
257.697 -0.0154922 0.00297207 -11.73 11.7317 0.00170989
257.708 -0.0154943 0.0029747 -11.7272 11.7289 0.00171201
257.719 -0.0154971 0.00297816 -11.7244 11.7261 0.00171492
257.73 -0.0154993 0.00298093 -11.7216 11.7233 0.00171747
257.742 -0.0155004 0.00298374 -11.7188 11.7205 0.00171926
257.753 -0.0155023 0.0029874 -11.716 11.7178 0.00172089
257.764 -0.015504 0.00299018 -11.7133 11.715 0.0017229
257.775 -0.015506 0.0029934 -11.7105 11.7122 0.00172456
257.787 -0.0155076 0.00299704 -11.7077 11.7094 0.00172732
257.798 -0.0155097 0.00300036 -11.7049 11.7066 0.00172992
257.809 -0.0155103 0.00300396 -11.7022 11.7039 0.00173198
257.82 -0.0155109 0.00300711 -11.6994 11.7011 0.00173444
257.831 -0.0155128 0.00300999 -11.6967 11.6984 0.00173644
257.843 -0.0155149 0.00301362 -11.6939 11.6956 0.00173699
257.854 -0.0155172 0.00301639 -11.6912 11.6929 0.00173831
257.865 -0.0155193 0.00301902 -11.6884 11.6902 0.00173885
257.876 -0.015522 0.00302123 -11.6857 11.6874 0.00173997
257.888 -0.0155247 0.00302312 -11.683 11.6847 0.00174136
257.899 -0.0155275 0.00302514 -11.6802 11.682 0.0017422
257.91 -0.0155299 0.00302732 -11.6775 11.6793 0.00174339
257.921 -0.0155329 0.00303026 -11.6748 11.6766 0.00174474
257.933 -0.0155353 0.00303285 -11.6721 11.6739 0.00174679
257.944 -0.0155379 0.00303493 -11.6694 11.6712 0.00174831
257.955 -0.0155404 0.00303679 -11.6667 11.6685 0.0017499
257.966 -0.0155424 0.00303923 -11.664 11.6658 0.00175188
257.978 -0.0155448 0.00304206 -11.6614 11.6631 0.00175428
257.989 -0.0155467 0.00304417 -11.6587 11.6604 0.00175649
258 -0.0155487 0.00304575 -11.656 11.6578 0.00175775
258.011 -0.015551 0.00304733 -11.6534 11.6551 0.00176049
258.022 -0.0155532 0.00304862 -11.6507 11.6525 0.00176274
258.034 -0.0155552 0.00305066 -11.6481 11.6499 0.00176623
258.045 -0.0155568 0.00305327 -11.6455 11.6473 0.00177017
258.056 -0.015559 0.00305607 -11.643 11.6447 0.00177401
258.067 -0.0155604 0.00305947 -11.6404 11.6422 0.00177816
258.079 -0.0155631 0.00306223 -11.6379 11.6397 0.00178192
258.09 -0.0155655 0.00306481 -11.6354 11.6372 0.00178612
258.101 -0.0155676 0.00306766 -11.6329 11.6347 0.00178931
258.112 -0.0155695 0.00306971 -11.6305 11.6323 0.00179302
258.124 -0.0155702 0.0030713 -11.6281 11.6299 0.0017968
258.135 -0.0155715 0.00307404 -11.6258 11.6276 0.00179907
258.146 -0.0155729 0.00307583 -11.6235 11.6253 0.00180237
258.157 -0.0155744 0.00307762 -11.6212 11.623 0.00180607
258.169 -0.015576 0.00307892 -11.6189 11.6207 0.00181073
258.18 -0.0155775 0.00308041 -11.6167 11.6185 0.00181408
258.191 -0.0155783 0.00308209 -11.6146 11.6164 0.00181815
258.202 -0.0155787 0.00308369 -11.6124 11.6142 0.00182268
258.213 -0.0155804 0.00308525 -11.6103 11.6122 0.00182582
258.225 -0.0155822 0.00308697 -11.6083 11.6101 0.00182987
258.236 -0.015584 0.00308884 -11.6062 11.6081 0.00183307
258.247 -0.0155864 0.00309087 -11.6043 11.6061 0.00183574
258.258 -0.0155889 0.00309236 -11.6023 11.6042 0.00183799
258.27 -0.0155913 0.00309382 -11.6004 11.6023 0.00184067
258.281 -0.0155938 0.00309442 -11.5986 11.6004 0.00184265
258.292 -0.0155958 0.00309578 -11.5967 11.5986 0.00184636
258.303 -0.015598 0.00309708 -11.5949 11.5968 0.00184952
258.315 -0.0156006 0.0030987 -11.5932 11.5951 0.00185246
258.326 -0.0156044 0.00310137 -11.5915 11.5933 0.00185553
258.337 -0.0156083 0.00310284 -11.5898 11.5917 0.00185784
258.348 -0.0156116 0.00310454 -11.5882 11.59 0.0018589
258.36 -0.0156151 0.0031062 -11.5866 11.5884 0.001861
258.371 -0.0156173 0.00310802 -11.585 11.5869 0.00186239
258.382 -0.0156195 0.00311018 -11.5835 11.5854 0.0018648
258.393 -0.0156224 0.00311257 -11.582 11.5838 0.00186712
258.404 -0.015625 0.00311503 -11.5805 11.5824 0.00186882
258.416 -0.0156273 0.00311808 -11.5791 11.581 0.00187066
258.427 -0.0156291 0.00312047 -11.5777 11.5796 0.00187394
258.438 -0.0156308 0.00312297 -11.5764 11.5783 0.00187703
258.449 -0.0156331 0.00312486 -11.5751 11.577 0.00187976
258.461 -0.0156353 0.00312629 -11.5739 11.5758 0.00188209
258.472 -0.0156375 0.00312845 -11.5727 11.5746 0.0018842
258.483 -0.0156393 0.00313109 -11.5715 11.5734 0.00188668
258.494 -0.0156415 0.0031333 -11.5705 11.5723 0.00188959
258.506 -0.0156436 0.00313636 -11.5694 11.5713 0.00189205
258.517 -0.0156455 0.00313929 -11.5684 11.5703 0.00189463
258.528 -0.0156472 0.00314257 -11.5675 11.5694 0.00189697
258.539 -0.0156488 0.00314622 -11.5666 11.5685 0.00189979
258.551 -0.0156505 0.003149 -11.5657 11.5676 0.00190212
258.562 -0.0156533 0.0031515 -11.5649 11.5668 0.00190522
258.573 -0.0156564 0.00315436 -11.5642 11.5661 0.00190644
258.584 -0.0156592 0.00315689 -11.5635 11.5654 0.00190752
258.596 -0.0156615 0.00315846 -11.5628 11.5647 0.00190981
258.607 -0.0156634 0.00316064 -11.5621 11.564 0.00191213
258.618 -0.0156663 0.00316399 -11.5616 11.5635 0.00191531
258.629 -0.01567 0.00316641 -11.561 11.563 0.00191923
258.64 -0.0156734 0.0031694 -11.5606 11.5625 0.00192233
258.652 -0.0156766 0.00317306 -11.5602 11.5621 0.00192487
258.663 -0.01568 0.00317699 -11.5598 11.5618 0.00192758
258.674 -0.0156827 0.0031804 -11.5595 11.5615 0.00192965
258.685 -0.0156849 0.00318328 -11.5593 11.5612 0.00193157
258.697 -0.0156876 0.00318629 -11.5591 11.5611 0.00193349
258.708 -0.0156899 0.00318837 -11.559 11.561 0.00193609
258.719 -0.0156925 0.00319069 -11.559 11.5609 0.00193857
258.73 -0.0156943 0.00319352 -11.559 11.561 0.00194294
258.742 -0.015696 0.00319641 -11.5591 11.5611 0.00194686
258.753 -0.0156969 0.0031992 -11.5593 11.5613 0.00194985
258.764 -0.0156987 0.00320205 -11.5595 11.5615 0.00195342
258.775 -0.0156994 0.00320457 -11.5598 11.5618 0.00195633
258.787 -0.0157012 0.0032071 -11.5602 11.5621 0.00195933
258.798 -0.0157028 0.00320973 -11.5606 11.5626 0.00196205
258.809 -0.0157038 0.003212 -11.5611 11.563 0.00196436
258.82 -0.015705 0.00321409 -11.5616 11.5636 0.00196647
258.831 -0.015706 0.0032161 -11.5622 11.5642 0.00196931
258.843 -0.0157074 0.00321835 -11.5629 11.5649 0.00197078
258.854 -0.015709 0.00322129 -11.5636 11.5656 0.0019721
258.865 -0.0157115 0.00322283 -11.5644 11.5663 0.00197432
258.876 -0.0157141 0.00322492 -11.5652 11.5671 0.00197652
258.888 -0.0157158 0.00322618 -11.566 11.568 0.00197771
258.899 -0.0157189 0.00322759 -11.5669 11.5689 0.00198038
258.91 -0.0157229 0.00322935 -11.5679 11.5698 0.00198222
258.921 -0.0157256 0.00323099 -11.5688 11.5708 0.00198535
258.933 -0.0157281 0.00323177 -11.5699 11.5718 0.00198907
258.944 -0.0157307 0.00323317 -11.571 11.573 0.00199221
258.955 -0.0157333 0.00323483 -11.5721 11.5741 0.00199524
258.966 -0.0157362 0.00323679 -11.5733 11.5753 0.00199812
258.978 -0.0157398 0.00323962 -11.5746 11.5766 0.00200101
258.989 -0.0157428 0.0032428 -11.5759 11.5779 0.00200362
259 -0.0157454 0.00324613 -11.5773 11.5793 0.00200589
259.011 -0.0157478 0.00324896 -11.5787 11.5807 0.00200784
259.022 -0.01575 0.00325219 -11.5801 11.5821 0.00201017
259.034 -0.0157513 0.00325534 -11.5816 11.5836 0.00201367
259.045 -0.0157535 0.00325876 -11.5831 11.5851 0.00201706
259.056 -0.0157563 0.00326207 -11.5847 11.5867 0.0020205
259.067 -0.0157586 0.00326572 -11.5863 11.5883 0.00202378
259.079 -0.0157606 0.00326882 -11.5879 11.5899 0.00202685
259.09 -0.0157628 0.00327267 -11.5896 11.5916 0.00202842
259.101 -0.0157644 0.00327574 -11.5913 11.5933 0.00203138
259.112 -0.0157647 0.00327758 -11.593 11.5951 0.00203453
259.124 -0.0157657 0.00327964 -11.5949 11.5969 0.00203705
259.135 -0.0157664 0.00328176 -11.5967 11.5987 0.00204079
259.146 -0.0157676 0.00328441 -11.5986 11.6006 0.00204399
259.157 -0.0157687 0.00328766 -11.6005 11.6026 0.00204746
259.169 -0.01577 0.00329092 -11.6025 11.6046 0.00205139
259.18 -0.0157711 0.00329398 -11.6045 11.6066 0.00205507
259.191 -0.0157721 0.00329723 -11.6066 11.6087 0.00205911
259.202 -0.0157738 0.00330016 -11.6087 11.6108 0.00206304
259.213 -0.0157751 0.00330359 -11.6109 11.613 0.00206674
259.225 -0.0157767 0.00330609 -11.6132 11.6152 0.00206885
259.236 -0.0157789 0.00330923 -11.6154 11.6175 0.00207146
259.247 -0.015781 0.00331281 -11.6177 11.6198 0.00207387
259.258 -0.0157834 0.0033158 -11.6201 11.6222 0.0020758
259.27 -0.0157866 0.00331854 -11.6225 11.6245 0.0020783
259.281 -0.0157896 0.003321 -11.6249 11.6269 0.00208167
259.292 -0.0157927 0.00332354 -11.6273 11.6294 0.00208518
259.303 -0.0157948 0.0033265 -11.6298 11.6319 0.00208936
259.315 -0.0157976 0.00332912 -11.6324 11.6344 0.00209316
259.326 -0.0158009 0.00333192 -11.635 11.6371 0.00209603
259.337 -0.0158041 0.00333483 -11.6376 11.6397 0.00209979
259.348 -0.0158086 0.00333685 -11.6403 11.6424 0.00210142
259.36 -0.0158129 0.00334022 -11.643 11.6451 0.00210389
259.371 -0.0158161 0.00334315 -11.6458 11.6479 0.00210678
259.382 -0.0158195 0.00334543 -11.6487 11.6508 0.00211085
259.393 -0.0158236 0.00334814 -11.6515 11.6537 0.00211366
259.404 -0.0158281 0.0033511 -11.6545 11.6566 0.00211668
259.416 -0.0158314 0.00335284 -11.6574 11.6596 0.00211917
259.427 -0.015835 0.00335487 -11.6605 11.6626 0.00212075
259.438 -0.0158385 0.00335613 -11.6635 11.6657 0.00212344
259.449 -0.0158415 0.00335742 -11.6667 11.6688 0.00212645
259.461 -0.0158446 0.00335975 -11.6698 11.672 0.00212926
259.472 -0.0158474 0.00336231 -11.6731 11.6752 0.00213218
259.483 -0.0158505 0.00336533 -11.6763 11.6785 0.00213515
259.494 -0.0158534 0.00336779 -11.6797 11.6818 0.0021375
259.506 -0.0158561 0.0033698 -11.683 11.6852 0.00213924
259.517 -0.0158598 0.00337311 -11.6864 11.6885 0.00214193
259.528 -0.0158638 0.00337652 -11.6899 11.692 0.00214427
259.539 -0.015868 0.00337994 -11.6933 11.6955 0.00214794
259.551 -0.0158716 0.00338308 -11.6969 11.699 0.00215162
259.562 -0.0158749 0.00338544 -11.7005 11.7027 0.00215431
259.573 -0.0158791 0.0033886 -11.7041 11.7063 0.00215776
259.584 -0.015883 0.00339229 -11.7078 11.71 0.00216142
259.596 -0.0158876 0.00339593 -11.7116 11.7137 0.00216497
259.607 -0.0158922 0.00339988 -11.7153 11.7175 0.00216819
259.618 -0.0158962 0.00340379 -11.7191 11.7213 0.00217247
259.629 -0.0159 0.00340758 -11.723 11.7252 0.00217613
259.64 -0.0159038 0.00341145 -11.7269 11.7291 0.00217977
259.652 -0.0159076 0.00341552 -11.7308 11.733 0.00218342
259.663 -0.0159115 0.00341905 -11.7348 11.737 0.00218758
259.674 -0.0159149 0.00342303 -11.7389 11.7411 0.00219137
259.685 -0.0159176 0.0034266 -11.743 11.7452 0.00219557
259.697 -0.0159208 0.00342998 -11.7471 11.7493 0.00219928
259.708 -0.0159246 0.00343284 -11.7513 11.7535 0.00220302
259.719 -0.0159285 0.00343568 -11.7555 11.7577 0.00220651
259.73 -0.0159334 0.00343844 -11.7597 11.7619 0.00220912
259.742 -0.0159375 0.00344112 -11.764 11.7662 0.00221171
259.753 -0.0159413 0.00344315 -11.7683 11.7705 0.00221506
259.764 -0.015946 0.00344547 -11.7727 11.7749 0.00221828
259.775 -0.01595 0.00344864 -11.7771 11.7793 0.00222169
259.787 -0.0159538 0.0034513 -11.7815 11.7838 0.00222485
259.798 -0.0159576 0.00345417 -11.786 11.7883 0.00222839
259.809 -0.0159615 0.00345706 -11.7906 11.7928 0.00223268
259.82 -0.0159653 0.00345929 -11.7952 11.7974 0.00223699
259.831 -0.0159702 0.0034623 -11.7998 11.802 0.00224042
259.843 -0.0159744 0.00346437 -11.8045 11.8067 0.00224498
259.854 -0.0159781 0.00346657 -11.8092 11.8115 0.00224942
259.865 -0.0159819 0.00346785 -11.814 11.8162 0.00225388
259.876 -0.0159859 0.0034701 -11.8188 11.8211 0.00225825
259.888 -0.0159889 0.0034721 -11.8237 11.826 0.00226259
259.899 -0.0159923 0.00347434 -11.8286 11.8309 0.00226638
259.91 -0.0159954 0.00347719 -11.8336 11.8358 0.00227002
259.921 -0.0159989 0.00348021 -11.8385 11.8408 0.00227337
259.933 -0.016003 0.00348361 -11.8436 11.8459 0.00227661
259.944 -0.0160073 0.00348697 -11.8486 11.8509 0.00227973
259.955 -0.0160115 0.00349014 -11.8537 11.856 0.00228321
259.966 -0.0160156 0.00349401 -11.8589 11.8611 0.00228576
259.978 -0.0160203 0.00349785 -11.864 11.8663 0.0022887
259.989 -0.0160241 0.00350241 -11.8692 11.8715 0.00229074
260 -0.016029 0.00350703 -11.8744 11.8767 0.00229276
260.011 -0.0160336 0.00351104 -11.8796 11.8819 0.00229555
260.022 -0.0160379 0.0035143 -11.8848 11.8871 0.00229755
260.034 -0.0160417 0.00351718 -11.89 11.8923 0.00230007
260.045 -0.0160458 0.0035196 -11.8952 11.8975 0.00230288
260.056 -0.0160495 0.00352252 -11.9004 11.9027 0.00230554
260.067 -0.0160539 0.0035252 -11.9057 11.908 0.00230907
260.079 -0.0160587 0.00352748 -11.9109 11.9133 0.00231228
260.09 -0.016063 0.00352967 -11.9162 11.9185 0.00231632
260.101 -0.016068 0.0035322 -11.9215 11.9238 0.00232035
260.112 -0.0160728 0.00353476 -11.9268 11.9291 0.0023237
260.124 -0.0160772 0.00353722 -11.9321 11.9344 0.00232706
260.135 -0.0160807 0.00354071 -11.9374 11.9398 0.00232904
260.146 -0.0160835 0.00354369 -11.9428 11.9451 0.00233047
260.157 -0.016087 0.0035458 -11.9481 11.9504 0.0023325
260.169 -0.0160907 0.00354805 -11.9535 11.9558 0.00233413
260.18 -0.0160955 0.00355032 -11.9588 11.9612 0.00233563
260.191 -0.0161008 0.00355351 -11.9642 11.9665 0.0023375
260.202 -0.0161063 0.00355617 -11.9696 11.9719 0.00233961
260.213 -0.0161124 0.00355856 -11.975 11.9773 0.00234211
260.225 -0.0161176 0.00356046 -11.9804 11.9827 0.00234419
260.236 -0.0161226 0.003563 -11.9858 11.9882 0.00234696
260.247 -0.0161269 0.00356485 -11.9913 11.9936 0.00234966
260.258 -0.0161312 0.00356658 -11.9967 11.9991 0.00235255
260.27 -0.0161354 0.00356879 -12.0022 12.0046 0.00235581
260.281 -0.0161403 0.00357003 -12.0077 12.01 0.00235917
260.292 -0.0161453 0.00357178 -12.0132 12.0155 0.00236263
260.303 -0.0161511 0.0035732 -12.0187 12.0211 0.00236527
260.315 -0.0161567 0.00357598 -12.0242 12.0266 0.00236938
260.326 -0.0161624 0.00357735 -12.0297 12.0321 0.00237328
260.337 -0.0161676 0.00358009 -12.0352 12.0376 0.00237688
260.348 -0.0161732 0.00358197 -12.0408 12.0431 0.00238154
260.36 -0.0161773 0.00358398 -12.0463 12.0487 0.00238596
260.371 -0.016182 0.00358595 -12.0519 12.0543 0.00239088
260.382 -0.0161874 0.00358785 -12.0575 12.0599 0.00239648
260.393 -0.0161919 0.00358917 -12.0631 12.0655 0.00240121
260.404 -0.0161981 0.00359099 -12.0687 12.0711 0.00240598
260.416 -0.0162042 0.00359255 -12.0743 12.0767 0.00241077
260.427 -0.0162105 0.00359453 -12.08 12.0824 0.00241541
260.438 -0.0162172 0.00359644 -12.0856 12.0881 0.00241915
260.449 -0.0162225 0.00359861 -12.0913 12.0937 0.00242171
260.461 -0.0162283 0.00360043 -12.0969 12.0993 0.00242409
260.472 -0.0162338 0.00360232 -12.1025 12.105 0.00242685
260.483 -0.0162395 0.00360346 -12.1081 12.1106 0.00242957
260.494 -0.0162451 0.00360457 -12.1138 12.1162 0.00243131
260.506 -0.0162498 0.00360553 -12.1194 12.1218 0.00243365
260.517 -0.0162544 0.00360617 -12.1249 12.1274 0.00243642
260.528 -0.0162597 0.00360646 -12.1305 12.1329 0.00243863
260.539 -0.0162647 0.00360685 -12.136 12.1385 0.0024408
260.551 -0.0162702 0.00360752 -12.1416 12.144 0.0024426
260.562 -0.0162769 0.00360722 -12.147 12.1495 0.00244556
260.573 -0.0162827 0.0036077 -12.1525 12.155 0.00244792
260.584 -0.0162886 0.00360898 -12.1579 12.1604 0.00245073
260.596 -0.0162944 0.00361019 -12.1633 12.1658 0.00245435
260.607 -0.0163009 0.00361127 -12.1687 12.1712 0.002458
260.618 -0.0163075 0.00361233 -12.1741 12.1766 0.0024629
260.629 -0.0163132 0.00361402 -12.1795 12.1819 0.00246674
260.64 -0.0163201 0.00361626 -12.1848 12.1873 0.00247078
260.652 -0.0163259 0.00361752 -12.1901 12.1926 0.00247542
260.663 -0.0163312 0.00361824 -12.1954 12.1979 0.0024794
260.674 -0.0163362 0.0036183 -12.2008 12.2032 0.00248286
260.685 -0.0163421 0.00361889 -12.206 12.2085 0.00248731
260.697 -0.0163483 0.00361951 -12.2112 12.2137 0.00249138
260.708 -0.0163544 0.00362136 -12.2165 12.2189 0.00249533
260.719 -0.0163606 0.00362246 -12.2216 12.2241 0.00249873
260.73 -0.0163663 0.00362266 -12.2267 12.2292 0.00250114
260.742 -0.0163717 0.00362305 -12.2318 12.2343 0.00250301
260.753 -0.0163778 0.00362276 -12.2369 12.2394 0.00250527
260.764 -0.0163848 0.0036233 -12.2419 12.2444 0.00250839
260.775 -0.0163923 0.00362414 -12.2469 12.2494 0.00251149
260.787 -0.0163991 0.00362557 -12.2519 12.2544 0.00251508
260.798 -0.0164066 0.0036267 -12.2568 12.2593 0.00251837
260.809 -0.016413 0.00362664 -12.2617 12.2642 0.00252106
260.82 -0.0164191 0.00362683 -12.2666 12.2691 0.0025237
260.831 -0.0164243 0.00362833 -12.2714 12.2739 0.00252637
260.843 -0.0164301 0.00363015 -12.2762 12.2787 0.00253065
260.854 -0.0164361 0.00363189 -12.281 12.2835 0.00253474
260.865 -0.0164429 0.00363248 -12.2857 12.2883 0.00253969
260.876 -0.0164495 0.00363359 -12.2905 12.293 0.00254403
260.888 -0.0164554 0.00363497 -12.2952 12.2977 0.00254833
260.899 -0.0164618 0.00363625 -12.2999 12.3025 0.00255263
260.91 -0.0164685 0.00363828 -12.3046 12.3072 0.00255728
260.921 -0.0164757 0.00364087 -12.3093 12.3119 0.00256169
260.933 -0.0164831 0.00364263 -12.314 12.3165 0.00256611
260.944 -0.0164899 0.00364309 -12.3186 12.3212 0.00256939
260.955 -0.0164958 0.00364352 -12.3232 12.3257 0.00257185
260.966 -0.0165017 0.00364332 -12.3277 12.3303 0.00257444
260.978 -0.016508 0.00364522 -12.3322 12.3348 0.00257689
260.989 -0.016514 0.00364687 -12.3367 12.3393 0.00258006
261 -0.01652 0.00364806 -12.3411 12.3437 0.00258317
261.011 -0.016527 0.00364848 -12.3455 12.3481 0.00258568
261.022 -0.0165343 0.00364915 -12.3499 12.3525 0.00258834
261.034 -0.0165414 0.0036498 -12.3543 12.3568 0.00259013
261.045 -0.0165478 0.00365072 -12.3586 12.3612 0.00259228
261.056 -0.0165549 0.0036521 -12.3629 12.3655 0.00259559
261.067 -0.0165613 0.00365326 -12.3671 12.3697 0.00259891
261.079 -0.0165677 0.0036548 -12.3714 12.374 0.00260226
261.09 -0.0165751 0.00365619 -12.3757 12.3783 0.00260588
261.101 -0.0165812 0.00365737 -12.3799 12.3825 0.00260804
261.112 -0.0165878 0.00365829 -12.3841 12.3867 0.00261087
261.124 -0.0165951 0.00365995 -12.3882 12.3908 0.00261379
261.135 -0.0166027 0.00366173 -12.3923 12.3949 0.00261674
261.146 -0.0166089 0.00366329 -12.3963 12.3989 0.00261873
261.157 -0.0166144 0.00366464 -12.4003 12.4029 0.00262076
261.169 -0.0166204 0.00366559 -12.4043 12.4069 0.00262287
261.18 -0.0166269 0.00366674 -12.4082 12.4109 0.00262611
261.191 -0.0166339 0.00366837 -12.4121 12.4147 0.00262977
261.202 -0.0166416 0.00366957 -12.4159 12.4186 0.00263372
261.213 -0.01665 0.00367081 -12.4197 12.4224 0.00263775
261.225 -0.0166568 0.00367222 -12.4235 12.4261 0.00264089
261.236 -0.0166645 0.00367359 -12.4272 12.4299 0.00264381
261.247 -0.0166714 0.00367554 -12.4309 12.4336 0.00264638
261.258 -0.0166776 0.00367723 -12.4346 12.4372 0.0026496
261.27 -0.0166846 0.00367885 -12.4382 12.4409 0.00265225
261.281 -0.016692 0.00368052 -12.4418 12.4445 0.00265508
261.292 -0.0167 0.00368242 -12.4454 12.4481 0.00265837
261.303 -0.0167081 0.00368358 -12.449 12.4517 0.00266147
261.315 -0.0167153 0.00368382 -12.4526 12.4553 0.00266393
261.326 -0.0167233 0.00368549 -12.4561 12.4588 0.00266657
261.337 -0.0167316 0.00368723 -12.4596 12.4623 0.00266983
261.348 -0.0167392 0.00368809 -12.4631 12.4657 0.00267205
261.36 -0.0167457 0.00368846 -12.4665 12.4691 0.00267402
261.371 -0.0167517 0.00368955 -12.4698 12.4725 0.00267594
261.382 -0.0167587 0.00368936 -12.4732 12.4758 0.00267773
261.393 -0.0167661 0.00368971 -12.4764 12.4791 0.00267994
261.404 -0.0167731 0.00369065 -12.4797 12.4824 0.00268269
261.416 -0.0167798 0.00369163 -12.4829 12.4856 0.00268592
261.427 -0.0167874 0.00369299 -12.4861 12.4888 0.00268829
261.438 -0.0167949 0.00369379 -12.4892 12.4919 0.00269171
261.449 -0.0168031 0.00369459 -12.4923 12.495 0.00269496
261.461 -0.0168115 0.00369618 -12.4954 12.4981 0.00269824
261.472 -0.0168202 0.00369773 -12.4984 12.5011 0.00270297
261.483 -0.0168289 0.0036992 -12.5014 12.5041 0.00270768
261.494 -0.0168382 0.00370088 -12.5044 12.5072 0.00271297
261.506 -0.0168473 0.00370194 -12.5074 12.5101 0.00271694
261.517 -0.0168551 0.00370334 -12.5104 12.5131 0.00271994
261.528 -0.0168628 0.0037038 -12.5133 12.516 0.00272216
261.539 -0.0168711 0.00370405 -12.5162 12.5189 0.00272455
261.551 -0.0168796 0.00370534 -12.519 12.5218 0.00272716
261.562 -0.0168866 0.00370708 -12.5218 12.5246 0.00273054
261.573 -0.0168946 0.00370851 -12.5246 12.5273 0.00273238
261.584 -0.0169025 0.00370888 -12.5273 12.5301 0.00273395
261.596 -0.0169101 0.00370978 -12.53 12.5327 0.00273609
261.607 -0.0169172 0.00371109 -12.5326 12.5354 0.00273796
261.618 -0.0169244 0.00371338 -12.5353 12.538 0.00274026
261.629 -0.0169314 0.00371474 -12.5379 12.5406 0.00274238
261.64 -0.0169382 0.00371623 -12.5404 12.5431 0.00274484
261.652 -0.0169457 0.00371753 -12.5429 12.5457 0.00274718
261.663 -0.0169524 0.00371964 -12.5454 12.5482 0.00275061
261.674 -0.0169601 0.00372139 -12.5479 12.5506 0.0027544
261.685 -0.0169689 0.00372265 -12.5503 12.5531 0.00275884
261.697 -0.0169769 0.00372263 -12.5527 12.5555 0.00276279
261.708 -0.016985 0.00372188 -12.5551 12.5579 0.00276599
261.719 -0.0169946 0.00372164 -12.5574 12.5602 0.00276967
261.73 -0.0170024 0.00372158 -12.5598 12.5625 0.00277253
261.742 -0.0170095 0.00372182 -12.5621 12.5648 0.00277504
261.753 -0.0170167 0.00372186 -12.5643 12.5671 0.00277748
261.764 -0.0170222 0.00372316 -12.5666 12.5693 0.00278003
261.775 -0.017028 0.00372512 -12.5688 12.5715 0.00278278
261.787 -0.0170341 0.00372733 -12.5709 12.5737 0.00278613
261.798 -0.0170412 0.00372884 -12.5731 12.5758 0.00278939
261.809 -0.0170483 0.00373018 -12.5751 12.5779 0.00279298
261.82 -0.0170543 0.00373065 -12.5772 12.58 0.00279543
261.831 -0.0170606 0.00373177 -12.5793 12.5821 0.00279813
261.843 -0.0170669 0.00373255 -12.5813 12.5841 0.0028015
261.854 -0.017074 0.00373298 -12.5833 12.5861 0.00280475
261.865 -0.0170821 0.0037328 -12.5853 12.5881 0.0028089
261.876 -0.0170904 0.00373191 -12.5874 12.5902 0.00281244
261.888 -0.0170989 0.00373158 -12.5894 12.5922 0.00281579
261.899 -0.0171069 0.00373021 -12.5914 12.5942 0.00281816
261.91 -0.0171164 0.00372831 -12.5933 12.5961 0.00282214
261.921 -0.0171255 0.00372749 -12.5952 12.598 0.00282537
261.933 -0.017134 0.00372766 -12.597 12.5998 0.00282846
261.944 -0.0171414 0.00372797 -12.5989 12.6017 0.00283236
261.955 -0.017148 0.00372883 -12.6007 12.6035 0.00283565
261.966 -0.0171549 0.00372927 -12.6025 12.6054 0.00283796
261.978 -0.0171612 0.00372899 -12.6043 12.6071 0.00284008
261.989 -0.0171675 0.00372994 -12.606 12.6088 0.0028425
262 -0.0171744 0.00373055 -12.6076 12.6105 0.00284542
262.011 -0.0171822 0.00373212 -12.6093 12.6121 0.00284826
262.022 -0.0171908 0.00373419 -12.6109 12.6138 0.00285111
262.034 -0.0171982 0.00373461 -12.6126 12.6154 0.00285536
262.045 -0.0172065 0.0037348 -12.6142 12.6171 0.00285908
262.056 -0.0172144 0.00373546 -12.6159 12.6188 0.00286166
262.067 -0.0172219 0.00373568 -12.6175 12.6204 0.00286389
262.079 -0.0172296 0.00373535 -12.6191 12.6219 0.00286594
262.09 -0.0172372 0.00373516 -12.6206 12.6235 0.00286813
262.101 -0.0172456 0.00373529 -12.6222 12.625 0.00287044
262.112 -0.0172529 0.00373638 -12.6237 12.6266 0.00287368
262.124 -0.0172607 0.00373752 -12.6252 12.6281 0.00287713
262.135 -0.0172672 0.00373917 -12.6267 12.6295 0.00287908
262.146 -0.0172747 0.00374094 -12.6281 12.631 0.00288304
262.157 -0.0172815 0.00374216 -12.6295 12.6324 0.0028848
262.169 -0.0172877 0.0037437 -12.6309 12.6337 0.00288583
262.18 -0.0172952 0.00374452 -12.6322 12.635 0.00288807
262.191 -0.017303 0.00374572 -12.6335 12.6363 0.00289038
262.202 -0.0173116 0.00374654 -12.6347 12.6376 0.00289475
262.213 -0.0173189 0.00374691 -12.636 12.6389 0.00289804
262.225 -0.0173272 0.0037475 -12.6373 12.6402 0.00290169
262.236 -0.0173355 0.00374747 -12.6385 12.6414 0.00290523
262.247 -0.0173449 0.00374756 -12.6398 12.6427 0.00290798
262.258 -0.0173541 0.00374695 -12.6411 12.644 0.00291135
262.27 -0.017362 0.00374671 -12.6423 12.6452 0.00291453
262.281 -0.0173701 0.0037474 -12.6436 12.6465 0.00291892
262.292 -0.0173779 0.0037476 -12.6449 12.6478 0.00292272
262.303 -0.017385 0.00374805 -12.6462 12.6491 0.00292601
262.315 -0.0173921 0.00374719 -12.6474 12.6503 0.00292937
262.326 -0.0173975 0.00374767 -12.6487 12.6516 0.00293153
262.337 -0.0174037 0.00374869 -12.6498 12.6527 0.00293345
262.348 -0.017409 0.00375051 -12.651 12.6539 0.00293495
262.36 -0.0174141 0.00375149 -12.6521 12.655 0.00293587
262.371 -0.0174205 0.00375252 -12.6532 12.6561 0.00293808
262.382 -0.0174276 0.0037524 -12.6543 12.6573 0.00294154
262.393 -0.0174351 0.00375302 -12.6554 12.6584 0.0029439
262.404 -0.0174424 0.00375372 -12.6566 12.6595 0.00294686
262.416 -0.0174494 0.00375291 -12.6577 12.6606 0.00294904
262.427 -0.0174573 0.00375179 -12.6588 12.6617 0.00295249
262.438 -0.0174649 0.0037503 -12.6599 12.6629 0.00295628
262.449 -0.0174734 0.00374968 -12.661 12.664 0.00296102
262.461 -0.0174823 0.00374881 -12.6622 12.6652 0.00296547
262.472 -0.0174901 0.00374855 -12.6634 12.6664 0.00296968
262.483 -0.017498 0.00374797 -12.6646 12.6675 0.00297304
262.494 -0.0175044 0.00374811 -12.6657 12.6687 0.00297577
262.506 -0.0175111 0.00374834 -12.6669 12.6699 0.00297874
262.517 -0.0175172 0.00374834 -12.668 12.671 0.00298189
262.528 -0.0175236 0.00374875 -12.6692 12.6722 0.00298437
262.539 -0.0175301 0.00375002 -12.6703 12.6733 0.00298768
262.551 -0.0175376 0.0037505 -12.6715 12.6745 0.0029917
262.562 -0.0175441 0.00375157 -12.6728 12.6757 0.00299533
262.573 -0.0175506 0.00375227 -12.674 12.677 0.00299831
262.584 -0.0175571 0.00375324 -12.6752 12.6782 0.00300164
262.596 -0.0175648 0.00375407 -12.6765 12.6795 0.00300398
262.607 -0.0175717 0.00375451 -12.6777 12.6807 0.00300495
262.618 -0.0175805 0.00375446 -12.679 12.682 0.00300664
262.629 -0.0175894 0.00375558 -12.6803 12.6833 0.00300847
262.64 -0.0175982 0.00375633 -12.6815 12.6846 0.00301144
262.652 -0.0176064 0.00375744 -12.6828 12.6859 0.00301567
262.663 -0.0176141 0.00375787 -12.6842 12.6872 0.00301904
262.674 -0.0176201 0.00375831 -12.6855 12.6885 0.0030213
262.685 -0.0176268 0.00375885 -12.6868 12.6898 0.00302391
262.697 -0.0176328 0.00376 -12.6881 12.6911 0.00302677
262.708 -0.0176403 0.0037596 -12.6894 12.6925 0.00302895
262.719 -0.0176484 0.00375947 -12.6908 12.6938 0.00303184
262.73 -0.0176559 0.00375965 -12.6922 12.6952 0.00303604
262.742 -0.017664 0.00375976 -12.6936 12.6966 0.00303977
262.753 -0.0176724 0.00376035 -12.695 12.6981 0.0030445
262.764 -0.0176794 0.00376 -12.6965 12.6996 0.00304818
262.775 -0.0176866 0.00376047 -12.698 12.701 0.00305108
262.787 -0.0176937 0.00376064 -12.6995 12.7025 0.00305329
262.798 -0.0177022 0.00376105 -12.701 12.704 0.00305399
262.809 -0.0177106 0.00376087 -12.7025 12.7056 0.0030561
262.82 -0.0177186 0.00376126 -12.704 12.7071 0.00305939
262.831 -0.0177267 0.00376142 -12.7056 12.7087 0.0030631
262.843 -0.0177346 0.00376215 -12.7072 12.7103 0.0030672
262.854 -0.0177415 0.00376205 -12.7088 12.7118 0.00307045
262.865 -0.0177483 0.00376196 -12.7104 12.7134 0.00307315
262.876 -0.0177545 0.00376145 -12.712 12.7151 0.00307616
262.888 -0.0177606 0.00376053 -12.7136 12.7167 0.00307976
262.899 -0.0177675 0.00376025 -12.7153 12.7183 0.00308277
262.91 -0.0177751 0.00376039 -12.717 12.72 0.00308678
262.921 -0.0177832 0.00376024 -12.7187 12.7218 0.00308967
262.933 -0.0177906 0.00376059 -12.7204 12.7235 0.00309215
262.944 -0.017799 0.00376116 -12.7222 12.7253 0.00309497
262.955 -0.017808 0.00376256 -12.724 12.7271 0.00309731
262.966 -0.0178169 0.00376264 -12.7258 12.7289 0.00309962
262.978 -0.0178243 0.00376375 -12.7277 12.7308 0.00310141
262.989 -0.0178315 0.00376415 -12.7296 12.7327 0.0031031
263 -0.0178388 0.00376464 -12.7314 12.7346 0.00310562
263.011 -0.0178455 0.00376401 -12.7333 12.7364 0.00310909
263.022 -0.0178528 0.00376389 -12.7353 12.7384 0.00311246
263.034 -0.0178597 0.00376388 -12.7372 12.7403 0.00311498
263.045 -0.0178674 0.00376395 -12.7391 12.7422 0.00311802
263.056 -0.0178749 0.00376355 -12.741 12.7441 0.003122
263.067 -0.0178814 0.0037643 -12.743 12.7461 0.00312594
263.079 -0.0178878 0.00376409 -12.7449 12.7481 0.00313014
263.09 -0.0178956 0.00376436 -12.747 12.7501 0.00313534
263.101 -0.0179039 0.00376305 -12.7491 12.7522 0.0031403
263.112 -0.0179117 0.00376202 -12.7512 12.7543 0.00314479
263.124 -0.0179197 0.00376179 -12.7533 12.7564 0.00314911
263.135 -0.0179288 0.00376105 -12.7554 12.7586 0.00315308
263.146 -0.0179385 0.00376127 -12.7576 12.7608 0.00315638
263.157 -0.0179485 0.0037615 -12.7598 12.763 0.00316078
263.169 -0.0179574 0.00376272 -12.7621 12.7652 0.00316498
263.18 -0.017965 0.00376326 -12.7643 12.7675 0.00316765
263.191 -0.0179726 0.00376459 -12.7667 12.7698 0.00317007
263.202 -0.0179802 0.00376612 -12.769 12.7722 0.00317267
263.213 -0.0179892 0.00376566 -12.7714 12.7746 0.00317518
263.225 -0.0179972 0.00376509 -12.7738 12.777 0.00317818
263.236 -0.0180053 0.00376426 -12.7762 12.7794 0.0031797
263.247 -0.0180123 0.00376235 -12.7786 12.7818 0.00318149
263.258 -0.0180202 0.00376155 -12.7811 12.7843 0.00318464
263.27 -0.018029 0.00376106 -12.7836 12.7868 0.00318881
263.281 -0.0180376 0.00376024 -12.7862 12.7894 0.0031936
263.292 -0.0180451 0.00376051 -12.7888 12.792 0.00319768
263.303 -0.0180523 0.00376081 -12.7914 12.7946 0.00320192
263.315 -0.0180596 0.00376068 -12.794 12.7973 0.0032056
263.326 -0.0180677 0.00375866 -12.7967 12.7999 0.00320925
263.337 -0.018077 0.00375679 -12.7994 12.8026 0.00321362
263.348 -0.0180855 0.0037562 -12.8021 12.8053 0.00321778
263.36 -0.0180945 0.00375447 -12.8048 12.808 0.0032212
263.371 -0.0181038 0.00375316 -12.8077 12.8109 0.0032246
263.382 -0.0181132 0.00375202 -12.8105 12.8137 0.00322889
263.393 -0.0181238 0.00375034 -12.8133 12.8166 0.00323301
263.404 -0.0181327 0.00374961 -12.8162 12.8195 0.00323603
263.416 -0.0181416 0.00374924 -12.8191 12.8224 0.0032394
263.427 -0.0181495 0.00375038 -12.822 12.8253 0.00324239
263.438 -0.0181575 0.00375117 -12.825 12.8282 0.00324535
263.449 -0.018164 0.00375208 -12.8279 12.8311 0.00324861
263.461 -0.0181715 0.00375236 -12.8308 12.8341 0.00325299
263.472 -0.0181783 0.0037513 -12.8338 12.8371 0.00325617
263.483 -0.0181858 0.00374972 -12.8368 12.8401 0.00325889
263.494 -0.0181929 0.00374907 -12.8398 12.8431 0.00326154
263.506 -0.0181993 0.00374854 -12.8429 12.8461 0.00326368
263.517 -0.0182058 0.00374707 -12.846 12.8492 0.00326683
263.528 -0.0182141 0.00374711 -12.8491 12.8524 0.00327054
263.539 -0.0182201 0.00374667 -12.8522 12.8555 0.0032717
263.551 -0.0182261 0.00374589 -12.8553 12.8586 0.00327387
263.562 -0.0182329 0.00374512 -12.8584 12.8617 0.00327664
263.573 -0.0182399 0.0037444 -12.8616 12.8649 0.00328057
263.584 -0.0182482 0.00374315 -12.8648 12.8681 0.00328468
263.596 -0.018257 0.00374288 -12.8681 12.8714 0.0032889
263.607 -0.0182669 0.00374213 -12.8714 12.8747 0.00329227
263.618 -0.0182767 0.0037414 -12.8748 12.8781 0.00329624
263.629 -0.0182861 0.00374145 -12.8782 12.8815 0.00330074
263.64 -0.018295 0.00374111 -12.8816 12.8849 0.00330418
263.652 -0.0183032 0.00374064 -12.8851 12.8884 0.00330757
263.663 -0.0183112 0.00374071 -12.8885 12.8918 0.00331108
263.674 -0.0183199 0.00373965 -12.892 12.8953 0.00331532
263.685 -0.0183286 0.00374097 -12.8955 12.8988 0.00331923
263.697 -0.0183371 0.00374191 -12.899 12.9024 0.00332261
263.708 -0.018345 0.00374338 -12.9026 12.9059 0.00332679
263.719 -0.0183518 0.00374304 -12.9061 12.9095 0.00332967
263.73 -0.0183583 0.00374284 -12.9097 12.913 0.00333149
263.742 -0.0183655 0.00374318 -12.9133 12.9166 0.00333433
263.753 -0.0183725 0.00374291 -12.9169 12.9203 0.00333739
263.764 -0.0183797 0.00374293 -12.9206 12.9239 0.00334061
263.775 -0.0183874 0.00374314 -12.9243 12.9276 0.00334462
263.787 -0.0183932 0.00374356 -12.928 12.9313 0.00334798
263.798 -0.0183989 0.00374275 -12.9316 12.935 0.00334994
263.809 -0.0184064 0.00374048 -12.9353 12.9387 0.00335159
263.82 -0.0184137 0.00373964 -12.9391 12.9424 0.00335461
263.831 -0.0184221 0.00373916 -12.9428 12.9462 0.0033581
263.843 -0.0184294 0.00373796 -12.9466 12.9499 0.0033611
263.854 -0.0184375 0.00373693 -12.9503 12.9537 0.0033653
263.865 -0.0184454 0.00373605 -12.9541 12.9574 0.00336978
263.876 -0.0184542 0.00373529 -12.9579 12.9612 0.0033737
263.888 -0.018462 0.00373448 -12.9616 12.965 0.00337737
263.899 -0.0184697 0.00373338 -12.9655 12.9688 0.00338111
263.91 -0.0184772 0.00373281 -12.9693 12.9727 0.00338536
263.921 -0.0184852 0.00373196 -12.9731 12.9765 0.00339065
263.933 -0.0184931 0.00373151 -12.977 12.9804 0.00339532
263.944 -0.0185006 0.00373139 -12.9808 12.9842 0.00339942
263.955 -0.0185084 0.0037312 -12.9847 12.9881 0.00340283
263.966 -0.0185161 0.00373112 -12.9886 12.992 0.00340576
263.978 -0.018524 0.00373076 -12.9925 12.9959 0.00341007
263.989 -0.0185314 0.00373026 -12.9964 12.9998 0.00341469
264 -0.0185382 0.00373022 -13.0004 13.0038 0.00341835
264.011 -0.0185451 0.00373073 -13.0043 13.0077 0.00342235
264.022 -0.0185527 0.00373095 -13.0083 13.0117 0.0034264
264.034 -0.0185597 0.00373235 -13.0123 13.0157 0.00343102
264.045 -0.0185663 0.00373226 -13.0164 13.0198 0.0034359
264.056 -0.0185736 0.00373268 -13.0204 13.0239 0.00344006
264.067 -0.0185809 0.00373263 -13.0245 13.028 0.00344425
264.079 -0.0185886 0.00373421 -13.0286 13.0321 0.00344787
264.09 -0.0185955 0.00373495 -13.0328 13.0362 0.00345072
264.101 -0.0186025 0.00373615 -13.0369 13.0404 0.00345373
264.112 -0.0186095 0.00373697 -13.0411 13.0445 0.00345617
264.124 -0.0186159 0.0037367 -13.0452 13.0486 0.00345883
264.135 -0.0186228 0.00373674 -13.0493 13.0528 0.00346229
264.146 -0.0186308 0.00373678 -13.0535 13.0569 0.00346476
264.157 -0.0186381 0.00373681 -13.0576 13.0611 0.00346864
264.169 -0.0186454 0.00373678 -13.0618 13.0653 0.00347282
264.18 -0.018653 0.00373605 -13.0661 13.0695 0.00347634
264.191 -0.0186598 0.00373534 -13.0702 13.0737 0.00348025
264.202 -0.0186674 0.00373579 -13.0745 13.078 0.00348333
264.213 -0.0186746 0.00373658 -13.0787 13.0822 0.00348612
264.225 -0.0186825 0.00373702 -13.083 13.0865 0.00348975
264.236 -0.0186896 0.00373646 -13.0873 13.0908 0.00349261
264.247 -0.0186963 0.0037358 -13.0916 13.0951 0.0034953
264.258 -0.0187017 0.00373504 -13.0958 13.0993 0.00349716
264.27 -0.0187071 0.00373531 -13.1001 13.1036 0.00349915
264.281 -0.0187133 0.00373563 -13.1043 13.1078 0.00350143
264.292 -0.0187193 0.00373533 -13.1086 13.1121 0.00350465
264.303 -0.0187253 0.00373515 -13.1128 13.1163 0.00350798
264.315 -0.0187327 0.0037336 -13.1171 13.1206 0.00351127
264.326 -0.0187394 0.00373277 -13.1213 13.1249 0.00351435
264.337 -0.0187459 0.00373161 -13.1256 13.1291 0.00351736
264.348 -0.0187527 0.00373061 -13.1299 13.1334 0.00352116
264.36 -0.0187599 0.00373026 -13.1342 13.1377 0.00352531
264.371 -0.0187663 0.00373012 -13.1384 13.142 0.00352935
264.382 -0.0187729 0.00373024 -13.1428 13.1463 0.00353274
264.393 -0.018779 0.00372971 -13.1471 13.1506 0.00353585
264.404 -0.0187855 0.00372931 -13.1514 13.1549 0.00353908
264.416 -0.018793 0.00372919 -13.1557 13.1593 0.00354148
264.427 -0.0187995 0.0037289 -13.1601 13.1636 0.00354393
264.438 -0.0188061 0.00372716 -13.1644 13.1679 0.00354598
264.449 -0.0188119 0.00372579 -13.1687 13.1723 0.00354854
264.461 -0.018818 0.00372456 -13.1731 13.1766 0.00355186
264.472 -0.018824 0.00372416 -13.1774 13.181 0.00355543
264.483 -0.0188302 0.00372403 -13.1818 13.1854 0.00355894
264.494 -0.0188362 0.00372454 -13.1861 13.1897 0.00356282
264.506 -0.0188422 0.00372508 -13.1904 13.194 0.00356623
264.517 -0.0188467 0.0037255 -13.1948 13.1983 0.00356967
264.528 -0.0188521 0.00372595 -13.1991 13.2026 0.00357282
264.539 -0.0188567 0.0037258 -13.2034 13.207 0.00357608
264.551 -0.0188614 0.00372545 -13.2077 13.2113 0.00357869
264.562 -0.0188665 0.00372491 -13.212 13.2156 0.00358154
264.573 -0.0188721 0.00372389 -13.2162 13.2198 0.00358456
264.584 -0.0188782 0.00372319 -13.2205 13.2241 0.00358696
264.596 -0.0188853 0.00372171 -13.2248 13.2283 0.0035911
264.607 -0.0188918 0.00372117 -13.229 13.2326 0.00359485
264.618 -0.0188982 0.00372036 -13.2332 13.2368 0.00359839
264.629 -0.0189051 0.0037197 -13.2374 13.241 0.00360178
264.64 -0.0189112 0.00371882 -13.2417 13.2453 0.00360464
264.652 -0.0189178 0.00371778 -13.2459 13.2495 0.00360679
264.663 -0.0189248 0.00371786 -13.2501 13.2537 0.00361007
264.674 -0.018932 0.00371794 -13.2542 13.2578 0.00361199
264.685 -0.0189396 0.00371707 -13.2584 13.262 0.00361316
264.697 -0.0189468 0.0037156 -13.2626 13.2662 0.0036152
264.708 -0.0189537 0.00371515 -13.2667 13.2703 0.00361722
264.719 -0.0189614 0.00371426 -13.2708 13.2744 0.00361878
264.73 -0.0189685 0.00371207 -13.2749 13.2785 0.00362011
264.742 -0.0189755 0.00371022 -13.2789 13.2825 0.00362162
264.753 -0.0189828 0.0037085 -13.2829 13.2865 0.00362257
264.764 -0.0189895 0.00370699 -13.2869 13.2905 0.00362431
264.775 -0.0189963 0.00370555 -13.2908 13.2944 0.0036262
264.787 -0.0190029 0.00370534 -13.2948 13.2984 0.00362894
264.798 -0.0190096 0.00370535 -13.2986 13.3023 0.00363332
264.809 -0.0190156 0.0037054 -13.3025 13.3062 0.00363788
264.82 -0.0190222 0.00370526 -13.3065 13.3101 0.00364159
264.831 -0.0190289 0.00370535 -13.3103 13.314 0.00364648
264.843 -0.0190358 0.00370504 -13.3142 13.3178 0.00365049
264.854 -0.0190425 0.00370447 -13.318 13.3217 0.00365579
264.865 -0.0190498 0.00370283 -13.3218 13.3255 0.00366094
264.876 -0.0190568 0.00370131 -13.3256 13.3293 0.00366611
264.888 -0.0190634 0.00369983 -13.3294 13.3331 0.00367046
264.899 -0.01907 0.00369797 -13.3331 13.3368 0.003675
264.91 -0.0190768 0.00369565 -13.3368 13.3405 0.00367994
264.921 -0.0190829 0.00369268 -13.3405 13.3442 0.00368416
264.933 -0.0190892 0.00369015 -13.3441 13.3478 0.00368793
264.944 -0.0190966 0.00368849 -13.3477 13.3514 0.00369143
264.955 -0.019104 0.00368752 -13.3513 13.355 0.00369464
264.966 -0.0191103 0.00368629 -13.3549 13.3586 0.00369963
264.978 -0.0191173 0.00368494 -13.3584 13.3621 0.00370469
264.989 -0.0191241 0.00368328 -13.3619 13.3656 0.00370955
265 -0.0191306 0.00368125 -13.3654 13.3691 0.00371312
265.011 -0.0191376 0.00367867 -13.3689 13.3726 0.00371664
265.022 -0.0191444 0.00367641 -13.3724 13.3761 0.00372052
265.034 -0.0191509 0.00367424 -13.3758 13.3795 0.00372524
265.045 -0.0191579 0.0036732 -13.3792 13.3829 0.00372947
265.056 -0.0191645 0.00367113 -13.3826 13.3863 0.00373335
265.067 -0.0191721 0.0036695 -13.3859 13.3897 0.00373781
265.079 -0.01918 0.00366733 -13.3892 13.393 0.00374347
265.09 -0.0191872 0.003665 -13.3925 13.3963 0.00374992
265.101 -0.0191932 0.00366217 -13.3958 13.3996 0.00375641
265.112 -0.0191993 0.00365873 -13.3991 13.4028 0.00376171
265.124 -0.0192051 0.00365593 -13.4023 13.4061 0.0037677
265.135 -0.019212 0.00365317 -13.4055 13.4092 0.00377311
265.146 -0.019218 0.00365024 -13.4086 13.4124 0.00377715
265.157 -0.0192244 0.00364718 -13.4117 13.4155 0.00378141
265.169 -0.0192312 0.00364483 -13.4148 13.4185 0.00378571
265.18 -0.0192372 0.00364313 -13.4178 13.4215 0.00378941
265.191 -0.0192428 0.00364108 -13.4207 13.4245 0.00379317
265.202 -0.0192483 0.00363917 -13.4236 13.4274 0.00379701
265.213 -0.0192542 0.00363759 -13.4265 13.4303 0.00380069
265.225 -0.0192592 0.00363631 -13.4293 13.4331 0.00380436
265.236 -0.0192657 0.00363514 -13.432 13.4359 0.00380889
265.247 -0.0192716 0.00363363 -13.4347 13.4385 0.00381192
265.258 -0.0192781 0.00363334 -13.4374 13.4412 0.00381565
265.27 -0.0192833 0.0036326 -13.4399 13.4437 0.0038196
265.281 -0.0192882 0.0036312 -13.4423 13.4462 0.00382265
265.292 -0.0192932 0.00362994 -13.4447 13.4486 0.0038262
265.303 -0.0192989 0.00362869 -13.447 13.4508 0.00383053
265.315 -0.0193054 0.00362623 -13.4492 13.4531 0.00383575
265.326 -0.0193105 0.00362448 -13.4514 13.4553 0.00384027
265.337 -0.0193163 0.00362373 -13.4535 13.4573 0.00384584
265.348 -0.0193216 0.00362209 -13.4555 13.4593 0.00385
265.36 -0.0193276 0.0036211 -13.4574 13.4613 0.00385526
265.371 -0.0193327 0.00361887 -13.4592 13.4631 0.00386007
265.382 -0.0193384 0.00361772 -13.461 13.4648 0.00386455
265.393 -0.0193438 0.00361561 -13.4627 13.4666 0.00386771
265.404 -0.0193496 0.00361404 -13.4643 13.4681 0.00387125
265.416 -0.0193549 0.00361309 -13.4658 13.4697 0.00387472
265.427 -0.0193608 0.00361062 -13.4673 13.4711 0.00387737
265.438 -0.0193669 0.00360826 -13.4686 13.4725 0.00388086
265.449 -0.0193732 0.00360633 -13.4699 13.4738 0.0038849
265.461 -0.0193788 0.00360405 -13.4712 13.475 0.00388976
265.472 -0.0193837 0.0036016 -13.4722 13.4761 0.0038942
265.483 -0.0193893 0.0035996 -13.4733 13.4772 0.00389882
265.494 -0.0193942 0.00359803 -13.4743 13.4782 0.00390369
265.506 -0.0193987 0.00359814 -13.4752 13.4791 0.00390782
265.517 -0.0194037 0.003597 -13.476 13.4799 0.00391117
265.528 -0.0194083 0.00359525 -13.4768 13.4807 0.00391505
265.539 -0.0194118 0.00359368 -13.4775 13.4814 0.00392002
265.551 -0.0194153 0.00359147 -13.4781 13.482 0.00392439
265.562 -0.0194188 0.00358978 -13.4786 13.4825 0.00392938
265.573 -0.0194217 0.00358735 -13.479 13.4829 0.00393517
265.584 -0.0194258 0.00358563 -13.4794 13.4833 0.00393983
265.596 -0.0194306 0.00358346 -13.4797 13.4836 0.00394418
265.607 -0.0194361 0.00358194 -13.4798 13.4838 0.00394973
265.618 -0.0194414 0.00357987 -13.4799 13.4839 0.0039538
265.629 -0.019447 0.00357714 -13.4799 13.4839 0.00395744
265.64 -0.019453 0.00357414 -13.4798 13.4838 0.00396164
265.652 -0.0194578 0.00357245 -13.4796 13.4836 0.00396502
265.663 -0.0194618 0.00356952 -13.4794 13.4833 0.00396772
265.674 -0.0194661 0.00356797 -13.479 13.4829 0.00397063
265.685 -0.0194716 0.00356686 -13.4785 13.4825 0.0039741
265.697 -0.0194779 0.00356539 -13.4779 13.4819 0.00397763
265.708 -0.0194849 0.00356345 -13.4772 13.4812 0.00398089
265.719 -0.0194912 0.0035625 -13.4764 13.4804 0.00398343
265.73 -0.0194972 0.00356123 -13.4755 13.4795 0.00398495
265.742 -0.0195026 0.00356113 -13.4745 13.4785 0.00398707
265.753 -0.0195088 0.00356065 -13.4734 13.4774 0.00398963
265.764 -0.0195154 0.00356103 -13.4722 13.4762 0.003991
265.775 -0.0195212 0.00356035 -13.4708 13.4748 0.00399345
265.787 -0.0195268 0.00355926 -13.4693 13.4733 0.00399545
265.798 -0.0195325 0.00355902 -13.4678 13.4718 0.0039977
265.809 -0.0195385 0.00355911 -13.466 13.47 0.00400014
265.82 -0.0195434 0.00355945 -13.4641 13.4681 0.00400323
265.831 -0.0195483 0.00355844 -13.4622 13.4662 0.00400557
265.843 -0.0195531 0.00355771 -13.4601 13.4641 0.00400849
265.854 -0.0195577 0.00355728 -13.4578 13.4618 0.00401088
265.865 -0.019562 0.00355644 -13.4555 13.4595 0.00401267
265.876 -0.0195668 0.00355546 -13.453 13.457 0.00401539
265.888 -0.0195709 0.00355354 -13.4504 13.4544 0.00401807
265.899 -0.0195747 0.00355215 -13.4477 13.4518 0.00402036
265.91 -0.0195789 0.00355049 -13.4448 13.4489 0.00402264
265.921 -0.0195836 0.0035483 -13.4418 13.4458 0.00402478
265.933 -0.019589 0.00354694 -13.4388 13.4428 0.00402622
265.944 -0.0195939 0.00354494 -13.4355 13.4395 0.00402934
265.955 -0.0195989 0.00354273 -13.4321 13.4361 0.00403227
265.966 -0.0196039 0.00354043 -13.4286 13.4326 0.00403522
265.978 -0.0196092 0.00353802 -13.4249 13.429 0.00403962
265.989 -0.019615 0.00353538 -13.4212 13.4252 0.00404308
266 -0.0196214 0.00353235 -13.4173 13.4214 0.0040463
266.011 -0.0196264 0.00353094 -13.4133 13.4173 0.00405036
266.022 -0.0196319 0.00352918 -13.4091 13.4131 0.00405475
266.034 -0.019637 0.00352687 -13.4048 13.4088 0.00405837
266.045 -0.0196413 0.00352509 -13.4003 13.4043 0.00406146
266.056 -0.0196459 0.00352362 -13.3956 13.3997 0.00406371
266.067 -0.0196492 0.00352293 -13.3908 13.3949 0.00406646
266.079 -0.0196539 0.00352181 -13.3858 13.3899 0.00406963
266.09 -0.0196589 0.00351966 -13.3807 13.3848 0.0040725
266.101 -0.019664 0.00351789 -13.3755 13.3796 0.00407528
266.112 -0.0196691 0.00351529 -13.37 13.3741 0.00407716
266.124 -0.019674 0.00351274 -13.3645 13.3685 0.00407841
266.135 -0.0196787 0.00351003 -13.3587 13.3628 0.00407836
266.146 -0.0196829 0.00350786 -13.3528 13.3569 0.00407897
266.157 -0.0196882 0.00350528 -13.3468 13.3508 0.00408
266.169 -0.0196932 0.00350293 -13.3406 13.3447 0.00408116
266.18 -0.0196985 0.00350098 -13.3342 13.3383 0.00408197
266.191 -0.0197039 0.00349944 -13.3276 13.3317 0.00408191
266.202 -0.0197095 0.00349866 -13.321 13.325 0.00408135
266.213 -0.0197146 0.00349763 -13.3141 13.3182 0.00408196
266.225 -0.0197199 0.00349671 -13.3071 13.3111 0.00408239
266.236 -0.0197267 0.00349508 -13.3 13.3041 0.00408279
266.247 -0.0197324 0.00349405 -13.2927 13.2968 0.00408386
266.258 -0.0197378 0.00349232 -13.2853 13.2894 0.00408551
266.27 -0.0197443 0.00349072 -13.2778 13.2819 0.004087
266.281 -0.0197503 0.00348865 -13.2701 13.2742 0.00408834
266.292 -0.0197561 0.00348685 -13.2622 13.2663 0.00409031
266.303 -0.0197624 0.00348478 -13.2542 13.2583 0.00409187
266.315 -0.019769 0.00348362 -13.246 13.2501 0.00409318
266.326 -0.019775 0.00348314 -13.2376 13.2417 0.00409464
266.337 -0.0197807 0.00348224 -13.2292 13.2332 0.0040962
266.348 -0.0197864 0.00348143 -13.2205 13.2246 0.00409781
266.36 -0.0197914 0.00348053 -13.2118 13.2159 0.00410005
266.371 -0.0197961 0.00347988 -13.2029 13.207 0.00410079
266.382 -0.0198012 0.00347869 -13.1939 13.198 0.00410251
266.393 -0.0198061 0.00347622 -13.1848 13.1889 0.00410311
266.404 -0.0198115 0.00347416 -13.1755 13.1796 0.00410369
266.416 -0.0198154 0.0034721 -13.1661 13.1702 0.00410514
266.427 -0.0198191 0.00347013 -13.1565 13.1607 0.0041058
266.438 -0.0198232 0.00346913 -13.1469 13.151 0.00410637
266.449 -0.019827 0.00346713 -13.1371 13.1412 0.00410774
266.461 -0.0198315 0.00346405 -13.1272 13.1313 0.00410803
266.472 -0.019835 0.00346098 -13.1172 13.1213 0.00410785
266.483 -0.0198393 0.00345878 -13.107 13.1111 0.00410983
266.494 -0.0198432 0.0034577 -13.0967 13.1008 0.00411099
266.506 -0.0198474 0.00345691 -13.0863 13.0904 0.00411205
266.517 -0.0198519 0.00345632 -13.0758 13.0799 0.0041134
266.528 -0.0198568 0.00345609 -13.0651 13.0693 0.00411496
266.539 -0.0198613 0.00345572 -13.0544 13.0585 0.00411693
266.551 -0.019865 0.00345611 -13.0436 13.0477 0.00412027
266.562 -0.0198688 0.00345595 -13.0326 13.0367 0.00412307
266.573 -0.0198731 0.00345618 -13.0216 13.0257 0.0041251
266.584 -0.0198775 0.00345596 -13.0104 13.0146 0.00412718
266.596 -0.0198813 0.00345616 -12.9992 13.0033 0.00412869
266.607 -0.0198862 0.00345565 -12.9879 12.992 0.00413036
266.618 -0.0198913 0.00345481 -12.9764 12.9806 0.00413313
266.629 -0.0198956 0.00345275 -12.9649 12.9691 0.00413543
266.64 -0.0198994 0.00345288 -12.9534 12.9575 0.0041379
266.652 -0.0199038 0.00345203 -12.9417 12.9459 0.00414137
266.663 -0.0199089 0.00345157 -12.93 12.9342 0.0041446
266.674 -0.0199149 0.00345079 -12.9182 12.9224 0.00414629
266.685 -0.0199198 0.00345028 -12.9064 12.9105 0.00414949
266.697 -0.0199257 0.0034497 -12.8945 12.8986 0.00415158
266.708 -0.0199318 0.00344864 -12.8825 12.8866 0.00415393
266.719 -0.0199368 0.00344773 -12.8704 12.8746 0.00415733
266.73 -0.0199415 0.0034469 -12.8583 12.8624 0.00416107
266.742 -0.019947 0.00344533 -12.8461 12.8503 0.00416377
266.753 -0.0199518 0.00344336 -12.8339 12.838 0.00416675
266.764 -0.0199569 0.00344165 -12.8216 12.8257 0.00416968
266.775 -0.0199614 0.00344005 -12.8092 12.8134 0.00417337
266.787 -0.0199666 0.00343789 -12.7969 12.801 0.00417671
266.798 -0.0199711 0.00343647 -12.7844 12.7886 0.00417977
266.809 -0.0199763 0.00343613 -12.772 12.7762 0.0041817
266.82 -0.0199824 0.00343635 -12.7594 12.7635 0.0041848
266.831 -0.0199876 0.00343629 -12.7468 12.751 0.0041881
266.843 -0.0199932 0.00343624 -12.7342 12.7384 0.00419143
266.854 -0.0199991 0.00343632 -12.7216 12.7258 0.00419512
266.865 -0.0200052 0.00343698 -12.7089 12.7131 0.00419861
266.876 -0.0200105 0.00343656 -12.6962 12.7004 0.0042023
266.888 -0.0200153 0.0034361 -12.6834 12.6876 0.00420636
266.899 -0.0200197 0.00343471 -12.6706 12.6748 0.00421071
266.91 -0.0200235 0.00343161 -12.6578 12.662 0.00421436
266.921 -0.0200277 0.00342945 -12.6449 12.6491 0.00421817
266.933 -0.0200317 0.00342762 -12.632 12.6362 0.00422189
266.944 -0.0200354 0.00342516 -12.6191 12.6234 0.00422621
266.955 -0.0200396 0.00342257 -12.6062 12.6104 0.00423114
266.966 -0.0200441 0.00342025 -12.5932 12.5974 0.00423566
266.978 -0.0200481 0.00341829 -12.5802 12.5845 0.00423936
266.989 -0.0200526 0.00341641 -12.5672 12.5715 0.00424336
267 -0.0200569 0.00341474 -12.5542 12.5584 0.00424823
267.011 -0.0200609 0.00341306 -12.5412 12.5454 0.00425197
267.022 -0.0200647 0.00341106 -12.5281 12.5323 0.00425601
267.034 -0.0200681 0.00340938 -12.515 12.5193 0.0042604
267.045 -0.020072 0.0034076 -12.5019 12.5062 0.00426427
267.056 -0.0200757 0.00340569 -12.4888 12.4931 0.00426756
267.067 -0.0200803 0.00340534 -12.4756 12.4799 0.00427003
267.079 -0.020085 0.00340499 -12.4625 12.4668 0.00427264
267.09 -0.0200892 0.00340475 -12.4492 12.4535 0.00427693
267.101 -0.0200928 0.00340395 -12.436 12.4403 0.00428062
267.112 -0.0200969 0.00340325 -12.4228 12.4271 0.00428342
267.124 -0.0201014 0.00340138 -12.4095 12.4138 0.00428636
267.135 -0.020106 0.00340011 -12.3962 12.4005 0.00428971
267.146 -0.0201089 0.00339869 -12.3829 12.3872 0.0042936
267.157 -0.0201115 0.00339697 -12.3696 12.3739 0.00429826
267.169 -0.0201139 0.00339558 -12.3563 12.3606 0.00430299
267.18 -0.0201163 0.00339433 -12.3431 12.3474 0.00430732
267.191 -0.0201192 0.00339296 -12.3298 12.3341 0.00431207
267.202 -0.0201231 0.00339127 -12.3166 12.3209 0.00431672
267.213 -0.0201272 0.00338965 -12.3034 12.3077 0.00432012
267.225 -0.0201303 0.00338858 -12.2902 12.2945 0.00432332
267.236 -0.020135 0.00338744 -12.277 12.2814 0.00432612
267.247 -0.0201395 0.00338689 -12.2639 12.2683 0.00432833
267.258 -0.020143 0.0033866 -12.2508 12.2551 0.00432952
267.27 -0.0201472 0.00338642 -12.2377 12.242 0.00433174
267.281 -0.0201519 0.0033867 -12.2247 12.229 0.00433372
267.292 -0.0201562 0.00338685 -12.2116 12.216 0.00433597
267.303 -0.0201594 0.00338799 -12.1987 12.203 0.00433838
267.315 -0.0201633 0.00338879 -12.1857 12.1901 0.00434075
267.326 -0.020167 0.0033893 -12.1728 12.1772 0.00434438
267.337 -0.0201716 0.00339039 -12.16 12.1644 0.00434835
267.348 -0.0201763 0.0033915 -12.1472 12.1516 0.00435231
267.36 -0.0201815 0.00339255 -12.1345 12.1388 0.0043559
267.371 -0.0201864 0.00339262 -12.1218 12.1262 0.00435986
267.382 -0.0201921 0.00339244 -12.1092 12.1136 0.00436466
267.393 -0.0201976 0.00339219 -12.0967 12.101 0.00437068
267.404 -0.0202034 0.00339261 -12.0842 12.0885 0.0043756
267.416 -0.0202084 0.00339315 -12.0717 12.0761 0.00438052
267.427 -0.0202138 0.00339314 -12.0593 12.0637 0.00438571
267.438 -0.0202182 0.003393 -12.0469 12.0513 0.00439086
267.449 -0.0202237 0.00339265 -12.0347 12.0391 0.00439537
267.461 -0.0202292 0.00339224 -12.0224 12.0268 0.0044004
267.472 -0.0202349 0.00339241 -12.0102 12.0146 0.00440549
267.483 -0.0202396 0.00339186 -11.9981 12.0025 0.00441084
267.494 -0.0202452 0.00339088 -11.9859 11.9904 0.00441606
267.506 -0.0202487 0.0033902 -11.9739 11.9783 0.00442038
267.517 -0.0202531 0.00338916 -11.9618 11.9663 0.00442558
267.528 -0.0202568 0.00338845 -11.9498 11.9543 0.00443037
267.539 -0.0202618 0.00338781 -11.9378 11.9423 0.00443527
267.551 -0.0202659 0.003387 -11.9259 11.9304 0.00444047
267.562 -0.02027 0.00338605 -11.914 11.9184 0.0044455
267.573 -0.0202738 0.00338527 -11.902 11.9065 0.00445084
267.584 -0.0202783 0.00338521 -11.8902 11.8946 0.00445568
267.596 -0.0202823 0.00338495 -11.8783 11.8827 0.00446119
267.607 -0.0202857 0.00338578 -11.8664 11.8709 0.00446633
267.618 -0.0202898 0.0033865 -11.8547 11.8591 0.00447055
267.629 -0.0202945 0.00338788 -11.8429 11.8473 0.00447525
267.64 -0.0202988 0.00338728 -11.8311 11.8356 0.00447929
267.652 -0.0203032 0.00338805 -11.8194 11.8239 0.00448324
267.663 -0.0203079 0.0033879 -11.8077 11.8122 0.00448779
267.674 -0.0203115 0.0033877 -11.796 11.8005 0.00449238
267.685 -0.0203145 0.003388 -11.7843 11.7888 0.00449719
267.697 -0.0203181 0.00338859 -11.7727 11.7772 0.00450192
267.708 -0.0203212 0.00338793 -11.7611 11.7656 0.00450627
267.719 -0.0203243 0.00338728 -11.7496 11.7541 0.00450968
267.73 -0.0203283 0.00338749 -11.7381 11.7426 0.00451371
267.742 -0.0203319 0.00338758 -11.7266 11.7311 0.00451787
267.753 -0.0203359 0.00338687 -11.7151 11.7196 0.00452155
267.764 -0.02034 0.00338619 -11.7037 11.7082 0.00452437
267.775 -0.0203445 0.00338604 -11.6922 11.6967 0.00452778
267.787 -0.0203488 0.00338623 -11.6808 11.6853 0.0045306
267.798 -0.020354 0.00338569 -11.6694 11.6739 0.00453334
267.809 -0.0203578 0.00338484 -11.658 11.6625 0.00453669
267.82 -0.0203611 0.00338409 -11.6466 11.6511 0.00453912
267.831 -0.0203648 0.00338441 -11.6352 11.6398 0.00454189
267.843 -0.020369 0.00338354 -11.6239 11.6284 0.0045448
267.854 -0.0203729 0.00338352 -11.6125 11.617 0.0045461
267.865 -0.0203765 0.00338396 -11.6011 11.6057 0.00454975
267.876 -0.02038 0.00338484 -11.5898 11.5943 0.00455251
267.888 -0.0203829 0.00338548 -11.5784 11.583 0.00455442
267.899 -0.0203856 0.00338564 -11.5671 11.5716 0.00455706
267.91 -0.0203888 0.00338642 -11.5558 11.5603 0.0045595
267.921 -0.0203917 0.00338722 -11.5445 11.549 0.00456181
267.933 -0.020394 0.00338802 -11.5332 11.5377 0.00456532
267.944 -0.0203955 0.00338876 -11.5219 11.5265 0.00456899
267.955 -0.0203974 0.00338944 -11.5107 11.5152 0.00457175
267.966 -0.0204001 0.0033902 -11.4994 11.504 0.00457504
267.978 -0.020403 0.00339067 -11.4882 11.4928 0.00457839
267.989 -0.0204057 0.00339151 -11.477 11.4816 0.00458212
268 -0.020409 0.00339245 -11.4659 11.4704 0.00458629
268.011 -0.0204125 0.00339398 -11.4547 11.4593 0.00459032
268.022 -0.0204157 0.00339554 -11.4436 11.4482 0.00459398
268.034 -0.0204189 0.00339728 -11.4326 11.4372 0.00459788
268.045 -0.0204223 0.00339832 -11.4216 11.4262 0.00460081
268.056 -0.0204253 0.0033986 -11.4106 11.4152 0.0046024
268.067 -0.0204286 0.00339882 -11.3996 11.4042 0.00460452
268.079 -0.0204323 0.00339923 -11.3887 11.3933 0.00460594
268.09 -0.0204367 0.00339999 -11.3778 11.3824 0.0046078
268.101 -0.0204402 0.00340056 -11.367 11.3716 0.00461049
268.112 -0.020444 0.00340121 -11.3562 11.3608 0.00461253
268.124 -0.0204474 0.0034023 -11.3454 11.3501 0.00461408
268.135 -0.020451 0.00340276 -11.3347 11.3393 0.00461679
268.146 -0.0204548 0.00340302 -11.324 11.3286 0.00461785
268.157 -0.0204591 0.00340333 -11.3133 11.318 0.00461851
268.169 -0.0204624 0.00340342 -11.3027 11.3073 0.00461926
268.18 -0.0204645 0.00340383 -11.2921 11.2967 0.00462022
268.191 -0.0204674 0.00340473 -11.2816 11.2862 0.00462088
268.202 -0.0204703 0.0034056 -11.271 11.2756 0.0046227
268.213 -0.0204735 0.00340576 -11.2606 11.2652 0.00462382
268.225 -0.0204763 0.00340576 -11.2501 11.2548 0.00462514
268.236 -0.0204788 0.00340642 -11.2397 11.2444 0.00462715
268.247 -0.020482 0.00340788 -11.2294 11.234 0.00462901
268.258 -0.0204854 0.00340914 -11.2192 11.2238 0.00463077
268.27 -0.0204891 0.00341078 -11.209 11.2136 0.0046345
268.281 -0.0204923 0.00341267 -11.1988 11.2035 0.00463784
268.292 -0.020495 0.00341451 -11.1888 11.1934 0.00464199
268.303 -0.0204975 0.00341639 -11.1788 11.1834 0.00464531
268.315 -0.0204993 0.00341767 -11.1688 11.1735 0.00464805
268.326 -0.0205014 0.00341793 -11.159 11.1636 0.0046509
268.337 -0.0205034 0.00341723 -11.1491 11.1538 0.0046535
268.348 -0.0205055 0.00341794 -11.1393 11.144 0.00465679
268.36 -0.020508 0.00341899 -11.1296 11.1343 0.00465971
268.371 -0.0205106 0.00342008 -11.1199 11.1246 0.00466281
268.382 -0.0205128 0.00342125 -11.1103 11.115 0.00466578
268.393 -0.0205164 0.00342102 -11.1008 11.1054 0.00466858
268.404 -0.0205206 0.00342088 -11.0913 11.0959 0.00467152
268.416 -0.0205245 0.00342073 -11.0818 11.0865 0.00467323
268.427 -0.0205288 0.00341991 -11.0724 11.0771 0.00467449
268.438 -0.0205327 0.00341978 -11.0631 11.0677 0.00467708
268.449 -0.0205371 0.00341915 -11.0538 11.0585 0.00467985
268.461 -0.0205406 0.00341924 -11.0446 11.0492 0.00468274
268.472 -0.0205434 0.00341957 -11.0354 11.0401 0.00468665
268.483 -0.0205467 0.00342012 -11.0263 11.031 0.00468988
268.494 -0.0205489 0.0034203 -11.0173 11.022 0.00469175
268.506 -0.0205524 0.0034205 -11.0083 11.013 0.00469459
268.517 -0.0205549 0.00342026 -10.9994 11.0041 0.00469843
268.528 -0.0205575 0.00342063 -10.9905 10.9952 0.00470115
268.539 -0.0205603 0.00342088 -10.9817 10.9864 0.00470438
268.551 -0.0205626 0.00342049 -10.973 10.9777 0.00470866
268.562 -0.0205644 0.0034212 -10.9644 10.9691 0.00471283
268.573 -0.0205671 0.00342178 -10.9558 10.9605 0.00471619
268.584 -0.020569 0.00342134 -10.9473 10.952 0.00471913
268.596 -0.0205714 0.00342207 -10.9388 10.9435 0.00472155
268.607 -0.0205737 0.00342231 -10.9304 10.9351 0.00472456
268.618 -0.0205769 0.00342183 -10.9221 10.9268 0.00472727
268.629 -0.0205797 0.00342159 -10.9138 10.9185 0.00473041
268.64 -0.0205828 0.00342121 -10.9056 10.9103 0.00473397
268.652 -0.0205865 0.00342074 -10.8975 10.9022 0.00473737
268.663 -0.0205895 0.00342073 -10.8894 10.8942 0.00474058
268.674 -0.0205925 0.00342092 -10.8814 10.8862 0.0047434
268.685 -0.0205952 0.00342141 -10.8735 10.8782 0.00474644
268.697 -0.0205988 0.00342154 -10.8656 10.8704 0.00474938
268.708 -0.0206017 0.00342207 -10.8578 10.8626 0.00475375
268.719 -0.0206053 0.00342263 -10.8501 10.8548 0.00475716
268.73 -0.0206086 0.0034234 -10.8424 10.8472 0.00476061
268.742 -0.0206119 0.00342348 -10.8348 10.8396 0.0047645
268.753 -0.0206158 0.00342315 -10.8273 10.8321 0.00476758
268.764 -0.0206196 0.00342254 -10.8198 10.8246 0.00477003
268.775 -0.0206226 0.00342203 -10.8124 10.8172 0.00477367
268.787 -0.020626 0.00342202 -10.8051 10.8099 0.00477672
268.798 -0.0206288 0.00342176 -10.7979 10.8027 0.00478019
268.809 -0.0206317 0.00342221 -10.7907 10.7955 0.00478374
268.82 -0.0206339 0.00342267 -10.7836 10.7884 0.00478804
268.831 -0.0206367 0.00342335 -10.7766 10.7814 0.00479107
268.843 -0.0206394 0.00342366 -10.7696 10.7744 0.00479429
268.854 -0.0206428 0.00342345 -10.7627 10.7675 0.00479762
268.865 -0.0206453 0.00342453 -10.7559 10.7607 0.00480111
268.876 -0.0206474 0.00342444 -10.7492 10.754 0.00480443
268.888 -0.0206503 0.00342415 -10.7426 10.7474 0.00480815
268.899 -0.0206541 0.00342415 -10.7361 10.7409 0.00481104
268.91 -0.0206558 0.00342448 -10.7296 10.7345 0.00481493
268.921 -0.0206574 0.0034255 -10.7233 10.7281 0.00481952
268.933 -0.02066 0.00342666 -10.7171 10.7219 0.00482319
268.944 -0.0206642 0.00342766 -10.7109 10.7157 0.00482658
268.955 -0.0206678 0.00342755 -10.7048 10.7096 0.00482949
268.966 -0.0206727 0.00342837 -10.6988 10.7037 0.00483228
268.978 -0.0206768 0.00342844 -10.6929 10.6977 0.00483601
268.989 -0.0206808 0.003429 -10.6871 10.6919 0.00483982
269 -0.0206845 0.00342938 -10.6814 10.6862 0.00484301
269.011 -0.0206883 0.00343127 -10.6757 10.6806 0.00484599
269.022 -0.020691 0.00343313 -10.6701 10.675 0.00484897
269.034 -0.0206942 0.00343596 -10.6647 10.6695 0.00485342
269.045 -0.0206979 0.00343863 -10.6593 10.6642 0.00485798
269.056 -0.020702 0.00344036 -10.654 10.6589 0.00486109
269.067 -0.0207057 0.00344289 -10.6488 10.6537 0.00486481
269.079 -0.0207106 0.00344436 -10.6437 10.6485 0.00486862
269.09 -0.0207148 0.00344579 -10.6386 10.6435 0.00487259
269.101 -0.0207191 0.00344646 -10.6336 10.6385 0.00487532
269.112 -0.0207227 0.00344619 -10.6287 10.6336 0.0048777
269.124 -0.0207258 0.00344661 -10.6238 10.6287 0.00487939
269.135 -0.0207303 0.00344763 -10.619 10.6239 0.00488069
269.146 -0.0207336 0.00344855 -10.6143 10.6192 0.0048825
269.157 -0.0207375 0.00344919 -10.6096 10.6145 0.00488505
269.169 -0.0207412 0.00345045 -10.6051 10.6099 0.00488813
269.18 -0.0207443 0.00345209 -10.6006 10.6055 0.00489133
269.191 -0.0207473 0.00345318 -10.5961 10.601 0.00489483
269.202 -0.0207502 0.00345385 -10.5918 10.5967 0.00489797
269.213 -0.0207533 0.00345495 -10.5876 10.5925 0.00490148
269.225 -0.0207556 0.00345551 -10.5834 10.5883 0.0049047
269.236 -0.0207588 0.0034562 -10.5793 10.5843 0.00490688
269.247 -0.0207627 0.00345572 -10.5753 10.5802 0.00490893
269.258 -0.0207657 0.00345607 -10.5714 10.5763 0.00491106
269.27 -0.0207685 0.00345533 -10.5675 10.5724 0.00491318
269.281 -0.0207712 0.00345509 -10.5636 10.5685 0.00491734
269.292 -0.0207737 0.00345507 -10.5599 10.5648 0.00492198
269.303 -0.0207773 0.00345526 -10.5562 10.5611 0.00492636
269.315 -0.0207813 0.00345532 -10.5526 10.5575 0.00493109
269.326 -0.020785 0.00345599 -10.549 10.5539 0.00493533
269.337 -0.0207895 0.00345618 -10.5456 10.5505 0.0049394
269.348 -0.0207936 0.00345747 -10.5421 10.5471 0.00494344
269.36 -0.0207976 0.00345958 -10.5388 10.5437 0.00494791
269.371 -0.0208016 0.00346088 -10.5355 10.5405 0.00495106
269.382 -0.0208054 0.00346277 -10.5323 10.5373 0.00495449
269.393 -0.0208091 0.0034638 -10.5292 10.5341 0.00495837
269.404 -0.0208121 0.0034646 -10.5261 10.5311 0.00496116
269.416 -0.0208156 0.00346448 -10.523 10.528 0.00496521
269.427 -0.0208181 0.00346493 -10.5201 10.525 0.00496843
269.438 -0.0208207 0.00346458 -10.5171 10.5221 0.00497061
269.449 -0.0208228 0.00346518 -10.5142 10.5192 0.00497347
269.461 -0.0208248 0.00346496 -10.5113 10.5163 0.00497646
269.472 -0.0208274 0.00346561 -10.5086 10.5135 0.00497805
269.483 -0.0208307 0.00346555 -10.5058 10.5108 0.00497991
269.494 -0.0208345 0.00346562 -10.5031 10.5081 0.0049816
269.506 -0.0208384 0.00346624 -10.5004 10.5054 0.00498394
269.517 -0.0208412 0.00346648 -10.4978 10.5028 0.00498726
269.528 -0.0208451 0.00346807 -10.4953 10.5003 0.00499118
269.539 -0.0208481 0.00346902 -10.4928 10.4978 0.00499464
269.551 -0.0208512 0.00346942 -10.4904 10.4954 0.00499823
269.562 -0.020854 0.00346986 -10.4881 10.4931 0.00500093
269.573 -0.0208578 0.00347091 -10.4859 10.4909 0.00500319
269.584 -0.0208612 0.00347165 -10.4837 10.4887 0.00500589
269.596 -0.0208652 0.00347242 -10.4815 10.4865 0.0050079
269.607 -0.0208685 0.0034729 -10.4795 10.4845 0.0050101
269.618 -0.020872 0.00347369 -10.4775 10.4825 0.00501172
269.629 -0.0208746 0.00347433 -10.4756 10.4806 0.00501434
269.64 -0.0208772 0.00347497 -10.4737 10.4787 0.00501756
269.652 -0.02088 0.00347508 -10.472 10.477 0.00502097
269.663 -0.0208839 0.00347605 -10.4703 10.4753 0.00502413
269.674 -0.0208871 0.00347592 -10.4687 10.4737 0.00502631
269.685 -0.0208899 0.00347559 -10.4671 10.4721 0.00502764
269.697 -0.0208928 0.00347597 -10.4656 10.4706 0.00502878
269.708 -0.0208959 0.0034768 -10.4642 10.4692 0.0050304
269.719 -0.0208991 0.00347748 -10.4629 10.4679 0.00503232
269.73 -0.0209017 0.00347925 -10.4616 10.4666 0.00503431
269.742 -0.0209051 0.00348049 -10.4604 10.4654 0.00503555
269.753 -0.0209069 0.0034817 -10.4593 10.4643 0.00503713
269.764 -0.0209095 0.0034837 -10.4582 10.4632 0.00503872
269.775 -0.0209133 0.00348479 -10.4572 10.4622 0.00503919
269.787 -0.0209168 0.00348541 -10.4562 10.4613 0.00504049
269.798 -0.0209194 0.00348669 -10.4554 10.4604 0.00504273
269.809 -0.0209217 0.00348659 -10.4545 10.4596 0.00504555
269.82 -0.0209253 0.00348656 -10.4538 10.4589 0.00504882
269.831 -0.0209278 0.00348714 -10.4532 10.4582 0.00505263
269.843 -0.0209294 0.00348783 -10.4526 10.4577 0.00505488
269.854 -0.0209305 0.00348816 -10.4521 10.4572 0.00505826
269.865 -0.0209314 0.00348803 -10.4517 10.4568 0.00506242
269.876 -0.0209339 0.00348791 -10.4514 10.4565 0.0050664
269.888 -0.0209363 0.00348702 -10.4512 10.4563 0.00506961
269.899 -0.020939 0.00348752 -10.4511 10.4561 0.00507349
269.91 -0.0209406 0.00348818 -10.451 10.4561 0.0050777
269.921 -0.0209433 0.00348804 -10.4511 10.4561 0.00508092
269.933 -0.0209464 0.00348864 -10.4512 10.4563 0.0050839
269.944 -0.0209499 0.00348937 -10.4514 10.4565 0.00508682
269.955 -0.020953 0.00349005 -10.4516 10.4567 0.00508865
269.966 -0.0209558 0.00349079 -10.452 10.4571 0.00509105
269.978 -0.020959 0.00349168 -10.4524 10.4575 0.00509357
269.989 -0.0209624 0.00349179 -10.4529 10.458 0.00509552
270 -0.0209656 0.00349187 -10.4535 10.4586 0.00509753
270.011 -0.0209686 0.00349265 -10.4542 10.4593 0.00509957
270.022 -0.0209711 0.00349292 -10.455 10.4601 0.00510198
270.034 -0.020975 0.00349361 -10.4558 10.4609 0.00510352
270.045 -0.0209789 0.00349404 -10.4567 10.4618 0.00510505
270.056 -0.0209822 0.00349398 -10.4577 10.4628 0.00510768
270.067 -0.0209857 0.00349572 -10.4588 10.4639 0.00511056
270.079 -0.0209894 0.00349741 -10.46 10.4651 0.00511371
270.09 -0.0209936 0.00349811 -10.4613 10.4664 0.00511643
270.101 -0.0209975 0.00349845 -10.4627 10.4678 0.00511813
270.112 -0.0210011 0.0034983 -10.4642 10.4693 0.00512
270.124 -0.0210043 0.00349895 -10.4657 10.4709 0.00512249
270.135 -0.0210078 0.00349913 -10.4674 10.4726 0.00512471
270.146 -0.0210112 0.0034992 -10.4692 10.4744 0.00512536
270.157 -0.0210142 0.0034995 -10.4711 10.4762 0.00512747
270.169 -0.0210165 0.00350025 -10.4731 10.4782 0.00512998
270.18 -0.021019 0.00350098 -10.4752 10.4803 0.00513156
270.191 -0.0210214 0.00350153 -10.4773 10.4825 0.00513395
270.202 -0.0210251 0.0035027 -10.4796 10.4847 0.00513583
270.213 -0.0210286 0.00350339 -10.4819 10.487 0.00513603
270.225 -0.0210312 0.00350315 -10.4843 10.4895 0.00513603
270.236 -0.0210336 0.00350274 -10.4868 10.4919 0.00513644
270.247 -0.0210362 0.00350192 -10.4894 10.4945 0.00513709
270.258 -0.0210386 0.00350203 -10.4921 10.4972 0.00513755
270.27 -0.0210409 0.00350223 -10.4948 10.4999 0.00513747
270.281 -0.0210438 0.00350212 -10.4976 10.5028 0.00513705
270.292 -0.0210465 0.0035014 -10.5006 10.5057 0.00513789
270.303 -0.0210488 0.00350125 -10.5036 10.5087 0.00513892
270.315 -0.0210517 0.00350166 -10.5067 10.5119 0.00514016
270.326 -0.0210548 0.00350163 -10.51 10.5151 0.00514031
270.337 -0.0210574 0.00350174 -10.5133 10.5184 0.00514102
270.348 -0.0210601 0.00350194 -10.5167 10.5218 0.00514141
270.36 -0.0210631 0.00350188 -10.5202 10.5254 0.00514139
270.371 -0.0210652 0.00350209 -10.5239 10.529 0.00514274
270.382 -0.0210685 0.00350294 -10.5276 10.5328 0.00514433
270.393 -0.0210718 0.00350376 -10.5315 10.5366 0.00514586
270.404 -0.0210752 0.00350514 -10.5354 10.5406 0.00514728
270.416 -0.0210787 0.00350613 -10.5395 10.5447 0.00514842
270.427 -0.0210828 0.00350667 -10.5437 10.5488 0.00514969
270.438 -0.0210858 0.0035066 -10.5479 10.5531 0.00514979
270.449 -0.0210893 0.00350687 -10.5522 10.5574 0.00514938
270.461 -0.0210926 0.00350785 -10.5566 10.5617 0.00514962
270.472 -0.0210951 0.00350896 -10.5611 10.5662 0.00515
270.483 -0.0210973 0.0035103 -10.5657 10.5708 0.00515014
270.494 -0.0210998 0.00351141 -10.5704 10.5755 0.00515057
270.506 -0.0211014 0.00351196 -10.5752 10.5803 0.00515193
270.517 -0.0211025 0.0035135 -10.5801 10.5853 0.00515358
270.528 -0.0211043 0.00351492 -10.5851 10.5903 0.0051554
270.539 -0.0211056 0.00351638 -10.5902 10.5954 0.00515727
270.551 -0.0211082 0.00351677 -10.5954 10.6006 0.00515694
270.562 -0.0211105 0.00351765 -10.6007 10.6059 0.00515778
270.573 -0.0211128 0.00351876 -10.6061 10.6113 0.00515839
270.584 -0.0211155 0.00351949 -10.6117 10.6168 0.0051589
270.596 -0.0211176 0.00352043 -10.6172 10.6224 0.00516018
270.607 -0.0211196 0.00352105 -10.623 10.6281 0.00516153
270.618 -0.0211222 0.00352212 -10.6288 10.6339 0.00516304
270.629 -0.0211263 0.00352355 -10.6347 10.6399 0.00516491
270.64 -0.0211295 0.00352422 -10.6408 10.6459 0.00516661
270.652 -0.0211324 0.00352538 -10.6469 10.6521 0.00516823
270.663 -0.021136 0.00352627 -10.6532 10.6584 0.00517006
270.674 -0.0211393 0.00352681 -10.6595 10.6647 0.0051712
270.685 -0.0211415 0.00352819 -10.666 10.6712 0.00517226
270.697 -0.0211441 0.00352937 -10.6725 10.6777 0.00517349
270.708 -0.0211463 0.00353039 -10.6792 10.6844 0.0051739
270.719 -0.0211484 0.00353209 -10.686 10.6911 0.0051735
270.73 -0.0211507 0.00353324 -10.6928 10.698 0.00517432
270.742 -0.0211526 0.00353451 -10.6997 10.7049 0.00517454
270.753 -0.0211539 0.0035363 -10.7067 10.7119 0.00517494
270.764 -0.0211558 0.00353739 -10.7138 10.7189 0.00517585
270.775 -0.0211581 0.00353904 -10.7209 10.7261 0.00517695
270.787 -0.0211608 0.00354161 -10.7282 10.7334 0.00517827
270.798 -0.021163 0.00354284 -10.7356 10.7407 0.00518022
270.809 -0.0211666 0.00354491 -10.743 10.7481 0.00518209
270.82 -0.0211697 0.00354612 -10.7505 10.7557 0.00518353
270.831 -0.0211724 0.0035474 -10.7582 10.7633 0.00518682
270.843 -0.0211744 0.00354847 -10.7659 10.771 0.00518965
270.854 -0.0211765 0.0035501 -10.7737 10.7789 0.00519297
270.865 -0.0211794 0.00355088 -10.7816 10.7868 0.00519673
270.876 -0.0211816 0.00355093 -10.7896 10.7948 0.0051998
270.888 -0.0211843 0.00355059 -10.7976 10.8028 0.0052022
270.899 -0.0211877 0.0035508 -10.8058 10.811 0.00520287
270.91 -0.0211916 0.00355203 -10.814 10.8192 0.00520421
270.921 -0.0211945 0.00355339 -10.8223 10.8275 0.00520517
270.933 -0.0211972 0.0035546 -10.8306 10.8358 0.00520691
270.944 -0.0211999 0.00355626 -10.8391 10.8443 0.00520768
270.955 -0.0212025 0.00355716 -10.8476 10.8528 0.00520902
270.966 -0.0212058 0.00355793 -10.8562 10.8614 0.00521055
270.978 -0.0212088 0.00355834 -10.8648 10.87 0.00521249
270.989 -0.0212115 0.00355918 -10.8735 10.8787 0.00521432
271 -0.0212146 0.00356046 -10.8823 10.8875 0.00521661
271.011 -0.0212177 0.00356112 -10.8911 10.8963 0.00521837
271.022 -0.02122 0.00356173 -10.9 10.9052 0.0052195
271.034 -0.0212227 0.00356237 -10.9089 10.9141 0.00521993
271.045 -0.021225 0.00356275 -10.9179 10.9231 0.00522157
271.056 -0.0212278 0.00356423 -10.9269 10.9321 0.00522327
271.067 -0.0212303 0.00356561 -10.936 10.9412 0.00522513
271.079 -0.0212338 0.0035668 -10.9451 10.9504 0.00522775
271.09 -0.0212376 0.00356808 -10.9543 10.9596 0.00522903
271.101 -0.0212403 0.0035694 -10.9636 10.9688 0.00523059
271.112 -0.021243 0.00357093 -10.9728 10.9781 0.005232
271.124 -0.0212461 0.00357052 -10.9822 10.9874 0.00523227
271.135 -0.0212486 0.00356978 -10.9915 10.9967 0.00523302
271.146 -0.0212509 0.00356938 -11.0008 11.006 0.00523386
271.157 -0.0212537 0.00357005 -11.0102 11.0154 0.00523512
271.169 -0.0212566 0.00357059 -11.0196 11.0248 0.00523682
271.18 -0.0212598 0.00357094 -11.029 11.0342 0.00523791
271.191 -0.0212627 0.00357102 -11.0385 11.0437 0.00523913
271.202 -0.021266 0.00357186 -11.048 11.0532 0.0052413
271.213 -0.0212688 0.00357219 -11.0575 11.0628 0.00524333
271.225 -0.0212719 0.00357251 -11.0671 11.0724 0.00524499
271.236 -0.0212744 0.00357251 -11.0767 11.082 0.00524784
271.247 -0.0212758 0.00357247 -11.0864 11.0916 0.00524911
271.258 -0.0212774 0.00357226 -11.096 11.1013 0.00525185
271.27 -0.0212789 0.00357195 -11.1057 11.111 0.00525398
271.281 -0.02128 0.00357198 -11.1154 11.1207 0.00525646
271.292 -0.0212817 0.00357218 -11.1252 11.1304 0.00525864
271.303 -0.0212832 0.00357265 -11.1349 11.1402 0.00526132
271.315 -0.0212858 0.00357361 -11.1447 11.1499 0.0052636
271.326 -0.0212891 0.00357484 -11.1545 11.1597 0.00526549
271.337 -0.0212913 0.00357563 -11.1643 11.1696 0.00526804
271.348 -0.0212943 0.00357583 -11.1742 11.1794 0.00526987
271.36 -0.021297 0.00357601 -11.1841 11.1893 0.00527153
271.371 -0.0212994 0.00357666 -11.1939 11.1992 0.00527313
271.382 -0.0213021 0.00357775 -11.2038 11.2091 0.005275
271.393 -0.0213054 0.00357874 -11.2138 11.2191 0.00527727
271.404 -0.0213088 0.00357816 -11.2237 11.229 0.00528
271.416 -0.0213122 0.00357809 -11.2337 11.2389 0.00528328
271.427 -0.021315 0.00357803 -11.2437 11.2489 0.00528699
271.438 -0.021318 0.00357881 -11.2536 11.2589 0.00528951
271.449 -0.0213219 0.00357926 -11.2637 11.269 0.00529139
271.461 -0.0213261 0.00358072 -11.2737 11.279 0.00529314
271.472 -0.0213296 0.00358131 -11.2838 11.2891 0.00529529
271.483 -0.0213329 0.00358223 -11.2938 11.2991 0.00529798
271.494 -0.0213366 0.00358276 -11.3039 11.3092 0.00530054
271.506 -0.0213397 0.00358375 -11.314 11.3193 0.00530371
271.517 -0.0213421 0.00358504 -11.3242 11.3295 0.00530728
271.528 -0.0213452 0.00358589 -11.3343 11.3396 0.00531058
271.539 -0.0213482 0.0035872 -11.3444 11.3497 0.00531327
271.551 -0.0213515 0.00358808 -11.3546 11.3599 0.00531632
271.562 -0.0213553 0.0035896 -11.3647 11.3701 0.00531928
271.573 -0.0213587 0.00359036 -11.3749 11.3802 0.00532158
271.584 -0.0213623 0.00359126 -11.385 11.3904 0.00532353
271.596 -0.0213651 0.0035917 -11.3952 11.4005 0.00532585
271.607 -0.0213678 0.00359223 -11.4053 11.4106 0.00532838
271.618 -0.0213704 0.00359165 -11.4154 11.4208 0.00533103
271.629 -0.0213729 0.00359153 -11.4256 11.4309 0.00533294
271.64 -0.021375 0.00359119 -11.4357 11.441 0.0053353
271.652 -0.0213765 0.00359151 -11.4458 11.4511 0.00533828
271.663 -0.0213787 0.00359183 -11.4559 11.4612 0.00534041
271.674 -0.0213796 0.00359215 -11.466 11.4713 0.00534269
271.685 -0.0213813 0.00359182 -11.4761 11.4814 0.00534468
271.697 -0.0213835 0.0035922 -11.4861 11.4915 0.00534611
271.708 -0.0213861 0.00359252 -11.4961 11.5015 0.00534818
271.719 -0.0213892 0.00359188 -11.5062 11.5115 0.00535037
271.73 -0.0213927 0.00359223 -11.5161 11.5215 0.00535239
271.742 -0.0213958 0.00359269 -11.526 11.5314 0.00535451
271.753 -0.021399 0.00359346 -11.5359 11.5413 0.00535617
271.764 -0.0214033 0.0035943 -11.5458 11.5511 0.00535703
271.775 -0.0214075 0.00359518 -11.5556 11.5609 0.00535834
271.787 -0.0214112 0.00359574 -11.5654 11.5707 0.00536039
271.798 -0.0214143 0.00359692 -11.5751 11.5805 0.00536148
271.809 -0.0214168 0.00359785 -11.5848 11.5902 0.00536324
271.82 -0.0214197 0.00359853 -11.5945 11.5998 0.00536563
271.831 -0.0214225 0.00359833 -11.6041 11.6095 0.00536735
271.843 -0.0214261 0.00359864 -11.6137 11.6191 0.005369
271.854 -0.0214288 0.00359902 -11.6233 11.6287 0.00537054
271.865 -0.0214314 0.00359922 -11.6329 11.6383 0.00537255
271.876 -0.0214349 0.00359907 -11.6424 11.6478 0.00537475
271.888 -0.0214384 0.00359948 -11.6518 11.6572 0.00537781
271.899 -0.0214414 0.0035994 -11.6613 11.6667 0.00538105
271.91 -0.0214443 0.00359989 -11.6707 11.6761 0.00538392
271.921 -0.0214482 0.00360103 -11.6801 11.6855 0.00538616
271.933 -0.0214509 0.00360144 -11.6895 11.6948 0.00538782
271.944 -0.0214544 0.00360127 -11.6988 11.7042 0.00538929
271.955 -0.0214584 0.00360117 -11.7081 11.7135 0.00539087
271.966 -0.0214621 0.0036019 -11.7174 11.7228 0.00539293
271.978 -0.0214655 0.00360332 -11.7266 11.732 0.00539494
271.989 -0.0214693 0.00360494 -11.7358 11.7412 0.00539747
272 -0.0214733 0.00360586 -11.745 11.7504 0.00540051
272.011 -0.0214767 0.00360612 -11.7542 11.7596 0.0054037
272.022 -0.0214804 0.00360655 -11.7633 11.7687 0.00540681
272.034 -0.0214832 0.00360644 -11.7725 11.7779 0.00540973
272.045 -0.0214861 0.00360625 -11.7816 11.787 0.00541284
272.056 -0.02149 0.00360683 -11.7907 11.7961 0.00541602
272.067 -0.0214945 0.00360698 -11.7997 11.8051 0.00541809
272.079 -0.0214974 0.00360727 -11.8087 11.8141 0.0054203
272.09 -0.021501 0.00360844 -11.8177 11.8231 0.00542372
272.101 -0.0215046 0.00360904 -11.8267 11.8321 0.00542593
272.112 -0.0215081 0.0036094 -11.8356 11.841 0.00542846
272.124 -0.0215116 0.00360901 -11.8444 11.8499 0.00543083
272.135 -0.0215161 0.00360957 -11.8533 11.8587 0.00543363
272.146 -0.0215207 0.00360987 -11.862 11.8675 0.00543697
272.157 -0.0215255 0.00360927 -11.8707 11.8762 0.00543929
272.169 -0.0215303 0.00360944 -11.8794 11.8849 0.00544109
272.18 -0.0215359 0.00360906 -11.888 11.8934 0.00544305
272.191 -0.021541 0.00360858 -11.8965 11.902 0.00544484
272.202 -0.0215451 0.003608 -11.905 11.9105 0.00544546
272.213 -0.0215488 0.00360729 -11.9134 11.9189 0.00544634
272.225 -0.0215516 0.00360668 -11.9218 11.9273 0.00544771
272.236 -0.0215549 0.00360699 -11.9301 11.9356 0.00544959
272.247 -0.0215581 0.00360681 -11.9384 11.9439 0.00545016
272.258 -0.0215611 0.00360681 -11.9466 11.9521 0.00545217
272.27 -0.0215637 0.00360753 -11.9548 11.9603 0.00545242
272.281 -0.0215675 0.00360707 -11.9629 11.9684 0.00545357
272.292 -0.0215718 0.00360713 -11.971 11.9765 0.00545583
272.303 -0.0215751 0.00360723 -11.979 11.9845 0.00545781
272.315 -0.0215797 0.00360727 -11.987 11.9925 0.00546046
272.326 -0.0215841 0.00360798 -11.995 12.0004 0.00546362
272.337 -0.0215887 0.0036089 -12.0029 12.0083 0.00546608
272.348 -0.0215934 0.00360957 -12.0107 12.0162 0.00546896
272.36 -0.021598 0.00360962 -12.0185 12.024 0.00547142
272.371 -0.0216028 0.00360949 -12.0263 12.0318 0.00547342
272.382 -0.0216066 0.00360904 -12.034 12.0394 0.00547539
272.393 -0.021609 0.00360852 -12.0416 12.0471 0.00547694
272.404 -0.021613 0.00360696 -12.0491 12.0546 0.00547789
272.416 -0.0216163 0.00360594 -12.0566 12.062 0.00547917
272.427 -0.0216195 0.00360574 -12.064 12.0694 0.00548049
272.438 -0.0216234 0.00360497 -12.0713 12.0768 0.00548163
272.449 -0.0216268 0.00360435 -12.0785 12.084 0.00548449
272.461 -0.0216303 0.00360383 -12.0857 12.0912 0.00548752
272.472 -0.0216335 0.00360357 -12.0929 12.0984 0.00548903
272.483 -0.0216365 0.00360242 -12.1 12.1055 0.00549011
272.494 -0.0216397 0.00360159 -12.107 12.1125 0.00549163
272.506 -0.0216428 0.00360175 -12.114 12.1195 0.00549184
272.517 -0.0216454 0.00360137 -12.1209 12.1264 0.00549302
272.528 -0.0216483 0.00360148 -12.1277 12.1332 0.00549381
272.539 -0.0216518 0.00360192 -12.1345 12.14 0.00549453
272.551 -0.0216554 0.00360281 -12.1412 12.1467 0.00549548
272.562 -0.0216592 0.00360368 -12.1478 12.1533 0.00549596
272.573 -0.0216638 0.00360437 -12.1545 12.16 0.00549578
272.584 -0.0216679 0.00360533 -12.161 12.1665 0.00549673
272.596 -0.0216711 0.00360581 -12.1676 12.1731 0.00549771
272.607 -0.0216738 0.0036054 -12.1741 12.1796 0.00549837
272.618 -0.0216782 0.00360459 -12.1806 12.1861 0.00549956
272.629 -0.0216825 0.00360428 -12.187 12.1925 0.0055003
272.64 -0.0216855 0.00360362 -12.1934 12.1989 0.00550008
272.652 -0.0216888 0.00360287 -12.1998 12.2053 0.00550059
272.663 -0.0216927 0.00360303 -12.2061 12.2116 0.00550088
272.674 -0.021696 0.00360346 -12.2123 12.2178 0.00550133
272.685 -0.0216997 0.00360393 -12.2186 12.2241 0.00550205
272.697 -0.0217028 0.00360335 -12.2248 12.2303 0.0055029
272.708 -0.0217055 0.00360302 -12.2309 12.2364 0.00550429
272.719 -0.021709 0.00360249 -12.2371 12.2426 0.00550714
272.73 -0.0217118 0.00360278 -12.2432 12.2487 0.00550917
272.742 -0.0217149 0.00360182 -12.2494 12.2549 0.00551197
272.753 -0.0217187 0.0036014 -12.2555 12.261 0.00551426
272.764 -0.0217221 0.00360093 -12.2617 12.2672 0.00551644
272.775 -0.0217254 0.00359937 -12.2678 12.2733 0.00551738
272.787 -0.021729 0.00359865 -12.2739 12.2794 0.00551863
272.798 -0.0217331 0.00359753 -12.28 12.2855 0.00552099
272.809 -0.0217361 0.00359684 -12.2861 12.2916 0.00552152
272.82 -0.0217397 0.00359709 -12.2922 12.2977 0.00552296
272.831 -0.0217441 0.00359596 -12.2982 12.3037 0.00552323
272.843 -0.0217479 0.00359574 -12.3042 12.3098 0.0055238
272.854 -0.0217524 0.0035958 -12.3102 12.3158 0.0055239
272.865 -0.0217568 0.00359577 -12.3162 12.3217 0.00552403
272.876 -0.0217596 0.00359599 -12.3222 12.3277 0.00552451
272.888 -0.0217634 0.0035961 -12.3282 12.3337 0.00552533
272.899 -0.0217664 0.00359553 -12.3342 12.3397 0.00552713
272.91 -0.0217687 0.00359517 -12.3402 12.3457 0.00552809
272.921 -0.0217709 0.0035947 -12.3461 12.3517 0.00553017
272.933 -0.0217736 0.00359399 -12.3521 12.3576 0.00553205
272.944 -0.0217775 0.00359213 -12.3581 12.3636 0.00553365
272.955 -0.0217812 0.00359062 -12.3641 12.3696 0.00553439
272.966 -0.021784 0.00358867 -12.3701 12.3756 0.00553495
272.978 -0.0217873 0.00358804 -12.3761 12.3816 0.00553604
272.989 -0.0217902 0.00358792 -12.382 12.3876 0.00553699
273 -0.0217926 0.00358739 -12.388 12.3935 0.00553866
273.011 -0.0217962 0.00358647 -12.3939 12.3994 0.0055394
273.022 -0.0217997 0.00358574 -12.3998 12.4053 0.00554059
273.034 -0.0218034 0.0035855 -12.4057 12.4113 0.00554276
273.045 -0.0218065 0.00358444 -12.4117 12.4172 0.00554475
273.056 -0.0218095 0.00358397 -12.4176 12.4232 0.00554744
273.067 -0.0218132 0.00358265 -12.4236 12.4291 0.00555005
273.079 -0.0218162 0.00358191 -12.4295 12.4351 0.00555139
273.09 -0.0218188 0.00358179 -12.4355 12.441 0.00555287
273.101 -0.021821 0.00358133 -12.4414 12.447 0.00555311
273.112 -0.0218238 0.0035806 -12.4473 12.4529 0.00555321
273.124 -0.021827 0.00357999 -12.4532 12.4587 0.00555288
273.135 -0.0218308 0.00357957 -12.4591 12.4646 0.00555275
273.146 -0.0218352 0.00357935 -12.4649 12.4705 0.00555276
273.157 -0.0218404 0.0035784 -12.4708 12.4763 0.00555372
273.169 -0.021845 0.00357879 -12.4766 12.4822 0.00555452
273.18 -0.0218495 0.00357909 -12.4825 12.4881 0.00555603
273.191 -0.0218532 0.00357882 -12.4884 12.4939 0.00555703
273.202 -0.0218561 0.00357749 -12.4942 12.4998 0.00555705
273.213 -0.0218597 0.00357743 -12.5001 12.5056 0.00555794
273.225 -0.0218635 0.00357843 -12.5059 12.5114 0.00555922
273.236 -0.0218676 0.00357834 -12.5117 12.5173 0.00556072
273.247 -0.0218713 0.00357801 -12.5176 12.5232 0.00556189
273.258 -0.0218749 0.00357788 -12.5235 12.529 0.00556327
273.27 -0.0218784 0.00357745 -12.5293 12.5349 0.00556567
273.281 -0.0218818 0.00357718 -12.5352 12.5407 0.00556678
273.292 -0.0218842 0.00357704 -12.541 12.5466 0.00556687
273.303 -0.0218873 0.00357656 -12.5468 12.5523 0.00556771
273.315 -0.0218906 0.00357573 -12.5525 12.5581 0.00556888
273.326 -0.0218944 0.00357518 -12.5583 12.5639 0.00557031
273.337 -0.0218981 0.00357442 -12.564 12.5696 0.00557144
273.348 -0.0219019 0.00357398 -12.5698 12.5753 0.00557131
273.36 -0.0219059 0.00357326 -12.5755 12.5811 0.00557258
273.371 -0.0219103 0.00357296 -12.5813 12.5868 0.00557407
273.382 -0.0219147 0.00357319 -12.587 12.5926 0.00557467
273.393 -0.0219184 0.0035738 -12.5928 12.5984 0.0055753
273.404 -0.0219218 0.00357359 -12.5985 12.6041 0.00557537
273.416 -0.0219259 0.00357393 -12.6043 12.6099 0.00557728
273.427 -0.0219293 0.00357387 -12.6101 12.6156 0.00557832
273.438 -0.0219328 0.00357337 -12.6158 12.6214 0.00557841
273.449 -0.0219364 0.00357197 -12.6216 12.6272 0.00557902
273.461 -0.021939 0.0035698 -12.6273 12.6329 0.00557893
273.472 -0.0219431 0.00356859 -12.633 12.6386 0.00557956
273.483 -0.0219468 0.00356634 -12.6387 12.6443 0.00558042
273.494 -0.0219502 0.00356457 -12.6444 12.65 0.00558037
273.506 -0.0219534 0.00356388 -12.6501 12.6557 0.00558042
273.517 -0.0219565 0.00356341 -12.6557 12.6613 0.00558146
273.528 -0.0219605 0.00356297 -12.6613 12.6669 0.00558261
273.539 -0.0219644 0.00356291 -12.667 12.6725 0.00558262
273.551 -0.0219678 0.00356301 -12.6726 12.6782 0.00558214
273.562 -0.0219709 0.00356302 -12.6782 12.6838 0.00558303
273.573 -0.0219739 0.00356299 -12.6838 12.6894 0.0055844
273.584 -0.0219782 0.00356264 -12.6895 12.6951 0.00558548
273.596 -0.021981 0.00356271 -12.6951 12.7007 0.00558635
273.607 -0.0219845 0.00356223 -12.7008 12.7064 0.00558873
273.618 -0.0219892 0.00356235 -12.7066 12.7122 0.0055904
273.629 -0.0219928 0.00356177 -12.7124 12.7179 0.00559122
273.64 -0.0219968 0.00356044 -12.7181 12.7237 0.00559214
273.652 -0.0220009 0.00355899 -12.7238 12.7294 0.0055923
273.663 -0.0220046 0.00355801 -12.7296 12.7352 0.00559314
273.674 -0.0220089 0.00355806 -12.7353 12.7409 0.00559367
273.685 -0.0220118 0.00355823 -12.7411 12.7467 0.00559369
273.697 -0.0220155 0.00355764 -12.7469 12.7525 0.00559395
273.708 -0.0220191 0.00355729 -12.7527 12.7582 0.00559466
273.719 -0.0220241 0.00355734 -12.7585 12.7641 0.00559565
273.73 -0.0220286 0.00355678 -12.7643 12.7699 0.00559739
273.742 -0.0220323 0.00355635 -12.7701 12.7757 0.00559896
273.753 -0.0220367 0.00355695 -12.7759 12.7815 0.00560124
273.764 -0.0220404 0.0035565 -12.7818 12.7874 0.00560219
273.775 -0.0220443 0.00355657 -12.7876 12.7932 0.00560308
273.787 -0.0220487 0.00355573 -12.7934 12.799 0.00560375
273.798 -0.0220523 0.00355571 -12.7993 12.8049 0.00560545
273.809 -0.0220563 0.00355515 -12.8051 12.8107 0.00560695
273.82 -0.0220609 0.00355455 -12.811 12.8166 0.00560911
273.831 -0.0220644 0.00355371 -12.8169 12.8225 0.00561098
273.843 -0.0220677 0.00355305 -12.8229 12.8285 0.0056125
273.854 -0.0220712 0.00355246 -12.8289 12.8345 0.00561423
273.865 -0.0220749 0.00355193 -12.8348 12.8404 0.00561513
273.876 -0.0220797 0.0035517 -12.8408 12.8464 0.00561539
273.888 -0.0220842 0.00355172 -12.8468 12.8524 0.0056153
273.899 -0.0220876 0.00355043 -12.8527 12.8583 0.00561441
273.91 -0.0220912 0.00355015 -12.8587 12.8643 0.00561402
273.921 -0.0220937 0.00354951 -12.8647 12.8703 0.00561424
273.933 -0.0220967 0.00354864 -12.8706 12.8762 0.00561496
273.944 -0.0221012 0.00354803 -12.8766 12.8822 0.00561708
273.955 -0.0221051 0.00354683 -12.8826 12.8882 0.00561873
273.966 -0.022109 0.00354503 -12.8886 12.8943 0.00561976
273.978 -0.0221132 0.00354483 -12.8947 12.9003 0.0056215
273.989 -0.0221182 0.00354449 -12.9008 12.9064 0.00562284
274 -0.0221228 0.00354428 -12.9068 12.9124 0.00562423
274.011 -0.0221268 0.00354497 -12.9128 12.9185 0.00562579
274.022 -0.0221312 0.0035457 -12.9189 12.9245 0.00562672
274.034 -0.0221355 0.00354582 -12.9249 12.9305 0.00562748
274.045 -0.0221387 0.00354525 -12.9309 12.9366 0.00562968
274.056 -0.0221437 0.00354328 -12.937 12.9426 0.0056322
274.067 -0.0221479 0.0035415 -12.943 12.9487 0.00563423
274.079 -0.0221528 0.0035403 -12.9491 12.9547 0.00563591
274.09 -0.0221571 0.00353955 -12.9552 12.9608 0.00563754
274.101 -0.0221606 0.00353866 -12.9613 12.9669 0.00563902
274.112 -0.0221644 0.00353775 -12.9674 12.973 0.00564141
274.124 -0.0221679 0.00353677 -12.9734 12.9791 0.00564313
274.135 -0.022172 0.00353564 -12.9795 12.9852 0.00564439
274.146 -0.0221756 0.00353497 -12.9856 12.9912 0.00564675
274.157 -0.0221796 0.00353406 -12.9917 12.9974 0.00564967
274.169 -0.0221837 0.00353322 -12.9979 13.0035 0.00565332
274.18 -0.0221884 0.00353147 -13.004 13.0097 0.00565636
274.191 -0.0221932 0.00352922 -13.0102 13.0159 0.00565828
274.202 -0.0221967 0.00352696 -13.0163 13.022 0.0056603
274.213 -0.0221997 0.00352504 -13.0225 13.0281 0.0056627
274.225 -0.0222023 0.00352396 -13.0286 13.0343 0.00566369
274.236 -0.0222045 0.00352338 -13.0347 13.0404 0.00566519
274.247 -0.022207 0.00352124 -13.0408 13.0465 0.00566649
274.258 -0.0222108 0.00352047 -13.0469 13.0526 0.00566902
274.27 -0.0222159 0.00351978 -13.053 13.0587 0.00567094
274.281 -0.0222203 0.0035199 -13.0591 13.0648 0.00567279
274.292 -0.022224 0.00351954 -13.0653 13.0709 0.00567469
274.303 -0.0222283 0.00351847 -13.0713 13.077 0.00567757
274.315 -0.0222309 0.00351767 -13.0774 13.0831 0.00567815
274.326 -0.0222338 0.00351749 -13.0835 13.0892 0.00567945
274.337 -0.0222373 0.0035173 -13.0895 13.0952 0.00568166
274.348 -0.0222406 0.00351623 -13.0955 13.1012 0.00568479
274.36 -0.0222441 0.00351549 -13.1016 13.1073 0.00568752
274.371 -0.0222482 0.00351405 -13.1076 13.1133 0.00569112
274.382 -0.0222531 0.00351359 -13.1137 13.1194 0.00569487
274.393 -0.0222576 0.00351254 -13.1198 13.1255 0.00569798
274.404 -0.0222628 0.00351153 -13.1259 13.1316 0.00570091
274.416 -0.0222657 0.00351185 -13.1319 13.1376 0.00570205
274.427 -0.0222692 0.00351155 -13.138 13.1437 0.00570379
274.438 -0.0222725 0.00351085 -13.144 13.1497 0.00570595
274.449 -0.0222749 0.00351021 -13.15 13.1557 0.00570646
274.461 -0.0222772 0.00351061 -13.1559 13.1616 0.00570575
274.472 -0.0222787 0.00351044 -13.1619 13.1676 0.00570534
274.483 -0.0222804 0.00350943 -13.1677 13.1735 0.0057043
274.494 -0.0222826 0.0035093 -13.1736 13.1793 0.00570318
274.506 -0.0222852 0.00350857 -13.1794 13.1851 0.00570371
274.517 -0.0222892 0.00350744 -13.1852 13.1909 0.00570549
274.528 -0.0222929 0.00350695 -13.191 13.1968 0.00570756
274.539 -0.0222966 0.00350607 -13.1968 13.2026 0.00570906
274.551 -0.0223006 0.00350578 -13.2026 13.2083 0.00571099
274.562 -0.0223052 0.00350494 -13.2084 13.2141 0.00571452
274.573 -0.0223102 0.00350394 -13.2142 13.22 0.00571919
274.584 -0.022314 0.00350298 -13.22 13.2258 0.00572176
274.596 -0.0223183 0.00350062 -13.2258 13.2316 0.00572474
274.607 -0.0223218 0.00349909 -13.2316 13.2373 0.00572828
274.618 -0.0223256 0.00349817 -13.2374 13.2431 0.00573123
274.629 -0.0223283 0.00349752 -13.2431 13.2489 0.00573391
274.64 -0.0223319 0.00349701 -13.2489 13.2546 0.0057372
274.652 -0.0223346 0.00349641 -13.2546 13.2604 0.00573984
274.663 -0.022338 0.0034959 -13.2604 13.2661 0.00574277
274.674 -0.0223401 0.00349522 -13.266 13.2718 0.00574454
274.685 -0.0223433 0.00349413 -13.2717 13.2774 0.00574654
274.697 -0.022347 0.00349379 -13.2773 13.2831 0.00574804
274.708 -0.0223511 0.00349338 -13.2829 13.2887 0.00574968
274.719 -0.022355 0.00349236 -13.2885 13.2943 0.00575159
274.73 -0.0223588 0.00349124 -13.2941 13.2998 0.00575291
274.742 -0.022361 0.0034896 -13.2996 13.3053 0.00575488
274.753 -0.0223636 0.00348751 -13.3051 13.3108 0.00575634
274.764 -0.0223659 0.00348616 -13.3105 13.3162 0.00575696
274.775 -0.0223679 0.00348601 -13.3158 13.3216 0.00575886
274.787 -0.0223706 0.00348592 -13.3212 13.3269 0.00576049
274.798 -0.0223728 0.00348557 -13.3265 13.3323 0.005761
274.809 -0.0223759 0.0034852 -13.3317 13.3375 0.00576285
274.82 -0.0223787 0.00348495 -13.337 13.3428 0.00576541
274.831 -0.0223827 0.00348448 -13.3422 13.348 0.0057685
274.843 -0.0223868 0.003484 -13.3474 13.3532 0.00577173
274.854 -0.0223913 0.00348282 -13.3525 13.3583 0.00577482
274.865 -0.0223953 0.00348183 -13.3576 13.3634 0.00577776
274.876 -0.0223988 0.00348143 -13.3627 13.3685 0.00578103
274.888 -0.0224013 0.00348175 -13.3677 13.3735 0.00578342
274.899 -0.0224038 0.00348227 -13.3727 13.3785 0.00578551
274.91 -0.0224072 0.00348308 -13.3776 13.3834 0.00578811
274.921 -0.0224117 0.00348362 -13.3825 13.3883 0.00579028
274.933 -0.0224156 0.00348377 -13.3874 13.3932 0.00579291
274.944 -0.0224188 0.0034835 -13.3922 13.398 0.00579622
274.955 -0.0224219 0.00348395 -13.397 13.4028 0.00579888
274.966 -0.0224259 0.00348383 -13.4018 13.4076 0.00580084
274.978 -0.0224302 0.00348327 -13.4065 13.4123 0.00580251
274.989 -0.0224343 0.00348245 -13.4112 13.417 0.00580497
275 -0.0224381 0.00348251 -13.4158 13.4216 0.00580627
275.011 -0.0224414 0.00348134 -13.4203 13.4262 0.00580784
275.022 -0.0224457 0.00348039 -13.4249 13.4307 0.00580942
275.034 -0.0224491 0.00347946 -13.4294 13.4352 0.00581066
275.045 -0.0224526 0.0034781 -13.4338 13.4396 0.0058123
275.056 -0.0224559 0.00347644 -13.4382 13.444 0.00581384
275.067 -0.0224588 0.00347424 -13.4425 13.4484 0.00581524
275.079 -0.0224619 0.00347297 -13.4468 13.4526 0.0058181
275.09 -0.0224662 0.00347111 -13.4511 13.4569 0.00581956
275.101 -0.0224699 0.00346935 -13.4553 13.4611 0.0058223
275.112 -0.0224738 0.00346751 -13.4595 13.4653 0.00582566
275.124 -0.0224772 0.00346677 -13.4636 13.4694 0.00582861
275.135 -0.0224797 0.00346601 -13.4677 13.4735 0.00583113
275.146 -0.0224816 0.00346581 -13.4717 13.4775 0.00583314
275.157 -0.0224841 0.00346525 -13.4756 13.4815 0.0058346
275.169 -0.022487 0.00346585 -13.4795 13.4853 0.00583546
275.18 -0.02249 0.00346693 -13.4833 13.4891 0.00583774
275.191 -0.0224942 0.00346732 -13.487 13.4929 0.0058401
275.202 -0.0224983 0.00346654 -13.4908 13.4966 0.00584369
275.213 -0.0225021 0.00346616 -13.4944 13.5003 0.00584601
275.225 -0.0225063 0.00346515 -13.4981 13.5039 0.00584937
275.236 -0.0225108 0.00346426 -13.5016 13.5075 0.00585202
275.247 -0.022515 0.00346314 -13.5051 13.5109 0.00585418
275.258 -0.0225202 0.00346234 -13.5085 13.5144 0.00585744
275.27 -0.0225249 0.00346201 -13.5119 13.5177 0.0058586
275.281 -0.0225301 0.00346155 -13.5152 13.521 0.00585962
275.292 -0.022534 0.00346145 -13.5184 13.5243 0.00585995
275.303 -0.0225379 0.00346059 -13.5216 13.5274 0.00586018
275.315 -0.0225408 0.00345914 -13.5246 13.5305 0.00586194
275.326 -0.0225447 0.00345673 -13.5277 13.5335 0.0058644
275.337 -0.0225489 0.00345522 -13.5307 13.5365 0.00586681
275.348 -0.022554 0.00345346 -13.5336 13.5395 0.00587023
275.36 -0.0225589 0.00345115 -13.5365 13.5424 0.00587306
275.371 -0.0225637 0.0034488 -13.5394 13.5452 0.00587572
275.382 -0.0225683 0.00344737 -13.5421 13.548 0.00587955
275.393 -0.0225733 0.00344582 -13.5448 13.5507 0.00588358
275.404 -0.0225772 0.00344412 -13.5475 13.5534 0.00588724
275.416 -0.0225817 0.00344212 -13.5501 13.556 0.00588866
275.427 -0.0225861 0.00344063 -13.5526 13.5585 0.00589161
275.438 -0.0225901 0.00343871 -13.555 13.5609 0.00589434
275.449 -0.0225941 0.00343661 -13.5574 13.5633 0.00589782
275.461 -0.0225971 0.00343538 -13.5598 13.5657 0.00590013
275.472 -0.0226009 0.00343494 -13.5621 13.568 0.00590219
275.483 -0.0226051 0.00343463 -13.5643 13.5702 0.00590409
275.494 -0.0226091 0.003434 -13.5664 13.5723 0.00590559
275.506 -0.0226139 0.00343338 -13.5684 13.5744 0.00590851
275.517 -0.0226187 0.00343207 -13.5704 13.5763 0.00591158
275.528 -0.0226223 0.00343096 -13.5723 13.5783 0.00591489
275.539 -0.0226262 0.00343027 -13.5742 13.5801 0.00591667
275.551 -0.0226295 0.00342952 -13.576 13.5819 0.00591816
275.562 -0.0226326 0.00342791 -13.5776 13.5835 0.00591951
275.573 -0.0226359 0.00342773 -13.5792 13.5852 0.00592137
275.584 -0.0226399 0.00342697 -13.5807 13.5867 0.00592423
275.596 -0.0226441 0.00342625 -13.5822 13.5881 0.00592636
275.607 -0.022648 0.00342639 -13.5836 13.5896 0.00592922
275.618 -0.0226512 0.00342628 -13.585 13.5909 0.00593073
275.629 -0.0226541 0.00342581 -13.5862 13.5921 0.00593317
275.64 -0.0226577 0.00342527 -13.5873 13.5933 0.00593468
275.652 -0.0226606 0.00342364 -13.5884 13.5943 0.0059347
275.663 -0.0226634 0.00342251 -13.5894 13.5953 0.00593598
275.674 -0.022666 0.00342148 -13.5903 13.5962 0.00593661
275.685 -0.0226696 0.00342038 -13.591 13.597 0.00593845
275.697 -0.0226737 0.00341824 -13.5917 13.5977 0.0059398
275.708 -0.0226772 0.00341595 -13.5924 13.5983 0.00593995
275.719 -0.0226802 0.00341373 -13.5929 13.5988 0.00594147
275.73 -0.0226836 0.00341228 -13.5933 13.5992 0.00594347
275.742 -0.0226873 0.00341113 -13.5936 13.5995 0.00594594
275.753 -0.0226909 0.00340927 -13.5938 13.5998 0.00594863
275.764 -0.0226945 0.00340788 -13.594 13.5999 0.00595102
275.775 -0.0226991 0.00340628 -13.594 13.6 0.00595272
275.787 -0.022703 0.00340507 -13.594 13.5999 0.00595547
275.798 -0.0227069 0.00340488 -13.5939 13.5998 0.00595738
275.809 -0.0227106 0.00340469 -13.5936 13.5996 0.00595845
275.82 -0.0227141 0.00340441 -13.5933 13.5992 0.00596006
275.831 -0.0227174 0.00340368 -13.5928 13.5988 0.00596217
275.843 -0.0227206 0.00340364 -13.5923 13.5982 0.00596426
275.854 -0.0227235 0.00340252 -13.5916 13.5976 0.00596555
275.865 -0.0227267 0.00340126 -13.5909 13.5968 0.00596636
275.876 -0.0227293 0.00340008 -13.59 13.596 0.00596788
275.888 -0.0227329 0.00339866 -13.589 13.595 0.00597007
275.899 -0.0227367 0.00339755 -13.588 13.594 0.00597255
275.91 -0.0227398 0.00339651 -13.5869 13.5929 0.00597441
275.921 -0.0227438 0.00339492 -13.5857 13.5916 0.00597853
275.933 -0.0227472 0.00339312 -13.5844 13.5903 0.00598309
275.944 -0.0227503 0.00339154 -13.583 13.589 0.00598794
275.955 -0.0227542 0.00338948 -13.5815 13.5875 0.00599213
275.966 -0.0227585 0.00338731 -13.58 13.586 0.00599592
275.978 -0.0227627 0.00338471 -13.5783 13.5843 0.00599935
275.989 -0.0227652 0.00338307 -13.5765 13.5825 0.0060036
276 -0.022768 0.00338234 -13.5747 13.5807 0.00600729
276.011 -0.0227707 0.0033807 -13.5728 13.5788 0.00600995
276.022 -0.0227734 0.00337995 -13.5707 13.5767 0.00601374
276.034 -0.0227759 0.0033783 -13.5686 13.5746 0.00601691
276.045 -0.0227787 0.00337645 -13.5664 13.5725 0.00602058
276.056 -0.0227817 0.00337581 -13.5642 13.5702 0.00602539
276.067 -0.0227845 0.00337476 -13.5618 13.5678 0.00602918
276.079 -0.022788 0.00337458 -13.5594 13.5654 0.00603247
276.09 -0.0227919 0.00337333 -13.5568 13.5628 0.00603617
276.101 -0.0227962 0.00337267 -13.5542 13.5602 0.00603954
276.112 -0.0228 0.0033713 -13.5514 13.5574 0.00604316
276.124 -0.0228034 0.00337104 -13.5485 13.5546 0.00604739
276.135 -0.0228067 0.00337158 -13.5456 13.5516 0.00605121
276.146 -0.0228092 0.00337138 -13.5426 13.5486 0.00605483
276.157 -0.022812 0.00337132 -13.5395 13.5455 0.00605855
276.169 -0.0228147 0.00337126 -13.5362 13.5423 0.00606271
276.18 -0.0228187 0.00337039 -13.533 13.5391 0.00606635
276.191 -0.0228217 0.00336978 -13.5296 13.5357 0.00607013
276.202 -0.0228255 0.00336923 -13.5262 13.5323 0.00607424
276.213 -0.0228279 0.00336786 -13.5227 13.5288 0.00607669
276.225 -0.0228307 0.00336643 -13.5191 13.5251 0.00608016
276.236 -0.0228333 0.0033654 -13.5154 13.5214 0.00608381
276.247 -0.0228361 0.00336521 -13.5116 13.5177 0.00608687
276.258 -0.0228387 0.00336523 -13.5077 13.5138 0.00609017
276.27 -0.0228415 0.00336518 -13.5038 13.5099 0.00609362
276.281 -0.0228449 0.00336459 -13.4998 13.5059 0.00609744
276.292 -0.0228478 0.00336413 -13.4957 13.5018 0.0061021
276.303 -0.0228502 0.00336231 -13.4916 13.4977 0.00610593
276.315 -0.0228522 0.00336194 -13.4874 13.4935 0.00611008
276.326 -0.0228539 0.00336145 -13.483 13.4892 0.0061146
276.337 -0.0228568 0.00336148 -13.4787 13.4848 0.00611837
276.348 -0.0228602 0.00336244 -13.4742 13.4803 0.00612214
276.36 -0.0228631 0.00336285 -13.4697 13.4758 0.00612513
276.371 -0.0228668 0.00336153 -13.465 13.4712 0.00612775
276.382 -0.0228706 0.0033609 -13.4604 13.4665 0.0061316
276.393 -0.0228739 0.00336072 -13.4556 13.4618 0.00613563
276.404 -0.0228771 0.00335985 -13.4508 13.4569 0.00613887
276.416 -0.0228801 0.00335928 -13.4459 13.4521 0.00614202
276.427 -0.0228829 0.00335915 -13.441 13.4471 0.00614569
276.438 -0.0228858 0.00335842 -13.436 13.4421 0.00615008
276.449 -0.0228891 0.003358 -13.431 13.4371 0.00615384
276.461 -0.0228921 0.00335775 -13.4258 13.432 0.00615836
276.472 -0.0228965 0.00335728 -13.4207 13.4268 0.00616312
276.483 -0.0229003 0.00335647 -13.4154 13.4216 0.00616646
276.494 -0.0229035 0.00335471 -13.4101 13.4163 0.00617048
276.506 -0.0229073 0.00335189 -13.4047 13.4109 0.00617314
276.517 -0.0229103 0.0033499 -13.3993 13.4054 0.00617538
276.528 -0.0229126 0.00334879 -13.3937 13.3999 0.00617935
276.539 -0.0229152 0.00334757 -13.3881 13.3943 0.00618222
276.551 -0.0229171 0.00334604 -13.3825 13.3886 0.00618382
276.562 -0.0229201 0.00334389 -13.3767 13.3829 0.00618596
276.573 -0.0229229 0.00334233 -13.3708 13.377 0.00618796
276.584 -0.0229256 0.0033415 -13.3649 13.3711 0.00619063
276.596 -0.0229285 0.00334043 -13.3589 13.3651 0.00619384
276.607 -0.0229309 0.00334063 -13.3528 13.359 0.0061966
276.618 -0.022933 0.0033398 -13.3467 13.3529 0.00619858
276.629 -0.0229351 0.0033392 -13.3405 13.3467 0.00620198
276.64 -0.0229375 0.00333835 -13.3342 13.3404 0.00620499
276.652 -0.02294 0.00333641 -13.3279 13.3341 0.00620719
276.663 -0.0229425 0.00333528 -13.3215 13.3277 0.00621018
276.674 -0.0229451 0.00333449 -13.315 13.3212 0.0062136
276.685 -0.0229475 0.00333355 -13.3085 13.3147 0.00621769
276.697 -0.0229491 0.00333221 -13.3019 13.3081 0.00622153
276.708 -0.0229506 0.00332987 -13.2952 13.3014 0.00622438
276.719 -0.0229519 0.00332828 -13.2885 13.2947 0.00622728
276.73 -0.0229523 0.00332629 -13.2817 13.288 0.00623006
276.742 -0.0229533 0.00332393 -13.2749 13.2811 0.00623274
276.753 -0.0229543 0.00332142 -13.268 13.2742 0.00623617
276.764 -0.0229561 0.00331951 -13.261 13.2673 0.00623986
276.775 -0.0229589 0.00331777 -13.254 13.2603 0.00624368
276.787 -0.022962 0.00331736 -13.247 13.2532 0.00624669
276.798 -0.0229647 0.00331725 -13.2398 13.2461 0.00624959
276.809 -0.022967 0.00331622 -13.2326 13.2389 0.00625221
276.82 -0.0229691 0.00331499 -13.2254 13.2316 0.00625534
276.831 -0.0229711 0.00331326 -13.218 13.2243 0.00625838
276.843 -0.0229741 0.00331186 -13.2106 13.2168 0.00626157
276.854 -0.0229768 0.00331031 -13.2031 13.2094 0.00626436
276.865 -0.0229796 0.00330933 -13.1956 13.2018 0.00626791
276.876 -0.0229827 0.00330843 -13.1879 13.1942 0.00627148
276.888 -0.0229861 0.00330784 -13.1802 13.1865 0.00627462
276.899 -0.0229885 0.00330683 -13.1724 13.1787 0.0062773
276.91 -0.0229901 0.00330494 -13.1645 13.1708 0.00627975
276.921 -0.0229916 0.00330443 -13.1566 13.1629 0.00628189
276.933 -0.0229932 0.00330424 -13.1486 13.1548 0.00628476
276.944 -0.0229944 0.0033031 -13.1404 13.1467 0.0062863
276.955 -0.0229957 0.0033017 -13.1322 13.1385 0.00628796
276.966 -0.0229977 0.00329918 -13.1239 13.1302 0.00628984
276.978 -0.0229995 0.00329674 -13.1156 13.1219 0.00629173
276.989 -0.023002 0.00329538 -13.1071 13.1134 0.00629372
277 -0.0230041 0.00329373 -13.0986 13.1049 0.00629551
277.011 -0.0230059 0.00329226 -13.09 13.0963 0.00629709
277.022 -0.0230076 0.00329089 -13.0813 13.0876 0.00629896
277.034 -0.0230089 0.00329045 -13.0725 13.0788 0.00630113
277.045 -0.0230101 0.00328999 -13.0636 13.0699 0.00630421
277.056 -0.0230107 0.00329017 -13.0547 13.061 0.0063053
277.067 -0.0230113 0.00328973 -13.0457 13.052 0.00630831
277.079 -0.0230124 0.00328958 -13.0366 13.0429 0.0063111
277.09 -0.023014 0.00328893 -13.0275 13.0338 0.0063136
277.101 -0.0230158 0.00328746 -13.0183 13.0246 0.00631639
277.112 -0.0230173 0.00328663 -13.0089 13.0153 0.00631884
277.124 -0.023019 0.00328516 -12.9996 13.0059 0.00631943
277.135 -0.0230209 0.00328219 -12.9901 12.9964 0.00632159
277.146 -0.0230233 0.00328013 -12.9805 12.9868 0.00632389
277.157 -0.0230258 0.00327747 -12.9709 12.9772 0.00632638
277.169 -0.0230271 0.00327494 -12.9611 12.9675 0.00632811
277.18 -0.0230278 0.00327329 -12.9513 12.9577 0.00632989
277.191 -0.023029 0.00327159 -12.9414 12.9478 0.00633086
277.202 -0.0230308 0.00327013 -12.9314 12.9377 0.00633189
277.213 -0.0230324 0.00326964 -12.9213 12.9276 0.00633281
277.225 -0.0230335 0.00326913 -12.9111 12.9175 0.00633414
277.236 -0.0230349 0.00326838 -12.9008 12.9071 0.00633532
277.247 -0.0230357 0.00326873 -12.8904 12.8967 0.00633648
277.258 -0.0230368 0.00326885 -12.8799 12.8862 0.0063376
277.27 -0.023038 0.00326722 -12.8693 12.8756 0.00633866
277.281 -0.0230384 0.0032666 -12.8586 12.8649 0.00633966
277.292 -0.0230384 0.00326611 -12.8477 12.8541 0.00634056
277.303 -0.0230385 0.00326602 -12.8368 12.8432 0.00634069
277.315 -0.0230386 0.00326542 -12.8258 12.8322 0.00634239
277.326 -0.0230392 0.00326436 -12.8147 12.8211 0.00634353
277.337 -0.0230391 0.00326377 -12.8035 12.8099 0.00634511
277.348 -0.0230394 0.00326286 -12.7923 12.7986 0.00634675
277.36 -0.0230388 0.00326216 -12.781 12.7873 0.00634875
277.371 -0.0230394 0.00326068 -12.7695 12.7759 0.00635002
277.382 -0.0230394 0.00325865 -12.758 12.7643 0.00635072
277.393 -0.0230393 0.00325767 -12.7464 12.7527 0.00635125
277.404 -0.0230393 0.00325743 -12.7346 12.7409 0.00635201
277.416 -0.0230395 0.00325793 -12.7227 12.7291 0.00635345
277.427 -0.0230405 0.00325777 -12.7108 12.7171 0.00635546
277.438 -0.0230408 0.00325746 -12.6987 12.705 0.00635638
277.449 -0.0230408 0.00325708 -12.6865 12.6928 0.00635743
277.461 -0.0230419 0.00325689 -12.6742 12.6806 0.00635689
277.472 -0.0230428 0.00325641 -12.6618 12.6682 0.00635628
277.483 -0.0230423 0.00325607 -12.6493 12.6557 0.00635724
277.494 -0.0230414 0.00325568 -12.6367 12.6431 0.00635838
277.506 -0.0230404 0.00325478 -12.6241 12.6304 0.00636025
277.517 -0.0230398 0.00325391 -12.6113 12.6177 0.00636142
277.528 -0.0230399 0.00325348 -12.5985 12.6049 0.00636174
277.539 -0.0230405 0.00325249 -12.5856 12.592 0.00636392
277.551 -0.0230414 0.00325152 -12.5726 12.579 0.00636595
277.562 -0.0230409 0.00325172 -12.5596 12.566 0.00636757
277.573 -0.0230411 0.00325216 -12.5465 12.5529 0.00637029
277.584 -0.0230416 0.00325288 -12.5333 12.5397 0.00637267
277.596 -0.023042 0.00325338 -12.5202 12.5265 0.00637343
277.607 -0.0230432 0.00325366 -12.5069 12.5133 0.00637507
277.618 -0.0230443 0.00325494 -12.4935 12.4999 0.0063769
277.629 -0.0230444 0.0032558 -12.4802 12.4865 0.00637875
277.64 -0.0230436 0.00325656 -12.4667 12.4731 0.00638017
277.652 -0.023042 0.00325586 -12.4533 12.4596 0.00638225
277.663 -0.0230412 0.00325523 -12.4397 12.4461 0.00638305
277.674 -0.0230393 0.00325414 -12.4261 12.4325 0.00638434
277.685 -0.0230384 0.003253 -12.4124 12.4188 0.00638374
277.697 -0.0230378 0.00325258 -12.3987 12.4051 0.00638341
277.708 -0.0230376 0.00325155 -12.3849 12.3912 0.00638359
277.719 -0.0230376 0.00325058 -12.371 12.3773 0.00638446
277.73 -0.0230379 0.00324987 -12.357 12.3634 0.00638564
277.742 -0.0230383 0.0032499 -12.3429 12.3493 0.00638806
277.753 -0.0230391 0.00325048 -12.3288 12.3352 0.00639044
277.764 -0.0230393 0.00325086 -12.3147 12.3211 0.00639283
277.775 -0.0230393 0.00325174 -12.3005 12.3069 0.00639494
277.787 -0.023039 0.00325144 -12.2863 12.2926 0.0063964
277.798 -0.0230388 0.00325105 -12.272 12.2783 0.00639704
277.809 -0.0230389 0.00325091 -12.2575 12.2639 0.00639796
277.82 -0.0230385 0.00325057 -12.2431 12.2495 0.00639836
277.831 -0.0230391 0.00325087 -12.2286 12.235 0.00639819
277.843 -0.0230401 0.00325026 -12.214 12.2204 0.0063991
277.854 -0.02304 0.0032512 -12.1995 12.2059 0.00640123
277.865 -0.0230399 0.00325205 -12.1848 12.1912 0.00640326
277.876 -0.0230404 0.00325368 -12.1702 12.1766 0.00640514
277.888 -0.0230407 0.00325456 -12.1554 12.1619 0.0064067
277.899 -0.023041 0.00325492 -12.1407 12.1471 0.00640717
277.91 -0.0230412 0.00325487 -12.1259 12.1323 0.00640905
277.921 -0.0230407 0.00325523 -12.1111 12.1175 0.00641101
277.933 -0.0230398 0.00325502 -12.0962 12.1026 0.00641275
277.944 -0.0230401 0.00325459 -12.0813 12.0877 0.00641496
277.955 -0.0230399 0.00325461 -12.0663 12.0728 0.00641819
277.966 -0.023039 0.00325463 -12.0514 12.0578 0.00641959
277.978 -0.0230386 0.00325434 -12.0364 12.0428 0.00642161
277.989 -0.0230385 0.00325375 -12.0213 12.0277 0.00642336
278 -0.0230385 0.00325352 -12.0062 12.0127 0.00642546
278.011 -0.0230384 0.00325277 -11.991 11.9975 0.00642652
278.022 -0.0230376 0.00325333 -11.9758 11.9822 0.00642716
278.034 -0.0230356 0.00325444 -11.9605 11.967 0.00642816
278.045 -0.0230336 0.00325426 -11.9452 11.9517 0.00642963
278.056 -0.0230326 0.00325453 -11.9299 11.9363 0.00643211
278.067 -0.0230333 0.00325404 -11.9145 11.921 0.00643356
278.079 -0.0230336 0.00325487 -11.8991 11.9055 0.00643585
278.09 -0.0230337 0.00325542 -11.8837 11.8901 0.0064372
278.101 -0.0230335 0.00325558 -11.8682 11.8746 0.00643901
278.112 -0.0230335 0.00325567 -11.8527 11.8591 0.00644082
278.124 -0.0230336 0.00325621 -11.8371 11.8436 0.00644268
278.135 -0.0230343 0.00325666 -11.8216 11.828 0.00644315
278.146 -0.0230351 0.00325716 -11.806 11.8124 0.00644383
278.157 -0.0230359 0.00325753 -11.7903 11.7967 0.00644468
278.169 -0.0230364 0.00325813 -11.7745 11.781 0.0064451
278.18 -0.0230372 0.00325874 -11.7588 11.7652 0.00644622
278.191 -0.0230373 0.00325961 -11.743 11.7494 0.00644749
278.202 -0.0230368 0.00326066 -11.7272 11.7336 0.00644829
278.213 -0.0230373 0.00326133 -11.7113 11.7177 0.00644911
278.225 -0.0230379 0.00326144 -11.6954 11.7018 0.00644962
278.236 -0.0230383 0.00326125 -11.6795 11.6859 0.00645006
278.247 -0.0230387 0.0032617 -11.6635 11.67 0.00645087
278.258 -0.0230393 0.00326214 -11.6475 11.654 0.00645011
278.27 -0.0230403 0.00326332 -11.6315 11.638 0.00645075
278.281 -0.0230411 0.00326493 -11.6154 11.6219 0.00645235
278.292 -0.0230414 0.00326589 -11.5993 11.6058 0.00645363
278.303 -0.0230413 0.0032651 -11.5832 11.5897 0.00645369
278.315 -0.0230419 0.00326426 -11.567 11.5735 0.00645369
278.326 -0.0230427 0.00326508 -11.5508 11.5573 0.00645457
278.337 -0.0230433 0.00326723 -11.5346 11.541 0.00645583
278.348 -0.0230436 0.00326776 -11.5183 11.5248 0.00645882
278.36 -0.0230442 0.00326882 -11.5021 11.5085 0.00646158
278.371 -0.0230443 0.00327044 -11.4858 11.4923 0.00646415
278.382 -0.0230451 0.00327163 -11.4695 11.476 0.00646741
278.393 -0.0230456 0.00327251 -11.4532 11.4597 0.00646975
278.404 -0.0230457 0.00327388 -11.4369 11.4434 0.00647128
278.416 -0.0230462 0.00327407 -11.4205 11.427 0.00647174
278.427 -0.0230472 0.00327456 -11.4041 11.4106 0.0064725
278.438 -0.0230477 0.00327474 -11.3876 11.3941 0.00647373
278.449 -0.0230479 0.00327597 -11.3711 11.3776 0.00647647
278.461 -0.0230483 0.00327667 -11.3546 11.361 0.00647935
278.472 -0.0230484 0.00327591 -11.338 11.3445 0.0064808
278.483 -0.0230502 0.0032758 -11.3214 11.3279 0.00648245
278.494 -0.0230515 0.00327617 -11.3048 11.3113 0.0064847
278.506 -0.0230528 0.00327591 -11.2882 11.2947 0.00648696
278.517 -0.0230536 0.00327664 -11.2715 11.278 0.00648846
278.528 -0.0230552 0.00327704 -11.2548 11.2613 0.00649071
278.539 -0.0230549 0.00327848 -11.2381 11.2445 0.00649236
278.551 -0.0230564 0.00328015 -11.2213 11.2278 0.00649385
278.562 -0.0230571 0.00328036 -11.2045 11.211 0.00649387
278.573 -0.0230581 0.00328069 -11.1876 11.1941 0.00649504
278.584 -0.0230586 0.00328045 -11.1708 11.1773 0.00649427
278.596 -0.0230597 0.00328021 -11.1538 11.1603 0.00649391
278.607 -0.0230603 0.00328089 -11.1369 11.1434 0.00649417
278.618 -0.0230613 0.00328216 -11.1199 11.1264 0.00649675
278.629 -0.0230612 0.00328462 -11.1029 11.1094 0.00649953
278.64 -0.0230612 0.00328635 -11.0858 11.0924 0.00650077
278.652 -0.0230601 0.00328826 -11.0688 11.0753 0.00650187
278.663 -0.0230607 0.00328872 -11.0517 11.0582 0.00650307
278.674 -0.0230618 0.00328891 -11.0346 11.0411 0.00650252
278.685 -0.0230623 0.00328881 -11.0174 11.0239 0.00650307
278.697 -0.0230638 0.00328829 -11.0002 11.0067 0.00650365
278.708 -0.0230654 0.00328776 -10.9829 10.9894 0.00650415
278.719 -0.0230668 0.00328789 -10.9657 10.9722 0.00650487
278.73 -0.0230679 0.00328957 -10.9484 10.9549 0.00650747
278.742 -0.0230686 0.00329153 -10.9311 10.9376 0.00650981
278.753 -0.0230696 0.00329316 -10.9138 10.9204 0.00651253
278.764 -0.0230712 0.0032947 -10.8966 10.9031 0.00651401
278.775 -0.0230734 0.00329505 -10.8793 10.8858 0.00651494
278.787 -0.0230746 0.00329392 -10.8619 10.8685 0.00651581
278.798 -0.0230744 0.00329422 -10.8446 10.8511 0.0065163
278.809 -0.0230747 0.00329459 -10.8272 10.8337 0.00651722
278.82 -0.0230749 0.0032949 -10.8098 10.8163 0.00651909
278.831 -0.0230754 0.00329539 -10.7924 10.7989 0.00652092
278.843 -0.0230762 0.00329641 -10.775 10.7815 0.00652354
278.854 -0.0230777 0.00329673 -10.7576 10.7642 0.00652649
278.865 -0.0230786 0.00329789 -10.7403 10.7468 0.00652922
278.876 -0.023079 0.00329964 -10.7229 10.7294 0.00653081
278.888 -0.0230801 0.00330212 -10.7055 10.7121 0.0065333
278.899 -0.0230802 0.00330451 -10.6882 10.6947 0.00653493
278.91 -0.0230806 0.00330731 -10.6708 10.6773 0.00653656
278.921 -0.0230811 0.00330922 -10.6534 10.66 0.00653709
278.933 -0.0230816 0.00331031 -10.636 10.6425 0.00653682
278.944 -0.0230816 0.00331148 -10.6186 10.6251 0.00653641
278.955 -0.0230831 0.00331296 -10.6011 10.6077 0.00653654
278.966 -0.0230831 0.00331336 -10.5837 10.5902 0.00653798
278.978 -0.0230839 0.00331448 -10.5663 10.5729 0.00654006
278.989 -0.0230853 0.0033154 -10.549 10.5555 0.00654185
279 -0.0230866 0.00331646 -10.5317 10.5382 0.00654379
279.011 -0.0230878 0.00331806 -10.5144 10.5209 0.00654522
279.022 -0.0230891 0.00331884 -10.497 10.5036 0.00654594
279.034 -0.02309 0.0033197 -10.4797 10.4862 0.00654708
279.045 -0.02309 0.0033225 -10.4624 10.4689 0.00654906
279.056 -0.0230912 0.00332313 -10.4451 10.4516 0.00654934
279.067 -0.0230923 0.0033245 -10.4279 10.4344 0.00655031
279.079 -0.0230934 0.00332599 -10.4106 10.4172 0.00655088
279.09 -0.023094 0.0033265 -10.3934 10.4 0.00655086
279.101 -0.0230961 0.00332663 -10.3763 10.3828 0.00655239
279.112 -0.023099 0.00332705 -10.3591 10.3657 0.00655311
279.124 -0.0231008 0.00332818 -10.342 10.3485 0.00655543
279.135 -0.0231018 0.00333004 -10.3249 10.3314 0.00655765
279.146 -0.023103 0.00333044 -10.3079 10.3144 0.00655856
279.157 -0.0231042 0.00333146 -10.2908 10.2974 0.00655944
279.169 -0.0231054 0.00333223 -10.2739 10.2804 0.0065611
279.18 -0.0231057 0.00333315 -10.2569 10.2635 0.0065617
279.191 -0.0231065 0.00333429 -10.2401 10.2466 0.00656285
279.202 -0.0231076 0.00333478 -10.2232 10.2298 0.00656232
279.213 -0.0231086 0.00333673 -10.2065 10.213 0.00656314
279.225 -0.0231091 0.00333911 -10.1898 10.1963 0.00656615
279.236 -0.0231099 0.00334202 -10.1732 10.1798 0.00656978
279.247 -0.0231105 0.00334518 -10.1567 10.1633 0.00657275
279.258 -0.023112 0.00334791 -10.1403 10.1469 0.00657485
279.27 -0.023113 0.00334836 -10.124 10.1306 0.00657593
279.281 -0.0231147 0.00334809 -10.1077 10.1143 0.0065765
279.292 -0.023116 0.00334853 -10.0915 10.0981 0.00657793
279.303 -0.0231167 0.00335026 -10.0753 10.0819 0.00657965
279.315 -0.0231171 0.00335184 -10.0593 10.0658 0.00658077
279.326 -0.0231181 0.00335256 -10.0432 10.0498 0.00658022
279.337 -0.0231184 0.00335483 -10.0272 10.0338 0.00658103
279.348 -0.0231188 0.00335655 -10.0114 10.018 0.00658299
279.36 -0.0231184 0.00335923 -9.99559 10.0022 0.00658516
279.371 -0.0231184 0.00336133 -9.97992 9.98651 0.00658787
279.382 -0.0231187 0.00336355 -9.96437 9.97097 0.00659154
279.393 -0.0231183 0.00336519 -9.94894 9.95553 0.00659558
279.404 -0.0231196 0.00336682 -9.93362 9.94022 0.00659805
279.416 -0.0231201 0.00336725 -9.91843 9.92503 0.00659931
279.427 -0.0231215 0.00336771 -9.90331 9.90991 0.00660068
279.438 -0.0231226 0.00336809 -9.88827 9.89487 0.00660184
279.449 -0.0231225 0.0033701 -9.87337 9.87997 0.00660491
279.461 -0.0231226 0.00337162 -9.85857 9.86518 0.00660758
279.472 -0.0231232 0.00337377 -9.84391 9.85052 0.00661033
279.483 -0.0231235 0.00337557 -9.82939 9.836 0.0066117
279.494 -0.0231243 0.00337743 -9.81499 9.82161 0.00661373
279.506 -0.023126 0.00337924 -9.80075 9.80736 0.00661605
279.517 -0.0231269 0.0033805 -9.78665 9.79327 0.00661783
279.528 -0.0231277 0.00338163 -9.77269 9.77931 0.00661939
279.539 -0.0231285 0.00338275 -9.75886 9.76548 0.00662113
279.551 -0.0231295 0.00338424 -9.74519 9.75181 0.00662313
279.562 -0.0231306 0.00338641 -9.73167 9.73829 0.00662552
279.573 -0.0231321 0.00338765 -9.7183 9.72493 0.00662685
279.584 -0.0231337 0.00338927 -9.7051 9.71173 0.00662849
279.596 -0.0231356 0.00339183 -9.69207 9.6987 0.00662847
279.607 -0.0231365 0.00339381 -9.67918 9.68581 0.00662898
279.618 -0.0231374 0.00339564 -9.66647 9.6731 0.00662964
279.629 -0.0231381 0.00339825 -9.65393 9.66056 0.00663126
279.64 -0.0231393 0.00339963 -9.64157 9.6482 0.00663237
279.652 -0.0231397 0.00340203 -9.62938 9.63601 0.00663312
279.663 -0.0231401 0.00340342 -9.61734 9.62398 0.00663369
279.674 -0.0231403 0.00340444 -9.60551 9.61214 0.0066351
279.685 -0.0231405 0.00340645 -9.59387 9.60051 0.00663732
279.697 -0.0231408 0.00340764 -9.58242 9.58906 0.00663964
279.708 -0.0231407 0.00340812 -9.57117 9.57781 0.0066418
279.719 -0.0231419 0.00340949 -9.56013 9.56677 0.00664455
279.73 -0.0231432 0.00341109 -9.54927 9.55592 0.00664634
279.742 -0.0231444 0.00341192 -9.53862 9.54527 0.00664841
279.753 -0.0231465 0.00341359 -9.5282 9.53485 0.00665036
279.764 -0.0231483 0.003415 -9.51796 9.52461 0.00665103
279.775 -0.0231492 0.00341591 -9.50792 9.51457 0.00665172
279.787 -0.0231504 0.00341601 -9.49809 9.50475 0.00665218
279.798 -0.0231507 0.00341701 -9.48847 9.49513 0.00665443
279.809 -0.0231515 0.00341791 -9.47907 9.48572 0.00665562
279.82 -0.023152 0.00341914 -9.46989 9.47655 0.00665598
279.831 -0.0231527 0.00342036 -9.46091 9.46757 0.00665632
279.843 -0.0231533 0.00342252 -9.45215 9.45881 0.00665788
279.854 -0.0231549 0.00342327 -9.44362 9.45028 0.00665926
279.865 -0.0231559 0.00342433 -9.43526 9.44192 0.00666051
279.876 -0.0231574 0.00342529 -9.42711 9.43377 0.00666106
279.888 -0.0231585 0.0034276 -9.4192 9.42587 0.00666322
279.899 -0.0231596 0.00342986 -9.41152 9.41819 0.00666662
279.91 -0.0231601 0.00343115 -9.40406 9.41073 0.0066683
279.921 -0.0231615 0.00343254 -9.39684 9.40351 0.00666859
279.933 -0.0231624 0.00343416 -9.38982 9.39649 0.00666964
279.944 -0.0231629 0.00343567 -9.38304 9.38971 0.00667017
279.955 -0.0231622 0.00343704 -9.37648 9.38315 0.00667027
279.966 -0.0231617 0.00343797 -9.37014 9.37681 0.0066705
279.978 -0.0231609 0.00343992 -9.36402 9.3707 0.00667127
279.989 -0.0231608 0.00344087 -9.35815 9.36482 0.00667341
280 -0.0231607 0.00344192 -9.35249 9.35917 0.006675
