# t px py pz frame_uz pz_lab  (vitesses barycentriques ; invariant = px, py, pz_lab ~ 0 ; pz seul -> -frame_uz, normal)
160.001 -0.018205 0.00227999 -0.0313784 -6.05158e-05 -0.031439
160.003 -0.0182075 0.00228017 -0.0293036 -0.00213107 -0.0314347
160.006 -0.0182083 0.00228051 -0.0266092 -0.00482566 -0.0314349
160.009 -0.0182093 0.00228097 -0.0232283 -0.0082065 -0.0314348
160.014 -0.0182101 0.00228152 -0.0192368 -0.0121978 -0.0314347
160.019 -0.0182109 0.00228206 -0.0148719 -0.0165627 -0.0314346
160.024 -0.0182117 0.00228256 -0.010244 -0.0211904 -0.0314344
160.03 -0.0182123 0.00228301 -0.00549814 -0.0259361 -0.0314343
160.037 -0.018213 0.00228338 -0.000775246 -0.0306589 -0.0314342
160.044 -0.0182137 0.00228367 0.00383393 -0.035268 -0.0314341
160.051 -0.0182145 0.00228397 0.00827961 -0.0397135 -0.0314339
160.059 -0.0182155 0.00228427 0.0124393 -0.0438729 -0.0314336
160.067 -0.0182164 0.00228457 0.0162579 -0.0476914 -0.0314334
160.075 -0.0182175 0.00228472 0.0196753 -0.0511084 -0.0314331
160.084 -0.0182187 0.00228496 0.0226058 -0.0540384 -0.0314326
160.092 -0.0182198 0.00228535 0.0250385 -0.0564705 -0.0314321
160.101 -0.0182211 0.00228576 0.026918 -0.0583497 -0.0314317
160.111 -0.0182223 0.00228603 0.0282077 -0.059639 -0.0314313
160.12 -0.0182234 0.00228643 0.0288661 -0.0602969 -0.0314309
160.13 -0.0182244 0.00228683 0.0288718 -0.0603022 -0.0314304
160.14 -0.0182254 0.00228716 0.0281847 -0.0596146 -0.03143
160.149 -0.0182265 0.00228747 0.0267724 -0.0582019 -0.0314295
160.159 -0.0182275 0.00228745 0.0246769 -0.0561059 -0.0314289
160.17 -0.0182285 0.00228729 0.0218333 -0.0532614 -0.0314282
160.18 -0.0182295 0.00228719 0.0182308 -0.0496581 -0.0314273
160.19 -0.0182306 0.00228729 0.0139083 -0.0453349 -0.0314266
160.2 -0.0182317 0.00228742 0.0088275 -0.0402532 -0.0314257
160.211 -0.0182328 0.00228735 0.00296145 -0.0343861 -0.0314246
160.222 -0.0182341 0.0022872 -0.0036136 -0.0278098 -0.0314234
160.232 -0.0182356 0.00228727 -0.0109915 -0.0204304 -0.0314219
160.243 -0.0182372 0.00228731 -0.0190827 -0.0123377 -0.0314204
160.254 -0.0182388 0.00228741 -0.0278684 -0.00355044 -0.0314189
160.264 -0.0182403 0.00228758 -0.0374892 0.00607211 -0.0314171
160.275 -0.0182419 0.00228778 -0.0478058 0.0163904 -0.0314154
160.286 -0.0182436 0.00228785 -0.0588062 0.0273926 -0.0314136
160.297 -0.0182455 0.00228794 -0.0704975 0.0390857 -0.0314118
160.308 -0.0182475 0.00228804 -0.0830604 0.0516502 -0.0314102
160.319 -0.0182495 0.00228819 -0.0963005 0.064892 -0.0314085
160.33 -0.0182514 0.00228827 -0.110176 0.0787695 -0.0314065
160.341 -0.0182534 0.00228837 -0.124711 0.0933067 -0.0314043
160.352 -0.0182553 0.00228861 -0.139886 0.108484 -0.0314021
160.363 -0.0182574 0.00228874 -0.15569 0.124291 -0.0313999
160.374 -0.0182596 0.00228867 -0.172162 0.140765 -0.0313976
160.385 -0.0182618 0.00228846 -0.18925 0.157855 -0.0313954
160.396 -0.0182641 0.00228828 -0.206934 0.175541 -0.031393
160.407 -0.0182663 0.00228808 -0.225208 0.193817 -0.0313906
160.418 -0.0182684 0.00228767 -0.244435 0.213047 -0.0313883
160.429 -0.0182704 0.00228736 -0.264245 0.232859 -0.0313861
160.44 -0.0182723 0.00228724 -0.284627 0.253243 -0.0313839
160.451 -0.0182744 0.00228704 -0.305591 0.274209 -0.0313817
160.463 -0.0182765 0.00228668 -0.32711 0.29573 -0.0313796
160.474 -0.0182789 0.00228642 -0.349176 0.317798 -0.0313777
160.485 -0.0182811 0.00228627 -0.371772 0.340396 -0.0313759
160.496 -0.0182832 0.00228595 -0.394879 0.363505 -0.0313739
160.507 -0.0182854 0.00228567 -0.418519 0.387148 -0.0313719
160.519 -0.0182876 0.00228546 -0.442663 0.411293 -0.03137
160.53 -0.0182897 0.00228503 -0.467302 0.435934 -0.0313682
160.541 -0.0182916 0.00228447 -0.492421 0.461055 -0.0313661
160.552 -0.0182935 0.00228399 -0.518017 0.486653 -0.0313637
160.563 -0.0182953 0.00228357 -0.5441 0.512739 -0.0313614
160.575 -0.0182971 0.00228328 -0.570642 0.539283 -0.0313592
160.586 -0.0182989 0.00228308 -0.597634 0.566277 -0.031357
160.597 -0.0183007 0.00228309 -0.625074 0.593718 -0.0313556
160.608 -0.0183024 0.00228327 -0.652836 0.621481 -0.031354
160.619 -0.0183044 0.00228358 -0.681009 0.649656 -0.0313527
160.631 -0.0183064 0.00228406 -0.709564 0.678212 -0.0313514
160.642 -0.0183084 0.0022848 -0.738452 0.707102 -0.03135
160.653 -0.0183104 0.00228555 -0.767672 0.736324 -0.0313482
160.664 -0.0183125 0.00228566 -0.797252 0.765905 -0.0313463
160.675 -0.0183142 0.00228619 -0.827189 0.795845 -0.031344
160.687 -0.0183165 0.00228637 -0.857469 0.826128 -0.0313415
160.698 -0.018319 0.00228627 -0.888066 0.856727 -0.0313391
160.709 -0.0183216 0.00228614 -0.918964 0.887627 -0.0313366
160.72 -0.0183238 0.00228619 -0.950163 0.918829 -0.0313338
160.731 -0.0183259 0.00228623 -0.981683 0.950351 -0.0313312
160.743 -0.0183281 0.00228621 -1.01352 0.982187 -0.0313286
160.754 -0.0183305 0.0022861 -1.04564 1.01432 -0.0313258
160.765 -0.0183331 0.0022862 -1.07806 1.04674 -0.0313234
160.776 -0.0183357 0.00228667 -1.11075 1.07943 -0.0313213
160.787 -0.0183382 0.00228721 -1.14367 1.11235 -0.0313191
160.798 -0.0183404 0.00228734 -1.17682 1.14551 -0.0313171
160.81 -0.0183425 0.00228763 -1.2102 1.17889 -0.0313149
160.821 -0.0183446 0.00228776 -1.24383 1.21252 -0.0313133
160.832 -0.0183478 0.00228743 -1.27767 1.24636 -0.0313108
160.843 -0.0183508 0.00228684 -1.31172 1.28041 -0.0313084
160.854 -0.0183534 0.0022868 -1.34598 1.31468 -0.0313061
160.866 -0.0183556 0.00228665 -1.38034 1.34904 -0.031304
160.877 -0.018358 0.00228734 -1.41495 1.38365 -0.0313015
160.888 -0.0183602 0.00228826 -1.44976 1.41846 -0.0312989
160.899 -0.0183625 0.00228924 -1.48473 1.45343 -0.0312965
160.91 -0.0183647 0.00229042 -1.51987 1.48858 -0.0312943
160.922 -0.0183669 0.00229165 -1.55519 1.5239 -0.0312916
160.933 -0.0183691 0.00229266 -1.59067 1.55938 -0.031289
160.944 -0.0183712 0.00229359 -1.62635 1.59506 -0.0312863
160.955 -0.0183734 0.00229447 -1.66213 1.63085 -0.0312834
160.966 -0.0183754 0.00229533 -1.69808 1.6668 -0.0312807
160.978 -0.0183779 0.00229591 -1.73416 1.70288 -0.0312779
160.989 -0.0183802 0.00229711 -1.77031 1.73904 -0.0312754
161 -0.0183826 0.00229813 -1.80662 1.77534 -0.031273
161.011 -0.0183848 0.00229902 -1.84315 1.81188 -0.0312703
161.022 -0.0183871 0.00229954 -1.87979 1.84852 -0.0312676
161.034 -0.0183893 0.00230018 -1.91653 1.88526 -0.0312649
161.045 -0.0183912 0.00230108 -1.95335 1.92209 -0.031262
161.056 -0.0183931 0.00230211 -1.99026 1.959 -0.0312591
161.067 -0.0183949 0.0023031 -2.02723 1.99598 -0.0312563
161.079 -0.0183966 0.00230389 -2.06427 2.03302 -0.0312538
161.09 -0.0183983 0.00230444 -2.10133 2.07008 -0.0312512
161.101 -0.0183998 0.00230508 -2.13844 2.10719 -0.0312484
161.112 -0.0184015 0.00230513 -2.17557 2.14433 -0.0312455
161.124 -0.0184033 0.00230495 -2.21275 2.18151 -0.0312431
161.135 -0.0184051 0.00230509 -2.24996 2.21872 -0.031241
161.146 -0.0184074 0.00230497 -2.2872 2.25597 -0.031238
161.157 -0.0184099 0.00230529 -2.32448 2.29325 -0.0312346
161.169 -0.0184123 0.0023055 -2.3618 2.33057 -0.0312314
161.18 -0.0184146 0.00230593 -2.39915 2.36792 -0.0312283
161.191 -0.0184174 0.00230664 -2.43651 2.40528 -0.0312252
161.202 -0.01842 0.00230716 -2.47388 2.44266 -0.0312228
161.213 -0.0184223 0.00230716 -2.51125 2.48003 -0.0312203
161.225 -0.0184247 0.00230733 -2.54867 2.51746 -0.031218
161.236 -0.0184265 0.00230758 -2.58607 2.55486 -0.0312158
161.247 -0.0184282 0.00230771 -2.6235 2.59229 -0.0312137
161.258 -0.0184302 0.00230815 -2.66088 2.62967 -0.031211
161.27 -0.0184321 0.00230852 -2.69825 2.66704 -0.0312086
161.281 -0.0184345 0.00230915 -2.73561 2.70441 -0.0312056
161.292 -0.0184372 0.00231029 -2.77298 2.74178 -0.0312029
161.303 -0.0184401 0.00231136 -2.81033 2.77913 -0.0312003
161.315 -0.0184429 0.00231226 -2.84766 2.81646 -0.0311975
161.326 -0.0184457 0.00231309 -2.88495 2.85376 -0.0311945
161.337 -0.0184484 0.00231418 -2.92222 2.89103 -0.0311913
161.348 -0.0184517 0.00231512 -2.95946 2.92827 -0.0311884
161.36 -0.0184548 0.00231593 -2.99665 2.96546 -0.0311855
161.371 -0.0184574 0.00231649 -3.03381 3.00262 -0.0311825
161.382 -0.0184602 0.00231742 -3.07093 3.03975 -0.0311796
161.393 -0.0184624 0.00231865 -3.10802 3.07684 -0.0311764
161.404 -0.0184643 0.00231949 -3.1451 3.11392 -0.031173
161.416 -0.0184664 0.00232005 -3.18212 3.15095 -0.0311699
161.427 -0.0184685 0.0023207 -3.21911 3.18794 -0.0311668
161.438 -0.0184707 0.00232106 -3.25612 3.22495 -0.0311641
161.449 -0.0184728 0.00232122 -3.29307 3.26191 -0.0311616
161.461 -0.0184747 0.00232137 -3.33002 3.29886 -0.0311594
161.472 -0.0184768 0.00232154 -3.36692 3.33577 -0.0311573
161.483 -0.0184786 0.00232191 -3.40376 3.37261 -0.031155
161.494 -0.0184805 0.00232256 -3.44051 3.40936 -0.0311529
161.506 -0.0184825 0.00232316 -3.4772 3.44605 -0.0311511
161.517 -0.0184847 0.00232426 -3.51382 3.48267 -0.0311486
161.528 -0.0184867 0.00232494 -3.5504 3.51926 -0.031146
161.539 -0.0184889 0.00232562 -3.58693 3.55579 -0.031144
161.551 -0.0184914 0.00232585 -3.62339 3.59224 -0.0311419
161.562 -0.0184943 0.00232634 -3.65976 3.62862 -0.0311402
161.573 -0.0184967 0.00232691 -3.69607 3.66493 -0.0311394
161.584 -0.0184988 0.00232803 -3.73228 3.70115 -0.0311384
161.596 -0.0185005 0.00232881 -3.76843 3.73729 -0.0311372
161.607 -0.018502 0.0023297 -3.8045 3.77336 -0.0311355
161.618 -0.0185033 0.00233093 -3.8405 3.80937 -0.0311336
161.629 -0.018505 0.00233242 -3.87644 3.84531 -0.0311312
161.64 -0.0185067 0.00233358 -3.91232 3.88119 -0.0311288
161.652 -0.0185087 0.00233545 -3.94814 3.91702 -0.0311255
161.663 -0.0185114 0.00233693 -3.98392 3.95279 -0.031122
161.674 -0.0185142 0.00233821 -4.01964 3.98852 -0.0311186
161.685 -0.0185166 0.00233938 -4.0553 4.02418 -0.0311161
161.697 -0.0185191 0.00233966 -4.09089 4.05978 -0.0311134
161.708 -0.0185213 0.00233979 -4.12643 4.09532 -0.0311106
161.719 -0.0185239 0.0023397 -4.16189 4.13079 -0.0311078
161.73 -0.0185265 0.00233968 -4.1973 4.1662 -0.0311052
161.742 -0.0185286 0.00233979 -4.23265 4.20155 -0.0311022
161.753 -0.0185308 0.0023399 -4.26794 4.23684 -0.0310997
161.764 -0.0185331 0.00234102 -4.30317 4.27207 -0.031097
161.775 -0.0185355 0.00234257 -4.33833 4.30724 -0.0310947
161.787 -0.0185374 0.0023442 -4.37342 4.34233 -0.0310922
161.798 -0.0185399 0.00234593 -4.40845 4.37736 -0.0310895
161.809 -0.0185422 0.00234752 -4.44341 4.41232 -0.0310875
161.82 -0.0185441 0.00234873 -4.47831 4.44723 -0.0310851
161.831 -0.018546 0.00235024 -4.51316 4.48207 -0.0310821
161.843 -0.0185481 0.00235098 -4.54794 4.51686 -0.031079
161.854 -0.0185501 0.00235167 -4.58268 4.5516 -0.0310756
161.865 -0.0185517 0.00235247 -4.61736 4.58629 -0.0310727
161.876 -0.0185529 0.00235371 -4.65198 4.62091 -0.0310699
161.888 -0.0185543 0.00235524 -4.68652 4.65545 -0.0310673
161.899 -0.0185565 0.00235662 -4.72098 4.68992 -0.0310644
161.91 -0.0185586 0.00235811 -4.75538 4.72431 -0.0310611
161.921 -0.0185608 0.00235964 -4.7897 4.75864 -0.0310575
161.933 -0.0185628 0.00236103 -4.82395 4.7929 -0.0310538
161.944 -0.0185653 0.00236195 -4.85815 4.8271 -0.0310505
161.955 -0.0185681 0.00236266 -4.89226 4.86121 -0.0310476
161.966 -0.0185708 0.00236353 -4.92632 4.89527 -0.0310447
161.978 -0.0185736 0.00236381 -4.96029 4.92925 -0.0310421
161.989 -0.0185766 0.00236385 -4.99421 4.96317 -0.0310398
162 -0.0185794 0.00236383 -5.02801 4.99697 -0.0310378
162.011 -0.0185823 0.00236396 -5.06171 5.03067 -0.0310359
162.022 -0.0185847 0.00236391 -5.09532 5.06428 -0.0310335
162.034 -0.0185867 0.00236344 -5.12884 5.0978 -0.0310309
162.045 -0.0185892 0.00236348 -5.16225 5.13122 -0.0310282
162.056 -0.0185918 0.00236302 -5.19554 5.16452 -0.0310256
162.067 -0.0185945 0.00236275 -5.22875 5.19773 -0.0310229
162.079 -0.0185972 0.00236218 -5.26189 5.23087 -0.0310204
162.09 -0.0186 0.00236187 -5.29496 5.26394 -0.0310176
162.101 -0.0186028 0.00236149 -5.32794 5.29692 -0.0310149
162.112 -0.0186058 0.00236127 -5.36079 5.32977 -0.031012
162.124 -0.0186087 0.00236106 -5.39353 5.36253 -0.0310085
162.135 -0.0186116 0.0023613 -5.42621 5.3952 -0.031005
162.146 -0.0186146 0.00236176 -5.4588 5.4278 -0.031001
162.157 -0.0186175 0.00236241 -5.49129 5.4603 -0.0309967
162.169 -0.0186207 0.00236328 -5.52369 5.4927 -0.0309927
162.18 -0.0186233 0.00236435 -5.55598 5.52499 -0.0309895
162.191 -0.0186269 0.00236579 -5.58814 5.55716 -0.0309859
162.202 -0.0186288 0.00236667 -5.6202 5.58922 -0.0309828
162.213 -0.0186306 0.00236778 -5.65215 5.62117 -0.03098
162.225 -0.0186328 0.00236934 -5.68397 5.65299 -0.0309769
162.236 -0.0186353 0.0023708 -5.71567 5.6847 -0.0309742
162.247 -0.0186379 0.00237188 -5.74726 5.71629 -0.0309719
162.258 -0.0186411 0.0023733 -5.77871 5.74775 -0.0309691
162.27 -0.018644 0.00237416 -5.81005 5.77908 -0.0309667
162.281 -0.0186463 0.0023744 -5.84125 5.81028 -0.030965
162.292 -0.0186483 0.00237482 -5.8723 5.84133 -0.0309635
162.303 -0.0186499 0.00237482 -5.90322 5.87226 -0.0309618
162.315 -0.0186515 0.00237477 -5.93402 5.90306 -0.0309604
162.326 -0.0186532 0.00237509 -5.96467 5.93371 -0.0309591
162.337 -0.0186551 0.00237548 -5.99518 5.96422 -0.030958
162.348 -0.0186568 0.00237579 -6.02554 5.99459 -0.0309568
162.36 -0.0186585 0.00237582 -6.05577 6.02481 -0.0309549
162.371 -0.0186602 0.00237581 -6.08587 6.05492 -0.030953
162.382 -0.018662 0.0023764 -6.11588 6.08493 -0.0309516
162.393 -0.0186636 0.00237677 -6.14576 6.11481 -0.0309504
162.404 -0.0186657 0.00237746 -6.17551 6.14456 -0.0309485
162.416 -0.0186676 0.00237763 -6.20512 6.17417 -0.0309465
162.427 -0.0186697 0.00237769 -6.23459 6.20364 -0.0309442
162.438 -0.0186714 0.00237713 -6.26392 6.23297 -0.0309415
162.449 -0.0186728 0.00237684 -6.29313 6.26219 -0.0309389
162.461 -0.0186748 0.00237712 -6.32221 6.29127 -0.0309355
162.472 -0.0186774 0.00237819 -6.35118 6.32025 -0.0309323
162.483 -0.0186803 0.0023797 -6.38005 6.34912 -0.0309289
162.494 -0.018683 0.00238164 -6.4088 6.37787 -0.0309249
162.506 -0.0186854 0.00238371 -6.43744 6.40652 -0.0309208
162.517 -0.0186877 0.00238521 -6.466 6.43508 -0.0309167
162.528 -0.0186903 0.00238701 -6.49446 6.46354 -0.0309124
162.539 -0.0186931 0.00238814 -6.52283 6.49192 -0.0309084
162.551 -0.0186955 0.00238966 -6.55112 6.52021 -0.0309039
162.562 -0.0186979 0.00239067 -6.57929 6.54839 -0.0308996
162.573 -0.0187008 0.00239188 -6.60735 6.57646 -0.030895
162.584 -0.0187035 0.00239294 -6.63531 6.60442 -0.0308911
162.596 -0.0187062 0.0023942 -6.66314 6.63225 -0.0308865
162.607 -0.0187091 0.00239534 -6.69088 6.66 -0.0308825
162.618 -0.0187118 0.00239675 -6.71853 6.68765 -0.0308798
162.629 -0.0187144 0.00239849 -6.74605 6.71518 -0.0308769
162.64 -0.0187173 0.00240053 -6.77348 6.7426 -0.0308746
162.652 -0.0187198 0.00240257 -6.80079 6.76992 -0.0308726
162.663 -0.0187225 0.00240431 -6.82797 6.7971 -0.0308702
162.674 -0.0187252 0.00240558 -6.855 6.82414 -0.030868
162.685 -0.018728 0.00240647 -6.88195 6.85108 -0.030866
162.697 -0.0187309 0.00240717 -6.90875 6.87788 -0.030864
162.708 -0.0187335 0.00240805 -6.93542 6.90456 -0.0308627
162.719 -0.0187363 0.00240983 -6.96196 6.9311 -0.0308615
162.73 -0.0187385 0.00241161 -6.98836 6.9575 -0.0308601
162.742 -0.0187404 0.00241314 -7.01464 6.98378 -0.030858
162.753 -0.0187423 0.00241458 -7.04083 7.00997 -0.0308561
162.764 -0.0187447 0.00241617 -7.06688 7.03602 -0.0308536
162.775 -0.018747 0.00241726 -7.09283 7.06198 -0.0308513
162.787 -0.01875 0.00241801 -7.11867 7.08783 -0.0308483
162.798 -0.0187526 0.00241882 -7.14439 7.11354 -0.0308455
162.809 -0.0187551 0.00242013 -7.16998 7.13914 -0.0308434
162.82 -0.0187573 0.00242129 -7.19548 7.16464 -0.030841
162.831 -0.0187598 0.00242223 -7.22087 7.19003 -0.0308387
162.843 -0.0187628 0.00242348 -7.24617 7.21533 -0.0308365
162.854 -0.0187648 0.00242386 -7.27138 7.24054 -0.0308336
162.865 -0.0187666 0.0024242 -7.29649 7.26566 -0.0308308
162.876 -0.0187689 0.00242467 -7.3215 7.29067 -0.0308278
162.888 -0.0187713 0.00242543 -7.34644 7.31561 -0.0308244
162.899 -0.0187738 0.00242648 -7.37127 7.34044 -0.0308212
162.91 -0.0187762 0.00242776 -7.39602 7.3652 -0.0308171
162.921 -0.0187789 0.00242892 -7.42072 7.3899 -0.0308134
162.933 -0.018781 0.00242973 -7.44532 7.41451 -0.0308111
162.944 -0.0187836 0.00243034 -7.46982 7.43902 -0.0308089
162.955 -0.0187862 0.00243077 -7.49424 7.46343 -0.0308073
162.966 -0.0187888 0.00243139 -7.51853 7.48772 -0.0308052
162.978 -0.0187913 0.00243202 -7.54274 7.51194 -0.0308026
162.989 -0.0187935 0.00243333 -7.56689 7.53609 -0.0308001
163 -0.0187961 0.00243458 -7.59095 7.56015 -0.0307969
163.011 -0.0187986 0.00243609 -7.61493 7.58414 -0.0307941
163.022 -0.0188012 0.00243818 -7.63883 7.60804 -0.0307915
163.034 -0.0188038 0.00243987 -7.66262 7.63183 -0.0307888
163.045 -0.0188061 0.00244136 -7.68632 7.65554 -0.0307863
163.056 -0.0188085 0.00244346 -7.70994 7.67915 -0.0307839
163.067 -0.0188109 0.0024454 -7.73344 7.70266 -0.0307809
163.079 -0.0188135 0.00244727 -7.75684 7.72607 -0.0307777
163.09 -0.0188162 0.00244932 -7.78017 7.7494 -0.0307751
163.101 -0.0188187 0.00245134 -7.80338 7.77261 -0.030773
163.112 -0.018821 0.0024534 -7.8265 7.79573 -0.0307714
163.124 -0.0188233 0.00245484 -7.84953 7.81876 -0.0307694
163.135 -0.0188257 0.00245605 -7.87245 7.84168 -0.030768
163.146 -0.0188278 0.00245711 -7.89528 7.86451 -0.0307666
163.157 -0.0188298 0.00245823 -7.918 7.88724 -0.0307656
163.169 -0.0188314 0.00245968 -7.94061 7.90985 -0.0307642
163.18 -0.018833 0.00246168 -7.96315 7.93238 -0.0307624
163.191 -0.0188345 0.00246376 -7.98558 7.95482 -0.0307612
163.202 -0.0188358 0.00246623 -8.00789 7.97713 -0.0307592
163.213 -0.0188368 0.00246815 -8.03012 7.99936 -0.0307575
163.225 -0.0188381 0.00247012 -8.05224 8.02148 -0.0307558
163.236 -0.0188395 0.00247249 -8.07425 8.0435 -0.0307545
163.247 -0.0188405 0.00247501 -8.09617 8.06542 -0.0307535
163.258 -0.0188427 0.00247674 -8.11803 8.08728 -0.0307517
163.27 -0.0188448 0.00247833 -8.13981 8.10906 -0.0307496
163.281 -0.0188471 0.00247986 -8.16154 8.13079 -0.0307476
163.292 -0.0188496 0.00248099 -8.18322 8.15247 -0.0307452
163.303 -0.0188524 0.00248208 -8.20483 8.17409 -0.0307423
163.315 -0.0188547 0.0024828 -8.22645 8.19572 -0.0307391
163.326 -0.0188569 0.00248404 -8.24803 8.21729 -0.030736
163.337 -0.0188591 0.00248523 -8.26953 8.23879 -0.0307336
163.348 -0.0188614 0.00248586 -8.29096 8.26023 -0.0307314
163.36 -0.0188641 0.00248685 -8.31234 8.28161 -0.0307294
163.371 -0.0188668 0.00248835 -8.33365 8.30293 -0.0307266
163.382 -0.0188693 0.0024896 -8.35488 8.32415 -0.030724
163.393 -0.0188715 0.00249138 -8.37605 8.34533 -0.0307219
163.404 -0.0188742 0.00249349 -8.39716 8.36644 -0.0307198
163.416 -0.0188768 0.00249539 -8.41823 8.38751 -0.0307174
163.427 -0.0188797 0.00249712 -8.43926 8.40854 -0.030715
163.438 -0.0188825 0.00249891 -8.46021 8.4295 -0.0307127
163.449 -0.0188852 0.00250028 -8.48111 8.4504 -0.0307111
163.461 -0.0188882 0.00250189 -8.50194 8.47123 -0.0307099
163.472 -0.0188911 0.00250362 -8.52267 8.49197 -0.0307084
163.483 -0.0188941 0.00250531 -8.54335 8.51264 -0.0307068
163.494 -0.0188965 0.00250758 -8.56396 8.53325 -0.0307048
163.506 -0.0188983 0.00250981 -8.58449 8.55379 -0.0307017
163.517 -0.0189003 0.00251173 -8.60496 8.57426 -0.0306984
163.528 -0.018902 0.00251368 -8.62537 8.59468 -0.0306957
163.539 -0.0189035 0.00251603 -8.64569 8.61499 -0.0306926
163.551 -0.0189054 0.00251809 -8.66593 8.63524 -0.0306895
163.562 -0.0189074 0.00252015 -8.68609 8.65541 -0.0306863
163.573 -0.0189095 0.00252223 -8.70619 8.67551 -0.0306826
163.584 -0.0189114 0.00252489 -8.72619 8.69552 -0.0306794
163.596 -0.0189135 0.00252682 -8.74614 8.71546 -0.0306761
163.607 -0.0189154 0.00252857 -8.76598 8.7353 -0.0306733
163.618 -0.0189173 0.00253064 -8.78574 8.75507 -0.0306705
163.629 -0.0189192 0.00253309 -8.80543 8.77476 -0.0306681
163.64 -0.0189216 0.00253538 -8.825 8.79434 -0.0306659
163.652 -0.0189237 0.00253783 -8.84451 8.81384 -0.0306639
163.663 -0.018926 0.00254026 -8.86394 8.83328 -0.0306619
163.674 -0.0189276 0.00254258 -8.88326 8.8526 -0.0306601
163.685 -0.0189289 0.0025451 -8.9025 8.87185 -0.0306579
163.697 -0.0189303 0.0025474 -8.92167 8.89101 -0.0306559
163.708 -0.0189316 0.00255042 -8.94074 8.91009 -0.0306536
163.719 -0.0189334 0.00255226 -8.95974 8.92909 -0.0306511
163.73 -0.0189353 0.00255376 -8.97867 8.94802 -0.0306494
163.742 -0.0189377 0.00255547 -8.9975 8.96685 -0.0306474
163.753 -0.0189393 0.00255756 -9.01616 8.98551 -0.030646
163.764 -0.0189417 0.00255916 -9.03485 9.0042 -0.0306446
163.775 -0.0189439 0.00256021 -9.05334 9.0227 -0.0306425
163.787 -0.0189463 0.00256138 -9.07178 9.04114 -0.0306397
163.798 -0.0189492 0.00256243 -9.09016 9.05952 -0.0306373
163.809 -0.0189515 0.00256351 -9.10846 9.07783 -0.0306345
163.82 -0.0189539 0.00256445 -9.12672 9.09609 -0.0306317
163.831 -0.0189561 0.00256604 -9.14493 9.1143 -0.0306293
163.843 -0.0189581 0.00256763 -9.16307 9.13245 -0.0306275
163.854 -0.0189606 0.00256908 -9.18109 9.15046 -0.0306256
163.865 -0.0189632 0.0025704 -9.19908 9.16845 -0.030624
163.876 -0.0189656 0.00257149 -9.21706 9.18643 -0.0306223
163.888 -0.0189686 0.00257271 -9.23494 9.20432 -0.03062
163.899 -0.0189721 0.00257414 -9.25276 9.22214 -0.0306179
163.91 -0.0189751 0.00257556 -9.27046 9.23984 -0.0306161
163.921 -0.0189778 0.0025774 -9.28807 9.25746 -0.0306147
163.933 -0.018981 0.00257924 -9.30561 9.275 -0.0306134
163.944 -0.0189838 0.00258108 -9.32306 9.29245 -0.0306116
163.955 -0.0189862 0.00258302 -9.34042 9.30981 -0.0306094
163.966 -0.0189891 0.00258474 -9.35769 9.32708 -0.0306073
163.978 -0.0189919 0.00258654 -9.37489 9.34428 -0.0306051
163.989 -0.0189944 0.00258889 -9.39203 9.36142 -0.0306024
164 -0.0189967 0.00259089 -9.4091 9.3785 -0.0305997
164.011 -0.0189999 0.00259346 -9.42609 9.3955 -0.0305969
164.022 -0.019003 0.00259565 -9.44299 9.4124 -0.030594
164.034 -0.0190055 0.00259814 -9.45982 9.42923 -0.0305913
164.045 -0.019008 0.0026004 -9.47655 9.44596 -0.0305886
164.056 -0.0190111 0.00260252 -9.49318 9.4626 -0.0305854
164.067 -0.0190131 0.0026049 -9.50975 9.47917 -0.0305811
164.079 -0.0190151 0.00260755 -9.52624 9.49567 -0.0305773
164.09 -0.0190166 0.00260997 -9.54267 9.5121 -0.0305731
164.101 -0.0190188 0.00261192 -9.55904 9.52847 -0.0305688
164.112 -0.0190206 0.00261402 -9.57532 9.54476 -0.0305649
164.124 -0.0190227 0.00261624 -9.59153 9.56097 -0.0305606
164.135 -0.0190249 0.00261809 -9.60766 9.57711 -0.0305564
164.146 -0.0190272 0.00261998 -9.62369 9.59314 -0.0305524
164.157 -0.0190296 0.00262234 -9.63967 9.60912 -0.0305494
164.169 -0.0190323 0.00262469 -9.65554 9.62499 -0.0305462
164.18 -0.0190349 0.00262718 -9.67131 9.64077 -0.0305432
164.191 -0.0190377 0.00262959 -9.687 9.65646 -0.0305404
164.202 -0.0190408 0.00263199 -9.70265 9.67211 -0.0305373
164.213 -0.019044 0.00263461 -9.71818 9.68764 -0.0305346
164.225 -0.0190471 0.00263676 -9.73362 9.70309 -0.030532
164.236 -0.01905 0.00263902 -9.74901 9.71848 -0.0305294
164.247 -0.0190522 0.0026411 -9.7643 9.73377 -0.0305267
164.258 -0.0190544 0.00264316 -9.77951 9.74898 -0.0305244
164.27 -0.019056 0.00264573 -9.79466 9.76414 -0.0305236
164.281 -0.0190572 0.00264788 -9.80971 9.77919 -0.0305225
164.292 -0.019059 0.00264944 -9.82465 9.79413 -0.0305199
164.303 -0.0190609 0.00265097 -9.83956 9.80904 -0.030517
164.315 -0.0190631 0.00265276 -9.85439 9.82388 -0.0305132
164.326 -0.0190651 0.00265468 -9.86918 9.83867 -0.0305094
164.337 -0.0190675 0.00265627 -9.88393 9.85342 -0.0305055
164.348 -0.0190702 0.00265817 -9.89862 9.86812 -0.0305016
164.36 -0.0190731 0.0026597 -9.91325 9.88275 -0.0304977
164.371 -0.0190764 0.00266162 -9.92785 9.89736 -0.0304945
164.382 -0.0190797 0.00266332 -9.94238 9.91188 -0.0304913
164.393 -0.0190832 0.00266504 -9.95683 9.92635 -0.0304887
164.404 -0.0190868 0.00266654 -9.97124 9.94076 -0.0304866
164.416 -0.01909 0.00266819 -9.98556 9.95508 -0.0304841
164.427 -0.0190932 0.00266972 -9.99982 9.96934 -0.030482
164.438 -0.019097 0.002671 -10.014 9.98355 -0.0304793
164.449 -0.0191013 0.00267222 -10.0281 9.99766 -0.0304766
164.461 -0.0191055 0.00267347 -10.0422 10.0118 -0.0304741
164.472 -0.0191097 0.00267505 -10.0563 10.0258 -0.0304722
164.483 -0.0191142 0.00267695 -10.0702 10.0397 -0.0304698
164.494 -0.0191188 0.00267864 -10.0841 10.0537 -0.0304673
164.506 -0.0191234 0.00268002 -10.098 10.0675 -0.0304651
164.517 -0.0191279 0.00268176 -10.1118 10.0813 -0.0304627
164.528 -0.0191325 0.00268328 -10.1255 10.095 -0.0304609
164.539 -0.0191369 0.00268466 -10.1392 10.1087 -0.0304587
164.551 -0.0191407 0.00268595 -10.1528 10.1224 -0.0304563
164.562 -0.0191438 0.00268724 -10.1664 10.136 -0.0304545
164.573 -0.0191471 0.00268844 -10.18 10.1496 -0.0304528
164.584 -0.0191498 0.0026892 -10.1935 10.1631 -0.0304506
164.596 -0.0191521 0.00268981 -10.207 10.1765 -0.0304484
164.607 -0.0191539 0.00269098 -10.2204 10.1899 -0.0304467
164.618 -0.0191551 0.00269176 -10.2337 10.2033 -0.0304435
164.629 -0.0191568 0.00269258 -10.247 10.2166 -0.0304408
164.64 -0.0191584 0.00269374 -10.2603 10.2299 -0.0304382
164.652 -0.0191607 0.00269479 -10.2735 10.2431 -0.0304358
164.663 -0.0191626 0.00269587 -10.2866 10.2562 -0.0304331
164.674 -0.0191648 0.0026966 -10.2998 10.2693 -0.0304312
164.685 -0.0191668 0.00269789 -10.3128 10.2824 -0.0304278
164.697 -0.0191687 0.00269951 -10.3258 10.2954 -0.0304244
164.708 -0.0191706 0.00270114 -10.3388 10.3084 -0.0304215
164.719 -0.0191723 0.00270274 -10.3517 10.3212 -0.0304185
164.73 -0.0191743 0.00270452 -10.3645 10.3341 -0.0304153
164.742 -0.0191759 0.0027061 -10.3773 10.3469 -0.0304121
164.753 -0.0191776 0.00270785 -10.39 10.3596 -0.0304087
164.764 -0.0191792 0.00270895 -10.4027 10.3722 -0.0304052
164.775 -0.0191811 0.00271023 -10.4153 10.3849 -0.0304019
164.787 -0.0191832 0.00271158 -10.4278 10.3974 -0.0303988
164.798 -0.0191857 0.00271295 -10.4402 10.4099 -0.0303958
164.809 -0.0191882 0.00271405 -10.4526 10.4222 -0.0303937
164.82 -0.0191911 0.00271523 -10.4649 10.4345 -0.0303906
164.831 -0.0191946 0.00271706 -10.4771 10.4467 -0.0303871
164.843 -0.0191984 0.00271852 -10.4893 10.4589 -0.0303843
164.854 -0.0192019 0.00272008 -10.5013 10.471 -0.0303804
164.865 -0.0192054 0.00272182 -10.5134 10.483 -0.0303764
164.876 -0.0192086 0.00272391 -10.5253 10.495 -0.0303725
164.888 -0.0192118 0.00272519 -10.5372 10.5069 -0.0303681
164.899 -0.0192152 0.00272646 -10.5491 10.5187 -0.0303638
164.91 -0.0192186 0.00272825 -10.5609 10.5305 -0.0303591
164.921 -0.0192221 0.00272967 -10.5726 10.5423 -0.0303536
164.933 -0.0192254 0.00273085 -10.5844 10.554 -0.030348
164.944 -0.0192284 0.00273202 -10.596 10.5657 -0.0303429
164.955 -0.0192313 0.00273333 -10.6076 10.5773 -0.0303378
164.966 -0.0192338 0.0027347 -10.6192 10.5889 -0.0303325
164.978 -0.0192364 0.00273627 -10.6307 10.6004 -0.0303279
164.989 -0.019239 0.00273787 -10.6422 10.6119 -0.0303228
165 -0.0192419 0.00273941 -10.6536 10.6233 -0.030318
165.011 -0.0192439 0.00274049 -10.6649 10.6346 -0.0303148
165.022 -0.0192459 0.00274135 -10.6762 10.6459 -0.0303115
165.034 -0.019248 0.0027424 -10.6874 10.6571 -0.0303079
165.045 -0.0192501 0.00274376 -10.6985 10.6682 -0.0303043
165.056 -0.019252 0.00274581 -10.7096 10.6793 -0.0303018
165.067 -0.0192544 0.00274739 -10.7206 10.6903 -0.0302991
165.079 -0.0192569 0.00274892 -10.7315 10.7012 -0.0302966
165.09 -0.0192594 0.0027503 -10.7423 10.712 -0.0302937
165.101 -0.019262 0.00275148 -10.753 10.7227 -0.0302907
165.112 -0.0192646 0.00275261 -10.7637 10.7334 -0.0302875
165.124 -0.0192671 0.0027538 -10.7743 10.744 -0.0302839
165.135 -0.0192698 0.00275503 -10.7849 10.7546 -0.0302805
165.146 -0.0192728 0.00275608 -10.7953 10.7651 -0.0302773
165.157 -0.0192755 0.00275753 -10.8058 10.7755 -0.0302732
165.169 -0.0192785 0.00275915 -10.8161 10.7859 -0.0302698
165.18 -0.0192811 0.00276047 -10.8265 10.7962 -0.0302655
165.191 -0.0192838 0.00276179 -10.8367 10.8065 -0.0302613
165.202 -0.0192857 0.00276287 -10.847 10.8167 -0.0302576
165.213 -0.0192875 0.0027643 -10.8572 10.8269 -0.0302542
165.225 -0.0192892 0.00276604 -10.8673 10.837 -0.0302506
165.236 -0.0192915 0.0027677 -10.8774 10.8471 -0.0302469
165.247 -0.0192937 0.00276948 -10.8874 10.8572 -0.0302436
165.258 -0.0192959 0.00277053 -10.8974 10.8671 -0.0302408
165.27 -0.0192978 0.00277149 -10.9073 10.8771 -0.0302387
165.281 -0.0193003 0.00277215 -10.9172 10.887 -0.0302366
165.292 -0.0193028 0.00277292 -10.927 10.8968 -0.0302338
165.303 -0.0193057 0.00277396 -10.9368 10.9066 -0.0302311
165.315 -0.019309 0.00277476 -10.9466 10.9164 -0.0302286
165.326 -0.0193117 0.00277548 -10.9563 10.9261 -0.0302258
165.337 -0.0193147 0.00277677 -10.966 10.9357 -0.0302234
165.348 -0.0193176 0.00277786 -10.9756 10.9454 -0.0302208
165.36 -0.0193205 0.00277956 -10.9851 10.9549 -0.030218
165.371 -0.0193237 0.0027813 -10.9947 10.9644 -0.0302146
165.382 -0.0193273 0.00278255 -11.0042 10.974 -0.0302116
165.393 -0.0193313 0.00278377 -11.0136 10.9834 -0.0302083
165.404 -0.0193353 0.00278492 -11.023 10.9928 -0.0302058
165.416 -0.0193396 0.00278602 -11.0324 11.0022 -0.0302031
165.427 -0.0193444 0.00278694 -11.0417 11.0115 -0.0301998
165.438 -0.0193493 0.00278814 -11.051 11.0208 -0.030196
165.449 -0.019354 0.00278945 -11.0602 11.03 -0.0301925
165.461 -0.0193587 0.00279111 -11.0694 11.0393 -0.0301892
165.472 -0.0193631 0.00279352 -11.0786 11.0484 -0.0301861
165.483 -0.0193674 0.00279583 -11.0878 11.0576 -0.0301827
165.494 -0.0193718 0.0027974 -11.0969 11.0667 -0.0301794
165.506 -0.0193756 0.00279905 -11.106 11.0758 -0.0301761
165.517 -0.0193783 0.00280072 -11.1151 11.0849 -0.0301735
165.528 -0.0193811 0.00280221 -11.1241 11.0939 -0.0301706
165.539 -0.0193833 0.00280405 -11.1331 11.103 -0.0301685
165.551 -0.0193857 0.00280541 -11.1421 11.112 -0.0301661
165.562 -0.0193886 0.00280694 -11.1511 11.1209 -0.0301623
165.573 -0.01939 0.00280792 -11.1601 11.1299 -0.0301586
165.584 -0.0193917 0.00280922 -11.169 11.1389 -0.0301556
165.596 -0.0193932 0.0028108 -11.1779 11.1478 -0.0301522
165.607 -0.0193952 0.00281246 -11.1868 11.1567 -0.0301487
165.618 -0.0193974 0.00281413 -11.1957 11.1656 -0.030146
165.629 -0.0193997 0.0028157 -11.2046 11.1744 -0.0301435
165.64 -0.0194015 0.00281707 -11.2134 11.1833 -0.0301402
165.652 -0.0194042 0.00281896 -11.2222 11.1921 -0.0301364
165.663 -0.0194067 0.00282068 -11.231 11.2009 -0.030133
165.674 -0.0194098 0.0028225 -11.2397 11.2096 -0.0301291
165.685 -0.0194126 0.00282435 -11.2485 11.2183 -0.0301254
165.697 -0.0194149 0.00282558 -11.2571 11.227 -0.0301222
165.708 -0.0194176 0.00282709 -11.2658 11.2356 -0.0301188
165.719 -0.0194204 0.00282755 -11.2744 11.2442 -0.0301153
165.73 -0.0194234 0.00282821 -11.2829 11.2528 -0.0301116
165.742 -0.0194263 0.00282826 -11.2914 11.2613 -0.030108
165.753 -0.0194295 0.00282823 -11.2999 11.2698 -0.0301049
165.764 -0.0194327 0.00282839 -11.3083 11.2782 -0.0301016
165.775 -0.019436 0.00282854 -11.3167 11.2866 -0.0300988
165.787 -0.0194394 0.00282925 -11.325 11.2949 -0.0300961
165.798 -0.0194427 0.00282994 -11.3332 11.3031 -0.0300935
165.809 -0.0194461 0.00283103 -11.3414 11.3113 -0.03009
165.82 -0.0194495 0.00283269 -11.3496 11.3195 -0.0300867
165.831 -0.0194524 0.00283405 -11.3577 11.3276 -0.030083
165.843 -0.019455 0.00283555 -11.3658 11.3357 -0.0300795
165.854 -0.0194577 0.00283746 -11.3738 11.3437 -0.0300758
165.865 -0.0194605 0.00283941 -11.3818 11.3517 -0.0300716
165.876 -0.0194632 0.00284127 -11.3897 11.3597 -0.0300679
165.888 -0.0194656 0.00284293 -11.3976 11.3676 -0.0300642
165.899 -0.0194684 0.00284482 -11.4055 11.3754 -0.030061
165.91 -0.0194701 0.00284601 -11.4133 11.3832 -0.0300575
165.921 -0.0194721 0.00284722 -11.421 11.391 -0.0300542
165.933 -0.019474 0.00284816 -11.4287 11.3987 -0.0300501
165.944 -0.0194751 0.00284878 -11.4364 11.4063 -0.0300458
165.955 -0.019477 0.0028493 -11.444 11.4139 -0.030042
165.966 -0.0194788 0.00284971 -11.4516 11.4215 -0.0300379
165.978 -0.0194804 0.00285009 -11.4591 11.4291 -0.0300336
165.989 -0.0194826 0.00285017 -11.4666 11.4366 -0.0300284
166 -0.019485 0.00284989 -11.4741 11.4441 -0.0300235
166.011 -0.0194876 0.00284982 -11.4816 11.4515 -0.0300196
166.022 -0.0194904 0.00285029 -11.489 11.459 -0.0300165
166.034 -0.0194932 0.00285087 -11.4964 11.4663 -0.0300124
166.045 -0.019496 0.00285136 -11.5037 11.4737 -0.0300079
166.056 -0.0194992 0.00285195 -11.511 11.481 -0.0300034
166.067 -0.0195018 0.00285286 -11.5183 11.4883 -0.0299993
166.079 -0.0195043 0.0028538 -11.5256 11.4956 -0.0299956
166.09 -0.0195069 0.00285517 -11.5328 11.5028 -0.0299917
166.101 -0.019509 0.0028565 -11.54 11.51 -0.0299871
166.112 -0.0195107 0.00285721 -11.5472 11.5172 -0.0299826
166.124 -0.0195121 0.002858 -11.5543 11.5244 -0.0299785
166.135 -0.0195141 0.00285869 -11.5615 11.5315 -0.0299742
166.146 -0.0195165 0.0028585 -11.5686 11.5386 -0.0299701
166.157 -0.0195193 0.00285824 -11.5757 11.5457 -0.0299663
166.169 -0.0195221 0.00285872 -11.5827 11.5527 -0.0299616
166.18 -0.019525 0.00285914 -11.5898 11.5598 -0.0299567
166.191 -0.0195272 0.00285964 -11.5968 11.5669 -0.0299523
166.202 -0.0195297 0.00286061 -11.6039 11.5739 -0.0299475
166.213 -0.0195322 0.00286148 -11.6109 11.5809 -0.0299431
166.225 -0.0195349 0.00286229 -11.6179 11.5879 -0.0299382
166.236 -0.0195376 0.00286282 -11.6249 11.5949 -0.0299334
166.247 -0.0195401 0.0028633 -11.6319 11.6019 -0.0299286
166.258 -0.0195427 0.00286361 -11.6389 11.6089 -0.0299243
166.27 -0.0195455 0.00286423 -11.6458 11.6159 -0.0299204
166.281 -0.0195477 0.00286539 -11.6528 11.6229 -0.0299163
166.292 -0.01955 0.002867 -11.6598 11.6299 -0.029913
166.303 -0.0195521 0.00286775 -11.6667 11.6368 -0.0299087
166.315 -0.019554 0.00286987 -11.6737 11.6437 -0.0299062
166.326 -0.0195556 0.00287208 -11.6806 11.6507 -0.0299034
166.337 -0.019557 0.00287316 -11.6875 11.6576 -0.0299006
166.348 -0.0195586 0.00287352 -11.6943 11.6644 -0.0298978
166.36 -0.0195601 0.00287336 -11.7012 11.6713 -0.0298948
166.371 -0.0195624 0.00287334 -11.708 11.6781 -0.0298913
166.382 -0.0195639 0.00287324 -11.7147 11.6848 -0.029889
166.393 -0.0195658 0.00287328 -11.7215 11.6916 -0.0298866
166.404 -0.0195677 0.00287393 -11.7283 11.6984 -0.0298842
166.416 -0.0195697 0.0028744 -11.735 11.7051 -0.0298816
166.427 -0.0195716 0.00287439 -11.7417 11.7118 -0.0298793
166.438 -0.0195736 0.00287495 -11.7483 11.7184 -0.0298761
166.449 -0.0195752 0.0028755 -11.7549 11.7251 -0.0298732
166.461 -0.0195772 0.00287557 -11.7615 11.7317 -0.0298712
166.472 -0.0195789 0.0028758 -11.7681 11.7383 -0.0298689
166.483 -0.0195806 0.00287589 -11.7747 11.7448 -0.0298666
166.494 -0.0195825 0.00287587 -11.7812 11.7514 -0.0298649
166.506 -0.0195845 0.00287632 -11.7878 11.758 -0.0298622
166.517 -0.0195867 0.00287623 -11.7943 11.7645 -0.0298596
166.528 -0.0195886 0.00287603 -11.8008 11.771 -0.0298569
166.539 -0.0195907 0.00287631 -11.8073 11.7775 -0.0298543
166.551 -0.0195924 0.00287567 -11.8138 11.7839 -0.0298524
166.562 -0.0195942 0.00287479 -11.8203 11.7904 -0.0298507
166.573 -0.019596 0.0028747 -11.8267 11.7969 -0.0298485
166.584 -0.0195974 0.0028743 -11.8332 11.8033 -0.0298467
166.596 -0.0195989 0.00287398 -11.8396 11.8097 -0.0298457
166.607 -0.0196004 0.00287355 -11.846 11.8161 -0.0298445
166.618 -0.0196017 0.00287351 -11.8524 11.8225 -0.0298437
166.629 -0.0196034 0.0028739 -11.8588 11.8289 -0.0298429
166.64 -0.0196051 0.00287427 -11.8651 11.8353 -0.029842
166.652 -0.0196063 0.00287512 -11.8714 11.8416 -0.0298409
166.663 -0.019608 0.00287595 -11.8778 11.848 -0.0298397
166.674 -0.0196097 0.00287659 -11.8841 11.8543 -0.0298379
166.685 -0.0196109 0.00287722 -11.8905 11.8606 -0.0298362
166.697 -0.0196126 0.0028785 -11.8968 11.867 -0.0298348
166.708 -0.0196134 0.00287955 -11.9031 11.8733 -0.0298333
166.719 -0.0196146 0.00288062 -11.9094 11.8796 -0.0298319
166.73 -0.0196154 0.00288203 -11.9157 11.8859 -0.0298311
166.742 -0.0196163 0.0028832 -11.922 11.8922 -0.0298299
166.753 -0.0196176 0.00288404 -11.9283 11.8985 -0.0298291
166.764 -0.0196189 0.00288474 -11.9346 11.9048 -0.0298286
166.775 -0.0196194 0.002886 -11.9408 11.911 -0.029827
166.787 -0.0196207 0.00288722 -11.9471 11.9173 -0.0298258
166.798 -0.0196214 0.00288804 -11.9534 11.9235 -0.0298249
166.809 -0.0196221 0.00288871 -11.9596 11.9297 -0.0298239
166.82 -0.0196224 0.00288941 -11.9658 11.936 -0.0298221
166.831 -0.0196238 0.00289029 -11.9721 11.9422 -0.0298199
166.843 -0.019625 0.00289068 -11.9783 11.9485 -0.0298181
166.854 -0.0196261 0.00289122 -11.9846 11.9548 -0.0298172
166.865 -0.0196278 0.00289209 -11.9909 11.961 -0.029816
166.876 -0.0196297 0.00289288 -11.9971 11.9673 -0.0298142
166.888 -0.0196317 0.00289387 -12.0034 11.9735 -0.0298125
166.899 -0.0196339 0.0028951 -12.0096 11.9798 -0.0298113
166.91 -0.0196356 0.00289584 -12.0159 11.9861 -0.0298106
166.921 -0.0196376 0.00289673 -12.0221 11.9923 -0.0298088
166.933 -0.0196393 0.00289784 -12.0284 11.9986 -0.0298071
166.944 -0.0196402 0.00289843 -12.0346 12.0048 -0.0298054
166.955 -0.0196414 0.00289892 -12.0408 12.011 -0.0298039
166.966 -0.0196424 0.00289935 -12.0471 12.0173 -0.0298019
166.978 -0.0196433 0.00290008 -12.0533 12.0235 -0.0297997
166.989 -0.019644 0.00290117 -12.0596 12.0298 -0.0297978
167 -0.019645 0.00290222 -12.0658 12.036 -0.0297966
167.011 -0.019646 0.00290354 -12.0721 12.0423 -0.0297941
167.022 -0.019647 0.00290474 -12.0783 12.0485 -0.0297922
167.034 -0.0196478 0.00290566 -12.0845 12.0547 -0.0297906
167.045 -0.0196492 0.00290619 -12.0907 12.0609 -0.0297895
167.056 -0.0196501 0.00290714 -12.0969 12.0671 -0.0297881
167.067 -0.0196503 0.00290738 -12.103 12.0732 -0.029787
167.079 -0.0196515 0.00290736 -12.1091 12.0793 -0.0297863
167.09 -0.0196522 0.00290694 -12.1152 12.0854 -0.0297851
167.101 -0.0196527 0.00290676 -12.1213 12.0916 -0.0297844
167.112 -0.0196526 0.00290667 -12.1274 12.0976 -0.0297829
167.124 -0.0196526 0.00290676 -12.1334 12.1037 -0.0297817
167.135 -0.0196534 0.00290641 -12.1395 12.1097 -0.0297801
167.146 -0.0196542 0.0029051 -12.1454 12.1157 -0.0297779
167.157 -0.0196547 0.00290408 -12.1514 12.1216 -0.029776
167.169 -0.0196553 0.00290347 -12.1574 12.1276 -0.0297746
167.18 -0.0196564 0.00290257 -12.1633 12.1335 -0.0297713
167.191 -0.0196573 0.00290163 -12.1692 12.1394 -0.0297687
167.202 -0.0196584 0.00290078 -12.1751 12.1454 -0.0297659
167.213 -0.0196597 0.00289967 -12.181 12.1513 -0.0297629
167.225 -0.0196605 0.00289806 -12.1869 12.1571 -0.029761
167.236 -0.0196616 0.00289673 -12.1928 12.163 -0.0297593
167.247 -0.019662 0.00289643 -12.1986 12.1688 -0.0297567
167.258 -0.0196628 0.00289614 -12.2044 12.1746 -0.0297535
167.27 -0.0196631 0.00289495 -12.2102 12.1804 -0.0297515
167.281 -0.0196636 0.00289424 -12.2159 12.1862 -0.0297491
167.292 -0.0196639 0.00289343 -12.2217 12.1919 -0.0297462
167.303 -0.0196641 0.0028935 -12.2274 12.1976 -0.0297445
167.315 -0.0196643 0.00289349 -12.233 12.2033 -0.0297412
167.326 -0.0196648 0.00289394 -12.2387 12.209 -0.0297387
167.337 -0.0196649 0.00289455 -12.2444 12.2146 -0.0297365
167.348 -0.0196645 0.00289517 -12.25 12.2203 -0.029734
167.36 -0.0196645 0.00289585 -12.2556 12.2259 -0.0297314
167.371 -0.0196649 0.00289647 -12.2613 12.2315 -0.0297301
167.382 -0.0196646 0.00289715 -12.2668 12.2371 -0.0297285
167.393 -0.0196644 0.00289751 -12.2724 12.2427 -0.0297269
167.404 -0.0196644 0.00289786 -12.2779 12.2482 -0.0297255
167.416 -0.0196642 0.00289783 -12.2835 12.2537 -0.0297232
167.427 -0.019664 0.00289778 -12.289 12.2593 -0.029721
167.438 -0.0196639 0.00289704 -12.2945 12.2648 -0.0297195
167.449 -0.019664 0.00289695 -12.2999 12.2702 -0.0297169
167.461 -0.0196646 0.0028972 -12.3053 12.2756 -0.029715
167.472 -0.0196651 0.00289713 -12.3107 12.281 -0.0297132
167.483 -0.0196656 0.00289727 -12.3161 12.2864 -0.0297109
167.494 -0.0196659 0.0028974 -12.3215 12.2918 -0.0297085
167.506 -0.0196665 0.00289755 -12.3268 12.2971 -0.0297066
167.517 -0.0196674 0.00289816 -12.3321 12.3024 -0.0297045
167.528 -0.0196684 0.00289854 -12.3374 12.3077 -0.029702
167.539 -0.0196687 0.00289851 -12.3426 12.3129 -0.0297009
167.551 -0.019669 0.00289876 -12.3479 12.3182 -0.0296991
167.562 -0.0196689 0.00289876 -12.353 12.3233 -0.029698
167.573 -0.019669 0.00289954 -12.3582 12.3285 -0.0296971
167.584 -0.0196691 0.00290053 -12.3633 12.3336 -0.0296958
167.596 -0.0196691 0.00290135 -12.3684 12.3387 -0.0296945
167.607 -0.0196683 0.00290205 -12.3735 12.3438 -0.0296923
167.618 -0.0196681 0.00290243 -12.3785 12.3488 -0.0296898
167.629 -0.0196671 0.00290226 -12.3836 12.3539 -0.0296876
167.64 -0.0196664 0.0029024 -12.3886 12.3589 -0.0296854
167.652 -0.0196657 0.00290235 -12.3936 12.3639 -0.0296829
167.663 -0.0196649 0.0029021 -12.3986 12.3689 -0.0296805
167.674 -0.0196649 0.00290237 -12.4036 12.3739 -0.0296781
167.685 -0.0196646 0.00290304 -12.4086 12.3789 -0.0296758
167.697 -0.0196641 0.00290324 -12.4136 12.3839 -0.0296739
167.708 -0.0196638 0.00290372 -12.4185 12.3888 -0.0296723
167.719 -0.0196629 0.00290472 -12.4234 12.3938 -0.0296697
167.73 -0.0196615 0.00290527 -12.4283 12.3986 -0.0296675
167.742 -0.0196609 0.0029058 -12.4332 12.4035 -0.0296644
167.753 -0.0196607 0.00290569 -12.4381 12.4084 -0.0296619
167.764 -0.0196603 0.00290558 -12.4429 12.4133 -0.0296598
167.775 -0.0196599 0.00290528 -12.4478 12.4181 -0.0296579
167.787 -0.0196599 0.0029049 -12.4526 12.4229 -0.0296556
167.798 -0.0196599 0.00290474 -12.4574 12.4277 -0.0296534
167.809 -0.0196597 0.00290451 -12.4622 12.4325 -0.0296515
167.82 -0.0196591 0.00290491 -12.467 12.4373 -0.0296485
167.831 -0.0196584 0.00290433 -12.4717 12.4421 -0.0296464
167.843 -0.0196583 0.00290377 -12.4765 12.4468 -0.0296449
167.854 -0.0196581 0.00290309 -12.4812 12.4515 -0.0296433
167.865 -0.0196576 0.00290214 -12.4859 12.4562 -0.029642
167.876 -0.0196574 0.00290087 -12.4905 12.4609 -0.0296412
167.888 -0.0196574 0.0029007 -12.4952 12.4655 -0.0296403
167.899 -0.0196567 0.00290023 -12.4998 12.4702 -0.0296388
167.91 -0.0196564 0.00289927 -12.5044 12.4748 -0.0296378
167.921 -0.0196561 0.00289908 -12.509 12.4794 -0.0296365
167.933 -0.0196552 0.00289896 -12.5136 12.4839 -0.0296352
167.944 -0.0196551 0.00289906 -12.5181 12.4885 -0.029634
167.955 -0.0196547 0.00289936 -12.5227 12.493 -0.0296322
167.966 -0.0196541 0.00289963 -12.5272 12.4976 -0.0296306
167.978 -0.0196529 0.00289996 -12.5317 12.5021 -0.0296286
167.989 -0.019651 0.0029007 -12.5362 12.5066 -0.0296261
168 -0.01965 0.00290125 -12.5407 12.5111 -0.0296245
168.011 -0.0196491 0.00290149 -12.5452 12.5155 -0.0296236
168.022 -0.0196483 0.00290144 -12.5496 12.52 -0.0296216
168.034 -0.0196474 0.002902 -12.554 12.5243 -0.0296197
168.045 -0.0196469 0.00290219 -12.5583 12.5287 -0.0296181
168.056 -0.0196473 0.0029023 -12.5627 12.533 -0.029616
168.067 -0.0196476 0.0029029 -12.5669 12.5373 -0.0296137
168.079 -0.0196479 0.00290367 -12.5712 12.5416 -0.0296115
168.09 -0.0196481 0.00290366 -12.5755 12.5458 -0.0296094
168.101 -0.0196482 0.00290339 -12.5796 12.55 -0.0296074
168.112 -0.0196489 0.00290339 -12.5838 12.5542 -0.0296064
168.124 -0.0196501 0.00290276 -12.5879 12.5583 -0.0296044
168.135 -0.0196513 0.00290182 -12.592 12.5624 -0.029602
168.146 -0.0196517 0.00290078 -12.596 12.5664 -0.0296003
168.157 -0.0196522 0.00290048 -12.6 12.5704 -0.0295978
168.169 -0.0196527 0.00290035 -12.604 12.5744 -0.0295962
168.18 -0.0196526 0.00290066 -12.6079 12.5783 -0.0295944
168.191 -0.0196527 0.00290066 -12.6118 12.5822 -0.0295926
168.202 -0.0196523 0.00290082 -12.6156 12.586 -0.029591
168.213 -0.0196521 0.00290131 -12.6194 12.5898 -0.0295898
168.225 -0.0196513 0.00290128 -12.6231 12.5935 -0.0295881
168.236 -0.0196503 0.00290151 -12.6268 12.5973 -0.0295865
168.247 -0.0196495 0.00290178 -12.6305 12.6009 -0.0295851
168.258 -0.0196483 0.00290179 -12.6342 12.6046 -0.029583
168.27 -0.0196468 0.00290181 -12.6378 12.6082 -0.0295815
168.281 -0.0196465 0.00290183 -12.6414 12.6118 -0.0295805
168.292 -0.0196466 0.0029027 -12.6449 12.6153 -0.0295793
168.303 -0.0196465 0.00290316 -12.6484 12.6188 -0.0295782
168.315 -0.0196454 0.0029031 -12.6518 12.6223 -0.0295761
168.326 -0.0196456 0.00290337 -12.6552 12.6257 -0.0295743
168.337 -0.0196454 0.00290335 -12.6586 12.629 -0.0295723
168.348 -0.0196451 0.00290439 -12.6619 12.6324 -0.0295712
168.36 -0.0196451 0.00290478 -12.6652 12.6356 -0.0295692
168.371 -0.0196449 0.00290542 -12.6684 12.6388 -0.0295672
168.382 -0.0196449 0.00290583 -12.6716 12.642 -0.029565
168.393 -0.0196447 0.0029064 -12.6747 12.6452 -0.0295625
168.404 -0.0196445 0.00290737 -12.6779 12.6483 -0.0295606
168.416 -0.0196446 0.00290872 -12.6809 12.6514 -0.0295589
168.427 -0.0196447 0.00290965 -12.6839 12.6544 -0.0295565
168.438 -0.0196453 0.00291076 -12.6869 12.6574 -0.0295558
168.449 -0.0196457 0.00291196 -12.6899 12.6603 -0.0295543
168.461 -0.0196461 0.00291339 -12.6927 12.6632 -0.0295526
168.472 -0.0196458 0.00291398 -12.6956 12.666 -0.0295511
168.483 -0.0196451 0.00291439 -12.6983 12.6688 -0.0295486
168.494 -0.0196456 0.00291513 -12.7011 12.6716 -0.0295464
168.506 -0.0196459 0.00291608 -12.7038 12.6742 -0.0295452
168.517 -0.019646 0.00291678 -12.7064 12.6769 -0.0295436
168.528 -0.0196451 0.00291689 -12.709 12.6795 -0.0295417
168.539 -0.0196444 0.00291685 -12.7116 12.682 -0.0295405
168.551 -0.0196441 0.00291765 -12.7141 12.6845 -0.0295391
168.562 -0.0196433 0.00291817 -12.7165 12.687 -0.0295369
168.573 -0.0196424 0.00291922 -12.7189 12.6893 -0.0295346
168.584 -0.0196422 0.00292016 -12.7212 12.6917 -0.0295329
168.596 -0.019642 0.00292146 -12.7235 12.694 -0.0295311
168.607 -0.0196415 0.00292266 -12.7257 12.6962 -0.0295286
168.618 -0.0196414 0.00292383 -12.7279 12.6984 -0.0295271
168.629 -0.019641 0.00292436 -12.73 12.7005 -0.0295253
168.64 -0.019641 0.00292488 -12.7321 12.7026 -0.0295233
168.652 -0.0196412 0.00292543 -12.7341 12.7046 -0.0295221
168.663 -0.0196414 0.00292607 -12.7361 12.7066 -0.0295201
168.674 -0.0196417 0.00292661 -12.738 12.7084 -0.0295182
168.685 -0.0196424 0.00292709 -12.7398 12.7103 -0.0295165
168.697 -0.0196426 0.00292809 -12.7416 12.7121 -0.0295148
168.708 -0.0196425 0.00292914 -12.7433 12.7138 -0.0295137
168.719 -0.0196423 0.00292944 -12.745 12.7154 -0.029512
168.73 -0.0196424 0.00292981 -12.7465 12.717 -0.0295103
168.742 -0.0196427 0.00293026 -12.748 12.7185 -0.0295087
168.753 -0.0196426 0.00293072 -12.7494 12.7199 -0.0295072
168.764 -0.0196428 0.00293159 -12.7508 12.7213 -0.0295051
168.775 -0.0196427 0.00293212 -12.752 12.7225 -0.0295028
168.787 -0.0196429 0.00293267 -12.7532 12.7237 -0.029501
168.798 -0.0196428 0.00293397 -12.7544 12.7249 -0.0294988
168.809 -0.019643 0.0029351 -12.7554 12.7259 -0.029496
168.82 -0.019643 0.00293581 -12.7564 12.7269 -0.0294938
168.831 -0.0196429 0.00293699 -12.7573 12.7278 -0.0294914
168.843 -0.0196433 0.0029378 -12.7581 12.7287 -0.0294887
168.854 -0.0196432 0.00293849 -12.7589 12.7295 -0.0294863
168.865 -0.0196425 0.00293873 -12.7596 12.7301 -0.0294838
168.876 -0.019642 0.00293892 -12.7603 12.7308 -0.0294819
168.888 -0.0196415 0.00293983 -12.7609 12.7314 -0.0294808
168.899 -0.0196421 0.00294035 -12.7614 12.7319 -0.0294793
168.91 -0.0196431 0.00294074 -12.7618 12.7323 -0.0294773
168.921 -0.0196435 0.00294207 -12.7621 12.7327 -0.0294762
168.933 -0.0196444 0.00294374 -12.7624 12.7329 -0.0294742
168.944 -0.0196447 0.00294532 -12.7626 12.7331 -0.0294717
168.955 -0.0196453 0.00294591 -12.7627 12.7333 -0.0294693
168.966 -0.0196456 0.00294718 -12.7628 12.7333 -0.0294668
168.978 -0.019646 0.00294846 -12.7628 12.7333 -0.0294636
168.989 -0.0196461 0.00294886 -12.7628 12.7333 -0.0294609
169 -0.0196466 0.0029495 -12.7627 12.7332 -0.029458
169.011 -0.0196473 0.00295036 -12.7625 12.733 -0.0294547
169.022 -0.0196473 0.00295124 -12.7623 12.7328 -0.0294524
169.034 -0.019648 0.00295265 -12.762 12.7325 -0.02945
169.045 -0.0196487 0.00295356 -12.7616 12.7322 -0.0294479
169.056 -0.0196488 0.00295406 -12.7612 12.7318 -0.0294459
169.067 -0.0196489 0.00295441 -12.7607 12.7313 -0.0294436
169.079 -0.0196487 0.00295509 -12.7601 12.7307 -0.0294413
169.09 -0.019649 0.00295528 -12.7595 12.7301 -0.0294394
169.101 -0.0196489 0.00295589 -12.7588 12.7294 -0.0294377
169.112 -0.0196484 0.00295629 -12.7581 12.7286 -0.0294355
169.124 -0.0196485 0.00295667 -12.7573 12.7278 -0.0294342
169.135 -0.0196484 0.00295744 -12.7564 12.727 -0.0294329
169.146 -0.0196481 0.00295759 -12.7555 12.7261 -0.0294309
169.157 -0.0196473 0.00295691 -12.7546 12.7251 -0.0294285
169.169 -0.0196467 0.00295763 -12.7536 12.7241 -0.0294259
169.18 -0.0196465 0.00295777 -12.7526 12.7231 -0.0294229
169.191 -0.0196458 0.00295813 -12.7515 12.7221 -0.0294205
169.202 -0.0196463 0.00295852 -12.7504 12.721 -0.029418
169.213 -0.0196458 0.00295808 -12.7493 12.7198 -0.0294155
169.225 -0.0196453 0.00295833 -12.7481 12.7187 -0.0294133
169.236 -0.0196446 0.00295865 -12.7468 12.7174 -0.0294107
169.247 -0.0196442 0.00295831 -12.7455 12.7161 -0.0294083
169.258 -0.0196441 0.00295756 -12.7441 12.7147 -0.0294064
169.27 -0.0196447 0.00295799 -12.7428 12.7133 -0.0294059
169.281 -0.0196458 0.00295828 -12.7413 12.7118 -0.0294056
169.292 -0.0196464 0.00295898 -12.7397 12.7103 -0.0294051
169.303 -0.0196466 0.00295936 -12.738 12.7086 -0.029404
169.315 -0.0196475 0.00295953 -12.7363 12.7069 -0.0294031
169.326 -0.0196483 0.00295868 -12.7345 12.7051 -0.0294024
169.337 -0.0196486 0.00295836 -12.7326 12.7032 -0.0294007
169.348 -0.0196494 0.00295796 -12.7307 12.7013 -0.0293998
169.36 -0.0196503 0.0029582 -12.7288 12.6994 -0.0293994
169.371 -0.0196507 0.00295878 -12.7267 12.6973 -0.0293979
169.382 -0.019652 0.00295993 -12.7246 12.6952 -0.029397
169.393 -0.0196534 0.00296096 -12.7224 12.693 -0.029396
169.404 -0.0196547 0.00296137 -12.7201 12.6907 -0.0293936
169.416 -0.0196551 0.00296156 -12.7178 12.6884 -0.029391
169.427 -0.0196555 0.00296158 -12.7154 12.6861 -0.0293888
169.438 -0.019656 0.0029614 -12.713 12.6837 -0.0293861
169.449 -0.0196569 0.0029619 -12.7106 12.6812 -0.0293834
169.461 -0.0196578 0.00296232 -12.7081 12.6787 -0.0293813
169.472 -0.0196586 0.00296279 -12.7056 12.6762 -0.0293784
169.483 -0.0196588 0.00296272 -12.703 12.6736 -0.0293757
169.494 -0.0196596 0.00296243 -12.7003 12.671 -0.0293735
169.506 -0.0196607 0.00296284 -12.6977 12.6683 -0.0293712
169.517 -0.0196618 0.00296338 -12.6949 12.6656 -0.0293689
169.528 -0.0196631 0.00296333 -12.6922 12.6628 -0.029367
169.539 -0.0196643 0.00296355 -12.6893 12.66 -0.029365
169.551 -0.0196657 0.00296433 -12.6864 12.6571 -0.0293629
169.562 -0.0196674 0.00296466 -12.6835 12.6542 -0.0293603
169.573 -0.0196686 0.00296504 -12.6805 12.6512 -0.0293572
169.584 -0.01967 0.00296529 -12.6775 12.6482 -0.029354
169.596 -0.0196711 0.00296584 -12.6745 12.6451 -0.0293513
169.607 -0.0196723 0.00296564 -12.6714 12.642 -0.0293473
169.618 -0.0196739 0.00296614 -12.6683 12.6389 -0.029344
169.629 -0.0196756 0.00296615 -12.6651 12.6358 -0.0293411
169.64 -0.0196771 0.00296596 -12.6619 12.6326 -0.0293381
169.652 -0.0196783 0.00296604 -12.6587 12.6294 -0.0293351
169.663 -0.0196794 0.00296594 -12.6555 12.6261 -0.0293322
169.674 -0.019681 0.00296648 -12.6522 12.6229 -0.0293295
169.685 -0.0196819 0.00296695 -12.6489 12.6195 -0.0293262
169.697 -0.019683 0.00296709 -12.6455 12.6162 -0.0293238
169.708 -0.0196849 0.00296733 -12.6421 12.6128 -0.0293217
169.719 -0.019686 0.00296727 -12.6387 12.6094 -0.0293194
169.73 -0.0196873 0.00296693 -12.6353 12.6059 -0.0293169
169.742 -0.0196884 0.00296676 -12.6318 12.6025 -0.0293153
169.753 -0.0196889 0.00296725 -12.6283 12.599 -0.0293131
169.764 -0.019689 0.00296715 -12.6247 12.5954 -0.0293116
169.775 -0.0196902 0.00296718 -12.6211 12.5918 -0.0293101
169.787 -0.0196908 0.00296631 -12.6175 12.5882 -0.0293092
169.798 -0.0196926 0.00296559 -12.6138 12.5845 -0.0293078
169.809 -0.0196938 0.00296448 -12.6102 12.5808 -0.0293069
169.82 -0.0196958 0.00296328 -12.6064 12.5771 -0.029306
169.831 -0.019696 0.00296236 -12.6027 12.5734 -0.0293053
169.843 -0.0196971 0.00296173 -12.5989 12.5696 -0.0293048
169.854 -0.0196973 0.00296118 -12.595 12.5657 -0.0293037
169.865 -0.019698 0.00296029 -12.5912 12.5619 -0.0293028
169.876 -0.0196986 0.00295894 -12.5872 12.5579 -0.0293021
169.888 -0.019699 0.00295775 -12.5833 12.554 -0.0293013
169.899 -0.0196992 0.00295667 -12.5793 12.55 -0.0293003
169.91 -0.0196998 0.00295618 -12.5752 12.5459 -0.029299
169.921 -0.0196999 0.00295555 -12.5712 12.5419 -0.0292976
169.933 -0.0197007 0.00295461 -12.5671 12.5378 -0.0292966
169.944 -0.0197023 0.00295485 -12.5629 12.5336 -0.0292956
169.955 -0.0197043 0.00295529 -12.5586 12.5293 -0.0292949
169.966 -0.019706 0.00295468 -12.5544 12.5251 -0.029294
169.978 -0.0197074 0.00295478 -12.5501 12.5208 -0.0292921
169.989 -0.0197091 0.00295459 -12.5457 12.5164 -0.0292898
170 -0.0197104 0.00295418 -12.5413 12.512 -0.0292882
170.011 -0.0197111 0.00295425 -12.5369 12.5076 -0.0292857
170.022 -0.019712 0.00295493 -12.5324 12.5031 -0.029283
170.034 -0.0197133 0.00295504 -12.5279 12.4986 -0.0292806
170.045 -0.0197144 0.00295541 -12.5234 12.4941 -0.0292773
170.056 -0.0197151 0.00295676 -12.5188 12.4896 -0.0292739
170.067 -0.0197164 0.00295791 -12.5143 12.485 -0.0292714
170.079 -0.0197174 0.00295785 -12.5097 12.4804 -0.0292675
170.09 -0.0197184 0.00295908 -12.5051 12.4758 -0.0292642
170.101 -0.0197192 0.00295937 -12.5004 12.4712 -0.0292611
170.112 -0.0197212 0.00295945 -12.4957 12.4665 -0.029258
170.124 -0.0197237 0.00295991 -12.491 12.4618 -0.0292551
170.135 -0.0197262 0.00296039 -12.4863 12.457 -0.0292532
170.146 -0.0197291 0.00296052 -12.4815 12.4522 -0.0292504
170.157 -0.0197311 0.00296049 -12.4767 12.4474 -0.0292473
170.169 -0.0197333 0.0029602 -12.4718 12.4426 -0.0292442
170.18 -0.019735 0.00295995 -12.467 12.4377 -0.0292409
170.191 -0.0197376 0.00295935 -12.4621 12.4328 -0.0292374
170.202 -0.0197404 0.00295908 -12.4572 12.4279 -0.0292343
170.213 -0.0197427 0.00295948 -12.4522 12.423 -0.0292306
170.225 -0.019745 0.00295952 -12.4472 12.418 -0.0292273
170.236 -0.0197469 0.00295955 -12.4422 12.413 -0.0292237
170.247 -0.0197486 0.00296048 -12.4372 12.408 -0.0292208
170.258 -0.01975 0.00296124 -12.4322 12.4029 -0.0292181
170.27 -0.0197512 0.00296155 -12.4271 12.3979 -0.0292152
170.281 -0.0197523 0.002962 -12.422 12.3928 -0.0292117
170.292 -0.0197537 0.0029625 -12.4169 12.3877 -0.0292083
170.303 -0.0197547 0.00296324 -12.4118 12.3826 -0.029205
170.315 -0.0197556 0.00296356 -12.4066 12.3774 -0.029202
170.326 -0.0197568 0.00296376 -12.4013 12.3721 -0.0291994
170.337 -0.0197579 0.00296403 -12.3961 12.3669 -0.0291976
170.348 -0.0197594 0.00296411 -12.3907 12.3615 -0.0291944
170.36 -0.0197605 0.00296359 -12.3854 12.3562 -0.0291918
170.371 -0.0197614 0.00296389 -12.38 12.3508 -0.0291897
170.382 -0.0197625 0.00296435 -12.3746 12.3454 -0.0291878
170.393 -0.0197636 0.0029646 -12.3691 12.3399 -0.0291862
170.404 -0.0197644 0.00296485 -12.3636 12.3344 -0.0291844
170.416 -0.0197652 0.00296392 -12.3581 12.3289 -0.0291819
170.427 -0.0197663 0.00296345 -12.3525 12.3234 -0.0291796
170.438 -0.0197679 0.0029624 -12.347 12.3178 -0.0291772
170.449 -0.0197695 0.00296131 -12.3413 12.3122 -0.0291745
170.461 -0.0197711 0.00296009 -12.3357 12.3065 -0.0291718
170.472 -0.0197727 0.00295885 -12.33 12.3009 -0.0291694
170.483 -0.0197746 0.00295785 -12.3243 12.2952 -0.0291665
170.494 -0.0197771 0.0029568 -12.3186 12.2895 -0.0291634
170.506 -0.0197795 0.00295584 -12.3129 12.2837 -0.0291606
170.517 -0.0197816 0.00295432 -12.3071 12.2779 -0.0291567
170.528 -0.0197833 0.00295301 -12.3013 12.2721 -0.029153
170.539 -0.0197852 0.00295236 -12.2955 12.2663 -0.0291507
170.551 -0.0197866 0.00295188 -12.2896 12.2605 -0.0291465
170.562 -0.0197883 0.00295144 -12.2837 12.2546 -0.0291425
170.573 -0.0197902 0.00295115 -12.2778 12.2487 -0.0291393
170.584 -0.0197915 0.00295139 -12.2719 12.2427 -0.0291351
170.596 -0.019793 0.00295118 -12.2659 12.2368 -0.0291312
170.607 -0.0197939 0.00295073 -12.2599 12.2308 -0.0291282
170.618 -0.0197941 0.00295032 -12.2539 12.2248 -0.0291255
170.629 -0.0197957 0.00294942 -12.2478 12.2187 -0.0291218
170.64 -0.0197965 0.00294885 -12.2418 12.2127 -0.0291181
170.652 -0.0197981 0.0029485 -12.2357 12.2066 -0.0291138
170.663 -0.0197992 0.00294815 -12.2296 12.2005 -0.0291106
170.674 -0.0198001 0.00294795 -12.2235 12.1944 -0.0291077
170.685 -0.0198015 0.00294814 -12.2174 12.1883 -0.029105
170.697 -0.0198028 0.00294911 -12.2113 12.1822 -0.0291018
170.708 -0.0198043 0.00294971 -12.2051 12.176 -0.0290994
170.719 -0.0198054 0.00295092 -12.1989 12.1698 -0.0290956
170.73 -0.0198065 0.00295131 -12.1928 12.1637 -0.0290927
170.742 -0.0198084 0.00295219 -12.1866 12.1575 -0.0290898
170.753 -0.0198099 0.00295289 -12.1804 12.1513 -0.0290859
170.764 -0.0198116 0.00295274 -12.1742 12.1451 -0.0290825
170.775 -0.0198133 0.00295267 -12.168 12.1389 -0.0290786
170.787 -0.0198142 0.00295316 -12.1618 12.1327 -0.0290742
170.798 -0.0198154 0.00295327 -12.1555 12.1265 -0.0290705
170.809 -0.0198165 0.00295322 -12.1493 12.1202 -0.0290676
170.82 -0.0198176 0.00295309 -12.143 12.114 -0.029064
170.831 -0.0198189 0.00295287 -12.1368 12.1077 -0.0290613
170.843 -0.0198198 0.00295359 -12.1305 12.1015 -0.0290587
170.854 -0.0198211 0.00295458 -12.1242 12.0951 -0.0290552
170.865 -0.0198228 0.00295544 -12.1179 12.0889 -0.029052
170.876 -0.0198247 0.002956 -12.1116 12.0826 -0.029049
170.888 -0.0198266 0.0029568 -12.1053 12.0762 -0.0290451
170.899 -0.0198282 0.0029577 -12.0989 12.0699 -0.0290415
170.91 -0.0198307 0.00295816 -12.0926 12.0636 -0.0290387
170.921 -0.0198326 0.00295821 -12.0863 12.0572 -0.0290357
170.933 -0.019835 0.00295859 -12.0799 12.0509 -0.0290328
170.944 -0.0198371 0.00295926 -12.0735 12.0445 -0.0290294
170.955 -0.0198398 0.00295978 -12.0671 12.0381 -0.0290249
170.966 -0.0198418 0.00295981 -12.0607 12.0317 -0.0290207
170.978 -0.0198441 0.00296032 -12.0544 12.0254 -0.0290173
170.989 -0.0198464 0.00296102 -12.048 12.019 -0.0290128
171 -0.0198474 0.00296207 -12.0417 12.0126 -0.0290096
171.011 -0.0198485 0.00296349 -12.0353 12.0063 -0.029007
171.022 -0.0198489 0.00296552 -12.0289 11.9999 -0.0290041
171.034 -0.0198498 0.00296721 -12.0225 11.9935 -0.0290012
171.045 -0.0198511 0.00296838 -12.0161 11.9871 -0.0289981
171.056 -0.0198525 0.00296943 -12.0096 11.9807 -0.0289943
171.067 -0.0198538 0.00296983 -12.0032 11.9743 -0.0289914
171.079 -0.0198549 0.00297054 -11.9969 11.9679 -0.0289891
171.09 -0.0198562 0.00297103 -11.9904 11.9614 -0.0289857
171.101 -0.0198575 0.0029719 -11.984 11.955 -0.0289829
171.112 -0.0198586 0.00297241 -11.9776 11.9486 -0.0289809
171.124 -0.0198592 0.00297348 -11.9712 11.9422 -0.0289773
171.135 -0.0198612 0.00297464 -11.9647 11.9358 -0.0289742
171.146 -0.0198626 0.00297573 -11.9583 11.9294 -0.0289717
171.157 -0.0198644 0.00297711 -11.9519 11.9229 -0.0289688
171.169 -0.0198671 0.00297819 -11.9455 11.9165 -0.0289655
171.18 -0.0198686 0.00297927 -11.9391 11.9101 -0.028963
171.191 -0.0198705 0.00298007 -11.9326 11.9037 -0.0289601
171.202 -0.0198719 0.00298119 -11.9262 11.8972 -0.0289575
171.213 -0.0198736 0.00298224 -11.9198 11.8908 -0.0289555
171.225 -0.0198751 0.00298414 -11.9133 11.8844 -0.0289531
171.236 -0.0198772 0.00298516 -11.9069 11.8779 -0.0289498
171.247 -0.0198793 0.00298719 -11.9005 11.8716 -0.0289466
171.258 -0.0198806 0.0029889 -11.8941 11.8652 -0.0289431
171.27 -0.0198815 0.00299044 -11.8877 11.8588 -0.0289407
171.281 -0.0198839 0.0029916 -11.8813 11.8524 -0.0289379
171.292 -0.0198858 0.00299279 -11.875 11.846 -0.0289346
171.303 -0.019888 0.00299321 -11.8686 11.8397 -0.0289319
171.315 -0.019889 0.00299348 -11.8623 11.8334 -0.0289299
171.326 -0.0198909 0.00299438 -11.856 11.8271 -0.0289273
171.337 -0.0198932 0.00299506 -11.8497 11.8207 -0.0289249
171.348 -0.0198956 0.00299539 -11.8434 11.8145 -0.0289225
171.36 -0.0198973 0.0029965 -11.8371 11.8082 -0.0289201
171.371 -0.0198991 0.00299746 -11.8309 11.8019 -0.0289181
171.382 -0.0199008 0.00299817 -11.8246 11.7957 -0.028916
171.393 -0.0199017 0.00299921 -11.8184 11.7895 -0.0289127
171.404 -0.0199034 0.00300057 -11.8122 11.7833 -0.0289105
171.416 -0.0199048 0.00300147 -11.8061 11.7772 -0.028908
171.427 -0.0199058 0.00300184 -11.7999 11.771 -0.0289055
171.438 -0.0199059 0.00300263 -11.7938 11.7649 -0.0289033
171.449 -0.0199069 0.00300355 -11.7877 11.7588 -0.028901
171.461 -0.019908 0.00300469 -11.7817 11.7528 -0.0288979
171.472 -0.0199091 0.00300583 -11.7757 11.7468 -0.028895
171.483 -0.0199105 0.00300725 -11.7697 11.7408 -0.0288921
171.494 -0.0199119 0.00300815 -11.7638 11.7349 -0.0288892
171.506 -0.0199132 0.00300972 -11.7579 11.729 -0.0288869
171.517 -0.019915 0.00301042 -11.752 11.7231 -0.0288847
171.528 -0.0199162 0.00301121 -11.7462 11.7173 -0.0288827
171.539 -0.0199173 0.00301175 -11.7404 11.7115 -0.0288803
171.551 -0.0199189 0.00301203 -11.7347 11.7058 -0.0288787
171.562 -0.0199219 0.00301215 -11.729 11.7001 -0.0288757
171.573 -0.0199241 0.00301396 -11.7233 11.6945 -0.0288734
171.584 -0.0199258 0.00301579 -11.7178 11.6889 -0.0288708
171.596 -0.0199275 0.00301711 -11.7122 11.6834 -0.0288681
171.607 -0.0199287 0.00301873 -11.7067 11.6779 -0.0288663
171.618 -0.0199302 0.00302049 -11.7013 11.6724 -0.0288645
171.629 -0.0199313 0.00302163 -11.6959 11.667 -0.0288612
171.64 -0.019932 0.00302327 -11.6905 11.6617 -0.0288581
171.652 -0.0199341 0.00302424 -11.6852 11.6564 -0.028855
171.663 -0.0199351 0.00302498 -11.68 11.6511 -0.0288508
171.674 -0.019937 0.0030259 -11.6747 11.6459 -0.0288471
171.685 -0.0199384 0.00302709 -11.6696 11.6407 -0.0288434
171.697 -0.0199405 0.0030281 -11.6645 11.6357 -0.0288393
171.708 -0.0199429 0.00303004 -11.6594 11.6306 -0.0288367
171.719 -0.0199454 0.00303168 -11.6544 11.6256 -0.0288334
171.73 -0.019947 0.00303276 -11.6494 11.6206 -0.0288299
171.742 -0.0199486 0.00303345 -11.6444 11.6156 -0.0288263
171.753 -0.0199501 0.00303459 -11.6395 11.6107 -0.0288229
171.764 -0.0199517 0.00303562 -11.6346 11.6058 -0.0288193
171.775 -0.0199527 0.00303692 -11.6298 11.601 -0.0288158
171.787 -0.0199532 0.00303823 -11.625 11.5962 -0.0288135
171.798 -0.0199548 0.00303959 -11.6202 11.5914 -0.0288102
171.809 -0.0199559 0.00304116 -11.6154 11.5866 -0.0288064
171.82 -0.0199581 0.00304267 -11.6108 11.582 -0.0288028
171.831 -0.0199601 0.00304371 -11.6061 11.5773 -0.0287986
171.843 -0.0199624 0.00304495 -11.6015 11.5728 -0.0287944
171.854 -0.0199646 0.00304638 -11.5971 11.5683 -0.0287906
171.865 -0.019966 0.00304731 -11.5926 11.5638 -0.028788
171.876 -0.0199669 0.00304901 -11.5882 11.5594 -0.0287862
171.888 -0.0199686 0.00305105 -11.5838 11.555 -0.0287848
171.899 -0.0199708 0.00305229 -11.5794 11.5506 -0.0287828
171.91 -0.0199723 0.00305342 -11.5751 11.5463 -0.0287808
171.921 -0.0199737 0.00305412 -11.5708 11.5421 -0.0287784
171.933 -0.0199755 0.00305576 -11.5666 11.5378 -0.0287762
171.944 -0.019977 0.00305655 -11.5624 11.5336 -0.0287747
171.955 -0.0199783 0.00305781 -11.5583 11.5295 -0.0287728
171.966 -0.0199797 0.00305914 -11.5542 11.5254 -0.0287698
171.978 -0.0199808 0.00306084 -11.5501 11.5213 -0.0287674
171.989 -0.0199818 0.0030615 -11.5461 11.5174 -0.0287654
172 -0.0199832 0.00306255 -11.5422 11.5134 -0.0287624
172.011 -0.0199844 0.00306315 -11.5383 11.5095 -0.0287591
172.022 -0.0199863 0.00306369 -11.5345 11.5057 -0.0287566
172.034 -0.0199879 0.0030646 -11.5306 11.5019 -0.0287544
172.045 -0.0199897 0.00306555 -11.5269 11.4981 -0.028752
172.056 -0.019992 0.00306598 -11.5232 11.4945 -0.0287498
172.067 -0.0199941 0.00306719 -11.5196 11.4908 -0.0287466
172.079 -0.0199956 0.00306844 -11.516 11.4872 -0.0287438
172.09 -0.019997 0.00307014 -11.5124 11.4837 -0.0287406
172.101 -0.0199989 0.00307218 -11.509 11.4802 -0.0287378
172.112 -0.0200007 0.00307395 -11.5056 11.4768 -0.0287349
172.124 -0.0200028 0.00307592 -11.5022 11.4735 -0.0287324
172.135 -0.0200045 0.00307708 -11.4989 11.4702 -0.02873
172.146 -0.0200059 0.00307886 -11.4956 11.4669 -0.0287281
172.157 -0.0200072 0.00308087 -11.4924 11.4637 -0.0287269
172.169 -0.0200087 0.00308309 -11.4892 11.4605 -0.0287249
172.18 -0.0200105 0.00308511 -11.4861 11.4574 -0.0287225
172.191 -0.0200123 0.00308693 -11.4831 11.4543 -0.0287206
172.202 -0.0200142 0.0030878 -11.48 11.4513 -0.0287186
172.213 -0.0200168 0.00308915 -11.477 11.4483 -0.0287164
172.225 -0.0200188 0.00309055 -11.4741 11.4454 -0.0287146
172.236 -0.0200207 0.00309225 -11.4712 11.4425 -0.0287124
172.247 -0.0200229 0.0030936 -11.4684 11.4397 -0.0287105
172.258 -0.0200243 0.0030954 -11.4656 11.4369 -0.0287096
172.27 -0.0200251 0.00309611 -11.4628 11.4341 -0.0287085
172.281 -0.0200263 0.00309721 -11.4601 11.4314 -0.0287076
172.292 -0.0200278 0.00309734 -11.4574 11.4287 -0.0287073
172.303 -0.0200299 0.00309756 -11.4547 11.426 -0.0287061
172.315 -0.0200316 0.00309791 -11.4521 11.4234 -0.0287045
172.326 -0.0200345 0.00309874 -11.4495 11.4208 -0.0287034
172.337 -0.0200369 0.00309941 -11.4469 11.4182 -0.0287015
172.348 -0.0200403 0.00309939 -11.4444 11.4157 -0.0286999
172.36 -0.0200435 0.00309991 -11.442 11.4133 -0.0286979
172.371 -0.0200468 0.00310066 -11.4396 11.4109 -0.0286956
172.382 -0.0200489 0.00310118 -11.4373 11.4086 -0.0286933
172.393 -0.0200509 0.00310256 -11.4351 11.4064 -0.0286911
172.404 -0.0200528 0.00310441 -11.4329 11.4042 -0.0286883
172.416 -0.0200548 0.0031072 -11.4308 11.4021 -0.0286859
172.427 -0.0200561 0.00310955 -11.4287 11.4001 -0.028685
172.438 -0.0200576 0.00311183 -11.4267 11.398 -0.0286839
172.449 -0.0200591 0.00311236 -11.4247 11.396 -0.0286828
172.461 -0.0200605 0.00311287 -11.4228 11.3941 -0.0286817
172.472 -0.0200616 0.00311294 -11.421 11.3923 -0.0286797
172.483 -0.020063 0.003113 -11.4192 11.3905 -0.0286771
172.494 -0.0200643 0.00311219 -11.4175 11.3888 -0.0286753
172.506 -0.0200661 0.00311269 -11.4158 11.3871 -0.0286728
172.517 -0.0200678 0.0031127 -11.4142 11.3855 -0.0286699
172.528 -0.0200694 0.00311311 -11.4126 11.3839 -0.0286683
172.539 -0.0200714 0.00311372 -11.4111 11.3824 -0.0286657
172.551 -0.020073 0.00311466 -11.4096 11.3809 -0.0286632
172.562 -0.0200753 0.00311525 -11.4082 11.3796 -0.0286606
172.573 -0.0200778 0.00311543 -11.4069 11.3782 -0.0286578
172.584 -0.0200801 0.00311519 -11.4056 11.377 -0.0286557
172.596 -0.0200822 0.00311574 -11.4044 11.3758 -0.0286535
172.607 -0.0200846 0.00311529 -11.4033 11.3747 -0.0286506
172.618 -0.0200865 0.00311543 -11.4022 11.3736 -0.0286481
172.629 -0.0200889 0.00311613 -11.4012 11.3726 -0.028646
172.64 -0.0200901 0.00311642 -11.4002 11.3716 -0.0286443
172.652 -0.0200915 0.00311656 -11.3993 11.3706 -0.0286423
172.663 -0.0200926 0.00311651 -11.3984 11.3698 -0.028641
172.674 -0.0200934 0.00311725 -11.3976 11.3689 -0.0286399
172.685 -0.020094 0.00311742 -11.3967 11.3681 -0.0286389
172.697 -0.020095 0.00311802 -11.396 11.3674 -0.0286375
172.708 -0.0200954 0.00311906 -11.3953 11.3666 -0.0286361
172.719 -0.0200971 0.00311968 -11.3946 11.366 -0.0286345
172.73 -0.020099 0.0031206 -11.394 11.3654 -0.0286318
172.742 -0.0201008 0.00312177 -11.3935 11.3649 -0.0286286
172.753 -0.0201027 0.00312308 -11.3931 11.3645 -0.0286253
172.764 -0.0201051 0.003125 -11.3927 11.3641 -0.028622
172.775 -0.0201069 0.00312616 -11.3924 11.3638 -0.0286191
172.787 -0.0201086 0.00312751 -11.3922 11.3636 -0.028616
172.798 -0.0201091 0.00312808 -11.3921 11.3635 -0.0286141
172.809 -0.0201098 0.00312878 -11.3919 11.3633 -0.0286118
172.82 -0.0201097 0.00312887 -11.3919 11.3633 -0.0286106
172.831 -0.0201104 0.00312917 -11.3919 11.3633 -0.0286089
172.843 -0.0201106 0.00312925 -11.3919 11.3633 -0.0286064
172.854 -0.0201117 0.00312875 -11.392 11.3634 -0.0286038
172.865 -0.0201136 0.00312864 -11.3921 11.3635 -0.0286011
172.876 -0.0201164 0.00312833 -11.3923 11.3637 -0.0285985
172.888 -0.0201188 0.00312844 -11.3925 11.3639 -0.0285953
172.899 -0.0201214 0.00312867 -11.3929 11.3643 -0.0285919
172.91 -0.0201231 0.00312869 -11.3932 11.3647 -0.028588
172.921 -0.0201256 0.00312823 -11.3937 11.3651 -0.028585
172.933 -0.020128 0.00312904 -11.3942 11.3656 -0.0285824
172.944 -0.0201302 0.00312934 -11.3947 11.3661 -0.0285799
172.955 -0.0201322 0.00313075 -11.3952 11.3667 -0.028577
172.966 -0.0201343 0.00313148 -11.3958 11.3673 -0.0285748
172.978 -0.020136 0.00313194 -11.3965 11.3679 -0.028572
172.989 -0.0201385 0.00313285 -11.3971 11.3686 -0.028569
173 -0.0201404 0.00313326 -11.3979 11.3693 -0.0285671
173.011 -0.0201424 0.00313401 -11.3986 11.37 -0.0285653
173.022 -0.0201439 0.00313511 -11.3994 11.3708 -0.0285645
173.034 -0.0201457 0.00313659 -11.4002 11.3716 -0.0285635
173.045 -0.0201476 0.00313825 -11.401 11.3725 -0.0285612
173.056 -0.0201498 0.00313972 -11.4019 11.3734 -0.0285587
173.067 -0.0201519 0.00314132 -11.4029 11.3743 -0.0285561
173.079 -0.0201537 0.00314344 -11.4039 11.3753 -0.0285526
173.09 -0.020155 0.00314523 -11.4049 11.3764 -0.0285488
173.101 -0.0201566 0.00314722 -11.4061 11.3775 -0.0285445
173.112 -0.0201583 0.00314941 -11.4073 11.3787 -0.0285409
173.124 -0.0201602 0.00315116 -11.4085 11.38 -0.028538
173.135 -0.0201617 0.00315304 -11.4098 11.3813 -0.0285347
173.146 -0.020162 0.00315305 -11.4111 11.3826 -0.0285328
173.157 -0.0201621 0.00315304 -11.4125 11.3839 -0.0285314
173.169 -0.0201626 0.00315351 -11.4139 11.3853 -0.0285299
173.18 -0.0201631 0.00315351 -11.4153 11.3867 -0.0285278
173.191 -0.0201641 0.00315363 -11.4167 11.3882 -0.028526
173.202 -0.0201658 0.00315404 -11.4182 11.3897 -0.0285236
173.213 -0.020168 0.00315435 -11.4197 11.3911 -0.0285207
173.225 -0.0201706 0.00315461 -11.4212 11.3927 -0.0285169
173.236 -0.0201731 0.00315518 -11.4228 11.3943 -0.0285134
173.247 -0.0201756 0.00315633 -11.4244 11.3959 -0.0285103
173.258 -0.0201786 0.00315753 -11.4261 11.3976 -0.0285069
173.27 -0.0201816 0.00315921 -11.4278 11.3993 -0.028505
173.281 -0.0201842 0.00316109 -11.4296 11.4011 -0.0285026
173.292 -0.0201866 0.00316256 -11.4314 11.4029 -0.0285001
173.303 -0.0201893 0.00316407 -11.4332 11.4047 -0.0284978
173.315 -0.0201914 0.00316528 -11.435 11.4065 -0.0284963
173.326 -0.020193 0.00316643 -11.4369 11.4084 -0.0284953
173.337 -0.0201946 0.00316829 -11.4388 11.4103 -0.0284944
173.348 -0.0201963 0.00316965 -11.4407 11.4122 -0.0284936
173.36 -0.0201986 0.00317066 -11.4426 11.4141 -0.0284924
173.371 -0.0202007 0.00317277 -11.4446 11.4161 -0.0284915
173.382 -0.0202038 0.00317487 -11.4465 11.418 -0.0284891
173.393 -0.0202059 0.00317672 -11.4485 11.4201 -0.0284864
173.404 -0.0202083 0.00317875 -11.4506 11.4221 -0.0284843
173.416 -0.0202102 0.00318105 -11.4527 11.4242 -0.0284815
173.427 -0.0202121 0.00318276 -11.4548 11.4264 -0.0284782
173.438 -0.0202134 0.00318594 -11.457 11.4285 -0.0284747
173.449 -0.0202138 0.00318827 -11.4592 11.4307 -0.0284716
173.461 -0.0202145 0.00319034 -11.4614 11.4329 -0.0284686
173.472 -0.0202156 0.00319215 -11.4637 11.4352 -0.0284655
173.483 -0.0202165 0.00319394 -11.466 11.4375 -0.028463
173.494 -0.0202175 0.00319489 -11.4683 11.4398 -0.0284604
173.506 -0.0202188 0.00319608 -11.4706 11.4421 -0.0284583
173.517 -0.0202202 0.00319738 -11.4729 11.4444 -0.028456
173.528 -0.0202208 0.00319846 -11.4752 11.4468 -0.0284541
173.539 -0.0202216 0.00319952 -11.4776 11.4492 -0.0284525
173.551 -0.020222 0.00320183 -11.4799 11.4515 -0.0284509
173.562 -0.020223 0.00320364 -11.4823 11.4539 -0.0284493
173.573 -0.0202245 0.00320547 -11.4847 11.4563 -0.0284477
173.584 -0.0202259 0.00320766 -11.4871 11.4587 -0.0284454
173.596 -0.0202283 0.00321025 -11.4895 11.4611 -0.0284425
173.607 -0.0202305 0.00321218 -11.4919 11.4635 -0.0284403
173.618 -0.0202332 0.00321406 -11.4944 11.4659 -0.0284376
173.629 -0.0202354 0.00321554 -11.4968 11.4684 -0.0284358
173.64 -0.0202381 0.00321784 -11.4993 11.4708 -0.0284337
173.652 -0.0202398 0.00321985 -11.5017 11.4733 -0.028431
173.663 -0.0202425 0.00322172 -11.5042 11.4758 -0.0284289
173.674 -0.0202444 0.0032242 -11.5068 11.4783 -0.0284255
173.685 -0.0202464 0.00322636 -11.5093 11.4809 -0.0284217
173.697 -0.0202479 0.00322851 -11.5118 11.4834 -0.0284178
173.708 -0.0202501 0.0032308 -11.5144 11.486 -0.0284141
173.719 -0.0202522 0.00323371 -11.517 11.4886 -0.0284099
173.73 -0.0202547 0.00323628 -11.5196 11.4912 -0.0284056
173.742 -0.0202566 0.00323846 -11.5223 11.4939 -0.0284014
173.753 -0.0202586 0.00324039 -11.5249 11.4966 -0.0283984
173.764 -0.0202598 0.00324179 -11.5276 11.4992 -0.0283954
173.775 -0.0202611 0.00324341 -11.5304 11.502 -0.0283921
173.787 -0.020262 0.00324531 -11.5331 11.5047 -0.028388
173.798 -0.0202629 0.00324673 -11.5358 11.5074 -0.028385
173.809 -0.0202643 0.00324856 -11.5385 11.5102 -0.0283816
173.82 -0.0202661 0.00325008 -11.5413 11.5129 -0.028378
173.831 -0.0202675 0.00325151 -11.5441 11.5157 -0.0283743
173.843 -0.02027 0.00325352 -11.5469 11.5186 -0.0283707
173.854 -0.0202717 0.00325519 -11.5498 11.5214 -0.0283666
173.865 -0.0202739 0.00325672 -11.5527 11.5243 -0.0283624
173.876 -0.0202764 0.00325875 -11.5556 11.5272 -0.0283577
173.888 -0.0202796 0.0032607 -11.5585 11.5301 -0.0283527
173.899 -0.0202817 0.00326286 -11.5614 11.5331 -0.0283486
173.91 -0.0202848 0.00326605 -11.5644 11.536 -0.0283443
173.921 -0.020287 0.00326868 -11.5674 11.539 -0.0283394
173.933 -0.0202902 0.00327119 -11.5704 11.542 -0.0283349
173.944 -0.0202922 0.00327457 -11.5734 11.545 -0.0283323
173.955 -0.0202943 0.00327785 -11.5764 11.548 -0.0283283
173.966 -0.0202964 0.00328096 -11.5794 11.551 -0.0283266
173.978 -0.0202987 0.00328373 -11.5823 11.554 -0.0283247
173.989 -0.0203011 0.00328667 -11.5853 11.557 -0.0283226
174 -0.0203025 0.00329035 -11.5882 11.5599 -0.0283206
174.011 -0.0203035 0.00329265 -11.5912 11.5629 -0.0283183
174.022 -0.0203055 0.00329525 -11.5942 11.5658 -0.0283153
174.034 -0.0203072 0.00329744 -11.5971 11.5688 -0.0283129
174.045 -0.0203084 0.00329995 -11.6001 11.5718 -0.028311
174.056 -0.0203091 0.00330216 -11.603 11.5747 -0.0283093
174.067 -0.0203098 0.00330434 -11.6059 11.5776 -0.0283069
174.079 -0.0203101 0.00330623 -11.6089 11.5806 -0.0283051
174.09 -0.0203105 0.00330835 -11.6118 11.5835 -0.0283028
174.101 -0.0203116 0.00330989 -11.6148 11.5865 -0.0283004
174.112 -0.0203118 0.003312 -11.6177 11.5894 -0.0282981
174.124 -0.0203125 0.00331543 -11.6207 11.5924 -0.0282949
174.135 -0.0203142 0.00331837 -11.6236 11.5953 -0.0282915
174.146 -0.0203153 0.00332178 -11.6266 11.5983 -0.0282883
174.157 -0.0203163 0.00332474 -11.6296 11.6013 -0.0282851
174.169 -0.0203168 0.00332753 -11.6325 11.6043 -0.0282828
174.18 -0.0203171 0.00333027 -11.6356 11.6073 -0.0282807
174.191 -0.0203172 0.00333303 -11.6386 11.6103 -0.0282785
174.202 -0.0203181 0.0033363 -11.6416 11.6133 -0.028276
174.213 -0.0203195 0.00333877 -11.6446 11.6163 -0.0282734
174.225 -0.0203214 0.00334109 -11.6476 11.6194 -0.0282708
174.236 -0.0203233 0.00334324 -11.6507 11.6224 -0.0282684
174.247 -0.0203253 0.00334583 -11.6538 11.6255 -0.0282656
174.258 -0.0203272 0.00334818 -11.6569 11.6286 -0.0282629
174.27 -0.0203299 0.00335096 -11.6599 11.6317 -0.0282599
174.281 -0.0203328 0.00335335 -11.663 11.6348 -0.0282561
174.292 -0.0203348 0.00335555 -11.6662 11.6379 -0.0282528
174.303 -0.0203365 0.00335778 -11.6693 11.641 -0.028249
174.315 -0.0203381 0.0033604 -11.6724 11.6442 -0.0282451
174.326 -0.0203399 0.00336274 -11.6756 11.6474 -0.0282411
174.337 -0.0203414 0.00336485 -11.6788 11.6505 -0.0282383
174.348 -0.0203434 0.00336735 -11.6819 11.6537 -0.0282349
174.36 -0.0203451 0.00336941 -11.6851 11.6569 -0.028232
174.371 -0.0203469 0.00337206 -11.6883 11.6601 -0.0282291
174.382 -0.0203489 0.00337487 -11.6915 11.6632 -0.0282261
174.393 -0.0203508 0.00337802 -11.6946 11.6664 -0.0282232
174.404 -0.0203528 0.00338001 -11.6978 11.6695 -0.0282214
174.416 -0.0203545 0.00338234 -11.7009 11.6727 -0.0282197
174.427 -0.0203563 0.00338547 -11.704 11.6758 -0.0282173
174.438 -0.0203579 0.00338823 -11.7072 11.679 -0.0282146
174.449 -0.0203598 0.00339083 -11.7103 11.6821 -0.0282126
174.461 -0.020361 0.00339327 -11.7135 11.6852 -0.0282101
174.472 -0.020363 0.0033954 -11.7166 11.6884 -0.0282082
174.483 -0.0203646 0.00339792 -11.7197 11.6915 -0.0282062
174.494 -0.0203659 0.00340037 -11.7229 11.6947 -0.0282039
174.506 -0.020367 0.00340301 -11.726 11.6978 -0.0282013
174.517 -0.0203687 0.00340593 -11.7292 11.701 -0.0281989
174.528 -0.0203702 0.00340879 -11.7323 11.7041 -0.028196
174.539 -0.0203709 0.0034116 -11.7355 11.7073 -0.0281926
174.551 -0.0203724 0.00341396 -11.7387 11.7105 -0.0281895
174.562 -0.0203737 0.0034166 -11.7419 11.7137 -0.028186
174.573 -0.0203757 0.00341962 -11.7451 11.7169 -0.0281825
174.584 -0.0203774 0.00342256 -11.7483 11.7201 -0.0281799
174.596 -0.0203792 0.00342638 -11.7515 11.7233 -0.0281772
174.607 -0.0203812 0.00342992 -11.7547 11.7265 -0.028174
174.618 -0.0203821 0.00343275 -11.7579 11.7297 -0.0281716
174.629 -0.020383 0.00343574 -11.7611 11.7329 -0.0281676
174.64 -0.0203844 0.00343919 -11.7643 11.7362 -0.0281639
174.652 -0.0203852 0.00344263 -11.7676 11.7394 -0.0281608
174.663 -0.0203865 0.0034457 -11.7708 11.7426 -0.0281577
174.674 -0.0203882 0.00344834 -11.774 11.7459 -0.0281547
174.685 -0.0203894 0.00345126 -11.7773 11.7491 -0.028152
174.697 -0.0203906 0.00345433 -11.7806 11.7524 -0.0281493
174.708 -0.0203919 0.00345728 -11.7838 11.7557 -0.0281463
174.719 -0.0203938 0.00346037 -11.7871 11.759 -0.0281443
174.73 -0.0203957 0.0034633 -11.7904 11.7622 -0.0281421
174.742 -0.0203974 0.00346598 -11.7936 11.7655 -0.0281405
174.753 -0.020399 0.00346907 -11.7969 11.7688 -0.0281392
174.764 -0.0204005 0.00347153 -11.8001 11.772 -0.0281376
174.775 -0.0204029 0.00347381 -11.8033 11.7752 -0.0281354
174.787 -0.0204043 0.00347613 -11.8066 11.7784 -0.0281336
174.798 -0.020406 0.00347826 -11.8098 11.7817 -0.0281315
174.809 -0.0204085 0.00348104 -11.813 11.7849 -0.0281288
174.82 -0.0204101 0.00348374 -11.8162 11.7881 -0.0281264
174.831 -0.0204122 0.0034862 -11.8194 11.7913 -0.0281233
174.843 -0.0204135 0.00348878 -11.8226 11.7944 -0.028121
174.854 -0.0204154 0.0034905 -11.8258 11.7976 -0.0281184
174.865 -0.0204168 0.00349202 -11.8289 11.8008 -0.0281154
174.876 -0.0204183 0.00349363 -11.8321 11.804 -0.0281119
174.888 -0.02042 0.00349564 -11.8353 11.8072 -0.0281092
174.899 -0.020422 0.00349745 -11.8384 11.8103 -0.0281073
174.91 -0.0204241 0.00349941 -11.8416 11.8135 -0.0281044
174.921 -0.0204256 0.00350088 -11.8447 11.8166 -0.0281019
174.933 -0.0204277 0.00350219 -11.8479 11.8198 -0.0280991
174.944 -0.0204294 0.0035037 -11.851 11.8229 -0.0280959
174.955 -0.020432 0.00350585 -11.8541 11.826 -0.0280931
174.966 -0.0204343 0.00350759 -11.8572 11.8291 -0.0280897
174.978 -0.0204369 0.00350957 -11.8603 11.8322 -0.0280857
174.989 -0.0204394 0.00351251 -11.8634 11.8353 -0.0280826
175 -0.0204417 0.00351551 -11.8665 11.8384 -0.0280791
175.011 -0.0204441 0.00351784 -11.8696 11.8415 -0.0280758
175.022 -0.0204465 0.00352095 -11.8727 11.8446 -0.0280721
175.034 -0.0204499 0.003524 -11.8757 11.8477 -0.0280687
175.045 -0.0204532 0.00352667 -11.8788 11.8507 -0.0280658
175.056 -0.0204565 0.00352818 -11.8819 11.8538 -0.0280628
175.067 -0.0204598 0.00352963 -11.885 11.8569 -0.0280592
175.079 -0.0204631 0.00353136 -11.888 11.86 -0.0280559
175.09 -0.0204654 0.00353251 -11.8911 11.8631 -0.0280533
175.101 -0.0204678 0.00353313 -11.8942 11.8661 -0.0280504
175.112 -0.0204694 0.00353363 -11.8972 11.8692 -0.0280482
175.124 -0.0204713 0.00353372 -11.9002 11.8722 -0.0280453
175.135 -0.0204737 0.00353334 -11.9032 11.8752 -0.0280422
175.146 -0.0204772 0.003534 -11.9062 11.8782 -0.0280386
175.157 -0.0204809 0.00353502 -11.9092 11.8811 -0.0280351
175.169 -0.0204841 0.00353575 -11.9121 11.8841 -0.0280307
175.18 -0.0204868 0.00353637 -11.9151 11.8871 -0.0280267
175.191 -0.0204892 0.0035372 -11.918 11.89 -0.0280228
175.202 -0.0204913 0.00353806 -11.921 11.8929 -0.0280192
175.213 -0.0204936 0.00353867 -11.9239 11.8958 -0.0280159
175.225 -0.0204953 0.00353973 -11.9268 11.8987 -0.0280124
175.236 -0.0204969 0.0035412 -11.9296 11.9016 -0.0280091
175.247 -0.0204983 0.00354236 -11.9325 11.9045 -0.0280065
175.258 -0.0205001 0.00354355 -11.9353 11.9073 -0.0280045
175.27 -0.0205018 0.00354492 -11.9381 11.9101 -0.0280022
175.281 -0.0205034 0.00354638 -11.9409 11.9129 -0.0279998
175.292 -0.0205055 0.00354789 -11.9437 11.9158 -0.0279975
175.303 -0.0205073 0.00354968 -11.9465 11.9185 -0.0279949
175.315 -0.0205091 0.0035517 -11.9493 11.9213 -0.0279921
175.326 -0.0205112 0.00355373 -11.952 11.924 -0.0279896
175.337 -0.0205125 0.00355567 -11.9548 11.9268 -0.0279873
175.348 -0.0205144 0.00355739 -11.9575 11.9295 -0.0279849
175.36 -0.0205157 0.00355994 -11.9602 11.9322 -0.0279812
175.371 -0.0205174 0.00356326 -11.9628 11.9349 -0.0279779
175.382 -0.0205197 0.00356642 -11.9655 11.9375 -0.0279749
175.393 -0.0205217 0.00356952 -11.9682 11.9402 -0.0279723
175.404 -0.0205246 0.003572 -11.9707 11.9427 -0.0279681
175.416 -0.0205273 0.00357407 -11.9733 11.9454 -0.0279637
175.427 -0.0205299 0.00357564 -11.976 11.948 -0.0279597
175.438 -0.0205315 0.00357686 -11.9786 11.9506 -0.0279566
175.449 -0.0205327 0.00357724 -11.9812 11.9533 -0.0279544
175.461 -0.0205338 0.0035777 -11.9838 11.9559 -0.0279517
175.472 -0.0205357 0.00357835 -11.9864 11.9584 -0.027948
175.483 -0.0205369 0.00357954 -11.989 11.961 -0.0279448
175.494 -0.0205386 0.00358081 -11.9915 11.9636 -0.0279417
175.506 -0.0205406 0.00358194 -11.9941 11.9661 -0.0279381
175.517 -0.0205431 0.0035833 -11.9966 11.9687 -0.027935
175.528 -0.0205457 0.00358456 -11.9991 11.9712 -0.0279321
175.539 -0.0205484 0.0035861 -12.0017 11.9737 -0.0279285
175.551 -0.0205512 0.00358724 -12.0042 11.9762 -0.0279247
175.562 -0.020554 0.00358759 -12.0067 11.9788 -0.0279205
175.573 -0.0205568 0.0035884 -12.0092 11.9813 -0.0279156
175.584 -0.0205603 0.00358927 -12.0117 11.9838 -0.0279109
175.596 -0.0205633 0.00359077 -12.0143 11.9864 -0.0279064
175.607 -0.0205658 0.00359186 -12.0168 11.9889 -0.0279022
175.618 -0.0205682 0.0035926 -12.0193 11.9914 -0.0278982
175.629 -0.0205699 0.00359326 -12.0219 11.994 -0.0278952
175.64 -0.020572 0.00359421 -12.0244 11.9965 -0.0278912
175.652 -0.020574 0.00359475 -12.0269 11.999 -0.0278874
175.663 -0.020576 0.00359563 -12.0294 12.0015 -0.027884
175.674 -0.0205773 0.0035969 -12.0319 12.004 -0.027881
175.685 -0.0205794 0.00359758 -12.0344 12.0065 -0.0278775
175.697 -0.0205818 0.00359886 -12.0369 12.009 -0.027874
175.708 -0.020584 0.00360107 -12.0394 12.0115 -0.02787
175.719 -0.0205866 0.00360294 -12.0419 12.014 -0.027866
175.73 -0.0205901 0.00360505 -12.0444 12.0165 -0.0278626
175.742 -0.0205932 0.00360682 -12.0468 12.019 -0.0278595
175.753 -0.0205952 0.00360877 -12.0493 12.0214 -0.0278565
175.764 -0.0205977 0.00361123 -12.0517 12.0239 -0.027854
175.775 -0.0206003 0.00361423 -12.0542 12.0263 -0.0278509
175.787 -0.0206028 0.00361639 -12.0566 12.0288 -0.0278474
175.798 -0.0206053 0.00361868 -12.0591 12.0312 -0.0278441
175.809 -0.0206077 0.00362138 -12.0615 12.0336 -0.0278412
175.82 -0.02061 0.00362408 -12.0639 12.0361 -0.0278383
175.831 -0.0206126 0.00362673 -12.0663 12.0385 -0.0278349
175.843 -0.0206149 0.00362954 -12.0687 12.0409 -0.027831
175.854 -0.0206176 0.00363227 -12.0711 12.0432 -0.0278279
175.865 -0.020621 0.00363419 -12.0734 12.0456 -0.027824
175.876 -0.0206239 0.00363642 -12.0758 12.048 -0.0278197
175.888 -0.0206261 0.0036385 -12.0782 12.0503 -0.0278156
175.899 -0.0206273 0.00363961 -12.0805 12.0527 -0.0278127
175.91 -0.0206288 0.00364061 -12.0828 12.055 -0.0278096
175.921 -0.0206305 0.00364188 -12.0851 12.0573 -0.0278067
175.933 -0.020632 0.00364328 -12.0874 12.0596 -0.0278038
175.944 -0.0206341 0.00364483 -12.0897 12.0619 -0.0277999
175.955 -0.020636 0.00364652 -12.092 12.0642 -0.0277965
175.966 -0.0206377 0.00364706 -12.0942 12.0664 -0.0277938
175.978 -0.0206399 0.00364754 -12.0965 12.0687 -0.0277899
175.989 -0.020642 0.00364807 -12.0987 12.0709 -0.0277863
176 -0.0206447 0.0036484 -12.101 12.0732 -0.0277832
176.011 -0.0206481 0.00364961 -12.1032 12.0754 -0.0277797
176.022 -0.0206512 0.00365077 -12.1054 12.0776 -0.0277755
176.034 -0.0206546 0.00365131 -12.1076 12.0799 -0.0277726
176.045 -0.0206584 0.00365274 -12.1098 12.0821 -0.0277692
176.056 -0.0206617 0.00365375 -12.112 12.0843 -0.0277656
176.067 -0.0206643 0.00365511 -12.1143 12.0865 -0.0277612
176.079 -0.0206675 0.00365618 -12.1165 12.0887 -0.0277562
176.09 -0.0206702 0.00365703 -12.1187 12.091 -0.0277513
176.101 -0.0206732 0.00365835 -12.121 12.0933 -0.0277472
176.112 -0.0206759 0.00365922 -12.1233 12.0955 -0.0277421
176.124 -0.020678 0.00366028 -12.1255 12.0978 -0.0277376
176.135 -0.0206803 0.00366089 -12.1278 12.1001 -0.0277336
176.146 -0.020683 0.00366276 -12.1301 12.1023 -0.0277289
176.157 -0.0206856 0.00366494 -12.1323 12.1046 -0.027725
176.169 -0.0206883 0.00366612 -12.1346 12.1068 -0.0277212
176.18 -0.0206903 0.00366765 -12.1368 12.1091 -0.0277174
176.191 -0.0206925 0.00366942 -12.139 12.1113 -0.0277134
176.202 -0.0206948 0.00367095 -12.1412 12.1135 -0.0277098
176.213 -0.0206973 0.00367294 -12.1434 12.1157 -0.0277058
176.225 -0.0207001 0.00367543 -12.1456 12.1179 -0.0277019
176.236 -0.0207025 0.00367799 -12.1477 12.12 -0.0276989
176.247 -0.0207051 0.00368043 -12.1498 12.1221 -0.0276954
176.258 -0.0207075 0.00368318 -12.1519 12.1242 -0.0276926
176.27 -0.0207097 0.00368599 -12.154 12.1263 -0.0276901
176.281 -0.0207119 0.00368904 -12.156 12.1284 -0.027687
176.292 -0.0207149 0.00369135 -12.1581 12.1304 -0.0276833
176.303 -0.0207181 0.0036935 -12.1601 12.1324 -0.02768
176.315 -0.0207216 0.00369536 -12.1621 12.1344 -0.0276765
176.326 -0.0207242 0.0036973 -12.164 12.1364 -0.0276732
176.337 -0.0207278 0.00369912 -12.166 12.1383 -0.0276703
176.348 -0.0207305 0.00370112 -12.1679 12.1403 -0.0276677
176.36 -0.0207333 0.00370293 -12.1699 12.1422 -0.0276648
176.371 -0.0207355 0.00370492 -12.1719 12.1442 -0.0276622
176.382 -0.0207379 0.00370663 -12.1737 12.1461 -0.0276591
176.393 -0.0207405 0.00370797 -12.1756 12.1479 -0.0276561
176.404 -0.0207434 0.00370967 -12.1774 12.1498 -0.0276534
176.416 -0.0207456 0.00371178 -12.1792 12.1515 -0.027649
176.427 -0.0207474 0.00371341 -12.1809 12.1533 -0.0276448
176.438 -0.0207497 0.00371524 -12.1827 12.155 -0.0276414
176.449 -0.020752 0.00371675 -12.1844 12.1568 -0.0276378
176.461 -0.0207545 0.00371884 -12.1861 12.1585 -0.0276345
176.472 -0.0207565 0.00372078 -12.1878 12.1602 -0.0276313
176.483 -0.0207581 0.00372288 -12.1895 12.1619 -0.0276277
176.494 -0.0207601 0.00372474 -12.1911 12.1635 -0.0276248
176.506 -0.0207606 0.00372695 -12.1928 12.1652 -0.0276219
176.517 -0.0207617 0.00372889 -12.1944 12.1668 -0.0276188
176.528 -0.020763 0.00373104 -12.196 12.1684 -0.0276155
176.539 -0.0207651 0.00373268 -12.1977 12.1701 -0.0276131
176.551 -0.0207669 0.00373451 -12.1993 12.1717 -0.0276105
176.562 -0.0207686 0.0037365 -12.2009 12.1733 -0.0276076
176.573 -0.0207704 0.00373857 -12.2025 12.1749 -0.0276049
176.584 -0.0207723 0.00374032 -12.204 12.1764 -0.0276022
176.596 -0.0207741 0.003742 -12.2055 12.1779 -0.0275995
176.607 -0.020776 0.00374371 -12.207 12.1794 -0.0275966
176.618 -0.0207775 0.00374531 -12.2085 12.1809 -0.0275937
176.629 -0.0207795 0.00374727 -12.21 12.1824 -0.0275915
176.64 -0.0207819 0.00374949 -12.2116 12.184 -0.0275896
176.652 -0.0207842 0.00375191 -12.213 12.1854 -0.0275873
176.663 -0.0207862 0.00375434 -12.2145 12.1869 -0.027585
176.674 -0.0207881 0.00375621 -12.216 12.1884 -0.0275831
176.685 -0.0207893 0.00375816 -12.2174 12.1899 -0.0275806
176.697 -0.0207896 0.00376016 -12.2189 12.1913 -0.0275779
176.708 -0.0207909 0.00376157 -12.2203 12.1927 -0.0275747
176.719 -0.0207927 0.00376289 -12.2217 12.1941 -0.0275708
176.73 -0.0207941 0.0037643 -12.2231 12.1955 -0.0275671
176.742 -0.0207951 0.00376618 -12.2245 12.1969 -0.0275629
176.753 -0.0207974 0.00376828 -12.2259 12.1983 -0.0275584
176.764 -0.0207993 0.00377091 -12.2273 12.1997 -0.0275544
176.775 -0.0208011 0.00377373 -12.2287 12.2011 -0.0275513
176.787 -0.0208033 0.00377635 -12.23 12.2025 -0.0275482
176.798 -0.0208049 0.00377882 -12.2314 12.2038 -0.0275456
176.809 -0.0208063 0.00378148 -12.2327 12.2052 -0.027543
176.82 -0.0208084 0.00378417 -12.234 12.2065 -0.0275402
176.831 -0.0208098 0.00378689 -12.2353 12.2078 -0.0275381
176.843 -0.0208114 0.00378983 -12.2366 12.2091 -0.0275362
176.854 -0.020813 0.00379229 -12.2378 12.2103 -0.0275332
176.865 -0.0208151 0.00379459 -12.239 12.2115 -0.0275298
176.876 -0.0208173 0.00379616 -12.2403 12.2127 -0.0275273
176.888 -0.0208192 0.00379802 -12.2415 12.214 -0.0275238
176.899 -0.0208213 0.00379944 -12.2427 12.2152 -0.0275195
176.91 -0.0208236 0.00380076 -12.2439 12.2164 -0.0275163
176.921 -0.0208267 0.00380241 -12.2451 12.2176 -0.0275127
176.933 -0.020829 0.00380427 -12.2463 12.2188 -0.0275096
176.944 -0.0208314 0.00380616 -12.2475 12.22 -0.0275076
176.955 -0.020834 0.00380754 -12.2486 12.2211 -0.0275053
176.966 -0.020836 0.00380894 -12.2497 12.2222 -0.0275032
176.978 -0.0208381 0.00381013 -12.2508 12.2233 -0.0275014
176.989 -0.0208403 0.00381147 -12.2519 12.2244 -0.0274992
177 -0.0208423 0.00381215 -12.2529 12.2254 -0.0274958
177.011 -0.0208442 0.00381297 -12.2539 12.2264 -0.0274929
177.022 -0.0208459 0.00381387 -12.2549 12.2274 -0.0274904
177.034 -0.0208477 0.00381505 -12.2558 12.2283 -0.027488
177.045 -0.0208493 0.0038159 -12.2568 12.2293 -0.0274856
177.056 -0.0208514 0.00381638 -12.2576 12.2302 -0.0274829
177.067 -0.0208526 0.00381696 -12.2585 12.231 -0.0274808
177.079 -0.0208538 0.00381804 -12.2594 12.2319 -0.027479
177.09 -0.0208546 0.00381952 -12.2602 12.2327 -0.0274767
177.101 -0.0208547 0.00382055 -12.2609 12.2335 -0.0274741
177.112 -0.0208554 0.0038222 -12.2617 12.2342 -0.0274717
177.124 -0.020856 0.00382318 -12.2624 12.235 -0.0274692
177.135 -0.0208565 0.00382339 -12.2631 12.2357 -0.0274658
177.146 -0.0208579 0.00382377 -12.2639 12.2364 -0.0274626
177.157 -0.0208594 0.00382443 -12.2646 12.2371 -0.0274588
177.169 -0.0208607 0.00382508 -12.2653 12.2378 -0.0274549
177.18 -0.0208618 0.00382537 -12.2659 12.2385 -0.0274514
177.191 -0.0208632 0.00382574 -12.2666 12.2391 -0.027448
177.202 -0.0208642 0.00382652 -12.2672 12.2398 -0.0274445
177.213 -0.0208656 0.00382729 -12.2679 12.2404 -0.0274413
177.225 -0.020867 0.00382817 -12.2685 12.241 -0.0274376
177.236 -0.0208675 0.00382841 -12.269 12.2416 -0.027434
177.247 -0.0208682 0.0038287 -12.2696 12.2422 -0.0274304
177.258 -0.0208704 0.00382925 -12.2701 12.2427 -0.0274266
177.27 -0.0208719 0.00382984 -12.2706 12.2432 -0.0274235
177.281 -0.0208728 0.00383023 -12.2711 12.2437 -0.0274214
177.292 -0.0208735 0.00383124 -12.2715 12.2441 -0.0274191
177.303 -0.0208743 0.00383235 -12.2719 12.2445 -0.0274171
177.315 -0.020875 0.00383285 -12.2722 12.2448 -0.0274148
177.326 -0.0208758 0.00383299 -12.2726 12.2451 -0.0274114
177.337 -0.020875 0.0038336 -12.2728 12.2454 -0.0274081
177.348 -0.0208747 0.00383449 -12.2731 12.2457 -0.0274048
177.36 -0.020875 0.00383546 -12.2734 12.246 -0.0274014
177.371 -0.0208761 0.0038365 -12.2736 12.2462 -0.0273983
177.382 -0.0208766 0.00383724 -12.2738 12.2464 -0.0273956
177.393 -0.0208777 0.00383809 -12.2739 12.2465 -0.027393
177.404 -0.0208785 0.00383839 -12.274 12.2466 -0.0273896
177.416 -0.02088 0.00383934 -12.2741 12.2467 -0.0273867
177.427 -0.0208809 0.00384041 -12.2741 12.2468 -0.027384
177.438 -0.020882 0.00384163 -12.2742 12.2468 -0.0273817
177.449 -0.0208832 0.00384249 -12.2742 12.2468 -0.027379
177.461 -0.0208843 0.00384347 -12.2741 12.2468 -0.0273762
177.472 -0.020886 0.00384547 -12.2741 12.2467 -0.0273742
177.483 -0.0208868 0.00384709 -12.274 12.2466 -0.0273712
177.494 -0.0208876 0.00384863 -12.2738 12.2465 -0.0273683
177.506 -0.0208885 0.00385053 -12.2736 12.2463 -0.0273654
177.517 -0.0208892 0.00385239 -12.2734 12.2461 -0.0273638
177.528 -0.0208898 0.00385464 -12.2732 12.2458 -0.0273614
177.539 -0.0208913 0.00385539 -12.2728 12.2455 -0.027359
177.551 -0.0208925 0.00385613 -12.2725 12.2451 -0.0273566
177.562 -0.0208939 0.00385755 -12.2721 12.2447 -0.0273536
177.573 -0.0208944 0.00385806 -12.2716 12.2443 -0.0273513
177.584 -0.020895 0.0038587 -12.2712 12.2438 -0.027348
177.596 -0.0208966 0.00385933 -12.2707 12.2433 -0.027345
177.607 -0.020897 0.0038594 -12.2701 12.2428 -0.027342
177.618 -0.0208974 0.00385963 -12.2696 12.2422 -0.0273388
177.629 -0.0208978 0.00385947 -12.269 12.2416 -0.0273354
177.64 -0.0208979 0.00385958 -12.2683 12.241 -0.0273323
177.652 -0.020898 0.00385912 -12.2677 12.2404 -0.0273289
177.663 -0.0208984 0.00385862 -12.267 12.2397 -0.0273253
177.674 -0.0208987 0.00385842 -12.2663 12.239 -0.0273225
177.685 -0.0208991 0.00385826 -12.2656 12.2383 -0.0273196
177.697 -0.0208993 0.0038587 -12.2648 12.2375 -0.0273169
177.708 -0.0208995 0.00385847 -12.264 12.2367 -0.0273146
177.719 -0.0208995 0.00385872 -12.2632 12.2359 -0.0273121
177.73 -0.0208985 0.00385896 -12.2623 12.235 -0.0273096
177.742 -0.0208974 0.00386029 -12.2614 12.2341 -0.027307
177.753 -0.0208969 0.00386062 -12.2605 12.2332 -0.0273051
177.764 -0.0208971 0.00386161 -12.2595 12.2322 -0.0273023
177.775 -0.0208972 0.00386202 -12.2584 12.2311 -0.0272996
177.787 -0.0208972 0.00386261 -12.2574 12.2301 -0.0272969
177.798 -0.0208985 0.00386311 -12.2563 12.229 -0.0272945
177.809 -0.0208999 0.00386299 -12.2552 12.2279 -0.0272918
177.82 -0.0209007 0.003863 -12.254 12.2267 -0.0272898
177.831 -0.0209019 0.00386341 -12.2528 12.2255 -0.0272882
177.843 -0.020903 0.00386361 -12.2516 12.2243 -0.0272865
177.854 -0.0209043 0.00386266 -12.2503 12.223 -0.0272847
177.865 -0.0209051 0.00386223 -12.2489 12.2216 -0.0272822
177.876 -0.0209056 0.00386285 -12.2476 12.2203 -0.0272799
177.888 -0.0209057 0.00386296 -12.2461 12.2189 -0.0272783
177.899 -0.0209057 0.00386372 -12.2447 12.2174 -0.0272773
177.91 -0.0209057 0.0038647 -12.2431 12.2159 -0.0272765
177.921 -0.0209052 0.0038654 -12.2415 12.2143 -0.0272757
177.933 -0.020905 0.00386576 -12.2399 12.2126 -0.0272735
177.944 -0.020905 0.00386563 -12.2382 12.2109 -0.0272711
177.955 -0.0209059 0.00386531 -12.2365 12.2092 -0.0272684
177.966 -0.0209065 0.00386522 -12.2347 12.2075 -0.027265
177.978 -0.020907 0.0038655 -12.233 12.2057 -0.0272627
177.989 -0.0209073 0.00386513 -12.2312 12.2039 -0.0272598
178 -0.0209072 0.0038645 -12.2293 12.2021 -0.027257
178.011 -0.020907 0.00386413 -12.2275 12.2002 -0.0272548
178.022 -0.0209066 0.00386341 -12.2256 12.1983 -0.0272524
178.034 -0.0209063 0.00386303 -12.2237 12.1964 -0.0272499
178.045 -0.0209064 0.00386304 -12.2217 12.1944 -0.0272473
178.056 -0.0209059 0.00386263 -12.2197 12.1924 -0.0272454
178.067 -0.0209059 0.00386258 -12.2176 12.1904 -0.0272433
178.079 -0.0209054 0.00386207 -12.2155 12.1883 -0.0272406
178.09 -0.0209057 0.00386135 -12.2134 12.1861 -0.0272392
178.101 -0.0209061 0.00386117 -12.2112 12.1839 -0.0272372
178.112 -0.0209063 0.00386128 -12.2089 12.1817 -0.027236
178.124 -0.0209061 0.00386138 -12.2066 12.1794 -0.0272352
178.135 -0.0209061 0.00386099 -12.2043 12.177 -0.0272334
178.146 -0.0209069 0.00386111 -12.2019 12.1746 -0.0272317
178.157 -0.0209076 0.00386158 -12.1994 12.1722 -0.0272309
178.169 -0.0209078 0.00386159 -12.1969 12.1697 -0.0272293
178.18 -0.0209085 0.00386153 -12.1943 12.1671 -0.027228
178.191 -0.0209088 0.0038615 -12.1917 12.1645 -0.0272263
178.202 -0.0209089 0.00386182 -12.1891 12.1618 -0.0272246
178.213 -0.0209086 0.00386286 -12.1863 12.1591 -0.0272227
178.225 -0.0209084 0.00386335 -12.1836 12.1564 -0.027221
178.236 -0.0209079 0.00386382 -12.1808 12.1536 -0.02722
178.247 -0.0209068 0.00386426 -12.178 12.1507 -0.0272186
178.258 -0.0209052 0.00386492 -12.1751 12.1479 -0.0272177
178.27 -0.0209048 0.00386515 -12.1722 12.1449 -0.0272155
178.281 -0.0209042 0.00386505 -12.1692 12.142 -0.0272137
178.292 -0.0209038 0.00386488 -12.1662 12.139 -0.027212
178.303 -0.0209038 0.00386492 -12.1632 12.136 -0.0272101
178.315 -0.0209036 0.00386521 -12.1601 12.1329 -0.0272085
178.326 -0.0209034 0.00386541 -12.157 12.1298 -0.027207
178.337 -0.0209029 0.00386595 -12.1539 12.1267 -0.0272041
178.348 -0.0209017 0.00386663 -12.1507 12.1235 -0.027202
178.36 -0.0209006 0.00386787 -12.1476 12.1204 -0.0272005
178.371 -0.0208993 0.00386835 -12.1443 12.1171 -0.0271984
178.382 -0.0208983 0.00386926 -12.141 12.1138 -0.0271957
178.393 -0.0208972 0.00387015 -12.1377 12.1105 -0.0271933
178.404 -0.0208972 0.00387087 -12.1344 12.1072 -0.0271908
178.416 -0.0208973 0.00387089 -12.131 12.1038 -0.0271887
178.427 -0.0208981 0.00387079 -12.1276 12.1004 -0.0271876
178.438 -0.0208984 0.00387083 -12.1241 12.0969 -0.0271868
178.449 -0.0208982 0.00387022 -12.1205 12.0934 -0.0271848
178.461 -0.0208977 0.00387039 -12.117 12.0898 -0.0271835
178.472 -0.0208972 0.00387134 -12.1133 12.0862 -0.0271825
178.483 -0.0208968 0.00387148 -12.1097 12.0825 -0.0271806
178.494 -0.020896 0.00387277 -12.106 12.0788 -0.0271794
178.506 -0.0208949 0.00387427 -12.1022 12.075 -0.0271784
178.517 -0.0208941 0.00387576 -12.0984 12.0712 -0.0271776
178.528 -0.0208935 0.00387695 -12.0945 12.0674 -0.0271769
178.539 -0.0208926 0.00387773 -12.0906 12.0635 -0.0271756
178.551 -0.0208931 0.00387722 -12.0867 12.0595 -0.0271734
178.562 -0.0208931 0.00387636 -12.0827 12.0556 -0.0271713
178.573 -0.0208924 0.00387599 -12.0787 12.0516 -0.027169
178.584 -0.0208914 0.00387585 -12.0747 12.0475 -0.0271666
178.596 -0.0208908 0.00387531 -12.0707 12.0435 -0.0271653
178.607 -0.02089 0.00387466 -12.0666 12.0394 -0.0271636
178.618 -0.0208884 0.00387382 -12.0625 12.0353 -0.027163
178.629 -0.0208871 0.00387334 -12.0583 12.0311 -0.0271619
178.64 -0.0208863 0.00387357 -12.0541 12.027 -0.0271609
178.652 -0.0208852 0.00387385 -12.0499 12.0227 -0.0271602
178.663 -0.0208843 0.00387395 -12.0456 12.0184 -0.0271591
178.674 -0.0208832 0.00387463 -12.0413 12.0141 -0.0271576
178.685 -0.0208825 0.0038751 -12.0369 12.0098 -0.0271565
178.697 -0.0208818 0.00387601 -12.0326 12.0054 -0.0271562
178.708 -0.0208811 0.00387741 -12.0281 12.001 -0.027155
178.719 -0.0208796 0.00387833 -12.0236 11.9965 -0.0271531
178.73 -0.0208785 0.0038789 -12.0191 11.992 -0.0271511
178.742 -0.0208776 0.00387953 -12.0146 11.9875 -0.0271484
178.753 -0.0208765 0.00388022 -12.01 11.9829 -0.0271467
178.764 -0.0208758 0.00388134 -12.0054 11.9783 -0.0271451
178.775 -0.0208743 0.00388246 -12.0008 11.9737 -0.0271433
178.787 -0.0208729 0.00388385 -11.9961 11.969 -0.0271424
178.798 -0.0208715 0.0038843 -11.9914 11.9643 -0.0271404
178.809 -0.0208707 0.00388424 -11.9866 11.9595 -0.0271383
178.82 -0.0208703 0.00388403 -11.9818 11.9547 -0.0271367
178.831 -0.0208702 0.00388457 -11.977 11.9499 -0.0271349
178.843 -0.0208702 0.00388493 -11.9722 11.9451 -0.0271325
178.854 -0.0208698 0.0038847 -11.9673 11.9402 -0.0271302
178.865 -0.0208692 0.00388499 -11.9625 11.9353 -0.0271287
178.876 -0.0208685 0.00388562 -11.9576 11.9304 -0.0271272
178.888 -0.020868 0.00388606 -11.9526 11.9255 -0.0271258
178.899 -0.0208683 0.00388659 -11.9476 11.9205 -0.0271245
178.91 -0.0208687 0.00388709 -11.9426 11.9155 -0.0271233
178.921 -0.0208685 0.00388744 -11.9375 11.9104 -0.0271214
178.933 -0.0208692 0.00388813 -11.9325 11.9053 -0.0271204
178.944 -0.0208696 0.00388922 -11.9273 11.9002 -0.0271194
178.955 -0.0208703 0.00389036 -11.9221 11.895 -0.0271178
178.966 -0.0208704 0.00389197 -11.9169 11.8898 -0.0271166
178.978 -0.0208697 0.00389378 -11.9117 11.8846 -0.0271147
178.989 -0.0208689 0.00389511 -11.9064 11.8793 -0.0271131
179 -0.0208675 0.00389605 -11.9011 11.874 -0.0271111
179.011 -0.020866 0.003897 -11.8958 11.8687 -0.0271089
179.022 -0.0208646 0.00389774 -11.8905 11.8634 -0.0271066
179.034 -0.020864 0.00389763 -11.8851 11.858 -0.0271042
179.045 -0.0208638 0.00389803 -11.8798 11.8527 -0.0271015
179.056 -0.0208635 0.00389832 -11.8744 11.8473 -0.0270989
179.067 -0.0208629 0.00389863 -11.869 11.8419 -0.0270964
179.079 -0.0208624 0.00389925 -11.8636 11.8366 -0.0270941
179.09 -0.0208622 0.00389927 -11.8582 11.8311 -0.0270916
179.101 -0.0208624 0.00389881 -11.8528 11.8257 -0.0270897
179.112 -0.0208626 0.00389837 -11.8474 11.8203 -0.027088
179.124 -0.0208626 0.0038974 -11.8419 11.8148 -0.027086
179.135 -0.0208627 0.00389683 -11.8364 11.8094 -0.0270838
179.146 -0.020863 0.00389632 -11.831 11.8039 -0.0270811
179.157 -0.0208629 0.00389617 -11.8255 11.7984 -0.0270793
179.169 -0.0208634 0.00389617 -11.82 11.7929 -0.0270779
179.18 -0.0208639 0.0038957 -11.8145 11.7874 -0.0270759
179.191 -0.0208641 0.00389581 -11.8089 11.7818 -0.0270741
179.202 -0.0208647 0.0038964 -11.8034 11.7763 -0.0270731
179.213 -0.0208656 0.00389702 -11.7978 11.7707 -0.0270716
179.225 -0.0208662 0.00389806 -11.7922 11.7651 -0.0270712
179.236 -0.020866 0.00389929 -11.7865 11.7594 -0.0270709
179.247 -0.0208666 0.00390017 -11.7808 11.7537 -0.02707
179.258 -0.0208658 0.00390034 -11.775 11.7479 -0.0270683
179.27 -0.0208652 0.00390028 -11.7692 11.7422 -0.0270671
179.281 -0.0208641 0.0038998 -11.7634 11.7363 -0.027066
179.292 -0.0208633 0.00389917 -11.7576 11.7305 -0.0270635
179.303 -0.0208629 0.00389932 -11.7518 11.7247 -0.0270611
179.315 -0.020863 0.00389967 -11.7459 11.7189 -0.0270581
179.326 -0.0208627 0.00389963 -11.7401 11.7131 -0.0270555
179.337 -0.0208629 0.0039006 -11.7343 11.7072 -0.0270541
179.348 -0.0208634 0.00390138 -11.7285 11.7014 -0.027052
179.36 -0.0208632 0.00390169 -11.7226 11.6955 -0.0270496
179.371 -0.020863 0.00390206 -11.7168 11.6897 -0.0270475
179.382 -0.0208631 0.00390219 -11.7109 11.6839 -0.0270455
179.393 -0.0208631 0.0039024 -11.705 11.678 -0.0270439
179.404 -0.0208632 0.00390264 -11.6992 11.6722 -0.0270414
179.416 -0.0208632 0.00390302 -11.6933 11.6663 -0.027039
179.427 -0.0208626 0.00390349 -11.6874 11.6604 -0.0270382
179.438 -0.020862 0.00390431 -11.6816 11.6545 -0.0270376
179.449 -0.0208619 0.00390518 -11.6756 11.6486 -0.0270372
179.461 -0.0208617 0.00390538 -11.6697 11.6427 -0.027037
179.472 -0.0208616 0.00390526 -11.6638 11.6367 -0.027036
179.483 -0.0208618 0.00390602 -11.6577 11.6307 -0.0270349
179.494 -0.0208621 0.00390587 -11.6517 11.6247 -0.0270341
179.506 -0.0208628 0.0039067 -11.6457 11.6186 -0.0270334
179.517 -0.0208626 0.0039067 -11.6396 11.6126 -0.0270323
179.528 -0.0208628 0.00390609 -11.6335 11.6065 -0.0270305
179.539 -0.0208628 0.00390576 -11.6275 11.6004 -0.0270296
179.551 -0.0208624 0.00390653 -11.6213 11.5943 -0.0270288
179.562 -0.0208628 0.00390702 -11.6152 11.5882 -0.0270279
179.573 -0.0208636 0.00390706 -11.6091 11.582 -0.0270272
179.584 -0.0208635 0.00390683 -11.6029 11.5759 -0.0270263
179.596 -0.020863 0.00390697 -11.5967 11.5697 -0.0270254
179.607 -0.0208628 0.00390708 -11.5905 11.5635 -0.0270242
179.618 -0.0208617 0.00390767 -11.5844 11.5573 -0.0270236
179.629 -0.0208609 0.00390856 -11.5782 11.5512 -0.0270237
179.64 -0.0208607 0.00390959 -11.572 11.545 -0.0270238
179.652 -0.0208599 0.00391063 -11.5658 11.5388 -0.0270233
179.663 -0.0208593 0.00391136 -11.5597 11.5326 -0.0270222
179.674 -0.0208584 0.00391246 -11.5535 11.5265 -0.0270215
179.685 -0.0208576 0.00391253 -11.5473 11.5203 -0.0270199
179.697 -0.0208573 0.00391284 -11.5412 11.5141 -0.0270182
179.708 -0.0208573 0.00391299 -11.535 11.508 -0.0270166
179.719 -0.0208568 0.00391325 -11.5289 11.5019 -0.0270148
179.73 -0.0208572 0.00391326 -11.5228 11.4958 -0.0270127
179.742 -0.0208561 0.00391304 -11.5167 11.4897 -0.0270113
179.753 -0.020856 0.00391267 -11.5106 11.4836 -0.02701
179.764 -0.0208554 0.0039128 -11.5045 11.4775 -0.0270088
179.775 -0.0208549 0.00391363 -11.4984 11.4714 -0.027008
179.787 -0.0208536 0.00391392 -11.4923 11.4653 -0.027007
179.798 -0.020852 0.00391409 -11.4862 11.4592 -0.0270065
179.809 -0.0208495 0.0039146 -11.4801 11.453 -0.0270055
179.82 -0.0208487 0.00391468 -11.4739 11.4469 -0.0270043
179.831 -0.0208477 0.00391444 -11.4678 11.4408 -0.0270036
179.843 -0.020847 0.00391431 -11.4617 11.4347 -0.0270022
179.854 -0.0208455 0.00391429 -11.4556 11.4286 -0.0270012
179.865 -0.0208447 0.00391422 -11.4494 11.4224 -0.0269994
179.876 -0.0208438 0.00391442 -11.4433 11.4163 -0.0269981
179.888 -0.0208441 0.00391477 -11.4372 11.4102 -0.0269967
179.899 -0.0208449 0.00391558 -11.4311 11.4041 -0.0269954
179.91 -0.020845 0.00391694 -11.425 11.3981 -0.0269948
179.921 -0.0208446 0.00391813 -11.4189 11.3919 -0.0269941
179.933 -0.0208439 0.00391951 -11.4128 11.3858 -0.0269933
179.944 -0.0208433 0.00392133 -11.4066 11.3797 -0.0269943
179.955 -0.0208426 0.00392299 -11.4005 11.3735 -0.0269943
179.966 -0.0208423 0.00392489 -11.3943 11.3673 -0.0269944
179.978 -0.0208413 0.00392656 -11.3882 11.3612 -0.0269951
179.989 -0.0208413 0.00392653 -11.382 11.355 -0.0269937
180 -0.0208406 0.00392684 -11.3759 11.3489 -0.0269919
180.011 -0.0208402 0.00392718 -11.3698 11.3428 -0.0269906
180.022 -0.0208395 0.00392741 -11.3637 11.3367 -0.0269891
180.034 -0.020839 0.0039278 -11.3576 11.3306 -0.0269876
180.045 -0.0208393 0.00392845 -11.3516 11.3246 -0.0269866
180.056 -0.0208393 0.00392879 -11.3455 11.3185 -0.0269853
180.067 -0.0208392 0.00392917 -11.3395 11.3125 -0.0269846
180.079 -0.0208387 0.00392994 -11.3335 11.3065 -0.0269845
180.09 -0.0208384 0.00393157 -11.3275 11.3005 -0.0269845
180.101 -0.0208381 0.00393224 -11.3215 11.2945 -0.0269845
180.112 -0.0208378 0.00393311 -11.3155 11.2885 -0.0269845
180.124 -0.0208373 0.00393396 -11.3095 11.2825 -0.0269839
180.135 -0.0208365 0.00393498 -11.3035 11.2765 -0.0269842
180.146 -0.0208361 0.00393574 -11.2975 11.2705 -0.0269839
180.157 -0.0208351 0.00393685 -11.2915 11.2645 -0.0269834
180.169 -0.0208346 0.0039378 -11.2855 11.2585 -0.0269829
180.18 -0.0208348 0.00393882 -11.2795 11.2526 -0.0269822
180.191 -0.0208353 0.00393966 -11.2735 11.2466 -0.0269816
180.202 -0.0208353 0.00394042 -11.2675 11.2406 -0.0269804
180.213 -0.0208354 0.00394075 -11.2615 11.2346 -0.0269796
180.225 -0.0208356 0.00394142 -11.2556 11.2286 -0.0269783
180.236 -0.0208346 0.00394186 -11.2496 11.2226 -0.0269772
180.247 -0.020834 0.0039427 -11.2436 11.2167 -0.0269758
180.258 -0.0208335 0.00394357 -11.2377 11.2107 -0.0269746
180.27 -0.0208331 0.00394465 -11.2318 11.2048 -0.0269736
180.281 -0.0208324 0.00394576 -11.2259 11.199 -0.0269728
180.292 -0.0208318 0.00394718 -11.2201 11.1931 -0.0269717
180.303 -0.0208311 0.00394896 -11.2142 11.1872 -0.0269708
180.315 -0.0208313 0.00395044 -11.2084 11.1814 -0.0269696
180.326 -0.0208318 0.00395167 -11.2026 11.1756 -0.0269683
180.337 -0.0208316 0.00395359 -11.1968 11.1698 -0.0269663
180.348 -0.0208317 0.003955 -11.1911 11.1641 -0.0269649
180.36 -0.0208314 0.00395666 -11.1854 11.1584 -0.0269633
180.371 -0.0208307 0.00395735 -11.1798 11.1528 -0.0269617
180.382 -0.0208298 0.00395778 -11.1742 11.1472 -0.0269594
180.393 -0.0208294 0.00395814 -11.1687 11.1417 -0.0269581
180.404 -0.0208286 0.00395938 -11.1632 11.1362 -0.0269574
180.416 -0.0208281 0.00396004 -11.1577 11.1308 -0.0269569
180.427 -0.0208271 0.00396074 -11.1523 11.1254 -0.026955
180.438 -0.0208266 0.0039617 -11.1469 11.12 -0.0269532
180.449 -0.0208254 0.00396257 -11.1416 11.1146 -0.0269521
180.461 -0.0208243 0.00396412 -11.1363 11.1093 -0.0269508
180.472 -0.020823 0.00396544 -11.131 11.104 -0.0269491
180.483 -0.020823 0.00396544 -11.1258 11.0988 -0.0269469
180.494 -0.0208225 0.00396564 -11.1206 11.0936 -0.0269442
180.506 -0.0208227 0.00396526 -11.1154 11.0885 -0.0269414
180.517 -0.0208229 0.00396582 -11.1103 11.0834 -0.0269389
180.528 -0.0208231 0.00396653 -11.1053 11.0783 -0.0269357
180.539 -0.0208237 0.00396711 -11.1003 11.0733 -0.0269329
180.551 -0.0208234 0.00396789 -11.0953 11.0684 -0.0269309
180.562 -0.0208228 0.00396867 -11.0904 11.0635 -0.0269292
180.573 -0.0208225 0.00397001 -11.0855 11.0586 -0.0269282
180.584 -0.0208225 0.00397072 -11.0806 11.0537 -0.0269267
180.596 -0.0208226 0.00397091 -11.0758 11.0489 -0.0269246
180.607 -0.0208222 0.00397154 -11.0711 11.0441 -0.0269228
180.618 -0.0208215 0.00397242 -11.0664 11.0394 -0.0269216
180.629 -0.0208212 0.00397375 -11.0617 11.0347 -0.0269207
180.64 -0.0208203 0.0039751 -11.057 11.0301 -0.0269203
180.652 -0.0208206 0.00397689 -11.0524 11.0255 -0.0269208
180.663 -0.0208199 0.00397797 -11.0478 11.0209 -0.0269195
180.674 -0.0208198 0.00397936 -11.0433 11.0164 -0.0269175
180.685 -0.0208201 0.00398083 -11.0388 11.0119 -0.0269162
180.697 -0.0208205 0.00398284 -11.0344 11.0075 -0.0269144
180.708 -0.0208203 0.00398327 -11.03 11.0031 -0.0269131
180.719 -0.0208203 0.00398334 -11.0257 10.9988 -0.0269132
180.73 -0.0208193 0.00398296 -11.0214 10.9945 -0.0269124
180.742 -0.0208187 0.00398294 -11.0172 10.9903 -0.0269118
180.753 -0.0208183 0.00398335 -11.013 10.9861 -0.0269101
180.764 -0.020818 0.00398388 -11.0089 10.982 -0.026909
180.775 -0.0208176 0.00398475 -11.0048 10.9779 -0.0269087
180.787 -0.0208176 0.00398594 -11.0008 10.9739 -0.0269083
180.798 -0.0208173 0.00398749 -10.9968 10.9699 -0.0269067
180.809 -0.0208173 0.00398849 -10.9928 10.9659 -0.0269048
180.82 -0.0208179 0.00398896 -10.9889 10.962 -0.0269012
180.831 -0.0208183 0.00398971 -10.9851 10.9582 -0.0268977
180.843 -0.0208185 0.00399068 -10.9813 10.9544 -0.026894
180.854 -0.0208187 0.00399208 -10.9776 10.9507 -0.02689
180.865 -0.0208182 0.00399416 -10.9739 10.9471 -0.0268864
180.876 -0.0208178 0.00399662 -10.9703 10.9434 -0.0268835
180.888 -0.0208177 0.00399853 -10.9668 10.9399 -0.026881
180.899 -0.0208178 0.00400054 -10.9632 10.9364 -0.0268774
180.91 -0.0208173 0.00400234 -10.9598 10.9329 -0.0268749
180.921 -0.0208172 0.00400441 -10.9564 10.9295 -0.0268715
180.933 -0.020817 0.00400614 -10.953 10.9262 -0.0268673
180.944 -0.0208172 0.00400755 -10.9498 10.9229 -0.0268636
180.955 -0.0208182 0.00400803 -10.9465 10.9197 -0.0268614
180.966 -0.020819 0.00400948 -10.9434 10.9165 -0.0268579
180.978 -0.0208201 0.00401001 -10.9403 10.9134 -0.0268546
180.989 -0.0208203 0.00401072 -10.9373 10.9104 -0.0268523
181 -0.0208202 0.00401252 -10.9343 10.9075 -0.0268501
181.011 -0.0208203 0.00401347 -10.9314 10.9046 -0.026847
181.022 -0.0208201 0.00401512 -10.9286 10.9017 -0.0268444
181.034 -0.0208203 0.00401694 -10.9258 10.8989 -0.0268413
181.045 -0.0208208 0.00401853 -10.923 10.8962 -0.0268387
181.056 -0.020821 0.00402039 -10.9204 10.8935 -0.0268367
181.067 -0.0208213 0.00402169 -10.9178 10.8909 -0.0268337
181.079 -0.0208214 0.00402373 -10.9152 10.8884 -0.0268303
181.09 -0.0208209 0.0040257 -10.9128 10.886 -0.026828
181.101 -0.0208203 0.00402769 -10.9104 10.8835 -0.0268248
181.112 -0.0208205 0.00402991 -10.908 10.8812 -0.0268219
181.124 -0.0208209 0.00403224 -10.9057 10.8789 -0.0268199
181.135 -0.0208218 0.00403426 -10.9034 10.8766 -0.0268175
181.146 -0.0208233 0.00403658 -10.9012 10.8744 -0.026814
181.157 -0.0208248 0.00403827 -10.8991 10.8722 -0.0268102
181.169 -0.020826 0.0040398 -10.8969 10.8701 -0.0268068
181.18 -0.0208269 0.00404183 -10.8949 10.8681 -0.0268042
181.191 -0.0208277 0.00404416 -10.8928 10.866 -0.0268025
181.202 -0.0208294 0.00404649 -10.8908 10.864 -0.0268005
181.213 -0.0208314 0.00404826 -10.8889 10.8621 -0.0267984
181.225 -0.0208324 0.00405029 -10.887 10.8602 -0.0267964
181.236 -0.020833 0.00405249 -10.885 10.8583 -0.0267938
181.247 -0.0208339 0.00405416 -10.8832 10.8564 -0.0267916
181.258 -0.0208347 0.00405564 -10.8814 10.8546 -0.0267892
181.27 -0.0208361 0.00405664 -10.8796 10.8528 -0.0267861
181.281 -0.0208375 0.00405783 -10.8778 10.851 -0.0267836
181.292 -0.0208385 0.00405878 -10.8761 10.8493 -0.0267818
181.303 -0.0208389 0.00405983 -10.8744 10.8476 -0.0267804
181.315 -0.0208394 0.00406056 -10.8728 10.846 -0.0267786
181.326 -0.0208397 0.00406164 -10.8712 10.8444 -0.0267771
181.337 -0.0208393 0.0040638 -10.8696 10.8428 -0.0267753
181.348 -0.0208388 0.00406566 -10.8681 10.8413 -0.0267733
181.36 -0.0208385 0.00406726 -10.8666 10.8398 -0.0267721
181.371 -0.0208384 0.00406863 -10.8651 10.8383 -0.0267705
181.382 -0.0208383 0.00406978 -10.8637 10.8369 -0.0267683
181.393 -0.0208384 0.00407109 -10.8623 10.8355 -0.0267662
181.404 -0.0208397 0.00407205 -10.8609 10.8342 -0.0267637
181.416 -0.0208409 0.00407383 -10.8596 10.8328 -0.0267615
181.427 -0.020842 0.00407592 -10.8584 10.8316 -0.0267592
181.438 -0.020843 0.0040779 -10.8571 10.8304 -0.0267555
181.449 -0.0208441 0.00407997 -10.856 10.8292 -0.0267519
181.461 -0.0208444 0.00408213 -10.8549 10.8281 -0.0267488
181.472 -0.0208441 0.00408564 -10.8538 10.8271 -0.0267464
181.483 -0.0208436 0.00408833 -10.8528 10.826 -0.0267447
181.494 -0.020843 0.00409074 -10.8518 10.8251 -0.0267417
181.506 -0.0208427 0.00409251 -10.8509 10.8241 -0.0267385
181.517 -0.0208427 0.00409416 -10.85 10.8233 -0.0267353
181.528 -0.0208429 0.00409499 -10.8492 10.8225 -0.0267331
181.539 -0.0208429 0.00409627 -10.8484 10.8216 -0.0267298
181.551 -0.0208436 0.00409846 -10.8476 10.8209 -0.0267264
181.562 -0.0208436 0.00409882 -10.8469 10.8202 -0.0267234
181.573 -0.0208439 0.00409965 -10.8463 10.8196 -0.0267196
181.584 -0.0208445 0.00410036 -10.8456 10.8189 -0.0267162
181.596 -0.0208452 0.00410083 -10.8451 10.8184 -0.0267128
181.607 -0.020846 0.004102 -10.8445 10.8178 -0.0267095
181.618 -0.0208462 0.00410242 -10.844 10.8173 -0.0267061
181.629 -0.0208463 0.00410323 -10.8435 10.8168 -0.0267035
181.64 -0.0208472 0.00410434 -10.8431 10.8164 -0.0267005
181.652 -0.0208478 0.00410523 -10.8426 10.8159 -0.0266972
181.663 -0.020849 0.00410616 -10.8423 10.8156 -0.0266939
181.674 -0.0208503 0.00410735 -10.8419 10.8152 -0.0266901
181.685 -0.0208513 0.00410849 -10.8416 10.8149 -0.0266861
181.697 -0.0208519 0.00411037 -10.8413 10.8146 -0.0266819
181.708 -0.020852 0.00411225 -10.8411 10.8144 -0.0266775
181.719 -0.0208525 0.00411468 -10.8409 10.8142 -0.0266727
181.73 -0.0208518 0.00411647 -10.8408 10.8141 -0.0266696
181.742 -0.0208516 0.00411879 -10.8407 10.814 -0.0266659
181.753 -0.0208513 0.00412072 -10.8406 10.8139 -0.0266625
181.764 -0.0208505 0.00412244 -10.8406 10.8139 -0.0266597
181.775 -0.0208507 0.00412494 -10.8406 10.8139 -0.0266558
181.787 -0.0208508 0.0041269 -10.8407 10.814 -0.0266516
181.798 -0.0208504 0.00412843 -10.8408 10.8142 -0.0266482
181.809 -0.0208501 0.00412963 -10.841 10.8143 -0.0266444
181.82 -0.0208495 0.00413111 -10.8412 10.8146 -0.0266408
181.831 -0.0208489 0.00413253 -10.8415 10.8149 -0.0266375
181.843 -0.0208491 0.00413363 -10.8418 10.8152 -0.0266333
181.854 -0.020849 0.00413487 -10.8422 10.8156 -0.0266304
181.865 -0.0208492 0.00413529 -10.8427 10.816 -0.0266275
181.876 -0.0208488 0.00413633 -10.8431 10.8165 -0.0266256
181.888 -0.0208493 0.00413771 -10.8436 10.817 -0.0266231
181.899 -0.0208497 0.00413905 -10.8441 10.8175 -0.0266205
181.91 -0.0208503 0.0041395 -10.8447 10.8181 -0.0266175
181.921 -0.020851 0.00413966 -10.8453 10.8187 -0.0266139
181.933 -0.0208517 0.00414023 -10.846 10.8194 -0.0266111
181.944 -0.0208524 0.00414139 -10.8468 10.8202 -0.0266076
181.955 -0.0208527 0.00414199 -10.8476 10.8209 -0.0266043
181.966 -0.0208529 0.00414263 -10.8484 10.8218 -0.0266011
181.978 -0.0208541 0.00414361 -10.8493 10.8227 -0.0265977
181.989 -0.0208549 0.00414469 -10.8502 10.8236 -0.0265939
182 -0.0208555 0.00414658 -10.8512 10.8246 -0.0265912
182.011 -0.0208559 0.00414794 -10.8522 10.8257 -0.0265878
182.022 -0.0208568 0.00414947 -10.8533 10.8267 -0.026585
182.034 -0.0208567 0.00415131 -10.8544 10.8279 -0.0265827
182.045 -0.0208569 0.00415378 -10.8556 10.829 -0.0265808
182.056 -0.0208575 0.00415658 -10.8567 10.8302 -0.0265788
182.067 -0.0208579 0.00415892 -10.858 10.8314 -0.0265767
182.079 -0.0208582 0.0041616 -10.8592 10.8326 -0.0265739
182.09 -0.0208586 0.0041639 -10.8605 10.8339 -0.0265712
182.101 -0.0208594 0.00416644 -10.8618 10.8352 -0.0265682
182.112 -0.02086 0.00416822 -10.8632 10.8366 -0.0265648
182.124 -0.020861 0.00417078 -10.8646 10.838 -0.0265609
182.135 -0.0208617 0.00417331 -10.8661 10.8395 -0.0265583
182.146 -0.0208628 0.00417575 -10.8676 10.841 -0.0265548
182.157 -0.0208629 0.00417791 -10.8691 10.8426 -0.0265512
182.169 -0.0208629 0.00417992 -10.8708 10.8442 -0.0265474
182.18 -0.0208633 0.00418104 -10.8724 10.8459 -0.0265441
182.191 -0.0208632 0.00418227 -10.8742 10.8476 -0.0265409
182.202 -0.0208636 0.00418381 -10.876 10.8494 -0.0265377
182.213 -0.0208638 0.00418514 -10.8778 10.8512 -0.0265344
182.225 -0.0208635 0.00418578 -10.8796 10.8531 -0.0265321
182.236 -0.0208633 0.00418634 -10.8815 10.855 -0.0265304
182.247 -0.0208633 0.00418624 -10.8835 10.857 -0.0265281
182.258 -0.0208639 0.00418689 -10.8855 10.859 -0.0265252
182.27 -0.0208641 0.00418718 -10.8876 10.861 -0.026523
182.281 -0.0208639 0.00418748 -10.8896 10.8631 -0.0265205
182.292 -0.0208637 0.0041881 -10.8918 10.8652 -0.026518
182.303 -0.0208643 0.00418861 -10.8939 10.8674 -0.026516
182.315 -0.0208649 0.00419008 -10.8962 10.8696 -0.0265135
182.326 -0.0208652 0.00419205 -10.8984 10.8719 -0.0265107
182.337 -0.0208657 0.00419356 -10.9008 10.8743 -0.0265086
182.348 -0.020866 0.00419478 -10.9031 10.8766 -0.0265067
182.36 -0.0208661 0.00419623 -10.9055 10.879 -0.0265058
182.371 -0.0208665 0.00419809 -10.908 10.8815 -0.0265044
182.382 -0.020867 0.00419954 -10.9104 10.8839 -0.0265025
182.393 -0.0208673 0.00420117 -10.9129 10.8864 -0.0265012
182.404 -0.0208677 0.00420277 -10.9154 10.8889 -0.0264992
182.416 -0.0208676 0.0042048 -10.918 10.8915 -0.0264967
182.427 -0.0208673 0.00420635 -10.9206 10.8941 -0.0264931
182.438 -0.0208675 0.00420798 -10.9233 10.8968 -0.0264904
182.449 -0.0208675 0.00420991 -10.926 10.8995 -0.026487
182.461 -0.0208673 0.00421192 -10.9288 10.9023 -0.0264836
182.472 -0.0208675 0.0042139 -10.9316 10.9052 -0.0264805
182.483 -0.0208676 0.00421555 -10.9345 10.9081 -0.0264767
182.494 -0.0208672 0.00421774 -10.9375 10.9111 -0.0264733
182.506 -0.0208676 0.00422039 -10.9406 10.9141 -0.0264703
182.517 -0.020868 0.00422321 -10.9437 10.9172 -0.0264671
182.528 -0.0208683 0.0042253 -10.9469 10.9204 -0.026464
182.539 -0.020869 0.0042267 -10.9501 10.9236 -0.0264613
182.551 -0.02087 0.00422833 -10.9534 10.9269 -0.0264584
182.562 -0.0208703 0.00422951 -10.9567 10.9302 -0.0264546
182.573 -0.0208707 0.00423044 -10.9601 10.9337 -0.0264514
182.584 -0.0208715 0.00423092 -10.9636 10.9371 -0.0264471
182.596 -0.0208719 0.00423131 -10.9671 10.9407 -0.0264431
182.607 -0.0208721 0.00423192 -10.9707 10.9442 -0.0264399
182.618 -0.0208724 0.00423293 -10.9743 10.9478 -0.0264362
182.629 -0.0208723 0.00423388 -10.9779 10.9514 -0.0264326
182.64 -0.020873 0.0042355 -10.9816 10.9551 -0.0264293
182.652 -0.0208733 0.0042375 -10.9852 10.9588 -0.0264265
182.663 -0.0208732 0.00423844 -10.989 10.9626 -0.0264243
182.674 -0.020873 0.00423944 -10.9928 10.9663 -0.0264225
182.685 -0.0208732 0.00424047 -10.9965 10.9701 -0.0264205
182.697 -0.0208729 0.00424092 -11.0003 10.9739 -0.0264186
182.708 -0.0208728 0.00424155 -11.0042 10.9778 -0.0264169
182.719 -0.0208726 0.00424247 -11.008 10.9816 -0.0264155
182.73 -0.0208733 0.00424425 -11.0118 10.9854 -0.0264134
182.742 -0.0208737 0.00424676 -11.0157 10.9893 -0.0264112
182.753 -0.0208744 0.00424814 -11.0195 10.9931 -0.0264081
182.764 -0.0208747 0.00424979 -11.0234 10.997 -0.0264051
182.775 -0.0208755 0.00425195 -11.0273 11.0009 -0.0264026
182.787 -0.0208755 0.00425376 -11.0313 11.0049 -0.0263995
182.798 -0.0208751 0.00425508 -11.0352 11.0088 -0.0263961
182.809 -0.0208749 0.0042572 -11.0392 11.0128 -0.0263932
182.82 -0.0208747 0.00425933 -11.0433 11.0169 -0.0263884
182.831 -0.0208744 0.00426105 -11.0473 11.0209 -0.0263834
182.843 -0.0208741 0.00426171 -11.0514 11.0251 -0.0263791
182.854 -0.0208738 0.00426334 -11.0556 11.0292 -0.0263739
182.865 -0.0208734 0.0042642 -11.0597 11.0334 -0.0263692
182.876 -0.0208731 0.00426519 -11.064 11.0376 -0.0263643
182.888 -0.020873 0.00426673 -11.0683 11.0419 -0.0263595
182.899 -0.0208736 0.00426847 -11.0726 11.0462 -0.0263546
182.91 -0.0208742 0.00427004 -11.0769 11.0505 -0.0263499
182.921 -0.0208749 0.00427081 -11.0813 11.0549 -0.0263445
182.933 -0.0208759 0.00427193 -11.0856 11.0593 -0.0263406
182.944 -0.020877 0.00427359 -11.0901 11.0637 -0.0263366
182.955 -0.0208785 0.00427498 -11.0945 11.0681 -0.0263321
182.966 -0.0208798 0.00427698 -11.0989 11.0726 -0.0263279
182.978 -0.0208813 0.00427866 -11.1034 11.077 -0.0263243
182.989 -0.0208817 0.00428012 -11.1078 11.0815 -0.0263209
183 -0.0208825 0.00428166 -11.1123 11.0859 -0.0263178
183.011 -0.0208838 0.00428338 -11.1167 11.0904 -0.026315
183.022 -0.0208854 0.00428529 -11.1211 11.0948 -0.0263116
183.034 -0.020886 0.0042872 -11.1256 11.0993 -0.0263081
183.045 -0.0208861 0.00428918 -11.13 11.1037 -0.0263046
183.056 -0.0208862 0.00429118 -11.1344 11.1081 -0.0263011
183.067 -0.020887 0.00429345 -11.1388 11.1125 -0.0262985
183.079 -0.0208874 0.00429505 -11.1433 11.117 -0.0262953
183.09 -0.0208877 0.0042964 -11.1477 11.1214 -0.0262916
183.101 -0.0208877 0.00429805 -11.1521 11.1258 -0.0262876
183.112 -0.0208874 0.00429846 -11.1565 11.1302 -0.026285
183.124 -0.0208872 0.00429861 -11.1609 11.1347 -0.0262815
183.135 -0.0208863 0.00429858 -11.1654 11.1391 -0.0262789
183.146 -0.0208858 0.00429965 -11.1698 11.1435 -0.0262762
183.157 -0.0208855 0.00430061 -11.1742 11.1479 -0.0262727
183.169 -0.0208857 0.00430219 -11.1786 11.1523 -0.0262693
183.18 -0.0208857 0.00430376 -11.183 11.1568 -0.0262663
183.191 -0.0208855 0.00430516 -11.1875 11.1612 -0.026263
183.202 -0.0208854 0.00430627 -11.1919 11.1656 -0.0262588
183.213 -0.0208857 0.00430783 -11.1963 11.1701 -0.0262547
183.225 -0.0208859 0.0043097 -11.2008 11.1745 -0.0262509
183.236 -0.0208859 0.0043122 -11.2052 11.179 -0.0262467
183.247 -0.0208866 0.00431475 -11.2097 11.1834 -0.0262427
183.258 -0.020887 0.00431745 -11.2141 11.1879 -0.0262388
183.27 -0.0208869 0.00431989 -11.2186 11.1923 -0.0262353
183.281 -0.0208877 0.00432279 -11.223 11.1968 -0.0262315
183.292 -0.0208885 0.00432563 -11.2274 11.2012 -0.0262281
183.303 -0.0208896 0.00432912 -11.2318 11.2056 -0.0262247
183.315 -0.0208906 0.00433248 -11.2363 11.21 -0.0262212
183.326 -0.0208909 0.00433491 -11.2407 11.2144 -0.026218
183.337 -0.0208908 0.00433709 -11.245 11.2188 -0.026215
183.348 -0.0208914 0.00433951 -11.2494 11.2232 -0.0262119
183.36 -0.0208917 0.00434133 -11.2537 11.2275 -0.0262086
183.371 -0.020892 0.00434352 -11.258 11.2318 -0.0262044
183.382 -0.0208924 0.00434563 -11.2623 11.2361 -0.0262011
183.393 -0.0208918 0.00434768 -11.2665 11.2403 -0.0261977
183.404 -0.020892 0.00434957 -11.2707 11.2446 -0.0261936
183.416 -0.020892 0.00435112 -11.275 11.2488 -0.0261904
183.427 -0.0208918 0.00435245 -11.2791 11.253 -0.0261876
183.438 -0.0208917 0.00435349 -11.2833 11.2571 -0.0261846
183.449 -0.0208916 0.00435536 -11.2875 11.2613 -0.0261818
183.461 -0.0208918 0.00435645 -11.2916 11.2654 -0.0261784
183.472 -0.0208918 0.00435718 -11.2957 11.2695 -0.0261747
183.483 -0.0208922 0.00435764 -11.2998 11.2736 -0.0261713
183.494 -0.0208925 0.0043591 -11.3038 11.2777 -0.0261669
183.506 -0.0208922 0.00436047 -11.3079 11.2817 -0.0261633
183.517 -0.0208922 0.00436235 -11.3119 11.2858 -0.0261587
183.528 -0.0208915 0.00436423 -11.3159 11.2898 -0.0261542
183.539 -0.0208908 0.00436624 -11.3199 11.2938 -0.0261497
183.551 -0.0208901 0.00436847 -11.3239 11.2978 -0.0261451
183.562 -0.0208896 0.00437087 -11.3279 11.3017 -0.0261407
183.573 -0.0208893 0.00437291 -11.3318 11.3057 -0.0261362
183.584 -0.0208894 0.00437491 -11.3358 11.3096 -0.0261317
183.596 -0.0208883 0.00437735 -11.3397 11.3135 -0.0261274
183.607 -0.0208875 0.0043799 -11.3436 11.3174 -0.0261227
183.618 -0.0208871 0.00438253 -11.3474 11.3213 -0.0261173
183.629 -0.0208874 0.00438525 -11.3513 11.3252 -0.0261118
183.64 -0.020888 0.00438838 -11.3551 11.329 -0.0261063
183.652 -0.0208895 0.00439143 -11.359 11.3329 -0.0261011
183.663 -0.0208908 0.00439403 -11.3628 11.3367 -0.0260956
183.674 -0.0208924 0.00439697 -11.3666 11.3405 -0.0260899
183.685 -0.0208938 0.00439997 -11.3704 11.3443 -0.0260843
183.697 -0.0208949 0.00440349 -11.3741 11.348 -0.0260792
183.708 -0.0208957 0.00440611 -11.3778 11.3518 -0.0260743
183.719 -0.0208964 0.00440832 -11.3815 11.3555 -0.0260692
183.73 -0.0208968 0.00441015 -11.3852 11.3591 -0.026064
183.742 -0.0208975 0.00441217 -11.3888 11.3628 -0.0260584
183.753 -0.0208979 0.00441427 -11.3924 11.3664 -0.0260532
183.764 -0.0208984 0.0044164 -11.396 11.3699 -0.0260485
183.775 -0.0208988 0.00441789 -11.3995 11.3735 -0.0260441
183.787 -0.0208997 0.00441984 -11.403 11.377 -0.0260399
183.798 -0.0208997 0.00442151 -11.4065 11.3804 -0.0260351
183.809 -0.0208994 0.00442304 -11.4099 11.3839 -0.0260314
183.82 -0.0208994 0.00442432 -11.4133 11.3872 -0.0260272
183.831 -0.0208995 0.00442619 -11.4166 11.3906 -0.0260226
183.843 -0.0208992 0.00442772 -11.4199 11.3939 -0.0260191
183.854 -0.0208988 0.004429 -11.4231 11.3971 -0.0260157
183.865 -0.0208988 0.00443041 -11.4263 11.4003 -0.0260128
183.876 -0.0208985 0.00443176 -11.4294 11.4034 -0.02601
183.888 -0.0208983 0.00443327 -11.4324 11.4064 -0.0260069
183.899 -0.0208982 0.00443493 -11.4354 11.4094 -0.0260041
183.91 -0.0208984 0.00443668 -11.4383 11.4123 -0.0260011
183.921 -0.0208982 0.0044387 -11.4412 11.4152 -0.0259972
183.933 -0.0208986 0.00444066 -11.4439 11.4179 -0.0259933
183.944 -0.0208994 0.00444335 -11.4467 11.4207 -0.0259885
183.955 -0.0209001 0.00444573 -11.4494 11.4234 -0.0259836
183.966 -0.0209008 0.00444816 -11.452 11.426 -0.0259793
183.978 -0.0209017 0.00445032 -11.4545 11.4286 -0.0259751
183.989 -0.0209026 0.00445214 -11.4571 11.4311 -0.0259706
184 -0.0209028 0.00445426 -11.4595 11.4336 -0.0259654
184.011 -0.0209025 0.0044568 -11.462 11.436 -0.0259609
184.022 -0.0209029 0.00445902 -11.4643 11.4384 -0.0259566
184.034 -0.0209034 0.00446158 -11.4666 11.4407 -0.025951
184.045 -0.0209035 0.004464 -11.4689 11.4429 -0.0259455
184.056 -0.0209033 0.0044666 -11.4711 11.4451 -0.0259415
184.067 -0.0209037 0.00446898 -11.4732 11.4473 -0.0259373
184.079 -0.0209034 0.00447139 -11.4753 11.4493 -0.0259321
184.09 -0.0209036 0.00447352 -11.4773 11.4513 -0.025927
184.101 -0.0209034 0.00447517 -11.4792 11.4533 -0.0259223
184.112 -0.0209039 0.00447679 -11.4811 11.4552 -0.0259169
184.124 -0.0209046 0.00447874 -11.483 11.4571 -0.0259125
184.135 -0.0209047 0.00448033 -11.4848 11.4589 -0.0259074
184.146 -0.020905 0.00448221 -11.4865 11.4606 -0.0259029
184.157 -0.0209056 0.00448394 -11.4883 11.4624 -0.0258982
184.169 -0.0209062 0.00448552 -11.4899 11.464 -0.0258933
184.18 -0.0209069 0.00448706 -11.4915 11.4656 -0.0258884
184.191 -0.0209071 0.00448911 -11.493 11.4672 -0.0258835
184.202 -0.0209077 0.00449126 -11.4945 11.4687 -0.0258783
184.213 -0.0209084 0.00449356 -11.496 11.4701 -0.025873
184.225 -0.0209092 0.00449596 -11.4974 11.4715 -0.0258683
184.236 -0.0209101 0.00449845 -11.4987 11.4729 -0.025863
184.247 -0.020911 0.00450074 -11.5 11.4741 -0.025858
184.258 -0.0209119 0.0045034 -11.5012 11.4754 -0.0258535
184.27 -0.0209129 0.00450604 -11.5024 11.4766 -0.0258486
184.281 -0.0209136 0.00450879 -11.5035 11.4777 -0.0258441
184.292 -0.0209147 0.0045115 -11.5046 11.4787 -0.0258398
184.303 -0.0209155 0.00451416 -11.5055 11.4797 -0.0258351
184.315 -0.020916 0.00451686 -11.5065 11.4806 -0.0258303
184.326 -0.0209164 0.00451891 -11.5073 11.4815 -0.0258253
184.337 -0.0209164 0.00452087 -11.5081 11.4823 -0.02582
184.348 -0.020917 0.00452276 -11.5088 11.483 -0.0258155
184.36 -0.0209177 0.00452546 -11.5095 11.4837 -0.0258111
184.371 -0.0209175 0.0045271 -11.5101 11.4843 -0.025807
184.382 -0.0209176 0.00452926 -11.5106 11.4848 -0.0258032
184.393 -0.0209174 0.00453069 -11.511 11.4852 -0.0257987
184.404 -0.0209172 0.00453149 -11.5114 11.4856 -0.0257939
184.416 -0.0209169 0.00453266 -11.5117 11.4859 -0.0257891
184.427 -0.0209166 0.00453354 -11.512 11.4862 -0.0257843
184.438 -0.0209165 0.00453461 -11.5122 11.4864 -0.0257794
184.449 -0.0209163 0.00453566 -11.5123 11.4865 -0.025774
184.461 -0.0209157 0.00453666 -11.5123 11.4866 -0.0257701
184.472 -0.0209154 0.00453783 -11.5123 11.4866 -0.0257656
184.483 -0.0209149 0.00453914 -11.5122 11.4865 -0.0257609
184.494 -0.0209153 0.00454095 -11.5121 11.4864 -0.0257564
184.506 -0.0209154 0.00454196 -11.5119 11.4861 -0.0257513
184.517 -0.0209156 0.00454337 -11.5116 11.4859 -0.0257462
184.528 -0.0209159 0.00454448 -11.5113 11.4855 -0.025742
184.539 -0.020916 0.00454579 -11.5109 11.4851 -0.0257366
184.551 -0.0209161 0.00454659 -11.5104 11.4847 -0.025732
184.562 -0.0209164 0.00454789 -11.5099 11.4841 -0.0257283
184.573 -0.0209164 0.00454956 -11.5092 11.4835 -0.0257234
184.584 -0.0209167 0.00455117 -11.5086 11.4829 -0.0257188
184.596 -0.0209171 0.00455284 -11.5079 11.4822 -0.0257151
184.607 -0.0209177 0.00455486 -11.507 11.4813 -0.0257099
184.618 -0.0209186 0.00455667 -11.5061 11.4804 -0.0257047
184.629 -0.0209193 0.00455849 -11.5052 11.4795 -0.0257005
184.64 -0.02092 0.00456065 -11.5043 11.4786 -0.0256959
184.652 -0.0209204 0.00456187 -11.5032 11.4775 -0.0256911
184.663 -0.0209208 0.00456377 -11.5021 11.4765 -0.0256868
184.674 -0.0209216 0.00456569 -11.501 11.4753 -0.0256821
184.685 -0.0209228 0.00456727 -11.4997 11.4741 -0.0256773
184.697 -0.020924 0.00456914 -11.4985 11.4728 -0.0256733
184.708 -0.0209243 0.00457149 -11.4971 11.4714 -0.025669
184.719 -0.0209246 0.00457353 -11.4957 11.47 -0.0256635
184.73 -0.0209256 0.0045757 -11.4942 11.4685 -0.0256586
184.742 -0.0209266 0.00457766 -11.4927 11.467 -0.0256528
184.753 -0.0209267 0.00457889 -11.4911 11.4654 -0.0256477
184.764 -0.020927 0.00458016 -11.4895 11.4638 -0.0256427
184.775 -0.0209271 0.00458188 -11.4877 11.4621 -0.0256379
184.787 -0.0209273 0.00458335 -11.486 11.4603 -0.0256336
184.798 -0.0209272 0.0045848 -11.4842 11.4585 -0.0256288
184.809 -0.0209268 0.00458494 -11.4823 11.4567 -0.0256242
184.82 -0.0209267 0.00458512 -11.4803 11.4547 -0.0256202
184.831 -0.0209263 0.00458552 -11.4783 11.4527 -0.0256161
184.843 -0.0209263 0.00458656 -11.4763 11.4507 -0.0256121
184.854 -0.0209257 0.00458732 -11.4741 11.4485 -0.0256078
184.865 -0.0209251 0.00458793 -11.472 11.4464 -0.0256032
184.876 -0.0209251 0.00458919 -11.4697 11.4441 -0.0255977
184.888 -0.0209253 0.00459015 -11.4674 11.4418 -0.0255928
184.899 -0.0209263 0.00459109 -11.4651 11.4395 -0.0255879
184.91 -0.0209266 0.00459188 -11.4627 11.4371 -0.0255832
184.921 -0.0209267 0.00459254 -11.4603 11.4347 -0.0255783
184.933 -0.0209273 0.00459347 -11.4578 11.4322 -0.0255739
184.944 -0.0209279 0.00459395 -11.4553 11.4297 -0.0255694
184.955 -0.0209285 0.00459449 -11.4527 11.4271 -0.0255647
184.966 -0.0209288 0.00459446 -11.4501 11.4246 -0.0255597
184.978 -0.0209292 0.00459494 -11.4475 11.4219 -0.0255541
184.989 -0.0209297 0.0045954 -11.4448 11.4193 -0.0255487
185 -0.0209307 0.00459657 -11.4421 11.4166 -0.0255447
185.011 -0.0209309 0.00459784 -11.4394 11.4138 -0.0255406
185.022 -0.0209312 0.00459915 -11.4366 11.4111 -0.0255371
185.034 -0.0209315 0.0046008 -11.4338 11.4083 -0.025534
185.045 -0.0209325 0.00460233 -11.4309 11.4054 -0.0255299
185.056 -0.0209333 0.00460433 -11.4281 11.4025 -0.0255262
185.067 -0.020934 0.00460623 -11.4252 11.3996 -0.0255225
185.079 -0.0209345 0.00460788 -11.4222 11.3967 -0.025519
185.09 -0.0209356 0.0046098 -11.4192 11.3937 -0.0255157
185.101 -0.0209369 0.00461179 -11.4162 11.3907 -0.0255126
185.112 -0.0209385 0.00461356 -11.4132 11.3877 -0.0255089
185.124 -0.0209401 0.0046154 -11.4101 11.3846 -0.0255058
185.135 -0.0209416 0.00461727 -11.407 11.3815 -0.0255026
185.146 -0.0209432 0.00461924 -11.4039 11.3784 -0.0254981
185.157 -0.0209448 0.00462069 -11.4007 11.3752 -0.0254935
185.169 -0.0209461 0.00462197 -11.3975 11.3721 -0.02549
185.18 -0.0209465 0.00462312 -11.3943 11.3688 -0.0254861
185.191 -0.0209465 0.00462422 -11.3911 11.3656 -0.0254826
185.202 -0.0209468 0.00462551 -11.3878 11.3623 -0.0254787
185.213 -0.0209469 0.00462653 -11.3845 11.359 -0.025475
185.225 -0.0209476 0.00462795 -11.3811 11.3556 -0.0254705
185.236 -0.0209481 0.00462908 -11.3777 11.3523 -0.0254662
185.247 -0.0209483 0.00463023 -11.3743 11.3488 -0.0254614
185.258 -0.0209488 0.00463151 -11.3708 11.3454 -0.0254568
185.27 -0.0209495 0.00463264 -11.3673 11.3419 -0.0254528
185.281 -0.0209502 0.00463439 -11.3638 11.3383 -0.0254484
185.292 -0.0209509 0.0046352 -11.3602 11.3348 -0.0254439
185.303 -0.020952 0.00463657 -11.3566 11.3312 -0.0254398
185.315 -0.0209529 0.00463779 -11.353 11.3276 -0.0254354
185.326 -0.0209536 0.00463874 -11.3494 11.3239 -0.0254307
185.337 -0.020954 0.00464021 -11.3457 11.3203 -0.0254258
185.348 -0.0209543 0.00464139 -11.342 11.3166 -0.0254204
185.36 -0.0209547 0.00464247 -11.3383 11.3129 -0.0254153
185.371 -0.0209551 0.00464386 -11.3346 11.3092 -0.0254107
185.382 -0.0209556 0.00464564 -11.3309 11.3055 -0.0254057
185.393 -0.0209562 0.0046469 -11.3271 11.3017 -0.0254008
185.404 -0.0209575 0.00464881 -11.3234 11.298 -0.0253969
185.416 -0.0209585 0.00465057 -11.3196 11.2942 -0.0253922
185.427 -0.0209596 0.00465149 -11.3157 11.2903 -0.0253874
185.438 -0.0209608 0.00465294 -11.3119 11.2865 -0.025384
185.449 -0.0209618 0.00465411 -11.308 11.2827 -0.0253793
185.461 -0.0209631 0.00465559 -11.3042 11.2788 -0.025375
185.472 -0.020964 0.00465729 -11.3003 11.2749 -0.0253708
185.483 -0.0209643 0.00465874 -11.2964 11.271 -0.0253666
185.494 -0.0209652 0.00465996 -11.2924 11.2671 -0.0253618
185.506 -0.0209665 0.00466094 -11.2885 11.2632 -0.0253573
185.517 -0.0209678 0.00466229 -11.2846 11.2592 -0.0253527
185.528 -0.020969 0.00466367 -11.2806 11.2553 -0.0253481
185.539 -0.0209706 0.00466551 -11.2767 11.2513 -0.025343
185.551 -0.0209722 0.00466712 -11.2727 11.2474 -0.0253382
185.562 -0.0209732 0.00466872 -11.2687 11.2434 -0.0253339
185.573 -0.0209746 0.00467057 -11.2648 11.2394 -0.0253294
185.584 -0.0209759 0.00467227 -11.2608 11.2354 -0.0253239
185.596 -0.020977 0.00467382 -11.2568 11.2315 -0.0253186
185.607 -0.020978 0.00467466 -11.2528 11.2275 -0.0253134
185.618 -0.0209793 0.00467571 -11.2488 11.2235 -0.0253082
185.629 -0.0209803 0.00467736 -11.2448 11.2195 -0.0253034
185.64 -0.0209812 0.00467842 -11.2408 11.2155 -0.0252991
185.652 -0.0209823 0.00467998 -11.2367 11.2115 -0.0252948
185.663 -0.0209828 0.00468108 -11.2327 11.2074 -0.0252906
185.674 -0.0209839 0.00468244 -11.2287 11.2034 -0.0252868
185.685 -0.0209842 0.00468363 -11.2246 11.1993 -0.025281
185.697 -0.0209845 0.00468494 -11.2205 11.1953 -0.0252759
185.708 -0.0209854 0.00468627 -11.2165 11.1912 -0.0252713
185.719 -0.0209861 0.00468752 -11.2124 11.1871 -0.0252661
185.73 -0.0209868 0.00468851 -11.2083 11.183 -0.0252615
185.742 -0.0209875 0.00468993 -11.2042 11.1789 -0.0252577
185.753 -0.0209881 0.00469068 -11.2 11.1748 -0.0252534
185.764 -0.0209882 0.00469132 -11.1959 11.1706 -0.0252497
185.775 -0.0209883 0.00469239 -11.1917 11.1665 -0.0252457
185.787 -0.020989 0.00469343 -11.1876 11.1623 -0.0252421
185.798 -0.0209906 0.00469458 -11.1833 11.1581 -0.0252381
185.809 -0.0209921 0.00469498 -11.1791 11.1539 -0.0252342
185.82 -0.0209929 0.00469568 -11.1749 11.1497 -0.0252293
185.831 -0.0209932 0.00469677 -11.1707 11.1455 -0.025225
185.843 -0.0209939 0.00469699 -11.1664 11.1412 -0.0252203
185.854 -0.0209943 0.00469767 -11.1622 11.137 -0.0252156
185.865 -0.0209954 0.00469872 -11.1579 11.1327 -0.025211
185.876 -0.0209956 0.00470028 -11.1537 11.1285 -0.0252055
185.888 -0.0209972 0.00470091 -11.1494 11.1242 -0.0251999
185.899 -0.0209987 0.00470151 -11.1452 11.12 -0.0251946
185.91 -0.0210002 0.00470218 -11.1409 11.1157 -0.0251899
185.921 -0.021002 0.00470333 -11.1367 11.1115 -0.0251843
185.933 -0.0210038 0.00470449 -11.1324 11.1072 -0.0251796
185.944 -0.0210048 0.00470539 -11.1281 11.103 -0.0251754
185.955 -0.0210064 0.00470687 -11.1239 11.0987 -0.0251701
185.966 -0.0210072 0.00470862 -11.1196 11.0945 -0.0251655
185.978 -0.0210083 0.00471013 -11.1154 11.0903 -0.0251608
185.989 -0.0210088 0.00471161 -11.1112 11.086 -0.0251561
186 -0.0210099 0.00471326 -11.1069 11.0818 -0.0251512
186.011 -0.0210104 0.00471461 -11.1028 11.0776 -0.0251471
186.022 -0.021011 0.00471617 -11.0985 11.0734 -0.0251421
186.034 -0.0210119 0.00471775 -11.0944 11.0692 -0.025137
186.045 -0.021013 0.00471902 -11.0902 11.0651 -0.0251321
186.056 -0.0210141 0.00472019 -11.0861 11.061 -0.0251272
186.067 -0.0210146 0.00472102 -11.082 11.0568 -0.0251231
186.079 -0.0210153 0.00472178 -11.0779 11.0528 -0.0251185
186.09 -0.0210163 0.00472268 -11.0738 11.0487 -0.025113
186.101 -0.0210175 0.00472358 -11.0697 11.0446 -0.0251083
186.112 -0.0210187 0.0047244 -11.0657 11.0406 -0.0251045
186.124 -0.0210198 0.00472564 -11.0616 11.0365 -0.0251002
186.135 -0.0210201 0.0047263 -11.0576 11.0325 -0.0250963
186.146 -0.0210209 0.00472746 -11.0536 11.0285 -0.0250915
186.157 -0.0210217 0.00472807 -11.0495 11.0244 -0.0250874
186.169 -0.0210222 0.00472867 -11.0455 11.0204 -0.0250829
186.18 -0.0210225 0.00472903 -11.0416 11.0165 -0.0250788
186.191 -0.0210226 0.00472995 -11.0375 11.0124 -0.0250756
186.202 -0.0210227 0.00473017 -11.0335 11.0085 -0.0250717
186.213 -0.0210224 0.00473011 -11.0296 11.0045 -0.0250682
186.225 -0.0210227 0.00473072 -11.0256 11.0005 -0.0250645
186.236 -0.021023 0.00473059 -11.0216 10.9965 -0.0250603
186.247 -0.0210234 0.00473105 -11.0177 10.9926 -0.0250564
186.258 -0.0210248 0.00473142 -11.0137 10.9886 -0.0250526
186.27 -0.0210258 0.00473142 -11.0097 10.9847 -0.0250491
186.281 -0.0210258 0.00473253 -11.0058 10.9808 -0.025046
186.292 -0.0210256 0.00473312 -11.0019 10.9768 -0.0250419
186.303 -0.0210253 0.00473384 -10.9979 10.9729 -0.025038
186.315 -0.0210252 0.00473416 -10.9941 10.969 -0.0250345
186.326 -0.0210249 0.0047347 -10.9901 10.9651 -0.0250309
186.337 -0.0210245 0.0047356 -10.9862 10.9612 -0.0250274
186.348 -0.0210242 0.00473664 -10.9824 10.9573 -0.0250242
186.36 -0.0210244 0.00473777 -10.9785 10.9534 -0.0250214
186.371 -0.0210237 0.00473959 -10.9746 10.9496 -0.0250183
186.382 -0.021023 0.00474092 -10.9708 10.9458 -0.0250164
186.393 -0.0210225 0.00474176 -10.9669 10.9419 -0.0250131
186.404 -0.0210221 0.00474256 -10.963 10.938 -0.0250097
186.416 -0.0210214 0.00474363 -10.9592 10.9342 -0.0250062
186.427 -0.021021 0.00474529 -10.9553 10.9303 -0.0250026
186.438 -0.0210205 0.00474658 -10.9515 10.9265 -0.0249998
186.449 -0.02102 0.00474803 -10.9477 10.9227 -0.0249965
186.461 -0.0210193 0.00474911 -10.9439 10.9189 -0.0249925
186.472 -0.0210198 0.00474994 -10.9401 10.9151 -0.0249897
186.483 -0.0210194 0.00475078 -10.9363 10.9113 -0.024986
186.494 -0.0210194 0.00475146 -10.9326 10.9076 -0.0249821
186.506 -0.0210197 0.00475227 -10.9288 10.9038 -0.024978
186.517 -0.0210196 0.00475267 -10.9251 10.9002 -0.0249742
186.528 -0.0210196 0.00475311 -10.9214 10.8965 -0.0249702
186.539 -0.0210194 0.00475362 -10.9178 10.8928 -0.024966
186.551 -0.0210186 0.00475451 -10.9141 10.8892 -0.0249615
186.562 -0.0210181 0.00475527 -10.9105 10.8855 -0.024957
186.573 -0.0210181 0.0047558 -10.9069 10.8819 -0.0249527
186.584 -0.0210181 0.00475704 -10.9033 10.8784 -0.0249486
186.596 -0.0210186 0.00475731 -10.8997 10.8748 -0.0249441
186.607 -0.0210196 0.00475792 -10.8962 10.8713 -0.0249399
186.618 -0.0210211 0.00475835 -10.8927 10.8678 -0.0249359
186.629 -0.0210227 0.00475877 -10.8892 10.8643 -0.024931
186.64 -0.0210235 0.00475893 -10.8858 10.8608 -0.0249266
186.652 -0.0210244 0.00475882 -10.8823 10.8574 -0.0249224
186.663 -0.0210247 0.00475904 -10.8789 10.854 -0.0249186
186.674 -0.0210252 0.00475927 -10.8755 10.8506 -0.0249147
186.685 -0.0210254 0.00475911 -10.8721 10.8472 -0.0249105
186.697 -0.0210264 0.00475861 -10.8688 10.8439 -0.0249055
186.708 -0.0210265 0.00475821 -10.8655 10.8406 -0.0249005
186.719 -0.0210271 0.0047579 -10.8622 10.8373 -0.024896
186.73 -0.0210272 0.00475799 -10.859 10.8341 -0.0248909
186.742 -0.0210271 0.00475835 -10.8558 10.8309 -0.0248856
186.753 -0.0210266 0.00475898 -10.8526 10.8277 -0.0248804
186.764 -0.0210268 0.00475894 -10.8495 10.8246 -0.0248746
186.775 -0.0210269 0.00475927 -10.8464 10.8216 -0.0248689
186.787 -0.0210265 0.0047596 -10.8434 10.8185 -0.0248636
186.798 -0.0210262 0.00475996 -10.8404 10.8155 -0.024858
186.809 -0.0210259 0.00475994 -10.8374 10.8126 -0.0248521
186.82 -0.0210257 0.00476014 -10.8345 10.8096 -0.0248475
186.831 -0.0210257 0.00475964 -10.8316 10.8067 -0.0248419
186.843 -0.021026 0.00475933 -10.8287 10.8039 -0.024836
186.854 -0.0210259 0.00475909 -10.8259 10.8011 -0.0248306
186.865 -0.0210257 0.00475871 -10.8231 10.7983 -0.0248245
186.876 -0.0210257 0.00475898 -10.8204 10.7956 -0.0248186
186.888 -0.0210257 0.0047591 -10.8177 10.7929 -0.0248136
186.899 -0.0210263 0.00475892 -10.815 10.7902 -0.024808
186.91 -0.0210267 0.00475953 -10.8124 10.7876 -0.0248031
186.921 -0.0210269 0.00476005 -10.8098 10.785 -0.0247982
186.933 -0.021027 0.00476001 -10.8072 10.7824 -0.0247931
186.944 -0.0210268 0.00476035 -10.8046 10.7798 -0.0247878
186.955 -0.021027 0.00476065 -10.8021 10.7773 -0.0247828
186.966 -0.0210271 0.00476106 -10.7996 10.7748 -0.0247783
186.978 -0.0210271 0.00476123 -10.7971 10.7723 -0.0247734
186.989 -0.0210264 0.00476145 -10.7947 10.7699 -0.0247689
187 -0.0210264 0.00476138 -10.7923 10.7675 -0.0247636
187.011 -0.0210262 0.0047614 -10.7899 10.7651 -0.0247587
187.022 -0.0210263 0.00476149 -10.7876 10.7628 -0.0247538
187.034 -0.0210262 0.00476181 -10.7853 10.7605 -0.0247483
187.045 -0.021026 0.00476204 -10.783 10.7582 -0.0247437
187.056 -0.0210253 0.00476193 -10.7808 10.756 -0.0247388
187.067 -0.0210245 0.00476168 -10.7785 10.7538 -0.0247336
187.079 -0.0210238 0.00476126 -10.7763 10.7516 -0.0247281
187.09 -0.021023 0.00476069 -10.7742 10.7495 -0.0247237
187.101 -0.0210225 0.00476074 -10.7721 10.7473 -0.0247188
187.112 -0.021022 0.00476116 -10.7699 10.7452 -0.0247141
187.124 -0.0210216 0.00476186 -10.7679 10.7432 -0.0247099
187.135 -0.0210211 0.00476276 -10.7658 10.7411 -0.0247053
187.146 -0.0210212 0.0047641 -10.7638 10.7391 -0.0247007
187.157 -0.0210216 0.0047652 -10.7618 10.7371 -0.0246968
187.169 -0.021022 0.00476596 -10.7598 10.7351 -0.0246926
187.18 -0.0210218 0.00476694 -10.7578 10.7332 -0.0246882
187.191 -0.0210223 0.00476842 -10.7559 10.7313 -0.024685
187.202 -0.0210225 0.00476928 -10.754 10.7293 -0.0246806
187.213 -0.021022 0.00477083 -10.7521 10.7274 -0.0246767
187.225 -0.0210216 0.00477269 -10.7503 10.7256 -0.0246726
187.236 -0.0210213 0.00477379 -10.7484 10.7238 -0.0246686
187.247 -0.0210207 0.00477466 -10.7466 10.722 -0.0246646
187.258 -0.0210202 0.00477586 -10.7449 10.7202 -0.0246605
187.27 -0.0210197 0.00477727 -10.7431 10.7185 -0.0246556
187.281 -0.0210187 0.00477873 -10.7414 10.7167 -0.0246515
187.292 -0.0210175 0.00477962 -10.7397 10.7151 -0.0246476
187.303 -0.0210166 0.00478086 -10.7381 10.7134 -0.0246428
187.315 -0.0210156 0.00478202 -10.7364 10.7118 -0.024639
187.326 -0.0210147 0.00478359 -10.7349 10.7102 -0.0246361
187.337 -0.0210145 0.00478479 -10.7333 10.7087 -0.0246317
187.348 -0.0210137 0.00478663 -10.7318 10.7071 -0.0246279
187.36 -0.0210127 0.00478808 -10.7303 10.7057 -0.0246248
187.371 -0.0210121 0.00478953 -10.7288 10.7042 -0.024621
187.382 -0.0210114 0.0047911 -10.7274 10.7028 -0.0246175
187.393 -0.021011 0.00479293 -10.7261 10.7014 -0.0246136
187.404 -0.0210106 0.00479476 -10.7247 10.7001 -0.02461
187.416 -0.0210098 0.00479604 -10.7234 10.6988 -0.0246061
187.427 -0.0210092 0.0047969 -10.7221 10.6975 -0.0246029
187.438 -0.0210086 0.0047983 -10.7208 10.6962 -0.024599
187.449 -0.0210076 0.00479993 -10.7196 10.695 -0.0245952
187.461 -0.0210059 0.00480016 -10.7185 10.6939 -0.02459
187.472 -0.0210043 0.0048012 -10.7173 10.6927 -0.0245852
187.483 -0.0210027 0.00480234 -10.7162 10.6916 -0.0245812
187.494 -0.0210013 0.00480429 -10.7152 10.6906 -0.0245775
187.506 -0.0209997 0.00480542 -10.7141 10.6896 -0.024573
187.517 -0.0209981 0.00480679 -10.7132 10.6886 -0.0245688
187.528 -0.0209973 0.00480796 -10.7122 10.6877 -0.0245645
187.539 -0.0209969 0.00480878 -10.7113 10.6868 -0.0245597
187.551 -0.0209968 0.00480949 -10.7105 10.6859 -0.024555
187.562 -0.0209967 0.00481046 -10.7097 10.6851 -0.0245505
187.573 -0.0209963 0.00481075 -10.7089 10.6844 -0.0245457
187.584 -0.0209963 0.00481167 -10.7082 10.6836 -0.0245411
187.596 -0.020996 0.00481266 -10.7075 10.683 -0.0245368
187.607 -0.0209957 0.00481347 -10.7068 10.6823 -0.0245314
187.618 -0.0209955 0.00481478 -10.7062 10.6817 -0.0245274
187.629 -0.020995 0.00481591 -10.7057 10.6811 -0.0245235
187.64 -0.0209943 0.00481688 -10.7051 10.6806 -0.0245181
187.652 -0.0209935 0.00481788 -10.7046 10.6801 -0.0245137
187.663 -0.0209925 0.00481906 -10.7041 10.6796 -0.0245096
187.674 -0.0209916 0.00482025 -10.7037 10.6792 -0.0245049
187.685 -0.0209908 0.00482106 -10.7032 10.6787 -0.0245009
187.697 -0.0209901 0.0048214 -10.7029 10.6784 -0.0244969
187.708 -0.0209895 0.00482196 -10.7025 10.678 -0.0244929
187.719 -0.020989 0.00482322 -10.7022 10.6777 -0.0244886
187.73 -0.0209885 0.00482417 -10.7019 10.6774 -0.0244845
187.742 -0.0209873 0.00482489 -10.7016 10.6771 -0.0244804
187.753 -0.0209865 0.00482532 -10.7014 10.6769 -0.0244753
187.764 -0.0209862 0.00482574 -10.7012 10.6767 -0.0244715
187.775 -0.0209859 0.00482613 -10.701 10.6765 -0.0244672
187.787 -0.0209856 0.00482699 -10.7008 10.6764 -0.0244628
187.798 -0.020985 0.00482775 -10.7007 10.6762 -0.0244592
187.809 -0.0209844 0.00482868 -10.7006 10.6762 -0.0244552
187.82 -0.0209841 0.00482929 -10.7005 10.6761 -0.0244507
187.831 -0.020984 0.00482967 -10.7005 10.676 -0.0244466
187.843 -0.020984 0.00483049 -10.7004 10.676 -0.0244426
187.854 -0.0209841 0.00483098 -10.7005 10.676 -0.0244379
187.865 -0.020984 0.00483198 -10.7005 10.6761 -0.024434
187.876 -0.0209835 0.00483283 -10.7005 10.6761 -0.02443
187.888 -0.0209827 0.00483362 -10.7006 10.6762 -0.0244262
187.899 -0.0209827 0.00483461 -10.7007 10.6763 -0.0244227
187.91 -0.0209828 0.00483517 -10.7009 10.6764 -0.0244186
187.921 -0.0209825 0.00483557 -10.701 10.6766 -0.0244155
187.933 -0.0209822 0.00483616 -10.7012 10.6768 -0.0244125
187.944 -0.0209817 0.00483642 -10.7014 10.677 -0.0244092
187.955 -0.0209817 0.00483654 -10.7016 10.6772 -0.0244058
187.966 -0.0209815 0.00483711 -10.7018 10.6774 -0.0244029
187.978 -0.0209808 0.004837 -10.7021 10.6777 -0.0243993
187.989 -0.0209807 0.00483703 -10.7024 10.678 -0.0243955
188 -0.0209807 0.00483721 -10.7027 10.6783 -0.0243923
188.011 -0.0209806 0.00483712 -10.703 10.6786 -0.0243891
188.022 -0.0209793 0.00483775 -10.7033 10.6789 -0.0243847
188.034 -0.0209781 0.00483848 -10.7037 10.6793 -0.0243812
188.045 -0.0209775 0.00483914 -10.704 10.6797 -0.0243775
188.056 -0.020977 0.00483924 -10.7044 10.6801 -0.0243733
188.067 -0.020976 0.00483985 -10.7048 10.6805 -0.0243698
188.079 -0.0209748 0.00484056 -10.7052 10.6809 -0.0243658
188.09 -0.020974 0.00484078 -10.7057 10.6814 -0.0243629
188.101 -0.0209732 0.00484123 -10.7062 10.6818 -0.0243597
188.112 -0.0209724 0.00484113 -10.7066 10.6823 -0.0243563
188.124 -0.0209718 0.00484109 -10.7071 10.6828 -0.0243531
188.135 -0.0209709 0.00484082 -10.7076 10.6833 -0.0243498
188.146 -0.0209703 0.00484066 -10.7081 10.6838 -0.0243458
188.157 -0.0209699 0.00484045 -10.7087 10.6843 -0.0243423
188.169 -0.02097 0.00484091 -10.7093 10.6849 -0.0243383
188.18 -0.0209697 0.00484147 -10.7098 10.6855 -0.0243342
188.191 -0.0209695 0.00484115 -10.7105 10.6861 -0.0243301
188.202 -0.0209688 0.00484145 -10.7111 10.6868 -0.0243256
188.213 -0.0209683 0.00484147 -10.7118 10.6874 -0.0243211
188.225 -0.0209682 0.00484179 -10.7125 10.6881 -0.0243172
188.236 -0.0209679 0.00484233 -10.7132 10.6889 -0.0243135
188.247 -0.0209672 0.00484305 -10.7139 10.6896 -0.0243091
188.258 -0.0209667 0.00484389 -10.7147 10.6904 -0.0243051
188.27 -0.0209658 0.00484443 -10.7155 10.6912 -0.0243009
188.281 -0.0209653 0.00484465 -10.7163 10.692 -0.0242964
188.292 -0.0209643 0.00484483 -10.7171 10.6928 -0.0242916
188.303 -0.0209633 0.00484452 -10.718 10.6937 -0.0242878
188.315 -0.0209626 0.00484466 -10.7188 10.6945 -0.0242833
188.326 -0.0209616 0.00484495 -10.7197 10.6954 -0.0242789
188.337 -0.0209607 0.00484529 -10.7206 10.6963 -0.024275
188.348 -0.020959 0.00484556 -10.7215 10.6973 -0.024271
188.36 -0.0209571 0.0048461 -10.7225 10.6982 -0.0242667
188.371 -0.0209552 0.00484699 -10.7235 10.6992 -0.0242626
188.382 -0.0209533 0.00484825 -10.7245 10.7002 -0.024258
188.393 -0.020951 0.00484917 -10.7255 10.7012 -0.0242537
188.404 -0.0209488 0.0048497 -10.7265 10.7023 -0.0242492
188.416 -0.0209466 0.00485006 -10.7276 10.7033 -0.0242447
188.427 -0.0209443 0.00485072 -10.7286 10.7044 -0.0242408
188.438 -0.0209422 0.00485119 -10.7297 10.7055 -0.0242368
188.449 -0.0209402 0.00485187 -10.7308 10.7066 -0.0242321
188.461 -0.0209381 0.00485241 -10.7319 10.7077 -0.0242274
188.472 -0.0209358 0.00485303 -10.7331 10.7088 -0.0242237
188.483 -0.0209338 0.0048537 -10.7342 10.71 -0.0242197
188.494 -0.0209324 0.00485449 -10.7354 10.7111 -0.0242156
188.506 -0.0209304 0.00485476 -10.7366 10.7123 -0.0242107
188.517 -0.0209283 0.00485569 -10.7378 10.7136 -0.0242061
188.528 -0.0209262 0.00485644 -10.739 10.7148 -0.0242013
188.539 -0.0209243 0.00485747 -10.7402 10.716 -0.0241969
188.551 -0.0209226 0.00485784 -10.7415 10.7173 -0.0241925
188.562 -0.0209212 0.00485842 -10.7427 10.7186 -0.0241885
188.573 -0.0209192 0.00485883 -10.744 10.7198 -0.0241848
188.584 -0.0209172 0.00485932 -10.7453 10.7211 -0.024181
188.596 -0.0209157 0.0048602 -10.7465 10.7224 -0.0241765
188.607 -0.0209138 0.00486089 -10.7478 10.7236 -0.0241725
188.618 -0.0209124 0.00486149 -10.7491 10.7249 -0.0241679
188.629 -0.0209117 0.00486168 -10.7504 10.7262 -0.0241632
188.64 -0.0209099 0.00486187 -10.7517 10.7275 -0.0241588
188.652 -0.0209088 0.00486219 -10.753 10.7288 -0.0241543
188.663 -0.0209075 0.00486297 -10.7543 10.7301 -0.0241502
188.674 -0.0209066 0.00486318 -10.7556 10.7315 -0.0241462
188.685 -0.0209058 0.00486351 -10.757 10.7328 -0.0241415
188.697 -0.020905 0.00486376 -10.7583 10.7342 -0.0241374
188.708 -0.0209036 0.00486397 -10.7597 10.7356 -0.0241328
188.719 -0.0209022 0.00486408 -10.7611 10.7369 -0.0241275
188.73 -0.020901 0.00486453 -10.7625 10.7383 -0.0241225
188.742 -0.0208997 0.00486498 -10.7639 10.7398 -0.0241176
188.753 -0.0208991 0.00486595 -10.7653 10.7412 -0.0241131
188.764 -0.020898 0.00486691 -10.7668 10.7427 -0.0241087
188.775 -0.020897 0.00486819 -10.7682 10.7441 -0.0241046
188.787 -0.0208958 0.00486938 -10.7697 10.7456 -0.0241002
188.798 -0.0208942 0.00486972 -10.7711 10.747 -0.0240964
188.809 -0.0208926 0.00487013 -10.7726 10.7485 -0.0240928
188.82 -0.0208911 0.00487064 -10.7741 10.75 -0.0240888
188.831 -0.0208897 0.00487099 -10.7756 10.7515 -0.0240847
188.843 -0.0208886 0.00487148 -10.7771 10.753 -0.0240811
188.854 -0.0208878 0.00487133 -10.7786 10.7546 -0.0240768
188.865 -0.0208867 0.00487118 -10.7802 10.7561 -0.024072
188.876 -0.020886 0.00487058 -10.7818 10.7577 -0.0240671
188.888 -0.0208851 0.00487026 -10.7834 10.7593 -0.0240622
188.899 -0.0208839 0.00486946 -10.785 10.7609 -0.0240577
188.91 -0.0208828 0.0048691 -10.7866 10.7626 -0.024053
188.921 -0.0208816 0.0048686 -10.7882 10.7642 -0.0240488
188.933 -0.0208806 0.00486841 -10.7899 10.7658 -0.0240447
188.944 -0.0208794 0.00486841 -10.7916 10.7675 -0.0240401
188.955 -0.0208788 0.00486827 -10.7932 10.7692 -0.024036
188.966 -0.020878 0.00486835 -10.7949 10.7709 -0.0240319
188.978 -0.0208776 0.00486861 -10.7966 10.7726 -0.0240283
188.989 -0.0208764 0.00486889 -10.7983 10.7743 -0.0240246
189 -0.0208753 0.00486903 -10.8 10.776 -0.0240212
189.011 -0.0208744 0.00486913 -10.8017 10.7777 -0.0240174
189.022 -0.020874 0.00486894 -10.8035 10.7794 -0.0240142
189.034 -0.0208734 0.00486939 -10.8052 10.7812 -0.0240107
189.045 -0.0208721 0.00486973 -10.8069 10.7829 -0.0240069
189.056 -0.0208708 0.00487037 -10.8087 10.7847 -0.0240026
189.067 -0.0208694 0.00487038 -10.8104 10.7864 -0.0239987
189.079 -0.0208691 0.00486988 -10.8122 10.7882 -0.0239958
189.09 -0.0208685 0.00487002 -10.8139 10.7899 -0.0239918
189.101 -0.0208674 0.00487003 -10.8157 10.7917 -0.0239884
189.112 -0.0208666 0.00486975 -10.8174 10.7935 -0.0239853
189.124 -0.0208662 0.00486958 -10.8192 10.7952 -0.0239815
189.135 -0.0208658 0.00486936 -10.8209 10.797 -0.0239782
189.146 -0.0208651 0.00486876 -10.8227 10.7987 -0.0239751
189.157 -0.0208636 0.00486868 -10.8244 10.8005 -0.0239711
189.169 -0.0208619 0.00486872 -10.8262 10.8022 -0.0239671
189.18 -0.0208598 0.0048688 -10.828 10.804 -0.0239639
189.191 -0.0208578 0.00486899 -10.8297 10.8058 -0.0239596
189.202 -0.0208572 0.00486923 -10.8315 10.8076 -0.0239552
189.213 -0.0208565 0.00486959 -10.8333 10.8094 -0.0239518
189.225 -0.0208555 0.00487017 -10.835 10.8111 -0.0239475
189.236 -0.0208547 0.00487097 -10.8368 10.8129 -0.0239438
189.247 -0.0208534 0.00487187 -10.8386 10.8146 -0.0239395
189.258 -0.0208524 0.00487181 -10.8403 10.8164 -0.0239361
189.27 -0.0208513 0.00487192 -10.842 10.8181 -0.0239332
189.281 -0.0208497 0.00487156 -10.8438 10.8199 -0.0239302
189.292 -0.0208485 0.00487182 -10.8455 10.8215 -0.0239266
189.303 -0.0208471 0.00487225 -10.8472 10.8233 -0.0239228
189.315 -0.0208457 0.00487281 -10.8489 10.825 -0.0239191
189.326 -0.0208442 0.00487342 -10.8506 10.8266 -0.0239153
189.337 -0.0208428 0.00487382 -10.8523 10.8283 -0.0239112
189.348 -0.0208417 0.00487434 -10.854 10.8301 -0.0239071
189.36 -0.0208403 0.00487531 -10.8556 10.8317 -0.023903
189.371 -0.0208386 0.00487536 -10.8573 10.8334 -0.0238989
189.382 -0.0208374 0.00487551 -10.859 10.8351 -0.0238947
189.393 -0.020836 0.00487523 -10.8606 10.8367 -0.0238904
189.404 -0.0208346 0.00487519 -10.8623 10.8384 -0.0238859
189.416 -0.020833 0.0048752 -10.8639 10.84 -0.0238818
189.427 -0.0208318 0.00487538 -10.8655 10.8417 -0.0238779
189.438 -0.02083 0.00487534 -10.8672 10.8433 -0.0238738
189.449 -0.0208289 0.00487605 -10.8688 10.8449 -0.0238701
189.461 -0.0208279 0.00487602 -10.8704 10.8465 -0.0238662
189.472 -0.0208272 0.0048763 -10.872 10.8481 -0.0238621
189.483 -0.0208265 0.00487677 -10.8736 10.8498 -0.0238575
189.494 -0.0208256 0.00487698 -10.8752 10.8513 -0.0238535
189.506 -0.020825 0.00487725 -10.8768 10.8529 -0.02385
189.517 -0.0208238 0.00487682 -10.8784 10.8546 -0.0238464
189.528 -0.0208227 0.00487644 -10.88 10.8561 -0.0238417
189.539 -0.0208226 0.00487641 -10.8815 10.8577 -0.0238377
189.551 -0.0208219 0.00487571 -10.8831 10.8593 -0.0238342
189.562 -0.020821 0.00487571 -10.8846 10.8608 -0.0238302
189.573 -0.0208201 0.00487567 -10.8862 10.8624 -0.023827
189.584 -0.0208195 0.0048754 -10.8878 10.8639 -0.0238236
189.596 -0.0208194 0.00487534 -10.8893 10.8655 -0.0238195
189.607 -0.0208191 0.00487511 -10.8908 10.867 -0.0238161
189.618 -0.020818 0.00487484 -10.8923 10.8685 -0.0238134
189.629 -0.020817 0.00487459 -10.8938 10.87 -0.0238095
189.64 -0.0208155 0.00487443 -10.8953 10.8715 -0.0238062
189.652 -0.0208136 0.00487367 -10.8968 10.873 -0.0238029
189.663 -0.0208115 0.00487361 -10.8982 10.8744 -0.0237992
189.674 -0.0208098 0.00487381 -10.8997 10.8759 -0.0237962
189.685 -0.0208081 0.0048738 -10.9011 10.8773 -0.0237929
189.697 -0.0208068 0.00487401 -10.9025 10.8788 -0.023789
189.708 -0.0208052 0.00487409 -10.904 10.8802 -0.0237854
189.719 -0.0208037 0.00487384 -10.9054 10.8816 -0.0237826
189.73 -0.0208018 0.0048732 -10.9068 10.883 -0.0237792
189.742 -0.0208013 0.00487304 -10.9082 10.8844 -0.0237762
189.753 -0.0208 0.00487237 -10.9095 10.8858 -0.0237721
189.764 -0.020799 0.00487181 -10.9109 10.8871 -0.0237675
189.775 -0.0207977 0.00487139 -10.9123 10.8885 -0.0237628
189.787 -0.0207964 0.00487068 -10.9136 10.8899 -0.0237584
189.798 -0.0207955 0.00487065 -10.915 10.8912 -0.0237536
189.809 -0.0207944 0.00487013 -10.9163 10.8926 -0.0237498
189.82 -0.0207931 0.00487014 -10.9177 10.8939 -0.0237454
189.831 -0.0207923 0.00487018 -10.919 10.8952 -0.0237411
189.843 -0.0207912 0.00487052 -10.9203 10.8966 -0.0237368
189.854 -0.0207899 0.00487071 -10.9216 10.8979 -0.0237329
189.865 -0.0207893 0.00487077 -10.9229 10.8992 -0.0237286
189.876 -0.020788 0.00487052 -10.9242 10.9004 -0.0237248
189.888 -0.0207859 0.00487083 -10.9254 10.9017 -0.0237209
189.899 -0.020784 0.00487098 -10.9267 10.9029 -0.0237173
189.91 -0.0207825 0.00487148 -10.9279 10.9042 -0.0237134
189.921 -0.0207811 0.00487182 -10.9291 10.9054 -0.0237097
189.933 -0.0207797 0.00487213 -10.9303 10.9066 -0.0237058
189.944 -0.0207786 0.00487278 -10.9315 10.9078 -0.0237025
189.955 -0.0207772 0.00487341 -10.9327 10.909 -0.0236991
189.966 -0.0207759 0.00487346 -10.9338 10.9101 -0.023695
189.978 -0.0207749 0.00487371 -10.935 10.9113 -0.0236923
189.989 -0.0207738 0.00487435 -10.9361 10.9124 -0.0236893
190 -0.0207729 0.00487571 -10.9372 10.9135 -0.0236854
190.011 -0.0207718 0.00487603 -10.9383 10.9146 -0.0236822
190.022 -0.0207706 0.00487566 -10.9394 10.9157 -0.0236792
190.034 -0.0207699 0.00487597 -10.9405 10.9168 -0.0236755
190.045 -0.0207688 0.00487575 -10.9415 10.9179 -0.0236719
190.056 -0.0207682 0.00487468 -10.9426 10.9189 -0.0236691
190.067 -0.0207677 0.00487458 -10.9436 10.92 -0.0236659
190.079 -0.0207665 0.00487467 -10.9447 10.921 -0.0236623
190.09 -0.0207659 0.00487527 -10.9457 10.922 -0.0236587
190.101 -0.0207654 0.00487605 -10.9467 10.923 -0.0236549
190.112 -0.0207643 0.00487712 -10.9477 10.924 -0.0236515
190.124 -0.0207631 0.00487811 -10.9487 10.9251 -0.0236475
190.135 -0.0207619 0.00487901 -10.9497 10.9261 -0.0236432
190.146 -0.0207609 0.00487948 -10.9507 10.927 -0.0236388
190.157 -0.0207596 0.00487945 -10.9517 10.928 -0.0236348
190.169 -0.0207582 0.00487973 -10.9527 10.929 -0.0236306
190.18 -0.0207572 0.00487973 -10.9536 10.93 -0.0236262
190.191 -0.0207557 0.00487968 -10.9546 10.931 -0.0236217
190.202 -0.0207538 0.00487981 -10.9556 10.9319 -0.0236175
190.213 -0.0207524 0.00488013 -10.9565 10.9329 -0.0236139
190.225 -0.0207511 0.0048807 -10.9575 10.9339 -0.0236103
190.236 -0.0207502 0.00488107 -10.9584 10.9348 -0.0236065
190.247 -0.0207493 0.00488202 -10.9594 10.9358 -0.0236029
190.258 -0.0207485 0.00488244 -10.9603 10.9367 -0.0235996
190.27 -0.0207473 0.00488273 -10.9613 10.9377 -0.0235953
190.281 -0.0207464 0.00488314 -10.9622 10.9386 -0.0235917
190.292 -0.0207457 0.0048839 -10.9631 10.9395 -0.0235881
190.303 -0.0207451 0.00488468 -10.964 10.9404 -0.0235844
190.315 -0.0207448 0.00488459 -10.9649 10.9413 -0.0235809
190.326 -0.0207443 0.00488467 -10.9658 10.9422 -0.0235773
190.337 -0.0207435 0.00488469 -10.9667 10.9431 -0.0235736
190.348 -0.0207428 0.00488479 -10.9675 10.944 -0.0235699
190.36 -0.0207422 0.00488554 -10.9684 10.9448 -0.0235664
190.371 -0.0207413 0.00488623 -10.9692 10.9457 -0.0235625
190.382 -0.0207407 0.00488689 -10.9701 10.9465 -0.0235587
190.393 -0.0207397 0.00488756 -10.9709 10.9474 -0.0235552
190.404 -0.0207389 0.00488805 -10.9717 10.9482 -0.0235519
190.416 -0.0207381 0.00488779 -10.9725 10.9489 -0.0235483
190.427 -0.0207378 0.00488781 -10.9733 10.9498 -0.0235448
190.438 -0.0207371 0.00488742 -10.9741 10.9505 -0.0235412
190.449 -0.0207361 0.00488718 -10.9748 10.9513 -0.0235375
190.461 -0.0207349 0.00488768 -10.9756 10.9521 -0.0235339
190.472 -0.0207337 0.00488712 -10.9763 10.9528 -0.0235303
190.483 -0.0207325 0.00488707 -10.977 10.9535 -0.0235266
190.494 -0.0207314 0.00488708 -10.9778 10.9543 -0.0235233
190.506 -0.0207301 0.00488732 -10.9785 10.955 -0.0235194
190.517 -0.0207288 0.00488791 -10.9792 10.9556 -0.0235156
190.528 -0.0207279 0.00488795 -10.9799 10.9564 -0.0235124
190.539 -0.0207266 0.00488819 -10.9805 10.957 -0.0235088
190.551 -0.0207256 0.00488836 -10.9812 10.9577 -0.0235053
190.562 -0.0207244 0.0048886 -10.9819 10.9584 -0.0235016
190.573 -0.0207233 0.00488898 -10.9825 10.959 -0.0234975
190.584 -0.020722 0.00488886 -10.9831 10.9596 -0.023494
190.596 -0.0207205 0.0048887 -10.9838 10.9603 -0.0234901
190.607 -0.0207198 0.00488874 -10.9844 10.9609 -0.0234862
190.618 -0.020719 0.00488926 -10.9849 10.9615 -0.0234828
190.629 -0.0207183 0.00488973 -10.9856 10.9621 -0.0234795
190.64 -0.0207175 0.00489005 -10.9862 10.9627 -0.0234761
190.652 -0.0207169 0.00488961 -10.9867 10.9633 -0.0234719
190.663 -0.0207159 0.00489006 -10.9873 10.9639 -0.0234685
190.674 -0.0207152 0.00489045 -10.9879 10.9644 -0.0234648
190.685 -0.0207148 0.00489058 -10.9885 10.965 -0.0234609
190.697 -0.0207147 0.00489078 -10.9891 10.9656 -0.0234572
190.708 -0.0207136 0.00489075 -10.9896 10.9661 -0.0234531
190.719 -0.0207127 0.00489069 -10.9901 10.9667 -0.023449
190.73 -0.0207117 0.00489065 -10.9907 10.9673 -0.0234456
190.742 -0.0207104 0.00489082 -10.9912 10.9678 -0.0234417
190.753 -0.0207095 0.00489107 -10.9917 10.9683 -0.023438
190.764 -0.0207088 0.00489131 -10.9923 10.9688 -0.023435
190.775 -0.0207079 0.00489147 -10.9928 10.9694 -0.023431
190.787 -0.0207063 0.00489195 -10.9933 10.9699 -0.0234277
190.798 -0.0207056 0.00489191 -10.9938 10.9704 -0.0234237
190.809 -0.0207052 0.00489208 -10.9943 10.9709 -0.0234194
190.82 -0.020704 0.0048918 -10.9949 10.9714 -0.0234151
190.831 -0.0207033 0.0048909 -10.9954 10.972 -0.0234113
190.843 -0.020702 0.00489088 -10.9959 10.9725 -0.0234078
190.854 -0.0207008 0.00489008 -10.9963 10.9729 -0.0234041
190.865 -0.0206997 0.00488959 -10.9969 10.9735 -0.0234002
190.876 -0.0206982 0.00488935 -10.9974 10.974 -0.0233964
190.888 -0.0206973 0.00488951 -10.9978 10.9744 -0.0233923
190.899 -0.0206962 0.00488923 -10.9983 10.9749 -0.023388
190.91 -0.020695 0.00488927 -10.9988 10.9754 -0.0233837
190.921 -0.0206933 0.00488976 -10.9992 10.9759 -0.0233802
190.933 -0.0206922 0.00488982 -10.9997 10.9764 -0.023376
190.944 -0.0206913 0.00489005 -11.0002 10.9768 -0.0233725
190.955 -0.02069 0.00489065 -11.0007 10.9773 -0.0233692
190.966 -0.0206893 0.0048913 -11.0011 10.9778 -0.0233658
190.978 -0.0206888 0.00489171 -11.0016 10.9782 -0.0233618
190.989 -0.0206873 0.00489261 -11.0021 10.9787 -0.0233578
191 -0.0206864 0.00489192 -11.0025 10.9791 -0.0233539
191.011 -0.0206853 0.00489194 -11.0029 10.9796 -0.0233497
191.022 -0.0206846 0.00489233 -11.0034 10.98 -0.0233457
191.034 -0.0206835 0.004892 -11.0038 10.9805 -0.0233421
191.045 -0.0206828 0.00489167 -11.0042 10.9809 -0.0233384
191.056 -0.020682 0.00489128 -11.0047 10.9813 -0.0233346
191.067 -0.0206815 0.00489058 -11.0051 10.9818 -0.0233311
191.079 -0.0206809 0.0048903 -11.0055 10.9822 -0.0233277
191.09 -0.02068 0.00489071 -11.006 10.9826 -0.0233239
191.101 -0.0206786 0.00489062 -11.0064 10.9831 -0.0233205
191.112 -0.020677 0.00489079 -11.0069 10.9835 -0.023317
191.124 -0.0206757 0.00489071 -11.0073 10.984 -0.0233132
191.135 -0.0206747 0.00489061 -11.0078 10.9845 -0.0233099
191.146 -0.0206741 0.00489032 -11.0082 10.9849 -0.0233066
191.157 -0.0206735 0.0048905 -11.0086 10.9853 -0.0233024
191.169 -0.0206725 0.00489043 -11.0091 10.9858 -0.0232986
191.18 -0.0206721 0.004891 -11.0096 10.9863 -0.0232949
191.191 -0.0206722 0.00489099 -11.01 10.9867 -0.0232908
191.202 -0.0206714 0.00489062 -11.0105 10.9872 -0.0232869
191.213 -0.0206708 0.00489092 -11.011 10.9877 -0.0232831
191.225 -0.0206705 0.00489183 -11.0115 10.9882 -0.0232796
191.236 -0.02067 0.0048926 -11.012 10.9888 -0.0232761
191.247 -0.0206695 0.00489274 -11.0125 10.9893 -0.0232727
191.258 -0.0206688 0.00489254 -11.0131 10.9898 -0.0232693
191.27 -0.0206673 0.00489193 -11.0136 10.9903 -0.0232663
191.281 -0.0206666 0.00489174 -11.0141 10.9909 -0.0232627
191.292 -0.0206652 0.00489182 -11.0147 10.9914 -0.0232592
191.303 -0.0206639 0.00489145 -11.0153 10.992 -0.0232565
191.315 -0.0206627 0.0048908 -11.0158 10.9926 -0.0232528
191.326 -0.020662 0.00489101 -11.0164 10.9932 -0.0232494
191.337 -0.0206616 0.00489084 -11.017 10.9938 -0.023246
191.348 -0.0206613 0.00489131 -11.0176 10.9944 -0.0232418
191.36 -0.0206606 0.00489151 -11.0183 10.995 -0.0232379
191.371 -0.0206599 0.00489103 -11.0189 10.9957 -0.0232342
191.382 -0.0206587 0.00489126 -11.0195 10.9963 -0.0232303
191.393 -0.0206579 0.00489173 -11.0202 10.997 -0.0232266
191.404 -0.0206568 0.0048918 -11.0209 10.9977 -0.0232238
191.416 -0.0206555 0.00489187 -11.0216 10.9984 -0.0232198
191.427 -0.0206547 0.00489225 -11.0223 10.9991 -0.0232154
191.438 -0.0206541 0.00489306 -11.0231 10.9999 -0.0232115
191.449 -0.0206535 0.00489291 -11.0238 11.0006 -0.0232078
191.461 -0.020653 0.00489327 -11.0245 11.0013 -0.0232033
191.472 -0.0206525 0.00489354 -11.0253 11.0021 -0.0231993
191.483 -0.0206517 0.00489409 -11.0261 11.0029 -0.0231948
191.494 -0.0206507 0.00489475 -11.0269 11.0037 -0.0231906
191.506 -0.0206498 0.00489509 -11.0278 11.0046 -0.0231868
191.517 -0.0206491 0.00489515 -11.0286 11.0054 -0.0231824
191.528 -0.0206482 0.00489531 -11.0295 11.0063 -0.0231783
191.539 -0.020647 0.00489562 -11.0304 11.0072 -0.0231741
191.551 -0.0206461 0.00489559 -11.0313 11.0081 -0.0231702
191.562 -0.0206461 0.00489622 -11.0322 11.009 -0.0231667
191.573 -0.0206459 0.00489678 -11.0332 11.01 -0.0231632
191.584 -0.0206455 0.00489761 -11.0341 11.0109 -0.0231585
191.596 -0.0206445 0.00489803 -11.0351 11.0119 -0.0231546
191.607 -0.0206436 0.00489846 -11.0361 11.0129 -0.0231509
191.618 -0.0206433 0.00489889 -11.0371 11.0139 -0.0231462
191.629 -0.020643 0.0048993 -11.0381 11.015 -0.0231417
191.64 -0.0206428 0.00489935 -11.0392 11.0161 -0.0231373
191.652 -0.0206424 0.00489894 -11.0403 11.0172 -0.0231328
191.663 -0.0206417 0.00489858 -11.0414 11.0183 -0.0231279
191.674 -0.0206412 0.00489868 -11.0426 11.0195 -0.0231239
191.685 -0.0206408 0.00489978 -11.0438 11.0207 -0.0231196
191.697 -0.0206402 0.00490037 -11.0449 11.0218 -0.0231155
191.708 -0.0206392 0.00490048 -11.0462 11.0231 -0.0231114
191.719 -0.0206387 0.00490089 -11.0474 11.0243 -0.0231071
191.73 -0.0206386 0.00490092 -11.0486 11.0255 -0.0231021
191.742 -0.0206378 0.00490063 -11.0499 11.0268 -0.0230979
191.753 -0.0206375 0.00490075 -11.0512 11.0281 -0.0230936
191.764 -0.0206371 0.00490119 -11.0525 11.0294 -0.0230893
191.775 -0.0206365 0.00490115 -11.0539 11.0308 -0.0230853
191.787 -0.0206359 0.00490167 -11.0552 11.0321 -0.0230811
191.798 -0.0206355 0.00490248 -11.0566 11.0335 -0.0230768
191.809 -0.0206353 0.004903 -11.058 11.0349 -0.0230721
191.82 -0.0206346 0.00490313 -11.0594 11.0363 -0.0230675
191.831 -0.0206335 0.00490409 -11.0608 11.0378 -0.0230627
191.843 -0.0206327 0.00490428 -11.0624 11.0393 -0.0230588
191.854 -0.0206317 0.00490498 -11.0639 11.0408 -0.023054
191.865 -0.0206313 0.0049053 -11.0654 11.0424 -0.0230496
191.876 -0.0206301 0.00490608 -11.067 11.044 -0.0230457
191.888 -0.020629 0.00490667 -11.0686 11.0455 -0.0230414
191.899 -0.0206282 0.00490766 -11.0703 11.0472 -0.0230372
191.91 -0.0206279 0.00490787 -11.0719 11.0489 -0.0230336
191.921 -0.0206275 0.00490825 -11.0736 11.0505 -0.0230295
191.933 -0.0206266 0.00490849 -11.0753 11.0522 -0.0230252
191.944 -0.0206265 0.00490922 -11.077 11.0539 -0.0230216
191.955 -0.0206266 0.00490978 -11.0787 11.0556 -0.0230181
191.966 -0.0206259 0.0049096 -11.0804 11.0574 -0.0230143
191.978 -0.020625 0.00490908 -11.0822 11.0592 -0.0230106
191.989 -0.0206244 0.00490916 -11.0839 11.0609 -0.023007
192 -0.0206237 0.00490917 -11.0857 11.0627 -0.0230035
192.011 -0.0206235 0.00490934 -11.0876 11.0646 -0.0230013
192.022 -0.0206233 0.00490942 -11.0894 11.0664 -0.0229986
192.034 -0.0206228 0.00490971 -11.0912 11.0682 -0.0229962
192.045 -0.0206226 0.00491009 -11.0931 11.0701 -0.0229935
192.056 -0.020622 0.00491062 -11.095 11.072 -0.0229911
192.067 -0.0206212 0.0049106 -11.0968 11.0739 -0.0229884
192.079 -0.0206206 0.00491073 -11.0988 11.0758 -0.0229857
192.09 -0.0206196 0.00491075 -11.1007 11.0777 -0.0229829
192.101 -0.0206178 0.00491024 -11.1026 11.0796 -0.0229808
192.112 -0.0206164 0.00491086 -11.1046 11.0816 -0.0229781
192.124 -0.0206153 0.00491156 -11.1066 11.0836 -0.0229753
192.135 -0.0206141 0.00491138 -11.1085 11.0856 -0.022973
192.146 -0.0206132 0.00491132 -11.1106 11.0876 -0.0229705
192.157 -0.0206126 0.00491198 -11.1126 11.0897 -0.0229676
192.169 -0.0206122 0.00491291 -11.1147 11.0917 -0.0229647
192.18 -0.0206116 0.00491349 -11.1168 11.0939 -0.0229619
192.191 -0.0206112 0.00491466 -11.1189 11.0959 -0.0229593
192.202 -0.0206105 0.00491501 -11.121 11.0981 -0.0229566
192.213 -0.0206098 0.00491527 -11.1232 11.1003 -0.0229539
192.225 -0.0206086 0.00491549 -11.1254 11.1024 -0.0229514
192.236 -0.0206073 0.00491543 -11.1275 11.1046 -0.022949
192.247 -0.0206066 0.0049153 -11.1298 11.1068 -0.0229465
192.258 -0.020606 0.00491552 -11.132 11.109 -0.022944
192.27 -0.0206048 0.00491579 -11.1342 11.1113 -0.0229414
192.281 -0.0206033 0.00491614 -11.1365 11.1136 -0.022939
192.292 -0.020602 0.004917 -11.1388 11.1158 -0.0229354
192.303 -0.0206006 0.00491686 -11.1411 11.1182 -0.0229326
192.315 -0.0205994 0.00491682 -11.1435 11.1206 -0.0229297
192.326 -0.0205979 0.00491681 -11.1459 11.1229 -0.0229266
192.337 -0.0205966 0.00491655 -11.1483 11.1253 -0.0229234
192.348 -0.0205952 0.00491648 -11.1507 11.1278 -0.0229202
192.36 -0.0205931 0.00491656 -11.1531 11.1302 -0.0229165
192.371 -0.0205912 0.00491603 -11.1556 11.1327 -0.0229127
192.382 -0.0205896 0.00491673 -11.1582 11.1353 -0.02291
192.393 -0.0205879 0.00491696 -11.1607 11.1378 -0.0229067
192.404 -0.0205862 0.00491677 -11.1632 11.1403 -0.0229036
192.416 -0.0205845 0.00491725 -11.1658 11.1429 -0.0228999
192.427 -0.020583 0.00491728 -11.1685 11.1456 -0.0228967
192.438 -0.0205815 0.00491655 -11.1711 11.1482 -0.0228936
192.449 -0.0205795 0.0049168 -11.1738 11.1509 -0.0228906
192.461 -0.020577 0.00491665 -11.1765 11.1536 -0.0228871
192.472 -0.0205752 0.00491688 -11.1793 11.1564 -0.0228844
192.483 -0.0205736 0.00491768 -11.1821 11.1592 -0.0228814
192.494 -0.0205723 0.00491838 -11.1849 11.162 -0.022878
192.506 -0.0205706 0.0049184 -11.1877 11.1649 -0.0228752
192.517 -0.0205692 0.00491872 -11.1906 11.1678 -0.0228718
192.528 -0.020567 0.00491926 -11.1936 11.1707 -0.0228678
192.539 -0.0205652 0.0049196 -11.1965 11.1736 -0.0228646
192.551 -0.0205632 0.00492024 -11.1995 11.1767 -0.022862
192.562 -0.0205616 0.00492069 -11.2025 11.1797 -0.0228592
192.573 -0.0205605 0.00492079 -11.2056 11.1827 -0.0228558
192.584 -0.0205587 0.00492091 -11.2086 11.1858 -0.0228525
192.596 -0.0205576 0.00492092 -11.2117 11.1889 -0.0228488
192.607 -0.0205568 0.00492156 -11.2149 11.192 -0.0228452
192.618 -0.0205554 0.00492223 -11.2181 11.1952 -0.0228409
192.629 -0.0205538 0.00492252 -11.2212 11.1984 -0.022837
192.64 -0.0205529 0.00492278 -11.2245 11.2016 -0.0228338
192.652 -0.0205513 0.00492342 -11.2277 11.2049 -0.02283
192.663 -0.0205504 0.00492403 -11.231 11.2081 -0.0228263
192.674 -0.0205495 0.00492471 -11.2343 11.2114 -0.0228231
192.685 -0.0205479 0.00492553 -11.2376 11.2148 -0.0228207
192.697 -0.0205465 0.00492636 -11.2409 11.2181 -0.0228181
192.708 -0.0205445 0.00492773 -11.2443 11.2214 -0.0228151
192.719 -0.0205431 0.00492908 -11.2476 11.2248 -0.0228119
192.73 -0.0205417 0.0049301 -11.251 11.2282 -0.0228083
192.742 -0.0205403 0.00493071 -11.2544 11.2316 -0.0228049
192.753 -0.0205395 0.00493168 -11.2579 11.2351 -0.0228019
192.764 -0.0205375 0.00493281 -11.2613 11.2385 -0.0227981
192.775 -0.0205359 0.00493384 -11.2648 11.242 -0.0227949
192.787 -0.0205345 0.00493476 -11.2684 11.2456 -0.0227911
192.798 -0.0205331 0.00493547 -11.2719 11.2491 -0.0227876
192.809 -0.020532 0.00493622 -11.2755 11.2527 -0.0227843
192.82 -0.0205294 0.00493678 -11.2791 11.2563 -0.0227808
192.831 -0.0205275 0.0049378 -11.2826 11.2599 -0.0227773
192.843 -0.0205256 0.00493881 -11.2863 11.2635 -0.0227732
192.854 -0.0205237 0.00493991 -11.2899 11.2671 -0.0227701
192.865 -0.0205217 0.00494089 -11.2935 11.2708 -0.0227663
192.876 -0.0205205 0.00494198 -11.2972 11.2744 -0.0227622
192.888 -0.0205187 0.00494284 -11.3009 11.2781 -0.022759
192.899 -0.0205169 0.00494357 -11.3046 11.2818 -0.0227553
192.91 -0.0205143 0.00494399 -11.3083 11.2855 -0.0227513
192.921 -0.0205115 0.00494461 -11.312 11.2893 -0.0227474
192.933 -0.0205092 0.00494474 -11.3158 11.293 -0.0227436
192.944 -0.0205072 0.00494509 -11.3195 11.2968 -0.0227399
192.955 -0.0205053 0.00494535 -11.3233 11.3005 -0.0227362
192.966 -0.0205028 0.0049461 -11.327 11.3043 -0.0227324
192.978 -0.0205006 0.0049466 -11.3308 11.3081 -0.022729
192.989 -0.0204983 0.00494721 -11.3346 11.3119 -0.0227258
193 -0.0204965 0.00494822 -11.3384 11.3156 -0.0227223
193.011 -0.0204942 0.00494881 -11.3421 11.3194 -0.0227191
193.022 -0.0204923 0.00494904 -11.3459 11.3232 -0.0227164
193.034 -0.0204897 0.00494912 -11.3497 11.327 -0.0227134
193.045 -0.020488 0.00494931 -11.3535 11.3308 -0.0227099
193.056 -0.0204863 0.00494912 -11.3573 11.3346 -0.0227066
193.067 -0.0204839 0.00494898 -11.361 11.3383 -0.022703
193.079 -0.0204816 0.00494873 -11.3649 11.3422 -0.0226994
193.09 -0.0204793 0.00494951 -11.3687 11.346 -0.0226963
193.101 -0.0204769 0.0049502 -11.3725 11.3498 -0.0226925
193.112 -0.0204748 0.00495105 -11.3763 11.3536 -0.0226888
193.124 -0.020473 0.00495159 -11.3802 11.3575 -0.0226861
193.135 -0.0204717 0.00495229 -11.384 11.3613 -0.0226829
193.146 -0.0204698 0.0049532 -11.3879 11.3652 -0.0226793
193.157 -0.0204681 0.00495392 -11.3918 11.3691 -0.0226757
193.169 -0.020466 0.00495423 -11.3956 11.3729 -0.0226718
193.18 -0.0204643 0.00495432 -11.3995 11.3768 -0.0226681
193.191 -0.0204624 0.00495502 -11.4034 11.3808 -0.0226643
193.202 -0.0204607 0.00495547 -11.4073 11.3847 -0.0226606
193.213 -0.0204593 0.00495612 -11.4112 11.3886 -0.0226565
193.225 -0.0204582 0.00495703 -11.4152 11.3925 -0.0226528
193.236 -0.0204567 0.00495782 -11.4191 11.3964 -0.0226486
193.247 -0.0204556 0.00495919 -11.423 11.4004 -0.022644
193.258 -0.0204549 0.00496032 -11.427 11.4043 -0.0226394
193.27 -0.0204535 0.00496128 -11.4309 11.4083 -0.0226351
193.281 -0.0204525 0.00496253 -11.4349 11.4122 -0.0226309
193.292 -0.0204519 0.00496419 -11.4388 11.4162 -0.0226263
193.303 -0.0204509 0.00496601 -11.4428 11.4202 -0.0226222
193.315 -0.0204503 0.00496763 -11.4468 11.4242 -0.0226175
193.326 -0.0204499 0.0049689 -11.4508 11.4282 -0.0226134
193.337 -0.020449 0.00496978 -11.4548 11.4321 -0.0226091
193.348 -0.0204485 0.00497055 -11.4587 11.4361 -0.0226049
193.36 -0.0204473 0.00497148 -11.4628 11.4402 -0.0226011
193.371 -0.0204455 0.00497189 -11.4668 11.4442 -0.0225972
193.382 -0.0204439 0.00497242 -11.4708 11.4482 -0.0225927
193.393 -0.0204427 0.00497361 -11.4748 11.4522 -0.0225882
193.404 -0.0204416 0.0049745 -11.4788 11.4562 -0.0225849
193.416 -0.02044 0.00497527 -11.4828 11.4603 -0.0225811
193.427 -0.0204389 0.00497577 -11.4869 11.4643 -0.0225772
193.438 -0.0204377 0.00497631 -11.4909 11.4683 -0.0225738
193.449 -0.0204368 0.00497645 -11.4949 11.4723 -0.0225699
193.461 -0.0204357 0.00497705 -11.4989 11.4763 -0.0225661
193.472 -0.020435 0.00497742 -11.5029 11.4803 -0.0225622
193.483 -0.0204343 0.00497801 -11.5069 11.4843 -0.0225586
193.494 -0.0204335 0.0049781 -11.5109 11.4883 -0.022555
193.506 -0.0204323 0.00497785 -11.5148 11.4922 -0.0225516
193.517 -0.0204313 0.00497792 -11.5187 11.4962 -0.022548
193.528 -0.0204296 0.00497854 -11.5226 11.5001 -0.0225445
193.539 -0.0204286 0.00497948 -11.5265 11.504 -0.0225406
193.551 -0.0204269 0.00497984 -11.5304 11.5079 -0.0225372
193.562 -0.0204256 0.00497968 -11.5343 11.5118 -0.0225343
193.573 -0.0204244 0.00497895 -11.5382 11.5156 -0.0225311
193.584 -0.0204233 0.00497819 -11.542 11.5195 -0.0225285
193.596 -0.0204224 0.00497752 -11.5458 11.5233 -0.0225261
193.607 -0.0204211 0.00497683 -11.5496 11.527 -0.022523
193.618 -0.0204201 0.00497636 -11.5533 11.5308 -0.0225193
193.629 -0.0204193 0.00497717 -11.5571 11.5346 -0.0225154
193.64 -0.020419 0.00497846 -11.5608 11.5383 -0.0225108
193.652 -0.020418 0.00497949 -11.5646 11.542 -0.0225074
193.663 -0.0204172 0.00498031 -11.5682 11.5457 -0.0225034
193.674 -0.020417 0.00498101 -11.5719 11.5494 -0.0224996
193.685 -0.020417 0.00498222 -11.5756 11.5531 -0.0224954
193.697 -0.0204164 0.0049829 -11.5792 11.5567 -0.0224921
193.708 -0.0204154 0.00498373 -11.5828 11.5603 -0.0224888
193.719 -0.0204152 0.00498502 -11.5864 11.5639 -0.0224855
193.73 -0.0204144 0.00498519 -11.59 11.5675 -0.0224829
193.742 -0.0204141 0.00498622 -11.5935 11.571 -0.0224799
193.753 -0.0204145 0.0049873 -11.597 11.5745 -0.0224771
193.764 -0.0204142 0.00498778 -11.6005 11.578 -0.0224741
193.775 -0.0204138 0.00498872 -11.6039 11.5815 -0.0224712
193.787 -0.0204132 0.0049903 -11.6074 11.5849 -0.0224679
193.798 -0.0204131 0.00499213 -11.6108 11.5883 -0.0224648
193.809 -0.0204127 0.00499347 -11.6141 11.5916 -0.0224614
193.82 -0.0204127 0.00499554 -11.6174 11.595 -0.0224586
193.831 -0.020412 0.00499731 -11.6207 11.5983 -0.0224557
193.843 -0.0204115 0.00499881 -11.624 11.6016 -0.0224514
193.854 -0.0204103 0.00499915 -11.6273 11.6048 -0.0224481
193.865 -0.0204104 0.00500007 -11.6305 11.6081 -0.0224453
193.876 -0.0204098 0.00500032 -11.6337 11.6113 -0.0224418
193.888 -0.020409 0.00500094 -11.6369 11.6145 -0.0224383
193.899 -0.020408 0.00500138 -11.6401 11.6176 -0.0224351
193.91 -0.0204066 0.00500214 -11.6432 11.6208 -0.0224316
193.921 -0.0204052 0.00500336 -11.6463 11.6239 -0.0224285
193.933 -0.020404 0.00500477 -11.6494 11.6269 -0.0224248
193.944 -0.0204027 0.00500672 -11.6524 11.63 -0.0224219
193.955 -0.0204021 0.0050085 -11.6554 11.6329 -0.022419
193.966 -0.0204012 0.00500983 -11.6583 11.6359 -0.0224156
193.978 -0.0204002 0.00501088 -11.6612 11.6388 -0.0224119
193.989 -0.0203998 0.00501195 -11.6641 11.6417 -0.0224079
194 -0.0203998 0.0050131 -11.667 11.6446 -0.0224049
194.011 -0.0203986 0.00501385 -11.6698 11.6474 -0.0224017
194.022 -0.020397 0.005014 -11.6725 11.6501 -0.0223994
194.034 -0.020396 0.00501488 -11.6753 11.6529 -0.0223976
194.045 -0.0203954 0.00501619 -11.6779 11.6555 -0.0223947
194.056 -0.0203949 0.00501716 -11.6805 11.6581 -0.022391
194.067 -0.0203944 0.00501863 -11.6831 11.6607 -0.0223883
194.079 -0.0203941 0.00502024 -11.6856 11.6632 -0.0223855
194.09 -0.0203945 0.00502113 -11.6881 11.6657 -0.0223818
194.101 -0.0203942 0.00502303 -11.6905 11.6682 -0.0223788
194.112 -0.0203949 0.00502491 -11.6929 11.6705 -0.022375
194.124 -0.0203946 0.00502614 -11.6952 11.6728 -0.0223716
194.135 -0.0203942 0.00502754 -11.6975 11.6751 -0.0223686
194.146 -0.0203936 0.00502849 -11.6997 11.6773 -0.0223645
194.157 -0.0203929 0.00503029 -11.7018 11.6795 -0.0223603
194.169 -0.020392 0.00503181 -11.704 11.6816 -0.0223567
194.18 -0.0203914 0.00503371 -11.706 11.6837 -0.0223522
194.191 -0.0203904 0.00503536 -11.708 11.6857 -0.022348
194.202 -0.0203894 0.00503784 -11.71 11.6877 -0.0223433
194.213 -0.0203884 0.00503946 -11.7119 11.6896 -0.0223389
194.225 -0.0203875 0.00504128 -11.7138 11.6915 -0.0223345
194.236 -0.0203868 0.00504299 -11.7157 11.6934 -0.0223313
194.247 -0.0203862 0.00504475 -11.7175 11.6951 -0.0223277
194.258 -0.0203862 0.00504686 -11.7192 11.6969 -0.0223245
194.27 -0.0203864 0.00504866 -11.7209 11.6986 -0.0223213
194.281 -0.0203865 0.00504978 -11.7225 11.7002 -0.0223172
194.292 -0.0203862 0.00505104 -11.7241 11.7018 -0.0223131
194.303 -0.0203857 0.00505237 -11.7256 11.7033 -0.0223098
194.315 -0.0203855 0.00505356 -11.7271 11.7048 -0.0223057
194.326 -0.0203853 0.0050554 -11.7286 11.7063 -0.0223014
194.337 -0.0203856 0.00505751 -11.73 11.7077 -0.0222987
194.348 -0.0203857 0.00505963 -11.7314 11.7091 -0.0222961
194.36 -0.020385 0.00506133 -11.7327 11.7104 -0.0222927
194.371 -0.0203846 0.00506258 -11.7339 11.7116 -0.0222901
194.382 -0.0203846 0.00506381 -11.735 11.7128 -0.0222873
194.393 -0.0203846 0.00506539 -11.7361 11.7138 -0.0222837
194.404 -0.0203844 0.00506629 -11.7372 11.7149 -0.022281
194.416 -0.020384 0.00506744 -11.7381 11.7158 -0.0222785
194.427 -0.020384 0.00506923 -11.739 11.7167 -0.0222743
194.438 -0.0203841 0.00507134 -11.7398 11.7176 -0.0222698
194.449 -0.0203852 0.0050735 -11.7406 11.7183 -0.0222653
194.461 -0.0203854 0.00507499 -11.7414 11.7191 -0.0222614
194.472 -0.0203855 0.0050764 -11.7421 11.7198 -0.0222573
194.483 -0.0203856 0.0050781 -11.7427 11.7205 -0.0222532
194.494 -0.0203854 0.00507919 -11.7433 11.7211 -0.0222489
194.506 -0.0203854 0.0050808 -11.7439 11.7216 -0.0222444
194.517 -0.0203852 0.00508237 -11.7443 11.7221 -0.022241
194.528 -0.0203854 0.00508404 -11.7448 11.7225 -0.0222375
194.539 -0.0203856 0.00508571 -11.7451 11.7229 -0.0222341
194.551 -0.0203851 0.00508732 -11.7454 11.7232 -0.0222303
194.562 -0.020385 0.00508856 -11.7457 11.7234 -0.0222264
194.573 -0.0203854 0.00509033 -11.7459 11.7236 -0.0222227
194.584 -0.0203858 0.00509229 -11.746 11.7237 -0.0222186
194.596 -0.0203864 0.00509471 -11.746 11.7238 -0.0222144
194.607 -0.0203869 0.00509707 -11.746 11.7238 -0.0222106
194.618 -0.0203876 0.00509941 -11.746 11.7238 -0.0222064
194.629 -0.0203881 0.00510186 -11.7458 11.7236 -0.0222029
194.64 -0.0203881 0.00510421 -11.7457 11.7235 -0.0221993
194.652 -0.0203875 0.005107 -11.7454 11.7232 -0.0221963
194.663 -0.0203867 0.00510797 -11.7451 11.7229 -0.0221936
194.674 -0.0203858 0.00510938 -11.7447 11.7225 -0.0221917
194.685 -0.0203853 0.00511043 -11.7443 11.7221 -0.0221894
194.697 -0.0203849 0.00511263 -11.7437 11.7215 -0.0221868
194.708 -0.0203852 0.00511481 -11.7432 11.721 -0.0221833
194.719 -0.0203849 0.00511631 -11.7425 11.7203 -0.0221788
194.73 -0.0203855 0.00511808 -11.7418 11.7196 -0.0221749
194.742 -0.0203855 0.00511989 -11.7411 11.7189 -0.022171
194.753 -0.0203856 0.00512157 -11.7403 11.7182 -0.0221659
194.764 -0.0203861 0.00512361 -11.7396 11.7174 -0.0221619
194.775 -0.0203879 0.0051258 -11.7387 11.7166 -0.0221575
194.787 -0.0203884 0.00512791 -11.7379 11.7157 -0.0221533
194.798 -0.0203892 0.00513007 -11.7369 11.7148 -0.0221493
194.809 -0.0203901 0.00513261 -11.736 11.7138 -0.0221453
194.82 -0.0203904 0.00513437 -11.7349 11.7128 -0.0221417
194.831 -0.0203912 0.00513566 -11.7338 11.7117 -0.0221382
194.843 -0.020392 0.00513783 -11.7327 11.7105 -0.0221346
194.854 -0.0203926 0.00513955 -11.7314 11.7093 -0.0221308
194.865 -0.0203942 0.00514082 -11.7302 11.708 -0.0221268
194.876 -0.0203947 0.00514235 -11.7289 11.7067 -0.0221238
194.888 -0.0203948 0.00514405 -11.7275 11.7053 -0.0221211
194.899 -0.0203946 0.00514629 -11.726 11.7039 -0.0221193
194.91 -0.0203951 0.00514773 -11.7245 11.7024 -0.0221164
194.921 -0.0203956 0.00514835 -11.7229 11.7008 -0.022113
194.933 -0.0203965 0.00514908 -11.7212 11.6991 -0.0221093
194.944 -0.0203961 0.0051494 -11.7195 11.6974 -0.0221076
194.955 -0.0203972 0.00515067 -11.7177 11.6956 -0.0221042
194.966 -0.0203981 0.00515132 -11.7159 11.6938 -0.0221007
194.978 -0.0203991 0.00515247 -11.7141 11.692 -0.0220974
194.989 -0.0203994 0.00515382 -11.7122 11.6901 -0.0220922
195 -0.0203998 0.00515533 -11.7102 11.6881 -0.0220877
195.011 -0.0204003 0.00515709 -11.7083 11.6862 -0.022083
195.022 -0.0204011 0.00515864 -11.7062 11.6841 -0.022078
195.034 -0.0204018 0.00516049 -11.7042 11.6821 -0.0220739
195.045 -0.020402 0.00516211 -11.7021 11.68 -0.0220698
195.056 -0.0204028 0.00516389 -11.6999 11.6779 -0.022065
195.067 -0.020403 0.00516518 -11.6977 11.6757 -0.0220613
195.079 -0.0204033 0.00516714 -11.6955 11.6734 -0.0220582
195.09 -0.0204037 0.00516861 -11.6932 11.6711 -0.0220547
195.101 -0.0204042 0.00517046 -11.6908 11.6687 -0.0220514
195.112 -0.0204047 0.0051716 -11.6884 11.6663 -0.0220488
195.124 -0.0204062 0.00517311 -11.6859 11.6639 -0.0220446
195.135 -0.0204073 0.00517389 -11.6834 11.6614 -0.0220411
195.146 -0.0204079 0.00517494 -11.6809 11.6588 -0.0220381
195.157 -0.0204092 0.00517643 -11.6783 11.6563 -0.022034
195.169 -0.0204095 0.00517757 -11.6757 11.6536 -0.0220308
195.18 -0.0204101 0.00517945 -11.673 11.651 -0.0220271
195.191 -0.0204108 0.00518015 -11.6703 11.6483 -0.022024
195.202 -0.0204117 0.00518157 -11.6676 11.6455 -0.022021
195.213 -0.0204126 0.00518304 -11.6648 11.6428 -0.0220177
195.225 -0.0204128 0.00518435 -11.6619 11.6399 -0.0220133
195.236 -0.0204129 0.00518613 -11.659 11.637 -0.0220094
195.247 -0.0204133 0.00518786 -11.6561 11.6341 -0.0220056
195.258 -0.0204135 0.00518987 -11.6532 11.6312 -0.0220024
195.27 -0.020414 0.00519181 -11.6502 11.6282 -0.0219987
195.281 -0.0204149 0.00519411 -11.6472 11.6252 -0.0219957
195.292 -0.0204143 0.00519551 -11.6441 11.6221 -0.0219938
195.303 -0.0204139 0.00519662 -11.641 11.619 -0.0219919
195.315 -0.0204147 0.00519672 -11.6379 11.6159 -0.0219886
195.326 -0.0204155 0.00519741 -11.6347 11.6127 -0.021985
195.337 -0.0204167 0.00519777 -11.6314 11.6094 -0.0219804
195.348 -0.0204176 0.00519772 -11.6282 11.6062 -0.0219767
195.36 -0.0204188 0.00519814 -11.6249 11.6029 -0.0219717
195.371 -0.0204201 0.00519815 -11.6216 11.5996 -0.0219679
195.382 -0.0204208 0.00519907 -11.6183 11.5963 -0.0219647
195.393 -0.0204217 0.00520023 -11.6149 11.5929 -0.0219613
195.404 -0.0204225 0.00520052 -11.6115 11.5895 -0.0219588
195.416 -0.0204231 0.00520107 -11.608 11.5861 -0.0219557
195.427 -0.0204235 0.00520207 -11.6045 11.5826 -0.0219527
195.438 -0.0204236 0.00520283 -11.601 11.5791 -0.0219497
195.449 -0.0204239 0.00520427 -11.5975 11.5755 -0.0219465
195.461 -0.0204243 0.00520592 -11.5939 11.572 -0.021943
195.472 -0.0204251 0.00520763 -11.5903 11.5684 -0.0219398
195.483 -0.0204267 0.00520907 -11.5867 11.5648 -0.0219359
195.494 -0.0204272 0.00520993 -11.5831 11.5612 -0.0219326
195.506 -0.0204284 0.00521109 -11.5794 11.5575 -0.0219291
195.517 -0.0204297 0.00521221 -11.5757 11.5538 -0.0219252
195.528 -0.0204316 0.0052132 -11.572 11.5501 -0.0219216
195.539 -0.0204331 0.00521384 -11.5682 11.5463 -0.0219173
195.551 -0.0204344 0.00521343 -11.5645 11.5426 -0.0219138
195.562 -0.0204357 0.00521396 -11.5607 11.5388 -0.0219103
195.573 -0.0204366 0.0052151 -11.5569 11.535 -0.021907
195.584 -0.0204375 0.00521591 -11.5531 11.5312 -0.0219042
195.596 -0.0204382 0.00521727 -11.5493 11.5274 -0.0219008
195.607 -0.0204389 0.0052187 -11.5454 11.5235 -0.0218977
195.618 -0.0204402 0.00522047 -11.5416 11.5197 -0.0218948
195.629 -0.0204415 0.00522137 -11.5378 11.5159 -0.021891
195.64 -0.0204427 0.00522251 -11.5339 11.512 -0.0218877
195.652 -0.0204435 0.00522282 -11.53 11.5082 -0.0218851
195.663 -0.0204443 0.00522324 -11.5262 11.5043 -0.0218821
195.674 -0.0204458 0.00522316 -11.5223 11.5004 -0.0218776
195.685 -0.0204467 0.00522321 -11.5184 11.4965 -0.0218737
195.697 -0.0204477 0.00522313 -11.5145 11.4926 -0.0218694
195.708 -0.0204487 0.00522369 -11.5106 11.4888 -0.0218648
195.719 -0.0204503 0.00522502 -11.5067 11.4848 -0.0218608
195.73 -0.0204523 0.00522673 -11.5027 11.4809 -0.0218568
195.742 -0.0204544 0.00522856 -11.4988 11.477 -0.0218526
195.753 -0.0204568 0.00523029 -11.4949 11.473 -0.021849
195.764 -0.0204591 0.00523206 -11.4909 11.469 -0.0218446
195.775 -0.0204602 0.00523274 -11.4869 11.4651 -0.02184
195.787 -0.0204609 0.00523393 -11.4829 11.4611 -0.0218362
195.798 -0.0204617 0.00523482 -11.4789 11.457 -0.0218332
195.809 -0.0204622 0.00523554 -11.4748 11.453 -0.0218305
195.82 -0.0204626 0.00523634 -11.4708 11.449 -0.0218279
195.831 -0.0204646 0.00523607 -11.4667 11.4449 -0.021824
195.843 -0.0204672 0.00523623 -11.4626 11.4408 -0.0218206
195.854 -0.0204695 0.00523632 -11.4585 11.4367 -0.0218168
195.865 -0.0204714 0.00523643 -11.4544 11.4326 -0.021813
195.876 -0.0204723 0.00523694 -11.4503 11.4285 -0.02181
195.888 -0.0204737 0.00523749 -11.4461 11.4243 -0.0218068
195.899 -0.0204742 0.00523909 -11.4419 11.4201 -0.0218045
195.91 -0.0204753 0.00524008 -11.4377 11.4159 -0.0218021
195.921 -0.0204766 0.00524146 -11.4335 11.4117 -0.0217991
195.933 -0.0204778 0.00524249 -11.4293 11.4075 -0.0217955
195.944 -0.0204796 0.00524372 -11.425 11.4032 -0.0217916
195.955 -0.0204816 0.00524509 -11.4207 11.3989 -0.0217878
195.966 -0.020483 0.00524569 -11.4164 11.3946 -0.0217842
195.978 -0.0204846 0.00524562 -11.412 11.3903 -0.0217807
195.989 -0.0204863 0.00524626 -11.4077 11.3859 -0.0217778
196 -0.020488 0.00524675 -11.4034 11.3816 -0.021775
196.011 -0.0204893 0.0052467 -11.399 11.3773 -0.0217724
196.022 -0.0204907 0.00524674 -11.3947 11.3729 -0.0217699
196.034 -0.0204919 0.00524658 -11.3903 11.3685 -0.0217667
196.045 -0.0204931 0.00524653 -11.3859 11.3641 -0.0217631
196.056 -0.020494 0.0052466 -11.3815 11.3597 -0.0217604
196.067 -0.0204953 0.00524569 -11.377 11.3552 -0.0217577
196.079 -0.0204959 0.00524508 -11.3725 11.3508 -0.0217555
196.09 -0.0204967 0.00524455 -11.368 11.3463 -0.0217539
196.101 -0.0204977 0.00524551 -11.3635 11.3417 -0.0217512
196.112 -0.0204984 0.00524653 -11.3589 11.3372 -0.021748
196.124 -0.0204989 0.00524726 -11.3543 11.3326 -0.021745
196.135 -0.0205001 0.00524776 -11.3497 11.328 -0.0217422
196.146 -0.020501 0.00524783 -11.345 11.3233 -0.0217388
196.157 -0.0205024 0.00524866 -11.3404 11.3186 -0.0217348
196.169 -0.0205043 0.00524906 -11.3357 11.314 -0.0217315
196.18 -0.0205069 0.00524962 -11.331 11.3092 -0.021728
196.191 -0.0205089 0.00524892 -11.3263 11.3045 -0.0217254
196.202 -0.0205109 0.00524843 -11.3215 11.2998 -0.0217223
196.213 -0.0205119 0.00524759 -11.3167 11.295 -0.0217195
196.225 -0.0205127 0.00524696 -11.312 11.2903 -0.0217162
196.236 -0.0205134 0.00524688 -11.3072 11.2855 -0.0217129
196.247 -0.0205138 0.00524772 -11.3024 11.2807 -0.0217103
196.258 -0.0205135 0.00524841 -11.2976 11.2759 -0.0217073
196.27 -0.0205135 0.00524938 -11.2927 11.271 -0.0217044
196.281 -0.0205148 0.00524918 -11.2878 11.2661 -0.0217009
196.292 -0.0205158 0.00524921 -11.283 11.2613 -0.0216975
196.303 -0.0205176 0.00524975 -11.2781 11.2564 -0.0216946
196.315 -0.0205196 0.00525046 -11.2731 11.2515 -0.0216909
196.326 -0.0205223 0.00525001 -11.2682 11.2465 -0.0216879
196.337 -0.0205251 0.0052497 -11.2633 11.2416 -0.0216843
196.348 -0.0205275 0.00524932 -11.2583 11.2366 -0.0216813
196.36 -0.0205304 0.00524942 -11.2533 11.2316 -0.0216787
196.371 -0.0205331 0.00524941 -11.2483 11.2266 -0.0216758
196.382 -0.0205356 0.00524945 -11.2432 11.2216 -0.0216727
196.393 -0.0205381 0.00524961 -11.2382 11.2165 -0.0216697
196.404 -0.0205401 0.00525044 -11.2331 11.2114 -0.0216656
196.416 -0.0205421 0.00525111 -11.228 11.2063 -0.0216616
196.427 -0.0205438 0.00525239 -11.2229 11.2012 -0.0216584
196.438 -0.0205452 0.00525371 -11.2178 11.1961 -0.0216545
196.449 -0.0205465 0.00525469 -11.2126 11.191 -0.0216498
196.461 -0.0205464 0.00525524 -11.2074 11.1858 -0.0216458
196.472 -0.0205479 0.00525499 -11.2022 11.1806 -0.0216412
196.483 -0.0205501 0.00525503 -11.197 11.1754 -0.0216365
196.494 -0.0205517 0.0052557 -11.1918 11.1702 -0.0216321
196.506 -0.0205531 0.0052564 -11.1865 11.1649 -0.0216279
196.517 -0.0205551 0.00525619 -11.1812 11.1596 -0.0216241
196.528 -0.0205565 0.0052572 -11.1759 11.1543 -0.0216217
196.539 -0.0205584 0.00525778 -11.1705 11.1489 -0.0216187
196.551 -0.0205595 0.00525866 -11.165 11.1434 -0.0216154
196.562 -0.0205616 0.00525988 -11.1596 11.1379 -0.0216116
196.573 -0.0205642 0.00526052 -11.154 11.1324 -0.0216065
196.584 -0.0205658 0.00526051 -11.1485 11.1269 -0.0216018
196.596 -0.0205671 0.0052606 -11.1429 11.1214 -0.021598
196.607 -0.0205686 0.00525996 -11.1374 11.1158 -0.0215935
196.618 -0.0205703 0.00525976 -11.1318 11.1102 -0.0215882
196.629 -0.0205719 0.00525908 -11.1262 11.1046 -0.0215837
196.64 -0.0205731 0.00525779 -11.1205 11.0989 -0.0215798
196.652 -0.0205744 0.0052562 -11.1148 11.0933 -0.021577
196.663 -0.0205752 0.00525498 -11.1091 11.0876 -0.0215744
196.674 -0.0205761 0.00525463 -11.1034 11.0818 -0.0215711
196.685 -0.0205772 0.00525439 -11.0976 11.076 -0.0215689
196.697 -0.0205788 0.00525419 -11.0917 11.0702 -0.0215666
196.708 -0.0205803 0.00525361 -11.0858 11.0643 -0.0215639
196.719 -0.0205817 0.00525251 -11.0799 11.0584 -0.0215609
196.73 -0.0205825 0.00525142 -11.074 11.0524 -0.0215571
196.742 -0.0205838 0.00525048 -11.0679 11.0464 -0.0215527
196.753 -0.0205857 0.00524979 -11.0619 11.0404 -0.0215489
196.764 -0.0205876 0.00524907 -11.0559 11.0343 -0.0215451
196.775 -0.0205898 0.005249 -11.0498 11.0282 -0.0215416
196.787 -0.020592 0.00524843 -11.0436 11.0221 -0.0215381
196.798 -0.020594 0.00524807 -11.0375 11.0159 -0.0215349
196.809 -0.0205958 0.00524793 -11.0313 11.0097 -0.0215316
196.82 -0.020598 0.0052481 -11.025 11.0035 -0.0215283
196.831 -0.0205995 0.00524776 -11.0187 10.9972 -0.0215254
196.843 -0.0206018 0.00524691 -11.0124 10.9909 -0.0215219
196.854 -0.0206037 0.00524589 -11.006 10.9845 -0.021519
196.865 -0.0206053 0.00524543 -10.9996 10.9781 -0.0215156
196.876 -0.0206067 0.00524516 -10.9932 10.9717 -0.0215118
196.888 -0.0206076 0.00524382 -10.9867 10.9652 -0.0215077
196.899 -0.0206086 0.0052423 -10.9802 10.9587 -0.0215037
196.91 -0.0206093 0.00524119 -10.9737 10.9522 -0.0215002
196.921 -0.0206106 0.0052405 -10.9672 10.9457 -0.0214962
196.933 -0.0206119 0.00523987 -10.9606 10.9391 -0.0214926
196.944 -0.0206136 0.00523984 -10.954 10.9326 -0.0214887
196.955 -0.0206148 0.00523932 -10.9474 10.9259 -0.0214857
196.966 -0.0206164 0.00523958 -10.9407 10.9193 -0.0214825
196.978 -0.0206172 0.00523917 -10.934 10.9125 -0.0214788
196.989 -0.0206181 0.00523822 -10.9272 10.9058 -0.0214757
197 -0.0206186 0.00523641 -10.9204 10.899 -0.0214732
197.011 -0.0206189 0.0052343 -10.9135 10.8921 -0.0214697
197.022 -0.0206197 0.00523269 -10.9066 10.8851 -0.021466
197.034 -0.0206213 0.00523151 -10.8996 10.8782 -0.0214624
197.045 -0.0206233 0.00523055 -10.8926 10.8712 -0.0214588
197.056 -0.0206254 0.00522998 -10.8855 10.8641 -0.0214555
197.067 -0.0206271 0.00522932 -10.8784 10.857 -0.021453
197.079 -0.0206278 0.00522934 -10.8713 10.8498 -0.0214508
197.09 -0.0206282 0.00522912 -10.864 10.8426 -0.0214491
197.101 -0.020629 0.00522871 -10.8568 10.8353 -0.0214478
197.112 -0.0206291 0.00522814 -10.8494 10.828 -0.0214472
197.124 -0.0206293 0.0052276 -10.842 10.8206 -0.021446
197.135 -0.0206301 0.00522669 -10.8346 10.8131 -0.0214443
197.146 -0.0206311 0.00522457 -10.827 10.8056 -0.0214419
197.157 -0.020632 0.00522266 -10.8195 10.7981 -0.0214384
197.169 -0.0206336 0.00522154 -10.8119 10.7905 -0.0214354
197.18 -0.0206346 0.0052208 -10.8043 10.7829 -0.0214327
197.191 -0.0206351 0.00522054 -10.7967 10.7752 -0.0214304
197.202 -0.0206363 0.00521959 -10.789 10.7675 -0.021427
197.213 -0.020637 0.00521772 -10.7812 10.7598 -0.0214231
197.225 -0.0206375 0.00521548 -10.7735 10.7521 -0.0214189
197.236 -0.0206375 0.00521304 -10.7657 10.7443 -0.0214143
197.247 -0.0206384 0.00521149 -10.758 10.7366 -0.0214102
197.258 -0.0206399 0.0052099 -10.7502 10.7288 -0.021406
197.27 -0.020641 0.00520846 -10.7424 10.721 -0.021402
197.281 -0.0206421 0.00520613 -10.7346 10.7132 -0.0213972
197.292 -0.0206429 0.00520429 -10.7267 10.7053 -0.0213936
197.303 -0.0206439 0.00520294 -10.7188 10.6974 -0.0213902
197.315 -0.0206455 0.00520251 -10.7108 10.6894 -0.0213861
197.326 -0.0206469 0.00520164 -10.7028 10.6814 -0.0213817
197.337 -0.0206485 0.00520108 -10.6948 10.6734 -0.0213779
197.348 -0.0206496 0.00520012 -10.6867 10.6654 -0.0213744
197.36 -0.020651 0.00519925 -10.6786 10.6572 -0.0213711
197.371 -0.0206512 0.00519739 -10.6705 10.6491 -0.0213691
197.382 -0.0206518 0.00519588 -10.6622 10.6409 -0.0213672
197.393 -0.0206523 0.00519422 -10.654 10.6326 -0.0213656
197.404 -0.0206531 0.00519219 -10.6457 10.6243 -0.021363
197.416 -0.0206533 0.00519034 -10.6374 10.616 -0.0213607
197.427 -0.0206532 0.00518799 -10.629 10.6076 -0.0213582
197.438 -0.0206534 0.00518527 -10.6206 10.5992 -0.0213553
197.449 -0.0206537 0.00518222 -10.6122 10.5908 -0.0213516
197.461 -0.0206535 0.00517982 -10.6038 10.5824 -0.0213483
197.472 -0.020653 0.00517634 -10.5953 10.574 -0.0213442
197.483 -0.0206531 0.00517406 -10.5869 10.5655 -0.0213408
197.494 -0.0206527 0.00517158 -10.5784 10.5571 -0.0213373
197.506 -0.0206531 0.00517015 -10.5699 10.5486 -0.0213341
197.517 -0.0206538 0.0051698 -10.5614 10.5401 -0.0213309
197.528 -0.0206539 0.00516904 -10.5529 10.5316 -0.0213268
197.539 -0.0206544 0.00516767 -10.5444 10.523 -0.0213235
197.551 -0.0206549 0.00516576 -10.5358 10.5145 -0.02132
197.562 -0.0206566 0.00516473 -10.5272 10.5059 -0.0213162
197.573 -0.0206574 0.00516377 -10.5187 10.4973 -0.0213127
197.584 -0.0206597 0.0051624 -10.51 10.4887 -0.0213086
197.596 -0.0206608 0.00516116 -10.5014 10.4801 -0.0213057
197.607 -0.0206627 0.00516024 -10.4927 10.4714 -0.0213029
197.618 -0.0206638 0.00515935 -10.4841 10.4628 -0.0212996
197.629 -0.0206655 0.00515855 -10.4753 10.454 -0.0212965
197.64 -0.0206662 0.0051569 -10.4666 10.4453 -0.0212932
197.652 -0.0206674 0.00515579 -10.4579 10.4366 -0.0212896
197.663 -0.0206689 0.00515483 -10.4491 10.4278 -0.0212852
197.674 -0.0206692 0.00515316 -10.4403 10.419 -0.0212822
197.685 -0.0206694 0.00515233 -10.4314 10.4102 -0.0212787
197.697 -0.0206698 0.00515115 -10.4225 10.4013 -0.0212754
197.708 -0.0206699 0.00515014 -10.4136 10.3924 -0.0212718
197.719 -0.0206702 0.00514797 -10.4047 10.3835 -0.0212676
197.73 -0.0206705 0.00514629 -10.3958 10.3745 -0.021265
197.742 -0.020671 0.00514459 -10.3868 10.3655 -0.0212622
197.753 -0.0206712 0.00514246 -10.3778 10.3566 -0.0212595
197.764 -0.0206717 0.00514019 -10.3688 10.3476 -0.0212558
197.775 -0.0206722 0.00513816 -10.3598 10.3386 -0.0212526
197.787 -0.0206721 0.00513644 -10.3508 10.3296 -0.0212492
197.798 -0.0206715 0.00513504 -10.3418 10.3205 -0.0212459
197.809 -0.0206714 0.00513337 -10.3328 10.3115 -0.0212423
197.82 -0.0206709 0.00513278 -10.3237 10.3025 -0.0212394
197.831 -0.0206706 0.00513206 -10.3147 10.2934 -0.0212359
197.843 -0.0206707 0.00513253 -10.3056 10.2844 -0.0212327
197.854 -0.0206706 0.00513198 -10.2966 10.2753 -0.0212297
197.865 -0.020671 0.00513088 -10.2875 10.2663 -0.0212251
197.876 -0.0206712 0.00512975 -10.2786 10.2573 -0.0212212
197.888 -0.0206717 0.0051293 -10.2696 10.2484 -0.0212176
197.899 -0.0206721 0.00512888 -10.2607 10.2394 -0.0212139
197.91 -0.0206727 0.00512753 -10.2518 10.2306 -0.0212105
197.921 -0.0206732 0.00512556 -10.2429 10.2217 -0.0212069
197.933 -0.0206743 0.00512388 -10.234 10.2128 -0.0212035
197.944 -0.0206751 0.00512293 -10.2252 10.204 -0.0212002
197.955 -0.0206748 0.00512102 -10.2165 10.1953 -0.0211964
197.966 -0.0206745 0.00511951 -10.2077 10.1865 -0.0211933
197.978 -0.0206736 0.00511829 -10.199 10.1778 -0.0211898
197.989 -0.0206726 0.00511691 -10.1903 10.1691 -0.0211866
198 -0.0206717 0.00511498 -10.1816 10.1605 -0.021183
198.011 -0.0206716 0.00511323 -10.173 10.1519 -0.0211788
198.022 -0.0206715 0.00511173 -10.1645 10.1433 -0.0211744
198.034 -0.0206709 0.0051101 -10.1559 10.1348 -0.02117
198.045 -0.020671 0.00510898 -10.1475 10.1263 -0.0211666
198.056 -0.020671 0.0051077 -10.139 10.1178 -0.0211628
198.067 -0.0206702 0.00510647 -10.1306 10.1094 -0.0211583
198.079 -0.0206693 0.00510508 -10.1222 10.1011 -0.0211543
198.09 -0.0206677 0.00510351 -10.1139 10.0927 -0.0211509
198.101 -0.0206665 0.00510252 -10.1055 10.0844 -0.0211479
198.112 -0.0206654 0.00510175 -10.0972 10.0761 -0.0211448
198.124 -0.0206644 0.00510142 -10.089 10.0678 -0.0211418
198.135 -0.0206643 0.00510104 -10.0807 10.0596 -0.0211383
198.146 -0.0206638 0.00510077 -10.0725 10.0514 -0.0211352
198.157 -0.0206637 0.00509973 -10.0644 10.0432 -0.0211325
198.169 -0.020664 0.00509924 -10.0562 10.0351 -0.0211287
198.18 -0.0206649 0.00509917 -10.0482 10.0271 -0.0211248
198.191 -0.0206668 0.00509874 -10.0401 10.019 -0.0211213
198.202 -0.0206668 0.0050972 -10.0322 10.011 -0.0211168
198.213 -0.0206672 0.00509591 -10.0242 10.0031 -0.0211126
198.225 -0.0206673 0.00509432 -10.0164 9.99526 -0.0211084
198.236 -0.0206675 0.00509259 -10.0085 9.98744 -0.0211044
198.247 -0.0206674 0.00509111 -10.0008 9.9797 -0.0211005
198.258 -0.0206672 0.00508951 -9.9931 9.972 -0.0210973
198.27 -0.0206662 0.00508781 -9.98544 9.96435 -0.0210942
198.281 -0.0206655 0.00508628 -9.97785 9.95675 -0.021092
198.292 -0.0206638 0.00508449 -9.97026 9.94917 -0.0210889
198.303 -0.020662 0.00508278 -9.96274 9.94165 -0.021086
198.315 -0.020661 0.00508089 -9.95525 9.93417 -0.0210821
198.326 -0.0206601 0.00507914 -9.94782 9.92674 -0.0210782
198.337 -0.0206591 0.00507717 -9.94043 9.91936 -0.0210734
198.348 -0.0206577 0.00507546 -9.93311 9.91204 -0.0210693
198.36 -0.0206568 0.00507379 -9.9258 9.90473 -0.0210655
198.371 -0.020656 0.00507204 -9.91854 9.89748 -0.0210616
198.382 -0.0206549 0.00506977 -9.91133 9.89027 -0.0210578
198.393 -0.0206542 0.00506795 -9.90416 9.8831 -0.021054
198.404 -0.0206536 0.00506556 -9.89704 9.87599 -0.0210493
198.416 -0.0206529 0.00506401 -9.89002 9.86898 -0.0210461
198.427 -0.020652 0.00506255 -9.88302 9.86198 -0.0210422
198.438 -0.0206516 0.0050616 -9.87608 9.85504 -0.0210384
198.449 -0.020651 0.00506021 -9.86921 9.84817 -0.0210343
198.461 -0.0206495 0.0050593 -9.8624 9.84137 -0.02103
198.472 -0.0206489 0.00505812 -9.85564 9.83462 -0.0210247
198.483 -0.020649 0.00505737 -9.84898 9.82796 -0.0210199
198.494 -0.0206495 0.00505617 -9.84236 9.82135 -0.021015
198.506 -0.0206498 0.00505551 -9.83583 9.81482 -0.0210101
198.517 -0.0206494 0.00505458 -9.82934 9.80833 -0.0210061
198.528 -0.0206496 0.0050532 -9.8229 9.8019 -0.0210011
198.539 -0.0206497 0.00505166 -9.81651 9.79552 -0.0209968
198.551 -0.0206496 0.00504962 -9.81019 9.7892 -0.0209929
198.562 -0.0206498 0.0050483 -9.80392 9.78293 -0.0209891
198.573 -0.0206491 0.00504702 -9.79769 9.7767 -0.0209859
198.584 -0.0206488 0.00504544 -9.7915 9.77052 -0.020983
198.596 -0.0206475 0.00504364 -9.78536 9.76438 -0.0209791
198.607 -0.0206471 0.00504124 -9.77929 9.75831 -0.0209742
198.618 -0.0206464 0.00503982 -9.77326 9.75229 -0.0209706
198.629 -0.0206462 0.00503753 -9.76727 9.7463 -0.0209655
198.64 -0.0206468 0.00503513 -9.76135 9.74039 -0.0209604
198.652 -0.0206471 0.00503351 -9.75551 9.73455 -0.0209554
198.663 -0.0206478 0.00503263 -9.74972 9.72877 -0.0209505
198.674 -0.020648 0.00503174 -9.74401 9.72306 -0.0209454
198.685 -0.0206481 0.00503069 -9.73835 9.71741 -0.0209407
198.697 -0.0206477 0.00502929 -9.73273 9.7118 -0.0209354
198.708 -0.0206475 0.00502759 -9.72719 9.70626 -0.0209299
198.719 -0.0206473 0.00502627 -9.72173 9.70081 -0.0209253
198.73 -0.0206467 0.00502486 -9.71631 9.69539 -0.0209202
198.742 -0.0206464 0.00502316 -9.71095 9.69003 -0.0209152
198.753 -0.0206463 0.00502168 -9.70565 9.68473 -0.0209115
198.764 -0.0206464 0.00502017 -9.70037 9.67946 -0.0209076
198.775 -0.0206461 0.00501915 -9.69514 9.67424 -0.0209044
198.787 -0.0206465 0.00501737 -9.68998 9.66907 -0.0209007
198.798 -0.020647 0.00501551 -9.68485 9.66396 -0.0208962
198.809 -0.0206474 0.00501336 -9.67978 9.65889 -0.0208914
198.82 -0.0206481 0.00501026 -9.67479 9.6539 -0.0208866
198.831 -0.0206485 0.00500727 -9.66984 9.64896 -0.0208822
198.843 -0.0206485 0.00500387 -9.66496 9.64409 -0.0208773
198.854 -0.0206483 0.0050007 -9.66017 9.6393 -0.0208731
198.865 -0.0206479 0.00499897 -9.65543 9.63456 -0.0208685
198.876 -0.0206475 0.00499743 -9.65074 9.62988 -0.0208641
198.888 -0.0206463 0.00499529 -9.64614 9.62528 -0.0208596
198.899 -0.0206458 0.00499364 -9.64157 9.62072 -0.0208548
198.91 -0.0206442 0.00499207 -9.63707 9.61622 -0.0208509
198.921 -0.0206432 0.00498986 -9.63263 9.61179 -0.0208464
198.933 -0.0206423 0.00498848 -9.62824 9.60739 -0.0208424
198.944 -0.0206416 0.00498681 -9.6239 9.60306 -0.0208384
198.955 -0.0206408 0.00498487 -9.61963 9.59879 -0.0208341
198.966 -0.02064 0.00498318 -9.6154 9.59457 -0.02083
198.978 -0.0206393 0.00498116 -9.61123 9.59041 -0.0208257
198.989 -0.020639 0.0049791 -9.60715 9.58633 -0.020821
199 -0.0206389 0.00497708 -9.60313 9.58231 -0.0208158
199.011 -0.0206381 0.00497451 -9.59919 9.57838 -0.0208112
199.022 -0.0206374 0.00497236 -9.5953 9.5745 -0.0208068
199.034 -0.0206374 0.00497032 -9.59145 9.57065 -0.0208026
199.045 -0.0206375 0.00496826 -9.58767 9.56688 -0.0207981
199.056 -0.020637 0.00496644 -9.58398 9.56318 -0.020794
199.067 -0.0206363 0.00496428 -9.58033 9.55954 -0.0207891
199.079 -0.020636 0.00496262 -9.57676 9.55597 -0.0207848
199.09 -0.0206353 0.00496031 -9.57326 9.55248 -0.0207801
199.101 -0.0206343 0.00495728 -9.56981 9.54903 -0.0207748
199.112 -0.0206333 0.00495439 -9.56644 9.54567 -0.0207697
199.124 -0.020633 0.00495171 -9.56314 9.54238 -0.0207644
199.135 -0.0206321 0.00494987 -9.55989 9.53913 -0.0207585
199.146 -0.0206313 0.00494804 -9.55671 9.53596 -0.0207533
199.157 -0.0206307 0.00494686 -9.55359 9.53284 -0.0207485
199.169 -0.02063 0.00494634 -9.55049 9.52974 -0.0207448
199.18 -0.0206294 0.00494539 -9.54745 9.52671 -0.020741
199.191 -0.0206284 0.00494434 -9.54448 9.52374 -0.0207368
199.202 -0.0206272 0.00494389 -9.54154 9.52081 -0.0207321
199.213 -0.0206265 0.00494321 -9.53867 9.51795 -0.0207282
199.225 -0.0206266 0.00494177 -9.53588 9.51515 -0.0207237
199.236 -0.0206264 0.00494096 -9.53313 9.51242 -0.0207183
199.247 -0.0206265 0.00493955 -9.53048 9.50977 -0.0207128
199.258 -0.0206262 0.00493752 -9.52793 9.50723 -0.0207072
199.27 -0.0206262 0.00493601 -9.52545 9.50474 -0.020701
199.281 -0.0206268 0.00493421 -9.52306 9.50236 -0.0206959
199.292 -0.0206261 0.004932 -9.52076 9.50007 -0.0206904
199.303 -0.0206255 0.00493037 -9.51852 9.49783 -0.0206857
199.315 -0.0206247 0.00492808 -9.51637 9.49569 -0.0206805
199.326 -0.0206237 0.00492634 -9.51432 9.49365 -0.0206752
199.337 -0.0206228 0.00492413 -9.51233 9.49166 -0.0206699
199.348 -0.0206221 0.00492169 -9.51046 9.4898 -0.0206645
199.36 -0.0206218 0.00491909 -9.50868 9.48802 -0.0206588
199.371 -0.0206217 0.00491645 -9.50693 9.48628 -0.0206537
199.382 -0.0206215 0.00491434 -9.50526 9.48461 -0.0206479
199.393 -0.0206216 0.0049119 -9.50367 9.48303 -0.0206419
199.404 -0.0206221 0.00490999 -9.50211 9.48147 -0.0206369
199.416 -0.0206224 0.00490826 -9.50063 9.48 -0.0206323
199.427 -0.0206224 0.00490704 -9.49923 9.47861 -0.0206281
199.438 -0.0206226 0.00490599 -9.49784 9.47722 -0.020624
199.449 -0.0206224 0.00490473 -9.49652 9.4759 -0.0206202
199.461 -0.0206226 0.00490374 -9.49527 9.47466 -0.0206162
199.472 -0.0206225 0.00490265 -9.49408 9.47347 -0.0206113
199.483 -0.0206229 0.00490171 -9.49298 9.47237 -0.0206064
199.494 -0.0206236 0.00490053 -9.49196 9.47136 -0.0206015
199.506 -0.0206236 0.00489837 -9.49101 9.47041 -0.0205953
199.517 -0.020624 0.00489678 -9.49016 9.46958 -0.0205886
199.528 -0.020624 0.00489606 -9.48942 9.46883 -0.0205829
199.539 -0.0206244 0.00489511 -9.48873 9.46815 -0.0205771
199.551 -0.0206245 0.00489411 -9.48812 9.46755 -0.0205728
199.562 -0.0206242 0.00489271 -9.4876 9.46704 -0.0205679
199.573 -0.0206241 0.00489135 -9.48715 9.46658 -0.0205627
199.584 -0.0206242 0.00488985 -9.48677 9.46621 -0.0205577
199.596 -0.020624 0.00488754 -9.4865 9.46594 -0.0205525
199.607 -0.0206235 0.00488497 -9.48629 9.46574 -0.0205475
199.618 -0.0206238 0.00488244 -9.48616 9.46561 -0.0205417
199.629 -0.0206244 0.00488023 -9.48612 9.46559 -0.0205356
199.64 -0.0206248 0.00487837 -9.48615 9.46562 -0.0205297
199.652 -0.0206256 0.00487663 -9.48625 9.46572 -0.020524
199.663 -0.020626 0.00487493 -9.48644 9.46592 -0.0205193
199.674 -0.0206259 0.00487296 -9.48668 9.46617 -0.0205143
199.685 -0.0206256 0.00487198 -9.487 9.46649 -0.02051
199.697 -0.0206248 0.00487056 -9.48738 9.46687 -0.0205062
199.708 -0.0206245 0.00486953 -9.48779 9.46729 -0.020502
199.719 -0.0206237 0.00486788 -9.48826 9.46776 -0.020498
199.73 -0.0206239 0.00486664 -9.48881 9.46831 -0.0204933
199.742 -0.0206237 0.00486518 -9.48942 9.46893 -0.020488
199.753 -0.0206245 0.00486419 -9.4901 9.46962 -0.020483
199.764 -0.0206243 0.00486205 -9.49088 9.4704 -0.0204771
199.775 -0.0206244 0.00486032 -9.49172 9.47125 -0.0204713
199.787 -0.0206242 0.0048581 -9.49263 9.47217 -0.0204647
199.798 -0.0206248 0.00485621 -9.49364 9.47318 -0.0204586
199.809 -0.0206252 0.00485494 -9.49469 9.47424 -0.0204527
199.82 -0.0206253 0.00485384 -9.49582 9.47537 -0.0204471
199.831 -0.0206257 0.00485191 -9.49703 9.47659 -0.0204414
199.843 -0.0206257 0.00484954 -9.4983 9.47787 -0.0204352
199.854 -0.0206251 0.00484742 -9.49969 9.47926 -0.0204303
199.865 -0.0206248 0.00484499 -9.50116 9.48073 -0.0204241
199.876 -0.0206244 0.00484203 -9.50267 9.48225 -0.0204179
199.888 -0.0206246 0.0048395 -9.50428 9.48386 -0.020412
199.899 -0.0206252 0.00483756 -9.50599 9.48559 -0.020406
199.91 -0.0206259 0.00483546 -9.50772 9.48732 -0.0203998
199.921 -0.020627 0.00483354 -9.50952 9.48913 -0.0203939
199.933 -0.0206271 0.00483147 -9.5114 9.49101 -0.0203885
199.944 -0.0206275 0.00482947 -9.51332 9.49294 -0.020383
199.955 -0.020628 0.00482749 -9.51529 9.49491 -0.020378
199.966 -0.0206282 0.00482442 -9.51732 9.49694 -0.020373
199.978 -0.0206285 0.00482203 -9.51943 9.49906 -0.0203687
199.989 -0.0206283 0.00481975 -9.52159 9.50123 -0.0203644
200 -0.0206272 0.004818 -9.52379 9.50343 -0.0203601
200.011 -0.020626 0.00481685 -9.52601 9.50565 -0.0203555
200.022 -0.0206254 0.00481556 -9.52827 9.50792 -0.0203511
200.034 -0.0206249 0.00481482 -9.53059 9.51025 -0.0203473
200.045 -0.0206245 0.00481421 -9.53293 9.51259 -0.0203435
200.056 -0.0206236 0.00481364 -9.53533 9.51499 -0.0203386
200.067 -0.020624 0.00481317 -9.53777 9.51744 -0.0203339
200.079 -0.0206247 0.00481247 -9.54025 9.51992 -0.0203294
200.09 -0.0206251 0.00481148 -9.54277 9.52245 -0.0203252
200.101 -0.0206246 0.00480969 -9.54535 9.52503 -0.0203195
200.112 -0.0206243 0.00480783 -9.54797 9.52766 -0.0203132
200.124 -0.0206241 0.0048063 -9.55067 9.53036 -0.0203073
200.135 -0.0206236 0.00480506 -9.55344 9.53314 -0.0203015
200.146 -0.0206231 0.00480321 -9.55626 9.53596 -0.0202951
200.157 -0.0206229 0.00480148 -9.55915 9.53886 -0.0202898
200.169 -0.0206225 0.00479954 -9.56211 9.54183 -0.0202845
200.18 -0.0206227 0.0047973 -9.56511 9.54483 -0.0202785
200.191 -0.020622 0.00479452 -9.56819 9.54792 -0.0202724
200.202 -0.0206216 0.00479199 -9.57135 9.55108 -0.0202657
200.213 -0.020621 0.00478951 -9.57456 9.5543 -0.0202597
200.225 -0.0206205 0.00478728 -9.57783 9.55757 -0.0202535
200.236 -0.0206201 0.00478543 -9.58118 9.56094 -0.0202468
200.247 -0.0206197 0.00478418 -9.58457 9.56433 -0.0202402
200.258 -0.0206196 0.0047822 -9.58803 9.56779 -0.0202345
200.27 -0.020619 0.00478017 -9.59156 9.57133 -0.020229
200.281 -0.0206183 0.00477768 -9.5951 9.57488 -0.0202231
200.292 -0.020618 0.0047755 -9.5987 9.57849 -0.0202174
200.303 -0.0206174 0.00477414 -9.60236 9.58215 -0.0202108
200.315 -0.0206174 0.00477342 -9.60603 9.58583 -0.020204
200.326 -0.0206167 0.00477171 -9.60977 9.58957 -0.0201977
200.337 -0.0206155 0.0047707 -9.61356 9.59337 -0.020191
200.348 -0.0206149 0.00476934 -9.61737 9.59719 -0.0201844
200.36 -0.020614 0.00476785 -9.62124 9.60106 -0.0201786
200.371 -0.0206136 0.00476667 -9.62515 9.60498 -0.0201729
200.382 -0.0206132 0.00476545 -9.62908 9.60891 -0.0201666
200.393 -0.0206126 0.00476414 -9.63307 9.6129 -0.0201616
200.404 -0.0206125 0.0047629 -9.6371 9.61694 -0.0201563
200.416 -0.0206122 0.0047616 -9.64114 9.62099 -0.0201518
200.427 -0.0206119 0.0047607 -9.64523 9.62509 -0.0201472
200.438 -0.0206113 0.0047596 -9.64939 9.62925 -0.0201425
200.449 -0.0206109 0.00475901 -9.65354 9.6334 -0.0201377
200.461 -0.0206109 0.00475793 -9.65776 9.63762 -0.0201328
200.472 -0.0206107 0.00475774 -9.66204 9.64191 -0.020128
200.483 -0.0206106 0.00475766 -9.66633 9.64621 -0.0201229
200.494 -0.0206111 0.00475696 -9.67066 9.65054 -0.0201186
200.506 -0.0206113 0.00475559 -9.67504 9.65493 -0.0201138
200.517 -0.0206108 0.00475486 -9.67943 9.65932 -0.0201083
200.528 -0.0206098 0.00475355 -9.68388 9.66378 -0.0201035
200.539 -0.0206094 0.00475223 -9.68838 9.66828 -0.0200982
200.551 -0.0206098 0.0047511 -9.69289 9.6728 -0.0200919
200.562 -0.0206096 0.00474967 -9.69747 9.67739 -0.0200855
200.573 -0.0206089 0.00474798 -9.70211 9.68203 -0.0200795
200.584 -0.0206089 0.00474588 -9.70676 9.68669 -0.020073
200.596 -0.020609 0.00474411 -9.71148 9.69141 -0.0200669
200.607 -0.020609 0.00474286 -9.71625 9.69619 -0.0200602
200.618 -0.0206093 0.00474193 -9.72105 9.70099 -0.0200534
200.629 -0.0206093 0.00474048 -9.7259 9.70585 -0.020046
200.64 -0.0206094 0.00473934 -9.73081 9.71077 -0.0200393
200.652 -0.0206095 0.00473814 -9.73573 9.7157 -0.0200324
200.663 -0.0206098 0.00473656 -9.74071 9.72069 -0.0200254
200.674 -0.02061 0.00473546 -9.74573 9.72571 -0.0200188
200.685 -0.0206096 0.00473405 -9.75077 9.73076 -0.0200118
200.697 -0.020609 0.00473257 -9.75587 9.73586 -0.020005
200.708 -0.0206084 0.0047315 -9.76102 9.74102 -0.019999
200.719 -0.020608 0.00473059 -9.76617 9.74617 -0.0199928
200.73 -0.0206075 0.00472973 -9.77136 9.75137 -0.0199867
200.742 -0.020607 0.00472862 -9.7766 9.75662 -0.0199809
200.753 -0.0206064 0.00472749 -9.78187 9.76189 -0.0199749
200.764 -0.0206055 0.00472625 -9.78718 9.76721 -0.0199685
200.775 -0.020605 0.00472487 -9.79254 9.77258 -0.0199623
200.787 -0.0206043 0.00472392 -9.79793 9.77798 -0.0199563
200.798 -0.0206037 0.00472272 -9.80336 9.78341 -0.0199499
200.809 -0.020603 0.00472107 -9.80884 9.7889 -0.0199435
200.82 -0.0206024 0.0047199 -9.81434 9.7944 -0.0199364
200.831 -0.0206017 0.00471876 -9.81988 9.79995 -0.0199301
200.843 -0.0206012 0.00471779 -9.82546 9.80553 -0.019924
200.854 -0.020601 0.00471636 -9.83105 9.81113 -0.0199172
200.865 -0.0206006 0.00471456 -9.83668 9.81677 -0.0199104
200.876 -0.0206005 0.00471284 -9.84237 9.82247 -0.0199041
200.888 -0.0206 0.00471121 -9.84808 9.82818 -0.0198975
200.899 -0.0205997 0.00470875 -9.85382 9.83393 -0.0198907
200.91 -0.0205997 0.00470706 -9.85961 9.83973 -0.019884
200.921 -0.0205995 0.00470548 -9.86542 9.84555 -0.0198767
200.933 -0.0205995 0.00470397 -9.87127 9.8514 -0.0198695
200.944 -0.0205991 0.00470262 -9.87717 9.8573 -0.0198627
200.955 -0.0205987 0.00470081 -9.88308 9.86322 -0.0198561
200.966 -0.0205992 0.00469872 -9.88902 9.86917 -0.0198498
200.978 -0.0205997 0.00469645 -9.89502 9.87518 -0.019843
200.989 -0.0206004 0.00469469 -9.90103 9.88119 -0.0198368
201 -0.0206008 0.00469331 -9.90706 9.88723 -0.0198298
201.011 -0.0206009 0.00469211 -9.91314 9.89331 -0.0198241
201.022 -0.0206013 0.00469153 -9.9192 9.89938 -0.0198185
201.034 -0.0206017 0.00469044 -9.92528 9.90547 -0.0198126
201.045 -0.0206023 0.00468867 -9.93139 9.91158 -0.0198072
201.056 -0.0206027 0.00468699 -9.93749 9.91769 -0.0198015
201.067 -0.0206031 0.00468624 -9.94362 9.92382 -0.0197957
201.079 -0.0206031 0.00468445 -9.94978 9.92999 -0.0197893
201.09 -0.0206029 0.00468309 -9.95595 9.93616 -0.0197832
201.101 -0.0206029 0.00468262 -9.96214 9.94236 -0.0197774
201.112 -0.020603 0.00468122 -9.96837 9.9486 -0.0197708
201.124 -0.0206031 0.00468054 -9.9746 9.95483 -0.0197651
201.135 -0.0206031 0.00468007 -9.98084 9.96108 -0.0197596
201.146 -0.0206027 0.00467917 -9.98712 9.96736 -0.0197544
201.157 -0.0206021 0.00467873 -9.9934 9.97365 -0.0197484
201.169 -0.0206017 0.00467743 -9.9997 9.97996 -0.0197416
201.18 -0.020601 0.00467635 -10.006 9.98631 -0.0197356
201.191 -0.0206002 0.00467501 -10.0124 9.99267 -0.0197291
201.202 -0.0205992 0.00467435 -10.0188 9.99906 -0.0197219
201.213 -0.0205982 0.00467388 -10.0252 10.0055 -0.0197155
201.225 -0.0205972 0.00467287 -10.0317 10.0119 -0.0197085
201.236 -0.0205967 0.00467261 -10.0381 10.0184 -0.0197027
201.247 -0.0205954 0.00467189 -10.0446 10.0249 -0.0196968
201.258 -0.0205943 0.00467104 -10.0511 10.0314 -0.0196906
201.27 -0.020593 0.00466986 -10.0576 10.0379 -0.0196851
201.281 -0.0205917 0.00466884 -10.0641 10.0444 -0.0196795
201.292 -0.0205911 0.00466755 -10.0706 10.0509 -0.019674
201.303 -0.0205905 0.00466588 -10.0771 10.0574 -0.0196692
201.315 -0.0205898 0.00466467 -10.0836 10.064 -0.0196643
201.326 -0.0205896 0.0046638 -10.0901 10.0705 -0.0196587
201.337 -0.0205895 0.0046626 -10.0967 10.077 -0.019654
201.348 -0.020589 0.00466144 -10.1032 10.0835 -0.0196496
201.36 -0.0205888 0.00466015 -10.1097 10.0901 -0.0196448
201.371 -0.0205887 0.00465936 -10.1163 10.0966 -0.0196392
201.382 -0.0205894 0.00465916 -10.1228 10.1032 -0.0196337
201.393 -0.0205901 0.0046592 -10.1294 10.1098 -0.0196279
201.404 -0.0205896 0.00465942 -10.136 10.1163 -0.0196227
201.416 -0.0205894 0.0046589 -10.1426 10.1229 -0.019617
201.427 -0.0205896 0.00465869 -10.1492 10.1296 -0.0196109
201.438 -0.0205891 0.00465879 -10.1558 10.1362 -0.0196051
201.449 -0.0205885 0.0046585 -10.1624 10.1428 -0.0195997
201.461 -0.0205883 0.00465824 -10.1691 10.1495 -0.0195939
201.472 -0.0205879 0.00465796 -10.1757 10.1561 -0.0195882
201.483 -0.0205876 0.00465815 -10.1825 10.1629 -0.0195825
201.494 -0.0205877 0.00465861 -10.1892 10.1696 -0.0195765
201.506 -0.0205875 0.00465847 -10.1959 10.1763 -0.019571
201.517 -0.0205873 0.00465834 -10.2027 10.1831 -0.0195659
201.528 -0.0205871 0.00465786 -10.2095 10.1899 -0.0195603
201.539 -0.020587 0.0046573 -10.2163 10.1968 -0.0195552
201.551 -0.0205869 0.00465658 -10.2232 10.2036 -0.0195495
201.562 -0.0205862 0.00465635 -10.2301 10.2105 -0.0195446
201.573 -0.0205858 0.00465584 -10.237 10.2174 -0.0195387
201.584 -0.0205856 0.00465543 -10.2439 10.2244 -0.019534
201.596 -0.0205856 0.00465449 -10.2508 10.2313 -0.0195288
201.607 -0.020586 0.00465373 -10.2577 10.2382 -0.0195236
201.618 -0.0205864 0.00465262 -10.2647 10.2452 -0.0195178
201.629 -0.0205866 0.0046512 -10.2716 10.2521 -0.0195119
201.64 -0.0205865 0.00464954 -10.2786 10.259 -0.0195062
201.652 -0.0205871 0.00464794 -10.2855 10.266 -0.0195002
201.663 -0.020588 0.00464638 -10.2925 10.273 -0.0194943
201.674 -0.0205886 0.00464486 -10.2994 10.2799 -0.0194884
201.685 -0.0205888 0.00464333 -10.3064 10.2869 -0.0194832
201.697 -0.0205893 0.00464188 -10.3133 10.2939 -0.0194776
201.708 -0.0205894 0.00464003 -10.3203 10.3008 -0.0194729
201.719 -0.0205898 0.0046377 -10.3272 10.3078 -0.0194679
201.73 -0.0205902 0.00463586 -10.3342 10.3147 -0.0194621
201.742 -0.0205908 0.00463424 -10.3411 10.3216 -0.0194567
201.753 -0.0205915 0.00463302 -10.348 10.3286 -0.0194511
201.764 -0.0205915 0.00463093 -10.355 10.3355 -0.0194451
201.775 -0.0205918 0.00462805 -10.3619 10.3425 -0.0194387
201.787 -0.0205922 0.00462619 -10.3688 10.3494 -0.0194333
201.798 -0.0205922 0.00462514 -10.3758 10.3563 -0.0194275
201.809 -0.0205922 0.00462378 -10.3827 10.3632 -0.0194216
201.82 -0.0205925 0.00462206 -10.3896 10.3702 -0.0194163
201.831 -0.0205927 0.0046209 -10.3965 10.3771 -0.0194107
201.843 -0.0205924 0.00461937 -10.4034 10.384 -0.0194051
201.854 -0.0205928 0.00461822 -10.4103 10.3909 -0.019399
201.865 -0.020593 0.00461691 -10.4174 10.398 -0.019393
201.876 -0.0205933 0.00461619 -10.4243 10.405 -0.0193872
201.888 -0.0205938 0.00461503 -10.4313 10.4119 -0.0193811
201.899 -0.0205943 0.00461397 -10.4383 10.4189 -0.0193752
201.91 -0.0205947 0.00461257 -10.4453 10.4259 -0.0193688
201.921 -0.0205949 0.00461117 -10.4523 10.4329 -0.0193628
201.933 -0.0205949 0.00461029 -10.4593 10.44 -0.0193566
201.944 -0.0205953 0.00460928 -10.4663 10.4469 -0.0193515
201.955 -0.0205962 0.00460811 -10.4732 10.4539 -0.0193457
201.966 -0.0205968 0.00460722 -10.4802 10.4608 -0.0193402
201.978 -0.0205974 0.00460608 -10.4871 10.4678 -0.0193346
201.989 -0.0205972 0.00460505 -10.4941 10.4747 -0.019329
202 -0.0205973 0.00460455 -10.501 10.4817 -0.019323
202.011 -0.0205976 0.00460452 -10.5079 10.4886 -0.0193173
202.022 -0.0205981 0.00460442 -10.5149 10.4956 -0.0193113
202.034 -0.0205978 0.00460403 -10.5218 10.5025 -0.0193055
202.045 -0.0205973 0.00460392 -10.5288 10.5095 -0.0192997
202.056 -0.020597 0.00460352 -10.5357 10.5164 -0.019295
202.067 -0.0205976 0.00460316 -10.5427 10.5234 -0.0192907
202.079 -0.0205975 0.0046025 -10.5496 10.5303 -0.0192846
202.09 -0.0205973 0.00460258 -10.5565 10.5372 -0.0192787
202.101 -0.0205967 0.00460257 -10.5634 10.5441 -0.0192732
202.112 -0.0205958 0.00460274 -10.5703 10.551 -0.0192674
202.124 -0.020595 0.0046031 -10.5772 10.5579 -0.0192621
202.135 -0.020594 0.00460341 -10.5841 10.5648 -0.0192565
202.146 -0.020594 0.00460404 -10.5909 10.5717 -0.0192512
202.157 -0.0205939 0.00460385 -10.5978 10.5785 -0.0192455
202.169 -0.0205939 0.00460308 -10.6046 10.5854 -0.0192392
202.18 -0.0205933 0.0046025 -10.6114 10.5922 -0.0192328
202.191 -0.0205928 0.0046019 -10.6183 10.5991 -0.0192269
202.202 -0.0205923 0.00460117 -10.6251 10.6059 -0.0192206
202.213 -0.0205919 0.0046008 -10.6319 10.6127 -0.0192141
202.225 -0.0205913 0.00459966 -10.6388 10.6196 -0.0192081
202.236 -0.0205915 0.00459867 -10.6456 10.6264 -0.0192025
202.247 -0.0205912 0.00459805 -10.6524 10.6332 -0.0191968
202.258 -0.0205912 0.00459785 -10.6592 10.64 -0.0191915
202.27 -0.0205913 0.00459757 -10.666 10.6468 -0.0191857
202.281 -0.0205915 0.00459755 -10.6728 10.6536 -0.0191804
202.292 -0.0205917 0.00459785 -10.6796 10.6604 -0.0191747
202.303 -0.0205924 0.00459764 -10.6863 10.6672 -0.0191681
202.315 -0.0205934 0.00459798 -10.6931 10.6739 -0.0191625
202.326 -0.0205939 0.00459877 -10.6998 10.6807 -0.0191561
202.337 -0.0205945 0.00459905 -10.7066 10.6875 -0.0191501
202.348 -0.0205951 0.00459916 -10.7134 10.6942 -0.0191457
202.36 -0.0205958 0.00459916 -10.7201 10.701 -0.0191405
202.371 -0.0205961 0.00459867 -10.7269 10.7077 -0.0191348
202.382 -0.0205965 0.00459828 -10.7336 10.7144 -0.0191292
202.393 -0.0205973 0.00459748 -10.7403 10.7212 -0.0191232
202.404 -0.020598 0.00459682 -10.747 10.7279 -0.0191167
202.416 -0.020599 0.00459609 -10.7537 10.7346 -0.0191109
202.427 -0.0205992 0.00459568 -10.7604 10.7413 -0.0191048
202.438 -0.0205999 0.00459563 -10.7671 10.748 -0.0190987
202.449 -0.0205995 0.00459551 -10.7738 10.7547 -0.0190926
202.461 -0.0205996 0.00459577 -10.7804 10.7614 -0.0190875
202.472 -0.0206003 0.0045956 -10.7871 10.768 -0.019082
202.483 -0.0206008 0.0045955 -10.7937 10.7747 -0.0190765
202.494 -0.0206007 0.00459542 -10.8004 10.7813 -0.0190707
202.506 -0.0206006 0.0045953 -10.807 10.7879 -0.0190649
202.517 -0.0206007 0.00459471 -10.8136 10.7945 -0.0190602
202.528 -0.0206006 0.00459393 -10.8202 10.8011 -0.0190555
202.539 -0.0206004 0.00459278 -10.8268 10.8077 -0.0190502
202.551 -0.0206005 0.00459114 -10.8333 10.8143 -0.0190449
202.562 -0.0206003 0.00459028 -10.8399 10.8208 -0.0190395
202.573 -0.0206 0.00458927 -10.8464 10.8274 -0.0190336
202.584 -0.0206001 0.00458827 -10.8529 10.8339 -0.0190278
202.596 -0.0206002 0.00458775 -10.8595 10.8404 -0.0190219
202.607 -0.0206003 0.00458686 -10.866 10.847 -0.0190159
202.618 -0.0206007 0.00458714 -10.8725 10.8535 -0.0190112
202.629 -0.0206009 0.00458739 -10.879 10.86 -0.0190066
202.64 -0.0206013 0.00458748 -10.8855 10.8665 -0.0190017
202.652 -0.0206013 0.00458746 -10.892 10.873 -0.0189971
202.663 -0.0206014 0.00458761 -10.8985 10.8795 -0.0189923
202.674 -0.0206013 0.00458814 -10.9049 10.8859 -0.0189884
202.685 -0.0206006 0.0045882 -10.9114 10.8924 -0.0189836
202.697 -0.0206 0.00458913 -10.9178 10.8989 -0.0189785
202.708 -0.0206 0.00458908 -10.9242 10.9053 -0.0189734
202.719 -0.0206001 0.00458887 -10.9306 10.9117 -0.0189691
202.73 -0.0205999 0.00458847 -10.937 10.9181 -0.0189644
202.742 -0.0206002 0.00458864 -10.9434 10.9244 -0.0189595
202.753 -0.0206003 0.00458768 -10.9498 10.9308 -0.0189539
202.764 -0.0206004 0.0045873 -10.9561 10.9372 -0.0189488
202.775 -0.0206004 0.00458638 -10.9625 10.9435 -0.0189433
202.787 -0.0206002 0.00458591 -10.9688 10.9499 -0.0189374
202.798 -0.0206004 0.00458607 -10.9751 10.9562 -0.0189321
202.809 -0.0206007 0.00458658 -10.9815 10.9625 -0.018926
202.82 -0.0206006 0.00458641 -10.9878 10.9689 -0.0189207
202.831 -0.0206008 0.00458678 -10.9941 10.9752 -0.0189149
202.843 -0.0206014 0.00458708 -11.0004 10.9815 -0.0189095
202.854 -0.0206018 0.00458734 -11.0067 10.9878 -0.0189047
202.865 -0.0206022 0.00458744 -11.013 10.9941 -0.0188996
202.876 -0.0206023 0.00458761 -11.0192 11.0003 -0.018894
202.888 -0.0206026 0.00458778 -11.0255 11.0066 -0.0188886
202.899 -0.0206029 0.00458826 -11.0317 11.0128 -0.018884
202.91 -0.0206037 0.00458882 -11.0379 11.019 -0.018879
202.921 -0.020605 0.00458898 -11.0441 11.0252 -0.0188741
202.933 -0.0206059 0.00458926 -11.0503 11.0314 -0.0188696
202.944 -0.0206063 0.00458959 -11.0564 11.0376 -0.0188648
202.955 -0.0206072 0.00458937 -11.0626 11.0437 -0.0188598
202.966 -0.0206075 0.0045894 -11.0687 11.0498 -0.0188555
202.978 -0.0206084 0.00459003 -11.0748 11.0559 -0.0188504
202.989 -0.0206088 0.00459073 -11.0809 11.062 -0.0188449
203 -0.020609 0.00459187 -11.0869 11.0681 -0.0188394
203.011 -0.0206099 0.00459301 -11.093 11.0742 -0.0188341
203.022 -0.0206105 0.00459378 -11.099 11.0802 -0.0188292
203.034 -0.0206104 0.00459504 -11.1051 11.0863 -0.0188236
203.045 -0.020611 0.0045959 -11.1111 11.0923 -0.0188177
203.056 -0.0206116 0.0045967 -11.1171 11.0983 -0.0188121
203.067 -0.0206126 0.00459802 -11.1231 11.1043 -0.0188074
203.079 -0.0206133 0.00459917 -11.1291 11.1103 -0.0188017
203.09 -0.020615 0.00459941 -11.135 11.1162 -0.0187958
203.101 -0.0206166 0.00460036 -11.141 11.1222 -0.0187905
203.112 -0.0206178 0.00460099 -11.1469 11.1281 -0.0187847
203.124 -0.0206186 0.00460159 -11.1528 11.134 -0.0187783
203.135 -0.0206195 0.00460264 -11.1586 11.1399 -0.0187733
203.146 -0.0206209 0.00460357 -11.1645 11.1457 -0.0187663
203.157 -0.0206215 0.0046047 -11.1703 11.1516 -0.0187601
203.169 -0.0206232 0.00460511 -11.1761 11.1574 -0.0187541
203.18 -0.020624 0.00460506 -11.1819 11.1632 -0.0187471
203.191 -0.020624 0.0046052 -11.1877 11.169 -0.01874
203.202 -0.0206248 0.00460487 -11.1935 11.1747 -0.0187335
203.213 -0.0206243 0.00460535 -11.1992 11.1805 -0.0187266
203.225 -0.0206247 0.00460568 -11.2049 11.1862 -0.0187195
203.236 -0.0206247 0.00460619 -11.2106 11.1919 -0.0187124
203.247 -0.0206246 0.00460719 -11.2162 11.1975 -0.018706
203.258 -0.0206251 0.00460829 -11.2219 11.2032 -0.0186996
203.27 -0.0206246 0.00460922 -11.2275 11.2088 -0.0186928
203.281 -0.0206244 0.00461005 -11.233 11.2144 -0.0186861
203.292 -0.0206242 0.00461107 -11.2386 11.2199 -0.0186795
203.303 -0.0206239 0.00461145 -11.2441 11.2254 -0.0186736
203.315 -0.0206244 0.00461138 -11.2496 11.2309 -0.0186675
203.326 -0.0206242 0.0046124 -11.255 11.2363 -0.0186624
203.337 -0.0206232 0.00461346 -11.2604 11.2417 -0.0186568
203.348 -0.0206227 0.00461491 -11.2657 11.2471 -0.0186514
203.36 -0.0206232 0.00461639 -11.271 11.2524 -0.0186471
203.371 -0.0206233 0.00461705 -11.2763 11.2576 -0.0186428
203.382 -0.0206242 0.00461811 -11.2815 11.2628 -0.0186384
203.393 -0.0206246 0.0046191 -11.2866 11.268 -0.0186349
203.404 -0.0206245 0.00461991 -11.2918 11.2732 -0.0186311
203.416 -0.0206248 0.00462081 -11.2969 11.2782 -0.018627
203.427 -0.0206254 0.00462197 -11.3019 11.2833 -0.0186233
203.438 -0.0206254 0.00462309 -11.3069 11.2883 -0.0186192
203.449 -0.0206258 0.00462352 -11.3118 11.2932 -0.0186147
203.461 -0.0206264 0.00462509 -11.3168 11.2982 -0.0186094
203.472 -0.0206266 0.00462686 -11.3217 11.3031 -0.0186042
203.483 -0.0206265 0.0046282 -11.3266 11.308 -0.0185991
203.494 -0.0206271 0.00462926 -11.3315 11.3129 -0.0185933
203.506 -0.0206271 0.0046304 -11.3363 11.3178 -0.0185879
203.517 -0.0206277 0.00463196 -11.3411 11.3226 -0.0185825
203.528 -0.0206277 0.00463338 -11.346 11.3274 -0.0185768
203.539 -0.020628 0.00463474 -11.3508 11.3322 -0.018572
203.551 -0.0206273 0.00463525 -11.3556 11.337 -0.018566
203.562 -0.0206268 0.00463566 -11.3603 11.3418 -0.0185601
203.573 -0.020626 0.00463617 -11.3651 11.3466 -0.0185542
203.584 -0.0206253 0.00463715 -11.3698 11.3513 -0.0185474
203.596 -0.0206241 0.00463814 -11.3746 11.356 -0.0185405
203.607 -0.0206227 0.00463997 -11.3793 11.3607 -0.018534
203.618 -0.0206214 0.00464108 -11.384 11.3654 -0.0185271
203.629 -0.0206202 0.00464212 -11.3886 11.3701 -0.0185203
203.64 -0.0206195 0.00464284 -11.3933 11.3748 -0.0185132
203.652 -0.020618 0.00464346 -11.398 11.3795 -0.018506
203.663 -0.0206167 0.00464377 -11.4026 11.3841 -0.018499
203.674 -0.0206158 0.00464432 -11.4073 11.3888 -0.0184922
203.685 -0.0206147 0.00464468 -11.4119 11.3934 -0.0184859
203.697 -0.0206143 0.00464477 -11.4165 11.398 -0.0184802
203.708 -0.0206143 0.0046451 -11.4211 11.4026 -0.018475
203.719 -0.0206145 0.00464585 -11.4256 11.4071 -0.0184696
203.73 -0.0206139 0.00464646 -11.4301 11.4116 -0.0184646
203.742 -0.0206137 0.00464797 -11.4345 11.4161 -0.0184591
203.753 -0.0206138 0.00464888 -11.4389 11.4205 -0.0184539
203.764 -0.0206139 0.00464978 -11.4433 11.4248 -0.0184488
203.775 -0.0206139 0.00465091 -11.4476 11.4292 -0.0184447
203.787 -0.0206139 0.00465181 -11.4519 11.4334 -0.0184403
203.798 -0.0206138 0.00465328 -11.4561 11.4377 -0.0184361
203.809 -0.0206131 0.00465431 -11.4603 11.4418 -0.0184319
203.82 -0.020612 0.0046556 -11.4644 11.446 -0.0184264
203.831 -0.0206117 0.0046574 -11.4685 11.4501 -0.0184213
203.843 -0.020611 0.00465916 -11.4726 11.4541 -0.018416
203.854 -0.020611 0.00465977 -11.4766 11.4582 -0.01841
203.865 -0.0206113 0.0046611 -11.4806 11.4622 -0.018405
203.876 -0.0206116 0.00466216 -11.4846 11.4662 -0.0184005
203.888 -0.0206118 0.00466307 -11.4885 11.4701 -0.0183953
203.899 -0.0206123 0.00466375 -11.4924 11.474 -0.018391
203.91 -0.020613 0.00466527 -11.4963 11.4779 -0.0183867
203.921 -0.0206133 0.00466619 -11.5001 11.4818 -0.0183823
203.933 -0.0206137 0.00466732 -11.5039 11.4855 -0.0183788
203.944 -0.0206137 0.00466838 -11.5077 11.4893 -0.0183752
203.955 -0.0206133 0.00466906 -11.5114 11.493 -0.018371
203.966 -0.0206125 0.00467062 -11.5151 11.4967 -0.0183669
203.978 -0.0206118 0.00467231 -11.5188 11.5004 -0.0183626
203.989 -0.0206107 0.00467381 -11.5224 11.504 -0.0183572
204 -0.0206095 0.00467558 -11.526 11.5077 -0.0183517
204.011 -0.0206089 0.00467732 -11.5296 11.5113 -0.018347
204.022 -0.0206075 0.00467899 -11.5332 11.5149 -0.0183416
204.034 -0.0206069 0.00468107 -11.5368 11.5184 -0.0183371
204.045 -0.0206065 0.00468242 -11.5403 11.522 -0.0183317
204.056 -0.0206056 0.00468362 -11.5439 11.5255 -0.0183269
204.067 -0.0206047 0.00468386 -11.5474 11.529 -0.0183224
204.079 -0.0206035 0.0046848 -11.5508 11.5325 -0.0183181
204.09 -0.0206029 0.00468535 -11.5543 11.536 -0.0183133
204.101 -0.0206023 0.00468556 -11.5577 11.5394 -0.0183097
204.112 -0.0206024 0.00468558 -11.5611 11.5428 -0.0183063
204.124 -0.0206028 0.00468653 -11.5645 11.5462 -0.0183026
204.135 -0.0206023 0.00468722 -11.5678 11.5495 -0.018298
204.146 -0.0206016 0.00468816 -11.5711 11.5528 -0.018294
204.157 -0.0206018 0.00468976 -11.5744 11.5561 -0.0182899
204.169 -0.0206021 0.00469136 -11.5777 11.5594 -0.0182853
204.18 -0.0206015 0.00469284 -11.5809 11.5627 -0.0182805
204.191 -0.0206009 0.00469453 -11.5842 11.5659 -0.0182755
204.202 -0.0206005 0.00469623 -11.5874 11.5691 -0.0182706
204.213 -0.0205998 0.0046974 -11.5906 11.5724 -0.0182653
204.225 -0.0205988 0.00469859 -11.5938 11.5756 -0.0182604
204.236 -0.0205979 0.00469931 -11.597 11.5787 -0.0182553
204.247 -0.0205974 0.00470061 -11.6001 11.5819 -0.0182502
204.258 -0.0205972 0.00470176 -11.6033 11.585 -0.0182443
204.27 -0.0205964 0.00470288 -11.6064 11.5881 -0.0182386
204.281 -0.0205953 0.00470414 -11.6095 11.5913 -0.0182339
204.292 -0.0205937 0.00470464 -11.6126 11.5944 -0.0182282
204.303 -0.0205931 0.00470612 -11.6157 11.5975 -0.0182225
204.315 -0.020592 0.00470793 -11.6188 11.6006 -0.0182174
204.326 -0.0205918 0.00470988 -11.6219 11.6036 -0.0182122
204.337 -0.0205923 0.00471096 -11.6249 11.6067 -0.0182084
204.348 -0.0205927 0.00471118 -11.6279 11.6097 -0.0182047
204.36 -0.020593 0.00471138 -11.6308 11.6126 -0.0182012
204.371 -0.0205929 0.00471232 -11.6337 11.6156 -0.0181977
204.382 -0.0205933 0.00471337 -11.6367 11.6185 -0.0181947
204.393 -0.0205942 0.0047146 -11.6395 11.6213 -0.0181912
204.404 -0.0205941 0.00471598 -11.6424 11.6242 -0.0181871
204.416 -0.0205935 0.00471741 -11.6452 11.627 -0.0181832
204.427 -0.0205929 0.00471928 -11.648 11.6298 -0.0181789
204.438 -0.0205922 0.0047207 -11.6507 11.6326 -0.0181745
204.449 -0.0205911 0.00472252 -11.6535 11.6353 -0.0181705
204.461 -0.0205896 0.00472456 -11.6562 11.638 -0.0181659
204.472 -0.020589 0.00472698 -11.6589 11.6407 -0.018161
204.483 -0.0205883 0.00472944 -11.6615 11.6434 -0.0181565
204.494 -0.0205878 0.00473142 -11.6641 11.646 -0.0181524
204.506 -0.0205872 0.00473381 -11.6667 11.6486 -0.0181485
204.517 -0.0205863 0.00473655 -11.6693 11.6512 -0.0181436
204.528 -0.0205862 0.00473822 -11.6718 11.6537 -0.0181391
204.539 -0.0205855 0.00474008 -11.6744 11.6562 -0.018134
204.551 -0.0205846 0.00474203 -11.6768 11.6587 -0.0181288
204.562 -0.0205837 0.00474424 -11.6793 11.6612 -0.0181232
204.573 -0.0205829 0.00474618 -11.6818 11.6637 -0.0181183
204.584 -0.020583 0.00474677 -11.6842 11.6661 -0.0181144
204.596 -0.0205831 0.00474819 -11.6866 11.6685 -0.0181093
204.607 -0.0205839 0.0047489 -11.689 11.6709 -0.0181048
204.618 -0.0205843 0.00474996 -11.6913 11.6732 -0.0181007
204.629 -0.0205845 0.00475106 -11.6936 11.6755 -0.0180957
204.64 -0.0205844 0.00475214 -11.6959 11.6778 -0.018092
204.652 -0.0205842 0.00475325 -11.6981 11.68 -0.0180884
204.663 -0.0205839 0.00475531 -11.7003 11.6823 -0.0180831
204.674 -0.0205836 0.00475775 -11.7026 11.6845 -0.0180779
204.685 -0.0205827 0.0047604 -11.7048 11.6867 -0.0180728
204.697 -0.0205812 0.00476264 -11.7069 11.6889 -0.0180669
204.708 -0.0205795 0.00476473 -11.7091 11.691 -0.0180617
204.719 -0.0205776 0.004767 -11.7113 11.6932 -0.0180571
204.73 -0.0205756 0.00476859 -11.7134 11.6953 -0.0180524
204.742 -0.0205737 0.00476949 -11.7155 11.6974 -0.0180486
204.753 -0.0205724 0.00476974 -11.7175 11.6995 -0.0180463
204.764 -0.0205714 0.00477046 -11.7195 11.7015 -0.0180436
204.775 -0.0205706 0.00477072 -11.7214 11.7034 -0.0180413
204.787 -0.0205697 0.00477118 -11.7234 11.7053 -0.0180383
204.798 -0.0205684 0.00477204 -11.7252 11.7072 -0.0180349
204.809 -0.0205668 0.00477352 -11.727 11.709 -0.0180314
204.82 -0.0205655 0.00477509 -11.7288 11.7108 -0.018028
204.831 -0.0205642 0.00477687 -11.7306 11.7125 -0.0180236
204.843 -0.0205624 0.00477817 -11.7323 11.7143 -0.0180192
204.854 -0.0205606 0.00477974 -11.734 11.716 -0.0180145
204.865 -0.0205588 0.00478156 -11.7356 11.7176 -0.0180096
204.876 -0.020556 0.00478282 -11.7373 11.7193 -0.0180042
204.888 -0.0205538 0.00478376 -11.7389 11.7209 -0.0179987
204.899 -0.0205526 0.00478468 -11.7405 11.7225 -0.0179938
204.91 -0.0205519 0.00478567 -11.742 11.724 -0.0179887
204.921 -0.0205506 0.00478719 -11.7436 11.7256 -0.0179838
204.933 -0.0205493 0.00478869 -11.7451 11.7271 -0.0179787
204.944 -0.0205473 0.00479081 -11.7466 11.7286 -0.0179733
204.955 -0.0205461 0.00479308 -11.748 11.7301 -0.0179691
204.966 -0.0205446 0.00479476 -11.7495 11.7315 -0.0179646
204.978 -0.0205434 0.00479643 -11.7509 11.7329 -0.0179604
204.989 -0.0205412 0.00479785 -11.7523 11.7343 -0.0179571
205 -0.0205397 0.00479941 -11.7537 11.7357 -0.0179525
205.011 -0.020538 0.00480091 -11.755 11.7371 -0.0179483
205.022 -0.0205374 0.00480214 -11.7564 11.7384 -0.0179447
205.034 -0.0205371 0.00480358 -11.7577 11.7397 -0.0179406
205.045 -0.0205366 0.0048048 -11.7589 11.741 -0.0179366
205.056 -0.0205362 0.00480583 -11.7602 11.7423 -0.0179324
205.067 -0.0205352 0.00480784 -11.7614 11.7435 -0.0179278
205.079 -0.0205343 0.00481018 -11.7627 11.7447 -0.0179226
205.09 -0.0205328 0.00481172 -11.7639 11.7459 -0.0179172
205.101 -0.0205316 0.00481347 -11.765 11.7471 -0.0179124
205.112 -0.0205301 0.00481452 -11.7662 11.7483 -0.0179084
205.124 -0.0205289 0.0048156 -11.7673 11.7494 -0.0179038
205.135 -0.0205264 0.00481745 -11.7684 11.7505 -0.0178987
205.146 -0.0205241 0.00481937 -11.7694 11.7515 -0.0178922
205.157 -0.0205232 0.00482142 -11.7705 11.7526 -0.0178874
205.169 -0.0205207 0.00482323 -11.7715 11.7536 -0.0178814
205.18 -0.0205186 0.00482421 -11.7725 11.7546 -0.0178761
205.191 -0.0205162 0.00482493 -11.7735 11.7556 -0.0178713
205.202 -0.0205146 0.00482545 -11.7745 11.7566 -0.0178666
205.213 -0.0205136 0.00482709 -11.7754 11.7575 -0.0178608
205.225 -0.0205118 0.00482846 -11.7763 11.7584 -0.017855
205.236 -0.0205105 0.00483024 -11.7771 11.7593 -0.0178489
205.247 -0.0205087 0.00483197 -11.778 11.7601 -0.0178432
205.258 -0.0205065 0.00483364 -11.7788 11.761 -0.0178375
205.27 -0.0205049 0.0048356 -11.7796 11.7617 -0.0178309
205.281 -0.0205034 0.00483774 -11.7803 11.7625 -0.0178243
205.292 -0.0205023 0.00483903 -11.7811 11.7633 -0.0178188
205.303 -0.0205009 0.00484107 -11.7818 11.764 -0.0178133
205.315 -0.0204994 0.00484233 -11.7825 11.7647 -0.0178073
205.326 -0.0204972 0.00484398 -11.7833 11.7655 -0.017802
205.337 -0.0204949 0.00484541 -11.7839 11.7661 -0.0177971
205.348 -0.0204924 0.00484657 -11.7846 11.7668 -0.0177918
205.36 -0.0204903 0.00484714 -11.7852 11.7674 -0.0177871
205.371 -0.0204883 0.0048487 -11.7857 11.768 -0.0177817
205.382 -0.0204865 0.00485053 -11.7863 11.7685 -0.017776
205.393 -0.0204842 0.00485221 -11.7868 11.769 -0.0177705
205.404 -0.0204823 0.00485369 -11.7873 11.7695 -0.0177645
205.416 -0.0204805 0.00485528 -11.7878 11.77 -0.0177586
205.427 -0.020479 0.00485694 -11.7882 11.7704 -0.017753
205.438 -0.0204777 0.00485878 -11.7886 11.7708 -0.0177461
205.449 -0.0204768 0.00486093 -11.789 11.7712 -0.01774
205.461 -0.0204754 0.00486289 -11.7894 11.7716 -0.0177351
205.472 -0.0204745 0.00486402 -11.7897 11.772 -0.0177295
205.483 -0.020474 0.00486522 -11.79 11.7723 -0.0177237
205.494 -0.0204727 0.00486642 -11.7904 11.7727 -0.0177181
205.506 -0.020471 0.00486757 -11.7907 11.773 -0.0177121
205.517 -0.0204693 0.00486899 -11.791 11.7733 -0.0177065
205.528 -0.0204672 0.0048703 -11.7913 11.7736 -0.0177006
205.539 -0.0204662 0.00487055 -11.7916 11.7739 -0.0176951
205.551 -0.0204646 0.00487194 -11.7919 11.7742 -0.0176884
205.562 -0.0204636 0.00487261 -11.7922 11.7745 -0.0176828
205.573 -0.0204625 0.00487325 -11.7924 11.7748 -0.0176764
205.584 -0.0204616 0.00487494 -11.7927 11.775 -0.0176705
205.596 -0.0204602 0.00487666 -11.7929 11.7752 -0.0176652
205.607 -0.020459 0.00487894 -11.7931 11.7755 -0.0176589
205.618 -0.0204573 0.00488119 -11.7933 11.7757 -0.0176526
205.629 -0.0204566 0.0048832 -11.7935 11.7759 -0.0176468
205.64 -0.0204555 0.00488554 -11.7937 11.776 -0.017641
205.652 -0.0204545 0.00488844 -11.7938 11.7762 -0.017635
205.663 -0.0204527 0.00489089 -11.7939 11.7763 -0.0176303
205.674 -0.0204509 0.00489361 -11.794 11.7764 -0.0176257
205.685 -0.0204492 0.00489532 -11.794 11.7764 -0.017622
205.697 -0.0204479 0.00489686 -11.794 11.7764 -0.0176186
205.708 -0.020447 0.00489797 -11.794 11.7763 -0.0176148
205.719 -0.0204465 0.00489959 -11.7938 11.7762 -0.0176115
205.73 -0.0204459 0.00490145 -11.7937 11.7761 -0.0176075
205.742 -0.0204449 0.00490337 -11.7935 11.7759 -0.0176031
205.753 -0.0204433 0.00490519 -11.7932 11.7756 -0.0175979
205.764 -0.020442 0.00490705 -11.793 11.7754 -0.0175927
205.775 -0.0204408 0.00490881 -11.7927 11.7751 -0.0175872
205.787 -0.0204396 0.00491082 -11.7923 11.7747 -0.0175817
205.798 -0.0204385 0.00491192 -11.792 11.7744 -0.0175775
205.809 -0.0204372 0.0049137 -11.7916 11.774 -0.017573
205.82 -0.0204365 0.00491548 -11.7911 11.7736 -0.0175668
205.831 -0.0204354 0.00491728 -11.7907 11.7731 -0.0175618
205.843 -0.0204344 0.00491932 -11.7902 11.7726 -0.017557
205.854 -0.0204334 0.00492123 -11.7897 11.7721 -0.0175517
205.865 -0.0204325 0.00492333 -11.7891 11.7716 -0.017546
205.876 -0.0204322 0.00492608 -11.7885 11.771 -0.0175394
205.888 -0.020431 0.00492897 -11.788 11.7704 -0.0175336
205.899 -0.0204294 0.00493174 -11.7873 11.7698 -0.0175278
205.91 -0.0204284 0.00493423 -11.7867 11.7692 -0.0175221
205.921 -0.0204273 0.00493686 -11.786 11.7685 -0.0175164
205.933 -0.0204267 0.00493925 -11.7853 11.7678 -0.017511
205.944 -0.0204259 0.00494169 -11.7845 11.767 -0.0175057
205.955 -0.0204251 0.00494393 -11.7838 11.7663 -0.0175005
205.966 -0.020424 0.00494656 -11.783 11.7655 -0.0174958
205.978 -0.0204233 0.00494814 -11.7822 11.7647 -0.0174912
205.989 -0.0204219 0.00495045 -11.7814 11.7639 -0.0174865
206 -0.0204202 0.00495193 -11.7806 11.7631 -0.0174813
206.011 -0.0204182 0.00495337 -11.7797 11.7622 -0.0174771
206.022 -0.0204164 0.00495444 -11.7788 11.7613 -0.0174735
206.034 -0.0204148 0.00495613 -11.7779 11.7604 -0.0174693
206.045 -0.0204129 0.00495778 -11.7769 11.7595 -0.0174645
206.056 -0.0204116 0.00495935 -11.7759 11.7584 -0.0174606
206.067 -0.0204106 0.0049601 -11.7749 11.7574 -0.0174571
206.079 -0.0204096 0.00496054 -11.7738 11.7563 -0.0174538
206.09 -0.0204086 0.0049617 -11.7726 11.7552 -0.0174498
206.101 -0.0204073 0.00496339 -11.7715 11.754 -0.0174462
206.112 -0.0204071 0.00496543 -11.7703 11.7528 -0.0174427
206.124 -0.0204063 0.00496697 -11.769 11.7516 -0.0174385
206.135 -0.0204047 0.00496871 -11.7678 11.7503 -0.0174347
206.146 -0.020403 0.00497093 -11.7664 11.749 -0.0174311
206.157 -0.0204017 0.00497348 -11.765 11.7476 -0.0174282
206.169 -0.0204004 0.00497549 -11.7636 11.7462 -0.0174243
206.18 -0.020399 0.00497691 -11.7621 11.7447 -0.0174203
206.191 -0.0203978 0.00497851 -11.7606 11.7432 -0.0174163
206.202 -0.0203972 0.00498005 -11.759 11.7416 -0.0174129
206.213 -0.0203969 0.0049817 -11.7573 11.7399 -0.0174094
206.225 -0.0203962 0.00498438 -11.7556 11.7382 -0.0174056
206.236 -0.0203946 0.00498646 -11.7539 11.7365 -0.0174025
206.247 -0.020393 0.00498923 -11.7521 11.7347 -0.0173984
206.258 -0.0203914 0.00499133 -11.7503 11.7329 -0.0173959
206.27 -0.0203896 0.00499383 -11.7484 11.731 -0.0173919
206.281 -0.0203884 0.0049962 -11.7465 11.7291 -0.0173878
206.292 -0.0203872 0.00499877 -11.7446 11.7272 -0.0173836
206.303 -0.0203856 0.0050009 -11.7426 11.7252 -0.0173799
206.315 -0.0203849 0.00500276 -11.7406 11.7232 -0.0173756
206.326 -0.0203836 0.00500495 -11.7385 11.7211 -0.0173713
206.337 -0.0203818 0.00500682 -11.7364 11.7191 -0.017367
206.348 -0.0203804 0.00500907 -11.7343 11.717 -0.0173621
206.36 -0.0203793 0.00501085 -11.7322 11.7148 -0.0173574
206.371 -0.0203787 0.00501209 -11.73 11.7127 -0.0173532
206.382 -0.0203778 0.00501324 -11.7278 11.7105 -0.0173496
206.393 -0.0203771 0.00501481 -11.7255 11.7082 -0.0173459
206.404 -0.0203765 0.00501653 -11.7233 11.7059 -0.0173422
206.416 -0.0203757 0.00501808 -11.7209 11.7036 -0.0173369
206.427 -0.0203752 0.00501943 -11.7186 11.7013 -0.0173326
206.438 -0.0203735 0.00502191 -11.7162 11.6989 -0.0173286
206.449 -0.0203726 0.00502384 -11.7138 11.6965 -0.0173242
206.461 -0.020372 0.00502587 -11.7114 11.6941 -0.01732
206.472 -0.020371 0.00502888 -11.709 11.6916 -0.0173152
206.483 -0.0203697 0.00503139 -11.7065 11.6892 -0.0173099
206.494 -0.0203697 0.00503434 -11.704 11.6867 -0.0173054
206.506 -0.0203686 0.00503777 -11.7014 11.6841 -0.0173003
206.517 -0.0203673 0.00504122 -11.6989 11.6816 -0.0172951
206.528 -0.0203651 0.00504477 -11.6963 11.679 -0.0172899
206.539 -0.0203634 0.00504814 -11.6938 11.6765 -0.0172861
206.551 -0.0203622 0.00505206 -11.6911 11.6739 -0.0172817
206.562 -0.0203618 0.00505542 -11.6885 11.6712 -0.0172774
206.573 -0.020361 0.00505832 -11.6859 11.6686 -0.0172737
206.584 -0.0203603 0.00506149 -11.6832 11.6659 -0.0172701
206.596 -0.0203595 0.00506315 -11.6804 11.6632 -0.0172662
206.607 -0.0203586 0.00506535 -11.6777 11.6604 -0.0172627
206.618 -0.0203577 0.00506682 -11.6749 11.6576 -0.0172595
206.629 -0.0203576 0.00506778 -11.672 11.6547 -0.0172567
206.64 -0.0203575 0.00506965 -11.669 11.6518 -0.017253
206.652 -0.0203569 0.00507174 -11.6661 11.6488 -0.0172487
206.663 -0.0203567 0.0050743 -11.6631 11.6458 -0.0172449
206.674 -0.0203554 0.00507687 -11.66 11.6428 -0.0172407
206.685 -0.0203537 0.00507961 -11.6569 11.6397 -0.0172353
206.697 -0.0203525 0.00508169 -11.6538 11.6366 -0.0172314
206.708 -0.020351 0.00508405 -11.6507 11.6335 -0.0172271
206.719 -0.0203499 0.0050866 -11.6476 11.6303 -0.0172223
206.73 -0.0203493 0.00508964 -11.6444 11.6272 -0.0172177
206.742 -0.0203481 0.00509264 -11.6412 11.624 -0.0172137
206.753 -0.0203476 0.00509508 -11.6379 11.6207 -0.0172097
206.764 -0.0203471 0.00509733 -11.6347 11.6175 -0.0172063
206.775 -0.0203467 0.00510074 -11.6314 11.6142 -0.0172023
206.787 -0.0203458 0.00510357 -11.628 11.6108 -0.0171982
206.798 -0.0203453 0.00510645 -11.6247 11.6075 -0.017194
206.809 -0.0203449 0.00510992 -11.6213 11.6041 -0.0171894
206.82 -0.0203444 0.00511288 -11.6179 11.6007 -0.0171841
206.831 -0.020344 0.00511472 -11.6145 11.5974 -0.01718
206.843 -0.020343 0.00511647 -11.6111 11.594 -0.0171762
206.854 -0.0203423 0.00511852 -11.6077 11.5905 -0.0171714
206.865 -0.0203418 0.00512047 -11.6043 11.5871 -0.0171669
206.876 -0.0203407 0.00512266 -11.6008 11.5837 -0.0171626
206.888 -0.0203403 0.0051253 -11.5974 11.5802 -0.0171583
206.899 -0.0203397 0.00512779 -11.5939 11.5767 -0.0171534
206.91 -0.0203391 0.00513039 -11.5904 11.5733 -0.0171486
206.921 -0.0203387 0.00513299 -11.5869 11.5698 -0.017143
206.933 -0.0203383 0.00513606 -11.5834 11.5663 -0.0171373
206.944 -0.0203385 0.00513903 -11.5799 11.5628 -0.0171323
206.955 -0.0203385 0.00514177 -11.5764 11.5592 -0.0171277
206.966 -0.0203388 0.00514475 -11.5728 11.5557 -0.0171228
206.978 -0.0203385 0.00514793 -11.5693 11.5522 -0.0171185
206.989 -0.0203379 0.00515102 -11.5657 11.5486 -0.0171137
207 -0.0203374 0.00515392 -11.5622 11.5451 -0.0171095
207.011 -0.0203363 0.00515683 -11.5586 11.5415 -0.0171042
207.022 -0.020336 0.00515919 -11.5551 11.538 -0.0170977
207.034 -0.0203357 0.0051618 -11.5515 11.5344 -0.0170916
207.045 -0.0203358 0.00516437 -11.548 11.5309 -0.0170866
207.056 -0.0203353 0.00516745 -11.5444 11.5274 -0.017081
207.067 -0.020336 0.00516994 -11.5409 11.5238 -0.0170779
207.079 -0.0203362 0.00517281 -11.5373 11.5203 -0.0170742
207.09 -0.0203362 0.00517636 -11.5337 11.5167 -0.0170689
207.101 -0.0203365 0.00517971 -11.5302 11.5131 -0.0170634
207.112 -0.0203357 0.00518297 -11.5266 11.5095 -0.0170579
207.124 -0.0203354 0.00518606 -11.523 11.5059 -0.017052
207.135 -0.0203345 0.00518916 -11.5194 11.5024 -0.0170462
207.146 -0.0203335 0.0051919 -11.5159 11.4988 -0.0170416
207.157 -0.0203328 0.00519461 -11.5123 11.4953 -0.0170364
207.169 -0.0203319 0.00519774 -11.5088 11.4917 -0.0170304
207.18 -0.0203308 0.00520088 -11.5052 11.4882 -0.0170254
207.191 -0.0203296 0.00520282 -11.5017 11.4847 -0.0170199
207.202 -0.0203289 0.00520463 -11.4981 11.4811 -0.0170148
207.213 -0.0203282 0.00520743 -11.4946 11.4776 -0.0170091
207.225 -0.0203277 0.00520962 -11.4911 11.4741 -0.017004
207.236 -0.0203265 0.00521256 -11.4875 11.4705 -0.0169995
207.247 -0.0203258 0.00521445 -11.484 11.4671 -0.0169948
207.258 -0.0203255 0.00521698 -11.4805 11.4636 -0.0169896
207.27 -0.0203257 0.00521902 -11.4771 11.4601 -0.0169834
207.281 -0.0203259 0.00522135 -11.4736 11.4566 -0.0169777
207.292 -0.0203263 0.00522336 -11.4702 11.4532 -0.0169734
207.303 -0.0203267 0.00522621 -11.4667 11.4498 -0.0169684
207.315 -0.0203261 0.00522982 -11.4633 11.4464 -0.0169632
207.326 -0.0203262 0.00523316 -11.46 11.443 -0.0169571
207.337 -0.0203266 0.0052362 -11.4566 11.4397 -0.0169499
207.348 -0.0203262 0.00524048 -11.4534 11.4364 -0.0169431
207.36 -0.020326 0.00524454 -11.4501 11.4332 -0.016935
207.371 -0.0203268 0.00524807 -11.4469 11.4299 -0.0169286
207.382 -0.0203269 0.00525096 -11.4437 11.4267 -0.016923
207.393 -0.0203271 0.00525381 -11.4405 11.4236 -0.0169172
207.404 -0.0203274 0.00525709 -11.4373 11.4204 -0.0169113
207.416 -0.0203274 0.00526056 -11.4342 11.4173 -0.0169067
207.427 -0.0203271 0.00526395 -11.4311 11.4141 -0.0169009
207.438 -0.0203272 0.00526728 -11.428 11.4111 -0.0168947
207.449 -0.0203261 0.00527007 -11.4249 11.408 -0.0168892
207.461 -0.0203252 0.00527347 -11.4218 11.4049 -0.0168826
207.472 -0.0203242 0.00527656 -11.4188 11.4019 -0.0168768
207.483 -0.0203232 0.00527992 -11.4157 11.3989 -0.0168711
207.494 -0.0203226 0.00528346 -11.4127 11.3958 -0.0168646
207.506 -0.0203217 0.00528687 -11.4097 11.3929 -0.0168581
207.517 -0.0203215 0.00528994 -11.4068 11.3899 -0.0168523
207.528 -0.0203215 0.00529299 -11.4038 11.387 -0.0168469
207.539 -0.0203213 0.00529628 -11.4009 11.384 -0.0168418
207.551 -0.0203216 0.00529829 -11.398 11.3811 -0.0168367
207.562 -0.0203221 0.00530059 -11.3951 11.3782 -0.0168322
207.573 -0.0203227 0.00530303 -11.3922 11.3753 -0.0168268
207.584 -0.0203229 0.00530523 -11.3893 11.3725 -0.0168221
207.596 -0.0203229 0.00530812 -11.3865 11.3697 -0.0168168
207.607 -0.0203234 0.00531113 -11.3837 11.3669 -0.0168118
207.618 -0.020324 0.0053146 -11.381 11.3642 -0.0168064
207.629 -0.0203252 0.00531759 -11.3782 11.3614 -0.0167999
207.64 -0.0203269 0.00532151 -11.3756 11.3588 -0.0167934
207.652 -0.0203286 0.00532513 -11.373 11.3562 -0.0167865
207.663 -0.0203299 0.00532985 -11.3704 11.3536 -0.0167796
207.674 -0.0203297 0.00533355 -11.3679 11.3511 -0.0167734
207.685 -0.0203298 0.00533665 -11.3654 11.3486 -0.0167677
207.697 -0.02033 0.00534021 -11.363 11.3462 -0.0167611
207.708 -0.0203297 0.00534172 -11.3606 11.3438 -0.0167566
207.719 -0.0203288 0.00534365 -11.3582 11.3415 -0.0167519
207.73 -0.0203283 0.00534506 -11.3559 11.3391 -0.0167474
207.742 -0.0203284 0.00534616 -11.3535 11.3368 -0.016742
207.753 -0.0203282 0.00534801 -11.3513 11.3345 -0.0167362
207.764 -0.0203282 0.00535098 -11.349 11.3322 -0.0167307
207.775 -0.0203285 0.00535463 -11.3467 11.33 -0.0167247
207.787 -0.0203287 0.00535921 -11.3445 11.3278 -0.0167189
207.798 -0.0203292 0.00536231 -11.3423 11.3256 -0.0167125
207.809 -0.0203294 0.00536619 -11.3401 11.3234 -0.0167065
207.82 -0.0203299 0.00536939 -11.338 11.3213 -0.0166999
207.831 -0.020331 0.00537256 -11.3359 11.3192 -0.0166936
207.843 -0.0203318 0.00537606 -11.3339 11.3172 -0.0166879
207.854 -0.0203327 0.0053796 -11.3318 11.3152 -0.0166823
207.865 -0.0203338 0.00538371 -11.3299 11.3132 -0.0166762
207.876 -0.0203347 0.00538781 -11.3279 11.3112 -0.01667
207.888 -0.0203356 0.00539192 -11.326 11.3093 -0.0166639
207.899 -0.0203365 0.00539601 -11.3241 11.3075 -0.0166575
207.91 -0.0203368 0.00540057 -11.3223 11.3056 -0.0166517
207.921 -0.0203373 0.00540439 -11.3205 11.3038 -0.0166471
207.933 -0.0203374 0.00540818 -11.3187 11.302 -0.0166417
207.944 -0.0203399 0.00541067 -11.3169 11.3003 -0.0166364
207.955 -0.0203419 0.0054147 -11.3152 11.2986 -0.0166318
207.966 -0.0203441 0.0054186 -11.3135 11.2969 -0.0166263
207.978 -0.0203458 0.0054222 -11.3119 11.2952 -0.0166209
207.989 -0.0203474 0.00542594 -11.3102 11.2936 -0.0166151
208 -0.0203489 0.00542911 -11.3087 11.2921 -0.0166104
208.011 -0.0203511 0.00543125 -11.3071 11.2905 -0.0166055
208.022 -0.0203528 0.00543353 -11.3056 11.289 -0.016601
208.034 -0.0203547 0.00543563 -11.3041 11.2875 -0.0165958
208.045 -0.0203556 0.00543832 -11.3027 11.2861 -0.0165908
208.056 -0.0203564 0.00544098 -11.3013 11.2847 -0.0165846
208.067 -0.0203574 0.00544339 -11.2999 11.2834 -0.0165786
208.079 -0.0203584 0.0054462 -11.2987 11.2821 -0.0165731
208.09 -0.0203595 0.00544873 -11.2974 11.2808 -0.0165671
208.101 -0.0203603 0.00545142 -11.2962 11.2796 -0.0165609
208.112 -0.0203614 0.00545375 -11.295 11.2785 -0.0165558
208.124 -0.0203625 0.00545719 -11.2939 11.2773 -0.0165512
208.135 -0.0203632 0.00546091 -11.2928 11.2762 -0.0165455
208.146 -0.0203631 0.00546414 -11.2917 11.2751 -0.0165407
208.157 -0.0203639 0.00546742 -11.2906 11.2741 -0.0165356
208.169 -0.0203639 0.00547142 -11.2896 11.2731 -0.0165299
208.18 -0.0203642 0.00547581 -11.2886 11.2721 -0.0165241
208.191 -0.0203646 0.00547967 -11.2877 11.2711 -0.0165185
208.202 -0.0203654 0.00548313 -11.2867 11.2702 -0.0165123
208.213 -0.0203664 0.00548608 -11.2859 11.2694 -0.0165066
208.225 -0.0203667 0.00548992 -11.2851 11.2686 -0.0165008
208.236 -0.0203666 0.00549437 -11.2843 11.2678 -0.0164951
208.247 -0.020367 0.00549934 -11.2835 11.267 -0.0164893
208.258 -0.0203678 0.00550418 -11.2828 11.2663 -0.0164835
208.27 -0.0203693 0.00550812 -11.2821 11.2656 -0.0164773
208.281 -0.0203708 0.00551219 -11.2815 11.265 -0.0164717
208.292 -0.0203723 0.00551574 -11.2809 11.2644 -0.0164656
208.303 -0.0203727 0.00551952 -11.2803 11.2639 -0.0164604
208.315 -0.020373 0.0055233 -11.2798 11.2633 -0.016456
208.326 -0.0203733 0.00552703 -11.2793 11.2628 -0.016451
208.337 -0.0203725 0.00553001 -11.2788 11.2623 -0.0164464
208.348 -0.0203722 0.00553289 -11.2782 11.2618 -0.0164419
208.36 -0.0203721 0.00553559 -11.2778 11.2613 -0.0164373
208.371 -0.020372 0.00553796 -11.2773 11.2608 -0.0164325
208.382 -0.0203724 0.00554007 -11.2768 11.2604 -0.0164276
208.393 -0.0203726 0.00554188 -11.2764 11.26 -0.0164224
208.404 -0.0203726 0.00554437 -11.276 11.2595 -0.0164174
208.416 -0.0203724 0.00554673 -11.2755 11.2591 -0.0164125
208.427 -0.0203727 0.00554872 -11.2751 11.2587 -0.0164081
208.438 -0.0203726 0.00555024 -11.2747 11.2583 -0.0164036
208.449 -0.0203729 0.00555235 -11.2743 11.2579 -0.0163994
208.461 -0.020373 0.00555491 -11.274 11.2576 -0.0163954
208.472 -0.0203732 0.00555785 -11.2736 11.2572 -0.01639
208.483 -0.020374 0.00556042 -11.2733 11.2569 -0.016385
208.494 -0.0203747 0.00556302 -11.2729 11.2566 -0.0163802
208.506 -0.0203755 0.00556516 -11.2726 11.2563 -0.0163745
208.517 -0.0203767 0.00556744 -11.2724 11.256 -0.0163694
208.528 -0.0203777 0.00556959 -11.2721 11.2558 -0.0163642
208.539 -0.0203792 0.00557181 -11.2719 11.2556 -0.0163588
208.551 -0.0203812 0.00557363 -11.2717 11.2554 -0.0163539
208.562 -0.0203829 0.00557484 -11.2716 11.2552 -0.0163485
208.573 -0.0203845 0.00557635 -11.2714 11.2551 -0.0163429
208.584 -0.0203859 0.00557788 -11.2713 11.255 -0.016338
208.596 -0.0203882 0.00557938 -11.2712 11.2549 -0.0163335
208.607 -0.0203902 0.00558151 -11.2711 11.2548 -0.0163276
208.618 -0.0203918 0.00558376 -11.2711 11.2548 -0.0163225
208.629 -0.020394 0.00558596 -11.2711 11.2548 -0.0163181
208.64 -0.0203957 0.00558765 -11.2711 11.2547 -0.0163138
208.652 -0.0203975 0.00559011 -11.271 11.2547 -0.0163098
208.663 -0.0203994 0.00559235 -11.271 11.2547 -0.0163051
208.674 -0.0204007 0.00559415 -11.271 11.2547 -0.0163015
208.685 -0.0204014 0.00559588 -11.271 11.2547 -0.0162974
208.697 -0.0204018 0.00559732 -11.2711 11.2548 -0.016294
208.708 -0.0204022 0.00559862 -11.271 11.2548 -0.0162907
208.719 -0.0204031 0.00560003 -11.271 11.2547 -0.0162878
208.73 -0.0204044 0.00560162 -11.271 11.2547 -0.0162842
208.742 -0.020406 0.00560356 -11.271 11.2547 -0.0162793
208.753 -0.0204069 0.0056061 -11.271 11.2547 -0.0162748
208.764 -0.020408 0.00560775 -11.2709 11.2547 -0.0162702
208.775 -0.0204091 0.00560955 -11.2709 11.2547 -0.0162654
208.787 -0.0204099 0.00561224 -11.2709 11.2546 -0.0162614
208.798 -0.0204107 0.00561484 -11.2709 11.2546 -0.0162574
208.809 -0.0204116 0.00561758 -11.2709 11.2546 -0.0162523
208.82 -0.0204121 0.00562064 -11.2709 11.2546 -0.0162473
208.831 -0.0204132 0.00562399 -11.2709 11.2546 -0.0162424
208.843 -0.0204142 0.00562587 -11.2709 11.2546 -0.0162376
208.854 -0.0204147 0.00562838 -11.2709 11.2546 -0.0162328
208.865 -0.020415 0.00563074 -11.2709 11.2546 -0.0162282
208.876 -0.0204152 0.00563237 -11.2709 11.2546 -0.0162243
208.888 -0.0204154 0.00563441 -11.2709 11.2546 -0.0162193
208.899 -0.0204154 0.00563536 -11.2709 11.2547 -0.0162157
208.91 -0.0204152 0.00563647 -11.2708 11.2546 -0.0162119
208.921 -0.0204154 0.00563739 -11.2708 11.2546 -0.0162077
208.933 -0.0204159 0.00563914 -11.2708 11.2546 -0.0162035
208.944 -0.0204163 0.00564043 -11.2707 11.2545 -0.0161996
208.955 -0.0204163 0.00564243 -11.2707 11.2545 -0.0161958
208.966 -0.0204166 0.00564413 -11.2707 11.2545 -0.0161925
208.978 -0.0204165 0.00564639 -11.2706 11.2544 -0.0161894
208.989 -0.0204165 0.00564841 -11.2706 11.2544 -0.0161856
209 -0.0204164 0.00565021 -11.2705 11.2543 -0.0161818
209.011 -0.020416 0.0056524 -11.2704 11.2542 -0.0161785
209.022 -0.0204161 0.00565402 -11.2703 11.2541 -0.0161757
209.034 -0.0204169 0.00565529 -11.2701 11.254 -0.0161724
209.045 -0.0204181 0.00565631 -11.27 11.2538 -0.0161683
209.056 -0.0204192 0.00565711 -11.2699 11.2537 -0.0161644
209.067 -0.020421 0.00565806 -11.2697 11.2536 -0.0161609
209.079 -0.0204224 0.00565872 -11.2696 11.2534 -0.0161572
209.09 -0.0204239 0.0056595 -11.2694 11.2533 -0.0161536
209.101 -0.0204257 0.00566046 -11.2692 11.2531 -0.016151
209.112 -0.020427 0.00566221 -11.2691 11.2529 -0.0161477
209.124 -0.0204287 0.00566343 -11.2688 11.2527 -0.0161445
209.135 -0.0204302 0.00566479 -11.2686 11.2525 -0.0161417
209.146 -0.020432 0.00566622 -11.2684 11.2523 -0.0161387
209.157 -0.0204329 0.00566817 -11.2682 11.2521 -0.0161356
209.169 -0.0204342 0.00566942 -11.268 11.2518 -0.0161322
209.18 -0.0204361 0.00567129 -11.2677 11.2516 -0.016128
209.191 -0.0204366 0.00567335 -11.2675 11.2514 -0.016124
209.202 -0.0204378 0.00567541 -11.2673 11.2512 -0.0161202
209.213 -0.020438 0.00567711 -11.267 11.2509 -0.0161154
209.225 -0.0204389 0.0056789 -11.2668 11.2507 -0.0161106
209.236 -0.0204406 0.0056806 -11.2666 11.2505 -0.016106
209.247 -0.0204423 0.00568234 -11.2663 11.2502 -0.0161008
209.258 -0.0204439 0.00568329 -11.2661 11.25 -0.0160961
209.27 -0.0204457 0.00568527 -11.2659 11.2498 -0.0160915
209.281 -0.0204462 0.00568689 -11.2657 11.2496 -0.0160873
209.292 -0.020447 0.00568825 -11.2654 11.2493 -0.0160835
209.303 -0.0204486 0.00569016 -11.2651 11.249 -0.0160795
209.315 -0.0204502 0.00569225 -11.2648 11.2487 -0.0160763
209.326 -0.0204516 0.00569395 -11.2645 11.2484 -0.0160721
209.337 -0.0204519 0.00569552 -11.2642 11.2481 -0.0160686
209.348 -0.020452 0.00569702 -11.2639 11.2478 -0.0160656
209.36 -0.0204521 0.00569821 -11.2635 11.2474 -0.0160628
209.371 -0.0204526 0.0056993 -11.2631 11.2471 -0.0160592
209.382 -0.0204532 0.00570048 -11.2627 11.2467 -0.0160562
209.393 -0.0204534 0.00570152 -11.2623 11.2463 -0.0160529
209.404 -0.0204539 0.00570207 -11.2619 11.2459 -0.0160492
209.416 -0.0204549 0.00570223 -11.2614 11.2454 -0.0160442
209.427 -0.0204556 0.00570251 -11.261 11.245 -0.0160393
209.438 -0.0204562 0.00570343 -11.2606 11.2446 -0.016035
209.449 -0.020457 0.00570422 -11.2602 11.2441 -0.0160307
209.461 -0.0204574 0.00570489 -11.2598 11.2437 -0.0160267
209.472 -0.0204575 0.005706 -11.2593 11.2433 -0.0160233
209.483 -0.0204577 0.00570682 -11.2589 11.2429 -0.0160204
209.494 -0.0204574 0.00570796 -11.2584 11.2424 -0.0160175
209.506 -0.0204569 0.00570991 -11.258 11.242 -0.0160145
209.517 -0.0204563 0.00571164 -11.2575 11.2415 -0.0160114
209.528 -0.0204562 0.00571293 -11.257 11.241 -0.0160075
209.539 -0.0204563 0.00571455 -11.2565 11.2405 -0.0160041
209.551 -0.0204561 0.00571605 -11.256 11.24 -0.0159999
209.562 -0.0204564 0.00571753 -11.2554 11.2394 -0.0159957
209.573 -0.0204567 0.00571853 -11.2549 11.2389 -0.0159915
209.584 -0.0204569 0.00571949 -11.2544 11.2384 -0.0159871
209.596 -0.0204567 0.00572074 -11.2539 11.2379 -0.0159831
209.607 -0.0204567 0.00572188 -11.2534 11.2374 -0.0159789
209.618 -0.0204569 0.00572274 -11.2529 11.2369 -0.0159747
209.629 -0.0204566 0.0057239 -11.2524 11.2364 -0.0159702
209.64 -0.020456 0.00572455 -11.2519 11.2359 -0.0159661
209.652 -0.0204561 0.00572512 -11.2514 11.2354 -0.0159619
209.663 -0.0204558 0.00572587 -11.2509 11.2349 -0.0159575
209.674 -0.0204561 0.00572724 -11.2504 11.2344 -0.0159535
209.685 -0.0204563 0.00572798 -11.2499 11.2339 -0.01595
209.697 -0.0204569 0.00572927 -11.2494 11.2334 -0.0159457
209.708 -0.0204576 0.00573009 -11.2489 11.233 -0.0159424
209.719 -0.0204589 0.00573084 -11.2484 11.2325 -0.0159385
209.73 -0.0204599 0.00573126 -11.248 11.232 -0.0159345
209.742 -0.0204613 0.00573145 -11.2475 11.2315 -0.0159298
209.753 -0.0204633 0.00573226 -11.247 11.2311 -0.0159258
209.764 -0.0204638 0.00573364 -11.2465 11.2306 -0.0159216
209.775 -0.0204647 0.00573489 -11.246 11.2301 -0.0159175
209.787 -0.0204657 0.00573704 -11.2456 11.2297 -0.0159134
209.798 -0.020466 0.00573923 -11.2451 11.2292 -0.0159077
209.809 -0.0204661 0.00574087 -11.2447 11.2288 -0.0159024
209.82 -0.020466 0.00574249 -11.2442 11.2283 -0.0158981
209.831 -0.0204663 0.00574361 -11.2438 11.2279 -0.0158934
209.843 -0.020467 0.00574438 -11.2434 11.2275 -0.0158888
209.854 -0.0204676 0.00574507 -11.2429 11.227 -0.0158837
209.865 -0.0204687 0.00574627 -11.2424 11.2265 -0.0158787
209.876 -0.0204697 0.00574673 -11.242 11.2261 -0.0158744
209.888 -0.0204708 0.00574661 -11.2415 11.2257 -0.0158696
209.899 -0.0204715 0.00574652 -11.2411 11.2252 -0.0158653
209.91 -0.0204721 0.00574738 -11.2407 11.2248 -0.0158606
209.921 -0.0204723 0.00574868 -11.2403 11.2244 -0.0158561
209.933 -0.0204723 0.00574978 -11.2398 11.224 -0.0158524
209.944 -0.0204734 0.0057506 -11.2394 11.2235 -0.0158493
209.955 -0.0204737 0.00575124 -11.2389 11.2231 -0.0158457
209.966 -0.0204739 0.00575274 -11.2385 11.2226 -0.0158417
209.978 -0.0204736 0.00575397 -11.238 11.2222 -0.0158383
209.989 -0.0204727 0.00575584 -11.2376 11.2217 -0.0158349
210 -0.0204727 0.00575715 -11.2371 11.2212 -0.0158313
210.011 -0.0204722 0.00575792 -11.2366 11.2208 -0.015828
210.022 -0.0204718 0.00575927 -11.2361 11.2203 -0.015825
210.034 -0.0204703 0.0057604 -11.2357 11.2199 -0.0158213
210.045 -0.0204706 0.00575994 -11.2352 11.2194 -0.0158173
210.056 -0.0204698 0.00575961 -11.2347 11.2189 -0.0158136
210.067 -0.020469 0.00575933 -11.2343 11.2185 -0.0158095
210.079 -0.0204686 0.00576012 -11.2339 11.2181 -0.0158058
210.09 -0.0204686 0.00576163 -11.2334 11.2176 -0.0158022
210.101 -0.0204681 0.0057629 -11.233 11.2172 -0.0157986
210.112 -0.0204674 0.00576352 -11.2327 11.2169 -0.0157951
210.124 -0.0204671 0.00576475 -11.2323 11.2165 -0.0157911
210.135 -0.0204662 0.00576487 -11.2319 11.2161 -0.015788
210.146 -0.0204644 0.00576622 -11.2315 11.2157 -0.0157856
210.157 -0.0204641 0.00576782 -11.2312 11.2154 -0.0157828
210.169 -0.0204634 0.00576932 -11.2309 11.2151 -0.0157793
210.18 -0.020463 0.00577145 -11.2306 11.2148 -0.0157766
210.191 -0.0204631 0.00577326 -11.2303 11.2146 -0.0157721
210.202 -0.0204645 0.0057749 -11.2301 11.2143 -0.0157674
210.213 -0.0204654 0.00577644 -11.2299 11.2141 -0.0157633
210.225 -0.0204664 0.00577655 -11.2298 11.214 -0.0157588
210.236 -0.0204674 0.0057772 -11.2296 11.2139 -0.0157547
210.247 -0.0204679 0.00577826 -11.2296 11.2138 -0.0157507
210.258 -0.0204681 0.00577956 -11.2295 11.2138 -0.0157467
210.27 -0.0204686 0.00578107 -11.2295 11.2137 -0.015742
210.281 -0.020469 0.00578244 -11.2295 11.2137 -0.0157377
210.292 -0.02047 0.00578408 -11.2295 11.2137 -0.0157336
210.303 -0.0204709 0.00578546 -11.2295 11.2138 -0.015729
210.315 -0.020471 0.00578737 -11.2296 11.2139 -0.0157251
210.326 -0.0204722 0.00578947 -11.2297 11.2139 -0.0157204
210.337 -0.0204724 0.00579146 -11.2298 11.2141 -0.0157154
210.348 -0.0204728 0.00579362 -11.2299 11.2142 -0.0157111
210.36 -0.0204733 0.00579453 -11.2301 11.2143 -0.015707
210.371 -0.0204744 0.00579578 -11.2302 11.2145 -0.0157022
210.382 -0.0204754 0.00579668 -11.2304 11.2147 -0.0156983
210.393 -0.0204761 0.00579742 -11.2306 11.2149 -0.0156932
210.404 -0.0204768 0.00579827 -11.2308 11.2151 -0.0156883
210.416 -0.0204777 0.00579839 -11.231 11.2154 -0.0156835
210.427 -0.020478 0.00579897 -11.2313 11.2156 -0.0156787
210.438 -0.0204786 0.00579941 -11.2316 11.2159 -0.015674
210.449 -0.0204792 0.00580002 -11.2319 11.2163 -0.01567
210.461 -0.0204803 0.00580091 -11.2323 11.2166 -0.015665
210.472 -0.0204811 0.00580154 -11.2327 11.217 -0.0156605
210.483 -0.0204819 0.00580197 -11.2331 11.2174 -0.0156572
210.494 -0.0204822 0.00580167 -11.2335 11.2178 -0.0156531
210.506 -0.0204827 0.0058017 -11.2339 11.2183 -0.01565
210.517 -0.0204829 0.00580182 -11.2344 11.2188 -0.0156467
210.528 -0.0204835 0.00580272 -11.2349 11.2193 -0.0156438
210.539 -0.0204838 0.00580386 -11.2354 11.2198 -0.0156406
210.551 -0.0204842 0.00580528 -11.2359 11.2203 -0.0156379
210.562 -0.0204836 0.00580685 -11.2364 11.2208 -0.015635
210.573 -0.020483 0.00580833 -11.237 11.2213 -0.0156326
210.584 -0.0204824 0.00580982 -11.2375 11.2219 -0.0156301
210.596 -0.0204824 0.00581129 -11.2381 11.2225 -0.0156279
210.607 -0.0204814 0.0058124 -11.2387 11.2231 -0.0156245
210.618 -0.0204809 0.00581257 -11.2393 11.2237 -0.0156205
210.629 -0.0204806 0.00581301 -11.24 11.2244 -0.015616
210.64 -0.0204801 0.00581308 -11.2408 11.2251 -0.0156118
210.652 -0.0204801 0.00581348 -11.2415 11.2259 -0.0156076
210.663 -0.0204796 0.00581447 -11.2423 11.2267 -0.0156034
210.674 -0.0204795 0.00581557 -11.2432 11.2276 -0.015599
210.685 -0.0204795 0.00581667 -11.2441 11.2285 -0.0155951
210.697 -0.020479 0.00581817 -11.245 11.2294 -0.0155903
210.708 -0.0204785 0.00582007 -11.2459 11.2303 -0.0155859
210.719 -0.0204785 0.00582125 -11.2469 11.2314 -0.0155815
210.73 -0.0204786 0.00582314 -11.248 11.2324 -0.0155766
210.742 -0.0204788 0.00582442 -11.2491 11.2335 -0.0155725
210.753 -0.0204793 0.00582596 -11.2502 11.2346 -0.0155681
210.764 -0.0204798 0.00582703 -11.2513 11.2358 -0.0155644
210.775 -0.0204805 0.00582813 -11.2525 11.2369 -0.0155609
210.787 -0.0204813 0.00582959 -11.2537 11.2382 -0.0155567
210.798 -0.0204815 0.00582957 -11.2549 11.2394 -0.015553
210.809 -0.0204822 0.00582953 -11.2562 11.2406 -0.0155487
210.82 -0.0204824 0.0058299 -11.2574 11.2419 -0.0155449
210.831 -0.0204828 0.00583044 -11.2588 11.2432 -0.0155405
210.843 -0.0204828 0.00583036 -11.2601 11.2446 -0.0155368
210.854 -0.0204834 0.00582981 -11.2615 11.246 -0.0155327
210.865 -0.0204841 0.00583042 -11.2629 11.2474 -0.0155287
210.876 -0.0204843 0.00583089 -11.2644 11.2488 -0.0155251
210.888 -0.0204836 0.00583225 -11.2658 11.2503 -0.0155216
210.899 -0.0204835 0.00583322 -11.2674 11.2518 -0.0155174
210.91 -0.0204831 0.00583436 -11.2689 11.2534 -0.0155136
210.921 -0.0204822 0.00583602 -11.2705 11.255 -0.0155104
210.933 -0.0204806 0.00583786 -11.2721 11.2566 -0.0155068
210.944 -0.0204786 0.00583931 -11.2737 11.2582 -0.0155028
210.955 -0.0204769 0.00584069 -11.2754 11.2599 -0.0154986
210.966 -0.0204756 0.00584143 -11.2771 11.2616 -0.0154931
210.978 -0.0204752 0.00584158 -11.2789 11.2634 -0.0154883
210.989 -0.0204741 0.00584261 -11.2808 11.2653 -0.0154835
211 -0.0204727 0.00584385 -11.2826 11.2672 -0.015478
211.011 -0.0204715 0.00584494 -11.2846 11.2691 -0.0154732
211.022 -0.0204705 0.00584576 -11.2866 11.2711 -0.0154682
211.034 -0.0204695 0.00584678 -11.2886 11.2731 -0.0154624
211.045 -0.0204688 0.00584816 -11.2907 11.2752 -0.0154573
211.056 -0.0204684 0.00584896 -11.2928 11.2774 -0.0154517
211.067 -0.0204679 0.00585031 -11.295 11.2795 -0.0154467
211.079 -0.0204674 0.00585112 -11.2972 11.2818 -0.0154424
211.09 -0.0204664 0.00585276 -11.2995 11.284 -0.0154381
211.101 -0.0204658 0.0058541 -11.3018 11.2864 -0.0154345
211.112 -0.0204654 0.00585465 -11.3041 11.2887 -0.0154311
211.124 -0.0204649 0.00585537 -11.3065 11.2911 -0.015428
211.135 -0.0204642 0.00585672 -11.3089 11.2935 -0.0154243
211.146 -0.0204634 0.00585762 -11.3114 11.296 -0.0154212
211.157 -0.0204631 0.00585861 -11.3139 11.2985 -0.0154178
211.169 -0.020463 0.00585926 -11.3164 11.301 -0.0154137
211.18 -0.0204632 0.00585963 -11.319 11.3036 -0.0154091
211.191 -0.0204639 0.00586019 -11.3217 11.3063 -0.015405
211.202 -0.0204634 0.00586042 -11.3244 11.309 -0.0154004
211.213 -0.0204634 0.00586067 -11.3271 11.3117 -0.0153966
211.225 -0.020464 0.00586185 -11.3299 11.3145 -0.0153927
211.236 -0.0204637 0.00586273 -11.3326 11.3173 -0.0153889
211.247 -0.0204637 0.00586419 -11.3354 11.32 -0.0153861
211.258 -0.0204631 0.00586614 -11.3383 11.3229 -0.015384
211.27 -0.0204621 0.00586689 -11.3411 11.3257 -0.0153809
211.281 -0.0204618 0.00586884 -11.3439 11.3286 -0.0153777
211.292 -0.0204611 0.00587116 -11.3468 11.3315 -0.0153754
211.303 -0.0204609 0.00587399 -11.3497 11.3343 -0.0153723
211.315 -0.0204605 0.0058767 -11.3526 11.3373 -0.0153687
211.326 -0.0204595 0.00587994 -11.3556 11.3402 -0.0153654
211.337 -0.0204582 0.00588236 -11.3586 11.3432 -0.0153622
211.348 -0.0204575 0.00588411 -11.3616 11.3462 -0.0153591
211.36 -0.0204569 0.00588586 -11.3646 11.3493 -0.0153546
211.371 -0.0204564 0.00588684 -11.3677 11.3524 -0.0153488
211.382 -0.0204551 0.00588729 -11.3709 11.3556 -0.0153441
211.393 -0.0204536 0.00588886 -11.3742 11.3588 -0.0153404
211.404 -0.0204524 0.00588929 -11.3774 11.3621 -0.0153353
211.416 -0.0204513 0.00588975 -11.3807 11.3653 -0.0153306
211.427 -0.02045 0.00589055 -11.384 11.3687 -0.0153267
211.438 -0.0204488 0.00589123 -11.3874 11.3721 -0.0153219
211.449 -0.0204481 0.00589244 -11.3909 11.3756 -0.0153175
211.461 -0.0204473 0.00589313 -11.3943 11.379 -0.0153129
211.472 -0.0204469 0.00589453 -11.3979 11.3826 -0.0153081
211.483 -0.0204472 0.00589601 -11.4014 11.3861 -0.0153045
211.494 -0.0204471 0.00589793 -11.405 11.3897 -0.0153012
211.506 -0.020447 0.00589915 -11.4086 11.3933 -0.0152973
211.517 -0.0204468 0.00590001 -11.4122 11.3969 -0.0152933
211.528 -0.020447 0.00590151 -11.4159 11.4006 -0.01529
211.539 -0.0204471 0.00590272 -11.4195 11.4042 -0.0152862
211.551 -0.0204473 0.005904 -11.4232 11.4079 -0.0152814
211.562 -0.0204476 0.00590585 -11.427 11.4117 -0.0152766
211.573 -0.020448 0.00590748 -11.4308 11.4155 -0.0152714
211.584 -0.0204483 0.00590921 -11.4346 11.4193 -0.0152666
211.596 -0.0204486 0.00590975 -11.4385 11.4232 -0.0152615
211.607 -0.0204491 0.00590985 -11.4424 11.4271 -0.0152566
211.618 -0.0204497 0.00591007 -11.4464 11.4311 -0.0152519
211.629 -0.0204498 0.00590973 -11.4504 11.4351 -0.0152474
211.64 -0.0204495 0.00590905 -11.4544 11.4392 -0.0152432
211.652 -0.0204481 0.00590878 -11.4585 11.4433 -0.0152395
211.663 -0.0204474 0.00590932 -11.4627 11.4474 -0.0152353
211.674 -0.020447 0.00590929 -11.4668 11.4516 -0.015231
211.685 -0.0204457 0.00590953 -11.471 11.4558 -0.0152272
211.697 -0.0204449 0.00590967 -11.4753 11.4601 -0.0152236
211.708 -0.0204443 0.00590995 -11.4795 11.4643 -0.0152201
211.719 -0.0204438 0.00591103 -11.4838 11.4686 -0.0152174
211.73 -0.0204425 0.00591127 -11.4881 11.4729 -0.0152141
211.742 -0.0204417 0.00591198 -11.4925 11.4772 -0.0152105
211.753 -0.020441 0.00591243 -11.4968 11.4816 -0.0152068
211.764 -0.02044 0.00591311 -11.5012 11.486 -0.0152035
211.775 -0.0204397 0.00591283 -11.5057 11.4905 -0.0152004
211.787 -0.0204399 0.00591358 -11.5101 11.4949 -0.0151975
211.798 -0.0204399 0.00591411 -11.5146 11.4994 -0.0151944
211.809 -0.0204389 0.00591505 -11.5191 11.5039 -0.0151908
211.82 -0.0204384 0.0059157 -11.5236 11.5084 -0.0151871
211.831 -0.020438 0.00591629 -11.5281 11.513 -0.0151839
211.843 -0.0204372 0.00591732 -11.5327 11.5175 -0.0151796
211.854 -0.0204374 0.00591738 -11.5374 11.5222 -0.0151754
211.865 -0.0204371 0.00591789 -11.542 11.5268 -0.0151715
211.876 -0.0204366 0.00591844 -11.5467 11.5315 -0.0151683
211.888 -0.0204376 0.00591889 -11.5514 11.5362 -0.0151649
211.899 -0.0204381 0.00591977 -11.5561 11.5409 -0.0151613
211.91 -0.0204384 0.00592154 -11.5608 11.5457 -0.0151578
211.921 -0.0204384 0.00592238 -11.5656 11.5504 -0.0151544
211.933 -0.0204387 0.00592304 -11.5704 11.5552 -0.0151511
211.944 -0.0204385 0.00592448 -11.5752 11.56 -0.0151467
211.955 -0.0204384 0.00592586 -11.58 11.5648 -0.0151425
211.966 -0.0204388 0.00592701 -11.5848 11.5697 -0.0151386
211.978 -0.0204389 0.00592781 -11.5897 11.5746 -0.0151348
211.989 -0.0204392 0.00592906 -11.5946 11.5795 -0.0151307
212 -0.0204394 0.00593026 -11.5996 11.5844 -0.0151267
212.011 -0.0204398 0.00593115 -11.6045 11.5894 -0.015123
212.022 -0.02044 0.00593238 -11.6095 11.5944 -0.0151197
212.034 -0.0204407 0.00593325 -11.6145 11.5994 -0.0151166
212.045 -0.0204415 0.00593459 -11.6195 11.6044 -0.0151141
212.056 -0.0204421 0.00593623 -11.6245 11.6094 -0.0151114
212.067 -0.0204424 0.00593738 -11.6296 11.6145 -0.0151085
212.079 -0.0204431 0.00593845 -11.6347 11.6196 -0.0151051
212.09 -0.0204442 0.00593901 -11.6398 11.6247 -0.0151021
212.101 -0.0204447 0.00594004 -11.6449 11.6298 -0.0150991
212.112 -0.0204459 0.00594055 -11.65 11.6349 -0.0150953
212.124 -0.0204464 0.00594123 -11.6552 11.6401 -0.0150919
212.135 -0.0204469 0.00594132 -11.6604 11.6453 -0.0150885
212.146 -0.0204476 0.0059411 -11.6657 11.6506 -0.015085
212.157 -0.0204474 0.00594109 -11.6709 11.6559 -0.0150823
212.169 -0.0204476 0.00594152 -11.6762 11.6611 -0.0150799
212.18 -0.0204481 0.00594191 -11.6815 11.6664 -0.0150764
212.191 -0.0204486 0.00594227 -11.6867 11.6717 -0.0150738
212.202 -0.0204493 0.0059427 -11.692 11.677 -0.0150718
212.213 -0.0204489 0.00594298 -11.6973 11.6823 -0.0150698
212.225 -0.0204486 0.00594351 -11.7027 11.6876 -0.0150664
212.236 -0.0204482 0.00594412 -11.708 11.693 -0.0150638
212.247 -0.0204476 0.00594428 -11.7134 11.6984 -0.0150609
212.258 -0.0204468 0.00594427 -11.7188 11.7038 -0.015058
212.27 -0.0204458 0.00594484 -11.7242 11.7092 -0.015055
212.281 -0.0204449 0.0059441 -11.7297 11.7146 -0.0150511
212.292 -0.0204442 0.00594373 -11.7351 11.7201 -0.0150478
212.303 -0.0204426 0.00594351 -11.7406 11.7256 -0.0150448
212.315 -0.0204425 0.0059429 -11.7461 11.7311 -0.0150419
212.326 -0.0204424 0.00594235 -11.7516 11.7366 -0.0150395
212.337 -0.0204419 0.00594194 -11.7572 11.7421 -0.0150368
212.348 -0.0204412 0.005942 -11.7627 11.7476 -0.0150337
212.36 -0.0204401 0.00594224 -11.7682 11.7532 -0.0150306
212.371 -0.0204396 0.00594216 -11.7738 11.7588 -0.0150285
212.382 -0.0204391 0.00594267 -11.7794 11.7644 -0.0150256
212.393 -0.0204384 0.00594255 -11.785 11.7699 -0.0150222
212.404 -0.0204377 0.0059428 -11.7906 11.7755 -0.0150186
212.416 -0.0204368 0.0059429 -11.7961 11.7811 -0.0150154
212.427 -0.0204364 0.00594271 -11.8017 11.7867 -0.0150124
212.438 -0.0204355 0.00594307 -11.8074 11.7924 -0.0150097
212.449 -0.0204345 0.00594286 -11.813 11.798 -0.0150067
212.461 -0.0204348 0.00594279 -11.8186 11.8036 -0.0150039
212.472 -0.0204348 0.00594329 -11.8242 11.8092 -0.0150012
212.483 -0.0204353 0.00594389 -11.8298 11.8148 -0.0149978
212.494 -0.0204355 0.00594445 -11.8354 11.8204 -0.0149949
212.506 -0.0204357 0.00594571 -11.841 11.826 -0.0149926
212.517 -0.0204365 0.00594657 -11.8466 11.8316 -0.0149889
212.528 -0.0204373 0.00594661 -11.8522 11.8372 -0.0149867
212.539 -0.0204381 0.00594655 -11.8579 11.8429 -0.0149834
212.551 -0.0204384 0.0059472 -11.8635 11.8485 -0.0149799
212.562 -0.0204391 0.00594822 -11.8691 11.8541 -0.0149763
212.573 -0.0204394 0.00594921 -11.8747 11.8598 -0.0149731
212.584 -0.0204395 0.0059501 -11.8804 11.8654 -0.0149695
212.596 -0.0204391 0.00595117 -11.886 11.8711 -0.0149655
212.607 -0.0204383 0.00595247 -11.8917 11.8767 -0.014962
212.618 -0.0204381 0.00595393 -11.8974 11.8824 -0.0149575
212.629 -0.0204375 0.00595535 -11.9031 11.8881 -0.0149542
212.64 -0.0204374 0.00595659 -11.9088 11.8938 -0.0149502
212.652 -0.0204374 0.00595796 -11.9145 11.8995 -0.014946
212.663 -0.0204373 0.00595917 -11.9202 11.9052 -0.0149417
212.674 -0.0204372 0.0059601 -11.9259 11.911 -0.0149371
212.685 -0.0204373 0.00596133 -11.9317 11.9168 -0.0149323
212.697 -0.0204372 0.00596266 -11.9375 11.9226 -0.0149271
212.708 -0.0204369 0.00596424 -11.9433 11.9284 -0.0149222
212.719 -0.0204374 0.00596529 -11.9491 11.9342 -0.0149165
212.73 -0.0204374 0.00596648 -11.955 11.9401 -0.0149111
212.742 -0.0204378 0.00596796 -11.9609 11.946 -0.0149058
212.753 -0.0204385 0.00596943 -11.9668 11.9519 -0.0149011
212.764 -0.0204387 0.00597077 -11.9728 11.9579 -0.0148959
212.775 -0.0204389 0.00597209 -11.9787 11.9638 -0.0148909
212.787 -0.0204389 0.00597231 -11.9847 11.9698 -0.0148858
212.798 -0.0204389 0.00597264 -11.9907 11.9758 -0.0148809
212.809 -0.0204388 0.00597313 -11.9968 11.9819 -0.0148766
212.82 -0.0204388 0.00597334 -12.0028 11.9879 -0.0148719
212.831 -0.0204391 0.00597341 -12.0088 11.994 -0.0148671
212.843 -0.0204388 0.00597343 -12.0149 12 -0.0148618
212.854 -0.0204385 0.00597264 -12.021 12.0061 -0.0148564
212.865 -0.0204377 0.00597251 -12.0271 12.0122 -0.0148514
212.876 -0.0204375 0.00597267 -12.0332 12.0183 -0.0148466
212.888 -0.0204373 0.00597262 -12.0393 12.0244 -0.0148411
212.899 -0.0204364 0.0059735 -12.0454 12.0305 -0.0148362
212.91 -0.0204363 0.00597336 -12.0515 12.0366 -0.0148308
212.921 -0.0204356 0.00597325 -12.0576 12.0428 -0.0148249
212.933 -0.0204356 0.00597276 -12.0637 12.0489 -0.0148195
212.944 -0.0204354 0.00597309 -12.0699 12.0551 -0.0148144
212.955 -0.020435 0.0059727 -12.076 12.0612 -0.0148091
212.966 -0.020435 0.0059724 -12.0822 12.0674 -0.0148037
212.978 -0.0204346 0.00597249 -12.0884 12.0736 -0.0147978
212.989 -0.020434 0.00597276 -12.0946 12.0798 -0.0147931
213 -0.0204337 0.00597297 -12.1008 12.086 -0.0147888
213.011 -0.0204332 0.00597356 -12.107 12.0923 -0.0147842
213.022 -0.0204331 0.00597419 -12.1132 12.0984 -0.0147797
213.034 -0.0204328 0.00597533 -12.1194 12.1046 -0.0147754
213.045 -0.0204334 0.0059765 -12.1256 12.1109 -0.0147711
213.056 -0.0204342 0.00597719 -12.1318 12.1171 -0.0147667
213.067 -0.0204349 0.00597798 -12.138 12.1233 -0.0147631
213.079 -0.020435 0.00597839 -12.1442 12.1295 -0.0147589
213.09 -0.0204358 0.0059783 -12.1504 12.1357 -0.0147546
213.101 -0.0204364 0.00597823 -12.1566 12.1419 -0.0147506
213.112 -0.0204372 0.00597779 -12.1628 12.1481 -0.0147468
213.124 -0.0204382 0.00597816 -12.169 12.1542 -0.0147432
213.135 -0.0204393 0.00597844 -12.1752 12.1604 -0.0147389
213.146 -0.0204403 0.00597968 -12.1814 12.1666 -0.0147349
213.157 -0.0204402 0.00598053 -12.1875 12.1728 -0.0147309
213.169 -0.0204408 0.00598203 -12.1938 12.179 -0.0147274
213.18 -0.0204417 0.00598235 -12.2 12.1853 -0.0147239
213.191 -0.020442 0.00598322 -12.2062 12.1915 -0.0147197
213.202 -0.0204415 0.00598364 -12.2124 12.1977 -0.0147154
213.213 -0.0204415 0.00598544 -12.2186 12.2039 -0.0147122
213.225 -0.0204416 0.0059861 -12.2248 12.2101 -0.0147083
213.236 -0.0204421 0.00598685 -12.2311 12.2164 -0.0147045
213.247 -0.0204426 0.00598795 -12.2373 12.2226 -0.0147007
213.258 -0.0204432 0.00598914 -12.2435 12.2288 -0.0146963
213.27 -0.0204441 0.00599066 -12.2498 12.2351 -0.0146925
213.281 -0.0204443 0.00599195 -12.256 12.2413 -0.0146889
213.292 -0.0204444 0.00599273 -12.2623 12.2476 -0.0146846
213.303 -0.0204436 0.005993 -12.2685 12.2538 -0.0146799
213.315 -0.0204429 0.00599376 -12.2748 12.2602 -0.014676
213.326 -0.0204426 0.00599435 -12.2811 12.2664 -0.0146714
213.337 -0.0204423 0.00599462 -12.2874 12.2727 -0.0146674
213.348 -0.020442 0.00599485 -12.2936 12.279 -0.0146631
213.36 -0.0204418 0.00599566 -12.2999 12.2852 -0.0146598
213.371 -0.0204413 0.00599624 -12.3062 12.2915 -0.0146561
213.382 -0.0204412 0.00599716 -12.3124 12.2978 -0.0146521
213.393 -0.0204419 0.00599813 -12.3186 12.304 -0.0146488
213.404 -0.0204427 0.00599902 -12.3249 12.3102 -0.0146458
213.416 -0.0204435 0.00600003 -12.3311 12.3165 -0.0146422
213.427 -0.0204446 0.00600076 -12.3374 12.3227 -0.0146388
213.438 -0.0204453 0.00600195 -12.3436 12.329 -0.0146362
213.449 -0.0204466 0.0060028 -12.3498 12.3352 -0.0146325
213.461 -0.0204474 0.00600339 -12.3561 12.3414 -0.0146286
213.472 -0.0204496 0.0060036 -12.3623 12.3477 -0.0146256
213.483 -0.0204513 0.00600468 -12.3685 12.3538 -0.014621
213.494 -0.0204534 0.00600563 -12.3747 12.3601 -0.0146169
213.506 -0.0204541 0.00600663 -12.3809 12.3663 -0.014613
213.517 -0.0204548 0.00600699 -12.3872 12.3726 -0.0146085
213.528 -0.0204557 0.00600808 -12.3934 12.3788 -0.0146032
213.539 -0.0204564 0.00600869 -12.3997 12.3851 -0.0145981
213.551 -0.0204574 0.00600977 -12.406 12.3914 -0.0145936
213.562 -0.0204581 0.00601035 -12.4123 12.3977 -0.0145893
213.573 -0.0204587 0.00601156 -12.4186 12.404 -0.0145854
213.584 -0.020459 0.00601256 -12.4249 12.4104 -0.0145824
213.596 -0.0204596 0.00601481 -12.4312 12.4166 -0.0145791
213.607 -0.0204595 0.00601646 -12.4375 12.4229 -0.0145756
213.618 -0.0204596 0.00601777 -12.4438 12.4293 -0.0145723
213.629 -0.0204603 0.00601906 -12.4501 12.4356 -0.0145689
213.64 -0.0204606 0.00602033 -12.4564 12.4418 -0.0145659
213.652 -0.0204605 0.00602167 -12.4627 12.4481 -0.0145633
213.663 -0.0204608 0.00602339 -12.4689 12.4544 -0.0145608
213.674 -0.0204613 0.006025 -12.4752 12.4606 -0.0145584
213.685 -0.0204616 0.00602649 -12.4814 12.4669 -0.0145564
213.697 -0.0204615 0.0060281 -12.4877 12.4731 -0.0145537
213.708 -0.0204619 0.00602954 -12.4939 12.4794 -0.0145517
213.719 -0.0204627 0.00603137 -12.5001 12.4856 -0.0145496
213.73 -0.020463 0.00603341 -12.5064 12.4918 -0.014548
213.742 -0.0204633 0.00603552 -12.5125 12.498 -0.0145456
213.753 -0.020463 0.00603762 -12.5187 12.5042 -0.0145439
213.764 -0.0204627 0.00603948 -12.5249 12.5103 -0.0145419
213.775 -0.0204628 0.00604115 -12.531 12.5165 -0.0145397
213.787 -0.0204627 0.00604288 -12.5371 12.5226 -0.0145379
213.798 -0.0204629 0.00604438 -12.5432 12.5287 -0.0145359
213.809 -0.0204628 0.00604607 -12.5493 12.5348 -0.0145338
213.82 -0.0204626 0.00604698 -12.5554 12.5409 -0.0145322
213.831 -0.0204627 0.00604834 -12.5615 12.547 -0.0145291
213.843 -0.0204628 0.00604957 -12.5675 12.553 -0.0145266
213.854 -0.020463 0.00605052 -12.5736 12.5591 -0.0145244
213.865 -0.0204638 0.00605147 -12.5797 12.5651 -0.0145212
213.876 -0.0204643 0.00605236 -12.5857 12.5712 -0.0145186
213.888 -0.020465 0.00605311 -12.5917 12.5772 -0.0145161
213.899 -0.0204661 0.006055 -12.5978 12.5833 -0.014513
213.91 -0.0204671 0.00605609 -12.6038 12.5893 -0.0145103
213.921 -0.0204679 0.00605693 -12.6098 12.5953 -0.0145082
213.933 -0.0204679 0.0060583 -12.6158 12.6013 -0.0145052
213.944 -0.0204693 0.0060593 -12.6217 12.6072 -0.014502
213.955 -0.0204706 0.00606036 -12.6277 12.6132 -0.0144991
213.966 -0.0204721 0.00606148 -12.6336 12.6191 -0.0144955
213.978 -0.020473 0.00606244 -12.6395 12.625 -0.0144916
213.989 -0.0204741 0.00606318 -12.6454 12.6309 -0.0144881
214 -0.0204748 0.00606341 -12.6513 12.6368 -0.014485
214.011 -0.0204749 0.00606287 -12.6571 12.6426 -0.0144822
214.022 -0.0204746 0.00606264 -12.663 12.6485 -0.0144784
214.034 -0.0204751 0.00606251 -12.6688 12.6543 -0.0144749
214.045 -0.0204753 0.00606299 -12.6746 12.6601 -0.0144712
214.056 -0.0204751 0.0060633 -12.6803 12.6659 -0.0144676
214.067 -0.0204749 0.00606393 -12.6861 12.6716 -0.0144639
214.079 -0.0204743 0.00606443 -12.6918 12.6773 -0.0144598
214.09 -0.020474 0.00606536 -12.6975 12.6831 -0.0144561
214.101 -0.0204735 0.00606659 -12.7032 12.6887 -0.0144521
214.112 -0.0204733 0.00606771 -12.7088 12.6944 -0.0144468
214.124 -0.0204729 0.00606892 -12.7144 12.7 -0.0144436
214.135 -0.0204727 0.00607024 -12.72 12.7056 -0.0144393
214.146 -0.0204726 0.00607184 -12.7255 12.7111 -0.0144353
214.157 -0.0204726 0.00607302 -12.731 12.7166 -0.0144322
214.169 -0.0204725 0.00607365 -12.7364 12.722 -0.0144282
214.18 -0.0204721 0.0060745 -12.7419 12.7274 -0.014424
214.191 -0.0204721 0.00607564 -12.7473 12.7328 -0.0144209
214.202 -0.0204724 0.00607654 -12.7526 12.7382 -0.0144169
214.213 -0.0204734 0.00607724 -12.7579 12.7435 -0.0144125
214.225 -0.0204743 0.00607837 -12.7632 12.7488 -0.0144086
214.236 -0.0204757 0.00607996 -12.7684 12.754 -0.0144045
214.247 -0.0204771 0.00608142 -12.7736 12.7592 -0.0144014
214.258 -0.0204784 0.0060833 -12.7787 12.7643 -0.0143984
214.27 -0.0204795 0.00608524 -12.7838 12.7694 -0.0143959
214.281 -0.0204805 0.00608759 -12.7888 12.7744 -0.0143935
214.292 -0.0204815 0.00608977 -12.7938 12.7794 -0.0143915
214.303 -0.0204822 0.0060921 -12.7987 12.7843 -0.0143892
214.315 -0.0204829 0.00609394 -12.8035 12.7891 -0.0143876
214.326 -0.020483 0.00609594 -12.8083 12.794 -0.0143862
214.337 -0.0204832 0.00609796 -12.8131 12.7987 -0.014385
214.348 -0.0204839 0.00609961 -12.8178 12.8034 -0.0143841
214.36 -0.0204848 0.00610219 -12.8224 12.808 -0.0143833
214.371 -0.0204854 0.00610475 -12.827 12.8126 -0.0143815
214.382 -0.0204859 0.00610664 -12.8315 12.8171 -0.01438
214.393 -0.0204875 0.00610845 -12.836 12.8216 -0.014378
214.404 -0.0204885 0.00611006 -12.8404 12.826 -0.0143749
214.416 -0.0204901 0.00611115 -12.8448 12.8304 -0.0143723
214.427 -0.0204912 0.00611231 -12.8491 12.8348 -0.0143696
214.438 -0.0204922 0.0061131 -12.8535 12.8391 -0.0143668
214.449 -0.0204926 0.00611281 -12.8577 12.8434 -0.0143644
214.461 -0.0204922 0.00611323 -12.862 12.8476 -0.0143611
214.472 -0.0204922 0.00611383 -12.8662 12.8519 -0.0143573
214.483 -0.020492 0.00611384 -12.8705 12.8561 -0.0143536
214.494 -0.0204925 0.00611402 -12.8747 12.8603 -0.0143494
214.506 -0.020493 0.00611433 -12.8789 12.8645 -0.0143454
214.517 -0.0204939 0.00611553 -12.883 12.8687 -0.0143409
214.528 -0.0204948 0.00611691 -12.8872 12.8728 -0.014337
214.539 -0.020496 0.00611799 -12.8913 12.877 -0.0143329
214.551 -0.0204972 0.00611883 -12.8955 12.8811 -0.014329
214.562 -0.020499 0.00611937 -12.8996 12.8853 -0.0143253
214.573 -0.0205012 0.00612006 -12.9037 12.8894 -0.0143212
214.584 -0.0205027 0.00612112 -12.9077 12.8934 -0.0143177
214.596 -0.020505 0.00612245 -12.9118 12.8975 -0.0143141
214.607 -0.0205062 0.00612423 -12.9158 12.9015 -0.01431
214.618 -0.0205074 0.00612592 -12.9198 12.9055 -0.0143065
214.629 -0.0205082 0.00612768 -12.9238 12.9095 -0.014303
214.64 -0.0205096 0.00612986 -12.9277 12.9134 -0.0142988
214.652 -0.0205103 0.00613202 -12.9317 12.9174 -0.0142952
214.663 -0.0205104 0.00613431 -12.9356 12.9213 -0.0142917
214.674 -0.0205116 0.00613679 -12.9394 12.9251 -0.0142873
214.685 -0.0205121 0.00613946 -12.9433 12.929 -0.0142831
214.697 -0.0205127 0.006142 -12.9471 12.9328 -0.01428
214.708 -0.0205129 0.006144 -12.9509 12.9366 -0.0142768
214.719 -0.020513 0.00614586 -12.9546 12.9403 -0.0142736
214.73 -0.0205129 0.00614775 -12.9583 12.9441 -0.0142703
214.742 -0.0205125 0.00615005 -12.962 12.9477 -0.0142672
214.753 -0.020513 0.00615214 -12.9656 12.9513 -0.0142633
214.764 -0.0205129 0.00615488 -12.9692 12.955 -0.0142603
214.775 -0.0205128 0.00615664 -12.9728 12.9586 -0.0142573
214.787 -0.0205122 0.00615907 -12.9764 12.9621 -0.0142539
214.798 -0.0205124 0.00616162 -12.9799 12.9656 -0.0142506
214.809 -0.0205136 0.0061642 -12.9834 12.9691 -0.0142473
214.82 -0.0205148 0.00616639 -12.9868 12.9725 -0.0142442
214.831 -0.0205161 0.00616913 -12.9902 12.976 -0.0142409
214.843 -0.0205178 0.00617137 -12.9936 12.9793 -0.0142372
214.854 -0.0205189 0.00617326 -12.997 12.9827 -0.0142331
214.865 -0.0205202 0.00617512 -13.0003 12.9861 -0.0142294
214.876 -0.0205219 0.00617683 -13.0037 12.9894 -0.0142262
214.888 -0.0205235 0.00617864 -13.007 12.9927 -0.0142235
214.899 -0.0205255 0.00618011 -13.0103 12.996 -0.0142207
214.91 -0.0205268 0.00618189 -13.0135 12.9993 -0.014217
214.921 -0.0205288 0.00618401 -13.0167 13.0025 -0.0142129
214.933 -0.0205305 0.00618583 -13.02 13.0058 -0.0142095
214.944 -0.0205308 0.00618764 -13.0231 13.0089 -0.0142057
214.955 -0.020532 0.00618914 -13.0263 13.0121 -0.0142015
214.966 -0.0205328 0.00619094 -13.0294 13.0152 -0.014198
214.978 -0.0205337 0.00619236 -13.0325 13.0183 -0.0141925
214.989 -0.0205356 0.00619476 -13.0355 13.0214 -0.0141884
215 -0.0205374 0.00619666 -13.0386 13.0244 -0.0141846
215.011 -0.0205383 0.00619844 -13.0416 13.0275 -0.0141797
215.022 -0.0205391 0.00620009 -13.0447 13.0305 -0.0141752
215.034 -0.0205396 0.00620169 -13.0477 13.0335 -0.0141723
215.045 -0.02054 0.00620196 -13.0507 13.0365 -0.014169
215.056 -0.0205397 0.00620292 -13.0536 13.0395 -0.0141656
215.067 -0.0205394 0.00620352 -13.0566 13.0424 -0.0141617
215.079 -0.0205392 0.00620414 -13.0595 13.0453 -0.0141574
215.09 -0.0205386 0.00620455 -13.0624 13.0482 -0.0141529
215.101 -0.020538 0.00620613 -13.0652 13.0511 -0.0141484
215.112 -0.0205379 0.00620808 -13.068 13.0539 -0.0141436
215.124 -0.020537 0.00620976 -13.0708 13.0567 -0.0141397
215.135 -0.0205373 0.00621204 -13.0736 13.0595 -0.0141351
215.146 -0.0205377 0.00621438 -13.0764 13.0623 -0.0141305
215.157 -0.0205375 0.00621631 -13.0791 13.065 -0.0141265
215.169 -0.0205378 0.00621797 -13.0818 13.0677 -0.0141231
215.18 -0.0205374 0.00621851 -13.0845 13.0704 -0.0141184
215.191 -0.0205371 0.00621889 -13.0871 13.073 -0.0141139
215.202 -0.0205371 0.00621991 -13.0898 13.0757 -0.0141095
215.213 -0.0205381 0.0062203 -13.0923 13.0782 -0.0141046
215.225 -0.0205386 0.00622143 -13.0949 13.0808 -0.0141
215.236 -0.0205392 0.00622309 -13.0975 13.0834 -0.0140945
215.247 -0.0205393 0.00622485 -13.1 13.0859 -0.0140896
215.258 -0.0205392 0.0062267 -13.1024 13.0883 -0.0140849
215.27 -0.0205391 0.00622864 -13.1049 13.0908 -0.0140795
215.281 -0.0205396 0.00622998 -13.1073 13.0932 -0.0140746
215.292 -0.0205404 0.0062321 -13.1096 13.0956 -0.0140699
215.303 -0.0205413 0.00623385 -13.112 13.0979 -0.0140657
215.315 -0.020542 0.0062358 -13.1143 13.1002 -0.0140613
215.326 -0.0205426 0.00623819 -13.1166 13.1025 -0.0140553
215.337 -0.020543 0.00624012 -13.1188 13.1048 -0.0140501
215.348 -0.0205435 0.00624199 -13.1211 13.107 -0.0140448
215.36 -0.0205441 0.00624424 -13.1233 13.1092 -0.0140407
215.371 -0.0205435 0.0062465 -13.1254 13.1114 -0.014038
215.382 -0.0205431 0.00624862 -13.1275 13.1135 -0.0140346
215.393 -0.0205426 0.00625082 -13.1296 13.1155 -0.0140309
215.404 -0.0205421 0.00625313 -13.1316 13.1175 -0.014028
215.416 -0.0205426 0.00625509 -13.1335 13.1195 -0.0140247
215.427 -0.0205429 0.00625745 -13.1354 13.1214 -0.0140204
215.438 -0.0205438 0.00626014 -13.1373 13.1233 -0.0140164
215.449 -0.0205453 0.00626184 -13.1391 13.1251 -0.0140124
215.461 -0.0205458 0.00626375 -13.1409 13.1269 -0.0140085
215.472 -0.0205467 0.00626579 -13.1427 13.1287 -0.014004
215.483 -0.0205474 0.00626771 -13.1444 13.1304 -0.0139991
215.494 -0.0205475 0.00626977 -13.1462 13.1322 -0.0139935
215.506 -0.0205487 0.00627189 -13.1479 13.1339 -0.0139879
215.517 -0.020549 0.00627395 -13.1495 13.1356 -0.0139821
215.528 -0.0205482 0.00627578 -13.1512 13.1372 -0.0139776
215.539 -0.020548 0.00627747 -13.1528 13.1389 -0.0139728
215.551 -0.0205486 0.00627909 -13.1544 13.1404 -0.0139692
215.562 -0.0205498 0.00628058 -13.1559 13.142 -0.0139655
215.573 -0.0205502 0.00628245 -13.1574 13.1435 -0.0139614
215.584 -0.0205501 0.00628347 -13.1589 13.1449 -0.0139575
215.596 -0.0205503 0.0062849 -13.1603 13.1463 -0.0139535
215.607 -0.02055 0.00628542 -13.1616 13.1477 -0.0139484
215.618 -0.0205494 0.00628619 -13.163 13.149 -0.0139429
215.629 -0.0205486 0.00628698 -13.1643 13.1503 -0.0139377
215.64 -0.0205477 0.00628717 -13.1656 13.1516 -0.0139328
215.652 -0.0205474 0.00628796 -13.1668 13.1529 -0.0139272
215.663 -0.0205474 0.00628851 -13.168 13.1541 -0.0139219
215.674 -0.0205473 0.00628885 -13.1692 13.1553 -0.0139165
215.685 -0.0205489 0.00628952 -13.1703 13.1564 -0.0139111
215.697 -0.0205498 0.0062892 -13.1714 13.1575 -0.0139062
215.708 -0.0205502 0.00628983 -13.1725 13.1586 -0.0139027
215.719 -0.02055 0.00629154 -13.1735 13.1596 -0.0138968
215.73 -0.0205507 0.0062931 -13.1744 13.1605 -0.0138909
215.742 -0.0205514 0.00629515 -13.1754 13.1615 -0.0138851
215.753 -0.020552 0.00629723 -13.1762 13.1624 -0.0138798
215.764 -0.020553 0.00629873 -13.1771 13.1632 -0.0138747
215.775 -0.0205542 0.00630037 -13.1779 13.164 -0.0138692
215.787 -0.0205553 0.00630105 -13.1787 13.1648 -0.0138652
215.798 -0.0205562 0.00630251 -13.1794 13.1655 -0.0138608
215.809 -0.0205566 0.0063042 -13.1801 13.1662 -0.0138571
215.82 -0.020557 0.00630552 -13.1807 13.1668 -0.0138523
215.831 -0.0205577 0.00630776 -13.1813 13.1674 -0.0138474
215.843 -0.0205588 0.00631054 -13.1819 13.168 -0.0138423
215.854 -0.0205599 0.00631306 -13.1824 13.1685 -0.0138378
215.865 -0.020561 0.0063151 -13.1828 13.169 -0.0138342
215.876 -0.0205617 0.00631668 -13.1832 13.1694 -0.013831
215.888 -0.0205624 0.0063179 -13.1836 13.1697 -0.0138277
215.899 -0.0205627 0.00631936 -13.1838 13.17 -0.013824
215.91 -0.0205629 0.00632076 -13.1841 13.1703 -0.0138207
215.921 -0.0205636 0.00632181 -13.1843 13.1704 -0.0138176
215.933 -0.0205644 0.00632326 -13.1844 13.1706 -0.0138138
215.944 -0.0205652 0.00632389 -13.1845 13.1706 -0.0138101
215.955 -0.0205662 0.00632447 -13.1844 13.1706 -0.0138058
215.966 -0.0205666 0.0063255 -13.1844 13.1706 -0.0138016
215.978 -0.0205665 0.00632644 -13.1843 13.1705 -0.0137969
215.989 -0.0205662 0.00632772 -13.1841 13.1703 -0.0137928
216 -0.0205662 0.0063294 -13.1839 13.1701 -0.0137888
216.011 -0.0205658 0.00633081 -13.1837 13.1699 -0.0137858
216.022 -0.0205652 0.00633273 -13.1834 13.1696 -0.0137824
216.034 -0.0205647 0.00633419 -13.1831 13.1693 -0.0137793
216.045 -0.0205643 0.00633655 -13.1827 13.1689 -0.0137751
216.056 -0.0205647 0.00633896 -13.1823 13.1685 -0.0137703
216.067 -0.0205645 0.0063421 -13.1818 13.1681 -0.0137659
216.079 -0.020565 0.00634391 -13.1814 13.1676 -0.0137627
216.09 -0.0205655 0.00634541 -13.1808 13.167 -0.01376
216.101 -0.0205658 0.0063469 -13.1802 13.1664 -0.0137572
216.112 -0.0205664 0.00634869 -13.1795 13.1658 -0.0137541
216.124 -0.0205665 0.00635109 -13.1788 13.1651 -0.0137502
216.135 -0.0205663 0.006353 -13.1781 13.1643 -0.0137467
216.146 -0.0205669 0.00635511 -13.1773 13.1635 -0.0137431
216.157 -0.020567 0.00635705 -13.1764 13.1627 -0.0137391
216.169 -0.0205674 0.00635934 -13.1755 13.1618 -0.013735
216.18 -0.0205666 0.00636085 -13.1746 13.1609 -0.0137318
216.191 -0.0205666 0.00636279 -13.1736 13.1599 -0.0137283
216.202 -0.0205671 0.00636518 -13.1726 13.1589 -0.013724
216.213 -0.020568 0.0063679 -13.1716 13.1578 -0.0137205
216.225 -0.0205687 0.00637025 -13.1704 13.1567 -0.0137162
216.236 -0.0205697 0.00637267 -13.1693 13.1556 -0.0137126
216.247 -0.0205707 0.00637499 -13.1681 13.1544 -0.0137095
216.258 -0.0205712 0.00637711 -13.1668 13.1531 -0.0137059
216.27 -0.0205717 0.00637822 -13.1655 13.1518 -0.0137032
216.281 -0.0205734 0.00637878 -13.1642 13.1505 -0.0137005
216.292 -0.020575 0.00638083 -13.1628 13.1491 -0.0136979
216.303 -0.0205757 0.00638305 -13.1613 13.1476 -0.0136958
216.315 -0.0205758 0.00638633 -13.1598 13.1461 -0.013692
216.326 -0.0205761 0.00638935 -13.1583 13.1446 -0.0136877
216.337 -0.020576 0.00639202 -13.1567 13.143 -0.0136832
216.348 -0.0205758 0.00639415 -13.1551 13.1414 -0.01368
216.36 -0.0205753 0.00639666 -13.1534 13.1397 -0.013677
216.371 -0.0205747 0.00639886 -13.1517 13.138 -0.0136738
216.382 -0.0205741 0.00640119 -13.1499 13.1362 -0.0136706
216.393 -0.0205735 0.00640387 -13.148 13.1344 -0.0136669
216.404 -0.0205734 0.00640666 -13.1462 13.1325 -0.0136627
216.416 -0.0205731 0.00640982 -13.1442 13.1306 -0.0136586
216.427 -0.0205733 0.00641307 -13.1423 13.1286 -0.013654
216.438 -0.0205731 0.00641566 -13.1403 13.1266 -0.0136499
216.449 -0.0205726 0.00641811 -13.1383 13.1246 -0.0136456
216.461 -0.0205716 0.00642009 -13.1362 13.1226 -0.0136411
216.472 -0.0205714 0.00642206 -13.1341 13.1205 -0.0136368
216.483 -0.0205721 0.00642397 -13.132 13.1184 -0.0136346
216.494 -0.0205731 0.00642597 -13.1298 13.1162 -0.013632
216.506 -0.0205743 0.00642787 -13.1276 13.114 -0.0136287
216.517 -0.0205754 0.00643077 -13.1254 13.1118 -0.013626
216.528 -0.0205764 0.00643324 -13.1231 13.1095 -0.013622
216.539 -0.0205773 0.00643643 -13.1208 13.1072 -0.0136188
216.551 -0.0205776 0.00643973 -13.1185 13.1049 -0.0136161
216.562 -0.0205778 0.0064417 -13.1162 13.1026 -0.0136126
216.573 -0.0205782 0.00644455 -13.1138 13.1002 -0.0136093
216.584 -0.0205784 0.00644756 -13.1114 13.0978 -0.0136069
216.596 -0.0205782 0.00645042 -13.109 13.0954 -0.0136042
216.607 -0.0205788 0.00645312 -13.1065 13.0929 -0.0136014
216.618 -0.0205796 0.00645582 -13.1039 13.0903 -0.0135983
216.629 -0.0205805 0.00645813 -13.1013 13.0878 -0.0135946
216.64 -0.020581 0.00646113 -13.0987 13.0851 -0.0135917
216.652 -0.0205813 0.00646358 -13.096 13.0824 -0.0135891
216.663 -0.0205817 0.00646648 -13.0933 13.0797 -0.0135851
216.674 -0.0205825 0.00646845 -13.0905 13.077 -0.0135821
216.685 -0.0205827 0.00647046 -13.0877 13.0742 -0.0135792
216.697 -0.0205831 0.00647238 -13.0849 13.0713 -0.0135756
216.708 -0.0205836 0.0064742 -13.082 13.0685 -0.013571
216.719 -0.020584 0.0064765 -13.0792 13.0656 -0.0135661
216.73 -0.0205845 0.00647865 -13.0763 13.0627 -0.0135612
216.742 -0.0205848 0.00648134 -13.0734 13.0598 -0.0135563
216.753 -0.0205853 0.00648409 -13.0705 13.0569 -0.0135522
216.764 -0.020586 0.0064865 -13.0676 13.054 -0.0135464
216.775 -0.0205867 0.00648784 -13.0646 13.0511 -0.0135423
216.787 -0.0205874 0.00649053 -13.0617 13.0482 -0.0135388
216.798 -0.0205887 0.00649363 -13.0587 13.0452 -0.0135341
216.809 -0.0205903 0.00649674 -13.0558 13.0423 -0.0135294
216.82 -0.0205922 0.00649978 -13.0528 13.0393 -0.0135254
216.831 -0.0205937 0.00650262 -13.0498 13.0363 -0.0135211
216.843 -0.0205953 0.00650597 -13.0468 13.0333 -0.0135173
216.854 -0.0205973 0.00650904 -13.0438 13.0303 -0.0135144
216.865 -0.0205996 0.00651212 -13.0407 13.0272 -0.0135107
216.876 -0.0206007 0.00651495 -13.0376 13.0241 -0.0135062
216.888 -0.020602 0.00651785 -13.0345 13.021 -0.0135029
216.899 -0.0206036 0.00652067 -13.0313 13.0178 -0.0134997
216.91 -0.0206051 0.00652433 -13.0281 13.0147 -0.0134955
216.921 -0.020606 0.00652765 -13.025 13.0115 -0.0134912
216.933 -0.0206063 0.00653096 -13.0218 13.0083 -0.0134874
216.944 -0.0206068 0.00653446 -13.0186 13.0051 -0.0134838
216.955 -0.020607 0.00653804 -13.0154 13.0019 -0.0134803
216.966 -0.0206069 0.00654099 -13.0122 12.9987 -0.0134758
216.978 -0.0206066 0.00654323 -13.009 12.9955 -0.0134721
216.989 -0.0206066 0.00654575 -13.0058 12.9923 -0.0134689
217 -0.0206064 0.0065491 -13.0026 12.9891 -0.0134642
217.011 -0.0206059 0.00655163 -12.9994 12.9859 -0.0134596
217.022 -0.0206058 0.00655411 -12.9962 12.9828 -0.0134557
217.034 -0.0206069 0.00655654 -12.9931 12.9796 -0.0134515
217.045 -0.0206086 0.00655913 -12.9899 12.9765 -0.013448
217.056 -0.02061 0.00656247 -12.9868 12.9733 -0.0134448
217.067 -0.0206114 0.00656594 -12.9836 12.9702 -0.0134399
217.079 -0.0206125 0.00656941 -12.9804 12.967 -0.0134355
217.09 -0.0206141 0.00657304 -12.9773 12.9639 -0.0134318
217.101 -0.0206166 0.00657652 -12.9741 12.9607 -0.0134277
217.112 -0.0206189 0.00658136 -12.971 12.9575 -0.0134237
217.124 -0.0206204 0.00658587 -12.9678 12.9544 -0.0134199
217.135 -0.0206215 0.0065903 -12.9647 12.9512 -0.0134165
217.146 -0.020622 0.00659458 -12.9615 12.9481 -0.0134127
217.157 -0.0206215 0.00659883 -12.9583 12.9449 -0.0134097
217.169 -0.0206213 0.00660234 -12.9552 12.9418 -0.0134067
217.18 -0.0206209 0.00660549 -12.952 12.9386 -0.013404
217.191 -0.0206209 0.00660964 -12.9489 12.9355 -0.013401
217.202 -0.020621 0.00661392 -12.9458 12.9324 -0.0133964
217.213 -0.020622 0.00661775 -12.9427 12.9293 -0.0133921
217.225 -0.0206227 0.00662072 -12.9396 12.9262 -0.0133884
217.236 -0.0206236 0.00662308 -12.9365 12.9231 -0.0133841
217.247 -0.0206235 0.00662549 -12.9335 12.9201 -0.0133803
217.258 -0.0206242 0.00662845 -12.9304 12.9171 -0.0133762
217.27 -0.0206254 0.00663172 -12.9274 12.914 -0.0133719
217.281 -0.0206265 0.00663506 -12.9244 12.911 -0.0133669
217.292 -0.0206266 0.00663872 -12.9215 12.9081 -0.0133618
217.303 -0.0206284 0.00664306 -12.9185 12.9052 -0.0133563
217.315 -0.0206306 0.00664762 -12.9156 12.9023 -0.013352
217.326 -0.0206333 0.00665203 -12.9127 12.8994 -0.0133472
217.337 -0.0206354 0.00665668 -12.9099 12.8965 -0.013342
217.348 -0.020638 0.00666142 -12.907 12.8937 -0.0133359
217.36 -0.02064 0.00666649 -12.9042 12.8909 -0.0133304
217.371 -0.0206416 0.00667066 -12.9015 12.8881 -0.0133256
217.382 -0.0206432 0.0066743 -12.8987 12.8854 -0.0133226
217.393 -0.020643 0.00667773 -12.896 12.8826 -0.0133202
217.404 -0.0206431 0.0066812 -12.8932 12.8799 -0.013317
217.416 -0.0206429 0.00668502 -12.8905 12.8772 -0.0133133
217.427 -0.020643 0.00668918 -12.8878 12.8745 -0.0133097
217.438 -0.020643 0.00669316 -12.8851 12.8718 -0.0133059
217.449 -0.0206432 0.0066968 -12.8825 12.8692 -0.0133022
217.461 -0.020643 0.00669991 -12.8798 12.8665 -0.0132994
217.472 -0.0206439 0.00670228 -12.8772 12.8639 -0.0132961
217.483 -0.0206453 0.00670386 -12.8747 12.8614 -0.0132932
217.494 -0.0206463 0.00670645 -12.8721 12.8588 -0.0132901
217.506 -0.0206472 0.00670911 -12.8696 12.8563 -0.0132859
217.517 -0.0206471 0.00671254 -12.8671 12.8539 -0.0132814
217.528 -0.0206474 0.00671644 -12.8648 12.8515 -0.0132763
217.539 -0.0206489 0.00672045 -12.8624 12.8491 -0.0132708
217.551 -0.0206506 0.00672409 -12.8601 12.8469 -0.013267
217.562 -0.0206535 0.00672825 -12.8579 12.8446 -0.0132631
217.573 -0.0206556 0.00673281 -12.8556 12.8424 -0.0132583
217.584 -0.0206578 0.00673818 -12.8534 12.8402 -0.0132535
217.596 -0.0206601 0.00674393 -12.8513 12.8381 -0.0132488
217.607 -0.0206623 0.00674897 -12.8492 12.836 -0.0132443
217.618 -0.0206631 0.00675293 -12.8471 12.8339 -0.0132405
217.629 -0.0206641 0.00675733 -12.8451 12.8319 -0.0132368
217.64 -0.0206642 0.0067612 -12.8431 12.8298 -0.0132341
217.652 -0.0206649 0.00676598 -12.841 12.8278 -0.0132305
217.663 -0.0206652 0.00677101 -12.8391 12.8259 -0.0132269
217.674 -0.0206664 0.00677576 -12.8371 12.8239 -0.0132229
217.685 -0.0206666 0.00677915 -12.8352 12.822 -0.0132201
217.697 -0.0206669 0.0067826 -12.8333 12.8201 -0.0132166
217.708 -0.020667 0.0067871 -12.8315 12.8182 -0.0132126
217.719 -0.0206674 0.00679179 -12.8296 12.8164 -0.0132087
217.73 -0.0206682 0.00679598 -12.8279 12.8147 -0.0132039
217.742 -0.0206697 0.00680057 -12.8261 12.8129 -0.013198
217.753 -0.0206707 0.0068051 -12.8245 12.8113 -0.0131943
217.764 -0.0206717 0.00680974 -12.8228 12.8096 -0.0131906
217.775 -0.0206727 0.00681396 -12.8212 12.808 -0.0131859
217.787 -0.0206739 0.00681792 -12.8197 12.8065 -0.0131815
217.798 -0.0206752 0.00682237 -12.8182 12.805 -0.0131759
217.809 -0.0206763 0.00682684 -12.8168 12.8036 -0.013171
217.82 -0.0206773 0.00683133 -12.8154 12.8022 -0.0131658
217.831 -0.0206788 0.00683582 -12.814 12.8009 -0.0131614
217.843 -0.0206805 0.00683997 -12.8127 12.7995 -0.0131567
217.854 -0.0206818 0.00684427 -12.8114 12.7983 -0.0131524
217.865 -0.0206836 0.00684727 -12.8102 12.797 -0.0131492
217.876 -0.0206861 0.0068503 -12.8089 12.7958 -0.0131456
217.888 -0.020689 0.00685291 -12.8077 12.7945 -0.0131417
217.899 -0.0206907 0.00685558 -12.8065 12.7934 -0.0131387
217.91 -0.0206927 0.00685922 -12.8053 12.7922 -0.0131344
217.921 -0.0206945 0.00686296 -12.8041 12.791 -0.0131298
217.933 -0.0206973 0.00686729 -12.803 12.7899 -0.0131252
217.944 -0.0207004 0.0068718 -12.8019 12.7888 -0.0131195
217.955 -0.0207025 0.006875 -12.8009 12.7877 -0.0131142
217.966 -0.0207049 0.00687953 -12.7999 12.7868 -0.0131091
217.978 -0.0207075 0.00688419 -12.7989 12.7858 -0.0131029
217.989 -0.0207098 0.00688864 -12.7979 12.7848 -0.0130972
218 -0.0207123 0.00689228 -12.797 12.7839 -0.0130926
218.011 -0.0207153 0.00689454 -12.7961 12.783 -0.0130888
218.022 -0.0207174 0.00689646 -12.7952 12.7821 -0.0130849
218.034 -0.0207204 0.00689941 -12.7943 12.7813 -0.0130807
218.045 -0.0207221 0.0069026 -12.7935 12.7804 -0.0130761
218.056 -0.0207239 0.00690544 -12.7927 12.7797 -0.0130716
218.067 -0.0207253 0.00690856 -12.792 12.7789 -0.0130674
218.079 -0.0207272 0.00691145 -12.7913 12.7782 -0.0130634
218.09 -0.0207287 0.00691456 -12.7906 12.7775 -0.0130595
218.101 -0.0207292 0.00691734 -12.7899 12.7768 -0.0130562
218.112 -0.0207304 0.0069205 -12.7892 12.7762 -0.0130517
218.124 -0.0207307 0.00692313 -12.7886 12.7756 -0.0130478
218.135 -0.0207318 0.00692642 -12.788 12.7749 -0.013043
218.146 -0.0207332 0.00693022 -12.7874 12.7743 -0.0130378
218.157 -0.0207345 0.00693431 -12.7868 12.7738 -0.0130323
218.169 -0.020736 0.0069382 -12.7863 12.7733 -0.0130267
218.18 -0.0207377 0.00694259 -12.7858 12.7728 -0.0130214
218.191 -0.0207389 0.0069466 -12.7853 12.7723 -0.0130155
218.202 -0.0207404 0.00695043 -12.7849 12.7719 -0.0130103
218.213 -0.0207421 0.00695367 -12.7844 12.7714 -0.0130054
218.225 -0.0207438 0.00695696 -12.784 12.771 -0.0130004
218.236 -0.0207455 0.00696043 -12.7836 12.7706 -0.0129958
218.247 -0.0207469 0.00696427 -12.7832 12.7702 -0.012991
218.258 -0.0207486 0.00696807 -12.7828 12.7698 -0.0129854
218.27 -0.0207505 0.00697185 -12.7824 12.7694 -0.0129802
218.281 -0.0207527 0.0069762 -12.782 12.769 -0.0129753
218.292 -0.0207547 0.0069806 -12.7816 12.7686 -0.0129699
218.303 -0.0207566 0.00698447 -12.7812 12.7683 -0.0129657
218.315 -0.0207589 0.00698682 -12.7808 12.7679 -0.0129607
218.326 -0.0207616 0.00699001 -12.7805 12.7675 -0.0129561
218.337 -0.0207644 0.00699224 -12.7801 12.7672 -0.0129535
218.348 -0.0207671 0.00699448 -12.7797 12.7668 -0.0129492
218.36 -0.0207694 0.00699688 -12.7793 12.7664 -0.012945
218.371 -0.0207718 0.00699888 -12.7789 12.766 -0.0129415
218.382 -0.0207742 0.00700143 -12.7785 12.7656 -0.0129361
218.393 -0.020776 0.00700391 -12.7781 12.7652 -0.0129304
218.404 -0.020778 0.0070058 -12.7777 12.7648 -0.0129259
218.416 -0.0207794 0.00700754 -12.7773 12.7644 -0.0129212
218.427 -0.0207811 0.00700968 -12.7769 12.764 -0.0129168
218.438 -0.0207826 0.00701205 -12.7765 12.7636 -0.0129124
218.449 -0.0207844 0.00701432 -12.7761 12.7632 -0.0129078
218.461 -0.0207863 0.00701649 -12.7757 12.7628 -0.012905
218.472 -0.0207878 0.00701989 -12.7752 12.7623 -0.0129024
218.483 -0.0207886 0.00702268 -12.7747 12.7618 -0.0128985
218.494 -0.0207903 0.00702618 -12.7743 12.7614 -0.0128939
218.506 -0.020792 0.00702913 -12.7738 12.7609 -0.0128896
218.517 -0.020794 0.00703299 -12.7733 12.7604 -0.0128852
218.528 -0.0207962 0.007036 -12.7727 12.7598 -0.0128806
218.539 -0.0207977 0.00703857 -12.7722 12.7593 -0.0128759
218.551 -0.0208001 0.00704106 -12.7716 12.7588 -0.0128705
218.562 -0.0208015 0.00704351 -12.7711 12.7582 -0.0128654
218.573 -0.0208027 0.00704615 -12.7705 12.7576 -0.0128597
218.584 -0.0208044 0.00704835 -12.7699 12.7571 -0.0128535
218.596 -0.0208065 0.00705055 -12.7693 12.7565 -0.0128475
218.607 -0.0208088 0.00705233 -12.7687 12.7559 -0.0128434
218.618 -0.0208113 0.00705362 -12.7681 12.7552 -0.012839
218.629 -0.0208136 0.00705512 -12.7674 12.7545 -0.0128329
218.64 -0.0208159 0.00705706 -12.7667 12.7538 -0.0128274
218.652 -0.0208185 0.00705937 -12.7659 12.7531 -0.0128216
218.663 -0.0208211 0.00706188 -12.7651 12.7523 -0.0128161
218.674 -0.0208232 0.00706432 -12.7644 12.7516 -0.0128101
218.685 -0.0208253 0.00706682 -12.7636 12.7508 -0.0128044
218.697 -0.0208276 0.00706974 -12.7628 12.75 -0.0127994
218.708 -0.0208293 0.0070729 -12.7619 12.7491 -0.0127934
218.719 -0.0208317 0.00707607 -12.761 12.7483 -0.0127862
218.73 -0.020835 0.00707938 -12.7602 12.7474 -0.0127802
218.742 -0.0208369 0.00708288 -12.7592 12.7465 -0.012774
218.753 -0.0208394 0.00708499 -12.7583 12.7455 -0.0127673
218.764 -0.0208418 0.00708818 -12.7573 12.7446 -0.012761
218.775 -0.0208438 0.00709116 -12.7564 12.7436 -0.012755
218.787 -0.0208463 0.00709359 -12.7554 12.7426 -0.0127485
218.798 -0.0208486 0.00709597 -12.7543 12.7416 -0.0127432
218.809 -0.0208508 0.00709928 -12.7533 12.7406 -0.0127388
218.82 -0.0208534 0.00710223 -12.7522 12.7395 -0.012734
218.831 -0.020856 0.00710514 -12.751 12.7383 -0.0127287
218.843 -0.0208579 0.00710854 -12.7499 12.7372 -0.0127242
218.854 -0.0208596 0.00711181 -12.7487 12.736 -0.0127182
218.865 -0.0208612 0.00711473 -12.7474 12.7347 -0.012712
218.876 -0.0208632 0.00711925 -12.7462 12.7335 -0.0127069
218.888 -0.0208653 0.00712342 -12.7448 12.7321 -0.0127013
218.899 -0.0208672 0.0071273 -12.7435 12.7308 -0.0126966
218.91 -0.0208687 0.00713099 -12.742 12.7294 -0.0126916
218.921 -0.0208707 0.00713364 -12.7406 12.7279 -0.0126862
218.933 -0.0208727 0.00713593 -12.7391 12.7264 -0.012681
218.944 -0.0208749 0.00713754 -12.7376 12.7249 -0.0126759
218.955 -0.0208774 0.0071396 -12.736 12.7233 -0.0126708
218.966 -0.0208796 0.00714106 -12.7344 12.7217 -0.0126654
218.978 -0.0208818 0.00714325 -12.7328 12.7201 -0.0126604
218.989 -0.0208838 0.00714537 -12.7311 12.7184 -0.0126554
219 -0.0208847 0.00714648 -12.7294 12.7167 -0.0126512
219.011 -0.0208861 0.00714791 -12.7276 12.715 -0.0126469
219.022 -0.0208867 0.00714962 -12.7258 12.7131 -0.0126429
219.034 -0.0208886 0.00715101 -12.7239 12.7112 -0.0126386
219.045 -0.0208903 0.00715266 -12.722 12.7093 -0.012634
219.056 -0.0208926 0.00715453 -12.72 12.7074 -0.0126289
219.067 -0.0208947 0.00715696 -12.718 12.7054 -0.0126238
219.079 -0.0208975 0.00715921 -12.716 12.7033 -0.0126193
219.09 -0.0208994 0.00716079 -12.7138 12.7012 -0.0126144
219.101 -0.0209011 0.00716253 -12.7117 12.6991 -0.0126101
219.112 -0.0209027 0.00716378 -12.7095 12.6969 -0.0126055
219.124 -0.0209046 0.00716553 -12.7073 12.6947 -0.0126007
219.135 -0.0209066 0.00716684 -12.705 12.6924 -0.0125956
219.146 -0.0209079 0.00716912 -12.7027 12.6901 -0.0125906
219.157 -0.02091 0.00717072 -12.7003 12.6877 -0.0125853
219.169 -0.0209125 0.00717309 -12.6979 12.6853 -0.0125801
219.18 -0.0209147 0.00717534 -12.6955 12.6829 -0.012575
219.191 -0.0209163 0.00717787 -12.693 12.6804 -0.01257
219.202 -0.0209174 0.00718042 -12.6904 12.6779 -0.0125652
219.213 -0.0209178 0.0071831 -12.6879 12.6753 -0.0125618
219.225 -0.0209182 0.0071848 -12.6852 12.6727 -0.0125577
219.236 -0.0209193 0.00718672 -12.6825 12.67 -0.0125542
219.247 -0.0209201 0.00718969 -12.6798 12.6673 -0.0125508
219.258 -0.0209217 0.00719275 -12.677 12.6645 -0.0125465
219.27 -0.0209245 0.00719445 -12.6742 12.6616 -0.0125419
219.281 -0.020927 0.00719677 -12.6714 12.6588 -0.0125376
219.292 -0.0209292 0.00719831 -12.6685 12.656 -0.0125327
219.303 -0.0209315 0.00720012 -12.6656 12.6531 -0.012527
219.315 -0.020934 0.00720269 -12.6627 12.6502 -0.0125218
219.326 -0.0209358 0.00720451 -12.6597 12.6472 -0.0125158
219.337 -0.020938 0.00720647 -12.6567 12.6442 -0.0125097
219.348 -0.0209402 0.00720868 -12.6538 12.6413 -0.0125045
219.36 -0.0209426 0.00721162 -12.6508 12.6383 -0.0124986
219.371 -0.0209455 0.00721432 -12.6477 12.6352 -0.012493
219.382 -0.020948 0.0072172 -12.6447 12.6322 -0.0124877
219.393 -0.0209512 0.00722015 -12.6416 12.6292 -0.0124819
219.404 -0.020954 0.00722257 -12.6386 12.6261 -0.0124764
219.416 -0.0209578 0.00722519 -12.6354 12.623 -0.0124712
219.427 -0.0209607 0.00722764 -12.6323 12.6198 -0.012465
219.438 -0.0209634 0.00722983 -12.6291 12.6167 -0.0124591
219.449 -0.0209659 0.007232 -12.626 12.6135 -0.0124529
219.461 -0.0209675 0.00723486 -12.6228 12.6104 -0.0124476
219.472 -0.0209692 0.00723752 -12.6196 12.6071 -0.0124419
219.483 -0.0209718 0.00724099 -12.6164 12.6039 -0.0124362
219.494 -0.0209742 0.00724398 -12.6131 12.6007 -0.0124314
219.506 -0.0209762 0.00724741 -12.6098 12.5974 -0.0124262
219.517 -0.0209781 0.00725031 -12.6065 12.5941 -0.012422
219.528 -0.02098 0.00725313 -12.6032 12.5908 -0.0124177
219.539 -0.0209822 0.00725605 -12.5999 12.5875 -0.0124129
219.551 -0.0209844 0.007258 -12.5965 12.5841 -0.0124077
219.562 -0.0209856 0.00726027 -12.5931 12.5807 -0.0124023
219.573 -0.020987 0.00726295 -12.5898 12.5774 -0.0123976
219.584 -0.0209894 0.00726428 -12.5864 12.574 -0.0123932
219.596 -0.0209919 0.00726561 -12.583 12.5706 -0.0123873
219.607 -0.0209942 0.00726747 -12.5796 12.5672 -0.0123827
219.618 -0.0209967 0.00726955 -12.5762 12.5638 -0.0123785
219.629 -0.0209991 0.00727192 -12.5728 12.5604 -0.0123736
219.64 -0.0210021 0.00727398 -12.5694 12.557 -0.0123682
219.652 -0.0210056 0.00727628 -12.566 12.5536 -0.0123637
219.663 -0.0210091 0.00727863 -12.5625 12.5502 -0.0123587
219.674 -0.0210123 0.00728064 -12.5591 12.5467 -0.012353
219.685 -0.0210158 0.00728203 -12.5556 12.5433 -0.0123477
219.697 -0.0210193 0.00728318 -12.5522 12.5398 -0.0123424
219.708 -0.0210228 0.00728494 -12.5487 12.5364 -0.0123366
219.719 -0.0210254 0.00728633 -12.5453 12.5329 -0.0123313
219.73 -0.0210286 0.00728838 -12.5418 12.5295 -0.0123257
219.742 -0.0210322 0.00729066 -12.5383 12.526 -0.0123199
219.753 -0.0210346 0.00729398 -12.5349 12.5226 -0.0123144
219.764 -0.0210366 0.00729738 -12.5314 12.5191 -0.0123089
219.775 -0.0210397 0.00730031 -12.528 12.5157 -0.0123033
219.787 -0.0210431 0.0073033 -12.5245 12.5122 -0.0122976
219.798 -0.0210461 0.00730623 -12.5211 12.5088 -0.0122927
219.809 -0.021049 0.00730978 -12.5176 12.5053 -0.0122882
219.82 -0.0210509 0.00731275 -12.5142 12.5019 -0.012284
219.831 -0.0210526 0.00731592 -12.5108 12.4985 -0.0122794
219.843 -0.0210552 0.00731895 -12.5073 12.495 -0.0122739
219.854 -0.021057 0.00732193 -12.5039 12.4916 -0.0122681
219.865 -0.0210589 0.00732556 -12.5005 12.4883 -0.0122628
219.876 -0.0210608 0.00732722 -12.4971 12.4849 -0.0122588
219.888 -0.0210631 0.00732916 -12.4938 12.4815 -0.0122535
219.899 -0.0210652 0.00733081 -12.4904 12.4781 -0.0122481
219.91 -0.0210669 0.0073326 -12.4871 12.4748 -0.0122424
219.921 -0.021069 0.00733363 -12.4838 12.4715 -0.0122368
219.933 -0.0210715 0.00733514 -12.4805 12.4683 -0.0122313
219.944 -0.0210739 0.00733751 -12.4773 12.465 -0.0122256
219.955 -0.0210764 0.00733933 -12.4741 12.4618 -0.0122198
219.966 -0.0210791 0.00734116 -12.4709 12.4586 -0.0122144
219.978 -0.0210815 0.00734314 -12.4677 12.4555 -0.01221
219.989 -0.0210843 0.00734554 -12.4646 12.4524 -0.0122045
220 -0.0210868 0.00734816 -12.4614 12.4492 -0.0121993
220.011 -0.0210889 0.00735087 -12.4583 12.4461 -0.0121941
220.022 -0.0210909 0.00735292 -12.4553 12.4431 -0.0121888
220.034 -0.0210928 0.00735519 -12.4522 12.4401 -0.0121829
220.045 -0.0210952 0.00735782 -12.4492 12.4371 -0.0121774
220.056 -0.0210968 0.00735935 -12.4463 12.4341 -0.0121724
220.067 -0.0210987 0.00736136 -12.4433 12.4312 -0.0121674
220.079 -0.0211005 0.00736331 -12.4404 12.4283 -0.0121625
220.09 -0.0211012 0.00736555 -12.4376 12.4254 -0.0121576
220.101 -0.0211019 0.00736727 -12.4347 12.4226 -0.0121528
220.112 -0.021103 0.00736844 -12.4319 12.4198 -0.0121482
220.124 -0.0211048 0.00736933 -12.4292 12.417 -0.0121433
220.135 -0.0211072 0.00736964 -12.4264 12.4143 -0.0121378
220.146 -0.0211083 0.00737062 -12.4237 12.4115 -0.0121324
220.157 -0.0211093 0.00737197 -12.421 12.4089 -0.0121283
220.169 -0.0211107 0.00737288 -12.4184 12.4063 -0.0121239
220.18 -0.0211118 0.00737334 -12.4158 12.4037 -0.0121189
220.191 -0.0211128 0.00737428 -12.4133 12.4012 -0.0121141
220.202 -0.0211139 0.00737437 -12.4108 12.3987 -0.0121099
220.213 -0.0211152 0.00737529 -12.4084 12.3963 -0.0121054
220.225 -0.0211165 0.00737579 -12.406 12.3939 -0.0121007
220.236 -0.0211176 0.00737616 -12.4037 12.3916 -0.0120956
220.247 -0.0211191 0.00737647 -12.4015 12.3894 -0.0120908
220.258 -0.0211197 0.00737807 -12.3993 12.3872 -0.0120869
220.27 -0.0211218 0.00737924 -12.3971 12.3851 -0.0120829
220.281 -0.0211238 0.00738068 -12.395 12.383 -0.0120787
220.292 -0.0211255 0.00738188 -12.393 12.3809 -0.012075
220.303 -0.0211272 0.00738314 -12.391 12.3789 -0.01207
220.315 -0.0211297 0.0073847 -12.3891 12.377 -0.0120644
220.326 -0.0211319 0.00738657 -12.3872 12.3752 -0.0120602
220.337 -0.0211342 0.00738798 -12.3854 12.3734 -0.0120552
220.348 -0.0211361 0.00738993 -12.3837 12.3716 -0.0120505
220.36 -0.0211388 0.00739164 -12.382 12.37 -0.0120466
220.371 -0.021141 0.00739383 -12.3804 12.3683 -0.0120423
220.382 -0.0211427 0.00739713 -12.3788 12.3668 -0.012039
220.393 -0.0211451 0.00739917 -12.3773 12.3653 -0.0120358
220.404 -0.0211474 0.00740045 -12.3758 12.3638 -0.0120317
220.416 -0.0211499 0.00740178 -12.3744 12.3624 -0.0120286
220.427 -0.0211526 0.00740312 -12.3731 12.3611 -0.0120245
220.438 -0.0211559 0.00740401 -12.3719 12.3598 -0.0120209
220.449 -0.0211585 0.00740508 -12.3707 12.3587 -0.0120167
220.461 -0.0211604 0.00740563 -12.3696 12.3576 -0.0120137
220.472 -0.0211625 0.00740662 -12.3685 12.3565 -0.0120103
220.483 -0.0211653 0.00740777 -12.3675 12.3555 -0.0120062
220.494 -0.0211674 0.0074092 -12.3666 12.3546 -0.0120019
220.506 -0.0211702 0.00741012 -12.3658 12.3538 -0.0119975
220.517 -0.0211726 0.00741113 -12.365 12.353 -0.0119931
220.528 -0.0211741 0.00741261 -12.3643 12.3523 -0.0119897
220.539 -0.0211757 0.0074141 -12.3636 12.3517 -0.0119856
220.551 -0.0211769 0.00741533 -12.3631 12.3511 -0.0119816
220.562 -0.0211789 0.00741715 -12.3625 12.3506 -0.0119781
220.573 -0.0211799 0.00741878 -12.3621 12.3501 -0.0119739
220.584 -0.0211813 0.00741985 -12.3617 12.3497 -0.0119692
220.596 -0.021183 0.00742119 -12.3613 12.3494 -0.0119643
220.607 -0.0211843 0.00742233 -12.3611 12.3491 -0.0119592
220.618 -0.0211856 0.00742308 -12.3609 12.3489 -0.0119544
220.629 -0.021187 0.00742527 -12.3607 12.3488 -0.0119506
220.64 -0.0211879 0.00742683 -12.3606 12.3487 -0.0119461
220.652 -0.0211884 0.00742839 -12.3606 12.3487 -0.0119426
220.663 -0.0211888 0.00742952 -12.3606 12.3487 -0.0119391
220.674 -0.0211897 0.00743028 -12.3607 12.3488 -0.0119364
220.685 -0.0211904 0.0074314 -12.3608 12.3489 -0.0119334
220.697 -0.0211918 0.00743166 -12.361 12.3491 -0.0119302
220.708 -0.0211933 0.00743192 -12.3612 12.3493 -0.0119267
220.719 -0.0211945 0.00743261 -12.3615 12.3496 -0.0119234
220.73 -0.0211958 0.00743273 -12.3619 12.35 -0.0119205
220.742 -0.0211973 0.00743309 -12.3623 12.3504 -0.0119181
220.753 -0.0211994 0.00743357 -12.3628 12.3509 -0.0119143
220.764 -0.0212014 0.00743444 -12.3633 12.3514 -0.0119107
220.775 -0.0212029 0.00743449 -12.3639 12.3519 -0.0119072
220.787 -0.0212044 0.00743544 -12.3645 12.3526 -0.0119038
220.798 -0.0212061 0.00743587 -12.3652 12.3533 -0.0119005
220.809 -0.0212082 0.00743624 -12.366 12.3541 -0.0118961
220.82 -0.0212095 0.00743662 -12.3668 12.3549 -0.0118925
220.831 -0.0212104 0.00743672 -12.3677 12.3558 -0.0118888
220.843 -0.0212112 0.00743697 -12.3686 12.3568 -0.0118843
220.854 -0.0212122 0.00743697 -12.3697 12.3578 -0.0118798
220.865 -0.021213 0.0074367 -12.3708 12.3589 -0.0118753
220.876 -0.0212147 0.00743664 -12.372 12.3601 -0.0118706
220.888 -0.0212157 0.00743671 -12.3733 12.3614 -0.0118661
220.899 -0.0212163 0.0074364 -12.3746 12.3628 -0.0118622
220.91 -0.0212176 0.0074368 -12.376 12.3642 -0.0118581
220.921 -0.0212189 0.00743685 -12.3775 12.3656 -0.0118536
220.933 -0.0212202 0.00743704 -12.379 12.3671 -0.0118492
220.944 -0.0212218 0.00743746 -12.3806 12.3687 -0.0118454
220.955 -0.021223 0.00743811 -12.3822 12.3704 -0.0118416
220.966 -0.0212241 0.00743855 -12.3839 12.3721 -0.0118386
220.978 -0.021225 0.00743887 -12.3857 12.3738 -0.0118353
220.989 -0.0212255 0.00743853 -12.3875 12.3757 -0.0118309
221 -0.0212263 0.00743893 -12.3894 12.3775 -0.0118265
221.011 -0.0212275 0.00743919 -12.3913 12.3795 -0.011823
221.022 -0.0212285 0.00744013 -12.3933 12.3815 -0.0118193
221.034 -0.0212305 0.0074406 -12.3954 12.3836 -0.011815
221.045 -0.0212317 0.00744067 -12.3975 12.3857 -0.0118104
221.056 -0.0212331 0.00744157 -12.3997 12.3879 -0.011806
221.067 -0.0212343 0.00744267 -12.402 12.3902 -0.0118018
221.079 -0.021236 0.00744307 -12.4043 12.3925 -0.0117971
221.09 -0.0212382 0.00744276 -12.4067 12.3949 -0.0117927
221.101 -0.0212406 0.00744227 -12.4092 12.3974 -0.0117882
221.112 -0.0212435 0.00744217 -12.4117 12.3999 -0.0117823
221.124 -0.0212453 0.00744198 -12.4143 12.4025 -0.0117776
221.135 -0.0212468 0.00744176 -12.4169 12.4052 -0.0117738
221.146 -0.0212479 0.00744191 -12.4196 12.4078 -0.0117691
221.157 -0.0212486 0.00744186 -12.4223 12.4106 -0.0117653
221.169 -0.0212496 0.00744233 -12.4251 12.4133 -0.0117631
221.18 -0.0212508 0.00744336 -12.4279 12.4161 -0.0117591
221.191 -0.0212524 0.00744388 -12.4307 12.419 -0.0117566
221.202 -0.0212544 0.00744412 -12.4336 12.4219 -0.0117522
221.213 -0.0212561 0.00744431 -12.4366 12.4248 -0.0117482
221.225 -0.021258 0.00744551 -12.4396 12.4278 -0.0117431
221.236 -0.0212599 0.00744616 -12.4426 12.4309 -0.0117389
221.247 -0.0212616 0.00744678 -12.4457 12.434 -0.0117349
221.258 -0.0212632 0.00744692 -12.4489 12.4372 -0.0117302
221.27 -0.0212648 0.00744697 -12.4521 12.4404 -0.0117258
221.281 -0.021267 0.00744658 -12.4554 12.4437 -0.0117213
221.292 -0.0212684 0.00744657 -12.4587 12.447 -0.0117171
221.303 -0.0212701 0.00744657 -12.4621 12.4504 -0.0117136
221.315 -0.0212728 0.00744758 -12.4655 12.4538 -0.0117097
221.326 -0.0212751 0.00744887 -12.4689 12.4572 -0.0117064
221.337 -0.0212769 0.00745017 -12.4724 12.4607 -0.0117017
221.348 -0.0212794 0.00745017 -12.476 12.4643 -0.0116985
221.36 -0.0212819 0.00745105 -12.4795 12.4678 -0.0116955
221.371 -0.0212848 0.00745164 -12.4831 12.4714 -0.011692
221.382 -0.0212868 0.0074528 -12.4867 12.475 -0.0116893
221.393 -0.0212893 0.00745439 -12.4903 12.4786 -0.0116865
221.404 -0.0212924 0.00745459 -12.494 12.4823 -0.0116833
221.416 -0.0212958 0.0074564 -12.4977 12.486 -0.0116803
221.427 -0.0212992 0.0074571 -12.5014 12.4897 -0.0116765
221.438 -0.021303 0.00745838 -12.5052 12.4935 -0.0116733
221.449 -0.0213065 0.00745898 -12.5089 12.4972 -0.0116693
221.461 -0.02131 0.00745906 -12.5127 12.5011 -0.0116656
221.472 -0.0213135 0.00745931 -12.5166 12.5049 -0.0116617
221.483 -0.0213157 0.0074601 -12.5204 12.5088 -0.0116582
221.494 -0.0213185 0.00746121 -12.5243 12.5127 -0.0116545
221.506 -0.021321 0.00746214 -12.5283 12.5166 -0.0116512
221.517 -0.0213233 0.00746363 -12.5322 12.5206 -0.0116468
221.528 -0.0213257 0.00746401 -12.5362 12.5246 -0.0116432
221.539 -0.0213286 0.00746491 -12.5402 12.5286 -0.0116397
221.551 -0.0213315 0.00746722 -12.5443 12.5326 -0.0116356
221.562 -0.0213349 0.00746917 -12.5483 12.5367 -0.0116323
221.573 -0.0213382 0.00747044 -12.5524 12.5408 -0.0116284
221.584 -0.0213413 0.00747113 -12.5566 12.545 -0.0116243
221.596 -0.021344 0.00747228 -12.5608 12.5491 -0.0116198
221.607 -0.0213466 0.0074734 -12.565 12.5534 -0.0116159
221.618 -0.0213496 0.00747459 -12.5692 12.5576 -0.0116109
221.629 -0.0213529 0.00747529 -12.5735 12.5619 -0.0116073
221.64 -0.0213563 0.00747574 -12.5779 12.5663 -0.0116044
221.652 -0.02136 0.00747698 -12.5822 12.5706 -0.0116003
221.663 -0.0213637 0.00747737 -12.5865 12.5749 -0.0115971
221.674 -0.0213664 0.00747794 -12.5909 12.5793 -0.0115932
221.685 -0.0213692 0.00747818 -12.5953 12.5837 -0.01159
221.697 -0.0213722 0.0074788 -12.5997 12.5881 -0.0115869
221.708 -0.0213753 0.0074798 -12.6042 12.5926 -0.0115834
221.719 -0.0213776 0.00748002 -12.6086 12.597 -0.0115799
221.73 -0.0213803 0.00748074 -12.6131 12.6015 -0.0115761
221.742 -0.0213836 0.00748176 -12.6176 12.606 -0.011572
221.753 -0.0213859 0.00748237 -12.6221 12.6105 -0.0115678
221.764 -0.0213881 0.00748266 -12.6266 12.615 -0.0115639
221.775 -0.0213902 0.00748265 -12.6312 12.6196 -0.0115605
221.787 -0.0213927 0.00748317 -12.6357 12.6242 -0.0115562
221.798 -0.0213945 0.00748399 -12.6403 12.6288 -0.0115512
221.809 -0.021397 0.00748477 -12.645 12.6334 -0.011547
221.82 -0.0213988 0.00748503 -12.6496 12.6381 -0.0115413
221.831 -0.0214005 0.00748583 -12.6543 12.6428 -0.0115362
221.843 -0.0214022 0.00748633 -12.6591 12.6475 -0.0115316
221.854 -0.0214027 0.00748677 -12.6638 12.6523 -0.0115271
221.865 -0.0214043 0.00748713 -12.6685 12.657 -0.0115224
221.876 -0.0214057 0.00748762 -12.6733 12.6618 -0.0115181
221.888 -0.0214071 0.00748848 -12.6781 12.6666 -0.011514
221.899 -0.0214089 0.00748978 -12.6829 12.6714 -0.0115104
221.91 -0.0214116 0.00749016 -12.6877 12.6762 -0.011507
221.921 -0.021414 0.00749042 -12.6925 12.681 -0.0115031
221.933 -0.0214167 0.00749143 -12.6974 12.6859 -0.0114996
221.944 -0.0214192 0.00749209 -12.7022 12.6907 -0.0114954
221.955 -0.0214222 0.00749226 -12.7071 12.6956 -0.0114904
221.966 -0.0214254 0.00749168 -12.712 12.7005 -0.011486
221.978 -0.0214287 0.0074919 -12.7169 12.7055 -0.0114818
221.989 -0.021432 0.0074923 -12.7219 12.7104 -0.0114767
222 -0.0214343 0.00749226 -12.7269 12.7154 -0.0114721
222.011 -0.0214368 0.00749218 -12.7319 12.7204 -0.011467
222.022 -0.0214397 0.00749255 -12.7369 12.7254 -0.0114617
222.034 -0.0214427 0.0074936 -12.7419 12.7305 -0.0114561
222.045 -0.0214457 0.00749475 -12.747 12.7355 -0.0114502
222.056 -0.0214489 0.00749563 -12.7521 12.7406 -0.0114447
222.067 -0.0214519 0.00749561 -12.7571 12.7457 -0.0114386
222.079 -0.0214554 0.00749602 -12.7622 12.7508 -0.0114331
222.09 -0.0214584 0.00749645 -12.7673 12.7559 -0.0114274
222.101 -0.0214611 0.00749681 -12.7724 12.761 -0.0114223
222.112 -0.0214644 0.00749792 -12.7776 12.7662 -0.0114176
222.124 -0.021468 0.00749869 -12.7827 12.7713 -0.0114127
222.135 -0.0214711 0.00749962 -12.7878 12.7764 -0.0114075
222.146 -0.0214741 0.0075006 -12.7929 12.7815 -0.0114028
222.157 -0.0214775 0.007501 -12.798 12.7867 -0.0113963
222.169 -0.0214809 0.00750153 -12.8032 12.7918 -0.0113903
222.18 -0.0214838 0.0075022 -12.8084 12.797 -0.0113847
222.191 -0.021487 0.00750163 -12.8135 12.8022 -0.0113781
222.202 -0.0214906 0.0075019 -12.8187 12.8073 -0.0113717
222.213 -0.0214941 0.00750176 -12.8239 12.8125 -0.0113657
222.225 -0.0214976 0.00750213 -12.8291 12.8177 -0.01136
222.236 -0.0215009 0.00750253 -12.8343 12.8229 -0.0113553
222.247 -0.0215052 0.0075027 -12.8395 12.8281 -0.0113512
222.258 -0.0215087 0.00750304 -12.8446 12.8333 -0.0113462
222.27 -0.0215135 0.0075026 -12.8498 12.8385 -0.0113417
222.281 -0.0215178 0.00750286 -12.855 12.8437 -0.0113381
222.292 -0.0215208 0.00750349 -12.8601 12.8488 -0.0113324
222.303 -0.0215241 0.00750367 -12.8653 12.8539 -0.0113271
222.315 -0.0215269 0.00750401 -12.8704 12.8591 -0.0113221
222.326 -0.0215294 0.0075047 -12.8756 12.8642 -0.0113166
222.337 -0.0215325 0.00750583 -12.8807 12.8694 -0.0113121
222.348 -0.0215357 0.00750652 -12.8858 12.8745 -0.0113072
222.36 -0.0215387 0.00750779 -12.891 12.8797 -0.0113027
222.371 -0.0215416 0.00750879 -12.8961 12.8848 -0.0112985
222.382 -0.0215442 0.00750992 -12.9012 12.8899 -0.0112942
222.393 -0.0215471 0.0075112 -12.9062 12.8949 -0.0112898
222.404 -0.0215498 0.00751268 -12.9113 12.9 -0.0112865
222.416 -0.021552 0.00751398 -12.9163 12.9051 -0.0112826
222.427 -0.0215546 0.00751526 -12.9214 12.9101 -0.0112784
222.438 -0.0215569 0.0075167 -12.9264 12.9151 -0.0112736
222.449 -0.0215585 0.00751784 -12.9313 12.9201 -0.0112689
222.461 -0.021561 0.00751941 -12.9363 12.925 -0.011263
222.472 -0.0215643 0.00752022 -12.9412 12.93 -0.0112566
222.483 -0.021568 0.00752097 -12.9462 12.935 -0.0112506
222.494 -0.0215712 0.00752143 -12.9512 12.9399 -0.0112451
222.506 -0.0215741 0.0075219 -12.9562 12.9449 -0.0112399
222.517 -0.0215772 0.007523 -12.9612 12.9499 -0.0112351
222.528 -0.0215805 0.00752387 -12.9661 12.9549 -0.0112293
222.539 -0.0215831 0.00752421 -12.9711 12.9599 -0.011224
222.551 -0.0215861 0.00752522 -12.9761 12.9649 -0.0112196
222.562 -0.0215886 0.0075265 -12.9811 12.9699 -0.0112142
222.573 -0.0215914 0.00752707 -12.986 12.9748 -0.0112089
222.584 -0.0215939 0.00752839 -12.991 12.9798 -0.0112037
222.596 -0.0215967 0.00753045 -12.996 12.9848 -0.0111989
222.607 -0.0215988 0.00753182 -13.0009 12.9897 -0.0111953
222.618 -0.0216015 0.00753321 -13.0058 12.9946 -0.0111914
222.629 -0.0216042 0.0075338 -13.0107 12.9995 -0.0111871
222.64 -0.0216078 0.0075347 -13.0156 13.0044 -0.0111835
222.652 -0.0216107 0.00753615 -13.0205 13.0093 -0.0111794
222.663 -0.0216139 0.00753756 -13.0253 13.0141 -0.0111749
222.674 -0.0216165 0.00753889 -13.0302 13.019 -0.0111713
222.685 -0.0216196 0.00753977 -13.035 13.0238 -0.0111673
222.697 -0.0216222 0.0075406 -13.0398 13.0286 -0.0111625
222.708 -0.0216253 0.00754091 -13.0446 13.0334 -0.0111581
222.719 -0.0216277 0.00754181 -13.0494 13.0383 -0.0111537
222.73 -0.0216294 0.00754239 -13.0542 13.0431 -0.0111482
222.742 -0.0216309 0.00754353 -13.059 13.0478 -0.0111433
222.753 -0.0216329 0.00754508 -13.0638 13.0526 -0.0111388
222.764 -0.0216351 0.00754659 -13.0685 13.0573 -0.0111342
222.775 -0.0216373 0.0075479 -13.0732 13.062 -0.0111289
222.787 -0.0216398 0.00754915 -13.0779 13.0668 -0.011124
222.798 -0.0216421 0.00755051 -13.0825 13.0714 -0.0111191
222.809 -0.0216441 0.00755091 -13.0872 13.0761 -0.0111144
222.82 -0.0216468 0.00755145 -13.0918 13.0807 -0.0111101
222.831 -0.0216502 0.00755212 -13.0965 13.0854 -0.0111047
222.843 -0.0216536 0.00755321 -13.1011 13.09 -0.0111003
222.854 -0.0216563 0.00755429 -13.1057 13.0946 -0.0110963
222.865 -0.0216588 0.00755505 -13.1103 13.0992 -0.0110916
222.876 -0.021661 0.0075564 -13.1148 13.1037 -0.0110869
222.888 -0.0216633 0.00755724 -13.1194 13.1083 -0.0110822
222.899 -0.0216651 0.0075583 -13.1239 13.1128 -0.0110783
222.91 -0.0216663 0.00755979 -13.1284 13.1173 -0.0110735
222.921 -0.0216675 0.00756129 -13.1329 13.1218 -0.0110694
222.933 -0.0216691 0.00756281 -13.1373 13.1262 -0.0110647
222.944 -0.0216713 0.00756448 -13.1417 13.1307 -0.0110592
222.955 -0.021673 0.0075667 -13.1462 13.1351 -0.0110536
222.966 -0.0216749 0.00756858 -13.1505 13.1395 -0.0110481
222.978 -0.0216768 0.00756971 -13.1549 13.1439 -0.0110422
222.989 -0.0216795 0.00757135 -13.1593 13.1482 -0.0110365
223 -0.0216811 0.0075731 -13.1636 13.1526 -0.0110306
223.011 -0.0216827 0.0075744 -13.1679 13.1569 -0.0110249
223.022 -0.0216854 0.00757584 -13.1723 13.1612 -0.0110202
223.034 -0.0216884 0.00757797 -13.1766 13.1655 -0.0110154
223.045 -0.0216904 0.00757939 -13.1808 13.1698 -0.0110107
223.056 -0.0216923 0.0075805 -13.1851 13.1741 -0.0110058
223.067 -0.0216944 0.00758162 -13.1893 13.1783 -0.0110003
223.079 -0.0216966 0.0075827 -13.1935 13.1825 -0.0109954
223.09 -0.021699 0.00758406 -13.1978 13.1868 -0.0109907
223.101 -0.0217016 0.00758513 -13.2019 13.191 -0.0109854
223.112 -0.0217047 0.00758646 -13.2061 13.1951 -0.0109801
223.124 -0.0217074 0.00758772 -13.2103 13.1993 -0.010975
223.135 -0.0217099 0.00758949 -13.2144 13.2035 -0.010971
223.146 -0.021713 0.00759167 -13.2186 13.2076 -0.0109672
223.157 -0.0217154 0.00759358 -13.2227 13.2117 -0.0109637
223.169 -0.0217173 0.00759525 -13.2268 13.2158 -0.0109586
223.18 -0.0217191 0.00759644 -13.2308 13.2199 -0.0109543
223.191 -0.0217212 0.00759764 -13.2349 13.2239 -0.0109497
223.202 -0.0217232 0.00759932 -13.2389 13.228 -0.0109444
223.213 -0.0217257 0.00760032 -13.2429 13.232 -0.0109396
223.225 -0.021727 0.00760124 -13.247 13.236 -0.0109344
223.236 -0.0217295 0.00760247 -13.2509 13.24 -0.01093
223.247 -0.0217324 0.00760341 -13.2549 13.244 -0.0109245
223.258 -0.0217349 0.00760426 -13.2589 13.248 -0.0109196
223.27 -0.0217384 0.00760541 -13.2628 13.2519 -0.0109148
223.281 -0.0217416 0.00760655 -13.2668 13.2559 -0.0109103
223.292 -0.0217444 0.00760725 -13.2707 13.2598 -0.0109059
223.303 -0.0217465 0.00760773 -13.2746 13.2637 -0.0109019
223.315 -0.0217494 0.0076085 -13.2785 13.2676 -0.0108984
223.326 -0.0217518 0.00760929 -13.2823 13.2714 -0.0108942
223.337 -0.0217552 0.00760987 -13.2861 13.2752 -0.0108895
223.348 -0.0217575 0.00761039 -13.2899 13.279 -0.0108855
223.36 -0.0217602 0.0076113 -13.2936 13.2828 -0.0108812
223.371 -0.021763 0.00761236 -13.2974 13.2865 -0.0108755
223.382 -0.0217659 0.00761276 -13.301 13.2902 -0.0108712
223.393 -0.0217687 0.00761383 -13.3047 13.2939 -0.0108665
223.404 -0.0217713 0.00761405 -13.3084 13.2975 -0.0108614
223.416 -0.021774 0.00761502 -13.312 13.3011 -0.010857
223.427 -0.0217767 0.00761588 -13.3156 13.3047 -0.0108532
223.438 -0.0217791 0.00761675 -13.3191 13.3083 -0.0108483
223.449 -0.0217812 0.00761742 -13.3227 13.3118 -0.0108426
223.461 -0.0217829 0.00761836 -13.3262 13.3153 -0.0108369
223.472 -0.0217855 0.00761897 -13.3296 13.3188 -0.0108307
223.483 -0.0217879 0.00761978 -13.3331 13.3223 -0.0108251
223.494 -0.0217909 0.00762053 -13.3365 13.3257 -0.0108198
223.506 -0.0217936 0.00762063 -13.3399 13.3291 -0.0108144
223.517 -0.021797 0.00762115 -13.3433 13.3325 -0.0108091
223.528 -0.0218002 0.00762191 -13.3466 13.3358 -0.0108045
223.539 -0.0218032 0.00762175 -13.3499 13.3391 -0.0107997
223.551 -0.0218058 0.0076226 -13.3531 13.3423 -0.0107952
223.562 -0.0218085 0.00762313 -13.3563 13.3455 -0.0107914
223.573 -0.0218118 0.00762324 -13.3595 13.3487 -0.0107867
223.584 -0.0218147 0.00762321 -13.3626 13.3518 -0.0107816
223.596 -0.0218185 0.00762307 -13.3657 13.3549 -0.0107767
223.607 -0.0218224 0.00762411 -13.3688 13.358 -0.0107719
223.618 -0.0218268 0.00762534 -13.3718 13.361 -0.010768
223.629 -0.0218317 0.00762694 -13.3748 13.3641 -0.0107633
223.64 -0.0218363 0.00762856 -13.3778 13.367 -0.0107589
223.652 -0.02184 0.00762866 -13.3808 13.37 -0.0107543
223.663 -0.0218441 0.00762987 -13.3837 13.373 -0.0107491
223.674 -0.0218474 0.007631 -13.3866 13.3759 -0.0107441
223.685 -0.0218514 0.0076319 -13.3895 13.3787 -0.0107391
223.697 -0.0218561 0.00763358 -13.3924 13.3816 -0.0107344
223.708 -0.0218602 0.00763468 -13.3952 13.3845 -0.0107301
223.719 -0.0218635 0.00763631 -13.398 13.3873 -0.0107254
223.73 -0.0218675 0.0076375 -13.4008 13.3901 -0.0107208
223.742 -0.0218715 0.00763885 -13.4036 13.3929 -0.010717
223.753 -0.0218751 0.00763944 -13.4063 13.3956 -0.0107128
223.764 -0.0218777 0.00763926 -13.4091 13.3984 -0.0107092
223.775 -0.0218805 0.00763942 -13.4117 13.401 -0.0107063
223.787 -0.0218835 0.00763927 -13.4144 13.4037 -0.0107031
223.798 -0.0218872 0.00763978 -13.417 13.4063 -0.0106997
223.809 -0.0218901 0.00764083 -13.4195 13.4088 -0.0106961
223.82 -0.0218932 0.00764154 -13.4221 13.4114 -0.0106921
223.831 -0.0218961 0.00764325 -13.4246 13.4139 -0.010688
223.843 -0.0218991 0.00764428 -13.4271 13.4164 -0.0106833
223.854 -0.0219018 0.00764496 -13.4295 13.4189 -0.0106794
223.865 -0.021905 0.00764559 -13.432 13.4213 -0.0106764
223.876 -0.0219077 0.00764671 -13.4344 13.4237 -0.0106722
223.888 -0.0219109 0.00764757 -13.4367 13.4261 -0.0106684
223.899 -0.0219137 0.00764956 -13.4391 13.4284 -0.0106656
223.91 -0.0219173 0.00765081 -13.4414 13.4307 -0.010662
223.921 -0.0219203 0.00765216 -13.4436 13.433 -0.0106581
223.933 -0.0219234 0.00765302 -13.4459 13.4352 -0.0106551
223.944 -0.0219266 0.00765352 -13.4481 13.4375 -0.0106509
223.955 -0.021931 0.00765477 -13.4503 13.4397 -0.0106472
223.966 -0.0219345 0.00765678 -13.4525 13.4419 -0.0106424
223.978 -0.0219374 0.00765787 -13.4547 13.444 -0.010637
223.989 -0.0219406 0.00765884 -13.4568 13.4462 -0.010632
224 -0.0219439 0.00765947 -13.459 13.4483 -0.0106273
224.011 -0.0219476 0.00766039 -13.4611 13.4504 -0.0106231
224.022 -0.0219509 0.00766058 -13.4631 13.4525 -0.0106205
224.034 -0.0219538 0.0076613 -13.4652 13.4545 -0.0106174
224.045 -0.0219565 0.0076615 -13.4672 13.4565 -0.0106134
224.056 -0.0219599 0.00766248 -13.4691 13.4585 -0.0106085
224.067 -0.0219637 0.00766279 -13.4711 13.4605 -0.0106037
224.079 -0.0219679 0.00766353 -13.4731 13.4625 -0.0105992
224.09 -0.0219717 0.00766366 -13.475 13.4644 -0.0105959
224.101 -0.0219757 0.00766482 -13.477 13.4664 -0.010592
224.112 -0.0219796 0.00766543 -13.4789 13.4683 -0.0105879
224.124 -0.0219841 0.00766619 -13.4807 13.4702 -0.0105843
224.135 -0.0219881 0.00766796 -13.4826 13.4721 -0.0105808
224.146 -0.0219922 0.00766972 -13.4845 13.4739 -0.0105773
224.157 -0.0219956 0.00767136 -13.4863 13.4757 -0.0105735
224.169 -0.0219993 0.00767331 -13.4881 13.4776 -0.0105692
224.18 -0.0220025 0.00767575 -13.49 13.4794 -0.0105644
224.191 -0.0220062 0.00767726 -13.4918 13.4812 -0.01056
224.202 -0.0220088 0.00767864 -13.4936 13.483 -0.0105571
224.213 -0.0220113 0.00767958 -13.4953 13.4847 -0.0105533
224.225 -0.0220141 0.00768001 -13.497 13.4865 -0.0105498
224.236 -0.0220167 0.00767951 -13.4987 13.4882 -0.0105465
224.247 -0.0220191 0.0076803 -13.5004 13.4899 -0.0105426
224.258 -0.0220222 0.00768115 -13.5021 13.4916 -0.0105379
224.27 -0.0220261 0.0076819 -13.5038 13.4932 -0.0105339
224.281 -0.0220296 0.00768301 -13.5054 13.4949 -0.0105302
224.292 -0.0220328 0.00768376 -13.5071 13.4965 -0.010527
224.303 -0.0220367 0.00768489 -13.5087 13.4982 -0.0105239
224.315 -0.022041 0.00768602 -13.5102 13.4997 -0.0105208
224.326 -0.0220445 0.00768677 -13.5118 13.5013 -0.0105186
224.337 -0.0220477 0.00768707 -13.5133 13.5028 -0.0105176
224.348 -0.0220514 0.00768815 -13.5148 13.5043 -0.0105155
224.36 -0.0220543 0.00768986 -13.5163 13.5058 -0.0105136
224.371 -0.0220574 0.007691 -13.5177 13.5072 -0.0105122
224.382 -0.0220611 0.00769217 -13.5191 13.5086 -0.0105098
224.393 -0.0220657 0.00769384 -13.5205 13.51 -0.0105074
224.404 -0.0220694 0.00769524 -13.5219 13.5114 -0.010505
224.416 -0.0220722 0.00769613 -13.5232 13.5127 -0.0105025
224.427 -0.0220746 0.00769658 -13.5244 13.5139 -0.0105002
224.438 -0.0220766 0.00769648 -13.5257 13.5152 -0.0104986
224.449 -0.0220792 0.00769673 -13.5269 13.5164 -0.0104971
224.461 -0.0220827 0.00769741 -13.528 13.5175 -0.0104942
224.472 -0.0220854 0.00769808 -13.5291 13.5186 -0.0104911
224.483 -0.022089 0.00769868 -13.5302 13.5197 -0.0104874
224.494 -0.0220928 0.00769939 -13.5313 13.5208 -0.0104835
224.506 -0.0220968 0.00770068 -13.5324 13.522 -0.0104793
224.517 -0.0221007 0.00770176 -13.5335 13.523 -0.0104744
224.528 -0.0221053 0.00770268 -13.5345 13.5241 -0.0104702
224.539 -0.0221094 0.00770401 -13.5356 13.5251 -0.0104658
224.551 -0.0221136 0.00770463 -13.5366 13.5262 -0.010462
224.562 -0.0221185 0.00770545 -13.5376 13.5272 -0.0104588
224.573 -0.0221229 0.0077064 -13.5386 13.5281 -0.0104546
224.584 -0.0221262 0.00770715 -13.5395 13.5291 -0.01045
224.596 -0.0221296 0.0077091 -13.5404 13.53 -0.0104455
224.607 -0.0221337 0.00770972 -13.5413 13.5309 -0.0104412
224.618 -0.0221372 0.00771059 -13.5422 13.5318 -0.0104371
224.629 -0.0221411 0.00771181 -13.5431 13.5326 -0.0104334
224.64 -0.0221453 0.00771237 -13.5439 13.5334 -0.0104294
224.652 -0.022149 0.00771383 -13.5446 13.5342 -0.010426
224.663 -0.0221529 0.00771528 -13.5454 13.535 -0.0104233
224.674 -0.0221568 0.00771668 -13.5461 13.5357 -0.0104208
224.685 -0.0221599 0.00771833 -13.5467 13.5363 -0.0104177
224.697 -0.0221628 0.0077204 -13.5474 13.5369 -0.0104134
224.708 -0.0221649 0.00772206 -13.548 13.5375 -0.0104106
224.719 -0.0221679 0.00772239 -13.5485 13.5381 -0.0104068
224.73 -0.0221705 0.00772326 -13.549 13.5386 -0.0104039
224.742 -0.0221726 0.0077245 -13.5495 13.5391 -0.010401
224.753 -0.0221752 0.007726 -13.5499 13.5395 -0.0103977
224.764 -0.0221779 0.00772777 -13.5503 13.5399 -0.0103938
224.775 -0.0221804 0.00772874 -13.5507 13.5403 -0.0103897
224.787 -0.0221837 0.00772973 -13.551 13.5406 -0.0103862
224.798 -0.0221856 0.00773085 -13.5513 13.5409 -0.0103831
224.809 -0.0221877 0.00773184 -13.5515 13.5411 -0.0103796
224.82 -0.0221906 0.00773387 -13.5516 13.5413 -0.0103761
224.831 -0.0221933 0.0077368 -13.5518 13.5414 -0.0103726
224.843 -0.0221959 0.0077398 -13.5519 13.5415 -0.0103698
224.854 -0.0221986 0.00774297 -13.5519 13.5416 -0.0103662
224.865 -0.0222015 0.00774481 -13.5519 13.5415 -0.0103636
224.876 -0.0222039 0.00774608 -13.5519 13.5415 -0.0103613
224.888 -0.0222066 0.00774783 -13.5517 13.5414 -0.0103588
224.899 -0.0222087 0.00774968 -13.5515 13.5412 -0.0103568
224.91 -0.0222107 0.00775229 -13.5513 13.541 -0.0103547
224.921 -0.0222129 0.00775417 -13.551 13.5407 -0.0103525
224.933 -0.0222153 0.00775595 -13.5507 13.5404 -0.0103491
224.944 -0.0222186 0.00775715 -13.5503 13.54 -0.0103468
224.955 -0.0222211 0.00775788 -13.5499 13.5395 -0.0103443
224.966 -0.0222241 0.00775815 -13.5493 13.539 -0.0103422
224.978 -0.0222274 0.00776027 -13.5487 13.5384 -0.0103401
224.989 -0.0222314 0.007761 -13.5481 13.5377 -0.0103366
225 -0.0222349 0.0077622 -13.5474 13.537 -0.0103334
225.011 -0.0222392 0.00776359 -13.5466 13.5363 -0.0103297
225.022 -0.0222425 0.0077651 -13.5458 13.5355 -0.0103257
225.034 -0.0222461 0.00776718 -13.5449 13.5346 -0.0103214
225.045 -0.0222498 0.00776876 -13.544 13.5337 -0.0103179
225.056 -0.0222531 0.00777091 -13.543 13.5327 -0.0103152
225.067 -0.022256 0.00777365 -13.5419 13.5316 -0.0103126
225.079 -0.0222595 0.00777573 -13.5408 13.5305 -0.01031
225.09 -0.0222622 0.00777782 -13.5396 13.5293 -0.0103075
225.101 -0.0222653 0.00778061 -13.5383 13.528 -0.010305
225.112 -0.0222678 0.00778373 -13.5369 13.5266 -0.0103018
225.124 -0.0222705 0.00778494 -13.5355 13.5252 -0.0102991
225.135 -0.0222732 0.00778633 -13.5339 13.5236 -0.0102966
225.146 -0.0222764 0.00778838 -13.5323 13.5221 -0.0102938
225.157 -0.0222793 0.00779041 -13.5307 13.5204 -0.0102914
225.169 -0.022282 0.0077925 -13.5289 13.5186 -0.0102892
225.18 -0.0222852 0.00779434 -13.527 13.5167 -0.0102872
225.191 -0.022288 0.00779611 -13.5251 13.5148 -0.0102841
225.202 -0.0222909 0.00779833 -13.5231 13.5128 -0.0102814
225.213 -0.0222933 0.00780048 -13.521 13.5107 -0.0102783
225.225 -0.0222961 0.00780236 -13.5189 13.5086 -0.0102751
225.236 -0.0222988 0.00780391 -13.5166 13.5063 -0.010272
225.247 -0.0223012 0.00780577 -13.5143 13.5041 -0.0102684
225.258 -0.0223037 0.00780789 -13.512 13.5017 -0.010265
225.27 -0.0223049 0.00780963 -13.5095 13.4993 -0.010262
225.281 -0.0223074 0.00781263 -13.5071 13.4968 -0.0102592
225.292 -0.0223097 0.00781515 -13.5045 13.4942 -0.0102564
225.303 -0.0223121 0.00781831 -13.5019 13.4916 -0.0102544
225.315 -0.0223148 0.00782123 -13.4992 13.4889 -0.0102527
225.326 -0.0223176 0.00782463 -13.4964 13.4862 -0.0102508
225.337 -0.0223205 0.00782806 -13.4936 13.4833 -0.0102502
225.348 -0.0223234 0.00783132 -13.4906 13.4804 -0.0102491
225.36 -0.0223257 0.00783361 -13.4876 13.4774 -0.0102468
225.371 -0.0223283 0.00783556 -13.4845 13.4743 -0.010244
225.382 -0.0223304 0.00783735 -13.4814 13.4711 -0.0102409
225.393 -0.0223325 0.00783889 -13.4781 13.4679 -0.0102384
225.404 -0.0223349 0.00784106 -13.4748 13.4645 -0.0102358
225.416 -0.022337 0.00784262 -13.4714 13.4612 -0.0102335
225.427 -0.0223397 0.00784455 -13.4679 13.4577 -0.0102303
225.438 -0.0223425 0.00784636 -13.4644 13.4541 -0.0102271
225.449 -0.022346 0.00784909 -13.4608 13.4506 -0.0102229
225.461 -0.0223495 0.00785187 -13.4571 13.4469 -0.0102178
225.472 -0.0223522 0.00785487 -13.4534 13.4432 -0.010215
225.483 -0.0223549 0.00785833 -13.4496 13.4394 -0.0102114
225.494 -0.0223575 0.0078613 -13.4457 13.4355 -0.0102083
225.506 -0.0223609 0.00786435 -13.4417 13.4315 -0.0102056
225.517 -0.0223634 0.00786652 -13.4376 13.4274 -0.0102038
225.528 -0.0223651 0.00786908 -13.4334 13.4232 -0.0102018
225.539 -0.022367 0.00787227 -13.4291 13.4189 -0.0101987
225.551 -0.0223688 0.00787519 -13.4248 13.4146 -0.0101963
225.562 -0.0223714 0.00787814 -13.4204 13.4102 -0.0101931
225.573 -0.0223736 0.00788144 -13.4159 13.4057 -0.0101903
225.584 -0.0223751 0.00788385 -13.4113 13.4011 -0.010188
225.596 -0.0223769 0.0078865 -13.4066 13.3964 -0.0101854
225.607 -0.0223792 0.00788857 -13.4018 13.3916 -0.0101831
225.618 -0.0223811 0.00789057 -13.397 13.3868 -0.0101823
225.629 -0.022383 0.00789211 -13.392 13.3818 -0.0101802
225.64 -0.0223844 0.00789526 -13.387 13.3768 -0.0101775
225.652 -0.0223876 0.00789787 -13.3819 13.3717 -0.0101762
225.663 -0.0223901 0.00790009 -13.3767 13.3665 -0.0101737
225.674 -0.0223924 0.0079017 -13.3714 13.3613 -0.0101715
225.685 -0.0223952 0.00790325 -13.3661 13.356 -0.010169
225.697 -0.0223983 0.00790543 -13.3607 13.3506 -0.0101656
225.708 -0.0224003 0.00790831 -13.3553 13.3451 -0.0101614
225.719 -0.0224024 0.00791132 -13.3498 13.3396 -0.010158
225.73 -0.0224043 0.00791524 -13.3442 13.3341 -0.010154
225.742 -0.0224062 0.00791857 -13.3386 13.3284 -0.0101509
225.753 -0.0224086 0.00792188 -13.3329 13.3227 -0.010148
225.764 -0.0224109 0.00792442 -13.3271 13.317 -0.0101448
225.775 -0.0224133 0.00792757 -13.3212 13.3111 -0.0101415
225.787 -0.0224151 0.00793005 -13.3153 13.3052 -0.0101382
225.798 -0.0224166 0.00793187 -13.3094 13.2992 -0.0101354
225.809 -0.0224189 0.00793416 -13.3033 13.2932 -0.0101322
225.82 -0.022421 0.00793591 -13.2972 13.2871 -0.0101294
225.831 -0.0224228 0.00793791 -13.2911 13.2809 -0.0101266
225.843 -0.0224247 0.0079405 -13.2848 13.2747 -0.0101231
225.854 -0.0224278 0.00794313 -13.2786 13.2685 -0.0101207
225.865 -0.02243 0.00794608 -13.2723 13.2621 -0.010118
225.876 -0.0224324 0.00794948 -13.2659 13.2557 -0.0101142
225.888 -0.0224341 0.00795243 -13.2594 13.2493 -0.0101115
225.899 -0.0224364 0.00795497 -13.253 13.2429 -0.0101082
225.91 -0.0224383 0.0079574 -13.2464 13.2363 -0.0101048
225.921 -0.022441 0.00796001 -13.2399 13.2298 -0.0101018
225.933 -0.0224429 0.00796334 -13.2332 13.2231 -0.0100989
225.944 -0.0224449 0.0079664 -13.2265 13.2164 -0.0100961
225.955 -0.0224472 0.00796939 -13.2198 13.2097 -0.0100935
225.966 -0.0224498 0.0079725 -13.2129 13.2029 -0.0100905
225.978 -0.0224524 0.00797467 -13.2061 13.196 -0.0100875
225.989 -0.0224554 0.00797577 -13.1992 13.1891 -0.0100857
226 -0.0224586 0.00797746 -13.1922 13.1821 -0.0100825
226.011 -0.02246 0.00798042 -13.1851 13.175 -0.0100796
226.022 -0.0224621 0.0079825 -13.178 13.168 -0.0100768
226.034 -0.0224648 0.00798543 -13.1709 13.1608 -0.010072
226.045 -0.0224669 0.00798836 -13.1638 13.1537 -0.0100674
226.056 -0.0224686 0.00799177 -13.1566 13.1465 -0.0100639
226.067 -0.0224705 0.00799487 -13.1493 13.1393 -0.0100604
226.079 -0.0224726 0.00799835 -13.1421 13.132 -0.0100558
226.09 -0.0224755 0.00800137 -13.1348 13.1247 -0.0100519
226.101 -0.0224784 0.00800483 -13.1275 13.1174 -0.0100477
226.112 -0.0224807 0.00800706 -13.1201 13.1101 -0.0100452
226.124 -0.0224832 0.00800895 -13.1127 13.1027 -0.0100427
226.135 -0.0224857 0.00801113 -13.1053 13.0953 -0.0100393
226.146 -0.0224883 0.00801411 -13.0979 13.0878 -0.0100353
226.157 -0.0224913 0.00801668 -13.0904 13.0804 -0.010032
226.169 -0.0224938 0.00801931 -13.0829 13.0729 -0.0100281
226.18 -0.0224966 0.00802221 -13.0754 13.0654 -0.0100236
226.191 -0.0224999 0.00802543 -13.0679 13.0579 -0.0100194
226.202 -0.0225029 0.00802888 -13.0604 13.0504 -0.0100144
226.213 -0.0225058 0.0080325 -13.0529 13.0429 -0.0100098
226.225 -0.022509 0.00803555 -13.0454 13.0354 -0.010008
226.236 -0.0225118 0.00803877 -13.0378 13.0278 -0.0100054
226.247 -0.0225147 0.00804148 -13.0302 13.0202 -0.0100018
226.258 -0.0225178 0.00804429 -13.0226 13.0126 -0.00999942
226.27 -0.0225212 0.00804739 -13.015 13.005 -0.0099956
226.281 -0.0225239 0.00805098 -13.0074 12.9974 -0.00999075
226.292 -0.022527 0.008054 -12.9998 12.9898 -0.00998644
226.303 -0.02253 0.00805694 -12.9922 12.9823 -0.00998123
226.315 -0.0225319 0.0080593 -12.9847 12.9747 -0.00997723
226.326 -0.0225342 0.00806128 -12.9771 12.9671 -0.00997395
226.337 -0.0225375 0.00806294 -12.9695 12.9595 -0.00997037
226.348 -0.0225416 0.00806483 -12.9619 12.9519 -0.00996677
226.36 -0.0225454 0.00806846 -12.9543 12.9443 -0.00996228
226.371 -0.0225492 0.00807195 -12.9467 12.9367 -0.00995801
226.382 -0.022551 0.00807527 -12.9392 12.9292 -0.0099549
226.393 -0.0225522 0.00807855 -12.9316 12.9217 -0.00995311
226.404 -0.0225543 0.00808272 -12.9241 12.9141 -0.00994947
226.416 -0.0225572 0.00808684 -12.9166 12.9066 -0.00994676
226.427 -0.0225589 0.00809136 -12.9091 12.8992 -0.00994379
226.438 -0.0225612 0.00809554 -12.9017 12.8918 -0.00993959
226.449 -0.022563 0.0080985 -12.8943 12.8844 -0.00993646
226.461 -0.0225654 0.00810227 -12.887 12.8771 -0.00993298
226.472 -0.0225682 0.00810568 -12.8797 12.8698 -0.00992846
226.483 -0.0225709 0.00810936 -12.8724 12.8625 -0.00992469
226.494 -0.022573 0.00811244 -12.8652 12.8553 -0.00992201
226.506 -0.0225754 0.00811473 -12.858 12.848 -0.0099196
226.517 -0.0225784 0.00811839 -12.8508 12.8409 -0.00991586
226.528 -0.0225819 0.00812186 -12.8437 12.8338 -0.00991182
226.539 -0.0225846 0.00812565 -12.8366 12.8267 -0.00990772
226.551 -0.0225874 0.0081293 -12.8295 12.8196 -0.00990297
226.562 -0.0225899 0.00813255 -12.8226 12.8127 -0.00989846
226.573 -0.0225919 0.00813595 -12.8156 12.8057 -0.00989454
226.584 -0.0225937 0.00813854 -12.8087 12.7988 -0.00989075
226.596 -0.0225966 0.00814146 -12.8018 12.792 -0.00988684
226.607 -0.0225994 0.00814334 -12.795 12.7851 -0.00988262
226.618 -0.0226016 0.008146 -12.7883 12.7784 -0.00987984
226.629 -0.0226044 0.00814916 -12.7816 12.7717 -0.00987658
226.64 -0.0226072 0.00815226 -12.7749 12.765 -0.00987273
226.652 -0.022611 0.00815503 -12.7683 12.7584 -0.00986999
226.663 -0.0226142 0.00815821 -12.7617 12.7519 -0.00986707
226.674 -0.022617 0.00816187 -12.7552 12.7453 -0.00986363
226.685 -0.02262 0.00816533 -12.7486 12.7388 -0.00986128
226.697 -0.0226229 0.00816871 -12.7421 12.7323 -0.00985877
226.708 -0.022625 0.00817097 -12.7356 12.7258 -0.00985697
226.719 -0.0226273 0.00817377 -12.7292 12.7193 -0.00985436
226.73 -0.0226293 0.00817716 -12.7228 12.7129 -0.00985086
226.742 -0.0226319 0.00818102 -12.7163 12.7065 -0.00984639
226.753 -0.0226336 0.00818481 -12.71 12.7002 -0.00984275
226.764 -0.0226356 0.00818811 -12.7038 12.694 -0.00983821
226.775 -0.0226371 0.00819169 -12.6976 12.6878 -0.00983397
226.787 -0.0226397 0.00819597 -12.6915 12.6817 -0.00983137
226.798 -0.0226416 0.0082002 -12.6854 12.6756 -0.00982814
226.809 -0.0226437 0.00820426 -12.6795 12.6696 -0.00982436
226.82 -0.0226461 0.00820763 -12.6736 12.6637 -0.00982173
226.831 -0.0226478 0.00821043 -12.6677 12.6579 -0.00981961
226.843 -0.0226493 0.00821168 -12.6619 12.6521 -0.00981776
226.854 -0.0226521 0.00821376 -12.6561 12.6463 -0.00981422
226.865 -0.0226546 0.00821603 -12.6504 12.6405 -0.00980995
226.876 -0.0226578 0.00821933 -12.6447 12.6349 -0.00980458
226.888 -0.0226621 0.00822319 -12.6391 12.6293 -0.00979887
226.899 -0.0226657 0.00822623 -12.6336 12.6238 -0.00979345
226.91 -0.0226691 0.00822962 -12.6281 12.6183 -0.00978911
226.921 -0.0226722 0.00823198 -12.6227 12.6129 -0.00978538
226.933 -0.022675 0.00823516 -12.6173 12.6075 -0.00978299
226.944 -0.0226775 0.00823823 -12.6119 12.6022 -0.00978067
226.955 -0.0226801 0.00824075 -12.6066 12.5968 -0.0097784
226.966 -0.0226829 0.00824384 -12.6013 12.5916 -0.00977636
226.978 -0.0226857 0.00824771 -12.5961 12.5863 -0.00977223
226.989 -0.0226883 0.0082516 -12.5908 12.5811 -0.00976843
227 -0.022691 0.0082556 -12.5857 12.5759 -0.00976458
227.011 -0.0226939 0.00825989 -12.5806 12.5708 -0.00975997
227.022 -0.0226971 0.00826211 -12.5755 12.5657 -0.00975559
227.034 -0.0227003 0.00826532 -12.5705 12.5607 -0.0097514
227.045 -0.0227033 0.00826897 -12.5655 12.5557 -0.00974728
227.056 -0.0227059 0.0082725 -12.5605 12.5508 -0.00974253
227.067 -0.0227082 0.00827611 -12.5556 12.5459 -0.00973825
227.079 -0.0227096 0.00827894 -12.5508 12.5411 -0.00973532
227.09 -0.0227129 0.00828338 -12.546 12.5363 -0.00973094
227.101 -0.0227166 0.00828664 -12.5413 12.5315 -0.0097261
227.112 -0.0227197 0.00828949 -12.5365 12.5268 -0.00972185
227.124 -0.0227225 0.00829301 -12.5319 12.5222 -0.00971729
227.135 -0.0227265 0.00829687 -12.5273 12.5176 -0.00971288
227.146 -0.0227303 0.00830041 -12.5227 12.513 -0.00970734
227.157 -0.0227337 0.00830423 -12.5182 12.5085 -0.00970205
227.169 -0.022737 0.00830728 -12.5137 12.504 -0.00969786
227.18 -0.0227401 0.00830988 -12.5092 12.4995 -0.00969411
227.191 -0.0227429 0.00831159 -12.5046 12.4949 -0.00969038
227.202 -0.0227461 0.00831404 -12.5001 12.4904 -0.00968762
227.213 -0.0227487 0.00831595 -12.4956 12.4859 -0.00968484
227.225 -0.0227518 0.00831859 -12.4911 12.4814 -0.0096807
227.236 -0.0227551 0.00832159 -12.4866 12.4769 -0.00967696
227.247 -0.0227579 0.00832458 -12.482 12.4724 -0.00967286
227.258 -0.0227613 0.00832687 -12.4775 12.4678 -0.00966829
227.27 -0.0227654 0.00833025 -12.473 12.4633 -0.00966326
227.281 -0.0227693 0.00833407 -12.4685 12.4589 -0.0096585
227.292 -0.0227729 0.00833743 -12.4641 12.4544 -0.00965404
227.303 -0.0227761 0.00833976 -12.4596 12.45 -0.00965005
227.315 -0.0227785 0.00834142 -12.4552 12.4456 -0.00964615
227.326 -0.0227815 0.00834269 -12.4508 12.4412 -0.00964178
227.337 -0.0227842 0.0083435 -12.4465 12.4368 -0.00963822
227.348 -0.0227871 0.00834521 -12.4421 12.4325 -0.00963428
227.36 -0.02279 0.00834757 -12.4378 12.4282 -0.00963023
227.371 -0.0227941 0.00835048 -12.4335 12.4239 -0.00962452
227.382 -0.022798 0.00835378 -12.4293 12.4197 -0.00961862
227.393 -0.0228011 0.00835614 -12.4251 12.4155 -0.00961334
227.404 -0.0228043 0.00835876 -12.4209 12.4113 -0.0096095
227.416 -0.0228082 0.00836151 -12.4167 12.4071 -0.00960557
227.427 -0.0228124 0.00836432 -12.4125 12.4029 -0.00960022
227.438 -0.0228173 0.00836744 -12.4083 12.3988 -0.00959542
227.449 -0.0228222 0.0083706 -12.4042 12.3946 -0.00959034
227.461 -0.022827 0.00837239 -12.4 12.3904 -0.00958503
227.472 -0.0228311 0.0083742 -12.3958 12.3863 -0.00957991
227.483 -0.0228344 0.00837638 -12.3916 12.3821 -0.00957508
227.494 -0.0228383 0.00837915 -12.3874 12.3779 -0.009569
227.506 -0.0228427 0.00838179 -12.3832 12.3737 -0.00956395
227.517 -0.0228458 0.00838437 -12.379 12.3694 -0.00956008
227.528 -0.022849 0.00838633 -12.3748 12.3652 -0.00955672
227.539 -0.0228536 0.00838964 -12.3705 12.361 -0.00955118
227.551 -0.022858 0.00839293 -12.3663 12.3567 -0.00954677
227.562 -0.0228622 0.00839576 -12.362 12.3525 -0.0095407
227.573 -0.0228672 0.00839893 -12.3578 12.3483 -0.0095349
227.584 -0.0228725 0.00840158 -12.3536 12.344 -0.00952846
227.596 -0.0228775 0.00840424 -12.3494 12.3398 -0.00952121
227.607 -0.0228827 0.0084073 -12.3452 12.3357 -0.0095141
227.618 -0.0228867 0.0084096 -12.341 12.3315 -0.00950896
227.629 -0.0228908 0.00841275 -12.3368 12.3273 -0.00950275
227.64 -0.0228949 0.00841553 -12.3327 12.3232 -0.00949717
227.652 -0.0228987 0.00841917 -12.3285 12.319 -0.00949154
227.663 -0.0229024 0.00842261 -12.3243 12.3148 -0.00948597
227.674 -0.0229061 0.00842593 -12.3201 12.3106 -0.00948182
227.685 -0.0229092 0.00842918 -12.3158 12.3063 -0.00947766
227.697 -0.0229116 0.00843157 -12.3115 12.3021 -0.00947421
227.708 -0.0229139 0.0084334 -12.3072 12.2977 -0.00947169
227.719 -0.0229166 0.00843405 -12.3028 12.2933 -0.00946845
227.73 -0.0229206 0.00843457 -12.2984 12.2889 -0.00946426
227.742 -0.0229245 0.0084364 -12.294 12.2845 -0.00946062
227.753 -0.0229283 0.00843844 -12.2895 12.28 -0.00945473
227.764 -0.0229328 0.0084409 -12.285 12.2756 -0.00944956
227.775 -0.022936 0.00844327 -12.2806 12.2712 -0.00944525
227.787 -0.0229407 0.00844579 -12.2762 12.2667 -0.00943948
227.798 -0.0229455 0.00844813 -12.2717 12.2623 -0.00943354
227.809 -0.0229503 0.0084505 -12.2673 12.2578 -0.00942855
227.82 -0.0229553 0.00845186 -12.2628 12.2534 -0.00942365
227.831 -0.0229603 0.00845437 -12.2583 12.2489 -0.00941795
227.843 -0.0229652 0.00845629 -12.2539 12.2445 -0.00941248
227.854 -0.02297 0.00845838 -12.2494 12.24 -0.00940677
227.865 -0.022975 0.00846034 -12.245 12.2356 -0.00940067
227.876 -0.0229794 0.00846299 -12.2405 12.2311 -0.00939508
227.888 -0.0229841 0.00846599 -12.236 12.2266 -0.00938982
227.899 -0.022988 0.00846733 -12.2315 12.2221 -0.00938465
227.91 -0.0229916 0.00846897 -12.227 12.2176 -0.00937985
227.921 -0.022995 0.00847063 -12.2224 12.213 -0.00937673
227.933 -0.0229965 0.00847202 -12.2178 12.2084 -0.00937418
227.944 -0.022998 0.00847386 -12.2132 12.2038 -0.00937173
227.955 -0.023 0.00847553 -12.2084 12.1991 -0.00936946
227.966 -0.0230027 0.00847663 -12.2037 12.1943 -0.00936593
227.978 -0.0230052 0.00847727 -12.199 12.1896 -0.00936325
227.989 -0.0230082 0.0084779 -12.1942 12.1848 -0.00936025
228 -0.023012 0.00847915 -12.1893 12.18 -0.00935549
228.011 -0.0230157 0.00847985 -12.1845 12.1751 -0.00935082
228.022 -0.0230187 0.00848085 -12.1796 12.1703 -0.00934616
228.034 -0.0230219 0.00848199 -12.1748 12.1655 -0.00934147
228.045 -0.0230254 0.00848324 -12.1699 12.1606 -0.00933674
228.056 -0.0230294 0.00848448 -12.165 12.1557 -0.00933242
228.067 -0.0230338 0.00848565 -12.1601 12.1508 -0.00932728
228.079 -0.0230376 0.008487 -12.1552 12.1459 -0.00932197
228.09 -0.0230421 0.00848829 -12.1503 12.141 -0.00931705
228.101 -0.0230473 0.00849021 -12.1453 12.136 -0.00931148
228.112 -0.0230507 0.008492 -12.1404 12.1311 -0.00930697
228.124 -0.0230533 0.00849344 -12.1354 12.1261 -0.00930194
228.135 -0.0230557 0.00849543 -12.1304 12.1211 -0.00929819
228.146 -0.0230593 0.00849742 -12.1254 12.1161 -0.00929412
228.157 -0.0230627 0.00849971 -12.1203 12.1111 -0.00928984
228.169 -0.0230659 0.00850231 -12.1153 12.106 -0.00928626
228.18 -0.0230695 0.00850513 -12.1102 12.101 -0.00928175
228.191 -0.0230734 0.00850628 -12.1051 12.0959 -0.00927735
228.202 -0.0230771 0.00850778 -12.1001 12.0908 -0.00927322
228.213 -0.0230803 0.0085089 -12.095 12.0857 -0.00926812
228.225 -0.0230835 0.00851077 -12.0899 12.0806 -0.00926316
228.236 -0.0230876 0.00851175 -12.0847 12.0755 -0.00925861
228.247 -0.0230923 0.00851341 -12.0797 12.0704 -0.00925368
228.258 -0.0230967 0.00851544 -12.0746 12.0653 -0.00924894
228.27 -0.0231007 0.00851741 -12.0695 12.0602 -0.00924363
228.281 -0.0231044 0.00851901 -12.0644 12.0551 -0.00923989
228.292 -0.0231072 0.00852078 -12.0593 12.05 -0.00923505
228.303 -0.0231108 0.00852244 -12.0542 12.0449 -0.0092314
228.315 -0.0231148 0.00852434 -12.0491 12.0398 -0.00922731
228.326 -0.023118 0.00852583 -12.0439 12.0347 -0.00922273
228.337 -0.0231211 0.00852736 -12.0388 12.0296 -0.00921742
228.348 -0.0231245 0.00852872 -12.0338 12.0246 -0.00921254
228.36 -0.0231285 0.00852978 -12.0287 12.0195 -0.00920721
228.371 -0.023132 0.00853164 -12.0237 12.0145 -0.00920191
228.382 -0.0231353 0.00853361 -12.0187 12.0095 -0.00919681
228.393 -0.023138 0.00853559 -12.0138 12.0046 -0.00919235
228.404 -0.0231406 0.00853808 -12.0088 11.9996 -0.00918851
228.416 -0.0231425 0.00853938 -12.0038 11.9946 -0.00918505
228.427 -0.0231443 0.00854103 -11.9989 11.9897 -0.00918125
228.438 -0.0231462 0.00854291 -11.9939 11.9847 -0.00917856
228.449 -0.0231489 0.00854444 -11.9889 11.9798 -0.00917583
228.461 -0.0231515 0.00854523 -11.984 11.9748 -0.00917344
228.472 -0.0231538 0.00854568 -11.9789 11.9698 -0.00917087
228.483 -0.0231568 0.00854665 -11.974 11.9648 -0.00916838
228.494 -0.0231606 0.00854683 -11.969 11.9598 -0.00916523
228.506 -0.0231642 0.00854648 -11.964 11.9549 -0.00916189
228.517 -0.0231677 0.00854617 -11.9591 11.9499 -0.00915815
228.528 -0.0231703 0.00854639 -11.9541 11.945 -0.00915474
228.539 -0.0231727 0.00854612 -11.9492 11.9401 -0.00915139
228.551 -0.0231752 0.00854652 -11.9444 11.9352 -0.00914819
228.562 -0.0231779 0.00854755 -11.9395 11.9304 -0.00914465
228.573 -0.0231801 0.00854824 -11.9347 11.9255 -0.00914138
228.584 -0.0231817 0.0085495 -11.9299 11.9208 -0.00913861
228.596 -0.0231831 0.00855053 -11.9251 11.916 -0.00913566
228.607 -0.0231856 0.00855219 -11.9203 11.9112 -0.00913261
228.618 -0.0231879 0.00855444 -11.9156 11.9064 -0.00913004
228.629 -0.0231899 0.00855566 -11.9108 11.9017 -0.00912641
228.64 -0.0231917 0.00855689 -11.9061 11.897 -0.00912257
228.652 -0.0231934 0.00855839 -11.9015 11.8923 -0.00911937
228.663 -0.0231957 0.0085603 -11.8968 11.8877 -0.00911513
228.674 -0.0231974 0.00856209 -11.8922 11.8831 -0.00911132
228.685 -0.0231994 0.00856325 -11.8877 11.8785 -0.00910706
228.697 -0.023202 0.00856342 -11.8831 11.874 -0.00910201
228.708 -0.0232039 0.0085643 -11.8786 11.8695 -0.00909764
228.719 -0.0232066 0.00856399 -11.8742 11.8651 -0.00909404
228.73 -0.0232094 0.00856415 -11.8697 11.8607 -0.00908969
228.742 -0.0232119 0.00856439 -11.8653 11.8562 -0.00908562
228.753 -0.023215 0.00856517 -11.861 11.8519 -0.0090819
228.764 -0.0232177 0.00856584 -11.8566 11.8475 -0.00907836
228.775 -0.0232198 0.00856628 -11.8523 11.8432 -0.00907574
228.787 -0.0232225 0.00856705 -11.848 11.8389 -0.00907279
228.798 -0.0232251 0.0085676 -11.8437 11.8346 -0.00906978
228.809 -0.023227 0.00856832 -11.8394 11.8304 -0.00906683
228.82 -0.0232292 0.00856809 -11.8352 11.8261 -0.00906404
228.831 -0.0232321 0.00856849 -11.8309 11.8219 -0.0090608
228.843 -0.0232345 0.00856827 -11.8267 11.8177 -0.00905709
228.854 -0.0232369 0.00856861 -11.8225 11.8135 -0.00905387
228.865 -0.0232398 0.00856914 -11.8183 11.8093 -0.00905035
228.876 -0.0232425 0.00856969 -11.8141 11.8051 -0.00904589
228.888 -0.0232455 0.00856912 -11.81 11.8009 -0.00904099
228.899 -0.023248 0.00856908 -11.8058 11.7968 -0.00903676
228.91 -0.0232508 0.00856961 -11.8017 11.7927 -0.00903325
228.921 -0.0232525 0.00856966 -11.7976 11.7886 -0.00902949
228.933 -0.0232546 0.00857023 -11.7935 11.7845 -0.00902582
228.944 -0.023256 0.00857141 -11.7894 11.7804 -0.0090227
228.955 -0.0232576 0.00857226 -11.7853 11.7763 -0.00901985
228.966 -0.0232602 0.00857327 -11.7812 11.7722 -0.00901658
228.978 -0.0232629 0.008574 -11.7772 11.7681 -0.00901325
228.989 -0.0232656 0.00857564 -11.7731 11.7641 -0.00901002
229 -0.0232674 0.00857615 -11.7691 11.7601 -0.00900709
229.011 -0.0232693 0.00857716 -11.7651 11.7561 -0.00900393
229.022 -0.0232707 0.00857838 -11.7611 11.7521 -0.00900074
229.034 -0.023272 0.00857919 -11.7571 11.7481 -0.0089979
229.045 -0.023272 0.00857969 -11.7531 11.7441 -0.00899457
229.056 -0.023273 0.00857983 -11.7492 11.7402 -0.00899118
229.067 -0.0232743 0.00858033 -11.7452 11.7362 -0.00898755
229.079 -0.0232756 0.00857999 -11.7413 11.7323 -0.00898373
229.09 -0.0232773 0.00858017 -11.7374 11.7284 -0.00898054
229.101 -0.0232796 0.00858043 -11.7334 11.7245 -0.00897728
229.112 -0.023281 0.00858092 -11.7295 11.7206 -0.00897375
229.124 -0.0232826 0.00858167 -11.7257 11.7167 -0.00897054
229.135 -0.0232845 0.00858259 -11.7218 11.7128 -0.0089675
229.146 -0.0232853 0.00858272 -11.7178 11.7089 -0.0089651
229.157 -0.0232867 0.00858385 -11.7139 11.705 -0.0089622
229.169 -0.0232875 0.0085847 -11.71 11.701 -0.0089595
229.18 -0.0232882 0.00858546 -11.7061 11.6971 -0.00895671
229.191 -0.0232884 0.00858608 -11.7022 11.6932 -0.00895307
229.202 -0.0232896 0.00858749 -11.6982 11.6893 -0.00894875
229.213 -0.0232911 0.00858886 -11.6943 11.6854 -0.00894444
229.225 -0.0232923 0.00859012 -11.6905 11.6815 -0.00894081
229.236 -0.0232936 0.00859092 -11.6866 11.6777 -0.00893596
229.247 -0.0232953 0.00859194 -11.6827 11.6738 -0.00893188
229.258 -0.0232971 0.00859339 -11.6788 11.6699 -0.00892793
229.27 -0.0232978 0.00859453 -11.6749 11.666 -0.00892342
229.281 -0.0232978 0.00859504 -11.671 11.662 -0.00891813
229.292 -0.0232994 0.00859544 -11.667 11.6581 -0.00891326
229.303 -0.0233007 0.00859532 -11.6631 11.6542 -0.00890818
229.315 -0.0233022 0.0085947 -11.6592 11.6503 -0.00890386
229.326 -0.0233021 0.00859502 -11.6552 11.6463 -0.00889951
229.337 -0.0233018 0.00859499 -11.6513 11.6424 -0.00889533
229.348 -0.0233018 0.00859423 -11.6473 11.6384 -0.00889012
229.36 -0.0233024 0.00859277 -11.6434 11.6345 -0.00888472
229.371 -0.0233022 0.00859142 -11.6394 11.6306 -0.00887964
229.382 -0.0233025 0.00859244 -11.6355 11.6266 -0.00887522
229.393 -0.0233033 0.00859349 -11.6315 11.6227 -0.0088703
229.404 -0.0233045 0.00859494 -11.6276 11.6187 -0.00886488
229.416 -0.0233055 0.00859649 -11.6236 11.6147 -0.00885933
229.427 -0.0233065 0.00859775 -11.6196 11.6108 -0.00885404
229.438 -0.0233077 0.00859922 -11.6157 11.6068 -0.00884764
229.449 -0.0233092 0.0086003 -11.6117 11.6029 -0.00884296
229.461 -0.02331 0.00860187 -11.6077 11.5989 -0.00883898
229.472 -0.0233114 0.00860267 -11.6037 11.5949 -0.00883483
229.483 -0.0233117 0.00860407 -11.5997 11.5909 -0.00883013
229.494 -0.0233125 0.00860407 -11.5957 11.5869 -0.0088259
229.506 -0.0233125 0.00860447 -11.5917 11.5829 -0.00882037
229.517 -0.0233123 0.00860383 -11.5877 11.5788 -0.00881482
229.528 -0.0233126 0.00860304 -11.5836 11.5748 -0.00880951
229.539 -0.0233137 0.00860263 -11.5795 11.5707 -0.0088049
229.551 -0.023314 0.00860198 -11.5754 11.5666 -0.00880018
229.562 -0.0233135 0.0086013 -11.5713 11.5625 -0.00879557
229.573 -0.0233135 0.0086012 -11.5672 11.5584 -0.00879128
229.584 -0.0233139 0.00860085 -11.5631 11.5543 -0.00878646
229.596 -0.0233144 0.00860045 -11.5589 11.5502 -0.00878085
229.607 -0.0233147 0.00860054 -11.5548 11.546 -0.00877533
229.618 -0.023315 0.00860052 -11.5507 11.5419 -0.00877087
229.629 -0.0233149 0.00860052 -11.5466 11.5378 -0.00876698
229.64 -0.0233147 0.0086013 -11.5424 11.5337 -0.00876272
229.652 -0.0233148 0.00860165 -11.5383 11.5295 -0.00875884
229.663 -0.0233144 0.00860184 -11.5341 11.5254 -0.00875449
229.674 -0.0233153 0.00860213 -11.53 11.5212 -0.00874955
229.685 -0.0233153 0.00860207 -11.5258 11.5171 -0.00874582
229.697 -0.0233166 0.00860311 -11.5217 11.5129 -0.00874264
229.708 -0.0233167 0.00860199 -11.5175 11.5087 -0.00873852
229.719 -0.0233172 0.00860192 -11.5133 11.5046 -0.00873384
229.73 -0.0233165 0.00860183 -11.5092 11.5004 -0.00872955
229.742 -0.0233162 0.00860252 -11.505 11.4963 -0.00872485
229.753 -0.0233156 0.00860371 -11.5008 11.4921 -0.00872066
229.764 -0.0233144 0.0086049 -11.4967 11.488 -0.00871575
229.775 -0.0233135 0.00860491 -11.4926 11.4839 -0.00871108
229.787 -0.0233131 0.00860421 -11.4884 11.4797 -0.00870644
229.798 -0.0233118 0.00860366 -11.4843 11.4756 -0.00870127
229.809 -0.0233108 0.00860311 -11.4803 11.4716 -0.00869619
229.82 -0.0233103 0.00860225 -11.4762 11.4675 -0.00869203
229.831 -0.0233097 0.00860203 -11.4722 11.4635 -0.00868851
229.843 -0.0233091 0.00860301 -11.4681 11.4594 -0.00868546
229.854 -0.0233081 0.00860277 -11.464 11.4553 -0.00868213
229.865 -0.023307 0.00860296 -11.4599 11.4513 -0.00867991
229.876 -0.0233065 0.00860281 -11.4558 11.4471 -0.00867656
229.888 -0.0233059 0.00860263 -11.4517 11.4431 -0.00867226
229.899 -0.0233051 0.00860273 -11.4477 11.439 -0.00866918
229.91 -0.0233036 0.00860288 -11.4436 11.4349 -0.00866333
229.921 -0.0233027 0.00860231 -11.4395 11.4309 -0.00865846
229.933 -0.0233025 0.00860224 -11.4355 11.4268 -0.00865394
229.944 -0.0233016 0.00860205 -11.4315 11.4228 -0.00864881
229.955 -0.0233024 0.00860161 -11.4274 11.4188 -0.0086441
229.966 -0.0233025 0.00860156 -11.4235 11.4148 -0.00863934
229.978 -0.0233026 0.00860158 -11.4195 11.4109 -0.00863483
229.989 -0.0233031 0.00860152 -11.4155 11.4069 -0.0086308
230 -0.0233028 0.00860101 -11.4116 11.403 -0.00862631
230.011 -0.0233022 0.00859993 -11.4077 11.3991 -0.00862089
230.022 -0.0233019 0.00859889 -11.4039 11.3952 -0.00861638
230.034 -0.0233012 0.00859761 -11.4 11.3914 -0.00861303
230.045 -0.0233006 0.00859706 -11.3962 11.3876 -0.00860793
230.056 -0.0233003 0.00859572 -11.3925 11.3838 -0.0086026
230.067 -0.0232998 0.00859541 -11.3887 11.3801 -0.00859742
230.079 -0.0233 0.00859463 -11.385 11.3764 -0.00859261
230.09 -0.0233007 0.00859417 -11.3814 11.3728 -0.00858724
230.101 -0.0233 0.0085936 -11.3778 11.3692 -0.00858257
230.112 -0.0233002 0.00859398 -11.3743 11.3657 -0.00857822
230.124 -0.0233003 0.00859465 -11.3707 11.3622 -0.00857454
230.135 -0.0233006 0.00859535 -11.3672 11.3587 -0.00857108
230.146 -0.0233 0.00859603 -11.3638 11.3552 -0.00856741
230.157 -0.023299 0.0085959 -11.3603 11.3518 -0.00856299
230.169 -0.0232982 0.00859601 -11.3569 11.3484 -0.00855882
230.18 -0.0232967 0.00859615 -11.3536 11.345 -0.00855462
230.191 -0.023296 0.00859604 -11.3503 11.3418 -0.00855102
230.202 -0.023296 0.00859634 -11.3471 11.3385 -0.00854675
230.213 -0.023296 0.00859647 -11.3439 11.3354 -0.00854233
230.225 -0.0232951 0.00859659 -11.3409 11.3323 -0.00853818
230.236 -0.0232948 0.00859657 -11.3379 11.3294 -0.00853322
230.247 -0.0232945 0.00859574 -11.335 11.3265 -0.00852842
230.258 -0.0232935 0.00859507 -11.3322 11.3236 -0.00852372
230.27 -0.0232928 0.00859477 -11.3294 11.3209 -0.00851928
230.281 -0.0232931 0.00859469 -11.3267 11.3182 -0.00851534
230.292 -0.0232929 0.00859428 -11.3241 11.3156 -0.00851169
230.303 -0.0232917 0.00859405 -11.3215 11.313 -0.00850843
230.315 -0.0232903 0.00859414 -11.319 11.3105 -0.00850539
230.326 -0.0232894 0.00859426 -11.3165 11.308 -0.00850328
230.337 -0.023289 0.00859398 -11.3141 11.3056 -0.00850152
230.348 -0.0232877 0.00859365 -11.3117 11.3032 -0.00849919
230.36 -0.0232863 0.00859265 -11.3094 11.3009 -0.00849663
230.371 -0.0232853 0.00859091 -11.3072 11.2987 -0.00849387
230.382 -0.0232844 0.00859004 -11.305 11.2965 -0.00848888
230.393 -0.0232843 0.00859002 -11.3029 11.2945 -0.00848578
230.404 -0.0232847 0.00858943 -11.301 11.2925 -0.00848269
230.416 -0.0232855 0.00858971 -11.2991 11.2906 -0.0084796
230.427 -0.023286 0.00858991 -11.2972 11.2887 -0.0084768
230.438 -0.0232863 0.00859048 -11.2955 11.287 -0.00847417
230.449 -0.0232871 0.00858999 -11.2938 11.2853 -0.00847119
230.461 -0.0232875 0.00858855 -11.2922 11.2837 -0.00846865
230.472 -0.0232881 0.0085873 -11.2907 11.2822 -0.00846572
230.483 -0.0232878 0.00858648 -11.2893 11.2808 -0.00846244
230.494 -0.0232879 0.00858506 -11.2879 11.2795 -0.00845943
230.506 -0.0232883 0.00858358 -11.2867 11.2782 -0.00845685
230.517 -0.0232892 0.00858131 -11.2855 11.2771 -0.00845378
230.528 -0.0232902 0.00857895 -11.2845 11.276 -0.00844959
230.539 -0.0232912 0.00857725 -11.2835 11.2751 -0.00844586
230.551 -0.0232916 0.00857473 -11.2827 11.2742 -0.00844189
230.562 -0.0232931 0.00857251 -11.2819 11.2735 -0.00843895
230.573 -0.023293 0.00857044 -11.2812 11.2728 -0.00843506
230.584 -0.0232929 0.00856974 -11.2806 11.2722 -0.00843253
230.596 -0.0232923 0.00856827 -11.2801 11.2717 -0.00842869
230.607 -0.0232921 0.00856605 -11.2797 11.2713 -0.00842446
230.618 -0.0232916 0.0085646 -11.2794 11.271 -0.00841971
230.629 -0.0232919 0.00856362 -11.2792 11.2708 -0.00841593
230.64 -0.0232923 0.00856258 -11.2791 11.2707 -0.00841213
230.652 -0.023293 0.00856149 -11.2791 11.2706 -0.00840825
230.663 -0.0232931 0.00856016 -11.2791 11.2707 -0.00840419
230.674 -0.0232927 0.00855889 -11.2793 11.2709 -0.00839911
230.685 -0.0232927 0.00855743 -11.2796 11.2712 -0.00839548
230.697 -0.0232921 0.00855716 -11.28 11.2716 -0.00839242
230.708 -0.0232916 0.00855596 -11.2805 11.2722 -0.00838891
230.719 -0.0232912 0.00855503 -11.2811 11.2727 -0.0083851
230.73 -0.023291 0.00855353 -11.2818 11.2735 -0.00838171
230.742 -0.023291 0.00855162 -11.2827 11.2743 -0.00837806
230.753 -0.0232909 0.00854948 -11.2836 11.2752 -0.00837365
230.764 -0.0232909 0.00854763 -11.2846 11.2762 -0.00836961
230.775 -0.0232907 0.00854631 -11.2857 11.2774 -0.00836694
230.787 -0.0232902 0.00854474 -11.287 11.2786 -0.00836252
230.798 -0.0232906 0.00854325 -11.2883 11.28 -0.00835811
230.809 -0.0232907 0.00854207 -11.2898 11.2814 -0.00835417
230.82 -0.0232909 0.00854133 -11.2913 11.283 -0.00835036
230.831 -0.0232915 0.0085394 -11.293 11.2846 -0.00834658
230.843 -0.0232915 0.00853811 -11.2948 11.2864 -0.00834184
230.854 -0.0232912 0.00853596 -11.2966 11.2883 -0.00833738
230.865 -0.0232911 0.00853377 -11.2986 11.2903 -0.00833306
230.876 -0.0232912 0.00853158 -11.3007 11.2924 -0.00832926
230.888 -0.0232917 0.00852989 -11.3029 11.2945 -0.00832444
230.899 -0.0232922 0.00852858 -11.3051 11.2968 -0.00832004
230.91 -0.0232929 0.00852723 -11.3075 11.2992 -0.00831509
230.921 -0.0232939 0.00852492 -11.3099 11.3016 -0.00831025
230.933 -0.0232933 0.00852246 -11.3125 11.3042 -0.00830589
230.944 -0.0232929 0.0085207 -11.3152 11.3069 -0.00830187
230.955 -0.0232937 0.00851926 -11.3179 11.3096 -0.00829807
230.966 -0.0232935 0.00851712 -11.3208 11.3125 -0.00829444
230.978 -0.0232933 0.00851589 -11.3237 11.3154 -0.00829109
230.989 -0.0232929 0.00851491 -11.3267 11.3185 -0.0082878
231 -0.0232921 0.00851398 -11.3298 11.3216 -0.0082849
231.011 -0.0232918 0.0085128 -11.333 11.3247 -0.00828224
231.022 -0.0232915 0.00851072 -11.3363 11.328 -0.00827891
231.034 -0.023291 0.00850846 -11.3397 11.3314 -0.00827574
231.045 -0.023291 0.00850602 -11.3432 11.3349 -0.00827153
231.056 -0.02329 0.00850463 -11.3467 11.3385 -0.00826761
231.067 -0.0232903 0.00850325 -11.3504 11.3421 -0.00826446
231.079 -0.0232889 0.00850123 -11.3542 11.3459 -0.00826154
231.09 -0.0232879 0.00850051 -11.358 11.3498 -0.00825835
231.101 -0.0232863 0.00849954 -11.3619 11.3537 -0.00825464
231.112 -0.0232847 0.0084984 -11.366 11.3577 -0.00825175
231.124 -0.0232832 0.00849682 -11.3701 11.3618 -0.00824717
231.135 -0.023283 0.00849494 -11.3743 11.366 -0.00824405
231.146 -0.0232822 0.00849381 -11.3786 11.3703 -0.00824007
231.157 -0.0232828 0.00849252 -11.383 11.3747 -0.00823654
231.169 -0.0232829 0.00849168 -11.3874 11.3792 -0.0082338
231.18 -0.0232831 0.00849063 -11.392 11.3838 -0.00823019
231.191 -0.0232831 0.00848989 -11.3966 11.3884 -0.00822678
231.202 -0.0232836 0.00848927 -11.4013 11.393 -0.0082223
231.213 -0.023284 0.00848906 -11.406 11.3978 -0.00821801
231.225 -0.023285 0.00848867 -11.4109 11.4026 -0.00821423
231.236 -0.0232856 0.008489 -11.4157 11.4075 -0.00821059
231.247 -0.0232864 0.00848812 -11.4207 11.4125 -0.00820654
231.258 -0.0232876 0.00848709 -11.4257 11.4175 -0.00820018
231.27 -0.0232885 0.00848506 -11.4308 11.4226 -0.00819425
231.281 -0.0232893 0.00848327 -11.436 11.4278 -0.0081895
231.292 -0.0232904 0.00848122 -11.4413 11.4331 -0.00818449
231.303 -0.0232915 0.00847998 -11.4466 11.4385 -0.00817952
231.315 -0.023293 0.00847865 -11.4521 11.4439 -0.00817521
231.326 -0.023294 0.00847779 -11.4576 11.4494 -0.00817151
231.337 -0.0232947 0.00847663 -11.4631 11.455 -0.00816737
231.348 -0.0232955 0.00847543 -11.4687 11.4606 -0.00816407
231.36 -0.0232969 0.00847459 -11.4744 11.4662 -0.00816066
231.371 -0.0232975 0.00847334 -11.4801 11.4719 -0.00815752
231.382 -0.0232978 0.00847262 -11.4859 11.4777 -0.00815449
231.393 -0.0232987 0.00847191 -11.4917 11.4835 -0.00815067
231.404 -0.0232999 0.00847125 -11.4976 11.4894 -0.00814751
231.416 -0.0233005 0.00846995 -11.5035 11.4954 -0.00814409
231.427 -0.0233016 0.00846891 -11.5095 11.5014 -0.00814134
231.438 -0.0233019 0.00846724 -11.5155 11.5074 -0.00813909
231.449 -0.0233024 0.00846504 -11.5216 11.5135 -0.00813593
231.461 -0.0233035 0.00846345 -11.5277 11.5196 -0.00813263
231.472 -0.0233038 0.0084611 -11.5339 11.5257 -0.00812987
231.483 -0.0233039 0.00845937 -11.5401 11.5319 -0.00812809
231.494 -0.0233046 0.00845754 -11.5462 11.5381 -0.00812534
231.506 -0.0233051 0.00845601 -11.5525 11.5444 -0.00812334
231.517 -0.0233059 0.00845401 -11.5588 11.5506 -0.00812088
231.528 -0.023307 0.00845267 -11.5651 11.5569 -0.00811859
231.539 -0.0233076 0.00845096 -11.5714 11.5633 -0.00811609
231.551 -0.023308 0.00844962 -11.5778 11.5697 -0.00811295
231.562 -0.0233082 0.00844838 -11.5842 11.5761 -0.00810922
231.573 -0.0233085 0.00844748 -11.5906 11.5825 -0.00810628
231.584 -0.0233092 0.00844603 -11.5971 11.589 -0.00810266
231.596 -0.0233086 0.00844563 -11.6036 11.5955 -0.00809952
231.607 -0.0233091 0.00844469 -11.6102 11.6021 -0.00809667
231.618 -0.0233086 0.00844395 -11.6168 11.6087 -0.00809305
231.629 -0.0233084 0.00844394 -11.6234 11.6153 -0.00808904
231.64 -0.0233082 0.00844352 -11.6301 11.622 -0.00808511
231.652 -0.0233072 0.00844278 -11.6369 11.6288 -0.00808145
231.663 -0.0233062 0.00844228 -11.6436 11.6355 -0.00807649
231.674 -0.0233061 0.00844074 -11.6504 11.6423 -0.00807239
231.685 -0.0233055 0.00843895 -11.6573 11.6492 -0.00806825
231.697 -0.0233047 0.00843731 -11.6642 11.6562 -0.00806276
231.708 -0.0233046 0.00843611 -11.6712 11.6631 -0.00805889
231.719 -0.023305 0.00843541 -11.6782 11.6702 -0.00805451
231.73 -0.0233057 0.00843454 -11.6853 11.6772 -0.00804895
231.742 -0.023306 0.00843342 -11.6924 11.6844 -0.00804356
231.753 -0.0233071 0.00843141 -11.6996 11.6916 -0.00803895
231.764 -0.0233071 0.00843116 -11.7068 11.6988 -0.00803333
231.775 -0.0233076 0.00843081 -11.714 11.706 -0.00802836
231.787 -0.0233078 0.00843037 -11.7213 11.7133 -0.00802373
231.798 -0.0233083 0.00842903 -11.7286 11.7205 -0.00801918
231.809 -0.0233091 0.00842765 -11.7359 11.7279 -0.00801462
231.82 -0.0233101 0.00842677 -11.7432 11.7352 -0.00800984
231.831 -0.0233113 0.00842568 -11.7505 11.7425 -0.00800524
231.843 -0.0233122 0.00842514 -11.7579 11.7499 -0.00800008
231.854 -0.0233125 0.00842494 -11.7652 11.7573 -0.00799517
231.865 -0.0233127 0.00842374 -11.7726 11.7646 -0.0079899
231.876 -0.0233134 0.00842328 -11.78 11.772 -0.00798434
231.888 -0.0233139 0.00842279 -11.7873 11.7794 -0.00797817
231.899 -0.0233144 0.00842324 -11.7947 11.7867 -0.00797292
231.91 -0.0233152 0.00842292 -11.802 11.7941 -0.00796822
231.921 -0.0233166 0.00842251 -11.8094 11.8014 -0.00796317
231.933 -0.023318 0.00842234 -11.8167 11.8087 -0.00795827
231.944 -0.0233192 0.00842265 -11.824 11.8161 -0.00795392
231.955 -0.0233201 0.00842242 -11.8313 11.8234 -0.00794979
231.966 -0.0233208 0.00842145 -11.8386 11.8306 -0.00794497
231.978 -0.0233223 0.00842096 -11.8458 11.8379 -0.00794076
231.989 -0.0233234 0.00842043 -11.8531 11.8452 -0.00793615
232 -0.0233242 0.00842008 -11.8603 11.8523 -0.00793091
232.011 -0.0233251 0.00842004 -11.8675 11.8596 -0.00792513
232.022 -0.0233262 0.00841989 -11.8747 11.8668 -0.00792039
232.034 -0.0233277 0.00842002 -11.8818 11.8739 -0.00791477
232.045 -0.0233287 0.00841938 -11.889 11.8811 -0.0079098
232.056 -0.0233306 0.00841914 -11.8961 11.8882 -0.00790458
232.067 -0.0233321 0.00841897 -11.9032 11.8953 -0.00789839
232.079 -0.0233336 0.00841861 -11.9104 11.9025 -0.00789175
232.09 -0.0233348 0.00841785 -11.9175 11.9096 -0.00788584
232.101 -0.023336 0.0084163 -11.9245 11.9167 -0.00787959
232.112 -0.023337 0.00841574 -11.9316 11.9237 -0.00787308
232.124 -0.0233379 0.00841618 -11.9387 11.9308 -0.00786767
232.135 -0.0233391 0.00841586 -11.9457 11.9378 -0.00786174
232.146 -0.02334 0.00841572 -11.9527 11.9449 -0.00785568
232.157 -0.023341 0.00841652 -11.9597 11.9518 -0.00785048
232.169 -0.0233424 0.00841632 -11.9666 11.9588 -0.007846
232.18 -0.0233442 0.00841564 -11.9736 11.9657 -0.0078413
232.191 -0.0233457 0.00841596 -11.9804 11.9726 -0.00783652
232.202 -0.0233467 0.00841543 -11.9873 11.9794 -0.00783178
232.213 -0.0233479 0.00841516 -11.9941 11.9862 -0.00782727
232.225 -0.0233489 0.00841454 -12.0009 11.993 -0.00782312
232.236 -0.0233503 0.00841414 -12.0076 11.9997 -0.00781935
232.247 -0.0233524 0.0084134 -12.0143 12.0065 -0.0078147
232.258 -0.0233541 0.0084132 -12.0209 12.0131 -0.00781009
232.27 -0.0233558 0.0084121 -12.0275 12.0197 -0.00780476
232.281 -0.0233578 0.00841193 -12.0341 12.0263 -0.00780116
232.292 -0.0233589 0.00841262 -12.0406 12.0328 -0.00779797
232.303 -0.0233608 0.00841325 -12.047 12.0393 -0.00779361
232.315 -0.0233628 0.00841352 -12.0535 12.0457 -0.00778936
232.326 -0.0233644 0.00841408 -12.0599 12.0521 -0.0077853
232.337 -0.0233658 0.00841492 -12.0662 12.0584 -0.00778001
232.348 -0.0233673 0.00841646 -12.0724 12.0647 -0.00777588
232.36 -0.0233697 0.0084179 -12.0787 12.0709 -0.00777118
232.371 -0.0233718 0.00841932 -12.0849 12.0771 -0.00776596
232.382 -0.0233741 0.00842056 -12.091 12.0832 -0.00776007
232.393 -0.0233761 0.00842134 -12.0971 12.0893 -0.00775569
232.404 -0.0233773 0.0084222 -12.1031 12.0954 -0.00774958
232.416 -0.0233783 0.00842263 -12.1091 12.1014 -0.00774562
232.427 -0.0233785 0.00842249 -12.115 12.1073 -0.00774133
232.438 -0.0233791 0.00842158 -12.1209 12.1131 -0.00773643
232.449 -0.0233801 0.00842149 -12.1266 12.1189 -0.00773233
232.461 -0.0233803 0.00842041 -12.1324 12.1247 -0.00772894
232.472 -0.0233811 0.00841982 -12.1381 12.1304 -0.00772338
232.483 -0.023382 0.00841895 -12.1437 12.136 -0.00771813
232.494 -0.0233834 0.00841944 -12.1493 12.1415 -0.00771336
232.506 -0.0233844 0.0084197 -12.1547 12.147 -0.00770884
232.517 -0.0233867 0.00841897 -12.1602 12.1525 -0.00770362
232.528 -0.0233884 0.00841825 -12.1656 12.1579 -0.00769934
232.539 -0.0233903 0.00841764 -12.1709 12.1632 -0.00769479
232.551 -0.0233917 0.00841639 -12.1762 12.1685 -0.00769114
232.562 -0.0233931 0.00841565 -12.1814 12.1737 -0.00768674
232.573 -0.0233943 0.00841475 -12.1865 12.1788 -0.007683
232.584 -0.0233958 0.00841363 -12.1916 12.1839 -0.00767912
232.596 -0.0233977 0.00841261 -12.1966 12.1889 -0.00767533
232.607 -0.0233993 0.00841179 -12.2015 12.1938 -0.00767038
232.618 -0.0234009 0.00841177 -12.2063 12.1986 -0.00766599
232.629 -0.0234028 0.00841247 -12.2111 12.2034 -0.00766187
232.64 -0.0234047 0.00841315 -12.2158 12.2082 -0.00765716
232.652 -0.0234063 0.00841379 -12.2205 12.2128 -0.00765238
232.663 -0.0234076 0.00841509 -12.2251 12.2174 -0.00764843
232.674 -0.0234102 0.00841581 -12.2296 12.222 -0.00764302
232.685 -0.0234127 0.00841653 -12.2341 12.2265 -0.0076375
232.697 -0.0234157 0.00841696 -12.2385 12.2309 -0.00763262
232.708 -0.0234186 0.00841817 -12.2429 12.2353 -0.00762695
232.719 -0.0234208 0.00841909 -12.2472 12.2396 -0.00762177
232.73 -0.0234217 0.00842001 -12.2515 12.2439 -0.00761717
232.742 -0.0234228 0.00842033 -12.2557 12.2481 -0.00761106
232.753 -0.0234241 0.00842122 -12.2598 12.2522 -0.00760563
232.764 -0.0234252 0.0084221 -12.2638 12.2562 -0.00760058
232.775 -0.0234262 0.00842243 -12.2678 12.2602 -0.0075946
232.787 -0.0234273 0.00842254 -12.2717 12.2641 -0.00758956
232.798 -0.0234286 0.00842247 -12.2755 12.2679 -0.00758524
232.809 -0.0234299 0.00842268 -12.2792 12.2716 -0.00757975
232.82 -0.0234316 0.00842303 -12.2829 12.2753 -0.00757465
232.831 -0.0234332 0.0084233 -12.2865 12.2789 -0.00756951
232.843 -0.0234346 0.00842365 -12.29 12.2825 -0.00756495
232.854 -0.0234356 0.00842378 -12.2935 12.2859 -0.00756082
232.865 -0.0234367 0.00842384 -12.2969 12.2893 -0.00755808
232.876 -0.0234376 0.00842328 -12.3001 12.2926 -0.00755471
232.888 -0.0234395 0.00842298 -12.3033 12.2958 -0.00755092
232.899 -0.0234414 0.00842271 -12.3064 12.2989 -0.00754747
232.91 -0.0234428 0.00842294 -12.3094 12.3019 -0.00754364
232.921 -0.0234443 0.00842234 -12.3124 12.3048 -0.00754141
232.933 -0.0234468 0.00842336 -12.3152 12.3077 -0.00753762
232.944 -0.0234493 0.00842374 -12.318 12.3104 -0.00753363
232.955 -0.0234522 0.00842297 -12.3207 12.3131 -0.00753013
232.966 -0.0234546 0.00842188 -12.3233 12.3158 -0.0075264
232.978 -0.0234563 0.00842154 -12.3259 12.3183 -0.00752236
232.989 -0.023458 0.00842149 -12.3283 12.3208 -0.00751872
233 -0.0234598 0.00842124 -12.3308 12.3232 -0.00751503
233.011 -0.0234619 0.00842014 -12.3331 12.3256 -0.00751118
233.022 -0.0234641 0.00841939 -12.3354 12.3279 -0.00750671
233.034 -0.0234662 0.00841859 -12.3376 12.3301 -0.00750229
233.045 -0.0234679 0.00841782 -12.3397 12.3322 -0.00749799
233.056 -0.02347 0.00841794 -12.3418 12.3343 -0.00749369
233.067 -0.0234728 0.00841804 -12.3438 12.3363 -0.00748874
233.079 -0.0234756 0.00841751 -12.3458 12.3383 -0.00748392
233.09 -0.0234777 0.00841737 -12.3476 12.3402 -0.00747942
233.101 -0.0234805 0.00841718 -12.3495 12.342 -0.00747464
233.112 -0.0234826 0.008417 -12.3513 12.3438 -0.00747135
233.124 -0.0234843 0.00841712 -12.353 12.3455 -0.0074681
233.135 -0.0234866 0.0084168 -12.3547 12.3472 -0.00746493
233.146 -0.0234894 0.00841649 -12.3563 12.3488 -0.00746082
233.157 -0.0234919 0.00841636 -12.3578 12.3504 -0.00745672
233.169 -0.0234945 0.008417 -12.3593 12.3519 -0.00745293
233.18 -0.0234973 0.00841745 -12.3608 12.3533 -0.0074484
233.191 -0.0234994 0.00841767 -12.3622 12.3547 -0.00744461
233.202 -0.0235015 0.00841777 -12.3635 12.356 -0.00744073
233.213 -0.0235038 0.00841632 -12.3647 12.3573 -0.00743735
233.225 -0.0235058 0.00841472 -12.3659 12.3585 -0.00743335
233.236 -0.0235083 0.00841408 -12.367 12.3596 -0.00742835
233.247 -0.0235111 0.00841253 -12.3681 12.3606 -0.00742421
233.258 -0.0235136 0.00841104 -12.3691 12.3616 -0.00741983
233.27 -0.0235168 0.00841025 -12.37 12.3626 -0.0074154
233.281 -0.0235203 0.00840942 -12.3709 12.3635 -0.00741053
233.292 -0.0235224 0.00840951 -12.3717 12.3643 -0.00740655
233.303 -0.0235247 0.00840801 -12.3725 12.3651 -0.00740236
233.315 -0.0235275 0.00840648 -12.3732 12.3658 -0.00739776
233.326 -0.0235301 0.00840579 -12.3739 12.3665 -0.00739271
233.337 -0.0235333 0.008406 -12.3745 12.3671 -0.00738928
233.348 -0.0235358 0.00840539 -12.375 12.3676 -0.00738501
233.36 -0.0235377 0.00840443 -12.3755 12.3681 -0.00738015
233.371 -0.0235407 0.00840413 -12.3759 12.3685 -0.0073753
233.382 -0.0235435 0.00840395 -12.3762 12.3689 -0.0073719
233.393 -0.0235458 0.00840301 -12.3766 12.3692 -0.00736962
233.404 -0.023548 0.00840235 -12.3768 12.3694 -0.00736702
233.416 -0.0235509 0.00840097 -12.377 12.3696 -0.00736386
233.427 -0.0235538 0.00840033 -12.3771 12.3697 -0.00736015
233.438 -0.0235556 0.00840025 -12.3771 12.3698 -0.00735574
233.449 -0.0235566 0.00840023 -12.3771 12.3698 -0.00735156
233.461 -0.0235579 0.0083999 -12.3771 12.3697 -0.00734683
233.472 -0.0235594 0.00839974 -12.377 12.3697 -0.00734228
233.483 -0.0235604 0.00839995 -12.3769 12.3696 -0.00733749
233.494 -0.0235621 0.00840025 -12.3768 12.3695 -0.00733406
233.506 -0.0235638 0.0083994 -12.3766 12.3693 -0.00733137
233.517 -0.0235655 0.0083983 -12.3764 12.3691 -0.00732921
233.528 -0.0235677 0.00839801 -12.3761 12.3688 -0.00732529
233.539 -0.0235698 0.00839807 -12.3758 12.3685 -0.00732158
233.551 -0.0235716 0.00839759 -12.3754 12.3681 -0.00731831
233.562 -0.0235735 0.00839674 -12.375 12.3677 -0.00731497
233.573 -0.0235764 0.00839571 -12.3745 12.3672 -0.0073124
233.584 -0.0235793 0.00839481 -12.3739 12.3666 -0.00730925
233.596 -0.0235826 0.00839409 -12.3733 12.366 -0.00730626
233.607 -0.0235847 0.00839324 -12.3727 12.3654 -0.00730303
233.618 -0.0235875 0.00839249 -12.3719 12.3646 -0.00730037
233.629 -0.0235902 0.00839082 -12.3712 12.3639 -0.00729808
233.64 -0.0235923 0.00838932 -12.3703 12.363 -0.0072965
233.652 -0.0235954 0.00838863 -12.3694 12.3621 -0.00729458
233.663 -0.023598 0.00838903 -12.3684 12.3611 -0.00729232
233.674 -0.0236005 0.00838883 -12.3674 12.3601 -0.00728893
233.685 -0.0236031 0.00838743 -12.3663 12.359 -0.00728554
233.697 -0.0236048 0.00838777 -12.3652 12.3579 -0.00728101
233.708 -0.0236064 0.00838744 -12.3641 12.3569 -0.00727732
233.719 -0.0236091 0.00838705 -12.363 12.3557 -0.00727308
233.73 -0.0236108 0.00838729 -12.3618 12.3545 -0.007269
233.742 -0.023613 0.00838745 -12.3606 12.3533 -0.00726537
233.753 -0.023616 0.00838749 -12.3593 12.3521 -0.00726193
233.764 -0.0236189 0.00838742 -12.358 12.3508 -0.0072592
233.775 -0.0236218 0.00838804 -12.3567 12.3495 -0.00725613
233.787 -0.0236242 0.00838767 -12.3553 12.3481 -0.00725354
233.798 -0.0236271 0.00838664 -12.3539 12.3466 -0.00724996
233.809 -0.0236294 0.00838649 -12.3524 12.3452 -0.00724627
233.82 -0.0236321 0.00838611 -12.3509 12.3437 -0.00724228
233.831 -0.0236338 0.00838597 -12.3494 12.3421 -0.00723835
233.843 -0.0236355 0.0083858 -12.3478 12.3405 -0.00723565
233.854 -0.0236366 0.0083847 -12.3461 12.3389 -0.00723335
233.865 -0.023638 0.00838402 -12.3444 12.3372 -0.00723081
233.876 -0.0236406 0.00838512 -12.3427 12.3354 -0.00722788
233.888 -0.0236429 0.00838513 -12.3409 12.3336 -0.0072248
233.899 -0.0236451 0.00838466 -12.339 12.3318 -0.00722137
233.91 -0.0236477 0.00838411 -12.3371 12.3299 -0.00721824
233.921 -0.023649 0.00838354 -12.3352 12.328 -0.00721513
233.933 -0.0236504 0.00838307 -12.3332 12.326 -0.00721103
233.944 -0.0236513 0.00838278 -12.3312 12.324 -0.00720719
233.955 -0.0236523 0.00838212 -12.3292 12.322 -0.00720343
233.966 -0.0236533 0.00838149 -12.3272 12.32 -0.00720025
233.978 -0.0236553 0.00838205 -12.3251 12.3179 -0.00719613
233.989 -0.0236585 0.00838267 -12.3231 12.3159 -0.00719163
234 -0.0236612 0.00838197 -12.321 12.3138 -0.00718982
234.011 -0.0236635 0.00838127 -12.3189 12.3117 -0.00718727
234.022 -0.0236655 0.00838017 -12.3167 12.3095 -0.00718481
234.034 -0.0236675 0.00837954 -12.3146 12.3074 -0.00718279
234.045 -0.0236706 0.0083791 -12.3124 12.3052 -0.00717999
234.056 -0.0236719 0.00837835 -12.3102 12.303 -0.00717777
234.067 -0.0236735 0.00837759 -12.308 12.3008 -0.00717639
234.079 -0.023675 0.00837615 -12.3057 12.2985 -0.00717566
234.09 -0.0236761 0.00837509 -12.3034 12.2962 -0.00717392
234.101 -0.0236785 0.0083749 -12.301 12.2939 -0.0071706
234.112 -0.0236804 0.00837522 -12.2987 12.2916 -0.0071669
234.124 -0.0236833 0.00837517 -12.2964 12.2892 -0.00716271
234.135 -0.0236849 0.00837422 -12.294 12.2869 -0.00715874
234.146 -0.0236865 0.00837399 -12.2916 12.2845 -0.00715422
234.157 -0.0236877 0.00837362 -12.2892 12.2821 -0.00714947
234.169 -0.023689 0.00837278 -12.2868 12.2797 -0.00714587
234.18 -0.0236899 0.00837169 -12.2844 12.2772 -0.00714259
234.191 -0.0236919 0.00837115 -12.2819 12.2747 -0.00713879
234.202 -0.0236943 0.00837096 -12.2794 12.2723 -0.00713368
234.213 -0.023697 0.00837068 -12.277 12.2698 -0.00712955
234.225 -0.0237003 0.00836884 -12.2745 12.2673 -0.00712568
234.236 -0.0237036 0.00836785 -12.2719 12.2648 -0.0071219
234.247 -0.0237069 0.00836745 -12.2694 12.2623 -0.00711851
234.258 -0.0237098 0.00836737 -12.2668 12.2597 -0.00711493
234.27 -0.0237116 0.00836666 -12.2642 12.2571 -0.00711249
234.281 -0.0237134 0.00836583 -12.2616 12.2545 -0.0071096
234.292 -0.0237152 0.00836461 -12.2589 12.2518 -0.00710689
234.303 -0.023718 0.00836444 -12.2563 12.2492 -0.00710314
234.315 -0.0237211 0.00836487 -12.2536 12.2465 -0.00709994
234.326 -0.0237235 0.00836499 -12.2508 12.2437 -0.00709633
234.337 -0.0237259 0.0083657 -12.2481 12.241 -0.00709269
234.348 -0.0237283 0.00836642 -12.2453 12.2382 -0.00708914
234.36 -0.0237302 0.00836747 -12.2425 12.2354 -0.00708408
234.371 -0.0237321 0.00836745 -12.2397 12.2326 -0.00708014
234.382 -0.0237343 0.00836619 -12.2369 12.2298 -0.00707676
234.393 -0.0237367 0.00836548 -12.234 12.227 -0.00707339
234.404 -0.0237389 0.00836527 -12.2312 12.2241 -0.00706914
234.416 -0.0237422 0.00836537 -12.2283 12.2213 -0.00706421
234.427 -0.0237453 0.00836539 -12.2255 12.2184 -0.00705881
234.438 -0.0237488 0.00836531 -12.2226 12.2156 -0.00705508
234.449 -0.0237519 0.00836479 -12.2198 12.2127 -0.00705107
234.461 -0.0237534 0.00836413 -12.2169 12.2098 -0.00704748
234.472 -0.0237563 0.00836375 -12.214 12.2069 -0.00704411
234.483 -0.0237591 0.00836347 -12.2111 12.204 -0.00704129
234.494 -0.023762 0.00836296 -12.2081 12.2011 -0.00703772
234.506 -0.0237649 0.00836324 -12.2052 12.1982 -0.00703348
234.517 -0.0237676 0.00836338 -12.2023 12.1953 -0.00702926
234.528 -0.0237706 0.00836298 -12.1993 12.1923 -0.00702531
234.539 -0.0237732 0.00836327 -12.1964 12.1894 -0.00702118
234.551 -0.0237755 0.00836302 -12.1935 12.1864 -0.007017
234.562 -0.0237772 0.00836359 -12.1905 12.1835 -0.00701271
234.573 -0.0237789 0.00836318 -12.1875 12.1805 -0.00701005
234.584 -0.0237797 0.00836292 -12.1846 12.1776 -0.00700657
234.596 -0.0237809 0.00836292 -12.1816 12.1745 -0.00700297
234.607 -0.0237825 0.00836262 -12.1785 12.1715 -0.00699931
234.618 -0.023785 0.0083626 -12.1755 12.1685 -0.00699466
234.629 -0.0237873 0.00836333 -12.1725 12.1655 -0.00699022
234.64 -0.0237896 0.00836355 -12.1695 12.1625 -0.00698639
234.652 -0.0237919 0.00836356 -12.1665 12.1595 -0.00698305
234.663 -0.0237938 0.00836327 -12.1635 12.1565 -0.00697984
234.674 -0.0237946 0.00836188 -12.1604 12.1534 -0.00697757
234.685 -0.023796 0.00836034 -12.1573 12.1503 -0.00697532
234.697 -0.023798 0.00835996 -12.1542 12.1472 -0.00697161
234.708 -0.0238009 0.00836013 -12.1511 12.1441 -0.00696713
234.719 -0.0238045 0.00836069 -12.148 12.141 -0.00696215
234.73 -0.0238075 0.00836074 -12.1449 12.138 -0.00695816
234.742 -0.0238109 0.00836167 -12.1418 12.1349 -0.00695505
234.753 -0.0238136 0.00836159 -12.1388 12.1318 -0.00695134
234.764 -0.0238158 0.00836104 -12.1357 12.1288 -0.0069473
234.775 -0.0238176 0.00836063 -12.1327 12.1257 -0.00694318
234.787 -0.0238191 0.00836029 -12.1296 12.1227 -0.00693926
234.798 -0.0238199 0.00835914 -12.1266 12.1196 -0.00693562
234.809 -0.0238218 0.0083588 -12.1235 12.1166 -0.00693089
234.82 -0.023824 0.00835803 -12.1205 12.1135 -0.00692617
234.831 -0.0238264 0.00835794 -12.1174 12.1105 -0.0069212
234.843 -0.0238295 0.00835767 -12.1144 12.1075 -0.00691724
234.854 -0.0238324 0.00835775 -12.1113 12.1044 -0.00691357
234.865 -0.0238351 0.00835797 -12.1083 12.1014 -0.00691139
234.876 -0.0238377 0.00835784 -12.1052 12.0983 -0.00690877
234.888 -0.0238399 0.00835763 -12.1022 12.0952 -0.0069065
234.899 -0.0238428 0.00835744 -12.0991 12.0922 -0.00690321
234.91 -0.023846 0.00835712 -12.096 12.0891 -0.0068996
234.921 -0.0238489 0.00835709 -12.0929 12.0861 -0.00689603
234.933 -0.0238513 0.00835712 -12.0899 12.083 -0.00689165
234.944 -0.0238543 0.00835742 -12.0869 12.08 -0.0068879
234.955 -0.0238569 0.00835721 -12.0839 12.077 -0.00688527
234.966 -0.0238588 0.008357 -12.0808 12.074 -0.0068831
234.978 -0.023862 0.00835609 -12.0778 12.0709 -0.00687953
234.989 -0.0238643 0.00835587 -12.0748 12.0679 -0.00687628
235 -0.0238663 0.00835602 -12.0718 12.0649 -0.00687201
235.011 -0.0238695 0.00835624 -12.0688 12.0619 -0.00686623
235.022 -0.0238726 0.00835577 -12.0659 12.059 -0.00686088
235.034 -0.0238751 0.00835585 -12.0629 12.056 -0.00685598
235.045 -0.0238783 0.0083559 -12.06 12.0531 -0.00685117
235.056 -0.0238816 0.00835557 -12.0571 12.0502 -0.00684668
235.067 -0.023885 0.00835507 -12.0541 12.0473 -0.00684339
235.079 -0.0238883 0.0083542 -12.0512 12.0443 -0.00684122
235.09 -0.0238905 0.00835386 -12.0482 12.0414 -0.00684002
235.101 -0.0238928 0.0083541 -12.0453 12.0384 -0.00683722
235.112 -0.0238948 0.0083553 -12.0423 12.0354 -0.00683392
235.124 -0.0238978 0.00835551 -12.0393 12.0325 -0.00682949
235.135 -0.0239007 0.00835565 -12.0364 12.0296 -0.0068246
235.146 -0.0239041 0.00835587 -12.0335 12.0267 -0.00681908
235.157 -0.0239068 0.00835579 -12.0307 12.0239 -0.00681625
235.169 -0.0239087 0.00835432 -12.0278 12.021 -0.00681442
235.18 -0.0239104 0.00835295 -12.0249 12.0181 -0.00681213
235.191 -0.0239123 0.00835299 -12.0221 12.0153 -0.00680805
235.202 -0.0239148 0.00835238 -12.0192 12.0124 -0.00680336
235.213 -0.0239182 0.00835259 -12.0164 12.0096 -0.00679957
235.225 -0.0239208 0.00835274 -12.0136 12.0068 -0.00679584
235.236 -0.0239232 0.00835304 -12.0108 12.004 -0.00679105
235.247 -0.0239258 0.00835296 -12.0081 12.0013 -0.00678649
235.258 -0.0239269 0.0083528 -12.0055 11.9987 -0.00678346
235.27 -0.0239285 0.0083525 -12.0029 11.9961 -0.00677992
235.281 -0.0239294 0.00835237 -12.0002 11.9934 -0.00677582
235.292 -0.0239303 0.00835204 -11.9976 11.9908 -0.00677364
235.303 -0.023931 0.00835192 -11.9949 11.9881 -0.00677166
235.315 -0.0239324 0.00835213 -11.9922 11.9855 -0.0067682
235.326 -0.0239347 0.00835277 -11.9896 11.9828 -0.00676372
235.337 -0.0239372 0.0083527 -11.987 11.9802 -0.00675918
235.348 -0.0239399 0.00835356 -11.9844 11.9776 -0.00675457
235.36 -0.0239418 0.00835336 -11.9818 11.9751 -0.00675005
235.371 -0.023943 0.00835309 -11.9793 11.9726 -0.00674653
235.382 -0.0239445 0.00835218 -11.9768 11.9701 -0.00674359
235.393 -0.0239455 0.00835098 -11.9743 11.9676 -0.00674021
235.404 -0.023947 0.00835009 -11.9718 11.9651 -0.00673617
235.416 -0.0239495 0.0083502 -11.9693 11.9626 -0.00673176
235.427 -0.0239511 0.00835023 -11.9669 11.9602 -0.00672815
235.438 -0.0239529 0.00834969 -11.9645 11.9578 -0.00672333
235.449 -0.0239546 0.0083503 -11.9621 11.9554 -0.00671872
235.461 -0.0239562 0.00835134 -11.9597 11.953 -0.00671452
235.472 -0.0239569 0.00835194 -11.9574 11.9507 -0.00671152
235.483 -0.0239582 0.00835175 -11.955 11.9483 -0.00670738
235.494 -0.0239595 0.00835179 -11.9527 11.946 -0.00670357
235.506 -0.023961 0.00835185 -11.9504 11.9437 -0.00670009
235.517 -0.0239621 0.00835219 -11.9481 11.9414 -0.00669566
235.528 -0.0239642 0.00835301 -11.9458 11.9391 -0.00669161
235.539 -0.0239675 0.00835423 -11.9435 11.9369 -0.00668613
235.551 -0.0239699 0.00835506 -11.9414 11.9347 -0.00668048
235.562 -0.0239722 0.00835597 -11.9392 11.9325 -0.00667555
235.573 -0.0239744 0.00835641 -11.9371 11.9304 -0.00667098
235.584 -0.023977 0.00835711 -11.935 11.9284 -0.00666576
235.596 -0.0239786 0.00835705 -11.933 11.9263 -0.00666271
235.607 -0.0239796 0.00835782 -11.9309 11.9243 -0.00666047
235.618 -0.0239805 0.00835779 -11.9289 11.9222 -0.00665845
235.629 -0.0239824 0.00835855 -11.9268 11.9202 -0.00665451
235.64 -0.0239843 0.00835938 -11.9248 11.9182 -0.00665001
235.652 -0.0239865 0.0083605 -11.9229 11.9162 -0.00664509
235.663 -0.0239894 0.00836193 -11.9209 11.9143 -0.00664029
235.674 -0.0239914 0.00836238 -11.919 11.9124 -0.00663632
235.685 -0.0239938 0.00836214 -11.9172 11.9105 -0.00663324
235.697 -0.0239956 0.00836095 -11.9153 11.9087 -0.00663058
235.708 -0.0239963 0.00836025 -11.9135 11.9068 -0.00662674
235.719 -0.0239976 0.00835972 -11.9118 11.9052 -0.00662273
235.73 -0.0239989 0.00835959 -11.9102 11.9035 -0.0066187
235.742 -0.0240026 0.00835968 -11.9085 11.9018 -0.00661325
235.753 -0.024006 0.00835917 -11.9068 11.9002 -0.00660761
235.764 -0.0240093 0.00835973 -11.9052 11.8986 -0.00660263
235.775 -0.024013 0.00836014 -11.9037 11.8971 -0.00659827
235.787 -0.0240168 0.0083601 -11.9023 11.8957 -0.00659378
235.798 -0.0240192 0.00835948 -11.9009 11.8943 -0.00658919
235.809 -0.0240224 0.00835918 -11.8995 11.8929 -0.00658578
235.82 -0.0240248 0.00835795 -11.8982 11.8916 -0.00658248
235.831 -0.0240264 0.00835661 -11.8969 11.8903 -0.00658099
235.843 -0.0240292 0.00835663 -11.8955 11.8889 -0.00657807
235.854 -0.0240318 0.0083563 -11.8941 11.8875 -0.00657423
235.865 -0.0240343 0.00835701 -11.8928 11.8862 -0.00656922
235.876 -0.0240376 0.00835733 -11.8915 11.8849 -0.00656322
235.888 -0.0240403 0.00835628 -11.8903 11.8837 -0.00655876
235.899 -0.0240432 0.00835469 -11.8891 11.8826 -0.00655365
235.91 -0.024045 0.00835388 -11.888 11.8814 -0.00654903
235.921 -0.0240464 0.00835321 -11.8869 11.8803 -0.00654612
235.933 -0.0240486 0.00835186 -11.8858 11.8793 -0.00654272
235.944 -0.02405 0.00835109 -11.8848 11.8782 -0.00654021
235.955 -0.0240517 0.00835049 -11.8838 11.8772 -0.00653859
235.966 -0.0240543 0.0083505 -11.8828 11.8763 -0.00653506
235.978 -0.0240572 0.00835018 -11.8819 11.8754 -0.00653142
235.989 -0.024059 0.00835121 -11.881 11.8744 -0.00652815
236 -0.024061 0.00835245 -11.88 11.8735 -0.00652483
236.011 -0.0240631 0.00835333 -11.8791 11.8726 -0.00652151
236.022 -0.0240643 0.00835461 -11.8783 11.8718 -0.00651806
236.034 -0.0240655 0.00835521 -11.8774 11.8709 -0.00651433
236.045 -0.0240669 0.00835485 -11.8766 11.8701 -0.006511
236.056 -0.0240685 0.00835506 -11.8758 11.8693 -0.00650649
236.067 -0.0240697 0.00835548 -11.875 11.8685 -0.00650109
236.079 -0.0240717 0.00835597 -11.8743 11.8678 -0.0064949
236.09 -0.0240746 0.00835674 -11.8736 11.8671 -0.00648834
236.101 -0.0240779 0.00835735 -11.873 11.8665 -0.00648199
236.112 -0.024081 0.00835842 -11.8724 11.866 -0.00647604
236.124 -0.0240846 0.00835953 -11.872 11.8655 -0.00647118
236.135 -0.0240881 0.00835994 -11.8716 11.8651 -0.0064661
236.146 -0.0240918 0.00835964 -11.8712 11.8647 -0.0064625
236.157 -0.0240961 0.00835882 -11.8709 11.8644 -0.00645949
236.169 -0.0241 0.00835696 -11.8706 11.8642 -0.00645676
236.18 -0.0241034 0.00835498 -11.8703 11.8638 -0.00645442
236.191 -0.0241071 0.00835405 -11.87 11.8636 -0.00645218
236.202 -0.0241101 0.00835316 -11.8697 11.8633 -0.00644776
236.213 -0.0241132 0.00835251 -11.8694 11.863 -0.00644258
236.225 -0.024117 0.00835157 -11.8692 11.8628 -0.00643789
236.236 -0.0241208 0.00835102 -11.869 11.8626 -0.00643283
236.247 -0.0241237 0.00834999 -11.8688 11.8624 -0.00642767
236.258 -0.0241262 0.00834927 -11.8687 11.8622 -0.00642269
236.27 -0.0241288 0.00834892 -11.8686 11.8621 -0.00641792
236.281 -0.0241324 0.00834793 -11.8685 11.8621 -0.00641313
236.292 -0.0241352 0.00834676 -11.8684 11.862 -0.00640962
236.303 -0.0241376 0.00834461 -11.8683 11.8619 -0.00640693
236.315 -0.0241391 0.00834343 -11.8683 11.8619 -0.00640411
236.326 -0.0241416 0.00834393 -11.8683 11.8619 -0.00639986
236.337 -0.0241439 0.00834463 -11.8683 11.8619 -0.00639666
236.348 -0.0241466 0.008345 -11.8683 11.8619 -0.0063921
236.36 -0.0241502 0.00834501 -11.8684 11.862 -0.00638745
236.371 -0.0241534 0.00834409 -11.8685 11.8621 -0.00638409
236.382 -0.0241558 0.00834333 -11.8685 11.8622 -0.00638054
236.393 -0.0241579 0.00834245 -11.8686 11.8622 -0.00637789
236.404 -0.0241606 0.00834174 -11.8687 11.8623 -0.0063754
236.416 -0.0241628 0.00834099 -11.8687 11.8623 -0.00637172
236.427 -0.0241654 0.00833915 -11.8688 11.8624 -0.00636841
236.438 -0.0241683 0.00833787 -11.8689 11.8625 -0.00636514
236.449 -0.0241703 0.00833599 -11.869 11.8627 -0.00636158
236.461 -0.0241749 0.00833588 -11.8691 11.8628 -0.0063556
236.472 -0.0241787 0.00833577 -11.8693 11.863 -0.00635001
236.483 -0.0241826 0.00833544 -11.8696 11.8632 -0.00634472
236.494 -0.0241863 0.00833585 -11.8698 11.8635 -0.00633853
236.506 -0.0241888 0.00833665 -11.8702 11.8638 -0.00633377
236.517 -0.024192 0.00833736 -11.8705 11.8642 -0.00632934
236.528 -0.0241945 0.00833729 -11.8709 11.8645 -0.00632582
236.539 -0.0241958 0.0083377 -11.8712 11.8649 -0.006324
236.551 -0.0241971 0.00833842 -11.8715 11.8652 -0.00632207
236.562 -0.0241972 0.00833884 -11.8718 11.8654 -0.0063201
236.573 -0.0241974 0.0083389 -11.872 11.8657 -0.00631766
236.584 -0.0241982 0.00833898 -11.8722 11.8659 -0.0063141
236.596 -0.0242007 0.00833966 -11.8725 11.8662 -0.00630848
236.607 -0.0242035 0.00834017 -11.8728 11.8665 -0.00630436
236.618 -0.0242072 0.00834075 -11.8731 11.8668 -0.00629981
236.629 -0.0242101 0.0083405 -11.8734 11.8671 -0.00629535
236.64 -0.0242139 0.00834149 -11.8739 11.8676 -0.00629123
236.652 -0.0242178 0.00834311 -11.8743 11.868 -0.00628605
236.663 -0.0242196 0.00834351 -11.8748 11.8685 -0.00628243
236.674 -0.0242225 0.00834442 -11.8753 11.869 -0.0062787
236.685 -0.0242258 0.00834461 -11.8758 11.8695 -0.00627505
236.697 -0.0242292 0.00834485 -11.8763 11.87 -0.00627167
236.708 -0.024232 0.00834477 -11.8768 11.8705 -0.00626898
236.719 -0.024234 0.00834398 -11.8773 11.871 -0.00626795
236.73 -0.0242361 0.00834249 -11.8777 11.8714 -0.00626659
236.742 -0.0242387 0.00834332 -11.878 11.8717 -0.0062634
236.753 -0.0242403 0.00834409 -11.8783 11.872 -0.00626106
236.764 -0.0242441 0.00834498 -11.8786 11.8723 -0.00625663
236.775 -0.0242478 0.00834503 -11.8789 11.8726 -0.00625124
236.787 -0.0242514 0.00834439 -11.8792 11.873 -0.00624533
236.798 -0.0242551 0.00834418 -11.8795 11.8733 -0.00623936
236.809 -0.024259 0.0083447 -11.8799 11.8737 -0.00623307
236.82 -0.0242623 0.00834533 -11.8803 11.8741 -0.00622796
236.831 -0.0242652 0.00834664 -11.8807 11.8744 -0.00622397
236.843 -0.0242681 0.00834699 -11.881 11.8748 -0.00622117
236.854 -0.0242701 0.00834706 -11.8813 11.8751 -0.00621752
236.865 -0.0242724 0.00834644 -11.8816 11.8754 -0.00621406
236.876 -0.0242744 0.00834583 -11.8819 11.8757 -0.00621109
236.888 -0.0242763 0.00834492 -11.8822 11.876 -0.00620723
236.899 -0.0242784 0.00834434 -11.8824 11.8762 -0.00620374
236.91 -0.0242801 0.00834407 -11.8826 11.8764 -0.00620148
236.921 -0.024282 0.00834398 -11.8827 11.8765 -0.00619743
236.933 -0.0242851 0.00834423 -11.8828 11.8766 -0.00619359
236.944 -0.024288 0.00834408 -11.8829 11.8767 -0.00618878
236.955 -0.0242911 0.0083438 -11.883 11.8768 -0.00618292
236.966 -0.0242949 0.00834296 -11.883 11.8769 -0.00617659
236.978 -0.0242982 0.00834189 -11.8831 11.877 -0.00617111
236.989 -0.0243008 0.0083414 -11.8832 11.8771 -0.00616594
237 -0.0243029 0.00834185 -11.8834 11.8772 -0.00616226
237.011 -0.0243053 0.00834198 -11.8834 11.8773 -0.00615877
237.022 -0.024307 0.0083421 -11.8835 11.8773 -0.00615456
237.034 -0.0243094 0.00834229 -11.8835 11.8774 -0.00615059
237.045 -0.0243115 0.00834233 -11.8836 11.8774 -0.00614778
237.056 -0.024314 0.00834243 -11.8836 11.8774 -0.00614507
237.067 -0.0243162 0.00834197 -11.8835 11.8774 -0.00614198
237.079 -0.0243176 0.0083415 -11.8835 11.8774 -0.00613992
237.09 -0.024319 0.00834153 -11.8834 11.8773 -0.00613824
237.101 -0.0243193 0.00834093 -11.8833 11.8771 -0.00613621
237.112 -0.0243204 0.00834011 -11.883 11.8769 -0.0061332
237.124 -0.0243222 0.00833965 -11.8828 11.8767 -0.00612951
237.135 -0.0243254 0.0083399 -11.8825 11.8764 -0.00612321
237.146 -0.0243287 0.00834018 -11.8822 11.8761 -0.00611854
237.157 -0.0243317 0.00833984 -11.8819 11.8757 -0.00611241
237.169 -0.0243356 0.00834017 -11.8815 11.8754 -0.00610704
237.18 -0.0243381 0.00833959 -11.8812 11.8751 -0.00610194
237.191 -0.02434 0.00833881 -11.8808 11.8747 -0.00609655
237.202 -0.0243422 0.00833832 -11.8803 11.8742 -0.00609125
237.213 -0.0243444 0.00833689 -11.8799 11.8738 -0.00608729
237.225 -0.0243464 0.0083363 -11.8793 11.8732 -0.0060836
237.236 -0.0243482 0.00833518 -11.8787 11.8727 -0.00608071
237.247 -0.0243506 0.00833485 -11.8781 11.8721 -0.00607732
237.258 -0.0243526 0.00833418 -11.8775 11.8714 -0.00607462
237.27 -0.0243552 0.00833441 -11.8768 11.8707 -0.00607141
237.281 -0.024358 0.00833401 -11.876 11.8699 -0.00606791
237.292 -0.0243606 0.00833289 -11.8752 11.8691 -0.00606395
237.303 -0.0243629 0.00833219 -11.8743 11.8682 -0.00606039
237.315 -0.0243655 0.00833188 -11.8734 11.8673 -0.00605711
237.326 -0.0243686 0.0083303 -11.8724 11.8663 -0.00605262
237.337 -0.0243717 0.00832888 -11.8714 11.8653 -0.00604869
237.348 -0.0243745 0.00832852 -11.8703 11.8643 -0.00604542
237.36 -0.0243764 0.00832663 -11.8692 11.8632 -0.00604163
237.371 -0.0243792 0.00832504 -11.8681 11.8621 -0.00603889
237.382 -0.0243826 0.00832548 -11.867 11.8609 -0.00603442
237.393 -0.0243861 0.00832525 -11.8658 11.8597 -0.00603039
237.404 -0.0243895 0.00832586 -11.8645 11.8585 -0.00602724
237.416 -0.0243921 0.00832569 -11.8632 11.8572 -0.00602391
237.427 -0.0243941 0.00832501 -11.8619 11.8558 -0.00602065
237.438 -0.0243962 0.00832448 -11.8604 11.8544 -0.00601707
237.449 -0.0243992 0.00832478 -11.8589 11.8529 -0.0060129
237.461 -0.024402 0.00832381 -11.8573 11.8513 -0.00600834
237.472 -0.0244047 0.00832356 -11.8557 11.8497 -0.00600331
237.483 -0.0244066 0.0083234 -11.8541 11.8481 -0.00599864
237.494 -0.0244084 0.00832303 -11.8523 11.8463 -0.00599406
237.506 -0.0244112 0.00832225 -11.8505 11.8446 -0.00598943
237.517 -0.0244122 0.00832173 -11.8487 11.8427 -0.00598475
237.528 -0.0244132 0.00832061 -11.8468 11.8408 -0.00598071
237.539 -0.0244139 0.00832065 -11.8448 11.8388 -0.00597607
237.551 -0.0244156 0.00831935 -11.8428 11.8368 -0.00597091
237.562 -0.024417 0.00831895 -11.8407 11.8347 -0.00596502
237.573 -0.024418 0.0083184 -11.8385 11.8326 -0.00595922
237.584 -0.0244195 0.00831824 -11.8363 11.8304 -0.00595387
237.596 -0.0244195 0.00831813 -11.8341 11.8282 -0.00594953
237.607 -0.0244198 0.00831717 -11.8318 11.8258 -0.00594586
237.618 -0.0244207 0.00831698 -11.8294 11.8235 -0.00594402
237.629 -0.0244218 0.00831588 -11.827 11.821 -0.00594153
237.64 -0.0244231 0.00831485 -11.8244 11.8185 -0.00593877
237.652 -0.0244237 0.0083146 -11.8218 11.8159 -0.00593672
237.663 -0.0244238 0.0083135 -11.8191 11.8132 -0.0059351
237.674 -0.0244247 0.00831196 -11.8163 11.8104 -0.00593225
237.685 -0.024425 0.00831078 -11.8134 11.8075 -0.0059299
237.697 -0.0244266 0.00830951 -11.8104 11.8044 -0.00592552
237.708 -0.0244287 0.00830774 -11.8073 11.8014 -0.00592159
237.719 -0.024431 0.0083057 -11.8043 11.7983 -0.00591799
237.73 -0.0244328 0.0083038 -11.8011 11.7952 -0.00591276
237.742 -0.024434 0.00830267 -11.7979 11.792 -0.00590799
237.753 -0.0244358 0.00830272 -11.7947 11.7888 -0.00590424
237.764 -0.0244369 0.00830208 -11.7914 11.7855 -0.00590015
237.775 -0.0244377 0.00830169 -11.7881 11.7822 -0.00589624
237.787 -0.0244394 0.00830091 -11.7847 11.7788 -0.00589281
237.798 -0.0244393 0.00830076 -11.7812 11.7753 -0.00588938
237.809 -0.0244403 0.00829958 -11.7777 11.7718 -0.00588559
237.82 -0.0244411 0.00829883 -11.7742 11.7683 -0.00588138
237.831 -0.0244428 0.00829787 -11.7705 11.7647 -0.00587808
237.843 -0.0244442 0.00829731 -11.7669 11.761 -0.00587567
237.854 -0.024446 0.00829684 -11.7631 11.7572 -0.00587178
237.865 -0.0244467 0.00829767 -11.7592 11.7534 -0.0058683
237.876 -0.024448 0.00829786 -11.7553 11.7494 -0.00586517
237.888 -0.0244493 0.0082983 -11.7513 11.7454 -0.00586141
237.899 -0.0244505 0.00829902 -11.7472 11.7414 -0.00585645
237.91 -0.0244517 0.00829931 -11.7431 11.7372 -0.00585098
237.921 -0.0244531 0.00829984 -11.7389 11.733 -0.00584707
237.933 -0.0244538 0.00829916 -11.7346 11.7288 -0.00584242
237.944 -0.0244543 0.00829929 -11.7303 11.7245 -0.00583789
237.955 -0.0244559 0.00829901 -11.7259 11.7201 -0.00583338
237.966 -0.0244572 0.00829927 -11.7215 11.7157 -0.00582882
237.978 -0.0244587 0.00829945 -11.717 11.7112 -0.0058243
237.989 -0.0244605 0.00829894 -11.7125 11.7067 -0.00582002
238 -0.0244612 0.00829866 -11.708 11.7021 -0.00581506
238.011 -0.0244612 0.00829804 -11.7033 11.6975 -0.00581034
238.022 -0.0244618 0.00829835 -11.6986 11.6928 -0.00580648
238.034 -0.0244632 0.0082984 -11.6939 11.6881 -0.00580194
238.045 -0.024465 0.00829682 -11.6891 11.6833 -0.0057973
238.056 -0.0244676 0.00829558 -11.6843 11.6785 -0.00579166
238.067 -0.0244702 0.0082946 -11.6795 11.6737 -0.00578612
238.079 -0.0244715 0.00829369 -11.6746 11.6688 -0.00578046
238.09 -0.0244731 0.00829419 -11.6697 11.664 -0.00577631
238.101 -0.0244743 0.00829434 -11.6648 11.659 -0.00577136
238.112 -0.0244747 0.0082949 -11.6598 11.6541 -0.00576638
238.124 -0.0244753 0.00829526 -11.6548 11.6491 -0.00576251
238.135 -0.0244752 0.00829555 -11.6497 11.644 -0.00575778
238.146 -0.0244751 0.00829565 -11.6446 11.6389 -0.00575287
238.157 -0.0244757 0.00829574 -11.6395 11.6337 -0.00574832
238.169 -0.0244761 0.00829548 -11.6343 11.6285 -0.00574328
238.18 -0.0244763 0.00829543 -11.629 11.6233 -0.00573851
238.191 -0.0244765 0.00829552 -11.6237 11.618 -0.0057337
238.202 -0.0244767 0.0082949 -11.6184 11.6127 -0.0057288
238.213 -0.0244768 0.00829404 -11.6131 11.6073 -0.00572371
238.225 -0.024477 0.0082943 -11.6077 11.602 -0.00571923
238.236 -0.0244761 0.00829444 -11.6024 11.5967 -0.00571547
238.247 -0.0244752 0.00829378 -11.597 11.5913 -0.0057114
238.258 -0.0244748 0.00829355 -11.5916 11.5859 -0.00570773
238.27 -0.0244737 0.00829408 -11.5862 11.5805 -0.00570329
238.281 -0.0244734 0.00829268 -11.5807 11.575 -0.00569823
238.292 -0.0244728 0.00829113 -11.5752 11.5695 -0.00569361
238.303 -0.0244731 0.00828979 -11.5697 11.564 -0.00568828
238.315 -0.0244728 0.00828989 -11.5643 11.5586 -0.00568478
238.326 -0.0244722 0.00828984 -11.5588 11.5531 -0.00568104
238.337 -0.0244719 0.00828894 -11.5533 11.5476 -0.00567618
238.348 -0.0244718 0.00828853 -11.5479 11.5422 -0.00567123
238.36 -0.024472 0.00828741 -11.5424 11.5367 -0.00566624
238.371 -0.0244722 0.00828578 -11.537 11.5313 -0.00566093
238.382 -0.0244725 0.00828442 -11.5316 11.5259 -0.0056559
238.393 -0.024473 0.0082826 -11.5262 11.5205 -0.00564994
238.404 -0.024474 0.00828114 -11.5208 11.5152 -0.00564468
238.416 -0.0244738 0.00828016 -11.5154 11.5098 -0.00564077
238.427 -0.0244731 0.00827902 -11.5101 11.5044 -0.00563746
238.438 -0.0244729 0.00827828 -11.5047 11.4991 -0.00563439
238.449 -0.0244737 0.00827658 -11.4994 11.4937 -0.00563121
238.461 -0.0244749 0.00827542 -11.494 11.4884 -0.00562726
238.472 -0.0244761 0.00827401 -11.4887 11.4831 -0.00562351
238.483 -0.0244766 0.00827313 -11.4834 11.4778 -0.00562075
238.494 -0.0244757 0.00827265 -11.4782 11.4726 -0.00561869
238.506 -0.0244756 0.00827305 -11.4729 11.4673 -0.00561524
238.517 -0.0244759 0.00827297 -11.4677 11.4621 -0.00560975
238.528 -0.0244765 0.00827324 -11.4625 11.4569 -0.0056048
238.539 -0.024477 0.00827312 -11.4574 11.4518 -0.00559975
238.551 -0.024478 0.00827289 -11.4524 11.4468 -0.00559548
238.562 -0.0244792 0.00827318 -11.4473 11.4417 -0.00558961
238.573 -0.0244787 0.00827383 -11.4424 11.4368 -0.00558465
238.584 -0.0244795 0.00827487 -11.4374 11.4318 -0.00557853
238.596 -0.0244803 0.00827542 -11.4326 11.427 -0.00557264
238.607 -0.0244811 0.00827531 -11.4278 11.4222 -0.0055684
238.618 -0.0244817 0.00827515 -11.4231 11.4175 -0.0055631
238.629 -0.0244832 0.00827357 -11.4184 11.4129 -0.00555796
238.64 -0.0244846 0.00827265 -11.4138 11.4083 -0.00555441
238.652 -0.0244861 0.00827089 -11.4093 11.4038 -0.00554965
238.663 -0.024487 0.00826925 -11.4048 11.3993 -0.00554635
238.674 -0.0244876 0.00826804 -11.4003 11.3948 -0.00554383
238.685 -0.0244879 0.00826574 -11.3959 11.3903 -0.0055412
238.697 -0.0244884 0.00826358 -11.3914 11.3859 -0.00553906
238.708 -0.0244896 0.00826243 -11.3871 11.3815 -0.0055358
238.719 -0.0244913 0.00826097 -11.3827 11.3772 -0.0055331
238.73 -0.0244922 0.00825964 -11.3785 11.3729 -0.00552932
238.742 -0.0244935 0.00825777 -11.3743 11.3688 -0.00552479
238.753 -0.0244941 0.00825684 -11.3702 11.3646 -0.00552081
238.764 -0.0244936 0.00825624 -11.3661 11.3606 -0.00551746
238.775 -0.0244933 0.00825477 -11.3621 11.3566 -0.00551316
238.787 -0.0244936 0.00825351 -11.3582 11.3526 -0.00550836
238.798 -0.0244939 0.00825188 -11.3543 11.3488 -0.00550222
238.809 -0.0244944 0.00825017 -11.3506 11.3451 -0.00549571
238.82 -0.0244949 0.00824824 -11.3469 11.3415 -0.00548945
238.831 -0.0244953 0.00824603 -11.3434 11.3379 -0.00548311
238.843 -0.0244954 0.00824515 -11.3399 11.3344 -0.00547897
238.854 -0.0244957 0.00824459 -11.3365 11.331 -0.00547451
238.865 -0.0244963 0.00824357 -11.3331 11.3276 -0.00547062
238.876 -0.0244967 0.00824223 -11.3298 11.3243 -0.00546581
238.888 -0.0244976 0.00824056 -11.3265 11.3211 -0.00546086
238.899 -0.024498 0.00823889 -11.3234 11.3179 -0.00545618
238.91 -0.0244987 0.00823712 -11.3203 11.3148 -0.00545119
238.921 -0.0244986 0.00823473 -11.3172 11.3118 -0.00544616
238.933 -0.0244983 0.00823358 -11.3142 11.3088 -0.0054419
238.944 -0.0244992 0.00823312 -11.3113 11.3059 -0.00543724
238.955 -0.0244994 0.00823135 -11.3084 11.303 -0.00543333
238.966 -0.0245002 0.00822971 -11.3056 11.3002 -0.00542973
238.978 -0.0245012 0.00822845 -11.3028 11.2974 -0.00542622
238.989 -0.0245023 0.00822756 -11.3001 11.2947 -0.0054215
239 -0.0245039 0.00822698 -11.2975 11.2921 -0.00541718
239.011 -0.0245051 0.00822646 -11.2949 11.2895 -0.0054127
239.022 -0.0245053 0.00822548 -11.2924 11.287 -0.00540863
239.034 -0.0245051 0.00822419 -11.29 11.2846 -0.00540449
239.045 -0.0245049 0.00822317 -11.2876 11.2822 -0.00540036
239.056 -0.0245053 0.00822058 -11.2852 11.2798 -0.00539538
239.067 -0.0245056 0.00821852 -11.283 11.2776 -0.00539023
239.079 -0.0245064 0.00821734 -11.2807 11.2754 -0.00538575
239.09 -0.0245075 0.00821597 -11.2786 11.2732 -0.00538049
239.101 -0.0245089 0.00821458 -11.2765 11.2711 -0.00537508
239.112 -0.0245094 0.00821412 -11.2745 11.2691 -0.00537
239.124 -0.02451 0.00821334 -11.2725 11.2671 -0.00536542
239.135 -0.0245104 0.00821229 -11.2706 11.2652 -0.00536034
239.146 -0.0245112 0.00821141 -11.2687 11.2634 -0.00535551
239.157 -0.0245112 0.00820992 -11.2669 11.2615 -0.00535018
239.169 -0.0245112 0.00820899 -11.2651 11.2598 -0.00534599
239.18 -0.0245104 0.00820833 -11.2634 11.258 -0.00534179
239.191 -0.0245102 0.0082068 -11.2617 11.2563 -0.00533748
239.202 -0.0245104 0.0082058 -11.26 11.2547 -0.00533234
239.213 -0.0245107 0.00820484 -11.2584 11.2531 -0.0053264
239.225 -0.0245108 0.00820396 -11.2569 11.2516 -0.00532035
239.236 -0.0245105 0.00820313 -11.2554 11.2501 -0.0053144
239.247 -0.0245117 0.00820245 -11.254 11.2487 -0.00530945
239.258 -0.0245119 0.00820144 -11.2526 11.2473 -0.00530456
239.27 -0.0245121 0.0081995 -11.2512 11.2459 -0.00529922
239.281 -0.0245131 0.00819875 -11.25 11.2447 -0.00529526
239.292 -0.0245132 0.00819757 -11.2487 11.2434 -0.00528998
239.303 -0.0245129 0.00819705 -11.2474 11.2421 -0.005285
239.315 -0.0245127 0.00819542 -11.2462 11.2409 -0.00527983
239.326 -0.0245125 0.00819404 -11.245 11.2397 -0.00527451
239.337 -0.0245127 0.00819326 -11.2439 11.2386 -0.00526949
239.348 -0.0245125 0.00819209 -11.2428 11.2376 -0.00526467
239.36 -0.0245133 0.00819118 -11.2418 11.2365 -0.00525967
239.371 -0.0245128 0.00819049 -11.2408 11.2356 -0.00525418
239.382 -0.0245139 0.00818909 -11.2399 11.2347 -0.00524852
239.393 -0.0245146 0.00818809 -11.239 11.2338 -0.00524165
239.404 -0.0245144 0.00818685 -11.2382 11.233 -0.00523534
239.416 -0.0245134 0.0081856 -11.2374 11.2322 -0.00523013
239.427 -0.0245136 0.00818551 -11.2367 11.2315 -0.00522496
239.438 -0.024514 0.00818498 -11.236 11.2308 -0.00522013
239.449 -0.0245143 0.00818478 -11.2353 11.2301 -0.00521549
239.461 -0.0245153 0.00818367 -11.2347 11.2294 -0.00521063
239.472 -0.0245166 0.00818363 -11.234 11.2288 -0.00520558
239.483 -0.0245176 0.00818354 -11.2334 11.2282 -0.00520081
239.494 -0.0245181 0.0081832 -11.2329 11.2277 -0.00519513
239.506 -0.0245182 0.00818277 -11.2323 11.2272 -0.00518957
239.517 -0.0245179 0.00818169 -11.2318 11.2267 -0.00518312
239.528 -0.0245173 0.00818121 -11.2314 11.2262 -0.00517706
239.539 -0.0245168 0.00818088 -11.231 11.2258 -0.00517115
239.551 -0.0245161 0.00817969 -11.2306 11.2254 -0.00516501
239.562 -0.0245156 0.00817871 -11.2302 11.2251 -0.0051583
239.573 -0.0245143 0.00817794 -11.2299 11.2248 -0.00515333
239.584 -0.024514 0.00817611 -11.2296 11.2245 -0.00514753
239.596 -0.0245136 0.00817485 -11.2294 11.2242 -0.0051414
239.607 -0.0245136 0.00817442 -11.2292 11.224 -0.00513513
239.618 -0.0245136 0.00817368 -11.229 11.2238 -0.00512834
239.629 -0.0245144 0.00817276 -11.2288 11.2237 -0.00512154
239.64 -0.0245145 0.00817206 -11.2287 11.2236 -0.00511464
239.652 -0.0245148 0.00817134 -11.2287 11.2236 -0.00510848
239.663 -0.0245145 0.0081702 -11.2286 11.2235 -0.00510228
239.674 -0.0245147 0.00816949 -11.2286 11.2235 -0.00509505
239.685 -0.0245137 0.00816801 -11.2286 11.2235 -0.00508823
239.697 -0.0245128 0.00816632 -11.2286 11.2235 -0.00508129
239.708 -0.0245117 0.00816501 -11.2286 11.2236 -0.00507526
239.719 -0.0245112 0.0081636 -11.2287 11.2236 -0.00506871
239.73 -0.0245108 0.00816287 -11.2288 11.2237 -0.00506218
239.742 -0.0245106 0.00816177 -11.2289 11.2238 -0.00505564
239.753 -0.0245105 0.00816002 -11.229 11.224 -0.00504858
239.764 -0.0245109 0.00815831 -11.2292 11.2241 -0.00504209
239.775 -0.0245111 0.00815763 -11.2293 11.2243 -0.00503676
239.787 -0.0245115 0.00815703 -11.2295 11.2245 -0.00503174
239.798 -0.0245122 0.00815661 -11.2297 11.2247 -0.0050276
239.809 -0.024512 0.00815592 -11.2299 11.2249 -0.00502212
239.82 -0.0245118 0.00815519 -11.2301 11.2251 -0.00501592
239.831 -0.0245112 0.00815477 -11.2304 11.2254 -0.0050101
239.843 -0.0245106 0.00815363 -11.2307 11.2257 -0.00500246
239.854 -0.02451 0.00815206 -11.231 11.226 -0.00499499
239.865 -0.0245087 0.00815088 -11.2314 11.2264 -0.0049883
239.876 -0.0245074 0.00814944 -11.2318 11.2268 -0.0049823
239.888 -0.0245062 0.00814871 -11.2322 11.2272 -0.00497449
239.899 -0.024505 0.00814836 -11.2327 11.2277 -0.00496747
239.91 -0.0245038 0.00814746 -11.2332 11.2282 -0.00495945
239.921 -0.0245026 0.00814596 -11.2337 11.2287 -0.00495138
239.933 -0.0245021 0.00814488 -11.2342 11.2293 -0.00494438
239.944 -0.0245019 0.00814383 -11.2348 11.2298 -0.00493704
239.955 -0.0245016 0.00814257 -11.2354 11.2304 -0.00492872
239.966 -0.0245009 0.00814087 -11.236 11.231 -0.00492147
239.978 -0.0245009 0.00814006 -11.2366 11.2317 -0.00491447
239.989 -0.0245009 0.00813859 -11.2372 11.2323 -0.00490765
240 -0.0244996 0.00813733 -11.2379 11.233 -0.004902
240.011 -0.024499 0.00813683 -11.2385 11.2336 -0.00489599
240.022 -0.0244991 0.00813643 -11.2392 11.2343 -0.00488958
240.034 -0.0244996 0.00813589 -11.2399 11.235 -0.00488326
240.045 -0.0245002 0.00813518 -11.2406 11.2357 -0.00487837
240.056 -0.0245003 0.00813499 -11.2413 11.2364 -0.00487387
240.067 -0.0244999 0.00813473 -11.2419 11.2371 -0.00486807
240.079 -0.0244992 0.00813356 -11.2427 11.2378 -0.00486215
240.09 -0.0244987 0.00813239 -11.2434 11.2385 -0.00485552
240.101 -0.0244985 0.00813197 -11.2441 11.2393 -0.00484949
240.112 -0.0244979 0.00813189 -11.2449 11.2401 -0.00484344
240.124 -0.0244972 0.00813191 -11.2457 11.2409 -0.00483809
240.135 -0.0244966 0.00813264 -11.2465 11.2417 -0.00483231
240.146 -0.024496 0.0081332 -11.2473 11.2425 -0.00482608
240.157 -0.024496 0.00813386 -11.2482 11.2434 -0.00481996
240.169 -0.024495 0.00813385 -11.249 11.2442 -0.00481508
240.18 -0.0244945 0.00813292 -11.2499 11.245 -0.00480921
240.191 -0.0244942 0.0081322 -11.2507 11.2459 -0.0048027
240.202 -0.0244932 0.0081307 -11.2516 11.2468 -0.00479633
240.213 -0.0244933 0.00812942 -11.2525 11.2477 -0.00478997
240.225 -0.0244922 0.00812854 -11.2534 11.2486 -0.0047817
240.236 -0.0244916 0.00812688 -11.2543 11.2495 -0.00477436
240.247 -0.0244901 0.00812535 -11.2553 11.2505 -0.00476669
240.258 -0.0244883 0.00812401 -11.2563 11.2515 -0.00475977
240.27 -0.024487 0.00812273 -11.2573 11.2525 -0.00475297
240.281 -0.0244861 0.00812168 -11.2583 11.2536 -0.00474672
240.292 -0.0244859 0.00812106 -11.2593 11.2546 -0.00473999
240.303 -0.0244846 0.00812042 -11.2603 11.2556 -0.00473354
240.315 -0.0244836 0.00812065 -11.2613 11.2566 -0.00472735
240.326 -0.0244838 0.00812048 -11.2623 11.2576 -0.00472097
240.337 -0.0244836 0.00812004 -11.2634 11.2586 -0.004715
240.348 -0.0244833 0.0081198 -11.2644 11.2597 -0.00470935
240.36 -0.0244837 0.00812044 -11.2654 11.2607 -0.00470352
240.371 -0.0244842 0.00812068 -11.2664 11.2617 -0.00469869
240.382 -0.0244849 0.00812081 -11.2674 11.2627 -0.00469365
240.393 -0.024485 0.00812113 -11.2683 11.2636 -0.00468796
240.404 -0.0244849 0.00812111 -11.2693 11.2646 -0.00468185
240.416 -0.0244849 0.00812046 -11.2703 11.2656 -0.00467561
240.427 -0.0244849 0.0081192 -11.2713 11.2666 -0.00466895
240.438 -0.024485 0.00811816 -11.2722 11.2676 -0.00466217
240.449 -0.0244852 0.00811745 -11.2732 11.2686 -0.00465561
240.461 -0.0244856 0.0081163 -11.2742 11.2696 -0.00464924
240.472 -0.0244854 0.00811529 -11.2752 11.2706 -0.00464368
240.483 -0.0244851 0.00811543 -11.2762 11.2716 -0.00463807
240.494 -0.0244854 0.0081148 -11.2773 11.2726 -0.00463161
240.506 -0.0244854 0.00811399 -11.2783 11.2736 -0.00462511
240.517 -0.0244853 0.00811325 -11.2793 11.2747 -0.00462021
240.528 -0.024485 0.00811313 -11.2803 11.2757 -0.00461507
240.539 -0.0244839 0.00811364 -11.2813 11.2767 -0.00460882
240.551 -0.0244826 0.00811346 -11.2823 11.2777 -0.00460198
240.562 -0.0244815 0.0081133 -11.2833 11.2788 -0.00459536
240.573 -0.0244808 0.00811231 -11.2844 11.2798 -0.00458851
240.584 -0.0244797 0.00811094 -11.2854 11.2809 -0.00458238
240.596 -0.0244792 0.00810986 -11.2865 11.2819 -0.00457556
240.607 -0.0244778 0.0081091 -11.2875 11.283 -0.00456863
240.618 -0.0244769 0.00810793 -11.2886 11.284 -0.00456179
240.629 -0.0244761 0.00810772 -11.2897 11.2851 -0.00455507
240.64 -0.024476 0.00810778 -11.2908 11.2862 -0.00454847
240.652 -0.0244761 0.00810803 -11.2919 11.2874 -0.00454238
240.663 -0.0244759 0.00810786 -11.293 11.2885 -0.00453632
240.674 -0.0244763 0.0081082 -11.2941 11.2895 -0.00453117
240.685 -0.0244767 0.00810934 -11.2951 11.2906 -0.00452689
240.697 -0.0244768 0.00811039 -11.2962 11.2916 -0.00452075
240.708 -0.0244771 0.00811134 -11.2972 11.2927 -0.00451454
240.719 -0.024477 0.00811206 -11.2982 11.2937 -0.00450835
240.73 -0.0244772 0.00811332 -11.2992 11.2947 -0.0045017
240.742 -0.0244778 0.00811352 -11.3002 11.2957 -0.00449462
240.753 -0.0244775 0.00811388 -11.3013 11.2968 -0.00448742
240.764 -0.0244777 0.00811531 -11.3023 11.2978 -0.00448018
240.775 -0.0244771 0.00811568 -11.3033 11.2988 -0.00447322
240.787 -0.0244765 0.00811555 -11.3043 11.2999 -0.0044668
240.798 -0.024477 0.00811564 -11.3054 11.3009 -0.00445925
240.809 -0.024477 0.00811434 -11.3064 11.3019 -0.0044523
240.82 -0.0244774 0.00811309 -11.3074 11.303 -0.00444619
240.831 -0.0244783 0.00811095 -11.3085 11.304 -0.00443902
240.843 -0.0244782 0.00810971 -11.3095 11.3051 -0.00443209
240.854 -0.0244779 0.00810817 -11.3105 11.3061 -0.00442645
240.865 -0.0244786 0.00810799 -11.3116 11.3071 -0.00441983
240.876 -0.0244792 0.0081071 -11.3126 11.3082 -0.00441378
240.888 -0.0244794 0.00810524 -11.3136 11.3092 -0.00440856
240.899 -0.0244797 0.00810347 -11.3146 11.3102 -0.00440311
240.91 -0.0244809 0.00810237 -11.3156 11.3112 -0.00439831
240.921 -0.0244815 0.00810109 -11.3166 11.3122 -0.0043933
240.933 -0.0244818 0.00809999 -11.3175 11.3131 -0.00438703
240.944 -0.024482 0.00809906 -11.3185 11.3141 -0.00438191
240.955 -0.0244832 0.0080976 -11.3195 11.3151 -0.00437654
240.966 -0.0244843 0.00809652 -11.3204 11.316 -0.00437107
240.978 -0.0244844 0.00809571 -11.3214 11.317 -0.00436556
240.989 -0.0244848 0.00809445 -11.3224 11.318 -0.00435973
241 -0.0244859 0.00809312 -11.3233 11.319 -0.00435343
241.011 -0.0244865 0.00809182 -11.3243 11.3199 -0.00434721
241.022 -0.0244879 0.00808971 -11.3253 11.3209 -0.00434165
241.034 -0.0244892 0.00808761 -11.3262 11.3219 -0.0043351
241.045 -0.0244907 0.00808625 -11.3272 11.3228 -0.00432874
241.056 -0.0244919 0.0080848 -11.3281 11.3238 -0.00432227
241.067 -0.024493 0.00808335 -11.3291 11.3248 -0.00431587
241.079 -0.0244943 0.00808301 -11.33 11.3257 -0.00431033
241.09 -0.0244946 0.00808251 -11.331 11.3267 -0.00430445
241.101 -0.0244955 0.00808297 -11.3319 11.3276 -0.00429764
241.112 -0.0244971 0.0080823 -11.3329 11.3286 -0.00429173
241.124 -0.024499 0.00808201 -11.3338 11.3295 -0.00428605
241.135 -0.0245009 0.00808197 -11.3348 11.3305 -0.00428021
241.146 -0.0245024 0.00808196 -11.3357 11.3315 -0.00427425
241.157 -0.0245039 0.00808166 -11.3367 11.3324 -0.00426963
241.169 -0.0245048 0.00808215 -11.3376 11.3334 -0.00426484
241.18 -0.0245061 0.00808196 -11.3386 11.3343 -0.00425961
241.191 -0.0245076 0.00808212 -11.3395 11.3353 -0.00425492
241.202 -0.024509 0.0080806 -11.3404 11.3362 -0.00424968
241.213 -0.0245093 0.0080785 -11.3413 11.3371 -0.00424328
241.225 -0.0245096 0.00807705 -11.3423 11.3381 -0.00423731
241.236 -0.0245104 0.0080762 -11.3432 11.339 -0.00423195
241.247 -0.0245107 0.00807478 -11.3442 11.34 -0.00422566
241.258 -0.0245105 0.00807325 -11.3451 11.3409 -0.00421985
241.27 -0.0245097 0.00807171 -11.3461 11.3419 -0.00421383
241.281 -0.0245088 0.00807002 -11.347 11.3428 -0.00420787
241.292 -0.0245079 0.00806887 -11.348 11.3438 -0.00420323
241.303 -0.0245072 0.00806776 -11.3489 11.3447 -0.00419693
241.315 -0.024507 0.00806696 -11.3499 11.3457 -0.00419025
241.326 -0.0245074 0.00806623 -11.3508 11.3466 -0.00418455
241.337 -0.0245077 0.0080658 -11.3517 11.3476 -0.00417802
241.348 -0.0245087 0.00806498 -11.3527 11.3485 -0.00417189
241.36 -0.0245096 0.008064 -11.3536 11.3495 -0.00416606
241.371 -0.0245105 0.00806254 -11.3546 11.3504 -0.00415965
241.382 -0.0245105 0.00806095 -11.3555 11.3514 -0.00415311
241.393 -0.0245106 0.00805917 -11.3565 11.3524 -0.0041465
241.404 -0.0245097 0.00805743 -11.3575 11.3533 -0.00413928
241.416 -0.0245092 0.00805628 -11.3585 11.3543 -0.00413233
241.427 -0.0245081 0.0080547 -11.3595 11.3553 -0.00412561
241.438 -0.0245073 0.0080536 -11.3605 11.3564 -0.00411892
241.449 -0.0245066 0.00805213 -11.3615 11.3574 -0.00411373
241.461 -0.0245057 0.0080509 -11.3625 11.3584 -0.00410778
241.472 -0.0245051 0.00804937 -11.3636 11.3595 -0.00410143
241.483 -0.0245043 0.00804826 -11.3646 11.3605 -0.00409506
241.494 -0.024504 0.0080474 -11.3657 11.3616 -0.00408859
241.506 -0.024504 0.00804623 -11.3668 11.3627 -0.00408256
241.517 -0.024504 0.0080452 -11.3678 11.3638 -0.00407628
241.528 -0.0245041 0.00804435 -11.3689 11.3649 -0.00407009
241.539 -0.0245046 0.00804286 -11.37 11.366 -0.0040633
241.551 -0.0245045 0.00804134 -11.3712 11.3672 -0.00405717
241.562 -0.0245041 0.00803938 -11.3723 11.3683 -0.00405086
241.573 -0.0245041 0.00803787 -11.3735 11.3694 -0.00404411
241.584 -0.024504 0.00803615 -11.3747 11.3707 -0.00403749
241.596 -0.0245041 0.00803483 -11.3758 11.3718 -0.00403094
241.607 -0.0245041 0.00803386 -11.377 11.373 -0.00402444
241.618 -0.0245041 0.00803332 -11.3782 11.3742 -0.00401772
241.629 -0.0245046 0.00803316 -11.3794 11.3753 -0.00401102
241.64 -0.0245051 0.00803236 -11.3805 11.3765 -0.00400384
241.652 -0.0245063 0.00803095 -11.3817 11.3777 -0.00399635
241.663 -0.0245075 0.00803043 -11.383 11.379 -0.00398996
241.674 -0.0245083 0.00802872 -11.3842 11.3802 -0.00398246
241.685 -0.0245089 0.00802727 -11.3854 11.3814 -0.00397484
241.697 -0.0245095 0.00802589 -11.3866 11.3827 -0.00396762
241.708 -0.0245087 0.00802436 -11.3879 11.3839 -0.00395947
241.719 -0.024509 0.00802326 -11.3891 11.3852 -0.00395194
241.73 -0.0245084 0.00802265 -11.3904 11.3864 -0.00394542
241.742 -0.0245081 0.00802239 -11.3916 11.3877 -0.00393878
241.753 -0.0245075 0.00802285 -11.3928 11.3889 -0.00393154
241.764 -0.0245066 0.00802202 -11.3941 11.3901 -0.00392593
241.775 -0.0245067 0.0080208 -11.3953 11.3914 -0.00391893
241.787 -0.0245064 0.00802059 -11.3965 11.3926 -0.00391228
241.798 -0.0245067 0.00801946 -11.3977 11.3938 -0.0039052
241.809 -0.0245075 0.00801865 -11.3989 11.395 -0.00389807
241.82 -0.0245081 0.00801776 -11.4002 11.3963 -0.00389118
241.831 -0.0245086 0.00801655 -11.4014 11.3975 -0.0038833
241.843 -0.0245089 0.00801634 -11.4027 11.3988 -0.00387594
241.854 -0.0245089 0.00801496 -11.4039 11.4 -0.00386884
241.865 -0.0245092 0.00801393 -11.4052 11.4013 -0.00386187
241.876 -0.0245099 0.00801317 -11.4064 11.4026 -0.00385474
241.888 -0.0245107 0.00801183 -11.4077 11.4038 -0.00384821
241.899 -0.0245115 0.00801042 -11.409 11.4051 -0.00384137
241.91 -0.0245123 0.0080091 -11.4102 11.4064 -0.00383504
241.921 -0.0245133 0.00800806 -11.4115 11.4077 -0.0038289
241.933 -0.0245136 0.00800785 -11.4128 11.4089 -0.00382311
241.944 -0.0245136 0.00800679 -11.414 11.4102 -0.00381659
241.955 -0.0245136 0.00800574 -11.4152 11.4114 -0.00380987
241.966 -0.0245137 0.00800506 -11.4165 11.4127 -0.00380296
241.978 -0.0245134 0.0080043 -11.4177 11.4139 -0.00379715
241.989 -0.0245136 0.00800301 -11.419 11.4152 -0.00379124
242 -0.0245137 0.00800151 -11.4203 11.4165 -0.00378475
242.011 -0.0245137 0.00800047 -11.4216 11.4178 -0.00377788
242.022 -0.0245139 0.00799905 -11.4229 11.4191 -0.00377123
242.034 -0.024514 0.00799807 -11.4242 11.4204 -0.00376475
242.045 -0.0245137 0.00799789 -11.4255 11.4217 -0.00375858
242.056 -0.0245138 0.00799779 -11.4268 11.423 -0.00375296
242.067 -0.0245135 0.00799676 -11.428 11.4243 -0.0037468
242.079 -0.0245133 0.00799577 -11.4293 11.4256 -0.00374067
242.09 -0.0245126 0.00799483 -11.4306 11.4269 -0.00373539
242.101 -0.024512 0.00799431 -11.4319 11.4282 -0.00373
242.112 -0.024512 0.00799389 -11.4332 11.4294 -0.00372431
242.124 -0.0245115 0.00799373 -11.4344 11.4307 -0.00371856
242.135 -0.0245114 0.00799367 -11.4357 11.432 -0.00371251
242.146 -0.0245112 0.00799397 -11.437 11.4333 -0.00370646
242.157 -0.0245106 0.00799407 -11.4383 11.4346 -0.00370065
242.169 -0.0245101 0.00799409 -11.4396 11.4359 -0.00369406
242.18 -0.0245097 0.00799383 -11.4408 11.4371 -0.0036876
242.191 -0.0245094 0.00799357 -11.4421 11.4384 -0.00368125
242.202 -0.0245096 0.00799418 -11.4434 11.4397 -0.00367593
242.213 -0.0245088 0.00799423 -11.4447 11.441 -0.00366903
242.225 -0.0245086 0.00799388 -11.446 11.4423 -0.00366224
242.236 -0.0245077 0.00799354 -11.4473 11.4436 -0.00365596
242.247 -0.0245083 0.00799201 -11.4486 11.4449 -0.00365001
242.258 -0.0245082 0.00799087 -11.4499 11.4462 -0.00364488
242.27 -0.0245083 0.00798958 -11.4512 11.4475 -0.00363977
242.281 -0.0245077 0.00798802 -11.4524 11.4488 -0.00363396
242.292 -0.0245082 0.0079866 -11.4537 11.4501 -0.00362907
242.303 -0.0245087 0.00798525 -11.455 11.4513 -0.0036238
242.315 -0.0245089 0.00798317 -11.4562 11.4526 -0.00361698
242.326 -0.0245089 0.00798192 -11.4575 11.4539 -0.00361102
242.337 -0.024509 0.00798049 -11.4587 11.4551 -0.00360481
242.348 -0.0245082 0.00797966 -11.4599 11.4564 -0.0035975
242.36 -0.0245078 0.00797865 -11.4612 11.4576 -0.00359159
242.371 -0.0245074 0.00797779 -11.4625 11.4589 -0.00358598
242.382 -0.0245071 0.00797715 -11.4637 11.4602 -0.00357878
242.393 -0.0245067 0.00797628 -11.465 11.4614 -0.00357156
242.404 -0.0245066 0.0079758 -11.4663 11.4627 -0.0035652
242.416 -0.0245059 0.00797593 -11.4675 11.464 -0.00355847
242.427 -0.0245057 0.00797546 -11.4688 11.4652 -0.00355081
242.438 -0.0245051 0.00797571 -11.4701 11.4665 -0.00354376
242.449 -0.0245047 0.0079751 -11.4713 11.4678 -0.00353564
242.461 -0.0245042 0.00797443 -11.4726 11.4691 -0.0035291
242.472 -0.0245038 0.0079738 -11.4739 11.4703 -0.00352182
242.483 -0.0245033 0.00797323 -11.4751 11.4716 -0.00351452
242.494 -0.0245029 0.00797257 -11.4764 11.4729 -0.00350805
242.506 -0.0245033 0.00797169 -11.4776 11.4741 -0.00350238
242.517 -0.0245029 0.00797086 -11.4788 11.4753 -0.00349597
242.528 -0.0245026 0.00797014 -11.48 11.4766 -0.00348993
242.539 -0.0245022 0.00796971 -11.4812 11.4778 -0.00348393
242.551 -0.0245012 0.00796991 -11.4824 11.4789 -0.00347739
242.562 -0.0245001 0.00796939 -11.4836 11.4801 -0.00347066
242.573 -0.0244996 0.00796882 -11.4848 11.4813 -0.00346512
242.584 -0.0244991 0.00796825 -11.4859 11.4824 -0.00345832
242.596 -0.0244979 0.00796746 -11.487 11.4836 -0.00345231
242.607 -0.0244974 0.00796717 -11.4881 11.4847 -0.00344651
242.618 -0.0244972 0.00796714 -11.4892 11.4857 -0.00344033
242.629 -0.0244972 0.00796712 -11.4903 11.4869 -0.00343441
242.64 -0.0244969 0.0079665 -11.4913 11.4879 -0.00342884
242.652 -0.0244968 0.0079661 -11.4924 11.489 -0.00342285
242.663 -0.0244964 0.00796628 -11.4934 11.49 -0.00341692
242.674 -0.0244954 0.00796599 -11.4944 11.491 -0.00341078
242.685 -0.024496 0.00796543 -11.4955 11.492 -0.00340482
242.697 -0.024496 0.00796487 -11.4964 11.493 -0.00339887
242.708 -0.0244962 0.00796423 -11.4974 11.494 -0.00339261
242.719 -0.0244957 0.00796279 -11.4984 11.495 -0.00338613
242.73 -0.0244952 0.00796152 -11.4993 11.4959 -0.00337955
242.742 -0.024495 0.00796024 -11.5002 11.4968 -0.00337356
242.753 -0.0244944 0.00795878 -11.5011 11.4977 -0.00336755
242.764 -0.0244938 0.00795711 -11.502 11.4986 -0.00336127
242.775 -0.0244931 0.00795659 -11.5029 11.4995 -0.00335556
242.787 -0.0244932 0.00795512 -11.5037 11.5004 -0.00334968
242.798 -0.0244935 0.00795419 -11.5045 11.5012 -0.00334396
242.809 -0.0244937 0.00795345 -11.5054 11.5021 -0.00333828
242.82 -0.0244936 0.00795262 -11.5062 11.5029 -0.00333172
242.831 -0.024493 0.00795193 -11.507 11.5036 -0.00332532
242.843 -0.0244934 0.00795073 -11.5078 11.5045 -0.00331924
242.854 -0.024493 0.00795078 -11.5086 11.5053 -0.00331263
242.865 -0.0244927 0.00795064 -11.5094 11.5061 -0.00330647
242.876 -0.0244922 0.00795119 -11.5101 11.5068 -0.00330063
242.888 -0.0244923 0.00795165 -11.5109 11.5076 -0.00329335
242.899 -0.0244919 0.00795149 -11.5117 11.5084 -0.00328632
242.91 -0.0244919 0.00795132 -11.5125 11.5092 -0.00327928
242.921 -0.0244922 0.00795054 -11.5133 11.51 -0.00327314
242.933 -0.0244919 0.00794944 -11.5141 11.5108 -0.00326706
242.944 -0.0244918 0.00794967 -11.5149 11.5116 -0.0032616
242.955 -0.0244917 0.0079497 -11.5157 11.5124 -0.00325494
242.966 -0.0244918 0.00794919 -11.5165 11.5132 -0.00324816
242.978 -0.0244924 0.00794912 -11.5173 11.514 -0.00324354
242.989 -0.0244936 0.0079487 -11.5181 11.5148 -0.0032375
243 -0.0244948 0.00794777 -11.5189 11.5156 -0.00323099
243.011 -0.0244965 0.0079461 -11.5197 11.5165 -0.00322535
243.022 -0.0244984 0.00794532 -11.5205 11.5173 -0.0032182
243.034 -0.0244999 0.00794474 -11.5213 11.5181 -0.00321219
243.045 -0.0245018 0.00794447 -11.5222 11.519 -0.00320661
243.056 -0.0245029 0.00794338 -11.523 11.5198 -0.00320078
243.067 -0.0245039 0.00794251 -11.5239 11.5207 -0.00319397
243.079 -0.024504 0.00794185 -11.5247 11.5215 -0.00318755
243.09 -0.024505 0.00794139 -11.5256 11.5224 -0.0031813
243.101 -0.024505 0.00794195 -11.5265 11.5233 -0.00317412
243.112 -0.0245049 0.00794219 -11.5274 11.5242 -0.00316773
243.124 -0.0245049 0.00794289 -11.5283 11.5251 -0.0031608
243.135 -0.024505 0.00794317 -11.5292 11.526 -0.00315499
243.146 -0.024505 0.00794326 -11.5301 11.5269 -0.00314819
243.157 -0.0245053 0.00794206 -11.531 11.5279 -0.00314124
243.169 -0.0245061 0.00794202 -11.532 11.5288 -0.00313465
243.18 -0.0245065 0.00794205 -11.5329 11.5298 -0.00312784
243.191 -0.0245069 0.00794155 -11.5339 11.5308 -0.00312155
243.202 -0.0245077 0.00794141 -11.5349 11.5317 -0.00311529
243.213 -0.0245088 0.00794179 -11.5359 11.5328 -0.00310866
243.225 -0.0245099 0.00794258 -11.5369 11.5338 -0.00310272
243.236 -0.0245105 0.00794296 -11.5379 11.5348 -0.00309599
243.247 -0.0245116 0.00794298 -11.539 11.5359 -0.0030893
243.258 -0.0245126 0.00794327 -11.5401 11.537 -0.00308239
243.27 -0.0245138 0.00794321 -11.5412 11.5381 -0.00307527
243.281 -0.0245146 0.00794363 -11.5423 11.5392 -0.00306931
243.292 -0.0245151 0.00794375 -11.5434 11.5404 -0.00306207
243.303 -0.0245156 0.00794357 -11.5446 11.5415 -0.00305737
243.315 -0.0245159 0.00794426 -11.5457 11.5426 -0.00305302
243.326 -0.0245169 0.00794447 -11.5468 11.5438 -0.00304836
243.337 -0.0245178 0.00794385 -11.548 11.5449 -0.00304347
243.348 -0.024519 0.00794396 -11.5491 11.546 -0.00303886
243.36 -0.0245202 0.00794402 -11.5502 11.5472 -0.00303367
243.371 -0.0245214 0.00794406 -11.5513 11.5483 -0.00302867
243.382 -0.0245218 0.00794391 -11.5525 11.5495 -0.00302356
243.393 -0.0245222 0.00794351 -11.5536 11.5506 -0.00301788
243.404 -0.0245227 0.00794339 -11.5548 11.5518 -0.00301263
243.416 -0.0245229 0.00794392 -11.5559 11.5529 -0.00300777
243.427 -0.0245242 0.00794335 -11.5571 11.5541 -0.00300177
243.438 -0.0245257 0.00794354 -11.5583 11.5553 -0.00299674
243.449 -0.0245269 0.00794382 -11.5595 11.5565 -0.00299162
243.461 -0.0245291 0.00794482 -11.5607 11.5577 -0.00298544
243.472 -0.0245307 0.00794657 -11.5619 11.5589 -0.00297991
243.483 -0.0245323 0.00794724 -11.5631 11.5601 -0.00297389
243.494 -0.0245323 0.00794798 -11.5644 11.5614 -0.00296886
243.506 -0.0245327 0.00794841 -11.5656 11.5626 -0.00296451
243.517 -0.0245327 0.00794833 -11.5668 11.5639 -0.00296009
243.528 -0.0245336 0.00794927 -11.568 11.5651 -0.00295478
243.539 -0.0245352 0.00795001 -11.5693 11.5663 -0.0029511
243.551 -0.0245367 0.00794997 -11.5705 11.5676 -0.00294689
243.562 -0.0245381 0.00794966 -11.5718 11.5688 -0.00294211
243.573 -0.0245401 0.00794984 -11.5731 11.5701 -0.0029373
243.584 -0.0245417 0.00795082 -11.5743 11.5714 -0.00293217
243.596 -0.0245434 0.00795129 -11.5757 11.5727 -0.00292686
243.607 -0.0245452 0.00795172 -11.577 11.5741 -0.00292163
243.618 -0.0245477 0.00795285 -11.5783 11.5754 -0.00291605
243.629 -0.0245501 0.00795372 -11.5797 11.5768 -0.00291016
243.64 -0.0245524 0.00795531 -11.5811 11.5782 -0.00290376
243.652 -0.0245536 0.00795609 -11.5825 11.5796 -0.00289756
243.663 -0.0245546 0.00795604 -11.5839 11.5811 -0.00289148
243.674 -0.0245563 0.007956 -11.5854 11.5825 -0.0028857
243.685 -0.0245568 0.00795586 -11.5869 11.584 -0.0028796
243.697 -0.0245579 0.00795564 -11.5884 11.5855 -0.00287287
243.708 -0.0245593 0.00795493 -11.5899 11.5871 -0.00286647
243.719 -0.0245601 0.00795351 -11.5915 11.5886 -0.002861
243.73 -0.0245613 0.00795329 -11.593 11.5901 -0.00285372
243.742 -0.0245627 0.00795273 -11.5946 11.5917 -0.00284754
243.753 -0.0245635 0.00795227 -11.5962 11.5933 -0.00284196
243.764 -0.0245647 0.00795216 -11.5977 11.5949 -0.00283664
243.775 -0.0245654 0.00795154 -11.5993 11.5965 -0.00283132
243.787 -0.024566 0.00795085 -11.601 11.5981 -0.00282679
243.798 -0.024567 0.00795143 -11.6025 11.5997 -0.00282049
243.809 -0.0245679 0.00795181 -11.6042 11.6014 -0.00281504
243.82 -0.0245688 0.00795183 -11.6058 11.603 -0.0028106
243.831 -0.0245697 0.00795239 -11.6075 11.6047 -0.00280551
243.843 -0.0245708 0.00795247 -11.6092 11.6064 -0.00280033
243.854 -0.0245729 0.00795239 -11.6109 11.6081 -0.00279546
243.865 -0.0245745 0.0079523 -11.6125 11.6098 -0.00278992
243.876 -0.0245757 0.00795204 -11.6143 11.6115 -0.00278438
243.888 -0.0245783 0.00795205 -11.616 11.6132 -0.00278003
243.899 -0.0245801 0.00795126 -11.6178 11.615 -0.00277392
243.91 -0.0245822 0.0079508 -11.6195 11.6168 -0.00276887
243.921 -0.0245846 0.00794974 -11.6213 11.6186 -0.00276495
243.933 -0.024586 0.00794854 -11.6231 11.6203 -0.00276053
243.944 -0.0245876 0.00794775 -11.6249 11.6221 -0.00275607
243.955 -0.0245897 0.00794595 -11.6267 11.624 -0.00275206
243.966 -0.0245911 0.00794474 -11.6285 11.6258 -0.00274848
243.978 -0.0245925 0.0079437 -11.6304 11.6276 -0.0027449
243.989 -0.0245933 0.00794227 -11.6322 11.6294 -0.0027411
244 -0.0245944 0.00794078 -11.634 11.6313 -0.0027368
244.011 -0.0245953 0.00793997 -11.6359 11.6332 -0.00273258
244.022 -0.0245969 0.00793887 -11.6378 11.6351 -0.00272781
244.034 -0.0245986 0.00793842 -11.6397 11.637 -0.00272293
244.045 -0.0246009 0.00793809 -11.6416 11.6389 -0.00271856
244.056 -0.0246029 0.00793781 -11.6436 11.6408 -0.00271333
244.067 -0.0246054 0.00793786 -11.6455 11.6428 -0.00270766
244.079 -0.0246078 0.00793783 -11.6475 11.6448 -0.00270225
244.09 -0.0246096 0.00793769 -11.6496 11.6469 -0.00269694
244.101 -0.0246109 0.00793617 -11.6516 11.6489 -0.00269172
244.112 -0.0246115 0.00793562 -11.6537 11.651 -0.00268667
244.124 -0.024612 0.00793498 -11.6558 11.6531 -0.00268157
244.135 -0.0246134 0.0079345 -11.6579 11.6552 -0.00267687
244.146 -0.0246157 0.00793425 -11.66 11.6573 -0.00267198
244.157 -0.0246174 0.00793434 -11.6621 11.6595 -0.00266605
244.169 -0.0246187 0.00793477 -11.6643 11.6616 -0.00266118
244.18 -0.0246196 0.0079356 -11.6665 11.6638 -0.00265496
244.191 -0.0246205 0.00793594 -11.6688 11.6661 -0.00265014
244.202 -0.0246206 0.00793618 -11.671 11.6684 -0.0026447
244.213 -0.0246208 0.00793592 -11.6733 11.6707 -0.00263837
244.225 -0.0246214 0.00793574 -11.6757 11.673 -0.0026332
244.236 -0.0246219 0.00793519 -11.678 11.6754 -0.0026271
244.247 -0.0246223 0.00793402 -11.6804 11.6778 -0.00262166
244.258 -0.0246232 0.00793373 -11.6828 11.6802 -0.00261706
244.27 -0.0246244 0.00793399 -11.6853 11.6827 -0.00261083
244.281 -0.0246255 0.00793275 -11.6878 11.6852 -0.00260582
244.292 -0.0246266 0.00793194 -11.6904 11.6878 -0.00260133
244.303 -0.0246285 0.00793112 -11.6929 11.6903 -0.00259585
244.315 -0.0246303 0.00792925 -11.6955 11.6929 -0.00259089
244.326 -0.0246318 0.00792768 -11.6982 11.6956 -0.00258613
244.337 -0.024634 0.00792698 -11.7008 11.6982 -0.00258121
244.348 -0.0246358 0.00792574 -11.7035 11.7009 -0.00257632
244.36 -0.0246375 0.00792512 -11.7062 11.7036 -0.00257092
244.371 -0.0246391 0.00792522 -11.7089 11.7064 -0.00256497
244.382 -0.0246402 0.00792498 -11.7117 11.7091 -0.00255958
244.393 -0.0246413 0.00792488 -11.7145 11.712 -0.00255391
244.404 -0.0246424 0.00792486 -11.7174 11.7148 -0.00254844
244.416 -0.0246432 0.00792491 -11.7203 11.7177 -0.00254328
244.427 -0.0246439 0.00792499 -11.7232 11.7206 -0.00253872
244.438 -0.0246455 0.0079247 -11.7261 11.7235 -0.00253406
244.449 -0.0246467 0.00792487 -11.729 11.7265 -0.00253043
244.461 -0.0246478 0.00792392 -11.732 11.7295 -0.00252695
244.472 -0.0246488 0.00792302 -11.735 11.7324 -0.0025235
244.483 -0.0246505 0.00792223 -11.7379 11.7354 -0.00252063
244.494 -0.0246519 0.00792209 -11.7409 11.7384 -0.00251791
244.506 -0.0246533 0.00792203 -11.7439 11.7414 -0.00251424
244.517 -0.0246541 0.00792167 -11.7469 11.7444 -0.00251057
244.528 -0.0246552 0.00792124 -11.7499 11.7474 -0.00250779
244.539 -0.0246561 0.00792041 -11.753 11.7505 -0.00250452
244.551 -0.0246569 0.00791986 -11.756 11.7535 -0.00250093
244.562 -0.0246584 0.00791904 -11.7591 11.7566 -0.00249752
244.573 -0.0246601 0.00791723 -11.7622 11.7597 -0.0024942
244.584 -0.0246619 0.00791619 -11.7653 11.7628 -0.00249051
244.596 -0.0246635 0.00791562 -11.7684 11.7659 -0.0024875
244.607 -0.0246648 0.00791424 -11.7715 11.769 -0.00248311
244.618 -0.0246663 0.00791306 -11.7747 11.7722 -0.00247896
244.629 -0.0246676 0.00791208 -11.7779 11.7754 -0.00247552
244.64 -0.0246686 0.00791143 -11.7811 11.7786 -0.0024718
244.652 -0.0246691 0.00790985 -11.7843 11.7819 -0.00246862
244.663 -0.0246702 0.00790825 -11.7876 11.7851 -0.00246497
244.674 -0.0246715 0.00790703 -11.7909 11.7884 -0.0024607
244.685 -0.0246721 0.00790541 -11.7942 11.7917 -0.00245715
244.697 -0.0246729 0.00790487 -11.7976 11.7951 -0.00245256
244.708 -0.0246746 0.00790402 -11.8009 11.7985 -0.00244802
244.719 -0.0246765 0.00790322 -11.8043 11.8019 -0.00244388
244.73 -0.0246777 0.00790226 -11.8078 11.8053 -0.00243952
244.742 -0.0246792 0.00790138 -11.8112 11.8088 -0.0024348
244.753 -0.0246812 0.00790128 -11.8148 11.8123 -0.00243087
244.764 -0.0246825 0.00790101 -11.8183 11.8159 -0.00242678
244.775 -0.0246837 0.00790044 -11.8218 11.8194 -0.0024231
244.787 -0.0246843 0.00790018 -11.8254 11.823 -0.0024197
244.798 -0.0246852 0.00789944 -11.829 11.8266 -0.00241563
244.809 -0.0246858 0.00789953 -11.8327 11.8302 -0.00241124
244.82 -0.0246864 0.00789905 -11.8363 11.8339 -0.00240777
244.831 -0.0246869 0.00789906 -11.84 11.8376 -0.00240396
244.843 -0.0246876 0.00789848 -11.8437 11.8413 -0.00240074
244.854 -0.0246892 0.00789845 -11.8475 11.8451 -0.00239774
244.865 -0.02469 0.00789876 -11.8512 11.8489 -0.00239384
244.876 -0.0246908 0.00789905 -11.855 11.8526 -0.00239036
244.888 -0.0246913 0.00789925 -11.8588 11.8564 -0.00238707
244.899 -0.0246917 0.00789889 -11.8627 11.8603 -0.00238404
244.91 -0.0246926 0.00789781 -11.8665 11.8641 -0.00238071
244.921 -0.0246932 0.00789673 -11.8704 11.868 -0.0023772
244.933 -0.0246933 0.00789525 -11.8743 11.8719 -0.00237381
244.944 -0.0246938 0.00789437 -11.8782 11.8758 -0.00236972
244.955 -0.0246943 0.00789359 -11.8822 11.8798 -0.00236611
244.966 -0.0246949 0.00789287 -11.8862 11.8838 -0.00236297
244.978 -0.0246955 0.0078922 -11.8902 11.8878 -0.00235939
244.989 -0.0246959 0.00789108 -11.8942 11.8919 -0.0023551
245 -0.0246958 0.00788982 -11.8983 11.8959 -0.00235056
245.011 -0.0246963 0.00788966 -11.9024 11.9 -0.0023466
245.022 -0.024697 0.00788914 -11.9065 11.9042 -0.00234274
245.034 -0.0246969 0.00788904 -11.9107 11.9083 -0.00233899
245.045 -0.0246968 0.00788813 -11.9149 11.9125 -0.00233469
245.056 -0.0246972 0.00788736 -11.9191 11.9168 -0.00233043
245.067 -0.0246977 0.0078866 -11.9234 11.9211 -0.00232632
245.079 -0.0246982 0.00788569 -11.9277 11.9254 -0.0023223
245.09 -0.0246987 0.00788411 -11.932 11.9297 -0.00231867
245.101 -0.0246989 0.00788349 -11.9364 11.9341 -0.00231468
245.112 -0.0246994 0.00788322 -11.9408 11.9385 -0.00231041
245.124 -0.0247001 0.00788313 -11.9452 11.9429 -0.00230543
245.135 -0.024701 0.00788213 -11.9497 11.9474 -0.00230083
245.146 -0.0247011 0.00788098 -11.9542 11.9519 -0.00229609
245.157 -0.0247018 0.00787921 -11.9587 11.9564 -0.00229202
245.169 -0.0247025 0.00787708 -11.9633 11.961 -0.00228803
245.18 -0.0247037 0.00787521 -11.9679 11.9656 -0.00228413
245.191 -0.0247047 0.00787301 -11.9725 11.9702 -0.00228065
245.202 -0.0247057 0.0078713 -11.9772 11.9749 -0.0022762
245.213 -0.0247077 0.00786929 -11.9819 11.9796 -0.00227201
245.225 -0.024709 0.00786662 -11.9866 11.9843 -0.00226736
245.236 -0.0247104 0.00786486 -11.9913 11.989 -0.00226285
245.247 -0.0247119 0.00786293 -11.9961 11.9938 -0.00225759
245.258 -0.0247134 0.00786161 -12.0009 11.9986 -0.00225291
245.27 -0.0247142 0.00785922 -12.0057 12.0034 -0.002248
245.281 -0.0247159 0.0078575 -12.0105 12.0082 -0.00224276
245.292 -0.0247169 0.00785541 -12.0153 12.0131 -0.00223734
245.303 -0.0247186 0.00785405 -12.0202 12.018 -0.00223248
245.315 -0.0247197 0.00785194 -12.0251 12.0229 -0.00222812
245.326 -0.0247211 0.00785026 -12.03 12.0278 -0.00222355
245.337 -0.0247225 0.00784846 -12.035 12.0327 -0.00221907
245.348 -0.0247245 0.00784707 -12.0399 12.0377 -0.00221406
245.36 -0.0247265 0.00784588 -12.0449 12.0427 -0.00220916
245.371 -0.0247286 0.00784508 -12.0499 12.0477 -0.00220435
245.382 -0.0247305 0.00784351 -12.0549 12.0527 -0.00220049
245.393 -0.0247323 0.0078429 -12.0599 12.0577 -0.00219646
245.404 -0.0247342 0.00784222 -12.0649 12.0627 -0.0021918
245.416 -0.0247356 0.0078415 -12.07 12.0678 -0.00218712
245.427 -0.0247374 0.00784074 -12.075 12.0728 -0.00218313
245.438 -0.0247384 0.00783988 -12.0801 12.0779 -0.00217883
245.449 -0.0247393 0.00784006 -12.0852 12.083 -0.00217279
245.461 -0.0247402 0.00783983 -12.0903 12.0881 -0.00216732
245.472 -0.0247419 0.00783914 -12.0954 12.0932 -0.00216257
245.483 -0.024744 0.00783819 -12.1005 12.0983 -0.00215745
245.494 -0.0247452 0.00783864 -12.1056 12.1034 -0.00215239
245.506 -0.0247468 0.00783846 -12.1107 12.1086 -0.00214756
245.517 -0.0247485 0.00783819 -12.1158 12.1137 -0.0021423
245.528 -0.0247501 0.00783802 -12.1209 12.1188 -0.00213852
245.539 -0.0247523 0.00783777 -12.126 12.1239 -0.00213452
245.551 -0.0247548 0.00783719 -12.1311 12.129 -0.0021308
245.562 -0.0247558 0.0078374 -12.1363 12.1341 -0.00212711
245.573 -0.0247579 0.00783656 -12.1414 12.1392 -0.0021238
245.584 -0.0247604 0.00783563 -12.1465 12.1443 -0.00211842
245.596 -0.0247623 0.0078352 -12.1516 12.1495 -0.00211402
245.607 -0.0247643 0.00783431 -12.1567 12.1546 -0.00211037
245.618 -0.024767 0.00783318 -12.1618 12.1597 -0.00210547
245.629 -0.0247691 0.00783199 -12.1669 12.1648 -0.00210103
245.64 -0.0247706 0.00783161 -12.1721 12.17 -0.00209722
245.652 -0.0247726 0.00783184 -12.1771 12.1751 -0.00209197
245.663 -0.0247752 0.00783192 -12.1823 12.1802 -0.00208708
245.674 -0.0247773 0.00783124 -12.1874 12.1853 -0.00208221
245.685 -0.0247787 0.00783081 -12.1925 12.1904 -0.002077
245.697 -0.0247805 0.00783002 -12.1976 12.1955 -0.00207152
245.708 -0.0247819 0.00783003 -12.2027 12.2007 -0.00206697
245.719 -0.0247833 0.00783025 -12.2079 12.2058 -0.00206234
245.73 -0.0247851 0.0078295 -12.213 12.211 -0.00205779
245.742 -0.0247866 0.00782848 -12.2182 12.2161 -0.0020538
245.753 -0.0247878 0.0078283 -12.2233 12.2213 -0.00204931
245.764 -0.0247898 0.00782813 -12.2285 12.2264 -0.00204547
245.775 -0.0247915 0.00782797 -12.2336 12.2316 -0.00204148
245.787 -0.0247932 0.00782705 -12.2387 12.2367 -0.00203769
245.798 -0.0247944 0.00782607 -12.2438 12.2418 -0.00203359
245.809 -0.0247948 0.00782576 -12.2489 12.2469 -0.00202905
245.82 -0.0247956 0.00782596 -12.254 12.252 -0.00202449
245.831 -0.0247967 0.00782615 -12.2591 12.2571 -0.00202028
245.843 -0.0247976 0.0078263 -12.2642 12.2622 -0.00201678
245.854 -0.024799 0.00782575 -12.2692 12.2672 -0.00201344
245.865 -0.0247998 0.0078248 -12.2743 12.2722 -0.00200963
245.876 -0.0248014 0.00782379 -12.2793 12.2773 -0.00200633
245.888 -0.0248031 0.00782312 -12.2843 12.2823 -0.0020023
245.899 -0.0248042 0.00782239 -12.2894 12.2874 -0.00199848
245.91 -0.0248059 0.00782144 -12.2944 12.2924 -0.00199563
245.921 -0.0248075 0.00782 -12.2994 12.2975 -0.00199186
245.933 -0.0248093 0.00781922 -12.3044 12.3025 -0.00198808
245.944 -0.0248102 0.00781833 -12.3095 12.3075 -0.00198431
245.955 -0.0248111 0.00781737 -12.3145 12.3125 -0.00197973
245.966 -0.0248113 0.00781601 -12.3195 12.3175 -0.00197475
245.978 -0.0248124 0.00781507 -12.3245 12.3225 -0.00197046
245.989 -0.0248127 0.00781329 -12.3295 12.3275 -0.00196603
246 -0.0248132 0.0078118 -12.3345 12.3325 -0.00196201
246.011 -0.0248144 0.00781006 -12.3395 12.3375 -0.00195843
246.022 -0.0248154 0.00780796 -12.3444 12.3425 -0.00195431
246.034 -0.0248172 0.00780538 -12.3494 12.3475 -0.0019496
246.045 -0.0248181 0.00780397 -12.3544 12.3525 -0.00194543
246.056 -0.0248191 0.00780308 -12.3594 12.3575 -0.00194091
246.067 -0.0248205 0.00780264 -12.3644 12.3625 -0.00193535
246.079 -0.0248217 0.00780182 -12.3694 12.3675 -0.00193059
246.09 -0.0248235 0.0078011 -12.3744 12.3725 -0.00192485
246.101 -0.0248239 0.00780063 -12.3794 12.3775 -0.00191931
246.112 -0.0248249 0.00779993 -12.3844 12.3825 -0.00191436
246.124 -0.0248261 0.00779909 -12.3894 12.3875 -0.00190987
246.135 -0.0248275 0.00779808 -12.3943 12.3924 -0.00190639
246.146 -0.0248284 0.00779797 -12.3993 12.3974 -0.00190293
246.157 -0.0248294 0.00779777 -12.4042 12.4023 -0.00189903
246.169 -0.0248296 0.00779715 -12.4091 12.4072 -0.00189457
246.18 -0.0248306 0.00779623 -12.414 12.4121 -0.00189089
246.191 -0.0248306 0.00779652 -12.4189 12.417 -0.0018874
246.202 -0.0248306 0.00779656 -12.4237 12.4218 -0.00188311
246.213 -0.0248315 0.00779649 -12.4286 12.4267 -0.00187942
246.225 -0.0248324 0.00779579 -12.4333 12.4315 -0.0018754
246.236 -0.0248335 0.00779552 -12.4382 12.4363 -0.00187136
246.247 -0.0248341 0.00779492 -12.443 12.4411 -0.00186809
246.258 -0.0248351 0.00779417 -12.4478 12.4459 -0.00186412
246.27 -0.0248365 0.00779317 -12.4526 12.4507 -0.00185981
246.281 -0.0248364 0.00779191 -12.4574 12.4555 -0.00185508
246.292 -0.0248363 0.0077905 -12.4621 12.4603 -0.00185156
246.303 -0.0248362 0.00778966 -12.4669 12.4651 -0.00184672
246.315 -0.0248373 0.0077888 -12.4717 12.4698 -0.0018421
246.326 -0.0248387 0.00778749 -12.4764 12.4746 -0.00183811
246.337 -0.02484 0.00778616 -12.4812 12.4793 -0.00183408
246.348 -0.0248418 0.00778475 -12.4859 12.4841 -0.00182942
246.36 -0.0248438 0.00778336 -12.4906 12.4888 -0.00182577
246.371 -0.0248459 0.00778199 -12.4953 12.4935 -0.00182183
246.382 -0.0248481 0.00778078 -12.5 12.4982 -0.00181774
246.393 -0.02485 0.00777887 -12.5047 12.5029 -0.00181363
246.404 -0.0248522 0.00777733 -12.5093 12.5075 -0.00180931
246.416 -0.0248539 0.00777576 -12.514 12.5122 -0.00180566
246.427 -0.0248539 0.007775 -12.5186 12.5168 -0.00180207
246.438 -0.0248538 0.00777414 -12.5232 12.5214 -0.00179854
246.449 -0.0248547 0.00777311 -12.5278 12.526 -0.00179549
246.461 -0.0248567 0.00777186 -12.5323 12.5305 -0.00179104
246.472 -0.0248578 0.00777136 -12.5368 12.535 -0.001787
246.483 -0.0248589 0.00777099 -12.5413 12.5395 -0.001783
246.494 -0.0248608 0.00777041 -12.5458 12.544 -0.00177858
246.506 -0.0248622 0.00776925 -12.5502 12.5484 -0.0017741
246.517 -0.0248633 0.00776819 -12.5546 12.5529 -0.00177011
246.528 -0.0248647 0.00776716 -12.559 12.5573 -0.00176534
246.539 -0.0248656 0.00776666 -12.5634 12.5617 -0.00176074
246.551 -0.024867 0.00776654 -12.5678 12.5661 -0.00175677
246.562 -0.0248694 0.00776625 -12.5721 12.5704 -0.00175121
246.573 -0.0248701 0.00776564 -12.5765 12.5747 -0.00174667
246.584 -0.0248714 0.00776578 -12.5808 12.579 -0.00174421
246.596 -0.0248724 0.0077653 -12.585 12.5833 -0.00174043
246.607 -0.0248733 0.00776522 -12.5893 12.5875 -0.00173702
246.618 -0.0248747 0.00776406 -12.5935 12.5918 -0.00173357
246.629 -0.0248749 0.00776336 -12.5977 12.5959 -0.00172945
246.64 -0.0248752 0.00776184 -12.6018 12.6001 -0.00172501
246.652 -0.0248754 0.00776067 -12.606 12.6043 -0.00172131
246.663 -0.024875 0.00775953 -12.6101 12.6084 -0.00171717
246.674 -0.0248747 0.00775838 -12.6142 12.6125 -0.00171308
246.685 -0.0248748 0.00775746 -12.6183 12.6166 -0.00170943
246.697 -0.0248759 0.00775517 -12.6223 12.6206 -0.00170512
246.708 -0.0248763 0.00775275 -12.6264 12.6247 -0.00170044
246.719 -0.0248779 0.00775064 -12.6304 12.6287 -0.00169661
246.73 -0.0248791 0.00774872 -12.6344 12.6327 -0.00169188
246.742 -0.0248803 0.00774747 -12.6384 12.6367 -0.0016867
246.753 -0.024881 0.00774655 -12.6423 12.6407 -0.00168291
246.764 -0.0248818 0.00774512 -12.6463 12.6446 -0.00167814
246.775 -0.0248824 0.00774372 -12.6502 12.6485 -0.00167287
246.787 -0.0248833 0.0077422 -12.6541 12.6524 -0.00166728
246.798 -0.0248848 0.0077414 -12.6579 12.6562 -0.00166222
246.809 -0.0248858 0.00774035 -12.6617 12.6601 -0.0016576
246.82 -0.0248863 0.00773934 -12.6655 12.6639 -0.00165352
246.831 -0.0248875 0.00773906 -12.6693 12.6676 -0.00164844
246.843 -0.0248882 0.00773873 -12.673 12.6714 -0.00164384
246.854 -0.0248898 0.00773789 -12.6767 12.675 -0.00163957
246.865 -0.0248901 0.00773731 -12.6803 12.6787 -0.00163554
246.876 -0.0248904 0.00773659 -12.6839 12.6823 -0.00163061
246.888 -0.0248909 0.00773642 -12.6875 12.6859 -0.00162694
246.899 -0.024892 0.00773575 -12.691 12.6894 -0.00162323
246.91 -0.024893 0.00773485 -12.6944 12.6928 -0.00161851
246.921 -0.0248941 0.00773411 -12.6979 12.6962 -0.00161382
246.933 -0.0248949 0.00773262 -12.7012 12.6996 -0.00160967
246.944 -0.024896 0.0077321 -12.7045 12.7029 -0.00160546
246.955 -0.0248969 0.00773132 -12.7078 12.7062 -0.00160106
246.966 -0.0248981 0.00773049 -12.711 12.7094 -0.00159783
246.978 -0.0248992 0.00772991 -12.7142 12.7126 -0.00159335
246.989 -0.0248997 0.00772902 -12.7173 12.7157 -0.00158929
247 -0.0249001 0.00772759 -12.7204 12.7188 -0.00158565
247.011 -0.024901 0.0077262 -12.7234 12.7218 -0.00158223
247.022 -0.0249021 0.00772457 -12.7264 12.7248 -0.00157858
247.034 -0.0249028 0.00772339 -12.7292 12.7277 -0.00157394
247.045 -0.024903 0.00772189 -12.7321 12.7305 -0.00157019
247.056 -0.0249039 0.00772108 -12.7349 12.7333 -0.00156575
247.067 -0.0249044 0.00772048 -12.7376 12.7361 -0.00156111
247.079 -0.0249059 0.00771977 -12.7403 12.7388 -0.00155656
247.09 -0.0249078 0.00771914 -12.743 12.7414 -0.001552
247.101 -0.0249089 0.00771852 -12.7456 12.744 -0.00154905
247.112 -0.0249109 0.00771796 -12.7481 12.7466 -0.00154658
247.124 -0.0249126 0.00771732 -12.7506 12.749 -0.00154273
247.135 -0.0249142 0.00771636 -12.753 12.7514 -0.00153865
247.146 -0.0249157 0.00771543 -12.7553 12.7538 -0.00153388
247.157 -0.0249174 0.00771412 -12.7576 12.7561 -0.00153039
247.169 -0.0249181 0.00771317 -12.7598 12.7583 -0.00152707
247.18 -0.0249194 0.00771205 -12.7619 12.7604 -0.00152307
247.191 -0.0249205 0.00771142 -12.7641 12.7625 -0.00151989
247.202 -0.0249219 0.00771054 -12.7661 12.7646 -0.00151599
247.213 -0.0249231 0.00771023 -12.7681 12.7666 -0.00151247
247.225 -0.0249249 0.0077095 -12.77 12.7685 -0.0015088
247.236 -0.0249263 0.00770834 -12.7719 12.7704 -0.00150544
247.247 -0.0249272 0.00770677 -12.7737 12.7722 -0.00150202
247.258 -0.0249284 0.00770589 -12.7755 12.774 -0.00149924
247.27 -0.0249298 0.00770508 -12.7773 12.7758 -0.00149613
247.281 -0.0249302 0.00770493 -12.7789 12.7774 -0.00149227
247.292 -0.0249308 0.00770439 -12.7806 12.7791 -0.00148859
247.303 -0.0249316 0.00770367 -12.7821 12.7806 -0.00148532
247.315 -0.0249319 0.00770293 -12.7836 12.7822 -0.00148172
247.326 -0.0249328 0.00770279 -12.7851 12.7836 -0.00147855
247.337 -0.0249336 0.00770272 -12.7865 12.7851 -0.00147405
247.348 -0.0249351 0.00770249 -12.7879 12.7864 -0.00146903
247.36 -0.0249355 0.00770267 -12.7892 12.7878 -0.001465
247.371 -0.0249361 0.00770123 -12.7905 12.7891 -0.00146092
247.382 -0.0249372 0.00770042 -12.7918 12.7903 -0.00145702
247.393 -0.0249386 0.00769891 -12.793 12.7915 -0.00145274
247.404 -0.0249401 0.00769806 -12.7941 12.7927 -0.00144811
247.416 -0.0249412 0.00769692 -12.7952 12.7938 -0.00144429
247.427 -0.0249425 0.00769619 -12.7963 12.7948 -0.00144129
247.438 -0.0249435 0.00769499 -12.7973 12.7959 -0.00143673
247.449 -0.0249442 0.00769319 -12.7983 12.7968 -0.00143234
247.461 -0.024945 0.00769111 -12.7992 12.7978 -0.00142909
247.472 -0.0249456 0.00768972 -12.8001 12.7987 -0.00142505
247.483 -0.0249457 0.00768927 -12.8009 12.7995 -0.00142216
247.494 -0.0249464 0.00768853 -12.8017 12.8003 -0.00141854
247.506 -0.0249476 0.0076873 -12.8025 12.801 -0.00141487
247.517 -0.0249477 0.00768662 -12.8031 12.8017 -0.00141192
247.528 -0.0249486 0.00768675 -12.8038 12.8024 -0.00140936
247.539 -0.0249495 0.00768629 -12.8044 12.803 -0.00140647
247.551 -0.0249501 0.00768526 -12.8049 12.8035 -0.00140327
247.562 -0.0249515 0.00768357 -12.8054 12.804 -0.00139924
247.573 -0.0249518 0.00768208 -12.8058 12.8045 -0.00139449
247.584 -0.0249527 0.00768104 -12.8063 12.8049 -0.00139029
247.596 -0.0249529 0.0076801 -12.8066 12.8052 -0.0013871
247.607 -0.0249535 0.00767867 -12.8069 12.8056 -0.00138341
247.618 -0.024954 0.00767749 -12.8072 12.8058 -0.00138044
247.629 -0.0249556 0.0076757 -12.8074 12.8061 -0.00137784
247.64 -0.0249566 0.00767365 -12.8076 12.8063 -0.00137436
247.652 -0.0249581 0.00767117 -12.8078 12.8064 -0.00137067
247.663 -0.0249603 0.00766855 -12.8079 12.8066 -0.00136749
247.674 -0.024962 0.00766604 -12.808 12.8067 -0.00136358
247.685 -0.0249638 0.00766361 -12.8081 12.8067 -0.00135923
247.697 -0.0249657 0.00766138 -12.8081 12.8067 -0.00135548
247.708 -0.0249676 0.00766022 -12.8081 12.8067 -0.0013517
247.719 -0.024969 0.00765817 -12.808 12.8066 -0.00134777
247.73 -0.0249709 0.0076573 -12.8079 12.8065 -0.00134416
247.742 -0.0249723 0.00765573 -12.8077 12.8063 -0.00134076
247.753 -0.0249734 0.00765393 -12.8075 12.8061 -0.00133739
247.764 -0.024975 0.00765206 -12.8072 12.8058 -0.00133465
247.775 -0.0249767 0.00765059 -12.8068 12.8055 -0.00133023
247.787 -0.0249787 0.0076504 -12.8064 12.8051 -0.00132677
247.798 -0.0249806 0.00764889 -12.8059 12.8046 -0.0013232
247.809 -0.0249826 0.00764687 -12.8054 12.8041 -0.00131952
247.82 -0.0249849 0.00764609 -12.8048 12.8035 -0.00131574
247.831 -0.024987 0.00764492 -12.8042 12.8029 -0.00131237
247.843 -0.0249887 0.00764419 -12.8036 12.8023 -0.00130801
247.854 -0.0249905 0.00764272 -12.8029 12.8016 -0.00130394
247.865 -0.0249923 0.00764086 -12.8021 12.8008 -0.00130047
247.876 -0.0249937 0.0076401 -12.8014 12.8001 -0.00129573
247.888 -0.0249958 0.00763901 -12.8005 12.7993 -0.00129157
247.899 -0.0249972 0.00763774 -12.7997 12.7984 -0.00128792
247.91 -0.0249998 0.00763725 -12.7989 12.7976 -0.00128335
247.921 -0.025002 0.0076365 -12.798 12.7967 -0.00127909
247.933 -0.0250044 0.00763576 -12.797 12.7958 -0.00127594
247.944 -0.0250068 0.00763464 -12.7961 12.7948 -0.00127203
247.955 -0.0250105 0.00763272 -12.7951 12.7938 -0.0012682
247.966 -0.0250123 0.00763121 -12.794 12.7928 -0.00126432
247.978 -0.0250146 0.00762887 -12.7929 12.7917 -0.00126044
247.989 -0.0250167 0.00762706 -12.7918 12.7906 -0.00125691
248 -0.0250191 0.00762449 -12.7907 12.7895 -0.00125297
248.011 -0.0250202 0.00762298 -12.7895 12.7883 -0.00124932
248.022 -0.0250213 0.00762175 -12.7883 12.7871 -0.00124709
248.034 -0.0250217 0.00761999 -12.7871 12.7858 -0.00124428
248.045 -0.0250231 0.00761795 -12.7858 12.7845 -0.00124079
248.056 -0.025024 0.007618 -12.7845 12.7832 -0.00123857
248.067 -0.0250248 0.00761745 -12.7831 12.7819 -0.00123642
248.079 -0.0250252 0.00761788 -12.7817 12.7804 -0.00123455
248.09 -0.0250259 0.0076165 -12.7802 12.779 -0.00123186
248.101 -0.0250269 0.00761507 -12.7787 12.7775 -0.00122928
248.112 -0.0250286 0.00761287 -12.7772 12.776 -0.00122664
248.124 -0.0250288 0.00761202 -12.7756 12.7744 -0.00122297
248.135 -0.0250297 0.00761064 -12.7741 12.7729 -0.00121877
248.146 -0.0250309 0.00761043 -12.7724 12.7712 -0.00121497
248.157 -0.0250317 0.00760923 -12.7708 12.7696 -0.00121145
248.169 -0.0250317 0.00760835 -12.7691 12.7679 -0.00120849
248.18 -0.0250323 0.00760678 -12.7674 12.7662 -0.00120434
248.191 -0.0250332 0.00760633 -12.7656 12.7644 -0.00119963
248.202 -0.0250346 0.00760522 -12.7638 12.7626 -0.00119513
248.213 -0.0250352 0.00760373 -12.762 12.7608 -0.00118986
248.225 -0.0250353 0.0076017 -12.7602 12.759 -0.00118553
248.236 -0.0250359 0.0076002 -12.7583 12.7571 -0.00118148
248.247 -0.0250365 0.0075986 -12.7564 12.7552 -0.00117802
248.258 -0.0250374 0.00759756 -12.7544 12.7533 -0.00117509
248.27 -0.0250386 0.00759621 -12.7525 12.7513 -0.00117267
248.281 -0.0250396 0.00759541 -12.7504 12.7493 -0.00116969
248.292 -0.0250413 0.0075936 -12.7484 12.7472 -0.0011663
248.303 -0.0250423 0.00759213 -12.7463 12.7451 -0.00116315
248.315 -0.0250441 0.00759016 -12.7441 12.743 -0.0011599
248.326 -0.0250449 0.00758729 -12.742 12.7408 -0.00115673
248.337 -0.0250469 0.00758401 -12.7398 12.7387 -0.00115352
248.348 -0.0250475 0.00758281 -12.7376 12.7364 -0.00115016
248.36 -0.0250483 0.00758051 -12.7353 12.7342 -0.00114702
248.371 -0.0250482 0.00757885 -12.7331 12.732 -0.00114401
248.382 -0.0250492 0.00757732 -12.7308 12.7297 -0.00113916
248.393 -0.0250495 0.00757619 -12.7285 12.7273 -0.00113554
248.404 -0.0250507 0.00757397 -12.7262 12.725 -0.00113205
248.416 -0.0250502 0.00757209 -12.7238 12.7227 -0.00112768
248.427 -0.025051 0.00757068 -12.7215 12.7203 -0.00112385
248.438 -0.0250517 0.00757024 -12.7191 12.718 -0.00112004
248.449 -0.0250522 0.00756826 -12.7167 12.7156 -0.00111491
248.461 -0.0250525 0.00756672 -12.7143 12.7132 -0.00111015
248.472 -0.025053 0.00756491 -12.712 12.7109 -0.00110599
248.483 -0.0250541 0.0075632 -12.7096 12.7085 -0.00110141
248.494 -0.0250554 0.00756217 -12.7072 12.7061 -0.00109702
248.506 -0.0250569 0.00756205 -12.7048 12.7037 -0.00109298
248.517 -0.0250585 0.00756151 -12.7024 12.7013 -0.00108862
248.528 -0.0250604 0.00756102 -12.6999 12.6988 -0.00108453
248.539 -0.0250623 0.00755981 -12.6975 12.6964 -0.00108129
248.551 -0.0250642 0.00755898 -12.695 12.6939 -0.0010771
248.562 -0.0250655 0.00755821 -12.6925 12.6915 -0.00107383
248.573 -0.0250675 0.0075579 -12.69 12.689 -0.00107076
248.584 -0.0250693 0.00755682 -12.6875 12.6864 -0.00106724
248.596 -0.0250701 0.0075555 -12.6849 12.6839 -0.00106396
248.607 -0.0250715 0.00755436 -12.6824 12.6813 -0.0010609
248.618 -0.0250725 0.00755335 -12.6798 12.6788 -0.0010571
248.629 -0.0250732 0.00755274 -12.6773 12.6762 -0.00105365
248.64 -0.0250738 0.00755175 -12.6747 12.6736 -0.00104988
248.652 -0.0250741 0.00755005 -12.6721 12.671 -0.00104598
248.663 -0.0250743 0.00754875 -12.6695 12.6684 -0.00104238
248.674 -0.0250751 0.00754704 -12.6669 12.6658 -0.00103892
248.685 -0.0250761 0.00754535 -12.6642 12.6632 -0.00103461
248.697 -0.0250772 0.0075434 -12.6615 12.6605 -0.00103092
248.708 -0.0250786 0.00754134 -12.6589 12.6579 -0.00102729
248.719 -0.0250799 0.00753967 -12.6562 12.6552 -0.00102307
248.73 -0.0250808 0.00753846 -12.6535 12.6525 -0.001019
248.742 -0.0250815 0.00753668 -12.6509 12.6499 -0.00101492
248.753 -0.0250821 0.00753473 -12.6482 12.6472 -0.00100985
248.764 -0.0250829 0.00753269 -12.6455 12.6445 -0.0010059
248.775 -0.0250827 0.0075306 -12.6428 12.6418 -0.00100103
248.787 -0.0250829 0.0075279 -12.6402 12.6392 -0.000995802
248.798 -0.0250833 0.0075261 -12.6375 12.6365 -0.000990885
248.809 -0.0250842 0.00752427 -12.6348 12.6339 -0.000987696
248.82 -0.0250848 0.00752229 -12.6322 12.6312 -0.000984027
248.831 -0.0250866 0.00752098 -12.6295 12.6285 -0.000980424
248.843 -0.0250875 0.00751938 -12.6268 12.6258 -0.000976696
248.854 -0.0250892 0.00751842 -12.6241 12.6232 -0.000973213
248.865 -0.0250909 0.00751759 -12.6214 12.6205 -0.000969683
248.876 -0.0250929 0.00751676 -12.6188 12.6178 -0.000966796
248.888 -0.0250938 0.00751658 -12.6161 12.6151 -0.000963328
248.899 -0.0250944 0.00751557 -12.6134 12.6125 -0.000960783
248.91 -0.0250955 0.00751452 -12.6108 12.6098 -0.000957223
248.921 -0.0250963 0.00751361 -12.6081 12.6071 -0.000953032
248.933 -0.025097 0.00751285 -12.6054 12.6045 -0.000948813
248.944 -0.0250979 0.00751165 -12.6028 12.6018 -0.000944416
248.955 -0.0250988 0.00751049 -12.6002 12.5992 -0.000939794
248.966 -0.0250999 0.00750935 -12.5975 12.5966 -0.000935213
248.978 -0.0251012 0.00750838 -12.5949 12.594 -0.000930838
248.989 -0.0251018 0.00750648 -12.5923 12.5914 -0.000925514
249 -0.025103 0.00750581 -12.5897 12.5888 -0.000921781
249.011 -0.0251048 0.00750477 -12.5872 12.5863 -0.000917931
249.022 -0.0251062 0.00750336 -12.5846 12.5837 -0.00091405
249.034 -0.0251073 0.00750134 -12.582 12.5811 -0.00091004
249.045 -0.0251072 0.00749879 -12.5795 12.5786 -0.000906642
249.056 -0.025108 0.00749613 -12.5769 12.576 -0.000902898
249.067 -0.0251094 0.00749385 -12.5743 12.5734 -0.000898864
249.079 -0.0251094 0.00749113 -12.5718 12.5709 -0.000893943
249.09 -0.0251106 0.00748891 -12.5693 12.5684 -0.000889055
249.101 -0.0251115 0.00748643 -12.5668 12.5659 -0.000884162
249.112 -0.0251128 0.00748338 -12.5643 12.5635 -0.000879771
249.124 -0.0251129 0.00748138 -12.5619 12.561 -0.000875011
249.135 -0.0251119 0.00747916 -12.5594 12.5586 -0.000870558
249.146 -0.0251119 0.00747764 -12.557 12.5561 -0.000866994
249.157 -0.0251126 0.00747699 -12.5546 12.5537 -0.000864029
249.169 -0.0251136 0.00747666 -12.5521 12.5512 -0.0008605
249.18 -0.0251157 0.0074748 -12.5497 12.5488 -0.000857076
249.191 -0.0251175 0.00747359 -12.5472 12.5464 -0.000852833
249.202 -0.0251194 0.00747235 -12.5448 12.544 -0.000847778
249.213 -0.0251204 0.00747105 -12.5424 12.5416 -0.000843817
249.225 -0.0251207 0.00746985 -12.54 12.5392 -0.00084062
249.236 -0.0251221 0.00746807 -12.5377 12.5368 -0.000836822
249.247 -0.0251229 0.00746672 -12.5353 12.5345 -0.000832857
249.258 -0.0251239 0.00746571 -12.533 12.5321 -0.000828048
249.27 -0.0251237 0.00746539 -12.5306 12.5298 -0.000824136
249.281 -0.0251245 0.00746505 -12.5284 12.5276 -0.000819204
249.292 -0.0251251 0.007464 -12.5261 12.5253 -0.000814033
249.303 -0.025126 0.00746319 -12.5239 12.5231 -0.000809343
249.315 -0.0251269 0.00746191 -12.5217 12.5209 -0.000805134
249.326 -0.0251278 0.00746075 -12.5195 12.5187 -0.000800924
249.337 -0.0251289 0.00745931 -12.5173 12.5165 -0.000796862
249.348 -0.025129 0.00745756 -12.5152 12.5144 -0.000793923
249.36 -0.0251291 0.00745577 -12.513 12.5122 -0.00079082
249.371 -0.0251306 0.00745404 -12.5109 12.5101 -0.000786833
249.382 -0.0251316 0.00745163 -12.5088 12.508 -0.000783272
249.393 -0.0251323 0.00745011 -12.5067 12.506 -0.000779463
249.404 -0.0251338 0.00744829 -12.5047 12.5039 -0.000775962
249.416 -0.0251347 0.00744643 -12.5026 12.5019 -0.000771902
249.427 -0.0251355 0.00744445 -12.5006 12.4999 -0.000766956
249.438 -0.0251363 0.00744244 -12.4986 12.4979 -0.000762317
249.449 -0.0251379 0.00744044 -12.4967 12.4959 -0.000757862
249.461 -0.0251398 0.00743893 -12.4947 12.4939 -0.000754588
249.472 -0.0251413 0.00743672 -12.4927 12.492 -0.000750776
249.483 -0.0251425 0.00743447 -12.4908 12.4901 -0.000747173
249.494 -0.0251442 0.0074317 -12.4889 12.4881 -0.000742955
249.506 -0.0251454 0.00742934 -12.487 12.4862 -0.000738572
249.517 -0.0251466 0.00742769 -12.4851 12.4844 -0.000734798
249.528 -0.0251475 0.00742589 -12.4832 12.4825 -0.000729295
249.539 -0.0251481 0.00742441 -12.4814 12.4807 -0.000725807
249.551 -0.0251488 0.00742266 -12.4796 12.4789 -0.000722402
249.562 -0.0251496 0.00742119 -12.4778 12.477 -0.000717958
249.573 -0.0251504 0.00741937 -12.476 12.4752 -0.000714167
249.584 -0.0251513 0.00741715 -12.4742 12.4735 -0.000710883
249.596 -0.0251521 0.00741518 -12.4724 12.4717 -0.000707364
249.607 -0.0251523 0.00741317 -12.4707 12.47 -0.000703898
249.618 -0.0251528 0.00741205 -12.469 12.4683 -0.000700624
249.629 -0.0251533 0.00741052 -12.4673 12.4666 -0.000697534
249.64 -0.025154 0.00740878 -12.4656 12.4649 -0.000694578
249.652 -0.0251549 0.00740745 -12.4639 12.4633 -0.000691444
249.663 -0.0251564 0.00740599 -12.4623 12.4616 -0.00068789
249.674 -0.0251576 0.00740496 -12.4607 12.46 -0.000683897
249.685 -0.0251591 0.00740311 -12.4591 12.4584 -0.000680709
249.697 -0.0251603 0.00740206 -12.4575 12.4568 -0.000677629
249.708 -0.0251619 0.00740039 -12.4559 12.4552 -0.00067408
249.719 -0.0251631 0.00739905 -12.4544 12.4537 -0.0006712
249.73 -0.0251643 0.00739737 -12.4528 12.4521 -0.000667991
249.742 -0.0251651 0.0073954 -12.4513 12.4506 -0.000664177
249.753 -0.0251661 0.00739313 -12.4498 12.4491 -0.000659765
249.764 -0.0251675 0.00739143 -12.4483 12.4476 -0.00065663
249.775 -0.0251687 0.00738986 -12.4468 12.4462 -0.000653492
249.787 -0.0251697 0.00738857 -12.4453 12.4447 -0.000651293
249.798 -0.0251706 0.00738692 -12.4439 12.4432 -0.000648437
249.809 -0.0251719 0.00738477 -12.4424 12.4417 -0.000644536
249.82 -0.0251729 0.00738274 -12.4409 12.4403 -0.000641043
249.831 -0.0251741 0.00738033 -12.4395 12.4389 -0.00063701
249.843 -0.0251744 0.00737871 -12.4381 12.4374 -0.00063307
249.854 -0.0251745 0.00737705 -12.4367 12.436 -0.000628412
249.865 -0.0251751 0.00737517 -12.4352 12.4346 -0.000624384
249.876 -0.025176 0.00737375 -12.4338 12.4332 -0.000621107
249.888 -0.0251763 0.00737192 -12.4324 12.4318 -0.000618715
249.899 -0.0251776 0.00737057 -12.431 12.4304 -0.000615857
249.91 -0.025178 0.00736953 -12.4296 12.429 -0.000612845
249.921 -0.0251783 0.00736793 -12.4282 12.4276 -0.00060946
249.933 -0.0251792 0.00736636 -12.4268 12.4262 -0.000606684
249.944 -0.0251799 0.00736577 -12.4255 12.4249 -0.000604581
249.955 -0.0251811 0.00736454 -12.4241 12.4235 -0.000602122
249.966 -0.0251814 0.00736315 -12.4228 12.4222 -0.000598995
249.978 -0.0251819 0.00736205 -12.4215 12.4209 -0.000596188
249.989 -0.0251827 0.00736075 -12.4202 12.4196 -0.000592841
250 -0.0251831 0.00736019 -12.4189 12.4183 -0.000590017
250.011 -0.0251833 0.0073587 -12.4176 12.417 -0.000587811
250.022 -0.0251837 0.00735819 -12.4164 12.4158 -0.000586733
250.034 -0.0251846 0.00735728 -12.4151 12.4145 -0.000584156
250.045 -0.025185 0.00735407 -12.4139 12.4133 -0.000581605
250.056 -0.0251848 0.00735207 -12.4126 12.412 -0.000578843
250.067 -0.025185 0.00734974 -12.4114 12.4108 -0.000575809
250.079 -0.0251853 0.00734774 -12.4102 12.4096 -0.000571586
250.09 -0.0251857 0.00734526 -12.409 12.4085 -0.000568276
250.101 -0.0251861 0.00734319 -12.4078 12.4073 -0.000564357
250.112 -0.025187 0.00734072 -12.4067 12.4061 -0.000560581
250.124 -0.0251878 0.00733817 -12.4055 12.4049 -0.000557273
250.135 -0.025189 0.00733584 -12.4043 12.4038 -0.000553414
250.146 -0.0251907 0.00733329 -12.4032 12.4026 -0.00055054
250.157 -0.0251908 0.00733062 -12.402 12.4015 -0.000547151
250.169 -0.0251915 0.00732906 -12.4008 12.4003 -0.000544706
250.18 -0.0251931 0.00732806 -12.3997 12.3991 -0.000542349
250.191 -0.0251939 0.00732633 -12.3985 12.3979 -0.000540406
250.202 -0.0251952 0.00732433 -12.3972 12.3967 -0.000538234
250.213 -0.0251954 0.0073216 -12.396 12.3955 -0.000534779
250.225 -0.0251957 0.00731911 -12.3948 12.3943 -0.000531691
250.236 -0.0251969 0.00731774 -12.3936 12.393 -0.000527842
250.247 -0.0251978 0.00731568 -12.3924 12.3918 -0.000524627
250.258 -0.0251985 0.00731371 -12.3912 12.3906 -0.000521413
250.27 -0.0251993 0.00731224 -12.39 12.3894 -0.000518185
250.281 -0.0251998 0.00731109 -12.3888 12.3883 -0.000515879
250.292 -0.0252007 0.00730937 -12.3876 12.3871 -0.000513566
250.303 -0.0252014 0.00730802 -12.3864 12.3859 -0.000511424
250.315 -0.0252018 0.00730629 -12.3851 12.3846 -0.000508942
250.326 -0.025201 0.00730467 -12.3839 12.3834 -0.000507582
250.337 -0.0252008 0.00730223 -12.3827 12.3822 -0.000504773
250.348 -0.0252011 0.00729916 -12.3815 12.381 -0.000501771
250.36 -0.0252009 0.00729629 -12.3803 12.3798 -0.000498354
250.371 -0.0252007 0.00729369 -12.379 12.3786 -0.000494568
250.382 -0.0252016 0.00729089 -12.3778 12.3773 -0.000491628
250.393 -0.0252034 0.00728805 -12.3766 12.3761 -0.000489026
250.404 -0.025205 0.00728659 -12.3753 12.3748 -0.000485886
250.416 -0.0252055 0.00728506 -12.374 12.3736 -0.000483531
250.427 -0.0252064 0.00728392 -12.3727 12.3723 -0.000479912
250.438 -0.0252066 0.00728205 -12.3714 12.371 -0.000475617
250.449 -0.0252072 0.00727926 -12.3701 12.3697 -0.00047208
250.461 -0.0252069 0.00727647 -12.3688 12.3683 -0.000468791
250.472 -0.0252075 0.00727383 -12.3675 12.367 -0.00046618
250.483 -0.0252081 0.0072721 -12.3661 12.3657 -0.00046289
250.494 -0.0252091 0.0072709 -12.3648 12.3643 -0.000461125
250.506 -0.02521 0.00727023 -12.3634 12.3629 -0.000458274
250.517 -0.0252113 0.00726904 -12.362 12.3615 -0.000456131
250.528 -0.0252132 0.00726742 -12.3605 12.3601 -0.000454337
250.539 -0.0252156 0.00726516 -12.3591 12.3586 -0.000452387
250.551 -0.0252172 0.00726299 -12.3577 12.3572 -0.00045048
250.562 -0.0252187 0.00726076 -12.3562 12.3558 -0.000449378
250.573 -0.0252197 0.00725894 -12.3547 12.3543 -0.00044779
250.584 -0.0252209 0.00725721 -12.3533 12.3528 -0.000445483
250.596 -0.0252216 0.0072551 -12.3518 12.3513 -0.000442756
250.607 -0.0252221 0.00725281 -12.3503 12.3498 -0.000440576
250.618 -0.0252235 0.00725191 -12.3488 12.3483 -0.000438306
250.629 -0.0252246 0.00725021 -12.3472 12.3468 -0.000436153
250.64 -0.0252254 0.00724885 -12.3457 12.3452 -0.000433329
250.652 -0.0252267 0.00724797 -12.3441 12.3437 -0.000431415
250.663 -0.0252273 0.00724599 -12.3426 12.3421 -0.000428522
250.674 -0.0252288 0.00724336 -12.341 12.3406 -0.000425908
250.685 -0.0252298 0.00724206 -12.3394 12.339 -0.000424417
250.697 -0.0252312 0.00724045 -12.3378 12.3374 -0.000421799
250.708 -0.0252327 0.00723857 -12.3362 12.3358 -0.000418369
250.719 -0.0252344 0.00723607 -12.3345 12.3341 -0.000414706
250.73 -0.0252355 0.00723332 -12.3329 12.3324 -0.000411854
250.742 -0.0252368 0.00722993 -12.3312 12.3307 -0.000408656
250.753 -0.0252375 0.00722695 -12.3294 12.329 -0.000405373
250.764 -0.0252379 0.00722392 -12.3277 12.3273 -0.000402344
250.775 -0.0252381 0.00722169 -12.3259 12.3255 -0.000398748
250.787 -0.0252386 0.00721985 -12.3241 12.3237 -0.000395334
250.798 -0.0252389 0.00721741 -12.3224 12.322 -0.000392412
250.809 -0.0252393 0.00721563 -12.3206 12.3202 -0.000388932
250.82 -0.0252401 0.00721423 -12.3187 12.3183 -0.000386478
250.831 -0.0252407 0.00721212 -12.3169 12.3165 -0.000383488
250.843 -0.0252417 0.00721057 -12.315 12.3146 -0.000381328
250.854 -0.0252422 0.00720878 -12.3131 12.3127 -0.000380077
250.865 -0.0252433 0.00720698 -12.3111 12.3107 -0.000379519
250.876 -0.0252443 0.00720481 -12.3091 12.3087 -0.00037761
250.888 -0.0252457 0.00720234 -12.3071 12.3068 -0.000376977
250.899 -0.0252471 0.00719998 -12.3052 12.3048 -0.000376153
250.91 -0.0252484 0.00719691 -12.3031 12.3028 -0.000373764
250.921 -0.0252509 0.00719562 -12.3011 12.3007 -0.000370782
250.933 -0.0252533 0.00719397 -12.2991 12.2987 -0.000368306
250.944 -0.0252563 0.00719149 -12.297 12.2966 -0.000366343
250.955 -0.0252588 0.00718948 -12.2948 12.2945 -0.000364057
250.966 -0.0252612 0.00718677 -12.2927 12.2923 -0.000361451
250.978 -0.0252627 0.00718421 -12.2906 12.2902 -0.000357667
250.989 -0.0252642 0.00718064 -12.2884 12.2881 -0.000354596
251 -0.0252656 0.00717788 -12.2863 12.2859 -0.000352732
251.011 -0.0252668 0.0071752 -12.2841 12.2837 -0.000350072
251.022 -0.0252678 0.00717229 -12.2819 12.2815 -0.000347139
251.034 -0.0252686 0.00716943 -12.2797 12.2793 -0.000344403
251.045 -0.0252695 0.00716682 -12.2774 12.2771 -0.000341318
251.056 -0.0252702 0.00716422 -12.2752 12.2749 -0.000338176
251.067 -0.025271 0.00716116 -12.273 12.2727 -0.000336462
251.079 -0.0252716 0.00715955 -12.2708 12.2704 -0.000334111
251.09 -0.0252717 0.00715725 -12.2685 12.2681 -0.000331808
251.101 -0.0252731 0.00715492 -12.2662 12.2659 -0.000330718
251.112 -0.0252746 0.00715343 -12.2639 12.2635 -0.000329531
251.124 -0.0252758 0.0071521 -12.2615 12.2612 -0.000329133
251.135 -0.0252772 0.0071512 -12.2591 12.2588 -0.000328554
251.146 -0.0252785 0.00715029 -12.2567 12.2564 -0.000328127
251.157 -0.0252797 0.0071501 -12.2542 12.2539 -0.000327939
251.169 -0.0252797 0.00714929 -12.2518 12.2515 -0.000326368
251.18 -0.0252803 0.00714755 -12.2493 12.249 -0.000324618
251.191 -0.0252814 0.00714592 -12.2468 12.2465 -0.000322049
251.202 -0.0252819 0.00714484 -12.2443 12.244 -0.000318842
251.213 -0.0252825 0.00714375 -12.2418 12.2415 -0.000316082
251.225 -0.0252839 0.00714251 -12.2393 12.239 -0.000314218
251.236 -0.0252854 0.00714143 -12.2368 12.2365 -0.000311491
251.247 -0.0252867 0.00714013 -12.2343 12.234 -0.000308618
251.258 -0.0252875 0.00713862 -12.2318 12.2315 -0.000306725
251.27 -0.0252885 0.0071371 -12.2293 12.229 -0.000304635
251.281 -0.0252895 0.00713481 -12.2267 12.2264 -0.000302562
251.292 -0.0252902 0.00713258 -12.2242 12.2239 -0.000299829
251.303 -0.0252905 0.00713063 -12.2217 12.2214 -0.00029708
251.315 -0.0252911 0.00712822 -12.2191 12.2188 -0.00029376
251.326 -0.0252924 0.00712521 -12.2166 12.2163 -0.000290375
251.337 -0.0252935 0.00712242 -12.2141 12.2139 -0.000287711
251.348 -0.0252941 0.00712079 -12.2117 12.2114 -0.000283842
251.36 -0.0252953 0.00711951 -12.2092 12.2089 -0.000281148
251.371 -0.0252962 0.00711707 -12.2068 12.2065 -0.000277921
251.382 -0.0252976 0.00711483 -12.2043 12.204 -0.000275041
251.393 -0.0252991 0.00711385 -12.2018 12.2016 -0.000273733
251.404 -0.0253004 0.00711289 -12.1994 12.1991 -0.000271824
251.416 -0.0253018 0.00711234 -12.197 12.1967 -0.000270239
251.427 -0.0253033 0.00711161 -12.1945 12.1943 -0.000268632
251.438 -0.0253053 0.00711113 -12.1921 12.1918 -0.000266814
251.449 -0.0253066 0.00710994 -12.1896 12.1894 -0.000265265
251.461 -0.0253058 0.00710817 -12.1872 12.1869 -0.00026274
251.472 -0.025306 0.0071069 -12.1848 12.1845 -0.000260143
251.483 -0.0253059 0.00710515 -12.1824 12.1821 -0.000257209
251.494 -0.0253067 0.00710394 -12.1799 12.1797 -0.000254343
251.506 -0.0253073 0.00710286 -12.1775 12.1773 -0.000252079
251.517 -0.0253076 0.00710177 -12.1751 12.1749 -0.000250021
251.528 -0.0253088 0.00710047 -12.1727 12.1725 -0.000247737
251.539 -0.0253104 0.00709899 -12.1704 12.1701 -0.000246111
251.551 -0.0253113 0.00709847 -12.168 12.1677 -0.000243844
251.562 -0.025313 0.00709802 -12.1656 12.1654 -0.000241742
251.573 -0.0253145 0.0070977 -12.1633 12.163 -0.000239262
251.584 -0.0253152 0.00709717 -12.1609 12.1607 -0.000236234
251.596 -0.025316 0.00709695 -12.1586 12.1584 -0.000232601
251.607 -0.0253165 0.00709637 -12.1563 12.1561 -0.000229503
251.618 -0.0253171 0.00709539 -12.154 12.1538 -0.000225705
251.629 -0.0253184 0.00709485 -12.1518 12.1516 -0.000222718
251.64 -0.0253193 0.00709263 -12.1497 12.1494 -0.000220664
251.652 -0.0253192 0.00709041 -12.1475 12.1473 -0.00021895
251.663 -0.0253198 0.00708859 -12.1453 12.1451 -0.000216687
251.674 -0.0253208 0.00708736 -12.1432 12.143 -0.000215241
251.685 -0.0253215 0.00708574 -12.1411 12.1409 -0.000213845
251.697 -0.0253229 0.00708413 -12.139 12.1388 -0.000211308
251.708 -0.0253252 0.00708316 -12.1369 12.1367 -0.000210065
251.719 -0.0253269 0.00708196 -12.1349 12.1347 -0.000207124
251.73 -0.0253286 0.00708106 -12.1329 12.1327 -0.000204764
251.742 -0.0253304 0.0070796 -12.131 12.1308 -0.000202208
251.753 -0.0253323 0.00707838 -12.1291 12.1289 -0.000199863
251.764 -0.0253342 0.00707759 -12.1272 12.127 -0.000198534
251.775 -0.0253362 0.00707689 -12.1254 12.1252 -0.000196541
251.787 -0.0253385 0.00707645 -12.1235 12.1233 -0.00019451
251.798 -0.0253407 0.00707543 -12.1218 12.1216 -0.000192729
251.809 -0.0253429 0.00707537 -12.12 12.1198 -0.000190849
251.82 -0.0253439 0.00707471 -12.1183 12.1181 -0.00018841
251.831 -0.0253447 0.00707319 -12.1165 12.1163 -0.000184683
251.843 -0.0253452 0.0070723 -12.1149 12.1147 -0.000181294
251.854 -0.0253465 0.00707102 -12.1132 12.113 -0.000176735
251.865 -0.0253472 0.00707018 -12.1116 12.1114 -0.000173369
251.876 -0.0253479 0.00706905 -12.11 12.1099 -0.000169411
251.888 -0.0253497 0.00706704 -12.1085 12.1083 -0.000165869
251.899 -0.0253515 0.00706567 -12.107 12.1068 -0.000163672
251.91 -0.0253531 0.00706455 -12.1055 12.1053 -0.000161625
251.921 -0.0253547 0.00706303 -12.104 12.1038 -0.000159333
251.933 -0.0253568 0.00706102 -12.1025 12.1024 -0.000157043
251.944 -0.0253576 0.00705987 -12.1011 12.1009 -0.000155421
251.955 -0.0253586 0.00705852 -12.0997 12.0995 -0.000153272
251.966 -0.0253605 0.00705767 -12.0983 12.0981 -0.000150659
251.978 -0.025362 0.00705694 -12.0969 12.0968 -0.000149003
251.989 -0.0253634 0.00705604 -12.0956 12.0954 -0.000146716
252 -0.0253653 0.00705499 -12.0942 12.0941 -0.000144762
252.011 -0.0253669 0.00705434 -12.0929 12.0928 -0.000143143
252.022 -0.0253687 0.00705399 -12.0917 12.0915 -0.000140503
252.034 -0.0253711 0.00705291 -12.0904 12.0903 -0.000137617
252.045 -0.0253735 0.00705196 -12.0892 12.0891 -0.000135129
252.056 -0.0253753 0.00705132 -12.0881 12.0879 -0.000131999
252.067 -0.0253773 0.0070502 -12.087 12.0868 -0.000129609
252.079 -0.0253794 0.00704998 -12.0859 12.0858 -0.000127069
252.09 -0.0253812 0.00704966 -12.0848 12.0847 -0.000124767
252.101 -0.0253828 0.00704946 -12.0838 12.0837 -0.000122434
252.112 -0.025385 0.00704984 -12.0828 12.0827 -0.000119347
252.124 -0.0253869 0.00704998 -12.0819 12.0818 -0.000116643
252.135 -0.0253888 0.00704963 -12.081 12.0809 -0.000114412
252.146 -0.025391 0.00704916 -12.0802 12.0801 -0.000111258
252.157 -0.0253932 0.0070491 -12.0794 12.0793 -0.000107628
252.169 -0.0253954 0.00704874 -12.0786 12.0785 -0.000104673
252.18 -0.0253977 0.00704804 -12.0779 12.0778 -0.000102084
252.191 -0.025401 0.00704736 -12.0773 12.0772 -9.91047e-05
252.202 -0.0254037 0.00704705 -12.0766 12.0765 -9.59085e-05
252.213 -0.0254063 0.00704637 -12.0761 12.076 -9.25772e-05
252.225 -0.0254087 0.00704609 -12.0755 12.0754 -8.94161e-05
252.236 -0.0254113 0.00704494 -12.075 12.0749 -8.72571e-05
252.247 -0.0254142 0.00704365 -12.0745 12.0744 -8.3948e-05
252.258 -0.0254172 0.0070416 -12.0741 12.074 -8.08694e-05
252.27 -0.0254204 0.00704071 -12.0736 12.0736 -7.79853e-05
252.281 -0.0254239 0.00704005 -12.0733 12.0732 -7.53793e-05
252.292 -0.0254267 0.00703941 -12.0729 12.0728 -7.20407e-05
252.303 -0.0254297 0.00703883 -12.0726 12.0725 -6.97666e-05
252.315 -0.0254327 0.00703786 -12.0723 12.0722 -6.82491e-05
252.326 -0.0254358 0.00703799 -12.072 12.0719 -6.52648e-05
252.337 -0.0254388 0.00703723 -12.0717 12.0716 -6.28865e-05
252.348 -0.0254415 0.00703676 -12.0715 12.0714 -6.0884e-05
252.36 -0.0254447 0.00703619 -12.0713 12.0712 -5.78509e-05
252.371 -0.0254476 0.00703522 -12.0711 12.071 -5.45936e-05
252.382 -0.0254497 0.00703489 -12.0709 12.0709 -5.19297e-05
252.393 -0.0254523 0.00703404 -12.0707 12.0707 -4.92715e-05
252.404 -0.0254552 0.00703363 -12.0706 12.0706 -4.65204e-05
252.416 -0.0254579 0.00703414 -12.0705 12.0705 -4.42637e-05
252.427 -0.0254605 0.00703387 -12.0704 12.0703 -4.13368e-05
252.438 -0.0254627 0.00703252 -12.0703 12.0702 -3.78892e-05
252.449 -0.0254648 0.00703131 -12.0702 12.0702 -3.40596e-05
252.461 -0.0254665 0.00703035 -12.0702 12.0702 -2.94842e-05
252.472 -0.0254675 0.00702904 -12.0702 12.0702 -2.59545e-05
252.483 -0.0254688 0.00702782 -12.0702 12.0702 -2.26616e-05
252.494 -0.0254709 0.00702639 -12.0703 12.0702 -1.9567e-05
252.506 -0.025473 0.00702441 -12.0703 12.0703 -1.63717e-05
252.517 -0.0254749 0.00702229 -12.0705 12.0704 -1.33615e-05
252.528 -0.0254768 0.00702022 -12.0706 12.0706 -1.0081e-05
252.539 -0.025479 0.00701887 -12.0707 12.0707 -7.48692e-06
252.551 -0.0254815 0.00701782 -12.0709 12.0709 -5.3755e-06
252.562 -0.0254834 0.00701609 -12.071 12.071 -3.28158e-06
252.573 -0.0254851 0.00701434 -12.0712 12.0712 -1.1586e-06
252.584 -0.0254868 0.00701259 -12.0714 12.0714 1.42364e-06
252.596 -0.0254889 0.0070111 -12.0716 12.0716 4.33448e-06
252.607 -0.025491 0.00700989 -12.0719 12.0719 7.39363e-06
252.618 -0.0254922 0.00700785 -12.0721 12.0722 1.08572e-05
252.629 -0.0254938 0.00700644 -12.0724 12.0725 1.42593e-05
252.64 -0.0254957 0.00700489 -12.0728 12.0728 1.77374e-05
252.652 -0.0254978 0.0070032 -12.0731 12.0732 2.11627e-05
252.663 -0.0255 0.00700168 -12.0735 12.0735 2.43411e-05
252.674 -0.0255019 0.00700024 -12.0739 12.0739 2.81368e-05
252.685 -0.0255033 0.0069982 -12.0744 12.0744 3.14557e-05
252.697 -0.0255048 0.00699697 -12.0748 12.0748 3.50202e-05
252.708 -0.0255062 0.00699579 -12.0753 12.0753 3.8317e-05
252.719 -0.0255082 0.0069948 -12.0758 12.0758 4.14777e-05
252.73 -0.0255095 0.00699462 -12.0763 12.0763 4.50421e-05
252.742 -0.0255112 0.0069938 -12.0768 12.0769 4.7726e-05
252.753 -0.025513 0.00699289 -12.0774 12.0775 5.08957e-05
252.764 -0.0255149 0.00699165 -12.078 12.0781 5.42662e-05
252.775 -0.0255157 0.00699032 -12.0786 12.0787 5.64359e-05
252.787 -0.0255171 0.00698947 -12.0793 12.0793 5.79395e-05
252.798 -0.0255187 0.00698848 -12.0799 12.0799 6.073e-05
252.809 -0.0255203 0.0069873 -12.0805 12.0806 6.29395e-05
252.82 -0.0255218 0.00698597 -12.0812 12.0813 6.53078e-05
252.831 -0.0255232 0.00698492 -12.0819 12.082 6.77421e-05
252.843 -0.0255249 0.00698344 -12.0826 12.0827 7.02373e-05
252.854 -0.0255267 0.00698283 -12.0834 12.0834 7.23836e-05
252.865 -0.0255281 0.00698167 -12.0841 12.0842 7.43487e-05
252.876 -0.02553 0.00698116 -12.0849 12.085 7.67324e-05
252.888 -0.0255321 0.00698025 -12.0858 12.0858 7.94552e-05
252.899 -0.0255338 0.00697937 -12.0866 12.0867 8.31409e-05
252.91 -0.0255361 0.00697848 -12.0875 12.0876 8.63602e-05
252.921 -0.0255389 0.00697711 -12.0884 12.0885 8.91199e-05
252.933 -0.0255415 0.00697691 -12.0894 12.0895 9.24774e-05
252.944 -0.025544 0.00697637 -12.0903 12.0904 9.59952e-05
252.955 -0.0255468 0.00697565 -12.0914 12.0915 9.91163e-05
252.966 -0.0255493 0.00697464 -12.0924 12.0925 0.000103317
252.978 -0.0255506 0.00697381 -12.0935 12.0936 0.000106345
252.989 -0.0255526 0.00697286 -12.0946 12.0947 0.000109624
253 -0.0255542 0.00697259 -12.0957 12.0958 0.00011332
253.011 -0.0255557 0.0069728 -12.0969 12.097 0.000116956
253.022 -0.0255578 0.00697194 -12.0981 12.0982 0.00012051
253.034 -0.0255599 0.00697177 -12.0993 12.0994 0.00012376
253.045 -0.0255627 0.0069714 -12.1006 12.1007 0.000127349
253.056 -0.0255647 0.00697126 -12.1018 12.102 0.000130752
253.067 -0.0255665 0.00697105 -12.1031 12.1033 0.000134641
253.079 -0.0255682 0.00697064 -12.1045 12.1046 0.000137261
253.09 -0.0255707 0.00696933 -12.1058 12.106 0.000140127
253.101 -0.0255735 0.00696824 -12.1072 12.1074 0.00014345
253.112 -0.025576 0.00696671 -12.1086 12.1088 0.000146183
253.124 -0.0255781 0.00696543 -12.11 12.1102 0.000148886
253.135 -0.0255805 0.00696443 -12.1115 12.1117 0.00015196
253.146 -0.025583 0.00696267 -12.1131 12.1132 0.00015581
253.157 -0.0255848 0.00696143 -12.1145 12.1147 0.000159932
253.169 -0.0255869 0.00696033 -12.1162 12.1163 0.000164404
253.18 -0.0255889 0.00695953 -12.1178 12.118 0.000169131
253.191 -0.025592 0.00695838 -12.1194 12.1196 0.000172407
253.202 -0.0255948 0.00695712 -12.1211 12.1213 0.000176865
253.213 -0.0255975 0.00695552 -12.1228 12.123 0.000181119
253.225 -0.0256002 0.00695326 -12.1246 12.1248 0.000184925
253.236 -0.0256033 0.0069513 -12.1265 12.1267 0.000189639
253.247 -0.0256055 0.00694935 -12.1283 12.1285 0.000194301
253.258 -0.0256078 0.00694796 -12.1302 12.1304 0.000198091
253.27 -0.0256097 0.00694591 -12.1321 12.1323 0.000201953
253.281 -0.0256114 0.0069446 -12.1341 12.1343 0.000205034
253.292 -0.0256139 0.00694414 -12.1361 12.1363 0.000208813
253.303 -0.0256164 0.00694274 -12.1381 12.1383 0.000212532
253.315 -0.0256192 0.00694085 -12.1401 12.1403 0.000217116
253.326 -0.0256211 0.00693933 -12.1422 12.1424 0.000221774
253.337 -0.0256236 0.00693836 -12.1443 12.1445 0.000227095
253.348 -0.0256253 0.00693827 -12.1464 12.1466 0.000231842
253.36 -0.0256273 0.00693708 -12.1485 12.1488 0.000236303
253.371 -0.0256295 0.00693634 -12.1507 12.151 0.000240915
253.382 -0.0256314 0.00693521 -12.1529 12.1531 0.000244786
253.393 -0.0256323 0.00693423 -12.1551 12.1554 0.000248385
253.404 -0.0256331 0.00693293 -12.1573 12.1576 0.000252504
253.416 -0.025635 0.00693202 -12.1596 12.1599 0.000256146
253.427 -0.0256364 0.00693017 -12.1618 12.1621 0.000259977
253.438 -0.0256383 0.00692974 -12.1641 12.1644 0.000264104
253.449 -0.0256399 0.0069285 -12.1664 12.1667 0.000268674
253.461 -0.0256413 0.00692806 -12.1688 12.1691 0.000273452
253.472 -0.0256433 0.00692712 -12.1712 12.1715 0.000278461
253.483 -0.0256448 0.00692677 -12.1736 12.1739 0.000282996
253.494 -0.0256473 0.00692567 -12.176 12.1763 0.000287285
253.506 -0.0256486 0.00692458 -12.1785 12.1788 0.000291967
253.517 -0.02565 0.00692292 -12.181 12.1813 0.000295902
253.528 -0.0256522 0.00692178 -12.1835 12.1838 0.000299274
253.539 -0.0256538 0.00692023 -12.186 12.1863 0.000303403
253.551 -0.0256554 0.00691897 -12.1886 12.1889 0.000307216
253.562 -0.0256575 0.0069179 -12.1912 12.1915 0.000311729
253.573 -0.0256603 0.00691709 -12.1938 12.1941 0.000316932
253.584 -0.0256621 0.00691573 -12.1965 12.1968 0.000320277
253.596 -0.0256631 0.00691552 -12.1991 12.1995 0.000323801
253.607 -0.0256647 0.00691429 -12.2018 12.2022 0.000327664
253.618 -0.0256656 0.00691367 -12.2045 12.2049 0.000330697
253.629 -0.0256671 0.0069126 -12.2073 12.2076 0.000334051
253.64 -0.0256684 0.00691137 -12.21 12.2103 0.000338191
253.652 -0.0256696 0.00691035 -12.2127 12.2131 0.000342068
253.663 -0.0256713 0.00690996 -12.2155 12.2159 0.000345632
253.674 -0.0256728 0.00690894 -12.2183 12.2187 0.000348779
253.685 -0.0256752 0.00690812 -12.2211 12.2215 0.00035181
253.697 -0.0256778 0.00690629 -12.224 12.2244 0.000354152
253.708 -0.025681 0.00690546 -12.2269 12.2272 0.000357624
253.719 -0.0256832 0.00690356 -12.2297 12.2301 0.000361413
253.73 -0.0256854 0.00690264 -12.2326 12.233 0.000364553
253.742 -0.0256875 0.00690152 -12.2355 12.2358 0.000367637
253.753 -0.0256891 0.00690012 -12.2384 12.2387 0.000371538
253.764 -0.0256911 0.00689967 -12.2413 12.2417 0.000375578
253.775 -0.0256934 0.00689831 -12.2443 12.2447 0.000379254
253.787 -0.0256955 0.00689774 -12.2473 12.2477 0.000382367
253.798 -0.0256972 0.00689637 -12.2503 12.2507 0.000385975
253.809 -0.0256993 0.00689503 -12.2534 12.2538 0.000388865
253.82 -0.0257011 0.00689337 -12.2564 12.2568 0.000393166
253.831 -0.025704 0.00689195 -12.2595 12.2599 0.000396535
253.843 -0.0257056 0.0068901 -12.2626 12.263 0.000400102
253.854 -0.0257073 0.00688828 -12.2657 12.2661 0.000403499
253.865 -0.0257093 0.00688694 -12.2687 12.2691 0.000407592
253.876 -0.0257117 0.00688656 -12.2719 12.2723 0.000411841
253.888 -0.0257142 0.0068857 -12.275 12.2754 0.000415471
253.899 -0.025717 0.00688538 -12.2782 12.2786 0.000418966
253.91 -0.0257193 0.00688422 -12.2813 12.2818 0.000422783
253.921 -0.0257214 0.00688296 -12.2845 12.2849 0.000426621
253.933 -0.0257235 0.00688168 -12.2877 12.2881 0.000430329
253.944 -0.0257254 0.00688149 -12.2909 12.2913 0.000434418
253.955 -0.025728 0.00687997 -12.2941 12.2946 0.000438781
253.966 -0.0257303 0.00687944 -12.2974 12.2978 0.000441443
253.978 -0.0257321 0.00687854 -12.3006 12.3011 0.000445808
253.989 -0.0257348 0.00687726 -12.3039 12.3044 0.000448908
254 -0.0257371 0.00687481 -12.3072 12.3076 0.000451941
254.011 -0.0257392 0.00687391 -12.3105 12.3109 0.000454783
254.022 -0.025741 0.0068724 -12.3138 12.3142 0.000457302
254.034 -0.0257427 0.00687122 -12.3171 12.3176 0.000460035
254.045 -0.0257446 0.00686944 -12.3204 12.3209 0.000461761
254.056 -0.0257468 0.00686817 -12.3237 12.3242 0.000465547
254.067 -0.0257482 0.00686753 -12.3271 12.3276 0.000468413
254.079 -0.0257501 0.00686691 -12.3304 12.3309 0.000471066
254.09 -0.0257517 0.00686605 -12.3338 12.3343 0.000474306
254.101 -0.0257529 0.00686456 -12.3372 12.3377 0.000477944
254.112 -0.0257542 0.00686352 -12.3405 12.341 0.000482617
254.124 -0.0257546 0.00686259 -12.3439 12.3444 0.000486808
254.135 -0.025755 0.0068617 -12.3474 12.3478 0.000491129
254.146 -0.0257558 0.00686038 -12.3508 12.3513 0.000495751
254.157 -0.025757 0.00685943 -12.3542 12.3547 0.000500707
254.169 -0.025758 0.006858 -12.3577 12.3582 0.000505336
254.18 -0.0257592 0.00685688 -12.3611 12.3616 0.000510076
254.191 -0.0257603 0.00685633 -12.3646 12.3651 0.00051393
254.202 -0.0257616 0.00685544 -12.3681 12.3686 0.000517486
254.213 -0.0257629 0.00685468 -12.3716 12.3721 0.000522611
254.225 -0.025764 0.0068539 -12.3751 12.3756 0.000527717
254.236 -0.0257654 0.00685254 -12.3787 12.3792 0.000531815
254.247 -0.0257666 0.00685165 -12.3822 12.3827 0.000535749
254.258 -0.0257675 0.00685029 -12.3857 12.3863 0.000539367
254.27 -0.0257689 0.00684977 -12.3893 12.3898 0.000543179
254.281 -0.0257703 0.00684903 -12.3928 12.3934 0.000547304
254.292 -0.0257713 0.00684883 -12.3964 12.3969 0.000552014
254.303 -0.0257727 0.00684832 -12.3999 12.4005 0.000556192
254.315 -0.025774 0.00684861 -12.4035 12.404 0.000560084
254.326 -0.0257746 0.00684857 -12.407 12.4076 0.000564471
254.337 -0.0257762 0.00684815 -12.4106 12.4112 0.000569023
254.348 -0.0257775 0.00684762 -12.4142 12.4147 0.000573724
254.36 -0.0257786 0.00684686 -12.4177 12.4183 0.000577548
254.371 -0.0257791 0.00684667 -12.4213 12.4219 0.000581026
254.382 -0.0257797 0.00684588 -12.4248 12.4254 0.000585324
254.393 -0.0257808 0.0068451 -12.4284 12.429 0.000589001
254.404 -0.0257816 0.00684393 -12.432 12.4326 0.000593153
254.416 -0.0257832 0.00684296 -12.4355 12.4361 0.000597806
254.427 -0.0257848 0.00684194 -12.4391 12.4397 0.000601576
254.438 -0.0257863 0.00684029 -12.4426 12.4432 0.000605224
254.449 -0.0257875 0.00683926 -12.4461 12.4467 0.000608671
254.461 -0.0257884 0.0068378 -12.4497 12.4503 0.000612202
254.472 -0.0257888 0.00683605 -12.4532 12.4538 0.000616705
254.483 -0.0257902 0.00683486 -12.4567 12.4574 0.000621224
254.494 -0.0257911 0.00683345 -12.4603 12.4609 0.000625977
254.506 -0.0257919 0.00683222 -12.4638 12.4645 0.000630912
254.517 -0.0257928 0.00683097 -12.4674 12.468 0.000634437
254.528 -0.0257941 0.00682944 -12.4709 12.4716 0.000638703
254.539 -0.0257958 0.00682885 -12.4745 12.4752 0.000643404
254.551 -0.0257966 0.00682793 -12.4781 12.4787 0.000647699
254.562 -0.0257984 0.00682759 -12.4816 12.4823 0.000652584
254.573 -0.0257992 0.00682687 -12.4852 12.4858 0.000657042
254.584 -0.0257998 0.00682617 -12.4887 12.4894 0.000661335
254.596 -0.0257995 0.00682474 -12.4923 12.4929 0.00066525
254.607 -0.0258004 0.00682277 -12.4958 12.4965 0.000669553
254.618 -0.0258011 0.00682197 -12.4994 12.5 0.000673429
254.629 -0.0258011 0.00682062 -12.5029 12.5036 0.000676894
254.64 -0.0258005 0.00681949 -12.5064 12.5071 0.000680267
254.652 -0.0258004 0.00681853 -12.5099 12.5106 0.000683919
254.663 -0.0257998 0.00681763 -12.5134 12.5141 0.000687323
254.674 -0.0258 0.00681743 -12.517 12.5176 0.000691202
254.685 -0.0257998 0.00681701 -12.5204 12.5211 0.000695247
254.697 -0.0258003 0.0068159 -12.5239 12.5246 0.000699635
254.708 -0.0258 0.0068146 -12.5274 12.5281 0.0007039
254.719 -0.0258002 0.00681233 -12.5308 12.5315 0.000708148
254.73 -0.0258002 0.00680925 -12.5342 12.5349 0.000712177
254.742 -0.0257999 0.00680718 -12.5376 12.5383 0.000715436
254.753 -0.0257996 0.00680521 -12.541 12.5417 0.000719394
254.764 -0.025799 0.00680324 -12.5444 12.5451 0.000722909
254.775 -0.0257997 0.00680166 -12.5477 12.5484 0.000726265
254.787 -0.0257997 0.0068 -12.551 12.5518 0.000730988
254.798 -0.0257999 0.00679755 -12.5543 12.5551 0.00073527
254.809 -0.0258008 0.00679519 -12.5576 12.5584 0.000739452
254.82 -0.0258006 0.0067932 -12.5609 12.5617 0.000744473
254.831 -0.0258012 0.00679048 -12.5642 12.5649 0.000749229
254.843 -0.0258024 0.00678861 -12.5674 12.5681 0.000753964
254.854 -0.0258036 0.0067862 -12.5706 12.5713 0.000757735
254.865 -0.0258044 0.0067837 -12.5737 12.5745 0.000760435
254.876 -0.0258052 0.00678164 -12.5769 12.5777 0.000763519
254.888 -0.0258052 0.00678023 -12.58 12.5808 0.000766363
254.899 -0.0258052 0.00677901 -12.5831 12.5839 0.000769515
254.91 -0.0258066 0.00677751 -12.5862 12.587 0.000772017
254.921 -0.0258078 0.00677618 -12.5892 12.59 0.000774934
254.933 -0.0258091 0.00677417 -12.5922 12.593 0.000777469
254.944 -0.0258113 0.0067715 -12.5952 12.596 0.000781582
254.955 -0.0258123 0.00676968 -12.5982 12.5989 0.000785544
254.966 -0.0258134 0.00676871 -12.6011 12.6019 0.0007893
254.978 -0.0258147 0.00676714 -12.604 12.6048 0.000793861
254.989 -0.0258161 0.00676489 -12.6069 12.6077 0.000798308
255 -0.0258171 0.00676228 -12.6098 12.6106 0.000802816
255.011 -0.025818 0.00675943 -12.6126 12.6135 0.000807225
255.022 -0.025819 0.00675736 -12.6155 12.6163 0.000811422
255.034 -0.0258212 0.00675586 -12.6182 12.6191 0.000814887
255.045 -0.0258221 0.00675467 -12.621 12.6218 0.000818381
255.056 -0.0258237 0.00675268 -12.6237 12.6245 0.000822742
255.067 -0.025825 0.00675222 -12.6264 12.6272 0.000826503
255.079 -0.0258263 0.00675097 -12.6291 12.6299 0.000829644
255.09 -0.025828 0.00674907 -12.6317 12.6325 0.0008345
255.101 -0.0258299 0.00674756 -12.6343 12.6352 0.000839047
255.112 -0.0258318 0.00674564 -12.6369 12.6378 0.000842385
255.124 -0.0258329 0.00674379 -12.6395 12.6403 0.000847095
255.135 -0.0258342 0.00674182 -12.642 12.6429 0.000851162
255.146 -0.025835 0.00673954 -12.6445 12.6454 0.000855196
255.157 -0.025836 0.00673684 -12.647 12.6479 0.000860418
255.169 -0.0258369 0.00673459 -12.6495 12.6504 0.00086561
255.18 -0.025837 0.00673205 -12.6519 12.6528 0.000869647
255.191 -0.0258378 0.00672951 -12.6544 12.6552 0.000874626
255.202 -0.0258386 0.00672704 -12.6567 12.6576 0.000879329
255.213 -0.0258397 0.00672473 -12.6591 12.66 0.000884251
255.225 -0.0258408 0.00672179 -12.6614 12.6623 0.000889961
255.236 -0.0258416 0.00671849 -12.6637 12.6646 0.000894803
255.247 -0.0258424 0.00671609 -12.666 12.6669 0.000899125
255.258 -0.0258438 0.00671457 -12.6682 12.6691 0.000903084
255.27 -0.025844 0.006712 -12.6703 12.6712 0.00090675
255.281 -0.025844 0.00670936 -12.6725 12.6734 0.000910832
255.292 -0.0258451 0.00670752 -12.6745 12.6755 0.000914476
255.303 -0.025846 0.00670553 -12.6766 12.6775 0.000918599
255.315 -0.025847 0.00670366 -12.6786 12.6795 0.000921767
255.326 -0.0258478 0.00670181 -12.6805 12.6814 0.000926098
255.337 -0.0258489 0.00670031 -12.6824 12.6833 0.000930221
255.348 -0.0258498 0.00669908 -12.6843 12.6852 0.000935016
255.36 -0.0258507 0.00669753 -12.6861 12.687 0.000939198
255.371 -0.0258515 0.00669495 -12.6878 12.6888 0.000943843
255.382 -0.0258529 0.00669331 -12.6895 12.6904 0.00094719
255.393 -0.0258538 0.006691 -12.6912 12.6921 0.000951251
255.404 -0.0258539 0.00668922 -12.6928 12.6937 0.000955235
255.416 -0.0258528 0.00668735 -12.6943 12.6953 0.000959484
255.427 -0.025852 0.00668523 -12.6959 12.6968 0.000964932
255.438 -0.0258515 0.00668286 -12.6973 12.6983 0.000969896
255.449 -0.0258519 0.00667974 -12.6988 12.6998 0.000974917
255.461 -0.0258525 0.00667717 -12.7002 12.7012 0.000979516
255.472 -0.0258527 0.00667428 -12.7015 12.7025 0.00098418
255.483 -0.025854 0.00667123 -12.7029 12.7038 0.000988184
255.494 -0.0258542 0.0066693 -12.7041 12.7051 0.000992533
255.506 -0.0258548 0.00666759 -12.7054 12.7063 0.00099712
255.517 -0.0258555 0.00666622 -12.7065 12.7075 0.00100107
255.528 -0.0258569 0.00666461 -12.7077 12.7087 0.0010061
255.539 -0.0258578 0.00666263 -12.7088 12.7098 0.00101078
255.551 -0.0258585 0.00666039 -12.7099 12.7109 0.00101546
255.562 -0.02586 0.00665791 -12.7109 12.7119 0.00102066
255.573 -0.0258618 0.00665538 -12.7119 12.7129 0.0010256
255.584 -0.0258637 0.00665355 -12.7129 12.7139 0.00102927
255.596 -0.0258656 0.00665037 -12.7138 12.7148 0.00103372
255.607 -0.0258672 0.00664791 -12.7147 12.7157 0.00103885
255.618 -0.0258683 0.00664546 -12.7156 12.7166 0.00104384
255.629 -0.0258703 0.00664357 -12.7164 12.7175 0.00104882
255.64 -0.0258709 0.00664121 -12.7172 12.7183 0.00105394
255.652 -0.025872 0.00664063 -12.7181 12.7191 0.00105777
255.663 -0.025873 0.00663824 -12.7188 12.7199 0.00106216
255.674 -0.0258742 0.00663555 -12.7196 12.7206 0.00106585
255.685 -0.0258759 0.0066328 -12.7202 12.7213 0.0010685
255.697 -0.0258772 0.00662997 -12.7208 12.7219 0.00107108
255.708 -0.0258784 0.00662718 -12.7214 12.7225 0.00107434
255.719 -0.0258796 0.00662593 -12.7219 12.723 0.00107755
255.73 -0.0258806 0.00662383 -12.7223 12.7234 0.00108179
255.742 -0.0258814 0.00662287 -12.7228 12.7238 0.0010857
255.753 -0.0258817 0.00662057 -12.7231 12.7242 0.00108889
255.764 -0.0258817 0.00661863 -12.7234 12.7245 0.0010926
255.775 -0.0258822 0.00661641 -12.7237 12.7248 0.00109566
255.787 -0.0258837 0.0066143 -12.7239 12.725 0.00109885
255.798 -0.0258856 0.00661188 -12.7241 12.7252 0.00110189
255.809 -0.025887 0.00661008 -12.7242 12.7253 0.00110482
255.82 -0.0258875 0.00660817 -12.7243 12.7254 0.00110785
255.831 -0.0258874 0.00660681 -12.7243 12.7254 0.00111166
255.843 -0.0258875 0.00660433 -12.7242 12.7254 0.00111465
255.854 -0.0258877 0.00660197 -12.7242 12.7253 0.00111724
255.865 -0.0258883 0.00659968 -12.7241 12.7252 0.00112081
255.876 -0.0258895 0.00659845 -12.7239 12.7251 0.00112396
255.888 -0.0258901 0.00659669 -12.7237 12.7249 0.00112733
255.899 -0.0258906 0.00659483 -12.7235 12.7246 0.00113102
255.91 -0.0258908 0.00659304 -12.7232 12.7243 0.00113479
255.921 -0.0258911 0.00659132 -12.7228 12.724 0.00113843
255.933 -0.0258914 0.00658965 -12.7224 12.7236 0.00114216
255.944 -0.025892 0.00658717 -12.722 12.7231 0.00114571
255.955 -0.0258922 0.00658397 -12.7215 12.7226 0.00114925
255.966 -0.0258932 0.0065818 -12.7209 12.7221 0.0011533
255.978 -0.0258943 0.00657973 -12.7203 12.7214 0.00115845
255.989 -0.0258953 0.00657739 -12.7197 12.7208 0.00116128
256 -0.0258967 0.00657586 -12.719 12.7201 0.00116518
256.011 -0.0258981 0.00657448 -12.7182 12.7194 0.0011697
256.022 -0.0259 0.00657338 -12.7175 12.7187 0.00117335
256.034 -0.0259015 0.00657186 -12.7167 12.7179 0.0011773
256.045 -0.0259033 0.0065706 -12.7159 12.717 0.0011812
256.056 -0.025905 0.0065688 -12.715 12.7162 0.00118526
256.067 -0.0259059 0.0065663 -12.7141 12.7153 0.00119141
256.079 -0.0259077 0.0065649 -12.7131 12.7143 0.00119723
256.09 -0.0259094 0.00656341 -12.7122 12.7134 0.00120171
256.101 -0.0259102 0.00656046 -12.7112 12.7124 0.00120673
256.112 -0.0259117 0.00655767 -12.7101 12.7113 0.00121092
256.124 -0.0259139 0.00655563 -12.709 12.7102 0.00121434
256.135 -0.0259153 0.00655302 -12.7078 12.709 0.00121807
256.146 -0.0259163 0.00655029 -12.7066 12.7078 0.0012218
256.157 -0.0259182 0.00654715 -12.7053 12.7066 0.00122491
256.169 -0.0259187 0.00654446 -12.704 12.7052 0.0012284
256.18 -0.0259195 0.00654165 -12.7026 12.7039 0.00123228
256.191 -0.0259204 0.00653913 -12.7012 12.7025 0.00123613
256.202 -0.0259219 0.00653747 -12.6997 12.701 0.0012393
256.213 -0.0259233 0.00653513 -12.6982 12.6994 0.00124243
256.225 -0.0259251 0.00653268 -12.6966 12.6978 0.00124593
256.236 -0.0259262 0.00653096 -12.6949 12.6962 0.00124963
256.247 -0.025927 0.00652862 -12.6932 12.6945 0.00125396
256.258 -0.0259276 0.00652639 -12.6915 12.6927 0.0012581
256.27 -0.0259283 0.00652412 -12.6896 12.6909 0.00126244
256.281 -0.025928 0.00652184 -12.6878 12.689 0.00126557
256.292 -0.0259275 0.00651953 -12.6859 12.6871 0.00126927
256.303 -0.0259271 0.00651719 -12.6839 12.6852 0.00127364
256.315 -0.0259267 0.00651502 -12.6818 12.6831 0.0012768
256.326 -0.0259261 0.00651211 -12.6797 12.681 0.00128007
256.337 -0.0259263 0.00650976 -12.6776 12.6789 0.00128385
256.348 -0.0259266 0.0065068 -12.6753 12.6766 0.00128791
256.36 -0.0259274 0.00650393 -12.6731 12.6744 0.00129082
256.371 -0.0259274 0.00650205 -12.6707 12.672 0.00129491
256.382 -0.0259284 0.00650029 -12.6683 12.6696 0.00129907
256.393 -0.0259287 0.00649859 -12.6659 12.6672 0.00130179
256.404 -0.0259295 0.00649635 -12.6633 12.6646 0.00130553
256.416 -0.0259304 0.00649398 -12.6607 12.662 0.00130946
256.427 -0.0259329 0.00649143 -12.6581 12.6594 0.00131201
256.438 -0.0259346 0.00648899 -12.6554 12.6567 0.00131553
256.449 -0.0259361 0.00648588 -12.6526 12.6539 0.00132006
256.461 -0.025937 0.00648378 -12.6498 12.6511 0.0013244
256.472 -0.0259381 0.00648168 -12.6469 12.6482 0.00132859
256.483 -0.0259396 0.00648001 -12.6439 12.6453 0.00133274
256.494 -0.0259407 0.00647808 -12.641 12.6423 0.00133762
256.506 -0.0259412 0.00647554 -12.6379 12.6393 0.0013423
256.517 -0.0259421 0.00647253 -12.6348 12.6362 0.00134728
256.528 -0.0259425 0.00646886 -12.6317 12.6331 0.00135251
256.539 -0.0259428 0.00646569 -12.6285 12.6299 0.00135653
256.551 -0.0259429 0.00646338 -12.6253 12.6266 0.00136026
256.562 -0.0259432 0.00646104 -12.622 12.6234 0.0013642
256.573 -0.025944 0.00645907 -12.6187 12.62 0.00136829
256.584 -0.025945 0.00645711 -12.6153 12.6166 0.00137143
256.596 -0.0259458 0.00645521 -12.6118 12.6132 0.00137466
256.607 -0.0259464 0.00645334 -12.6083 12.6097 0.00137828
256.618 -0.0259473 0.00645159 -12.6048 12.6061 0.00138192
256.629 -0.0259472 0.00644993 -12.6011 12.6025 0.00138626
256.64 -0.0259478 0.00644765 -12.5975 12.5989 0.00139043
256.652 -0.0259473 0.00644597 -12.5938 12.5952 0.00139513
256.663 -0.0259467 0.00644434 -12.5901 12.5915 0.00139943
256.674 -0.0259474 0.00644203 -12.5863 12.5877 0.00140377
256.685 -0.0259478 0.00643967 -12.5824 12.5838 0.00140793
256.697 -0.0259483 0.00643728 -12.5785 12.58 0.00141279
256.708 -0.0259486 0.00643539 -12.5746 12.576 0.00141679
256.719 -0.0259486 0.0064329 -12.5705 12.572 0.00142047
256.73 -0.0259482 0.00643072 -12.5665 12.5679 0.00142457
256.742 -0.0259485 0.00642876 -12.5623 12.5638 0.00142882
256.753 -0.0259477 0.00642685 -12.5581 12.5596 0.00143225
256.764 -0.0259481 0.00642423 -12.5539 12.5553 0.00143488
256.775 -0.0259484 0.00642175 -12.5496 12.551 0.00143811
256.787 -0.0259485 0.00641929 -12.5452 12.5466 0.00144279
256.798 -0.0259487 0.00641758 -12.5407 12.5422 0.00144603
256.809 -0.025949 0.00641679 -12.5362 12.5377 0.0014498
256.82 -0.0259482 0.00641515 -12.5317 12.5331 0.00145354
256.831 -0.0259478 0.0064128 -12.5271 12.5286 0.00145712
256.843 -0.0259476 0.00641045 -12.5224 12.5239 0.00146143
256.854 -0.0259474 0.00640807 -12.5177 12.5192 0.00146643
256.865 -0.0259472 0.00640665 -12.513 12.5145 0.00147071
256.876 -0.0259471 0.00640535 -12.5082 12.5097 0.00147592
256.888 -0.0259464 0.00640358 -12.5033 12.5048 0.00148059
256.899 -0.0259452 0.00640105 -12.4984 12.4999 0.00148486
256.91 -0.0259443 0.00639872 -12.4935 12.495 0.00148887
256.921 -0.0259443 0.00639658 -12.4885 12.49 0.0014931
256.933 -0.0259445 0.00639532 -12.4834 12.4849 0.00149673
256.944 -0.0259438 0.00639225 -12.4783 12.4798 0.00150054
256.955 -0.0259433 0.00639099 -12.4732 12.4747 0.00150427
256.966 -0.0259429 0.00638948 -12.468 12.4695 0.00150827
256.978 -0.0259431 0.00638751 -12.4627 12.4642 0.00151158
256.989 -0.0259428 0.0063846 -12.4574 12.4589 0.00151526
257 -0.0259428 0.0063826 -12.4521 12.4536 0.0015176
257.011 -0.0259432 0.006381 -12.4466 12.4482 0.00152013
257.022 -0.0259428 0.00637976 -12.4412 12.4427 0.00152309
257.034 -0.0259427 0.00637749 -12.4357 12.4372 0.00152623
257.045 -0.0259434 0.00637562 -12.4301 12.4316 0.0015281
257.056 -0.0259434 0.00637362 -12.4245 12.426 0.00153058
257.067 -0.0259438 0.00637175 -12.4188 12.4204 0.00153288
257.079 -0.0259444 0.00636888 -12.4131 12.4147 0.00153578
257.09 -0.0259445 0.00636657 -12.4074 12.4089 0.00153977
257.101 -0.0259447 0.00636438 -12.4016 12.4031 0.00154266
257.112 -0.0259452 0.00636204 -12.3957 12.3973 0.00154615
257.124 -0.0259454 0.00635842 -12.3898 12.3914 0.00154945
257.135 -0.025946 0.00635613 -12.3839 12.3854 0.00155273
257.146 -0.0259456 0.00635407 -12.3779 12.3794 0.00155679
257.157 -0.0259457 0.0063517 -12.3718 12.3734 0.00156003
257.169 -0.0259458 0.00634964 -12.3658 12.3673 0.00156265
257.18 -0.0259457 0.00634722 -12.3596 12.3612 0.00156615
257.191 -0.0259458 0.00634506 -12.3535 12.3551 0.00156942
257.202 -0.025946 0.00634301 -12.3473 12.3489 0.0015725
257.213 -0.0259463 0.00634141 -12.3411 12.3427 0.00157558
257.225 -0.0259458 0.00633859 -12.3349 12.3365 0.00157905
257.236 -0.025945 0.00633618 -12.3287 12.3303 0.00158201
257.247 -0.0259442 0.00633374 -12.3224 12.324 0.00158542
257.258 -0.025944 0.00633163 -12.3161 12.3177 0.00158921
257.27 -0.025943 0.00632913 -12.3098 12.3114 0.00159231
257.281 -0.025942 0.00632564 -12.3035 12.3051 0.00159632
257.292 -0.0259411 0.00632341 -12.2971 12.2987 0.00160027
257.303 -0.0259407 0.00632135 -12.2907 12.2923 0.00160371
257.315 -0.0259399 0.00631907 -12.2843 12.2859 0.00160679
257.326 -0.0259388 0.00631687 -12.2778 12.2794 0.00160929
257.337 -0.0259389 0.00631555 -12.2714 12.273 0.00161153
257.348 -0.0259386 0.0063144 -12.2649 12.2665 0.00161412
257.36 -0.0259387 0.00631322 -12.2583 12.26 0.0016164
257.371 -0.025938 0.00631202 -12.2518 12.2535 0.00162015
257.382 -0.0259376 0.00631025 -12.2453 12.2469 0.00162352
257.393 -0.0259373 0.00630826 -12.2387 12.2404 0.00162673
257.404 -0.0259367 0.0063061 -12.2322 12.2338 0.00163006
257.416 -0.0259362 0.00630426 -12.2256 12.2273 0.00163393
257.427 -0.025935 0.00630233 -12.2191 12.2207 0.00163797
257.438 -0.0259338 0.00629985 -12.2125 12.2142 0.00164203
257.449 -0.025933 0.00629796 -12.206 12.2077 0.00164555
257.461 -0.0259323 0.00629522 -12.1994 12.2011 0.00164929
257.472 -0.0259324 0.00629415 -12.1929 12.1945 0.00165303
257.483 -0.0259322 0.00629296 -12.1863 12.1879 0.0016562
257.494 -0.0259323 0.00629242 -12.1797 12.1813 0.00166005
257.506 -0.025931 0.00629168 -12.1731 12.1748 0.00166372
257.517 -0.0259307 0.00629079 -12.1665 12.1681 0.00166759
257.528 -0.0259303 0.0062898 -12.1599 12.1616 0.00167197
257.539 -0.0259298 0.00628882 -12.1533 12.155 0.00167705
257.551 -0.0259293 0.00628781 -12.1467 12.1484 0.00168237
257.562 -0.0259291 0.00628704 -12.1402 12.1419 0.00168685
257.573 -0.025928 0.00628604 -12.1336 12.1353 0.00169084
257.584 -0.025927 0.00628521 -12.1271 12.1288 0.00169499
257.596 -0.0259265 0.00628419 -12.1205 12.1222 0.001699
257.607 -0.0259262 0.00628363 -12.114 12.1157 0.00170261
257.618 -0.0259259 0.00628353 -12.1075 12.1092 0.00170574
257.629 -0.0259256 0.0062824 -12.1009 12.1026 0.00170851
257.64 -0.0259244 0.00628087 -12.0944 12.0961 0.00171199
257.652 -0.0259238 0.00627862 -12.0879 12.0896 0.00171693
257.663 -0.0259226 0.00627673 -12.0813 12.083 0.00172034
257.674 -0.0259221 0.00627538 -12.0748 12.0765 0.00172287
257.685 -0.0259219 0.00627437 -12.0682 12.0699 0.00172509
257.697 -0.0259217 0.00627352 -12.0616 12.0634 0.00172787
257.708 -0.0259218 0.00627285 -12.0551 12.0568 0.00173072
257.719 -0.0259215 0.00627165 -12.0484 12.0502 0.0017339
257.73 -0.0259205 0.00627038 -12.0418 12.0436 0.00173663
257.742 -0.0259189 0.00626852 -12.0353 12.037 0.00174077
257.753 -0.0259176 0.00626614 -12.0287 12.0304 0.00174529
257.764 -0.0259167 0.0062643 -12.0221 12.0238 0.00174978
257.775 -0.025916 0.00626288 -12.0155 12.0173 0.00175244
257.787 -0.0259148 0.00626188 -12.009 12.0107 0.00175587
257.798 -0.0259136 0.00626219 -12.0024 12.0042 0.00175908
257.809 -0.0259132 0.00626227 -11.9959 11.9976 0.00176148
257.82 -0.0259137 0.0062623 -11.9893 11.9911 0.00176522
257.831 -0.0259131 0.00626108 -11.9828 11.9846 0.00176884
257.843 -0.0259127 0.00625956 -11.9764 11.9781 0.00177154
257.854 -0.0259127 0.00625985 -11.9699 11.9716 0.00177452
257.865 -0.0259132 0.0062583 -11.9634 11.9652 0.00177656
257.876 -0.0259136 0.00625668 -11.957 11.9588 0.0017781
257.888 -0.0259138 0.00625496 -11.9505 11.9523 0.00178051
257.899 -0.0259139 0.0062536 -11.9441 11.9459 0.00178396
257.91 -0.025914 0.00625222 -11.9378 11.9396 0.00178726
257.921 -0.025914 0.00625198 -11.9314 11.9332 0.00179091
257.933 -0.0259136 0.00625135 -11.9251 11.9269 0.00179431
257.944 -0.0259129 0.00625022 -11.9189 11.9207 0.00179738
257.955 -0.025912 0.00624972 -11.9126 11.9144 0.00180183
257.966 -0.0259114 0.00624887 -11.9064 11.9082 0.00180583
257.978 -0.0259113 0.00624801 -11.9003 11.9021 0.00180851
257.989 -0.0259102 0.00624721 -11.8942 11.896 0.00181278
258 -0.0259095 0.00624583 -11.8881 11.8899 0.00181696
258.011 -0.0259094 0.00624443 -11.882 11.8839 0.00182125
258.022 -0.025909 0.00624326 -11.876 11.8779 0.00182564
258.034 -0.0259072 0.00624192 -11.8701 11.8719 0.00182947
258.045 -0.0259057 0.0062403 -11.8641 11.866 0.00183421
258.056 -0.0259047 0.00623737 -11.8582 11.86 0.00183839
258.067 -0.0259039 0.00623551 -11.8523 11.8542 0.00184197
258.079 -0.0259029 0.00623377 -11.8465 11.8483 0.00184527
258.09 -0.0259019 0.00623189 -11.8406 11.8424 0.00184895
258.101 -0.0259016 0.00623046 -11.8348 11.8366 0.00185266
258.112 -0.025901 0.00622926 -11.829 11.8308 0.0018556
258.124 -0.0259008 0.00622741 -11.8232 11.8251 0.00185898
258.135 -0.0259009 0.00622623 -11.8175 11.8193 0.00186186
258.146 -0.0259013 0.0062246 -11.8118 11.8136 0.00186452
258.157 -0.0259014 0.00622322 -11.8061 11.8079 0.00186788
258.169 -0.0259014 0.00622143 -11.8004 11.8023 0.00187134
258.18 -0.0259009 0.00621919 -11.7948 11.7967 0.00187441
258.191 -0.0259005 0.00621765 -11.7892 11.7911 0.00187848
258.202 -0.0258999 0.00621643 -11.7837 11.7856 0.00188195
258.213 -0.0258994 0.00621588 -11.7782 11.7801 0.00188585
258.225 -0.0258987 0.00621534 -11.7727 11.7746 0.0018902
258.236 -0.0258972 0.00621399 -11.7673 11.7692 0.00189536
258.247 -0.0258965 0.00621325 -11.762 11.7639 0.00189946
258.258 -0.0258955 0.00621258 -11.7567 11.7586 0.00190444
258.27 -0.0258949 0.00621187 -11.7515 11.7534 0.00190817
258.281 -0.0258933 0.00621068 -11.7463 11.7482 0.00191169
258.292 -0.0258933 0.00621017 -11.7412 11.7431 0.00191638
258.303 -0.0258932 0.00621017 -11.7361 11.7381 0.00191958
258.315 -0.0258927 0.00621018 -11.7311 11.7331 0.00192276
258.326 -0.0258919 0.00620972 -11.7262 11.7281 0.00192607
258.337 -0.0258906 0.00620964 -11.7213 11.7232 0.00193014
258.348 -0.0258896 0.00621013 -11.7165 11.7184 0.00193373
258.36 -0.02589 0.00620998 -11.7117 11.7136 0.00193802
258.371 -0.0258909 0.0062092 -11.7069 11.7089 0.00194199
258.382 -0.0258916 0.0062085 -11.7023 11.7042 0.00194526
258.393 -0.0258918 0.00620785 -11.6976 11.6996 0.00194817
258.404 -0.0258922 0.00620618 -11.6931 11.695 0.00195175
258.416 -0.0258924 0.00620459 -11.6886 11.6905 0.00195466
258.427 -0.0258918 0.00620346 -11.6841 11.686 0.00195751
258.438 -0.0258917 0.0062019 -11.6797 11.6817 0.00196031
258.449 -0.0258918 0.00620005 -11.6753 11.6773 0.00196256
258.461 -0.0258918 0.00619809 -11.671 11.673 0.00196525
258.472 -0.0258924 0.00619571 -11.6668 11.6687 0.00196815
258.483 -0.0258927 0.00619351 -11.6626 11.6645 0.00197141
258.494 -0.0258929 0.00619119 -11.6584 11.6604 0.00197526
258.506 -0.0258928 0.00618877 -11.6543 11.6563 0.00197697
258.517 -0.025893 0.00618647 -11.6502 11.6522 0.00197783
258.528 -0.0258939 0.00618477 -11.6462 11.6481 0.00197875
258.539 -0.0258952 0.00618332 -11.6421 11.6441 0.00197982
258.551 -0.0258958 0.00618087 -11.6382 11.6402 0.00198221
258.562 -0.025896 0.00617855 -11.6342 11.6362 0.00198464
258.573 -0.0258966 0.00617645 -11.6304 11.6324 0.00198702
258.584 -0.0258955 0.00617422 -11.6266 11.6286 0.00199161
258.596 -0.0258947 0.00617233 -11.6228 11.6248 0.00199709
258.607 -0.0258938 0.00617037 -11.6192 11.6212 0.00200204
258.618 -0.0258929 0.00616868 -11.6156 11.6176 0.00200577
258.629 -0.0258924 0.00616733 -11.6121 11.6141 0.00201012
258.64 -0.0258913 0.00616548 -11.6086 11.6107 0.00201424
258.652 -0.0258898 0.00616434 -11.6053 11.6073 0.00201918
258.663 -0.0258884 0.00616269 -11.602 11.604 0.00202398
258.674 -0.0258867 0.00616165 -11.5988 11.6008 0.00202854
258.685 -0.0258844 0.00616067 -11.5956 11.5977 0.0020321
258.697 -0.0258827 0.00615925 -11.5926 11.5946 0.00203702
258.708 -0.0258818 0.00615751 -11.5895 11.5916 0.00204144
258.719 -0.0258815 0.00615638 -11.5866 11.5886 0.00204486
258.73 -0.0258812 0.00615493 -11.5837 11.5857 0.0020482
258.742 -0.0258814 0.00615316 -11.5809 11.5829 0.00205101
258.753 -0.0258822 0.00615142 -11.5781 11.5801 0.00205349
258.764 -0.0258825 0.00615088 -11.5753 11.5774 0.00205762
258.775 -0.0258823 0.00614921 -11.5726 11.5747 0.00206223
258.787 -0.0258822 0.00614805 -11.5701 11.5721 0.00206597
258.798 -0.0258826 0.00614702 -11.5675 11.5696 0.00206965
258.809 -0.0258824 0.00614572 -11.565 11.5671 0.00207387
258.82 -0.025882 0.00614457 -11.5626 11.5647 0.00207743
258.831 -0.025882 0.00614319 -11.5603 11.5623 0.00208176
258.843 -0.0258819 0.0061423 -11.558 11.5601 0.00208612
258.854 -0.0258819 0.00614112 -11.5558 11.5579 0.00209006
258.865 -0.0258822 0.00613864 -11.5536 11.5557 0.00209414
258.876 -0.0258824 0.00613669 -11.5515 11.5536 0.00209833
258.888 -0.0258826 0.00613499 -11.5495 11.5516 0.00210237
258.899 -0.0258832 0.00613307 -11.5475 11.5497 0.00210726
258.91 -0.0258836 0.00613135 -11.5457 11.5478 0.00211133
258.921 -0.0258836 0.00612944 -11.5439 11.546 0.00211491
258.933 -0.0258838 0.00612756 -11.5421 11.5442 0.00211887
258.944 -0.025884 0.00612499 -11.5404 11.5425 0.00212323
258.955 -0.0258845 0.00612277 -11.5387 11.5409 0.00212736
258.966 -0.0258849 0.00612057 -11.5372 11.5393 0.00213225
258.978 -0.0258854 0.00611983 -11.5357 11.5378 0.00213669
258.989 -0.025886 0.00611787 -11.5342 11.5364 0.00214003
259 -0.0258866 0.00611551 -11.5328 11.535 0.00214397
259.011 -0.0258878 0.00611472 -11.5315 11.5336 0.00214815
259.022 -0.0258882 0.00611218 -11.5302 11.5323 0.00215282
259.034 -0.0258876 0.00610982 -11.529 11.5311 0.00215877
259.045 -0.0258874 0.00610711 -11.5278 11.53 0.00216492
259.056 -0.0258869 0.00610469 -11.5267 11.5289 0.0021705
259.067 -0.0258873 0.00610276 -11.5257 11.5279 0.00217519
259.079 -0.0258875 0.00610041 -11.5247 11.5269 0.00218019
259.09 -0.0258878 0.00609867 -11.5238 11.526 0.00218377
259.101 -0.0258879 0.00609687 -11.523 11.5252 0.00218801
259.112 -0.025888 0.00609456 -11.5222 11.5244 0.00219321
259.124 -0.0258878 0.00609185 -11.5214 11.5236 0.00219752
259.135 -0.0258876 0.00608977 -11.5207 11.5229 0.00220313
259.146 -0.0258879 0.00608751 -11.5201 11.5224 0.00220832
259.157 -0.0258874 0.00608484 -11.5196 11.5218 0.00221292
259.169 -0.0258873 0.00608231 -11.5191 11.5213 0.0022184
259.18 -0.0258869 0.00608007 -11.5186 11.5208 0.00222322
259.191 -0.0258858 0.00607734 -11.5182 11.5204 0.00222801
259.202 -0.0258848 0.0060757 -11.5178 11.5201 0.00223361
259.213 -0.0258838 0.00607403 -11.5175 11.5198 0.00223834
259.225 -0.0258829 0.00607246 -11.5173 11.5195 0.00224287
259.236 -0.0258821 0.0060712 -11.517 11.5192 0.00224728
259.247 -0.0258812 0.00606942 -11.5167 11.519 0.00225064
259.258 -0.025881 0.00606738 -11.5165 11.5188 0.00225445
259.27 -0.0258812 0.00606574 -11.5163 11.5186 0.00225868
259.281 -0.0258812 0.00606308 -11.5162 11.5184 0.00226294
259.292 -0.0258814 0.00606078 -11.516 11.5183 0.00226652
259.303 -0.0258815 0.00605852 -11.5159 11.5182 0.00227069
259.315 -0.0258812 0.00605636 -11.5159 11.5181 0.00227452
259.326 -0.0258817 0.00605425 -11.5158 11.5181 0.0022781
259.337 -0.0258819 0.00605244 -11.5158 11.5181 0.00228282
259.348 -0.0258818 0.00605026 -11.5158 11.5181 0.00228626
259.36 -0.0258817 0.00604731 -11.5159 11.5182 0.00229004
259.371 -0.0258818 0.00604467 -11.5161 11.5184 0.00229459
259.382 -0.0258815 0.00604154 -11.5162 11.5185 0.00229951
259.393 -0.0258814 0.0060388 -11.5165 11.5188 0.00230412
259.404 -0.0258816 0.00603706 -11.5168 11.5191 0.00230871
259.416 -0.0258826 0.00603532 -11.5171 11.5194 0.00231374
259.427 -0.0258829 0.0060332 -11.5174 11.5198 0.00231854
259.438 -0.0258827 0.00603135 -11.5178 11.5201 0.0023236
259.449 -0.0258826 0.00602976 -11.5182 11.5206 0.00232739
259.461 -0.0258835 0.00602776 -11.5187 11.5211 0.00233346
259.472 -0.0258841 0.00602624 -11.5192 11.5216 0.00233926
259.483 -0.0258845 0.00602451 -11.5198 11.5221 0.00234449
259.494 -0.0258844 0.00602321 -11.5204 11.5228 0.00235013
259.506 -0.0258839 0.00602116 -11.521 11.5234 0.00235498
259.517 -0.025884 0.00601956 -11.5217 11.5241 0.00235987
259.528 -0.0258846 0.00601725 -11.5224 11.5248 0.0023646
259.539 -0.0258851 0.00601466 -11.5232 11.5256 0.00236972
259.551 -0.0258859 0.00601262 -11.524 11.5264 0.00237479
259.562 -0.0258864 0.00600964 -11.5248 11.5272 0.00238
259.573 -0.0258869 0.00600662 -11.5257 11.5281 0.00238602
259.584 -0.0258868 0.006004 -11.5266 11.529 0.00239178
259.596 -0.0258874 0.00600151 -11.5276 11.5299 0.00239722
259.607 -0.0258879 0.00599888 -11.5285 11.5309 0.00240338
259.618 -0.025888 0.00599619 -11.5295 11.532 0.0024093
259.629 -0.025888 0.00599373 -11.5306 11.533 0.00241573
259.64 -0.0258884 0.00599011 -11.5317 11.5341 0.00242226
259.652 -0.0258885 0.00598708 -11.5328 11.5352 0.00242833
259.663 -0.025889 0.0059844 -11.534 11.5364 0.00243398
259.674 -0.0258891 0.00598151 -11.5351 11.5376 0.00244027
259.685 -0.0258899 0.00597854 -11.5363 11.5388 0.00244684
259.697 -0.0258901 0.00597603 -11.5376 11.54 0.00245241
259.708 -0.0258902 0.0059729 -11.5388 11.5412 0.00245884
259.719 -0.0258905 0.00597054 -11.5401 11.5425 0.00246455
259.73 -0.0258906 0.0059687 -11.5414 11.5438 0.00246927
259.742 -0.0258912 0.00596701 -11.5426 11.5451 0.00247473
259.753 -0.0258918 0.00596564 -11.5439 11.5464 0.00247982
259.764 -0.0258916 0.00596379 -11.5453 11.5478 0.00248463
259.775 -0.0258924 0.00596188 -11.5466 11.5491 0.00249008
259.787 -0.0258925 0.00596049 -11.548 11.5505 0.00249457
259.798 -0.025893 0.0059593 -11.5493 11.5518 0.0024987
259.809 -0.0258935 0.00595749 -11.5507 11.5532 0.00250432
259.82 -0.0258937 0.00595468 -11.552 11.5546 0.00250965
259.831 -0.0258933 0.00595286 -11.5535 11.556 0.00251431
259.843 -0.025893 0.00595031 -11.5549 11.5574 0.00251961
259.854 -0.0258925 0.00594803 -11.5563 11.5589 0.00252503
259.865 -0.0258921 0.00594559 -11.5578 11.5603 0.00252949
259.876 -0.0258918 0.00594345 -11.5593 11.5618 0.00253558
259.888 -0.0258915 0.005941 -11.5607 11.5633 0.0025414
259.899 -0.0258915 0.00593887 -11.5623 11.5648 0.00254666
259.91 -0.0258923 0.00593665 -11.5638 11.5663 0.00255137
259.921 -0.0258928 0.00593387 -11.5653 11.5679 0.00255626
259.933 -0.0258936 0.00593006 -11.5668 11.5694 0.00256162
259.944 -0.0258935 0.00592759 -11.5684 11.571 0.00256692
259.955 -0.0258942 0.00592519 -11.57 11.5725 0.002571
259.966 -0.0258936 0.00592326 -11.5716 11.5741 0.00257588
259.978 -0.0258937 0.00592107 -11.5731 11.5757 0.00258089
259.989 -0.0258938 0.00591808 -11.5747 11.5773 0.00258653
260 -0.0258939 0.005916 -11.5763 11.5789 0.00259131
260.011 -0.0258937 0.00591414 -11.5779 11.5805 0.00259746
260.022 -0.025894 0.00591249 -11.5795 11.5821 0.0026031
260.034 -0.0258951 0.00591071 -11.5812 11.5838 0.00260866
260.045 -0.0258962 0.00590779 -11.5828 11.5854 0.00261372
260.056 -0.0258958 0.00590555 -11.5845 11.5871 0.00261878
260.067 -0.0258965 0.00590354 -11.5862 11.5888 0.00262386
260.079 -0.0258973 0.00590127 -11.5878 11.5904 0.00262963
260.09 -0.0258982 0.00589875 -11.5895 11.5921 0.002635
260.101 -0.0258986 0.00589713 -11.5912 11.5939 0.00264103
260.112 -0.0258989 0.00589514 -11.593 11.5956 0.00264609
260.124 -0.025899 0.0058934 -11.5947 11.5974 0.00265236
260.135 -0.025899 0.00589137 -11.5964 11.5991 0.00265789
260.146 -0.0258985 0.00588971 -11.5982 11.6008 0.00266369
260.157 -0.0258993 0.00588771 -11.5999 11.6026 0.00266925
260.169 -0.0258987 0.00588604 -11.6017 11.6044 0.00267514
260.18 -0.0258993 0.00588372 -11.6034 11.6061 0.00268099
260.191 -0.0258997 0.00588163 -11.6052 11.6079 0.00268698
260.202 -0.025901 0.00587995 -11.607 11.6097 0.00269224
260.213 -0.0259018 0.00587823 -11.6088 11.6115 0.00269723
260.225 -0.0259032 0.00587667 -11.6105 11.6132 0.00270163
260.236 -0.0259037 0.00587591 -11.6123 11.615 0.00270624
260.247 -0.0259044 0.0058746 -11.614 11.6167 0.00271148
260.258 -0.0259043 0.00587391 -11.6158 11.6185 0.00271672
260.27 -0.0259042 0.00587278 -11.6176 11.6203 0.00272283
260.281 -0.0259037 0.00587149 -11.6193 11.622 0.00272903
260.292 -0.0259038 0.00586989 -11.621 11.6238 0.00273493
260.303 -0.0259041 0.00586857 -11.6228 11.6255 0.00274034
260.315 -0.0259043 0.00586703 -11.6245 11.6272 0.00274585
260.326 -0.0259036 0.00586581 -11.6262 11.629 0.00275094
260.337 -0.0259039 0.00586448 -11.6279 11.6307 0.00275568
260.348 -0.0259041 0.0058627 -11.6296 11.6324 0.00276137
260.36 -0.0259042 0.00586062 -11.6313 11.634 0.00276681
260.371 -0.0259043 0.00585888 -11.6329 11.6357 0.00277188
260.382 -0.0259045 0.00585619 -11.6346 11.6374 0.00277788
260.393 -0.0259043 0.00585303 -11.6363 11.639 0.00278347
260.404 -0.0259041 0.00585016 -11.6379 11.6407 0.00278847
260.416 -0.025904 0.00584815 -11.6395 11.6423 0.00279408
260.427 -0.025904 0.00584611 -11.6412 11.644 0.0027999
260.438 -0.0259039 0.00584398 -11.6428 11.6456 0.00280611
260.449 -0.0259038 0.00584061 -11.6444 11.6472 0.00281201
260.461 -0.0259036 0.00583726 -11.646 11.6489 0.00281759
260.472 -0.0259029 0.00583398 -11.6477 11.6505 0.00282338
260.483 -0.025902 0.00583104 -11.6493 11.6521 0.00282875
260.494 -0.0259017 0.00582789 -11.6508 11.6537 0.00283481
260.506 -0.0259014 0.00582534 -11.6525 11.6553 0.00284069
260.517 -0.0259022 0.00582251 -11.6541 11.6569 0.00284683
260.528 -0.0259019 0.00581991 -11.6557 11.6585 0.00285284
260.539 -0.0259019 0.00581738 -11.6573 11.6601 0.00285921
260.551 -0.0259015 0.00581445 -11.6589 11.6617 0.00286579
260.562 -0.0259016 0.00581172 -11.6605 11.6633 0.00287198
260.573 -0.0259011 0.00580802 -11.6621 11.665 0.00287779
260.584 -0.0259009 0.00580418 -11.6637 11.6666 0.00288352
260.596 -0.0258999 0.00580099 -11.6653 11.6682 0.00288972
260.607 -0.0258983 0.00579854 -11.6669 11.6698 0.00289627
260.618 -0.0258971 0.0057952 -11.6684 11.6714 0.00290368
260.629 -0.0258956 0.00579169 -11.67 11.673 0.00290983
260.64 -0.0258937 0.00578895 -11.6716 11.6745 0.0029169
260.652 -0.0258929 0.0057856 -11.6732 11.6761 0.00292422
260.663 -0.0258921 0.00578172 -11.6747 11.6777 0.0029303
260.674 -0.0258916 0.00577848 -11.6763 11.6792 0.00293619
260.685 -0.0258906 0.0057745 -11.6778 11.6808 0.00294302
260.697 -0.0258902 0.00577096 -11.6794 11.6823 0.00294969
260.708 -0.0258898 0.0057677 -11.6809 11.6838 0.00295585
260.719 -0.0258886 0.00576394 -11.6824 11.6854 0.00296169
260.73 -0.0258876 0.00576012 -11.6839 11.6868 0.0029672
260.742 -0.0258865 0.00575694 -11.6853 11.6883 0.00297332
260.753 -0.0258852 0.00575404 -11.6868 11.6897 0.00297982
260.764 -0.0258834 0.00575078 -11.6882 11.6912 0.00298609
260.775 -0.0258825 0.00574858 -11.6896 11.6926 0.00299223
260.787 -0.0258817 0.00574551 -11.6911 11.6941 0.00299853
260.798 -0.0258811 0.00574242 -11.6924 11.6954 0.00300324
260.809 -0.0258797 0.00573972 -11.6938 11.6968 0.00300802
260.82 -0.0258789 0.00573667 -11.6952 11.6982 0.0030132
260.831 -0.0258775 0.0057334 -11.6965 11.6995 0.00301759
260.843 -0.0258757 0.00573087 -11.6978 11.7009 0.00302172
260.854 -0.0258739 0.00572796 -11.6991 11.7022 0.00302671
260.865 -0.0258722 0.0057253 -11.7004 11.7035 0.00303211
260.876 -0.0258699 0.00572218 -11.7017 11.7047 0.00303765
260.888 -0.0258676 0.00571909 -11.703 11.706 0.00304308
260.899 -0.0258654 0.00571679 -11.7042 11.7073 0.00304791
260.91 -0.0258632 0.0057148 -11.7055 11.7085 0.00305302
260.921 -0.0258606 0.00571244 -11.7067 11.7098 0.00305838
260.933 -0.0258595 0.00571016 -11.7079 11.711 0.00306455
260.944 -0.0258586 0.00570718 -11.7091 11.7122 0.00306997
260.955 -0.0258575 0.00570426 -11.7103 11.7134 0.00307623
260.966 -0.0258559 0.00570068 -11.7115 11.7146 0.0030823
260.978 -0.0258543 0.0056977 -11.7128 11.7159 0.00308807
260.989 -0.0258519 0.00569471 -11.714 11.717 0.00309351
261 -0.0258499 0.00569127 -11.7152 11.7183 0.00309908
261.011 -0.025848 0.00568778 -11.7164 11.7195 0.00310502
261.022 -0.0258463 0.00568453 -11.7175 11.7207 0.00311056
261.034 -0.0258455 0.0056815 -11.7187 11.7218 0.00311615
261.045 -0.025845 0.0056784 -11.7199 11.7231 0.0031212
261.056 -0.0258447 0.00567507 -11.7211 11.7242 0.00312725
261.067 -0.0258437 0.005672 -11.7223 11.7255 0.00313321
261.079 -0.0258428 0.00566871 -11.7235 11.7267 0.00313869
261.09 -0.0258422 0.0056659 -11.7248 11.7279 0.00314472
261.101 -0.0258418 0.00566269 -11.726 11.7291 0.00315147
261.112 -0.0258409 0.00565907 -11.7272 11.7304 0.00315763
261.124 -0.0258404 0.00565594 -11.7284 11.7316 0.00316359
261.135 -0.0258399 0.00565288 -11.7297 11.7328 0.00316957
261.146 -0.0258388 0.00564976 -11.7309 11.7341 0.00317507
261.157 -0.025838 0.00564653 -11.7322 11.7354 0.00318129
261.169 -0.0258375 0.00564319 -11.7335 11.7366 0.00318637
261.18 -0.0258375 0.0056402 -11.7347 11.7379 0.00319193
261.191 -0.025837 0.0056372 -11.736 11.7392 0.00319683
261.202 -0.0258367 0.00563373 -11.7373 11.7405 0.00320224
261.213 -0.0258367 0.00563099 -11.7386 11.7418 0.00320802
261.225 -0.0258366 0.00562734 -11.7399 11.7431 0.00321383
261.236 -0.0258367 0.00562453 -11.7411 11.7444 0.00321893
261.247 -0.0258368 0.00562195 -11.7425 11.7457 0.00322449
261.258 -0.0258368 0.00561974 -11.7438 11.747 0.00322966
261.27 -0.0258376 0.00561682 -11.7451 11.7483 0.00323498
261.281 -0.0258381 0.00561389 -11.7464 11.7496 0.00323985
261.292 -0.0258387 0.00561071 -11.7477 11.751 0.00324497
261.303 -0.0258389 0.00560832 -11.749 11.7523 0.00324997
261.315 -0.0258394 0.00560574 -11.7504 11.7536 0.00325488
261.326 -0.02584 0.00560386 -11.7517 11.755 0.00325986
261.337 -0.0258411 0.00560153 -11.753 11.7563 0.00326529
261.348 -0.0258414 0.00559948 -11.7544 11.7577 0.00326909
261.36 -0.0258422 0.00559711 -11.7558 11.759 0.00327342
261.371 -0.0258429 0.00559545 -11.7571 11.7604 0.00327802
261.382 -0.0258437 0.00559372 -11.7585 11.7618 0.00328248
261.393 -0.0258444 0.00559223 -11.7598 11.7631 0.00328714
261.404 -0.0258456 0.00559023 -11.7611 11.7644 0.00329193
261.416 -0.0258463 0.00558796 -11.7625 11.7658 0.00329678
261.427 -0.0258468 0.00558556 -11.7639 11.7672 0.00330186
261.438 -0.0258477 0.00558357 -11.7652 11.7685 0.00330653
261.449 -0.0258485 0.00558147 -11.7666 11.7699 0.00331048
261.461 -0.0258487 0.0055798 -11.768 11.7713 0.00331524
261.472 -0.0258496 0.00557825 -11.7694 11.7727 0.0033204
261.483 -0.0258494 0.0055766 -11.7707 11.7741 0.00332401
261.494 -0.0258493 0.00557473 -11.7721 11.7755 0.00332894
261.506 -0.0258492 0.00557316 -11.7735 11.7769 0.0033333
261.517 -0.0258485 0.0055706 -11.775 11.7783 0.00333735
261.528 -0.0258478 0.00556852 -11.7763 11.7797 0.00334278
261.539 -0.0258469 0.00556586 -11.7778 11.7811 0.00334864
261.551 -0.0258469 0.00556349 -11.7792 11.7826 0.00335371
261.562 -0.025847 0.00556132 -11.7806 11.784 0.00335906
261.573 -0.0258464 0.00555939 -11.7821 11.7855 0.00336322
261.584 -0.0258463 0.00555734 -11.7836 11.7869 0.00336892
261.596 -0.0258457 0.00555627 -11.785 11.7884 0.00337381
261.607 -0.0258447 0.00555429 -11.7865 11.7898 0.00337896
261.618 -0.0258439 0.00555351 -11.7879 11.7913 0.00338316
261.629 -0.0258429 0.00555268 -11.7894 11.7928 0.00338785
261.64 -0.0258426 0.00555254 -11.7908 11.7942 0.00339212
261.652 -0.0258415 0.00555216 -11.7923 11.7957 0.00339651
261.663 -0.0258409 0.00555154 -11.7937 11.7971 0.00340156
261.674 -0.0258403 0.00554987 -11.7952 11.7986 0.00340654
261.685 -0.0258393 0.00554895 -11.7967 11.8001 0.00341166
261.697 -0.0258385 0.0055478 -11.7982 11.8016 0.00341694
261.708 -0.0258385 0.0055465 -11.7997 11.8031 0.00342158
261.719 -0.0258381 0.00554582 -11.8012 11.8046 0.00342604
261.73 -0.0258377 0.00554542 -11.8027 11.8061 0.00343085
261.742 -0.0258374 0.00554461 -11.8042 11.8076 0.00343617
261.753 -0.0258365 0.00554366 -11.8057 11.8091 0.00344123
261.764 -0.0258355 0.00554179 -11.8072 11.8106 0.00344694
261.775 -0.0258346 0.00554165 -11.8087 11.8122 0.0034523
261.787 -0.0258332 0.00554098 -11.8103 11.8137 0.00345799
261.798 -0.0258313 0.00554059 -11.8118 11.8153 0.00346275
261.809 -0.0258298 0.00553953 -11.8134 11.8168 0.00346775
261.82 -0.0258285 0.00553885 -11.8149 11.8184 0.0034726
261.831 -0.0258273 0.00553762 -11.8165 11.82 0.00347789
261.843 -0.0258259 0.00553662 -11.8181 11.8215 0.00348235
261.854 -0.0258247 0.00553491 -11.8196 11.8231 0.00348701
261.865 -0.0258235 0.00553345 -11.8211 11.8246 0.00349118
261.876 -0.0258225 0.00553121 -11.8227 11.8262 0.00349527
261.888 -0.0258215 0.00553009 -11.8243 11.8278 0.00349936
261.899 -0.0258209 0.00552863 -11.8259 11.8294 0.00350395
261.91 -0.0258199 0.00552826 -11.8275 11.831 0.00350832
261.921 -0.0258192 0.0055273 -11.8291 11.8326 0.0035125
261.933 -0.0258185 0.00552685 -11.8307 11.8342 0.00351757
261.944 -0.0258176 0.00552522 -11.8323 11.8358 0.0035222
261.955 -0.0258168 0.00552398 -11.8339 11.8374 0.00352701
261.966 -0.025817 0.00552172 -11.8355 11.8391 0.00353252
261.978 -0.0258165 0.00552 -11.8372 11.8407 0.00353742
261.989 -0.0258161 0.0055179 -11.8388 11.8424 0.0035417
262 -0.0258156 0.00551644 -11.8405 11.844 0.00354647
262.011 -0.025816 0.00551476 -11.8422 11.8457 0.00355145
262.022 -0.025816 0.00551348 -11.8439 11.8474 0.00355604
262.034 -0.0258165 0.00551245 -11.8456 11.8491 0.00356144
262.045 -0.0258165 0.00551106 -11.8473 11.8509 0.00356726
262.056 -0.0258162 0.00551 -11.8491 11.8526 0.00357363
262.067 -0.0258162 0.0055083 -11.8508 11.8544 0.00358027
262.079 -0.0258161 0.00550676 -11.8527 11.8563 0.00358608
262.09 -0.0258154 0.00550528 -11.8545 11.8581 0.00359218
262.101 -0.0258157 0.00550302 -11.8564 11.86 0.00359905
262.112 -0.0258153 0.0055021 -11.8582 11.8618 0.003605
262.124 -0.0258148 0.00550011 -11.8602 11.8638 0.00361105
262.135 -0.0258142 0.00549868 -11.8621 11.8657 0.0036171
262.146 -0.0258144 0.00549701 -11.864 11.8676 0.00362325
262.157 -0.0258141 0.00549601 -11.866 11.8696 0.00362835
262.169 -0.025814 0.00549521 -11.868 11.8716 0.00363389
262.18 -0.0258138 0.00549403 -11.8699 11.8736 0.00363937
262.191 -0.0258136 0.00549258 -11.8719 11.8756 0.00364423
262.202 -0.0258131 0.00549104 -11.874 11.8776 0.00364967
262.213 -0.0258134 0.0054898 -11.876 11.8796 0.00365562
262.225 -0.0258142 0.00548875 -11.878 11.8817 0.00366107
262.236 -0.0258152 0.00548689 -11.8801 11.8837 0.00366752
262.247 -0.0258156 0.00548502 -11.8822 11.8858 0.00367324
262.258 -0.0258162 0.0054836 -11.8842 11.8879 0.00367905
262.27 -0.0258167 0.00548182 -11.8863 11.89 0.00368512
262.281 -0.025817 0.00547994 -11.8884 11.8921 0.00368982
262.292 -0.0258179 0.00547855 -11.8906 11.8943 0.00369409
262.303 -0.0258181 0.0054777 -11.8927 11.8964 0.00369967
262.315 -0.0258184 0.00547718 -11.8948 11.8985 0.00370436
262.326 -0.0258185 0.00547689 -11.897 11.9007 0.00370897
262.337 -0.0258193 0.00547603 -11.8991 11.9028 0.00371429
262.348 -0.02582 0.00547555 -11.9013 11.905 0.00371935
262.36 -0.0258203 0.00547484 -11.9035 11.9072 0.0037239
262.371 -0.0258203 0.00547423 -11.9057 11.9094 0.00372876
262.382 -0.0258206 0.00547459 -11.9079 11.9117 0.00373393
262.393 -0.0258206 0.00547449 -11.9102 11.9139 0.00373872
262.404 -0.0258211 0.00547454 -11.9124 11.9162 0.00374448
262.416 -0.0258214 0.0054746 -11.9147 11.9185 0.00375003
262.427 -0.0258211 0.00547464 -11.9171 11.9208 0.00375605
262.438 -0.0258194 0.00547267 -11.9194 11.9231 0.0037604
262.449 -0.0258179 0.00547036 -11.9217 11.9255 0.00376517
262.461 -0.0258167 0.00546803 -11.924 11.9278 0.00376954
262.472 -0.0258158 0.00546619 -11.9264 11.9302 0.00377407
262.483 -0.0258149 0.00546436 -11.9288 11.9325 0.00377876
262.494 -0.0258144 0.0054641 -11.9311 11.9349 0.00378429
262.506 -0.0258147 0.00546292 -11.9335 11.9373 0.0037898
262.517 -0.0258159 0.00546172 -11.9359 11.9397 0.00379594
262.528 -0.0258166 0.00546081 -11.9384 11.9422 0.00380173
262.539 -0.0258164 0.00545934 -11.9408 11.9446 0.00380785
262.551 -0.0258173 0.00545855 -11.9433 11.9471 0.00381307
262.562 -0.0258188 0.00545814 -11.9458 11.9496 0.0038185
262.573 -0.0258197 0.00545832 -11.9483 11.9521 0.00382319
262.584 -0.0258202 0.00545748 -11.9508 11.9546 0.00382775
262.596 -0.0258209 0.00545678 -11.9533 11.9572 0.00383225
262.607 -0.0258215 0.00545634 -11.9558 11.9597 0.00383648
262.618 -0.0258224 0.00545516 -11.9584 11.9622 0.00384111
262.629 -0.0258233 0.00545474 -11.9609 11.9648 0.00384479
262.64 -0.0258245 0.0054547 -11.9635 11.9673 0.00384933
262.652 -0.0258258 0.00545428 -11.9661 11.9699 0.00385373
262.663 -0.0258269 0.00545338 -11.9686 11.9725 0.0038586
262.674 -0.0258274 0.0054532 -11.9712 11.9751 0.00386332
262.685 -0.0258282 0.00545261 -11.9738 11.9777 0.00386691
262.697 -0.0258292 0.00545176 -11.9764 11.9803 0.00387023
262.708 -0.0258303 0.00545095 -11.979 11.9828 0.00387422
262.719 -0.0258309 0.0054504 -11.9815 11.9854 0.00387831
262.73 -0.0258317 0.00545014 -11.9841 11.988 0.00388222
262.742 -0.0258322 0.00544992 -11.9867 11.9906 0.00388726
262.753 -0.0258334 0.00544968 -11.9894 11.9933 0.00389267
262.764 -0.025834 0.0054503 -11.9921 11.996 0.00389823
262.775 -0.0258344 0.00544963 -11.9947 11.9986 0.00390358
262.787 -0.0258343 0.0054495 -11.9974 12.0013 0.00390812
262.798 -0.025835 0.00544885 -12.0001 12.004 0.00391201
262.809 -0.0258354 0.00544809 -12.0028 12.0067 0.00391548
262.82 -0.0258351 0.00544723 -12.0054 12.0094 0.00391907
262.831 -0.0258353 0.00544734 -12.0081 12.012 0.00392298
262.843 -0.0258352 0.00544658 -12.0108 12.0147 0.00392646
262.854 -0.025835 0.00544585 -12.0135 12.0174 0.00393084
262.865 -0.0258346 0.00544511 -12.0162 12.0202 0.00393507
262.876 -0.0258342 0.00544422 -12.019 12.0229 0.00393879
262.888 -0.0258337 0.00544322 -12.0217 12.0256 0.00394191
262.899 -0.0258333 0.005443 -12.0244 12.0284 0.00394617
262.91 -0.0258331 0.00544254 -12.0272 12.0311 0.0039507
262.921 -0.0258335 0.00544236 -12.0299 12.0339 0.00395517
262.933 -0.0258334 0.00544169 -12.0327 12.0367 0.00395941
262.944 -0.0258333 0.00544108 -12.0355 12.0395 0.00396385
262.955 -0.0258336 0.00544073 -12.0383 12.0423 0.00396857
262.966 -0.0258339 0.00544065 -12.0411 12.0451 0.0039729
262.978 -0.0258351 0.00544029 -12.044 12.0479 0.00397812
262.989 -0.025836 0.00544017 -12.0468 12.0508 0.00398361
263 -0.0258367 0.00544044 -12.0497 12.0537 0.00398886
263.011 -0.0258367 0.00544141 -12.0525 12.0565 0.00399378
263.022 -0.0258361 0.00544194 -12.0554 12.0594 0.00399858
263.034 -0.0258353 0.00544274 -12.0583 12.0623 0.00400196
263.045 -0.0258352 0.00544345 -12.0611 12.0651 0.00400621
263.056 -0.0258352 0.00544355 -12.064 12.068 0.00401116
263.067 -0.0258349 0.00544353 -12.0669 12.0709 0.00401534
263.079 -0.0258343 0.00544451 -12.0697 12.0738 0.00401897
263.09 -0.0258339 0.00544424 -12.0726 12.0766 0.00402247
263.101 -0.0258339 0.00544413 -12.0754 12.0795 0.00402599
263.112 -0.0258341 0.00544352 -12.0783 12.0823 0.00402975
263.124 -0.0258346 0.00544385 -12.0811 12.0852 0.0040335
263.135 -0.0258343 0.0054428 -12.084 12.088 0.00403646
263.146 -0.0258344 0.00544117 -12.0869 12.0909 0.00404049
263.157 -0.025834 0.00543938 -12.0897 12.0938 0.00404453
263.169 -0.0258336 0.00543707 -12.0926 12.0967 0.00404806
263.18 -0.0258332 0.00543561 -12.0955 12.0995 0.00405175
263.191 -0.025833 0.00543451 -12.0983 12.1024 0.00405551
263.202 -0.0258333 0.00543364 -12.1012 12.1053 0.00406013
263.213 -0.0258339 0.00543319 -12.1041 12.1082 0.00406564
263.225 -0.0258348 0.00543253 -12.107 12.1111 0.00407034
263.236 -0.0258352 0.00543135 -12.11 12.1141 0.00407492
263.247 -0.025836 0.00543061 -12.1129 12.117 0.00407891
263.258 -0.0258366 0.00543024 -12.1159 12.1199 0.00408275
263.27 -0.0258374 0.00542986 -12.1188 12.1229 0.0040861
263.281 -0.025838 0.00542953 -12.1218 12.1259 0.0040902
263.292 -0.0258387 0.00542945 -12.1247 12.1288 0.00409401
263.303 -0.0258392 0.00542913 -12.1277 12.1318 0.0040974
263.315 -0.0258406 0.00542883 -12.1307 12.1348 0.0041017
263.326 -0.0258407 0.00542837 -12.1337 12.1378 0.00410592
263.337 -0.0258418 0.00542869 -12.1367 12.1408 0.00411057
263.348 -0.0258425 0.00542908 -12.1396 12.1438 0.00411493
263.36 -0.0258433 0.0054293 -12.1426 12.1467 0.00411888
263.371 -0.0258441 0.00542914 -12.1456 12.1497 0.00412125
263.382 -0.0258439 0.00542856 -12.1485 12.1526 0.0041239
263.393 -0.0258439 0.00542796 -12.1514 12.1556 0.00412649
263.404 -0.0258449 0.00542788 -12.1544 12.1585 0.00412904
263.416 -0.0258465 0.00542728 -12.1573 12.1614 0.00413169
263.427 -0.0258479 0.00542598 -12.1601 12.1643 0.00413423
263.438 -0.0258487 0.00542455 -12.163 12.1672 0.00413654
263.449 -0.0258496 0.00542302 -12.1659 12.17 0.00413929
263.461 -0.0258508 0.00542147 -12.1688 12.1729 0.00414113
263.472 -0.0258516 0.00541991 -12.1716 12.1758 0.00414304
263.483 -0.0258528 0.00541869 -12.1745 12.1786 0.00414554
263.494 -0.0258545 0.00541721 -12.1773 12.1815 0.00414787
263.506 -0.0258554 0.00541558 -12.1802 12.1843 0.00415096
263.517 -0.0258564 0.00541489 -12.183 12.1872 0.0041538
263.528 -0.025858 0.00541351 -12.1859 12.1901 0.0041559
263.539 -0.0258596 0.00541225 -12.1888 12.1929 0.00415836
263.551 -0.0258607 0.00541079 -12.1916 12.1958 0.00416079
263.562 -0.0258618 0.0054098 -12.1945 12.1987 0.00416256
263.573 -0.0258631 0.00540892 -12.1974 12.2016 0.0041643
263.584 -0.0258647 0.00540805 -12.2003 12.2045 0.00416707
263.596 -0.0258665 0.00540781 -12.2032 12.2074 0.00416986
263.607 -0.0258678 0.00540703 -12.2062 12.2103 0.00417231
263.618 -0.025869 0.00540598 -12.2091 12.2133 0.00417551
263.629 -0.0258705 0.00540548 -12.2121 12.2163 0.00417833
263.64 -0.0258715 0.00540428 -12.2151 12.2193 0.00418069
263.652 -0.025872 0.00540298 -12.2182 12.2223 0.00418373
263.663 -0.025872 0.00540171 -12.2212 12.2254 0.00418715
263.674 -0.0258731 0.00540098 -12.2243 12.2285 0.00419087
263.685 -0.0258746 0.00539926 -12.2274 12.2316 0.0041944
263.697 -0.0258756 0.00539832 -12.2305 12.2347 0.00419757
263.708 -0.0258763 0.00539712 -12.2337 12.2379 0.00420085
263.719 -0.0258767 0.00539691 -12.2368 12.241 0.00420494
263.73 -0.0258779 0.00539644 -12.24 12.2442 0.00420877
263.742 -0.0258774 0.00539568 -12.2433 12.2475 0.00421283
263.753 -0.0258774 0.00539439 -12.2465 12.2507 0.00421726
263.764 -0.025877 0.00539319 -12.2498 12.254 0.0042214
263.775 -0.0258759 0.00539257 -12.2531 12.2574 0.0042252
263.787 -0.0258756 0.0053915 -12.2565 12.2607 0.0042296
263.798 -0.0258747 0.0053915 -12.2598 12.2641 0.00423362
263.809 -0.0258741 0.00539117 -12.2632 12.2675 0.00423782
263.82 -0.0258743 0.00539097 -12.2666 12.2708 0.00424248
263.831 -0.0258746 0.00539107 -12.27 12.2743 0.0042471
263.843 -0.0258742 0.00539059 -12.2735 12.2777 0.00425112
263.854 -0.0258744 0.00538984 -12.2769 12.2812 0.00425562
263.865 -0.025875 0.00538954 -12.2804 12.2846 0.00425984
263.876 -0.0258757 0.00538965 -12.2839 12.2881 0.0042638
263.888 -0.0258766 0.0053895 -12.2873 12.2916 0.00426876
263.899 -0.0258772 0.00538989 -12.2908 12.2951 0.0042732
263.91 -0.0258777 0.00538948 -12.2943 12.2986 0.00427685
263.921 -0.0258783 0.00538847 -12.2978 12.3021 0.00428048
263.933 -0.0258793 0.00538781 -12.3014 12.3056 0.00428415
263.944 -0.0258805 0.00538691 -12.3049 12.3092 0.00428734
263.955 -0.0258815 0.00538523 -12.3084 12.3127 0.00429058
263.966 -0.0258827 0.00538434 -12.3119 12.3162 0.00429383
263.978 -0.0258837 0.00538243 -12.3154 12.3197 0.00429652
263.989 -0.0258837 0.00538071 -12.319 12.3233 0.00430013
264 -0.0258833 0.00537871 -12.3225 12.3268 0.00430309
264.011 -0.0258832 0.0053769 -12.3261 12.3304 0.00430627
264.022 -0.0258834 0.00537496 -12.3296 12.3339 0.00431008
264.034 -0.0258833 0.00537363 -12.3332 12.3375 0.00431379
264.045 -0.0258829 0.00537164 -12.3368 12.3411 0.00431706
264.056 -0.025883 0.00536936 -12.3404 12.3447 0.00432056
264.067 -0.0258831 0.00536707 -12.344 12.3484 0.00432328
264.079 -0.0258835 0.00536473 -12.3477 12.352 0.00432542
264.09 -0.0258844 0.00536262 -12.3513 12.3556 0.00432816
264.101 -0.0258845 0.00536073 -12.3549 12.3592 0.0043308
264.112 -0.025885 0.00535913 -12.3586 12.3629 0.00433316
264.124 -0.0258854 0.00535771 -12.3622 12.3666 0.00433675
264.135 -0.0258862 0.00535568 -12.3659 12.3702 0.00433944
264.146 -0.025887 0.00535365 -12.3696 12.3739 0.00434236
264.157 -0.0258889 0.00535158 -12.3733 12.3776 0.00434606
264.169 -0.0258898 0.00535051 -12.377 12.3813 0.00434996
264.18 -0.025892 0.00534977 -12.3807 12.3851 0.00435341
264.191 -0.0258932 0.00534888 -12.3845 12.3888 0.00435797
264.202 -0.0258943 0.00534693 -12.3882 12.3926 0.00436163
264.213 -0.0258961 0.0053458 -12.392 12.3964 0.00436486
264.225 -0.0258986 0.00534454 -12.3958 12.4002 0.00436876
264.236 -0.0259008 0.00534308 -12.3997 12.404 0.00437226
264.247 -0.0259029 0.0053411 -12.4035 12.4079 0.00437575
264.258 -0.0259048 0.00533846 -12.4074 12.4117 0.00438005
264.27 -0.0259063 0.00533712 -12.4112 12.4156 0.00438378
264.281 -0.025908 0.0053353 -12.4151 12.4195 0.00438657
264.292 -0.0259092 0.00533382 -12.419 12.4234 0.00439064
264.303 -0.0259105 0.00533181 -12.423 12.4273 0.00439476
264.315 -0.0259113 0.00533049 -12.4269 12.4313 0.00439911
264.326 -0.0259124 0.00532918 -12.4309 12.4353 0.00440398
264.337 -0.0259134 0.00532785 -12.4348 12.4393 0.00440858
264.348 -0.0259137 0.0053274 -12.4389 12.4433 0.00441276
264.36 -0.0259139 0.00532682 -12.4429 12.4473 0.00441768
264.371 -0.0259143 0.00532563 -12.447 12.4514 0.00442307
264.382 -0.025915 0.00532477 -12.4511 12.4555 0.0044273
264.393 -0.0259151 0.00532393 -12.4552 12.4596 0.00443223
264.404 -0.0259151 0.00532295 -12.4593 12.4637 0.00443659
264.416 -0.0259152 0.0053224 -12.4635 12.4679 0.00444064
264.427 -0.0259153 0.00532143 -12.4676 12.4721 0.00444483
264.438 -0.0259148 0.00532042 -12.4718 12.4763 0.00444943
264.449 -0.025915 0.00531985 -12.4761 12.4805 0.00445383
264.461 -0.0259155 0.00531901 -12.4803 12.4848 0.00445792
264.472 -0.025916 0.00531825 -12.4846 12.489 0.00446189
264.483 -0.0259163 0.0053179 -12.4889 12.4933 0.00446583
264.494 -0.025917 0.00531704 -12.4932 12.4976 0.00447046
264.506 -0.0259175 0.00531651 -12.4975 12.5019 0.00447483
264.517 -0.0259194 0.0053155 -12.5018 12.5063 0.00447789
264.528 -0.0259213 0.005315 -12.5062 12.5106 0.00448238
264.539 -0.0259228 0.00531417 -12.5105 12.515 0.00448678
264.551 -0.0259235 0.00531373 -12.5149 12.5194 0.00449119
264.562 -0.0259243 0.00531287 -12.5193 12.5238 0.00449544
264.573 -0.0259246 0.00531157 -12.5236 12.5281 0.00449906
264.584 -0.0259256 0.00530962 -12.528 12.5325 0.00450268
264.596 -0.0259263 0.00530808 -12.5324 12.5369 0.00450581
264.607 -0.0259272 0.00530638 -12.5367 12.5413 0.00450838
264.618 -0.0259279 0.005305 -12.5411 12.5456 0.00451138
264.629 -0.0259278 0.00530407 -12.5455 12.55 0.00451368
264.64 -0.0259285 0.00530271 -12.5498 12.5543 0.00451574
264.652 -0.0259295 0.00530149 -12.5541 12.5587 0.00451738
264.663 -0.0259291 0.00530024 -12.5585 12.563 0.00451909
264.674 -0.0259293 0.00529949 -12.5628 12.5673 0.00452116
264.685 -0.0259293 0.00529824 -12.5671 12.5716 0.00452317
264.697 -0.0259297 0.00529692 -12.5714 12.5759 0.0045258
264.708 -0.0259302 0.00529613 -12.5757 12.5802 0.0045286
264.719 -0.025931 0.00529563 -12.5799 12.5845 0.00453159
264.73 -0.0259307 0.00529394 -12.5842 12.5888 0.00453458
264.742 -0.0259306 0.00529269 -12.5885 12.5931 0.0045376
264.753 -0.0259308 0.00529143 -12.5928 12.5974 0.00454046
264.764 -0.0259309 0.00528971 -12.5971 12.6017 0.00454315
264.775 -0.0259307 0.00528848 -12.6015 12.606 0.00454538
264.787 -0.0259302 0.00528675 -12.6058 12.6103 0.0045475
264.798 -0.0259303 0.00528481 -12.6101 12.6146 0.00455009
264.809 -0.0259301 0.00528235 -12.6144 12.619 0.0045525
264.82 -0.0259303 0.005281 -12.6187 12.6233 0.00455504
264.831 -0.0259303 0.00527897 -12.6231 12.6276 0.00455883
264.843 -0.0259303 0.0052777 -12.6274 12.632 0.00456233
264.854 -0.0259298 0.00527664 -12.6318 12.6364 0.00456559
264.865 -0.0259299 0.00527526 -12.6362 12.6407 0.00456944
264.876 -0.02593 0.00527429 -12.6406 12.6451 0.0045736
264.888 -0.02593 0.00527331 -12.645 12.6496 0.00457677
264.899 -0.0259307 0.00527262 -12.6494 12.654 0.00458136
264.91 -0.0259314 0.00527197 -12.6538 12.6584 0.00458589
264.921 -0.0259319 0.00527196 -12.6583 12.6629 0.0045888
264.933 -0.0259333 0.00527211 -12.6628 12.6674 0.0045936
264.944 -0.0259341 0.00527186 -12.6673 12.6719 0.0045978
264.955 -0.0259343 0.00527107 -12.6718 12.6764 0.00460124
264.966 -0.0259343 0.00526971 -12.6763 12.6809 0.00460553
264.978 -0.0259345 0.00526894 -12.6808 12.6854 0.00460995
264.989 -0.025934 0.00526803 -12.6853 12.6899 0.00461379
265 -0.0259349 0.0052671 -12.6898 12.6944 0.0046183
265.011 -0.025936 0.00526643 -12.6943 12.699 0.00462225
265.022 -0.0259365 0.00526538 -12.6989 12.7035 0.00462678
265.034 -0.0259361 0.00526435 -12.7034 12.708 0.00463128
265.045 -0.025937 0.00526341 -12.7079 12.7126 0.00463526
265.056 -0.0259373 0.00526204 -12.7125 12.7172 0.00463878
265.067 -0.0259379 0.00526037 -12.7171 12.7217 0.00464262
265.079 -0.0259382 0.00525891 -12.7216 12.7263 0.0046458
265.09 -0.025939 0.00525769 -12.7262 12.7309 0.00464945
265.101 -0.025939 0.00525655 -12.7308 12.7354 0.00465319
265.112 -0.0259387 0.00525599 -12.7354 12.74 0.00465745
265.124 -0.0259377 0.00525542 -12.74 12.7446 0.00466105
265.135 -0.0259369 0.00525451 -12.7445 12.7492 0.00466509
265.146 -0.0259369 0.00525316 -12.7491 12.7538 0.00466881
265.157 -0.0259359 0.00525215 -12.7537 12.7584 0.00467177
265.169 -0.0259345 0.00525115 -12.7583 12.763 0.00467594
265.18 -0.0259338 0.0052489 -12.7629 12.7676 0.0046802
265.191 -0.0259332 0.00524785 -12.7675 12.7722 0.00468297
265.202 -0.025933 0.00524574 -12.7721 12.7767 0.00468672
265.213 -0.0259325 0.00524443 -12.7766 12.7813 0.00469066
265.225 -0.0259329 0.00524369 -12.7812 12.7859 0.00469419
265.236 -0.0259327 0.00524258 -12.7858 12.7905 0.00469788
265.247 -0.025933 0.00524126 -12.7903 12.795 0.00470129
265.258 -0.0259328 0.005241 -12.7949 12.7996 0.00470425
265.27 -0.0259331 0.00523963 -12.7994 12.8041 0.00470811
265.281 -0.0259335 0.00523882 -12.8039 12.8086 0.00471127
265.292 -0.0259338 0.00523804 -12.8084 12.8131 0.004714
265.303 -0.0259343 0.00523703 -12.8129 12.8176 0.00471836
265.315 -0.0259353 0.00523586 -12.8174 12.8222 0.0047221
265.326 -0.0259364 0.00523441 -12.822 12.8267 0.00472513
265.337 -0.0259373 0.00523376 -12.8264 12.8311 0.00472975
265.348 -0.0259388 0.0052327 -12.8309 12.8356 0.00473332
265.36 -0.0259396 0.00523169 -12.8354 12.8401 0.00473659
265.371 -0.0259409 0.00523071 -12.8398 12.8446 0.00474052
265.382 -0.0259423 0.0052295 -12.8443 12.849 0.00474453
265.393 -0.0259439 0.00522822 -12.8488 12.8535 0.00474842
265.404 -0.0259452 0.00522708 -12.8532 12.858 0.0047535
265.416 -0.0259467 0.00522579 -12.8577 12.8624 0.00475718
265.427 -0.0259478 0.00522444 -12.8622 12.8669 0.00476084
265.438 -0.0259493 0.00522297 -12.8666 12.8714 0.0047655
265.449 -0.0259502 0.00522161 -12.871 12.8758 0.00476898
265.461 -0.0259514 0.00522 -12.8754 12.8802 0.00477186
265.472 -0.0259529 0.00521827 -12.8798 12.8846 0.00477597
265.483 -0.0259537 0.00521717 -12.8841 12.8889 0.00477908
265.494 -0.025955 0.00521592 -12.8886 12.8933 0.00478265
265.506 -0.0259564 0.00521478 -12.8929 12.8977 0.00478579
265.517 -0.0259577 0.00521364 -12.8972 12.902 0.00478848
265.528 -0.0259588 0.00521282 -12.9015 12.9063 0.0047908
265.539 -0.0259599 0.00521275 -12.9058 12.9106 0.00479428
265.551 -0.0259608 0.00521162 -12.91 12.9148 0.00479776
265.562 -0.0259618 0.00521087 -12.9143 12.9191 0.00480113
265.573 -0.0259628 0.0052094 -12.9185 12.9233 0.00480553
265.584 -0.0259639 0.0052086 -12.9228 12.9276 0.00480916
265.596 -0.0259643 0.00520777 -12.927 12.9318 0.00481225
265.607 -0.0259662 0.00520722 -12.9312 12.936 0.00481605
265.618 -0.0259673 0.00520684 -12.9354 12.9402 0.00482029
265.629 -0.0259694 0.00520677 -12.9396 12.9444 0.00482372
265.64 -0.0259712 0.00520739 -12.9437 12.9485 0.00482785
265.652 -0.0259735 0.00520768 -12.9478 12.9527 0.00483129
265.663 -0.0259753 0.00520843 -12.952 12.9568 0.00483529
265.674 -0.0259774 0.00520883 -12.9561 12.9609 0.0048399
265.685 -0.0259787 0.00520896 -12.9601 12.965 0.00484396
265.697 -0.0259801 0.00520924 -12.9642 12.9691 0.00484793
265.708 -0.0259803 0.00520905 -12.9683 12.9731 0.00485253
265.719 -0.0259812 0.00520844 -12.9723 12.9772 0.00485676
265.73 -0.0259815 0.00520793 -12.9764 12.9812 0.00486103
265.742 -0.0259822 0.00520713 -12.9804 12.9852 0.00486593
265.753 -0.0259832 0.00520671 -12.9844 12.9892 0.00487024
265.764 -0.025984 0.00520545 -12.9884 12.9932 0.00487363
265.775 -0.0259836 0.00520448 -12.9923 12.9972 0.00487792
265.787 -0.0259842 0.00520374 -12.9962 13.0011 0.00488185
265.798 -0.0259848 0.00520342 -13.0002 13.005 0.00488527
265.809 -0.0259857 0.00520291 -13.004 13.0089 0.00488933
265.82 -0.0259866 0.00520219 -13.0079 13.0128 0.00489313
265.831 -0.0259869 0.00520166 -13.0117 13.0166 0.00489627
265.843 -0.0259871 0.00520083 -13.0155 13.0204 0.00490041
265.854 -0.0259875 0.00520002 -13.0192 13.0241 0.00490366
265.865 -0.0259869 0.00519983 -13.023 13.0279 0.00490694
265.876 -0.0259868 0.00519871 -13.0266 13.0315 0.00491095
265.888 -0.0259871 0.00519722 -13.0303 13.0352 0.00491464
265.899 -0.0259872 0.00519597 -13.0339 13.0388 0.00491833
265.91 -0.0259875 0.0051945 -13.0374 13.0424 0.00492225
265.921 -0.0259887 0.00519298 -13.0409 13.0459 0.00492585
265.933 -0.0259896 0.00519109 -13.0444 13.0494 0.0049294
265.944 -0.0259902 0.00518957 -13.0479 13.0528 0.00493338
265.955 -0.025991 0.00518807 -13.0513 13.0562 0.00493762
265.966 -0.0259913 0.00518669 -13.0546 13.0596 0.0049411
265.978 -0.0259906 0.00518482 -13.0579 13.0628 0.00494433
265.989 -0.0259907 0.00518286 -13.0612 13.0661 0.00494739
266 -0.0259905 0.00518054 -13.0644 13.0693 0.00495009
266.011 -0.0259905 0.00517913 -13.0675 13.0725 0.00495314
266.022 -0.0259901 0.00517789 -13.0706 13.0756 0.00495679
266.034 -0.025989 0.00517653 -13.0738 13.0787 0.00496018
266.045 -0.025989 0.0051745 -13.0768 13.0817 0.00496321
266.056 -0.0259885 0.00517324 -13.0798 13.0847 0.00496691
266.067 -0.0259878 0.00517115 -13.0827 13.0877 0.0049697
266.079 -0.0259874 0.00517002 -13.0856 13.0906 0.00497379
266.09 -0.0259864 0.00516864 -13.0884 13.0934 0.00497734
266.101 -0.0259865 0.00516703 -13.0912 13.0962 0.0049807
266.112 -0.0259862 0.00516522 -13.0939 13.0989 0.00498317
266.124 -0.0259859 0.00516261 -13.0965 13.1015 0.00498543
266.135 -0.0259869 0.00516086 -13.0991 13.1041 0.00498783
266.146 -0.0259877 0.00515903 -13.1016 13.1065 0.00499062
266.157 -0.025988 0.005157 -13.104 13.109 0.00499246
266.169 -0.0259879 0.00515486 -13.1064 13.1114 0.00499421
266.18 -0.0259877 0.00515229 -13.1086 13.1136 0.00499647
266.191 -0.0259872 0.00515 -13.1108 13.1158 0.00499814
266.202 -0.0259867 0.00514765 -13.113 13.118 0.00499944
266.213 -0.0259863 0.00514575 -13.1151 13.1201 0.00500134
266.225 -0.0259853 0.00514379 -13.1171 13.1221 0.00500306
266.236 -0.0259841 0.00514227 -13.119 13.124 0.00500435
266.247 -0.0259829 0.00514062 -13.1209 13.1259 0.00500477
266.258 -0.0259823 0.00513914 -13.1227 13.1277 0.00500548
266.27 -0.0259829 0.00513802 -13.1244 13.1294 0.00500731
266.281 -0.0259831 0.0051371 -13.126 13.131 0.00500891
266.292 -0.0259833 0.00513608 -13.1276 13.1326 0.00501059
266.303 -0.0259827 0.0051347 -13.1291 13.1341 0.00501229
266.315 -0.0259821 0.00513362 -13.1305 13.1355 0.00501463
266.326 -0.0259813 0.0051317 -13.1319 13.1369 0.00501671
266.337 -0.0259809 0.00513031 -13.1332 13.1382 0.00501877
266.348 -0.0259805 0.00512912 -13.1345 13.1395 0.00502188
266.36 -0.0259803 0.00512836 -13.1356 13.1406 0.00502439
266.371 -0.0259796 0.0051269 -13.1368 13.1418 0.00502682
266.382 -0.0259787 0.00512564 -13.1378 13.1429 0.00502919
266.393 -0.0259785 0.00512416 -13.1389 13.1439 0.00503143
266.404 -0.0259783 0.00512288 -13.1399 13.1449 0.0050345
266.416 -0.0259776 0.00512203 -13.1407 13.1458 0.00503721
266.427 -0.0259764 0.0051203 -13.1415 13.1466 0.0050399
266.438 -0.0259756 0.00511866 -13.1423 13.1474 0.00504288
266.449 -0.0259745 0.0051167 -13.143 13.1481 0.00504517
266.461 -0.0259734 0.00511541 -13.1436 13.1487 0.00504822
266.472 -0.0259726 0.0051152 -13.1442 13.1493 0.00505193
266.483 -0.0259717 0.00511438 -13.1448 13.1498 0.00505497
266.494 -0.0259703 0.00511374 -13.1452 13.1503 0.00505921
266.506 -0.0259692 0.00511322 -13.1457 13.1508 0.00506287
266.517 -0.0259681 0.00511218 -13.1461 13.1511 0.00506656
266.528 -0.0259663 0.0051113 -13.1464 13.1514 0.00507022
266.539 -0.0259648 0.00511053 -13.1467 13.1517 0.00507385
266.551 -0.0259631 0.00510938 -13.1468 13.1519 0.0050773
266.562 -0.0259612 0.00510839 -13.147 13.1521 0.00508126
266.573 -0.0259584 0.00510745 -13.1471 13.1522 0.00508534
266.584 -0.0259568 0.00510606 -13.1472 13.1523 0.00508847
266.596 -0.0259561 0.00510517 -13.1472 13.1522 0.00509212
266.607 -0.0259545 0.00510434 -13.1471 13.1522 0.0050941
266.618 -0.0259528 0.00510335 -13.147 13.1521 0.00509756
266.629 -0.0259514 0.00510226 -13.1468 13.1519 0.0050998
266.64 -0.0259497 0.00510099 -13.1466 13.1517 0.00510295
266.652 -0.0259482 0.00509945 -13.1462 13.1514 0.00510533
266.663 -0.0259466 0.00509802 -13.1459 13.151 0.00510817
266.674 -0.0259446 0.00509722 -13.1455 13.1506 0.00511094
266.685 -0.0259416 0.00509607 -13.145 13.1502 0.00511417
266.697 -0.0259391 0.00509519 -13.1445 13.1496 0.005117
266.708 -0.0259368 0.00509451 -13.144 13.1491 0.00511893
266.719 -0.0259343 0.00509392 -13.1433 13.1484 0.00512253
266.73 -0.025933 0.00509263 -13.1426 13.1477 0.00512555
266.742 -0.0259314 0.00509113 -13.1419 13.147 0.00512782
266.753 -0.0259298 0.00508942 -13.1411 13.1462 0.00513088
266.764 -0.0259282 0.00508693 -13.1402 13.1453 0.00513388
266.775 -0.0259275 0.00508448 -13.1393 13.1444 0.00513687
266.787 -0.0259264 0.00508297 -13.1383 13.1434 0.00514008
266.798 -0.0259255 0.00508115 -13.1373 13.1424 0.00514307
266.809 -0.0259254 0.00507944 -13.1362 13.1413 0.00514611
266.82 -0.0259251 0.00507763 -13.135 13.1402 0.00514863
266.831 -0.0259248 0.0050768 -13.1338 13.139 0.00515029
266.843 -0.0259242 0.00507572 -13.1326 13.1377 0.00515308
266.854 -0.0259233 0.00507425 -13.1312 13.1364 0.0051558
266.865 -0.0259222 0.00507263 -13.1298 13.135 0.00515798
266.876 -0.0259215 0.00507072 -13.1284 13.1336 0.00516048
266.888 -0.0259213 0.0050672 -13.1269 13.132 0.00516324
266.899 -0.0259205 0.00506467 -13.1253 13.1305 0.0051657
266.91 -0.0259201 0.00506192 -13.1237 13.1289 0.00516764
266.921 -0.0259188 0.00506032 -13.122 13.1272 0.00517177
266.933 -0.0259166 0.00505789 -13.1203 13.1255 0.00517568
266.944 -0.0259149 0.00505559 -13.1185 13.1237 0.00517946
266.955 -0.0259139 0.00505307 -13.1167 13.1219 0.00518238
266.966 -0.0259125 0.0050509 -13.1149 13.12 0.00518537
266.978 -0.0259113 0.00504874 -13.1129 13.1181 0.00518848
266.989 -0.0259099 0.00504659 -13.111 13.1162 0.00519218
267 -0.0259088 0.0050448 -13.109 13.1142 0.00519543
267.011 -0.0259072 0.00504242 -13.1069 13.1121 0.00519832
267.022 -0.0259062 0.00503973 -13.1048 13.11 0.00520151
267.034 -0.0259046 0.0050375 -13.1027 13.1079 0.00520539
267.045 -0.0259031 0.00503471 -13.1006 13.1058 0.00520842
267.056 -0.0259023 0.00503233 -13.0984 13.1036 0.00521132
267.067 -0.0259013 0.00502973 -13.0961 13.1013 0.00521369
267.079 -0.0258996 0.00502707 -13.0939 13.0991 0.0052165
267.09 -0.0258976 0.00502467 -13.0915 13.0968 0.00521946
267.101 -0.0258954 0.0050222 -13.0892 13.0944 0.00522276
267.112 -0.0258935 0.00502005 -13.0868 13.092 0.00522593
267.124 -0.0258924 0.00501887 -13.0844 13.0896 0.0052292
267.135 -0.0258913 0.00501815 -13.0819 13.0871 0.00523233
267.146 -0.0258899 0.0050172 -13.0794 13.0846 0.00523538
267.157 -0.0258888 0.00501625 -13.0768 13.0821 0.00523896
267.169 -0.0258881 0.00501478 -13.0743 13.0795 0.00524311
267.18 -0.0258871 0.00501291 -13.0717 13.0769 0.00524662
267.191 -0.0258856 0.00501075 -13.0691 13.0743 0.00524944
267.202 -0.0258843 0.00500961 -13.0664 13.0717 0.00525281
267.213 -0.0258828 0.00500758 -13.0637 13.069 0.00525596
267.225 -0.0258819 0.00500552 -13.061 13.0663 0.00525902
267.236 -0.0258803 0.00500399 -13.0583 13.0635 0.0052622
267.247 -0.0258784 0.0050021 -13.0555 13.0608 0.0052658
267.258 -0.025877 0.00499995 -13.0527 13.0579 0.00527023
267.27 -0.0258763 0.00499804 -13.0498 13.0551 0.00527355
267.281 -0.0258755 0.00499629 -13.047 13.0522 0.00527599
267.292 -0.0258745 0.00499433 -13.044 13.0493 0.0052793
267.303 -0.0258727 0.00499258 -13.0411 13.0463 0.00528151
267.315 -0.0258707 0.0049907 -13.0381 13.0434 0.00528399
267.326 -0.0258685 0.00498901 -13.0351 13.0404 0.00528693
267.337 -0.0258658 0.00498801 -13.032 13.0373 0.00529018
267.348 -0.0258631 0.00498746 -13.029 13.0342 0.00529357
267.36 -0.0258615 0.00498652 -13.0258 13.0311 0.00529569
267.371 -0.0258596 0.00498539 -13.0227 13.028 0.00529874
267.382 -0.0258584 0.00498399 -13.0196 13.0249 0.00530096
267.393 -0.0258564 0.00498248 -13.0164 13.0217 0.00530336
267.404 -0.025855 0.00498093 -13.0132 13.0185 0.00530549
267.416 -0.025853 0.0049804 -13.01 13.0153 0.00530863
267.427 -0.0258511 0.00497959 -13.0068 13.0121 0.00531198
267.438 -0.0258495 0.00497854 -13.0036 13.0089 0.00531503
267.449 -0.0258474 0.00497748 -13.0003 13.0057 0.00531821
267.461 -0.0258457 0.00497643 -12.9971 13.0024 0.00532245
267.472 -0.0258438 0.00497513 -12.9939 12.9992 0.00532685
267.483 -0.0258425 0.00497356 -12.9907 12.996 0.00533134
267.494 -0.0258412 0.00497171 -12.9874 12.9928 0.00533703
267.506 -0.0258403 0.00496977 -12.9842 12.9896 0.00534211
267.517 -0.0258395 0.004968 -12.981 12.9864 0.00534652
267.528 -0.025838 0.0049659 -12.9779 12.9832 0.00535124
267.539 -0.0258371 0.00496379 -12.9747 12.98 0.00535601
267.551 -0.0258365 0.00496142 -12.9715 12.9769 0.00535964
267.562 -0.0258356 0.00495868 -12.9683 12.9737 0.00536383
267.573 -0.0258347 0.0049567 -12.9652 12.9705 0.00536782
267.584 -0.0258337 0.00495436 -12.962 12.9674 0.00537131
267.596 -0.0258325 0.00495286 -12.9588 12.9642 0.00537518
267.607 -0.0258313 0.00495133 -12.9556 12.961 0.00537837
267.618 -0.0258296 0.00494987 -12.9524 12.9578 0.00538143
267.629 -0.0258276 0.00494828 -12.9492 12.9546 0.00538508
267.64 -0.0258258 0.00494743 -12.946 12.9514 0.0053884
267.652 -0.0258234 0.00494599 -12.9429 12.9483 0.00539157
267.663 -0.0258219 0.00494473 -12.9397 12.9451 0.00539418
267.674 -0.0258196 0.00494285 -12.9365 12.9419 0.00539816
267.685 -0.0258178 0.00494056 -12.9334 12.9388 0.00540206
267.697 -0.0258153 0.00493942 -12.9302 12.9356 0.00540594
267.708 -0.0258127 0.00493783 -12.927 12.9325 0.00540922
267.719 -0.025811 0.00493605 -12.9239 12.9293 0.0054118
267.73 -0.02581 0.00493454 -12.9207 12.9262 0.00541488
267.742 -0.0258091 0.00493344 -12.9176 12.923 0.00541822
267.753 -0.0258078 0.00493154 -12.9144 12.9199 0.0054205
267.764 -0.025807 0.00492934 -12.9113 12.9167 0.00542432
267.775 -0.025805 0.0049268 -12.9081 12.9135 0.00542778
267.787 -0.0258043 0.00492384 -12.905 12.9104 0.00542993
267.798 -0.025803 0.00492114 -12.9018 12.9072 0.00543304
267.809 -0.0258021 0.00491918 -12.8986 12.904 0.0054372
267.82 -0.0258009 0.00491722 -12.8954 12.9008 0.00544024
267.831 -0.0257991 0.00491494 -12.8922 12.8977 0.00544379
267.843 -0.0257975 0.00491233 -12.889 12.8945 0.00544767
267.854 -0.0257965 0.0049095 -12.8859 12.8913 0.00545121
267.865 -0.0257955 0.00490708 -12.8827 12.8882 0.00545515
267.876 -0.0257936 0.00490538 -12.8796 12.8851 0.00545935
267.888 -0.0257911 0.00490298 -12.8765 12.882 0.00546228
267.899 -0.0257894 0.00490116 -12.8734 12.8789 0.00546491
267.91 -0.0257872 0.00489951 -12.8703 12.8758 0.00546806
267.921 -0.0257857 0.00489867 -12.8673 12.8728 0.00547033
267.933 -0.0257845 0.00489717 -12.8642 12.8697 0.00547262
267.944 -0.0257836 0.00489536 -12.8611 12.8666 0.00547542
267.955 -0.0257821 0.00489392 -12.8581 12.8636 0.00547686
267.966 -0.0257802 0.00489289 -12.8551 12.8606 0.00547956
267.978 -0.0257782 0.00489132 -12.8521 12.8576 0.00548217
267.989 -0.0257763 0.00489011 -12.8491 12.8546 0.0054843
268 -0.0257748 0.00488852 -12.8462 12.8516 0.00548796
268.011 -0.0257732 0.00488718 -12.8432 12.8487 0.0054909
268.022 -0.0257719 0.00488517 -12.8404 12.8459 0.00549425
268.034 -0.0257691 0.00488323 -12.8375 12.843 0.00549815
268.045 -0.0257658 0.00488088 -12.8347 12.8402 0.00550172
268.056 -0.0257625 0.00487736 -12.8319 12.8374 0.00550536
268.067 -0.0257589 0.00487434 -12.8292 12.8347 0.00551009
268.079 -0.0257549 0.00487212 -12.8265 12.832 0.00551413
268.09 -0.0257517 0.00487014 -12.8238 12.8293 0.00551866
268.101 -0.0257493 0.0048676 -12.8212 12.8267 0.00552252
268.112 -0.0257479 0.00486529 -12.8186 12.8241 0.00552552
268.124 -0.0257462 0.00486313 -12.816 12.8215 0.00552804
268.135 -0.0257444 0.00486134 -12.8134 12.8189 0.00553098
268.146 -0.0257428 0.00485925 -12.8109 12.8164 0.00553463
268.157 -0.0257409 0.00485703 -12.8084 12.8139 0.00553781
268.169 -0.0257395 0.00485414 -12.8059 12.8114 0.00554108
268.18 -0.0257376 0.00485161 -12.8035 12.809 0.00554406
268.191 -0.0257353 0.00484873 -12.8011 12.8066 0.00554781
268.202 -0.0257327 0.00484658 -12.7987 12.8042 0.00555239
268.213 -0.0257298 0.00484437 -12.7964 12.8019 0.00555724
268.225 -0.0257275 0.00484185 -12.7941 12.7997 0.00556115
268.236 -0.0257247 0.0048389 -12.792 12.7975 0.00556492
268.247 -0.0257219 0.00483607 -12.7898 12.7954 0.00556854
268.258 -0.0257191 0.00483321 -12.7877 12.7933 0.00557205
268.27 -0.0257162 0.00483114 -12.7857 12.7913 0.00557568
268.281 -0.0257134 0.00482832 -12.7837 12.7892 0.00557923
268.292 -0.0257114 0.00482638 -12.7817 12.7873 0.00558313
268.303 -0.0257086 0.00482447 -12.7798 12.7854 0.00558635
268.315 -0.0257059 0.00482247 -12.7779 12.7835 0.00559005
268.326 -0.0257031 0.00482034 -12.7761 12.7817 0.00559325
268.337 -0.0257009 0.00481821 -12.7743 12.7799 0.00559615
268.348 -0.0256996 0.00481602 -12.7725 12.7781 0.00559939
268.36 -0.0256976 0.00481326 -12.7707 12.7763 0.00560334
268.371 -0.0256955 0.00481043 -12.769 12.7746 0.00560742
268.382 -0.0256938 0.00480813 -12.7673 12.7729 0.00561198
268.393 -0.0256923 0.00480601 -12.7657 12.7713 0.00561495
268.404 -0.0256901 0.00480442 -12.7641 12.7697 0.00561808
268.416 -0.0256883 0.00480286 -12.7625 12.7681 0.005621
268.427 -0.0256857 0.00480179 -12.7609 12.7666 0.00562353
268.438 -0.0256835 0.00480114 -12.7594 12.765 0.00562734
268.449 -0.0256809 0.00479977 -12.7579 12.7636 0.00563049
268.461 -0.0256783 0.00479813 -12.7565 12.7622 0.00563369
268.472 -0.0256763 0.00479635 -12.7551 12.7608 0.00563791
268.483 -0.0256743 0.00479439 -12.7538 12.7595 0.0056413
268.494 -0.0256718 0.004792 -12.7525 12.7582 0.00564451
268.506 -0.0256698 0.00478989 -12.7513 12.757 0.0056485
268.517 -0.0256674 0.0047875 -12.7501 12.7558 0.00565192
268.528 -0.0256666 0.00478543 -12.749 12.7547 0.00565484
268.539 -0.0256657 0.0047836 -12.7479 12.7535 0.00565765
268.551 -0.0256651 0.00478134 -12.7468 12.7525 0.0056603
268.562 -0.025664 0.00477925 -12.7458 12.7514 0.0056635
268.573 -0.0256621 0.00477717 -12.7447 12.7504 0.00566736
268.584 -0.0256605 0.0047749 -12.7438 12.7494 0.00567001
268.596 -0.0256584 0.00477227 -12.7428 12.7485 0.00567248
268.607 -0.0256564 0.00476975 -12.7419 12.7476 0.00567537
268.618 -0.0256534 0.00476806 -12.741 12.7467 0.00567879
268.629 -0.0256504 0.00476703 -12.7402 12.7458 0.00568223
268.64 -0.0256473 0.00476514 -12.7393 12.745 0.0056874
268.652 -0.0256446 0.00476396 -12.7386 12.7443 0.00569217
268.663 -0.0256418 0.0047627 -12.7379 12.7436 0.00569709
268.674 -0.0256394 0.00476178 -12.7372 12.7429 0.00570222
268.685 -0.0256372 0.00476017 -12.7365 12.7422 0.00570693
268.697 -0.0256356 0.0047588 -12.736 12.7417 0.00571105
268.708 -0.0256344 0.00475742 -12.7354 12.7411 0.00571461
268.719 -0.0256328 0.00475588 -12.7349 12.7406 0.00571811
268.73 -0.0256316 0.00475482 -12.7344 12.7401 0.00572241
268.742 -0.0256305 0.00475366 -12.7339 12.7396 0.00572648
268.753 -0.0256296 0.00475296 -12.7335 12.7392 0.00573029
268.764 -0.0256285 0.0047513 -12.7331 12.7389 0.00573402
268.775 -0.0256278 0.00474899 -12.7328 12.7385 0.00573803
268.787 -0.0256265 0.00474771 -12.7325 12.7382 0.00574152
268.798 -0.0256246 0.00474704 -12.7322 12.738 0.00574478
268.809 -0.0256227 0.00474575 -12.732 12.7378 0.0057486
268.82 -0.0256204 0.00474421 -12.7318 12.7376 0.00575349
268.831 -0.025619 0.00474192 -12.7317 12.7374 0.00575831
268.843 -0.0256164 0.00473919 -12.7316 12.7373 0.00576363
268.854 -0.0256135 0.00473669 -12.7315 12.7373 0.00576853
268.865 -0.0256097 0.00473392 -12.7316 12.7374 0.00577325
268.876 -0.0256067 0.00473003 -12.7317 12.7374 0.00577812
268.888 -0.025604 0.0047266 -12.7318 12.7376 0.00578339
268.899 -0.0256007 0.00472339 -12.732 12.7378 0.00578727
268.91 -0.025598 0.00472057 -12.7322 12.738 0.00579226
268.921 -0.0255962 0.0047184 -12.7325 12.7383 0.00579672
268.933 -0.0255948 0.00471697 -12.7329 12.7387 0.00580099
268.944 -0.0255939 0.0047156 -12.7332 12.739 0.00580588
268.955 -0.0255923 0.00471399 -12.7336 12.7394 0.00581053
268.966 -0.0255906 0.004713 -12.734 12.7398 0.00581496
268.978 -0.0255891 0.00471213 -12.7344 12.7402 0.00581884
268.989 -0.0255872 0.004711 -12.7348 12.7406 0.00582298
269 -0.0255861 0.00470954 -12.7353 12.7411 0.00582685
269.011 -0.0255848 0.00470793 -12.7358 12.7416 0.00583214
269.022 -0.0255831 0.00470636 -12.7363 12.7422 0.00583631
269.034 -0.0255815 0.00470496 -12.7369 12.7428 0.00584085
269.045 -0.0255794 0.00470311 -12.7375 12.7434 0.00584615
269.056 -0.0255773 0.00470147 -12.7382 12.744 0.00585144
269.067 -0.025575 0.00469971 -12.7389 12.7447 0.0058567
269.079 -0.0255735 0.00469744 -12.7396 12.7455 0.00586166
269.09 -0.0255705 0.00469589 -12.7404 12.7463 0.00586565
269.101 -0.0255677 0.00469428 -12.7412 12.7471 0.00586938
269.112 -0.0255651 0.00469278 -12.7421 12.748 0.00587435
269.124 -0.0255627 0.00469079 -12.743 12.7489 0.0058788
269.135 -0.0255598 0.00468873 -12.744 12.7499 0.00588263
269.146 -0.0255568 0.00468597 -12.745 12.7509 0.00588662
269.157 -0.0255539 0.00468334 -12.746 12.7519 0.00589114
269.169 -0.0255513 0.00468077 -12.7471 12.753 0.00589535
269.18 -0.0255497 0.00467922 -12.7482 12.7541 0.00590044
269.191 -0.0255487 0.00467763 -12.7493 12.7552 0.00590395
269.202 -0.0255481 0.00467522 -12.7504 12.7563 0.00590702
269.213 -0.0255463 0.00467304 -12.7515 12.7574 0.00591153
269.225 -0.0255441 0.00467117 -12.7527 12.7586 0.00591593
269.236 -0.0255415 0.0046693 -12.7539 12.7598 0.00591983
269.247 -0.0255378 0.00466765 -12.7551 12.7611 0.00592418
269.258 -0.025534 0.00466639 -12.7564 12.7623 0.00592882
269.27 -0.0255308 0.00466449 -12.7576 12.7636 0.00593246
269.281 -0.0255274 0.00466335 -12.7589 12.7649 0.00593698
269.292 -0.0255243 0.0046628 -12.7602 12.7662 0.00594186
269.303 -0.0255219 0.00466152 -12.7616 12.7675 0.00594753
269.315 -0.0255198 0.00465935 -12.763 12.7689 0.00595327
269.326 -0.0255171 0.0046575 -12.7644 12.7703 0.00595915
269.337 -0.0255144 0.00465563 -12.7659 12.7718 0.00596434
269.348 -0.0255119 0.00465332 -12.7673 12.7733 0.00596964
269.36 -0.0255092 0.00465131 -12.7688 12.7748 0.00597484
269.371 -0.0255059 0.00464922 -12.7704 12.7764 0.00598103
269.382 -0.0255037 0.00464744 -12.772 12.778 0.00598637
269.393 -0.0255019 0.00464561 -12.7736 12.7796 0.00599119
269.404 -0.0254995 0.00464496 -12.7752 12.7812 0.00599681
269.416 -0.0254969 0.00464361 -12.7768 12.7828 0.00600299
269.427 -0.0254948 0.00464189 -12.7785 12.7845 0.00600891
269.438 -0.0254923 0.00464146 -12.7802 12.7862 0.00601276
269.449 -0.0254902 0.00464141 -12.7819 12.7879 0.00601842
269.461 -0.0254884 0.00464047 -12.7836 12.7896 0.00602442
269.472 -0.025486 0.00463934 -12.7854 12.7914 0.00602986
269.483 -0.0254836 0.00463815 -12.7871 12.7932 0.00603549
269.494 -0.0254811 0.00463663 -12.7889 12.795 0.00604181
269.506 -0.0254783 0.00463495 -12.7907 12.7968 0.00604719
269.517 -0.0254755 0.00463331 -12.7926 12.7986 0.00605234
269.528 -0.0254722 0.00463136 -12.7944 12.8004 0.00605866
269.539 -0.0254685 0.00462886 -12.7963 12.8023 0.0060635
269.551 -0.0254652 0.00462659 -12.7982 12.8042 0.00607004
269.562 -0.0254617 0.00462442 -12.8001 12.8062 0.00607616
269.573 -0.0254583 0.0046226 -12.8021 12.8081 0.00608146
269.584 -0.0254556 0.00462106 -12.804 12.8101 0.0060878
269.596 -0.0254529 0.0046194 -12.806 12.8121 0.00609418
269.607 -0.0254505 0.00461774 -12.808 12.8141 0.00609994
269.618 -0.0254486 0.00461585 -12.81 12.8161 0.0061059
269.629 -0.0254467 0.00461451 -12.812 12.8181 0.00611186
269.64 -0.0254446 0.00461269 -12.8141 12.8202 0.00611731
269.652 -0.0254423 0.00461114 -12.8161 12.8222 0.00612292
269.663 -0.0254402 0.00460941 -12.8182 12.8243 0.00612922
269.674 -0.0254373 0.00460736 -12.8203 12.8264 0.00613486
269.685 -0.0254349 0.00460639 -12.8223 12.8285 0.00614078
269.697 -0.0254322 0.00460494 -12.8244 12.8306 0.00614687
269.708 -0.0254296 0.00460326 -12.8266 12.8327 0.00615253
269.719 -0.0254269 0.00460225 -12.8287 12.8349 0.00615763
269.73 -0.0254242 0.00460164 -12.8309 12.837 0.00616291
269.742 -0.0254215 0.00459983 -12.833 12.8392 0.00616984
269.753 -0.0254191 0.00459877 -12.8352 12.8414 0.0061756
269.764 -0.0254166 0.00459788 -12.8374 12.8436 0.00618064
269.775 -0.0254131 0.00459724 -12.8396 12.8458 0.00618563
269.787 -0.0254101 0.00459662 -12.8418 12.848 0.00619026
269.798 -0.0254067 0.0045961 -12.844 12.8502 0.0061949
269.809 -0.0254029 0.00459546 -12.8463 12.8525 0.00620008
269.82 -0.0253994 0.00459355 -12.8485 12.8547 0.00620617
269.831 -0.0253957 0.00459206 -12.8508 12.857 0.00621096
269.843 -0.0253922 0.00459032 -12.8531 12.8593 0.00621662
269.854 -0.0253892 0.00458827 -12.8553 12.8616 0.00622302
269.865 -0.0253868 0.00458554 -12.8576 12.8638 0.00622857
269.876 -0.0253846 0.00458324 -12.8599 12.8661 0.00623327
269.888 -0.0253822 0.00458027 -12.8621 12.8683 0.00623894
269.899 -0.0253797 0.00457744 -12.8644 12.8706 0.00624429
269.91 -0.0253768 0.00457489 -12.8666 12.8729 0.00624917
269.921 -0.0253747 0.00457297 -12.8688 12.8751 0.00625473
269.933 -0.0253726 0.00457084 -12.8711 12.8773 0.00626069
269.944 -0.0253712 0.00456932 -12.8733 12.8796 0.00626462
269.955 -0.02537 0.0045678 -12.8755 12.8817 0.0062692
269.966 -0.0253678 0.00456639 -12.8776 12.8839 0.00627419
269.978 -0.0253659 0.00456549 -12.8797 12.886 0.00627766
269.989 -0.0253644 0.00456432 -12.8818 12.8881 0.00628205
270 -0.0253619 0.00456275 -12.8839 12.8901 0.00628665
270.011 -0.0253597 0.00456065 -12.8859 12.8922 0.00629152
270.022 -0.0253579 0.00455853 -12.8879 12.8942 0.0062958
270.034 -0.0253556 0.00455704 -12.8898 12.8961 0.00629973
270.045 -0.0253526 0.00455512 -12.8918 12.8981 0.00630382
270.056 -0.0253501 0.00455361 -12.8936 12.8999 0.00630868
270.067 -0.0253473 0.0045528 -12.8955 12.9018 0.00631301
270.079 -0.0253445 0.00455143 -12.8973 12.9036 0.00631743
270.09 -0.0253414 0.00455038 -12.899 12.9054 0.00632166
270.101 -0.0253383 0.00454927 -12.9008 12.9071 0.00632576
270.112 -0.0253352 0.00454775 -12.9025 12.9088 0.00632985
270.124 -0.0253331 0.0045461 -12.9041 12.9105 0.00633463
270.135 -0.0253301 0.00454464 -12.9057 12.9121 0.0063398
270.146 -0.0253274 0.00454278 -12.9074 12.9137 0.00634399
270.157 -0.0253243 0.00454077 -12.9089 12.9152 0.00634828
270.169 -0.0253215 0.00453979 -12.9104 12.9167 0.00635295
270.18 -0.0253175 0.00453785 -12.9119 12.9182 0.00635825
270.191 -0.0253141 0.00453616 -12.9133 12.9196 0.00636317
270.202 -0.0253105 0.00453482 -12.9146 12.921 0.0063681
270.213 -0.0253066 0.00453359 -12.916 12.9224 0.00637244
270.225 -0.0253035 0.00453156 -12.9173 12.9236 0.00637689
270.236 -0.0253007 0.00453027 -12.9185 12.9249 0.00638215
270.247 -0.0252978 0.00452978 -12.9198 12.9262 0.00638708
270.258 -0.0252947 0.0045284 -12.921 12.9274 0.00639247
270.27 -0.025291 0.0045277 -12.9221 12.9285 0.00639686
270.281 -0.0252876 0.00452678 -12.9233 12.9297 0.00640188
270.292 -0.0252845 0.00452486 -12.9244 12.9308 0.00640558
270.303 -0.0252822 0.00452331 -12.9255 12.9319 0.00640995
270.315 -0.0252796 0.0045218 -12.9265 12.9329 0.0064145
270.326 -0.0252772 0.00451998 -12.9275 12.9339 0.00641901
270.337 -0.0252747 0.00451829 -12.9284 12.9348 0.00642316
270.348 -0.025272 0.00451618 -12.9293 12.9357 0.006428
270.36 -0.0252693 0.0045141 -12.9302 12.9366 0.00643287
270.371 -0.0252659 0.00451246 -12.931 12.9374 0.00643864
270.382 -0.0252635 0.0045108 -12.9318 12.9382 0.00644383
270.393 -0.0252611 0.00450916 -12.9325 12.9389 0.00644908
270.404 -0.0252584 0.00450748 -12.9332 12.9396 0.0064547
270.416 -0.0252558 0.00450605 -12.9338 12.9403 0.00646149
270.427 -0.0252535 0.00450405 -12.9344 12.9409 0.00646709
270.438 -0.0252512 0.00450184 -12.935 12.9414 0.00647141
270.449 -0.025248 0.0045011 -12.9355 12.9419 0.00647662
270.461 -0.0252456 0.00449908 -12.9359 12.9424 0.00648183
270.472 -0.0252437 0.0044967 -12.9363 12.9427 0.00648677
270.483 -0.0252415 0.00449426 -12.9366 12.9431 0.00649158
270.494 -0.025239 0.00449203 -12.9368 12.9433 0.00649699
270.506 -0.0252366 0.00449029 -12.937 12.9435 0.00650151
270.517 -0.025234 0.00448833 -12.9371 12.9436 0.00650554
270.528 -0.0252312 0.00448633 -12.9371 12.9436 0.00651003
270.539 -0.0252291 0.00448418 -12.9371 12.9436 0.00651384
270.551 -0.0252261 0.00448203 -12.937 12.9435 0.00651736
270.562 -0.0252235 0.00447989 -12.9368 12.9433 0.00652086
270.573 -0.0252214 0.00447844 -12.9365 12.943 0.00652396
270.584 -0.0252184 0.00447609 -12.9362 12.9427 0.00652776
270.596 -0.0252152 0.00447344 -12.9357 12.9423 0.00653164
270.607 -0.0252126 0.00447139 -12.9352 12.9418 0.00653544
270.618 -0.0252096 0.00446932 -12.9347 12.9412 0.00653882
270.629 -0.0252061 0.00446705 -12.9341 12.9406 0.0065439
270.64 -0.0252027 0.00446496 -12.9334 12.9399 0.00654836
270.652 -0.025199 0.00446353 -12.9327 12.9392 0.00655289
270.663 -0.0251954 0.00446167 -12.9319 12.9384 0.0065583
270.674 -0.025192 0.00446009 -12.931 12.9376 0.0065635
270.685 -0.0251883 0.00445787 -12.9302 12.9367 0.00656889
270.697 -0.0251844 0.00445577 -12.9292 12.9357 0.00657445
270.708 -0.0251814 0.0044535 -12.9281 12.9347 0.00657945
270.719 -0.0251779 0.00445137 -12.9271 12.9337 0.00658463
270.73 -0.0251745 0.00445006 -12.926 12.9326 0.00659007
270.742 -0.0251705 0.00444774 -12.9248 12.9314 0.00659559
270.753 -0.0251664 0.00444533 -12.9236 12.9302 0.00660173
270.764 -0.0251627 0.00444299 -12.9224 12.929 0.00660735
270.775 -0.0251592 0.00444133 -12.9211 12.9277 0.006612
270.787 -0.0251554 0.00443797 -12.9197 12.9263 0.00661727
270.798 -0.0251516 0.00443582 -12.9183 12.9249 0.0066222
270.809 -0.0251488 0.00443408 -12.9168 12.9234 0.00662715
270.82 -0.0251452 0.00443238 -12.9152 12.9219 0.00663239
270.831 -0.0251422 0.00443007 -12.9136 12.9202 0.00663753
270.843 -0.0251395 0.00442829 -12.9119 12.9186 0.00664282
270.854 -0.0251373 0.0044259 -12.9102 12.9169 0.00664771
270.865 -0.0251354 0.00442438 -12.9084 12.9151 0.00665338
270.876 -0.0251334 0.00442372 -12.9066 12.9133 0.00665907
270.888 -0.0251319 0.00442331 -12.9048 12.9115 0.00666448
270.899 -0.0251301 0.00442255 -12.9028 12.9095 0.00667054
270.91 -0.0251279 0.00442219 -12.9009 12.9075 0.00667632
270.921 -0.0251256 0.00442164 -12.8989 12.9056 0.00668244
270.933 -0.0251238 0.00442095 -12.8967 12.9034 0.0066881
270.944 -0.0251222 0.00442117 -12.8946 12.9013 0.00669344
270.955 -0.0251196 0.0044203 -12.8924 12.8991 0.00669967
270.966 -0.0251168 0.00441949 -12.8901 12.8968 0.00670655
270.978 -0.0251138 0.00441841 -12.8879 12.8946 0.00671334
270.989 -0.0251099 0.00441748 -12.8856 12.8923 0.00672009
271 -0.0251057 0.00441691 -12.8832 12.8899 0.00672705
271.011 -0.0251026 0.00441537 -12.8807 12.8875 0.00673357
271.022 -0.0250991 0.00441411 -12.8783 12.885 0.00673998
271.034 -0.025096 0.00441305 -12.8758 12.8825 0.00674641
271.045 -0.0250923 0.00441301 -12.8732 12.88 0.00675357
271.056 -0.0250882 0.00441333 -12.8707 12.8774 0.00676001
271.067 -0.025085 0.00441381 -12.868 12.8748 0.00676704
271.079 -0.0250814 0.00441323 -12.8653 12.8721 0.00677357
271.09 -0.025078 0.00441343 -12.8626 12.8694 0.00678049
271.101 -0.0250755 0.00441468 -12.8599 12.8667 0.00678759
271.112 -0.0250727 0.00441589 -12.8571 12.8639 0.00679454
271.124 -0.0250692 0.00441704 -12.8543 12.8611 0.00680052
271.135 -0.0250665 0.00441786 -12.8515 12.8583 0.00680689
271.146 -0.0250634 0.00441806 -12.8486 12.8554 0.0068131
271.157 -0.0250607 0.0044185 -12.8457 12.8525 0.00681891
271.169 -0.025059 0.00441896 -12.8428 12.8496 0.00682549
271.18 -0.0250558 0.00441917 -12.8399 12.8467 0.00683134
271.191 -0.0250525 0.00441949 -12.8369 12.8438 0.00683711
271.202 -0.025049 0.00441979 -12.8339 12.8408 0.00684282
271.213 -0.0250462 0.00442063 -12.8309 12.8378 0.0068487
271.225 -0.0250427 0.00442018 -12.8279 12.8348 0.00685379
271.236 -0.0250394 0.00442022 -12.8249 12.8318 0.00685942
271.247 -0.0250369 0.00441946 -12.8219 12.8287 0.00686453
271.258 -0.0250341 0.0044191 -12.8189 12.8257 0.00687
271.27 -0.0250315 0.00441874 -12.8158 12.8227 0.00687478
271.281 -0.0250291 0.00441881 -12.8127 12.8196 0.00687962
271.292 -0.0250263 0.00441841 -12.8097 12.8166 0.00688507
271.303 -0.0250233 0.00441882 -12.8066 12.8135 0.00689042
271.315 -0.0250203 0.00441925 -12.8035 12.8104 0.00689571
271.326 -0.0250175 0.00441903 -12.8005 12.8074 0.00690105
271.337 -0.0250141 0.00441906 -12.7974 12.8043 0.00690593
271.348 -0.0250108 0.00441986 -12.7943 12.8012 0.00691043
271.36 -0.0250081 0.00441996 -12.7912 12.7981 0.00691435
271.371 -0.0250052 0.00442088 -12.7881 12.795 0.0069192
271.382 -0.0250023 0.00442128 -12.785 12.7919 0.00692356
271.393 -0.024999 0.00442153 -12.7819 12.7888 0.00692777
271.404 -0.0249962 0.00442209 -12.7788 12.7857 0.00693183
271.416 -0.0249937 0.00442314 -12.7757 12.7826 0.00693534
271.427 -0.0249906 0.00442401 -12.7726 12.7795 0.0069391
271.438 -0.0249882 0.00442435 -12.7695 12.7764 0.00694357
271.449 -0.0249854 0.00442507 -12.7663 12.7733 0.00694783
271.461 -0.0249821 0.0044261 -12.7632 12.7702 0.00695186
271.472 -0.0249796 0.00442622 -12.7601 12.7671 0.00695648
271.483 -0.0249778 0.00442706 -12.757 12.7639 0.00696069
271.494 -0.0249752 0.004428 -12.7539 12.7608 0.0069654
271.506 -0.0249732 0.0044281 -12.7507 12.7577 0.00697054
271.517 -0.0249711 0.00442834 -12.7476 12.7546 0.00697612
271.528 -0.0249688 0.00442885 -12.7445 12.7515 0.00698183
271.539 -0.0249661 0.00442955 -12.7415 12.7485 0.0069884
271.551 -0.0249631 0.00442985 -12.7384 12.7454 0.00699434
271.562 -0.0249604 0.00443055 -12.7354 12.7424 0.00700021
271.573 -0.0249568 0.00443117 -12.7323 12.7393 0.00700716
271.584 -0.0249538 0.00443231 -12.7293 12.7364 0.00701312
271.596 -0.024951 0.00443318 -12.7264 12.7334 0.00701876
271.607 -0.0249473 0.00443392 -12.7234 12.7304 0.0070254
271.618 -0.0249437 0.00443426 -12.7204 12.7275 0.00703147
271.629 -0.0249408 0.00443505 -12.7175 12.7245 0.00703817
271.64 -0.0249374 0.00443573 -12.7145 12.7216 0.00704466
271.652 -0.0249346 0.00443574 -12.7116 12.7187 0.00705145
271.663 -0.0249319 0.00443642 -12.7088 12.7158 0.00705818
271.674 -0.0249291 0.00443683 -12.7059 12.713 0.00706495
271.685 -0.0249271 0.00443703 -12.703 12.7101 0.00707094
271.697 -0.0249249 0.00443727 -12.7003 12.7073 0.00707745
271.708 -0.0249223 0.0044373 -12.6975 12.7045 0.00708401
271.719 -0.0249195 0.00443757 -12.6947 12.7018 0.00708977
271.73 -0.0249164 0.004438 -12.6919 12.699 0.00709653
271.742 -0.0249142 0.00443779 -12.6892 12.6963 0.00710276
271.753 -0.0249112 0.00443842 -12.6865 12.6936 0.00710863
271.764 -0.0249081 0.00443847 -12.6837 12.6909 0.00711431
271.775 -0.0249045 0.00443914 -12.681 12.6881 0.00712098
271.787 -0.0249012 0.00443993 -12.6783 12.6854 0.00712795
271.798 -0.0248985 0.00444069 -12.6756 12.6828 0.00713353
271.809 -0.0248959 0.00444124 -12.6729 12.6801 0.00714005
271.82 -0.0248933 0.00444148 -12.6703 12.6774 0.00714647
271.831 -0.0248904 0.0044421 -12.6676 12.6748 0.00715272
271.843 -0.0248881 0.00444261 -12.665 12.6721 0.00715975
271.854 -0.0248852 0.00444263 -12.6623 12.6695 0.00716611
271.865 -0.024882 0.00444263 -12.6597 12.6669 0.00717197
271.876 -0.0248785 0.00444251 -12.6571 12.6642 0.00717903
271.888 -0.024875 0.00444168 -12.6544 12.6616 0.00718553
271.899 -0.0248712 0.00444094 -12.6519 12.659 0.00719126
271.91 -0.0248674 0.00444066 -12.6492 12.6564 0.00719763
271.921 -0.0248639 0.00443992 -12.6466 12.6538 0.00720482
271.933 -0.0248602 0.00443959 -12.6441 12.6513 0.00721177
271.944 -0.0248574 0.00443798 -12.6415 12.6487 0.0072174
271.955 -0.0248539 0.00443714 -12.6389 12.6461 0.00722279
271.966 -0.0248504 0.00443631 -12.6364 12.6436 0.00722849
271.978 -0.0248462 0.00443664 -12.6338 12.641 0.00723518
271.989 -0.024842 0.00443734 -12.6312 12.6384 0.00724243
272 -0.0248386 0.00443705 -12.6287 12.6359 0.00724862
272.011 -0.0248355 0.0044369 -12.6261 12.6334 0.00725536
272.022 -0.0248318 0.00443692 -12.6235 12.6308 0.00726287
272.034 -0.0248285 0.00443719 -12.621 12.6283 0.00726958
272.045 -0.0248254 0.00443782 -12.6184 12.6257 0.00727615
272.056 -0.0248215 0.00443845 -12.6159 12.6231 0.00728287
272.067 -0.0248178 0.00444005 -12.6133 12.6206 0.00728934
272.079 -0.0248149 0.00444082 -12.6107 12.618 0.0072955
272.09 -0.0248121 0.00444193 -12.6082 12.6155 0.00730152
272.101 -0.024809 0.00444267 -12.6056 12.6129 0.00730687
272.112 -0.0248059 0.00444344 -12.603 12.6103 0.00731302
272.124 -0.0248042 0.00444385 -12.6005 12.6078 0.0073184
272.135 -0.0248019 0.0044446 -12.5979 12.6052 0.00732401
272.146 -0.0248004 0.00444462 -12.5953 12.6026 0.00733001
272.157 -0.024799 0.00444487 -12.5927 12.6 0.00733664
272.169 -0.0247977 0.00444527 -12.5901 12.5974 0.00734277
272.18 -0.0247968 0.00444561 -12.5875 12.5948 0.00734901
272.191 -0.0247953 0.00444611 -12.5848 12.5922 0.00735477
272.202 -0.0247938 0.00444709 -12.5822 12.5896 0.00736047
272.213 -0.0247914 0.00444812 -12.5795 12.5869 0.00736579
272.225 -0.0247895 0.00444817 -12.5768 12.5842 0.00737115
272.236 -0.0247875 0.00444816 -12.5741 12.5815 0.00737665
272.247 -0.0247857 0.00444849 -12.5714 12.5788 0.00738252
272.258 -0.0247846 0.00444874 -12.5687 12.5761 0.00738869
272.27 -0.0247835 0.00445013 -12.566 12.5734 0.0073951
272.281 -0.0247809 0.00445061 -12.5633 12.5707 0.00740204
272.292 -0.0247794 0.00445112 -12.5605 12.5679 0.00740807
272.303 -0.0247768 0.00445223 -12.5578 12.5652 0.00741355
272.315 -0.024774 0.00445267 -12.5551 12.5625 0.00741964
272.326 -0.0247713 0.00445327 -12.5523 12.5597 0.00742623
272.337 -0.0247684 0.00445375 -12.5495 12.557 0.0074328
272.348 -0.0247658 0.00445387 -12.5467 12.5542 0.00743961
272.36 -0.0247636 0.004455 -12.5439 12.5514 0.00744641
272.371 -0.0247608 0.00445636 -12.5412 12.5486 0.00745279
272.382 -0.0247594 0.00445792 -12.5384 12.5458 0.00745935
272.393 -0.0247576 0.00445984 -12.5355 12.543 0.00746575
272.404 -0.0247555 0.00446175 -12.5327 12.5402 0.00747114
272.416 -0.0247534 0.00446297 -12.5299 12.5374 0.0074765
272.427 -0.0247517 0.00446474 -12.5271 12.5346 0.00748231
272.438 -0.0247497 0.00446551 -12.5243 12.5318 0.00748764
272.449 -0.0247469 0.0044672 -12.5214 12.5289 0.00749358
272.461 -0.0247438 0.00446776 -12.5186 12.5261 0.00749979
272.472 -0.0247409 0.00446865 -12.5158 12.5233 0.00750484
272.483 -0.0247373 0.00446961 -12.5131 12.5206 0.00751118
272.494 -0.0247342 0.00447126 -12.5103 12.5178 0.00751681
272.506 -0.024732 0.00447275 -12.5075 12.515 0.00752139
272.517 -0.0247299 0.00447389 -12.5047 12.5123 0.00752766
272.528 -0.0247277 0.00447465 -12.502 12.5095 0.00753253
272.539 -0.0247258 0.00447523 -12.4992 12.5068 0.00753766
272.551 -0.0247251 0.00447525 -12.4965 12.504 0.0075425
272.562 -0.0247241 0.0044752 -12.4937 12.5013 0.00754717
272.573 -0.0247231 0.00447456 -12.491 12.4986 0.00755163
272.584 -0.0247216 0.00447426 -12.4882 12.4958 0.00755577
272.596 -0.0247194 0.00447408 -12.4855 12.493 0.00755979
272.607 -0.024717 0.00447444 -12.4827 12.4903 0.00756479
272.618 -0.0247145 0.00447399 -12.4799 12.4875 0.00756977
272.629 -0.0247134 0.00447376 -12.4771 12.4847 0.00757525
272.64 -0.0247124 0.00447413 -12.4743 12.4819 0.00758008
272.652 -0.0247117 0.00447476 -12.4715 12.4791 0.00758492
272.663 -0.0247109 0.00447577 -12.4688 12.4764 0.00758968
272.674 -0.02471 0.0044768 -12.466 12.4736 0.00759349
272.685 -0.0247085 0.00447753 -12.4632 12.4708 0.00759905
272.697 -0.0247072 0.00447863 -12.4604 12.468 0.00760451
272.708 -0.0247054 0.00447899 -12.4576 12.4652 0.00761059
272.719 -0.024703 0.0044802 -12.4548 12.4624 0.00761617
272.73 -0.0247013 0.00448177 -12.452 12.4596 0.00762144
272.742 -0.0246995 0.00448343 -12.4492 12.4568 0.00762677
272.753 -0.0246982 0.00448347 -12.4464 12.454 0.00763189
272.764 -0.0246964 0.00448468 -12.4435 12.4512 0.00763596
272.775 -0.0246945 0.00448636 -12.4407 12.4484 0.00763992
272.787 -0.0246928 0.0044884 -12.4379 12.4456 0.0076446
272.798 -0.0246918 0.00449047 -12.4351 12.4427 0.00764932
272.809 -0.0246904 0.00449222 -12.4323 12.4399 0.00765329
272.82 -0.0246894 0.00449346 -12.4294 12.4371 0.00765736
272.831 -0.0246883 0.00449477 -12.4266 12.4342 0.00766295
272.843 -0.0246868 0.00449624 -12.4237 12.4314 0.0076673
272.854 -0.0246851 0.00449807 -12.4209 12.4286 0.00767222
272.865 -0.024683 0.00449841 -12.4181 12.4257 0.00767592
272.876 -0.0246808 0.00449819 -12.4152 12.4229 0.00767965
272.888 -0.0246783 0.00449819 -12.4124 12.4201 0.00768452
272.899 -0.0246758 0.00449793 -12.4096 12.4172 0.00768881
272.91 -0.0246735 0.0044975 -12.4067 12.4144 0.00769303
272.921 -0.0246713 0.00449685 -12.4039 12.4116 0.00769736
272.933 -0.0246689 0.00449615 -12.401 12.4087 0.0077012
272.944 -0.0246659 0.00449541 -12.3982 12.4059 0.00770428
272.955 -0.024664 0.00449551 -12.3953 12.403 0.00770925
272.966 -0.0246623 0.00449574 -12.3925 12.4002 0.00771454
272.978 -0.0246609 0.00449644 -12.3897 12.3974 0.00771962
272.989 -0.02466 0.00449707 -12.3868 12.3946 0.00772521
273 -0.0246586 0.00449733 -12.384 12.3918 0.00773029
273.011 -0.0246571 0.00449799 -12.3812 12.389 0.00773471
273.022 -0.0246552 0.00449842 -12.3785 12.3862 0.00774051
273.034 -0.0246535 0.004499 -12.3757 12.3834 0.00774605
273.045 -0.024652 0.00449983 -12.3729 12.3807 0.00775249
273.056 -0.0246511 0.00450058 -12.3702 12.378 0.00775922
273.067 -0.0246504 0.00450243 -12.3675 12.3752 0.00776494
273.079 -0.0246498 0.00450411 -12.3648 12.3725 0.00777042
273.09 -0.024649 0.00450554 -12.362 12.3698 0.0077785
273.101 -0.0246493 0.00450693 -12.3594 12.3671 0.00778492
273.112 -0.0246489 0.00450805 -12.3567 12.3645 0.00779054
273.124 -0.024649 0.00450898 -12.354 12.3618 0.00779731
273.135 -0.0246483 0.00451006 -12.3514 12.3592 0.00780344
273.146 -0.0246479 0.00451039 -12.3487 12.3565 0.00780994
273.157 -0.0246474 0.0045109 -12.3461 12.3539 0.00781599
273.169 -0.0246469 0.00451091 -12.3434 12.3512 0.00782164
273.18 -0.0246466 0.00451128 -12.3407 12.3486 0.00782779
273.191 -0.0246461 0.00451116 -12.3381 12.3459 0.00783379
273.202 -0.0246444 0.00451123 -12.3354 12.3433 0.0078395
273.213 -0.0246435 0.00451258 -12.3328 12.3406 0.0078454
273.225 -0.0246423 0.00451346 -12.3301 12.338 0.00785162
273.236 -0.0246412 0.00451448 -12.3275 12.3354 0.0078577
273.247 -0.02464 0.00451528 -12.3249 12.3327 0.00786353
273.258 -0.0246389 0.00451526 -12.3222 12.3301 0.00786928
273.27 -0.0246381 0.00451567 -12.3195 12.3274 0.00787644
273.281 -0.0246367 0.00451657 -12.3169 12.3248 0.0078827
273.292 -0.0246353 0.00451751 -12.3142 12.3221 0.00788875
273.303 -0.0246347 0.00451787 -12.3115 12.3194 0.00789384
273.315 -0.024634 0.00451832 -12.3088 12.3167 0.00789792
273.326 -0.0246329 0.00451957 -12.306 12.3139 0.00790414
273.337 -0.024632 0.00452058 -12.3033 12.3112 0.00790934
273.348 -0.0246308 0.00452185 -12.3006 12.3085 0.00791484
273.36 -0.0246298 0.00452359 -12.2978 12.3057 0.00792062
273.371 -0.024629 0.00452511 -12.295 12.3029 0.00792644
273.382 -0.0246288 0.00452644 -12.2922 12.3002 0.0079316
273.393 -0.0246276 0.00452795 -12.2894 12.2974 0.00793829
273.404 -0.0246266 0.00453002 -12.2866 12.2946 0.00794376
273.416 -0.0246264 0.00453222 -12.2838 12.2918 0.00794934
273.427 -0.0246268 0.00453426 -12.281 12.289 0.00795486
273.438 -0.0246267 0.00453645 -12.2782 12.2862 0.00795978
273.449 -0.0246268 0.00453886 -12.2754 12.2833 0.0079644
273.461 -0.0246269 0.004541 -12.2725 12.2805 0.00796889
273.472 -0.0246267 0.00454336 -12.2697 12.2776 0.00797317
273.483 -0.0246252 0.0045446 -12.2668 12.2748 0.00797649
273.494 -0.0246245 0.00454564 -12.2639 12.2719 0.00798035
273.506 -0.024623 0.00454668 -12.261 12.2689 0.00798382
273.517 -0.0246215 0.0045476 -12.258 12.266 0.00798734
273.528 -0.02462 0.00454887 -12.255 12.263 0.00799123
273.539 -0.0246193 0.0045491 -12.2521 12.26 0.00799472
273.551 -0.0246182 0.00454814 -12.2491 12.2571 0.00799923
273.562 -0.0246169 0.00454791 -12.246 12.254 0.00800408
273.573 -0.0246142 0.00454735 -12.2429 12.2509 0.00800849
273.584 -0.0246131 0.00454715 -12.2399 12.2479 0.00801321
273.596 -0.0246116 0.0045469 -12.2368 12.2448 0.00801841
273.607 -0.0246109 0.00454717 -12.2337 12.2417 0.00802296
273.618 -0.0246098 0.00454722 -12.2306 12.2386 0.00802685
273.629 -0.0246092 0.00454796 -12.2275 12.2355 0.00803143
273.64 -0.0246081 0.0045483 -12.2243 12.2324 0.00803593
273.652 -0.0246065 0.00454832 -12.2212 12.2293 0.00804153
273.663 -0.0246053 0.00454941 -12.2181 12.2261 0.00804776
273.674 -0.0246043 0.00455085 -12.2149 12.223 0.00805311
273.685 -0.0246031 0.00455218 -12.2118 12.2199 0.00805848
273.697 -0.0246025 0.00455333 -12.2087 12.2168 0.00806386
273.708 -0.0246036 0.00455392 -12.2056 12.2137 0.00806934
273.719 -0.0246043 0.00455522 -12.2025 12.2106 0.0080746
273.73 -0.0246047 0.00455694 -12.1994 12.2074 0.00808023
273.742 -0.0246045 0.00455854 -12.1962 12.2043 0.00808642
273.753 -0.0246039 0.00456007 -12.1931 12.2012 0.00809193
273.764 -0.024604 0.00456061 -12.19 12.1981 0.00809771
273.775 -0.0246033 0.00456121 -12.1869 12.195 0.00810265
273.787 -0.0246035 0.00456087 -12.1838 12.1919 0.00810839
273.798 -0.0246035 0.00456118 -12.1807 12.1889 0.00811427
273.809 -0.0246032 0.00456211 -12.1777 12.1858 0.00811963
273.82 -0.024603 0.00456299 -12.1746 12.1827 0.00812548
273.831 -0.0246023 0.0045639 -12.1715 12.1796 0.00813056
273.843 -0.0246017 0.00456536 -12.1684 12.1765 0.00813614
273.854 -0.0246013 0.00456726 -12.1653 12.1734 0.00814122
273.865 -0.0246016 0.00456807 -12.1621 12.1703 0.00814776
273.876 -0.0246019 0.00456963 -12.159 12.1672 0.00815316
273.888 -0.0246027 0.00457029 -12.1559 12.164 0.00815844
273.899 -0.0246027 0.00457124 -12.1527 12.1609 0.00816358
273.91 -0.0246032 0.00457241 -12.1496 12.1577 0.0081682
273.921 -0.0246029 0.00457354 -12.1464 12.1546 0.00817327
273.933 -0.0246029 0.00457401 -12.1432 12.1514 0.00817775
273.944 -0.0246027 0.00457414 -12.14 12.1482 0.00818213
273.955 -0.0246018 0.00457447 -12.1369 12.145 0.00818689
273.966 -0.024601 0.00457524 -12.1336 12.1418 0.00819178
273.978 -0.0246002 0.0045754 -12.1305 12.1386 0.00819714
273.989 -0.0246004 0.00457587 -12.1273 12.1355 0.00820175
274 -0.0246002 0.00457722 -12.1241 12.1323 0.00820714
274.011 -0.0246002 0.00457795 -12.1209 12.1291 0.00821314
274.022 -0.0246 0.00457905 -12.1178 12.126 0.00821858
274.034 -0.0246 0.00457992 -12.1146 12.1228 0.00822385
274.045 -0.0245995 0.00458089 -12.1114 12.1197 0.00822946
274.056 -0.0245989 0.00458236 -12.1083 12.1165 0.0082352
274.067 -0.0245988 0.00458343 -12.1052 12.1134 0.00824096
274.079 -0.0245992 0.00458411 -12.1021 12.1103 0.00824632
274.09 -0.0245991 0.00458548 -12.099 12.1072 0.00825277
274.101 -0.0245996 0.00458654 -12.0959 12.1041 0.00825895
274.112 -0.0245999 0.00458684 -12.0928 12.101 0.00826502
274.124 -0.0246011 0.00458791 -12.0897 12.098 0.00827147
274.135 -0.0246012 0.00458886 -12.0867 12.095 0.00827759
274.146 -0.0246014 0.00458961 -12.0837 12.092 0.00828282
274.157 -0.0246016 0.00458988 -12.0807 12.089 0.00828858
274.169 -0.0246018 0.00459089 -12.0776 12.0859 0.00829394
274.18 -0.0246013 0.00459134 -12.0746 12.0829 0.00829791
274.191 -0.0246009 0.00459159 -12.0716 12.0799 0.00830293
274.202 -0.0246006 0.00459248 -12.0686 12.077 0.00830853
274.213 -0.0246013 0.00459319 -12.0657 12.074 0.00831353
274.225 -0.0246019 0.0045942 -12.0627 12.071 0.00831902
274.236 -0.0246022 0.00459489 -12.0597 12.068 0.00832516
274.247 -0.0246019 0.00459603 -12.0568 12.0651 0.00833132
274.258 -0.0246018 0.00459728 -12.0539 12.0622 0.00833652
274.27 -0.0246016 0.00459852 -12.051 12.0593 0.00834243
274.281 -0.0246015 0.00460022 -12.0481 12.0564 0.00834844
274.292 -0.0246016 0.00460241 -12.0452 12.0536 0.00835459
274.303 -0.0246017 0.00460423 -12.0424 12.0507 0.00836047
274.315 -0.0246016 0.00460573 -12.0396 12.048 0.008367
274.326 -0.0246018 0.00460737 -12.0368 12.0452 0.00837287
274.337 -0.0246019 0.00460902 -12.034 12.0424 0.00837898
274.348 -0.0246023 0.00461071 -12.0313 12.0397 0.00838533
274.36 -0.0246026 0.0046121 -12.0286 12.037 0.00839136
274.371 -0.024602 0.00461333 -12.0259 12.0343 0.008397
274.382 -0.0246017 0.00461419 -12.0232 12.0316 0.00840262
274.393 -0.0246012 0.00461538 -12.0205 12.0289 0.00840806
274.404 -0.0246006 0.00461637 -12.0178 12.0262 0.00841362
274.416 -0.0246 0.00461688 -12.0151 12.0235 0.00841876
274.427 -0.0245997 0.00461781 -12.0124 12.0209 0.00842278
274.438 -0.0245995 0.00461868 -12.0098 12.0182 0.00842754
274.449 -0.0245996 0.00461928 -12.0071 12.0156 0.00843352
274.461 -0.0245991 0.00461909 -12.0045 12.013 0.00843887
274.472 -0.0245988 0.00461934 -12.0019 12.0103 0.0084436
274.483 -0.0245983 0.00461838 -11.9993 12.0077 0.00844893
274.494 -0.0245973 0.00461886 -11.9967 12.0051 0.00845528
274.506 -0.0245956 0.00461905 -11.9941 12.0026 0.00846095
274.517 -0.0245954 0.00461981 -11.9916 12 0.00846702
274.528 -0.0245951 0.00462014 -11.989 11.9975 0.00847201
274.539 -0.0245953 0.00462101 -11.9865 11.995 0.00847871
274.551 -0.0245949 0.0046207 -11.9841 11.9926 0.00848448
274.562 -0.0245948 0.00462142 -11.9816 11.9901 0.00848949
274.573 -0.0245943 0.004622 -11.9792 11.9877 0.0084954
274.584 -0.0245943 0.00462244 -11.9768 11.9853 0.00850122
274.596 -0.0245942 0.00462232 -11.9744 11.9829 0.00850633
274.607 -0.024594 0.0046229 -11.972 11.9805 0.00851161
274.618 -0.0245937 0.00462301 -11.9696 11.9781 0.00851552
274.629 -0.0245938 0.00462389 -11.9673 11.9758 0.00851973
274.64 -0.0245943 0.00462381 -11.9649 11.9734 0.00852496
274.652 -0.024595 0.00462377 -11.9626 11.9711 0.00853011
274.663 -0.0245953 0.00462315 -11.9603 11.9688 0.00853567
274.674 -0.0245958 0.00462323 -11.958 11.9665 0.00854108
274.685 -0.0245962 0.00462304 -11.9557 11.9642 0.00854614
274.697 -0.0245962 0.00462284 -11.9534 11.962 0.00855118
274.708 -0.0245961 0.00462299 -11.9512 11.9598 0.00855622
274.719 -0.0245966 0.00462352 -11.949 11.9576 0.0085631
274.73 -0.0245969 0.00462356 -11.9468 11.9554 0.00856937
274.742 -0.024597 0.00462322 -11.9447 11.9533 0.00857552
274.753 -0.0245967 0.00462324 -11.9426 11.9512 0.00858132
274.764 -0.0245974 0.00462301 -11.9405 11.9491 0.0085866
274.775 -0.0245969 0.00462236 -11.9384 11.947 0.00859291
274.787 -0.0245977 0.00462133 -11.9364 11.945 0.00859927
274.798 -0.0245967 0.00462141 -11.9344 11.943 0.00860454
274.809 -0.0245962 0.00462129 -11.9324 11.941 0.00860996
274.82 -0.0245955 0.00462031 -11.9304 11.9391 0.00861534
274.831 -0.0245959 0.00461981 -11.9285 11.9371 0.00862103
274.843 -0.0245956 0.00461929 -11.9266 11.9352 0.00862625
274.854 -0.0245954 0.00461901 -11.9246 11.9333 0.00863137
274.865 -0.0245953 0.00461892 -11.9227 11.9314 0.00863708
274.876 -0.0245954 0.00461902 -11.9208 11.9295 0.00864347
274.888 -0.0245946 0.00461963 -11.919 11.9276 0.00864951
274.899 -0.024594 0.00461973 -11.9172 11.9258 0.0086548
274.91 -0.0245935 0.0046202 -11.9153 11.924 0.00865985
274.921 -0.0245937 0.00461968 -11.9136 11.9222 0.00866523
274.933 -0.0245938 0.00462028 -11.9118 11.9205 0.00866965
274.944 -0.0245935 0.00462049 -11.9101 11.9187 0.00867577
274.955 -0.024593 0.00462064 -11.9083 11.917 0.00868082
274.966 -0.024593 0.00462066 -11.9067 11.9154 0.00868685
274.978 -0.0245927 0.00462092 -11.905 11.9137 0.00869239
274.989 -0.0245924 0.00462123 -11.9034 11.9121 0.00869771
275 -0.0245923 0.00462164 -11.9018 11.9105 0.00870254
275.011 -0.0245929 0.00462261 -11.9002 11.9089 0.00870744
275.022 -0.0245936 0.00462389 -11.8987 11.9074 0.00871178
275.034 -0.0245942 0.00462433 -11.8972 11.9059 0.00871658
275.045 -0.0245949 0.00462466 -11.8957 11.9044 0.00872149
275.056 -0.0245951 0.00462499 -11.8943 11.903 0.00872685
275.067 -0.0245947 0.00462573 -11.8928 11.9016 0.00873203
275.079 -0.0245947 0.00462578 -11.8914 11.9002 0.0087372
275.09 -0.0245944 0.00462554 -11.8901 11.8988 0.00874306
275.101 -0.0245949 0.00462584 -11.8888 11.8975 0.00874835
275.112 -0.0245939 0.00462604 -11.8874 11.8962 0.00875457
275.124 -0.0245933 0.00462608 -11.8862 11.8949 0.00876002
275.135 -0.0245932 0.00462657 -11.8849 11.8937 0.00876502
275.146 -0.0245936 0.00462662 -11.8836 11.8924 0.00877127
275.157 -0.0245931 0.00462634 -11.8824 11.8912 0.00877595
275.169 -0.0245933 0.00462625 -11.8812 11.8899 0.00878041
275.18 -0.0245931 0.00462656 -11.8799 11.8887 0.00878541
275.191 -0.0245937 0.00462667 -11.8787 11.8875 0.00879061
275.202 -0.0245933 0.00462657 -11.8776 11.8864 0.00879529
275.213 -0.0245929 0.00462704 -11.8764 11.8852 0.00880008
275.225 -0.0245932 0.00462741 -11.8753 11.8841 0.00880507
275.236 -0.0245934 0.00462762 -11.8741 11.8829 0.00880917
275.247 -0.0245928 0.00462832 -11.873 11.8818 0.00881376
275.258 -0.0245929 0.00462858 -11.8719 11.8807 0.00881825
275.27 -0.0245928 0.00462928 -11.8708 11.8796 0.00882321
275.281 -0.0245926 0.00463 -11.8697 11.8786 0.00882797
275.292 -0.0245911 0.00463071 -11.8687 11.8775 0.00883249
275.303 -0.0245899 0.00463154 -11.8677 11.8765 0.00883763
275.315 -0.0245895 0.00463222 -11.8667 11.8755 0.00884345
275.326 -0.0245894 0.00463235 -11.8657 11.8746 0.008849
275.337 -0.0245887 0.00463236 -11.8648 11.8737 0.008854
275.348 -0.024588 0.00463255 -11.864 11.8728 0.00885876
275.36 -0.0245879 0.00463312 -11.8631 11.872 0.00886489
275.371 -0.0245868 0.00463327 -11.8623 11.8711 0.00886959
275.382 -0.0245868 0.0046337 -11.8615 11.8704 0.00887529
275.393 -0.024586 0.00463368 -11.8607 11.8696 0.00888068
275.404 -0.0245856 0.00463397 -11.8601 11.869 0.0088864
275.416 -0.0245849 0.00463459 -11.8594 11.8683 0.00889135
275.427 -0.0245849 0.00463506 -11.8588 11.8677 0.00889743
275.438 -0.0245838 0.00463505 -11.8583 11.8672 0.00890295
275.449 -0.0245834 0.00463499 -11.8577 11.8666 0.00890821
275.461 -0.0245827 0.0046352 -11.8573 11.8662 0.00891378
275.472 -0.0245822 0.00463537 -11.8568 11.8658 0.00891997
275.483 -0.0245818 0.00463584 -11.8565 11.8654 0.00892556
275.494 -0.0245808 0.0046361 -11.8561 11.865 0.00893159
275.506 -0.0245798 0.00463647 -11.8558 11.8648 0.00893739
275.517 -0.0245789 0.00463617 -11.8556 11.8645 0.00894338
275.528 -0.0245786 0.00463679 -11.8554 11.8643 0.00894913
275.539 -0.024578 0.00463708 -11.8552 11.8642 0.00895472
275.551 -0.0245773 0.00463767 -11.8551 11.8641 0.00896083
275.562 -0.0245762 0.00463857 -11.855 11.864 0.00896681
275.573 -0.0245754 0.00463943 -11.855 11.864 0.00897227
275.584 -0.0245745 0.0046413 -11.855 11.864 0.00897706
275.596 -0.024574 0.00464214 -11.855 11.864 0.00898231
275.607 -0.0245737 0.00464284 -11.8551 11.8641 0.00898719
275.618 -0.0245735 0.00464357 -11.8552 11.8642 0.00899209
275.629 -0.0245736 0.0046441 -11.8554 11.8644 0.00899723
275.64 -0.0245742 0.0046449 -11.8556 11.8646 0.00900172
275.652 -0.0245739 0.00464459 -11.8558 11.8648 0.00900675
275.663 -0.0245736 0.00464398 -11.8561 11.8651 0.00901109
275.674 -0.0245738 0.00464307 -11.8564 11.8654 0.00901537
275.685 -0.0245741 0.0046428 -11.8568 11.8658 0.00902034
275.697 -0.0245743 0.00464206 -11.8571 11.8662 0.00902466
275.708 -0.0245749 0.00464125 -11.8576 11.8666 0.00902939
275.719 -0.0245748 0.00464033 -11.858 11.867 0.00903431
275.73 -0.0245755 0.00464026 -11.8585 11.8675 0.00903845
275.742 -0.0245764 0.00463975 -11.859 11.868 0.00904264
275.753 -0.0245768 0.00463894 -11.8595 11.8685 0.00904751
275.764 -0.0245775 0.0046382 -11.86 11.8691 0.00905223
275.775 -0.0245776 0.00463808 -11.8606 11.8697 0.0090573
275.787 -0.0245783 0.00463831 -11.8612 11.8703 0.00906283
275.798 -0.0245785 0.00463876 -11.8619 11.871 0.00906793
275.809 -0.0245791 0.00463846 -11.8626 11.8717 0.00907412
275.82 -0.0245795 0.00463835 -11.8633 11.8724 0.00907957
275.831 -0.0245798 0.00463793 -11.8641 11.8732 0.0090839
275.843 -0.0245801 0.004638 -11.8649 11.874 0.00908882
275.854 -0.0245802 0.00463893 -11.8657 11.8748 0.00909298
275.865 -0.0245808 0.00463982 -11.8665 11.8756 0.00909666
275.876 -0.0245812 0.00464099 -11.8674 11.8765 0.00910136
275.888 -0.024582 0.00464128 -11.8683 11.8774 0.00910632
275.899 -0.0245828 0.00464131 -11.8692 11.8783 0.00911069
275.91 -0.0245833 0.00464163 -11.8702 11.8793 0.00911588
275.921 -0.0245849 0.00464141 -11.8711 11.8803 0.00912021
275.933 -0.024586 0.00464136 -11.8722 11.8813 0.00912451
275.944 -0.0245875 0.00464078 -11.8732 11.8824 0.00912947
275.955 -0.024589 0.00464054 -11.8743 11.8835 0.00913429
275.966 -0.0245903 0.00464082 -11.8754 11.8846 0.00913868
275.978 -0.0245919 0.00464087 -11.8766 11.8858 0.00914174
275.989 -0.0245937 0.00464089 -11.8778 11.887 0.00914572
276 -0.0245943 0.00464159 -11.879 11.8882 0.00915009
276.011 -0.0245953 0.0046418 -11.8803 11.8895 0.00915333
276.022 -0.0245965 0.00464196 -11.8817 11.8908 0.00915738
276.034 -0.0245975 0.00464185 -11.883 11.8922 0.00916089
276.045 -0.0245989 0.00464184 -11.8844 11.8936 0.00916551
276.056 -0.0245997 0.00464176 -11.8858 11.895 0.00916983
276.067 -0.0246 0.00464118 -11.8873 11.8965 0.00917482
276.079 -0.0246001 0.00464159 -11.8889 11.898 0.00917953
276.09 -0.0246001 0.0046421 -11.8904 11.8996 0.00918447
276.101 -0.0246006 0.00464211 -11.892 11.9012 0.00918963
276.112 -0.024601 0.00464208 -11.8937 11.9029 0.00919425
276.124 -0.0246013 0.0046429 -11.8954 11.9046 0.00919972
276.135 -0.0246012 0.00464349 -11.8971 11.9063 0.00920427
276.146 -0.0246015 0.00464405 -11.8988 11.908 0.0092084
276.157 -0.0246015 0.00464457 -11.9006 11.9098 0.00921265
276.169 -0.0246008 0.00464558 -11.9023 11.9116 0.00921643
276.18 -0.0246003 0.00464764 -11.9042 11.9134 0.00922069
276.191 -0.0246001 0.00464853 -11.906 11.9152 0.00922566
276.202 -0.0245995 0.00464984 -11.9078 11.9171 0.00923014
276.213 -0.0245988 0.00465139 -11.9097 11.919 0.0092338
276.225 -0.024599 0.00465223 -11.9116 11.9209 0.00923772
276.236 -0.0245995 0.00465307 -11.9135 11.9228 0.00924184
276.247 -0.0245994 0.00465381 -11.9155 11.9247 0.00924555
276.258 -0.0246002 0.00465436 -11.9175 11.9267 0.00924965
276.27 -0.0246011 0.00465492 -11.9195 11.9287 0.00925378
276.281 -0.0246013 0.00465514 -11.9215 11.9307 0.00925755
276.292 -0.0246017 0.00465536 -11.9235 11.9328 0.00926173
276.303 -0.0246023 0.00465586 -11.9256 11.9348 0.00926615
276.315 -0.0246027 0.00465721 -11.9277 11.9369 0.00927017
276.326 -0.0246034 0.00465805 -11.9298 11.9391 0.0092746
276.337 -0.0246037 0.00465901 -11.9319 11.9412 0.00927926
276.348 -0.0246038 0.00466099 -11.9341 11.9434 0.00928368
276.36 -0.024604 0.00466169 -11.9364 11.9457 0.00928911
276.371 -0.0246038 0.00466176 -11.9386 11.9479 0.00929471
276.382 -0.0246032 0.00466163 -11.941 11.9503 0.00929963
276.393 -0.0246036 0.00466104 -11.9433 11.9526 0.00930515
276.404 -0.0246041 0.0046618 -11.9457 11.955 0.0093102
276.416 -0.0246051 0.00466173 -11.9482 11.9575 0.00931519
276.427 -0.0246061 0.00466137 -11.9507 11.96 0.00932144
276.438 -0.0246073 0.00466191 -11.9532 11.9625 0.00932716
276.449 -0.0246079 0.00466283 -11.9558 11.9651 0.00933191
276.461 -0.0246085 0.00466358 -11.9583 11.9677 0.0093375
276.472 -0.0246089 0.00466438 -11.961 11.9703 0.00934241
276.483 -0.0246095 0.00466569 -11.9636 11.973 0.00934689
276.494 -0.0246095 0.00466673 -11.9663 11.9756 0.00935198
276.506 -0.0246102 0.00466792 -11.969 11.9783 0.00935641
276.517 -0.0246111 0.0046693 -11.9717 11.981 0.00936014
276.528 -0.0246124 0.00467086 -11.9744 11.9838 0.00936368
276.539 -0.0246134 0.00467212 -11.9772 11.9865 0.00936763
276.551 -0.0246141 0.00467377 -11.9799 11.9893 0.00937109
276.562 -0.0246153 0.00467624 -11.9827 11.9921 0.0093748
276.573 -0.024617 0.00467767 -11.9855 11.9949 0.00937909
276.584 -0.0246193 0.00467946 -11.9883 11.9977 0.00938292
276.596 -0.0246215 0.00468044 -11.9912 12.0006 0.00938674
276.607 -0.0246235 0.00468152 -11.994 12.0034 0.00939051
276.618 -0.0246252 0.00468272 -11.9969 12.0063 0.00939391
276.629 -0.0246267 0.00468384 -11.9998 12.0092 0.00939749
276.64 -0.0246278 0.00468477 -12.0027 12.0121 0.00940115
276.652 -0.0246299 0.00468563 -12.0056 12.015 0.0094047
276.663 -0.0246318 0.00468603 -12.0085 12.0179 0.00940834
276.674 -0.0246338 0.00468516 -12.0115 12.0209 0.00941217
276.685 -0.0246361 0.00468504 -12.0145 12.0239 0.00941557
276.697 -0.0246377 0.00468509 -12.0174 12.0268 0.00941919
276.708 -0.0246395 0.00468547 -12.0204 12.0298 0.00942308
276.719 -0.0246416 0.00468562 -12.0234 12.0328 0.00942774
276.73 -0.0246436 0.00468566 -12.0264 12.0358 0.00943206
276.742 -0.0246459 0.00468569 -12.0294 12.0389 0.00943628
276.753 -0.0246478 0.00468604 -12.0325 12.0419 0.00944065
276.764 -0.0246497 0.00468563 -12.0355 12.0449 0.00944571
276.775 -0.0246521 0.00468512 -12.0386 12.048 0.00945046
276.787 -0.0246546 0.00468505 -12.0416 12.0511 0.0094555
276.798 -0.0246561 0.00468419 -12.0447 12.0542 0.00946007
276.809 -0.0246573 0.00468334 -12.0478 12.0572 0.00946465
276.82 -0.0246594 0.00468318 -12.0509 12.0604 0.00946892
276.831 -0.0246616 0.00468284 -12.054 12.0635 0.00947304
276.843 -0.0246634 0.0046828 -12.0571 12.0666 0.00947758
276.854 -0.024666 0.00468202 -12.0603 12.0698 0.00948167
276.865 -0.0246683 0.00468222 -12.0634 12.0729 0.00948606
276.876 -0.0246704 0.00468255 -12.0666 12.0761 0.00949052
276.888 -0.0246717 0.00468313 -12.0698 12.0792 0.00949514
276.899 -0.0246731 0.00468302 -12.073 12.0825 0.00950022
276.91 -0.0246744 0.00468331 -12.0761 12.0857 0.00950464
276.921 -0.0246754 0.00468338 -12.0793 12.0889 0.00950951
276.933 -0.0246768 0.00468402 -12.0825 12.0921 0.00951488
276.944 -0.0246778 0.0046836 -12.0858 12.0953 0.00951918
276.955 -0.0246792 0.00468302 -12.089 12.0985 0.00952299
276.966 -0.0246805 0.00468275 -12.0922 12.1017 0.00952661
276.978 -0.0246814 0.00468197 -12.0954 12.1049 0.00953006
276.989 -0.0246822 0.0046807 -12.0986 12.1082 0.00953365
277 -0.0246827 0.00467941 -12.1019 12.1114 0.00953752
277.011 -0.0246829 0.00467852 -12.1051 12.1146 0.00954124
277.022 -0.0246836 0.00467799 -12.1083 12.1178 0.00954446
277.034 -0.0246843 0.00467799 -12.1115 12.121 0.00954824
277.045 -0.0246849 0.00467825 -12.1147 12.1243 0.00955192
277.056 -0.0246854 0.00467795 -12.1179 12.1275 0.009555
277.067 -0.0246852 0.00467781 -12.1211 12.1307 0.00955856
277.079 -0.0246858 0.0046775 -12.1243 12.1339 0.00956152
277.09 -0.0246857 0.0046772 -12.1275 12.1371 0.00956528
277.101 -0.0246857 0.00467657 -12.1307 12.1402 0.00956859
277.112 -0.0246861 0.00467569 -12.1338 12.1434 0.00957172
277.124 -0.0246871 0.00467484 -12.137 12.1466 0.00957481
277.135 -0.0246874 0.00467527 -12.1402 12.1497 0.00957834
277.146 -0.0246879 0.00467534 -12.1433 12.1529 0.00958215
277.157 -0.0246879 0.00467553 -12.1465 12.1561 0.00958481
277.169 -0.024688 0.0046763 -12.1497 12.1593 0.00958828
277.18 -0.024688 0.00467621 -12.1529 12.1625 0.00959162
277.191 -0.0246874 0.00467606 -12.156 12.1656 0.00959437
277.202 -0.0246863 0.00467633 -12.1592 12.1688 0.00959742
277.213 -0.0246854 0.00467665 -12.1624 12.172 0.00959994
277.225 -0.024684 0.00467683 -12.1655 12.1751 0.00960218
277.236 -0.0246831 0.00467741 -12.1686 12.1783 0.00960491
277.247 -0.0246821 0.00467644 -12.1718 12.1814 0.00960758
277.258 -0.0246811 0.0046764 -12.175 12.1846 0.00961027
277.27 -0.0246804 0.00467712 -12.1781 12.1877 0.0096145
277.281 -0.0246792 0.00467701 -12.1812 12.1908 0.00961804
277.292 -0.0246779 0.0046767 -12.1844 12.194 0.00962083
277.303 -0.0246771 0.00467623 -12.1875 12.1971 0.0096243
277.315 -0.0246756 0.00467623 -12.1906 12.2003 0.00962813
277.326 -0.0246748 0.00467619 -12.1937 12.2034 0.00963136
277.337 -0.024674 0.00467592 -12.1969 12.2065 0.00963453
277.348 -0.0246725 0.00467615 -12.2 12.2096 0.00963751
277.36 -0.0246727 0.00467647 -12.2031 12.2127 0.00963994
277.371 -0.0246715 0.00467609 -12.2062 12.2158 0.0096423
277.382 -0.0246702 0.0046763 -12.2092 12.2189 0.0096446
277.393 -0.024669 0.00467701 -12.2123 12.2219 0.00964731
277.404 -0.0246683 0.0046778 -12.2153 12.225 0.00964998
277.416 -0.0246671 0.00467801 -12.2183 12.228 0.0096524
277.427 -0.0246666 0.00467852 -12.2214 12.231 0.00965567
277.438 -0.0246671 0.00467852 -12.2243 12.234 0.00966027
277.449 -0.0246669 0.00467868 -12.2273 12.237 0.00966456
277.461 -0.0246667 0.0046794 -12.2303 12.24 0.009668
277.472 -0.0246665 0.00467974 -12.2333 12.243 0.00967172
277.483 -0.0246656 0.00468048 -12.2363 12.2459 0.00967706
277.494 -0.024665 0.00468146 -12.2393 12.2489 0.00968268
277.506 -0.0246642 0.00468242 -12.2422 12.2519 0.0096874
277.517 -0.0246636 0.0046827 -12.2452 12.2549 0.00969208
277.528 -0.0246627 0.00468327 -12.2482 12.2579 0.00969719
277.539 -0.0246623 0.00468423 -12.2511 12.2608 0.0097024
277.551 -0.0246623 0.00468529 -12.2541 12.2638 0.00970696
277.562 -0.0246627 0.00468607 -12.257 12.2667 0.00971119
277.573 -0.0246624 0.00468586 -12.2599 12.2696 0.00971637
277.584 -0.0246626 0.00468659 -12.2628 12.2725 0.00972163
277.596 -0.024663 0.00468717 -12.2657 12.2755 0.00972607
277.607 -0.0246627 0.00468725 -12.2686 12.2784 0.00973096
277.618 -0.0246627 0.00468753 -12.2715 12.2812 0.00973596
277.629 -0.0246628 0.00468834 -12.2744 12.2841 0.00974099
277.64 -0.0246632 0.0046894 -12.2773 12.287 0.00974695
277.652 -0.0246634 0.00468967 -12.2801 12.2899 0.00975241
277.663 -0.0246634 0.00469064 -12.283 12.2928 0.00975749
277.674 -0.0246634 0.00469129 -12.2859 12.2956 0.00976314
277.685 -0.0246637 0.00469206 -12.2887 12.2985 0.00976876
277.697 -0.0246638 0.00469277 -12.2916 12.3014 0.00977393
277.708 -0.0246634 0.00469308 -12.2944 12.3042 0.00977994
277.719 -0.0246623 0.00469288 -12.2973 12.3071 0.00978602
277.73 -0.0246618 0.00469324 -12.3001 12.3099 0.00979168
277.742 -0.0246617 0.00469338 -12.303 12.3128 0.00979708
277.753 -0.0246612 0.00469328 -12.3058 12.3156 0.00980323
277.764 -0.0246607 0.00469366 -12.3086 12.3184 0.00980853
277.775 -0.02466 0.00469406 -12.3115 12.3213 0.00981468
277.787 -0.0246583 0.00469434 -12.3143 12.3241 0.00982083
277.798 -0.0246567 0.00469448 -12.3171 12.3269 0.00982661
277.809 -0.0246561 0.00469496 -12.3199 12.3297 0.00983129
277.82 -0.0246549 0.00469528 -12.3227 12.3325 0.00983783
277.831 -0.0246534 0.00469524 -12.3255 12.3353 0.00984335
277.843 -0.0246523 0.00469555 -12.3282 12.3381 0.00984973
277.854 -0.0246517 0.00469536 -12.3309 12.3408 0.00985626
277.865 -0.0246505 0.00469556 -12.3337 12.3436 0.00986211
277.876 -0.0246488 0.00469523 -12.3364 12.3463 0.00986827
277.888 -0.0246471 0.00469525 -12.3391 12.349 0.00987489
277.899 -0.0246454 0.00469539 -12.3418 12.3517 0.00988082
277.91 -0.0246438 0.00469524 -12.3445 12.3544 0.00988623
277.921 -0.0246429 0.0046952 -12.3472 12.3571 0.00989158
277.933 -0.024642 0.00469403 -12.3499 12.3597 0.00989712
277.944 -0.0246413 0.00469295 -12.3525 12.3624 0.00990296
277.955 -0.0246408 0.00469175 -12.3551 12.365 0.00990835
277.966 -0.0246404 0.004691 -12.3577 12.3676 0.00991439
277.978 -0.0246403 0.00469093 -12.3603 12.3702 0.00991938
277.989 -0.0246404 0.00469091 -12.3628 12.3727 0.00992481
278 -0.0246413 0.00469012 -12.3654 12.3753 0.0099301
278.011 -0.0246421 0.00469023 -12.3678 12.3778 0.00993425
278.022 -0.0246426 0.00468942 -12.3703 12.3802 0.00993831
278.034 -0.0246421 0.00468936 -12.3727 12.3827 0.00994265
278.045 -0.0246423 0.00468973 -12.3751 12.385 0.00994718
278.056 -0.0246418 0.00469025 -12.3774 12.3874 0.00995146
278.067 -0.0246406 0.00469147 -12.3798 12.3897 0.00995592
278.079 -0.0246399 0.00469241 -12.3821 12.3921 0.00996104
278.09 -0.0246391 0.00469334 -12.3844 12.3943 0.00996601
278.101 -0.0246387 0.00469371 -12.3866 12.3966 0.00997083
278.112 -0.0246375 0.00469425 -12.3888 12.3988 0.00997508
278.124 -0.0246359 0.00469431 -12.391 12.401 0.00997839
278.135 -0.0246346 0.00469467 -12.3932 12.4031 0.00998095
278.146 -0.0246334 0.00469487 -12.3953 12.4052 0.00998458
278.157 -0.0246333 0.00469566 -12.3973 12.4073 0.00998772
278.169 -0.024633 0.00469629 -12.3993 12.4093 0.00999176
278.18 -0.0246325 0.00469733 -12.4013 12.4113 0.00999592
278.191 -0.0246326 0.00469821 -12.4032 12.4132 0.00999995
278.202 -0.0246332 0.00469977 -12.4052 12.4152 0.0100048
278.213 -0.0246332 0.00470105 -12.407 12.4171 0.0100099
278.225 -0.0246333 0.00470216 -12.4089 12.4189 0.0100146
278.236 -0.0246329 0.00470381 -12.4107 12.4208 0.0100196
278.247 -0.0246326 0.00470444 -12.4125 12.4225 0.0100249
278.258 -0.0246325 0.00470507 -12.4143 12.4243 0.0100291
278.27 -0.0246319 0.00470471 -12.4161 12.4261 0.0100347
278.281 -0.0246315 0.00470404 -12.4178 12.4278 0.0100399
278.292 -0.024632 0.00470347 -12.4195 12.4295 0.0100445
278.303 -0.0246325 0.00470279 -12.4212 12.4312 0.0100494
278.315 -0.0246329 0.00470265 -12.4228 12.4329 0.0100536
278.326 -0.0246333 0.00470269 -12.4244 12.4345 0.0100582
278.337 -0.0246344 0.00470301 -12.426 12.4361 0.0100618
278.348 -0.0246348 0.00470305 -12.4276 12.4376 0.0100658
278.36 -0.0246351 0.00470302 -12.4291 12.4391 0.0100693
278.371 -0.0246353 0.00470295 -12.4306 12.4406 0.0100719
278.382 -0.0246362 0.00470264 -12.432 12.4421 0.0100756
278.393 -0.0246361 0.00470262 -12.4334 12.4435 0.0100789
278.404 -0.0246352 0.00470329 -12.4348 12.4449 0.0100831
278.416 -0.0246329 0.00470348 -12.4362 12.4462 0.0100892
278.427 -0.024631 0.00470453 -12.4375 12.4476 0.0100943
278.438 -0.0246291 0.0047048 -12.4389 12.449 0.0100997
278.449 -0.0246276 0.004705 -12.4402 12.4503 0.0101048
278.461 -0.0246267 0.0047058 -12.4415 12.4516 0.0101094
278.472 -0.0246251 0.00470586 -12.4428 12.4529 0.010114
278.483 -0.0246236 0.00470569 -12.4441 12.4542 0.0101189
278.494 -0.0246225 0.00470531 -12.4453 12.4554 0.0101234
278.506 -0.0246213 0.00470501 -12.4465 12.4567 0.0101268
278.517 -0.0246206 0.00470467 -12.4477 12.4579 0.0101312
278.528 -0.0246195 0.00470385 -12.4489 12.459 0.0101354
278.539 -0.0246187 0.00470268 -12.45 12.4602 0.010139
278.551 -0.0246185 0.00470131 -12.4511 12.4613 0.0101427
278.562 -0.0246177 0.00470024 -12.4522 12.4623 0.0101469
278.573 -0.0246167 0.00469904 -12.4533 12.4634 0.0101507
278.584 -0.0246161 0.00469875 -12.4543 12.4644 0.0101537
278.596 -0.0246154 0.0046981 -12.4552 12.4654 0.0101577
278.607 -0.0246141 0.00469751 -12.4562 12.4664 0.0101613
278.618 -0.0246137 0.004697 -12.4572 12.4673 0.010165
278.629 -0.0246125 0.00469653 -12.4581 12.4682 0.0101698
278.64 -0.0246113 0.00469532 -12.459 12.4692 0.0101741
278.652 -0.0246101 0.00469427 -12.4599 12.47 0.010178
278.663 -0.0246093 0.00469294 -12.4607 12.4709 0.0101812
278.674 -0.0246087 0.00469194 -12.4615 12.4717 0.0101846
278.685 -0.0246075 0.00469075 -12.4622 12.4724 0.0101881
278.697 -0.0246063 0.00469006 -12.463 12.4732 0.0101925
278.708 -0.0246048 0.00468935 -12.4637 12.4739 0.0101962
278.719 -0.0246038 0.00468815 -12.4644 12.4746 0.0102008
278.73 -0.024602 0.00468657 -12.465 12.4752 0.010206
278.742 -0.0245996 0.00468564 -12.4657 12.4759 0.0102114
278.753 -0.0245979 0.00468447 -12.4662 12.4764 0.0102165
278.764 -0.0245961 0.00468293 -12.4668 12.477 0.0102221
278.775 -0.0245946 0.00468209 -12.4674 12.4776 0.010228
278.787 -0.0245936 0.00468193 -12.4679 12.4781 0.0102343
278.798 -0.0245922 0.00468158 -12.4683 12.4786 0.0102399
278.809 -0.0245907 0.0046816 -12.4688 12.479 0.0102455
278.82 -0.0245903 0.00468134 -12.4692 12.4794 0.0102501
278.831 -0.0245904 0.00468119 -12.4695 12.4798 0.0102542
278.843 -0.0245912 0.0046804 -12.4699 12.4801 0.0102587
278.854 -0.0245905 0.00468094 -12.4701 12.4804 0.0102627
278.865 -0.024591 0.00468114 -12.4704 12.4807 0.0102663
278.876 -0.0245908 0.00468181 -12.4706 12.4809 0.0102702
278.888 -0.0245903 0.00468193 -12.4708 12.4811 0.0102744
278.899 -0.02459 0.00468203 -12.471 12.4813 0.0102777
278.91 -0.0245897 0.00468276 -12.4711 12.4814 0.0102811
278.921 -0.0245893 0.00468245 -12.4712 12.4815 0.0102844
278.933 -0.0245892 0.00468274 -12.4713 12.4816 0.0102877
278.944 -0.0245888 0.00468263 -12.4713 12.4816 0.010291
278.955 -0.0245884 0.0046821 -12.4714 12.4816 0.0102947
278.966 -0.0245877 0.0046812 -12.4714 12.4817 0.0102987
278.978 -0.0245872 0.00468105 -12.4714 12.4817 0.010303
278.989 -0.0245866 0.00468158 -12.4713 12.4817 0.0103067
279 -0.0245857 0.00468203 -12.4713 12.4816 0.0103097
279.011 -0.0245847 0.00468218 -12.4712 12.4815 0.0103132
279.022 -0.0245837 0.00468216 -12.471 12.4814 0.0103171
279.034 -0.0245817 0.0046811 -12.4709 12.4812 0.0103211
279.045 -0.0245805 0.00468059 -12.4707 12.481 0.0103247
279.056 -0.0245799 0.00467973 -12.4705 12.4808 0.0103278
279.067 -0.0245788 0.00467931 -12.4702 12.4806 0.010331
279.079 -0.0245772 0.00467903 -12.47 12.4803 0.0103338
279.09 -0.024576 0.00467872 -12.4697 12.48 0.0103372
279.101 -0.0245758 0.00467858 -12.4693 12.4797 0.0103396
279.112 -0.024574 0.00467812 -12.469 12.4793 0.010344
279.124 -0.0245726 0.00467754 -12.4686 12.479 0.010348
279.135 -0.0245719 0.00467759 -12.4682 12.4786 0.0103515
279.146 -0.0245717 0.00467797 -12.4678 12.4781 0.0103549
279.157 -0.0245714 0.00467736 -12.4673 12.4777 0.0103583
279.169 -0.0245703 0.00467752 -12.4668 12.4772 0.0103626
279.18 -0.0245695 0.00467811 -12.4664 12.4767 0.0103672
279.191 -0.0245687 0.00467902 -12.4659 12.4762 0.010371
279.202 -0.0245679 0.00468017 -12.4654 12.4757 0.0103746
279.213 -0.0245665 0.00468233 -12.4649 12.4752 0.0103779
279.225 -0.024566 0.00468279 -12.4643 12.4747 0.0103803
279.236 -0.024565 0.00468349 -12.4637 12.4741 0.0103839
279.247 -0.0245643 0.00468399 -12.4632 12.4736 0.0103888
279.258 -0.0245634 0.00468425 -12.4626 12.473 0.0103933
279.27 -0.0245629 0.00468426 -12.462 12.4724 0.0103983
279.281 -0.0245625 0.00468454 -12.4615 12.4719 0.0104024
279.292 -0.024562 0.00468416 -12.4609 12.4713 0.0104067
279.303 -0.0245612 0.00468436 -12.4603 12.4707 0.0104111
279.315 -0.0245602 0.00468499 -12.4597 12.4701 0.010415
279.326 -0.0245598 0.00468572 -12.4591 12.4695 0.0104188
279.337 -0.0245594 0.0046862 -12.4585 12.4689 0.0104224
279.348 -0.0245596 0.00468679 -12.4578 12.4683 0.0104249
279.36 -0.0245597 0.0046876 -12.4572 12.4676 0.0104282
279.371 -0.0245598 0.00468822 -12.4565 12.4669 0.0104309
279.382 -0.02456 0.00468796 -12.4558 12.4663 0.0104339
279.393 -0.0245593 0.00468926 -12.4551 12.4656 0.0104383
279.404 -0.024558 0.0046901 -12.4544 12.4649 0.0104431
279.416 -0.0245562 0.00469061 -12.4537 12.4642 0.010447
279.427 -0.0245537 0.00469097 -12.453 12.4635 0.0104523
279.438 -0.0245521 0.00469172 -12.4523 12.4628 0.0104559
279.449 -0.0245507 0.00469223 -12.4516 12.4621 0.0104594
279.461 -0.0245488 0.00469271 -12.4509 12.4613 0.0104629
279.472 -0.0245478 0.0046935 -12.4501 12.4606 0.0104653
279.483 -0.0245471 0.00469356 -12.4494 12.4598 0.0104675
279.494 -0.0245458 0.00469289 -12.4486 12.4591 0.01047
279.506 -0.0245447 0.00469299 -12.4478 12.4583 0.0104724
279.517 -0.0245438 0.00469344 -12.4471 12.4576 0.0104748
279.528 -0.0245429 0.00469295 -12.4463 12.4568 0.0104779
279.539 -0.0245415 0.00469263 -12.4455 12.456 0.0104813
279.551 -0.0245404 0.00469325 -12.4448 12.4553 0.0104839
279.562 -0.024539 0.00469351 -12.444 12.4545 0.0104866
279.573 -0.0245378 0.00469316 -12.4432 12.4537 0.0104893
279.584 -0.0245368 0.00469199 -12.4425 12.453 0.0104922
279.596 -0.0245358 0.00469193 -12.4417 12.4522 0.0104951
279.607 -0.0245348 0.00469155 -12.4409 12.4514 0.0104974
279.618 -0.0245334 0.00469118 -12.4402 12.4507 0.0105017
279.629 -0.0245317 0.00469046 -12.4394 12.4499 0.0105056
279.64 -0.0245293 0.00468997 -12.4387 12.4492 0.0105091
279.652 -0.0245259 0.00468994 -12.438 12.4485 0.0105127
279.663 -0.0245229 0.00468966 -12.4373 12.4478 0.0105167
279.674 -0.0245207 0.00468919 -12.4366 12.4472 0.01052
279.685 -0.0245185 0.00468937 -12.436 12.4465 0.010524
279.697 -0.0245163 0.00468948 -12.4353 12.4458 0.0105286
279.708 -0.024514 0.00468916 -12.4346 12.4451 0.0105335
279.719 -0.0245129 0.00469021 -12.434 12.4445 0.0105373
279.73 -0.0245113 0.00469103 -12.4333 12.4439 0.0105411
279.742 -0.0245107 0.00469201 -12.4327 12.4432 0.0105452
279.753 -0.02451 0.00469385 -12.4321 12.4426 0.0105492
279.764 -0.0245089 0.00469508 -12.4314 12.442 0.0105533
279.775 -0.0245082 0.00469652 -12.4308 12.4414 0.0105572
279.787 -0.0245068 0.00469816 -12.4303 12.4408 0.0105616
279.798 -0.0245062 0.0046987 -12.4297 12.4402 0.0105649
279.809 -0.024505 0.00469949 -12.4291 12.4397 0.0105687
279.82 -0.0245036 0.00470011 -12.4286 12.4391 0.0105738
279.831 -0.0245017 0.00470039 -12.428 12.4386 0.0105776
279.843 -0.0245001 0.00470081 -12.4275 12.4381 0.0105813
279.854 -0.0244977 0.00470202 -12.427 12.4376 0.010585
279.865 -0.0244955 0.004702 -12.4265 12.4371 0.0105885
279.876 -0.0244936 0.00470248 -12.426 12.4366 0.0105917
279.888 -0.0244919 0.00470291 -12.4256 12.4362 0.0105951
279.899 -0.0244905 0.00470382 -12.4251 12.4357 0.0105991
279.91 -0.024489 0.00470513 -12.4247 12.4353 0.0106032
279.921 -0.0244865 0.00470623 -12.4242 12.4349 0.0106075
279.933 -0.0244835 0.00470652 -12.4238 12.4344 0.0106118
279.944 -0.0244806 0.00470742 -12.4234 12.434 0.0106158
279.955 -0.0244781 0.00470908 -12.423 12.4336 0.0106199
279.966 -0.0244759 0.0047104 -12.4226 12.4332 0.0106238
279.978 -0.0244749 0.00471116 -12.4222 12.4328 0.0106268
279.989 -0.0244731 0.00471199 -12.4219 12.4325 0.0106305
280 -0.0244722 0.0047133 -12.4215 12.4321 0.0106346
