# t px py pz frame_uz pz_lab  (vitesses barycentriques ; invariant = px, py, pz_lab ~ 0 ; pz seul -> -frame_uz, normal)
76.001 -0.0191424 0.0029688 -0.0313143 0 -0.0313143
76.003 -0.0191426 0.00296984 -0.0313117 0 -0.0313117
76.0077 -0.0191422 0.00296796 -0.0313089 0 -0.0313089
76.0148 -0.0191428 0.00296535 -0.0313043 0 -0.0313043
76.0242 -0.0191444 0.00296177 -0.0312986 0 -0.0312986
76.0357 -0.0191477 0.00295706 -0.0312916 0 -0.0312916
76.0489 -0.0191515 0.00295176 -0.0312836 0 -0.0312836
76.0637 -0.0191567 0.0029472 -0.0312749 0 -0.0312749
76.0802 -0.019162 0.00294225 -0.0312662 0 -0.0312662
76.0979 -0.0191669 0.00293556 -0.0312552 0 -0.0312552
76.1171 -0.0191741 0.00292809 -0.0312424 0 -0.0312424
76.1371 -0.0191803 0.00292071 -0.0312311 0 -0.0312311
76.1582 -0.0191866 0.00291199 -0.0312189 0 -0.0312189
76.1803 -0.0191916 0.0029005 -0.0312046 0 -0.0312046
76.2031 -0.0191981 0.00288811 -0.0311899 0 -0.0311899
76.2265 -0.0192034 0.00287675 -0.0311751 0 -0.0311751
76.2507 -0.0192085 0.00286472 -0.0311595 0 -0.0311595
76.2757 -0.0192136 0.00285067 -0.031143 0 -0.031143
76.3015 -0.0192169 0.00283751 -0.0311258 0 -0.0311258
76.3274 -0.0192202 0.00282499 -0.0311087 0 -0.0311087
76.3543 -0.0192245 0.00280958 -0.0310921 0 -0.0310921
76.3812 -0.0192313 0.00279385 -0.031074 0 -0.031074
76.4081 -0.0192377 0.00277669 -0.031054 0 -0.031054
76.4363 -0.0192439 0.00275869 -0.0310334 0 -0.0310334
76.4645 -0.0192506 0.00274315 -0.0310143 0 -0.0310143
76.4927 -0.0192551 0.00273004 -0.0309955 0 -0.0309955
76.5209 -0.0192599 0.00271634 -0.0309746 0 -0.0309746
76.549 -0.0192626 0.00270105 -0.0309556 0 -0.0309556
76.5772 -0.0192648 0.00268855 -0.030937 0 -0.030937
76.6054 -0.0192668 0.00267513 -0.0309161 0 -0.0309161
76.6336 -0.0192683 0.00266268 -0.0308953 0 -0.0308953
76.6618 -0.0192712 0.00265039 -0.030873 0 -0.030873
76.69 -0.0192762 0.00264102 -0.0308518 0 -0.0308518
76.7182 -0.0192805 0.00263156 -0.0308284 0 -0.0308284
76.7463 -0.0192851 0.00262051 -0.0308029 0 -0.0308029
76.7745 -0.0192889 0.00261022 -0.0307781 0 -0.0307781
76.8027 -0.0192931 0.00260256 -0.0307537 0 -0.0307537
76.8309 -0.0192956 0.00259444 -0.0307291 0 -0.0307291
76.8591 -0.0192961 0.00258724 -0.0307034 0 -0.0307034
76.8873 -0.0192972 0.00258105 -0.0306799 0 -0.0306799
76.9154 -0.0192996 0.00257548 -0.0306572 0 -0.0306572
76.9436 -0.019303 0.00256887 -0.030635 0 -0.030635
76.9718 -0.0193049 0.00256168 -0.0306121 0 -0.0306121
77 -0.01931 0.00255513 -0.0305887 0 -0.0305887
77.0312 -0.0193151 0.00254923 -0.0305602 0 -0.0305602
77.0625 -0.0193183 0.0025447 -0.0305319 0 -0.0305319
77.0938 -0.0193196 0.00254527 -0.0305003 0 -0.0305003
77.125 -0.019321 0.0025453 -0.0304709 0 -0.0304709
77.1562 -0.0193215 0.00254731 -0.0304425 0 -0.0304425
77.1875 -0.0193234 0.00255069 -0.0304163 0 -0.0304163
77.2188 -0.0193258 0.00255429 -0.03039 0 -0.03039
77.25 -0.0193286 0.00255997 -0.0303621 0 -0.0303621
77.2812 -0.0193307 0.00256227 -0.0303343 0 -0.0303343
77.3125 -0.0193334 0.00256493 -0.0303042 0 -0.0303042
77.3438 -0.0193328 0.00256624 -0.0302749 0 -0.0302749
77.375 -0.0193331 0.00256981 -0.0302457 0 -0.0302457
77.4062 -0.0193326 0.00257149 -0.0302143 0 -0.0302143
77.4375 -0.0193281 0.00257492 -0.0301848 0 -0.0301848
77.4688 -0.0193254 0.00257827 -0.0301545 0 -0.0301545
77.5 -0.0193221 0.00257803 -0.0301245 0 -0.0301245
77.5312 -0.0193193 0.00257525 -0.0300941 0 -0.0300941
77.5625 -0.0193192 0.00257447 -0.0300612 0 -0.0300612
77.5938 -0.0193152 0.00257097 -0.0300276 0 -0.0300276
77.625 -0.019311 0.0025666 -0.0299891 0 -0.0299891
77.6562 -0.0193071 0.00256079 -0.0299485 0 -0.0299485
77.6875 -0.0193019 0.00256004 -0.0299085 0 -0.0299085
77.7188 -0.0193002 0.00256083 -0.0298658 0 -0.0298658
77.75 -0.019297 0.00255962 -0.0298256 0 -0.0298256
77.7812 -0.0192936 0.00255985 -0.0297887 0 -0.0297887
77.8125 -0.01929 0.00255753 -0.0297509 0 -0.0297509
77.8438 -0.0192887 0.00255609 -0.0297105 0 -0.0297105
77.875 -0.019287 0.00255671 -0.0296705 0 -0.0296705
77.9062 -0.0192853 0.00255834 -0.0296331 0 -0.0296331
77.9375 -0.0192817 0.00255855 -0.0295946 0 -0.0295946
77.9688 -0.0192804 0.00256266 -0.0295573 0 -0.0295573
78 -0.019279 0.0025655 -0.0295182 0 -0.0295182
78.0312 -0.0192775 0.00257034 -0.0294784 0 -0.0294784
78.0625 -0.0192719 0.00257283 -0.0294381 0 -0.0294381
78.0938 -0.0192659 0.00257313 -0.029399 0 -0.029399
78.125 -0.0192605 0.00257154 -0.0293589 0 -0.0293589
78.1562 -0.0192558 0.00256986 -0.0293173 0 -0.0293173
78.1875 -0.0192444 0.00257024 -0.0292746 0 -0.0292746
78.2188 -0.0192359 0.00257091 -0.0292293 0 -0.0292293
78.25 -0.0192302 0.00257398 -0.0291846 0 -0.0291846
78.2812 -0.0192233 0.00257627 -0.0291415 0 -0.0291415
78.3125 -0.0192163 0.00257546 -0.0290996 0 -0.0290996
78.3438 -0.0192086 0.00257705 -0.0290622 0 -0.0290622
78.375 -0.0191984 0.00257588 -0.0290214 0 -0.0290214
78.4062 -0.0191898 0.00257649 -0.0289825 0 -0.0289825
78.4375 -0.0191835 0.00257835 -0.0289436 0 -0.0289436
78.4688 -0.0191742 0.00257935 -0.0289079 0 -0.0289079
78.5 -0.0191653 0.00258006 -0.0288719 0 -0.0288719
78.5312 -0.0191557 0.00258353 -0.0288377 0 -0.0288377
78.5625 -0.0191489 0.00258442 -0.0288036 0 -0.0288036
78.5938 -0.0191401 0.00258754 -0.028769 0 -0.028769
78.625 -0.019131 0.00258957 -0.0287407 0 -0.0287407
78.6562 -0.0191203 0.00259037 -0.0287144 0 -0.0287144
78.6875 -0.0191108 0.00259807 -0.0286816 0 -0.0286816
78.7188 -0.0191022 0.0026056 -0.0286469 0 -0.0286469
78.75 -0.019092 0.00261033 -0.0286122 0 -0.0286122
78.7812 -0.0190819 0.00261366 -0.0285801 0 -0.0285801
78.8125 -0.0190648 0.00262311 -0.0285508 0 -0.0285508
78.8438 -0.0190451 0.00263401 -0.02852 0 -0.02852
78.875 -0.0190273 0.00264585 -0.0284892 0 -0.0284892
78.9062 -0.0190104 0.00265471 -0.0284599 0 -0.0284599
78.9375 -0.018992 0.00266177 -0.0284264 0 -0.0284264
78.9688 -0.0189755 0.00266701 -0.0283901 0 -0.0283901
79 -0.0189585 0.00267844 -0.0283625 0 -0.0283625
79.0312 -0.0189431 0.00268949 -0.0283364 0 -0.0283364
79.0625 -0.0189276 0.00270291 -0.0283119 0 -0.0283119
79.0938 -0.0189105 0.00271119 -0.0282927 0 -0.0282927
79.125 -0.0188915 0.00272023 -0.0282729 0 -0.0282729
79.1562 -0.0188689 0.0027287 -0.0282549 0 -0.0282549
79.1875 -0.0188464 0.0027355 -0.0282393 0 -0.0282393
79.2188 -0.0188242 0.00274661 -0.0282248 0 -0.0282248
79.25 -0.0187996 0.00275978 -0.0282097 0 -0.0282097
79.2812 -0.0187727 0.00277259 -0.0281998 0 -0.0281998
79.3125 -0.0187427 0.0027861 -0.0281891 0 -0.0281891
79.3438 -0.0187175 0.00279747 -0.0281839 0 -0.0281839
79.375 -0.0186934 0.00280995 -0.0281844 0 -0.0281844
79.4062 -0.018668 0.00282195 -0.0281862 0 -0.0281862
79.4375 -0.0186426 0.00283797 -0.0281877 0 -0.0281877
79.4688 -0.0186153 0.00285842 -0.0281946 0 -0.0281946
79.5 -0.0185886 0.002878 -0.0282028 0 -0.0282028
79.5312 -0.0185598 0.00290219 -0.0282142 0 -0.0282142
79.5625 -0.0185276 0.00292324 -0.0282283 0 -0.0282283
79.5938 -0.0184899 0.00293897 -0.0282411 0 -0.0282411
79.625 -0.0184531 0.0029561 -0.0282554 0 -0.0282554
79.6562 -0.0184179 0.00297701 -0.0282731 0 -0.0282731
79.6875 -0.018379 0.00299675 -0.0282866 0 -0.0282866
79.7188 -0.0183411 0.00301795 -0.0283127 0 -0.0283127
79.75 -0.0183016 0.00303816 -0.0283375 0 -0.0283375
79.7812 -0.0182602 0.0030582 -0.0283641 0 -0.0283641
79.8125 -0.0182186 0.003076 -0.028387 0 -0.028387
79.8438 -0.0181772 0.00309195 -0.0284139 0 -0.0284139
79.875 -0.0181365 0.00310807 -0.0284396 0 -0.0284396
79.9062 -0.018096 0.00312771 -0.0284643 0 -0.0284643
79.9375 -0.0180515 0.00315073 -0.0284936 0 -0.0284936
79.9688 -0.0180078 0.00317321 -0.0285227 0 -0.0285227
79.9844 -0.017987 0.00318492 -0.0285411 0 -0.0285411
80 -0.0179685 0.00319852 -0.0285589 0 -0.0285589
80.0303 -0.0179294 0.00322198 -0.0285888 0 -0.0285888
80.0606 -0.0178885 0.00324601 -0.0286211 0 -0.0286211
80.0909 -0.0178508 0.00327182 -0.0286547 0 -0.0286547
80.1212 -0.0178119 0.00329886 -0.0286918 0 -0.0286918
80.1515 -0.0177753 0.0033258 -0.0287271 0 -0.0287271
80.1808 -0.0177408 0.00334894 -0.0287617 0 -0.0287617
80.21 -0.0177075 0.00337078 -0.0287961 0 -0.0287961
80.2393 -0.0176687 0.00339521 -0.0288305 0 -0.0288305
80.2685 -0.0176306 0.00342043 -0.0288648 0 -0.0288648
80.2978 -0.0175885 0.00344752 -0.0289001 0 -0.0289001
80.3271 -0.0175505 0.00347387 -0.0289355 0 -0.0289355
80.3551 -0.0175123 0.00349821 -0.0289713 0 -0.0289713
80.3831 -0.0174731 0.00352092 -0.0290054 0 -0.0290054
80.4112 -0.0174294 0.00354534 -0.0290418 0 -0.0290418
80.4392 -0.0173852 0.00357244 -0.0290808 0 -0.0290808
80.4673 -0.0173389 0.00359768 -0.0291173 0 -0.0291173
80.4953 -0.0172924 0.00362536 -0.0291512 0 -0.0291512
80.5233 -0.0172445 0.00365553 -0.0291864 0 -0.0291864
80.5514 -0.0171953 0.00368825 -0.0292211 0 -0.0292211
80.5778 -0.01715 0.0037216 -0.0292564 0 -0.0292564
80.6042 -0.0171027 0.00375304 -0.0292908 0 -0.0292908
80.6305 -0.0170562 0.00378122 -0.0293241 0 -0.0293241
80.6569 -0.0170082 0.00380828 -0.0293597 0 -0.0293597
80.6833 -0.0169572 0.00383371 -0.029398 0 -0.029398
80.7097 -0.0169029 0.00385975 -0.0294347 0 -0.0294347
80.7361 -0.0168455 0.00388606 -0.0294727 0 -0.0294727
80.7625 -0.01679 0.00390868 -0.0295105 0 -0.0295105
80.7889 -0.0167316 0.00393222 -0.029548 0 -0.029548
80.8153 -0.0166711 0.00395396 -0.0295871 0 -0.0295871
80.8417 -0.0166103 0.00397821 -0.0296248 0 -0.0296248
80.8681 -0.0165489 0.00400392 -0.0296605 0 -0.0296605
80.8944 -0.0164862 0.00403341 -0.0297019 0 -0.0297019
80.9208 -0.0164229 0.00405931 -0.0297475 0 -0.0297475
80.9472 -0.0163633 0.00408372 -0.0297925 0 -0.0297925
80.9736 -0.0163044 0.00410725 -0.0298352 0 -0.0298352
81 -0.0162436 0.00413053 -0.0298765 0 -0.0298765
81.0263 -0.016185 0.00415353 -0.0299135 0 -0.0299135
81.0526 -0.0161232 0.00417776 -0.0299487 0 -0.0299487
81.0789 -0.0160634 0.004206 -0.0299845 0 -0.0299845
81.1053 -0.0160035 0.00423435 -0.0300201 0 -0.0300201
81.1316 -0.015941 0.00426116 -0.0300575 0 -0.0300575
81.1579 -0.0158809 0.00428424 -0.030096 0 -0.030096
81.1842 -0.0158218 0.00430419 -0.030137 0 -0.030137
81.2105 -0.015761 0.00432547 -0.030177 0 -0.030177
81.2368 -0.0157009 0.00434294 -0.0302146 0 -0.0302146
81.2632 -0.0156393 0.00436065 -0.0302583 0 -0.0302583
81.2895 -0.0155795 0.00437345 -0.0302978 0 -0.0302978
81.3158 -0.0155182 0.00439174 -0.0303388 0 -0.0303388
81.3421 -0.0154575 0.00440684 -0.0303804 0 -0.0303804
81.3684 -0.0153963 0.00441923 -0.0304217 0 -0.0304217
81.3947 -0.0153366 0.0044327 -0.0304647 0 -0.0304647
81.4211 -0.0152786 0.00444828 -0.0305047 0 -0.0305047
81.4474 -0.0152176 0.00446453 -0.0305451 0 -0.0305451
81.4737 -0.0151572 0.00447973 -0.0305894 0 -0.0305894
81.5 -0.0150977 0.00449892 -0.0306285 0 -0.0306285
81.5263 -0.0150374 0.00451791 -0.0306643 0 -0.0306643
81.5526 -0.0149762 0.00453701 -0.0307027 0 -0.0307027
81.5789 -0.0149182 0.00455716 -0.0307412 0 -0.0307412
81.6053 -0.0148601 0.00457747 -0.0307825 0 -0.0307825
81.6316 -0.0147982 0.00459133 -0.0308248 0 -0.0308248
81.6579 -0.0147354 0.00460605 -0.0308651 0 -0.0308651
81.6842 -0.0146717 0.00462367 -0.0309078 0 -0.0309078
81.7105 -0.0146062 0.00463795 -0.0309505 0 -0.0309505
81.7368 -0.0145388 0.00465102 -0.0309892 0 -0.0309892
81.7632 -0.0144728 0.00466196 -0.0310276 0 -0.0310276
81.7895 -0.0144081 0.00467275 -0.0310675 0 -0.0310675
81.8158 -0.0143423 0.00468372 -0.0311061 0 -0.0311061
81.8421 -0.0142801 0.00469591 -0.0311432 0 -0.0311432
81.8684 -0.014217 0.00470099 -0.0311751 0 -0.0311751
81.8947 -0.0141508 0.0047079 -0.0312067 0 -0.0312067
81.9211 -0.0140855 0.00471711 -0.0312381 0 -0.0312381
81.9474 -0.0140213 0.00472514 -0.0312723 0 -0.0312723
81.9737 -0.0139581 0.00473202 -0.0313108 0 -0.0313108
82 -0.0138987 0.00473862 -0.031345 0 -0.031345
82.0278 -0.0138392 0.00474499 -0.0313814 0 -0.0313814
82.0556 -0.0137795 0.00475154 -0.0314265 0 -0.0314265
82.0833 -0.0137215 0.00475948 -0.0314705 0 -0.0314705
82.1111 -0.0136585 0.00477132 -0.031518 0 -0.031518
82.1389 -0.0135924 0.00478335 -0.0315633 0 -0.0315633
82.1676 -0.0135277 0.00480024 -0.03161 0 -0.03161
82.1963 -0.0134595 0.00481134 -0.0316513 0 -0.0316513
82.225 -0.0133912 0.00481895 -0.0316908 0 -0.0316908
82.2537 -0.0133245 0.00483068 -0.0317332 0 -0.0317332
82.2824 -0.0132546 0.00483912 -0.0317828 0 -0.0317828
82.3111 -0.0131838 0.00484495 -0.03183 0 -0.03183
82.3398 -0.013116 0.00485379 -0.0318727 0 -0.0318727
82.3685 -0.0130513 0.00486431 -0.0319193 0 -0.0319193
82.3972 -0.0129878 0.00487105 -0.0319611 0 -0.0319611
82.4246 -0.0129256 0.00487616 -0.032 0 -0.032
82.452 -0.0128636 0.00488045 -0.0320385 0 -0.0320385
82.4794 -0.0128038 0.00488701 -0.0320774 0 -0.0320774
82.5068 -0.0127411 0.0048887 -0.0321154 0 -0.0321154
82.5342 -0.0126823 0.00489471 -0.0321537 0 -0.0321537
82.5616 -0.0126231 0.00489927 -0.0321943 0 -0.0321943
82.589 -0.0125665 0.00490507 -0.0322299 0 -0.0322299
82.6164 -0.0125087 0.00491184 -0.0322683 0 -0.0322683
82.6438 -0.0124494 0.00492301 -0.0323086 0 -0.0323086
82.6712 -0.012388 0.00493304 -0.0323532 0 -0.0323532
82.6986 -0.0123323 0.00494087 -0.0323977 0 -0.0323977
82.726 -0.0122734 0.00494557 -0.0324366 0 -0.0324366
82.7534 -0.0122129 0.00494981 -0.0324747 0 -0.0324747
82.7808 -0.0121463 0.00495128 -0.0325099 0 -0.0325099
82.8052 -0.0120891 0.00495348 -0.0325391 0 -0.0325391
82.8295 -0.0120304 0.00495604 -0.0325706 0 -0.0325706
82.8539 -0.0119736 0.00495784 -0.0325997 0 -0.0325997
82.8782 -0.0119168 0.00496002 -0.032628 0 -0.032628
82.9026 -0.0118638 0.00496355 -0.0326546 0 -0.0326546
82.9269 -0.0118107 0.00497022 -0.0326807 0 -0.0326807
82.9513 -0.0117578 0.00497743 -0.0327045 0 -0.0327045
82.9756 -0.0117036 0.0049855 -0.0327296 0 -0.0327296
83 -0.0116529 0.00499376 -0.0327531 0 -0.0327531
83.0263 -0.0116027 0.00500752 -0.0327758 0 -0.0327758
83.0526 -0.0115518 0.005019 -0.0328008 0 -0.0328008
83.0789 -0.0115022 0.00502626 -0.0328232 0 -0.0328232
83.1053 -0.0114488 0.00503013 -0.0328461 0 -0.0328461
83.1316 -0.0113937 0.00503053 -0.0328742 0 -0.0328742
83.1579 -0.0113401 0.00503059 -0.0328993 0 -0.0328993
83.1842 -0.0112862 0.00502835 -0.0329249 0 -0.0329249
83.2105 -0.0112343 0.00502716 -0.0329532 0 -0.0329532
83.2368 -0.0111824 0.00502597 -0.0329827 0 -0.0329827
83.2632 -0.0111315 0.00502272 -0.0330085 0 -0.0330085
83.2895 -0.0110834 0.00501955 -0.0330354 0 -0.0330354
83.3158 -0.0110352 0.005018 -0.033064 0 -0.033064
83.3421 -0.0109907 0.00501763 -0.0330873 0 -0.0330873
83.3684 -0.0109451 0.00501338 -0.0331113 0 -0.0331113
83.3947 -0.0108998 0.00500668 -0.0331289 0 -0.0331289
83.4211 -0.010854 0.005006 -0.0331449 0 -0.0331449
83.4474 -0.0108036 0.00500517 -0.0331585 0 -0.0331585
83.4737 -0.0107558 0.00500178 -0.033171 0 -0.033171
83.5 -0.0107113 0.0049991 -0.0331824 0 -0.0331824
83.5263 -0.0106693 0.00499338 -0.0331959 0 -0.0331959
83.5526 -0.0106278 0.00498323 -0.0332064 0 -0.0332064
83.5789 -0.0105877 0.00497086 -0.0332127 0 -0.0332127
83.6053 -0.0105464 0.0049602 -0.0332209 0 -0.0332209
83.6316 -0.0105078 0.00494732 -0.0332284 0 -0.0332284
83.6579 -0.0104705 0.00493314 -0.0332387 0 -0.0332387
83.6842 -0.0104292 0.004918 -0.0332441 0 -0.0332441
83.7105 -0.0103847 0.00490359 -0.0332522 0 -0.0332522
83.7368 -0.0103449 0.00489066 -0.0332609 0 -0.0332609
83.7632 -0.0103042 0.00487763 -0.033269 0 -0.033269
83.7895 -0.0102628 0.00486191 -0.0332803 0 -0.0332803
83.8158 -0.0102247 0.00484475 -0.0332915 0 -0.0332915
83.8421 -0.0101878 0.00482759 -0.0333027 0 -0.0333027
83.8684 -0.0101533 0.00481143 -0.0333123 0 -0.0333123
83.8947 -0.0101178 0.00479815 -0.0333154 0 -0.0333154
83.9211 -0.0100793 0.00478191 -0.033313 0 -0.033313
83.9474 -0.0100436 0.00476439 -0.0333096 0 -0.0333096
83.9737 -0.0100115 0.00474828 -0.0333058 0 -0.0333058
84 -0.00997543 0.00473312 -0.0333004 0 -0.0333004
84.027 -0.00994141 0.00472049 -0.0332991 0 -0.0332991
84.0541 -0.00990546 0.00470805 -0.033297 0 -0.033297
84.0811 -0.00986434 0.00469696 -0.0332964 0 -0.0332964
84.1081 -0.00982959 0.00468697 -0.0332973 0 -0.0332973
84.1351 -0.00979747 0.00468011 -0.0332943 0 -0.0332943
84.1622 -0.00976933 0.00467424 -0.0332921 0 -0.0332921
84.1883 -0.00974242 0.00466419 -0.0332913 0 -0.0332913
84.2145 -0.00971447 0.0046466 -0.0332901 0 -0.0332901
84.2407 -0.00968471 0.00463326 -0.0332831 0 -0.0332831
84.2669 -0.00965891 0.00461855 -0.0332742 0 -0.0332742
84.2931 -0.00963046 0.00460056 -0.0332657 0 -0.0332657
84.3193 -0.00960296 0.00458571 -0.0332529 0 -0.0332529
84.3454 -0.00957601 0.00456857 -0.033233 0 -0.033233
84.3716 -0.00954519 0.00455028 -0.0332116 0 -0.0332116
84.3978 -0.00951274 0.00453681 -0.0331883 0 -0.0331883
84.424 -0.00948158 0.00452642 -0.0331659 0 -0.0331659
84.4502 -0.00944506 0.00451495 -0.0331434 0 -0.0331434
84.4764 -0.00940932 0.00450538 -0.0331196 0 -0.0331196
84.5025 -0.0093751 0.0044944 -0.0330932 0 -0.0330932
84.5287 -0.009338 0.00448039 -0.0330664 0 -0.0330664
84.5549 -0.00930039 0.00447056 -0.0330352 0 -0.0330352
84.5811 -0.0092621 0.00446085 -0.0330054 0 -0.0330054
84.6073 -0.00922488 0.00445277 -0.0329758 0 -0.0329758
84.6334 -0.00918396 0.00444648 -0.0329494 0 -0.0329494
84.6596 -0.00914757 0.00444049 -0.0329246 0 -0.0329246
84.6858 -0.0091135 0.00443694 -0.0329018 0 -0.0329018
84.712 -0.00907843 0.00442958 -0.0328776 0 -0.0328776
84.7382 -0.00904261 0.00442044 -0.0328537 0 -0.0328537
84.7644 -0.00900746 0.00441324 -0.0328282 0 -0.0328282
84.7905 -0.00896929 0.00440947 -0.0328044 0 -0.0328044
84.8167 -0.00893177 0.0044064 -0.0327862 0 -0.0327862
84.8429 -0.00889491 0.00440328 -0.0327682 0 -0.0327682
84.8691 -0.00885668 0.00439883 -0.0327517 0 -0.0327517
84.8953 -0.00882509 0.00439247 -0.0327367 0 -0.0327367
84.9162 -0.00879769 0.0043906 -0.0327219 0 -0.0327219
84.9372 -0.00876938 0.0043868 -0.0327077 0 -0.0327077
84.9581 -0.00873942 0.00438058 -0.0326932 0 -0.0326932
84.9791 -0.00871007 0.00437559 -0.0326811 0 -0.0326811
85 -0.00868253 0.00437197 -0.0326695 0 -0.0326695
85.0256 -0.00865134 0.0043675 -0.0326546 0 -0.0326546
85.0513 -0.00861921 0.00436204 -0.0326423 0 -0.0326423
85.0769 -0.00859043 0.00436224 -0.0326319 0 -0.0326319
85.1026 -0.00856216 0.00436437 -0.0326246 0 -0.0326246
85.1282 -0.00853776 0.00436781 -0.0326202 0 -0.0326202
85.1538 -0.00851196 0.00437258 -0.0326148 0 -0.0326148
85.1795 -0.00848505 0.00438085 -0.0326087 0 -0.0326087
85.2051 -0.00846099 0.00438729 -0.0326036 0 -0.0326036
85.2308 -0.0084349 0.00439757 -0.0325975 0 -0.0325975
85.2564 -0.00841227 0.00440412 -0.0325883 0 -0.0325883
85.2821 -0.00838691 0.00441341 -0.0325849 0 -0.0325849
85.3077 -0.00835899 0.00441977 -0.0325842 0 -0.0325842
85.3333 -0.00832697 0.00442557 -0.0325828 0 -0.0325828
85.359 -0.00829775 0.00443574 -0.0325855 0 -0.0325855
85.3846 -0.00825889 0.00444284 -0.032586 0 -0.032586
85.4103 -0.00822453 0.00445221 -0.0325912 0 -0.0325912
85.4359 -0.00818878 0.00446592 -0.0325985 0 -0.0325985
85.4615 -0.00815212 0.00448038 -0.0326043 0 -0.0326043
85.4872 -0.00811966 0.00448869 -0.0326148 0 -0.0326148
85.5128 -0.00808593 0.00450679 -0.0326234 0 -0.0326234
85.5385 -0.0080525 0.00452675 -0.0326309 0 -0.0326309
85.5641 -0.00802246 0.00454723 -0.0326432 0 -0.0326432
85.5897 -0.00799694 0.00456917 -0.0326535 0 -0.0326535
85.6154 -0.00796615 0.00459519 -0.0326679 0 -0.0326679
85.641 -0.00793242 0.00462405 -0.0326792 0 -0.0326792
85.6667 -0.00790291 0.00465663 -0.0326921 0 -0.0326921
85.6923 -0.00787496 0.00469138 -0.0327076 0 -0.0327076
85.7179 -0.00785347 0.00472099 -0.0327215 0 -0.0327215
85.7436 -0.0078293 0.00475937 -0.0327351 0 -0.0327351
85.7692 -0.00780395 0.00479485 -0.0327473 0 -0.0327473
85.7949 -0.00777588 0.00483224 -0.0327616 0 -0.0327616
85.8205 -0.00775036 0.00486536 -0.0327794 0 -0.0327794
85.8462 -0.00772133 0.00489676 -0.0327939 0 -0.0327939
85.8718 -0.00769643 0.00492364 -0.0328068 0 -0.0328068
85.8974 -0.00766865 0.00494958 -0.0328245 0 -0.0328245
85.9231 -0.00764113 0.00497597 -0.0328451 0 -0.0328451
85.9487 -0.0076173 0.00500312 -0.0328634 0 -0.0328634
85.9744 -0.0075924 0.00503027 -0.0328825 0 -0.0328825
86 -0.00757296 0.00506651 -0.0329046 0 -0.0329046
86.0256 -0.00756054 0.00510117 -0.0329276 0 -0.0329276
86.0513 -0.00754671 0.00513345 -0.0329468 0 -0.0329468
86.0762 -0.00753415 0.00516936 -0.0329673 0 -0.0329673
86.1012 -0.00752568 0.00520553 -0.0329851 0 -0.0329851
86.1262 -0.00751479 0.00524016 -0.0330012 0 -0.0330012
86.1511 -0.00750453 0.00527727 -0.0330202 0 -0.0330202
86.1761 -0.00749468 0.00531576 -0.0330384 0 -0.0330384
86.2011 -0.00748798 0.00535189 -0.033055 0 -0.033055
86.226 -0.00748048 0.00538466 -0.0330719 0 -0.0330719
86.251 -0.00747749 0.00541617 -0.0330885 0 -0.0330885
86.276 -0.00747412 0.00544996 -0.0331026 0 -0.0331026
86.3009 -0.00746724 0.00548288 -0.03312 0 -0.03312
86.3259 -0.00745623 0.00551627 -0.0331369 0 -0.0331369
86.3509 -0.00744941 0.0055487 -0.0331561 0 -0.0331561
86.3758 -0.00744925 0.00558636 -0.0331771 0 -0.0331771
86.4008 -0.00745061 0.00562774 -0.0331997 0 -0.0331997
86.4258 -0.00745517 0.00566398 -0.0332214 0 -0.0332214
86.4507 -0.00746567 0.00570154 -0.0332425 0 -0.0332425
86.4757 -0.00746842 0.00574086 -0.0332667 0 -0.0332667
86.5007 -0.00747487 0.00578097 -0.0332841 0 -0.0332841
86.5256 -0.00748813 0.00582142 -0.0332963 0 -0.0332963
86.5506 -0.00750041 0.00585388 -0.0333079 0 -0.0333079
86.5756 -0.00751372 0.00588909 -0.0333173 0 -0.0333173
86.6005 -0.00752466 0.00592711 -0.033329 0 -0.033329
86.6255 -0.00753161 0.00595934 -0.0333443 0 -0.0333443
86.6505 -0.00754082 0.00598819 -0.0333653 0 -0.0333653
86.6754 -0.00755362 0.00601733 -0.0333889 0 -0.0333889
86.7004 -0.00756584 0.00604527 -0.033414 0 -0.033414
86.7254 -0.00757707 0.00607034 -0.0334358 0 -0.0334358
86.7503 -0.00759137 0.00609118 -0.0334549 0 -0.0334549
86.7753 -0.00760507 0.0061128 -0.0334704 0 -0.0334704
86.8003 -0.00761722 0.00613567 -0.0334818 0 -0.0334818
86.8252 -0.00762903 0.00615602 -0.0334932 0 -0.0334932
86.8502 -0.00764405 0.00617862 -0.033503 0 -0.033503
86.8752 -0.00765743 0.00619862 -0.0335117 0 -0.0335117
86.9001 -0.00767073 0.00622251 -0.0335228 0 -0.0335228
86.9251 -0.00768537 0.00624875 -0.0335315 0 -0.0335315
86.9501 -0.00770455 0.006276 -0.0335438 0 -0.0335438
86.975 -0.00772355 0.00630235 -0.0335643 0 -0.0335643
87 -0.00774374 0.00632622 -0.0335808 0 -0.0335808
87.0244 -0.00776518 0.00635154 -0.0335935 0 -0.0335935
87.0488 -0.00778244 0.00638025 -0.0336088 0 -0.0336088
87.0732 -0.00779723 0.00640412 -0.0336216 0 -0.0336216
87.0976 -0.00780751 0.00642925 -0.0336337 0 -0.0336337
87.1213 -0.00781625 0.00645233 -0.0336444 0 -0.0336444
87.1451 -0.00782544 0.00647079 -0.0336545 0 -0.0336545
87.1688 -0.00783376 0.00648662 -0.0336681 0 -0.0336681
87.1926 -0.00783983 0.0065048 -0.0336832 0 -0.0336832
87.2163 -0.00784234 0.00651426 -0.0336995 0 -0.0336995
87.2401 -0.00784988 0.00652821 -0.0337128 0 -0.0337128
87.2631 -0.00785942 0.00654587 -0.0337231 0 -0.0337231
87.2861 -0.00786809 0.00656081 -0.0337296 0 -0.0337296
87.3091 -0.00787809 0.00657747 -0.033736 0 -0.033736
87.3322 -0.00788429 0.00658827 -0.0337409 0 -0.0337409
87.3552 -0.00788553 0.00659976 -0.0337465 0 -0.0337465
87.3782 -0.00788243 0.00661406 -0.0337558 0 -0.0337558
87.4013 -0.00788337 0.00662717 -0.0337636 0 -0.0337636
87.4243 -0.00788404 0.00664308 -0.0337692 0 -0.0337692
87.4464 -0.00788603 0.00666335 -0.0337727 0 -0.0337727
87.4686 -0.00788687 0.0066848 -0.0337788 0 -0.0337788
87.4907 -0.00788154 0.00670461 -0.0337847 0 -0.0337847
87.5129 -0.00787613 0.00672065 -0.0337927 0 -0.0337927
87.535 -0.00787254 0.00673664 -0.033803 0 -0.033803
87.5571 -0.0078689 0.0067519 -0.0338178 0 -0.0338178
87.5793 -0.00786204 0.00676745 -0.0338288 0 -0.0338288
87.6014 -0.00785746 0.0067801 -0.0338364 0 -0.0338364
87.6236 -0.00785304 0.00679293 -0.0338448 0 -0.0338448
87.6457 -0.00784961 0.00680283 -0.0338515 0 -0.0338515
87.6679 -0.00784507 0.00681254 -0.0338588 0 -0.0338588
87.69 -0.00783842 0.00681753 -0.0338651 0 -0.0338651
87.7121 -0.0078322 0.00682232 -0.0338735 0 -0.0338735
87.7343 -0.00782438 0.00683489 -0.0338813 0 -0.0338813
87.7564 -0.00781709 0.00684243 -0.033885 0 -0.033885
87.7786 -0.00780779 0.00684511 -0.033882 0 -0.033882
87.8007 -0.00780073 0.00684297 -0.0338774 0 -0.0338774
87.8229 -0.0077918 0.00684176 -0.0338758 0 -0.0338758
87.845 -0.00778472 0.00684173 -0.0338747 0 -0.0338747
87.8671 -0.00777973 0.00683848 -0.0338731 0 -0.0338731
87.8893 -0.00776891 0.00683472 -0.0338675 0 -0.0338675
87.9114 -0.0077604 0.00683195 -0.0338615 0 -0.0338615
87.9336 -0.00775259 0.00683024 -0.0338553 0 -0.0338553
87.9557 -0.00774705 0.00682878 -0.0338442 0 -0.0338442
87.9779 -0.00774353 0.00682908 -0.0338337 0 -0.0338337
88 -0.00773921 0.00682909 -0.033822 0 -0.033822
88.0222 -0.00774009 0.00682978 -0.0338162 0 -0.0338162
88.0444 -0.00774086 0.00682652 -0.0338094 0 -0.0338094
88.0667 -0.00773874 0.00682242 -0.0338035 0 -0.0338035
88.0889 -0.00773478 0.00681442 -0.0338003 0 -0.0338003
88.1111 -0.0077348 0.00680648 -0.0337971 0 -0.0337971
88.1333 -0.00772784 0.00679647 -0.033791 0 -0.033791
88.1556 -0.0077223 0.00679084 -0.0337831 0 -0.0337831
88.1778 -0.00771997 0.00678301 -0.0337764 0 -0.0337764
88.2 -0.00771117 0.00677114 -0.0337733 0 -0.0337733
88.2222 -0.00770282 0.00675568 -0.0337695 0 -0.0337695
88.2444 -0.00769393 0.00674159 -0.0337685 0 -0.0337685
88.2667 -0.0076848 0.00672532 -0.0337691 0 -0.0337691
88.2889 -0.00767362 0.00671287 -0.0337702 0 -0.0337702
88.3111 -0.00766262 0.00669898 -0.0337712 0 -0.0337712
88.3333 -0.00765143 0.00668383 -0.0337737 0 -0.0337737
88.3556 -0.00764159 0.00666946 -0.0337762 0 -0.0337762
88.3778 -0.00763025 0.00665281 -0.0337765 0 -0.0337765
88.4 -0.00761928 0.00663721 -0.0337772 0 -0.0337772
88.4222 -0.00761024 0.00661888 -0.0337756 0 -0.0337756
88.4444 -0.0075995 0.00659936 -0.033776 0 -0.033776
88.4667 -0.00758959 0.00657873 -0.033778 0 -0.033778
88.4889 -0.00757728 0.00655647 -0.0337795 0 -0.0337795
88.5111 -0.00756233 0.00653343 -0.033782 0 -0.033782
88.5333 -0.00755041 0.00650867 -0.0337872 0 -0.0337872
88.5556 -0.00753558 0.00648844 -0.033795 0 -0.033795
88.5778 -0.00752087 0.00646664 -0.0338014 0 -0.0338014
88.6 -0.00750379 0.0064451 -0.033809 0 -0.033809
88.6222 -0.0074899 0.00641686 -0.033815 0 -0.033815
88.6444 -0.00747491 0.00638682 -0.0338186 0 -0.0338186
88.6667 -0.00746183 0.00635746 -0.0338181 0 -0.0338181
88.6889 -0.00744797 0.00632385 -0.0338123 0 -0.0338123
88.7111 -0.00743737 0.0062887 -0.0338059 0 -0.0338059
88.7333 -0.00742327 0.00625034 -0.0338031 0 -0.0338031
88.7556 -0.00741033 0.00621101 -0.0337991 0 -0.0337991
88.7778 -0.00739603 0.00616953 -0.0337921 0 -0.0337921
88.8 -0.00738119 0.00613024 -0.0337854 0 -0.0337854
88.8222 -0.00736919 0.00609027 -0.0337789 0 -0.0337789
88.8444 -0.00735807 0.00604758 -0.033774 0 -0.033774
88.8667 -0.00734765 0.00600919 -0.0337659 0 -0.0337659
88.8889 -0.00733485 0.00597175 -0.0337546 0 -0.0337546
88.9111 -0.00732081 0.00593711 -0.0337423 0 -0.0337423
88.9333 -0.00730964 0.00590065 -0.033727 0 -0.033727
88.9556 -0.00729905 0.0058613 -0.0337084 0 -0.0337084
88.9778 -0.00729124 0.00582802 -0.0336919 0 -0.0336919
89 -0.00727769 0.0057911 -0.0336788 0 -0.0336788
89.0217 -0.00726439 0.00575834 -0.0336659 0 -0.0336659
89.0435 -0.00725139 0.0057256 -0.0336526 0 -0.0336526
89.0652 -0.00723865 0.00569515 -0.033641 0 -0.033641
89.087 -0.00722816 0.00566688 -0.0336302 0 -0.0336302
89.1087 -0.00722057 0.00563728 -0.0336158 0 -0.0336158
89.1304 -0.00721331 0.00561009 -0.0336027 0 -0.0336027
89.1522 -0.00720345 0.00558077 -0.0335939 0 -0.0335939
89.1739 -0.00719606 0.00555325 -0.0335841 0 -0.0335841
89.1957 -0.00718879 0.00552084 -0.0335713 0 -0.0335713
89.2174 -0.00718216 0.00548492 -0.0335593 0 -0.0335593
89.2391 -0.00717657 0.00545017 -0.0335485 0 -0.0335485
89.2609 -0.00716846 0.00541683 -0.0335357 0 -0.0335357
89.282 -0.00716234 0.00538172 -0.0335255 0 -0.0335255
89.3031 -0.00715465 0.00534724 -0.0335179 0 -0.0335179
89.3242 -0.00714405 0.00531361 -0.03351 0 -0.03351
89.3453 -0.00713032 0.00527965 -0.0335011 0 -0.0335011
89.3665 -0.00711729 0.00524763 -0.0334935 0 -0.0334935
89.3876 -0.00710567 0.0052137 -0.0334867 0 -0.0334867
89.4087 -0.00709573 0.00518042 -0.0334801 0 -0.0334801
89.4298 -0.00708055 0.00514724 -0.0334734 0 -0.0334734
89.4509 -0.00706648 0.00511154 -0.0334698 0 -0.0334698
89.472 -0.00705016 0.00507823 -0.0334657 0 -0.0334657
89.4932 -0.00703743 0.00504384 -0.0334631 0 -0.0334631
89.5143 -0.00702772 0.00501858 -0.0334632 0 -0.0334632
89.5354 -0.00701578 0.00499146 -0.0334608 0 -0.0334608
89.5565 -0.00700047 0.00496587 -0.0334537 0 -0.0334537
89.5776 -0.00698613 0.00493852 -0.0334486 0 -0.0334486
89.5988 -0.00697569 0.00490962 -0.0334403 0 -0.0334403
89.6199 -0.00696144 0.00488428 -0.0334328 0 -0.0334328
89.641 -0.00694924 0.00486097 -0.0334291 0 -0.0334291
89.6621 -0.00693252 0.00483525 -0.0334224 0 -0.0334224
89.6832 -0.006917 0.00481568 -0.0334171 0 -0.0334171
89.7043 -0.00690177 0.0047952 -0.0334102 0 -0.0334102
89.7255 -0.00688504 0.00477499 -0.0334001 0 -0.0334001
89.7466 -0.00686804 0.0047585 -0.0333913 0 -0.0333913
89.7677 -0.00684975 0.00473958 -0.0333811 0 -0.0333811
89.7888 -0.00683246 0.00472077 -0.0333728 0 -0.0333728
89.8099 -0.00681039 0.00470627 -0.0333686 0 -0.0333686
89.8311 -0.00679091 0.00468736 -0.0333643 0 -0.0333643
89.8522 -0.0067713 0.00467147 -0.0333592 0 -0.0333592
89.8733 -0.006751 0.00465653 -0.0333506 0 -0.0333506
89.8944 -0.00673369 0.0046411 -0.0333463 0 -0.0333463
89.9155 -0.00671714 0.00462715 -0.0333428 0 -0.0333428
89.9366 -0.00670391 0.00461263 -0.0333388 0 -0.0333388
89.9578 -0.00669141 0.0045958 -0.033332 0 -0.033332
89.9789 -0.0066767 0.00457983 -0.0333236 0 -0.0333236
90 -0.00666619 0.00456204 -0.0333146 0 -0.0333146
90.0208 -0.00665811 0.00454562 -0.0333068 0 -0.0333068
90.0417 -0.0066466 0.00452815 -0.0333004 0 -0.0333004
90.0625 -0.00663375 0.00450915 -0.033293 0 -0.033293
90.0833 -0.00662498 0.00448925 -0.0332903 0 -0.0332903
90.1042 -0.00661683 0.00446896 -0.0332896 0 -0.0332896
90.125 -0.00660924 0.00445197 -0.0332834 0 -0.0332834
90.1458 -0.00660348 0.00444017 -0.0332792 0 -0.0332792
90.1667 -0.00659959 0.00442696 -0.0332757 0 -0.0332757
90.1875 -0.00659131 0.0044115 -0.0332682 0 -0.0332682
90.2083 -0.00658635 0.00439468 -0.0332607 0 -0.0332607
90.2292 -0.00658139 0.00437921 -0.0332573 0 -0.0332573
90.25 -0.00657557 0.00436416 -0.0332577 0 -0.0332577
90.2708 -0.0065712 0.0043489 -0.0332531 0 -0.0332531
90.2917 -0.00656512 0.00433237 -0.0332473 0 -0.0332473
90.3125 -0.00655733 0.00431827 -0.0332398 0 -0.0332398
90.3333 -0.0065527 0.00430159 -0.0332327 0 -0.0332327
90.3542 -0.00655157 0.00429053 -0.0332288 0 -0.0332288
90.375 -0.00655186 0.00428467 -0.0332239 0 -0.0332239
90.3958 -0.00655133 0.00427946 -0.0332211 0 -0.0332211
90.4167 -0.00654561 0.00427605 -0.0332175 0 -0.0332175
90.4375 -0.0065358 0.00427334 -0.0332207 0 -0.0332207
90.4583 -0.00652722 0.00426657 -0.0332313 0 -0.0332313
90.4792 -0.00652078 0.00426259 -0.0332405 0 -0.0332405
90.5 -0.00651571 0.00425878 -0.0332493 0 -0.0332493
90.5208 -0.00651105 0.00425615 -0.0332592 0 -0.0332592
90.5417 -0.00650822 0.00425643 -0.0332711 0 -0.0332711
90.5625 -0.00651082 0.00425714 -0.0332865 0 -0.0332865
90.5833 -0.00651321 0.00425567 -0.033298 0 -0.033298
90.6042 -0.00651475 0.00425252 -0.0333038 0 -0.0333038
90.625 -0.00652089 0.00425338 -0.0333121 0 -0.0333121
90.6458 -0.00652516 0.00425593 -0.0333249 0 -0.0333249
90.6667 -0.00652832 0.00425908 -0.0333382 0 -0.0333382
90.6875 -0.00653325 0.00426479 -0.0333522 0 -0.0333522
90.7083 -0.00654274 0.00426571 -0.0333684 0 -0.0333684
90.7292 -0.00654798 0.00426743 -0.0333846 0 -0.0333846
90.75 -0.00655143 0.0042729 -0.0334027 0 -0.0334027
90.7708 -0.00655344 0.00428162 -0.0334255 0 -0.0334255
90.7917 -0.00655464 0.00428772 -0.0334484 0 -0.0334484
90.8125 -0.00655588 0.00429318 -0.0334642 0 -0.0334642
90.8333 -0.00655763 0.00429485 -0.0334824 0 -0.0334824
90.8542 -0.00656 0.00430282 -0.0335021 0 -0.0335021
90.875 -0.00656362 0.00431126 -0.0335253 0 -0.0335253
90.8958 -0.00656373 0.00432061 -0.0335517 0 -0.0335517
90.9167 -0.0065676 0.00432687 -0.0335761 0 -0.0335761
90.9375 -0.00657405 0.00433248 -0.0336019 0 -0.0336019
90.9583 -0.00658143 0.00434395 -0.0336295 0 -0.0336295
90.9792 -0.0065903 0.00435915 -0.0336554 0 -0.0336554
91 -0.00660019 0.00437445 -0.0336844 0 -0.0336844
91.0227 -0.0066136 0.00438963 -0.033713 0 -0.033713
91.046 -0.0066272 0.00440845 -0.0337455 0 -0.0337455
91.0693 -0.00664304 0.00442916 -0.0337769 0 -0.0337769
91.0925 -0.00665985 0.00445186 -0.0338079 0 -0.0338079
91.1158 -0.00667482 0.00447462 -0.0338353 0 -0.0338353
91.1391 -0.00669284 0.0045046 -0.0338605 0 -0.0338605
91.1623 -0.0067094 0.00453199 -0.0338871 0 -0.0338871
91.1856 -0.00672469 0.00455932 -0.0339037 0 -0.0339037
91.2089 -0.00674385 0.00458771 -0.033924 0 -0.033924
91.2328 -0.00676536 0.00461827 -0.033941 0 -0.033941
91.2568 -0.00678233 0.00464921 -0.0339582 0 -0.0339582
91.2808 -0.00679777 0.0046781 -0.0339706 0 -0.0339706
91.3048 -0.00681353 0.00470319 -0.0339808 0 -0.0339808
91.3287 -0.00683088 0.00472832 -0.0339928 0 -0.0339928
91.3527 -0.00684642 0.00475739 -0.034007 0 -0.034007
91.3767 -0.00685399 0.00478315 -0.0340229 0 -0.0340229
91.4007 -0.00686167 0.00481258 -0.0340343 0 -0.0340343
91.4246 -0.00687382 0.00484744 -0.03405 0 -0.03405
91.4486 -0.00688276 0.00488028 -0.0340607 0 -0.0340607
91.4726 -0.00689861 0.00490238 -0.0340697 0 -0.0340697
91.4966 -0.00691541 0.00492464 -0.0340826 0 -0.0340826
91.5205 -0.00693123 0.00494427 -0.0340945 0 -0.0340945
91.5445 -0.0069491 0.00496066 -0.0341009 0 -0.0341009
91.5685 -0.0069658 0.0049769 -0.0341065 0 -0.0341065
91.5925 -0.00698189 0.00499557 -0.0341156 0 -0.0341156
91.6164 -0.00699522 0.00501171 -0.0341257 0 -0.0341257
91.6404 -0.00701052 0.00503057 -0.0341378 0 -0.0341378
91.6644 -0.00703085 0.0050517 -0.0341518 0 -0.0341518
91.6883 -0.00705281 0.0050705 -0.0341599 0 -0.0341599
91.7123 -0.00706859 0.00508702 -0.0341719 0 -0.0341719
91.7363 -0.00708439 0.00509668 -0.0341857 0 -0.0341857
91.7603 -0.00709551 0.00510605 -0.0342028 0 -0.0342028
91.7842 -0.00711069 0.00511852 -0.0342162 0 -0.0342162
91.8082 -0.00712826 0.00512425 -0.0342276 0 -0.0342276
91.8322 -0.00714573 0.00513166 -0.0342414 0 -0.0342414
91.8562 -0.00716221 0.00513694 -0.0342539 0 -0.0342539
91.8801 -0.00717685 0.00513888 -0.0342646 0 -0.0342646
91.9041 -0.00718649 0.00513419 -0.0342757 0 -0.0342757
91.9281 -0.00720136 0.00512485 -0.0342881 0 -0.0342881
91.9521 -0.00721874 0.00511483 -0.0343049 0 -0.0343049
91.976 -0.00723551 0.00509882 -0.0343168 0 -0.0343168
92 -0.00725095 0.00508207 -0.0343243 0 -0.0343243
92.025 -0.00726267 0.00505884 -0.0343324 0 -0.0343324
92.05 -0.00727255 0.00503599 -0.0343427 0 -0.0343427
92.075 -0.00727884 0.00501438 -0.0343481 0 -0.0343481
92.1 -0.00728616 0.00499 -0.0343543 0 -0.0343543
92.125 -0.00729745 0.00496874 -0.0343589 0 -0.0343589
92.15 -0.00730876 0.00494358 -0.0343636 0 -0.0343636
92.175 -0.00732198 0.00491773 -0.0343639 0 -0.0343639
92.2 -0.00733489 0.00489022 -0.0343628 0 -0.0343628
92.2242 -0.0073531 0.00486145 -0.0343637 0 -0.0343637
92.2485 -0.00737326 0.00483093 -0.0343629 0 -0.0343629
92.2727 -0.00739325 0.00479549 -0.0343621 0 -0.0343621
92.297 -0.0074105 0.00475662 -0.0343624 0 -0.0343624
92.3212 -0.00743063 0.00471613 -0.0343724 0 -0.0343724
92.3455 -0.00744151 0.00467534 -0.0343805 0 -0.0343805
92.3697 -0.0074508 0.00463434 -0.0343891 0 -0.0343891
92.3939 -0.00745786 0.00459678 -0.0343966 0 -0.0343966
92.4182 -0.00746956 0.00455861 -0.0344043 0 -0.0344043
92.4424 -0.0074758 0.0045238 -0.0344086 0 -0.0344086
92.4667 -0.00748555 0.00448697 -0.0344178 0 -0.0344178
92.4909 -0.00749719 0.00444844 -0.0344213 0 -0.0344213
92.5152 -0.00750741 0.00440971 -0.0344241 0 -0.0344241
92.5394 -0.00751394 0.00437046 -0.0344266 0 -0.0344266
92.5636 -0.00752323 0.00433184 -0.0344312 0 -0.0344312
92.5879 -0.00752971 0.00429294 -0.0344383 0 -0.0344383
92.6121 -0.00753633 0.00425529 -0.03445 0 -0.03445
92.6364 -0.00753485 0.00421363 -0.0344596 0 -0.0344596
92.6606 -0.0075376 0.00416846 -0.0344733 0 -0.0344733
92.6848 -0.00754484 0.00412299 -0.0344885 0 -0.0344885
92.7091 -0.00755072 0.0040795 -0.0345042 0 -0.0345042
92.7333 -0.00755252 0.00403365 -0.0345149 0 -0.0345149
92.7576 -0.00755407 0.00399177 -0.0345329 0 -0.0345329
92.7818 -0.00755617 0.00394374 -0.0345493 0 -0.0345493
92.8061 -0.00755728 0.00389784 -0.0345679 0 -0.0345679
92.8303 -0.00755489 0.00385315 -0.0345856 0 -0.0345856
92.8545 -0.00755436 0.00380735 -0.0345984 0 -0.0345984
92.8788 -0.00755316 0.0037563 -0.0346088 0 -0.0346088
92.899 -0.00755523 0.00371094 -0.0346198 0 -0.0346198
92.9192 -0.00755671 0.00366763 -0.0346299 0 -0.0346299
92.9394 -0.0075544 0.00362457 -0.0346425 0 -0.0346425
92.9596 -0.00755216 0.00358381 -0.0346575 0 -0.0346575
92.9798 -0.00754925 0.00354416 -0.0346701 0 -0.0346701
93 -0.00754635 0.00350612 -0.0346825 0 -0.0346825
93.0233 -0.0075382 0.00346115 -0.0346999 0 -0.0346999
93.0465 -0.00753322 0.00341584 -0.0347165 0 -0.0347165
93.0698 -0.00752675 0.00336765 -0.0347306 0 -0.0347306
93.093 -0.00751981 0.00332045 -0.0347458 0 -0.0347458
93.1163 -0.00751246 0.00326857 -0.0347576 0 -0.0347576
93.1395 -0.00750618 0.00321389 -0.0347718 0 -0.0347718
93.1628 -0.00750104 0.00315591 -0.0347756 0 -0.0347756
93.186 -0.00749522 0.00309872 -0.0347765 0 -0.0347765
93.2093 -0.00748784 0.00303856 -0.0347778 0 -0.0347778
93.2326 -0.00748376 0.00298778 -0.0347791 0 -0.0347791
93.2551 -0.00747513 0.0029388 -0.0347791 0 -0.0347791
93.2777 -0.00746943 0.00289121 -0.0347722 0 -0.0347722
93.3003 -0.00746262 0.00284449 -0.0347638 0 -0.0347638
93.3228 -0.00746064 0.00279951 -0.0347502 0 -0.0347502
93.3454 -0.00745339 0.00275108 -0.0347344 0 -0.0347344
93.368 -0.00744829 0.00270018 -0.0347186 0 -0.0347186
93.3906 -0.00744262 0.00265307 -0.0347053 0 -0.0347053
93.4131 -0.00743933 0.00260261 -0.034699 0 -0.034699
93.4357 -0.00744267 0.00255373 -0.0346952 0 -0.0346952
93.4583 -0.0074476 0.00250297 -0.0346916 0 -0.0346916
93.4808 -0.00745098 0.00245536 -0.0346878 0 -0.0346878
93.5034 -0.00745244 0.00240823 -0.0346827 0 -0.0346827
93.526 -0.00745585 0.00235994 -0.0346755 0 -0.0346755
93.5486 -0.00746248 0.00231687 -0.0346713 0 -0.0346713
93.5711 -0.00747259 0.00227727 -0.0346682 0 -0.0346682
93.5937 -0.00747678 0.00224129 -0.0346653 0 -0.0346653
93.6163 -0.00747822 0.00220783 -0.034668 0 -0.034668
93.6389 -0.00748692 0.00217486 -0.0346706 0 -0.0346706
93.6614 -0.0074958 0.00214429 -0.0346743 0 -0.0346743
93.684 -0.00750054 0.00211157 -0.0346784 0 -0.0346784
93.7066 -0.0075045 0.00207644 -0.034683 0 -0.034683
93.7291 -0.00750786 0.00203983 -0.0346897 0 -0.0346897
93.7517 -0.0075154 0.00201052 -0.0346995 0 -0.0346995
93.7743 -0.00752024 0.00197915 -0.0347067 0 -0.0347067
93.7969 -0.00752765 0.00194751 -0.0347161 0 -0.0347161
93.8194 -0.00752932 0.00191498 -0.0347274 0 -0.0347274
93.842 -0.00753008 0.00188499 -0.034737 0 -0.034737
93.8646 -0.00753763 0.00185868 -0.0347432 0 -0.0347432
93.8871 -0.00754412 0.00183295 -0.0347523 0 -0.0347523
93.9097 -0.00755412 0.00180792 -0.0347599 0 -0.0347599
93.9323 -0.00756205 0.00178697 -0.034769 0 -0.034769
93.9549 -0.00756911 0.00176602 -0.0347817 0 -0.0347817
93.9774 -0.00757536 0.00174514 -0.0347945 0 -0.0347945
94 -0.0075841 0.00172537 -0.0348075 0 -0.0348075
94.0233 -0.00759557 0.00170403 -0.0348196 0 -0.0348196
94.0465 -0.00760924 0.00168296 -0.03483 0 -0.03483
94.0698 -0.00762278 0.00165596 -0.0348432 0 -0.0348432
94.093 -0.0076374 0.00163003 -0.0348527 0 -0.0348527
94.1163 -0.00764973 0.00159885 -0.0348655 0 -0.0348655
94.1395 -0.00766349 0.00157358 -0.0348781 0 -0.0348781
94.1628 -0.00767494 0.00154671 -0.0348931 0 -0.0348931
94.186 -0.00769017 0.00152241 -0.0349118 0 -0.0349118
94.2093 -0.00770883 0.00149613 -0.0349314 0 -0.0349314
94.2326 -0.007726 0.00146968 -0.0349417 0 -0.0349417
94.2558 -0.0077389 0.00144165 -0.0349512 0 -0.0349512
94.2791 -0.00774638 0.0014134 -0.0349643 0 -0.0349643
94.3023 -0.00776063 0.00138496 -0.0349776 0 -0.0349776
94.3256 -0.00778004 0.00135867 -0.0349875 0 -0.0349875
94.3488 -0.00780005 0.00133586 -0.0349979 0 -0.0349979
94.3721 -0.00781902 0.00131134 -0.0350081 0 -0.0350081
94.3953 -0.00784097 0.00129003 -0.0350187 0 -0.0350187
94.4186 -0.00786063 0.0012648 -0.0350273 0 -0.0350273
94.4419 -0.0078815 0.00124292 -0.0350362 0 -0.0350362
94.4651 -0.00789867 0.00122129 -0.0350463 0 -0.0350463
94.4884 -0.00791772 0.00120154 -0.0350518 0 -0.0350518
94.5116 -0.00793582 0.00118276 -0.0350593 0 -0.0350593
94.5349 -0.00795383 0.00116796 -0.0350636 0 -0.0350636
94.5581 -0.00797631 0.00115405 -0.0350663 0 -0.0350663
94.5814 -0.00799585 0.0011392 -0.0350696 0 -0.0350696
94.6047 -0.00801544 0.00112746 -0.0350782 0 -0.0350782
94.6279 -0.00803258 0.00111888 -0.0350889 0 -0.0350889
94.6512 -0.00805605 0.00111421 -0.0351009 0 -0.0351009
94.6744 -0.00807787 0.00111059 -0.0351161 0 -0.0351161
94.6977 -0.00810588 0.00111096 -0.0351301 0 -0.0351301
94.7209 -0.00813901 0.00110749 -0.0351423 0 -0.0351423
94.7442 -0.00817435 0.00110711 -0.0351516 0 -0.0351516
94.7674 -0.00820872 0.00111071 -0.0351653 0 -0.0351653
94.7907 -0.0082422 0.00111129 -0.0351813 0 -0.0351813
94.814 -0.0082773 0.00111552 -0.0351968 0 -0.0351968
94.8372 -0.00831495 0.00111404 -0.0352177 0 -0.0352177
94.8605 -0.00835289 0.00111347 -0.0352343 0 -0.0352343
94.8837 -0.00838869 0.00111582 -0.0352451 0 -0.0352451
94.907 -0.00843047 0.0011201 -0.0352554 0 -0.0352554
94.9302 -0.00847589 0.00112755 -0.0352629 0 -0.0352629
94.9535 -0.00852152 0.00113625 -0.0352706 0 -0.0352706
94.9767 -0.00856806 0.00114557 -0.0352777 0 -0.0352777
95 -0.00861771 0.00115916 -0.0352853 0 -0.0352853
95.0244 -0.00866186 0.00117292 -0.0352961 0 -0.0352961
95.0488 -0.00870577 0.00117933 -0.0353061 0 -0.0353061
95.0732 -0.00875506 0.00118481 -0.0353186 0 -0.0353186
95.0976 -0.00879693 0.00119161 -0.0353321 0 -0.0353321
95.122 -0.00884129 0.00120419 -0.0353423 0 -0.0353423
95.1463 -0.00888387 0.00121718 -0.0353514 0 -0.0353514
95.1707 -0.00893055 0.00123031 -0.0353579 0 -0.0353579
95.1951 -0.00897915 0.00124688 -0.0353671 0 -0.0353671
95.2195 -0.00902595 0.00126326 -0.0353769 0 -0.0353769
95.2439 -0.00907126 0.00128082 -0.0353888 0 -0.0353888
95.2683 -0.00912009 0.00129842 -0.0353932 0 -0.0353932
95.2927 -0.00916708 0.00131631 -0.0353987 0 -0.0353987
95.3171 -0.00921924 0.00133417 -0.0354047 0 -0.0354047
95.3415 -0.0092697 0.00135576 -0.0354061 0 -0.0354061
95.3659 -0.00932495 0.00137372 -0.0354041 0 -0.0354041
95.3902 -0.00938134 0.00139422 -0.0354062 0 -0.0354062
95.4146 -0.00944018 0.00141392 -0.0354112 0 -0.0354112
95.439 -0.00950055 0.00143532 -0.0354124 0 -0.0354124
95.4634 -0.00955037 0.00145921 -0.0354099 0 -0.0354099
95.4878 -0.00960479 0.00147885 -0.0354113 0 -0.0354113
95.5122 -0.00966637 0.00150046 -0.0354133 0 -0.0354133
95.5366 -0.00972796 0.00152319 -0.0354131 0 -0.0354131
95.561 -0.0097894 0.0015455 -0.0354156 0 -0.0354156
95.5854 -0.00985229 0.00157007 -0.0354131 0 -0.0354131
95.6098 -0.00991645 0.00159671 -0.0354121 0 -0.0354121
95.6341 -0.00998093 0.00162816 -0.0354064 0 -0.0354064
95.6585 -0.0100467 0.00166339 -0.035397 0 -0.035397
95.6829 -0.0101149 0.00170016 -0.0353884 0 -0.0353884
95.7073 -0.0101797 0.00173532 -0.035376 0 -0.035376
95.7317 -0.0102384 0.00177186 -0.0353617 0 -0.0353617
95.7561 -0.0103013 0.00180745 -0.0353448 0 -0.0353448
95.7805 -0.0103619 0.00183982 -0.0353272 0 -0.0353272
95.8049 -0.0104204 0.00187297 -0.0353114 0 -0.0353114
95.8293 -0.010478 0.00190615 -0.0353055 0 -0.0353055
95.8537 -0.0105344 0.00193986 -0.0352937 0 -0.0352937
95.878 -0.0105899 0.00197585 -0.0352852 0 -0.0352852
95.9024 -0.0106402 0.0020063 -0.0352816 0 -0.0352816
95.9268 -0.0106841 0.00204649 -0.0352773 0 -0.0352773
95.9512 -0.0107378 0.00208969 -0.0352683 0 -0.0352683
95.9756 -0.0107866 0.00213535 -0.0352556 0 -0.0352556
96 -0.0108342 0.00218429 -0.0352406 0 -0.0352406
96.025 -0.0108843 0.00223595 -0.0352234 0 -0.0352234
96.05 -0.0109309 0.00228718 -0.0352014 0 -0.0352014
96.075 -0.0109805 0.00233825 -0.0351839 0 -0.0351839
96.1 -0.0110255 0.00239116 -0.0351682 0 -0.0351682
96.125 -0.0110698 0.00244515 -0.0351503 0 -0.0351503
96.15 -0.0111103 0.00249868 -0.0351349 0 -0.0351349
96.175 -0.0111487 0.00255175 -0.0351254 0 -0.0351254
96.2 -0.0111854 0.00260232 -0.0351173 0 -0.0351173
96.225 -0.0112234 0.0026534 -0.0351048 0 -0.0351048
96.25 -0.0112666 0.00271033 -0.0350914 0 -0.0350914
96.275 -0.0113067 0.00276946 -0.0350758 0 -0.0350758
96.3 -0.0113504 0.00283036 -0.0350587 0 -0.0350587
96.325 -0.0113941 0.00288432 -0.0350447 0 -0.0350447
96.35 -0.0114388 0.00293282 -0.0350275 0 -0.0350275
96.375 -0.0114779 0.00298139 -0.0350098 0 -0.0350098
96.4 -0.0115188 0.00302157 -0.034989 0 -0.034989
96.425 -0.0115621 0.00306132 -0.0349639 0 -0.0349639
96.45 -0.0116086 0.00310232 -0.0349379 0 -0.0349379
96.475 -0.0116551 0.00314117 -0.034906 0 -0.034906
96.5 -0.0116969 0.00317648 -0.0348735 0 -0.0348735
96.525 -0.0117336 0.00321418 -0.0348424 0 -0.0348424
96.55 -0.0117687 0.00324845 -0.034811 0 -0.034811
96.575 -0.0118089 0.00328137 -0.0347785 0 -0.0347785
96.6 -0.0118512 0.00330985 -0.0347444 0 -0.0347444
96.625 -0.0118928 0.00333805 -0.0347115 0 -0.0347115
96.65 -0.0119278 0.0033679 -0.0346794 0 -0.0346794
96.6733 -0.0119672 0.00338945 -0.0346464 0 -0.0346464
96.6967 -0.012007 0.00340768 -0.034611 0 -0.034611
96.72 -0.012045 0.0034301 -0.0345761 0 -0.0345761
96.7433 -0.0120817 0.00344744 -0.0345396 0 -0.0345396
96.7667 -0.0121224 0.00346477 -0.034499 0 -0.034499
96.79 -0.0121626 0.00348272 -0.0344612 0 -0.0344612
96.8133 -0.0121944 0.00349981 -0.0344193 0 -0.0344193
96.8367 -0.0122205 0.00351675 -0.0343703 0 -0.0343703
96.86 -0.0122436 0.00352606 -0.0343221 0 -0.0343221
96.8833 -0.0122646 0.0035402 -0.0342712 0 -0.0342712
96.9067 -0.0122854 0.00355249 -0.0342246 0 -0.0342246
96.93 -0.0123083 0.00356297 -0.0341735 0 -0.0341735
96.9533 -0.0123305 0.00357145 -0.0341318 0 -0.0341318
96.9767 -0.0123513 0.00357616 -0.0340928 0 -0.0340928
97 -0.0123709 0.00357949 -0.0340513 0 -0.0340513
97.0244 -0.0123922 0.00358607 -0.0340062 0 -0.0340062
97.0482 -0.0124182 0.00358746 -0.0339604 0 -0.0339604
97.072 -0.0124328 0.00359342 -0.0339142 0 -0.0339142
97.0958 -0.0124463 0.00359547 -0.0338693 0 -0.0338693
97.1196 -0.012461 0.00359635 -0.0338252 0 -0.0338252
97.1427 -0.0124748 0.00359439 -0.0337814 0 -0.0337814
97.1659 -0.0124862 0.00358835 -0.0337391 0 -0.0337391
97.1891 -0.0124984 0.00357941 -0.0336962 0 -0.0336962
97.2122 -0.0125121 0.00357127 -0.0336563 0 -0.0336563
97.2354 -0.0125242 0.0035612 -0.0336179 0 -0.0336179
97.2579 -0.0125339 0.00355525 -0.0335804 0 -0.0335804
97.2804 -0.0125387 0.00355093 -0.0335461 0 -0.0335461
97.3029 -0.012544 0.00354139 -0.0335134 0 -0.0335134
97.3254 -0.0125505 0.00353259 -0.0334829 0 -0.0334829
97.3479 -0.0125588 0.00352606 -0.0334486 0 -0.0334486
97.3703 -0.0125678 0.00352015 -0.0334149 0 -0.0334149
97.3928 -0.0125779 0.00351812 -0.0333861 0 -0.0333861
97.4145 -0.0125856 0.00351798 -0.0333595 0 -0.0333595
97.4362 -0.012589 0.00351332 -0.0333373 0 -0.0333373
97.4579 -0.0125925 0.00350803 -0.0333197 0 -0.0333197
97.4796 -0.0125928 0.00349943 -0.0333037 0 -0.0333037
97.5013 -0.0125928 0.00348946 -0.033297 0 -0.033297
97.5229 -0.0125952 0.00348647 -0.0332887 0 -0.0332887
97.5446 -0.0126012 0.00348388 -0.0332804 0 -0.0332804
97.5663 -0.0126056 0.0034795 -0.0332758 0 -0.0332758
97.588 -0.0126069 0.00347769 -0.0332693 0 -0.0332693
97.6097 -0.0126047 0.00347439 -0.033264 0 -0.033264
97.6314 -0.01261 0.00347053 -0.0332572 0 -0.0332572
97.653 -0.0126108 0.00346755 -0.0332513 0 -0.0332513
97.6747 -0.0126172 0.00346082 -0.0332451 0 -0.0332451
97.6964 -0.0126284 0.00345212 -0.0332346 0 -0.0332346
97.7181 -0.0126356 0.00344559 -0.0332265 0 -0.0332265
97.7398 -0.0126457 0.00343526 -0.0332192 0 -0.0332192
97.7615 -0.0126556 0.00342414 -0.0332102 0 -0.0332102
97.7832 -0.0126677 0.00341464 -0.0332022 0 -0.0332022
97.8048 -0.012682 0.00340259 -0.0331923 0 -0.0331923
97.8265 -0.0126947 0.00339266 -0.0331881 0 -0.0331881
97.8482 -0.0127066 0.00338123 -0.0331848 0 -0.0331848
97.8699 -0.0127215 0.00336895 -0.0331798 0 -0.0331798
97.8916 -0.0127356 0.00335861 -0.0331756 0 -0.0331756
97.9133 -0.0127536 0.00335192 -0.0331706 0 -0.0331706
97.9349 -0.0127733 0.00334378 -0.0331606 0 -0.0331606
97.9566 -0.0127932 0.0033402 -0.0331528 0 -0.0331528
97.9783 -0.0128085 0.00333922 -0.0331461 0 -0.0331461
98 -0.012823 0.00333424 -0.0331427 0 -0.0331427
98.0217 -0.012836 0.00333097 -0.0331359 0 -0.0331359
98.0435 -0.0128451 0.00332491 -0.0331262 0 -0.0331262
98.0652 -0.0128574 0.00331673 -0.0331161 0 -0.0331161
98.087 -0.0128745 0.00330683 -0.0331064 0 -0.0331064
98.1087 -0.0128882 0.00329898 -0.0331003 0 -0.0331003
98.1304 -0.0129086 0.00328937 -0.033094 0 -0.033094
98.1522 -0.0129318 0.00328766 -0.0330845 0 -0.0330845
98.1739 -0.0129547 0.00327943 -0.0330683 0 -0.0330683
98.1957 -0.01298 0.00327349 -0.0330505 0 -0.0330505
98.2174 -0.0130091 0.00326789 -0.0330374 0 -0.0330374
98.2391 -0.0130367 0.0032635 -0.0330206 0 -0.0330206
98.2609 -0.0130676 0.0032552 -0.0330084 0 -0.0330084
98.2826 -0.0130991 0.00324535 -0.032999 0 -0.032999
98.3043 -0.0131301 0.00323274 -0.0329876 0 -0.0329876
98.3261 -0.0131555 0.00321837 -0.0329714 0 -0.0329714
98.3478 -0.0131842 0.00320439 -0.032959 0 -0.032959
98.3696 -0.0132087 0.00319031 -0.03295 0 -0.03295
98.3913 -0.0132337 0.00317288 -0.0329475 0 -0.0329475
98.413 -0.0132612 0.00315734 -0.0329456 0 -0.0329456
98.4348 -0.0132883 0.00313846 -0.0329411 0 -0.0329411
98.4565 -0.0133171 0.00311475 -0.0329398 0 -0.0329398
98.4783 -0.0133455 0.00308955 -0.0329423 0 -0.0329423
98.5 -0.0133745 0.00306439 -0.0329462 0 -0.0329462
98.5217 -0.0134102 0.00304152 -0.0329464 0 -0.0329464
98.5435 -0.0134461 0.00301413 -0.0329456 0 -0.0329456
98.5652 -0.0134858 0.00298899 -0.032944 0 -0.032944
98.587 -0.0135194 0.0029615 -0.0329414 0 -0.0329414
98.6087 -0.0135524 0.0029372 -0.0329404 0 -0.0329404
98.6304 -0.0135843 0.00290996 -0.0329383 0 -0.0329383
98.6522 -0.0136157 0.00288423 -0.0329382 0 -0.0329382
98.6739 -0.0136497 0.00285997 -0.0329428 0 -0.0329428
98.6957 -0.0136825 0.00283574 -0.0329477 0 -0.0329477
98.7174 -0.0137137 0.00281221 -0.0329551 0 -0.0329551
98.7391 -0.0137502 0.00278687 -0.0329648 0 -0.0329648
98.7609 -0.0137848 0.00276354 -0.0329725 0 -0.0329725
98.7826 -0.0138197 0.00273735 -0.0329808 0 -0.0329808
98.8043 -0.0138527 0.0027114 -0.0329902 0 -0.0329902
98.8261 -0.0138855 0.00268584 -0.0329972 0 -0.0329972
98.8478 -0.0139219 0.00266395 -0.0330056 0 -0.0330056
98.8696 -0.0139543 0.00264404 -0.0330161 0 -0.0330161
98.8913 -0.0139866 0.00262695 -0.0330285 0 -0.0330285
98.913 -0.0140242 0.00260286 -0.0330349 0 -0.0330349
98.9348 -0.014062 0.0025757 -0.0330413 0 -0.0330413
98.9565 -0.0140902 0.00255042 -0.0330446 0 -0.0330446
98.9783 -0.0141195 0.00253127 -0.0330488 0 -0.0330488
99 -0.0141485 0.00251267 -0.0330499 0 -0.0330499
99.0227 -0.0141807 0.00248869 -0.0330518 0 -0.0330518
99.0455 -0.0142079 0.00246561 -0.0330545 0 -0.0330545
99.0682 -0.0142351 0.00243381 -0.0330581 0 -0.0330581
99.0909 -0.0142648 0.00240972 -0.0330595 0 -0.0330595
99.1136 -0.014289 0.00238826 -0.0330622 0 -0.0330622
99.1364 -0.0143134 0.00237106 -0.0330642 0 -0.0330642
99.1591 -0.0143318 0.00235219 -0.0330701 0 -0.0330701
99.1824 -0.0143547 0.00232727 -0.0330808 0 -0.0330808
99.2058 -0.0143803 0.0023012 -0.0330892 0 -0.0330892
99.2292 -0.0144033 0.00227809 -0.0330927 0 -0.0330927
99.2525 -0.0144291 0.00225266 -0.0330939 0 -0.0330939
99.2759 -0.0144513 0.00223358 -0.0330998 0 -0.0330998
99.2992 -0.0144711 0.0022176 -0.0331028 0 -0.0331028
99.3226 -0.0144859 0.0022028 -0.0331027 0 -0.0331027
99.346 -0.0144945 0.00218289 -0.0331029 0 -0.0331029
99.3693 -0.014503 0.00216195 -0.0330973 0 -0.0330973
99.3927 -0.0145059 0.00214548 -0.0330899 0 -0.0330899
99.417 -0.0145047 0.00213265 -0.033084 0 -0.033084
99.4413 -0.0145048 0.00211641 -0.0330681 0 -0.0330681
99.4656 -0.0145042 0.00210125 -0.0330496 0 -0.0330496
99.4898 -0.0144992 0.00208564 -0.033032 0 -0.033032
99.5141 -0.0144936 0.00207156 -0.0330129 0 -0.0330129
99.5384 -0.0144897 0.00206248 -0.0329925 0 -0.0329925
99.5627 -0.0144823 0.00205433 -0.0329759 0 -0.0329759
99.587 -0.0144684 0.0020472 -0.0329542 0 -0.0329542
99.6113 -0.0144548 0.00203543 -0.0329351 0 -0.0329351
99.6356 -0.0144401 0.00202729 -0.0329191 0 -0.0329191
99.6599 -0.0144183 0.00201638 -0.0329008 0 -0.0329008
99.6842 -0.0143866 0.00200641 -0.0328823 0 -0.0328823
99.7085 -0.0143563 0.0019987 -0.0328694 0 -0.0328694
99.7328 -0.0143215 0.00199516 -0.0328475 0 -0.0328475
99.7571 -0.0142838 0.00199289 -0.032823 0 -0.032823
99.7814 -0.014244 0.00199014 -0.0327993 0 -0.0327993
99.8057 -0.014206 0.00198561 -0.0327744 0 -0.0327744
99.8299 -0.0141691 0.00198267 -0.0327519 0 -0.0327519
99.8542 -0.0141299 0.00197796 -0.0327299 0 -0.0327299
99.8785 -0.014094 0.00197379 -0.0327055 0 -0.0327055
99.9028 -0.0140577 0.00196866 -0.0326832 0 -0.0326832
99.9271 -0.0140154 0.00195936 -0.0326665 0 -0.0326665
99.9514 -0.0139701 0.00195136 -0.0326414 0 -0.0326414
99.9757 -0.0139273 0.00194164 -0.0326162 0 -0.0326162
100 -0.0138776 0.00193378 -0.0325935 0 -0.0325935
100.024 -0.0138272 0.00192245 -0.0325766 0 -0.0325766
100.049 -0.0137757 0.0019115 -0.0325595 0 -0.0325595
100.073 -0.0137189 0.00189571 -0.032547 0 -0.032547
100.098 -0.0136669 0.00187888 -0.0325311 0 -0.0325311
100.122 -0.0136161 0.00186044 -0.0325129 0 -0.0325129
100.146 -0.0135626 0.00184463 -0.0324942 0 -0.0324942
100.171 -0.0135106 0.00182834 -0.0324792 0 -0.0324792
100.195 -0.0134558 0.00181232 -0.032467 0 -0.032467
100.22 -0.0134039 0.00179586 -0.0324528 0 -0.0324528
100.244 -0.0133521 0.00178034 -0.0324358 0 -0.0324358
100.268 -0.0132977 0.00176406 -0.0324188 0 -0.0324188
100.293 -0.0132428 0.00174394 -0.0324 0 -0.0324
100.317 -0.0131856 0.00172674 -0.0323771 0 -0.0323771
100.341 -0.0131283 0.00170977 -0.0323515 0 -0.0323515
100.366 -0.0130686 0.00168823 -0.0323285 0 -0.0323285
100.39 -0.0130119 0.00166733 -0.0323084 0 -0.0323084
100.415 -0.0129531 0.00164533 -0.032293 0 -0.032293
100.439 -0.0128933 0.0016249 -0.0322791 0 -0.0322791
100.463 -0.0128363 0.00160727 -0.032262 0 -0.032262
100.488 -0.0127791 0.00159763 -0.0322469 0 -0.0322469
100.512 -0.0127174 0.00158626 -0.0322342 0 -0.0322342
100.537 -0.0126629 0.00157217 -0.0322242 0 -0.0322242
100.561 -0.0126097 0.00156154 -0.0322107 0 -0.0322107
100.585 -0.0125599 0.00155111 -0.0321964 0 -0.0321964
100.61 -0.0125102 0.0015403 -0.0321772 0 -0.0321772
100.634 -0.0124571 0.00152629 -0.0321579 0 -0.0321579
100.659 -0.0124043 0.00151341 -0.0321404 0 -0.0321404
100.683 -0.0123608 0.00151111 -0.0321205 0 -0.0321205
100.707 -0.012317 0.00150565 -0.0320958 0 -0.0320958
100.732 -0.0122709 0.00149601 -0.032071 0 -0.032071
100.756 -0.0122258 0.00149088 -0.0320493 0 -0.0320493
100.78 -0.0121829 0.00148477 -0.032026 0 -0.032026
100.805 -0.0121472 0.0014759 -0.0320039 0 -0.0320039
100.829 -0.0121132 0.00146744 -0.0319879 0 -0.0319879
100.854 -0.0120822 0.00145947 -0.0319706 0 -0.0319706
100.875 -0.0120536 0.00144929 -0.031957 0 -0.031957
100.895 -0.0120265 0.00144337 -0.0319438 0 -0.0319438
100.916 -0.0119992 0.00143878 -0.0319342 0 -0.0319342
100.937 -0.0119714 0.00143775 -0.0319222 0 -0.0319222
100.958 -0.0119463 0.00143523 -0.0319099 0 -0.0319099
100.979 -0.0119242 0.00143435 -0.031891 0 -0.031891
101 -0.0119058 0.00143323 -0.0318721 0 -0.0318721
101.023 -0.0118885 0.0014313 -0.0318482 0 -0.0318482
101.047 -0.0118654 0.00143273 -0.0318239 0 -0.0318239
101.07 -0.0118441 0.00143658 -0.0318052 0 -0.0318052
101.093 -0.011824 0.00144176 -0.0317832 0 -0.0317832
101.116 -0.0118083 0.0014488 -0.0317615 0 -0.0317615
101.139 -0.0117916 0.00145279 -0.0317445 0 -0.0317445
101.162 -0.0117742 0.0014564 -0.0317221 0 -0.0317221
101.184 -0.0117564 0.00146177 -0.0317001 0 -0.0317001
101.207 -0.0117382 0.00146815 -0.0316782 0 -0.0316782
101.23 -0.0117188 0.00147848 -0.031652 0 -0.031652
101.252 -0.0117003 0.00148839 -0.0316236 0 -0.0316236
101.275 -0.0116841 0.0014988 -0.0315975 0 -0.0315975
101.298 -0.0116732 0.0015075 -0.0315688 0 -0.0315688
101.32 -0.0116637 0.00151626 -0.0315416 0 -0.0315416
101.343 -0.0116535 0.00152525 -0.0315138 0 -0.0315138
101.366 -0.011647 0.00153789 -0.0314882 0 -0.0314882
101.388 -0.011639 0.00155166 -0.0314593 0 -0.0314593
101.411 -0.011629 0.0015686 -0.0314266 0 -0.0314266
101.434 -0.0116205 0.00157874 -0.0313989 0 -0.0313989
101.456 -0.0116076 0.00159217 -0.0313722 0 -0.0313722
101.479 -0.0115932 0.00160239 -0.0313422 0 -0.0313422
101.501 -0.0115815 0.00161411 -0.0313109 0 -0.0313109
101.524 -0.0115749 0.00162493 -0.0312896 0 -0.0312896
101.547 -0.0115698 0.00163272 -0.0312695 0 -0.0312695
101.569 -0.0115686 0.00164418 -0.0312515 0 -0.0312515
101.592 -0.0115641 0.0016532 -0.0312319 0 -0.0312319
101.615 -0.0115602 0.00165919 -0.031214 0 -0.031214
101.637 -0.0115543 0.00167166 -0.0311945 0 -0.0311945
101.66 -0.0115536 0.00168327 -0.031173 0 -0.031173
101.683 -0.0115566 0.00169337 -0.0311591 0 -0.0311591
101.705 -0.01156 0.00170179 -0.0311431 0 -0.0311431
101.726 -0.0115592 0.0017095 -0.0311278 0 -0.0311278
101.748 -0.0115561 0.00171597 -0.0311115 0 -0.0311115
101.769 -0.0115586 0.00172341 -0.031098 0 -0.031098
101.79 -0.0115602 0.00173163 -0.0310817 0 -0.0310817
101.811 -0.0115641 0.00174392 -0.0310677 0 -0.0310677
101.832 -0.0115654 0.00175753 -0.0310538 0 -0.0310538
101.853 -0.0115662 0.00177059 -0.0310445 0 -0.0310445
101.874 -0.011567 0.00177591 -0.0310324 0 -0.0310324
101.895 -0.0115656 0.00178294 -0.0310181 0 -0.0310181
101.916 -0.0115634 0.00178513 -0.0310093 0 -0.0310093
101.937 -0.0115616 0.00178259 -0.0310049 0 -0.0310049
101.958 -0.0115621 0.00178275 -0.0310003 0 -0.0310003
101.979 -0.0115622 0.00178233 -0.0309965 0 -0.0309965
102 -0.0115638 0.00178261 -0.0309935 0 -0.0309935
102.022 -0.0115612 0.00178256 -0.0309901 0 -0.0309901
102.043 -0.0115615 0.00178403 -0.0309866 0 -0.0309866
102.064 -0.0115597 0.00178835 -0.0309833 0 -0.0309833
102.086 -0.0115577 0.00178995 -0.0309844 0 -0.0309844
102.107 -0.0115561 0.00179374 -0.0309857 0 -0.0309857
102.128 -0.011554 0.00179149 -0.0309828 0 -0.0309828
102.149 -0.0115538 0.00179062 -0.0309758 0 -0.0309758
102.17 -0.0115527 0.00179014 -0.0309717 0 -0.0309717
102.191 -0.0115524 0.00178889 -0.0309739 0 -0.0309739
102.212 -0.011551 0.00178848 -0.030976 0 -0.030976
102.232 -0.0115522 0.00178224 -0.0309773 0 -0.0309773
102.253 -0.011552 0.00177656 -0.0309805 0 -0.0309805
102.274 -0.0115515 0.0017712 -0.0309891 0 -0.0309891
102.295 -0.0115511 0.00176697 -0.0309937 0 -0.0309937
102.315 -0.011553 0.00176222 -0.0309986 0 -0.0309986
102.336 -0.011555 0.00175465 -0.0310023 0 -0.0310023
102.357 -0.0115609 0.00174442 -0.0310056 0 -0.0310056
102.377 -0.0115631 0.00172966 -0.0310059 0 -0.0310059
102.397 -0.011563 0.00171573 -0.0310102 0 -0.0310102
102.417 -0.0115675 0.00170118 -0.0310157 0 -0.0310157
102.437 -0.0115731 0.00168586 -0.0310239 0 -0.0310239
102.457 -0.0115813 0.00166768 -0.0310344 0 -0.0310344
102.477 -0.0115913 0.00165001 -0.0310443 0 -0.0310443
102.498 -0.0116033 0.00163774 -0.0310557 0 -0.0310557
102.518 -0.0116167 0.00162592 -0.0310677 0 -0.0310677
102.538 -0.0116261 0.00161477 -0.0310823 0 -0.0310823
102.558 -0.0116377 0.00160315 -0.0310962 0 -0.0310962
102.578 -0.011647 0.00159128 -0.031111 0 -0.031111
102.598 -0.011657 0.00157446 -0.0311249 0 -0.0311249
102.618 -0.0116673 0.00156112 -0.0311406 0 -0.0311406
102.638 -0.0116767 0.00154247 -0.0311511 0 -0.0311511
102.658 -0.0116873 0.00152261 -0.0311621 0 -0.0311621
102.678 -0.0116955 0.0015035 -0.0311713 0 -0.0311713
102.699 -0.0117039 0.0014818 -0.0311783 0 -0.0311783
102.719 -0.0117111 0.00145916 -0.0311852 0 -0.0311852
102.739 -0.011721 0.00143619 -0.0311931 0 -0.0311931
102.759 -0.0117306 0.00140911 -0.0312058 0 -0.0312058
102.779 -0.0117384 0.00137748 -0.0312168 0 -0.0312168
102.799 -0.0117423 0.00134609 -0.0312295 0 -0.0312295
102.819 -0.0117478 0.00132102 -0.0312424 0 -0.0312424
102.839 -0.0117523 0.00129619 -0.0312598 0 -0.0312598
102.859 -0.0117593 0.00127057 -0.0312785 0 -0.0312785
102.877 -0.0117651 0.0012487 -0.0312901 0 -0.0312901
102.894 -0.0117707 0.00122664 -0.0313 0 -0.0313
102.912 -0.0117773 0.00120337 -0.0313133 0 -0.0313133
102.93 -0.0117845 0.00118092 -0.0313239 0 -0.0313239
102.947 -0.0117897 0.00115519 -0.0313318 0 -0.0313318
102.965 -0.0117962 0.00113031 -0.0313412 0 -0.0313412
102.982 -0.0118019 0.00110872 -0.0313525 0 -0.0313525
103 -0.0118093 0.00108485 -0.0313637 0 -0.0313637
103.02 -0.0118138 0.00105582 -0.0313725 0 -0.0313725
103.04 -0.0118168 0.00101941 -0.0313802 0 -0.0313802
103.06 -0.0118229 0.000981068 -0.0313905 0 -0.0313905
103.08 -0.0118285 0.000945325 -0.0314042 0 -0.0314042
103.1 -0.0118317 0.00091208 -0.0314144 0 -0.0314144
103.12 -0.011836 0.000879171 -0.0314291 0 -0.0314291
103.14 -0.0118407 0.000842214 -0.0314446 0 -0.0314446
103.16 -0.0118496 0.000802959 -0.0314588 0 -0.0314588
103.18 -0.0118583 0.000765372 -0.0314706 0 -0.0314706
103.2 -0.0118699 0.000727025 -0.0314831 0 -0.0314831
103.22 -0.0118747 0.00068768 -0.031493 0 -0.031493
103.24 -0.0118807 0.000650251 -0.0315047 0 -0.0315047
103.26 -0.0118824 0.000616011 -0.031519 0 -0.031519
103.28 -0.0118881 0.000584576 -0.0315335 0 -0.0315335
103.3 -0.0118945 0.000553898 -0.0315435 0 -0.0315435
103.32 -0.0119047 0.000520953 -0.0315541 0 -0.0315541
103.34 -0.0119137 0.00048839 -0.0315663 0 -0.0315663
103.36 -0.0119227 0.000457146 -0.0315781 0 -0.0315781
103.38 -0.0119306 0.000429098 -0.0315908 0 -0.0315908
103.4 -0.0119368 0.000397856 -0.0316043 0 -0.0316043
103.42 -0.0119467 0.000370329 -0.0316219 0 -0.0316219
103.44 -0.011957 0.000345539 -0.0316386 0 -0.0316386
103.46 -0.0119698 0.000320093 -0.0316585 0 -0.0316585
103.48 -0.011981 0.000300229 -0.0316759 0 -0.0316759
103.5 -0.0119921 0.000278513 -0.0316934 0 -0.0316934
103.52 -0.0120039 0.000256985 -0.0317122 0 -0.0317122
103.54 -0.0120152 0.000233879 -0.0317316 0 -0.0317316
103.56 -0.0120238 0.00021046 -0.0317531 0 -0.0317531
103.58 -0.012029 0.000186565 -0.0317743 0 -0.0317743
103.6 -0.0120401 0.00016541 -0.0317943 0 -0.0317943
103.62 -0.0120587 0.000144843 -0.0318186 0 -0.0318186
103.64 -0.0120751 0.000123774 -0.0318422 0 -0.0318422
103.66 -0.0120913 0.000105304 -0.0318648 0 -0.0318648
103.68 -0.0121099 8.7286e-05 -0.0318927 0 -0.0318927
103.7 -0.0121354 7.0577e-05 -0.031918 0 -0.031918
103.72 -0.0121592 5.4881e-05 -0.0319432 0 -0.0319432
103.74 -0.0121845 3.55766e-05 -0.031967 0 -0.031967
103.76 -0.012211 2.03445e-05 -0.0319901 0 -0.0319901
103.78 -0.0122371 4.05704e-06 -0.0320151 0 -0.0320151
103.8 -0.0122618 -4.68764e-06 -0.0320443 0 -0.0320443
103.82 -0.0122872 -1.26915e-05 -0.0320733 0 -0.0320733
103.84 -0.0123154 -2.00584e-05 -0.0321002 0 -0.0321002
103.86 -0.0123424 -2.67776e-05 -0.0321265 0 -0.0321265
103.88 -0.0123677 -3.44162e-05 -0.0321515 0 -0.0321515
103.9 -0.012397 -3.95223e-05 -0.0321761 0 -0.0321761
103.92 -0.0124253 -4.02468e-05 -0.0322029 0 -0.0322029
103.94 -0.0124522 -4.2812e-05 -0.0322263 0 -0.0322263
103.96 -0.0124783 -4.64969e-05 -0.0322502 0 -0.0322502
103.98 -0.0125082 -4.88564e-05 -0.0322756 0 -0.0322756
104 -0.0125388 -5.04913e-05 -0.0323015 0 -0.0323015
104.02 -0.0125714 -5.47498e-05 -0.0323245 0 -0.0323245
104.041 -0.0126025 -5.84358e-05 -0.0323466 0 -0.0323466
104.061 -0.012635 -6.19898e-05 -0.0323717 0 -0.0323717
104.082 -0.0126748 -6.40096e-05 -0.0323889 0 -0.0323889
104.102 -0.0127126 -6.5722e-05 -0.0324106 0 -0.0324106
104.122 -0.0127481 -6.66115e-05 -0.0324266 0 -0.0324266
104.142 -0.0127842 -6.68552e-05 -0.032447 0 -0.032447
104.161 -0.0128217 -6.55611e-05 -0.0324686 0 -0.0324686
104.181 -0.0128572 -6.42838e-05 -0.0324858 0 -0.0324858
104.201 -0.0128931 -6.33796e-05 -0.0324977 0 -0.0324977
104.221 -0.0129307 -6.67412e-05 -0.0325073 0 -0.0325073
104.241 -0.012971 -7.87288e-05 -0.0325182 0 -0.0325182
104.261 -0.0130118 -8.83546e-05 -0.032533 0 -0.032533
104.281 -0.013054 -9.91467e-05 -0.032546 0 -0.032546
104.301 -0.0130949 -0.000111647 -0.0325559 0 -0.0325559
104.321 -0.0131346 -0.000124319 -0.0325642 0 -0.0325642
104.341 -0.0131739 -0.000136524 -0.0325724 0 -0.0325724
104.361 -0.0132126 -0.000147856 -0.0325771 0 -0.0325771
104.381 -0.0132553 -0.000159281 -0.0325813 0 -0.0325813
104.401 -0.0132968 -0.00017127 -0.0325851 0 -0.0325851
104.421 -0.0133337 -0.000184269 -0.0325918 0 -0.0325918
104.441 -0.0133716 -0.000197122 -0.0325957 0 -0.0325957
104.461 -0.0134108 -0.000205118 -0.0326025 0 -0.0326025
104.481 -0.0134495 -0.000210366 -0.0326069 0 -0.0326069
104.501 -0.0134882 -0.000215627 -0.0326093 0 -0.0326093
104.521 -0.0135252 -0.000219993 -0.0326079 0 -0.0326079
104.541 -0.0135576 -0.000223406 -0.032604 0 -0.032604
104.561 -0.0135935 -0.000227444 -0.0325971 0 -0.0325971
104.581 -0.0136321 -0.000226273 -0.0325919 0 -0.0325919
104.601 -0.0136723 -0.000226679 -0.0325809 0 -0.0325809
104.621 -0.0137109 -0.000224332 -0.0325718 0 -0.0325718
104.641 -0.0137487 -0.000225322 -0.032565 0 -0.032565
104.661 -0.0137872 -0.000227301 -0.0325586 0 -0.0325586
104.681 -0.0138264 -0.000227845 -0.0325488 0 -0.0325488
104.701 -0.013862 -0.000228475 -0.0325361 0 -0.0325361
104.72 -0.013897 -0.000229486 -0.0325208 0 -0.0325208
104.74 -0.0139313 -0.000232517 -0.0324979 0 -0.0324979
104.76 -0.0139685 -0.000235226 -0.0324793 0 -0.0324793
104.78 -0.0140086 -0.000239809 -0.0324603 0 -0.0324603
104.8 -0.0140468 -0.000245596 -0.0324422 0 -0.0324422
104.82 -0.0140854 -0.000256525 -0.032424 0 -0.032424
104.84 -0.0141244 -0.000266526 -0.0324085 0 -0.0324085
104.86 -0.0141664 -0.000273476 -0.0323888 0 -0.0323888
104.88 -0.0142067 -0.000283108 -0.0323673 0 -0.0323673
104.9 -0.0142503 -0.000295706 -0.032344 0 -0.032344
104.92 -0.014293 -0.000305449 -0.0323246 0 -0.0323246
104.94 -0.0143357 -0.000317357 -0.0323086 0 -0.0323086
104.96 -0.0143762 -0.000331846 -0.032292 0 -0.032292
104.98 -0.0144149 -0.000345379 -0.0322703 0 -0.0322703
105 -0.0144532 -0.000360751 -0.0322503 0 -0.0322503
105.02 -0.0144953 -0.00037528 -0.0322312 0 -0.0322312
105.041 -0.014534 -0.000387198 -0.0322143 0 -0.0322143
105.061 -0.0145745 -0.000397479 -0.0321966 0 -0.0321966
105.082 -0.0146153 -0.000408404 -0.0321785 0 -0.0321785
105.102 -0.0146548 -0.000420444 -0.0321549 0 -0.0321549
105.122 -0.0146939 -0.000427513 -0.0321351 0 -0.0321351
105.143 -0.014734 -0.000441819 -0.0321193 0 -0.0321193
105.163 -0.0147765 -0.000460007 -0.0321038 0 -0.0321038
105.184 -0.0148167 -0.000475555 -0.0320922 0 -0.0320922
105.204 -0.0148621 -0.000489733 -0.032076 0 -0.032076
105.224 -0.0149057 -0.000504481 -0.0320611 0 -0.0320611
105.245 -0.0149424 -0.000521926 -0.032045 0 -0.032045
105.265 -0.0149819 -0.000540401 -0.0320242 0 -0.0320242
105.286 -0.0150216 -0.00056064 -0.0320072 0 -0.0320072
105.306 -0.0150594 -0.000584496 -0.0319916 0 -0.0319916
105.327 -0.0150983 -0.000604169 -0.0319817 0 -0.0319817
105.347 -0.0151353 -0.000624477 -0.0319717 0 -0.0319717
105.367 -0.0151743 -0.000641286 -0.0319609 0 -0.0319609
105.388 -0.0152184 -0.000658723 -0.031955 0 -0.031955
105.408 -0.0152612 -0.000675717 -0.0319458 0 -0.0319458
105.429 -0.0153013 -0.000692635 -0.0319345 0 -0.0319345
105.449 -0.0153447 -0.000708925 -0.0319266 0 -0.0319266
105.469 -0.0153864 -0.000723308 -0.0319215 0 -0.0319215
105.49 -0.015423 -0.000738852 -0.031914 0 -0.031914
105.51 -0.015457 -0.000755069 -0.0319065 0 -0.0319065
105.531 -0.0154887 -0.00077152 -0.0319022 0 -0.0319022
105.551 -0.0155209 -0.000784447 -0.0318973 0 -0.0318973
105.571 -0.0155552 -0.000793727 -0.0318871 0 -0.0318871
105.592 -0.0155877 -0.000802295 -0.0318775 0 -0.0318775
105.612 -0.0156218 -0.000815895 -0.0318702 0 -0.0318702
105.633 -0.0156551 -0.000827646 -0.031864 0 -0.031864
105.653 -0.0156921 -0.00083926 -0.0318526 0 -0.0318526
105.673 -0.0157306 -0.0008513 -0.0318406 0 -0.0318406
105.694 -0.0157701 -0.000860795 -0.0318319 0 -0.0318319
105.714 -0.0158081 -0.000871486 -0.0318201 0 -0.0318201
105.735 -0.0158441 -0.000880801 -0.0318096 0 -0.0318096
105.755 -0.0158819 -0.000891817 -0.0317966 0 -0.0317966
105.776 -0.0159175 -0.000903639 -0.0317903 0 -0.0317903
105.796 -0.0159551 -0.00091394 -0.0317843 0 -0.0317843
105.816 -0.0159932 -0.000925573 -0.031778 0 -0.031778
105.837 -0.0160323 -0.00093132 -0.031776 0 -0.031776
105.857 -0.0160682 -0.00093374 -0.0317752 0 -0.0317752
105.878 -0.0161024 -0.00093121 -0.0317775 0 -0.0317775
105.898 -0.0161363 -0.000928498 -0.0317802 0 -0.0317802
105.918 -0.0161664 -0.000926393 -0.0317859 0 -0.0317859
105.939 -0.0161942 -0.000924472 -0.0317888 0 -0.0317888
105.959 -0.0162243 -0.000922071 -0.0317859 0 -0.0317859
105.98 -0.0162579 -0.000919158 -0.0317798 0 -0.0317798
106 -0.0162921 -0.000918185 -0.0317737 0 -0.0317737
106.021 -0.0163251 -0.000918726 -0.0317729 0 -0.0317729
106.043 -0.0163636 -0.000914369 -0.031773 0 -0.031773
106.064 -0.0163989 -0.000910013 -0.0317747 0 -0.0317747
106.085 -0.0164359 -0.000902806 -0.0317738 0 -0.0317738
106.106 -0.016474 -0.000896635 -0.0317715 0 -0.0317715
106.128 -0.0165079 -0.00089041 -0.0317719 0 -0.0317719
106.149 -0.016542 -0.000886157 -0.0317718 0 -0.0317718
106.17 -0.0165742 -0.000884164 -0.0317717 0 -0.0317717
106.191 -0.0165982 -0.000884873 -0.0317739 0 -0.0317739
106.213 -0.0166252 -0.000885523 -0.031777 0 -0.031777
106.234 -0.0166489 -0.000883887 -0.0317788 0 -0.0317788
106.255 -0.0166735 -0.000876474 -0.0317805 0 -0.0317805
106.277 -0.0166997 -0.000871511 -0.0317813 0 -0.0317813
106.298 -0.0167258 -0.000862953 -0.0317849 0 -0.0317849
106.319 -0.0167528 -0.000856702 -0.0317895 0 -0.0317895
106.34 -0.0167744 -0.000856261 -0.0318022 0 -0.0318022
106.361 -0.0168003 -0.000850358 -0.0318117 0 -0.0318117
106.382 -0.0168197 -0.000843504 -0.0318203 0 -0.0318203
106.402 -0.0168379 -0.00083662 -0.0318271 0 -0.0318271
106.423 -0.016856 -0.000830748 -0.031835 0 -0.031835
106.443 -0.0168777 -0.000826433 -0.0318422 0 -0.0318422
106.464 -0.0168967 -0.000822628 -0.0318497 0 -0.0318497
106.485 -0.0169191 -0.000811584 -0.0318558 0 -0.0318558
106.505 -0.0169407 -0.00079664 -0.0318588 0 -0.0318588
106.526 -0.0169595 -0.000788678 -0.0318613 0 -0.0318613
106.547 -0.0169779 -0.000780376 -0.0318601 0 -0.0318601
106.567 -0.0169962 -0.000766253 -0.031864 0 -0.031864
106.588 -0.0170119 -0.000752553 -0.0318677 0 -0.0318677
106.608 -0.0170313 -0.000738257 -0.0318726 0 -0.0318726
106.629 -0.0170515 -0.000721891 -0.0318773 0 -0.0318773
106.65 -0.0170645 -0.000706654 -0.0318835 0 -0.0318835
106.67 -0.0170803 -0.000696753 -0.0318885 0 -0.0318885
106.691 -0.0170928 -0.00068382 -0.0318891 0 -0.0318891
106.711 -0.0171054 -0.000674088 -0.0318893 0 -0.0318893
106.732 -0.0171168 -0.000664149 -0.0318873 0 -0.0318873
106.753 -0.0171316 -0.000652869 -0.0318853 0 -0.0318853
106.773 -0.0171477 -0.000648742 -0.0318826 0 -0.0318826
106.794 -0.0171616 -0.00063674 -0.0318806 0 -0.0318806
106.814 -0.0171749 -0.000624309 -0.0318806 0 -0.0318806
106.835 -0.0171838 -0.000613002 -0.0318822 0 -0.0318822
106.856 -0.0171894 -0.000600723 -0.0318797 0 -0.0318797
106.876 -0.0171951 -0.000589168 -0.0318747 0 -0.0318747
106.897 -0.0172039 -0.000577342 -0.0318729 0 -0.0318729
106.918 -0.0172112 -0.000565652 -0.0318688 0 -0.0318688
106.938 -0.0172199 -0.000558026 -0.0318634 0 -0.0318634
106.959 -0.0172293 -0.000547408 -0.0318603 0 -0.0318603
106.979 -0.0172381 -0.000533706 -0.0318564 0 -0.0318564
107 -0.0172501 -0.000523523 -0.0318554 0 -0.0318554
107.021 -0.0172651 -0.000516323 -0.0318508 0 -0.0318508
107.042 -0.0172819 -0.000505903 -0.0318477 0 -0.0318477
107.062 -0.0172976 -0.000492592 -0.0318436 0 -0.0318436
107.083 -0.0173174 -0.000483072 -0.0318375 0 -0.0318375
107.104 -0.0173381 -0.00047783 -0.031832 0 -0.031832
107.125 -0.0173591 -0.000465228 -0.0318241 0 -0.0318241
107.146 -0.0173819 -0.0004551 -0.0318196 0 -0.0318196
107.167 -0.0174087 -0.000450199 -0.0318081 0 -0.0318081
107.187 -0.0174361 -0.000442547 -0.0318034 0 -0.0318034
107.208 -0.0174671 -0.000436882 -0.0317963 0 -0.0317963
107.229 -0.0174983 -0.000433677 -0.0317921 0 -0.0317921
107.25 -0.0175303 -0.000428842 -0.0317898 0 -0.0317898
107.271 -0.0175614 -0.000429597 -0.031786 0 -0.031786
107.292 -0.0175951 -0.000428622 -0.0317819 0 -0.0317819
107.312 -0.0176292 -0.000426096 -0.0317738 0 -0.0317738
107.333 -0.0176616 -0.000421707 -0.0317663 0 -0.0317663
107.354 -0.0176969 -0.000414768 -0.0317629 0 -0.0317629
107.375 -0.0177346 -0.000409288 -0.0317588 0 -0.0317588
107.396 -0.0177751 -0.000406607 -0.0317533 0 -0.0317533
107.417 -0.0178169 -0.000403007 -0.0317493 0 -0.0317493
107.437 -0.017866 -0.000397789 -0.0317458 0 -0.0317458
107.458 -0.0179173 -0.000399083 -0.0317439 0 -0.0317439
107.479 -0.0179639 -0.000397994 -0.0317373 0 -0.0317373
107.5 -0.018009 -0.000402569 -0.0317317 0 -0.0317317
107.521 -0.0180527 -0.000405774 -0.0317217 0 -0.0317217
107.542 -0.0180933 -0.000404937 -0.031717 0 -0.031717
107.562 -0.0181343 -0.000408724 -0.0317074 0 -0.0317074
107.583 -0.018181 -0.000411666 -0.0316927 0 -0.0316927
107.604 -0.0182316 -0.000406496 -0.0316819 0 -0.0316819
107.625 -0.0182793 -0.000401659 -0.0316681 0 -0.0316681
107.646 -0.0183273 -0.000397618 -0.0316539 0 -0.0316539
107.667 -0.0183725 -0.000399817 -0.0316357 0 -0.0316357
107.687 -0.0184121 -0.000396653 -0.0316187 0 -0.0316187
107.708 -0.0184556 -0.000392742 -0.0316037 0 -0.0316037
107.729 -0.0184996 -0.000391351 -0.0315882 0 -0.0315882
107.75 -0.0185441 -0.000389125 -0.031571 0 -0.031571
107.771 -0.0185844 -0.000389037 -0.0315543 0 -0.0315543
107.792 -0.018622 -0.000391314 -0.0315377 0 -0.0315377
107.812 -0.0186595 -0.000392675 -0.03152 0 -0.03152
107.833 -0.0186987 -0.000398028 -0.0315066 0 -0.0315066
107.854 -0.0187362 -0.000401586 -0.0314919 0 -0.0314919
107.875 -0.0187744 -0.000404671 -0.0314786 0 -0.0314786
107.896 -0.0188172 -0.000405113 -0.0314653 0 -0.0314653
107.917 -0.0188606 -0.000405501 -0.0314495 0 -0.0314495
107.938 -0.0188977 -0.000402657 -0.0314386 0 -0.0314386
107.958 -0.0189386 -0.000409264 -0.0314246 0 -0.0314246
107.979 -0.0189806 -0.000415567 -0.0314042 0 -0.0314042
108 -0.0190221 -0.00041851 -0.0313827 0 -0.0313827
108.021 -0.0190628 -0.000424402 -0.0313643 0 -0.0313643
108.042 -0.0191003 -0.000429873 -0.031347 0 -0.031347
108.062 -0.0191416 -0.000431785 -0.0313292 0 -0.0313292
108.083 -0.0191777 -0.000432232 -0.0313072 0 -0.0313072
108.104 -0.0192125 -0.000436934 -0.0312873 0 -0.0312873
108.125 -0.0192483 -0.000439835 -0.031268 0 -0.031268
108.146 -0.0192799 -0.000440264 -0.0312494 0 -0.0312494
108.167 -0.0193035 -0.000441413 -0.0312245 0 -0.0312245
108.187 -0.0193265 -0.00044025 -0.0311989 0 -0.0311989
108.208 -0.0193473 -0.000435374 -0.0311721 0 -0.0311721
108.229 -0.0193677 -0.000432138 -0.0311437 0 -0.0311437
108.25 -0.0193857 -0.000421821 -0.0311187 0 -0.0311187
108.271 -0.0194041 -0.000409208 -0.0310916 0 -0.0310916
108.292 -0.0194192 -0.000396362 -0.0310586 0 -0.0310586
108.312 -0.0194324 -0.000376731 -0.0310249 0 -0.0310249
108.333 -0.0194408 -0.000359552 -0.0309937 0 -0.0309937
108.354 -0.0194475 -0.000340698 -0.0309638 0 -0.0309638
108.375 -0.0194525 -0.000322544 -0.0309328 0 -0.0309328
108.396 -0.0194584 -0.000301543 -0.0308999 0 -0.0308999
108.417 -0.0194583 -0.000279209 -0.0308693 0 -0.0308693
108.437 -0.0194552 -0.000252217 -0.0308395 0 -0.0308395
108.458 -0.0194534 -0.000226634 -0.0308071 0 -0.0308071
108.479 -0.0194479 -0.000199985 -0.0307806 0 -0.0307806
108.5 -0.0194463 -0.000165134 -0.0307528 0 -0.0307528
108.521 -0.0194441 -0.000132183 -0.0307213 0 -0.0307213
108.543 -0.019443 -9.11534e-05 -0.0306866 0 -0.0306866
108.564 -0.019436 -5.25567e-05 -0.0306566 0 -0.0306566
108.586 -0.019428 -1.23024e-05 -0.0306255 0 -0.0306255
108.608 -0.0194171 2.4085e-05 -0.0305946 0 -0.0305946
108.63 -0.0194072 6.05641e-05 -0.0305645 0 -0.0305645
108.652 -0.0193936 9.90604e-05 -0.0305404 0 -0.0305404
108.673 -0.0193739 0.000137584 -0.030517 0 -0.030517
108.695 -0.0193534 0.000180047 -0.0304987 0 -0.0304987
108.717 -0.0193338 0.000224005 -0.0304737 0 -0.0304737
108.739 -0.0193188 0.000265713 -0.0304484 0 -0.0304484
108.76 -0.0193029 0.000311368 -0.0304194 0 -0.0304194
108.782 -0.0192931 0.00035665 -0.0303858 0 -0.0303858
108.804 -0.0192789 0.000400147 -0.030348 0 -0.030348
108.826 -0.0192622 0.000442747 -0.0303141 0 -0.0303141
108.848 -0.0192459 0.000486721 -0.0302829 0 -0.0302829
108.869 -0.0192311 0.000529392 -0.0302565 0 -0.0302565
108.891 -0.0192102 0.000565712 -0.0302255 0 -0.0302255
108.913 -0.0191877 0.00060288 -0.0301851 0 -0.0301851
108.935 -0.0191659 0.000636362 -0.0301487 0 -0.0301487
108.956 -0.0191387 0.000668533 -0.030112 0 -0.030112
108.978 -0.0191117 0.000702716 -0.0300755 0 -0.0300755
109 -0.0190825 0.00073579 -0.0300328 0 -0.0300328
109.022 -0.0190458 0.000771961 -0.0299948 0 -0.0299948
109.043 -0.0190112 0.00080049 -0.0299599 0 -0.0299599
109.065 -0.0189742 0.000830824 -0.0299251 0 -0.0299251
109.086 -0.0189366 0.000851998 -0.0298909 0 -0.0298909
109.107 -0.0189061 0.000876696 -0.0298569 0 -0.0298569
109.129 -0.0188786 0.000900889 -0.0298188 0 -0.0298188
109.15 -0.0188489 0.000924498 -0.0297798 0 -0.0297798
109.171 -0.0188207 0.000944983 -0.0297395 0 -0.0297395
109.192 -0.0187927 0.000961886 -0.0296914 0 -0.0296914
109.214 -0.018768 0.000978107 -0.0296467 0 -0.0296467
109.235 -0.0187448 0.000995813 -0.0296059 0 -0.0296059
109.256 -0.0187162 0.00101021 -0.0295667 0 -0.0295667
109.277 -0.0186837 0.00101944 -0.0295272 0 -0.0295272
109.299 -0.0186493 0.0010254 -0.0294802 0 -0.0294802
109.32 -0.0186156 0.00102448 -0.0294345 0 -0.0294345
109.341 -0.0185841 0.00102415 -0.029388 0 -0.029388
109.362 -0.0185552 0.00102001 -0.0293427 0 -0.0293427
109.384 -0.0185253 0.0010136 -0.0292961 0 -0.0292961
109.405 -0.0184935 0.00100888 -0.0292491 0 -0.0292491
109.426 -0.0184628 0.00100339 -0.029204 0 -0.029204
109.447 -0.0184263 0.00099825 -0.0291643 0 -0.0291643
109.469 -0.0183911 0.000991339 -0.0291224 0 -0.0291224
109.49 -0.0183523 0.000984097 -0.0290802 0 -0.0290802
109.511 -0.0183161 0.00097988 -0.0290323 0 -0.0290323
109.532 -0.0182801 0.00097531 -0.0289833 0 -0.0289833
109.554 -0.0182458 0.000973344 -0.0289321 0 -0.0289321
109.575 -0.0182061 0.000968856 -0.0288789 0 -0.0288789
109.596 -0.0181664 0.000964806 -0.0288231 0 -0.0288231
109.617 -0.0181218 0.000961734 -0.0287632 0 -0.0287632
109.639 -0.0180838 0.000956435 -0.0287073 0 -0.0287073
109.66 -0.0180421 0.000943575 -0.0286512 0 -0.0286512
109.68 -0.0180065 0.000929892 -0.0286002 0 -0.0286002
109.7 -0.0179742 0.000919108 -0.0285467 0 -0.0285467
109.72 -0.0179354 0.000909789 -0.0284945 0 -0.0284945
109.74 -0.0178999 0.000897466 -0.0284449 0 -0.0284449
109.76 -0.017864 0.000887343 -0.0283968 0 -0.0283968
109.78 -0.0178265 0.000878494 -0.0283531 0 -0.0283531
109.8 -0.0177827 0.000868811 -0.0283094 0 -0.0283094
109.82 -0.0177383 0.000856574 -0.0282652 0 -0.0282652
109.84 -0.017693 0.000845079 -0.0282211 0 -0.0282211
109.86 -0.0176474 0.000827873 -0.028176 0 -0.028176
109.88 -0.0176053 0.000811598 -0.0281297 0 -0.0281297
109.9 -0.01756 0.000791725 -0.0280843 0 -0.0280843
109.92 -0.0175188 0.000769953 -0.0280392 0 -0.0280392
109.94 -0.0174784 0.000746459 -0.0279892 0 -0.0279892
109.96 -0.0174371 0.000720294 -0.0279433 0 -0.0279433
109.98 -0.0173979 0.000696126 -0.0278953 0 -0.0278953
110 -0.0173553 0.000671804 -0.0278485 0 -0.0278485
110.021 -0.0173137 0.000643376 -0.0278017 0 -0.0278017
110.042 -0.0172737 0.000613513 -0.0277576 0 -0.0277576
110.062 -0.0172394 0.000583092 -0.027717 0 -0.027717
110.083 -0.0172056 0.000556235 -0.0276804 0 -0.0276804
110.104 -0.0171729 0.00053241 -0.027638 0 -0.027638
110.125 -0.0171356 0.000503852 -0.0275983 0 -0.0275983
110.145 -0.0170987 0.00047483 -0.0275615 0 -0.0275615
110.165 -0.017065 0.000447999 -0.0275325 0 -0.0275325
110.186 -0.0170297 0.000425688 -0.0275026 0 -0.0275026
110.206 -0.0169934 0.000401647 -0.027472 0 -0.027472
110.226 -0.0169569 0.000377846 -0.0274386 0 -0.0274386
110.247 -0.0169174 0.000358309 -0.0274036 0 -0.0274036
110.267 -0.0168788 0.000338771 -0.0273698 0 -0.0273698
110.287 -0.016845 0.000319905 -0.0273398 0 -0.0273398
110.308 -0.0168124 0.000306054 -0.027309 0 -0.027309
110.328 -0.0167799 0.000288285 -0.0272721 0 -0.0272721
110.348 -0.0167463 0.00027253 -0.0272346 0 -0.0272346
110.369 -0.0167055 0.000251394 -0.0271943 0 -0.0271943
110.389 -0.0166664 0.000230603 -0.0271591 0 -0.0271591
110.41 -0.0166269 0.000208183 -0.0271261 0 -0.0271261
110.43 -0.0165889 0.000187834 -0.0270931 0 -0.0270931
110.45 -0.0165531 0.000167656 -0.0270637 0 -0.0270637
110.471 -0.0165218 0.000147821 -0.0270312 0 -0.0270312
110.491 -0.0164901 0.000126225 -0.0269959 0 -0.0269959
110.511 -0.0164537 0.000106985 -0.0269627 0 -0.0269627
110.531 -0.0164162 8.69801e-05 -0.0269313 0 -0.0269313
110.55 -0.0163838 6.31682e-05 -0.0268969 0 -0.0268969
110.57 -0.0163474 4.58114e-05 -0.0268655 0 -0.0268655
110.59 -0.0163108 2.81372e-05 -0.0268372 0 -0.0268372
110.609 -0.0162717 9.90775e-06 -0.0268101 0 -0.0268101
110.629 -0.0162384 -7.7121e-06 -0.0267811 0 -0.0267811
110.648 -0.0162067 -2.5322e-05 -0.0267589 0 -0.0267589
110.668 -0.0161749 -4.04332e-05 -0.0267332 0 -0.0267332
110.687 -0.0161424 -5.76198e-05 -0.0267103 0 -0.0267103
110.707 -0.0161117 -7.32237e-05 -0.0266859 0 -0.0266859
110.726 -0.0160804 -8.85728e-05 -0.0266581 0 -0.0266581
110.746 -0.01605 -9.92516e-05 -0.0266303 0 -0.0266303
110.765 -0.0160186 -0.000116548 -0.0266041 0 -0.0266041
110.785 -0.0159836 -0.000134652 -0.0265762 0 -0.0265762
110.805 -0.0159552 -0.000154912 -0.0265486 0 -0.0265486
110.824 -0.0159228 -0.000178287 -0.0265219 0 -0.0265219
110.844 -0.0158931 -0.000201029 -0.0264932 0 -0.0264932
110.863 -0.015863 -0.000223637 -0.0264681 0 -0.0264681
110.883 -0.0158327 -0.000242414 -0.0264415 0 -0.0264415
110.902 -0.0158061 -0.000267169 -0.0264107 0 -0.0264107
110.922 -0.0157781 -0.000293209 -0.0263814 0 -0.0263814
110.941 -0.0157544 -0.000317851 -0.0263507 0 -0.0263507
110.961 -0.0157289 -0.000344706 -0.0263267 0 -0.0263267
110.98 -0.0157057 -0.000369736 -0.0263023 0 -0.0263023
111 -0.0156838 -0.000396656 -0.0262773 0 -0.0262773
111.02 -0.0156564 -0.000422912 -0.0262503 0 -0.0262503
111.041 -0.0156346 -0.000450439 -0.0262228 0 -0.0262228
111.061 -0.0156106 -0.000481325 -0.0261985 0 -0.0261985
111.082 -0.0155908 -0.000512113 -0.0261743 0 -0.0261743
111.102 -0.0155718 -0.000543477 -0.0261548 0 -0.0261548
111.122 -0.0155475 -0.000572252 -0.0261393 0 -0.0261393
111.143 -0.0155184 -0.000596981 -0.0261249 0 -0.0261249
111.163 -0.0154946 -0.000624755 -0.0261127 0 -0.0261127
111.183 -0.0154744 -0.00065834 -0.0260959 0 -0.0260959
111.203 -0.0154558 -0.000690074 -0.0260805 0 -0.0260805
111.223 -0.0154393 -0.000721548 -0.0260613 0 -0.0260613
111.243 -0.0154257 -0.000753429 -0.0260437 0 -0.0260437
111.263 -0.0154175 -0.000783754 -0.0260253 0 -0.0260253
111.283 -0.0154109 -0.000809505 -0.0260034 0 -0.0260034
111.303 -0.0154069 -0.000841329 -0.0259815 0 -0.0259815
111.322 -0.0154011 -0.000873063 -0.0259599 0 -0.0259599
111.341 -0.0153951 -0.000902517 -0.0259394 0 -0.0259394
111.361 -0.0153929 -0.000926936 -0.0259226 0 -0.0259226
111.38 -0.0153885 -0.000945379 -0.0259064 0 -0.0259064
111.4 -0.0153808 -0.000962729 -0.0258891 0 -0.0258891
111.419 -0.0153753 -0.00097972 -0.0258688 0 -0.0258688
111.438 -0.0153683 -0.000994273 -0.0258493 0 -0.0258493
111.458 -0.015361 -0.00100761 -0.0258303 0 -0.0258303
111.477 -0.0153539 -0.00101621 -0.0258124 0 -0.0258124
111.496 -0.0153453 -0.0010292 -0.0257938 0 -0.0257938
111.515 -0.0153395 -0.00104063 -0.025778 0 -0.025778
111.534 -0.0153361 -0.00104929 -0.0257614 0 -0.0257614
111.552 -0.0153318 -0.00105647 -0.0257476 0 -0.0257476
111.571 -0.0153294 -0.00106138 -0.0257344 0 -0.0257344
111.59 -0.0153289 -0.00106705 -0.0257236 0 -0.0257236
111.608 -0.0153263 -0.00107497 -0.0257082 0 -0.0257082
111.627 -0.0153259 -0.00108105 -0.025692 0 -0.025692
111.646 -0.0153246 -0.00108422 -0.0256748 0 -0.0256748
111.664 -0.0153214 -0.00108665 -0.025655 0 -0.025655
111.683 -0.0153207 -0.00109069 -0.0256338 0 -0.0256338
111.702 -0.0153231 -0.00109422 -0.0256119 0 -0.0256119
111.72 -0.0153211 -0.00109697 -0.0255918 0 -0.0255918
111.739 -0.0153196 -0.00109693 -0.0255715 0 -0.0255715
111.758 -0.0153145 -0.00109292 -0.025548 0 -0.025548
111.776 -0.0153129 -0.00108656 -0.025522 0 -0.025522
111.795 -0.0153124 -0.00108025 -0.0254939 0 -0.0254939
111.813 -0.0153124 -0.00107244 -0.0254671 0 -0.0254671
111.832 -0.0153181 -0.00106482 -0.0254438 0 -0.0254438
111.851 -0.015321 -0.00105526 -0.0254179 0 -0.0254179
111.869 -0.0153213 -0.0010406 -0.0253956 0 -0.0253956
111.888 -0.0153277 -0.00102256 -0.0253691 0 -0.0253691
111.907 -0.0153326 -0.0010064 -0.0253455 0 -0.0253455
111.925 -0.01534 -0.00098828 -0.0253248 0 -0.0253248
111.944 -0.0153427 -0.000970078 -0.0253026 0 -0.0253026
111.963 -0.015348 -0.000948809 -0.025287 0 -0.025287
111.981 -0.0153566 -0.000927347 -0.0252723 0 -0.0252723
112 -0.0153646 -0.000902194 -0.0252592 0 -0.0252592
112.019 -0.0153742 -0.000877281 -0.0252492 0 -0.0252492
112.038 -0.0153875 -0.000852896 -0.0252375 0 -0.0252375
112.057 -0.0153934 -0.000831946 -0.0252277 0 -0.0252277
112.075 -0.0154012 -0.000808884 -0.0252174 0 -0.0252174
112.094 -0.0154117 -0.000785562 -0.0252058 0 -0.0252058
112.113 -0.0154218 -0.000762475 -0.0251925 0 -0.0251925
112.132 -0.015433 -0.00073967 -0.0251795 0 -0.0251795
112.151 -0.0154414 -0.000715312 -0.0251714 0 -0.0251714
112.17 -0.0154492 -0.00069035 -0.0251624 0 -0.0251624
112.189 -0.0154532 -0.000663666 -0.0251523 0 -0.0251523
112.208 -0.0154544 -0.000636626 -0.0251426 0 -0.0251426
112.226 -0.0154551 -0.00061532 -0.0251313 0 -0.0251313
112.245 -0.0154524 -0.000591314 -0.0251182 0 -0.0251182
112.264 -0.0154511 -0.000566463 -0.0251032 0 -0.0251032
112.283 -0.0154511 -0.000539879 -0.0250955 0 -0.0250955
112.302 -0.0154503 -0.000507149 -0.0250878 0 -0.0250878
112.321 -0.0154498 -0.000473967 -0.0250808 0 -0.0250808
112.34 -0.0154487 -0.000439903 -0.0250719 0 -0.0250719
112.36 -0.0154473 -0.000401516 -0.0250635 0 -0.0250635
112.379 -0.0154507 -0.000364741 -0.0250505 0 -0.0250505
112.398 -0.0154589 -0.000324673 -0.0250382 0 -0.0250382
112.418 -0.0154668 -0.000283682 -0.0250255 0 -0.0250255
112.437 -0.0154749 -0.000240634 -0.0250116 0 -0.0250116
112.457 -0.0154802 -0.000201607 -0.0249938 0 -0.0249938
112.476 -0.015488 -0.000158856 -0.0249739 0 -0.0249739
112.495 -0.0154948 -0.000117679 -0.0249556 0 -0.0249556
112.515 -0.0154994 -7.70899e-05 -0.0249373 0 -0.0249373
112.534 -0.0155068 -3.33141e-05 -0.0249176 0 -0.0249176
112.554 -0.0155135 8.66943e-06 -0.0248865 0 -0.0248865
112.573 -0.0155192 5.03145e-05 -0.0248612 0 -0.0248612
112.592 -0.0155273 9.40396e-05 -0.0248386 0 -0.0248386
112.612 -0.0155336 0.000135943 -0.0248178 0 -0.0248178
112.631 -0.0155375 0.000177404 -0.0247934 0 -0.0247934
112.651 -0.0155427 0.000221548 -0.0247656 0 -0.0247656
112.67 -0.0155484 0.000265927 -0.0247455 0 -0.0247455
112.689 -0.0155534 0.000309469 -0.0247231 0 -0.0247231
112.709 -0.0155594 0.00035549 -0.024701 0 -0.024701
112.728 -0.0155589 0.00040504 -0.0246759 0 -0.0246759
112.748 -0.0155611 0.00045113 -0.0246465 0 -0.0246465
112.767 -0.0155633 0.000498285 -0.0246171 0 -0.0246171
112.787 -0.0155706 0.000543804 -0.0245854 0 -0.0245854
112.806 -0.0155779 0.000583965 -0.0245525 0 -0.0245525
112.825 -0.0155866 0.000627469 -0.0245224 0 -0.0245224
112.845 -0.0155974 0.000666535 -0.024499 0 -0.024499
112.864 -0.0156119 0.0007059 -0.0244741 0 -0.0244741
112.884 -0.0156204 0.000745223 -0.0244526 0 -0.0244526
112.903 -0.0156317 0.000784727 -0.0244277 0 -0.0244277
112.922 -0.0156464 0.000825528 -0.024405 0 -0.024405
112.942 -0.0156571 0.000868909 -0.0243817 0 -0.0243817
112.961 -0.0156675 0.000905328 -0.0243583 0 -0.0243583
112.981 -0.0156811 0.000940933 -0.0243351 0 -0.0243351
113 -0.0156968 0.000978394 -0.0243144 0 -0.0243144
113.02 -0.0157188 0.00102417 -0.0242915 0 -0.0242915
113.041 -0.0157399 0.00107254 -0.0242693 0 -0.0242693
113.061 -0.0157612 0.001119 -0.0242427 0 -0.0242427
113.082 -0.0157828 0.00116315 -0.0242171 0 -0.0242171
113.102 -0.0158043 0.00120304 -0.02419 0 -0.02419
113.122 -0.0158258 0.00124019 -0.0241564 0 -0.0241564
113.143 -0.015845 0.00127975 -0.0241273 0 -0.0241273
113.163 -0.0158684 0.00132222 -0.0241004 0 -0.0241004
113.184 -0.0158898 0.00136278 -0.0240672 0 -0.0240672
113.204 -0.0159115 0.00140203 -0.0240327 0 -0.0240327
113.224 -0.0159349 0.00144162 -0.0240015 0 -0.0240015
113.245 -0.0159599 0.0014815 -0.0239665 0 -0.0239665
113.265 -0.0159793 0.00151985 -0.0239291 0 -0.0239291
113.286 -0.0159991 0.0015628 -0.0238952 0 -0.0238952
113.306 -0.0160201 0.00160876 -0.0238607 0 -0.0238607
113.327 -0.0160372 0.00165271 -0.0238229 0 -0.0238229
113.347 -0.0160535 0.00169325 -0.0237874 0 -0.0237874
113.367 -0.0160639 0.00173712 -0.0237414 0 -0.0237414
113.388 -0.0160692 0.00177946 -0.0236971 0 -0.0236971
113.408 -0.0160729 0.00181753 -0.0236455 0 -0.0236455
113.429 -0.01608 0.00185764 -0.0235978 0 -0.0235978
113.449 -0.0160869 0.00189269 -0.023545 0 -0.023545
113.469 -0.0160937 0.00192783 -0.0234962 0 -0.0234962
113.49 -0.0161018 0.00196249 -0.0234486 0 -0.0234486
113.51 -0.016111 0.00199332 -0.0234036 0 -0.0234036
113.531 -0.0161114 0.00202542 -0.0233599 0 -0.0233599
113.551 -0.0161055 0.00205425 -0.0233138 0 -0.0233138
113.571 -0.0161021 0.00208135 -0.0232699 0 -0.0232699
113.592 -0.0160977 0.00210549 -0.0232251 0 -0.0232251
113.612 -0.0160877 0.00212946 -0.0231787 0 -0.0231787
113.633 -0.0160785 0.00214897 -0.0231332 0 -0.0231332
113.653 -0.0160668 0.00216401 -0.0230878 0 -0.0230878
113.673 -0.0160533 0.00218099 -0.0230406 0 -0.0230406
113.694 -0.0160364 0.0021951 -0.0229942 0 -0.0229942
113.714 -0.0160162 0.00221025 -0.0229444 0 -0.0229444
113.735 -0.0159953 0.00222578 -0.0228953 0 -0.0228953
113.755 -0.0159772 0.00223982 -0.0228448 0 -0.0228448
113.776 -0.0159576 0.00225424 -0.0227977 0 -0.0227977
113.796 -0.0159377 0.00227032 -0.022752 0 -0.022752
113.816 -0.015914 0.00228533 -0.0227062 0 -0.0227062
113.837 -0.015891 0.00229609 -0.0226624 0 -0.0226624
113.857 -0.0158664 0.00230368 -0.0226202 0 -0.0226202
113.878 -0.0158448 0.00230745 -0.0225814 0 -0.0225814
113.898 -0.0158242 0.00231025 -0.0225417 0 -0.0225417
113.918 -0.0158059 0.00231705 -0.0225019 0 -0.0225019
113.939 -0.0157892 0.00232336 -0.0224636 0 -0.0224636
113.959 -0.01577 0.00233051 -0.0224224 0 -0.0224224
113.98 -0.0157454 0.00233617 -0.0223818 0 -0.0223818
114 -0.0157229 0.00233456 -0.0223407 0 -0.0223407
114.021 -0.0157037 0.00232778 -0.022303 0 -0.022303
114.042 -0.0156868 0.00232726 -0.0222605 0 -0.0222605
114.062 -0.0156724 0.00232886 -0.0222166 0 -0.0222166
114.083 -0.0156591 0.00232554 -0.0221732 0 -0.0221732
114.104 -0.0156414 0.00232261 -0.0221324 0 -0.0221324
114.125 -0.0156244 0.00232486 -0.0220997 0 -0.0220997
114.146 -0.0156108 0.0023228 -0.0220649 0 -0.0220649
114.167 -0.0155963 0.00231794 -0.0220271 0 -0.0220271
114.187 -0.0155823 0.0023172 -0.0219894 0 -0.0219894
114.208 -0.0155682 0.00231577 -0.0219524 0 -0.0219524
114.229 -0.0155506 0.00231509 -0.0219137 0 -0.0219137
114.25 -0.0155348 0.00231313 -0.0218763 0 -0.0218763
114.271 -0.0155173 0.0023116 -0.0218414 0 -0.0218414
114.292 -0.0154988 0.00231224 -0.0218017 0 -0.0218017
114.312 -0.0154783 0.00231311 -0.0217637 0 -0.0217637
114.333 -0.015458 0.0023147 -0.0217321 0 -0.0217321
114.354 -0.0154405 0.0023188 -0.0217055 0 -0.0217055
114.375 -0.0154242 0.00232065 -0.0216793 0 -0.0216793
114.396 -0.0154101 0.00232337 -0.0216532 0 -0.0216532
114.417 -0.0153969 0.00232375 -0.0216306 0 -0.0216306
114.437 -0.0153826 0.00232476 -0.0216084 0 -0.0216084
114.458 -0.0153672 0.00232911 -0.0215825 0 -0.0215825
114.479 -0.0153515 0.00233519 -0.0215619 0 -0.0215619
114.5 -0.0153386 0.00234079 -0.021541 0 -0.021541
114.521 -0.0153233 0.00234499 -0.021519 0 -0.021519
114.542 -0.0153078 0.00235117 -0.0214981 0 -0.0214981
114.562 -0.0152979 0.00235937 -0.0214777 0 -0.0214777
114.583 -0.0152834 0.00236541 -0.0214594 0 -0.0214594
114.604 -0.0152655 0.00237539 -0.0214446 0 -0.0214446
114.625 -0.0152493 0.00238626 -0.0214262 0 -0.0214262
114.646 -0.0152317 0.00239285 -0.0214056 0 -0.0214056
114.667 -0.0152161 0.00240038 -0.0213816 0 -0.0213816
114.687 -0.0152005 0.00241079 -0.0213575 0 -0.0213575
114.708 -0.0151894 0.00242447 -0.0213395 0 -0.0213395
114.729 -0.0151788 0.00243845 -0.0213212 0 -0.0213212
114.75 -0.0151698 0.00245563 -0.0213026 0 -0.0213026
114.771 -0.0151633 0.00247165 -0.0212843 0 -0.0212843
114.792 -0.0151605 0.00248791 -0.021267 0 -0.021267
114.812 -0.0151571 0.00250526 -0.021251 0 -0.021251
114.833 -0.0151537 0.00251766 -0.0212348 0 -0.0212348
114.854 -0.0151495 0.0025253 -0.0212208 0 -0.0212208
114.875 -0.0151431 0.00253584 -0.0212109 0 -0.0212109
114.896 -0.0151314 0.00254684 -0.0211987 0 -0.0211987
114.917 -0.0151229 0.00255448 -0.0211879 0 -0.0211879
114.938 -0.0151134 0.00256481 -0.0211787 0 -0.0211787
114.958 -0.0151052 0.00257349 -0.0211709 0 -0.0211709
114.979 -0.0150993 0.00257759 -0.0211592 0 -0.0211592
115 -0.0150922 0.00258446 -0.0211484 0 -0.0211484
115.021 -0.0150846 0.00258948 -0.021136 0 -0.021136
115.043 -0.0150803 0.00259332 -0.0211225 0 -0.0211225
115.064 -0.0150785 0.00259642 -0.0211067 0 -0.0211067
115.085 -0.0150786 0.0026057 -0.0210937 0 -0.0210937
115.106 -0.0150772 0.0026101 -0.0210756 0 -0.0210756
115.128 -0.0150802 0.00261376 -0.0210622 0 -0.0210622
115.149 -0.0150822 0.00261603 -0.0210469 0 -0.0210469
115.17 -0.0150873 0.00262004 -0.0210307 0 -0.0210307
115.191 -0.0150906 0.00262421 -0.0210133 0 -0.0210133
115.213 -0.0150921 0.00263014 -0.0209931 0 -0.0209931
115.234 -0.0150965 0.00263369 -0.0209757 0 -0.0209757
115.255 -0.0151007 0.00263759 -0.0209556 0 -0.0209556
115.277 -0.0151025 0.00264174 -0.0209378 0 -0.0209378
115.298 -0.0151091 0.00264691 -0.020923 0 -0.020923
115.319 -0.0151151 0.00265483 -0.0209092 0 -0.0209092
115.34 -0.0151157 0.00266417 -0.0208958 0 -0.0208958
115.36 -0.0151149 0.00266934 -0.020882 0 -0.020882
115.381 -0.0151166 0.0026745 -0.020863 0 -0.020863
115.402 -0.0151183 0.00268114 -0.0208447 0 -0.0208447
115.422 -0.0151198 0.00268761 -0.0208238 0 -0.0208238
115.443 -0.0151187 0.00269555 -0.0208062 0 -0.0208062
115.464 -0.0151171 0.00270261 -0.0207886 0 -0.0207886
115.484 -0.0151147 0.00270795 -0.0207723 0 -0.0207723
115.505 -0.0151144 0.00271293 -0.020759 0 -0.020759
115.525 -0.0151144 0.00272033 -0.0207421 0 -0.0207421
115.546 -0.0151095 0.00272452 -0.0207284 0 -0.0207284
115.567 -0.0151065 0.00272825 -0.0207179 0 -0.0207179
115.587 -0.0151026 0.00273257 -0.0207071 0 -0.0207071
115.608 -0.0151003 0.00273662 -0.0206955 0 -0.0206955
115.629 -0.0151023 0.00274456 -0.0206787 0 -0.0206787
115.649 -0.0151049 0.00275325 -0.0206674 0 -0.0206674
115.67 -0.0151074 0.00275958 -0.0206557 0 -0.0206557
115.691 -0.0151099 0.0027697 -0.0206439 0 -0.0206439
115.711 -0.0151104 0.00277683 -0.0206341 0 -0.0206341
115.732 -0.0151108 0.00278291 -0.0206259 0 -0.0206259
115.752 -0.0151143 0.00279052 -0.020616 0 -0.020616
115.773 -0.0151177 0.00279776 -0.0206145 0 -0.0206145
115.794 -0.0151218 0.00280286 -0.0206097 0 -0.0206097
115.814 -0.0151271 0.00280756 -0.0206082 0 -0.0206082
115.835 -0.0151301 0.00280742 -0.0206099 0 -0.0206099
115.856 -0.015136 0.00280772 -0.0206097 0 -0.0206097
115.876 -0.0151401 0.00280697 -0.0206137 0 -0.0206137
115.897 -0.0151459 0.00281352 -0.0206196 0 -0.0206196
115.917 -0.0151484 0.00281632 -0.0206254 0 -0.0206254
115.938 -0.0151494 0.00281059 -0.0206326 0 -0.0206326
115.959 -0.0151504 0.00280731 -0.0206374 0 -0.0206374
115.979 -0.0151501 0.00280658 -0.0206432 0 -0.0206432
116 -0.0151484 0.00280413 -0.0206514 0 -0.0206514
116.021 -0.0151506 0.00280398 -0.0206561 0 -0.0206561
116.042 -0.0151562 0.00280537 -0.0206685 0 -0.0206685
116.062 -0.015159 0.00280586 -0.0206783 0 -0.0206783
116.083 -0.0151612 0.00280181 -0.0206927 0 -0.0206927
116.105 -0.0151634 0.00279547 -0.0207091 0 -0.0207091
116.126 -0.015166 0.00279395 -0.0207217 0 -0.0207217
116.147 -0.0151665 0.00279804 -0.0207394 0 -0.0207394
116.169 -0.0151621 0.00280537 -0.0207587 0 -0.0207587
116.19 -0.0151551 0.00280955 -0.020777 0 -0.020777
116.211 -0.015152 0.00281295 -0.0207944 0 -0.0207944
116.233 -0.0151465 0.00281083 -0.0208153 0 -0.0208153
116.254 -0.0151373 0.00280905 -0.0208354 0 -0.0208354
116.275 -0.0151344 0.0028094 -0.0208585 0 -0.0208585
116.297 -0.0151273 0.00280751 -0.0208855 0 -0.0208855
116.318 -0.0151184 0.0028049 -0.0209121 0 -0.0209121
116.339 -0.015113 0.00280481 -0.0209368 0 -0.0209368
116.36 -0.0151022 0.00280357 -0.0209596 0 -0.0209596
116.381 -0.015089 0.00280548 -0.0209819 0 -0.0209819
116.402 -0.0150784 0.00280616 -0.0210008 0 -0.0210008
116.422 -0.0150688 0.00280546 -0.021024 0 -0.021024
116.443 -0.0150578 0.00280194 -0.0210431 0 -0.0210431
116.464 -0.015047 0.00280086 -0.0210637 0 -0.0210637
116.484 -0.0150313 0.00280233 -0.0210875 0 -0.0210875
116.505 -0.0150148 0.00280341 -0.0211142 0 -0.0211142
116.526 -0.0149944 0.00280681 -0.0211443 0 -0.0211443
116.546 -0.0149706 0.00280233 -0.0211727 0 -0.0211727
116.567 -0.0149516 0.00279741 -0.0212038 0 -0.0212038
116.587 -0.0149345 0.00279566 -0.0212376 0 -0.0212376
116.608 -0.0149191 0.0027984 -0.0212726 0 -0.0212726
116.628 -0.0149009 0.00279981 -0.0213011 0 -0.0213011
116.647 -0.0148811 0.00280123 -0.0213274 0 -0.0213274
116.667 -0.0148616 0.0028016 -0.0213502 0 -0.0213502
116.686 -0.0148416 0.00280106 -0.0213764 0 -0.0213764
116.706 -0.0148259 0.00279699 -0.0214032 0 -0.0214032
116.726 -0.0148107 0.00279186 -0.0214256 0 -0.0214256
116.745 -0.0147966 0.00278484 -0.0214482 0 -0.0214482
116.765 -0.014781 0.00277772 -0.0214664 0 -0.0214664
116.784 -0.0147693 0.00276903 -0.0214869 0 -0.0214869
116.804 -0.0147583 0.0027607 -0.0215029 0 -0.0215029
116.824 -0.0147467 0.00275258 -0.0215254 0 -0.0215254
116.843 -0.014735 0.00273864 -0.0215473 0 -0.0215473
116.863 -0.0147238 0.00272651 -0.0215649 0 -0.0215649
116.882 -0.0147141 0.00270815 -0.0215844 0 -0.0215844
116.902 -0.0146996 0.00268868 -0.0216021 0 -0.0216021
116.922 -0.0146839 0.00267089 -0.0216216 0 -0.0216216
116.941 -0.0146702 0.00265006 -0.0216399 0 -0.0216399
116.961 -0.0146585 0.00262941 -0.0216609 0 -0.0216609
116.98 -0.0146482 0.00260982 -0.0216807 0 -0.0216807
117 -0.0146387 0.00258502 -0.0217005 0 -0.0217005
117.02 -0.0146252 0.00255893 -0.0217192 0 -0.0217192
117.041 -0.0146137 0.00253675 -0.021735 0 -0.021735
117.061 -0.0146051 0.00251076 -0.0217468 0 -0.0217468
117.082 -0.0145974 0.00248429 -0.0217665 0 -0.0217665
117.102 -0.0145868 0.00245848 -0.0217856 0 -0.0217856
117.122 -0.014577 0.0024344 -0.0218062 0 -0.0218062
117.143 -0.0145693 0.00241399 -0.0218264 0 -0.0218264
117.163 -0.0145576 0.00239737 -0.0218432 0 -0.0218432
117.184 -0.0145474 0.00238259 -0.0218551 0 -0.0218551
117.204 -0.0145374 0.00237136 -0.0218672 0 -0.0218672
117.224 -0.0145243 0.00236045 -0.0218849 0 -0.0218849
117.245 -0.014512 0.00235007 -0.0219009 0 -0.0219009
117.265 -0.014502 0.00233974 -0.0219096 0 -0.0219096
117.286 -0.014494 0.00233088 -0.0219157 0 -0.0219157
117.306 -0.014491 0.00232473 -0.0219232 0 -0.0219232
117.327 -0.0144876 0.00231966 -0.0219313 0 -0.0219313
117.348 -0.014479 0.00231701 -0.0219338 0 -0.0219338
117.369 -0.0144709 0.00231405 -0.0219371 0 -0.0219371
117.39 -0.0144601 0.00231097 -0.0219437 0 -0.0219437
117.411 -0.0144462 0.00230509 -0.0219547 0 -0.0219547
117.432 -0.0144347 0.00230489 -0.0219632 0 -0.0219632
117.453 -0.0144227 0.00230288 -0.0219749 0 -0.0219749
117.474 -0.0144093 0.00230151 -0.0219815 0 -0.0219815
117.495 -0.014398 0.00230234 -0.0219908 0 -0.0219908
117.516 -0.0143799 0.00230403 -0.0219971 0 -0.0219971
117.537 -0.0143656 0.00230505 -0.0219998 0 -0.0219998
117.558 -0.0143567 0.0023079 -0.0219983 0 -0.0219983
117.579 -0.014349 0.00230976 -0.0219986 0 -0.0219986
117.6 -0.0143406 0.00231508 -0.0219966 0 -0.0219966
117.621 -0.0143302 0.00231578 -0.0219967 0 -0.0219967
117.642 -0.0143194 0.00231567 -0.0219963 0 -0.0219963
117.663 -0.0143083 0.00231006 -0.0219958 0 -0.0219958
117.684 -0.0142977 0.00230764 -0.0219936 0 -0.0219936
117.705 -0.0142848 0.00230744 -0.0219887 0 -0.0219887
117.726 -0.0142677 0.00230837 -0.0219836 0 -0.0219836
117.747 -0.0142462 0.0023074 -0.0219795 0 -0.0219795
117.768 -0.0142258 0.00230525 -0.0219753 0 -0.0219753
117.79 -0.0142116 0.00230228 -0.0219734 0 -0.0219734
117.811 -0.0141969 0.00229785 -0.0219694 0 -0.0219694
117.832 -0.0141828 0.00229409 -0.0219615 0 -0.0219615
117.853 -0.0141678 0.00228927 -0.0219511 0 -0.0219511
117.874 -0.0141525 0.00228705 -0.0219421 0 -0.0219421
117.895 -0.0141428 0.00228455 -0.0219315 0 -0.0219315
117.916 -0.0141297 0.00228232 -0.0219215 0 -0.0219215
117.937 -0.014116 0.00227306 -0.0219101 0 -0.0219101
117.958 -0.0141053 0.00226579 -0.0218989 0 -0.0218989
117.979 -0.0140922 0.00226307 -0.0218899 0 -0.0218899
118 -0.0140837 0.00225806 -0.0218822 0 -0.0218822
118.021 -0.0140746 0.00225319 -0.0218728 0 -0.0218728
118.043 -0.0140629 0.00224155 -0.0218647 0 -0.0218647
118.064 -0.014051 0.00223196 -0.0218494 0 -0.0218494
118.085 -0.014035 0.00222298 -0.0218347 0 -0.0218347
118.106 -0.0140211 0.00221892 -0.0218159 0 -0.0218159
118.128 -0.0140134 0.00221666 -0.0217956 0 -0.0217956
118.149 -0.0140045 0.00221741 -0.0217762 0 -0.0217762
118.17 -0.0139905 0.00221518 -0.0217567 0 -0.0217567
118.191 -0.0139767 0.00221114 -0.0217351 0 -0.0217351
118.213 -0.0139719 0.00220487 -0.0217135 0 -0.0217135
118.234 -0.0139639 0.00219588 -0.0216938 0 -0.0216938
118.255 -0.0139573 0.00218473 -0.0216708 0 -0.0216708
118.277 -0.013953 0.00218085 -0.021649 0 -0.021649
118.298 -0.0139439 0.00218076 -0.0216262 0 -0.0216262
118.319 -0.0139395 0.00217946 -0.0216082 0 -0.0216082
118.34 -0.0139375 0.0021762 -0.0215922 0 -0.0215922
118.362 -0.0139322 0.00217283 -0.0215746 0 -0.0215746
118.383 -0.0139284 0.00216857 -0.0215552 0 -0.0215552
118.404 -0.0139249 0.00216383 -0.0215355 0 -0.0215355
118.426 -0.0139245 0.00215281 -0.0215131 0 -0.0215131
118.447 -0.0139233 0.00214779 -0.0214892 0 -0.0214892
118.468 -0.0139226 0.00214181 -0.0214604 0 -0.0214604
118.489 -0.0139194 0.00213733 -0.0214303 0 -0.0214303
118.511 -0.0139159 0.00213186 -0.0214031 0 -0.0214031
118.532 -0.0139117 0.00212772 -0.0213778 0 -0.0213778
118.553 -0.0139102 0.00212305 -0.0213493 0 -0.0213493
118.574 -0.0139108 0.00211938 -0.0213211 0 -0.0213211
118.596 -0.0139134 0.00211167 -0.021295 0 -0.021295
118.617 -0.0139155 0.00210536 -0.0212626 0 -0.0212626
118.638 -0.0139187 0.00210065 -0.0212312 0 -0.0212312
118.66 -0.0139184 0.0020915 -0.0211996 0 -0.0211996
118.681 -0.0139165 0.00208513 -0.0211675 0 -0.0211675
118.702 -0.013911 0.00208073 -0.0211367 0 -0.0211367
118.723 -0.0139075 0.00207183 -0.0211012 0 -0.0211012
118.745 -0.0139032 0.002063 -0.0210644 0 -0.0210644
118.766 -0.0139008 0.00205115 -0.0210217 0 -0.0210217
118.787 -0.0139012 0.00204339 -0.020981 0 -0.020981
118.809 -0.0139003 0.00203479 -0.0209404 0 -0.0209404
118.83 -0.0139026 0.00202265 -0.0209033 0 -0.0209033
118.851 -0.013903 0.00201017 -0.0208654 0 -0.0208654
118.872 -0.0138995 0.00199772 -0.0208331 0 -0.0208331
118.894 -0.0139049 0.00198321 -0.0208009 0 -0.0208009
118.915 -0.013908 0.00196632 -0.0207687 0 -0.0207687
118.936 -0.0139098 0.0019534 -0.0207379 0 -0.0207379
118.957 -0.0139103 0.00193482 -0.0207056 0 -0.0207056
118.979 -0.0139136 0.00191819 -0.0206717 0 -0.0206717
119 -0.0139172 0.00189599 -0.0206365 0 -0.0206365
119.023 -0.0139278 0.0018767 -0.0206022 0 -0.0206022
119.045 -0.0139386 0.00185768 -0.0205641 0 -0.0205641
119.068 -0.0139473 0.00184141 -0.0205238 0 -0.0205238
119.091 -0.0139548 0.00182138 -0.0204814 0 -0.0204814
119.114 -0.0139652 0.00179686 -0.0204361 0 -0.0204361
119.138 -0.0139784 0.00176857 -0.0203988 0 -0.0203988
119.161 -0.0139884 0.00174611 -0.0203601 0 -0.0203601
119.184 -0.013996 0.00172172 -0.0203212 0 -0.0203212
119.207 -0.0140069 0.0016992 -0.0202802 0 -0.0202802
119.231 -0.0140176 0.00167251 -0.0202429 0 -0.0202429
119.254 -0.0140325 0.00164613 -0.0202063 0 -0.0202063
119.277 -0.0140503 0.00161268 -0.0201725 0 -0.0201725
119.301 -0.0140695 0.00157814 -0.0201345 0 -0.0201345
119.324 -0.0140905 0.00154009 -0.0200994 0 -0.0200994
119.347 -0.0141095 0.00150798 -0.0200611 0 -0.0200611
119.371 -0.0141256 0.00147787 -0.0200337 0 -0.0200337
119.394 -0.0141423 0.00144316 -0.0200052 0 -0.0200052
119.417 -0.0141598 0.00141284 -0.019976 0 -0.019976
119.44 -0.0141826 0.00138489 -0.019948 0 -0.019948
119.462 -0.0142023 0.00135871 -0.019917 0 -0.019917
119.484 -0.0142259 0.00132775 -0.0198852 0 -0.0198852
119.507 -0.0142522 0.00129449 -0.0198588 0 -0.0198588
119.529 -0.0142772 0.00126016 -0.0198381 0 -0.0198381
119.552 -0.0143034 0.00123226 -0.019815 0 -0.019815
119.574 -0.0143275 0.00120544 -0.0197908 0 -0.0197908
119.597 -0.0143465 0.00117894 -0.0197673 0 -0.0197673
119.619 -0.0143652 0.00115298 -0.0197454 0 -0.0197454
119.641 -0.0143824 0.00112956 -0.0197249 0 -0.0197249
119.664 -0.0143983 0.00110412 -0.0197013 0 -0.0197013
119.686 -0.0144179 0.00107806 -0.0196768 0 -0.0196768
119.709 -0.0144355 0.00105149 -0.0196567 0 -0.0196567
119.731 -0.0144531 0.0010242 -0.0196376 0 -0.0196376
119.753 -0.0144756 0.000993004 -0.019615 0 -0.019615
119.776 -0.0144955 0.000962686 -0.0195993 0 -0.0195993
119.798 -0.0145192 0.000930974 -0.0195795 0 -0.0195795
119.821 -0.0145464 0.000899514 -0.0195622 0 -0.0195622
119.843 -0.014571 0.000869026 -0.0195435 0 -0.0195435
119.866 -0.0145921 0.000841121 -0.0195258 0 -0.0195258
119.888 -0.0146093 0.00081057 -0.0195096 0 -0.0195096
119.91 -0.0146276 0.000774998 -0.019491 0 -0.019491
119.933 -0.0146426 0.000740961 -0.0194735 0 -0.0194735
119.95 -0.0146554 0.000716181 -0.0194616 0 -0.0194616
119.966 -0.0146715 0.000690972 -0.0194541 0 -0.0194541
119.983 -0.0146883 0.000664153 -0.0194487 0 -0.0194487
120 -0.0147041 0.000637621 -0.0194443 0 -0.0194443
120.022 -0.0147291 0.000606253 -0.019438 0 -0.019438
120.043 -0.0147561 0.000579361 -0.0194263 0 -0.0194263
120.064 -0.0147822 0.000551617 -0.0194212 0 -0.0194212
120.086 -0.0148055 0.000522955 -0.0194147 0 -0.0194147
120.107 -0.0148248 0.000494358 -0.0194113 0 -0.0194113
120.128 -0.0148475 0.000471165 -0.0194041 0 -0.0194041
120.148 -0.0148747 0.000449388 -0.0193977 0 -0.0193977
120.169 -0.014902 0.000427923 -0.0193974 0 -0.0193974
120.19 -0.0149237 0.000406446 -0.0193974 0 -0.0193974
120.211 -0.0149544 0.000379504 -0.0193978 0 -0.0193978
120.231 -0.0149828 0.000349767 -0.0193988 0 -0.0193988
120.251 -0.0150128 0.000322171 -0.0193988 0 -0.0193988
120.271 -0.0150407 0.000297226 -0.0194008 0 -0.0194008
120.292 -0.0150676 0.000272936 -0.0193988 0 -0.0193988
120.312 -0.0150937 0.000250037 -0.0193987 0 -0.0193987
120.332 -0.0151181 0.000229563 -0.0194023 0 -0.0194023
120.352 -0.0151388 0.00021507 -0.0194077 0 -0.0194077
120.373 -0.0151618 0.00019767 -0.0194154 0 -0.0194154
120.393 -0.0151857 0.000179614 -0.0194235 0 -0.0194235
120.413 -0.0152083 0.000159299 -0.0194298 0 -0.0194298
120.433 -0.0152295 0.000143123 -0.0194352 0 -0.0194352
120.454 -0.0152538 0.00012624 -0.0194469 0 -0.0194469
120.474 -0.0152758 0.000106361 -0.0194574 0 -0.0194574
120.494 -0.0152929 9.07255e-05 -0.0194707 0 -0.0194707
120.514 -0.0153074 7.38421e-05 -0.0194838 0 -0.0194838
120.534 -0.0153239 5.66693e-05 -0.0194955 0 -0.0194955
120.555 -0.0153402 3.64955e-05 -0.0195094 0 -0.0195094
120.575 -0.0153536 1.6196e-05 -0.0195289 0 -0.0195289
120.595 -0.0153673 -7.90692e-06 -0.0195466 0 -0.0195466
120.615 -0.0153845 -3.48743e-05 -0.019567 0 -0.019567
120.636 -0.0154005 -5.64923e-05 -0.0195843 0 -0.0195843
120.656 -0.0154113 -7.87342e-05 -0.0196052 0 -0.0196052
120.676 -0.0154204 -0.000104813 -0.0196298 0 -0.0196298
120.696 -0.0154301 -0.000127251 -0.0196499 0 -0.0196499
120.717 -0.0154422 -0.000151721 -0.0196746 0 -0.0196746
120.737 -0.0154532 -0.000177229 -0.0197065 0 -0.0197065
120.757 -0.0154623 -0.000200176 -0.0197331 0 -0.0197331
120.777 -0.0154715 -0.000220769 -0.0197604 0 -0.0197604
120.798 -0.0154817 -0.000242504 -0.0197867 0 -0.0197867
120.818 -0.015491 -0.000264555 -0.0198136 0 -0.0198136
120.838 -0.0154986 -0.000286394 -0.0198423 0 -0.0198423
120.858 -0.0155092 -0.000305525 -0.0198759 0 -0.0198759
120.879 -0.0155148 -0.000322205 -0.0199084 0 -0.0199084
120.899 -0.0155217 -0.000337195 -0.0199421 0 -0.0199421
120.919 -0.0155245 -0.00035169 -0.0199748 0 -0.0199748
120.939 -0.0155311 -0.000360585 -0.0200027 0 -0.0200027
120.96 -0.0155355 -0.000370596 -0.0200277 0 -0.0200277
120.98 -0.0155452 -0.000381362 -0.0200534 0 -0.0200534
121 -0.0155516 -0.000395028 -0.0200785 0 -0.0200785
121.021 -0.0155595 -0.000405646 -0.0201035 0 -0.0201035
121.043 -0.0155624 -0.000417258 -0.0201206 0 -0.0201206
121.064 -0.0155677 -0.00043123 -0.0201373 0 -0.0201373
121.085 -0.0155685 -0.000446327 -0.0201537 0 -0.0201537
121.107 -0.0155706 -0.000463185 -0.0201734 0 -0.0201734
121.129 -0.0155722 -0.000477935 -0.0201944 0 -0.0201944
121.15 -0.0155754 -0.000493327 -0.0202141 0 -0.0202141
121.172 -0.0155776 -0.000511245 -0.0202376 0 -0.0202376
121.194 -0.0155739 -0.000531842 -0.0202565 0 -0.0202565
121.216 -0.0155758 -0.000550166 -0.0202761 0 -0.0202761
121.238 -0.0155736 -0.00057593 -0.0202917 0 -0.0202917
121.259 -0.0155704 -0.000600005 -0.0203034 0 -0.0203034
121.281 -0.0155632 -0.000623013 -0.0203109 0 -0.0203109
121.303 -0.0155576 -0.000649887 -0.0203234 0 -0.0203234
121.325 -0.0155538 -0.000675401 -0.0203361 0 -0.0203361
121.347 -0.0155514 -0.000695318 -0.020354 0 -0.020354
121.369 -0.0155524 -0.000711742 -0.0203726 0 -0.0203726
121.392 -0.0155464 -0.000737939 -0.0203863 0 -0.0203863
121.414 -0.0155371 -0.000760758 -0.0203974 0 -0.0203974
121.437 -0.0155258 -0.000788319 -0.0204096 0 -0.0204096
121.459 -0.0155103 -0.000808361 -0.0204266 0 -0.0204266
121.482 -0.0154975 -0.000824806 -0.0204406 0 -0.0204406
121.504 -0.0154885 -0.000844533 -0.0204508 0 -0.0204508
121.527 -0.0154824 -0.000867937 -0.0204673 0 -0.0204673
121.549 -0.0154714 -0.000892769 -0.0204809 0 -0.0204809
121.572 -0.0154595 -0.000910373 -0.0204971 0 -0.0204971
121.594 -0.0154514 -0.000928062 -0.0205106 0 -0.0205106
121.617 -0.0154462 -0.000945869 -0.0205252 0 -0.0205252
121.639 -0.0154426 -0.000969091 -0.0205418 0 -0.0205418
121.662 -0.0154337 -0.000994516 -0.0205587 0 -0.0205587
121.685 -0.0154252 -0.00101608 -0.0205702 0 -0.0205702
121.707 -0.0154225 -0.00103891 -0.0205782 0 -0.0205782
121.73 -0.0154221 -0.00106163 -0.0205833 0 -0.0205833
121.752 -0.0154203 -0.00108347 -0.0205846 0 -0.0205846
121.775 -0.0154179 -0.00110076 -0.0205871 0 -0.0205871
121.797 -0.0154114 -0.00111931 -0.0205885 0 -0.0205885
121.82 -0.0154059 -0.00114331 -0.0205856 0 -0.0205856
121.842 -0.0153988 -0.00117592 -0.0205908 0 -0.0205908
121.865 -0.0153874 -0.0012084 -0.0205907 0 -0.0205907
121.887 -0.0153738 -0.00124056 -0.0205939 0 -0.0205939
121.91 -0.0153666 -0.00126828 -0.0205973 0 -0.0205973
121.932 -0.0153544 -0.00129512 -0.020602 0 -0.020602
121.955 -0.015342 -0.00132322 -0.0206059 0 -0.0206059
121.977 -0.0153225 -0.00135337 -0.0206058 0 -0.0206058
122 -0.0153078 -0.00138274 -0.0206074 0 -0.0206074
122.023 -0.0152901 -0.00140854 -0.0206114 0 -0.0206114
122.045 -0.0152715 -0.00143441 -0.0206139 0 -0.0206139
122.068 -0.0152517 -0.00146428 -0.0206165 0 -0.0206165
122.091 -0.0152286 -0.00149792 -0.0206169 0 -0.0206169
122.114 -0.0152123 -0.00153136 -0.0206194 0 -0.0206194
122.136 -0.0151919 -0.00156104 -0.0206197 0 -0.0206197
122.159 -0.0151669 -0.00159368 -0.0206171 0 -0.0206171
122.182 -0.0151474 -0.0016245 -0.0206109 0 -0.0206109
122.205 -0.0151248 -0.00165858 -0.020607 0 -0.020607
122.227 -0.0151018 -0.00169057 -0.0206006 0 -0.0206006
122.25 -0.0150803 -0.00172648 -0.0205928 0 -0.0205928
122.273 -0.0150523 -0.00176259 -0.0205835 0 -0.0205835
122.297 -0.0150218 -0.00179908 -0.0205788 0 -0.0205788
122.32 -0.0149885 -0.00183425 -0.0205782 0 -0.0205782
122.344 -0.0149548 -0.0018665 -0.0205797 0 -0.0205797
122.367 -0.0149192 -0.00189839 -0.0205783 0 -0.0205783
122.391 -0.0148829 -0.00192908 -0.0205747 0 -0.0205747
122.414 -0.0148474 -0.00195883 -0.0205699 0 -0.0205699
122.437 -0.0148078 -0.00198884 -0.0205635 0 -0.0205635
122.461 -0.0147684 -0.00202003 -0.0205564 0 -0.0205564
122.484 -0.0147269 -0.0020487 -0.0205497 0 -0.0205497
122.508 -0.0146863 -0.00207571 -0.0205443 0 -0.0205443
122.531 -0.0146449 -0.00210046 -0.0205409 0 -0.0205409
122.555 -0.0146035 -0.00212556 -0.0205374 0 -0.0205374
122.577 -0.014564 -0.00214818 -0.0205295 0 -0.0205295
122.599 -0.014524 -0.00216901 -0.0205176 0 -0.0205176
122.621 -0.0144801 -0.00219216 -0.020505 0 -0.020505
122.644 -0.0144363 -0.00221576 -0.0204911 0 -0.0204911
122.666 -0.014397 -0.00223908 -0.0204709 0 -0.0204709
122.688 -0.0143545 -0.00226365 -0.0204474 0 -0.0204474
122.711 -0.0143162 -0.00228625 -0.0204218 0 -0.0204218
122.733 -0.0142803 -0.00230985 -0.0203937 0 -0.0203937
122.755 -0.0142431 -0.00232715 -0.0203619 0 -0.0203619
122.777 -0.0142098 -0.00234592 -0.0203341 0 -0.0203341
122.8 -0.0141838 -0.00236678 -0.0203056 0 -0.0203056
122.822 -0.0141573 -0.00238271 -0.0202779 0 -0.0202779
122.844 -0.0141302 -0.00239961 -0.020245 0 -0.020245
122.866 -0.0141023 -0.00241216 -0.0202098 0 -0.0202098
122.889 -0.0140754 -0.00242204 -0.0201742 0 -0.0201742
122.911 -0.0140528 -0.00243725 -0.02014 0 -0.02014
122.933 -0.0140278 -0.00245477 -0.0201032 0 -0.0201032
122.955 -0.0140094 -0.00246935 -0.0200663 0 -0.0200663
122.97 -0.0139983 -0.00247808 -0.0200434 0 -0.0200434
122.985 -0.0139874 -0.00248859 -0.0200231 0 -0.0200231
123 -0.0139759 -0.00249849 -0.0200011 0 -0.0200011
123.022 -0.0139641 -0.00251047 -0.0199724 0 -0.0199724
123.043 -0.0139556 -0.00252012 -0.01994 0 -0.01994
123.065 -0.0139522 -0.002533 -0.0199083 0 -0.0199083
123.087 -0.0139502 -0.00254083 -0.0198721 0 -0.0198721
123.109 -0.013948 -0.00254572 -0.0198353 0 -0.0198353
123.13 -0.0139454 -0.00254847 -0.0197994 0 -0.0197994
123.152 -0.013945 -0.00255057 -0.0197602 0 -0.0197602
123.174 -0.0139475 -0.00255217 -0.01972 0 -0.01972
123.196 -0.0139502 -0.00255173 -0.0196808 0 -0.0196808
123.217 -0.0139537 -0.00254999 -0.0196431 0 -0.0196431
123.238 -0.0139528 -0.00254602 -0.0196007 0 -0.0196007
123.259 -0.0139531 -0.00253694 -0.0195571 0 -0.0195571
123.28 -0.0139561 -0.00252888 -0.0195125 0 -0.0195125
123.301 -0.0139615 -0.00252023 -0.0194657 0 -0.0194657
123.323 -0.0139642 -0.00251348 -0.0194201 0 -0.0194201
123.344 -0.0139692 -0.00250747 -0.0193731 0 -0.0193731
123.365 -0.0139752 -0.00249981 -0.0193267 0 -0.0193267
123.386 -0.0139847 -0.00249195 -0.019282 0 -0.019282
123.407 -0.0139974 -0.00248096 -0.0192356 0 -0.0192356
123.428 -0.0140092 -0.00247028 -0.0191851 0 -0.0191851
123.45 -0.01402 -0.00246149 -0.0191332 0 -0.0191332
123.471 -0.01403 -0.00244919 -0.019082 0 -0.019082
123.492 -0.014044 -0.00243373 -0.0190338 0 -0.0190338
123.513 -0.0140653 -0.00241916 -0.0189852 0 -0.0189852
123.534 -0.0140826 -0.0024049 -0.0189395 0 -0.0189395
123.555 -0.0141014 -0.00238455 -0.0188958 0 -0.0188958
123.577 -0.0141184 -0.00236888 -0.0188577 0 -0.0188577
123.598 -0.01413 -0.00235113 -0.0188246 0 -0.0188246
123.618 -0.0141389 -0.00233644 -0.0187951 0 -0.0187951
123.638 -0.0141494 -0.00231794 -0.0187629 0 -0.0187629
123.658 -0.0141536 -0.00230269 -0.0187339 0 -0.0187339
123.678 -0.0141521 -0.00228509 -0.0187022 0 -0.0187022
123.698 -0.0141504 -0.00226702 -0.0186784 0 -0.0186784
123.718 -0.0141466 -0.00224556 -0.0186505 0 -0.0186505
123.739 -0.0141402 -0.002225 -0.0186262 0 -0.0186262
123.759 -0.0141317 -0.00220732 -0.0186068 0 -0.0186068
123.779 -0.0141228 -0.00218896 -0.0185876 0 -0.0185876
123.799 -0.0141142 -0.00217036 -0.0185636 0 -0.0185636
123.819 -0.0141051 -0.00215094 -0.0185396 0 -0.0185396
123.839 -0.0140945 -0.00213333 -0.0185159 0 -0.0185159
123.859 -0.0140847 -0.00211458 -0.0184907 0 -0.0184907
123.879 -0.014076 -0.00209467 -0.0184718 0 -0.0184718
123.899 -0.0140664 -0.00207577 -0.0184532 0 -0.0184532
123.92 -0.0140571 -0.00205728 -0.0184404 0 -0.0184404
123.94 -0.0140414 -0.00204041 -0.018428 0 -0.018428
123.96 -0.0140243 -0.00202383 -0.0184174 0 -0.0184174
123.98 -0.0140079 -0.00200415 -0.0184067 0 -0.0184067
124 -0.0139895 -0.00198257 -0.0184002 0 -0.0184002
124.02 -0.0139691 -0.00196066 -0.018395 0 -0.018395
124.041 -0.0139485 -0.00193899 -0.0183946 0 -0.0183946
124.061 -0.0139301 -0.00191777 -0.0183931 0 -0.0183931
124.082 -0.0139147 -0.00189505 -0.0183979 0 -0.0183979
124.102 -0.013904 -0.00186681 -0.0184001 0 -0.0184001
124.122 -0.0138943 -0.00183932 -0.018403 0 -0.018403
124.143 -0.0138829 -0.00181057 -0.0184059 0 -0.0184059
124.163 -0.0138724 -0.00177886 -0.0184096 0 -0.0184096
124.184 -0.0138667 -0.00174291 -0.0184129 0 -0.0184129
124.204 -0.0138578 -0.0017069 -0.0184166 0 -0.0184166
124.224 -0.0138439 -0.00167408 -0.018423 0 -0.018423
124.245 -0.0138312 -0.00163902 -0.018433 0 -0.018433
124.265 -0.0138167 -0.00160686 -0.0184438 0 -0.0184438
124.286 -0.0138078 -0.00157428 -0.0184569 0 -0.0184569
124.306 -0.0137973 -0.00153911 -0.0184731 0 -0.0184731
124.327 -0.0137895 -0.00150132 -0.0184902 0 -0.0184902
124.347 -0.0137791 -0.00146901 -0.0185054 0 -0.0185054
124.367 -0.0137724 -0.00143727 -0.01852 0 -0.01852
124.388 -0.0137619 -0.0014055 -0.0185369 0 -0.0185369
124.408 -0.013755 -0.00136346 -0.0185558 0 -0.0185558
124.429 -0.013749 -0.00132506 -0.0185731 0 -0.0185731
124.449 -0.0137385 -0.00128275 -0.0185913 0 -0.0185913
124.469 -0.0137295 -0.00123724 -0.0186124 0 -0.0186124
124.49 -0.0137148 -0.0011923 -0.0186287 0 -0.0186287
124.51 -0.013698 -0.00114457 -0.0186458 0 -0.0186458
124.531 -0.0136788 -0.00109544 -0.0186631 0 -0.0186631
124.551 -0.0136628 -0.00104882 -0.0186824 0 -0.0186824
124.571 -0.0136506 -0.000999196 -0.0187024 0 -0.0187024
124.592 -0.0136371 -0.000951347 -0.0187195 0 -0.0187195
124.612 -0.0136272 -0.000901523 -0.0187353 0 -0.0187353
124.633 -0.0136176 -0.000852126 -0.0187496 0 -0.0187496
124.653 -0.0136135 -0.000800286 -0.0187629 0 -0.0187629
124.673 -0.0136052 -0.000745361 -0.0187788 0 -0.0187788
124.694 -0.0136024 -0.000689006 -0.0187949 0 -0.0187949
124.714 -0.0135974 -0.000632906 -0.0188126 0 -0.0188126
124.735 -0.0135912 -0.00058261 -0.0188333 0 -0.0188333
124.755 -0.013586 -0.000530557 -0.0188561 0 -0.0188561
124.776 -0.0135784 -0.000478308 -0.0188779 0 -0.0188779
124.796 -0.0135712 -0.00042072 -0.0188977 0 -0.0188977
124.816 -0.0135737 -0.000364278 -0.018923 0 -0.018923
124.837 -0.013573 -0.000306446 -0.0189478 0 -0.0189478
124.857 -0.0135722 -0.000245691 -0.0189726 0 -0.0189726
124.878 -0.0135679 -0.000186662 -0.019003 0 -0.019003
124.898 -0.013563 -0.000126036 -0.0190305 0 -0.0190305
124.918 -0.0135567 -6.7021e-05 -0.019053 0 -0.019053
124.939 -0.0135497 -9.57124e-06 -0.019075 0 -0.019075
124.959 -0.0135403 5.05098e-05 -0.0190991 0 -0.0190991
124.98 -0.0135314 0.000110895 -0.0191198 0 -0.0191198
125 -0.0135216 0.000169637 -0.0191416 0 -0.0191416
125.021 -0.0135079 0.000229862 -0.0191628 0 -0.0191628
125.043 -0.0134966 0.000285824 -0.0191865 0 -0.0191865
125.064 -0.0134817 0.000341902 -0.0192082 0 -0.0192082
125.086 -0.0134683 0.000402003 -0.0192293 0 -0.0192293
125.107 -0.0134557 0.000459077 -0.0192488 0 -0.0192488
125.129 -0.0134431 0.000523826 -0.0192717 0 -0.0192717
125.151 -0.0134332 0.000588881 -0.0192997 0 -0.0192997
125.173 -0.0134147 0.000651799 -0.0193306 0 -0.0193306
125.194 -0.013394 0.000712767 -0.0193603 0 -0.0193603
125.216 -0.0133758 0.000772335 -0.019389 0 -0.019389
125.238 -0.013358 0.000829139 -0.019417 0 -0.019417
125.26 -0.0133442 0.000883747 -0.0194424 0 -0.0194424
125.282 -0.0133282 0.000935068 -0.0194674 0 -0.0194674
125.303 -0.0133106 0.00098225 -0.0194903 0 -0.0194903
125.325 -0.0132873 0.0010305 -0.0195139 0 -0.0195139
125.347 -0.0132658 0.0010839 -0.0195396 0 -0.0195396
125.369 -0.0132433 0.00113368 -0.0195744 0 -0.0195744
125.39 -0.0132145 0.00118099 -0.0196089 0 -0.0196089
125.412 -0.0131846 0.00123643 -0.0196423 0 -0.0196423
125.434 -0.0131563 0.00129212 -0.0196752 0 -0.0196752
125.456 -0.013129 0.00134373 -0.0197123 0 -0.0197123
125.477 -0.0130972 0.00139479 -0.0197449 0 -0.0197449
125.499 -0.0130626 0.00144221 -0.0197705 0 -0.0197705
125.521 -0.0130231 0.00149041 -0.0197978 0 -0.0197978
125.543 -0.0129838 0.00153706 -0.0198242 0 -0.0198242
125.565 -0.0129488 0.00158424 -0.0198498 0 -0.0198498
125.586 -0.012915 0.00162386 -0.019878 0 -0.019878
125.608 -0.0128803 0.00166671 -0.019909 0 -0.019909
125.63 -0.0128499 0.00170955 -0.0199442 0 -0.0199442
125.652 -0.0128198 0.0017546 -0.019978 0 -0.019978
125.673 -0.0127902 0.0017993 -0.0200086 0 -0.0200086
125.695 -0.0127617 0.00184283 -0.0200383 0 -0.0200383
125.717 -0.0127333 0.00188759 -0.0200656 0 -0.0200656
125.739 -0.0127057 0.00192866 -0.0200973 0 -0.0200973
125.761 -0.0126816 0.00196924 -0.0201242 0 -0.0201242
125.782 -0.012653 0.00201406 -0.0201514 0 -0.0201514
125.804 -0.0126276 0.00205892 -0.0201764 0 -0.0201764
125.826 -0.0126017 0.00210188 -0.0202035 0 -0.0202035
125.848 -0.0125759 0.002148 -0.02023 0 -0.02023
125.869 -0.0125528 0.0021936 -0.0202541 0 -0.0202541
125.891 -0.0125268 0.00223931 -0.0202816 0 -0.0202816
125.913 -0.0125012 0.00228443 -0.0203032 0 -0.0203032
125.935 -0.0124775 0.00232851 -0.0203249 0 -0.0203249
125.956 -0.0124549 0.00236929 -0.0203464 0 -0.0203464
125.978 -0.0124326 0.00241035 -0.0203651 0 -0.0203651
126 -0.0124084 0.00245121 -0.020382 0 -0.020382
126.023 -0.012383 0.00249159 -0.0204042 0 -0.0204042
126.045 -0.0123602 0.00253003 -0.0204347 0 -0.0204347
126.068 -0.0123369 0.00257238 -0.0204653 0 -0.0204653
126.091 -0.0123148 0.00261335 -0.020498 0 -0.020498
126.114 -0.0122939 0.00265231 -0.0205284 0 -0.0205284
126.136 -0.0122753 0.00268871 -0.0205628 0 -0.0205628
126.159 -0.0122507 0.00272963 -0.0205974 0 -0.0205974
126.182 -0.0122264 0.0027614 -0.0206333 0 -0.0206333
126.205 -0.0122071 0.00279138 -0.0206717 0 -0.0206717
126.227 -0.0121845 0.002817 -0.0207121 0 -0.0207121
126.25 -0.0121595 0.00283863 -0.0207517 0 -0.0207517
126.273 -0.0121352 0.00285874 -0.0207894 0 -0.0207894
126.295 -0.0121082 0.00288106 -0.0208276 0 -0.0208276
126.318 -0.012086 0.00289643 -0.02087 0 -0.02087
126.341 -0.0120616 0.00291583 -0.0209118 0 -0.0209118
126.364 -0.0120384 0.00293402 -0.0209541 0 -0.0209541
126.386 -0.0120196 0.00294657 -0.0209929 0 -0.0209929
126.409 -0.0119935 0.00295582 -0.0210283 0 -0.0210283
126.432 -0.0119714 0.00295837 -0.0210624 0 -0.0210624
126.455 -0.0119445 0.00295863 -0.0210941 0 -0.0210941
126.477 -0.0119186 0.00295485 -0.0211254 0 -0.0211254
126.5 -0.0118959 0.00295381 -0.0211627 0 -0.0211627
126.523 -0.0118718 0.00295023 -0.0211991 0 -0.0211991
126.545 -0.0118466 0.00293903 -0.0212313 0 -0.0212313
126.568 -0.0118271 0.00292894 -0.021262 0 -0.021262
126.591 -0.0118011 0.00291746 -0.0212937 0 -0.0212937
126.614 -0.0117757 0.00290324 -0.0213171 0 -0.0213171
126.636 -0.0117507 0.00288817 -0.0213448 0 -0.0213448
126.659 -0.0117284 0.00287293 -0.0213736 0 -0.0213736
126.682 -0.0117114 0.00285313 -0.0214006 0 -0.0214006
126.705 -0.0116894 0.0028308 -0.0214314 0 -0.0214314
126.727 -0.0116656 0.00280731 -0.0214593 0 -0.0214593
126.75 -0.0116411 0.00278249 -0.0214835 0 -0.0214835
126.773 -0.0116169 0.00275611 -0.0215066 0 -0.0215066
126.795 -0.0115952 0.00272869 -0.0215294 0 -0.0215294
126.818 -0.0115783 0.00270321 -0.0215497 0 -0.0215497
126.841 -0.0115614 0.00267777 -0.0215672 0 -0.0215672
126.864 -0.0115435 0.0026487 -0.0215829 0 -0.0215829
126.886 -0.0115266 0.00262492 -0.0215946 0 -0.0215946
126.909 -0.0115122 0.00260008 -0.0216097 0 -0.0216097
126.932 -0.0114976 0.00256961 -0.0216245 0 -0.0216245
126.955 -0.0114797 0.00253551 -0.0216419 0 -0.0216419
126.977 -0.0114623 0.00249955 -0.0216561 0 -0.0216561
127 -0.0114425 0.00246588 -0.0216703 0 -0.0216703
127.023 -0.0114274 0.00242715 -0.0216832 0 -0.0216832
127.045 -0.0114057 0.0023892 -0.0216922 0 -0.0216922
127.068 -0.0113829 0.00235203 -0.0217072 0 -0.0217072
127.091 -0.0113566 0.0023094 -0.0217207 0 -0.0217207
127.114 -0.0113305 0.00226767 -0.0217285 0 -0.0217285
127.136 -0.0113054 0.00222451 -0.0217304 0 -0.0217304
127.159 -0.0112803 0.0021827 -0.0217336 0 -0.0217336
127.182 -0.011253 0.00213759 -0.0217378 0 -0.0217378
127.205 -0.0112306 0.0020914 -0.0217355 0 -0.0217355
127.227 -0.0112087 0.00204559 -0.0217326 0 -0.0217326
127.25 -0.0111883 0.00199966 -0.0217312 0 -0.0217312
127.273 -0.0111691 0.00195342 -0.0217287 0 -0.0217287
127.295 -0.011146 0.0019074 -0.0217277 0 -0.0217277
127.318 -0.0111206 0.00186506 -0.0217291 0 -0.0217291
127.341 -0.0110972 0.00182017 -0.0217281 0 -0.0217281
127.364 -0.0110736 0.00177621 -0.0217254 0 -0.0217254
127.386 -0.0110518 0.00172641 -0.021722 0 -0.021722
127.409 -0.0110291 0.00167634 -0.0217241 0 -0.0217241
127.432 -0.0110076 0.00162408 -0.0217282 0 -0.0217282
127.455 -0.0109953 0.00157748 -0.0217319 0 -0.0217319
127.477 -0.010979 0.00152473 -0.0217371 0 -0.0217371
127.5 -0.0109649 0.00147151 -0.0217499 0 -0.0217499
127.523 -0.010951 0.00142104 -0.0217596 0 -0.0217596
127.545 -0.0109393 0.00137199 -0.0217676 0 -0.0217676
127.568 -0.0109299 0.00132828 -0.021775 0 -0.021775
127.591 -0.010922 0.00128206 -0.0217816 0 -0.0217816
127.614 -0.0109147 0.00123478 -0.0217849 0 -0.0217849
127.636 -0.010905 0.00118515 -0.0217881 0 -0.0217881
127.659 -0.0108922 0.00113927 -0.0217941 0 -0.0217941
127.682 -0.0108857 0.00109318 -0.0218014 0 -0.0218014
127.705 -0.0108808 0.00104733 -0.0218071 0 -0.0218071
127.727 -0.0108749 0.00100203 -0.0218144 0 -0.0218144
127.75 -0.0108664 0.000954327 -0.02182 0 -0.02182
127.773 -0.010857 0.000910282 -0.0218254 0 -0.0218254
127.795 -0.0108473 0.000866763 -0.0218309 0 -0.0218309
127.818 -0.0108388 0.000822497 -0.021835 0 -0.021835
127.841 -0.0108317 0.000773334 -0.0218366 0 -0.0218366
127.864 -0.0108267 0.000730225 -0.0218391 0 -0.0218391
127.886 -0.0108277 0.000693995 -0.0218467 0 -0.0218467
127.909 -0.0108221 0.00066102 -0.0218497 0 -0.0218497
127.932 -0.0108155 0.000627085 -0.0218491 0 -0.0218491
127.955 -0.0108111 0.000587443 -0.0218475 0 -0.0218475
127.977 -0.0108088 0.000545242 -0.0218466 0 -0.0218466
128 -0.0108045 0.000496843 -0.0218461 0 -0.0218461
128.023 -0.0107957 0.000449696 -0.0218429 0 -0.0218429
128.046 -0.0107905 0.000402126 -0.021839 0 -0.021839
128.069 -0.0107879 0.000354585 -0.0218363 0 -0.0218363
128.091 -0.010793 0.000305867 -0.0218322 0 -0.0218322
128.114 -0.0107952 0.000253823 -0.0218279 0 -0.0218279
128.136 -0.010798 0.00020905 -0.0218237 0 -0.0218237
128.158 -0.0108028 0.00016528 -0.0218162 0 -0.0218162
128.181 -0.0108109 0.000118658 -0.0218103 0 -0.0218103
128.203 -0.0108193 7.48214e-05 -0.0218075 0 -0.0218075
128.225 -0.0108228 3.42373e-05 -0.0218078 0 -0.0218078
128.247 -0.0108297 -9.40277e-06 -0.0218092 0 -0.0218092
128.269 -0.0108313 -5.57429e-05 -0.0218096 0 -0.0218096
128.29 -0.0108336 -9.92163e-05 -0.0218093 0 -0.0218093
128.312 -0.0108344 -0.000142204 -0.0218061 0 -0.0218061
128.333 -0.0108341 -0.000179478 -0.0218059 0 -0.0218059
128.355 -0.010838 -0.000220235 -0.0218094 0 -0.0218094
128.376 -0.0108434 -0.000265727 -0.0218087 0 -0.0218087
128.398 -0.0108487 -0.000311687 -0.0218045 0 -0.0218045
128.419 -0.0108538 -0.000353964 -0.0217985 0 -0.0217985
128.44 -0.0108579 -0.00039459 -0.0217919 0 -0.0217919
128.461 -0.0108634 -0.000435681 -0.0217866 0 -0.0217866
128.481 -0.0108736 -0.000477078 -0.0217831 0 -0.0217831
128.502 -0.0108837 -0.000523447 -0.0217793 0 -0.0217793
128.523 -0.0108928 -0.000574781 -0.0217779 0 -0.0217779
128.544 -0.010903 -0.000625041 -0.0217749 0 -0.0217749
128.564 -0.0109161 -0.000668495 -0.0217694 0 -0.0217694
128.585 -0.0109346 -0.000718013 -0.0217615 0 -0.0217615
128.606 -0.0109522 -0.000763506 -0.0217515 0 -0.0217515
128.627 -0.0109649 -0.000808204 -0.021745 0 -0.021745
128.647 -0.0109825 -0.000853414 -0.0217396 0 -0.0217396
128.668 -0.0110009 -0.000895828 -0.0217295 0 -0.0217295
128.689 -0.0110181 -0.000940942 -0.0217245 0 -0.0217245
128.708 -0.011038 -0.000980654 -0.0217207 0 -0.0217207
128.728 -0.011058 -0.00101894 -0.0217158 0 -0.0217158
128.747 -0.0110767 -0.00105392 -0.0217037 0 -0.0217037
128.767 -0.0110974 -0.00108792 -0.0216928 0 -0.0216928
128.786 -0.0111139 -0.00111904 -0.0216877 0 -0.0216877
128.806 -0.0111292 -0.00114783 -0.0216823 0 -0.0216823
128.825 -0.0111453 -0.00117728 -0.0216741 0 -0.0216741
128.844 -0.011161 -0.00120488 -0.0216663 0 -0.0216663
128.864 -0.011178 -0.00123468 -0.0216583 0 -0.0216583
128.883 -0.0111976 -0.00126592 -0.0216524 0 -0.0216524
128.903 -0.0112158 -0.00129984 -0.0216426 0 -0.0216426
128.922 -0.0112295 -0.00133096 -0.021637 0 -0.021637
128.942 -0.0112431 -0.0013574 -0.0216307 0 -0.0216307
128.961 -0.0112647 -0.00138395 -0.0216222 0 -0.0216222
128.981 -0.011289 -0.00140964 -0.0216177 0 -0.0216177
129 -0.0113119 -0.00143524 -0.0216141 0 -0.0216141
129.02 -0.0113321 -0.00146342 -0.0216103 0 -0.0216103
129.04 -0.0113506 -0.00148762 -0.0216116 0 -0.0216116
129.06 -0.0113716 -0.00151012 -0.0216164 0 -0.0216164
129.08 -0.0113912 -0.00153136 -0.0216189 0 -0.0216189
129.1 -0.0114062 -0.00155459 -0.0216205 0 -0.0216205
129.12 -0.0114198 -0.00157744 -0.021626 0 -0.021626
129.14 -0.0114327 -0.00160692 -0.0216246 0 -0.0216246
129.16 -0.0114439 -0.00162853 -0.0216279 0 -0.0216279
129.18 -0.0114547 -0.00165223 -0.0216348 0 -0.0216348
129.2 -0.0114646 -0.00167895 -0.0216384 0 -0.0216384
129.22 -0.011476 -0.00170606 -0.0216396 0 -0.0216396
129.24 -0.0114864 -0.00173246 -0.0216455 0 -0.0216455
129.26 -0.0114964 -0.0017606 -0.0216497 0 -0.0216497
129.28 -0.0115023 -0.00178984 -0.0216554 0 -0.0216554
129.3 -0.0115118 -0.00182077 -0.0216599 0 -0.0216599
129.32 -0.0115199 -0.00185444 -0.0216687 0 -0.0216687
129.34 -0.0115308 -0.00188555 -0.0216783 0 -0.0216783
129.36 -0.0115427 -0.00191294 -0.021689 0 -0.021689
129.38 -0.0115552 -0.00194045 -0.0217005 0 -0.0217005
129.4 -0.0115599 -0.00196488 -0.0217124 0 -0.0217124
129.42 -0.0115612 -0.00198867 -0.0217256 0 -0.0217256
129.44 -0.0115633 -0.00200972 -0.0217399 0 -0.0217399
129.46 -0.0115649 -0.00203252 -0.0217544 0 -0.0217544
129.48 -0.0115624 -0.00205628 -0.0217696 0 -0.0217696
129.5 -0.0115605 -0.00208351 -0.0217842 0 -0.0217842
129.52 -0.0115576 -0.00210283 -0.0217959 0 -0.0217959
129.54 -0.0115536 -0.00212372 -0.0218052 0 -0.0218052
129.56 -0.0115459 -0.00214811 -0.0218193 0 -0.0218193
129.58 -0.0115335 -0.00217018 -0.0218319 0 -0.0218319
129.6 -0.0115208 -0.00218985 -0.0218495 0 -0.0218495
129.62 -0.0115044 -0.00221419 -0.0218681 0 -0.0218681
129.64 -0.0114833 -0.00224379 -0.0218878 0 -0.0218878
129.66 -0.0114668 -0.00227112 -0.0219089 0 -0.0219089
129.68 -0.0114476 -0.00230138 -0.0219299 0 -0.0219299
129.7 -0.0114302 -0.00232446 -0.0219519 0 -0.0219519
129.72 -0.011413 -0.0023442 -0.0219736 0 -0.0219736
129.74 -0.0113923 -0.00236836 -0.0219971 0 -0.0219971
129.76 -0.0113728 -0.00239136 -0.0220227 0 -0.0220227
129.78 -0.011352 -0.00241288 -0.0220534 0 -0.0220534
129.8 -0.0113342 -0.00243701 -0.0220833 0 -0.0220833
129.82 -0.0113146 -0.00246099 -0.0221142 0 -0.0221142
129.84 -0.011297 -0.00248116 -0.0221457 0 -0.0221457
129.86 -0.0112773 -0.00250188 -0.0221798 0 -0.0221798
129.88 -0.0112557 -0.0025279 -0.0222157 0 -0.0222157
129.9 -0.0112319 -0.00255429 -0.0222471 0 -0.0222471
129.92 -0.0112121 -0.0025776 -0.0222759 0 -0.0222759
129.94 -0.0111932 -0.0026012 -0.0223063 0 -0.0223063
129.96 -0.0111714 -0.0026269 -0.0223352 0 -0.0223352
129.98 -0.0111507 -0.00265395 -0.0223627 0 -0.0223627
130 -0.0111302 -0.00268382 -0.0223934 0 -0.0223934
130.022 -0.0111082 -0.00271403 -0.0224292 0 -0.0224292
130.043 -0.0110846 -0.00274431 -0.0224541 0 -0.0224541
130.066 -0.0110567 -0.00277827 -0.0224892 0 -0.0224892
130.088 -0.011029 -0.00281219 -0.0225184 0 -0.0225184
130.11 -0.0110029 -0.00284526 -0.0225508 0 -0.0225508
130.132 -0.0109774 -0.00287619 -0.0225802 0 -0.0225802
130.155 -0.0109507 -0.00290236 -0.0226068 0 -0.0226068
130.177 -0.0109212 -0.00293467 -0.022638 0 -0.022638
130.199 -0.0108876 -0.00296955 -0.0226621 0 -0.0226621
130.221 -0.0108561 -0.00300335 -0.0226908 0 -0.0226908
130.244 -0.0108281 -0.00303618 -0.0227228 0 -0.0227228
130.267 -0.0107974 -0.00306644 -0.022751 0 -0.022751
130.29 -0.010768 -0.00309095 -0.0227805 0 -0.0227805
130.313 -0.0107389 -0.00311858 -0.0228143 0 -0.0228143
130.336 -0.0107103 -0.00314502 -0.0228507 0 -0.0228507
130.359 -0.0106862 -0.00317312 -0.0228852 0 -0.0228852
130.382 -0.0106666 -0.00320234 -0.0229186 0 -0.0229186
130.405 -0.0106486 -0.00323368 -0.0229569 0 -0.0229569
130.428 -0.0106306 -0.00326472 -0.0229954 0 -0.0229954
130.45 -0.0106116 -0.00329296 -0.0230344 0 -0.0230344
130.473 -0.0105891 -0.00332703 -0.0230771 0 -0.0230771
130.496 -0.0105648 -0.00336294 -0.0231205 0 -0.0231205
130.519 -0.0105435 -0.00339646 -0.0231626 0 -0.0231626
130.542 -0.0105215 -0.00342642 -0.0232107 0 -0.0232107
130.565 -0.010506 -0.0034608 -0.0232498 0 -0.0232498
130.588 -0.0104913 -0.00349415 -0.0232868 0 -0.0232868
130.611 -0.0104811 -0.00352766 -0.0233232 0 -0.0233232
130.634 -0.0104733 -0.00356001 -0.023365 0 -0.023365
130.657 -0.010468 -0.00359271 -0.0234069 0 -0.0234069
130.679 -0.0104613 -0.00362177 -0.0234459 0 -0.0234459
130.702 -0.0104602 -0.00365042 -0.0234869 0 -0.0234869
130.725 -0.0104598 -0.00368051 -0.0235312 0 -0.0235312
130.748 -0.0104577 -0.00370528 -0.0235792 0 -0.0235792
130.771 -0.010455 -0.00372803 -0.0236265 0 -0.0236265
130.794 -0.0104565 -0.00374928 -0.0236712 0 -0.0236712
130.817 -0.0104597 -0.00376342 -0.0237234 0 -0.0237234
130.84 -0.0104642 -0.00377686 -0.0237628 0 -0.0237628
130.863 -0.0104759 -0.0037975 -0.0238055 0 -0.0238055
130.886 -0.0104874 -0.00381665 -0.0238498 0 -0.0238498
130.908 -0.0104967 -0.00383448 -0.0238965 0 -0.0238965
130.931 -0.0105047 -0.00385326 -0.0239399 0 -0.0239399
130.954 -0.0105198 -0.00387695 -0.0239815 0 -0.0239815
130.977 -0.0105375 -0.00390295 -0.0240221 0 -0.0240221
131 -0.0105552 -0.00392268 -0.0240612 0 -0.0240612
131.023 -0.0105762 -0.00394208 -0.024093 0 -0.024093
131.047 -0.0105984 -0.00396225 -0.0241249 0 -0.0241249
131.07 -0.0106239 -0.0039852 -0.0241604 0 -0.0241604
131.093 -0.010651 -0.00400801 -0.0241932 0 -0.0241932
131.116 -0.0106811 -0.00402537 -0.0242231 0 -0.0242231
131.14 -0.0107089 -0.00404714 -0.0242471 0 -0.0242471
131.163 -0.0107339 -0.00406863 -0.0242743 0 -0.0242743
131.186 -0.0107575 -0.00409186 -0.0243031 0 -0.0243031
131.209 -0.0107802 -0.00411577 -0.0243312 0 -0.0243312
131.233 -0.0108001 -0.00414165 -0.0243527 0 -0.0243527
131.256 -0.0108236 -0.00416857 -0.0243721 0 -0.0243721
131.279 -0.0108428 -0.0041992 -0.0243924 0 -0.0243924
131.302 -0.010861 -0.00422897 -0.0244092 0 -0.0244092
131.326 -0.0108799 -0.00425549 -0.0244255 0 -0.0244255
131.349 -0.0108958 -0.00428079 -0.0244423 0 -0.0244423
131.372 -0.0109116 -0.00430863 -0.0244552 0 -0.0244552
131.395 -0.0109361 -0.00432728 -0.0244709 0 -0.0244709
131.419 -0.0109562 -0.00434909 -0.0244856 0 -0.0244856
131.442 -0.0109758 -0.00437379 -0.024504 0 -0.024504
131.465 -0.011003 -0.00439873 -0.0245219 0 -0.0245219
131.488 -0.0110325 -0.00442718 -0.0245433 0 -0.0245433
131.512 -0.0110591 -0.00446073 -0.024566 0 -0.024566
131.535 -0.0110817 -0.00449331 -0.0245906 0 -0.0245906
131.558 -0.0111045 -0.00452304 -0.0246162 0 -0.0246162
131.581 -0.0111297 -0.0045565 -0.0246414 0 -0.0246414
131.605 -0.0111526 -0.00458576 -0.0246724 0 -0.0246724
131.628 -0.011174 -0.00461039 -0.0247029 0 -0.0247029
131.651 -0.0111932 -0.00463695 -0.0247309 0 -0.0247309
131.674 -0.0112136 -0.00466804 -0.0247591 0 -0.0247591
131.698 -0.0112365 -0.00470143 -0.0247892 0 -0.0247892
131.721 -0.0112543 -0.0047341 -0.0248235 0 -0.0248235
131.744 -0.0112783 -0.00476592 -0.0248547 0 -0.0248547
131.767 -0.0113006 -0.00479742 -0.0248831 0 -0.0248831
131.791 -0.0113236 -0.00482582 -0.0249188 0 -0.0249188
131.814 -0.0113473 -0.00485075 -0.0249479 0 -0.0249479
131.837 -0.0113689 -0.00488067 -0.0249774 0 -0.0249774
131.86 -0.0113876 -0.00491571 -0.0250081 0 -0.0250081
131.884 -0.0114088 -0.00495043 -0.025041 0 -0.025041
131.907 -0.0114294 -0.00498524 -0.0250754 0 -0.0250754
131.93 -0.0114526 -0.00502121 -0.0251124 0 -0.0251124
131.953 -0.0114753 -0.00505445 -0.0251526 0 -0.0251526
131.977 -0.0114953 -0.00509225 -0.0251942 0 -0.0251942
132 -0.011513 -0.00512643 -0.0252405 0 -0.0252405
132.023 -0.0115348 -0.00516383 -0.0252903 0 -0.0252903
132.047 -0.0115526 -0.00520047 -0.0253383 0 -0.0253383
132.07 -0.0115652 -0.00523615 -0.0253868 0 -0.0253868
132.093 -0.0115775 -0.005271 -0.0254344 0 -0.0254344
132.116 -0.0115926 -0.00530599 -0.0254794 0 -0.0254794
132.14 -0.0116044 -0.00534018 -0.0255251 0 -0.0255251
132.163 -0.0116177 -0.00537452 -0.0255755 0 -0.0255755
132.186 -0.0116273 -0.0054044 -0.0256284 0 -0.0256284
132.209 -0.0116423 -0.00543488 -0.025686 0 -0.025686
132.233 -0.0116617 -0.00546821 -0.0257374 0 -0.0257374
132.256 -0.0116828 -0.00550433 -0.0257866 0 -0.0257866
132.279 -0.0117071 -0.00553585 -0.0258322 0 -0.0258322
132.302 -0.0117243 -0.00556362 -0.0258827 0 -0.0258827
132.326 -0.0117474 -0.00559349 -0.0259356 0 -0.0259356
132.349 -0.0117735 -0.00562184 -0.0259878 0 -0.0259878
132.372 -0.0118007 -0.00565063 -0.0260387 0 -0.0260387
132.395 -0.011828 -0.00567877 -0.0260906 0 -0.0260906
132.419 -0.0118529 -0.00570857 -0.02615 0 -0.02615
132.442 -0.0118799 -0.00573904 -0.0262118 0 -0.0262118
132.465 -0.0119147 -0.00576675 -0.0262796 0 -0.0262796
132.488 -0.011952 -0.00579504 -0.0263499 0 -0.0263499
132.512 -0.0119941 -0.00582592 -0.0264163 0 -0.0264163
132.535 -0.0120322 -0.00585712 -0.0264802 0 -0.0264802
132.558 -0.0120765 -0.00588834 -0.0265481 0 -0.0265481
132.581 -0.0121203 -0.00591387 -0.0266158 0 -0.0266158
132.605 -0.0121658 -0.00594116 -0.0266829 0 -0.0266829
132.628 -0.0122122 -0.00596736 -0.0267528 0 -0.0267528
132.651 -0.0122612 -0.0059954 -0.0268227 0 -0.0268227
132.674 -0.0123037 -0.00602054 -0.026891 0 -0.026891
132.698 -0.012349 -0.00604664 -0.026959 0 -0.026959
132.721 -0.0124 -0.00607029 -0.0270243 0 -0.0270243
132.744 -0.012451 -0.00608951 -0.0270871 0 -0.0270871
132.767 -0.0124987 -0.00611658 -0.0271492 0 -0.0271492
132.791 -0.0125536 -0.00614058 -0.0272096 0 -0.0272096
132.814 -0.0126094 -0.00616705 -0.0272695 0 -0.0272695
132.837 -0.0126588 -0.00619296 -0.0273327 0 -0.0273327
132.86 -0.0127094 -0.00621516 -0.0273947 0 -0.0273947
132.884 -0.0127614 -0.00623795 -0.0274542 0 -0.0274542
132.907 -0.0128146 -0.00626178 -0.0275129 0 -0.0275129
132.93 -0.0128677 -0.00628129 -0.0275736 0 -0.0275736
132.953 -0.0129206 -0.00630176 -0.0276322 0 -0.0276322
132.977 -0.0129727 -0.00631955 -0.0276886 0 -0.0276886
133 -0.0130227 -0.00633784 -0.0277425 0 -0.0277425
133.023 -0.013073 -0.00635104 -0.0277987 0 -0.0277987
133.047 -0.0131247 -0.00636585 -0.0278558 0 -0.0278558
133.07 -0.0131751 -0.006382 -0.0279109 0 -0.0279109
133.093 -0.0132237 -0.00639625 -0.0279737 0 -0.0279737
133.116 -0.013274 -0.00640787 -0.0280273 0 -0.0280273
133.14 -0.0133229 -0.00641695 -0.0280774 0 -0.0280774
133.163 -0.0133644 -0.00642618 -0.0281298 0 -0.0281298
133.186 -0.0134148 -0.00643327 -0.0281762 0 -0.0281762
133.209 -0.0134669 -0.00644029 -0.0282182 0 -0.0282182
133.233 -0.0135127 -0.0064503 -0.0282591 0 -0.0282591
133.256 -0.0135628 -0.00646093 -0.028303 0 -0.028303
133.279 -0.0136118 -0.00646784 -0.0283437 0 -0.0283437
133.302 -0.0136633 -0.00647339 -0.0283806 0 -0.0283806
133.326 -0.0137163 -0.00648189 -0.0284192 0 -0.0284192
133.349 -0.0137722 -0.00648556 -0.0284544 0 -0.0284544
133.372 -0.013821 -0.00649394 -0.0284882 0 -0.0284882
133.395 -0.0138701 -0.00650388 -0.0285184 0 -0.0285184
133.419 -0.0139228 -0.00651344 -0.0285521 0 -0.0285521
133.442 -0.0139753 -0.00651773 -0.0285778 0 -0.0285778
133.465 -0.0140264 -0.00652236 -0.028603 0 -0.028603
133.488 -0.0140826 -0.00652499 -0.0286293 0 -0.0286293
133.512 -0.0141345 -0.00652972 -0.0286562 0 -0.0286562
133.535 -0.0141829 -0.00653331 -0.0286747 0 -0.0286747
133.558 -0.0142302 -0.00653742 -0.0286948 0 -0.0286948
133.581 -0.0142777 -0.00653984 -0.0287129 0 -0.0287129
133.605 -0.014323 -0.00654241 -0.0287293 0 -0.0287293
133.628 -0.0143625 -0.00654823 -0.0287439 0 -0.0287439
133.651 -0.0144018 -0.00655625 -0.0287556 0 -0.0287556
133.674 -0.0144444 -0.00656396 -0.0287652 0 -0.0287652
133.698 -0.0144864 -0.00657265 -0.0287706 0 -0.0287706
133.721 -0.014533 -0.00658129 -0.0287778 0 -0.0287778
133.744 -0.0145782 -0.0065903 -0.0287826 0 -0.0287826
133.767 -0.0146161 -0.00660186 -0.0287825 0 -0.0287825
133.791 -0.0146579 -0.00661362 -0.0287817 0 -0.0287817
133.814 -0.0146941 -0.00662893 -0.0287848 0 -0.0287848
133.837 -0.0147331 -0.00663978 -0.0287842 0 -0.0287842
133.86 -0.0147726 -0.00665116 -0.028781 0 -0.028781
133.884 -0.0148049 -0.00666581 -0.0287766 0 -0.0287766
133.907 -0.0148411 -0.00668002 -0.0287739 0 -0.0287739
133.93 -0.0148802 -0.00669727 -0.0287763 0 -0.0287763
133.953 -0.0149193 -0.00671659 -0.0287756 0 -0.0287756
133.977 -0.0149562 -0.00674026 -0.0287707 0 -0.0287707
134 -0.014998 -0.00676277 -0.0287659 0 -0.0287659
134.023 -0.0150345 -0.00678377 -0.0287632 0 -0.0287632
134.047 -0.0150725 -0.00680915 -0.0287567 0 -0.0287567
134.07 -0.0151114 -0.00683356 -0.0287447 0 -0.0287447
134.093 -0.0151533 -0.00685701 -0.0287284 0 -0.0287284
134.116 -0.0151919 -0.00687813 -0.0287145 0 -0.0287145
134.14 -0.0152277 -0.00689878 -0.0287035 0 -0.0287035
134.163 -0.0152574 -0.00692431 -0.0286925 0 -0.0286925
134.186 -0.0152933 -0.00694968 -0.0286845 0 -0.0286845
134.209 -0.0153319 -0.00697659 -0.0286739 0 -0.0286739
134.233 -0.01537 -0.00700364 -0.0286656 0 -0.0286656
134.255 -0.0154046 -0.00702953 -0.028656 0 -0.028656
134.278 -0.0154388 -0.00705071 -0.0286442 0 -0.0286442
134.3 -0.0154705 -0.00707533 -0.0286307 0 -0.0286307
134.323 -0.0155013 -0.00710264 -0.0286143 0 -0.0286143
134.345 -0.0155307 -0.00713628 -0.0285984 0 -0.0285984
134.368 -0.0155618 -0.0071686 -0.0285779 0 -0.0285779
134.391 -0.0155964 -0.00719894 -0.0285602 0 -0.0285602
134.412 -0.0156278 -0.00722969 -0.0285408 0 -0.0285408
134.434 -0.015652 -0.00726027 -0.0285248 0 -0.0285248
134.456 -0.015679 -0.00729156 -0.0285098 0 -0.0285098
134.478 -0.0157073 -0.00732207 -0.0284923 0 -0.0284923
134.499 -0.015734 -0.00735095 -0.0284718 0 -0.0284718
134.521 -0.0157581 -0.00737987 -0.028455 0 -0.028455
134.543 -0.0157871 -0.00741055 -0.028439 0 -0.028439
134.565 -0.0158162 -0.00744508 -0.0284177 0 -0.0284177
134.585 -0.0158418 -0.00747933 -0.0283986 0 -0.0283986
134.606 -0.0158675 -0.00750931 -0.0283812 0 -0.0283812
134.627 -0.0158894 -0.0075403 -0.0283614 0 -0.0283614
134.648 -0.0159119 -0.00756897 -0.0283382 0 -0.0283382
134.668 -0.0159355 -0.00759644 -0.0283145 0 -0.0283145
134.689 -0.0159561 -0.00762031 -0.0282895 0 -0.0282895
134.71 -0.0159784 -0.00764401 -0.0282674 0 -0.0282674
134.731 -0.0160041 -0.00766429 -0.0282452 0 -0.0282452
134.751 -0.0160283 -0.00768616 -0.0282227 0 -0.0282227
134.77 -0.0160518 -0.0077045 -0.0281978 0 -0.0281978
134.79 -0.0160749 -0.00772538 -0.0281742 0 -0.0281742
134.809 -0.0160972 -0.00774256 -0.0281517 0 -0.0281517
134.828 -0.0161199 -0.0077622 -0.0281276 0 -0.0281276
134.847 -0.0161431 -0.00778097 -0.0281006 0 -0.0281006
134.866 -0.0161621 -0.00779729 -0.0280738 0 -0.0280738
134.885 -0.0161833 -0.00780961 -0.0280451 0 -0.0280451
134.904 -0.0162099 -0.00781494 -0.0280195 0 -0.0280195
134.923 -0.0162356 -0.0078249 -0.0279953 0 -0.0279953
134.943 -0.0162616 -0.00783821 -0.0279705 0 -0.0279705
134.962 -0.0162853 -0.00784917 -0.0279442 0 -0.0279442
134.981 -0.0163092 -0.00785466 -0.0279197 0 -0.0279197
135 -0.0163336 -0.0078603 -0.0279016 0 -0.0279016
135.02 -0.0163598 -0.00786401 -0.0278804 0 -0.0278804
135.039 -0.016383 -0.00786583 -0.0278625 0 -0.0278625
135.058 -0.0164067 -0.00786961 -0.0278448 0 -0.0278448
135.077 -0.0164312 -0.00787167 -0.0278236 0 -0.0278236
135.097 -0.0164522 -0.00787133 -0.0278042 0 -0.0278042
135.116 -0.0164722 -0.00787195 -0.0277842 0 -0.0277842
135.135 -0.0164911 -0.00787044 -0.0277681 0 -0.0277681
135.154 -0.0165096 -0.00786542 -0.0277493 0 -0.0277493
135.173 -0.0165289 -0.00786077 -0.0277318 0 -0.0277318
135.191 -0.0165488 -0.00785832 -0.0277164 0 -0.0277164
135.21 -0.0165684 -0.0078503 -0.0277065 0 -0.0277065
135.229 -0.016588 -0.00783427 -0.0276932 0 -0.0276932
135.248 -0.0166081 -0.00781878 -0.0276783 0 -0.0276783
135.267 -0.0166251 -0.00780683 -0.0276638 0 -0.0276638
135.285 -0.0166433 -0.00779579 -0.0276478 0 -0.0276478
135.304 -0.0166608 -0.00778467 -0.0276321 0 -0.0276321
135.323 -0.0166785 -0.00777515 -0.0276151 0 -0.0276151
135.342 -0.0166947 -0.00776282 -0.0275989 0 -0.0275989
135.361 -0.016712 -0.00775051 -0.0275786 0 -0.0275786
135.379 -0.0167274 -0.00773406 -0.027563 0 -0.027563
135.397 -0.0167476 -0.00771953 -0.0275456 0 -0.0275456
135.415 -0.0167669 -0.00770615 -0.0275273 0 -0.0275273
135.434 -0.0167896 -0.00769546 -0.0275109 0 -0.0275109
135.452 -0.0168148 -0.00768488 -0.0274947 0 -0.0274947
135.47 -0.0168388 -0.00767456 -0.0274778 0 -0.0274778
135.488 -0.0168615 -0.00766185 -0.0274673 0 -0.0274673
135.507 -0.0168842 -0.00764604 -0.0274597 0 -0.0274597
135.525 -0.0169074 -0.00763463 -0.0274528 0 -0.0274528
135.543 -0.0169336 -0.00762365 -0.0274471 0 -0.0274471
135.562 -0.0169597 -0.00761422 -0.0274412 0 -0.0274412
135.58 -0.0169851 -0.00760782 -0.0274321 0 -0.0274321
135.598 -0.0170103 -0.00759667 -0.0274223 0 -0.0274223
135.616 -0.0170372 -0.00758631 -0.0274165 0 -0.0274165
135.635 -0.0170647 -0.00757325 -0.0274142 0 -0.0274142
135.653 -0.0170891 -0.00755565 -0.0274119 0 -0.0274119
135.671 -0.0171137 -0.00754007 -0.0274082 0 -0.0274082
135.689 -0.01714 -0.00752664 -0.0274051 0 -0.0274051
135.708 -0.0171696 -0.00751624 -0.0274025 0 -0.0274025
135.726 -0.0172052 -0.00750631 -0.0273975 0 -0.0273975
135.744 -0.0172409 -0.00749454 -0.0273907 0 -0.0273907
135.763 -0.0172787 -0.00748464 -0.0273879 0 -0.0273879
135.781 -0.0173156 -0.00747232 -0.0273825 0 -0.0273825
135.799 -0.0173531 -0.00745793 -0.0273733 0 -0.0273733
135.817 -0.0173916 -0.00744367 -0.0273662 0 -0.0273662
135.836 -0.017426 -0.00742757 -0.0273593 0 -0.0273593
135.854 -0.0174592 -0.00741174 -0.027351 0 -0.027351
135.872 -0.0174894 -0.00739526 -0.0273359 0 -0.0273359
135.89 -0.0175227 -0.00737765 -0.0273219 0 -0.0273219
135.909 -0.0175543 -0.00736073 -0.0273099 0 -0.0273099
135.927 -0.0175857 -0.00734796 -0.0273012 0 -0.0273012
135.945 -0.0176195 -0.0073304 -0.0272921 0 -0.0272921
135.963 -0.017655 -0.00731039 -0.0272837 0 -0.0272837
135.982 -0.0176899 -0.00729066 -0.027275 0 -0.027275
136 -0.0177226 -0.0072672 -0.0272623 0 -0.0272623
136.019 -0.0177596 -0.00725043 -0.0272441 0 -0.0272441
136.037 -0.0177979 -0.00722837 -0.0272274 0 -0.0272274
136.056 -0.0178351 -0.00720633 -0.0272089 0 -0.0272089
136.074 -0.0178713 -0.00718617 -0.0271884 0 -0.0271884
136.093 -0.0179075 -0.00716632 -0.0271703 0 -0.0271703
136.111 -0.0179401 -0.00714642 -0.0271509 0 -0.0271509
136.13 -0.0179698 -0.00712626 -0.027133 0 -0.027133
136.148 -0.018006 -0.00710365 -0.0271156 0 -0.0271156
136.167 -0.0180386 -0.00707721 -0.0270984 0 -0.0270984
136.185 -0.0180734 -0.00705177 -0.02708 0 -0.02708
136.204 -0.0181095 -0.00702777 -0.0270603 0 -0.0270603
136.223 -0.0181446 -0.00700105 -0.0270367 0 -0.0270367
136.242 -0.0181802 -0.00697131 -0.0270168 0 -0.0270168
136.261 -0.0182182 -0.00693967 -0.0269964 0 -0.0269964
136.28 -0.0182528 -0.00690939 -0.0269747 0 -0.0269747
136.299 -0.0182836 -0.00687672 -0.0269554 0 -0.0269554
136.317 -0.018313 -0.00684941 -0.0269374 0 -0.0269374
136.336 -0.0183471 -0.00682403 -0.0269185 0 -0.0269185
136.355 -0.0183822 -0.00679725 -0.0268968 0 -0.0268968
136.374 -0.0184146 -0.00677436 -0.026874 0 -0.026874
136.393 -0.0184443 -0.00675279 -0.0268539 0 -0.0268539
136.412 -0.0184705 -0.0067306 -0.0268341 0 -0.0268341
136.431 -0.0184983 -0.0067082 -0.0268132 0 -0.0268132
136.45 -0.0185239 -0.00668976 -0.0267931 0 -0.0267931
136.469 -0.0185486 -0.00666997 -0.0267745 0 -0.0267745
136.488 -0.0185743 -0.00664832 -0.026757 0 -0.026757
136.507 -0.0185986 -0.00662532 -0.0267374 0 -0.0267374
136.526 -0.0186286 -0.00659853 -0.0267181 0 -0.0267181
136.545 -0.0186587 -0.00657403 -0.0266965 0 -0.0266965
136.565 -0.0186909 -0.00654893 -0.0266738 0 -0.0266738
136.585 -0.0187199 -0.00652272 -0.0266542 0 -0.0266542
136.604 -0.0187476 -0.00649797 -0.0266352 0 -0.0266352
136.624 -0.0187719 -0.0064741 -0.0266135 0 -0.0266135
136.644 -0.0188005 -0.00644646 -0.026595 0 -0.026595
136.664 -0.018828 -0.00641714 -0.0265768 0 -0.0265768
136.683 -0.0188495 -0.00639164 -0.0265621 0 -0.0265621
136.703 -0.0188751 -0.00636351 -0.0265467 0 -0.0265467
136.723 -0.0189012 -0.0063355 -0.0265309 0 -0.0265309
136.743 -0.0189251 -0.00631141 -0.0265158 0 -0.0265158
136.763 -0.0189497 -0.00629008 -0.0265053 0 -0.0265053
136.782 -0.0189742 -0.0062696 -0.0264904 0 -0.0264904
136.802 -0.0189982 -0.00624727 -0.0264789 0 -0.0264789
136.822 -0.0190224 -0.00622546 -0.0264669 0 -0.0264669
136.842 -0.0190475 -0.00620204 -0.0264563 0 -0.0264563
136.862 -0.019072 -0.00617729 -0.0264463 0 -0.0264463
136.881 -0.0190963 -0.00615399 -0.0264384 0 -0.0264384
136.901 -0.0191186 -0.00613247 -0.0264348 0 -0.0264348
136.921 -0.0191406 -0.00611554 -0.0264328 0 -0.0264328
136.941 -0.0191651 -0.00609598 -0.0264311 0 -0.0264311
136.96 -0.0191891 -0.00607164 -0.0264293 0 -0.0264293
136.98 -0.0192139 -0.00605092 -0.0264267 0 -0.0264267
137 -0.019235 -0.00602943 -0.0264242 0 -0.0264242
137.021 -0.0192603 -0.00601019 -0.0264213 0 -0.0264213
137.043 -0.0192806 -0.00599162 -0.0264208 0 -0.0264208
137.064 -0.0192994 -0.00597099 -0.0264197 0 -0.0264197
137.085 -0.0193196 -0.00595433 -0.026416 0 -0.026416
137.106 -0.0193376 -0.00593897 -0.0264152 0 -0.0264152
137.128 -0.0193588 -0.00592371 -0.0264166 0 -0.0264166
137.149 -0.0193843 -0.00590584 -0.0264153 0 -0.0264153
137.17 -0.0194039 -0.00589006 -0.0264191 0 -0.0264191
137.191 -0.019424 -0.0058712 -0.0264247 0 -0.0264247
137.213 -0.0194415 -0.0058511 -0.0264324 0 -0.0264324
137.235 -0.0194597 -0.0058284 -0.026448 0 -0.026448
137.257 -0.0194798 -0.00580422 -0.0264618 0 -0.0264618
137.278 -0.0195034 -0.00577834 -0.0264741 0 -0.0264741
137.3 -0.0195245 -0.005755 -0.0264913 0 -0.0264913
137.322 -0.0195446 -0.00572932 -0.0265086 0 -0.0265086
137.344 -0.0195655 -0.00570031 -0.0265258 0 -0.0265258
137.366 -0.0195836 -0.00566951 -0.0265447 0 -0.0265447
137.388 -0.0196023 -0.00563606 -0.0265683 0 -0.0265683
137.41 -0.0196212 -0.00560136 -0.0265942 0 -0.0265942
137.431 -0.0196331 -0.00557153 -0.0266156 0 -0.0266156
137.453 -0.0196448 -0.00554191 -0.026638 0 -0.026638
137.475 -0.0196573 -0.00551249 -0.0266624 0 -0.0266624
137.497 -0.0196658 -0.00548413 -0.0266908 0 -0.0266908
137.519 -0.0196768 -0.00545523 -0.0267172 0 -0.0267172
137.541 -0.0196825 -0.00542342 -0.0267431 0 -0.0267431
137.563 -0.0196913 -0.00539242 -0.026764 0 -0.026764
137.585 -0.0197036 -0.00536155 -0.026784 0 -0.026784
137.606 -0.0197107 -0.00532754 -0.0267968 0 -0.0267968
137.628 -0.0197175 -0.0052934 -0.0268124 0 -0.0268124
137.65 -0.0197224 -0.00525735 -0.0268287 0 -0.0268287
137.672 -0.0197307 -0.00522051 -0.026853 0 -0.026853
137.694 -0.0197367 -0.00517902 -0.0268752 0 -0.0268752
137.716 -0.0197433 -0.00513913 -0.0268961 0 -0.0268961
137.738 -0.0197479 -0.00509757 -0.0269162 0 -0.0269162
137.759 -0.0197529 -0.00505984 -0.0269413 0 -0.0269413
137.781 -0.0197576 -0.00502027 -0.0269668 0 -0.0269668
137.803 -0.0197619 -0.00497592 -0.0269919 0 -0.0269919
137.825 -0.0197645 -0.00493453 -0.0270218 0 -0.0270218
137.847 -0.0197665 -0.00489429 -0.0270509 0 -0.0270509
137.869 -0.0197683 -0.00485283 -0.0270758 0 -0.0270758
137.891 -0.0197761 -0.00481013 -0.027105 0 -0.027105
137.913 -0.0197814 -0.00476515 -0.0271328 0 -0.0271328
137.934 -0.0197873 -0.00472262 -0.0271583 0 -0.0271583
137.956 -0.0197931 -0.00467925 -0.0271813 0 -0.0271813
137.978 -0.0197982 -0.0046359 -0.0272101 0 -0.0272101
138 -0.0198018 -0.00459375 -0.0272369 0 -0.0272369
138.023 -0.0198065 -0.00455795 -0.0272717 0 -0.0272717
138.045 -0.0198113 -0.00452061 -0.0273001 0 -0.0273001
138.069 -0.019818 -0.0044786 -0.0273264 0 -0.0273264
138.092 -0.019818 -0.00444214 -0.0273546 0 -0.0273546
138.115 -0.01982 -0.00439783 -0.0273884 0 -0.0273884
138.139 -0.0198261 -0.00436056 -0.027422 0 -0.027422
138.162 -0.0198373 -0.00432346 -0.0274583 0 -0.0274583
138.185 -0.0198453 -0.00428316 -0.0274879 0 -0.0274879
138.208 -0.0198591 -0.00424083 -0.0275166 0 -0.0275166
138.232 -0.0198714 -0.00420481 -0.0275409 0 -0.0275409
138.255 -0.0198845 -0.0041707 -0.0275667 0 -0.0275667
138.278 -0.0198956 -0.00413837 -0.0275868 0 -0.0275868
138.302 -0.0199086 -0.00410502 -0.0275992 0 -0.0275992
138.325 -0.019922 -0.00406937 -0.0276169 0 -0.0276169
138.348 -0.0199403 -0.00403317 -0.0276319 0 -0.0276319
138.371 -0.0199653 -0.00400007 -0.0276524 0 -0.0276524
138.395 -0.019992 -0.00397446 -0.0276771 0 -0.0276771
138.418 -0.0200172 -0.00395053 -0.0277045 0 -0.0277045
138.441 -0.0200401 -0.00393065 -0.0277274 0 -0.0277274
138.465 -0.020062 -0.0039131 -0.0277453 0 -0.0277453
138.488 -0.0200815 -0.00389786 -0.0277645 0 -0.0277645
138.511 -0.0200961 -0.00388202 -0.0277795 0 -0.0277795
138.534 -0.0201105 -0.00387174 -0.0278019 0 -0.0278019
138.558 -0.0201178 -0.00386376 -0.027824 0 -0.027824
138.581 -0.0201288 -0.00385976 -0.0278452 0 -0.0278452
138.604 -0.020137 -0.00385794 -0.0278686 0 -0.0278686
138.627 -0.0201372 -0.00385955 -0.0278952 0 -0.0278952
138.651 -0.0201329 -0.00386332 -0.0279199 0 -0.0279199
138.674 -0.0201334 -0.00387099 -0.0279491 0 -0.0279491
138.697 -0.0201371 -0.00387561 -0.0279797 0 -0.0279797
138.721 -0.0201392 -0.00388617 -0.0280095 0 -0.0280095
138.744 -0.0201435 -0.00389787 -0.0280399 0 -0.0280399
138.767 -0.0201472 -0.0039098 -0.0280659 0 -0.0280659
138.79 -0.020151 -0.0039181 -0.0280945 0 -0.0280945
138.814 -0.0201575 -0.00393392 -0.028123 0 -0.028123
138.837 -0.020163 -0.00395232 -0.0281498 0 -0.0281498
138.86 -0.0201679 -0.00397238 -0.028178 0 -0.028178
138.884 -0.0201677 -0.00399038 -0.0282085 0 -0.0282085
138.907 -0.0201725 -0.00401143 -0.0282392 0 -0.0282392
138.93 -0.0201746 -0.00403699 -0.0282713 0 -0.0282713
138.953 -0.0201732 -0.00405791 -0.0283015 0 -0.0283015
138.977 -0.0201688 -0.00407983 -0.0283277 0 -0.0283277
139 -0.0201644 -0.00410704 -0.028352 0 -0.028352
139.024 -0.0201595 -0.00413126 -0.0283776 0 -0.0283776
139.049 -0.0201521 -0.00415178 -0.0284053 0 -0.0284053
139.073 -0.020152 -0.00417988 -0.0284299 0 -0.0284299
139.098 -0.0201481 -0.00421088 -0.0284672 0 -0.0284672
139.122 -0.0201469 -0.00424051 -0.028498 0 -0.028498
139.146 -0.0201437 -0.00427172 -0.0285232 0 -0.0285232
139.171 -0.0201382 -0.00430329 -0.0285476 0 -0.0285476
139.195 -0.0201272 -0.00433382 -0.0285764 0 -0.0285764
139.22 -0.0201175 -0.00436556 -0.0286026 0 -0.0286026
139.244 -0.0201085 -0.00439911 -0.0286271 0 -0.0286271
139.268 -0.0201022 -0.00442964 -0.0286489 0 -0.0286489
139.293 -0.0201005 -0.00446664 -0.0286661 0 -0.0286661
139.317 -0.0200976 -0.00450465 -0.028685 0 -0.028685
139.341 -0.0200998 -0.00453596 -0.0287054 0 -0.0287054
139.366 -0.0201014 -0.00456733 -0.0287232 0 -0.0287232
139.39 -0.0201023 -0.00459547 -0.0287405 0 -0.0287405
139.415 -0.0201025 -0.00461862 -0.0287552 0 -0.0287552
139.439 -0.0201043 -0.00464485 -0.0287736 0 -0.0287736
139.463 -0.0201073 -0.00466975 -0.0287878 0 -0.0287878
139.488 -0.0201072 -0.00469585 -0.0287985 0 -0.0287985
139.512 -0.020105 -0.00471573 -0.0288069 0 -0.0288069
139.537 -0.0201003 -0.00474212 -0.0288106 0 -0.0288106
139.561 -0.0200897 -0.00476912 -0.0288073 0 -0.0288073
139.585 -0.0200794 -0.0047915 -0.0288091 0 -0.0288091
139.61 -0.020064 -0.0048086 -0.0288083 0 -0.0288083
139.634 -0.0200454 -0.00482078 -0.0288068 0 -0.0288068
139.659 -0.0200285 -0.00483371 -0.0288076 0 -0.0288076
139.683 -0.0200178 -0.00484345 -0.0288022 0 -0.0288022
139.707 -0.0200094 -0.00485312 -0.028795 0 -0.028795
139.732 -0.0200029 -0.00485846 -0.0287919 0 -0.0287919
139.756 -0.0200001 -0.00486763 -0.0287942 0 -0.0287942
139.78 -0.0199936 -0.00488276 -0.0287978 0 -0.0287978
139.802 -0.0199847 -0.00489735 -0.0288019 0 -0.0288019
139.824 -0.0199798 -0.00490566 -0.0288054 0 -0.0288054
139.846 -0.0199779 -0.00491277 -0.0288063 0 -0.0288063
139.868 -0.0199749 -0.00492107 -0.0288042 0 -0.0288042
139.89 -0.0199745 -0.00492453 -0.0288003 0 -0.0288003
139.912 -0.0199745 -0.00492826 -0.0287987 0 -0.0287987
139.934 -0.0199718 -0.0049363 -0.028799 0 -0.028799
139.956 -0.0199755 -0.00494229 -0.0288027 0 -0.0288027
139.978 -0.0199837 -0.00494928 -0.0288059 0 -0.0288059
140 -0.0199944 -0.00495141 -0.028807 0 -0.028807
140.023 -0.0200064 -0.00495122 -0.0288102 0 -0.0288102
140.047 -0.0200186 -0.00494611 -0.0288151 0 -0.0288151
140.07 -0.0200287 -0.00494195 -0.0288164 0 -0.0288164
140.093 -0.0200383 -0.00493757 -0.0288216 0 -0.0288216
140.116 -0.0200445 -0.0049358 -0.0288229 0 -0.0288229
140.14 -0.0200512 -0.00493553 -0.0288254 0 -0.0288254
140.163 -0.0200605 -0.0049318 -0.0288299 0 -0.0288299
140.185 -0.0200749 -0.00492487 -0.0288348 0 -0.0288348
140.208 -0.0200895 -0.00491928 -0.0288428 0 -0.0288428
140.231 -0.0201052 -0.0049172 -0.0288495 0 -0.0288495
140.253 -0.020118 -0.00491133 -0.0288543 0 -0.0288543
140.276 -0.0201375 -0.00490692 -0.0288595 0 -0.0288595
140.299 -0.0201575 -0.00490239 -0.0288687 0 -0.0288687
140.321 -0.0201785 -0.00490076 -0.0288796 0 -0.0288796
140.344 -0.0201996 -0.00489438 -0.0288894 0 -0.0288894
140.366 -0.0202148 -0.0048883 -0.0289017 0 -0.0289017
140.388 -0.0202271 -0.00488568 -0.028913 0 -0.028913
140.41 -0.0202384 -0.00488123 -0.0289268 0 -0.0289268
140.432 -0.020256 -0.00487324 -0.0289377 0 -0.0289377
140.454 -0.0202718 -0.00487348 -0.0289539 0 -0.0289539
140.476 -0.0202815 -0.00487421 -0.0289697 0 -0.0289697
140.498 -0.0202927 -0.00487743 -0.0289856 0 -0.0289856
140.519 -0.0203064 -0.00487603 -0.0289999 0 -0.0289999
140.541 -0.020322 -0.0048798 -0.0290134 0 -0.0290134
140.563 -0.0203356 -0.00487972 -0.0290289 0 -0.0290289
140.585 -0.0203432 -0.00488307 -0.029046 0 -0.029046
140.607 -0.0203521 -0.00488405 -0.0290584 0 -0.0290584
140.629 -0.0203609 -0.00488564 -0.0290694 0 -0.0290694
140.65 -0.0203663 -0.00488546 -0.0290814 0 -0.0290814
140.672 -0.0203667 -0.00488228 -0.0290909 0 -0.0290909
140.694 -0.020367 -0.00487747 -0.0290955 0 -0.0290955
140.716 -0.0203628 -0.00487161 -0.0291032 0 -0.0291032
140.738 -0.0203619 -0.00486104 -0.0291089 0 -0.0291089
140.76 -0.0203635 -0.00485231 -0.0291192 0 -0.0291192
140.782 -0.0203614 -0.00484779 -0.0291267 0 -0.0291267
140.803 -0.0203624 -0.00483779 -0.0291336 0 -0.0291336
140.825 -0.0203597 -0.00482552 -0.0291438 0 -0.0291438
140.847 -0.0203577 -0.0048142 -0.0291546 0 -0.0291546
140.869 -0.0203576 -0.00479878 -0.0291684 0 -0.0291684
140.891 -0.0203642 -0.00478559 -0.0291789 0 -0.0291789
140.913 -0.0203704 -0.00477654 -0.0291938 0 -0.0291938
140.934 -0.0203741 -0.00476477 -0.0292044 0 -0.0292044
140.956 -0.0203783 -0.00475622 -0.0292168 0 -0.0292168
140.978 -0.0203847 -0.00474796 -0.0292281 0 -0.0292281
141 -0.0203918 -0.00473777 -0.0292403 0 -0.0292403
141.022 -0.0204029 -0.00472946 -0.0292523 0 -0.0292523
141.043 -0.0204159 -0.00472053 -0.0292619 0 -0.0292619
141.065 -0.0204311 -0.00470994 -0.0292731 0 -0.0292731
141.087 -0.0204504 -0.00469737 -0.0292854 0 -0.0292854
141.109 -0.0204703 -0.00468582 -0.0292985 0 -0.0292985
141.13 -0.0204937 -0.00467302 -0.0293141 0 -0.0293141
141.152 -0.0205145 -0.00466112 -0.0293271 0 -0.0293271
141.174 -0.0205357 -0.00464787 -0.0293397 0 -0.0293397
141.196 -0.0205574 -0.00463393 -0.0293512 0 -0.0293512
141.217 -0.020574 -0.0046163 -0.0293645 0 -0.0293645
141.239 -0.0205879 -0.00460221 -0.0293765 0 -0.0293765
141.261 -0.0206055 -0.00459739 -0.0293872 0 -0.0293872
141.283 -0.0206216 -0.00458818 -0.0294013 0 -0.0294013
141.304 -0.0206348 -0.00457782 -0.0294147 0 -0.0294147
141.326 -0.0206507 -0.00456675 -0.0294298 0 -0.0294298
141.348 -0.0206725 -0.00456024 -0.0294455 0 -0.0294455
141.37 -0.0206886 -0.00455391 -0.0294675 0 -0.0294675
141.391 -0.0207067 -0.00453963 -0.0294886 0 -0.0294886
141.413 -0.0207262 -0.00452462 -0.029505 0 -0.029505
141.435 -0.0207441 -0.00451327 -0.0295235 0 -0.0295235
141.457 -0.0207611 -0.00450956 -0.0295352 0 -0.0295352
141.478 -0.020784 -0.00450172 -0.0295419 0 -0.0295419
141.5 -0.020808 -0.00449453 -0.0295539 0 -0.0295539
141.522 -0.0208319 -0.00448877 -0.0295702 0 -0.0295702
141.543 -0.0208527 -0.00448213 -0.0295881 0 -0.0295881
141.565 -0.0208723 -0.0044722 -0.0296074 0 -0.0296074
141.587 -0.0208935 -0.00445814 -0.0296248 0 -0.0296248
141.609 -0.0209148 -0.00444615 -0.0296452 0 -0.0296452
141.63 -0.0209349 -0.00443461 -0.0296734 0 -0.0296734
141.652 -0.0209592 -0.00442299 -0.0296924 0 -0.0296924
141.674 -0.0209802 -0.00440866 -0.0297152 0 -0.0297152
141.696 -0.0209985 -0.00439185 -0.0297433 0 -0.0297433
141.717 -0.0210154 -0.00437497 -0.0297709 0 -0.0297709
141.739 -0.0210273 -0.00435735 -0.0297996 0 -0.0297996
141.761 -0.021042 -0.0043366 -0.0298289 0 -0.0298289
141.783 -0.0210553 -0.00431791 -0.0298588 0 -0.0298588
141.804 -0.0210707 -0.00430185 -0.0298912 0 -0.0298912
141.826 -0.0210848 -0.00427849 -0.0299251 0 -0.0299251
141.848 -0.0210968 -0.00424945 -0.0299616 0 -0.0299616
141.87 -0.0211097 -0.00422366 -0.0299977 0 -0.0299977
141.891 -0.0211186 -0.00419889 -0.0300308 0 -0.0300308
141.913 -0.0211341 -0.00417224 -0.0300648 0 -0.0300648
141.935 -0.0211494 -0.00414622 -0.0300997 0 -0.0300997
141.957 -0.0211655 -0.0041129 -0.0301302 0 -0.0301302
141.978 -0.021185 -0.0040839 -0.0301632 0 -0.0301632
142 -0.0212044 -0.00405519 -0.0301969 0 -0.0301969
142.022 -0.0212205 -0.00402544 -0.0302287 0 -0.0302287
142.043 -0.0212365 -0.00399048 -0.0302632 0 -0.0302632
142.065 -0.0212568 -0.00395423 -0.0302992 0 -0.0302992
142.087 -0.0212753 -0.00392084 -0.030332 0 -0.030332
142.109 -0.0212927 -0.00388235 -0.0303692 0 -0.0303692
142.13 -0.0213068 -0.00384752 -0.0304003 0 -0.0304003
142.151 -0.0213225 -0.00380975 -0.0304358 0 -0.0304358
142.172 -0.0213412 -0.00377508 -0.0304698 0 -0.0304698
142.194 -0.0213606 -0.00373986 -0.0305036 0 -0.0305036
142.215 -0.0213747 -0.00370333 -0.0305342 0 -0.0305342
142.236 -0.0213912 -0.0036689 -0.0305617 0 -0.0305617
142.257 -0.0214126 -0.00363928 -0.0305863 0 -0.0305863
142.278 -0.0214346 -0.00360276 -0.0306098 0 -0.0306098
142.3 -0.0214569 -0.00356899 -0.0306298 0 -0.0306298
142.32 -0.021475 -0.00353638 -0.0306466 0 -0.0306466
142.341 -0.0214942 -0.00350143 -0.0306656 0 -0.0306656
142.361 -0.0215141 -0.00346711 -0.0306836 0 -0.0306836
142.382 -0.021536 -0.00343249 -0.0307014 0 -0.0307014
142.403 -0.0215605 -0.00339852 -0.030718 0 -0.030718
142.423 -0.0215849 -0.00335893 -0.0307357 0 -0.0307357
142.444 -0.0216089 -0.00332205 -0.0307512 0 -0.0307512
142.464 -0.0216282 -0.00328749 -0.0307636 0 -0.0307636
142.485 -0.0216462 -0.00325379 -0.0307705 0 -0.0307705
142.506 -0.0216635 -0.0032136 -0.030781 0 -0.030781
142.526 -0.0216807 -0.00317288 -0.0307902 0 -0.0307902
142.547 -0.0217011 -0.00313089 -0.0308044 0 -0.0308044
142.567 -0.0217274 -0.00309207 -0.0308168 0 -0.0308168
142.588 -0.0217515 -0.0030535 -0.0308269 0 -0.0308269
142.609 -0.0217745 -0.00301246 -0.0308362 0 -0.0308362
142.629 -0.0217969 -0.00297093 -0.0308467 0 -0.0308467
142.65 -0.0218193 -0.00293239 -0.0308521 0 -0.0308521
142.669 -0.021842 -0.00289554 -0.0308565 0 -0.0308565
142.689 -0.0218683 -0.00285859 -0.0308622 0 -0.0308622
142.708 -0.0219 -0.00281843 -0.0308675 0 -0.0308675
142.728 -0.0219362 -0.0027783 -0.0308716 0 -0.0308716
142.747 -0.0219731 -0.00273479 -0.0308806 0 -0.0308806
142.767 -0.022008 -0.00269437 -0.0308851 0 -0.0308851
142.786 -0.0220394 -0.00265515 -0.0308903 0 -0.0308903
142.805 -0.0220659 -0.00261223 -0.0308946 0 -0.0308946
142.825 -0.0220914 -0.00256709 -0.0308975 0 -0.0308975
142.844 -0.0221181 -0.00252485 -0.0309035 0 -0.0309035
142.864 -0.022145 -0.00248471 -0.0309101 0 -0.0309101
142.883 -0.0221722 -0.00244069 -0.0309172 0 -0.0309172
142.903 -0.0221994 -0.00240033 -0.0309237 0 -0.0309237
142.922 -0.0222247 -0.0023557 -0.0309299 0 -0.0309299
142.942 -0.0222513 -0.00231392 -0.0309356 0 -0.0309356
142.961 -0.0222744 -0.00227165 -0.0309359 0 -0.0309359
142.981 -0.0222963 -0.00222788 -0.0309401 0 -0.0309401
143 -0.0223176 -0.00218121 -0.0309455 0 -0.0309455
143.02 -0.0223417 -0.00213467 -0.030954 0 -0.030954
143.04 -0.0223622 -0.00208852 -0.0309629 0 -0.0309629
143.06 -0.0223857 -0.00204194 -0.030973 0 -0.030973
143.08 -0.0224139 -0.00199479 -0.0309839 0 -0.0309839
143.1 -0.0224388 -0.00194932 -0.0309922 0 -0.0309922
143.12 -0.0224624 -0.00189873 -0.0309985 0 -0.0309985
143.14 -0.0224861 -0.00184779 -0.0310062 0 -0.0310062
143.16 -0.0225124 -0.00180089 -0.0310146 0 -0.0310146
143.18 -0.0225372 -0.001754 -0.031023 0 -0.031023
143.2 -0.0225663 -0.00170867 -0.0310349 0 -0.0310349
143.22 -0.022592 -0.00166301 -0.0310415 0 -0.0310415
143.24 -0.0226193 -0.00161825 -0.0310455 0 -0.0310455
143.26 -0.0226449 -0.00157131 -0.0310526 0 -0.0310526
143.28 -0.0226715 -0.00152472 -0.0310627 0 -0.0310627
143.3 -0.0226974 -0.00148368 -0.0310687 0 -0.0310687
143.32 -0.0227278 -0.00143766 -0.0310762 0 -0.0310762
143.34 -0.0227567 -0.0013935 -0.0310827 0 -0.0310827
143.36 -0.0227871 -0.00135099 -0.0310851 0 -0.0310851
143.38 -0.0228212 -0.00130933 -0.0310861 0 -0.0310861
143.4 -0.0228534 -0.00127131 -0.0310846 0 -0.0310846
143.42 -0.022887 -0.00123383 -0.0310831 0 -0.0310831
143.44 -0.0229195 -0.00120081 -0.0310817 0 -0.0310817
143.46 -0.022951 -0.00116656 -0.0310793 0 -0.0310793
143.48 -0.0229844 -0.00113178 -0.031073 0 -0.031073
143.5 -0.0230209 -0.00109918 -0.0310656 0 -0.0310656
143.52 -0.0230593 -0.0010662 -0.0310606 0 -0.0310606
143.54 -0.0230925 -0.00103632 -0.0310509 0 -0.0310509
143.56 -0.0231236 -0.00100215 -0.0310409 0 -0.0310409
143.58 -0.0231607 -0.000970612 -0.031027 0 -0.031027
143.6 -0.0231914 -0.000939658 -0.0310173 0 -0.0310173
143.62 -0.0232184 -0.000906436 -0.0310079 0 -0.0310079
143.64 -0.0232428 -0.000873389 -0.0309947 0 -0.0309947
143.66 -0.0232663 -0.000840081 -0.0309825 0 -0.0309825
143.68 -0.0232897 -0.000802494 -0.0309695 0 -0.0309695
143.7 -0.0233132 -0.000765635 -0.0309571 0 -0.0309571
143.72 -0.0233388 -0.000729652 -0.0309442 0 -0.0309442
143.74 -0.023364 -0.000693307 -0.0309288 0 -0.0309288
143.76 -0.0233863 -0.000655863 -0.0309114 0 -0.0309114
143.78 -0.0234114 -0.000616685 -0.0308936 0 -0.0308936
143.8 -0.0234326 -0.000579217 -0.0308756 0 -0.0308756
143.82 -0.0234545 -0.000541741 -0.0308567 0 -0.0308567
143.84 -0.0234789 -0.000506598 -0.0308414 0 -0.0308414
143.86 -0.0235025 -0.000468783 -0.0308248 0 -0.0308248
143.88 -0.0235279 -0.000430846 -0.0308084 0 -0.0308084
143.9 -0.023549 -0.000390882 -0.0307905 0 -0.0307905
143.92 -0.0235677 -0.000350903 -0.0307705 0 -0.0307705
143.94 -0.0235866 -0.000309889 -0.0307527 0 -0.0307527
143.96 -0.0236067 -0.000270363 -0.0307331 0 -0.0307331
143.98 -0.023628 -0.000229736 -0.0307126 0 -0.0307126
144 -0.0236484 -0.000191379 -0.0306959 0 -0.0306959
144.022 -0.0236709 -0.000147589 -0.0306766 0 -0.0306766
144.044 -0.0236933 -0.000104667 -0.0306601 0 -0.0306601
144.067 -0.0237213 -5.86769e-05 -0.0306392 0 -0.0306392
144.089 -0.0237526 -1.56738e-05 -0.0306167 0 -0.0306167
144.111 -0.0237829 2.73193e-05 -0.0305957 0 -0.0305957
144.132 -0.0238205 6.95967e-05 -0.0305794 0 -0.0305794
144.154 -0.0238487 0.000110268 -0.0305605 0 -0.0305605
144.176 -0.0238771 0.000149398 -0.0305423 0 -0.0305423
144.197 -0.0239021 0.000188933 -0.0305258 0 -0.0305258
144.219 -0.0239298 0.000230327 -0.0305115 0 -0.0305115
144.241 -0.0239546 0.000272757 -0.0304977 0 -0.0304977
144.262 -0.0239769 0.000315434 -0.0304805 0 -0.0304805
144.284 -0.0239988 0.000357793 -0.0304649 0 -0.0304649
144.305 -0.0240219 0.000402133 -0.0304544 0 -0.0304544
144.326 -0.0240465 0.000449211 -0.0304399 0 -0.0304399
144.347 -0.024069 0.000494866 -0.030421 0 -0.030421
144.368 -0.0240866 0.000542618 -0.0303963 0 -0.0303963
144.389 -0.0241077 0.000587601 -0.0303725 0 -0.0303725
144.41 -0.0241328 0.000632951 -0.030353 0 -0.030353
144.432 -0.0241583 0.000676105 -0.0303367 0 -0.0303367
144.453 -0.0241853 0.000719697 -0.030322 0 -0.030322
144.474 -0.0242139 0.000765136 -0.0303056 0 -0.0303056
144.495 -0.0242454 0.000813609 -0.0302868 0 -0.0302868
144.516 -0.0242776 0.000858198 -0.0302695 0 -0.0302695
144.537 -0.0243081 0.000904365 -0.0302548 0 -0.0302548
144.558 -0.024337 0.000945638 -0.0302436 0 -0.0302436
144.579 -0.0243656 0.000990804 -0.0302308 0 -0.0302308
144.6 -0.0243942 0.00103542 -0.0302154 0 -0.0302154
144.621 -0.0244234 0.00107949 -0.0302031 0 -0.0302031
144.642 -0.0244483 0.00112475 -0.0301889 0 -0.0301889
144.663 -0.0244685 0.00117011 -0.0301766 0 -0.0301766
144.684 -0.0244871 0.00120993 -0.0301601 0 -0.0301601
144.705 -0.0245098 0.00124838 -0.0301457 0 -0.0301457
144.726 -0.0245344 0.00128945 -0.030133 0 -0.030133
144.747 -0.0245601 0.00132978 -0.0301255 0 -0.0301255
144.768 -0.024585 0.00137181 -0.0301148 0 -0.0301148
144.789 -0.024612 0.00142356 -0.0301019 0 -0.0301019
144.811 -0.0246402 0.00147596 -0.0300956 0 -0.0300956
144.832 -0.0246671 0.00152693 -0.0300951 0 -0.0300951
144.853 -0.0246928 0.00158132 -0.0300943 0 -0.0300943
144.874 -0.024717 0.00163281 -0.0300948 0 -0.0300948
144.895 -0.0247392 0.00168625 -0.0300967 0 -0.0300967
144.916 -0.0247576 0.00173966 -0.0301022 0 -0.0301022
144.937 -0.0247782 0.00179443 -0.0301088 0 -0.0301088
144.958 -0.0247919 0.00184727 -0.0301124 0 -0.0301124
144.979 -0.0248095 0.00190353 -0.0301191 0 -0.0301191
145 -0.0248272 0.00195867 -0.030131 0 -0.030131
145.021 -0.0248493 0.00201328 -0.0301428 0 -0.0301428
145.043 -0.0248698 0.00206794 -0.0301572 0 -0.0301572
145.064 -0.0248887 0.00212425 -0.0301752 0 -0.0301752
145.085 -0.0249039 0.00217844 -0.0301982 0 -0.0301982
145.106 -0.0249192 0.00223433 -0.0302191 0 -0.0302191
145.128 -0.0249336 0.00229026 -0.0302455 0 -0.0302455
145.149 -0.0249503 0.00234376 -0.0302717 0 -0.0302717
145.17 -0.0249645 0.00239625 -0.0302985 0 -0.0302985
145.191 -0.0249764 0.00244717 -0.0303242 0 -0.0303242
145.213 -0.0249866 0.00249717 -0.030349 0 -0.030349
145.234 -0.0249967 0.00254667 -0.0303707 0 -0.0303707
145.255 -0.0250059 0.0025936 -0.0303944 0 -0.0303944
145.277 -0.0250161 0.00263924 -0.0304175 0 -0.0304175
145.298 -0.0250285 0.00268179 -0.0304437 0 -0.0304437
145.319 -0.0250377 0.00272157 -0.0304728 0 -0.0304728
145.34 -0.0250509 0.00276168 -0.0304979 0 -0.0304979
145.362 -0.0250601 0.00279976 -0.0305233 0 -0.0305233
145.383 -0.0250709 0.0028349 -0.0305502 0 -0.0305502
145.404 -0.0250877 0.00287547 -0.0305781 0 -0.0305781
145.426 -0.0251087 0.00292137 -0.0306079 0 -0.0306079
145.447 -0.0251233 0.00296046 -0.030637 0 -0.030637
145.468 -0.0251393 0.00299791 -0.0306661 0 -0.0306661
145.489 -0.0251553 0.00302348 -0.0306944 0 -0.0306944
145.511 -0.0251677 0.00304684 -0.0307153 0 -0.0307153
145.532 -0.0251785 0.00306842 -0.0307349 0 -0.0307349
145.553 -0.0251867 0.00309055 -0.0307557 0 -0.0307557
145.574 -0.0251932 0.00311106 -0.0307777 0 -0.0307777
145.596 -0.0252005 0.00312781 -0.0307991 0 -0.0307991
145.617 -0.0252086 0.00314677 -0.0308197 0 -0.0308197
145.638 -0.0252121 0.00316315 -0.0308441 0 -0.0308441
145.66 -0.0252205 0.00317551 -0.0308728 0 -0.0308728
145.681 -0.0252275 0.00318825 -0.0309021 0 -0.0309021
145.702 -0.0252343 0.00319989 -0.0309349 0 -0.0309349
145.723 -0.025241 0.00320948 -0.0309689 0 -0.0309689
145.745 -0.0252467 0.00322274 -0.0310026 0 -0.0310026
145.766 -0.025257 0.00322785 -0.0310387 0 -0.0310387
145.787 -0.025268 0.00323209 -0.0310706 0 -0.0310706
145.809 -0.025276 0.00323658 -0.0311008 0 -0.0311008
145.83 -0.0252817 0.00324963 -0.031131 0 -0.031131
145.851 -0.0252869 0.00326359 -0.0311552 0 -0.0311552
145.872 -0.0252961 0.00327771 -0.0311801 0 -0.0311801
145.894 -0.0253027 0.00329704 -0.0312106 0 -0.0312106
145.915 -0.0253086 0.00331457 -0.0312418 0 -0.0312418
145.936 -0.0253123 0.00333222 -0.0312763 0 -0.0312763
145.957 -0.0253213 0.00334891 -0.0313126 0 -0.0313126
145.979 -0.0253298 0.00336338 -0.0313503 0 -0.0313503
146 -0.0253406 0.00337673 -0.0313914 0 -0.0313914
146.022 -0.0253513 0.0033848 -0.0314301 0 -0.0314301
146.044 -0.0253659 0.00340077 -0.0314667 0 -0.0314667
146.067 -0.0253798 0.00341759 -0.0315037 0 -0.0315037
146.089 -0.0253944 0.00343248 -0.0315397 0 -0.0315397
146.111 -0.025419 0.00344527 -0.0315717 0 -0.0315717
146.133 -0.0254431 0.00345511 -0.0316022 0 -0.0316022
146.154 -0.0254714 0.00346809 -0.0316344 0 -0.0316344
146.176 -0.0254965 0.00348047 -0.0316697 0 -0.0316697
146.198 -0.0255228 0.00349498 -0.0317094 0 -0.0317094
146.22 -0.0255468 0.00350972 -0.0317513 0 -0.0317513
146.241 -0.0255716 0.00352742 -0.0317924 0 -0.0317924
146.263 -0.0255949 0.00354557 -0.0318289 0 -0.0318289
146.285 -0.0256207 0.0035636 -0.0318646 0 -0.0318646
146.306 -0.0256387 0.00358055 -0.031894 0 -0.031894
146.327 -0.0256589 0.00360025 -0.0319176 0 -0.0319176
146.348 -0.0256778 0.00362156 -0.0319494 0 -0.0319494
146.369 -0.0256985 0.00364465 -0.0319842 0 -0.0319842
146.39 -0.0257197 0.00366603 -0.0320214 0 -0.0320214
146.411 -0.0257405 0.00369006 -0.0320575 0 -0.0320575
146.432 -0.0257623 0.00370783 -0.0320887 0 -0.0320887
146.453 -0.025787 0.00372362 -0.0321219 0 -0.0321219
146.474 -0.0258129 0.00374162 -0.0321537 0 -0.0321537
146.495 -0.0258416 0.00375808 -0.0321877 0 -0.0321877
146.515 -0.0258736 0.00377309 -0.0322201 0 -0.0322201
146.535 -0.0259008 0.00378551 -0.032254 0 -0.032254
146.556 -0.0259261 0.00379802 -0.0322847 0 -0.0322847
146.576 -0.0259533 0.0038106 -0.0323152 0 -0.0323152
146.596 -0.0259803 0.0038232 -0.0323401 0 -0.0323401
146.616 -0.0260082 0.00383722 -0.0323646 0 -0.0323646
146.636 -0.0260378 0.00385469 -0.0323879 0 -0.0323879
146.657 -0.0260662 0.00386905 -0.032415 0 -0.032415
146.677 -0.0260936 0.00388424 -0.0324376 0 -0.0324376
146.697 -0.0261215 0.00389915 -0.0324603 0 -0.0324603
146.717 -0.0261502 0.00391814 -0.0324785 0 -0.0324785
146.737 -0.0261775 0.00393986 -0.0324963 0 -0.0324963
146.758 -0.0262048 0.00395617 -0.0325127 0 -0.0325127
146.778 -0.0262317 0.00396611 -0.032523 0 -0.032523
146.798 -0.0262593 0.00397561 -0.0325352 0 -0.0325352
146.818 -0.026289 0.0039852 -0.0325472 0 -0.0325472
146.838 -0.0263157 0.0039993 -0.0325596 0 -0.0325596
146.859 -0.0263452 0.00401106 -0.0325736 0 -0.0325736
146.879 -0.0263739 0.004023 -0.032589 0 -0.032589
146.899 -0.0264053 0.00403595 -0.0326049 0 -0.0326049
146.919 -0.0264376 0.00404712 -0.0326227 0 -0.0326227
146.939 -0.0264678 0.00405697 -0.0326437 0 -0.0326437
146.96 -0.0264985 0.0040653 -0.0326662 0 -0.0326662
146.98 -0.0265297 0.00407399 -0.0326905 0 -0.0326905
147 -0.0265625 0.00408613 -0.0327167 0 -0.0327167
147.02 -0.0265966 0.0040968 -0.0327428 0 -0.0327428
147.041 -0.0266315 0.00410533 -0.0327628 0 -0.0327628
147.061 -0.0266685 0.00411254 -0.0327809 0 -0.0327809
147.082 -0.0267051 0.00411915 -0.0327952 0 -0.0327952
147.102 -0.0267412 0.00412749 -0.0328154 0 -0.0328154
147.123 -0.0267779 0.00413464 -0.0328433 0 -0.0328433
147.144 -0.0268134 0.00414254 -0.0328673 0 -0.0328673
147.165 -0.0268517 0.00415243 -0.0328867 0 -0.0328867
147.186 -0.0268881 0.00415829 -0.0329046 0 -0.0329046
147.206 -0.0269302 0.00416433 -0.0329238 0 -0.0329238
147.227 -0.0269705 0.00416902 -0.032948 0 -0.032948
147.249 -0.0270102 0.00417576 -0.0329761 0 -0.0329761
147.27 -0.027056 0.0041861 -0.0330019 0 -0.0330019
147.292 -0.0271034 0.00419892 -0.0330241 0 -0.0330241
147.313 -0.0271552 0.00421008 -0.0330434 0 -0.0330434
147.335 -0.0272028 0.00422139 -0.0330643 0 -0.0330643
147.357 -0.0272515 0.00423574 -0.0330834 0 -0.0330834
147.379 -0.0272949 0.00425126 -0.0331079 0 -0.0331079
147.401 -0.0273441 0.00425997 -0.0331308 0 -0.0331308
147.423 -0.0273925 0.0042692 -0.0331486 0 -0.0331486
147.446 -0.027442 0.0042799 -0.0331643 0 -0.0331643
147.468 -0.02749 0.00429092 -0.0331812 0 -0.0331812
147.49 -0.027537 0.00429873 -0.0331983 0 -0.0331983
147.512 -0.0275847 0.00430624 -0.0332103 0 -0.0332103
147.534 -0.0276273 0.00431526 -0.0332206 0 -0.0332206
147.556 -0.0276679 0.0043264 -0.033227 0 -0.033227
147.579 -0.027708 0.00433632 -0.0332337 0 -0.0332337
147.601 -0.0277541 0.00434636 -0.033237 0 -0.033237
147.623 -0.0278023 0.00435412 -0.0332355 0 -0.0332355
147.645 -0.0278506 0.00435884 -0.0332311 0 -0.0332311
147.667 -0.0279013 0.00436561 -0.033226 0 -0.033226
147.69 -0.0279527 0.00437132 -0.0332246 0 -0.0332246
147.712 -0.0280043 0.00437827 -0.0332232 0 -0.0332232
147.734 -0.0280579 0.0043847 -0.0332222 0 -0.0332222
147.756 -0.0281087 0.0043894 -0.0332197 0 -0.0332197
147.778 -0.0281565 0.00439307 -0.0332155 0 -0.0332155
147.8 -0.0282035 0.00440022 -0.033216 0 -0.033216
147.823 -0.0282459 0.00441097 -0.0332201 0 -0.0332201
147.845 -0.0282891 0.0044215 -0.0332226 0 -0.0332226
147.867 -0.0283299 0.00443197 -0.0332244 0 -0.0332244
147.889 -0.0283702 0.00444175 -0.0332286 0 -0.0332286
147.911 -0.0284105 0.00445185 -0.0332307 0 -0.0332307
147.933 -0.0284448 0.0044609 -0.0332302 0 -0.0332302
147.956 -0.0284832 0.00447414 -0.033234 0 -0.033234
147.978 -0.028517 0.00448903 -0.0332329 0 -0.0332329
148 -0.0285566 0.00450148 -0.033241 0 -0.033241
148.022 -0.0285923 0.0045172 -0.0332483 0 -0.0332483
148.044 -0.0286296 0.00453431 -0.0332567 0 -0.0332567
148.067 -0.0286656 0.00455026 -0.0332629 0 -0.0332629
148.089 -0.0287023 0.00456219 -0.0332711 0 -0.0332711
148.111 -0.0287379 0.00457232 -0.0332824 0 -0.0332824
148.133 -0.0287747 0.00458368 -0.0332948 0 -0.0332948
148.156 -0.028815 0.00459603 -0.0333097 0 -0.0333097
148.178 -0.028856 0.00460981 -0.0333197 0 -0.0333197
148.2 -0.0288928 0.00462381 -0.0333301 0 -0.0333301
148.222 -0.028932 0.00463871 -0.0333379 0 -0.0333379
148.244 -0.0289704 0.00465034 -0.0333477 0 -0.0333477
148.267 -0.0290059 0.00466525 -0.0333565 0 -0.0333565
148.289 -0.0290419 0.0046768 -0.0333663 0 -0.0333663
148.311 -0.029075 0.00468959 -0.0333805 0 -0.0333805
148.333 -0.0291069 0.00470327 -0.0333914 0 -0.0333914
148.356 -0.0291376 0.00471217 -0.0334023 0 -0.0334023
148.378 -0.0291662 0.00472081 -0.0334124 0 -0.0334124
148.4 -0.0291906 0.00472977 -0.0334205 0 -0.0334205
148.422 -0.0292117 0.00473622 -0.0334282 0 -0.0334282
148.444 -0.0292325 0.00474532 -0.0334365 0 -0.0334365
148.467 -0.0292519 0.00475384 -0.0334427 0 -0.0334427
148.489 -0.0292705 0.00476014 -0.0334462 0 -0.0334462
148.511 -0.0292888 0.00476963 -0.0334471 0 -0.0334471
148.533 -0.0293056 0.00477972 -0.0334513 0 -0.0334513
148.556 -0.0293185 0.00479634 -0.0334659 0 -0.0334659
148.578 -0.0293282 0.00481075 -0.0334817 0 -0.0334817
148.6 -0.0293434 0.00482598 -0.0335027 0 -0.0335027
148.622 -0.0293577 0.00483914 -0.0335222 0 -0.0335222
148.644 -0.0293697 0.00485252 -0.0335402 0 -0.0335402
148.667 -0.0293824 0.00486347 -0.0335559 0 -0.0335559
148.689 -0.0293924 0.00487279 -0.0335719 0 -0.0335719
148.711 -0.0294019 0.00488244 -0.0335878 0 -0.0335878
148.733 -0.0294162 0.00488803 -0.0336062 0 -0.0336062
148.756 -0.0294305 0.00489646 -0.0336226 0 -0.0336226
148.778 -0.0294464 0.00490805 -0.0336421 0 -0.0336421
148.8 -0.0294651 0.00491801 -0.0336624 0 -0.0336624
148.822 -0.0294831 0.00492514 -0.0336842 0 -0.0336842
148.844 -0.0295023 0.00493289 -0.0337065 0 -0.0337065
148.864 -0.0295189 0.00493845 -0.033728 0 -0.033728
148.883 -0.0295386 0.00494401 -0.0337478 0 -0.0337478
148.903 -0.0295605 0.0049463 -0.0337685 0 -0.0337685
148.922 -0.0295812 0.00494728 -0.0337927 0 -0.0337927
148.942 -0.0295983 0.00494716 -0.0338154 0 -0.0338154
148.961 -0.0296182 0.00494591 -0.0338416 0 -0.0338416
148.981 -0.0296437 0.00494401 -0.033866 0 -0.033866
149 -0.0296701 0.00494385 -0.0338894 0 -0.0338894
149.022 -0.0297032 0.00493861 -0.0339139 0 -0.0339139
149.043 -0.0297376 0.00492688 -0.0339394 0 -0.0339394
149.065 -0.0297746 0.00492025 -0.0339653 0 -0.0339653
149.086 -0.0298045 0.00491754 -0.0339867 0 -0.0339867
149.107 -0.0298369 0.00491789 -0.0340145 0 -0.0340145
149.129 -0.0298704 0.00491605 -0.0340389 0 -0.0340389
149.15 -0.0299016 0.00491308 -0.0340647 0 -0.0340647
149.171 -0.029933 0.00491294 -0.0340859 0 -0.0340859
149.192 -0.0299598 0.00490715 -0.0341097 0 -0.0341097
149.212 -0.0299841 0.00490111 -0.0341363 0 -0.0341363
149.233 -0.0300057 0.0048942 -0.0341619 0 -0.0341619
149.254 -0.0300309 0.00488562 -0.0341924 0 -0.0341924
149.275 -0.0300567 0.00487668 -0.034219 0 -0.034219
149.295 -0.0300871 0.004869 -0.0342445 0 -0.0342445
149.316 -0.0301184 0.00486007 -0.034273 0 -0.034273
149.337 -0.0301473 0.00485185 -0.0343 0 -0.0343
149.358 -0.0301772 0.00484082 -0.0343286 0 -0.0343286
149.378 -0.03021 0.00482822 -0.0343578 0 -0.0343578
149.399 -0.0302392 0.00481663 -0.0343863 0 -0.0343863
149.42 -0.0302635 0.00479765 -0.0344149 0 -0.0344149
149.44 -0.030291 0.00477806 -0.0344388 0 -0.0344388
149.461 -0.0303121 0.00475957 -0.0344642 0 -0.0344642
149.482 -0.0303316 0.00473606 -0.0344862 0 -0.0344862
149.503 -0.0303495 0.00471406 -0.0345107 0 -0.0345107
149.523 -0.030367 0.00469159 -0.0345395 0 -0.0345395
149.544 -0.0303864 0.00466957 -0.0345688 0 -0.0345688
149.565 -0.0304036 0.00464715 -0.0346001 0 -0.0346001
149.586 -0.0304206 0.0046238 -0.0346309 0 -0.0346309
149.606 -0.0304314 0.00459762 -0.0346617 0 -0.0346617
149.627 -0.0304459 0.00457276 -0.0346883 0 -0.0346883
149.648 -0.0304629 0.00454767 -0.0347136 0 -0.0347136
149.668 -0.0304763 0.00451935 -0.0347369 0 -0.0347369
149.689 -0.0304879 0.00448919 -0.0347524 0 -0.0347524
149.71 -0.0304964 0.00445879 -0.0347753 0 -0.0347753
149.731 -0.0305051 0.00442857 -0.0348 0 -0.0348
149.751 -0.030516 0.00439658 -0.0348237 0 -0.0348237
149.772 -0.0305287 0.00436103 -0.0348463 0 -0.0348463
149.793 -0.03054 0.00432788 -0.0348706 0 -0.0348706
149.813 -0.030551 0.00429855 -0.0348923 0 -0.0348923
149.834 -0.0305609 0.00427023 -0.0349151 0 -0.0349151
149.855 -0.0305721 0.00424233 -0.0349406 0 -0.0349406
149.876 -0.030582 0.00421562 -0.0349671 0 -0.0349671
149.896 -0.0305926 0.00418771 -0.0349997 0 -0.0349997
149.917 -0.0305979 0.00415948 -0.0350292 0 -0.0350292
149.938 -0.0306056 0.00413419 -0.0350547 0 -0.0350547
149.959 -0.0306143 0.00410727 -0.0350784 0 -0.0350784
149.979 -0.0306232 0.00408417 -0.035098 0 -0.035098
150 -0.0306308 0.00406162 -0.0351175 0 -0.0351175
150.021 -0.0306388 0.00404169 -0.0351394 0 -0.0351394
150.043 -0.0306482 0.00401966 -0.0351616 0 -0.0351616
150.065 -0.0306536 0.00399975 -0.035183 0 -0.035183
150.087 -0.0306604 0.00397677 -0.0351977 0 -0.0351977
150.108 -0.030669 0.00395209 -0.0352081 0 -0.0352081
150.13 -0.0306815 0.00393254 -0.0352188 0 -0.0352188
150.152 -0.0306897 0.00391126 -0.0352259 0 -0.0352259
150.174 -0.0307093 0.00389075 -0.035234 0 -0.035234
150.195 -0.0307248 0.00387413 -0.035245 0 -0.035245
150.218 -0.030737 0.00385672 -0.0352537 0 -0.0352537
150.24 -0.030752 0.0038409 -0.0352647 0 -0.0352647
150.262 -0.0307683 0.00382236 -0.0352757 0 -0.0352757
150.285 -0.0307851 0.00380081 -0.0352902 0 -0.0352902
150.307 -0.030796 0.0037804 -0.035303 0 -0.035303
150.329 -0.0308063 0.00376287 -0.0353119 0 -0.0353119
150.353 -0.0308182 0.00375229 -0.0353177 0 -0.0353177
150.376 -0.0308307 0.00374101 -0.0353237 0 -0.0353237
150.399 -0.0308448 0.00373537 -0.0353263 0 -0.0353263
150.422 -0.0308575 0.00373225 -0.0353303 0 -0.0353303
150.445 -0.030872 0.00373686 -0.0353326 0 -0.0353326
150.468 -0.0308842 0.00374334 -0.0353316 0 -0.0353316
150.491 -0.0308971 0.00374761 -0.0353296 0 -0.0353296
150.514 -0.030911 0.00375517 -0.0353273 0 -0.0353273
150.538 -0.0309237 0.00376171 -0.0353192 0 -0.0353192
150.561 -0.0309345 0.0037725 -0.0353132 0 -0.0353132
150.584 -0.0309482 0.00378242 -0.0353089 0 -0.0353089
150.607 -0.0309615 0.0037933 -0.0353092 0 -0.0353092
150.63 -0.0309772 0.00380219 -0.0353092 0 -0.0353092
150.653 -0.0309935 0.00381335 -0.0353107 0 -0.0353107
150.676 -0.0310137 0.00382715 -0.0353104 0 -0.0353104
150.699 -0.0310326 0.00384288 -0.0353123 0 -0.0353123
150.723 -0.0310552 0.00385702 -0.0353081 0 -0.0353081
150.746 -0.031076 0.003868 -0.0353008 0 -0.0353008
150.769 -0.0310971 0.00388143 -0.0352929 0 -0.0352929
150.792 -0.0311126 0.00389286 -0.0352847 0 -0.0352847
150.815 -0.031134 0.0039052 -0.0352764 0 -0.0352764
150.838 -0.0311526 0.00392444 -0.0352671 0 -0.0352671
150.861 -0.0311733 0.00394639 -0.0352579 0 -0.0352579
150.884 -0.0311914 0.00397052 -0.0352498 0 -0.0352498
150.908 -0.0312073 0.00399635 -0.0352427 0 -0.0352427
150.931 -0.0312242 0.00401794 -0.0352364 0 -0.0352364
150.954 -0.0312429 0.0040406 -0.0352339 0 -0.0352339
150.977 -0.0312615 0.00406062 -0.0352357 0 -0.0352357
151 -0.0312797 0.00408046 -0.035237 0 -0.035237
151.024 -0.0312977 0.00409803 -0.0352378 0 -0.0352378
151.048 -0.0313184 0.00411699 -0.0352428 0 -0.0352428
151.071 -0.0313341 0.00414302 -0.0352534 0 -0.0352534
151.095 -0.0313521 0.00416974 -0.0352634 0 -0.0352634
151.118 -0.0313637 0.0041916 -0.035271 0 -0.035271
151.141 -0.0313806 0.00421873 -0.0352813 0 -0.0352813
151.164 -0.0313956 0.00424269 -0.0352949 0 -0.0352949
151.188 -0.03141 0.0042658 -0.0353101 0 -0.0353101
151.211 -0.0314207 0.00428712 -0.0353254 0 -0.0353254
151.233 -0.0314284 0.00431139 -0.0353461 0 -0.0353461
151.256 -0.0314408 0.00433965 -0.0353691 0 -0.0353691
151.278 -0.031457 0.00436048 -0.0353936 0 -0.0353936
151.301 -0.031471 0.00438092 -0.0354175 0 -0.0354175
151.323 -0.0314863 0.00440457 -0.0354396 0 -0.0354396
151.346 -0.0314986 0.00443201 -0.0354595 0 -0.0354595
151.369 -0.0315141 0.00446215 -0.0354881 0 -0.0354881
151.391 -0.0315312 0.00449495 -0.0355142 0 -0.0355142
151.414 -0.0315529 0.00452254 -0.03554 0 -0.03554
151.436 -0.031573 0.00455108 -0.0355657 0 -0.0355657
151.458 -0.0315956 0.00458446 -0.0355913 0 -0.0355913
151.48 -0.0316186 0.00462118 -0.0356203 0 -0.0356203
151.501 -0.031643 0.00465748 -0.0356516 0 -0.0356516
151.523 -0.0316675 0.00469081 -0.0356778 0 -0.0356778
151.545 -0.0316926 0.00472258 -0.0357054 0 -0.0357054
151.566 -0.0317173 0.00475226 -0.0357335 0 -0.0357335
151.588 -0.0317381 0.00478269 -0.035763 0 -0.035763
151.61 -0.0317564 0.00481619 -0.0357963 0 -0.0357963
151.631 -0.0317737 0.00484778 -0.0358265 0 -0.0358265
151.653 -0.0317921 0.00488025 -0.0358572 0 -0.0358572
151.675 -0.0318167 0.00491404 -0.0358932 0 -0.0358932
151.696 -0.0318418 0.00494294 -0.0359275 0 -0.0359275
151.718 -0.0318642 0.00497251 -0.0359659 0 -0.0359659
151.74 -0.0318858 0.00499798 -0.0360074 0 -0.0360074
151.761 -0.0319126 0.00502697 -0.0360451 0 -0.0360451
151.783 -0.0319425 0.00505139 -0.0360892 0 -0.0360892
151.805 -0.0319707 0.00507623 -0.0361328 0 -0.0361328
151.827 -0.0319992 0.00509726 -0.0361776 0 -0.0361776
151.848 -0.0320245 0.00511862 -0.0362194 0 -0.0362194
151.87 -0.0320533 0.00513954 -0.036263 0 -0.036263
151.892 -0.0320825 0.00516481 -0.0363074 0 -0.0363074
151.913 -0.0321124 0.00518943 -0.0363491 0 -0.0363491
151.931 -0.0321335 0.00520635 -0.0363838 0 -0.0363838
151.948 -0.0321577 0.00522135 -0.0364177 0 -0.0364177
151.965 -0.0321834 0.00523652 -0.0364512 0 -0.0364512
151.983 -0.0322088 0.00525055 -0.0364821 0 -0.0364821
152 -0.0322364 0.00526628 -0.0365154 0 -0.0365154
152.021 -0.0322726 0.00528744 -0.0365606 0 -0.0365606
152.043 -0.0323102 0.0053049 -0.036608 0 -0.036608
152.064 -0.0323475 0.00532171 -0.0366536 0 -0.0366536
152.085 -0.0323844 0.00534195 -0.0366965 0 -0.0366965
152.106 -0.0324219 0.00536062 -0.0367378 0 -0.0367378
152.128 -0.0324584 0.00537698 -0.036777 0 -0.036777
152.149 -0.0324944 0.00538708 -0.0368162 0 -0.0368162
152.17 -0.0325345 0.00540071 -0.0368509 0 -0.0368509
152.191 -0.0325679 0.00541557 -0.0368849 0 -0.0368849
152.213 -0.0326008 0.0054315 -0.0369222 0 -0.0369222
152.234 -0.0326312 0.00544943 -0.0369548 0 -0.0369548
152.255 -0.0326645 0.00546817 -0.0369884 0 -0.0369884
152.277 -0.0326991 0.00548338 -0.0370242 0 -0.0370242
152.298 -0.0327338 0.00550077 -0.0370548 0 -0.0370548
152.319 -0.0327655 0.00551945 -0.0370895 0 -0.0370895
152.34 -0.0327944 0.00553376 -0.0371261 0 -0.0371261
152.362 -0.0328239 0.00554707 -0.0371593 0 -0.0371593
152.383 -0.0328519 0.00556225 -0.0371947 0 -0.0371947
152.404 -0.0328782 0.00557704 -0.0372259 0 -0.0372259
152.426 -0.0329011 0.0055863 -0.0372549 0 -0.0372549
152.447 -0.032924 0.00559714 -0.037283 0 -0.037283
152.468 -0.0329446 0.00560418 -0.0373096 0 -0.0373096
152.489 -0.0329673 0.00560883 -0.0373337 0 -0.0373337
152.511 -0.0329871 0.00560942 -0.0373559 0 -0.0373559
152.532 -0.0330075 0.00560696 -0.0373776 0 -0.0373776
152.553 -0.0330297 0.00560558 -0.0374009 0 -0.0374009
152.574 -0.0330463 0.00560241 -0.0374213 0 -0.0374213
152.596 -0.0330609 0.00559661 -0.0374405 0 -0.0374405
152.617 -0.0330791 0.00559102 -0.0374598 0 -0.0374598
152.638 -0.033093 0.00558635 -0.0374771 0 -0.0374771
152.66 -0.0331101 0.0055847 -0.037497 0 -0.037497
152.681 -0.0331299 0.00558312 -0.0375151 0 -0.0375151
152.702 -0.0331484 0.00557853 -0.0375286 0 -0.0375286
152.723 -0.0331697 0.00557264 -0.037543 0 -0.037543
152.745 -0.0331954 0.00556252 -0.0375571 0 -0.0375571
152.766 -0.0332191 0.00555528 -0.0375721 0 -0.0375721
152.787 -0.0332398 0.00555048 -0.0375863 0 -0.0375863
152.809 -0.0332579 0.00554603 -0.037597 0 -0.037597
152.83 -0.0332726 0.00554045 -0.0376084 0 -0.0376084
152.851 -0.033288 0.00553518 -0.0376183 0 -0.0376183
152.872 -0.0333002 0.00553031 -0.0376279 0 -0.0376279
152.894 -0.0333078 0.00553007 -0.0376372 0 -0.0376372
152.915 -0.0333147 0.00552778 -0.0376459 0 -0.0376459
152.936 -0.033323 0.00552325 -0.0376628 0 -0.0376628
152.957 -0.0333262 0.00551442 -0.0376714 0 -0.0376714
152.979 -0.0333255 0.00550651 -0.0376818 0 -0.0376818
153 -0.0333231 0.00549597 -0.0376865 0 -0.0376865
153.022 -0.0333197 0.00548359 -0.0376925 0 -0.0376925
153.043 -0.0333174 0.00547247 -0.0377017 0 -0.0377017
153.065 -0.033319 0.00546226 -0.0377119 0 -0.0377119
153.087 -0.0333241 0.00545206 -0.0377226 0 -0.0377226
153.109 -0.0333269 0.00543861 -0.0377314 0 -0.0377314
153.131 -0.0333335 0.00542726 -0.0377388 0 -0.0377388
153.154 -0.0333367 0.00541619 -0.0377476 0 -0.0377476
153.176 -0.0333385 0.00539938 -0.037756 0 -0.037756
153.198 -0.0333416 0.00538184 -0.0377654 0 -0.0377654
153.221 -0.0333441 0.00536636 -0.03778 0 -0.03778
153.243 -0.0333511 0.0053472 -0.0377935 0 -0.0377935
153.265 -0.0333517 0.00532687 -0.0378025 0 -0.0378025
153.287 -0.033353 0.00530522 -0.0378132 0 -0.0378132
153.31 -0.0333533 0.00528478 -0.0378255 0 -0.0378255
153.332 -0.0333556 0.00526558 -0.0378376 0 -0.0378376
153.354 -0.0333602 0.00524277 -0.0378465 0 -0.0378465
153.376 -0.0333633 0.00522468 -0.0378562 0 -0.0378562
153.399 -0.0333651 0.00521091 -0.0378626 0 -0.0378626
153.421 -0.0333653 0.00519856 -0.0378676 0 -0.0378676
153.443 -0.0333643 0.00518588 -0.0378748 0 -0.0378748
153.466 -0.0333593 0.00517466 -0.0378863 0 -0.0378863
153.488 -0.0333483 0.00516509 -0.037892 0 -0.037892
153.51 -0.0333373 0.00516102 -0.0378983 0 -0.0378983
153.532 -0.0333249 0.00515839 -0.0379028 0 -0.0379028
153.555 -0.0333107 0.00515816 -0.0379089 0 -0.0379089
153.577 -0.033301 0.00515743 -0.0379119 0 -0.0379119
153.599 -0.0332916 0.00514954 -0.0379155 0 -0.0379155
153.621 -0.0332797 0.00514331 -0.0379212 0 -0.0379212
153.644 -0.0332679 0.0051409 -0.0379258 0 -0.0379258
153.666 -0.0332551 0.00513077 -0.0379322 0 -0.0379322
153.688 -0.0332411 0.0051252 -0.0379415 0 -0.0379415
153.71 -0.0332254 0.00511805 -0.0379516 0 -0.0379516
153.733 -0.0332091 0.00511145 -0.0379589 0 -0.0379589
153.755 -0.0332005 0.00511265 -0.0379685 0 -0.0379685
153.777 -0.0331938 0.00511183 -0.0379792 0 -0.0379792
153.8 -0.0331863 0.00511587 -0.0379932 0 -0.0379932
153.822 -0.0331784 0.00511697 -0.0379996 0 -0.0379996
153.844 -0.0331642 0.00511439 -0.0380048 0 -0.0380048
153.866 -0.0331491 0.00511704 -0.0380075 0 -0.0380075
153.889 -0.0331303 0.00512106 -0.0380093 0 -0.0380093
153.911 -0.033114 0.00512348 -0.038018 0 -0.038018
153.933 -0.0330996 0.00512356 -0.0380247 0 -0.0380247
153.955 -0.0330878 0.00512651 -0.0380329 0 -0.0380329
153.978 -0.0330689 0.00512721 -0.038037 0 -0.038037
154 -0.0330526 0.00512859 -0.0380451 0 -0.0380451
154.023 -0.033037 0.00513213 -0.0380482 0 -0.0380482
154.046 -0.0330246 0.00513471 -0.038051 0 -0.038051
154.069 -0.033012 0.00514012 -0.038052 0 -0.038052
154.093 -0.0329957 0.00514171 -0.0380529 0 -0.0380529
154.116 -0.0329802 0.00513919 -0.0380515 0 -0.0380515
154.139 -0.0329606 0.00513702 -0.0380549 0 -0.0380549
154.162 -0.0329464 0.00513399 -0.0380605 0 -0.0380605
154.186 -0.0329371 0.00513427 -0.0380682 0 -0.0380682
154.209 -0.0329315 0.00513981 -0.0380777 0 -0.0380777
154.232 -0.032927 0.00514533 -0.0380781 0 -0.0380781
154.255 -0.0329257 0.00514702 -0.0380835 0 -0.0380835
154.279 -0.0329274 0.00514679 -0.0380853 0 -0.0380853
154.302 -0.0329302 0.00514768 -0.0380852 0 -0.0380852
154.325 -0.0329322 0.00514768 -0.0380909 0 -0.0380909
154.348 -0.0329322 0.00514735 -0.0380968 0 -0.0380968
154.372 -0.0329302 0.00514618 -0.0381031 0 -0.0381031
154.395 -0.032931 0.00514894 -0.0381105 0 -0.0381105
154.418 -0.0329347 0.00514927 -0.0381147 0 -0.0381147
154.442 -0.032938 0.0051507 -0.0381196 0 -0.0381196
154.465 -0.0329399 0.00515451 -0.0381266 0 -0.0381266
154.487 -0.0329457 0.00515339 -0.0381384 0 -0.0381384
154.509 -0.0329507 0.00515717 -0.0381481 0 -0.0381481
154.532 -0.0329571 0.00516438 -0.0381615 0 -0.0381615
154.554 -0.0329652 0.00517171 -0.0381747 0 -0.0381747
154.576 -0.0329779 0.00517902 -0.0381915 0 -0.0381915
154.599 -0.0329859 0.00518292 -0.038209 0 -0.038209
154.621 -0.0329945 0.00519425 -0.0382224 0 -0.0382224
154.643 -0.033008 0.00520588 -0.0382331 0 -0.0382331
154.666 -0.0330193 0.0052169 -0.0382397 0 -0.0382397
154.688 -0.0330314 0.00522424 -0.0382459 0 -0.0382459
154.71 -0.0330436 0.00523238 -0.0382489 0 -0.0382489
154.732 -0.0330535 0.00523345 -0.0382554 0 -0.0382554
154.755 -0.0330592 0.00523362 -0.0382578 0 -0.0382578
154.777 -0.0330657 0.00523397 -0.038259 0 -0.038259
154.799 -0.0330722 0.00523124 -0.0382588 0 -0.0382588
154.822 -0.0330724 0.00522805 -0.0382546 0 -0.0382546
154.844 -0.0330751 0.00522679 -0.038249 0 -0.038249
154.866 -0.0330796 0.00522408 -0.0382419 0 -0.0382419
154.889 -0.0330877 0.0052215 -0.0382317 0 -0.0382317
154.911 -0.0330913 0.00522402 -0.0382236 0 -0.0382236
154.933 -0.0330968 0.00522867 -0.038217 0 -0.038217
154.955 -0.0331035 0.00523264 -0.0382076 0 -0.0382076
154.978 -0.0331104 0.00523754 -0.0381996 0 -0.0381996
155 -0.0331185 0.00524659 -0.0381944 0 -0.0381944
155.022 -0.0331274 0.00525259 -0.0381892 0 -0.0381892
155.044 -0.0331325 0.00525321 -0.0381812 0 -0.0381812
155.067 -0.0331346 0.00525249 -0.0381759 0 -0.0381759
155.089 -0.0331423 0.00525122 -0.0381676 0 -0.0381676
155.111 -0.0331484 0.00525154 -0.0381625 0 -0.0381625
155.133 -0.0331573 0.00524998 -0.0381595 0 -0.0381595
155.156 -0.0331656 0.00524726 -0.0381528 0 -0.0381528
155.178 -0.0331681 0.00524326 -0.0381398 0 -0.0381398
155.2 -0.0331763 0.00523274 -0.0381318 0 -0.0381318
155.222 -0.0331831 0.00522294 -0.0381266 0 -0.0381266
155.244 -0.0331895 0.00521549 -0.0381174 0 -0.0381174
155.267 -0.0331901 0.00520425 -0.0381096 0 -0.0381096
155.289 -0.0331932 0.00518825 -0.0380992 0 -0.0380992
155.311 -0.0331943 0.00517683 -0.0380842 0 -0.0380842
155.333 -0.0331924 0.00516525 -0.0380716 0 -0.0380716
155.356 -0.0331931 0.00515582 -0.0380665 0 -0.0380665
155.378 -0.033193 0.00514014 -0.038057 0 -0.038057
155.4 -0.0331887 0.00512564 -0.0380467 0 -0.0380467
155.422 -0.0331828 0.00511091 -0.0380354 0 -0.0380354
155.444 -0.0331762 0.00509459 -0.0380244 0 -0.0380244
155.467 -0.0331698 0.00507673 -0.0380152 0 -0.0380152
155.489 -0.0331634 0.00505557 -0.0380059 0 -0.0380059
155.511 -0.0331557 0.00504063 -0.0379996 0 -0.0379996
155.533 -0.0331499 0.00503135 -0.0379957 0 -0.0379957
155.556 -0.0331383 0.0050245 -0.0379897 0 -0.0379897
155.578 -0.0331249 0.00501681 -0.0379856 0 -0.0379856
155.6 -0.0331112 0.00500268 -0.0379809 0 -0.0379809
155.622 -0.0331047 0.00498491 -0.0379767 0 -0.0379767
155.644 -0.0331017 0.00496117 -0.0379744 0 -0.0379744
155.667 -0.0330997 0.00493726 -0.0379748 0 -0.0379748
155.689 -0.0330955 0.00492202 -0.0379763 0 -0.0379763
155.711 -0.0330923 0.00490429 -0.0379755 0 -0.0379755
155.733 -0.0330883 0.00488854 -0.0379798 0 -0.0379798
155.756 -0.033085 0.00487412 -0.0379801 0 -0.0379801
155.778 -0.0330852 0.00486012 -0.0379763 0 -0.0379763
155.8 -0.0330825 0.00484811 -0.0379689 0 -0.0379689
155.822 -0.0330783 0.00483654 -0.0379581 0 -0.0379581
155.844 -0.0330757 0.00482561 -0.0379492 0 -0.0379492
155.867 -0.0330795 0.00481628 -0.0379363 0 -0.0379363
155.889 -0.0330811 0.00480641 -0.0379259 0 -0.0379259
155.911 -0.0330822 0.00479451 -0.0379189 0 -0.0379189
155.933 -0.0330796 0.0047818 -0.0379191 0 -0.0379191
155.956 -0.0330827 0.00477285 -0.0379122 0 -0.0379122
155.978 -0.033086 0.00476465 -0.0379107 0 -0.0379107
156 -0.0330871 0.0047559 -0.0379047 0 -0.0379047
156.023 -0.0330843 0.00474893 -0.0378989 0 -0.0378989
156.047 -0.0330839 0.00473751 -0.0378931 0 -0.0378931
156.07 -0.0330834 0.00472315 -0.0378888 0 -0.0378888
156.093 -0.0330813 0.00471109 -0.0378855 0 -0.0378855
156.116 -0.0330786 0.00470002 -0.0378818 0 -0.0378818
156.14 -0.0330779 0.00468931 -0.0378747 0 -0.0378747
156.163 -0.0330716 0.00468255 -0.0378702 0 -0.0378702
156.186 -0.0330676 0.00467365 -0.037862 0 -0.037862
156.209 -0.0330663 0.00467447 -0.0378554 0 -0.0378554
156.233 -0.0330678 0.00467535 -0.0378494 0 -0.0378494
156.256 -0.0330684 0.0046784 -0.0378451 0 -0.0378451
156.279 -0.0330655 0.00468269 -0.03784 0 -0.03784
156.302 -0.0330654 0.00468742 -0.0378367 0 -0.0378367
156.326 -0.0330608 0.00468956 -0.037835 0 -0.037835
156.349 -0.0330548 0.00469904 -0.0378328 0 -0.0378328
156.371 -0.0330523 0.00470177 -0.0378356 0 -0.0378356
156.394 -0.0330478 0.00470374 -0.0378392 0 -0.0378392
156.416 -0.0330485 0.00470566 -0.0378437 0 -0.0378437
156.439 -0.0330448 0.00470396 -0.0378443 0 -0.0378443
156.461 -0.0330412 0.00470233 -0.037843 0 -0.037843
156.484 -0.0330357 0.00470576 -0.0378406 0 -0.0378406
156.506 -0.0330353 0.00470519 -0.0378297 0 -0.0378297
156.528 -0.0330378 0.00471032 -0.0378201 0 -0.0378201
156.551 -0.0330415 0.00471814 -0.0378051 0 -0.0378051
156.573 -0.0330435 0.00472538 -0.037796 0 -0.037796
156.596 -0.0330431 0.00473606 -0.0377823 0 -0.0377823
156.618 -0.0330344 0.00474703 -0.0377728 0 -0.0377728
156.641 -0.0330302 0.00476242 -0.0377606 0 -0.0377606
156.662 -0.0330285 0.00477126 -0.0377449 0 -0.0377449
156.683 -0.0330309 0.00478187 -0.0377294 0 -0.0377294
156.704 -0.0330263 0.0047877 -0.0377096 0 -0.0377096
156.725 -0.0330208 0.00479757 -0.0376937 0 -0.0376937
156.746 -0.0330139 0.0048096 -0.0376784 0 -0.0376784
156.768 -0.0330056 0.00482235 -0.0376625 0 -0.0376625
156.789 -0.0329889 0.00483195 -0.0376416 0 -0.0376416
156.81 -0.0329704 0.00484782 -0.0376238 0 -0.0376238
156.831 -0.0329584 0.00486499 -0.0376057 0 -0.0376057
156.852 -0.0329471 0.004881 -0.0375885 0 -0.0375885
156.873 -0.032934 0.00490198 -0.0375723 0 -0.0375723
156.894 -0.0329203 0.00492214 -0.037554 0 -0.037554
156.915 -0.0329103 0.0049451 -0.0375339 0 -0.0375339
156.937 -0.0329002 0.00496622 -0.0375092 0 -0.0375092
156.958 -0.0328872 0.00498881 -0.0374887 0 -0.0374887
156.979 -0.0328699 0.00501161 -0.037469 0 -0.037469
157 -0.0328524 0.00503617 -0.0374468 0 -0.0374468
157.021 -0.0328374 0.0050623 -0.037421 0 -0.037421
157.043 -0.0328182 0.00508933 -0.0373931 0 -0.0373931
157.064 -0.032799 0.00511782 -0.0373635 0 -0.0373635
157.085 -0.032788 0.00514991 -0.0373336 0 -0.0373336
157.106 -0.0327753 0.00518309 -0.0373085 0 -0.0373085
157.128 -0.0327593 0.00521705 -0.0372783 0 -0.0372783
157.149 -0.0327409 0.00525206 -0.0372512 0 -0.0372512
157.171 -0.0327243 0.00529047 -0.0372237 0 -0.0372237
157.193 -0.0327037 0.00532719 -0.0371909 0 -0.0371909
157.215 -0.032682 0.00536269 -0.0371568 0 -0.0371568
157.237 -0.032663 0.00539976 -0.0371228 0 -0.0371228
157.259 -0.0326427 0.00544074 -0.0370864 0 -0.0370864
157.28 -0.0326223 0.00547991 -0.0370551 0 -0.0370551
157.302 -0.0326047 0.00552347 -0.037026 0 -0.037026
157.324 -0.0325851 0.00556627 -0.0369942 0 -0.0369942
157.346 -0.0325655 0.00561251 -0.0369662 0 -0.0369662
157.368 -0.0325458 0.00565481 -0.0369364 0 -0.0369364
157.389 -0.0325237 0.00569542 -0.0369027 0 -0.0369027
157.411 -0.0325011 0.00573643 -0.0368672 0 -0.0368672
157.433 -0.032485 0.00577783 -0.0368321 0 -0.0368321
157.455 -0.0324676 0.00581435 -0.0367975 0 -0.0367975
157.477 -0.0324572 0.00585485 -0.0367678 0 -0.0367678
157.498 -0.0324449 0.00589617 -0.0367398 0 -0.0367398
157.52 -0.0324361 0.00593661 -0.0367081 0 -0.0367081
157.542 -0.0324198 0.00597577 -0.0366828 0 -0.0366828
157.564 -0.0324018 0.00601457 -0.0366545 0 -0.0366545
157.586 -0.0323811 0.00605108 -0.0366291 0 -0.0366291
157.607 -0.032356 0.00608905 -0.0366064 0 -0.0366064
157.629 -0.0323293 0.00612544 -0.0365819 0 -0.0365819
157.651 -0.0323067 0.00615907 -0.0365578 0 -0.0365578
157.673 -0.0322824 0.00619593 -0.0365375 0 -0.0365375
157.695 -0.0322629 0.00623136 -0.0365206 0 -0.0365206
157.716 -0.0322415 0.00626309 -0.0365001 0 -0.0365001
157.738 -0.0322199 0.00629133 -0.0364797 0 -0.0364797
157.76 -0.0322005 0.00631986 -0.0364593 0 -0.0364593
157.782 -0.0321873 0.00635374 -0.036436 0 -0.036436
157.804 -0.0321716 0.00638811 -0.036415 0 -0.036415
157.826 -0.0321595 0.00642494 -0.0363979 0 -0.0363979
157.847 -0.0321472 0.00645965 -0.03638 0 -0.03638
157.869 -0.0321364 0.00649984 -0.0363596 0 -0.0363596
157.891 -0.0321285 0.00653526 -0.0363395 0 -0.0363395
157.913 -0.03212 0.00656868 -0.0363218 0 -0.0363218
157.935 -0.0321115 0.00660439 -0.0363034 0 -0.0363034
157.956 -0.0321024 0.00663509 -0.0362877 0 -0.0362877
157.978 -0.0320927 0.00666211 -0.0362715 0 -0.0362715
158 -0.0320797 0.00668707 -0.0362481 0 -0.0362481
158.024 -0.0320651 0.00670691 -0.0362247 0 -0.0362247
158.048 -0.0320518 0.00673186 -0.0362036 0 -0.0362036
158.071 -0.0320387 0.006755 -0.0361865 0 -0.0361865
158.095 -0.0320222 0.00677567 -0.0361691 0 -0.0361691
158.119 -0.0320071 0.00679748 -0.0361498 0 -0.0361498
158.143 -0.0319947 0.00681851 -0.0361285 0 -0.0361285
158.167 -0.0319849 0.00684187 -0.0361002 0 -0.0361002
158.19 -0.0319711 0.00686405 -0.0360773 0 -0.0360773
158.214 -0.0319513 0.00688506 -0.0360538 0 -0.0360538
158.238 -0.0319335 0.0069016 -0.0360262 0 -0.0360262
158.262 -0.0319175 0.00691576 -0.0359938 0 -0.0359938
158.286 -0.031901 0.00693144 -0.0359623 0 -0.0359623
158.31 -0.0318904 0.00694239 -0.0359294 0 -0.0359294
158.333 -0.0318825 0.00695498 -0.0358974 0 -0.0358974
158.356 -0.0318744 0.00696459 -0.0358716 0 -0.0358716
158.379 -0.031868 0.00697418 -0.0358409 0 -0.0358409
158.402 -0.0318627 0.00698589 -0.0358088 0 -0.0358088
158.425 -0.0318576 0.00699576 -0.0357811 0 -0.0357811
158.448 -0.031855 0.00700608 -0.0357545 0 -0.0357545
158.471 -0.0318553 0.00701992 -0.0357346 0 -0.0357346
158.494 -0.0318568 0.00703301 -0.035712 0 -0.035712
158.517 -0.0318597 0.00704501 -0.0356909 0 -0.0356909
158.54 -0.0318671 0.0070561 -0.0356669 0 -0.0356669
158.563 -0.0318757 0.00706835 -0.0356428 0 -0.0356428
158.586 -0.0318831 0.00707861 -0.0356167 0 -0.0356167
158.609 -0.0318851 0.00708624 -0.0355962 0 -0.0355962
158.632 -0.0318874 0.00709265 -0.0355737 0 -0.0355737
158.655 -0.0318852 0.00709904 -0.0355483 0 -0.0355483
158.678 -0.0318839 0.00710489 -0.0355165 0 -0.0355165
158.7 -0.0318863 0.00711179 -0.0354937 0 -0.0354937
158.721 -0.0318841 0.00711764 -0.0354701 0 -0.0354701
158.743 -0.0318842 0.00711765 -0.035447 0 -0.035447
158.764 -0.031888 0.00711895 -0.0354214 0 -0.0354214
158.785 -0.0318896 0.0071211 -0.0353965 0 -0.0353965
158.807 -0.0318926 0.00711999 -0.0353673 0 -0.0353673
158.828 -0.0318989 0.00711635 -0.0353318 0 -0.0353318
158.85 -0.0319101 0.00711374 -0.0352982 0 -0.0352982
158.871 -0.0319193 0.00711149 -0.035261 0 -0.035261
158.893 -0.0319316 0.00710752 -0.0352229 0 -0.0352229
158.914 -0.0319448 0.00710099 -0.0351829 0 -0.0351829
158.936 -0.0319564 0.00709676 -0.0351435 0 -0.0351435
158.957 -0.0319675 0.00709484 -0.0351031 0 -0.0351031
158.979 -0.0319791 0.00709339 -0.0350605 0 -0.0350605
159 -0.0319888 0.00709309 -0.035016 0 -0.035016
159.022 -0.0320012 0.00709245 -0.0349707 0 -0.0349707
159.044 -0.0320086 0.00708874 -0.0349243 0 -0.0349243
159.066 -0.0320185 0.00708342 -0.0348786 0 -0.0348786
159.088 -0.0320304 0.00707754 -0.0348304 0 -0.0348304
159.11 -0.032043 0.00707766 -0.034787 0 -0.034787
159.131 -0.0320524 0.00707774 -0.0347461 0 -0.0347461
159.153 -0.0320578 0.00707863 -0.0347035 0 -0.0347035
159.175 -0.0320595 0.0070802 -0.0346627 0 -0.0346627
159.196 -0.0320629 0.00708179 -0.0346255 0 -0.0346255
159.218 -0.0320711 0.00707975 -0.0345861 0 -0.0345861
159.24 -0.0320807 0.00708415 -0.0345498 0 -0.0345498
159.262 -0.0320892 0.00708878 -0.034513 0 -0.034513
159.283 -0.0321006 0.00709847 -0.0344778 0 -0.0344778
159.305 -0.0321079 0.00710396 -0.034439 0 -0.034439
159.327 -0.032116 0.00710786 -0.0344025 0 -0.0344025
159.348 -0.0321227 0.00710681 -0.0343657 0 -0.0343657
159.37 -0.0321245 0.00711173 -0.0343313 0 -0.0343313
159.392 -0.0321255 0.00711679 -0.0342966 0 -0.0342966
159.414 -0.032127 0.00712316 -0.0342627 0 -0.0342627
159.435 -0.0321289 0.00713242 -0.0342287 0 -0.0342287
159.457 -0.0321383 0.00714103 -0.0341993 0 -0.0341993
159.479 -0.0321426 0.00715149 -0.0341659 0 -0.0341659
159.501 -0.0321459 0.00716236 -0.0341323 0 -0.0341323
159.522 -0.0321454 0.0071802 -0.0341023 0 -0.0341023
159.544 -0.0321496 0.00719725 -0.0340702 0 -0.0340702
159.566 -0.0321551 0.00721597 -0.0340384 0 -0.0340384
159.587 -0.0321578 0.00723424 -0.0340062 0 -0.0340062
159.609 -0.0321619 0.00725408 -0.0339778 0 -0.0339778
159.631 -0.0321665 0.00727188 -0.0339471 0 -0.0339471
159.653 -0.0321736 0.00728754 -0.0339138 0 -0.0339138
159.674 -0.0321803 0.00730411 -0.0338759 0 -0.0338759
159.696 -0.0321846 0.00731824 -0.0338372 0 -0.0338372
159.718 -0.0321909 0.00733297 -0.0338031 0 -0.0338031
159.739 -0.0321998 0.00734696 -0.0337718 0 -0.0337718
159.761 -0.0322098 0.00736316 -0.0337448 0 -0.0337448
159.783 -0.0322156 0.00738088 -0.0337166 0 -0.0337166
159.805 -0.0322247 0.00739976 -0.033687 0 -0.033687
159.826 -0.032233 0.00742105 -0.0336602 0 -0.0336602
159.848 -0.0322402 0.00744219 -0.0336341 0 -0.0336341
159.87 -0.0322482 0.00746419 -0.0336072 0 -0.0336072
159.891 -0.0322532 0.00748274 -0.0335756 0 -0.0335756
159.913 -0.0322645 0.00750215 -0.0335444 0 -0.0335444
159.935 -0.0322771 0.00752009 -0.0335159 0 -0.0335159
159.957 -0.0322846 0.00753436 -0.033483 0 -0.033483
159.978 -0.0322918 0.00755134 -0.0334478 0 -0.0334478
160 -0.0323035 0.00757045 -0.0334202 0 -0.0334202
