# t px py pz frame_uz pz_lab  (vitesses barycentriques ; invariant = px, py, pz_lab ~ 0 ; pz seul -> -frame_uz, normal)
160.001 -0.0163515 0.0026596 -0.0349791 2.68049e-05 -0.0349523
160.003 -0.0163527 0.00266035 -0.0357673 0.000817637 -0.0349497
160.006 -0.0163529 0.00266046 -0.037062 0.0021132 -0.0349488
160.009 -0.016353 0.00266071 -0.0388582 0.00390995 -0.0349482
160.014 -0.0163532 0.002661 -0.0410491 0.00610131 -0.0349478
160.019 -0.0163534 0.00266132 -0.0436892 0.00874193 -0.0349473
160.024 -0.0163537 0.0026616 -0.0468339 0.0118873 -0.0349466
160.03 -0.0163541 0.00266188 -0.0505495 0.0156035 -0.034946
160.037 -0.0163545 0.00266217 -0.0547687 0.0198233 -0.0349454
160.044 -0.016355 0.00266235 -0.0597315 0.0247867 -0.0349447
160.051 -0.0163555 0.00266251 -0.06539 0.0304459 -0.0349441
160.059 -0.016356 0.00266265 -0.0717512 0.0368077 -0.0349435
160.067 -0.0163564 0.00266286 -0.0788247 0.043882 -0.0349427
160.075 -0.0163567 0.00266302 -0.0866114 0.0516695 -0.0349419
160.084 -0.0163571 0.0026633 -0.0950714 0.0601303 -0.0349411
160.092 -0.0163575 0.00266358 -0.104271 0.069331 -0.0349403
160.101 -0.016358 0.00266373 -0.114224 0.0792848 -0.0349393
160.111 -0.0163583 0.00266387 -0.124898 0.0899596 -0.0349382
160.12 -0.0163588 0.00266417 -0.136339 0.101402 -0.0349371
160.13 -0.0163596 0.00266463 -0.148466 0.11353 -0.0349361
160.14 -0.0163603 0.00266521 -0.161446 0.126511 -0.034935
160.149 -0.0163611 0.0026657 -0.175148 0.140215 -0.0349336
160.159 -0.0163618 0.0026663 -0.189627 0.154695 -0.0349321
160.17 -0.0163625 0.00266669 -0.204892 0.169961 -0.0349305
160.18 -0.0163631 0.00266699 -0.220952 0.186023 -0.0349289
160.19 -0.0163637 0.00266731 -0.237594 0.202666 -0.0349273
160.2 -0.0163643 0.0026677 -0.255039 0.220113 -0.0349257
160.211 -0.0163649 0.00266799 -0.2733 0.238376 -0.034924
160.222 -0.0163655 0.00266831 -0.292146 0.257224 -0.0349223
160.232 -0.016366 0.00266862 -0.311843 0.276922 -0.0349206
160.243 -0.0163666 0.00266889 -0.332122 0.297203 -0.0349188
160.254 -0.0163672 0.00266918 -0.352976 0.31806 -0.0349169
160.264 -0.0163679 0.00266951 -0.374716 0.339801 -0.0349151
160.275 -0.0163685 0.00266985 -0.397024 0.362111 -0.0349133
160.286 -0.016369 0.0026702 -0.419892 0.38498 -0.0349116
160.297 -0.0163695 0.00267041 -0.443306 0.408396 -0.0349099
160.308 -0.01637 0.00267063 -0.467675 0.432766 -0.0349082
160.319 -0.0163705 0.00267095 -0.492571 0.457664 -0.0349066
160.33 -0.016371 0.00267121 -0.518032 0.483127 -0.034905
160.341 -0.0163714 0.00267155 -0.54402 0.509117 -0.0349032
160.352 -0.0163722 0.00267207 -0.570478 0.535576 -0.0349014
160.363 -0.0163729 0.0026726 -0.597354 0.562455 -0.0348998
160.374 -0.0163735 0.00267297 -0.624683 0.589785 -0.0348981
160.385 -0.0163743 0.00267335 -0.652475 0.617578 -0.0348964
160.396 -0.0163752 0.00267366 -0.680733 0.645838 -0.0348949
160.407 -0.0163757 0.00267409 -0.70944 0.674547 -0.0348931
160.418 -0.0163763 0.00267436 -0.739145 0.704254 -0.0348911
160.429 -0.016377 0.00267471 -0.769317 0.734428 -0.034889
160.44 -0.0163776 0.00267492 -0.799913 0.765026 -0.0348868
160.451 -0.0163781 0.00267535 -0.830939 0.796054 -0.0348848
160.463 -0.0163785 0.00267567 -0.862387 0.827504 -0.0348828
160.474 -0.0163786 0.00267601 -0.894252 0.859371 -0.0348806
160.485 -0.0163787 0.00267653 -0.92653 0.891651 -0.0348784
160.496 -0.016379 0.00267684 -0.959217 0.924341 -0.0348759
160.507 -0.0163796 0.00267709 -0.992296 0.957423 -0.0348734
160.519 -0.0163803 0.00267742 -1.02576 0.990891 -0.0348711
160.53 -0.016381 0.00267772 -1.0596 1.02473 -0.034869
160.541 -0.0163816 0.00267843 -1.09379 1.05892 -0.0348669
160.552 -0.0163822 0.00267918 -1.12833 1.09347 -0.0348647
160.563 -0.016383 0.0026796 -1.16321 1.12835 -0.0348626
160.575 -0.0163841 0.00268029 -1.19842 1.16356 -0.03486
160.586 -0.016385 0.00268105 -1.23397 1.19911 -0.0348575
160.597 -0.0163858 0.00268164 -1.26983 1.23497 -0.0348549
160.608 -0.0163867 0.00268204 -1.30599 1.27114 -0.0348522
160.619 -0.0163876 0.0026825 -1.34246 1.30761 -0.03485
160.631 -0.0163886 0.00268293 -1.37921 1.34436 -0.034848
160.642 -0.0163896 0.00268345 -1.41624 1.3814 -0.0348463
160.653 -0.0163905 0.00268398 -1.4535 1.41865 -0.0348446
160.664 -0.0163912 0.00268441 -1.49099 1.45614 -0.034843
160.675 -0.0163921 0.00268484 -1.52873 1.49389 -0.034841
160.687 -0.016393 0.0026853 -1.56673 1.53189 -0.0348388
160.698 -0.016394 0.00268579 -1.60495 1.57011 -0.0348367
160.709 -0.0163948 0.00268584 -1.64339 1.60856 -0.0348342
160.72 -0.0163961 0.00268611 -1.68205 1.64722 -0.0348318
160.731 -0.0163973 0.00268617 -1.72092 1.68609 -0.0348297
160.743 -0.0163982 0.00268619 -1.75999 1.72516 -0.0348275
160.754 -0.0163989 0.00268621 -1.79924 1.76442 -0.0348253
160.765 -0.0163994 0.00268661 -1.83867 1.80385 -0.0348229
160.776 -0.0164001 0.00268705 -1.87826 1.84344 -0.0348209
160.787 -0.0164009 0.00268749 -1.918 1.88318 -0.034819
160.798 -0.0164018 0.0026876 -1.95791 1.92309 -0.0348172
160.81 -0.0164026 0.00268814 -1.99795 1.96314 -0.0348154
160.821 -0.0164032 0.00268852 -2.03814 2.00332 -0.0348131
160.832 -0.0164039 0.00268903 -2.07846 2.04365 -0.034811
160.843 -0.0164046 0.00268974 -2.1189 2.08409 -0.0348087
160.854 -0.0164059 0.00269085 -2.15942 2.12461 -0.0348064
160.866 -0.0164072 0.00269186 -2.20007 2.16526 -0.0348037
160.877 -0.0164091 0.00269286 -2.24082 2.20602 -0.0348011
160.888 -0.0164109 0.00269396 -2.28169 2.24689 -0.0347983
160.899 -0.0164125 0.00269474 -2.32266 2.28787 -0.0347954
160.91 -0.0164138 0.00269565 -2.36372 2.32893 -0.0347928
160.922 -0.0164149 0.00269594 -2.40487 2.37008 -0.0347901
160.933 -0.0164158 0.00269629 -2.4461 2.41131 -0.0347877
160.944 -0.0164165 0.00269674 -2.48741 2.45262 -0.0347855
160.955 -0.0164171 0.00269696 -2.52881 2.49402 -0.0347833
160.966 -0.0164179 0.00269707 -2.57031 2.53553 -0.0347813
160.978 -0.0164189 0.00269711 -2.61185 2.57707 -0.0347793
160.989 -0.0164198 0.00269738 -2.65345 2.61867 -0.0347771
161 -0.0164207 0.0026976 -2.69512 2.66034 -0.0347753
161.011 -0.0164216 0.00269831 -2.73696 2.70218 -0.0347732
161.022 -0.0164226 0.00269876 -2.77884 2.74407 -0.0347715
161.034 -0.0164235 0.00269911 -2.82075 2.78598 -0.03477
161.045 -0.0164245 0.00269916 -2.86269 2.82793 -0.0347681
161.056 -0.0164251 0.00269946 -2.90466 2.86989 -0.0347659
161.067 -0.0164259 0.00270027 -2.94664 2.91188 -0.0347639
161.079 -0.0164268 0.00270134 -2.98862 2.95386 -0.0347622
161.09 -0.0164276 0.00270272 -3.0306 2.99584 -0.0347603
161.101 -0.0164284 0.00270413 -3.07256 3.03781 -0.0347583
161.112 -0.0164293 0.00270528 -3.11453 3.07978 -0.0347557
161.124 -0.0164302 0.002706 -3.1565 3.12175 -0.0347527
161.135 -0.0164309 0.00270679 -3.19848 3.16374 -0.0347494
161.146 -0.0164319 0.00270776 -3.24047 3.20572 -0.0347462
161.157 -0.0164331 0.0027086 -3.28246 3.24771 -0.0347431
161.169 -0.0164344 0.0027093 -3.32443 3.28969 -0.0347402
161.18 -0.0164359 0.00270992 -3.3664 3.33166 -0.0347374
161.191 -0.0164372 0.00271061 -3.40834 3.3736 -0.034735
161.202 -0.0164389 0.00271077 -3.45026 3.41552 -0.034733
161.213 -0.0164401 0.00271136 -3.49213 3.4574 -0.0347307
161.225 -0.0164414 0.00271171 -3.53399 3.49927 -0.0347286
161.236 -0.0164423 0.00271222 -3.57582 3.54109 -0.0347267
161.247 -0.016443 0.00271221 -3.61761 3.58289 -0.0347246
161.258 -0.0164442 0.00271239 -3.65937 3.62465 -0.0347226
161.27 -0.0164455 0.00271263 -3.70112 3.6664 -0.034721
161.281 -0.0164471 0.00271264 -3.74282 3.70811 -0.0347193
161.292 -0.016448 0.00271289 -3.78449 3.74978 -0.0347174
161.303 -0.0164489 0.00271308 -3.82611 3.79139 -0.0347156
161.315 -0.0164494 0.00271405 -3.86764 3.83293 -0.0347134
161.326 -0.0164499 0.00271531 -3.90911 3.8744 -0.034711
161.337 -0.0164505 0.00271657 -3.95052 3.91581 -0.0347082
161.348 -0.0164511 0.0027181 -3.99187 3.95716 -0.0347058
161.36 -0.0164518 0.00271933 -4.03316 3.99846 -0.0347038
161.371 -0.0164527 0.00271995 -4.0744 4.0397 -0.0347014
161.382 -0.0164537 0.00272036 -4.11559 4.08089 -0.0346989
161.393 -0.016455 0.00272057 -4.15672 4.12203 -0.0346962
161.404 -0.0164564 0.00272101 -4.19781 4.16312 -0.0346937
161.416 -0.0164576 0.00272153 -4.23884 4.20415 -0.0346912
161.427 -0.0164593 0.00272186 -4.27984 4.24515 -0.0346882
161.438 -0.0164608 0.00272219 -4.32079 4.2861 -0.0346858
161.449 -0.0164626 0.00272229 -4.36168 4.327 -0.0346831
161.461 -0.0164645 0.00272253 -4.40253 4.36785 -0.0346805
161.472 -0.0164663 0.00272259 -4.44331 4.40864 -0.0346778
161.483 -0.0164685 0.00272256 -4.48403 4.44936 -0.0346753
161.494 -0.0164707 0.00272252 -4.52469 4.49002 -0.0346728
161.506 -0.016473 0.0027225 -4.56527 4.5306 -0.0346701
161.517 -0.016475 0.00272295 -4.6058 4.57113 -0.0346676
161.528 -0.0164765 0.00272332 -4.64626 4.61159 -0.0346646
161.539 -0.0164781 0.0027244 -4.68667 4.65201 -0.0346613
161.551 -0.0164791 0.00272491 -4.72703 4.69237 -0.0346583
161.562 -0.0164804 0.00272553 -4.76732 4.73267 -0.0346556
161.573 -0.0164819 0.00272634 -4.80755 4.7729 -0.0346527
161.584 -0.0164829 0.00272687 -4.84772 4.81307 -0.0346498
161.596 -0.016484 0.00272751 -4.88782 4.85317 -0.0346472
161.607 -0.0164856 0.00272827 -4.92782 4.89317 -0.0346445
161.618 -0.0164877 0.00272914 -4.96771 4.93307 -0.0346415
161.629 -0.01649 0.0027296 -5.00754 4.9729 -0.0346386
161.64 -0.0164921 0.0027299 -5.04726 5.01262 -0.0346358
161.652 -0.0164936 0.00273012 -5.08687 5.05223 -0.034633
161.663 -0.0164953 0.00273041 -5.12639 5.09176 -0.0346304
161.674 -0.0164969 0.00273107 -5.16583 5.1312 -0.0346281
161.685 -0.0164985 0.00273222 -5.20516 5.17054 -0.0346253
161.697 -0.0165 0.0027335 -5.24441 5.20979 -0.0346225
161.708 -0.0165016 0.00273462 -5.28357 5.24895 -0.0346198
161.719 -0.0165037 0.00273518 -5.32264 5.28803 -0.0346168
161.73 -0.0165063 0.00273586 -5.36162 5.32701 -0.0346135
161.742 -0.016508 0.00273704 -5.40052 5.36591 -0.0346099
161.753 -0.0165098 0.00273777 -5.43933 5.40472 -0.0346059
161.764 -0.0165116 0.00273831 -5.47807 5.44347 -0.0346015
161.775 -0.0165134 0.00273862 -5.5167 5.4821 -0.0345973
161.787 -0.0165152 0.0027389 -5.55523 5.52063 -0.0345936
161.798 -0.0165172 0.002739 -5.59364 5.55905 -0.0345899
161.809 -0.0165192 0.00273907 -5.63201 5.59742 -0.0345865
161.82 -0.0165213 0.00273892 -5.67027 5.63569 -0.0345834
161.831 -0.0165234 0.00273875 -5.70843 5.67385 -0.0345801
161.843 -0.0165254 0.00273875 -5.74649 5.71191 -0.0345769
161.854 -0.0165275 0.00273933 -5.78442 5.74985 -0.0345741
161.865 -0.0165294 0.00274001 -5.82225 5.78768 -0.0345713
161.876 -0.0165309 0.00274108 -5.85997 5.8254 -0.0345681
161.888 -0.0165324 0.00274203 -5.89757 5.863 -0.0345646
161.899 -0.0165342 0.00274293 -5.93506 5.9005 -0.0345611
161.91 -0.0165357 0.0027434 -5.97246 5.9379 -0.034558
161.921 -0.0165377 0.00274395 -6.00972 5.97517 -0.034555
161.933 -0.0165394 0.00274421 -6.04686 6.0123 -0.0345532
161.944 -0.016541 0.00274445 -6.08387 6.04932 -0.034551
161.955 -0.0165423 0.00274523 -6.12074 6.08619 -0.0345488
161.966 -0.0165434 0.00274587 -6.15748 6.12294 -0.0345462
161.978 -0.0165441 0.00274675 -6.19408 6.15954 -0.0345438
161.989 -0.0165447 0.00274682 -6.23057 6.19603 -0.0345409
162 -0.0165452 0.00274733 -6.26694 6.2324 -0.0345379
162.011 -0.0165456 0.00274757 -6.30321 6.26868 -0.034535
162.022 -0.0165461 0.00274828 -6.33934 6.30481 -0.0345321
162.034 -0.0165469 0.00274882 -6.37534 6.34081 -0.0345289
162.045 -0.016548 0.00274927 -6.41123 6.3767 -0.0345255
162.056 -0.0165496 0.00274995 -6.44697 6.41245 -0.0345219
162.067 -0.0165513 0.00275052 -6.48262 6.4481 -0.0345184
162.079 -0.0165532 0.0027509 -6.51813 6.48362 -0.0345142
162.09 -0.0165549 0.00275161 -6.55348 6.51897 -0.0345103
162.101 -0.0165566 0.00275177 -6.58868 6.55417 -0.0345063
162.112 -0.0165583 0.00275303 -6.62374 6.58924 -0.0345025
162.124 -0.01656 0.00275363 -6.65866 6.62416 -0.0344988
162.135 -0.0165611 0.0027546 -6.69343 6.65894 -0.0344948
162.146 -0.0165621 0.00275478 -6.72807 6.69358 -0.0344909
162.157 -0.0165631 0.00275485 -6.76257 6.72808 -0.0344867
162.169 -0.0165646 0.00275504 -6.79696 6.76247 -0.034483
162.18 -0.0165654 0.00275551 -6.8312 6.79672 -0.0344804
162.191 -0.0165672 0.00275615 -6.86528 6.8308 -0.0344781
162.202 -0.0165686 0.00275696 -6.8992 6.86472 -0.0344758
162.213 -0.0165701 0.00275795 -6.93296 6.89849 -0.0344737
162.225 -0.0165712 0.00275846 -6.96657 6.9321 -0.034471
162.236 -0.0165721 0.00275931 -7.00003 6.96556 -0.0344685
162.247 -0.0165726 0.00276044 -7.03332 6.99885 -0.0344657
162.258 -0.016573 0.00276146 -7.06644 7.03197 -0.0344631
162.27 -0.0165737 0.00276211 -7.09938 7.06492 -0.0344597
162.281 -0.0165747 0.00276252 -7.13219 7.09773 -0.0344562
162.292 -0.0165758 0.00276305 -7.1648 7.13035 -0.0344526
162.303 -0.0165776 0.00276348 -7.19726 7.16281 -0.034449
162.315 -0.0165792 0.00276417 -7.22955 7.1951 -0.0344462
162.326 -0.0165807 0.00276466 -7.26164 7.2272 -0.0344433
162.337 -0.016582 0.00276525 -7.29361 7.25917 -0.0344406
162.348 -0.0165834 0.00276612 -7.32542 7.29098 -0.0344376
162.36 -0.016585 0.00276732 -7.35706 7.32262 -0.0344345
162.371 -0.0165858 0.00276832 -7.38856 7.35413 -0.034431
162.382 -0.0165862 0.00276977 -7.41993 7.3855 -0.0344278
162.393 -0.0165873 0.00277012 -7.45114 7.41671 -0.0344234
162.404 -0.0165888 0.0027704 -7.48223 7.44782 -0.0344189
162.416 -0.0165903 0.00277073 -7.5132 7.47879 -0.034414
162.427 -0.0165919 0.00277081 -7.54402 7.50961 -0.03441
162.438 -0.0165935 0.00277107 -7.57469 7.54029 -0.0344059
162.449 -0.0165945 0.00277199 -7.60522 7.57082 -0.0344021
162.461 -0.0165953 0.00277243 -7.63559 7.60119 -0.0343977
162.472 -0.0165961 0.00277271 -7.66582 7.63142 -0.0343944
162.483 -0.0165972 0.00277231 -7.69591 7.66152 -0.0343911
162.494 -0.0165986 0.00277223 -7.72578 7.69139 -0.0343884
162.506 -0.0165997 0.00277221 -7.75551 7.72112 -0.034386
162.517 -0.0166009 0.00277218 -7.78509 7.7507 -0.0343834
162.528 -0.0166021 0.00277171 -7.81448 7.7801 -0.0343814
162.539 -0.0166038 0.00277185 -7.84373 7.80935 -0.0343783
162.551 -0.0166059 0.00277215 -7.87284 7.83846 -0.0343755
162.562 -0.016608 0.00277244 -7.90178 7.86741 -0.0343722
162.573 -0.0166107 0.00277283 -7.93062 7.89626 -0.034369
162.584 -0.0166135 0.00277295 -7.95932 7.92496 -0.0343657
162.596 -0.0166166 0.00277325 -7.98784 7.95348 -0.034362
162.607 -0.0166193 0.00277351 -8.01621 7.98185 -0.0343589
162.618 -0.0166224 0.00277351 -8.04442 8.01007 -0.0343559
162.629 -0.0166252 0.00277323 -8.07246 8.03811 -0.0343528
162.64 -0.0166281 0.00277372 -8.10035 8.066 -0.0343497
162.652 -0.0166306 0.00277376 -8.12808 8.09374 -0.0343478
162.663 -0.0166329 0.00277423 -8.15563 8.12128 -0.0343459
162.674 -0.0166342 0.00277431 -8.18303 8.14868 -0.0343435
162.685 -0.0166354 0.00277426 -8.21029 8.17595 -0.0343408
162.697 -0.0166363 0.00277407 -8.23742 8.20308 -0.034338
162.708 -0.0166372 0.00277413 -8.26442 8.23009 -0.0343353
162.719 -0.0166381 0.002774 -8.2913 8.25697 -0.0343323
162.73 -0.0166394 0.00277403 -8.31804 8.28371 -0.0343292
162.742 -0.0166413 0.00277419 -8.34465 8.31033 -0.0343262
162.753 -0.0166432 0.00277457 -8.37115 8.33683 -0.0343232
162.764 -0.0166444 0.00277502 -8.39751 8.36319 -0.034319
162.775 -0.0166454 0.00277538 -8.42377 8.38945 -0.0343152
162.787 -0.016646 0.00277534 -8.44991 8.4156 -0.0343116
162.798 -0.016647 0.00277597 -8.47592 8.44161 -0.0343087
162.809 -0.0166478 0.00277631 -8.50178 8.46747 -0.0343065
162.82 -0.0166492 0.00277629 -8.52751 8.49321 -0.0343042
162.831 -0.0166508 0.00277637 -8.5531 8.5188 -0.0343016
162.843 -0.0166523 0.00277664 -8.57856 8.54427 -0.034299
162.854 -0.0166536 0.00277693 -8.6039 8.56961 -0.0342972
162.865 -0.0166549 0.00277752 -8.62909 8.59479 -0.0342949
162.876 -0.0166558 0.00277774 -8.65414 8.61985 -0.034292
162.888 -0.016657 0.00277809 -8.67907 8.64478 -0.03429
162.899 -0.016658 0.0027783 -8.70382 8.66953 -0.0342878
162.91 -0.0166586 0.00277839 -8.72843 8.69414 -0.034286
162.921 -0.0166596 0.00277803 -8.75289 8.71861 -0.0342841
162.933 -0.0166608 0.00277782 -8.7772 8.74292 -0.0342818
162.944 -0.0166619 0.00277721 -8.80138 8.7671 -0.0342798
162.955 -0.0166634 0.00277713 -8.82542 8.79114 -0.0342782
162.966 -0.0166647 0.00277696 -8.8493 8.81503 -0.0342766
162.978 -0.0166667 0.00277696 -8.87305 8.83878 -0.0342749
162.989 -0.0166687 0.00277789 -8.89668 8.86241 -0.0342727
163 -0.0166708 0.00277891 -8.92018 8.88591 -0.0342703
163.011 -0.0166724 0.00277946 -8.94356 8.90929 -0.034268
163.022 -0.016674 0.00278043 -8.96682 8.93255 -0.0342655
163.034 -0.0166748 0.00278043 -8.98994 8.95568 -0.0342628
163.045 -0.0166761 0.00278077 -9.01296 8.9787 -0.0342596
163.056 -0.0166772 0.00278073 -9.03586 9.0016 -0.0342562
163.067 -0.0166784 0.00278041 -9.05864 9.02439 -0.0342529
163.079 -0.0166797 0.00278044 -9.08134 9.04709 -0.0342505
163.09 -0.0166815 0.00278055 -9.10382 9.06957 -0.0342485
163.101 -0.0166831 0.00278077 -9.1262 9.09195 -0.034246
163.112 -0.0166847 0.00278032 -9.14851 9.11426 -0.0342433
163.124 -0.0166862 0.00278031 -9.17072 9.13648 -0.0342407
163.135 -0.0166884 0.00278043 -9.19281 9.15857 -0.0342383
163.146 -0.0166899 0.00278039 -9.2149 9.18066 -0.034236
163.157 -0.0166916 0.00278058 -9.23684 9.20261 -0.0342338
163.169 -0.0166934 0.00278017 -9.25865 9.22442 -0.0342313
163.18 -0.0166958 0.00278019 -9.28034 9.24612 -0.0342282
163.191 -0.0166982 0.00278022 -9.30197 9.26774 -0.0342256
163.202 -0.016701 0.0027804 -9.32349 9.28927 -0.0342231
163.213 -0.016704 0.00278056 -9.34492 9.31069 -0.034221
163.225 -0.0167067 0.00278108 -9.36624 9.33202 -0.0342193
163.236 -0.0167094 0.00278105 -9.38746 9.35324 -0.0342172
163.247 -0.0167118 0.00278111 -9.40858 9.37437 -0.034215
163.258 -0.0167141 0.0027812 -9.42962 9.39541 -0.0342129
163.27 -0.0167163 0.0027812 -9.45055 9.41634 -0.0342104
163.281 -0.0167186 0.00278116 -9.47138 9.43717 -0.0342076
163.292 -0.0167206 0.00278128 -9.49212 9.45791 -0.034205
163.303 -0.0167228 0.00278165 -9.51269 9.47849 -0.0342024
163.315 -0.0167252 0.00278198 -9.53321 9.49901 -0.0342001
163.326 -0.0167277 0.00278197 -9.55358 9.51939 -0.0341973
163.337 -0.0167302 0.00278217 -9.57379 9.5396 -0.0341946
163.348 -0.0167323 0.00278243 -9.59389 9.5597 -0.0341916
163.36 -0.0167343 0.00278283 -9.6139 9.57972 -0.0341888
163.371 -0.0167363 0.00278313 -9.63374 9.59956 -0.0341857
163.382 -0.0167384 0.00278395 -9.65348 9.61929 -0.0341825
163.393 -0.0167407 0.00278454 -9.67311 9.63893 -0.0341794
163.404 -0.016743 0.00278508 -9.6926 9.65843 -0.0341757
163.416 -0.0167449 0.00278554 -9.71198 9.67781 -0.0341723
163.427 -0.0167462 0.00278541 -9.73127 9.6971 -0.0341688
163.438 -0.0167478 0.00278517 -9.75042 9.71625 -0.0341653
163.449 -0.0167495 0.00278475 -9.76946 9.7353 -0.0341618
163.461 -0.0167512 0.00278461 -9.78841 9.75425 -0.0341588
163.472 -0.0167529 0.00278448 -9.80722 9.77306 -0.0341558
163.483 -0.0167546 0.00278454 -9.82591 9.79175 -0.0341529
163.494 -0.0167567 0.00278462 -9.8445 9.81035 -0.0341506
163.506 -0.0167587 0.00278482 -9.86294 9.82879 -0.0341481
163.517 -0.0167609 0.00278512 -9.88127 9.84713 -0.0341461
163.528 -0.0167628 0.00278524 -9.89949 9.86534 -0.0341445
163.539 -0.0167651 0.00278553 -9.91755 9.88341 -0.0341427
163.551 -0.016767 0.00278526 -9.93549 9.90135 -0.0341417
163.562 -0.0167684 0.00278495 -9.9533 9.91916 -0.0341417
163.573 -0.0167699 0.00278497 -9.97096 9.93682 -0.0341416
163.584 -0.0167716 0.00278519 -9.98851 9.95437 -0.0341417
163.596 -0.0167731 0.00278566 -10.0059 9.9718 -0.0341418
163.607 -0.0167744 0.00278593 -10.0232 9.98907 -0.0341414
163.618 -0.0167758 0.00278655 -10.0404 10.0062 -0.0341404
163.629 -0.0167774 0.00278734 -10.0575 10.0233 -0.0341395
163.64 -0.016779 0.00278833 -10.0745 10.0403 -0.0341385
163.652 -0.0167806 0.00278929 -10.0913 10.0572 -0.0341372
163.663 -0.0167823 0.00279007 -10.1081 10.074 -0.0341362
163.674 -0.0167839 0.0027908 -10.1248 10.0907 -0.0341342
163.685 -0.0167862 0.0027913 -10.1414 10.1073 -0.0341321
163.697 -0.0167885 0.00279196 -10.158 10.1238 -0.0341306
163.708 -0.0167907 0.00279213 -10.1744 10.1403 -0.034129
163.719 -0.0167933 0.00279255 -10.1908 10.1566 -0.0341274
163.73 -0.0167955 0.0027927 -10.2071 10.1729 -0.0341253
163.742 -0.0167976 0.00279314 -10.2233 10.1892 -0.034123
163.753 -0.0167997 0.00279378 -10.2394 10.2053 -0.0341206
163.764 -0.0168015 0.00279472 -10.2555 10.2214 -0.0341178
163.775 -0.0168032 0.00279528 -10.2714 10.2373 -0.034115
163.787 -0.0168049 0.00279581 -10.2874 10.2532 -0.034112
163.798 -0.0168058 0.00279682 -10.3032 10.2691 -0.0341084
163.809 -0.016807 0.00279746 -10.319 10.2849 -0.0341048
163.82 -0.0168084 0.00279823 -10.3347 10.3006 -0.0341017
163.831 -0.0168095 0.00279932 -10.3503 10.3162 -0.0340984
163.843 -0.0168101 0.00280018 -10.3658 10.3317 -0.0340954
163.854 -0.0168111 0.00280126 -10.3812 10.3471 -0.0340919
163.865 -0.0168119 0.0028022 -10.3965 10.3625 -0.0340887
163.876 -0.0168126 0.00280344 -10.4117 10.3777 -0.0340853
163.888 -0.0168139 0.00280472 -10.4269 10.3928 -0.0340813
163.899 -0.0168141 0.00280566 -10.4419 10.4079 -0.0340779
163.91 -0.0168145 0.00280629 -10.4568 10.4228 -0.0340745
163.921 -0.016815 0.00280727 -10.4717 10.4376 -0.0340709
163.933 -0.0168154 0.00280785 -10.4864 10.4523 -0.0340675
163.944 -0.0168156 0.00280849 -10.501 10.467 -0.0340645
163.955 -0.0168165 0.00280895 -10.5156 10.4815 -0.0340612
163.966 -0.0168176 0.00280922 -10.53 10.496 -0.0340581
163.978 -0.0168192 0.00280986 -10.5443 10.5103 -0.0340542
163.989 -0.0168209 0.00281056 -10.5586 10.5246 -0.0340509
164 -0.0168228 0.00281105 -10.5728 10.5387 -0.0340479
164.011 -0.0168245 0.00281149 -10.5868 10.5527 -0.0340447
164.022 -0.0168264 0.00281197 -10.6007 10.5667 -0.0340416
164.034 -0.016828 0.00281241 -10.6146 10.5806 -0.0340388
164.045 -0.01683 0.00281214 -10.6283 10.5943 -0.0340353
164.056 -0.0168325 0.00281159 -10.642 10.608 -0.0340314
164.067 -0.0168353 0.00281097 -10.6556 10.6216 -0.0340279
164.079 -0.0168377 0.0028103 -10.6691 10.6351 -0.0340239
164.09 -0.0168402 0.00281005 -10.6826 10.6486 -0.0340198
164.101 -0.0168429 0.00280965 -10.696 10.662 -0.0340161
164.112 -0.0168453 0.0028095 -10.7092 10.6752 -0.034012
164.124 -0.0168472 0.00280936 -10.7225 10.6885 -0.034008
164.135 -0.0168496 0.00280939 -10.7356 10.7016 -0.0340047
164.146 -0.0168519 0.00280972 -10.7487 10.7147 -0.0340011
164.157 -0.0168543 0.00280961 -10.7617 10.7277 -0.0339979
164.169 -0.0168567 0.00280972 -10.7746 10.7406 -0.0339948
164.18 -0.0168589 0.00280959 -10.7875 10.7535 -0.0339915
164.191 -0.016861 0.00280959 -10.8003 10.7663 -0.0339881
164.202 -0.0168627 0.00280962 -10.813 10.779 -0.033985
164.213 -0.0168641 0.00280941 -10.8257 10.7917 -0.0339816
164.225 -0.0168658 0.00280937 -10.8383 10.8043 -0.0339788
164.236 -0.016868 0.00280923 -10.8508 10.8168 -0.0339763
164.247 -0.0168693 0.00280925 -10.8632 10.8293 -0.0339727
164.258 -0.0168709 0.00280896 -10.8756 10.8416 -0.0339693
164.27 -0.0168728 0.00280867 -10.8879 10.8539 -0.0339666
164.281 -0.0168742 0.00280881 -10.9001 10.8662 -0.0339635
164.292 -0.0168758 0.00280926 -10.9123 10.8784 -0.0339606
164.303 -0.0168773 0.00280957 -10.9245 10.8905 -0.033958
164.315 -0.0168786 0.00280959 -10.9365 10.9026 -0.0339553
164.326 -0.01688 0.00280958 -10.9485 10.9146 -0.033953
164.337 -0.0168811 0.0028099 -10.9604 10.9265 -0.0339507
164.348 -0.0168819 0.00281036 -10.9723 10.9384 -0.0339478
164.36 -0.0168831 0.0028106 -10.9841 10.9502 -0.0339451
164.371 -0.016884 0.00281087 -10.9959 10.962 -0.033943
164.382 -0.0168857 0.00281092 -11.0076 10.9736 -0.0339411
164.393 -0.0168867 0.00281177 -11.0192 10.9853 -0.0339386
164.404 -0.016888 0.00281237 -11.0308 10.9969 -0.0339364
164.416 -0.0168891 0.00281262 -11.0423 11.0084 -0.0339338
164.427 -0.0168905 0.00281302 -11.0538 11.0199 -0.0339314
164.438 -0.0168915 0.0028132 -11.0652 11.0313 -0.0339299
164.449 -0.0168927 0.00281335 -11.0766 11.0427 -0.0339278
164.461 -0.0168941 0.0028136 -11.088 11.054 -0.0339263
164.472 -0.0168957 0.00281355 -11.0993 11.0654 -0.033925
164.483 -0.0168971 0.00281368 -11.1106 11.0767 -0.0339232
164.494 -0.0168992 0.00281361 -11.1219 11.088 -0.0339212
164.506 -0.016901 0.0028136 -11.1331 11.0992 -0.0339195
164.517 -0.016903 0.00281388 -11.1443 11.1104 -0.0339172
164.528 -0.0169044 0.00281424 -11.1554 11.1215 -0.0339145
164.539 -0.0169059 0.0028143 -11.1665 11.1326 -0.033912
164.551 -0.0169074 0.00281466 -11.1775 11.1436 -0.0339097
164.562 -0.0169083 0.00281466 -11.1886 11.1547 -0.033907
164.573 -0.0169093 0.00281474 -11.1996 11.1657 -0.0339045
164.584 -0.0169107 0.00281512 -11.2106 11.1767 -0.0339023
164.596 -0.0169119 0.00281557 -11.2215 11.1876 -0.0338999
164.607 -0.0169134 0.00281551 -11.2325 11.1986 -0.0338976
164.618 -0.0169144 0.0028158 -11.2433 11.2095 -0.0338949
164.629 -0.0169157 0.00281576 -11.2542 11.2203 -0.0338925
164.64 -0.0169169 0.00281583 -11.265 11.2311 -0.0338905
164.652 -0.0169174 0.00281537 -11.2758 11.2419 -0.0338882
164.663 -0.0169181 0.00281502 -11.2865 11.2526 -0.0338854
164.674 -0.0169195 0.00281469 -11.2972 11.2633 -0.0338826
164.685 -0.0169205 0.00281443 -11.3079 11.274 -0.0338797
164.697 -0.0169213 0.00281441 -11.3186 11.2847 -0.0338769
164.708 -0.0169221 0.00281413 -11.3292 11.2953 -0.0338747
164.719 -0.0169227 0.00281432 -11.3398 11.3059 -0.0338722
164.73 -0.0169235 0.00281429 -11.3503 11.3164 -0.0338698
164.742 -0.0169244 0.00281422 -11.3608 11.3269 -0.0338675
164.753 -0.0169255 0.00281417 -11.3712 11.3373 -0.0338649
164.764 -0.0169266 0.00281449 -11.3816 11.3477 -0.0338628
164.775 -0.0169275 0.00281485 -11.3919 11.3581 -0.0338611
164.787 -0.016929 0.00281529 -11.4022 11.3683 -0.033859
164.798 -0.0169302 0.0028157 -11.4124 11.3786 -0.0338569
164.809 -0.0169317 0.00281595 -11.4226 11.3887 -0.0338551
164.82 -0.0169335 0.00281617 -11.4327 11.3988 -0.0338532
164.831 -0.0169353 0.00281629 -11.4427 11.4088 -0.033851
164.843 -0.016937 0.00281738 -11.4526 11.4188 -0.0338484
164.854 -0.016939 0.00281851 -11.4625 11.4287 -0.0338456
164.865 -0.0169406 0.00281999 -11.4724 11.4385 -0.033842
164.876 -0.0169426 0.00282113 -11.4822 11.4483 -0.0338394
164.888 -0.0169438 0.00282218 -11.4919 11.4581 -0.0338359
164.899 -0.0169455 0.00282288 -11.5016 11.4678 -0.0338329
164.91 -0.0169473 0.00282358 -11.5112 11.4774 -0.0338301
164.921 -0.0169489 0.00282428 -11.5208 11.487 -0.0338274
164.933 -0.0169508 0.00282478 -11.5303 11.4965 -0.0338245
164.944 -0.0169529 0.00282541 -11.5397 11.5059 -0.033822
164.955 -0.0169546 0.00282586 -11.5491 11.5153 -0.0338197
164.966 -0.0169563 0.00282668 -11.5584 11.5246 -0.0338167
164.978 -0.0169582 0.00282722 -11.5677 11.5339 -0.0338139
164.989 -0.0169595 0.00282776 -11.5769 11.5431 -0.0338112
165 -0.0169609 0.00282828 -11.5861 11.5523 -0.0338084
165.011 -0.0169622 0.00282871 -11.5952 11.5614 -0.0338057
165.022 -0.0169633 0.00282917 -11.6043 11.5705 -0.0338026
165.034 -0.0169643 0.00282974 -11.6133 11.5795 -0.0337993
165.045 -0.016965 0.00283025 -11.6223 11.5885 -0.0337963
165.056 -0.0169658 0.00283087 -11.6312 11.5974 -0.0337933
165.067 -0.0169665 0.00283148 -11.6401 11.6063 -0.0337904
165.079 -0.0169672 0.00283176 -11.649 11.6152 -0.0337878
165.09 -0.0169679 0.00283192 -11.6578 11.624 -0.033785
165.101 -0.0169691 0.00283218 -11.6666 11.6328 -0.0337827
165.112 -0.0169705 0.00283236 -11.6753 11.6415 -0.0337805
165.124 -0.0169722 0.00283255 -11.684 11.6502 -0.0337776
165.135 -0.0169741 0.00283264 -11.6926 11.6589 -0.0337745
165.146 -0.0169759 0.00283281 -11.7013 11.6675 -0.0337716
165.157 -0.0169771 0.00283353 -11.7098 11.6761 -0.0337685
165.169 -0.0169779 0.00283389 -11.7184 11.6846 -0.0337652
165.18 -0.0169788 0.00283434 -11.7269 11.6931 -0.0337623
165.191 -0.0169797 0.00283492 -11.7353 11.7016 -0.0337588
165.202 -0.0169807 0.00283568 -11.7437 11.71 -0.0337554
165.213 -0.0169817 0.0028361 -11.7521 11.7184 -0.0337522
165.225 -0.0169826 0.00283621 -11.7605 11.7267 -0.033749
165.236 -0.0169836 0.00283658 -11.7688 11.735 -0.0337457
165.247 -0.0169849 0.00283706 -11.7771 11.7433 -0.0337428
165.258 -0.0169857 0.00283793 -11.7853 11.7516 -0.0337394
165.27 -0.0169863 0.00283888 -11.7935 11.7598 -0.0337362
165.281 -0.0169866 0.00283945 -11.8017 11.768 -0.0337337
165.292 -0.0169872 0.00283986 -11.8098 11.7761 -0.0337307
165.303 -0.0169879 0.00284027 -11.8179 11.7842 -0.0337278
165.315 -0.0169883 0.00284088 -11.826 11.7922 -0.0337256
165.326 -0.0169888 0.00284139 -11.834 11.8003 -0.0337231
165.337 -0.0169898 0.00284229 -11.842 11.8082 -0.033721
165.348 -0.0169902 0.0028427 -11.8499 11.8162 -0.0337196
165.36 -0.0169908 0.00284327 -11.8578 11.8241 -0.0337179
165.371 -0.0169913 0.00284426 -11.8657 11.832 -0.033716
165.382 -0.0169919 0.00284511 -11.8735 11.8398 -0.033715
165.393 -0.0169922 0.0028459 -11.8813 11.8476 -0.0337136
165.404 -0.0169925 0.00284633 -11.8891 11.8554 -0.0337127
165.416 -0.0169929 0.00284714 -11.8968 11.8631 -0.0337121
165.427 -0.0169933 0.00284805 -11.9045 11.8708 -0.0337114
165.438 -0.0169937 0.00284899 -11.9122 11.8785 -0.0337104
165.449 -0.0169941 0.00284949 -11.9198 11.8861 -0.0337103
165.461 -0.0169939 0.00284992 -11.9273 11.8936 -0.0337088
165.472 -0.0169939 0.00285002 -11.9349 11.9012 -0.0337084
165.483 -0.0169945 0.00284981 -11.9425 11.9088 -0.0337079
165.494 -0.0169945 0.00284964 -11.9499 11.9162 -0.033707
165.506 -0.016995 0.00284992 -11.9574 11.9237 -0.0337055
165.517 -0.0169952 0.00285013 -11.9649 11.9312 -0.0337043
165.528 -0.0169957 0.00285028 -11.9723 11.9386 -0.0337032
165.539 -0.016996 0.00285018 -11.9798 11.9461 -0.0337027
165.551 -0.0169964 0.00285009 -11.9872 11.9535 -0.0337014
165.562 -0.0169966 0.00285014 -11.9946 11.9609 -0.0337
165.573 -0.0169978 0.00285017 -12.0019 11.9682 -0.0336984
165.584 -0.0169987 0.00284992 -12.0093 11.9756 -0.0336972
165.596 -0.0169999 0.0028502 -12.0166 11.9829 -0.0336956
165.607 -0.0170011 0.00285033 -12.024 11.9903 -0.0336939
165.618 -0.017003 0.00285074 -12.0313 11.9976 -0.0336926
165.629 -0.0170047 0.00285101 -12.0386 12.0049 -0.0336907
165.64 -0.0170066 0.00285136 -12.0459 12.0122 -0.0336888
165.652 -0.0170084 0.00285172 -12.0532 12.0195 -0.0336874
165.663 -0.0170101 0.00285176 -12.0604 12.0267 -0.0336857
165.674 -0.017012 0.0028518 -12.0677 12.034 -0.0336845
165.685 -0.0170139 0.00285182 -12.0749 12.0412 -0.0336833
165.697 -0.0170158 0.00285222 -12.0821 12.0484 -0.0336814
165.708 -0.017018 0.00285264 -12.0893 12.0557 -0.0336795
165.719 -0.0170203 0.00285316 -12.0966 12.0629 -0.0336776
165.73 -0.0170225 0.00285349 -12.1038 12.0701 -0.0336749
165.742 -0.0170246 0.00285379 -12.111 12.0773 -0.0336726
165.753 -0.0170267 0.00285415 -12.1182 12.0846 -0.0336707
165.764 -0.0170286 0.00285431 -12.1254 12.0918 -0.0336687
165.775 -0.0170304 0.00285427 -12.1326 12.099 -0.0336669
165.787 -0.0170322 0.0028543 -12.1398 12.1062 -0.0336653
165.798 -0.0170342 0.0028544 -12.147 12.1134 -0.0336635
165.809 -0.0170361 0.00285386 -12.1542 12.1205 -0.0336618
165.82 -0.0170377 0.00285348 -12.1613 12.1277 -0.0336605
165.831 -0.0170391 0.00285289 -12.1685 12.1348 -0.0336588
165.843 -0.0170404 0.00285221 -12.1756 12.1419 -0.0336572
165.854 -0.0170416 0.00285156 -12.1826 12.149 -0.0336554
165.865 -0.017043 0.00285094 -12.1897 12.156 -0.0336535
165.876 -0.0170438 0.0028502 -12.1967 12.1631 -0.0336518
165.888 -0.0170448 0.00284964 -12.2037 12.1701 -0.03365
165.899 -0.017046 0.00284887 -12.2107 12.177 -0.0336479
165.91 -0.0170472 0.00284812 -12.2176 12.184 -0.0336458
165.921 -0.0170485 0.00284732 -12.2245 12.1909 -0.0336438
165.933 -0.0170498 0.00284613 -12.2314 12.1978 -0.0336415
165.944 -0.0170511 0.00284479 -12.2383 12.2047 -0.0336394
165.955 -0.0170526 0.00284384 -12.2452 12.2115 -0.0336372
165.966 -0.0170538 0.00284298 -12.252 12.2183 -0.0336349
165.978 -0.017055 0.00284251 -12.2588 12.2251 -0.033633
165.989 -0.0170555 0.00284217 -12.2655 12.2319 -0.0336307
166 -0.017056 0.00284178 -12.2723 12.2387 -0.0336281
166.011 -0.0170564 0.00284161 -12.279 12.2454 -0.0336253
166.022 -0.0170568 0.00284127 -12.2857 12.2521 -0.0336229
166.034 -0.0170575 0.00284102 -12.2924 12.2588 -0.0336203
166.045 -0.0170576 0.0028408 -12.2991 12.2655 -0.0336175
166.056 -0.0170576 0.00284039 -12.3057 12.2721 -0.0336154
166.067 -0.0170578 0.0028404 -12.3123 12.2787 -0.0336129
166.079 -0.0170579 0.00284032 -12.3189 12.2853 -0.0336104
166.09 -0.0170583 0.0028406 -12.3255 12.2919 -0.0336075
166.101 -0.0170592 0.00284112 -12.3321 12.2985 -0.0336041
166.112 -0.0170604 0.00284186 -12.3386 12.305 -0.0336003
166.124 -0.0170614 0.00284239 -12.3451 12.3115 -0.0335968
166.135 -0.0170625 0.00284308 -12.3517 12.3181 -0.0335931
166.146 -0.0170638 0.00284353 -12.3582 12.3246 -0.0335892
166.157 -0.0170649 0.0028441 -12.3647 12.3311 -0.0335856
166.169 -0.017066 0.00284477 -12.3711 12.3375 -0.0335812
166.18 -0.017067 0.00284559 -12.3776 12.344 -0.0335778
166.191 -0.0170686 0.00284635 -12.3841 12.3505 -0.0335754
166.202 -0.0170697 0.00284727 -12.3905 12.3569 -0.0335724
166.213 -0.017071 0.00284768 -12.3969 12.3633 -0.0335696
166.225 -0.0170718 0.00284809 -12.4032 12.3697 -0.0335671
166.236 -0.0170728 0.00284843 -12.4096 12.376 -0.0335646
166.247 -0.0170733 0.00284882 -12.4159 12.3823 -0.0335622
166.258 -0.017074 0.00284919 -12.4222 12.3887 -0.0335601
166.27 -0.0170746 0.00284983 -12.4285 12.3949 -0.0335576
166.281 -0.0170751 0.00285079 -12.4347 12.4012 -0.0335553
166.292 -0.0170762 0.00285167 -12.441 12.4074 -0.0335534
166.303 -0.017077 0.00285239 -12.4472 12.4136 -0.0335511
166.315 -0.017078 0.00285285 -12.4533 12.4198 -0.0335483
166.326 -0.0170789 0.00285334 -12.4595 12.4259 -0.0335458
166.337 -0.0170799 0.00285371 -12.4656 12.432 -0.0335429
166.348 -0.0170811 0.00285421 -12.4717 12.4382 -0.0335398
166.36 -0.0170819 0.00285473 -12.4778 12.4443 -0.0335367
166.371 -0.017083 0.00285541 -12.4839 12.4504 -0.0335332
166.382 -0.0170838 0.00285594 -12.49 12.4565 -0.03353
166.393 -0.0170848 0.00285667 -12.4961 12.4626 -0.033527
166.404 -0.0170859 0.00285749 -12.5022 12.4686 -0.0335245
166.416 -0.0170874 0.00285845 -12.5082 12.4747 -0.0335222
166.427 -0.0170888 0.00285964 -12.5142 12.4807 -0.0335198
166.438 -0.0170897 0.00286076 -12.5202 12.4867 -0.033517
166.449 -0.0170906 0.00286123 -12.5262 12.4927 -0.0335146
166.461 -0.0170915 0.00286218 -12.5322 12.4986 -0.0335121
166.472 -0.0170928 0.00286319 -12.5381 12.5046 -0.0335087
166.483 -0.0170943 0.00286449 -12.5441 12.5106 -0.0335052
166.494 -0.0170958 0.00286543 -12.55 12.5165 -0.0335017
166.506 -0.0170969 0.00286578 -12.556 12.5225 -0.0334982
166.517 -0.017098 0.00286607 -12.562 12.5285 -0.0334952
166.528 -0.0170989 0.00286646 -12.5679 12.5344 -0.0334923
166.539 -0.0171002 0.00286652 -12.5738 12.5403 -0.0334889
166.551 -0.0171013 0.00286681 -12.5797 12.5462 -0.0334858
166.562 -0.0171022 0.0028671 -12.5856 12.5521 -0.0334828
166.573 -0.0171032 0.00286769 -12.5915 12.558 -0.0334796
166.584 -0.0171042 0.00286825 -12.5974 12.5639 -0.0334765
166.596 -0.0171052 0.00286872 -12.6033 12.5698 -0.0334735
166.607 -0.0171063 0.00286915 -12.6091 12.5757 -0.0334704
166.618 -0.017107 0.00286991 -12.615 12.5815 -0.033467
166.629 -0.0171078 0.00287074 -12.6209 12.5874 -0.0334639
166.64 -0.0171087 0.00287127 -12.6267 12.5933 -0.0334607
166.652 -0.0171094 0.00287197 -12.6326 12.5991 -0.0334577
166.663 -0.0171101 0.00287279 -12.6384 12.6049 -0.0334553
166.674 -0.0171109 0.00287358 -12.6442 12.6108 -0.0334525
166.685 -0.0171118 0.00287464 -12.65 12.6166 -0.0334499
166.697 -0.0171129 0.00287582 -12.6558 12.6224 -0.0334476
166.708 -0.0171139 0.00287682 -12.6616 12.6282 -0.033445
166.719 -0.0171149 0.00287776 -12.6674 12.634 -0.0334429
166.73 -0.0171156 0.0028784 -12.6732 12.6398 -0.0334406
166.742 -0.0171163 0.00287866 -12.679 12.6456 -0.0334384
166.753 -0.0171172 0.00287912 -12.6848 12.6513 -0.0334368
166.764 -0.0171178 0.0028795 -12.6905 12.6571 -0.0334351
166.775 -0.0171184 0.00287998 -12.6963 12.6628 -0.0334332
166.787 -0.0171194 0.00288011 -12.702 12.6686 -0.0334316
166.798 -0.0171199 0.00288024 -12.7077 12.6743 -0.0334299
166.809 -0.0171204 0.00288053 -12.7134 12.68 -0.0334288
166.82 -0.0171212 0.00288077 -12.7191 12.6857 -0.0334277
166.831 -0.0171219 0.00288073 -12.7248 12.6913 -0.033427
166.843 -0.0171226 0.00288097 -12.7304 12.697 -0.0334264
166.854 -0.0171236 0.00288154 -12.736 12.7026 -0.0334255
166.865 -0.0171244 0.00288194 -12.7416 12.7082 -0.0334249
166.876 -0.0171253 0.00288207 -12.7472 12.7138 -0.0334238
166.888 -0.0171265 0.0028823 -12.7528 12.7193 -0.0334225
166.899 -0.0171277 0.00288238 -12.7583 12.7249 -0.0334217
166.91 -0.0171289 0.00288253 -12.7639 12.7304 -0.0334209
166.921 -0.0171304 0.00288278 -12.7694 12.736 -0.0334206
166.933 -0.017132 0.0028833 -12.7749 12.7415 -0.0334202
166.944 -0.0171337 0.0028839 -12.7804 12.747 -0.0334193
166.955 -0.0171353 0.00288414 -12.7859 12.7524 -0.0334183
166.966 -0.017137 0.00288444 -12.7913 12.7579 -0.033417
166.978 -0.017139 0.00288485 -12.7968 12.7633 -0.0334155
166.989 -0.0171411 0.00288504 -12.8022 12.7688 -0.0334141
167 -0.0171431 0.00288557 -12.8077 12.7742 -0.0334129
167.011 -0.0171454 0.00288616 -12.8131 12.7796 -0.0334112
167.022 -0.0171476 0.00288688 -12.8185 12.7851 -0.0334097
167.034 -0.0171496 0.00288763 -12.8239 12.7905 -0.0334087
167.045 -0.0171512 0.0028884 -12.8293 12.7959 -0.0334076
167.056 -0.0171531 0.00288909 -12.8346 12.8012 -0.0334073
167.067 -0.0171551 0.00288989 -12.84 12.8066 -0.0334071
167.079 -0.0171573 0.00289044 -12.8453 12.8119 -0.0334067
167.09 -0.0171593 0.00289078 -12.8506 12.8172 -0.0334058
167.101 -0.0171611 0.00289137 -12.856 12.8225 -0.0334056
167.112 -0.0171633 0.00289196 -12.8613 12.8278 -0.033405
167.124 -0.0171649 0.00289284 -12.8665 12.8331 -0.0334042
167.135 -0.0171666 0.00289311 -12.8718 12.8384 -0.0334037
167.146 -0.0171683 0.0028931 -12.8771 12.8437 -0.0334031
167.157 -0.0171696 0.00289347 -12.8824 12.849 -0.0334025
167.169 -0.0171715 0.00289424 -12.8876 12.8542 -0.033402
167.18 -0.0171727 0.00289523 -12.8929 12.8595 -0.0334008
167.191 -0.0171737 0.0028961 -12.8981 12.8647 -0.0333993
167.202 -0.0171754 0.00289645 -12.9034 12.87 -0.0333982
167.213 -0.0171767 0.00289727 -12.9086 12.8752 -0.0333967
167.225 -0.0171783 0.00289809 -12.9139 12.8805 -0.0333949
167.236 -0.0171801 0.00289879 -12.9192 12.8858 -0.0333933
167.247 -0.0171817 0.00289933 -12.9244 12.891 -0.0333912
167.258 -0.0171829 0.00290015 -12.9297 12.8964 -0.0333889
167.27 -0.0171839 0.00290062 -12.9351 12.9017 -0.0333873
167.281 -0.0171851 0.00290143 -12.9403 12.907 -0.0333853
167.292 -0.0171863 0.00290176 -12.9456 12.9122 -0.033384
167.303 -0.0171876 0.00290215 -12.9509 12.9175 -0.0333832
167.315 -0.0171886 0.00290237 -12.9562 12.9228 -0.0333819
167.326 -0.0171895 0.00290239 -12.9614 12.928 -0.0333806
167.337 -0.0171901 0.00290231 -12.9666 12.9333 -0.0333791
167.348 -0.0171908 0.00290213 -12.9718 12.9384 -0.0333774
167.36 -0.0171913 0.00290176 -12.977 12.9437 -0.0333759
167.371 -0.0171918 0.00290121 -12.9822 12.9488 -0.0333747
167.382 -0.0171921 0.00290099 -12.9873 12.9539 -0.0333726
167.393 -0.0171926 0.00290069 -12.9923 12.959 -0.0333707
167.404 -0.017193 0.00290034 -12.9974 12.964 -0.0333689
167.416 -0.0171937 0.00289981 -13.0024 12.9691 -0.0333671
167.427 -0.0171938 0.00289996 -13.0074 12.9741 -0.0333645
167.438 -0.017194 0.00290014 -13.0125 12.9791 -0.0333621
167.449 -0.0171943 0.00290005 -13.0175 12.9841 -0.033359
167.461 -0.017195 0.00289998 -13.0224 12.989 -0.0333565
167.472 -0.0171955 0.00289983 -13.0273 12.994 -0.0333541
167.483 -0.0171962 0.00289962 -13.0322 12.9988 -0.0333513
167.494 -0.0171966 0.00289922 -13.037 13.0037 -0.0333487
167.506 -0.0171969 0.002899 -13.0418 13.0085 -0.0333466
167.517 -0.0171975 0.00289877 -13.0466 13.0133 -0.0333437
167.528 -0.0171984 0.00289823 -13.0513 13.018 -0.0333414
167.539 -0.017199 0.00289797 -13.056 13.0227 -0.0333392
167.551 -0.0172001 0.00289761 -13.0607 13.0274 -0.0333367
167.562 -0.0172016 0.00289698 -13.0653 13.032 -0.0333342
167.573 -0.017203 0.00289651 -13.0699 13.0366 -0.0333319
167.584 -0.0172041 0.00289562 -13.0744 13.0411 -0.0333288
167.596 -0.0172053 0.00289517 -13.0789 13.0456 -0.033326
167.607 -0.0172062 0.00289441 -13.0834 13.0501 -0.0333236
167.618 -0.0172069 0.00289356 -13.0878 13.0545 -0.0333208
167.629 -0.0172076 0.00289235 -13.0922 13.0589 -0.0333184
167.64 -0.0172081 0.00289145 -13.0966 13.0632 -0.033316
167.652 -0.0172086 0.00289025 -13.1008 13.0675 -0.0333134
167.663 -0.0172093 0.00288995 -13.1051 13.0718 -0.0333109
167.674 -0.0172097 0.00288955 -13.1093 13.076 -0.0333085
167.685 -0.0172103 0.00288973 -13.1134 13.0801 -0.0333061
167.697 -0.01721 0.00288974 -13.1175 13.0842 -0.0333042
167.708 -0.01721 0.00288999 -13.1216 13.0883 -0.0333018
167.719 -0.0172102 0.00289042 -13.1256 13.0923 -0.0332993
167.73 -0.0172099 0.00289143 -13.1296 13.0963 -0.0332969
167.742 -0.0172094 0.00289225 -13.1336 13.1003 -0.0332955
167.753 -0.0172092 0.00289322 -13.1375 13.1042 -0.0332934
167.764 -0.0172086 0.00289399 -13.1414 13.1081 -0.0332914
167.775 -0.0172087 0.00289496 -13.1452 13.1119 -0.0332894
167.787 -0.0172088 0.00289553 -13.1489 13.1156 -0.0332868
167.798 -0.017209 0.00289631 -13.1527 13.1194 -0.0332845
167.809 -0.0172091 0.00289679 -13.1564 13.1231 -0.0332827
167.82 -0.0172091 0.00289762 -13.16 13.1267 -0.0332805
167.831 -0.0172097 0.00289802 -13.1636 13.1304 -0.0332783
167.843 -0.0172099 0.00289898 -13.1672 13.1339 -0.0332767
167.854 -0.0172104 0.00289959 -13.1707 13.1374 -0.0332748
167.865 -0.0172106 0.00290081 -13.1742 13.1409 -0.033273
167.876 -0.0172112 0.00290132 -13.1777 13.1444 -0.0332716
167.888 -0.0172115 0.00290231 -13.1811 13.1478 -0.0332697
167.899 -0.0172114 0.00290282 -13.1844 13.1512 -0.0332677
167.91 -0.0172114 0.00290328 -13.1878 13.1545 -0.0332661
167.921 -0.0172112 0.00290421 -13.1911 13.1578 -0.0332636
167.933 -0.017211 0.00290537 -13.1943 13.1611 -0.0332602
167.944 -0.0172109 0.00290579 -13.1976 13.1643 -0.0332564
167.955 -0.0172113 0.00290652 -13.2009 13.1676 -0.0332522
167.966 -0.0172119 0.00290727 -13.2041 13.1709 -0.0332478
167.978 -0.0172126 0.00290816 -13.2074 13.1742 -0.033244
167.989 -0.0172132 0.0029087 -13.2107 13.1774 -0.0332397
168 -0.0172138 0.00290977 -13.2139 13.1807 -0.0332359
168.011 -0.0172146 0.00291044 -13.2171 13.1839 -0.0332325
168.022 -0.0172154 0.00291163 -13.2203 13.1871 -0.0332282
168.034 -0.0172162 0.00291285 -13.2235 13.1903 -0.0332237
168.045 -0.0172167 0.00291401 -13.2267 13.1934 -0.03322
168.056 -0.0172173 0.00291524 -13.2298 13.1966 -0.0332157
168.067 -0.0172179 0.00291636 -13.233 13.1998 -0.0332113
168.079 -0.0172185 0.00291727 -13.2361 13.2029 -0.0332066
168.09 -0.017219 0.00291811 -13.2393 13.2061 -0.0332019
168.101 -0.0172194 0.00291874 -13.2424 13.2092 -0.0331974
168.112 -0.0172201 0.0029198 -13.2456 13.2124 -0.0331935
168.124 -0.0172208 0.00292066 -13.2487 13.2155 -0.0331891
168.135 -0.0172216 0.00292133 -13.2518 13.2186 -0.033185
168.146 -0.0172222 0.00292214 -13.2549 13.2217 -0.0331814
168.157 -0.0172227 0.00292311 -13.258 13.2248 -0.0331772
168.169 -0.0172237 0.00292406 -13.2611 13.2279 -0.0331738
168.18 -0.0172245 0.00292537 -13.2641 13.2309 -0.0331705
168.191 -0.0172253 0.00292632 -13.2671 13.234 -0.0331666
168.202 -0.0172257 0.00292726 -13.2701 13.237 -0.0331633
168.213 -0.0172263 0.00292846 -13.2731 13.24 -0.0331602
168.225 -0.0172272 0.00292951 -13.2761 13.2429 -0.0331572
168.236 -0.0172281 0.00293064 -13.279 13.2458 -0.0331539
168.247 -0.0172282 0.0029325 -13.2818 13.2487 -0.0331508
168.258 -0.0172284 0.00293376 -13.2847 13.2515 -0.0331477
168.27 -0.0172287 0.0029348 -13.2875 13.2543 -0.0331449
168.281 -0.017229 0.00293591 -13.2902 13.2571 -0.0331425
168.292 -0.017229 0.00293719 -13.293 13.2598 -0.0331395
168.303 -0.0172292 0.00293856 -13.2956 13.2625 -0.033137
168.315 -0.0172297 0.00294 -13.2983 13.2652 -0.0331345
168.326 -0.0172308 0.0029409 -13.3009 13.2678 -0.0331319
168.337 -0.0172313 0.00294195 -13.3035 13.2703 -0.0331292
168.348 -0.0172315 0.00294366 -13.306 13.2729 -0.0331259
168.36 -0.0172313 0.00294562 -13.3085 13.2753 -0.033122
168.371 -0.0172314 0.00294702 -13.3109 13.2778 -0.0331181
168.382 -0.0172319 0.0029484 -13.3133 13.2802 -0.033115
168.393 -0.0172322 0.00294949 -13.3157 13.2826 -0.0331113
168.404 -0.0172332 0.00295027 -13.3181 13.285 -0.0331081
168.416 -0.0172338 0.00295092 -13.3204 13.2873 -0.033105
168.427 -0.0172349 0.00295149 -13.3227 13.2896 -0.0331025
168.438 -0.0172353 0.00295281 -13.3249 13.2918 -0.0330998
168.449 -0.0172358 0.00295403 -13.3272 13.2941 -0.0330976
168.461 -0.0172363 0.00295502 -13.3293 13.2962 -0.0330948
168.472 -0.0172367 0.00295618 -13.3315 13.2984 -0.0330922
168.483 -0.017237 0.00295799 -13.3336 13.3005 -0.0330894
168.494 -0.0172368 0.00295955 -13.3357 13.3026 -0.0330859
168.506 -0.0172364 0.00296112 -13.3378 13.3047 -0.0330827
168.517 -0.017236 0.00296309 -13.3398 13.3067 -0.0330796
168.528 -0.0172354 0.00296563 -13.3419 13.3088 -0.0330759
168.539 -0.0172349 0.00296801 -13.3439 13.3108 -0.0330723
168.551 -0.0172343 0.00297033 -13.3459 13.3128 -0.0330688
168.562 -0.0172337 0.00297228 -13.3479 13.3148 -0.0330643
168.573 -0.0172331 0.00297333 -13.3498 13.3168 -0.0330605
168.584 -0.0172328 0.00297461 -13.3518 13.3187 -0.0330564
168.596 -0.0172331 0.00297582 -13.3537 13.3207 -0.0330527
168.607 -0.0172333 0.00297679 -13.3556 13.3226 -0.0330491
168.618 -0.0172338 0.00297808 -13.3575 13.3245 -0.0330463
168.629 -0.0172348 0.00297916 -13.3594 13.3264 -0.0330432
168.64 -0.0172361 0.00297981 -13.3612 13.3282 -0.0330411
168.652 -0.0172378 0.00297994 -13.363 13.33 -0.0330387
168.663 -0.0172396 0.0029798 -13.3648 13.3317 -0.0330367
168.674 -0.0172408 0.00298041 -13.3665 13.3334 -0.0330342
168.685 -0.0172413 0.00298145 -13.3682 13.3352 -0.0330317
168.697 -0.0172419 0.00298246 -13.3698 13.3368 -0.0330287
168.708 -0.0172427 0.00298365 -13.3715 13.3385 -0.0330255
168.719 -0.0172437 0.00298507 -13.3731 13.3401 -0.0330224
168.73 -0.0172445 0.00298664 -13.3747 13.3417 -0.0330189
168.742 -0.0172447 0.0029882 -13.3763 13.3433 -0.0330148
168.753 -0.0172451 0.00298969 -13.3778 13.3448 -0.0330115
168.764 -0.0172459 0.00299123 -13.3794 13.3464 -0.0330078
168.775 -0.0172466 0.00299301 -13.3809 13.3479 -0.0330043
168.787 -0.0172469 0.00299503 -13.3824 13.3494 -0.0330008
168.798 -0.0172474 0.00299666 -13.3838 13.3508 -0.0329977
168.809 -0.0172476 0.00299863 -13.3852 13.3522 -0.0329945
168.82 -0.0172476 0.00300112 -13.3866 13.3536 -0.0329914
168.831 -0.0172474 0.00300294 -13.3879 13.3549 -0.0329878
168.843 -0.0172474 0.00300476 -13.3892 13.3562 -0.0329841
168.854 -0.0172472 0.00300688 -13.3905 13.3575 -0.0329805
168.865 -0.0172473 0.00300862 -13.3917 13.3587 -0.0329774
168.876 -0.0172476 0.00301044 -13.3929 13.3599 -0.0329743
168.888 -0.0172479 0.00301248 -13.394 13.361 -0.0329712
168.899 -0.017248 0.00301438 -13.3951 13.3621 -0.0329679
168.91 -0.0172483 0.0030162 -13.3961 13.3632 -0.0329644
168.921 -0.0172484 0.00301818 -13.3972 13.3642 -0.0329612
168.933 -0.0172487 0.00301953 -13.3981 13.3652 -0.0329579
168.944 -0.0172491 0.0030202 -13.399 13.3661 -0.032955
168.955 -0.0172493 0.00302082 -13.3999 13.367 -0.0329523
168.966 -0.0172492 0.00302161 -13.4008 13.3679 -0.0329489
168.978 -0.0172488 0.00302251 -13.4017 13.3687 -0.0329456
168.989 -0.0172483 0.00302265 -13.4025 13.3695 -0.0329435
169 -0.0172484 0.00302315 -13.4032 13.3703 -0.0329405
169.011 -0.0172484 0.0030231 -13.4039 13.371 -0.0329382
169.022 -0.0172485 0.00302387 -13.4046 13.3716 -0.0329357
169.034 -0.0172486 0.00302469 -13.4052 13.3722 -0.0329323
169.045 -0.0172483 0.00302574 -13.4058 13.3728 -0.0329293
169.056 -0.0172477 0.00302706 -13.4063 13.3734 -0.0329262
169.067 -0.017247 0.00302834 -13.4068 13.3739 -0.0329233
169.079 -0.017246 0.00302979 -13.4073 13.3744 -0.0329201
169.09 -0.0172446 0.00303116 -13.4077 13.3748 -0.0329171
169.101 -0.0172435 0.00303237 -13.4081 13.3752 -0.0329142
169.112 -0.0172422 0.00303338 -13.4085 13.3756 -0.0329115
169.124 -0.0172408 0.00303455 -13.4088 13.3759 -0.0329084
169.135 -0.0172391 0.00303544 -13.4091 13.3762 -0.032905
169.146 -0.0172377 0.00303636 -13.4093 13.3764 -0.0329011
169.157 -0.0172362 0.00303799 -13.4096 13.3767 -0.0328974
169.169 -0.0172357 0.00303954 -13.4098 13.3769 -0.0328939
169.18 -0.0172348 0.00304058 -13.4099 13.377 -0.0328914
169.191 -0.017234 0.00304067 -13.4101 13.3772 -0.0328891
169.202 -0.0172334 0.00304091 -13.4102 13.3773 -0.0328862
169.213 -0.0172336 0.00304158 -13.4102 13.3773 -0.0328837
169.225 -0.0172342 0.00304131 -13.4102 13.3774 -0.0328826
169.236 -0.0172342 0.00304133 -13.4102 13.3773 -0.0328806
169.247 -0.017234 0.00304094 -13.4102 13.3773 -0.0328785
169.258 -0.0172339 0.00304157 -13.4101 13.3772 -0.0328754
169.27 -0.0172337 0.00304238 -13.41 13.3771 -0.032872
169.281 -0.0172339 0.003043 -13.4099 13.377 -0.0328689
169.292 -0.0172333 0.00304383 -13.4098 13.3769 -0.0328658
169.303 -0.0172329 0.00304464 -13.4096 13.3767 -0.0328621
169.315 -0.0172323 0.00304521 -13.4095 13.3766 -0.0328592
169.326 -0.0172317 0.00304696 -13.4093 13.3764 -0.0328559
169.337 -0.0172317 0.00304701 -13.4091 13.3762 -0.0328539
169.348 -0.0172308 0.00304768 -13.4089 13.376 -0.0328517
169.36 -0.0172296 0.00304839 -13.4086 13.3757 -0.0328494
169.371 -0.0172289 0.00304901 -13.4083 13.3755 -0.0328472
169.382 -0.0172288 0.00305009 -13.408 13.3751 -0.0328444
169.393 -0.0172283 0.00305158 -13.4077 13.3748 -0.0328413
169.404 -0.0172274 0.00305253 -13.4073 13.3745 -0.0328382
169.416 -0.017226 0.0030537 -13.407 13.3742 -0.0328346
169.427 -0.0172245 0.00305508 -13.4067 13.3738 -0.0328312
169.438 -0.0172242 0.00305644 -13.4063 13.3735 -0.0328285
169.449 -0.0172238 0.00305822 -13.4059 13.3731 -0.0328255
169.461 -0.0172242 0.00305942 -13.4055 13.3727 -0.0328231
169.472 -0.017224 0.00306072 -13.4051 13.3722 -0.0328203
169.483 -0.0172249 0.00306173 -13.4046 13.3718 -0.0328178
169.494 -0.0172256 0.0030625 -13.4041 13.3713 -0.0328162
169.506 -0.0172265 0.00306231 -13.4036 13.3708 -0.0328142
169.517 -0.0172263 0.00306289 -13.403 13.3702 -0.0328124
169.528 -0.0172269 0.00306361 -13.4025 13.3697 -0.0328105
169.539 -0.017227 0.00306492 -13.4019 13.369 -0.0328073
169.551 -0.0172271 0.00306581 -13.4012 13.3684 -0.0328057
169.562 -0.0172275 0.00306725 -13.4006 13.3678 -0.032804
169.573 -0.0172277 0.00306822 -13.3999 13.3671 -0.032802
169.584 -0.017228 0.00306957 -13.3992 13.3664 -0.0328
169.596 -0.017228 0.00307123 -13.3985 13.3657 -0.0327983
169.607 -0.0172278 0.00307313 -13.3978 13.365 -0.032796
169.618 -0.0172273 0.00307532 -13.3971 13.3643 -0.0327938
169.629 -0.017227 0.0030776 -13.3964 13.3636 -0.0327916
169.64 -0.0172265 0.00307939 -13.3956 13.3628 -0.0327893
169.652 -0.0172261 0.00308143 -13.3948 13.362 -0.0327864
169.663 -0.0172253 0.0030835 -13.3941 13.3613 -0.0327837
169.674 -0.0172252 0.00308532 -13.3933 13.3605 -0.03278
169.685 -0.0172251 0.00308688 -13.3925 13.3597 -0.0327771
169.697 -0.0172249 0.00308785 -13.3917 13.3589 -0.0327741
169.708 -0.0172245 0.0030889 -13.3909 13.3581 -0.0327705
169.719 -0.017224 0.00309016 -13.3901 13.3573 -0.0327666
169.73 -0.0172236 0.00309104 -13.3893 13.3565 -0.0327629
169.742 -0.0172225 0.00309185 -13.3884 13.3557 -0.0327589
169.753 -0.0172222 0.00309148 -13.3876 13.3549 -0.0327557
169.764 -0.0172224 0.00309136 -13.3868 13.354 -0.0327533
169.775 -0.0172221 0.00309208 -13.3859 13.3532 -0.0327498
169.787 -0.0172226 0.00309315 -13.3851 13.3524 -0.0327471
169.798 -0.0172219 0.00309452 -13.3843 13.3515 -0.0327441
169.809 -0.0172211 0.00309581 -13.3834 13.3507 -0.0327399
169.82 -0.0172208 0.00309636 -13.3826 13.3498 -0.0327363
169.831 -0.017221 0.00309699 -13.3817 13.349 -0.0327331
169.843 -0.0172214 0.00309765 -13.3809 13.3482 -0.0327292
169.854 -0.0172217 0.00309836 -13.3801 13.3473 -0.0327252
169.865 -0.0172212 0.00309884 -13.3793 13.3465 -0.0327218
169.876 -0.0172205 0.00309976 -13.3784 13.3457 -0.0327178
169.888 -0.0172199 0.00310071 -13.3776 13.3449 -0.0327138
169.899 -0.0172197 0.00310217 -13.3769 13.3442 -0.0327098
169.91 -0.0172195 0.00310351 -13.3761 13.3434 -0.0327055
169.921 -0.0172189 0.00310537 -13.3753 13.3426 -0.032701
169.933 -0.0172184 0.00310677 -13.3746 13.3419 -0.0326965
169.944 -0.0172176 0.00310865 -13.3738 13.3412 -0.0326915
169.955 -0.0172171 0.00311015 -13.3731 13.3404 -0.0326873
169.966 -0.0172171 0.00311081 -13.3724 13.3397 -0.0326828
169.978 -0.0172174 0.00311187 -13.3717 13.339 -0.0326784
169.989 -0.0172182 0.0031132 -13.3709 13.3383 -0.0326744
170 -0.0172192 0.00311399 -13.3702 13.3375 -0.0326711
170.011 -0.0172191 0.00311563 -13.3694 13.3368 -0.0326679
170.022 -0.0172196 0.00311651 -13.3687 13.336 -0.0326648
170.034 -0.0172198 0.00311755 -13.3679 13.3352 -0.0326612
170.045 -0.0172197 0.00311841 -13.3671 13.3345 -0.0326576
170.056 -0.0172195 0.00311921 -13.3663 13.3337 -0.0326539
170.067 -0.0172201 0.00311926 -13.3656 13.3329 -0.0326517
170.079 -0.0172202 0.00311976 -13.3648 13.3321 -0.0326488
170.09 -0.0172205 0.00311999 -13.364 13.3313 -0.0326459
170.101 -0.0172205 0.0031207 -13.3632 13.3305 -0.032643
170.112 -0.017221 0.00312112 -13.3623 13.3297 -0.0326393
170.124 -0.0172215 0.0031221 -13.3615 13.3289 -0.0326361
170.135 -0.0172216 0.00312291 -13.3607 13.3281 -0.0326335
170.146 -0.0172223 0.00312378 -13.3599 13.3273 -0.0326309
170.157 -0.0172224 0.00312501 -13.3591 13.3265 -0.0326282
170.169 -0.0172225 0.00312631 -13.3583 13.3257 -0.0326258
170.18 -0.0172225 0.0031273 -13.3575 13.3249 -0.0326231
170.191 -0.0172218 0.00312843 -13.3567 13.3241 -0.03262
170.202 -0.0172214 0.00312958 -13.356 13.3234 -0.0326178
170.213 -0.0172214 0.00313042 -13.3552 13.3226 -0.032615
170.225 -0.0172211 0.00313133 -13.3544 13.3218 -0.0326123
170.236 -0.0172208 0.00313256 -13.3536 13.321 -0.0326089
170.247 -0.0172205 0.00313348 -13.3529 13.3203 -0.0326054
170.258 -0.0172203 0.00313442 -13.3521 13.3195 -0.0326019
170.27 -0.0172198 0.00313588 -13.3514 13.3188 -0.0325983
170.281 -0.0172193 0.00313724 -13.3506 13.318 -0.0325945
170.292 -0.0172188 0.00313865 -13.3499 13.3173 -0.0325907
170.303 -0.0172184 0.00314039 -13.3491 13.3166 -0.0325863
170.315 -0.0172178 0.00314196 -13.3484 13.3159 -0.0325816
170.326 -0.0172171 0.00314311 -13.3477 13.3152 -0.032577
170.337 -0.0172173 0.00314394 -13.3471 13.3145 -0.0325733
170.348 -0.0172176 0.00314482 -13.3464 13.3139 -0.0325686
170.36 -0.017218 0.00314573 -13.3458 13.3132 -0.0325649
170.371 -0.0172186 0.003147 -13.3452 13.3126 -0.0325618
170.382 -0.0172198 0.0031475 -13.3446 13.312 -0.032559
170.393 -0.0172202 0.00314844 -13.344 13.3114 -0.0325555
170.404 -0.0172205 0.00314977 -13.3434 13.3108 -0.032552
170.416 -0.0172205 0.00315039 -13.3428 13.3102 -0.0325485
170.427 -0.0172206 0.00315179 -13.3422 13.3097 -0.0325444
170.438 -0.0172201 0.0031527 -13.3417 13.3091 -0.0325408
170.449 -0.017219 0.00315402 -13.3411 13.3086 -0.0325365
170.461 -0.0172182 0.0031556 -13.3406 13.3081 -0.0325327
170.472 -0.0172174 0.00315735 -13.3401 13.3076 -0.0325291
170.483 -0.0172164 0.00315936 -13.3396 13.3071 -0.0325249
170.494 -0.0172155 0.00316143 -13.3392 13.3067 -0.0325211
170.506 -0.0172142 0.00316362 -13.3388 13.3062 -0.0325172
170.517 -0.0172133 0.00316554 -13.3383 13.3058 -0.0325134
170.528 -0.0172125 0.0031673 -13.3379 13.3054 -0.0325097
170.539 -0.0172118 0.00316901 -13.3376 13.3051 -0.0325057
170.551 -0.0172117 0.00317038 -13.3372 13.3047 -0.032501
170.562 -0.0172117 0.003172 -13.3369 13.3044 -0.0324964
170.573 -0.0172115 0.0031736 -13.3367 13.3042 -0.0324919
170.584 -0.0172116 0.00317473 -13.3364 13.3039 -0.0324874
170.596 -0.0172123 0.00317533 -13.3362 13.3037 -0.0324839
170.607 -0.0172127 0.00317624 -13.336 13.3035 -0.0324802
170.618 -0.0172136 0.00317696 -13.3358 13.3033 -0.0324763
170.629 -0.0172146 0.00317728 -13.3356 13.3032 -0.0324734
170.64 -0.0172155 0.00317789 -13.3355 13.303 -0.0324706
170.652 -0.0172157 0.00317827 -13.3353 13.3028 -0.0324677
170.663 -0.0172161 0.00317847 -13.3351 13.3027 -0.0324648
170.674 -0.0172163 0.0031792 -13.335 13.3025 -0.0324616
170.685 -0.017217 0.00317917 -13.3348 13.3024 -0.0324587
170.697 -0.0172178 0.00317955 -13.3347 13.3023 -0.0324559
170.708 -0.0172186 0.00318015 -13.3346 13.3022 -0.0324533
170.719 -0.0172193 0.00318069 -13.3345 13.3021 -0.0324505
170.73 -0.0172201 0.00318128 -13.3344 13.302 -0.0324475
170.742 -0.0172203 0.00318206 -13.3344 13.3019 -0.0324449
170.753 -0.017221 0.00318275 -13.3343 13.3018 -0.0324417
170.764 -0.0172218 0.00318376 -13.3343 13.3018 -0.0324387
170.775 -0.0172223 0.00318487 -13.3342 13.3018 -0.0324355
170.787 -0.0172223 0.00318587 -13.3342 13.3018 -0.0324321
170.798 -0.0172223 0.00318673 -13.3342 13.3018 -0.0324288
170.809 -0.0172221 0.00318803 -13.3343 13.3018 -0.0324256
170.82 -0.0172219 0.00318913 -13.3343 13.3019 -0.0324219
170.831 -0.0172216 0.00319002 -13.3343 13.3019 -0.0324187
170.843 -0.0172219 0.00319088 -13.3344 13.302 -0.032416
170.854 -0.0172226 0.00319183 -13.3345 13.3021 -0.0324133
170.865 -0.0172231 0.00319304 -13.3345 13.3021 -0.0324103
170.876 -0.0172236 0.00319472 -13.3346 13.3022 -0.0324076
170.888 -0.017224 0.00319643 -13.3347 13.3023 -0.0324045
170.899 -0.0172246 0.00319768 -13.3348 13.3024 -0.0324021
170.91 -0.0172255 0.0031991 -13.3349 13.3025 -0.0323999
170.921 -0.0172262 0.00320051 -13.335 13.3026 -0.0323974
170.933 -0.0172269 0.00320193 -13.3351 13.3027 -0.0323951
170.944 -0.0172274 0.00320345 -13.3353 13.3029 -0.032393
170.955 -0.0172278 0.00320475 -13.3354 13.303 -0.0323907
170.966 -0.017228 0.00320635 -13.3355 13.3031 -0.032388
170.978 -0.0172284 0.00320836 -13.3356 13.3033 -0.0323855
170.989 -0.0172284 0.00321009 -13.3358 13.3034 -0.0323825
171 -0.0172284 0.00321191 -13.3359 13.3035 -0.0323794
171.011 -0.0172285 0.00321361 -13.336 13.3037 -0.0323769
171.022 -0.0172289 0.00321516 -13.3362 13.3038 -0.032373
171.034 -0.0172293 0.00321686 -13.3363 13.304 -0.0323694
171.045 -0.0172298 0.00321816 -13.3365 13.3042 -0.0323665
171.056 -0.01723 0.00321995 -13.3367 13.3044 -0.0323622
171.067 -0.0172306 0.00322055 -13.337 13.3046 -0.0323593
171.079 -0.0172311 0.00322214 -13.3372 13.3048 -0.0323561
171.09 -0.0172313 0.00322348 -13.3375 13.3051 -0.032353
171.101 -0.0172317 0.0032249 -13.3377 13.3054 -0.0323496
171.112 -0.0172321 0.00322652 -13.338 13.3057 -0.032346
171.124 -0.0172324 0.00322778 -13.3383 13.306 -0.0323419
171.135 -0.0172327 0.00322893 -13.3387 13.3063 -0.0323382
171.146 -0.0172329 0.00323033 -13.339 13.3067 -0.0323348
171.157 -0.0172333 0.00323153 -13.3394 13.3071 -0.0323312
171.169 -0.0172334 0.00323252 -13.3398 13.3075 -0.0323278
171.18 -0.0172335 0.00323359 -13.3402 13.3079 -0.0323244
171.191 -0.0172333 0.00323442 -13.3406 13.3083 -0.0323204
171.202 -0.0172331 0.00323521 -13.341 13.3087 -0.0323164
171.213 -0.0172331 0.00323624 -13.3415 13.3092 -0.0323128
171.225 -0.0172331 0.00323734 -13.3419 13.3096 -0.0323087
171.236 -0.0172335 0.00323835 -13.3424 13.3101 -0.0323048
171.247 -0.0172339 0.00323935 -13.3429 13.3106 -0.0323008
171.258 -0.0172344 0.00324007 -13.3434 13.3111 -0.0322969
171.27 -0.0172353 0.00324151 -13.3439 13.3116 -0.0322929
171.281 -0.0172363 0.00324268 -13.3445 13.3122 -0.0322891
171.292 -0.0172378 0.00324367 -13.345 13.3128 -0.0322848
171.303 -0.017239 0.00324479 -13.3456 13.3133 -0.0322808
171.315 -0.0172397 0.00324625 -13.3462 13.3139 -0.0322767
171.326 -0.0172405 0.00324744 -13.3468 13.3145 -0.0322724
171.337 -0.0172412 0.00324849 -13.3474 13.3151 -0.0322686
171.348 -0.0172419 0.00324969 -13.348 13.3157 -0.0322654
171.36 -0.0172426 0.00325052 -13.3486 13.3163 -0.0322619
171.371 -0.0172431 0.00325136 -13.3492 13.317 -0.0322587
171.382 -0.0172436 0.00325233 -13.3498 13.3176 -0.0322557
171.393 -0.0172439 0.00325296 -13.3505 13.3182 -0.0322527
171.404 -0.0172443 0.00325426 -13.3511 13.3188 -0.0322494
171.416 -0.0172447 0.00325544 -13.3517 13.3194 -0.0322464
171.427 -0.0172451 0.00325626 -13.3523 13.3201 -0.0322433
171.438 -0.0172459 0.00325709 -13.3529 13.3207 -0.03224
171.449 -0.0172467 0.00325819 -13.3535 13.3213 -0.0322369
171.461 -0.0172471 0.0032591 -13.3541 13.3219 -0.0322335
171.472 -0.0172472 0.00325973 -13.3547 13.3224 -0.0322303
171.483 -0.0172471 0.00326007 -13.3553 13.323 -0.0322274
171.494 -0.0172469 0.00326077 -13.3558 13.3236 -0.0322238
171.506 -0.0172466 0.00326124 -13.3564 13.3242 -0.0322206
171.517 -0.0172466 0.00326204 -13.357 13.3248 -0.0322175
171.528 -0.0172467 0.00326265 -13.3575 13.3253 -0.0322137
171.539 -0.017247 0.00326334 -13.3581 13.3259 -0.0322098
171.551 -0.0172472 0.00326419 -13.3586 13.3264 -0.0322057
171.562 -0.0172475 0.00326516 -13.3592 13.327 -0.0322017
171.573 -0.0172477 0.00326596 -13.3597 13.3275 -0.0321981
171.584 -0.0172479 0.0032672 -13.3603 13.3281 -0.0321948
171.596 -0.0172481 0.00326826 -13.3608 13.3286 -0.0321907
171.607 -0.0172486 0.00326949 -13.3613 13.3291 -0.0321872
171.618 -0.0172488 0.00327111 -13.3619 13.3297 -0.0321839
171.629 -0.0172492 0.00327228 -13.3624 13.3302 -0.0321798
171.64 -0.0172493 0.00327366 -13.3629 13.3307 -0.0321757
171.652 -0.0172496 0.00327531 -13.3634 13.3312 -0.0321715
171.663 -0.0172501 0.00327649 -13.3639 13.3318 -0.0321676
171.674 -0.0172505 0.00327815 -13.3644 13.3323 -0.0321635
171.685 -0.0172509 0.00327984 -13.365 13.3328 -0.0321596
171.697 -0.0172512 0.0032813 -13.3655 13.3333 -0.0321558
171.708 -0.0172518 0.00328255 -13.366 13.3338 -0.0321524
171.719 -0.0172524 0.00328438 -13.3665 13.3343 -0.0321486
171.73 -0.0172531 0.00328544 -13.367 13.3349 -0.032146
171.742 -0.0172539 0.00328649 -13.3675 13.3353 -0.032143
171.753 -0.0172549 0.00328742 -13.3679 13.3358 -0.032141
171.764 -0.0172563 0.00328861 -13.3684 13.3362 -0.0321383
171.775 -0.0172576 0.0032897 -13.3688 13.3367 -0.0321361
171.787 -0.0172587 0.00329136 -13.3692 13.3371 -0.0321334
171.798 -0.0172604 0.00329294 -13.3697 13.3375 -0.0321303
171.809 -0.0172619 0.00329485 -13.3701 13.3379 -0.0321267
171.82 -0.0172639 0.00329635 -13.3705 13.3383 -0.0321238
171.831 -0.0172654 0.0032981 -13.3708 13.3387 -0.0321201
171.843 -0.017267 0.00329963 -13.3712 13.3391 -0.0321168
171.854 -0.0172683 0.0033012 -13.3716 13.3395 -0.0321135
171.865 -0.0172701 0.00330248 -13.372 13.3399 -0.0321099
171.876 -0.0172718 0.00330371 -13.3723 13.3402 -0.0321062
171.888 -0.0172736 0.00330493 -13.3727 13.3406 -0.0321031
171.899 -0.0172751 0.00330596 -13.3731 13.341 -0.032099
171.91 -0.0172774 0.00330658 -13.3734 13.3413 -0.0320958
171.921 -0.0172792 0.00330689 -13.3738 13.3417 -0.0320929
171.933 -0.0172811 0.00330768 -13.3741 13.342 -0.0320899
171.944 -0.0172823 0.00330797 -13.3744 13.3423 -0.0320863
171.955 -0.0172832 0.00330905 -13.3747 13.3426 -0.0320828
171.966 -0.017284 0.00331038 -13.375 13.3429 -0.0320786
171.978 -0.0172854 0.00331131 -13.3753 13.3432 -0.032075
171.989 -0.0172864 0.00331328 -13.3756 13.3436 -0.0320714
172 -0.0172874 0.00331487 -13.3759 13.3439 -0.0320668
172.011 -0.0172885 0.00331649 -13.3763 13.3442 -0.0320624
172.022 -0.0172892 0.00331798 -13.3766 13.3445 -0.0320582
172.034 -0.01729 0.00331943 -13.3769 13.3449 -0.0320535
172.045 -0.0172912 0.00332082 -13.3773 13.3452 -0.0320491
172.056 -0.0172922 0.00332216 -13.3776 13.3455 -0.0320451
172.067 -0.0172932 0.00332312 -13.3779 13.3459 -0.032041
172.079 -0.0172945 0.00332417 -13.3783 13.3462 -0.0320367
172.09 -0.017295 0.00332515 -13.3786 13.3465 -0.032033
172.101 -0.0172961 0.00332621 -13.3789 13.3468 -0.0320294
172.112 -0.0172972 0.00332731 -13.3791 13.3471 -0.0320257
172.124 -0.017298 0.00332831 -13.3794 13.3474 -0.0320216
172.135 -0.0172995 0.00332881 -13.3797 13.3477 -0.0320177
172.146 -0.0173005 0.00332976 -13.3799 13.3479 -0.0320136
172.157 -0.017302 0.00333058 -13.3802 13.3482 -0.0320098
172.169 -0.0173031 0.00333144 -13.3804 13.3484 -0.0320055
172.18 -0.0173043 0.00333181 -13.3806 13.3486 -0.0320012
172.191 -0.0173053 0.00333275 -13.3809 13.3489 -0.0319974
172.202 -0.0173064 0.00333294 -13.3811 13.3491 -0.0319926
172.213 -0.0173069 0.00333303 -13.3812 13.3492 -0.0319885
172.225 -0.017308 0.00333367 -13.3814 13.3494 -0.0319843
172.236 -0.0173091 0.00333429 -13.3815 13.3496 -0.0319794
172.247 -0.0173105 0.00333496 -13.3817 13.3497 -0.0319751
172.258 -0.0173117 0.00333555 -13.3818 13.3499 -0.0319711
172.27 -0.0173132 0.0033362 -13.3819 13.35 -0.0319666
172.281 -0.0173143 0.00333655 -13.3821 13.3501 -0.0319625
172.292 -0.0173155 0.00333723 -13.3822 13.3502 -0.0319587
172.303 -0.017317 0.00333799 -13.3822 13.3503 -0.0319543
172.315 -0.0173182 0.00333868 -13.3823 13.3503 -0.0319503
172.326 -0.0173196 0.0033395 -13.3823 13.3504 -0.0319467
172.337 -0.0173217 0.00334022 -13.3824 13.3504 -0.0319428
172.348 -0.0173232 0.00334072 -13.3824 13.3504 -0.0319386
172.36 -0.0173252 0.00334176 -13.3824 13.3504 -0.0319346
172.371 -0.0173266 0.00334206 -13.3823 13.3504 -0.0319308
172.382 -0.0173285 0.00334255 -13.3823 13.3504 -0.0319272
172.393 -0.0173304 0.00334297 -13.3822 13.3503 -0.0319237
172.404 -0.0173325 0.00334355 -13.3821 13.3502 -0.0319196
172.416 -0.0173341 0.00334385 -13.3819 13.35 -0.0319156
172.427 -0.0173352 0.00334509 -13.3818 13.3499 -0.0319114
172.438 -0.0173364 0.00334636 -13.3816 13.3497 -0.0319065
172.449 -0.0173379 0.00334739 -13.3815 13.3496 -0.0319017
172.461 -0.0173391 0.0033485 -13.3813 13.3494 -0.0318973
172.472 -0.0173403 0.00334947 -13.3811 13.3492 -0.0318925
172.483 -0.0173417 0.00335072 -13.3809 13.349 -0.0318882
172.494 -0.017343 0.00335194 -13.3807 13.3488 -0.0318839
172.506 -0.0173443 0.00335296 -13.3804 13.3485 -0.0318797
172.517 -0.0173457 0.00335338 -13.3801 13.3483 -0.0318763
172.528 -0.0173471 0.00335394 -13.3799 13.348 -0.0318735
172.539 -0.0173484 0.00335439 -13.3796 13.3477 -0.0318702
172.551 -0.0173498 0.00335497 -13.3792 13.3474 -0.0318668
172.562 -0.0173512 0.00335565 -13.3789 13.3471 -0.0318636
172.573 -0.0173528 0.00335618 -13.3785 13.3467 -0.0318604
172.584 -0.0173539 0.00335675 -13.3782 13.3463 -0.0318575
172.596 -0.0173549 0.00335716 -13.3778 13.346 -0.0318553
172.607 -0.017356 0.00335738 -13.3774 13.3455 -0.0318511
172.618 -0.0173575 0.00335772 -13.377 13.3451 -0.0318477
172.629 -0.0173594 0.00335834 -13.3766 13.3447 -0.0318448
172.64 -0.0173611 0.00335903 -13.3761 13.3443 -0.0318413
172.652 -0.0173629 0.00335972 -13.3757 13.3438 -0.031838
172.663 -0.0173644 0.00335982 -13.3752 13.3434 -0.0318344
172.674 -0.0173659 0.00336014 -13.3747 13.3429 -0.0318306
172.685 -0.0173676 0.00336044 -13.3743 13.3425 -0.0318268
172.697 -0.017369 0.00336044 -13.3738 13.342 -0.0318234
172.708 -0.0173706 0.00336055 -13.3734 13.3415 -0.0318198
172.719 -0.0173722 0.00336043 -13.3729 13.3411 -0.0318165
172.73 -0.0173735 0.00336032 -13.3724 13.3406 -0.0318133
172.742 -0.017375 0.00336031 -13.3719 13.3401 -0.0318098
172.753 -0.0173764 0.0033607 -13.3714 13.3396 -0.0318063
172.764 -0.0173777 0.00336097 -13.3709 13.3391 -0.0318032
172.775 -0.0173788 0.0033612 -13.3704 13.3386 -0.0317997
172.787 -0.0173797 0.00336108 -13.3698 13.338 -0.031797
172.798 -0.0173808 0.00336125 -13.3693 13.3375 -0.0317943
172.809 -0.0173814 0.003361 -13.3687 13.337 -0.0317915
172.82 -0.0173818 0.00336112 -13.3682 13.3364 -0.0317889
172.831 -0.0173822 0.00336092 -13.3676 13.3358 -0.0317864
172.843 -0.0173828 0.0033609 -13.367 13.3352 -0.0317834
172.854 -0.0173834 0.00336083 -13.3665 13.3347 -0.0317803
172.865 -0.0173841 0.00336105 -13.3659 13.3341 -0.0317771
172.876 -0.0173846 0.00336083 -13.3653 13.3336 -0.031774
172.888 -0.0173854 0.00336081 -13.3648 13.333 -0.0317705
172.899 -0.0173861 0.00336077 -13.3642 13.3324 -0.0317673
172.91 -0.017387 0.00336086 -13.3636 13.3319 -0.0317639
172.921 -0.0173878 0.00336094 -13.363 13.3313 -0.0317605
172.933 -0.0173888 0.0033613 -13.3625 13.3307 -0.0317573
172.944 -0.0173895 0.00336143 -13.3619 13.3301 -0.0317539
172.955 -0.0173904 0.00336211 -13.3613 13.3296 -0.0317509
172.966 -0.0173914 0.00336282 -13.3607 13.329 -0.031748
172.978 -0.0173925 0.00336367 -13.3601 13.3284 -0.0317448
172.989 -0.0173937 0.00336447 -13.3596 13.3278 -0.031742
173 -0.0173948 0.00336571 -13.359 13.3272 -0.0317392
173.011 -0.0173957 0.00336646 -13.3584 13.3267 -0.0317369
173.022 -0.0173969 0.00336736 -13.3578 13.326 -0.0317349
173.034 -0.017398 0.00336828 -13.3571 13.3254 -0.0317324
173.045 -0.0173991 0.00336969 -13.3565 13.3247 -0.0317297
173.056 -0.0174003 0.00337093 -13.3558 13.3241 -0.0317274
173.067 -0.0174018 0.00337213 -13.3552 13.3235 -0.0317252
173.079 -0.0174033 0.00337278 -13.3545 13.3228 -0.0317228
173.09 -0.0174047 0.00337365 -13.3538 13.3221 -0.0317202
173.101 -0.0174065 0.0033743 -13.3532 13.3215 -0.0317175
173.112 -0.0174082 0.00337493 -13.3525 13.3208 -0.0317146
173.124 -0.0174097 0.0033754 -13.3518 13.3201 -0.0317121
173.135 -0.0174115 0.00337622 -13.3511 13.3194 -0.0317097
173.146 -0.017413 0.0033767 -13.3504 13.3187 -0.0317069
173.157 -0.0174144 0.00337717 -13.3498 13.3181 -0.0317043
173.169 -0.0174163 0.00337755 -13.3491 13.3174 -0.0317018
173.18 -0.017418 0.00337771 -13.3485 13.3168 -0.0316988
173.191 -0.0174197 0.00337812 -13.3478 13.3161 -0.0316958
173.202 -0.0174217 0.0033785 -13.3472 13.3155 -0.0316932
173.213 -0.0174233 0.00337845 -13.3466 13.3149 -0.0316901
173.225 -0.0174252 0.00337827 -13.3459 13.3142 -0.031687
173.236 -0.0174268 0.00337843 -13.3453 13.3136 -0.0316845
173.247 -0.0174285 0.00337844 -13.3447 13.313 -0.0316814
173.258 -0.0174303 0.00337853 -13.3441 13.3124 -0.0316783
173.27 -0.0174322 0.00337855 -13.3435 13.3118 -0.0316755
173.281 -0.0174339 0.0033785 -13.3429 13.3112 -0.0316719
173.292 -0.0174356 0.00337847 -13.3423 13.3107 -0.0316688
173.303 -0.0174377 0.00337834 -13.3418 13.3101 -0.0316656
173.315 -0.017439 0.00337816 -13.3412 13.3096 -0.0316623
173.326 -0.0174403 0.0033778 -13.3407 13.3091 -0.0316594
173.337 -0.0174414 0.0033778 -13.3402 13.3086 -0.031657
173.348 -0.0174426 0.00337748 -13.3397 13.3081 -0.0316546
173.36 -0.0174438 0.00337702 -13.3392 13.3076 -0.0316527
173.371 -0.0174447 0.00337675 -13.3387 13.3071 -0.0316506
173.382 -0.017446 0.0033766 -13.3382 13.3066 -0.0316472
173.393 -0.0174473 0.00337668 -13.3378 13.3061 -0.0316437
173.404 -0.0174486 0.00337656 -13.3373 13.3057 -0.0316409
173.416 -0.01745 0.00337671 -13.3369 13.3053 -0.0316375
173.427 -0.0174512 0.0033772 -13.3365 13.3049 -0.0316344
173.438 -0.0174526 0.00337723 -13.3361 13.3045 -0.0316317
173.449 -0.0174543 0.0033771 -13.3357 13.3041 -0.0316282
173.461 -0.0174557 0.00337681 -13.3354 13.3038 -0.0316247
173.472 -0.0174569 0.00337644 -13.3351 13.3035 -0.0316219
173.483 -0.0174584 0.00337615 -13.3348 13.3032 -0.0316188
173.494 -0.0174597 0.00337604 -13.3345 13.3029 -0.0316158
173.506 -0.0174615 0.00337591 -13.3343 13.3026 -0.0316131
173.517 -0.0174633 0.00337568 -13.334 13.3024 -0.0316099
173.528 -0.0174649 0.00337575 -13.3338 13.3022 -0.0316068
173.539 -0.0174664 0.00337577 -13.3336 13.302 -0.0316038
173.551 -0.017468 0.00337558 -13.3334 13.3018 -0.0316008
173.562 -0.0174694 0.00337561 -13.3332 13.3016 -0.0315983
173.573 -0.0174705 0.00337558 -13.3331 13.3015 -0.0315958
173.584 -0.0174718 0.00337554 -13.3329 13.3013 -0.0315934
173.596 -0.0174728 0.00337504 -13.3328 13.3012 -0.0315908
173.607 -0.0174742 0.00337471 -13.3327 13.3011 -0.0315881
173.618 -0.0174757 0.00337424 -13.3326 13.301 -0.0315855
173.629 -0.0174773 0.00337352 -13.3325 13.3009 -0.0315828
173.64 -0.0174792 0.00337303 -13.3325 13.3009 -0.0315799
173.652 -0.0174802 0.00337261 -13.3324 13.3009 -0.0315765
173.663 -0.017481 0.0033719 -13.3325 13.3009 -0.0315734
173.674 -0.017482 0.00337128 -13.3325 13.301 -0.0315704
173.685 -0.0174829 0.00337067 -13.3326 13.301 -0.0315675
173.697 -0.0174838 0.00337047 -13.3327 13.3011 -0.0315647
173.708 -0.0174845 0.00336994 -13.3328 13.3013 -0.0315622
173.719 -0.0174854 0.00336959 -13.333 13.3014 -0.0315592
173.73 -0.0174859 0.00336956 -13.3331 13.3016 -0.031556
173.742 -0.0174864 0.00336943 -13.3333 13.3018 -0.0315529
173.753 -0.0174866 0.00336927 -13.3336 13.302 -0.03155
173.764 -0.0174868 0.0033692 -13.3338 13.3022 -0.031547
173.775 -0.017487 0.00336893 -13.3341 13.3025 -0.0315445
173.787 -0.0174872 0.00336879 -13.3343 13.3028 -0.0315417
173.798 -0.0174875 0.00336868 -13.3346 13.3031 -0.0315388
173.809 -0.0174879 0.00336858 -13.3349 13.3034 -0.0315362
173.82 -0.0174882 0.00336829 -13.3353 13.3037 -0.0315331
173.831 -0.0174885 0.00336827 -13.3356 13.3041 -0.0315307
173.843 -0.017489 0.00336808 -13.336 13.3045 -0.0315278
173.854 -0.0174895 0.00336782 -13.3364 13.3049 -0.0315247
173.865 -0.0174899 0.0033678 -13.3368 13.3053 -0.0315218
173.876 -0.0174903 0.00336744 -13.3373 13.3058 -0.0315195
173.888 -0.0174906 0.00336758 -13.3378 13.3063 -0.0315173
173.899 -0.0174908 0.0033675 -13.3382 13.3067 -0.0315149
173.91 -0.0174911 0.0033673 -13.3387 13.3072 -0.0315122
173.921 -0.0174916 0.00336708 -13.3393 13.3078 -0.0315093
173.933 -0.0174922 0.00336711 -13.3398 13.3083 -0.0315068
173.944 -0.0174928 0.00336709 -13.3403 13.3088 -0.0315046
173.955 -0.0174938 0.00336698 -13.3409 13.3094 -0.0315021
173.966 -0.0174949 0.00336667 -13.3415 13.31 -0.0314994
173.978 -0.0174961 0.00336647 -13.3421 13.3106 -0.0314971
173.989 -0.017497 0.00336564 -13.3428 13.3113 -0.0314952
174 -0.0174984 0.0033652 -13.3434 13.3119 -0.0314931
174.011 -0.0174999 0.00336477 -13.3441 13.3126 -0.0314911
174.022 -0.0175012 0.00336421 -13.3447 13.3132 -0.0314893
174.034 -0.0175023 0.00336405 -13.3454 13.3139 -0.0314878
174.045 -0.0175034 0.00336442 -13.3461 13.3146 -0.0314871
174.056 -0.0175046 0.00336441 -13.3468 13.3153 -0.0314859
174.067 -0.0175059 0.00336458 -13.3475 13.3161 -0.0314847
174.079 -0.0175071 0.00336483 -13.3483 13.3168 -0.0314836
174.09 -0.0175082 0.00336484 -13.349 13.3175 -0.0314822
174.101 -0.0175094 0.00336472 -13.3497 13.3183 -0.0314808
174.112 -0.0175105 0.00336461 -13.3505 13.319 -0.0314796
174.124 -0.0175115 0.00336414 -13.3513 13.3198 -0.0314779
174.135 -0.0175126 0.00336366 -13.3521 13.3206 -0.0314763
174.146 -0.0175135 0.00336339 -13.3529 13.3214 -0.0314747
174.157 -0.0175142 0.00336318 -13.3538 13.3223 -0.0314728
174.169 -0.0175152 0.00336298 -13.3546 13.3232 -0.0314708
174.18 -0.0175162 0.00336254 -13.3555 13.3241 -0.0314687
174.191 -0.0175169 0.00336233 -13.3565 13.325 -0.0314658
174.202 -0.0175176 0.00336221 -13.3574 13.326 -0.0314632
174.213 -0.0175186 0.00336191 -13.3584 13.327 -0.0314608
174.225 -0.0175193 0.00336148 -13.3594 13.328 -0.0314576
174.236 -0.0175197 0.00336145 -13.3605 13.329 -0.0314545
174.247 -0.0175206 0.00336115 -13.3616 13.3301 -0.0314517
174.258 -0.017521 0.00336097 -13.3627 13.3313 -0.0314485
174.27 -0.0175214 0.003361 -13.3639 13.3324 -0.031445
174.281 -0.0175218 0.00336107 -13.3651 13.3336 -0.0314418
174.292 -0.0175222 0.00336086 -13.3663 13.3348 -0.0314384
174.303 -0.017523 0.00336042 -13.3675 13.3361 -0.0314351
174.315 -0.0175235 0.00336004 -13.3688 13.3374 -0.0314321
174.326 -0.0175241 0.0033594 -13.3701 13.3387 -0.031429
174.337 -0.0175245 0.00335889 -13.3714 13.34 -0.0314258
174.348 -0.0175254 0.0033583 -13.3728 13.3414 -0.0314227
174.36 -0.017526 0.0033578 -13.3742 13.3428 -0.0314193
174.371 -0.0175263 0.0033577 -13.3757 13.3442 -0.0314153
174.382 -0.0175267 0.00335763 -13.3771 13.3457 -0.0314115
174.393 -0.017527 0.00335759 -13.3786 13.3472 -0.0314074
174.404 -0.0175276 0.00335785 -13.3802 13.3488 -0.0314038
174.416 -0.0175278 0.00335782 -13.3818 13.3504 -0.0314005
174.427 -0.0175279 0.00335779 -13.3834 13.352 -0.0313969
174.438 -0.0175283 0.00335801 -13.385 13.3536 -0.0313933
174.449 -0.0175288 0.00335814 -13.3867 13.3553 -0.0313899
174.461 -0.0175292 0.00335843 -13.3883 13.3569 -0.0313858
174.472 -0.0175295 0.00335861 -13.39 13.3587 -0.0313821
174.483 -0.0175296 0.0033592 -13.3918 13.3604 -0.0313785
174.494 -0.0175299 0.00335932 -13.3935 13.3621 -0.0313742
174.506 -0.0175303 0.00335955 -13.3953 13.3639 -0.0313703
174.517 -0.0175305 0.00335933 -13.3972 13.3658 -0.0313674
174.528 -0.0175306 0.00335934 -13.399 13.3676 -0.0313639
174.539 -0.0175308 0.00335886 -13.4009 13.3695 -0.0313606
174.551 -0.0175306 0.00335861 -13.4028 13.3714 -0.0313579
174.562 -0.0175313 0.00335747 -13.4047 13.3733 -0.0313542
174.573 -0.0175321 0.0033567 -13.4066 13.3752 -0.0313508
174.584 -0.017533 0.00335577 -13.4086 13.3772 -0.0313476
174.596 -0.0175339 0.00335484 -13.4105 13.3792 -0.031344
174.607 -0.0175345 0.00335354 -13.4125 13.3812 -0.0313411
174.618 -0.0175346 0.00335198 -13.4145 13.3832 -0.0313383
174.629 -0.0175346 0.00335038 -13.4165 13.3852 -0.0313353
174.64 -0.0175349 0.00334903 -13.4186 13.3872 -0.0313327
174.652 -0.0175348 0.00334735 -13.4206 13.3893 -0.0313302
174.663 -0.0175349 0.00334593 -13.4226 13.3913 -0.0313269
174.674 -0.0175351 0.00334464 -13.4247 13.3934 -0.0313238
174.685 -0.0175353 0.00334321 -13.4268 13.3955 -0.0313211
174.697 -0.0175355 0.00334203 -13.4289 13.3976 -0.031318
174.708 -0.0175358 0.00334083 -13.431 13.3997 -0.0313149
174.719 -0.0175358 0.00333977 -13.4331 13.4018 -0.0313121
174.73 -0.0175359 0.00333888 -13.4353 13.4039 -0.0313091
174.742 -0.0175362 0.00333785 -13.4374 13.4061 -0.0313057
174.753 -0.0175365 0.0033368 -13.4396 13.4083 -0.0313027
174.764 -0.0175369 0.00333576 -13.4417 13.4104 -0.0312987
174.775 -0.0175375 0.00333445 -13.4439 13.4126 -0.0312948
174.787 -0.017538 0.00333316 -13.4462 13.4149 -0.0312916
174.798 -0.0175387 0.00333213 -13.4484 13.4171 -0.0312881
174.809 -0.0175394 0.00333105 -13.4507 13.4194 -0.0312849
174.82 -0.0175402 0.00333009 -13.4529 13.4216 -0.0312815
174.831 -0.0175407 0.00332941 -13.4552 13.4239 -0.0312774
174.843 -0.0175411 0.00332888 -13.4575 13.4263 -0.0312736
174.854 -0.0175418 0.00332813 -13.4599 13.4286 -0.0312698
174.865 -0.0175426 0.00332727 -13.4622 13.431 -0.0312663
174.876 -0.0175429 0.00332648 -13.4646 13.4334 -0.0312626
174.888 -0.0175433 0.00332551 -13.467 13.4358 -0.0312594
174.899 -0.0175429 0.00332448 -13.4694 13.4382 -0.0312556
174.91 -0.0175428 0.00332316 -13.4718 13.4406 -0.0312523
174.921 -0.0175428 0.00332167 -13.4743 13.443 -0.0312494
174.933 -0.0175426 0.00332082 -13.4767 13.4455 -0.0312461
174.944 -0.0175425 0.0033198 -13.4792 13.4479 -0.0312431
174.955 -0.0175424 0.00331872 -13.4817 13.4504 -0.0312405
174.966 -0.0175423 0.00331784 -13.4841 13.4529 -0.0312376
174.978 -0.0175421 0.00331686 -13.4866 13.4554 -0.031235
174.989 -0.017542 0.00331584 -13.4892 13.4579 -0.0312329
175 -0.0175421 0.00331495 -13.4917 13.4604 -0.0312305
175.011 -0.0175418 0.00331414 -13.4942 13.4629 -0.0312283
175.022 -0.0175418 0.00331359 -13.4967 13.4655 -0.0312265
175.034 -0.0175418 0.00331281 -13.4992 13.468 -0.0312245
175.045 -0.0175418 0.0033123 -13.5018 13.4706 -0.0312226
175.056 -0.0175412 0.00331206 -13.5043 13.4731 -0.0312206
175.067 -0.0175411 0.00331182 -13.5069 13.4757 -0.0312182
175.079 -0.0175409 0.00331162 -13.5094 13.4782 -0.0312157
175.09 -0.0175407 0.00331149 -13.512 13.4808 -0.0312138
175.101 -0.0175408 0.00331125 -13.5146 13.4834 -0.0312116
175.112 -0.0175409 0.00331082 -13.5172 13.486 -0.0312097
175.124 -0.0175407 0.00331054 -13.5198 13.4886 -0.0312078
175.135 -0.0175407 0.00330997 -13.5224 13.4912 -0.0312055
175.146 -0.0175412 0.00330901 -13.525 13.4938 -0.0312036
175.157 -0.0175411 0.00330875 -13.5277 13.4965 -0.0312014
175.169 -0.0175415 0.00330852 -13.5303 13.4991 -0.031199
175.18 -0.0175422 0.00330776 -13.533 13.5018 -0.0311971
175.191 -0.0175431 0.00330729 -13.5356 13.5045 -0.0311949
175.202 -0.0175438 0.00330651 -13.5383 13.5071 -0.0311923
175.213 -0.0175445 0.0033052 -13.541 13.5099 -0.0311904
175.225 -0.0175451 0.00330421 -13.5438 13.5126 -0.0311884
175.236 -0.0175461 0.00330378 -13.5465 13.5153 -0.0311856
175.247 -0.0175466 0.00330354 -13.5492 13.5181 -0.0311825
175.258 -0.0175471 0.00330364 -13.552 13.5209 -0.0311789
175.27 -0.0175477 0.00330355 -13.5548 13.5237 -0.031175
175.281 -0.0175481 0.00330382 -13.5577 13.5265 -0.0311719
175.292 -0.0175483 0.00330411 -13.5605 13.5293 -0.0311685
175.303 -0.0175487 0.00330414 -13.5633 13.5322 -0.0311647
175.315 -0.0175494 0.00330398 -13.5662 13.535 -0.0311616
175.326 -0.01755 0.00330426 -13.5691 13.5379 -0.0311581
175.337 -0.0175508 0.00330449 -13.5719 13.5408 -0.0311543
175.348 -0.0175517 0.00330454 -13.5748 13.5437 -0.0311508
175.36 -0.0175524 0.00330514 -13.5777 13.5466 -0.0311473
175.371 -0.0175533 0.00330519 -13.5807 13.5495 -0.0311439
175.382 -0.017554 0.00330542 -13.5836 13.5524 -0.0311405
175.393 -0.0175547 0.00330559 -13.5865 13.5554 -0.0311372
175.404 -0.0175556 0.00330567 -13.5894 13.5583 -0.0311338
175.416 -0.0175566 0.00330566 -13.5924 13.5612 -0.0311302
175.427 -0.0175579 0.00330538 -13.5953 13.5642 -0.0311266
175.438 -0.0175589 0.00330487 -13.5983 13.5671 -0.0311233
175.449 -0.01756 0.00330434 -13.6012 13.5701 -0.0311202
175.461 -0.0175611 0.00330351 -13.6042 13.5731 -0.0311174
175.472 -0.0175625 0.00330245 -13.6071 13.576 -0.0311146
175.483 -0.0175637 0.0033014 -13.61 13.5789 -0.0311119
175.494 -0.0175651 0.00330016 -13.613 13.5819 -0.0311092
175.506 -0.0175668 0.003299 -13.6159 13.5848 -0.0311063
175.517 -0.0175682 0.00329782 -13.6189 13.5878 -0.0311035
175.528 -0.0175696 0.00329631 -13.6218 13.5907 -0.0311008
175.539 -0.0175713 0.00329496 -13.6247 13.5936 -0.0310981
175.551 -0.0175728 0.00329379 -13.6277 13.5966 -0.0310955
175.562 -0.0175743 0.00329244 -13.6306 13.5995 -0.0310933
175.573 -0.0175753 0.00329081 -13.6335 13.6024 -0.0310903
175.584 -0.0175762 0.00328888 -13.6364 13.6054 -0.0310873
175.596 -0.0175773 0.00328709 -13.6394 13.6083 -0.0310848
175.607 -0.0175785 0.00328504 -13.6423 13.6112 -0.0310819
175.618 -0.0175793 0.003283 -13.6452 13.6141 -0.0310795
175.629 -0.0175801 0.0032809 -13.6481 13.6171 -0.0310773
175.64 -0.0175809 0.00327874 -13.651 13.62 -0.0310746
175.652 -0.0175818 0.00327631 -13.6539 13.6229 -0.0310716
175.663 -0.0175825 0.00327381 -13.6568 13.6258 -0.0310691
175.674 -0.0175834 0.003272 -13.6597 13.6287 -0.0310662
175.685 -0.0175843 0.00327011 -13.6626 13.6315 -0.0310636
175.697 -0.0175855 0.00326814 -13.6655 13.6344 -0.0310607
175.708 -0.0175866 0.00326666 -13.6684 13.6373 -0.0310573
175.719 -0.0175872 0.00326473 -13.6713 13.6402 -0.0310534
175.73 -0.0175878 0.00326331 -13.6742 13.6431 -0.0310498
175.742 -0.0175885 0.00326182 -13.6771 13.6461 -0.0310462
175.753 -0.0175894 0.00326062 -13.68 13.649 -0.031043
175.764 -0.0175901 0.00325929 -13.6829 13.6519 -0.0310402
175.775 -0.0175907 0.0032582 -13.6858 13.6548 -0.0310367
175.787 -0.0175912 0.0032567 -13.6887 13.6577 -0.0310336
175.798 -0.0175916 0.00325534 -13.6917 13.6606 -0.0310311
175.809 -0.0175919 0.00325426 -13.6946 13.6635 -0.0310282
175.82 -0.017592 0.00325327 -13.6975 13.6664 -0.0310256
175.831 -0.0175923 0.00325196 -13.7004 13.6693 -0.031023
175.843 -0.0175924 0.00325075 -13.7032 13.6722 -0.0310202
175.854 -0.0175924 0.00324952 -13.7061 13.6751 -0.0310175
175.865 -0.0175922 0.00324819 -13.709 13.678 -0.0310145
175.876 -0.0175919 0.00324709 -13.7119 13.6809 -0.0310111
175.888 -0.0175917 0.003246 -13.7147 13.6837 -0.0310078
175.899 -0.0175915 0.00324512 -13.7176 13.6866 -0.0310046
175.91 -0.0175917 0.00324436 -13.7205 13.6895 -0.031001
175.921 -0.017592 0.00324363 -13.7233 13.6923 -0.0309977
175.933 -0.0175916 0.00324249 -13.7262 13.6952 -0.0309947
175.944 -0.0175916 0.00324188 -13.729 13.698 -0.0309915
175.955 -0.0175915 0.00324117 -13.7319 13.7009 -0.0309881
175.966 -0.0175912 0.0032402 -13.7348 13.7038 -0.0309853
175.978 -0.0175912 0.00323945 -13.7376 13.7066 -0.030982
175.989 -0.0175907 0.00323871 -13.7404 13.7095 -0.030979
176 -0.0175907 0.00323768 -13.7433 13.7123 -0.0309764
176.011 -0.0175912 0.00323739 -13.7461 13.7151 -0.0309738
176.022 -0.0175913 0.00323737 -13.7489 13.718 -0.0309711
176.034 -0.0175917 0.00323701 -13.7518 13.7208 -0.0309689
176.045 -0.0175919 0.00323662 -13.7546 13.7236 -0.0309663
176.056 -0.0175921 0.00323651 -13.7573 13.7264 -0.0309635
176.067 -0.017592 0.00323632 -13.7601 13.7292 -0.0309611
176.079 -0.017592 0.00323617 -13.7629 13.7319 -0.0309583
176.09 -0.0175921 0.00323595 -13.7656 13.7347 -0.0309555
176.101 -0.0175921 0.00323586 -13.7684 13.7375 -0.0309529
176.112 -0.0175924 0.00323548 -13.7711 13.7402 -0.0309498
176.124 -0.0175924 0.00323543 -13.7739 13.7429 -0.0309465
176.135 -0.0175921 0.00323485 -13.7767 13.7457 -0.0309427
176.146 -0.0175919 0.00323448 -13.7794 13.7485 -0.0309386
176.157 -0.0175915 0.00323384 -13.7822 13.7512 -0.0309343
176.169 -0.0175913 0.00323318 -13.7849 13.754 -0.0309301
176.18 -0.0175913 0.00323265 -13.7877 13.7568 -0.0309261
176.191 -0.0175913 0.00323204 -13.7904 13.7595 -0.030922
176.202 -0.0175911 0.00323154 -13.7932 13.7623 -0.0309183
176.213 -0.0175913 0.00323146 -13.796 13.765 -0.0309145
176.225 -0.0175915 0.00323117 -13.7987 13.7678 -0.0309106
176.236 -0.0175918 0.00323106 -13.8015 13.7706 -0.0309074
176.247 -0.0175925 0.00323109 -13.8042 13.7733 -0.0309044
176.258 -0.017593 0.00323078 -13.8069 13.776 -0.030902
176.27 -0.0175937 0.00323031 -13.8096 13.7787 -0.0308996
176.281 -0.0175938 0.00323029 -13.8123 13.7814 -0.0308968
176.292 -0.0175942 0.00322999 -13.815 13.7841 -0.0308944
176.303 -0.0175946 0.00322961 -13.8176 13.7867 -0.0308924
176.315 -0.0175952 0.00322929 -13.8202 13.7893 -0.0308894
176.326 -0.0175958 0.0032291 -13.8229 13.792 -0.0308869
176.337 -0.0175961 0.00322874 -13.8255 13.7946 -0.0308847
176.348 -0.0175965 0.00322846 -13.8281 13.7972 -0.0308821
176.36 -0.0175968 0.00322801 -13.8307 13.7998 -0.0308796
176.371 -0.0175974 0.00322748 -13.8333 13.8024 -0.0308778
176.382 -0.0175981 0.00322718 -13.8358 13.8049 -0.0308754
176.393 -0.0175987 0.00322661 -13.8383 13.8074 -0.0308732
176.404 -0.0175992 0.00322579 -13.8408 13.81 -0.0308713
176.416 -0.0175999 0.00322492 -13.8433 13.8124 -0.0308693
176.427 -0.0176012 0.0032238 -13.8458 13.8149 -0.0308671
176.438 -0.0176024 0.00322281 -13.8482 13.8174 -0.0308647
176.449 -0.0176028 0.003222 -13.8507 13.8198 -0.0308626
176.461 -0.0176036 0.00322056 -13.8531 13.8222 -0.0308606
176.472 -0.0176043 0.0032188 -13.8555 13.8246 -0.0308586
176.483 -0.017605 0.00321743 -13.8578 13.827 -0.0308569
176.494 -0.0176055 0.00321572 -13.8602 13.8293 -0.030855
176.506 -0.0176057 0.00321496 -13.8625 13.8317 -0.0308522
176.517 -0.017606 0.00321412 -13.8649 13.834 -0.0308489
176.528 -0.0176064 0.00321319 -13.8672 13.8364 -0.030846
176.539 -0.0176068 0.00321219 -13.8696 13.8387 -0.0308433
176.551 -0.0176072 0.00321106 -13.8719 13.8411 -0.0308404
176.562 -0.017608 0.00321054 -13.8742 13.8434 -0.0308374
176.573 -0.0176086 0.00320982 -13.8766 13.8458 -0.0308345
176.584 -0.0176087 0.00320915 -13.8789 13.8481 -0.0308312
176.596 -0.0176088 0.00320822 -13.8813 13.8504 -0.0308283
176.607 -0.0176089 0.00320757 -13.8836 13.8528 -0.0308257
176.618 -0.0176092 0.00320731 -13.8859 13.8551 -0.0308227
176.629 -0.0176093 0.00320684 -13.8882 13.8574 -0.0308197
176.64 -0.0176092 0.00320648 -13.8906 13.8598 -0.0308167
176.652 -0.0176091 0.00320583 -13.8929 13.8621 -0.030813
176.663 -0.0176092 0.00320533 -13.8952 13.8644 -0.0308094
176.674 -0.0176092 0.00320458 -13.8976 13.8668 -0.030806
176.685 -0.0176092 0.00320411 -13.8999 13.8691 -0.030802
176.697 -0.0176094 0.00320366 -13.9023 13.8715 -0.0307983
176.708 -0.0176094 0.00320327 -13.9046 13.8738 -0.0307945
176.719 -0.0176099 0.00320271 -13.9069 13.8762 -0.0307903
176.73 -0.0176102 0.00320245 -13.9093 13.8785 -0.0307863
176.742 -0.01761 0.00320217 -13.9117 13.8809 -0.0307828
176.753 -0.0176109 0.00320167 -13.914 13.8833 -0.0307788
176.764 -0.0176118 0.00320139 -13.9164 13.8856 -0.0307755
176.775 -0.0176124 0.00320107 -13.9188 13.888 -0.0307719
176.787 -0.0176131 0.00320086 -13.9211 13.8904 -0.030768
176.798 -0.017614 0.00320073 -13.9235 13.8927 -0.0307643
176.809 -0.017615 0.00320078 -13.9259 13.8951 -0.0307609
176.82 -0.0176159 0.00320078 -13.9282 13.8975 -0.030757
176.831 -0.0176174 0.00320101 -13.9306 13.8998 -0.0307538
176.843 -0.0176182 0.00320088 -13.933 13.9022 -0.0307507
176.854 -0.0176193 0.00320069 -13.9353 13.9046 -0.0307473
176.865 -0.0176205 0.00320063 -13.9377 13.9069 -0.0307443
176.876 -0.017621 0.00320008 -13.94 13.9093 -0.0307408
176.888 -0.0176213 0.00319992 -13.9423 13.9116 -0.0307365
176.899 -0.0176217 0.00319939 -13.9447 13.9139 -0.0307335
176.91 -0.0176219 0.00319906 -13.947 13.9163 -0.0307301
176.921 -0.0176222 0.0031984 -13.9493 13.9185 -0.0307263
176.933 -0.0176223 0.00319788 -13.9516 13.9208 -0.0307219
176.944 -0.0176227 0.00319694 -13.9539 13.9232 -0.0307179
176.955 -0.0176231 0.0031962 -13.9561 13.9254 -0.0307135
176.966 -0.0176241 0.00319529 -13.9584 13.9277 -0.0307102
176.978 -0.0176248 0.00319458 -13.9607 13.93 -0.0307066
176.989 -0.0176259 0.00319435 -13.9629 13.9322 -0.0307036
177 -0.0176272 0.00319394 -13.9651 13.9344 -0.0307005
177.011 -0.017628 0.00319373 -13.9672 13.9365 -0.0306973
177.022 -0.0176287 0.00319402 -13.9694 13.9387 -0.0306937
177.034 -0.0176298 0.00319435 -13.9715 13.9408 -0.0306903
177.045 -0.0176305 0.00319479 -13.9736 13.9429 -0.0306869
177.056 -0.0176314 0.00319525 -13.9757 13.945 -0.0306835
177.067 -0.0176322 0.00319531 -13.9777 13.9471 -0.0306807
177.079 -0.0176335 0.00319549 -13.9798 13.9491 -0.0306776
177.09 -0.0176348 0.00319534 -13.9818 13.9511 -0.0306744
177.101 -0.0176363 0.00319472 -13.9838 13.9531 -0.0306713
177.112 -0.0176374 0.00319422 -13.9858 13.9551 -0.030668
177.124 -0.0176384 0.00319317 -13.9877 13.9571 -0.0306645
177.135 -0.0176394 0.00319204 -13.9897 13.959 -0.0306612
177.146 -0.0176404 0.00319105 -13.9916 13.9609 -0.0306578
177.157 -0.017641 0.00318987 -13.9935 13.9628 -0.0306542
177.169 -0.0176417 0.003189 -13.9953 13.9647 -0.0306505
177.18 -0.0176424 0.00318842 -13.9972 13.9666 -0.0306467
177.191 -0.0176427 0.0031878 -13.9991 13.9684 -0.0306422
177.202 -0.0176428 0.00318706 -14.0009 13.9703 -0.0306382
177.213 -0.017643 0.00318626 -14.0028 13.9721 -0.0306345
177.225 -0.0176431 0.00318541 -14.0046 13.974 -0.0306301
177.236 -0.0176435 0.00318428 -14.0064 13.9758 -0.0306264
177.247 -0.0176437 0.00318347 -14.0083 13.9776 -0.0306228
177.258 -0.0176437 0.00318293 -14.0101 13.9794 -0.0306194
177.27 -0.017644 0.00318213 -14.0118 13.9812 -0.0306161
177.281 -0.0176446 0.00318188 -14.0136 13.983 -0.030614
177.292 -0.0176441 0.00318102 -14.0154 13.9848 -0.0306105
177.303 -0.017644 0.00318021 -14.0171 13.9865 -0.0306076
177.315 -0.0176439 0.00317978 -14.0189 13.9883 -0.0306048
177.326 -0.0176447 0.00317947 -14.0206 13.99 -0.0306022
177.337 -0.0176454 0.00317923 -14.0223 13.9917 -0.0305999
177.348 -0.0176466 0.00317869 -14.024 13.9934 -0.0305979
177.36 -0.0176472 0.00317868 -14.0257 13.9951 -0.0305951
177.371 -0.0176478 0.00317843 -14.0273 13.9967 -0.0305915
177.382 -0.0176477 0.00317822 -14.029 13.9984 -0.030588
177.393 -0.0176486 0.00317808 -14.0306 14.0001 -0.0305842
177.404 -0.017649 0.00317742 -14.0323 14.0017 -0.0305801
177.416 -0.0176504 0.00317672 -14.034 14.0034 -0.0305763
177.427 -0.0176516 0.00317585 -14.0356 14.005 -0.0305726
177.438 -0.0176526 0.00317478 -14.0372 14.0067 -0.0305694
177.449 -0.0176533 0.00317414 -14.0389 14.0083 -0.0305661
177.461 -0.0176543 0.00317325 -14.0405 14.0099 -0.0305628
177.472 -0.0176551 0.00317235 -14.0421 14.0115 -0.0305593
177.483 -0.0176561 0.00317165 -14.0437 14.0131 -0.0305561
177.494 -0.0176569 0.00317098 -14.0452 14.0147 -0.0305523
177.506 -0.0176572 0.00317029 -14.0468 14.0162 -0.0305488
177.517 -0.0176576 0.00316998 -14.0483 14.0178 -0.0305456
177.528 -0.017658 0.00316953 -14.0498 14.0193 -0.0305419
177.539 -0.0176586 0.00316925 -14.0513 14.0208 -0.0305379
177.551 -0.0176591 0.00316911 -14.0528 14.0223 -0.030534
177.562 -0.0176595 0.00316857 -14.0543 14.0238 -0.0305295
177.573 -0.0176605 0.003168 -14.0558 14.0253 -0.0305253
177.584 -0.0176616 0.0031672 -14.0573 14.0268 -0.0305215
177.596 -0.0176625 0.00316633 -14.0587 14.0282 -0.0305176
177.607 -0.0176632 0.00316557 -14.0602 14.0297 -0.0305139
177.618 -0.0176641 0.00316447 -14.0616 14.0311 -0.0305107
177.629 -0.0176645 0.0031642 -14.0629 14.0324 -0.0305064
177.64 -0.0176649 0.00316394 -14.0643 14.0338 -0.0305024
177.652 -0.017666 0.00316363 -14.0657 14.0352 -0.0304993
177.663 -0.0176671 0.00316366 -14.067 14.0365 -0.0304957
177.674 -0.0176684 0.00316333 -14.0683 14.0378 -0.030492
177.685 -0.0176695 0.00316305 -14.0696 14.0391 -0.0304885
177.697 -0.0176707 0.00316259 -14.0708 14.0403 -0.0304854
177.708 -0.017672 0.00316215 -14.072 14.0415 -0.0304829
177.719 -0.0176731 0.00316184 -14.0732 14.0427 -0.0304807
177.73 -0.0176742 0.00316109 -14.0743 14.0439 -0.0304785
177.742 -0.017675 0.00316066 -14.0754 14.045 -0.0304755
177.753 -0.0176758 0.00316029 -14.0765 14.0461 -0.0304727
177.764 -0.0176764 0.00316009 -14.0776 14.0471 -0.0304695
177.775 -0.0176768 0.00315985 -14.0786 14.0482 -0.0304662
177.787 -0.0176769 0.00315957 -14.0797 14.0492 -0.0304633
177.798 -0.0176774 0.00315953 -14.0806 14.0502 -0.0304601
177.809 -0.0176777 0.00315956 -14.0816 14.0512 -0.030457
177.82 -0.0176784 0.00315916 -14.0826 14.0521 -0.0304542
177.831 -0.0176792 0.0031585 -14.0835 14.053 -0.0304516
177.843 -0.01768 0.00315761 -14.0844 14.0539 -0.0304491
177.854 -0.0176805 0.00315677 -14.0852 14.0548 -0.0304466
177.865 -0.0176815 0.0031559 -14.0861 14.0556 -0.0304437
177.876 -0.0176822 0.00315445 -14.0869 14.0564 -0.0304411
177.888 -0.0176825 0.00315342 -14.0877 14.0572 -0.0304376
177.899 -0.0176829 0.00315235 -14.0885 14.058 -0.0304339
177.91 -0.0176836 0.00315152 -14.0892 14.0588 -0.03043
177.921 -0.017684 0.00315063 -14.09 14.0596 -0.0304264
177.933 -0.0176842 0.00314993 -14.0908 14.0604 -0.0304232
177.944 -0.0176844 0.00314917 -14.0916 14.0612 -0.0304202
177.955 -0.0176845 0.00314862 -14.0923 14.0619 -0.0304174
177.966 -0.0176848 0.00314781 -14.0931 14.0626 -0.030414
177.978 -0.0176853 0.00314704 -14.0938 14.0634 -0.0304109
177.989 -0.0176856 0.00314617 -14.0945 14.0641 -0.0304075
178 -0.0176862 0.00314539 -14.0952 14.0648 -0.0304049
178.011 -0.0176866 0.0031448 -14.0959 14.0655 -0.0304015
178.022 -0.0176869 0.00314441 -14.0965 14.0661 -0.0303984
178.034 -0.0176874 0.00314397 -14.0972 14.0668 -0.0303955
178.045 -0.0176879 0.0031433 -14.0978 14.0674 -0.0303927
178.056 -0.0176887 0.00314251 -14.0984 14.0681 -0.0303903
178.067 -0.0176898 0.0031418 -14.099 14.0687 -0.0303876
178.079 -0.0176909 0.00314082 -14.0996 14.0692 -0.0303854
178.09 -0.0176917 0.00314034 -14.1002 14.0698 -0.0303821
178.101 -0.0176926 0.0031397 -14.1007 14.0703 -0.0303788
178.112 -0.0176941 0.00313932 -14.1012 14.0708 -0.0303765
178.124 -0.0176953 0.00313899 -14.1017 14.0714 -0.0303739
178.135 -0.0176961 0.00313875 -14.1022 14.0718 -0.030371
178.146 -0.0176967 0.0031388 -14.1026 14.0723 -0.030368
178.157 -0.0176972 0.00313889 -14.1031 14.0727 -0.0303652
178.169 -0.017698 0.00313932 -14.1035 14.0731 -0.030363
178.18 -0.0176985 0.00313966 -14.1038 14.0735 -0.0303612
178.191 -0.0176986 0.00314013 -14.1042 14.0738 -0.0303588
178.202 -0.0176985 0.00314047 -14.1045 14.0741 -0.0303561
178.213 -0.0176989 0.00314073 -14.1048 14.0744 -0.0303534
178.225 -0.0176994 0.00314116 -14.1051 14.0747 -0.0303509
178.236 -0.0177 0.00314111 -14.1053 14.0749 -0.0303484
178.247 -0.0177004 0.00314079 -14.1055 14.0752 -0.0303459
178.258 -0.0177013 0.00314022 -14.1057 14.0754 -0.0303444
178.27 -0.0177024 0.00313926 -14.1058 14.0755 -0.0303426
178.281 -0.0177035 0.00313868 -14.106 14.0756 -0.0303407
178.292 -0.0177041 0.00313772 -14.1061 14.0757 -0.0303391
178.303 -0.0177034 0.00313709 -14.1062 14.0758 -0.0303358
178.315 -0.0177025 0.00313635 -14.1062 14.0759 -0.0303327
178.326 -0.0177024 0.00313571 -14.1063 14.076 -0.0303303
178.337 -0.0177022 0.00313476 -14.1064 14.0761 -0.0303275
178.348 -0.0177025 0.00313406 -14.1064 14.0761 -0.030325
178.36 -0.0177024 0.00313342 -14.1065 14.0762 -0.0303226
178.371 -0.0177023 0.00313291 -14.1065 14.0762 -0.0303199
178.382 -0.0177018 0.00313243 -14.1066 14.0762 -0.0303174
178.393 -0.0177017 0.00313206 -14.1066 14.0763 -0.0303151
178.404 -0.0177016 0.00313174 -14.1066 14.0763 -0.0303127
178.416 -0.017702 0.0031313 -14.1067 14.0764 -0.0303106
178.427 -0.017702 0.0031311 -14.1068 14.0765 -0.0303084
178.438 -0.0177019 0.00313088 -14.1068 14.0765 -0.0303062
178.449 -0.0177018 0.00313045 -14.1069 14.0766 -0.0303037
178.461 -0.0177025 0.00312966 -14.107 14.0767 -0.0303023
178.472 -0.0177031 0.00312851 -14.107 14.0767 -0.0303001
178.483 -0.017703 0.00312791 -14.107 14.0767 -0.0302976
178.494 -0.0177029 0.00312737 -14.1071 14.0768 -0.0302954
178.506 -0.0177031 0.00312677 -14.1071 14.0768 -0.0302925
178.517 -0.0177032 0.00312657 -14.1071 14.0768 -0.0302896
178.528 -0.0177031 0.00312639 -14.1071 14.0768 -0.0302873
178.539 -0.0177029 0.00312588 -14.107 14.0767 -0.0302844
178.551 -0.0177027 0.00312558 -14.1069 14.0767 -0.030282
178.562 -0.0177029 0.0031252 -14.1069 14.0766 -0.0302802
178.573 -0.017703 0.00312506 -14.1067 14.0764 -0.0302778
178.584 -0.017703 0.00312493 -14.1065 14.0762 -0.0302755
178.596 -0.0177027 0.00312513 -14.1063 14.076 -0.0302735
178.607 -0.0177025 0.00312503 -14.1061 14.0758 -0.0302706
178.618 -0.0177021 0.00312531 -14.1058 14.0756 -0.0302677
178.629 -0.0177017 0.00312492 -14.1056 14.0753 -0.030265
178.64 -0.0177014 0.00312403 -14.1053 14.0751 -0.0302617
178.652 -0.0177019 0.00312299 -14.1051 14.0748 -0.0302585
178.663 -0.0177028 0.00312185 -14.1048 14.0745 -0.0302564
178.674 -0.0177034 0.00312139 -14.1045 14.0742 -0.0302535
178.685 -0.0177039 0.00312065 -14.1042 14.074 -0.0302504
178.697 -0.0177039 0.00311963 -14.1039 14.0737 -0.0302477
178.708 -0.017704 0.00311872 -14.1036 14.0734 -0.0302449
178.719 -0.0177039 0.00311816 -14.1033 14.0731 -0.0302421
178.73 -0.0177038 0.00311797 -14.103 14.0728 -0.0302399
178.742 -0.0177032 0.00311764 -14.1027 14.0724 -0.030237
178.753 -0.0177024 0.0031175 -14.1024 14.0721 -0.030234
178.764 -0.0177018 0.0031177 -14.1021 14.0718 -0.0302313
178.775 -0.0177013 0.0031172 -14.1017 14.0715 -0.030229
178.787 -0.0177008 0.00311709 -14.1014 14.0712 -0.0302265
178.798 -0.0177004 0.00311666 -14.1011 14.0709 -0.0302245
178.809 -0.0177008 0.00311658 -14.1008 14.0705 -0.0302224
178.82 -0.0177011 0.00311692 -14.1004 14.0702 -0.0302206
178.831 -0.0177015 0.00311706 -14.1001 14.0699 -0.0302186
178.843 -0.0177024 0.00311665 -14.0998 14.0696 -0.0302166
178.854 -0.0177027 0.00311675 -14.0995 14.0693 -0.030214
178.865 -0.0177021 0.00311657 -14.0992 14.069 -0.0302105
178.876 -0.0177014 0.00311608 -14.0989 14.0687 -0.0302076
178.888 -0.017701 0.00311595 -14.0986 14.0684 -0.0302046
178.899 -0.0177009 0.00311596 -14.0983 14.0681 -0.0302022
178.91 -0.0177011 0.00311635 -14.098 14.0678 -0.0301997
178.921 -0.0177015 0.00311704 -14.0976 14.0674 -0.0301969
178.933 -0.0177019 0.00311759 -14.0973 14.0671 -0.0301942
178.944 -0.0177029 0.00311792 -14.097 14.0668 -0.0301914
178.955 -0.0177037 0.00311826 -14.0967 14.0665 -0.0301888
178.966 -0.0177039 0.00311892 -14.0964 14.0662 -0.0301866
178.978 -0.0177043 0.00311943 -14.096 14.0659 -0.030184
178.989 -0.0177049 0.00312018 -14.0957 14.0655 -0.0301815
179 -0.0177065 0.00312037 -14.0954 14.0652 -0.0301793
179.011 -0.0177083 0.00312026 -14.095 14.0648 -0.030177
179.022 -0.0177097 0.00312068 -14.0947 14.0645 -0.0301741
179.034 -0.0177114 0.00312123 -14.0943 14.0642 -0.0301715
179.045 -0.0177125 0.00312179 -14.094 14.0638 -0.0301686
179.056 -0.0177134 0.00312274 -14.0936 14.0635 -0.0301654
179.067 -0.0177139 0.00312399 -14.0933 14.0631 -0.0301626
179.079 -0.0177143 0.00312518 -14.0929 14.0628 -0.0301592
179.09 -0.0177147 0.00312636 -14.0926 14.0624 -0.0301561
179.101 -0.0177149 0.00312782 -14.0923 14.0621 -0.0301532
179.112 -0.0177153 0.00312929 -14.0919 14.0617 -0.0301499
179.124 -0.0177157 0.0031304 -14.0915 14.0614 -0.0301467
179.135 -0.0177159 0.00313113 -14.0912 14.061 -0.0301441
179.146 -0.0177156 0.00313145 -14.0908 14.0607 -0.0301416
179.157 -0.0177156 0.00313173 -14.0905 14.0603 -0.030139
179.169 -0.0177159 0.00313187 -14.0901 14.06 -0.0301369
179.18 -0.0177164 0.00313151 -14.0897 14.0596 -0.0301343
179.191 -0.0177167 0.00313118 -14.0893 14.0592 -0.0301313
179.202 -0.0177165 0.00313124 -14.089 14.0589 -0.0301286
179.213 -0.0177164 0.00313149 -14.0886 14.0585 -0.0301255
179.225 -0.0177159 0.00313151 -14.0882 14.0581 -0.0301231
179.236 -0.0177155 0.0031316 -14.0878 14.0577 -0.0301209
179.247 -0.0177155 0.0031318 -14.0873 14.0572 -0.0301188
179.258 -0.0177154 0.00313224 -14.0869 14.0567 -0.0301165
179.27 -0.0177152 0.00313303 -14.0864 14.0563 -0.0301145
179.281 -0.0177148 0.00313351 -14.0859 14.0558 -0.0301124
179.292 -0.0177148 0.00313381 -14.0854 14.0553 -0.0301104
179.303 -0.0177157 0.00313417 -14.085 14.0549 -0.0301078
179.315 -0.0177157 0.00313489 -14.0845 14.0544 -0.0301048
179.326 -0.0177165 0.00313509 -14.084 14.0539 -0.0301023
179.337 -0.0177171 0.00313474 -14.0835 14.0534 -0.0300999
179.348 -0.0177181 0.00313485 -14.0831 14.053 -0.0300974
179.36 -0.0177184 0.00313559 -14.0826 14.0525 -0.0300944
179.371 -0.0177182 0.00313657 -14.0822 14.0521 -0.0300903
179.382 -0.0177178 0.00313787 -14.0818 14.0517 -0.0300863
179.393 -0.017718 0.00313905 -14.0814 14.0513 -0.0300823
179.404 -0.0177182 0.00314003 -14.081 14.0509 -0.0300785
179.416 -0.0177184 0.00314062 -14.0807 14.0506 -0.0300742
179.427 -0.0177185 0.00314117 -14.0803 14.0503 -0.0300701
179.438 -0.0177183 0.00314179 -14.0801 14.05 -0.030066
179.449 -0.0177182 0.0031422 -14.0798 14.0497 -0.0300622
179.461 -0.0177181 0.00314289 -14.0796 14.0495 -0.0300583
179.472 -0.0177174 0.00314364 -14.0793 14.0493 -0.0300542
179.483 -0.0177172 0.00314473 -14.0791 14.0491 -0.0300503
179.494 -0.0177169 0.00314577 -14.0789 14.0489 -0.0300463
179.506 -0.0177171 0.00314634 -14.0787 14.0487 -0.0300427
179.517 -0.0177182 0.00314619 -14.0785 14.0485 -0.0300395
179.528 -0.0177189 0.00314652 -14.0783 14.0483 -0.0300361
179.539 -0.0177197 0.0031464 -14.0782 14.0482 -0.0300334
179.551 -0.0177201 0.00314662 -14.078 14.048 -0.0300303
179.562 -0.01772 0.00314699 -14.0778 14.0478 -0.030027
179.573 -0.0177201 0.00314772 -14.0776 14.0476 -0.0300235
179.584 -0.01772 0.00314869 -14.0775 14.0474 -0.0300204
179.596 -0.0177201 0.00314961 -14.0773 14.0473 -0.0300169
179.607 -0.0177195 0.0031509 -14.0772 14.0471 -0.0300135
179.618 -0.0177194 0.00315183 -14.077 14.047 -0.0300098
179.629 -0.0177192 0.00315307 -14.0768 14.0468 -0.0300064
179.64 -0.0177192 0.00315401 -14.0767 14.0467 -0.0300029
179.652 -0.0177195 0.00315444 -14.0766 14.0466 -0.0299991
179.663 -0.0177197 0.00315496 -14.0765 14.0465 -0.0299954
179.674 -0.0177198 0.00315541 -14.0764 14.0464 -0.0299918
179.685 -0.0177199 0.00315618 -14.0763 14.0463 -0.029988
179.697 -0.0177195 0.003157 -14.0762 14.0462 -0.0299834
179.708 -0.0177192 0.00315742 -14.0762 14.0462 -0.0299792
179.719 -0.0177195 0.00315813 -14.0761 14.0461 -0.0299748
179.73 -0.0177199 0.00315828 -14.076 14.0461 -0.029972
179.742 -0.0177199 0.00315856 -14.076 14.046 -0.0299695
179.753 -0.0177201 0.00315919 -14.0759 14.0459 -0.0299665
179.764 -0.01772 0.00315993 -14.0758 14.0459 -0.0299634
179.775 -0.0177198 0.00316061 -14.0758 14.0458 -0.0299606
179.787 -0.0177201 0.003161 -14.0757 14.0458 -0.0299575
179.798 -0.0177204 0.00316172 -14.0757 14.0457 -0.0299543
179.809 -0.0177205 0.00316217 -14.0756 14.0457 -0.0299511
179.82 -0.0177208 0.00316222 -14.0756 14.0456 -0.0299485
179.831 -0.017721 0.00316199 -14.0755 14.0456 -0.029946
179.843 -0.0177209 0.0031611 -14.0755 14.0455 -0.0299434
179.854 -0.0177212 0.00315993 -14.0754 14.0455 -0.0299404
179.865 -0.0177212 0.00316013 -14.0754 14.0454 -0.0299356
179.876 -0.0177211 0.00316108 -14.0754 14.0455 -0.0299308
179.888 -0.0177213 0.00316232 -14.0754 14.0455 -0.0299252
179.899 -0.0177217 0.00316378 -14.0755 14.0456 -0.0299197
179.91 -0.0177218 0.00316466 -14.0756 14.0457 -0.0299143
179.921 -0.0177217 0.00316538 -14.0757 14.0458 -0.0299088
179.933 -0.0177214 0.00316607 -14.0759 14.046 -0.0299034
179.944 -0.0177206 0.00316667 -14.0761 14.0462 -0.0298989
179.955 -0.0177195 0.00316752 -14.0763 14.0464 -0.0298932
179.966 -0.0177185 0.00316861 -14.0766 14.0467 -0.0298874
179.978 -0.0177173 0.00316941 -14.0769 14.047 -0.0298826
179.989 -0.0177161 0.00317017 -14.0772 14.0473 -0.0298781
180 -0.017715 0.00317082 -14.0775 14.0476 -0.0298738
180.011 -0.0177151 0.0031711 -14.0778 14.0479 -0.0298697
180.022 -0.0177157 0.00317048 -14.0781 14.0482 -0.029866
180.034 -0.0177161 0.00317044 -14.0784 14.0485 -0.0298617
180.045 -0.017716 0.00317034 -14.0787 14.0489 -0.0298579
180.056 -0.0177162 0.0031702 -14.079 14.0492 -0.0298542
180.067 -0.0177155 0.00317014 -14.0794 14.0495 -0.0298504
180.079 -0.0177149 0.00317049 -14.0797 14.0498 -0.0298465
180.09 -0.0177142 0.00317127 -14.08 14.0502 -0.0298419
180.101 -0.017714 0.003172 -14.0803 14.0505 -0.0298374
180.112 -0.0177134 0.00317323 -14.0807 14.0509 -0.0298334
180.124 -0.0177126 0.00317448 -14.081 14.0512 -0.0298281
180.135 -0.0177122 0.00317605 -14.0814 14.0516 -0.0298232
180.146 -0.0177117 0.00317773 -14.0818 14.052 -0.0298181
180.157 -0.0177114 0.00317898 -14.0822 14.0524 -0.0298139
180.169 -0.0177119 0.00318012 -14.0826 14.0528 -0.0298095
180.18 -0.017712 0.0031809 -14.0831 14.0533 -0.0298057
180.191 -0.0177117 0.00318119 -14.0835 14.0537 -0.0298017
180.202 -0.0177115 0.00318057 -14.084 14.0542 -0.0297978
180.213 -0.0177107 0.00318182 -14.0844 14.0547 -0.0297924
180.225 -0.0177099 0.00318269 -14.0849 14.0551 -0.0297879
180.236 -0.017709 0.00318351 -14.0854 14.0556 -0.0297838
180.247 -0.0177083 0.00318407 -14.0858 14.056 -0.0297805
180.258 -0.0177074 0.00318452 -14.0862 14.0565 -0.0297768
180.27 -0.017707 0.00318443 -14.0866 14.0569 -0.0297739
180.281 -0.0177067 0.00318438 -14.0871 14.0573 -0.0297706
180.292 -0.0177061 0.00318451 -14.0875 14.0577 -0.0297664
180.303 -0.0177052 0.00318525 -14.0879 14.0581 -0.0297621
180.315 -0.0177049 0.00318541 -14.0883 14.0585 -0.0297588
180.326 -0.0177049 0.00318589 -14.0887 14.0589 -0.0297546
180.337 -0.0177049 0.00318628 -14.0891 14.0593 -0.0297504
180.348 -0.0177047 0.00318675 -14.0895 14.0597 -0.0297453
180.36 -0.017705 0.00318642 -14.0899 14.0602 -0.0297404
180.371 -0.0177055 0.00318634 -14.0903 14.0606 -0.0297357
180.382 -0.017706 0.00318645 -14.0908 14.061 -0.0297313
180.393 -0.0177055 0.00318783 -14.0912 14.0615 -0.0297256
180.404 -0.0177049 0.00318905 -14.0917 14.062 -0.0297196
180.416 -0.0177043 0.0031903 -14.0923 14.0626 -0.0297141
180.427 -0.0177039 0.00319131 -14.0928 14.0631 -0.0297094
180.438 -0.0177034 0.00319216 -14.0934 14.0637 -0.0297046
180.449 -0.0177025 0.0031924 -14.0939 14.0642 -0.0297005
180.461 -0.0177022 0.00319259 -14.0945 14.0648 -0.0296966
180.472 -0.0177021 0.0031927 -14.095 14.0653 -0.0296924
180.483 -0.0177013 0.00319353 -14.0955 14.0658 -0.0296881
180.494 -0.0177005 0.00319493 -14.0961 14.0664 -0.0296837
180.506 -0.0176998 0.00319626 -14.0966 14.0669 -0.0296789
180.517 -0.0176991 0.0031975 -14.0972 14.0675 -0.0296749
180.528 -0.0176988 0.00319866 -14.0977 14.068 -0.0296703
180.539 -0.0176992 0.00319897 -14.0982 14.0685 -0.0296667
180.551 -0.0176997 0.00319941 -14.0987 14.069 -0.029663
180.562 -0.0177001 0.00320006 -14.0992 14.0695 -0.0296588
180.573 -0.0177008 0.00320135 -14.0997 14.07 -0.0296541
180.584 -0.0177011 0.00320265 -14.1002 14.0705 -0.0296495
180.596 -0.0177016 0.00320369 -14.1007 14.071 -0.029645
180.607 -0.0177024 0.00320468 -14.1011 14.0715 -0.0296411
180.618 -0.017703 0.00320634 -14.1016 14.072 -0.0296371
180.629 -0.0177036 0.0032079 -14.1021 14.0724 -0.0296331
180.64 -0.0177042 0.00320978 -14.1025 14.0729 -0.0296288
180.652 -0.0177045 0.00321107 -14.1029 14.0733 -0.0296253
180.663 -0.0177048 0.00321235 -14.1033 14.0737 -0.0296213
180.674 -0.0177044 0.00321364 -14.1037 14.0741 -0.029617
180.685 -0.0177035 0.00321434 -14.1041 14.0744 -0.0296135
180.697 -0.0177024 0.00321517 -14.1044 14.0748 -0.0296098
180.708 -0.0177016 0.00321578 -14.1047 14.0751 -0.0296063
180.719 -0.0177013 0.00321604 -14.105 14.0754 -0.0296036
180.73 -0.0177016 0.00321764 -14.1053 14.0757 -0.0295992
180.742 -0.0177017 0.00321869 -14.1055 14.0759 -0.0295948
180.753 -0.0177026 0.00321898 -14.1058 14.0762 -0.0295916
180.764 -0.0177036 0.00321895 -14.106 14.0764 -0.029589
180.775 -0.0177042 0.00321934 -14.1061 14.0765 -0.0295856
180.787 -0.0177045 0.00321985 -14.1063 14.0767 -0.0295824
180.798 -0.0177046 0.00322037 -14.1064 14.0768 -0.0295788
180.809 -0.017705 0.0032211 -14.1065 14.0769 -0.0295755
180.82 -0.0177053 0.00322136 -14.1066 14.077 -0.0295725
180.831 -0.0177054 0.0032218 -14.1066 14.077 -0.029569
180.843 -0.0177056 0.00322252 -14.1066 14.0771 -0.0295657
180.854 -0.0177055 0.00322342 -14.1066 14.0771 -0.0295619
180.865 -0.0177054 0.00322468 -14.1066 14.0771 -0.0295574
180.876 -0.0177054 0.00322556 -14.1066 14.077 -0.0295531
180.888 -0.0177059 0.00322674 -14.1065 14.077 -0.0295494
180.899 -0.0177064 0.0032278 -14.1065 14.0769 -0.029545
180.91 -0.0177073 0.0032288 -14.1064 14.0768 -0.0295409
180.921 -0.0177078 0.00322961 -14.1063 14.0768 -0.0295372
180.933 -0.0177088 0.00323017 -14.1062 14.0766 -0.0295334
180.944 -0.0177092 0.00323112 -14.106 14.0765 -0.0295288
180.955 -0.0177099 0.00323182 -14.1059 14.0763 -0.0295248
180.966 -0.0177112 0.00323256 -14.1056 14.0761 -0.0295213
180.978 -0.0177118 0.0032338 -14.1054 14.0759 -0.0295176
180.989 -0.0177119 0.00323561 -14.1051 14.0756 -0.0295132
181 -0.0177123 0.00323671 -14.1048 14.0753 -0.0295091
181.011 -0.0177126 0.00323811 -14.1044 14.0749 -0.0295052
181.022 -0.0177131 0.00323923 -14.1041 14.0746 -0.029501
181.034 -0.0177133 0.00324013 -14.1036 14.0741 -0.0294966
181.045 -0.0177135 0.00324125 -14.1032 14.0737 -0.0294924
181.056 -0.0177139 0.00324194 -14.1027 14.0732 -0.0294887
181.067 -0.0177144 0.00324264 -14.1021 14.0726 -0.0294851
181.079 -0.0177145 0.00324328 -14.1015 14.072 -0.0294823
181.09 -0.0177152 0.00324467 -14.1009 14.0714 -0.0294784
181.101 -0.0177156 0.00324628 -14.1002 14.0707 -0.0294738
181.112 -0.0177159 0.00324735 -14.0995 14.07 -0.0294696
181.124 -0.0177159 0.0032483 -14.0987 14.0693 -0.0294661
181.135 -0.017716 0.0032489 -14.0979 14.0685 -0.0294616
181.146 -0.0177171 0.00325015 -14.0971 14.0676 -0.0294582
181.157 -0.0177173 0.00325092 -14.0962 14.0667 -0.0294542
181.169 -0.017718 0.00325118 -14.0953 14.0658 -0.0294501
181.18 -0.0177192 0.00325125 -14.0943 14.0649 -0.0294466
181.191 -0.01772 0.00325162 -14.0933 14.0638 -0.0294434
181.202 -0.0177207 0.00325229 -14.0922 14.0628 -0.0294392
181.213 -0.0177214 0.00325324 -14.0911 14.0616 -0.0294351
181.225 -0.0177224 0.00325438 -14.0899 14.0605 -0.0294306
181.236 -0.0177236 0.00325518 -14.0887 14.0593 -0.0294262
181.247 -0.0177248 0.00325601 -14.0874 14.058 -0.0294223
181.258 -0.0177257 0.00325712 -14.0861 14.0567 -0.0294182
181.27 -0.0177264 0.00325813 -14.0847 14.0553 -0.0294147
181.281 -0.0177275 0.00325958 -14.0833 14.0539 -0.0294111
181.292 -0.0177285 0.00326122 -14.0818 14.0524 -0.0294083
181.303 -0.0177291 0.00326292 -14.0802 14.0508 -0.0294049
181.315 -0.0177293 0.00326462 -14.0786 14.0492 -0.0294015
181.326 -0.0177292 0.00326609 -14.0769 14.0475 -0.0293973
181.337 -0.0177292 0.00326771 -14.0752 14.0458 -0.0293927
181.348 -0.0177291 0.0032695 -14.0734 14.044 -0.0293878
181.36 -0.017729 0.00327097 -14.0716 14.0423 -0.029384
181.371 -0.0177293 0.0032717 -14.0697 14.0404 -0.0293806
181.382 -0.0177293 0.0032719 -14.0678 14.0384 -0.0293769
181.393 -0.0177296 0.00327223 -14.0658 14.0365 -0.0293728
181.404 -0.01773 0.00327279 -14.0638 14.0344 -0.0293677
181.416 -0.0177308 0.00327336 -14.0617 14.0324 -0.0293634
181.427 -0.017731 0.00327418 -14.0596 14.0302 -0.0293594
181.438 -0.0177313 0.00327413 -14.0574 14.028 -0.029356
181.449 -0.0177318 0.00327453 -14.0551 14.0258 -0.0293513
181.461 -0.0177324 0.00327511 -14.0528 14.0235 -0.0293473
181.472 -0.017733 0.00327597 -14.0504 14.0211 -0.0293423
181.483 -0.0177332 0.00327707 -14.048 14.0187 -0.0293375
181.494 -0.0177331 0.00327768 -14.0455 14.0162 -0.0293331
181.506 -0.0177336 0.00327836 -14.0429 14.0136 -0.0293283
181.517 -0.0177341 0.00327929 -14.0403 14.011 -0.0293235
181.528 -0.0177345 0.00328025 -14.0376 14.0083 -0.0293194
181.539 -0.0177349 0.00328151 -14.0348 14.0055 -0.0293152
181.551 -0.0177352 0.00328265 -14.032 14.0027 -0.029311
181.562 -0.0177358 0.00328356 -14.0291 13.9998 -0.0293071
181.573 -0.017736 0.00328523 -14.0261 13.9968 -0.0293025
181.584 -0.0177366 0.00328648 -14.0231 13.9938 -0.029298
181.596 -0.0177372 0.00328811 -14.02 13.9907 -0.0292938
181.607 -0.0177379 0.00328928 -14.0168 13.9875 -0.0292894
181.618 -0.0177385 0.00329109 -14.0135 13.9842 -0.0292845
181.629 -0.0177388 0.00329296 -14.0102 13.981 -0.0292797
181.64 -0.0177391 0.00329403 -14.0069 13.9776 -0.0292756
181.652 -0.0177393 0.00329495 -14.0034 13.9741 -0.0292715
181.663 -0.017739 0.00329529 -13.9999 13.9706 -0.0292676
181.674 -0.0177384 0.00329559 -13.9963 13.967 -0.0292635
181.685 -0.0177391 0.00329598 -13.9926 13.9634 -0.0292598
181.697 -0.0177401 0.00329684 -13.9889 13.9596 -0.0292562
181.708 -0.0177405 0.00329753 -13.9851 13.9558 -0.0292521
181.719 -0.0177412 0.00329849 -13.9812 13.9519 -0.0292477
181.73 -0.0177419 0.00329961 -13.9772 13.948 -0.0292427
181.742 -0.0177421 0.00330098 -13.9732 13.944 -0.029237
181.753 -0.017742 0.00330214 -13.9692 13.94 -0.029232
181.764 -0.017742 0.00330314 -13.9651 13.9359 -0.0292271
181.775 -0.0177418 0.00330413 -13.9609 13.9317 -0.0292214
181.787 -0.0177417 0.00330506 -13.9568 13.9275 -0.0292161
181.798 -0.017742 0.00330571 -13.9525 13.9233 -0.0292111
181.809 -0.0177417 0.00330631 -13.9482 13.919 -0.0292061
181.82 -0.0177417 0.00330636 -13.9439 13.9147 -0.0292014
181.831 -0.0177417 0.00330672 -13.9395 13.9103 -0.0291965
181.843 -0.0177416 0.00330754 -13.935 13.9058 -0.0291911
181.854 -0.0177416 0.00330872 -13.9305 13.9013 -0.0291857
181.865 -0.017742 0.00330968 -13.926 13.8968 -0.0291809
181.876 -0.0177427 0.00331082 -13.9214 13.8922 -0.0291755
181.888 -0.0177432 0.00331209 -13.9167 13.8875 -0.0291702
181.899 -0.0177431 0.00331345 -13.9121 13.8829 -0.0291658
181.91 -0.0177429 0.00331515 -13.9073 13.8781 -0.0291608
181.921 -0.0177431 0.00331628 -13.9025 13.8734 -0.0291561
181.933 -0.0177435 0.00331702 -13.8977 13.8685 -0.0291522
181.944 -0.0177444 0.00331708 -13.8927 13.8636 -0.0291494
181.955 -0.0177453 0.00331824 -13.8877 13.8586 -0.0291455
181.966 -0.017746 0.00331916 -13.8827 13.8536 -0.0291415
181.978 -0.0177467 0.00332001 -13.8776 13.8485 -0.0291373
181.989 -0.0177472 0.00332024 -13.8725 13.8433 -0.0291335
182 -0.0177473 0.00332121 -13.8673 13.8382 -0.0291296
182.011 -0.0177475 0.00332179 -13.862 13.8329 -0.0291259
182.022 -0.0177476 0.00332243 -13.8567 13.8276 -0.0291221
182.034 -0.0177475 0.00332314 -13.8514 13.8223 -0.0291179
182.045 -0.0177475 0.0033227 -13.846 13.8169 -0.0291139
182.056 -0.0177477 0.00332284 -13.8406 13.8115 -0.0291101
182.067 -0.0177484 0.00332322 -13.8352 13.8061 -0.0291056
182.079 -0.0177485 0.00332365 -13.8297 13.8006 -0.0291002
182.09 -0.0177487 0.00332413 -13.8242 13.7951 -0.0290951
182.101 -0.0177487 0.00332463 -13.8187 13.7896 -0.0290901
182.112 -0.0177483 0.00332521 -13.8131 13.784 -0.0290846
182.124 -0.0177481 0.00332572 -13.8075 13.7785 -0.0290794
182.135 -0.0177481 0.00332635 -13.802 13.7729 -0.0290743
182.146 -0.0177478 0.00332662 -13.7963 13.7673 -0.0290704
182.157 -0.0177478 0.00332666 -13.7907 13.7616 -0.0290667
182.169 -0.0177477 0.00332656 -13.785 13.7559 -0.0290633
182.18 -0.0177473 0.00332662 -13.7792 13.7502 -0.0290596
182.191 -0.0177471 0.00332612 -13.7735 13.7444 -0.0290565
182.202 -0.0177466 0.00332562 -13.7677 13.7386 -0.0290537
182.213 -0.0177463 0.00332487 -13.7618 13.7328 -0.0290501
182.225 -0.017746 0.00332415 -13.756 13.7269 -0.0290467
182.236 -0.0177462 0.0033236 -13.7501 13.721 -0.0290438
182.247 -0.017747 0.00332258 -13.7441 13.7151 -0.0290405
182.258 -0.0177484 0.00332134 -13.7381 13.7091 -0.0290379
182.27 -0.0177494 0.0033213 -13.7321 13.7031 -0.0290344
182.281 -0.0177508 0.00332143 -13.7261 13.6971 -0.0290305
182.292 -0.0177521 0.00332154 -13.7201 13.6911 -0.029027
182.303 -0.0177537 0.00332147 -13.714 13.685 -0.0290237
182.315 -0.0177552 0.0033215 -13.7079 13.6789 -0.0290197
182.326 -0.0177566 0.0033218 -13.7018 13.6728 -0.0290155
182.337 -0.017758 0.00332225 -13.6957 13.6667 -0.0290113
182.348 -0.0177592 0.00332242 -13.6896 13.6606 -0.0290068
182.36 -0.0177606 0.00332275 -13.6835 13.6545 -0.0290025
182.371 -0.0177613 0.00332297 -13.6774 13.6484 -0.0289984
182.382 -0.0177619 0.00332357 -13.6712 13.6423 -0.0289941
182.393 -0.0177626 0.00332429 -13.6651 13.6361 -0.0289897
182.404 -0.0177635 0.00332416 -13.659 13.63 -0.0289866
182.416 -0.017764 0.00332386 -13.6528 13.6238 -0.0289834
182.427 -0.0177647 0.00332367 -13.6466 13.6177 -0.0289801
182.438 -0.0177649 0.00332356 -13.6405 13.6115 -0.0289773
182.449 -0.0177651 0.00332332 -13.6343 13.6053 -0.0289742
182.461 -0.0177648 0.0033231 -13.6281 13.5991 -0.0289714
182.472 -0.0177646 0.00332326 -13.6219 13.5929 -0.0289689
182.483 -0.0177639 0.00332339 -13.6156 13.5867 -0.0289655
182.494 -0.0177631 0.00332317 -13.6094 13.5805 -0.0289621
182.506 -0.0177621 0.00332271 -13.6032 13.5743 -0.0289593
182.517 -0.0177611 0.00332135 -13.597 13.568 -0.0289571
182.528 -0.0177606 0.0033195 -13.5907 13.5617 -0.0289551
182.539 -0.0177609 0.00331773 -13.5844 13.5555 -0.0289528
182.551 -0.0177609 0.00331605 -13.5781 13.5492 -0.0289502
182.562 -0.0177614 0.00331439 -13.5718 13.5429 -0.0289478
182.573 -0.0177619 0.00331252 -13.5656 13.5366 -0.0289457
182.584 -0.0177629 0.00331083 -13.5592 13.5303 -0.0289432
182.596 -0.0177639 0.00330906 -13.5529 13.5239 -0.0289403
182.607 -0.0177642 0.00330811 -13.5465 13.5176 -0.0289364
182.618 -0.0177647 0.00330758 -13.5402 13.5112 -0.0289326
182.629 -0.0177652 0.00330718 -13.5338 13.5049 -0.028929
182.64 -0.0177658 0.00330691 -13.5275 13.4986 -0.0289258
182.652 -0.0177667 0.00330661 -13.5211 13.4922 -0.028922
182.663 -0.0177674 0.00330651 -13.5148 13.4859 -0.0289185
182.674 -0.0177682 0.00330637 -13.5084 13.4795 -0.0289155
182.685 -0.0177686 0.00330666 -13.5021 13.4732 -0.0289119
182.697 -0.0177697 0.00330712 -13.4957 13.4668 -0.0289079
182.708 -0.0177707 0.00330777 -13.4894 13.4604 -0.0289039
182.719 -0.0177718 0.00330751 -13.483 13.4541 -0.0289003
182.73 -0.0177725 0.0033074 -13.4766 13.4477 -0.0288963
182.742 -0.0177733 0.00330728 -13.4703 13.4414 -0.0288927
182.753 -0.0177743 0.00330676 -13.4639 13.435 -0.0288881
182.764 -0.0177753 0.00330629 -13.4576 13.4287 -0.0288838
182.775 -0.0177761 0.0033059 -13.4512 13.4224 -0.0288794
182.787 -0.0177767 0.00330503 -13.4449 13.416 -0.0288751
182.798 -0.0177776 0.00330472 -13.4386 13.4097 -0.0288704
182.809 -0.0177779 0.00330364 -13.4323 13.4034 -0.0288673
182.82 -0.0177784 0.0033022 -13.4259 13.3971 -0.0288639
182.831 -0.017779 0.0033006 -13.4196 13.3907 -0.028861
182.843 -0.0177799 0.00329908 -13.4133 13.3844 -0.0288583
182.854 -0.0177806 0.00329755 -13.4069 13.3781 -0.0288557
182.865 -0.0177813 0.00329595 -13.4005 13.3717 -0.0288529
182.876 -0.017782 0.00329459 -13.3942 13.3653 -0.0288502
182.888 -0.0177832 0.00329287 -13.3878 13.3589 -0.0288471
182.899 -0.0177841 0.00329115 -13.3814 13.3526 -0.028844
182.91 -0.0177849 0.00328947 -13.375 13.3462 -0.0288415
182.921 -0.0177863 0.00328781 -13.3686 13.3398 -0.0288381
182.933 -0.0177883 0.0032866 -13.3622 13.3334 -0.0288347
182.944 -0.0177906 0.00328517 -13.3558 13.327 -0.0288314
182.955 -0.0177918 0.00328453 -13.3494 13.3206 -0.0288269
182.966 -0.017793 0.0032839 -13.343 13.3142 -0.0288226
182.978 -0.0177942 0.00328325 -13.3366 13.3078 -0.0288189
182.989 -0.0177956 0.00328264 -13.3302 13.3014 -0.0288144
183 -0.0177965 0.0032822 -13.3238 13.295 -0.0288101
183.011 -0.0177972 0.00328176 -13.3174 13.2886 -0.0288059
183.022 -0.0177977 0.00328142 -13.311 13.2822 -0.0288009
183.034 -0.0177985 0.00328144 -13.3047 13.2759 -0.0287956
183.045 -0.0177993 0.00328121 -13.2983 13.2695 -0.028792
183.056 -0.0177999 0.00328115 -13.2919 13.2631 -0.0287876
183.067 -0.0178004 0.0032818 -13.2855 13.2567 -0.0287832
183.079 -0.0178009 0.00328247 -13.2791 13.2504 -0.028779
183.09 -0.017801 0.00328374 -13.2728 13.244 -0.0287744
183.101 -0.0178013 0.0032848 -13.2664 13.2376 -0.0287698
183.112 -0.0178019 0.00328592 -13.2601 13.2313 -0.0287654
183.124 -0.0178021 0.00328667 -13.2537 13.2249 -0.0287612
183.135 -0.0178023 0.0032876 -13.2472 13.2185 -0.0287566
183.146 -0.0178023 0.00328845 -13.2409 13.2121 -0.0287523
183.157 -0.017802 0.00328963 -13.2345 13.2057 -0.0287478
183.169 -0.0178015 0.00329066 -13.2281 13.1993 -0.0287432
183.18 -0.0178015 0.0032919 -13.2217 13.193 -0.0287387
183.191 -0.0178015 0.00329293 -13.2154 13.1866 -0.0287335
183.202 -0.0178015 0.0032942 -13.209 13.1803 -0.0287284
183.213 -0.0178019 0.00329527 -13.2027 13.1739 -0.0287242
183.225 -0.0178031 0.00329493 -13.1963 13.1676 -0.0287208
183.236 -0.0178038 0.00329531 -13.1899 13.1612 -0.028717
183.247 -0.0178049 0.00329519 -13.1835 13.1548 -0.028714
183.258 -0.0178057 0.00329512 -13.1772 13.1485 -0.0287099
183.27 -0.0178063 0.00329534 -13.1708 13.1421 -0.0287057
183.281 -0.0178061 0.00329547 -13.1644 13.1357 -0.0287017
183.292 -0.0178061 0.00329573 -13.1581 13.1294 -0.0286971
183.303 -0.017806 0.00329622 -13.1517 13.123 -0.0286919
183.315 -0.0178063 0.00329673 -13.1454 13.1167 -0.0286874
183.326 -0.0178067 0.0032967 -13.1391 13.1104 -0.0286828
183.337 -0.017807 0.00329667 -13.1328 13.1042 -0.0286788
183.348 -0.0178072 0.00329641 -13.1266 13.0979 -0.0286747
183.36 -0.0178073 0.00329632 -13.1203 13.0916 -0.02867
183.371 -0.0178072 0.00329564 -13.1141 13.0854 -0.0286657
183.382 -0.0178072 0.0032955 -13.1079 13.0792 -0.0286617
183.393 -0.0178076 0.00329457 -13.1016 13.073 -0.0286585
183.404 -0.0178073 0.00329453 -13.0954 13.0668 -0.0286554
183.416 -0.0178073 0.00329407 -13.0892 13.0606 -0.0286526
183.427 -0.017807 0.00329411 -13.083 13.0543 -0.028649
183.438 -0.0178064 0.00329428 -13.0768 13.0481 -0.0286452
183.449 -0.0178062 0.00329434 -13.0706 13.0419 -0.0286417
183.461 -0.0178061 0.0032947 -13.0644 13.0357 -0.0286377
183.472 -0.017806 0.00329526 -13.0582 13.0296 -0.0286338
183.483 -0.0178057 0.00329597 -13.0521 13.0234 -0.0286299
183.494 -0.0178053 0.00329626 -13.0459 13.0173 -0.0286258
183.506 -0.017805 0.00329718 -13.0398 13.0112 -0.0286213
183.517 -0.0178047 0.00329758 -13.0337 13.0051 -0.0286182
183.528 -0.0178042 0.00329792 -13.0277 12.999 -0.0286145
183.539 -0.0178038 0.00329846 -13.0216 12.993 -0.0286106
183.551 -0.0178036 0.00329975 -13.0155 12.9869 -0.028607
183.562 -0.0178033 0.00330076 -13.0095 12.9809 -0.0286023
183.573 -0.0178034 0.00330167 -13.0035 12.9749 -0.0285985
183.584 -0.0178034 0.00330239 -12.9976 12.969 -0.0285948
183.596 -0.0178036 0.00330296 -12.9916 12.963 -0.0285905
183.607 -0.0178033 0.00330331 -12.9857 12.9571 -0.0285859
183.618 -0.0178031 0.00330385 -12.9798 12.9512 -0.0285813
183.629 -0.0178032 0.00330412 -12.9739 12.9453 -0.0285763
183.64 -0.0178033 0.00330449 -12.968 12.9394 -0.0285713
183.652 -0.0178029 0.00330467 -12.9622 12.9336 -0.0285663
183.663 -0.0178022 0.00330458 -12.9564 12.9278 -0.0285612
183.674 -0.0178017 0.00330492 -12.9506 12.922 -0.0285563
183.685 -0.017801 0.00330535 -12.9448 12.9163 -0.0285515
183.697 -0.0178005 0.00330547 -12.9391 12.9105 -0.0285462
183.708 -0.0177997 0.00330564 -12.9334 12.9048 -0.028541
183.719 -0.0177989 0.00330583 -12.9277 12.8991 -0.028536
183.73 -0.0177985 0.00330628 -12.922 12.8934 -0.028531
183.742 -0.0177984 0.00330607 -12.9163 12.8878 -0.0285263
183.753 -0.0177984 0.00330638 -12.9107 12.8822 -0.0285218
183.764 -0.0177983 0.0033061 -12.9051 12.8766 -0.0285171
183.775 -0.017798 0.00330576 -12.8995 12.871 -0.0285128
183.787 -0.0177977 0.00330529 -12.8939 12.8654 -0.0285076
183.798 -0.0177975 0.00330479 -12.8884 12.8599 -0.0285023
183.809 -0.0177971 0.00330363 -12.8829 12.8544 -0.0284982
183.82 -0.0177969 0.00330287 -12.8773 12.8489 -0.028494
183.831 -0.0177968 0.00330173 -12.8718 12.8433 -0.0284898
183.843 -0.0177969 0.00330022 -12.8663 12.8378 -0.0284863
183.854 -0.0177969 0.00329882 -12.8609 12.8324 -0.0284823
183.865 -0.0177968 0.00329814 -12.8553 12.8268 -0.0284776
183.876 -0.0177963 0.0032968 -12.8498 12.8214 -0.0284731
183.888 -0.017796 0.00329587 -12.8444 12.8159 -0.0284684
183.899 -0.0177959 0.00329477 -12.8389 12.8105 -0.0284632
183.91 -0.0177956 0.00329401 -12.8335 12.8051 -0.0284581
183.921 -0.0177952 0.00329364 -12.8282 12.7997 -0.028453
183.933 -0.0177949 0.00329314 -12.8228 12.7943 -0.0284477
183.944 -0.0177946 0.00329238 -12.8174 12.789 -0.0284423
183.955 -0.0177941 0.00329175 -12.8121 12.7837 -0.0284372
183.966 -0.0177935 0.00329118 -12.8068 12.7784 -0.0284317
183.978 -0.0177927 0.00329078 -12.8015 12.7731 -0.0284262
183.989 -0.0177921 0.00329016 -12.7963 12.7679 -0.0284212
184 -0.0177911 0.00328956 -12.791 12.7626 -0.0284159
184.011 -0.0177902 0.00328915 -12.7858 12.7574 -0.0284106
184.022 -0.0177894 0.00328866 -12.7806 12.7522 -0.0284061
184.034 -0.0177888 0.00328793 -12.7754 12.747 -0.028401
184.045 -0.0177878 0.00328753 -12.7703 12.7419 -0.0283961
184.056 -0.0177869 0.00328698 -12.7651 12.7367 -0.0283917
184.067 -0.0177861 0.00328654 -12.76 12.7316 -0.028387
184.079 -0.0177856 0.00328695 -12.7549 12.7265 -0.0283821
184.09 -0.0177846 0.00328694 -12.7498 12.7214 -0.0283774
184.101 -0.0177841 0.00328709 -12.7448 12.7164 -0.0283722
184.112 -0.0177833 0.00328724 -12.7397 12.7114 -0.0283671
184.124 -0.0177825 0.00328744 -12.7348 12.7064 -0.0283622
184.135 -0.0177816 0.00328768 -12.7298 12.7015 -0.0283571
184.146 -0.0177806 0.00328808 -12.7249 12.6966 -0.0283518
184.157 -0.0177795 0.00328856 -12.72 12.6917 -0.0283471
184.169 -0.0177787 0.00328884 -12.7152 12.6868 -0.0283422
184.18 -0.0177784 0.00328845 -12.7103 12.682 -0.0283377
184.191 -0.0177781 0.00328828 -12.7055 12.6772 -0.0283334
184.202 -0.017778 0.00328847 -12.7007 12.6724 -0.0283281
184.213 -0.0177775 0.00328824 -12.696 12.6676 -0.0283234
184.225 -0.0177774 0.00328771 -12.6912 12.6629 -0.0283191
184.236 -0.0177776 0.00328722 -12.6865 12.6582 -0.0283143
184.247 -0.017778 0.00328614 -12.6818 12.6535 -0.0283097
184.258 -0.0177785 0.00328526 -12.677 12.6487 -0.0283053
184.27 -0.0177789 0.00328495 -12.6723 12.644 -0.0283001
184.281 -0.0177785 0.00328465 -12.6676 12.6394 -0.028295
184.292 -0.0177782 0.00328412 -12.663 12.6347 -0.0282907
184.303 -0.0177782 0.00328371 -12.6584 12.6301 -0.0282853
184.315 -0.0177783 0.00328377 -12.6538 12.6255 -0.0282798
184.326 -0.0177782 0.00328405 -12.6492 12.6209 -0.0282744
184.337 -0.0177782 0.0032842 -12.6446 12.6164 -0.0282684
184.348 -0.0177782 0.00328446 -12.6401 12.6119 -0.0282626
184.36 -0.0177782 0.00328512 -12.6357 12.6074 -0.0282574
184.371 -0.0177784 0.00328552 -12.6312 12.6029 -0.028252
184.382 -0.0177786 0.00328527 -12.6267 12.5985 -0.0282472
184.393 -0.0177786 0.00328522 -12.6223 12.5941 -0.028242
184.404 -0.0177786 0.00328525 -12.6179 12.5896 -0.0282366
184.416 -0.0177784 0.0032852 -12.6135 12.5853 -0.0282314
184.427 -0.017778 0.0032848 -12.6091 12.5809 -0.0282267
184.438 -0.0177778 0.00328454 -12.6047 12.5765 -0.0282214
184.449 -0.0177773 0.0032846 -12.6004 12.5722 -0.0282164
184.461 -0.017777 0.0032849 -12.5961 12.5679 -0.0282113
184.472 -0.0177766 0.00328518 -12.5918 12.5636 -0.0282059
184.483 -0.0177761 0.00328542 -12.5875 12.5593 -0.0282001
184.494 -0.0177756 0.00328543 -12.5833 12.5551 -0.0281949
184.506 -0.0177751 0.00328582 -12.579 12.5508 -0.0281894
184.517 -0.0177748 0.0032862 -12.5748 12.5466 -0.0281837
184.528 -0.0177744 0.00328604 -12.5706 12.5424 -0.0281786
184.539 -0.0177738 0.00328606 -12.5664 12.5383 -0.0281724
184.551 -0.0177733 0.00328635 -12.5623 12.5342 -0.0281661
184.562 -0.0177723 0.00328641 -12.5582 12.53 -0.0281605
184.573 -0.0177711 0.00328644 -12.5541 12.526 -0.0281545
184.584 -0.0177706 0.00328687 -12.5501 12.5219 -0.0281489
184.596 -0.0177699 0.00328671 -12.5461 12.5179 -0.028144
184.607 -0.0177694 0.00328656 -12.5421 12.5139 -0.0281391
184.618 -0.0177687 0.00328626 -12.5381 12.51 -0.0281341
184.629 -0.0177678 0.00328623 -12.5341 12.5059 -0.0281293
184.64 -0.0177671 0.00328557 -12.5301 12.502 -0.0281244
184.652 -0.0177667 0.00328536 -12.5262 12.4981 -0.0281194
184.663 -0.0177666 0.00328446 -12.5224 12.4943 -0.0281148
184.674 -0.0177663 0.00328424 -12.5185 12.4904 -0.0281099
184.685 -0.0177656 0.00328404 -12.5147 12.4866 -0.0281056
184.697 -0.0177643 0.00328404 -12.5109 12.4828 -0.0281023
184.708 -0.0177634 0.00328409 -12.5071 12.479 -0.0280981
184.719 -0.0177628 0.00328391 -12.5033 12.4752 -0.028094
184.73 -0.0177617 0.003284 -12.4996 12.4715 -0.0280907
184.742 -0.0177608 0.00328395 -12.4959 12.4678 -0.028087
184.753 -0.0177598 0.00328322 -12.4922 12.4641 -0.028083
184.764 -0.0177589 0.00328299 -12.4885 12.4604 -0.0280796
184.775 -0.0177586 0.00328277 -12.4848 12.4568 -0.0280752
184.787 -0.0177583 0.00328312 -12.4812 12.4532 -0.0280712
184.798 -0.0177574 0.00328342 -12.4777 12.4496 -0.028067
184.809 -0.0177569 0.00328336 -12.4741 12.446 -0.028062
184.82 -0.0177561 0.00328333 -12.4706 12.4426 -0.028057
184.831 -0.0177556 0.00328374 -12.4672 12.4391 -0.0280527
184.843 -0.0177554 0.00328375 -12.4638 12.4357 -0.0280478
184.854 -0.0177551 0.00328344 -12.4604 12.4323 -0.0280433
184.865 -0.017755 0.0032828 -12.4571 12.4291 -0.0280395
184.876 -0.0177553 0.00328235 -12.4538 12.4258 -0.0280349
184.888 -0.0177551 0.00328143 -12.4506 12.4225 -0.0280307
184.899 -0.0177553 0.00328095 -12.4474 12.4193 -0.0280266
184.91 -0.0177554 0.00328043 -12.4442 12.4162 -0.0280219
184.921 -0.0177556 0.00327967 -12.4411 12.4131 -0.0280176
184.933 -0.017756 0.00327899 -12.438 12.41 -0.0280135
184.944 -0.0177563 0.0032784 -12.435 12.4069 -0.0280091
184.955 -0.0177566 0.00327753 -12.4319 12.4039 -0.0280047
184.966 -0.0177571 0.00327691 -12.429 12.401 -0.028001
184.978 -0.0177573 0.00327644 -12.4261 12.3981 -0.0279966
184.989 -0.0177572 0.00327585 -12.4231 12.3952 -0.0279923
185 -0.0177571 0.00327508 -12.4203 12.3923 -0.0279886
185.011 -0.0177571 0.00327446 -12.4175 12.3895 -0.0279844
185.022 -0.017757 0.0032739 -12.4147 12.3867 -0.0279805
185.034 -0.0177567 0.00327299 -12.412 12.384 -0.0279767
185.045 -0.0177565 0.00327216 -12.4092 12.3813 -0.0279725
185.056 -0.017756 0.00327172 -12.4066 12.3786 -0.0279681
185.067 -0.0177556 0.00327116 -12.404 12.376 -0.027964
185.079 -0.0177551 0.00327046 -12.4013 12.3734 -0.0279592
185.09 -0.0177542 0.00326987 -12.3988 12.3708 -0.0279542
185.101 -0.0177536 0.00326926 -12.3963 12.3684 -0.0279493
185.112 -0.0177529 0.00326851 -12.3939 12.3659 -0.0279443
185.124 -0.0177518 0.00326803 -12.3915 12.3635 -0.0279394
185.135 -0.0177506 0.00326729 -12.3891 12.3612 -0.0279348
185.146 -0.0177495 0.00326665 -12.3868 12.3589 -0.0279301
185.157 -0.0177483 0.00326593 -12.3845 12.3566 -0.0279249
185.169 -0.0177469 0.00326549 -12.3823 12.3544 -0.0279202
185.18 -0.0177457 0.00326478 -12.3801 12.3521 -0.0279148
185.191 -0.0177444 0.00326428 -12.3779 12.35 -0.0279098
185.202 -0.0177431 0.0032635 -12.3758 12.3479 -0.0279051
185.213 -0.017742 0.00326243 -12.3737 12.3458 -0.0279002
185.225 -0.0177406 0.00326135 -12.3716 12.3437 -0.0278954
185.236 -0.0177392 0.00326032 -12.3696 12.3417 -0.0278911
185.247 -0.0177379 0.00325914 -12.3676 12.3397 -0.0278863
185.258 -0.0177365 0.00325798 -12.3657 12.3378 -0.0278818
185.27 -0.0177353 0.00325687 -12.3638 12.3359 -0.0278777
185.281 -0.017734 0.00325601 -12.3619 12.334 -0.0278732
185.292 -0.0177326 0.00325495 -12.36 12.3321 -0.0278686
185.303 -0.0177315 0.00325352 -12.3582 12.3303 -0.0278643
185.315 -0.0177301 0.00325218 -12.3563 12.3285 -0.0278594
185.326 -0.0177289 0.00325097 -12.3545 12.3267 -0.027855
185.337 -0.0177278 0.00324937 -12.3528 12.325 -0.0278506
185.348 -0.0177271 0.0032478 -12.351 12.3232 -0.0278463
185.36 -0.0177262 0.00324686 -12.3493 12.3215 -0.0278419
185.371 -0.0177262 0.00324561 -12.3476 12.3198 -0.0278385
185.382 -0.0177263 0.00324453 -12.3459 12.3181 -0.0278349
185.393 -0.0177267 0.0032432 -12.3443 12.3164 -0.0278316
185.404 -0.0177273 0.00324168 -12.3426 12.3148 -0.0278282
185.416 -0.0177281 0.00324078 -12.3409 12.3131 -0.0278247
185.427 -0.0177285 0.00323969 -12.3393 12.3115 -0.0278215
185.438 -0.0177291 0.00323927 -12.3377 12.3098 -0.0278184
185.449 -0.0177292 0.00323845 -12.336 12.3082 -0.0278146
185.461 -0.0177299 0.00323761 -12.3344 12.3066 -0.0278112
185.472 -0.0177301 0.00323717 -12.3328 12.305 -0.0278076
185.483 -0.0177304 0.00323663 -12.3313 12.3034 -0.027804
185.494 -0.0177305 0.0032362 -12.3297 12.3019 -0.0278007
185.506 -0.0177303 0.00323607 -12.3281 12.3003 -0.0277973
185.517 -0.0177302 0.00323568 -12.3266 12.2988 -0.0277937
185.528 -0.01773 0.00323572 -12.3251 12.2973 -0.0277897
185.539 -0.0177296 0.0032356 -12.3236 12.2958 -0.0277862
185.551 -0.0177296 0.00323588 -12.3221 12.2943 -0.0277823
185.562 -0.017729 0.00323568 -12.3206 12.2929 -0.027778
185.573 -0.0177284 0.00323551 -12.3192 12.2914 -0.027774
185.584 -0.0177275 0.00323534 -12.3178 12.29 -0.0277691
185.596 -0.0177268 0.00323621 -12.3164 12.2887 -0.0277648
185.607 -0.0177256 0.0032367 -12.315 12.2873 -0.0277602
185.618 -0.0177251 0.00323752 -12.3137 12.2859 -0.0277556
185.629 -0.0177249 0.00323847 -12.3124 12.2846 -0.0277514
185.64 -0.0177246 0.00323877 -12.3111 12.2833 -0.027748
185.652 -0.0177242 0.00323903 -12.3098 12.282 -0.0277442
185.663 -0.0177242 0.00323929 -12.3085 12.2807 -0.0277409
185.674 -0.0177243 0.00323979 -12.3072 12.2795 -0.0277374
185.685 -0.0177245 0.00324033 -12.3059 12.2782 -0.0277337
185.697 -0.0177241 0.00324052 -12.3047 12.277 -0.0277302
185.708 -0.0177239 0.00324064 -12.3035 12.2757 -0.0277272
185.719 -0.0177238 0.0032406 -12.3022 12.2745 -0.0277235
185.73 -0.0177237 0.00324084 -12.301 12.2733 -0.0277199
185.742 -0.0177235 0.00324107 -12.2999 12.2722 -0.0277164
185.753 -0.0177236 0.00324109 -12.2987 12.271 -0.027713
185.764 -0.0177231 0.00324114 -12.2975 12.2698 -0.0277094
185.775 -0.017723 0.00324131 -12.2964 12.2687 -0.0277056
185.787 -0.0177227 0.00324164 -12.2953 12.2676 -0.0277015
185.798 -0.0177229 0.00324161 -12.2942 12.2665 -0.0276979
185.809 -0.0177229 0.00324156 -12.2931 12.2654 -0.0276946
185.82 -0.0177229 0.00324176 -12.2921 12.2644 -0.0276908
185.831 -0.0177226 0.00324176 -12.291 12.2634 -0.0276867
185.843 -0.0177225 0.0032415 -12.2901 12.2624 -0.0276828
185.854 -0.0177225 0.00324071 -12.2891 12.2614 -0.0276789
185.865 -0.0177222 0.00324019 -12.2881 12.2604 -0.0276751
185.876 -0.0177217 0.00323953 -12.2872 12.2595 -0.0276714
185.888 -0.0177213 0.00323859 -12.2863 12.2586 -0.0276678
185.899 -0.0177207 0.00323818 -12.2854 12.2577 -0.0276639
185.91 -0.0177201 0.00323736 -12.2845 12.2569 -0.0276603
185.921 -0.0177199 0.00323634 -12.2837 12.256 -0.0276562
185.933 -0.0177193 0.00323545 -12.2828 12.2552 -0.0276518
185.944 -0.0177186 0.00323434 -12.2821 12.2544 -0.0276476
185.955 -0.0177182 0.00323388 -12.2813 12.2537 -0.0276426
185.966 -0.0177177 0.00323346 -12.2806 12.2529 -0.0276376
185.978 -0.0177174 0.00323284 -12.2799 12.2522 -0.0276332
185.989 -0.0177169 0.00323227 -12.2792 12.2516 -0.0276284
186 -0.017716 0.00323192 -12.2786 12.2509 -0.0276239
186.011 -0.0177151 0.00323132 -12.278 12.2504 -0.0276197
186.022 -0.0177145 0.00323083 -12.2774 12.2498 -0.027615
186.034 -0.0177136 0.00323021 -12.2768 12.2492 -0.0276109
186.045 -0.0177128 0.00322958 -12.2763 12.2487 -0.0276068
186.056 -0.0177119 0.00322942 -12.2759 12.2483 -0.0276026
186.067 -0.0177112 0.00322937 -12.2754 12.2478 -0.0275981
186.079 -0.0177104 0.00322911 -12.275 12.2474 -0.0275944
186.09 -0.01771 0.00322923 -12.2746 12.247 -0.0275901
186.101 -0.0177093 0.00322921 -12.2742 12.2466 -0.027586
186.112 -0.0177089 0.00322889 -12.2739 12.2463 -0.0275823
186.124 -0.0177085 0.00322877 -12.2736 12.246 -0.027578
186.135 -0.0177078 0.00322861 -12.2733 12.2457 -0.0275739
186.146 -0.0177072 0.00322868 -12.2731 12.2455 -0.0275699
186.157 -0.0177068 0.00322848 -12.2729 12.2453 -0.0275659
186.169 -0.0177061 0.00322884 -12.2727 12.2452 -0.0275624
186.18 -0.0177053 0.00322873 -12.2726 12.245 -0.0275589
186.191 -0.0177046 0.00322889 -12.2725 12.2449 -0.0275556
186.202 -0.0177041 0.00322888 -12.2724 12.2449 -0.0275527
186.213 -0.0177034 0.00322911 -12.2724 12.2448 -0.0275496
186.225 -0.0177031 0.00322913 -12.2723 12.2448 -0.0275464
186.236 -0.0177026 0.00322954 -12.2723 12.2448 -0.0275431
186.247 -0.0177022 0.00322998 -12.2723 12.2448 -0.0275399
186.258 -0.0177019 0.00323008 -12.2723 12.2448 -0.0275367
186.27 -0.0177014 0.00323038 -12.2724 12.2448 -0.0275334
186.281 -0.017701 0.00323054 -12.2725 12.2449 -0.0275303
186.292 -0.0177007 0.00323105 -12.2726 12.245 -0.0275266
186.303 -0.0177002 0.00323162 -12.2727 12.2452 -0.0275232
186.315 -0.0176998 0.00323197 -12.2729 12.2453 -0.0275201
186.326 -0.0176992 0.00323169 -12.273 12.2455 -0.0275159
186.337 -0.0176989 0.00323154 -12.2732 12.2457 -0.0275117
186.348 -0.0176984 0.00323128 -12.2735 12.246 -0.0275077
186.36 -0.0176974 0.0032307 -12.2738 12.2463 -0.0275037
186.371 -0.0176969 0.00323014 -12.2741 12.2466 -0.0274999
186.382 -0.0176964 0.00322945 -12.2745 12.247 -0.0274962
186.393 -0.017696 0.00322888 -12.2749 12.2474 -0.0274919
186.404 -0.0176956 0.00322854 -12.2752 12.2478 -0.0274872
186.416 -0.0176952 0.0032279 -12.2757 12.2482 -0.0274827
186.427 -0.0176948 0.0032274 -12.2761 12.2487 -0.0274778
186.438 -0.0176946 0.00322742 -12.2766 12.2492 -0.0274734
186.449 -0.0176942 0.00322672 -12.2772 12.2497 -0.027469
186.461 -0.0176938 0.00322629 -12.2777 12.2503 -0.0274641
186.472 -0.0176937 0.0032262 -12.2783 12.2508 -0.0274595
186.483 -0.0176933 0.00322598 -12.2789 12.2515 -0.0274552
186.494 -0.0176931 0.00322579 -12.2796 12.2521 -0.0274502
186.506 -0.0176927 0.00322548 -12.2802 12.2528 -0.027446
186.517 -0.0176924 0.00322506 -12.2809 12.2535 -0.0274422
186.528 -0.017692 0.00322471 -12.2816 12.2542 -0.0274383
186.539 -0.0176914 0.00322436 -12.2823 12.2549 -0.0274347
186.551 -0.0176908 0.00322394 -12.2831 12.2556 -0.027431
186.562 -0.0176902 0.00322323 -12.2838 12.2564 -0.0274271
186.573 -0.0176899 0.00322297 -12.2846 12.2571 -0.0274235
186.584 -0.01769 0.00322196 -12.2853 12.2579 -0.0274207
186.596 -0.0176897 0.00322156 -12.2861 12.2587 -0.0274173
186.607 -0.0176896 0.00322091 -12.2869 12.2595 -0.0274141
186.618 -0.017689 0.00322022 -12.2877 12.2603 -0.0274113
186.629 -0.0176887 0.00321949 -12.2886 12.2612 -0.0274086
186.64 -0.0176882 0.00321921 -12.2894 12.262 -0.0274059
186.652 -0.0176881 0.00321841 -12.2902 12.2628 -0.0274032
186.663 -0.0176877 0.00321802 -12.2911 12.2637 -0.0274
186.674 -0.0176872 0.00321751 -12.292 12.2646 -0.0273968
186.685 -0.0176866 0.00321693 -12.2929 12.2655 -0.0273939
186.697 -0.0176862 0.00321613 -12.2938 12.2664 -0.0273912
186.708 -0.0176854 0.00321564 -12.2947 12.2673 -0.027388
186.719 -0.0176845 0.00321485 -12.2956 12.2682 -0.0273852
186.73 -0.0176836 0.00321422 -12.2966 12.2692 -0.0273822
186.742 -0.017683 0.00321383 -12.2975 12.2701 -0.0273792
186.753 -0.0176824 0.00321273 -12.2985 12.2711 -0.0273766
186.764 -0.017682 0.00321172 -12.2995 12.2721 -0.0273736
186.775 -0.0176817 0.0032109 -12.3005 12.2731 -0.0273705
186.787 -0.0176815 0.00320999 -12.3015 12.2742 -0.0273677
186.798 -0.0176813 0.00320968 -12.3026 12.2752 -0.0273641
186.809 -0.017681 0.00320921 -12.3036 12.2763 -0.0273605
186.82 -0.0176807 0.00320845 -12.3047 12.2774 -0.0273573
186.831 -0.0176806 0.00320761 -12.3058 12.2784 -0.0273535
186.843 -0.0176805 0.00320701 -12.3069 12.2796 -0.0273498
186.854 -0.0176804 0.0032062 -12.3081 12.2807 -0.0273463
186.865 -0.0176805 0.00320557 -12.3092 12.2819 -0.0273424
186.876 -0.0176802 0.00320497 -12.3104 12.2831 -0.0273387
186.888 -0.0176798 0.00320407 -12.3116 12.2843 -0.0273355
186.899 -0.0176797 0.00320335 -12.3128 12.2855 -0.0273322
186.91 -0.0176796 0.00320284 -12.3141 12.2868 -0.0273287
186.921 -0.0176792 0.00320245 -12.3153 12.288 -0.0273247
186.933 -0.017679 0.00320174 -12.3166 12.2893 -0.0273211
186.944 -0.0176787 0.00320112 -12.3179 12.2906 -0.0273175
186.955 -0.0176785 0.00320033 -12.3193 12.2919 -0.0273135
186.966 -0.0176782 0.00319953 -12.3206 12.2933 -0.0273096
186.978 -0.017678 0.00319876 -12.322 12.2947 -0.0273062
186.989 -0.0176775 0.0031985 -12.3234 12.2961 -0.0273018
187 -0.0176771 0.00319845 -12.3248 12.2975 -0.0272976
187.011 -0.0176767 0.00319793 -12.3263 12.299 -0.0272935
187.022 -0.0176763 0.00319744 -12.3277 12.3005 -0.0272893
187.034 -0.0176759 0.003197 -12.3292 12.3019 -0.0272847
187.045 -0.0176754 0.00319652 -12.3308 12.3035 -0.0272802
187.056 -0.0176753 0.00319648 -12.3323 12.305 -0.0272764
187.067 -0.0176747 0.00319615 -12.3339 12.3066 -0.0272718
187.079 -0.0176738 0.00319612 -12.3355 12.3082 -0.0272677
187.09 -0.0176732 0.00319606 -12.3371 12.3099 -0.0272641
187.101 -0.0176726 0.00319608 -12.3388 12.3115 -0.0272603
187.112 -0.0176718 0.00319616 -12.3404 12.3132 -0.0272562
187.124 -0.017671 0.00319631 -12.3421 12.3149 -0.0272527
187.135 -0.0176697 0.00319648 -12.3438 12.3166 -0.027249
187.146 -0.0176687 0.00319682 -12.3455 12.3182 -0.0272456
187.157 -0.0176678 0.00319706 -12.3472 12.32 -0.0272423
187.169 -0.0176669 0.00319724 -12.3489 12.3217 -0.0272387
187.18 -0.0176658 0.00319759 -12.3507 12.3234 -0.0272353
187.191 -0.0176647 0.00319799 -12.3524 12.3252 -0.0272319
187.202 -0.0176636 0.00319845 -12.3542 12.327 -0.0272287
187.213 -0.0176624 0.00319908 -12.356 12.3288 -0.0272255
187.225 -0.0176613 0.00319966 -12.3578 12.3306 -0.0272221
187.236 -0.0176606 0.00320013 -12.3596 12.3324 -0.0272185
187.247 -0.0176595 0.00320062 -12.3614 12.3342 -0.0272153
187.258 -0.0176591 0.00320118 -12.3633 12.3361 -0.0272122
187.27 -0.0176581 0.00320143 -12.3651 12.3379 -0.0272081
187.281 -0.0176574 0.00320208 -12.367 12.3398 -0.0272044
187.292 -0.0176564 0.00320255 -12.3689 12.3417 -0.027201
187.303 -0.0176558 0.0032031 -12.3708 12.3436 -0.0271973
187.315 -0.0176549 0.00320367 -12.3727 12.3455 -0.0271935
187.326 -0.017654 0.00320423 -12.3746 12.3475 -0.02719
187.337 -0.0176532 0.00320478 -12.3766 12.3494 -0.0271862
187.348 -0.0176522 0.00320554 -12.3785 12.3513 -0.0271824
187.36 -0.0176515 0.00320625 -12.3805 12.3533 -0.0271787
187.371 -0.0176509 0.003207 -12.3824 12.3553 -0.027175
187.382 -0.0176506 0.00320721 -12.3844 12.3572 -0.0271709
187.393 -0.0176505 0.00320746 -12.3864 12.3592 -0.0271671
187.404 -0.0176502 0.00320786 -12.3884 12.3612 -0.0271631
187.416 -0.0176497 0.00320816 -12.3904 12.3632 -0.0271588
187.427 -0.0176496 0.0032083 -12.3924 12.3653 -0.0271549
187.438 -0.0176497 0.00320874 -12.3944 12.3672 -0.0271511
187.449 -0.0176496 0.00320891 -12.3964 12.3693 -0.0271478
187.461 -0.0176498 0.0032095 -12.3985 12.3713 -0.027145
187.472 -0.01765 0.00320994 -12.4005 12.3733 -0.0271422
187.483 -0.01765 0.00321003 -12.4025 12.3754 -0.0271395
187.494 -0.0176501 0.0032102 -12.4045 12.3774 -0.0271371
187.506 -0.01765 0.00321033 -12.4065 12.3794 -0.0271344
187.517 -0.0176497 0.00321046 -12.4085 12.3814 -0.0271318
187.528 -0.0176494 0.00321068 -12.4105 12.3834 -0.0271292
187.539 -0.0176489 0.00321068 -12.4126 12.3855 -0.0271265
187.551 -0.017648 0.00321086 -12.4146 12.3875 -0.0271238
187.562 -0.0176474 0.00321098 -12.4166 12.3895 -0.0271215
187.573 -0.0176465 0.00321106 -12.4187 12.3916 -0.0271187
187.584 -0.0176456 0.00321129 -12.4208 12.3936 -0.0271162
187.596 -0.0176445 0.00321151 -12.4228 12.3957 -0.0271138
187.607 -0.0176438 0.00321218 -12.425 12.3978 -0.0271116
187.618 -0.0176429 0.00321279 -12.427 12.3999 -0.0271091
187.629 -0.0176417 0.00321274 -12.4292 12.4021 -0.0271058
187.64 -0.0176409 0.00321319 -12.4313 12.4042 -0.027103
187.652 -0.0176395 0.00321319 -12.4335 12.4064 -0.0270997
187.663 -0.017638 0.00321329 -12.4357 12.4086 -0.0270966
187.674 -0.0176368 0.00321359 -12.4379 12.4108 -0.0270928
187.685 -0.0176351 0.00321359 -12.4402 12.4131 -0.0270894
187.697 -0.0176335 0.00321356 -12.4425 12.4154 -0.0270861
187.708 -0.017632 0.00321379 -12.4448 12.4177 -0.0270826
187.719 -0.0176304 0.00321386 -12.4472 12.4201 -0.0270792
187.73 -0.0176289 0.00321416 -12.4495 12.4225 -0.0270762
187.742 -0.0176278 0.00321436 -12.452 12.4249 -0.0270735
187.753 -0.0176266 0.00321457 -12.4543 12.4273 -0.0270709
187.764 -0.0176249 0.00321466 -12.4567 12.4297 -0.027068
187.775 -0.0176234 0.00321552 -12.4592 12.4321 -0.0270654
187.787 -0.0176219 0.00321591 -12.4617 12.4346 -0.0270628
187.798 -0.0176202 0.00321576 -12.4641 12.4371 -0.0270604
187.809 -0.0176186 0.00321604 -12.4667 12.4396 -0.0270572
187.82 -0.017617 0.00321631 -12.4692 12.4421 -0.0270538
187.831 -0.0176158 0.00321706 -12.4717 12.4447 -0.0270505
187.843 -0.0176142 0.00321722 -12.4743 12.4473 -0.0270466
187.854 -0.0176127 0.00321752 -12.477 12.4499 -0.0270431
187.865 -0.0176107 0.0032178 -12.4796 12.4526 -0.0270402
187.876 -0.0176088 0.00321838 -12.4823 12.4553 -0.0270366
187.888 -0.017607 0.00321934 -12.485 12.458 -0.0270334
187.899 -0.017605 0.00321998 -12.4878 12.4607 -0.0270302
187.91 -0.0176033 0.00322109 -12.4905 12.4635 -0.0270271
187.921 -0.0176018 0.00322156 -12.4933 12.4663 -0.0270236
187.933 -0.0175998 0.00322218 -12.4961 12.4691 -0.027021
187.944 -0.0175979 0.00322231 -12.499 12.472 -0.0270183
187.955 -0.0175955 0.00322248 -12.5018 12.4748 -0.027015
187.966 -0.0175942 0.00322329 -12.5047 12.4777 -0.0270127
187.978 -0.0175931 0.00322406 -12.5076 12.4806 -0.0270094
187.989 -0.0175926 0.00322471 -12.5105 12.4835 -0.027006
188 -0.0175919 0.00322506 -12.5134 12.4864 -0.0270029
188.011 -0.0175919 0.00322581 -12.5163 12.4893 -0.0269997
188.022 -0.0175915 0.0032266 -12.5192 12.4922 -0.0269965
188.034 -0.0175916 0.00322738 -12.5222 12.4952 -0.0269935
188.045 -0.0175914 0.00322786 -12.5251 12.4981 -0.0269902
188.056 -0.0175914 0.00322784 -12.528 12.501 -0.0269863
188.067 -0.0175914 0.00322787 -12.5309 12.504 -0.026983
188.079 -0.0175919 0.00322722 -12.5339 12.5069 -0.0269792
188.09 -0.0175925 0.00322624 -12.5369 12.5099 -0.0269755
188.101 -0.0175936 0.00322628 -12.5399 12.5129 -0.0269725
188.112 -0.0175945 0.00322586 -12.5428 12.5159 -0.0269687
188.124 -0.0175956 0.00322587 -12.5458 12.5189 -0.026965
188.135 -0.0175967 0.00322561 -12.5488 12.5219 -0.0269617
188.146 -0.0175975 0.00322546 -12.5519 12.5249 -0.0269583
188.157 -0.0175983 0.00322561 -12.5549 12.528 -0.0269549
188.169 -0.0175991 0.00322566 -12.558 12.531 -0.0269519
188.18 -0.0175999 0.00322568 -12.561 12.534 -0.0269487
188.191 -0.0176009 0.00322581 -12.5641 12.5371 -0.0269458
188.202 -0.0176019 0.00322593 -12.5671 12.5401 -0.0269431
188.213 -0.0176026 0.00322559 -12.5701 12.5432 -0.0269397
188.225 -0.0176037 0.00322536 -12.5732 12.5463 -0.0269365
188.236 -0.0176052 0.00322498 -12.5762 12.5493 -0.0269344
188.247 -0.0176062 0.00322545 -12.5793 12.5523 -0.0269316
188.258 -0.0176074 0.00322597 -12.5823 12.5554 -0.0269275
188.27 -0.0176083 0.00322658 -12.5853 12.5584 -0.0269241
188.281 -0.0176092 0.00322715 -12.5884 12.5615 -0.0269204
188.292 -0.0176101 0.00322792 -12.5915 12.5645 -0.0269162
188.303 -0.0176109 0.00322871 -12.5946 12.5676 -0.0269124
188.315 -0.0176116 0.00322959 -12.5977 12.5707 -0.0269085
188.326 -0.0176124 0.00323061 -12.6008 12.5739 -0.0269046
188.337 -0.0176134 0.00323134 -12.6039 12.577 -0.026901
188.348 -0.017614 0.00323267 -12.6071 12.5802 -0.0268974
188.36 -0.0176149 0.00323398 -12.6102 12.5833 -0.0268937
188.371 -0.0176155 0.0032348 -12.6134 12.5865 -0.0268903
188.382 -0.0176165 0.00323555 -12.6165 12.5896 -0.0268871
188.393 -0.017617 0.00323609 -12.6196 12.5928 -0.026884
188.404 -0.0176173 0.00323689 -12.6228 12.5959 -0.0268814
188.416 -0.0176178 0.00323746 -12.6259 12.5991 -0.0268785
188.427 -0.0176178 0.00323783 -12.6291 12.6022 -0.026876
188.438 -0.0176181 0.0032382 -12.6322 12.6053 -0.026874
188.449 -0.0176184 0.00323819 -12.6353 12.6085 -0.0268722
188.461 -0.0176185 0.00323827 -12.6384 12.6116 -0.0268707
188.472 -0.0176184 0.00323875 -12.6415 12.6146 -0.0268692
188.483 -0.0176183 0.00323921 -12.6446 12.6177 -0.0268676
188.494 -0.0176178 0.00323972 -12.6477 12.6208 -0.0268659
188.506 -0.0176173 0.00324055 -12.6508 12.6239 -0.0268642
188.517 -0.0176172 0.00324122 -12.6538 12.627 -0.0268621
188.528 -0.0176173 0.0032421 -12.6569 12.63 -0.0268597
188.539 -0.0176175 0.00324287 -12.6599 12.6331 -0.0268574
188.551 -0.0176171 0.0032433 -12.663 12.6361 -0.0268542
188.562 -0.0176165 0.00324367 -12.6661 12.6392 -0.0268508
188.573 -0.0176159 0.0032441 -12.6692 12.6423 -0.0268475
188.584 -0.0176154 0.00324492 -12.6723 12.6455 -0.0268436
188.596 -0.0176147 0.00324506 -12.6754 12.6486 -0.0268397
188.607 -0.0176142 0.00324551 -12.6786 12.6517 -0.026836
188.618 -0.0176135 0.00324615 -12.6817 12.6549 -0.0268324
188.629 -0.017613 0.0032469 -12.6849 12.6581 -0.0268289
188.64 -0.0176125 0.00324752 -12.6881 12.6612 -0.0268254
188.652 -0.017612 0.0032477 -12.6912 12.6644 -0.0268217
188.663 -0.0176118 0.00324802 -12.6944 12.6676 -0.026818
188.674 -0.0176112 0.00324859 -12.6976 12.6708 -0.0268146
188.685 -0.0176108 0.00324873 -12.7008 12.674 -0.0268109
188.697 -0.0176102 0.00324871 -12.704 12.6772 -0.0268074
188.708 -0.0176097 0.00324887 -12.7072 12.6804 -0.0268044
188.719 -0.0176096 0.00324852 -12.7103 12.6835 -0.0268012
188.73 -0.0176093 0.00324813 -12.7135 12.6867 -0.0267981
188.742 -0.0176088 0.00324794 -12.7167 12.6899 -0.0267952
188.753 -0.017608 0.00324783 -12.7199 12.6931 -0.0267916
188.764 -0.017607 0.0032479 -12.7231 12.6963 -0.026788
188.775 -0.0176064 0.00324811 -12.7263 12.6995 -0.0267847
188.787 -0.0176056 0.00324852 -12.7295 12.7027 -0.0267814
188.798 -0.0176045 0.00324852 -12.7327 12.7059 -0.0267777
188.809 -0.017604 0.00324904 -12.7359 12.7092 -0.0267744
188.82 -0.0176039 0.00324864 -12.7391 12.7124 -0.0267709
188.831 -0.0176039 0.0032486 -12.7424 12.7156 -0.0267675
188.843 -0.0176033 0.0032486 -12.7456 12.7188 -0.0267648
188.854 -0.017603 0.00324871 -12.7488 12.722 -0.0267617
188.865 -0.0176028 0.00324893 -12.752 12.7252 -0.0267588
188.876 -0.0176029 0.00324931 -12.7552 12.7284 -0.0267559
188.888 -0.0176033 0.0032496 -12.7583 12.7316 -0.0267526
188.899 -0.0176036 0.00325014 -12.7615 12.7348 -0.0267492
188.91 -0.0176042 0.00325037 -12.7647 12.738 -0.0267467
188.921 -0.0176048 0.00325083 -12.7679 12.7411 -0.0267438
188.933 -0.0176049 0.00325147 -12.771 12.7443 -0.0267408
188.944 -0.0176051 0.0032523 -12.7742 12.7475 -0.0267381
188.955 -0.0176052 0.00325273 -12.7773 12.7506 -0.0267345
188.966 -0.0176052 0.00325351 -12.7805 12.7538 -0.026731
188.978 -0.0176052 0.0032542 -12.7837 12.7569 -0.0267276
188.989 -0.0176055 0.00325454 -12.7868 12.7601 -0.0267238
189 -0.0176059 0.00325461 -12.79 12.7633 -0.0267196
189.011 -0.0176065 0.00325493 -12.7932 12.7665 -0.0267157
189.022 -0.0176071 0.00325513 -12.7963 12.7696 -0.0267115
189.034 -0.0176076 0.00325551 -12.7995 12.7728 -0.0267074
189.045 -0.0176083 0.0032559 -12.8027 12.776 -0.0267042
189.056 -0.0176091 0.00325585 -12.8059 12.7792 -0.0267006
189.067 -0.0176099 0.00325622 -12.8091 12.7824 -0.026697
189.079 -0.0176109 0.00325658 -12.8123 12.7856 -0.0266939
189.09 -0.0176118 0.003257 -12.8154 12.7887 -0.0266903
189.101 -0.0176124 0.00325732 -12.8186 12.7919 -0.0266867
189.112 -0.0176128 0.00325817 -12.8218 12.7951 -0.0266834
189.124 -0.017613 0.003259 -12.825 12.7983 -0.0266795
189.135 -0.0176134 0.00325995 -12.8282 12.8015 -0.0266758
189.146 -0.0176139 0.0032606 -12.8314 12.8047 -0.0266728
189.157 -0.0176147 0.0032611 -12.8346 12.8079 -0.0266703
189.169 -0.0176154 0.00326169 -12.8378 12.8111 -0.0266676
189.18 -0.0176159 0.00326251 -12.841 12.8143 -0.0266648
189.191 -0.0176164 0.00326321 -12.8441 12.8175 -0.0266617
189.202 -0.017617 0.00326368 -12.8473 12.8207 -0.0266593
189.213 -0.0176171 0.00326422 -12.8505 12.8238 -0.0266567
189.225 -0.0176172 0.00326489 -12.8536 12.827 -0.0266537
189.236 -0.0176171 0.00326571 -12.8568 12.8301 -0.0266509
189.247 -0.0176173 0.00326661 -12.8599 12.8333 -0.026648
189.258 -0.0176174 0.00326738 -12.8631 12.8364 -0.0266443
189.27 -0.0176179 0.00326794 -12.8662 12.8396 -0.0266407
189.281 -0.0176178 0.00326875 -12.8694 12.8427 -0.026637
189.292 -0.017618 0.00326952 -12.8726 12.8459 -0.0266334
189.303 -0.0176182 0.00327024 -12.8757 12.8491 -0.0266296
189.315 -0.017619 0.00327107 -12.8789 12.8523 -0.0266258
189.326 -0.0176191 0.00327197 -12.8821 12.8555 -0.026622
189.337 -0.0176193 0.00327251 -12.8853 12.8587 -0.0266178
189.348 -0.0176194 0.00327322 -12.8885 12.8619 -0.0266135
189.36 -0.0176195 0.00327396 -12.8918 12.8652 -0.0266091
189.371 -0.0176192 0.00327434 -12.895 12.8684 -0.0266044
189.382 -0.0176192 0.00327469 -12.8983 12.8717 -0.0266001
189.393 -0.0176187 0.00327516 -12.9015 12.8749 -0.0265953
189.404 -0.0176185 0.00327573 -12.9048 12.8782 -0.026591
189.416 -0.0176183 0.00327675 -12.9081 12.8815 -0.0265871
189.427 -0.017618 0.00327725 -12.9114 12.8848 -0.026584
189.438 -0.0176179 0.00327838 -12.9146 12.888 -0.0265809
189.449 -0.0176184 0.00327936 -12.9179 12.8913 -0.0265779
189.461 -0.0176191 0.00328044 -12.9211 12.8945 -0.0265745
189.472 -0.0176194 0.00328191 -12.9243 12.8978 -0.0265715
189.483 -0.0176198 0.00328347 -12.9276 12.901 -0.0265684
189.494 -0.0176205 0.00328462 -12.9308 12.9043 -0.026565
189.506 -0.017621 0.00328588 -12.9341 12.9075 -0.0265618
189.517 -0.0176215 0.00328729 -12.9374 12.9108 -0.0265589
189.528 -0.017622 0.00328856 -12.9406 12.914 -0.0265557
189.539 -0.0176221 0.00329047 -12.9438 12.9173 -0.0265524
189.551 -0.0176224 0.00329188 -12.9471 12.9206 -0.0265489
189.562 -0.0176226 0.00329336 -12.9504 12.9238 -0.0265452
189.573 -0.0176225 0.00329444 -12.9536 12.9271 -0.0265419
189.584 -0.0176226 0.00329518 -12.9569 12.9304 -0.0265391
189.596 -0.0176227 0.00329583 -12.9601 12.9336 -0.0265361
189.607 -0.0176225 0.00329631 -12.9634 12.9368 -0.026533
189.618 -0.0176223 0.00329668 -12.9666 12.94 -0.0265304
189.629 -0.0176221 0.00329693 -12.9698 12.9432 -0.0265275
189.64 -0.0176216 0.00329727 -12.9729 12.9464 -0.0265248
189.652 -0.017621 0.00329769 -12.9761 12.9496 -0.0265222
189.663 -0.0176201 0.0032979 -12.9793 12.9528 -0.0265192
189.674 -0.0176193 0.00329785 -12.9825 12.956 -0.0265167
189.685 -0.0176186 0.00329784 -12.9857 12.9591 -0.0265137
189.697 -0.017618 0.0032974 -12.9888 12.9623 -0.026511
189.708 -0.0176174 0.00329713 -12.992 12.9655 -0.0265083
189.719 -0.0176167 0.00329688 -12.9952 12.9687 -0.0265056
189.73 -0.0176156 0.00329656 -12.9983 12.9718 -0.0265028
189.742 -0.0176146 0.00329634 -13.0015 12.975 -0.0264997
189.753 -0.0176133 0.00329616 -13.0046 12.9781 -0.0264969
189.764 -0.0176127 0.00329639 -13.0078 12.9813 -0.026494
189.775 -0.0176119 0.00329671 -13.0109 12.9844 -0.0264911
189.787 -0.0176109 0.00329676 -13.014 12.9875 -0.0264888
189.798 -0.0176103 0.00329641 -13.0171 12.9906 -0.0264857
189.809 -0.01761 0.00329643 -13.0202 12.9937 -0.0264828
189.82 -0.0176097 0.0032965 -13.0233 12.9968 -0.0264799
189.831 -0.0176094 0.00329674 -13.0264 12.9999 -0.0264765
189.843 -0.0176093 0.00329666 -13.0294 13.003 -0.0264729
189.854 -0.0176092 0.00329688 -13.0325 13.0061 -0.0264694
189.865 -0.0176093 0.00329678 -13.0356 13.0091 -0.0264655
189.876 -0.0176094 0.00329657 -13.0386 13.0122 -0.0264621
189.888 -0.0176099 0.00329648 -13.0417 13.0152 -0.0264589
189.899 -0.0176102 0.00329577 -13.0447 13.0182 -0.0264556
189.91 -0.01761 0.00329562 -13.0477 13.0213 -0.0264517
189.921 -0.0176098 0.00329588 -13.0507 13.0243 -0.026448
189.933 -0.0176095 0.00329567 -13.0537 13.0273 -0.0264438
189.944 -0.0176093 0.00329572 -13.0567 13.0302 -0.02644
189.955 -0.0176094 0.00329602 -13.0597 13.0332 -0.0264365
189.966 -0.0176094 0.00329646 -13.0626 13.0361 -0.0264331
189.978 -0.0176091 0.00329705 -13.0655 13.0391 -0.0264299
189.989 -0.017609 0.00329824 -13.0684 13.042 -0.0264263
190 -0.0176086 0.00329928 -13.0713 13.0449 -0.026422
190.011 -0.0176083 0.00330068 -13.0742 13.0478 -0.0264183
190.022 -0.0176078 0.00330185 -13.0771 13.0507 -0.0264146
190.034 -0.017607 0.00330325 -13.08 13.0536 -0.0264108
190.045 -0.0176069 0.00330439 -13.0828 13.0564 -0.0264071
190.056 -0.0176066 0.00330622 -13.0857 13.0593 -0.0264034
190.067 -0.0176061 0.00330813 -13.0886 13.0622 -0.0263996
190.079 -0.0176057 0.00330945 -13.0914 13.065 -0.026396
190.09 -0.0176055 0.00331044 -13.0943 13.0679 -0.026393
190.101 -0.017605 0.0033115 -13.0971 13.0707 -0.0263891
190.112 -0.0176047 0.00331252 -13.0999 13.0735 -0.0263853
190.124 -0.0176042 0.00331335 -13.1027 13.0764 -0.0263818
190.135 -0.0176037 0.00331385 -13.1055 13.0791 -0.0263783
190.146 -0.0176033 0.00331458 -13.1083 13.0819 -0.0263743
190.157 -0.0176029 0.00331549 -13.1111 13.0847 -0.0263707
190.169 -0.0176026 0.00331582 -13.1138 13.0874 -0.0263666
190.18 -0.0176022 0.00331577 -13.1165 13.0902 -0.0263631
190.191 -0.0176016 0.0033154 -13.1193 13.0929 -0.0263606
190.202 -0.0176012 0.00331509 -13.1219 13.0956 -0.0263581
190.213 -0.0176008 0.00331472 -13.1246 13.0982 -0.0263555
190.225 -0.0176005 0.00331479 -13.1272 13.1009 -0.0263531
190.236 -0.0176004 0.00331474 -13.1298 13.1034 -0.0263502
190.247 -0.0176005 0.00331469 -13.1323 13.106 -0.0263473
190.258 -0.0176005 0.00331465 -13.1349 13.1085 -0.0263445
190.27 -0.0176006 0.00331445 -13.1374 13.111 -0.026341
190.281 -0.0176005 0.00331411 -13.1398 13.1135 -0.0263376
190.292 -0.0176005 0.00331366 -13.1423 13.1159 -0.0263346
190.303 -0.0176 0.00331326 -13.1447 13.1184 -0.0263313
190.315 -0.0175996 0.00331268 -13.1471 13.1208 -0.026328
190.326 -0.0175994 0.00331216 -13.1495 13.1231 -0.0263248
190.337 -0.0175987 0.00331229 -13.1518 13.1255 -0.0263211
190.348 -0.0175979 0.00331221 -13.1541 13.1278 -0.0263176
190.36 -0.0175968 0.00331196 -13.1564 13.1301 -0.0263143
190.371 -0.0175957 0.00331194 -13.1587 13.1324 -0.0263103
190.382 -0.0175953 0.00331242 -13.1609 13.1346 -0.026306
190.393 -0.017595 0.00331319 -13.1631 13.1368 -0.0263016
190.404 -0.0175945 0.00331406 -13.1654 13.1391 -0.0262973
190.416 -0.0175938 0.00331507 -13.1675 13.1413 -0.0262925
190.427 -0.0175929 0.00331607 -13.1697 13.1434 -0.0262882
190.438 -0.0175919 0.00331684 -13.1719 13.1456 -0.0262841
190.449 -0.0175906 0.00331771 -13.174 13.1478 -0.0262803
190.461 -0.0175891 0.00331916 -13.1762 13.1499 -0.0262768
190.472 -0.0175879 0.00332018 -13.1782 13.152 -0.0262727
190.483 -0.0175868 0.00332168 -13.1803 13.154 -0.0262689
190.494 -0.0175859 0.00332314 -13.1824 13.1561 -0.026265
190.506 -0.0175847 0.00332455 -13.1844 13.1582 -0.0262603
190.517 -0.0175832 0.00332535 -13.1865 13.1602 -0.0262561
190.528 -0.0175817 0.00332637 -13.1885 13.1623 -0.0262512
190.539 -0.0175803 0.00332693 -13.1905 13.1643 -0.0262463
190.551 -0.0175789 0.0033275 -13.1925 13.1663 -0.0262418
190.562 -0.0175775 0.00332807 -13.1945 13.1683 -0.0262375
190.573 -0.0175762 0.00332894 -13.1965 13.1702 -0.0262325
190.584 -0.0175748 0.00332937 -13.1984 13.1722 -0.0262277
190.596 -0.0175735 0.00333028 -13.2003 13.1741 -0.0262238
190.607 -0.0175724 0.0033308 -13.2022 13.176 -0.0262193
190.618 -0.0175712 0.00333082 -13.2041 13.1779 -0.0262152
190.629 -0.0175699 0.00333091 -13.2059 13.1797 -0.0262116
190.64 -0.0175689 0.00333084 -13.2077 13.1815 -0.0262077
190.652 -0.0175679 0.00333066 -13.2095 13.1833 -0.0262037
190.663 -0.017567 0.00333025 -13.2112 13.185 -0.0261998
190.674 -0.0175662 0.00332991 -13.2129 13.1867 -0.0261966
190.685 -0.0175656 0.00332963 -13.2146 13.1884 -0.0261938
190.697 -0.0175651 0.00332891 -13.2162 13.19 -0.0261912
190.708 -0.0175645 0.00332833 -13.2178 13.1916 -0.0261885
190.719 -0.0175639 0.00332804 -13.2193 13.1931 -0.0261855
190.73 -0.0175635 0.00332811 -13.2208 13.1946 -0.0261827
190.742 -0.0175632 0.00332782 -13.2223 13.1961 -0.02618
190.753 -0.017563 0.00332782 -13.2237 13.1975 -0.0261774
190.764 -0.0175628 0.00332761 -13.225 13.1989 -0.0261746
190.775 -0.0175616 0.00332778 -13.2264 13.2002 -0.0261714
190.787 -0.0175605 0.003328 -13.2276 13.2015 -0.0261679
190.798 -0.0175595 0.00332836 -13.2289 13.2027 -0.0261647
190.809 -0.0175583 0.00332865 -13.2301 13.204 -0.0261612
190.82 -0.0175571 0.00332855 -13.2313 13.2052 -0.0261585
190.831 -0.0175553 0.00332909 -13.2325 13.2063 -0.0261554
190.843 -0.0175537 0.00332956 -13.2335 13.2074 -0.0261521
190.854 -0.0175521 0.00333001 -13.2346 13.2084 -0.0261486
190.865 -0.017551 0.00333118 -13.2356 13.2095 -0.0261446
190.876 -0.0175499 0.00333214 -13.2366 13.2104 -0.026141
190.888 -0.0175485 0.00333276 -13.2375 13.2114 -0.0261371
190.899 -0.0175464 0.00333317 -13.2385 13.2123 -0.0261327
190.91 -0.0175445 0.00333381 -13.2394 13.2132 -0.0261282
190.921 -0.0175427 0.00333484 -13.2403 13.2141 -0.0261236
190.933 -0.0175411 0.0033356 -13.2412 13.215 -0.0261196
190.944 -0.0175395 0.0033365 -13.242 13.2159 -0.026115
190.955 -0.0175375 0.0033373 -13.2429 13.2167 -0.0261103
190.966 -0.017536 0.0033385 -13.2437 13.2176 -0.0261065
190.978 -0.017534 0.003339 -13.2445 13.2184 -0.0261017
190.989 -0.0175324 0.00333958 -13.2453 13.2192 -0.0260976
191 -0.0175307 0.00334 -13.2461 13.22 -0.0260933
191.011 -0.017529 0.00334044 -13.2469 13.2208 -0.0260885
191.022 -0.0175273 0.0033408 -13.2476 13.2216 -0.0260836
191.034 -0.0175255 0.00334125 -13.2484 13.2223 -0.0260796
191.045 -0.0175235 0.00334125 -13.2491 13.223 -0.0260749
191.056 -0.0175217 0.0033419 -13.2498 13.2237 -0.0260705
191.067 -0.01752 0.00334245 -13.2504 13.2243 -0.0260666
191.079 -0.0175186 0.00334277 -13.251 13.2249 -0.0260623
191.09 -0.0175173 0.00334251 -13.2516 13.2255 -0.0260582
191.101 -0.0175163 0.00334225 -13.2521 13.2261 -0.0260546
191.112 -0.0175152 0.00334236 -13.2526 13.2266 -0.0260508
191.124 -0.0175142 0.00334214 -13.2531 13.227 -0.0260479
191.135 -0.0175134 0.00334163 -13.2535 13.2275 -0.0260453
191.146 -0.0175126 0.00334119 -13.2539 13.2278 -0.0260428
191.157 -0.017512 0.00334091 -13.2542 13.2281 -0.0260402
191.169 -0.0175118 0.00334062 -13.2544 13.2284 -0.0260378
191.18 -0.0175119 0.00334059 -13.2546 13.2286 -0.0260355
191.191 -0.017512 0.00334098 -13.2548 13.2287 -0.0260333
191.202 -0.0175112 0.00334127 -13.2549 13.2288 -0.0260309
191.213 -0.0175106 0.00334176 -13.2549 13.2289 -0.0260283
191.225 -0.0175093 0.00334218 -13.2549 13.2289 -0.0260266
191.236 -0.0175082 0.00334295 -13.2549 13.2288 -0.0260253
191.247 -0.0175071 0.00334357 -13.2547 13.2287 -0.0260239
191.258 -0.0175057 0.00334412 -13.2546 13.2286 -0.0260224
191.27 -0.0175044 0.00334422 -13.2544 13.2283 -0.0260205
191.281 -0.0175029 0.00334454 -13.2541 13.2281 -0.0260172
191.292 -0.0175012 0.00334548 -13.2538 13.2277 -0.0260138
191.303 -0.0174996 0.00334653 -13.2534 13.2274 -0.0260105
191.315 -0.0174982 0.00334686 -13.2531 13.227 -0.0260071
191.326 -0.0174967 0.00334746 -13.2526 13.2266 -0.026004
191.337 -0.0174948 0.00334842 -13.2522 13.2262 -0.026001
191.348 -0.0174927 0.0033491 -13.2517 13.2257 -0.0259972
191.36 -0.0174908 0.00334994 -13.2512 13.2252 -0.0259937
191.371 -0.0174888 0.00335103 -13.2506 13.2246 -0.0259902
191.382 -0.0174873 0.00335195 -13.25 13.224 -0.0259865
191.393 -0.017486 0.00335301 -13.2494 13.2234 -0.0259825
191.404 -0.0174843 0.00335434 -13.2488 13.2228 -0.0259787
191.416 -0.0174831 0.00335538 -13.2481 13.2221 -0.0259742
191.427 -0.0174817 0.0033566 -13.2474 13.2215 -0.0259698
191.438 -0.0174806 0.00335728 -13.2468 13.2208 -0.0259658
191.449 -0.0174794 0.00335826 -13.246 13.22 -0.0259622
191.461 -0.0174783 0.00335894 -13.2452 13.2193 -0.0259576
191.472 -0.0174772 0.00335942 -13.2444 13.2185 -0.0259535
191.483 -0.0174762 0.00336016 -13.2436 13.2177 -0.0259492
191.494 -0.017475 0.00336084 -13.2428 13.2168 -0.0259452
191.506 -0.0174738 0.00336152 -13.2419 13.2159 -0.0259411
191.517 -0.0174733 0.00336189 -13.241 13.215 -0.0259371
191.528 -0.0174726 0.00336179 -13.24 13.2141 -0.0259337
191.539 -0.0174722 0.00336147 -13.239 13.2131 -0.0259309
191.551 -0.0174716 0.00336093 -13.2379 13.212 -0.0259281
191.562 -0.0174712 0.00336024 -13.2368 13.2109 -0.0259263
191.573 -0.0174707 0.00335982 -13.2356 13.2097 -0.0259244
191.584 -0.0174701 0.00335965 -13.2343 13.2084 -0.0259227
191.596 -0.0174695 0.00335915 -13.233 13.2071 -0.0259212
191.607 -0.0174693 0.00335862 -13.2316 13.2057 -0.0259199
191.618 -0.017469 0.00335813 -13.2302 13.2042 -0.0259182
191.629 -0.0174691 0.00335771 -13.2286 13.2027 -0.0259164
191.64 -0.0174689 0.00335716 -13.227 13.2011 -0.0259153
191.652 -0.017468 0.0033571 -13.2253 13.1994 -0.0259139
191.663 -0.0174681 0.00335763 -13.2236 13.1977 -0.0259113
191.674 -0.017468 0.00335836 -13.2218 13.1959 -0.0259091
191.685 -0.0174681 0.00335915 -13.22 13.1941 -0.0259064
191.697 -0.0174678 0.00335998 -13.2181 13.1922 -0.0259031
191.708 -0.0174674 0.00336066 -13.2162 13.1903 -0.0259003
191.719 -0.0174673 0.00336153 -13.2142 13.1883 -0.0258966
191.73 -0.0174667 0.00336255 -13.2121 13.1863 -0.0258936
191.742 -0.0174659 0.00336304 -13.2101 13.1842 -0.0258916
191.753 -0.0174651 0.00336384 -13.208 13.1821 -0.0258887
191.764 -0.0174639 0.00336446 -13.2058 13.18 -0.0258858
191.775 -0.0174631 0.00336562 -13.2036 13.1778 -0.0258824
191.787 -0.017462 0.00336669 -13.2014 13.1755 -0.0258788
191.798 -0.0174611 0.0033681 -13.1991 13.1732 -0.0258748
191.809 -0.0174599 0.00336966 -13.1968 13.171 -0.0258714
191.82 -0.0174595 0.00337078 -13.1945 13.1686 -0.0258674
191.831 -0.0174587 0.00337225 -13.1921 13.1663 -0.0258639
191.843 -0.0174576 0.00337373 -13.1897 13.1639 -0.0258608
191.854 -0.0174564 0.00337512 -13.1873 13.1614 -0.0258568
191.865 -0.0174556 0.00337646 -13.1848 13.159 -0.0258537
191.876 -0.0174544 0.00337763 -13.1823 13.1565 -0.0258506
191.888 -0.0174532 0.00337821 -13.1798 13.1539 -0.0258477
191.899 -0.0174517 0.00337913 -13.1772 13.1513 -0.025845
191.91 -0.0174499 0.00337994 -13.1745 13.1487 -0.0258427
191.921 -0.0174483 0.00338052 -13.1718 13.1459 -0.0258397
191.933 -0.0174468 0.0033811 -13.169 13.1432 -0.0258372
191.944 -0.0174459 0.00338122 -13.1662 13.1404 -0.0258346
191.955 -0.0174458 0.00338094 -13.1633 13.1375 -0.0258316
191.966 -0.0174458 0.00338064 -13.1605 13.1346 -0.0258288
191.978 -0.017446 0.00338068 -13.1575 13.1317 -0.0258261
191.989 -0.0174458 0.00337989 -13.1545 13.1287 -0.025824
192 -0.0174452 0.00337921 -13.1515 13.1257 -0.0258217
192.011 -0.0174449 0.00337846 -13.1484 13.1226 -0.0258192
192.022 -0.0174454 0.00337849 -13.1453 13.1194 -0.025816
192.034 -0.0174459 0.00337856 -13.1421 13.1163 -0.0258128
192.045 -0.0174464 0.0033787 -13.1389 13.1131 -0.0258096
192.056 -0.0174471 0.00337906 -13.1356 13.1098 -0.0258065
192.067 -0.0174474 0.00337907 -13.1323 13.1065 -0.0258041
192.079 -0.0174478 0.00337901 -13.1289 13.1031 -0.025802
192.09 -0.0174484 0.00337894 -13.1255 13.0997 -0.0257998
192.101 -0.0174485 0.00337912 -13.122 13.0962 -0.0257979
192.112 -0.0174485 0.00337941 -13.1185 13.0927 -0.0257957
192.124 -0.0174487 0.00337954 -13.1149 13.0892 -0.0257934
192.135 -0.0174484 0.00338014 -13.1113 13.0855 -0.0257911
192.146 -0.0174484 0.00338068 -13.1076 13.0819 -0.0257883
192.157 -0.0174479 0.00338106 -13.1039 13.0781 -0.0257859
192.169 -0.0174474 0.00338146 -13.1001 13.0744 -0.0257837
192.18 -0.0174472 0.00338229 -13.0963 13.0705 -0.0257814
192.191 -0.0174473 0.00338314 -13.0924 13.0667 -0.0257783
192.202 -0.0174469 0.00338422 -13.0885 13.0628 -0.0257757
192.213 -0.0174467 0.00338533 -13.0846 13.0588 -0.025773
192.225 -0.0174469 0.00338617 -13.0806 13.0548 -0.0257702
192.236 -0.0174473 0.00338725 -13.0765 13.0508 -0.0257675
192.247 -0.0174472 0.00338834 -13.0724 13.0467 -0.025765
192.258 -0.0174471 0.00338952 -13.0683 13.0425 -0.0257622
192.27 -0.0174467 0.00339044 -13.0641 13.0383 -0.0257597
192.281 -0.0174461 0.00339175 -13.0598 13.0341 -0.025757
192.292 -0.0174459 0.00339257 -13.0555 13.0298 -0.0257535
192.303 -0.0174453 0.00339342 -13.0512 13.0254 -0.0257502
192.315 -0.0174443 0.00339457 -13.0468 13.0211 -0.0257476
192.326 -0.0174437 0.00339562 -13.0424 13.0166 -0.0257443
192.337 -0.0174433 0.00339666 -13.0379 13.0121 -0.0257409
192.348 -0.0174429 0.00339725 -13.0334 13.0076 -0.0257383
192.36 -0.0174424 0.00339749 -13.0288 13.0031 -0.0257352
192.371 -0.0174413 0.00339717 -13.0242 12.9984 -0.0257331
192.382 -0.0174406 0.00339741 -13.0195 12.9938 -0.0257303
192.393 -0.01744 0.00339722 -13.0148 12.989 -0.0257275
192.404 -0.0174391 0.00339698 -13.01 12.9842 -0.0257247
192.416 -0.017438 0.00339737 -13.0052 12.9794 -0.025722
192.427 -0.0174371 0.00339786 -13.0003 12.9746 -0.025719
192.438 -0.0174361 0.00339885 -12.9954 12.9697 -0.0257161
192.449 -0.0174353 0.00339982 -12.9905 12.9648 -0.0257133
192.461 -0.0174349 0.00340067 -12.9855 12.9598 -0.0257104
192.472 -0.0174346 0.00340151 -12.9805 12.9547 -0.0257077
192.483 -0.0174345 0.00340238 -12.9754 12.9497 -0.0257051
192.494 -0.0174348 0.00340292 -12.9703 12.9446 -0.0257022
192.506 -0.0174348 0.00340371 -12.9652 12.9395 -0.0256993
192.517 -0.0174347 0.00340492 -12.96 12.9343 -0.0256966
192.528 -0.0174347 0.00340594 -12.9548 12.9291 -0.0256934
192.539 -0.017434 0.00340717 -12.9496 12.9239 -0.0256896
192.551 -0.0174334 0.00340807 -12.9443 12.9187 -0.025686
192.562 -0.0174328 0.0034081 -12.9391 12.9134 -0.0256833
192.573 -0.0174325 0.00340781 -12.9337 12.908 -0.0256805
192.584 -0.0174322 0.00340767 -12.9283 12.9027 -0.0256778
192.596 -0.0174321 0.0034076 -12.9229 12.8972 -0.0256752
192.607 -0.0174322 0.00340791 -12.9174 12.8918 -0.0256724
192.618 -0.0174319 0.00340805 -12.912 12.8863 -0.0256701
192.629 -0.017432 0.00340771 -12.9064 12.8808 -0.0256679
192.64 -0.0174321 0.00340738 -12.9009 12.8752 -0.0256658
192.652 -0.0174322 0.00340727 -12.8953 12.8696 -0.025664
192.663 -0.0174322 0.00340725 -12.8896 12.864 -0.0256614
192.674 -0.0174317 0.00340735 -12.884 12.8583 -0.0256589
192.685 -0.0174314 0.00340737 -12.8783 12.8526 -0.0256567
192.697 -0.0174306 0.00340722 -12.8725 12.8469 -0.0256542
192.708 -0.0174302 0.00340766 -12.8667 12.8411 -0.0256513
192.719 -0.0174295 0.00340813 -12.861 12.8353 -0.0256486
192.73 -0.0174286 0.00340846 -12.8551 12.8295 -0.0256461
192.742 -0.0174277 0.00340869 -12.8493 12.8236 -0.025644
192.753 -0.017427 0.00340909 -12.8434 12.8177 -0.0256422
192.764 -0.017426 0.00340977 -12.8374 12.8118 -0.0256402
192.775 -0.017425 0.00341061 -12.8314 12.8058 -0.0256382
192.787 -0.0174242 0.00341137 -12.8254 12.7997 -0.0256362
192.798 -0.0174235 0.00341219 -12.8193 12.7937 -0.0256337
192.809 -0.017423 0.00341324 -12.8132 12.7876 -0.0256314
192.82 -0.0174227 0.00341408 -12.8071 12.7815 -0.0256299
192.831 -0.0174227 0.00341492 -12.8009 12.7753 -0.0256275
192.843 -0.0174226 0.00341574 -12.7947 12.7691 -0.0256246
192.854 -0.0174225 0.00341654 -12.7885 12.7629 -0.025622
192.865 -0.0174224 0.00341691 -12.7823 12.7567 -0.0256193
192.876 -0.0174222 0.00341752 -12.7761 12.7505 -0.0256169
192.888 -0.0174219 0.00341839 -12.7699 12.7442 -0.0256139
192.899 -0.0174216 0.00341918 -12.7636 12.738 -0.0256105
192.91 -0.0174211 0.00341963 -12.7573 12.7317 -0.0256071
192.921 -0.0174204 0.00342071 -12.751 12.7254 -0.0256036
192.933 -0.0174195 0.00342142 -12.7448 12.7192 -0.0255996
192.944 -0.0174183 0.0034218 -12.7385 12.7129 -0.0255963
192.955 -0.0174172 0.00342235 -12.7322 12.7066 -0.0255932
192.966 -0.0174165 0.00342217 -12.726 12.7004 -0.0255903
192.978 -0.0174153 0.0034221 -12.7197 12.6941 -0.0255878
192.989 -0.0174141 0.00342186 -12.7134 12.6878 -0.025585
193 -0.0174132 0.00342112 -12.707 12.6814 -0.0255822
193.011 -0.0174128 0.00342093 -12.7007 12.6751 -0.0255788
193.022 -0.0174127 0.00342096 -12.6943 12.6688 -0.0255757
193.034 -0.0174131 0.00342058 -12.688 12.6624 -0.0255726
193.045 -0.0174137 0.00342039 -12.6817 12.6561 -0.0255695
193.056 -0.0174142 0.00342011 -12.6753 12.6498 -0.0255666
193.067 -0.0174146 0.00341981 -12.669 12.6434 -0.0255635
193.079 -0.017415 0.00341956 -12.6626 12.6371 -0.0255603
193.09 -0.0174149 0.00341972 -12.6563 12.6308 -0.0255585
193.101 -0.0174145 0.00341967 -12.65 12.6244 -0.0255558
193.112 -0.017414 0.00341977 -12.6436 12.618 -0.0255534
193.124 -0.0174134 0.00341977 -12.6372 12.6117 -0.0255513
193.135 -0.0174128 0.00341976 -12.6309 12.6053 -0.0255486
193.146 -0.0174123 0.00341975 -12.6244 12.5989 -0.0255455
193.157 -0.017412 0.00341947 -12.6181 12.5925 -0.0255422
193.169 -0.0174121 0.00341957 -12.6117 12.5862 -0.0255383
193.18 -0.0174119 0.00341993 -12.6053 12.5798 -0.0255349
193.191 -0.0174116 0.00342027 -12.599 12.5735 -0.0255324
193.202 -0.0174114 0.00342084 -12.5926 12.5671 -0.0255294
193.213 -0.0174108 0.00342116 -12.5863 12.5608 -0.0255269
193.225 -0.0174103 0.00342144 -12.58 12.5545 -0.0255249
193.236 -0.0174098 0.00342156 -12.5736 12.5481 -0.0255224
193.247 -0.0174092 0.00342153 -12.5673 12.5418 -0.0255209
193.258 -0.0174082 0.00342154 -12.561 12.5355 -0.0255197
193.27 -0.0174072 0.0034213 -12.5547 12.5291 -0.0255177
193.281 -0.0174064 0.00342116 -12.5483 12.5228 -0.0255153
193.292 -0.0174057 0.00342167 -12.542 12.5165 -0.0255129
193.303 -0.0174056 0.00342184 -12.5357 12.5102 -0.0255097
193.315 -0.0174054 0.00342252 -12.5294 12.5039 -0.025506
193.326 -0.0174052 0.00342357 -12.5231 12.4976 -0.0255023
193.337 -0.0174052 0.00342454 -12.5168 12.4913 -0.0254977
193.348 -0.0174046 0.00342523 -12.5106 12.4851 -0.0254936
193.36 -0.0174041 0.00342621 -12.5044 12.4789 -0.0254893
193.371 -0.0174032 0.00342626 -12.4982 12.4727 -0.0254853
193.382 -0.0174027 0.00342617 -12.492 12.4665 -0.0254817
193.393 -0.0174023 0.00342622 -12.4858 12.4604 -0.0254785
193.404 -0.0174017 0.00342582 -12.4797 12.4542 -0.0254756
193.416 -0.0174013 0.00342581 -12.4735 12.448 -0.0254727
193.427 -0.0174009 0.00342588 -12.4673 12.4419 -0.0254699
193.438 -0.0174005 0.00342541 -12.4612 12.4357 -0.0254678
193.449 -0.0173997 0.00342499 -12.455 12.4296 -0.0254658
193.461 -0.0173992 0.00342426 -12.4489 12.4234 -0.025464
193.472 -0.0173986 0.00342425 -12.4428 12.4173 -0.0254615
193.483 -0.0173986 0.00342407 -12.4366 12.4112 -0.0254599
193.494 -0.0173984 0.00342357 -12.4305 12.4051 -0.0254584
193.506 -0.0173977 0.00342364 -12.4244 12.399 -0.0254561
193.517 -0.0173967 0.00342353 -12.4183 12.3929 -0.0254535
193.528 -0.0173959 0.00342342 -12.4123 12.3868 -0.025451
193.539 -0.0173956 0.00342329 -12.4062 12.3808 -0.025448
193.551 -0.0173953 0.00342279 -12.4002 12.3748 -0.0254448
193.562 -0.0173949 0.00342221 -12.3942 12.3688 -0.0254422
193.573 -0.017394 0.00342136 -12.3882 12.3628 -0.0254394
193.584 -0.0173934 0.00342067 -12.3823 12.3569 -0.0254362
193.596 -0.0173927 0.00341949 -12.3764 12.3509 -0.0254337
193.607 -0.0173927 0.00341892 -12.3704 12.345 -0.0254298
193.618 -0.0173923 0.00341832 -12.3646 12.3391 -0.0254264
193.629 -0.017392 0.00341809 -12.3587 12.3333 -0.0254228
193.64 -0.017392 0.00341815 -12.3529 12.3275 -0.0254184
193.652 -0.0173916 0.00341775 -12.3471 12.3217 -0.0254147
193.663 -0.0173912 0.00341731 -12.3414 12.316 -0.0254116
193.674 -0.0173914 0.00341656 -12.3356 12.3102 -0.0254074
193.685 -0.0173918 0.00341617 -12.33 12.3046 -0.0254028
193.697 -0.0173919 0.00341615 -12.3243 12.2989 -0.0253983
193.708 -0.0173916 0.0034163 -12.3187 12.2933 -0.0253939
193.719 -0.0173912 0.00341628 -12.3132 12.2878 -0.0253895
193.73 -0.0173911 0.00341666 -12.3076 12.2822 -0.0253855
193.742 -0.0173916 0.00341648 -12.3021 12.2768 -0.0253815
193.753 -0.017392 0.00341667 -12.2967 12.2713 -0.025377
193.764 -0.0173924 0.00341699 -12.2912 12.2659 -0.0253727
193.775 -0.0173925 0.00341689 -12.2858 12.2605 -0.0253683
193.787 -0.0173926 0.00341696 -12.2805 12.2551 -0.0253637
193.798 -0.0173926 0.00341671 -12.2752 12.2498 -0.0253603
193.809 -0.0173922 0.00341618 -12.2699 12.2445 -0.0253561
193.82 -0.0173916 0.00341584 -12.2646 12.2392 -0.0253518
193.831 -0.0173909 0.00341562 -12.2594 12.234 -0.0253477
193.843 -0.0173903 0.00341512 -12.2541 12.2288 -0.0253432
193.854 -0.0173901 0.0034146 -12.249 12.2236 -0.0253389
193.865 -0.01739 0.00341403 -12.2438 12.2185 -0.0253355
193.876 -0.0173897 0.00341306 -12.2387 12.2134 -0.0253323
193.888 -0.01739 0.00341192 -12.2336 12.2082 -0.0253285
193.899 -0.0173901 0.00341131 -12.2285 12.2032 -0.0253259
193.91 -0.0173908 0.00341062 -12.2234 12.1981 -0.0253229
193.921 -0.0173911 0.00341025 -12.2183 12.193 -0.0253189
193.933 -0.0173913 0.00340976 -12.2133 12.188 -0.0253147
193.944 -0.0173913 0.00340962 -12.2083 12.183 -0.0253104
193.955 -0.0173911 0.00340956 -12.2033 12.178 -0.025306
193.966 -0.017391 0.00340949 -12.1984 12.1731 -0.0253017
193.978 -0.0173913 0.00340962 -12.1935 12.1682 -0.0252973
193.989 -0.0173917 0.0034095 -12.1886 12.1633 -0.0252931
194 -0.0173922 0.00340938 -12.1837 12.1584 -0.0252894
194.011 -0.0173927 0.00340919 -12.1788 12.1536 -0.0252853
194.022 -0.0173936 0.00340873 -12.174 12.1487 -0.025282
194.034 -0.017395 0.00340828 -12.1692 12.1439 -0.0252787
194.045 -0.0173967 0.00340782 -12.1643 12.1391 -0.0252755
194.056 -0.0173986 0.00340771 -12.1595 12.1343 -0.0252723
194.067 -0.0174001 0.00340736 -12.1548 12.1295 -0.0252702
194.079 -0.0174015 0.00340693 -12.15 12.1247 -0.0252676
194.09 -0.0174025 0.00340662 -12.1452 12.12 -0.0252656
194.101 -0.0174036 0.00340682 -12.1405 12.1152 -0.0252627
194.112 -0.0174052 0.00340653 -12.1358 12.1106 -0.0252601
194.124 -0.017406 0.00340655 -12.1311 12.1059 -0.0252574
194.135 -0.0174065 0.00340662 -12.1265 12.1012 -0.0252545
194.146 -0.0174071 0.00340702 -12.1219 12.0966 -0.0252511
194.157 -0.0174074 0.00340734 -12.1173 12.092 -0.0252475
194.169 -0.0174073 0.00340748 -12.1127 12.0875 -0.0252439
194.18 -0.0174072 0.0034072 -12.1082 12.0829 -0.0252406
194.191 -0.0174064 0.00340725 -12.1036 12.0784 -0.0252365
194.202 -0.0174058 0.00340707 -12.0992 12.0739 -0.0252329
194.213 -0.0174058 0.00340715 -12.0947 12.0695 -0.0252285
194.225 -0.0174058 0.00340729 -12.0902 12.065 -0.0252243
194.236 -0.017406 0.00340813 -12.0858 12.0606 -0.0252199
194.247 -0.0174062 0.00340884 -12.0814 12.0562 -0.025215
194.258 -0.017406 0.00340883 -12.077 12.0518 -0.0252109
194.27 -0.0174059 0.00340899 -12.0727 12.0475 -0.0252071
194.281 -0.0174059 0.0034093 -12.0684 12.0432 -0.0252029
194.292 -0.0174058 0.00340953 -12.0641 12.0389 -0.0251992
194.303 -0.0174061 0.00340965 -12.0599 12.0347 -0.0251958
194.315 -0.0174064 0.00341061 -12.0557 12.0305 -0.0251914
194.326 -0.0174066 0.00341069 -12.0516 12.0264 -0.0251872
194.337 -0.0174067 0.00341095 -12.0475 12.0223 -0.0251832
194.348 -0.0174072 0.00341113 -12.0435 12.0183 -0.025179
194.36 -0.017408 0.00341137 -12.0394 12.0143 -0.0251752
194.371 -0.0174087 0.00341153 -12.0355 12.0103 -0.025171
194.382 -0.0174093 0.00341167 -12.0316 12.0064 -0.025166
194.393 -0.0174097 0.00341154 -12.0277 12.0025 -0.0251616
194.404 -0.01741 0.00341149 -12.0238 11.9987 -0.0251572
194.416 -0.0174103 0.00341149 -12.02 11.9948 -0.0251524
194.427 -0.0174106 0.00341146 -12.0162 11.9911 -0.0251476
194.438 -0.0174109 0.00341164 -12.0125 11.9873 -0.0251433
194.449 -0.0174112 0.0034121 -12.0088 11.9837 -0.0251378
194.461 -0.0174118 0.00341247 -12.0052 11.98 -0.0251322
194.472 -0.0174121 0.00341251 -12.0016 11.9765 -0.0251271
194.483 -0.0174124 0.00341193 -11.9981 11.9729 -0.0251224
194.494 -0.0174125 0.00341158 -11.9945 11.9694 -0.0251179
194.506 -0.0174121 0.00341085 -11.9911 11.966 -0.025114
194.517 -0.0174122 0.00341028 -11.9877 11.9626 -0.0251099
194.528 -0.0174119 0.00341017 -11.9843 11.9592 -0.0251062
194.539 -0.0174126 0.00341011 -11.9809 11.9558 -0.0251019
194.551 -0.0174125 0.00341013 -11.9776 11.9525 -0.0250973
194.562 -0.0174128 0.00341017 -11.9744 11.9493 -0.0250927
194.573 -0.0174131 0.00341044 -11.9712 11.9461 -0.0250885
194.584 -0.0174136 0.00341065 -11.968 11.9429 -0.0250841
194.596 -0.017414 0.00341087 -11.9648 11.9398 -0.0250794
194.607 -0.0174143 0.00341134 -11.9618 11.9367 -0.0250755
194.618 -0.0174143 0.00341149 -11.9587 11.9336 -0.0250716
194.629 -0.0174145 0.00341187 -11.9557 11.9306 -0.0250679
194.64 -0.0174148 0.00341218 -11.9527 11.9276 -0.0250646
194.652 -0.0174155 0.00341244 -11.9498 11.9247 -0.0250612
194.663 -0.0174163 0.00341288 -11.9469 11.9218 -0.0250577
194.674 -0.0174173 0.00341318 -11.9441 11.919 -0.025054
194.685 -0.0174184 0.00341284 -11.9413 11.9162 -0.0250511
194.697 -0.0174192 0.00341298 -11.9385 11.9135 -0.0250476
194.708 -0.0174203 0.00341307 -11.9358 11.9108 -0.0250441
194.719 -0.0174214 0.00341309 -11.9331 11.9081 -0.0250403
194.73 -0.0174223 0.00341328 -11.9305 11.9055 -0.0250366
194.742 -0.017423 0.00341338 -11.9279 11.9029 -0.0250339
194.753 -0.0174238 0.00341321 -11.9253 11.9003 -0.0250314
194.764 -0.0174241 0.00341317 -11.9228 11.8978 -0.0250285
194.775 -0.0174247 0.00341303 -11.9203 11.8953 -0.0250257
194.787 -0.0174254 0.00341296 -11.9179 11.8929 -0.0250228
194.798 -0.0174259 0.00341288 -11.9155 11.8904 -0.0250199
194.809 -0.0174265 0.00341255 -11.9131 11.8881 -0.0250172
194.82 -0.017427 0.0034122 -11.9107 11.8857 -0.0250143
194.831 -0.0174279 0.00341246 -11.9084 11.8834 -0.0250107
194.843 -0.017429 0.00341194 -11.9061 11.8811 -0.0250074
194.854 -0.0174296 0.00341156 -11.9038 11.8788 -0.0250035
194.865 -0.0174309 0.00341132 -11.9016 11.8766 -0.0250001
194.876 -0.0174318 0.00341125 -11.8995 11.8745 -0.0249968
194.888 -0.0174327 0.00341108 -11.8973 11.8723 -0.0249931
194.899 -0.0174334 0.00341141 -11.8952 11.8702 -0.0249895
194.91 -0.0174343 0.00341159 -11.8932 11.8682 -0.0249861
194.921 -0.0174349 0.00341137 -11.8911 11.8661 -0.0249823
194.933 -0.0174356 0.00341112 -11.8891 11.8642 -0.0249785
194.944 -0.0174362 0.00341118 -11.8872 11.8622 -0.0249747
194.955 -0.0174368 0.00341092 -11.8853 11.8603 -0.02497
194.966 -0.0174371 0.00341036 -11.8835 11.8585 -0.024965
194.978 -0.0174372 0.00341018 -11.8817 11.8567 -0.0249601
194.989 -0.0174376 0.00341014 -11.8799 11.855 -0.0249547
195 -0.0174378 0.00341023 -11.8782 11.8533 -0.0249491
195.011 -0.0174377 0.0034106 -11.8766 11.8517 -0.0249437
195.022 -0.0174375 0.00341102 -11.875 11.8501 -0.0249382
195.034 -0.0174377 0.00341139 -11.8735 11.8485 -0.0249332
195.045 -0.0174381 0.00341155 -11.872 11.8471 -0.024929
195.056 -0.0174388 0.00341174 -11.8705 11.8456 -0.0249244
195.067 -0.0174394 0.0034117 -11.8691 11.8442 -0.0249204
195.079 -0.0174402 0.00341194 -11.8677 11.8428 -0.0249167
195.09 -0.0174412 0.00341222 -11.8663 11.8414 -0.0249127
195.101 -0.0174419 0.00341218 -11.865 11.8401 -0.0249082
195.112 -0.0174427 0.00341212 -11.8637 11.8388 -0.0249046
195.124 -0.0174436 0.00341169 -11.8624 11.8375 -0.0249008
195.135 -0.017444 0.00341105 -11.8612 11.8363 -0.0248971
195.146 -0.0174445 0.00341023 -11.86 11.8351 -0.0248938
195.157 -0.0174445 0.00340943 -11.8588 11.8339 -0.0248905
195.169 -0.0174453 0.00340883 -11.8577 11.8328 -0.0248867
195.18 -0.0174462 0.00340889 -11.8565 11.8317 -0.0248829
195.191 -0.0174472 0.00340894 -11.8555 11.8306 -0.0248786
195.202 -0.0174478 0.00340905 -11.8544 11.8295 -0.0248751
195.213 -0.0174486 0.00340915 -11.8534 11.8285 -0.0248716
195.225 -0.0174496 0.00340952 -11.8524 11.8275 -0.0248682
195.236 -0.0174502 0.00340992 -11.8514 11.8265 -0.0248645
195.247 -0.0174511 0.00341006 -11.8504 11.8256 -0.0248611
195.258 -0.0174518 0.00341002 -11.8495 11.8247 -0.0248577
195.27 -0.0174528 0.00340994 -11.8486 11.8238 -0.0248538
195.281 -0.0174536 0.00340977 -11.8477 11.8229 -0.0248496
195.292 -0.017454 0.00340988 -11.8469 11.8221 -0.0248451
195.303 -0.0174544 0.00340984 -11.8461 11.8213 -0.0248407
195.315 -0.0174552 0.00340992 -11.8454 11.8206 -0.0248364
195.326 -0.0174557 0.00341002 -11.8447 11.8199 -0.0248314
195.337 -0.0174562 0.00341019 -11.8441 11.8193 -0.0248268
195.348 -0.0174567 0.00340987 -11.8435 11.8187 -0.0248222
195.36 -0.0174575 0.00340963 -11.843 11.8182 -0.0248176
195.371 -0.0174584 0.00340907 -11.8425 11.8177 -0.0248127
195.382 -0.0174595 0.00340864 -11.842 11.8172 -0.0248081
195.393 -0.0174603 0.00340867 -11.8416 11.8168 -0.0248034
195.404 -0.0174613 0.00340873 -11.8412 11.8164 -0.0247985
195.416 -0.0174618 0.00340846 -11.8408 11.816 -0.0247944
195.427 -0.0174624 0.00340806 -11.8405 11.8157 -0.0247894
195.438 -0.0174629 0.00340762 -11.8401 11.8154 -0.024785
195.449 -0.0174629 0.00340741 -11.8399 11.8151 -0.0247805
195.461 -0.0174632 0.00340705 -11.8396 11.8148 -0.0247759
195.472 -0.0174634 0.00340703 -11.8394 11.8146 -0.0247706
195.483 -0.0174637 0.00340679 -11.8392 11.8144 -0.024766
195.494 -0.0174635 0.00340653 -11.839 11.8143 -0.024762
195.506 -0.0174636 0.00340573 -11.8389 11.8141 -0.0247581
195.517 -0.0174636 0.00340488 -11.8387 11.814 -0.0247544
195.528 -0.0174638 0.00340341 -11.8386 11.8138 -0.0247503
195.539 -0.0174646 0.0034028 -11.8384 11.8137 -0.0247455
195.551 -0.0174652 0.00340244 -11.8383 11.8136 -0.0247406
195.562 -0.017466 0.00340186 -11.8382 11.8135 -0.0247349
195.573 -0.0174671 0.00340147 -11.8381 11.8134 -0.0247295
195.584 -0.017468 0.00340105 -11.8381 11.8134 -0.0247242
195.596 -0.0174689 0.0034006 -11.8381 11.8134 -0.0247186
195.607 -0.0174696 0.00340017 -11.8381 11.8134 -0.0247135
195.618 -0.01747 0.00339949 -11.8381 11.8134 -0.0247084
195.629 -0.0174709 0.00339889 -11.8381 11.8134 -0.0247029
195.64 -0.0174713 0.00339832 -11.8382 11.8135 -0.0246979
195.652 -0.0174725 0.0033975 -11.8383 11.8136 -0.0246932
195.663 -0.0174732 0.00339669 -11.8385 11.8138 -0.0246882
195.674 -0.0174742 0.00339584 -11.8386 11.8139 -0.0246833
195.685 -0.0174752 0.00339519 -11.8388 11.8141 -0.0246785
195.697 -0.0174759 0.00339457 -11.839 11.8143 -0.024674
195.708 -0.0174763 0.00339374 -11.8392 11.8146 -0.0246692
195.719 -0.0174771 0.00339336 -11.8395 11.8148 -0.0246648
195.73 -0.0174783 0.00339293 -11.8398 11.8151 -0.0246601
195.742 -0.0174795 0.00339213 -11.8401 11.8154 -0.0246558
195.753 -0.0174804 0.003392 -11.8405 11.8159 -0.0246522
195.764 -0.0174814 0.00339165 -11.8409 11.8162 -0.0246479
195.775 -0.0174825 0.00339168 -11.8412 11.8166 -0.0246437
195.787 -0.0174837 0.00339193 -11.8417 11.817 -0.0246402
195.798 -0.0174849 0.00339231 -11.8421 11.8174 -0.0246363
195.809 -0.0174862 0.00339326 -11.8425 11.8179 -0.0246322
195.82 -0.0174877 0.00339395 -11.843 11.8184 -0.0246284
195.831 -0.017489 0.00339411 -11.8435 11.8189 -0.024625
195.843 -0.0174902 0.00339383 -11.844 11.8194 -0.0246214
195.854 -0.0174912 0.0033939 -11.8445 11.8199 -0.0246176
195.865 -0.0174922 0.00339404 -11.845 11.8204 -0.0246133
195.876 -0.017493 0.0033943 -11.8456 11.8209 -0.024609
195.888 -0.0174933 0.00339437 -11.8461 11.8215 -0.0246054
195.899 -0.0174935 0.003394 -11.8467 11.8221 -0.0246008
195.91 -0.0174936 0.003394 -11.8473 11.8227 -0.0245967
195.921 -0.017494 0.00339388 -11.8479 11.8233 -0.0245926
195.933 -0.0174941 0.00339374 -11.8486 11.824 -0.0245881
195.944 -0.0174942 0.0033938 -11.8492 11.8246 -0.0245837
195.955 -0.0174943 0.00339382 -11.8499 11.8253 -0.0245802
195.966 -0.0174948 0.00339389 -11.8506 11.826 -0.0245763
195.978 -0.0174957 0.00339429 -11.8513 11.8268 -0.0245716
195.989 -0.0174969 0.00339458 -11.8521 11.8276 -0.0245667
196 -0.017498 0.00339419 -11.8529 11.8283 -0.0245619
196.011 -0.017499 0.00339402 -11.8537 11.8292 -0.0245569
196.022 -0.0174997 0.00339409 -11.8546 11.8301 -0.0245521
196.034 -0.0175006 0.00339436 -11.8555 11.8309 -0.0245472
196.045 -0.017501 0.00339445 -11.8564 11.8318 -0.0245429
196.056 -0.0175016 0.00339449 -11.8573 11.8328 -0.0245381
196.067 -0.017502 0.00339446 -11.8582 11.8337 -0.0245331
196.079 -0.0175025 0.00339453 -11.8592 11.8347 -0.0245278
196.09 -0.0175031 0.00339467 -11.8603 11.8357 -0.0245228
196.101 -0.0175035 0.00339518 -11.8613 11.8368 -0.0245181
196.112 -0.0175032 0.00339581 -11.8623 11.8378 -0.0245123
196.124 -0.017503 0.00339624 -11.8634 11.8389 -0.024507
196.135 -0.0175034 0.00339583 -11.8645 11.84 -0.0245014
196.146 -0.0175034 0.00339571 -11.8656 11.8411 -0.0244967
196.157 -0.0175036 0.00339627 -11.8667 11.8422 -0.0244924
196.169 -0.0175034 0.00339637 -11.8678 11.8433 -0.0244873
196.18 -0.0175029 0.00339643 -11.869 11.8445 -0.0244829
196.191 -0.017503 0.00339657 -11.8701 11.8456 -0.0244786
196.202 -0.017503 0.0033969 -11.8712 11.8468 -0.024474
196.213 -0.0175033 0.00339716 -11.8724 11.848 -0.0244693
196.225 -0.0175037 0.00339811 -11.8736 11.8492 -0.024465
196.236 -0.0175042 0.00339883 -11.8748 11.8504 -0.0244609
196.247 -0.0175048 0.00339944 -11.876 11.8516 -0.0244568
196.258 -0.0175054 0.0033999 -11.8773 11.8528 -0.0244524
196.27 -0.0175062 0.00340071 -11.8785 11.8541 -0.0244483
196.281 -0.0175072 0.00340173 -11.8798 11.8554 -0.0244444
196.292 -0.0175082 0.0034021 -11.8811 11.8567 -0.0244401
196.303 -0.017509 0.00340235 -11.8824 11.858 -0.0244359
196.315 -0.0175098 0.00340302 -11.8838 11.8593 -0.0244317
196.326 -0.0175109 0.00340331 -11.8852 11.8607 -0.0244278
196.337 -0.0175116 0.00340385 -11.8865 11.8621 -0.0244235
196.348 -0.0175122 0.00340407 -11.8879 11.8635 -0.0244193
196.36 -0.0175126 0.00340403 -11.8894 11.8649 -0.0244154
196.371 -0.0175128 0.00340393 -11.8908 11.8664 -0.024411
196.382 -0.0175135 0.00340428 -11.8923 11.8679 -0.0244061
196.393 -0.0175141 0.00340425 -11.8938 11.8694 -0.0244017
196.404 -0.0175148 0.00340453 -11.8953 11.8709 -0.0243972
196.416 -0.0175153 0.00340477 -11.8968 11.8724 -0.0243932
196.427 -0.017516 0.00340463 -11.8983 11.8739 -0.0243897
196.438 -0.0175166 0.00340391 -11.8998 11.8754 -0.0243861
196.449 -0.0175168 0.00340343 -11.9014 11.877 -0.0243825
196.461 -0.0175171 0.00340304 -11.9029 11.8785 -0.0243792
196.472 -0.0175165 0.00340262 -11.9044 11.88 -0.024377
196.483 -0.017516 0.00340231 -11.9059 11.8815 -0.0243748
196.494 -0.017516 0.00340199 -11.9074 11.883 -0.0243721
196.506 -0.0175159 0.00340176 -11.9089 11.8845 -0.0243694
196.517 -0.0175156 0.00340141 -11.9104 11.886 -0.0243668
196.528 -0.0175156 0.00340122 -11.9119 11.8876 -0.0243647
196.539 -0.0175158 0.00340102 -11.9134 11.889 -0.0243623
196.551 -0.0175159 0.00340102 -11.9149 11.8905 -0.0243599
196.562 -0.0175162 0.00340076 -11.9164 11.892 -0.0243574
196.573 -0.0175169 0.00340079 -11.9179 11.8935 -0.0243544
196.584 -0.0175178 0.00340054 -11.9194 11.895 -0.0243514
196.596 -0.0175187 0.00340004 -11.9209 11.8965 -0.0243485
196.607 -0.0175194 0.00339974 -11.9224 11.8981 -0.0243455
196.618 -0.0175201 0.00339969 -11.9239 11.8996 -0.0243424
196.629 -0.0175208 0.0033996 -11.9255 11.9011 -0.0243394
196.64 -0.0175212 0.00339975 -11.927 11.9027 -0.0243359
196.652 -0.0175214 0.00340005 -11.9285 11.9042 -0.0243325
196.663 -0.0175218 0.00340026 -11.9301 11.9057 -0.0243289
196.674 -0.0175221 0.00340092 -11.9316 11.9073 -0.0243245
196.685 -0.0175223 0.00340122 -11.9331 11.9088 -0.02432
196.697 -0.0175223 0.00340206 -11.9347 11.9104 -0.0243154
196.708 -0.0175227 0.0034025 -11.9362 11.9119 -0.0243107
196.719 -0.0175226 0.00340328 -11.9378 11.9135 -0.0243057
196.73 -0.0175224 0.0034041 -11.9394 11.9151 -0.0243007
196.742 -0.0175221 0.00340493 -11.941 11.9167 -0.0242954
196.753 -0.0175222 0.00340547 -11.9425 11.9183 -0.0242906
196.764 -0.0175223 0.00340603 -11.9441 11.9198 -0.0242859
196.775 -0.0175219 0.00340644 -11.9457 11.9214 -0.0242813
196.787 -0.0175221 0.00340686 -11.9473 11.923 -0.0242762
196.798 -0.0175219 0.00340721 -11.9489 11.9247 -0.0242722
196.809 -0.0175219 0.00340713 -11.9505 11.9262 -0.0242679
196.82 -0.0175217 0.00340741 -11.9521 11.9278 -0.0242634
196.831 -0.0175216 0.00340759 -11.9537 11.9295 -0.0242595
196.843 -0.0175216 0.00340752 -11.9553 11.9311 -0.0242556
196.854 -0.0175214 0.00340749 -11.9569 11.9326 -0.0242512
196.865 -0.0175213 0.00340758 -11.9585 11.9342 -0.0242472
196.876 -0.0175214 0.00340757 -11.96 11.9358 -0.0242436
196.888 -0.0175218 0.00340773 -11.9616 11.9374 -0.0242397
196.899 -0.0175222 0.00340799 -11.9632 11.939 -0.0242361
196.91 -0.0175225 0.00340798 -11.9648 11.9405 -0.0242324
196.921 -0.0175227 0.00340803 -11.9663 11.9421 -0.0242286
196.933 -0.017523 0.0034081 -11.9679 11.9437 -0.0242248
196.944 -0.0175234 0.00340824 -11.9694 11.9452 -0.024221
196.955 -0.0175234 0.00340818 -11.971 11.9468 -0.0242175
196.966 -0.0175236 0.00340833 -11.9726 11.9484 -0.0242144
196.978 -0.0175239 0.00340833 -11.9741 11.9499 -0.024211
196.989 -0.0175242 0.0034081 -11.9756 11.9514 -0.0242072
197 -0.0175246 0.00340781 -11.9772 11.953 -0.0242039
197.011 -0.0175249 0.00340768 -11.9787 11.9545 -0.0242001
197.022 -0.0175254 0.00340767 -11.9803 11.9561 -0.0241962
197.034 -0.0175255 0.00340766 -11.9819 11.9577 -0.0241926
197.045 -0.0175259 0.00340772 -11.9834 11.9592 -0.0241888
197.056 -0.0175263 0.00340747 -11.985 11.9608 -0.0241847
197.067 -0.0175267 0.00340719 -11.9865 11.9623 -0.0241814
197.079 -0.0175273 0.00340711 -11.9881 11.9639 -0.0241773
197.09 -0.0175279 0.00340696 -11.9896 11.9655 -0.0241735
197.101 -0.0175282 0.00340696 -11.9912 11.967 -0.02417
197.112 -0.0175286 0.00340727 -11.9928 11.9686 -0.0241664
197.124 -0.0175289 0.00340736 -11.9943 11.9702 -0.0241623
197.135 -0.0175295 0.00340724 -11.9959 11.9717 -0.0241587
197.146 -0.0175298 0.0034073 -11.9975 11.9733 -0.0241542
197.157 -0.0175302 0.0034072 -11.999 11.9749 -0.0241501
197.169 -0.0175304 0.00340737 -12.0006 11.9764 -0.024146
197.18 -0.0175306 0.00340772 -12.0022 11.978 -0.0241419
197.191 -0.0175302 0.00340789 -12.0037 11.9796 -0.024138
197.202 -0.0175301 0.0034083 -12.0053 11.9812 -0.0241342
197.213 -0.01753 0.00340859 -12.0069 11.9827 -0.0241299
197.225 -0.0175297 0.00340894 -12.0084 11.9843 -0.0241258
197.236 -0.0175294 0.00340945 -12.01 11.9859 -0.0241216
197.247 -0.0175293 0.0034096 -12.0115 11.9874 -0.0241171
197.258 -0.0175289 0.0034096 -12.0131 11.989 -0.0241127
197.27 -0.0175287 0.00340971 -12.0146 11.9905 -0.0241088
197.281 -0.0175286 0.0034099 -12.0162 11.992 -0.0241046
197.292 -0.0175288 0.00341006 -12.0177 11.9936 -0.0241007
197.303 -0.0175288 0.0034101 -12.0192 11.9951 -0.0240968
197.315 -0.017529 0.00341018 -12.0206 11.9966 -0.0240928
197.326 -0.0175292 0.00340994 -12.0221 11.998 -0.024089
197.337 -0.0175291 0.00340948 -12.0236 11.9995 -0.0240855
197.348 -0.0175288 0.00340889 -12.025 12.001 -0.0240819
197.36 -0.0175284 0.00340835 -12.0265 12.0024 -0.0240779
197.371 -0.017528 0.00340778 -12.0279 12.0038 -0.0240742
197.382 -0.0175278 0.00340707 -12.0293 12.0052 -0.0240704
197.393 -0.0175278 0.00340635 -12.0307 12.0067 -0.0240669
197.404 -0.0175274 0.00340573 -12.0321 12.0081 -0.0240635
197.416 -0.0175274 0.00340496 -12.0335 12.0095 -0.0240596
197.427 -0.0175272 0.0034042 -12.0349 12.0108 -0.0240557
197.438 -0.017527 0.00340361 -12.0363 12.0122 -0.0240521
197.449 -0.0175267 0.00340255 -12.0376 12.0136 -0.0240485
197.461 -0.0175268 0.00340158 -12.039 12.015 -0.024045
197.472 -0.0175266 0.00340081 -12.0404 12.0163 -0.0240411
197.483 -0.0175266 0.00339986 -12.0417 12.0177 -0.0240374
197.494 -0.0175265 0.00339885 -12.0431 12.0191 -0.0240333
197.506 -0.0175263 0.00339808 -12.0445 12.0204 -0.0240296
197.517 -0.0175262 0.00339712 -12.0458 12.0218 -0.0240257
197.528 -0.017526 0.00339615 -12.0472 12.0232 -0.024022
197.539 -0.0175258 0.00339526 -12.0486 12.0245 -0.0240184
197.551 -0.0175256 0.00339431 -12.0499 12.0259 -0.0240144
197.562 -0.0175254 0.0033934 -12.0513 12.0273 -0.0240107
197.573 -0.0175251 0.00339255 -12.0527 12.0286 -0.0240073
197.584 -0.0175246 0.00339198 -12.054 12.03 -0.0240037
197.596 -0.0175241 0.00339111 -12.0554 12.0314 -0.0240006
197.607 -0.0175237 0.00338983 -12.0568 12.0328 -0.0239972
197.618 -0.0175234 0.00338886 -12.0581 12.0341 -0.0239936
197.629 -0.0175231 0.00338787 -12.0595 12.0355 -0.0239903
197.64 -0.0175227 0.00338684 -12.0609 12.0369 -0.0239872
197.652 -0.0175223 0.00338545 -12.0622 12.0382 -0.0239843
197.663 -0.0175222 0.00338424 -12.0635 12.0395 -0.0239816
197.674 -0.0175223 0.00338329 -12.0649 12.0409 -0.0239792
197.685 -0.0175226 0.0033822 -12.0662 12.0422 -0.0239768
197.697 -0.0175229 0.0033813 -12.0675 12.0435 -0.0239743
197.708 -0.017523 0.00338031 -12.0688 12.0448 -0.0239716
197.719 -0.0175232 0.00337931 -12.0701 12.0461 -0.0239688
197.73 -0.0175233 0.00337824 -12.0714 12.0474 -0.0239661
197.742 -0.0175238 0.00337756 -12.0726 12.0487 -0.0239633
197.753 -0.0175247 0.00337727 -12.0739 12.0499 -0.0239601
197.764 -0.017525 0.00337623 -12.0752 12.0512 -0.0239581
197.775 -0.0175251 0.00337534 -12.0764 12.0524 -0.0239563
197.787 -0.0175255 0.00337448 -12.0776 12.0536 -0.0239547
197.798 -0.0175266 0.00337427 -12.0787 12.0548 -0.0239522
197.809 -0.0175277 0.00337369 -12.0799 12.0559 -0.0239502
197.82 -0.0175282 0.00337277 -12.081 12.057 -0.0239487
197.831 -0.0175288 0.00337193 -12.0821 12.0581 -0.0239473
197.843 -0.0175299 0.00337165 -12.0831 12.0592 -0.0239452
197.854 -0.0175306 0.003371 -12.0842 12.0602 -0.0239431
197.865 -0.0175313 0.00337099 -12.0852 12.0613 -0.0239408
197.876 -0.0175312 0.00337156 -12.0862 12.0622 -0.0239375
197.888 -0.0175307 0.00337176 -12.0871 12.0632 -0.0239345
197.899 -0.0175303 0.00337221 -12.0881 12.0642 -0.0239313
197.91 -0.01753 0.00337308 -12.0891 12.0652 -0.0239285
197.921 -0.01753 0.00337258 -12.09 12.0661 -0.0239269
197.933 -0.0175297 0.0033729 -12.091 12.067 -0.0239246
197.944 -0.0175297 0.00337354 -12.0918 12.0679 -0.0239221
197.955 -0.0175291 0.00337391 -12.0927 12.0688 -0.0239202
197.966 -0.0175286 0.00337435 -12.0935 12.0696 -0.0239186
197.978 -0.0175283 0.00337539 -12.0943 12.0704 -0.0239164
197.989 -0.0175281 0.00337608 -12.0951 12.0712 -0.0239141
198 -0.0175276 0.00337662 -12.0959 12.072 -0.0239127
198.011 -0.0175272 0.00337707 -12.0966 12.0727 -0.0239111
198.022 -0.0175267 0.00337783 -12.0973 12.0734 -0.0239096
198.034 -0.0175263 0.00337862 -12.0979 12.074 -0.0239079
198.045 -0.0175258 0.00337951 -12.0985 12.0746 -0.023906
198.056 -0.0175256 0.00338038 -12.0991 12.0752 -0.0239042
198.067 -0.0175247 0.00338061 -12.0998 12.0759 -0.0239023
198.079 -0.0175243 0.00338165 -12.1003 12.0764 -0.0239005
198.09 -0.0175236 0.00338244 -12.1008 12.0769 -0.0238986
198.101 -0.0175234 0.00338367 -12.1013 12.0774 -0.0238965
198.112 -0.0175231 0.00338498 -12.1018 12.0779 -0.0238945
198.124 -0.0175225 0.00338617 -12.1022 12.0783 -0.023892
198.135 -0.0175213 0.00338693 -12.1026 12.0788 -0.0238895
198.146 -0.017521 0.00338825 -12.103 12.0791 -0.0238872
198.157 -0.0175207 0.00338882 -12.1034 12.0795 -0.0238838
198.169 -0.0175204 0.00338949 -12.1038 12.0799 -0.0238804
198.18 -0.0175205 0.00339011 -12.1041 12.0802 -0.023877
198.191 -0.0175199 0.00339035 -12.1045 12.0806 -0.0238732
198.202 -0.0175201 0.00339052 -12.1048 12.0809 -0.0238695
198.213 -0.0175197 0.00339031 -12.1051 12.0812 -0.0238658
198.225 -0.0175194 0.00338997 -12.1054 12.0816 -0.0238619
198.236 -0.0175196 0.00339032 -12.1057 12.0819 -0.0238582
198.247 -0.0175191 0.0033901 -12.106 12.0822 -0.0238543
198.258 -0.0175188 0.00339035 -12.1063 12.0825 -0.0238505
198.27 -0.0175182 0.00339037 -12.1066 12.0828 -0.0238469
198.281 -0.0175175 0.00339126 -12.1069 12.083 -0.0238434
198.292 -0.0175166 0.00339157 -12.1071 12.0833 -0.0238402
198.303 -0.0175154 0.00339173 -12.1074 12.0835 -0.0238368
198.315 -0.0175142 0.00339154 -12.1076 12.0837 -0.0238335
198.326 -0.0175129 0.00339178 -12.1078 12.0839 -0.0238305
198.337 -0.0175118 0.00339199 -12.1079 12.0841 -0.0238272
198.348 -0.017511 0.00339247 -12.1081 12.0843 -0.0238237
198.36 -0.0175096 0.00339287 -12.1083 12.0845 -0.0238201
198.371 -0.0175083 0.00339337 -12.1085 12.0846 -0.0238164
198.382 -0.0175067 0.00339373 -12.1086 12.0848 -0.023813
198.393 -0.0175053 0.00339422 -12.1087 12.0849 -0.0238094
198.404 -0.0175036 0.00339465 -12.1088 12.085 -0.0238058
198.416 -0.0175019 0.00339507 -12.1089 12.0851 -0.0238021
198.427 -0.0175 0.00339577 -12.109 12.0852 -0.0237986
198.438 -0.0174982 0.00339625 -12.1091 12.0853 -0.0237951
198.449 -0.0174966 0.00339675 -12.1092 12.0854 -0.023792
198.461 -0.0174951 0.00339724 -12.1092 12.0855 -0.0237882
198.472 -0.0174939 0.00339791 -12.1093 12.0855 -0.0237844
198.483 -0.017493 0.00339829 -12.1093 12.0855 -0.0237814
198.494 -0.0174924 0.00339879 -12.1093 12.0855 -0.0237781
198.506 -0.0174913 0.00339919 -12.1093 12.0855 -0.0237748
198.517 -0.0174899 0.00339908 -12.1092 12.0855 -0.0237722
198.528 -0.0174888 0.00339977 -12.1092 12.0854 -0.0237684
198.539 -0.017488 0.00339977 -12.1091 12.0853 -0.0237656
198.551 -0.0174873 0.00340068 -12.109 12.0852 -0.0237623
198.562 -0.0174863 0.00340146 -12.1088 12.0851 -0.023759
198.573 -0.0174851 0.00340246 -12.1087 12.085 -0.0237555
198.584 -0.0174839 0.00340354 -12.1086 12.0848 -0.0237521
198.596 -0.017483 0.00340406 -12.1084 12.0847 -0.0237485
198.607 -0.0174822 0.00340453 -12.1082 12.0845 -0.0237449
198.618 -0.017481 0.00340502 -12.1081 12.0843 -0.0237418
198.629 -0.0174804 0.00340519 -12.1078 12.0841 -0.0237383
198.64 -0.0174791 0.00340508 -12.1076 12.0839 -0.0237343
198.652 -0.0174783 0.00340501 -12.1074 12.0837 -0.0237314
198.663 -0.017477 0.00340503 -12.1072 12.0834 -0.0237273
198.674 -0.0174754 0.00340524 -12.1069 12.0832 -0.0237229
198.685 -0.0174737 0.00340591 -12.1067 12.083 -0.0237187
198.697 -0.0174728 0.0034063 -12.1064 12.0827 -0.0237144
198.708 -0.0174717 0.00340663 -12.1061 12.0824 -0.0237103
198.719 -0.0174702 0.00340678 -12.1059 12.0822 -0.0237071
198.73 -0.0174696 0.00340676 -12.1056 12.0819 -0.0237034
198.742 -0.0174681 0.00340639 -12.1053 12.0816 -0.0237001
198.753 -0.0174666 0.00340653 -12.105 12.0813 -0.0236972
198.764 -0.0174652 0.00340625 -12.1047 12.081 -0.0236938
198.775 -0.017464 0.00340577 -12.1044 12.0807 -0.0236905
198.787 -0.017463 0.00340537 -12.104 12.0803 -0.0236877
198.798 -0.0174622 0.00340476 -12.1037 12.08 -0.0236843
198.809 -0.017462 0.00340428 -12.1033 12.0796 -0.0236812
198.82 -0.0174619 0.00340379 -12.1029 12.0793 -0.0236783
198.831 -0.0174619 0.00340331 -12.1026 12.0789 -0.023675
198.843 -0.0174617 0.0034031 -12.1022 12.0785 -0.023672
198.854 -0.0174619 0.00340266 -12.1018 12.0782 -0.0236693
198.865 -0.0174624 0.00340282 -12.1014 12.0778 -0.0236659
198.876 -0.0174624 0.00340235 -12.1011 12.0774 -0.0236633
198.888 -0.0174625 0.00340244 -12.1007 12.077 -0.0236602
198.899 -0.0174624 0.00340222 -12.1003 12.0766 -0.0236571
198.91 -0.0174624 0.00340189 -12.0999 12.0762 -0.0236541
198.921 -0.0174627 0.00340117 -12.0995 12.0758 -0.0236512
198.933 -0.0174625 0.00340081 -12.0991 12.0755 -0.0236478
198.944 -0.0174628 0.00340088 -12.0987 12.0751 -0.0236441
198.955 -0.0174631 0.00340069 -12.0983 12.0747 -0.0236408
198.966 -0.0174628 0.00340051 -12.098 12.0743 -0.0236377
198.978 -0.0174625 0.00340008 -12.0976 12.0739 -0.0236347
198.989 -0.0174624 0.00340052 -12.0972 12.0736 -0.0236315
199 -0.0174619 0.00340049 -12.0968 12.0732 -0.0236292
199.011 -0.0174617 0.00340147 -12.0964 12.0728 -0.0236262
199.022 -0.0174615 0.00340135 -12.096 12.0724 -0.0236241
199.034 -0.0174612 0.00340176 -12.0956 12.072 -0.0236217
199.045 -0.0174616 0.00340207 -12.0952 12.0715 -0.0236189
199.056 -0.0174615 0.00340202 -12.0947 12.0711 -0.0236167
199.067 -0.0174615 0.00340264 -12.0943 12.0707 -0.0236136
199.079 -0.0174614 0.00340278 -12.0939 12.0703 -0.0236119
199.09 -0.0174618 0.00340328 -12.0934 12.0698 -0.0236101
199.101 -0.0174612 0.00340336 -12.0929 12.0693 -0.0236092
199.112 -0.0174616 0.00340354 -12.0925 12.0688 -0.0236081
199.124 -0.0174612 0.00340463 -12.0919 12.0683 -0.0236069
199.135 -0.0174607 0.00340524 -12.0914 12.0678 -0.0236058
199.146 -0.0174602 0.00340598 -12.0909 12.0673 -0.0236049
199.157 -0.0174596 0.00340678 -12.0903 12.0667 -0.0236027
199.169 -0.0174589 0.00340755 -12.0898 12.0662 -0.0236004
199.18 -0.0174578 0.00340799 -12.0892 12.0656 -0.0235982
199.191 -0.0174568 0.00340912 -12.0887 12.0651 -0.0235963
199.202 -0.0174558 0.00340982 -12.0881 12.0645 -0.0235941
199.213 -0.017455 0.00341057 -12.0875 12.064 -0.0235917
199.225 -0.0174547 0.00341103 -12.087 12.0634 -0.023588
199.236 -0.0174541 0.00341189 -12.0864 12.0629 -0.0235847
199.247 -0.0174534 0.0034131 -12.0859 12.0623 -0.0235811
199.258 -0.0174525 0.00341409 -12.0854 12.0618 -0.0235776
199.27 -0.0174516 0.00341508 -12.0849 12.0613 -0.023573
199.281 -0.0174506 0.00341597 -12.0844 12.0608 -0.0235695
199.292 -0.0174493 0.00341645 -12.0839 12.0603 -0.0235661
199.303 -0.0174482 0.0034172 -12.0834 12.0598 -0.0235624
199.315 -0.0174469 0.00341818 -12.0829 12.0593 -0.0235586
199.326 -0.0174458 0.00341917 -12.0824 12.0589 -0.0235551
199.337 -0.0174445 0.00342061 -12.0819 12.0584 -0.0235513
199.348 -0.0174435 0.00342172 -12.0814 12.0579 -0.0235477
199.36 -0.0174425 0.00342276 -12.0809 12.0574 -0.023544
199.371 -0.0174413 0.00342381 -12.0804 12.0568 -0.0235407
199.382 -0.0174393 0.00342467 -12.0799 12.0563 -0.0235369
199.393 -0.0174378 0.00342529 -12.0794 12.0558 -0.0235339
199.404 -0.0174365 0.00342634 -12.0788 12.0553 -0.0235302
199.416 -0.0174351 0.00342712 -12.0783 12.0547 -0.0235269
199.427 -0.0174337 0.00342765 -12.0777 12.0542 -0.0235243
199.438 -0.0174319 0.00342839 -12.0772 12.0536 -0.023521
199.449 -0.0174301 0.00342842 -12.0766 12.0531 -0.0235179
199.461 -0.0174286 0.00342857 -12.076 12.0525 -0.0235154
199.472 -0.0174276 0.00342904 -12.0754 12.0519 -0.0235125
199.483 -0.0174262 0.00342911 -12.0748 12.0513 -0.0235094
199.494 -0.0174253 0.00342964 -12.0742 12.0507 -0.0235069
199.506 -0.0174242 0.00342959 -12.0735 12.05 -0.0235038
199.517 -0.0174236 0.00342991 -12.0729 12.0494 -0.0235001
199.528 -0.0174226 0.00343029 -12.0722 12.0487 -0.0234965
199.539 -0.0174224 0.0034309 -12.0715 12.0481 -0.0234928
199.551 -0.0174216 0.00343124 -12.0709 12.0474 -0.0234892
199.562 -0.0174214 0.00343173 -12.0702 12.0468 -0.0234865
199.573 -0.0174208 0.00343184 -12.0696 12.0461 -0.0234833
199.584 -0.0174206 0.00343204 -12.0689 12.0454 -0.0234799
199.596 -0.0174195 0.00343213 -12.0682 12.0447 -0.0234761
199.607 -0.0174187 0.00343265 -12.0675 12.0441 -0.0234718
199.618 -0.017417 0.00343266 -12.0669 12.0434 -0.0234671
199.629 -0.0174162 0.00343302 -12.0662 12.0428 -0.023463
199.64 -0.0174146 0.00343333 -12.0655 12.0421 -0.0234581
199.652 -0.0174144 0.00343419 -12.0649 12.0414 -0.0234543
199.663 -0.0174137 0.00343403 -12.0642 12.0408 -0.0234505
199.674 -0.017413 0.00343371 -12.0636 12.0401 -0.0234466
199.685 -0.0174128 0.00343367 -12.0629 12.0395 -0.023443
199.697 -0.0174123 0.00343399 -12.0623 12.0388 -0.0234398
199.708 -0.0174116 0.00343364 -12.0616 12.0381 -0.0234359
199.719 -0.0174108 0.00343369 -12.0609 12.0375 -0.0234322
199.73 -0.0174102 0.00343396 -12.0603 12.0368 -0.0234284
199.742 -0.0174092 0.00343401 -12.0596 12.0362 -0.0234242
199.753 -0.0174085 0.00343381 -12.0589 12.0355 -0.02342
199.764 -0.0174078 0.00343371 -12.0583 12.0349 -0.0234161
199.775 -0.0174075 0.00343381 -12.0576 12.0342 -0.0234117
199.787 -0.0174069 0.00343368 -12.057 12.0336 -0.0234075
199.798 -0.0174061 0.0034338 -12.0564 12.033 -0.0234033
199.809 -0.0174061 0.00343332 -12.0558 12.0324 -0.0233988
199.82 -0.0174057 0.00343342 -12.0552 12.0318 -0.0233947
199.831 -0.0174054 0.00343341 -12.0545 12.0312 -0.0233905
199.843 -0.0174052 0.00343371 -12.0539 12.0306 -0.0233861
199.854 -0.0174048 0.00343362 -12.0533 12.03 -0.023382
199.865 -0.0174042 0.00343373 -12.0528 12.0294 -0.0233786
199.876 -0.017404 0.00343328 -12.0522 12.0288 -0.0233746
199.888 -0.0174039 0.00343335 -12.0516 12.0283 -0.0233711
199.899 -0.0174038 0.00343331 -12.0511 12.0277 -0.0233673
199.91 -0.0174037 0.00343312 -12.0505 12.0271 -0.0233634
199.921 -0.0174035 0.00343305 -12.0499 12.0266 -0.0233595
199.933 -0.0174036 0.00343283 -12.0494 12.026 -0.0233559
199.944 -0.0174034 0.003433 -12.0488 12.0255 -0.0233518
199.955 -0.0174031 0.0034332 -12.0483 12.025 -0.0233483
199.966 -0.0174025 0.00343315 -12.0478 12.0244 -0.0233444
199.978 -0.0174022 0.00343326 -12.0472 12.0239 -0.0233404
199.989 -0.0174021 0.00343303 -12.0467 12.0234 -0.023337
200 -0.0174019 0.00343261 -12.0462 12.0229 -0.0233336
200.011 -0.0174017 0.00343197 -12.0457 12.0223 -0.0233303
200.022 -0.0174015 0.00343144 -12.0451 12.0218 -0.023327
200.034 -0.0174013 0.00343057 -12.0446 12.0213 -0.023324
200.045 -0.0174012 0.00342989 -12.0441 12.0208 -0.0233208
200.056 -0.0174009 0.00342954 -12.0436 12.0203 -0.0233178
200.067 -0.0174005 0.00342991 -12.0431 12.0197 -0.0233146
200.079 -0.0173998 0.00343063 -12.0425 12.0192 -0.0233109
200.09 -0.0173988 0.00343094 -12.0421 12.0188 -0.0233077
200.101 -0.017398 0.0034318 -12.0416 12.0183 -0.0233042
200.112 -0.0173968 0.00343231 -12.0411 12.0178 -0.0233011
200.124 -0.0173953 0.00343283 -12.0407 12.0174 -0.023297
200.135 -0.0173938 0.00343302 -12.0403 12.017 -0.0232938
200.146 -0.0173924 0.00343362 -12.0398 12.0165 -0.0232897
200.157 -0.017391 0.00343374 -12.0394 12.0161 -0.0232858
200.169 -0.0173896 0.00343404 -12.039 12.0157 -0.0232816
200.18 -0.0173888 0.00343418 -12.0386 12.0154 -0.0232771
200.191 -0.0173876 0.0034345 -12.0383 12.015 -0.0232727
200.202 -0.017386 0.00343474 -12.038 12.0147 -0.0232684
200.213 -0.0173848 0.00343509 -12.0376 12.0144 -0.0232639
200.225 -0.0173838 0.00343529 -12.0373 12.0141 -0.0232593
200.236 -0.0173829 0.00343531 -12.0371 12.0138 -0.0232552
200.247 -0.0173819 0.00343597 -12.0368 12.0136 -0.0232509
200.258 -0.0173807 0.0034371 -12.0366 12.0133 -0.0232464
200.27 -0.0173797 0.00343744 -12.0363 12.0131 -0.0232419
200.281 -0.0173786 0.00343792 -12.0361 12.0128 -0.0232377
200.292 -0.0173771 0.00343836 -12.0359 12.0126 -0.0232335
200.303 -0.0173758 0.003439 -12.0357 12.0124 -0.0232288
200.315 -0.0173745 0.00343918 -12.0355 12.0122 -0.0232243
200.326 -0.0173732 0.00343923 -12.0353 12.0121 -0.0232199
200.337 -0.0173718 0.00343947 -12.0351 12.0119 -0.0232156
200.348 -0.0173701 0.00343979 -12.0349 12.0117 -0.0232112
200.36 -0.0173684 0.00343991 -12.0347 12.0115 -0.0232068
200.371 -0.0173667 0.00344008 -12.0345 12.0113 -0.0232028
200.382 -0.017365 0.00344035 -12.0343 12.0111 -0.0231988
200.393 -0.0173631 0.00344079 -12.0341 12.0109 -0.0231945
200.404 -0.0173614 0.00344133 -12.034 12.0108 -0.0231906
200.416 -0.0173601 0.00344164 -12.0338 12.0106 -0.0231864
200.427 -0.0173592 0.0034411 -12.0336 12.0104 -0.0231829
200.438 -0.0173582 0.00344076 -12.0334 12.0102 -0.0231797
200.449 -0.0173572 0.00344057 -12.0332 12.01 -0.0231762
200.461 -0.0173561 0.00344049 -12.0329 12.0098 -0.0231726
200.472 -0.0173549 0.00344045 -12.0327 12.0095 -0.0231695
200.483 -0.0173539 0.00344021 -12.0325 12.0093 -0.0231659
200.494 -0.0173531 0.00343966 -12.0322 12.0091 -0.0231629
200.506 -0.0173519 0.00343944 -12.032 12.0088 -0.0231594
200.517 -0.0173508 0.00343896 -12.0317 12.0086 -0.0231555
200.528 -0.0173494 0.00343875 -12.0314 12.0083 -0.0231515
200.539 -0.0173477 0.00343881 -12.0312 12.008 -0.0231474
200.551 -0.0173464 0.00343891 -12.0309 12.0078 -0.0231427
200.562 -0.0173444 0.00343902 -12.0307 12.0076 -0.0231379
200.573 -0.0173425 0.00343878 -12.0305 12.0073 -0.0231335
200.584 -0.0173416 0.00343879 -12.0302 12.0071 -0.0231285
200.596 -0.0173407 0.00343883 -12.03 12.0069 -0.0231236
200.607 -0.0173392 0.00343862 -12.0298 12.0066 -0.023119
200.618 -0.0173382 0.00343827 -12.0295 12.0064 -0.0231148
200.629 -0.0173376 0.00343793 -12.0293 12.0062 -0.0231112
200.64 -0.0173364 0.00343764 -12.029 12.0059 -0.0231071
200.652 -0.0173354 0.00343662 -12.0288 12.0057 -0.0231036
200.663 -0.0173343 0.00343618 -12.0285 12.0054 -0.0230999
200.674 -0.0173338 0.00343556 -12.0282 12.0051 -0.0230965
200.685 -0.0173327 0.0034354 -12.0279 12.0049 -0.0230926
200.697 -0.0173316 0.00343516 -12.0276 12.0046 -0.0230889
200.708 -0.0173308 0.00343487 -12.0274 12.0043 -0.0230858
200.719 -0.0173301 0.00343434 -12.027 12.004 -0.0230823
200.73 -0.0173295 0.00343464 -12.0267 12.0036 -0.0230793
200.742 -0.0173285 0.0034341 -12.0264 12.0033 -0.0230759
200.753 -0.0173281 0.00343421 -12.0261 12.003 -0.0230719
200.764 -0.0173278 0.00343391 -12.0257 12.0026 -0.0230674
200.775 -0.0173273 0.00343394 -12.0254 12.0023 -0.0230627
200.787 -0.017327 0.00343395 -12.0251 12.002 -0.0230582
200.798 -0.0173264 0.00343435 -12.0247 12.0017 -0.0230536
200.809 -0.0173258 0.00343442 -12.0244 12.0014 -0.0230496
200.82 -0.0173258 0.00343465 -12.0241 12.0011 -0.0230455
200.831 -0.0173251 0.00343433 -12.0238 12.0007 -0.0230415
200.843 -0.0173246 0.00343447 -12.0235 12.0004 -0.0230376
200.854 -0.0173239 0.00343465 -12.0231 12.0001 -0.0230338
200.865 -0.0173235 0.00343476 -12.0228 11.9998 -0.0230303
200.876 -0.0173231 0.00343446 -12.0225 11.9995 -0.0230266
200.888 -0.0173228 0.00343421 -12.0222 11.9992 -0.0230227
200.899 -0.0173223 0.00343374 -12.0218 11.9988 -0.0230186
200.91 -0.0173219 0.00343377 -12.0215 11.9985 -0.0230148
200.921 -0.0173211 0.00343332 -12.0212 11.9982 -0.0230103
200.933 -0.0173203 0.00343329 -12.0209 11.9978 -0.0230065
200.944 -0.0173197 0.00343298 -12.0205 11.9975 -0.0230026
200.955 -0.01732 0.00343344 -12.0202 11.9972 -0.0229986
200.966 -0.0173197 0.00343349 -12.0199 11.9969 -0.0229946
200.978 -0.0173195 0.00343325 -12.0196 11.9966 -0.0229913
200.989 -0.0173196 0.00343316 -12.0192 11.9962 -0.0229878
201 -0.0173195 0.00343314 -12.0189 11.9959 -0.0229843
201.011 -0.0173192 0.00343302 -12.0185 11.9956 -0.022981
201.022 -0.0173193 0.00343305 -12.0182 11.9952 -0.0229772
201.034 -0.0173187 0.0034336 -12.0179 11.9949 -0.0229726
201.045 -0.0173179 0.00343415 -12.0176 11.9946 -0.0229686
201.056 -0.0173174 0.00343471 -12.0172 11.9943 -0.0229643
201.067 -0.0173163 0.00343555 -12.0169 11.994 -0.0229601
201.079 -0.0173151 0.00343634 -12.0166 11.9937 -0.0229565
201.09 -0.017314 0.00343735 -12.0163 11.9933 -0.0229525
201.101 -0.0173132 0.00343813 -12.016 11.993 -0.0229485
201.112 -0.0173122 0.00343894 -12.0156 11.9927 -0.0229451
201.124 -0.0173111 0.00343995 -12.0153 11.9924 -0.0229413
201.135 -0.01731 0.00344104 -12.015 11.992 -0.0229376
201.146 -0.0173088 0.00344213 -12.0146 11.9917 -0.0229342
201.157 -0.0173077 0.00344261 -12.0143 11.9913 -0.022931
201.169 -0.0173063 0.00344302 -12.0139 11.9909 -0.0229278
201.18 -0.0173052 0.00344364 -12.0135 11.9905 -0.022924
201.191 -0.0173039 0.00344383 -12.0131 11.9902 -0.0229201
201.202 -0.0173026 0.00344423 -12.0127 11.9898 -0.022916
201.213 -0.017301 0.00344486 -12.0123 11.9894 -0.0229118
201.225 -0.0173001 0.00344512 -12.0118 11.9889 -0.022907
201.236 -0.0172982 0.00344541 -12.0114 11.9885 -0.0229023
201.247 -0.0172968 0.00344606 -12.011 11.9881 -0.0228978
201.258 -0.0172956 0.00344649 -12.0106 11.9877 -0.0228935
201.27 -0.0172942 0.00344711 -12.0101 11.9872 -0.0228888
201.281 -0.0172928 0.00344764 -12.0097 11.9868 -0.0228848
201.292 -0.0172913 0.00344754 -12.0092 11.9864 -0.0228808
201.303 -0.01729 0.00344801 -12.0088 11.9859 -0.0228767
201.315 -0.0172884 0.00344828 -12.0083 11.9854 -0.0228732
201.326 -0.0172864 0.00344848 -12.0078 11.9849 -0.0228693
201.337 -0.0172843 0.00344894 -12.0072 11.9844 -0.0228653
201.348 -0.0172822 0.00344943 -12.0067 11.9838 -0.0228616
201.36 -0.0172801 0.00344984 -12.0061 11.9833 -0.0228578
201.371 -0.0172782 0.0034502 -12.0055 11.9827 -0.0228541
201.382 -0.0172759 0.0034506 -12.0049 11.9821 -0.0228511
201.393 -0.0172741 0.00345084 -12.0043 11.9815 -0.0228477
201.404 -0.0172718 0.00345124 -12.0037 11.9808 -0.0228444
201.416 -0.0172694 0.00345148 -12.003 11.9802 -0.0228413
201.427 -0.0172671 0.00345187 -12.0023 11.9795 -0.0228374
201.438 -0.0172653 0.00345222 -12.0016 11.9788 -0.0228342
201.449 -0.0172637 0.00345224 -12.0009 11.978 -0.0228318
201.461 -0.0172622 0.00345172 -12.0001 11.9772 -0.0228284
201.472 -0.0172601 0.0034516 -11.9993 11.9764 -0.0228244
201.483 -0.0172582 0.00345143 -11.9984 11.9756 -0.0228209
201.494 -0.0172566 0.00345137 -11.9976 11.9748 -0.0228172
201.506 -0.0172549 0.00345098 -11.9967 11.9739 -0.0228131
201.517 -0.0172532 0.00345057 -11.9958 11.973 -0.0228098
201.528 -0.0172519 0.00344975 -11.9949 11.9721 -0.022806
201.539 -0.0172503 0.00344877 -11.994 11.9712 -0.0228024
201.551 -0.0172485 0.00344818 -11.993 11.9702 -0.0227985
201.562 -0.0172465 0.00344755 -11.9921 11.9693 -0.0227943
201.573 -0.0172447 0.00344728 -11.9911 11.9683 -0.0227902
201.584 -0.0172426 0.00344698 -11.9901 11.9673 -0.0227861
201.596 -0.0172403 0.00344699 -11.9891 11.9663 -0.0227814
201.607 -0.0172387 0.00344699 -11.9881 11.9653 -0.0227779
201.618 -0.0172375 0.00344673 -11.9871 11.9643 -0.0227745
201.629 -0.0172357 0.00344668 -11.986 11.9632 -0.0227713
201.64 -0.0172343 0.0034465 -11.9849 11.9622 -0.0227679
201.652 -0.0172331 0.00344602 -11.9838 11.9611 -0.0227653
201.663 -0.0172317 0.00344539 -11.9827 11.9599 -0.0227622
201.674 -0.0172308 0.00344481 -11.9816 11.9588 -0.0227595
201.685 -0.0172299 0.00344413 -11.9804 11.9577 -0.0227568
201.697 -0.0172292 0.00344338 -11.9792 11.9565 -0.0227537
201.708 -0.017228 0.00344263 -11.978 11.9553 -0.0227508
201.719 -0.0172267 0.00344247 -11.9768 11.9541 -0.0227477
201.73 -0.0172256 0.00344218 -11.9756 11.9528 -0.0227437
201.742 -0.0172245 0.00344245 -11.9743 11.9516 -0.0227404
201.753 -0.0172234 0.00344226 -11.9731 11.9503 -0.0227367
201.764 -0.0172224 0.00344215 -11.9718 11.9491 -0.0227324
201.775 -0.0172209 0.00344198 -11.9705 11.9478 -0.0227282
201.787 -0.0172199 0.00344157 -11.9693 11.9465 -0.0227241
201.798 -0.0172189 0.00344126 -11.968 11.9452 -0.02272
201.809 -0.017218 0.00344098 -11.9666 11.9439 -0.0227156
201.82 -0.0172172 0.00344081 -11.9653 11.9426 -0.0227115
201.831 -0.0172167 0.0034409 -11.964 11.9413 -0.0227073
201.843 -0.0172159 0.00344123 -11.9627 11.94 -0.022703
201.854 -0.017215 0.00344172 -11.9614 11.9387 -0.0226992
201.865 -0.0172139 0.00344226 -11.96 11.9373 -0.0226946
201.876 -0.0172134 0.00344246 -11.9587 11.936 -0.0226907
201.888 -0.0172132 0.00344265 -11.9574 11.9347 -0.0226867
201.899 -0.017213 0.00344251 -11.956 11.9333 -0.0226822
201.91 -0.0172125 0.00344266 -11.9547 11.932 -0.0226784
201.921 -0.0172123 0.00344286 -11.9533 11.9306 -0.0226743
201.933 -0.0172123 0.00344292 -11.9519 11.9293 -0.0226702
201.944 -0.0172121 0.00344291 -11.9506 11.9279 -0.0226658
201.955 -0.017212 0.00344322 -11.9492 11.9266 -0.0226616
201.966 -0.017212 0.00344338 -11.9479 11.9252 -0.0226572
201.978 -0.0172118 0.00344367 -11.9465 11.9238 -0.0226528
201.989 -0.0172114 0.00344406 -11.9451 11.9225 -0.0226483
202 -0.0172111 0.00344466 -11.9437 11.9211 -0.0226439
202.011 -0.017211 0.00344457 -11.9424 11.9197 -0.0226399
202.022 -0.0172109 0.00344415 -11.941 11.9184 -0.022636
202.034 -0.017211 0.00344378 -11.9396 11.917 -0.0226316
202.045 -0.0172105 0.00344347 -11.9382 11.9156 -0.0226275
202.056 -0.0172103 0.00344321 -11.9368 11.9142 -0.0226239
202.067 -0.0172097 0.00344269 -11.9354 11.9128 -0.0226193
202.079 -0.0172086 0.00344249 -11.934 11.9114 -0.0226146
202.09 -0.0172075 0.00344217 -11.9326 11.91 -0.0226103
202.101 -0.0172063 0.00344202 -11.9312 11.9086 -0.0226056
202.112 -0.0172052 0.00344206 -11.9298 11.9072 -0.0226009
202.124 -0.017204 0.00344245 -11.9284 11.9058 -0.0225964
202.135 -0.0172028 0.00344275 -11.9269 11.9043 -0.0225914
202.146 -0.0172017 0.00344308 -11.9255 11.9029 -0.0225866
202.157 -0.0172005 0.00344337 -11.9241 11.9015 -0.0225824
202.169 -0.0171998 0.003444 -11.9227 11.9001 -0.0225777
202.18 -0.0171987 0.00344475 -11.9212 11.8987 -0.0225732
202.191 -0.0171975 0.00344547 -11.9198 11.8972 -0.022569
202.202 -0.0171966 0.00344615 -11.9184 11.8958 -0.0225644
202.213 -0.0171953 0.00344686 -11.9169 11.8944 -0.0225599
202.225 -0.0171936 0.00344772 -11.9155 11.8929 -0.0225554
202.236 -0.0171922 0.00344851 -11.914 11.8915 -0.0225502
202.247 -0.017191 0.00344918 -11.9126 11.89 -0.0225452
202.258 -0.0171899 0.00344971 -11.9111 11.8886 -0.0225409
202.27 -0.0171888 0.0034499 -11.9096 11.8871 -0.0225359
202.281 -0.0171872 0.0034507 -11.9081 11.8856 -0.0225313
202.292 -0.0171859 0.0034518 -11.9067 11.8842 -0.0225268
202.303 -0.0171846 0.0034523 -11.9052 11.8827 -0.0225218
202.315 -0.0171834 0.00345302 -11.9037 11.8812 -0.022517
202.326 -0.0171822 0.00345356 -11.9022 11.8797 -0.0225131
202.337 -0.0171809 0.00345368 -11.9007 11.8782 -0.022508
202.348 -0.0171793 0.00345383 -11.8992 11.8767 -0.0225039
202.36 -0.0171777 0.00345391 -11.8977 11.8752 -0.0225
202.371 -0.0171764 0.0034539 -11.8961 11.8736 -0.0224956
202.382 -0.017175 0.00345388 -11.8946 11.8721 -0.0224912
202.393 -0.0171735 0.00345373 -11.893 11.8705 -0.0224871
202.404 -0.0171722 0.00345378 -11.8915 11.869 -0.0224826
202.416 -0.0171707 0.00345382 -11.8899 11.8674 -0.0224784
202.427 -0.0171693 0.00345381 -11.8883 11.8658 -0.022474
202.438 -0.017168 0.00345371 -11.8867 11.8643 -0.0224694
202.449 -0.0171664 0.00345395 -11.8852 11.8627 -0.0224647
202.461 -0.0171648 0.00345391 -11.8836 11.8612 -0.0224604
202.472 -0.0171633 0.00345399 -11.882 11.8596 -0.0224558
202.483 -0.0171619 0.0034539 -11.8805 11.858 -0.0224514
202.494 -0.0171606 0.00345426 -11.8789 11.8565 -0.0224474
202.506 -0.0171595 0.00345434 -11.8773 11.8549 -0.0224431
202.517 -0.0171581 0.00345483 -11.8758 11.8533 -0.0224385
202.528 -0.0171568 0.00345474 -11.8742 11.8517 -0.0224343
202.539 -0.0171554 0.00345504 -11.8726 11.8502 -0.0224292
202.551 -0.017154 0.00345514 -11.871 11.8486 -0.0224246
202.562 -0.017153 0.00345525 -11.8694 11.847 -0.02242
202.573 -0.0171517 0.00345522 -11.8679 11.8454 -0.0224155
202.584 -0.0171505 0.00345546 -11.8663 11.8439 -0.0224104
202.596 -0.017149 0.00345535 -11.8647 11.8423 -0.0224061
202.607 -0.0171479 0.00345526 -11.8631 11.8407 -0.022401
202.618 -0.017147 0.00345483 -11.8616 11.8392 -0.0223964
202.629 -0.0171465 0.00345439 -11.86 11.8376 -0.022392
202.64 -0.0171457 0.00345401 -11.8584 11.836 -0.0223876
202.652 -0.0171448 0.00345368 -11.8568 11.8344 -0.022383
202.663 -0.0171438 0.00345303 -11.8553 11.8329 -0.0223786
202.674 -0.017143 0.00345254 -11.8537 11.8313 -0.0223739
202.685 -0.0171422 0.00345214 -11.8521 11.8298 -0.0223694
202.697 -0.0171416 0.0034515 -11.8506 11.8282 -0.0223652
202.708 -0.0171405 0.00345065 -11.849 11.8267 -0.0223604
202.719 -0.0171394 0.00344988 -11.8475 11.8251 -0.0223558
202.73 -0.0171381 0.00344928 -11.8459 11.8236 -0.0223513
202.742 -0.0171372 0.00344847 -11.8444 11.822 -0.0223466
202.753 -0.0171364 0.00344771 -11.8429 11.8205 -0.0223422
202.764 -0.0171357 0.0034467 -11.8414 11.819 -0.0223378
202.775 -0.0171351 0.00344556 -11.8398 11.8175 -0.0223331
202.787 -0.0171343 0.0034446 -11.8383 11.816 -0.0223285
202.798 -0.0171332 0.00344423 -11.8368 11.8145 -0.0223234
202.809 -0.0171319 0.00344407 -11.8353 11.813 -0.0223184
202.82 -0.0171312 0.00344339 -11.8339 11.8116 -0.0223135
202.831 -0.0171301 0.00344317 -11.8324 11.8101 -0.0223083
202.843 -0.017129 0.00344302 -11.8309 11.8086 -0.0223029
202.854 -0.017128 0.00344246 -11.8295 11.8072 -0.0222984
202.865 -0.0171272 0.00344201 -11.8281 11.8058 -0.0222939
202.876 -0.0171261 0.00344165 -11.8266 11.8043 -0.0222887
202.888 -0.017125 0.00344125 -11.8252 11.8029 -0.0222839
202.899 -0.0171236 0.00344084 -11.8238 11.8015 -0.0222787
202.91 -0.0171224 0.00344027 -11.8223 11.8001 -0.0222733
202.921 -0.017121 0.00343969 -11.8209 11.7986 -0.0222683
202.933 -0.0171197 0.00343914 -11.8195 11.7972 -0.0222635
202.944 -0.0171186 0.0034384 -11.8181 11.7958 -0.0222587
202.955 -0.0171174 0.00343767 -11.8167 11.7944 -0.0222537
202.966 -0.0171158 0.00343677 -11.8153 11.793 -0.0222491
202.978 -0.0171143 0.00343574 -11.8139 11.7916 -0.0222442
202.989 -0.0171128 0.00343457 -11.8125 11.7902 -0.0222395
203 -0.0171112 0.00343329 -11.8111 11.7888 -0.0222352
203.011 -0.0171096 0.00343196 -11.8097 11.7874 -0.0222306
203.022 -0.0171082 0.00343042 -11.8083 11.786 -0.0222262
203.034 -0.0171067 0.00342882 -11.8069 11.7847 -0.0222224
203.045 -0.0171052 0.00342735 -11.8055 11.7833 -0.0222179
203.056 -0.0171042 0.0034268 -11.8041 11.7819 -0.0222129
203.067 -0.0171034 0.00342619 -11.8027 11.7805 -0.022208
203.079 -0.0171025 0.00342543 -11.8013 11.7791 -0.0222028
203.09 -0.0171017 0.00342494 -11.8 11.7778 -0.0221976
203.101 -0.0171008 0.00342424 -11.7986 11.7764 -0.0221928
203.112 -0.0171002 0.00342377 -11.7973 11.7751 -0.0221877
203.124 -0.0170995 0.00342301 -11.796 11.7738 -0.0221827
203.135 -0.0170987 0.00342249 -11.7947 11.7725 -0.0221781
203.146 -0.0170982 0.00342169 -11.7933 11.7712 -0.022173
203.157 -0.0170973 0.00342108 -11.792 11.7698 -0.0221678
203.169 -0.0170963 0.00342051 -11.7907 11.7686 -0.0221627
203.18 -0.0170956 0.00342017 -11.7894 11.7673 -0.0221574
203.191 -0.0170947 0.00341961 -11.7882 11.766 -0.0221526
203.202 -0.0170941 0.00341922 -11.7869 11.7647 -0.0221479
203.213 -0.0170939 0.00341893 -11.7856 11.7635 -0.0221426
203.225 -0.0170935 0.0034188 -11.7843 11.7622 -0.0221376
203.236 -0.0170931 0.00341831 -11.7831 11.761 -0.0221336
203.247 -0.017093 0.00341793 -11.7818 11.7597 -0.022129
203.258 -0.017093 0.00341752 -11.7806 11.7584 -0.022125
203.27 -0.0170929 0.00341711 -11.7793 11.7572 -0.0221214
203.281 -0.0170929 0.00341643 -11.778 11.7559 -0.0221178
203.292 -0.017093 0.00341604 -11.7767 11.7546 -0.0221144
203.303 -0.0170931 0.00341554 -11.7754 11.7533 -0.0221115
203.315 -0.0170936 0.00341514 -11.7741 11.752 -0.022108
203.326 -0.0170935 0.00341478 -11.7728 11.7507 -0.0221051
203.337 -0.0170939 0.00341465 -11.7715 11.7494 -0.0221022
203.348 -0.0170943 0.0034144 -11.7702 11.7481 -0.0220989
203.36 -0.0170949 0.00341411 -11.7688 11.7467 -0.0220957
203.371 -0.0170953 0.00341405 -11.7675 11.7454 -0.0220927
203.382 -0.017096 0.00341373 -11.7661 11.7441 -0.0220895
203.393 -0.0170965 0.00341348 -11.7648 11.7427 -0.0220864
203.404 -0.0170971 0.00341338 -11.7634 11.7413 -0.0220833
203.416 -0.0170978 0.00341328 -11.762 11.74 -0.0220797
203.427 -0.0170987 0.0034131 -11.7607 11.7386 -0.0220764
203.438 -0.0170993 0.00341311 -11.7593 11.7372 -0.0220731
203.449 -0.0171004 0.00341309 -11.7579 11.7358 -0.0220695
203.461 -0.0171012 0.00341322 -11.7565 11.7344 -0.0220657
203.472 -0.0171018 0.0034132 -11.7551 11.733 -0.0220619
203.483 -0.0171026 0.00341302 -11.7536 11.7316 -0.0220577
203.494 -0.0171035 0.00341268 -11.7522 11.7302 -0.0220534
203.506 -0.0171042 0.00341271 -11.7508 11.7288 -0.0220498
203.517 -0.0171048 0.0034121 -11.7494 11.7273 -0.0220464
203.528 -0.0171051 0.00341147 -11.7479 11.7259 -0.0220429
203.539 -0.0171053 0.00341115 -11.7465 11.7244 -0.0220396
203.551 -0.0171061 0.0034108 -11.745 11.7229 -0.022036
203.562 -0.0171068 0.00340983 -11.7435 11.7215 -0.0220326
203.573 -0.0171073 0.00340899 -11.742 11.72 -0.0220292
203.584 -0.0171073 0.00340854 -11.7405 11.7185 -0.0220254
203.596 -0.0171078 0.00340813 -11.739 11.7169 -0.0220212
203.607 -0.0171083 0.00340786 -11.7375 11.7154 -0.0220173
203.618 -0.0171087 0.00340754 -11.7359 11.7139 -0.0220131
203.629 -0.0171089 0.00340726 -11.7344 11.7124 -0.0220094
203.64 -0.017109 0.00340691 -11.7329 11.7109 -0.0220058
203.652 -0.017109 0.00340631 -11.7313 11.7093 -0.0220021
203.663 -0.0171091 0.00340578 -11.7298 11.7078 -0.0219982
203.674 -0.0171085 0.00340631 -11.7283 11.7063 -0.0219942
203.685 -0.017108 0.00340689 -11.7267 11.7047 -0.0219892
203.697 -0.0171077 0.00340749 -11.7252 11.7032 -0.0219845
203.708 -0.0171076 0.003408 -11.7237 11.7017 -0.0219798
203.719 -0.0171073 0.00340833 -11.7221 11.7002 -0.0219748
203.73 -0.0171069 0.00340893 -11.7206 11.6987 -0.0219696
203.742 -0.0171067 0.00340949 -11.7191 11.6972 -0.021965
203.753 -0.0171063 0.00341017 -11.7176 11.6956 -0.0219601
203.764 -0.0171063 0.00341046 -11.7161 11.6941 -0.0219545
203.775 -0.0171065 0.00341083 -11.7146 11.6926 -0.0219489
203.787 -0.0171069 0.00341166 -11.7131 11.6911 -0.0219429
203.798 -0.0171073 0.00341279 -11.7116 11.6896 -0.021937
203.809 -0.0171073 0.00341363 -11.7101 11.6882 -0.0219316
203.82 -0.0171073 0.00341456 -11.7086 11.6867 -0.021926
203.831 -0.0171072 0.00341531 -11.7071 11.6852 -0.0219204
203.843 -0.0171069 0.00341538 -11.7057 11.6838 -0.0219158
203.854 -0.0171062 0.00341538 -11.7042 11.6823 -0.0219114
203.865 -0.0171059 0.00341548 -11.7027 11.6808 -0.0219067
203.876 -0.017106 0.00341563 -11.7012 11.6793 -0.0219025
203.888 -0.0171061 0.00341587 -11.6998 11.6779 -0.0218973
203.899 -0.0171064 0.00341606 -11.6983 11.6764 -0.0218925
203.91 -0.0171066 0.00341634 -11.6968 11.6749 -0.0218878
203.921 -0.0171071 0.00341644 -11.6954 11.6735 -0.021883
203.933 -0.0171081 0.00341687 -11.6939 11.672 -0.0218783
203.944 -0.017109 0.00341745 -11.6925 11.6706 -0.0218738
203.955 -0.01711 0.00341768 -11.691 11.6691 -0.0218694
203.966 -0.0171109 0.00341797 -11.6895 11.6677 -0.0218649
203.978 -0.0171117 0.00341841 -11.6881 11.6662 -0.0218605
203.989 -0.0171127 0.00341878 -11.6866 11.6648 -0.0218556
204 -0.0171141 0.00341908 -11.6852 11.6633 -0.021851
204.011 -0.0171154 0.00341965 -11.6838 11.6619 -0.0218468
204.022 -0.0171163 0.00342035 -11.6824 11.6605 -0.0218421
204.034 -0.0171175 0.00342119 -11.681 11.6591 -0.0218381
204.045 -0.0171188 0.00342154 -11.6795 11.6577 -0.0218342
204.056 -0.0171204 0.00342165 -11.6781 11.6563 -0.0218301
204.067 -0.0171217 0.00342169 -11.6767 11.6548 -0.0218261
204.079 -0.0171232 0.00342198 -11.6753 11.6534 -0.0218221
204.09 -0.0171245 0.00342203 -11.6739 11.652 -0.021818
204.101 -0.0171257 0.0034223 -11.6725 11.6507 -0.0218141
204.112 -0.0171268 0.00342262 -11.6711 11.6493 -0.0218108
204.124 -0.0171282 0.00342295 -11.6697 11.6479 -0.0218073
204.135 -0.0171293 0.00342308 -11.6683 11.6465 -0.0218037
204.146 -0.0171301 0.00342364 -11.6669 11.6451 -0.0217999
204.157 -0.0171308 0.00342444 -11.6656 11.6438 -0.0217954
204.169 -0.0171316 0.00342532 -11.6642 11.6424 -0.0217908
204.18 -0.017132 0.00342622 -11.6629 11.6411 -0.0217869
204.191 -0.0171316 0.00342691 -11.6615 11.6397 -0.0217832
204.202 -0.0171318 0.00342722 -11.6602 11.6384 -0.0217789
204.213 -0.0171313 0.00342799 -11.6588 11.6371 -0.0217749
204.225 -0.0171313 0.00342841 -11.6575 11.6357 -0.0217701
204.236 -0.0171314 0.00342915 -11.6561 11.6344 -0.0217652
204.247 -0.0171319 0.00342906 -11.6548 11.6331 -0.0217596
204.258 -0.0171323 0.00342906 -11.6535 11.6318 -0.0217544
204.27 -0.0171326 0.00342884 -11.6523 11.6305 -0.0217488
204.281 -0.0171325 0.00342895 -11.651 11.6293 -0.0217437
204.292 -0.0171322 0.00342828 -11.6498 11.628 -0.0217389
204.303 -0.0171323 0.00342821 -11.6485 11.6268 -0.0217339
204.315 -0.0171327 0.00342804 -11.6473 11.6256 -0.021729
204.326 -0.0171333 0.0034284 -11.6461 11.6244 -0.0217239
204.337 -0.0171338 0.00342813 -11.6449 11.6232 -0.0217189
204.348 -0.0171346 0.00342832 -11.6437 11.622 -0.0217138
204.36 -0.0171355 0.00342827 -11.6425 11.6208 -0.0217084
204.371 -0.0171366 0.00342883 -11.6414 11.6197 -0.0217029
204.382 -0.0171377 0.00342942 -11.6403 11.6186 -0.0216982
204.393 -0.0171387 0.00342966 -11.6392 11.6175 -0.0216931
204.404 -0.0171389 0.00342941 -11.6381 11.6164 -0.0216889
204.416 -0.0171391 0.00342946 -11.637 11.6153 -0.0216849
204.427 -0.0171396 0.00342942 -11.6359 11.6143 -0.0216813
204.438 -0.0171404 0.00342943 -11.6349 11.6132 -0.0216774
204.449 -0.0171417 0.00342917 -11.6339 11.6122 -0.0216738
204.461 -0.0171431 0.00342932 -11.6328 11.6112 -0.0216693
204.472 -0.0171446 0.0034293 -11.6318 11.6102 -0.021665
204.483 -0.0171454 0.00342962 -11.6309 11.6092 -0.0216615
204.494 -0.0171465 0.00342998 -11.6299 11.6082 -0.0216577
204.506 -0.0171473 0.00343049 -11.6289 11.6073 -0.0216537
204.517 -0.0171483 0.00343116 -11.628 11.6063 -0.0216503
204.528 -0.0171494 0.00343184 -11.627 11.6054 -0.0216466
204.539 -0.0171503 0.00343252 -11.6261 11.6045 -0.021643
204.551 -0.017151 0.00343338 -11.6252 11.6036 -0.0216394
204.562 -0.0171519 0.00343395 -11.6243 11.6027 -0.0216356
204.573 -0.0171525 0.0034349 -11.6234 11.6018 -0.0216316
204.584 -0.0171529 0.00343583 -11.6226 11.6009 -0.0216275
204.596 -0.0171535 0.00343674 -11.6217 11.6001 -0.021623
204.607 -0.017154 0.00343739 -11.6209 11.5992 -0.0216189
204.618 -0.0171549 0.00343793 -11.62 11.5984 -0.021615
204.629 -0.017156 0.00343815 -11.6192 11.5976 -0.0216106
204.64 -0.0171571 0.00343839 -11.6184 11.5968 -0.0216056
204.652 -0.0171583 0.00343859 -11.6177 11.5961 -0.0216008
204.663 -0.0171595 0.00343866 -11.6169 11.5953 -0.0215955
204.674 -0.0171601 0.00343833 -11.6162 11.5946 -0.0215912
204.685 -0.0171601 0.00343792 -11.6155 11.5939 -0.0215868
204.697 -0.0171605 0.00343725 -11.6148 11.5932 -0.0215822
204.708 -0.0171603 0.0034374 -11.6141 11.5925 -0.0215779
204.719 -0.0171602 0.00343753 -11.6134 11.5919 -0.021574
204.73 -0.0171606 0.00343757 -11.6127 11.5912 -0.021569
204.742 -0.0171614 0.00343743 -11.6121 11.5905 -0.0215643
204.753 -0.0171618 0.00343752 -11.6115 11.5899 -0.0215599
204.764 -0.0171622 0.00343748 -11.6108 11.5893 -0.0215553
204.775 -0.0171626 0.00343744 -11.6102 11.5887 -0.0215509
204.787 -0.0171632 0.00343758 -11.6096 11.5881 -0.0215472
204.798 -0.0171634 0.00343775 -11.609 11.5875 -0.0215431
204.809 -0.0171637 0.00343752 -11.6084 11.5869 -0.0215392
204.82 -0.0171641 0.00343778 -11.6078 11.5863 -0.0215356
204.831 -0.0171644 0.00343811 -11.6073 11.5857 -0.0215327
204.843 -0.0171643 0.00343886 -11.6067 11.5851 -0.0215294
204.854 -0.0171645 0.00343937 -11.6061 11.5846 -0.021526
204.865 -0.0171644 0.00344053 -11.6055 11.584 -0.0215229
204.876 -0.0171643 0.00344144 -11.605 11.5835 -0.0215201
204.888 -0.0171646 0.0034424 -11.6044 11.5829 -0.0215172
204.899 -0.0171652 0.00344313 -11.6039 11.5824 -0.021514
204.91 -0.0171658 0.00344411 -11.6034 11.5818 -0.0215108
204.921 -0.0171668 0.00344482 -11.6028 11.5813 -0.0215079
204.933 -0.017168 0.00344519 -11.6023 11.5808 -0.0215043
204.944 -0.0171692 0.00344534 -11.6019 11.5804 -0.0215007
204.955 -0.0171707 0.00344574 -11.6015 11.58 -0.0214972
204.966 -0.0171716 0.0034456 -11.601 11.5795 -0.0214942
204.978 -0.0171731 0.00344593 -11.6006 11.5791 -0.0214906
204.989 -0.0171748 0.00344589 -11.6002 11.5787 -0.0214873
205 -0.0171759 0.00344588 -11.5998 11.5783 -0.0214841
205.011 -0.0171773 0.00344635 -11.5994 11.578 -0.0214807
205.022 -0.0171782 0.00344689 -11.5991 11.5776 -0.0214769
205.034 -0.0171795 0.00344812 -11.5987 11.5773 -0.0214727
205.045 -0.0171802 0.00344935 -11.5984 11.577 -0.021469
205.056 -0.0171811 0.00345085 -11.5981 11.5767 -0.0214653
205.067 -0.0171814 0.00345222 -11.5979 11.5764 -0.0214613
205.079 -0.017182 0.00345363 -11.5976 11.5762 -0.0214572
205.09 -0.0171823 0.00345481 -11.5974 11.576 -0.0214533
205.101 -0.0171832 0.00345563 -11.5972 11.5758 -0.0214491
205.112 -0.0171836 0.00345645 -11.5971 11.5756 -0.0214455
205.124 -0.0171844 0.0034571 -11.5969 11.5755 -0.0214424
205.135 -0.017184 0.00345765 -11.5968 11.5753 -0.0214388
205.146 -0.0171843 0.00345878 -11.5966 11.5752 -0.021435
205.157 -0.0171844 0.00345965 -11.5965 11.5751 -0.0214314
205.169 -0.0171845 0.00346048 -11.5965 11.575 -0.0214275
205.18 -0.0171848 0.00346139 -11.5964 11.575 -0.0214235
205.191 -0.0171849 0.00346205 -11.5964 11.575 -0.0214208
205.202 -0.017185 0.00346288 -11.5964 11.575 -0.0214174
205.213 -0.0171854 0.00346332 -11.5964 11.575 -0.0214144
205.225 -0.0171856 0.00346411 -11.5965 11.5751 -0.021411
205.236 -0.0171864 0.00346447 -11.5966 11.5752 -0.0214071
205.247 -0.017187 0.00346509 -11.5967 11.5753 -0.0214026
205.258 -0.0171879 0.00346492 -11.5968 11.5754 -0.0213985
205.27 -0.017189 0.00346478 -11.597 11.5756 -0.0213942
205.281 -0.0171904 0.00346463 -11.5971 11.5758 -0.0213899
205.292 -0.0171919 0.00346477 -11.5974 11.576 -0.0213854
205.303 -0.0171927 0.00346459 -11.5976 11.5762 -0.02138
205.315 -0.0171932 0.0034646 -11.5979 11.5765 -0.0213743
205.326 -0.0171935 0.00346469 -11.5982 11.5769 -0.0213694
205.337 -0.0171936 0.00346482 -11.5986 11.5772 -0.0213645
205.348 -0.0171935 0.0034648 -11.599 11.5776 -0.0213596
205.36 -0.0171936 0.00346417 -11.5994 11.578 -0.0213552
205.371 -0.017193 0.00346401 -11.5999 11.5785 -0.0213515
205.382 -0.0171924 0.00346421 -11.6003 11.579 -0.0213479
205.393 -0.0171917 0.00346472 -11.6008 11.5794 -0.0213441
205.404 -0.0171912 0.00346521 -11.6013 11.5799 -0.0213396
205.416 -0.0171915 0.00346556 -11.6018 11.5805 -0.0213354
205.427 -0.0171903 0.00346643 -11.6024 11.581 -0.0213319
205.438 -0.0171903 0.00346709 -11.6029 11.5816 -0.0213273
205.449 -0.0171901 0.00346774 -11.6035 11.5822 -0.0213231
205.461 -0.0171897 0.00346832 -11.6041 11.5828 -0.0213198
205.472 -0.0171895 0.00346838 -11.6048 11.5835 -0.0213154
205.483 -0.0171889 0.00346791 -11.6055 11.5841 -0.0213112
205.494 -0.0171886 0.0034675 -11.6062 11.5849 -0.0213073
205.506 -0.0171881 0.00346714 -11.6069 11.5856 -0.0213032
205.517 -0.0171883 0.00346727 -11.6077 11.5864 -0.0212983
205.528 -0.0171887 0.00346704 -11.6085 11.5873 -0.0212935
205.539 -0.0171891 0.00346664 -11.6094 11.5881 -0.0212885
205.551 -0.0171895 0.00346616 -11.6103 11.5891 -0.0212836
205.562 -0.0171898 0.00346586 -11.6113 11.59 -0.0212791
205.573 -0.0171899 0.00346582 -11.6123 11.591 -0.0212739
205.584 -0.0171902 0.00346577 -11.6134 11.5921 -0.0212687
205.596 -0.0171905 0.0034655 -11.6144 11.5932 -0.0212641
205.607 -0.0171914 0.00346503 -11.6156 11.5943 -0.0212588
205.618 -0.0171918 0.00346444 -11.6167 11.5955 -0.0212551
205.629 -0.0171922 0.00346387 -11.6179 11.5967 -0.0212515
205.64 -0.0171923 0.00346402 -11.6191 11.5978 -0.0212479
205.652 -0.0171921 0.0034636 -11.6203 11.599 -0.0212445
205.663 -0.0171921 0.00346396 -11.6215 11.6002 -0.0212412
205.674 -0.0171922 0.00346407 -11.6227 11.6014 -0.0212375
205.685 -0.0171921 0.00346444 -11.6239 11.6027 -0.0212335
205.697 -0.0171922 0.00346479 -11.6252 11.604 -0.0212296
205.708 -0.0171926 0.00346534 -11.6265 11.6053 -0.0212249
205.719 -0.017193 0.00346578 -11.6279 11.6067 -0.0212204
205.73 -0.0171925 0.00346639 -11.6293 11.6081 -0.0212166
205.742 -0.0171925 0.00346684 -11.6307 11.6094 -0.0212128
205.753 -0.0171919 0.00346712 -11.6321 11.6108 -0.0212087
205.764 -0.0171916 0.00346728 -11.6335 11.6123 -0.0212042
205.775 -0.0171911 0.00346736 -11.635 11.6138 -0.0211996
205.787 -0.0171904 0.00346778 -11.6365 11.6153 -0.0211953
205.798 -0.01719 0.00346802 -11.638 11.6168 -0.0211916
205.809 -0.0171899 0.00346792 -11.6396 11.6184 -0.0211875
205.82 -0.0171899 0.00346796 -11.6412 11.62 -0.021183
205.831 -0.0171898 0.00346774 -11.6428 11.6216 -0.0211787
205.843 -0.0171902 0.00346739 -11.6444 11.6233 -0.0211737
205.854 -0.0171906 0.0034669 -11.6461 11.625 -0.0211692
205.865 -0.017191 0.00346631 -11.6478 11.6267 -0.0211649
205.876 -0.0171911 0.0034658 -11.6496 11.6284 -0.02116
205.888 -0.0171914 0.00346531 -11.6513 11.6302 -0.0211552
205.899 -0.0171911 0.00346465 -11.6532 11.632 -0.0211509
205.91 -0.0171904 0.00346407 -11.655 11.6338 -0.0211467
205.921 -0.0171892 0.00346301 -11.6568 11.6357 -0.0211438
205.933 -0.017188 0.00346215 -11.6587 11.6375 -0.0211405
205.944 -0.0171869 0.00346102 -11.6605 11.6394 -0.0211364
205.955 -0.0171861 0.00345987 -11.6624 11.6413 -0.0211325
205.966 -0.0171857 0.0034588 -11.6643 11.6432 -0.0211288
205.978 -0.0171853 0.00345789 -11.6663 11.6451 -0.0211247
205.989 -0.0171847 0.00345725 -11.6682 11.6471 -0.0211206
206 -0.0171841 0.00345701 -11.6702 11.6491 -0.0211174
206.011 -0.0171834 0.00345656 -11.6721 11.651 -0.0211142
206.022 -0.0171834 0.00345629 -11.6741 11.653 -0.0211107
206.034 -0.0171829 0.00345621 -11.6761 11.655 -0.021108
206.045 -0.017183 0.0034562 -11.6781 11.657 -0.0211047
206.056 -0.0171824 0.00345612 -11.6802 11.6591 -0.021102
206.067 -0.0171829 0.00345611 -11.6822 11.6611 -0.0210984
206.079 -0.0171832 0.00345629 -11.6843 11.6632 -0.0210953
206.09 -0.0171824 0.00345651 -11.6864 11.6653 -0.0210937
206.101 -0.017182 0.00345649 -11.6885 11.6674 -0.0210913
206.112 -0.0171812 0.00345725 -11.6906 11.6695 -0.0210887
206.124 -0.0171806 0.00345772 -11.6928 11.6717 -0.0210858
206.135 -0.0171805 0.00345818 -11.6949 11.6739 -0.0210833
206.146 -0.0171801 0.00345833 -11.6971 11.6761 -0.021081
206.157 -0.01718 0.00345914 -11.6993 11.6782 -0.0210776
206.169 -0.01718 0.00345961 -11.7016 11.6805 -0.0210749
206.18 -0.0171799 0.00346026 -11.7038 11.6827 -0.0210711
206.191 -0.0171801 0.00346037 -11.706 11.685 -0.0210672
206.202 -0.0171801 0.00346068 -11.7083 11.6872 -0.0210634
206.213 -0.0171806 0.00346097 -11.7106 11.6895 -0.0210595
206.225 -0.0171806 0.00346113 -11.7128 11.6918 -0.0210558
206.236 -0.0171809 0.00346151 -11.7152 11.6941 -0.0210525
206.247 -0.0171811 0.00346178 -11.7175 11.6964 -0.0210491
206.258 -0.0171815 0.00346179 -11.7198 11.6988 -0.0210461
206.27 -0.0171816 0.00346139 -11.7221 11.7011 -0.0210435
206.281 -0.0171816 0.00346138 -11.7245 11.7034 -0.0210408
206.292 -0.0171818 0.00346124 -11.7268 11.7057 -0.0210383
206.303 -0.0171821 0.00346131 -11.7291 11.7081 -0.0210361
206.315 -0.017182 0.00346145 -11.7315 11.7105 -0.0210335
206.326 -0.017182 0.00346162 -11.7338 11.7128 -0.021031
206.337 -0.017182 0.00346155 -11.7362 11.7152 -0.0210286
206.348 -0.0171819 0.00346163 -11.7386 11.7175 -0.0210261
206.36 -0.0171819 0.0034616 -11.741 11.7199 -0.0210234
206.371 -0.0171818 0.00346181 -11.7433 11.7223 -0.0210211
206.382 -0.0171813 0.00346177 -11.7457 11.7247 -0.0210181
206.393 -0.0171809 0.00346232 -11.748 11.727 -0.0210152
206.404 -0.0171805 0.00346258 -11.7504 11.7294 -0.0210122
206.416 -0.0171794 0.00346292 -11.7527 11.7317 -0.0210087
206.427 -0.0171787 0.00346323 -11.7551 11.7341 -0.0210059
206.438 -0.0171779 0.00346353 -11.7574 11.7364 -0.0210027
206.449 -0.017177 0.00346391 -11.7597 11.7387 -0.0209992
206.461 -0.0171759 0.00346419 -11.762 11.741 -0.0209956
206.472 -0.0171749 0.00346477 -11.7643 11.7433 -0.0209924
206.483 -0.0171741 0.00346532 -11.7666 11.7456 -0.0209891
206.494 -0.0171732 0.00346595 -11.7689 11.7479 -0.0209852
206.506 -0.0171722 0.00346672 -11.7712 11.7502 -0.0209817
206.517 -0.017172 0.00346692 -11.7735 11.7525 -0.0209785
206.528 -0.0171711 0.00346718 -11.7758 11.7548 -0.0209749
206.539 -0.0171703 0.00346711 -11.778 11.7571 -0.0209719
206.551 -0.017169 0.00346692 -11.7803 11.7593 -0.0209684
206.562 -0.0171683 0.00346695 -11.7826 11.7616 -0.0209648
206.573 -0.0171673 0.00346694 -11.7848 11.7639 -0.0209614
206.584 -0.0171667 0.00346675 -11.7871 11.7661 -0.0209578
206.596 -0.0171651 0.00346694 -11.7893 11.7684 -0.0209539
206.607 -0.0171643 0.00346686 -11.7916 11.7707 -0.02095
206.618 -0.0171632 0.00346694 -11.7939 11.7729 -0.020946
206.629 -0.0171621 0.00346707 -11.7962 11.7752 -0.0209418
206.64 -0.0171611 0.00346732 -11.7985 11.7775 -0.0209381
206.652 -0.0171607 0.00346779 -11.8007 11.7798 -0.0209341
206.663 -0.0171596 0.00346847 -11.803 11.7821 -0.02093
206.674 -0.0171584 0.00346882 -11.8054 11.7844 -0.0209264
206.685 -0.0171575 0.00346917 -11.8077 11.7867 -0.0209225
206.697 -0.0171568 0.00346978 -11.81 11.7891 -0.0209184
206.708 -0.0171555 0.00347026 -11.8123 11.7914 -0.0209141
206.719 -0.0171543 0.00347065 -11.8146 11.7937 -0.0209101
206.73 -0.0171535 0.00347076 -11.817 11.7961 -0.0209065
206.742 -0.0171523 0.00347086 -11.8193 11.7984 -0.0209029
206.753 -0.0171509 0.00347068 -11.8216 11.8007 -0.0208992
206.764 -0.0171495 0.00347052 -11.8239 11.803 -0.0208951
206.775 -0.0171479 0.00347034 -11.8263 11.8054 -0.0208916
206.787 -0.0171466 0.00347056 -11.8286 11.8077 -0.0208875
206.798 -0.017145 0.0034712 -11.8309 11.81 -0.0208837
206.809 -0.0171431 0.00347156 -11.8332 11.8123 -0.0208805
206.82 -0.0171414 0.00347177 -11.8355 11.8146 -0.0208772
206.831 -0.0171399 0.00347241 -11.8378 11.8169 -0.0208735
206.843 -0.0171383 0.00347285 -11.8401 11.8192 -0.0208703
206.854 -0.0171367 0.0034736 -11.8424 11.8215 -0.0208665
206.865 -0.0171352 0.0034742 -11.8446 11.8238 -0.0208629
206.876 -0.0171335 0.00347457 -11.8469 11.826 -0.0208597
206.888 -0.0171321 0.00347495 -11.8492 11.8283 -0.0208561
206.899 -0.0171304 0.00347544 -11.8514 11.8305 -0.0208522
206.91 -0.0171288 0.00347603 -11.8537 11.8328 -0.0208486
206.921 -0.0171273 0.00347656 -11.8559 11.835 -0.0208448
206.933 -0.017126 0.00347727 -11.8581 11.8373 -0.0208407
206.944 -0.0171246 0.00347798 -11.8604 11.8395 -0.0208371
206.955 -0.0171234 0.00347852 -11.8626 11.8417 -0.0208333
206.966 -0.0171223 0.00347886 -11.8648 11.8439 -0.0208296
206.978 -0.017121 0.00347935 -11.867 11.8462 -0.020826
206.989 -0.01712 0.00348004 -11.8692 11.8483 -0.0208222
207 -0.0171191 0.00348003 -11.8713 11.8505 -0.0208181
207.011 -0.0171181 0.00348025 -11.8736 11.8527 -0.020814
207.022 -0.0171174 0.00348035 -11.8757 11.8549 -0.0208093
207.034 -0.0171165 0.00348042 -11.8779 11.8571 -0.0208045
207.045 -0.0171155 0.00348045 -11.88 11.8592 -0.0208001
207.056 -0.0171149 0.00348039 -11.8822 11.8614 -0.0207952
207.067 -0.0171144 0.00348034 -11.8843 11.8635 -0.0207906
207.079 -0.0171138 0.00348048 -11.8864 11.8656 -0.0207864
207.09 -0.017113 0.00348052 -11.8885 11.8677 -0.0207817
207.101 -0.0171122 0.00348078 -11.8906 11.8698 -0.0207774
207.112 -0.0171113 0.00348089 -11.8927 11.8719 -0.0207735
207.124 -0.0171105 0.003481 -11.8947 11.8739 -0.0207692
207.135 -0.0171097 0.00348132 -11.8967 11.8759 -0.020765
207.146 -0.0171088 0.00348153 -11.8988 11.878 -0.0207612
207.157 -0.0171079 0.00348167 -11.9007 11.88 -0.0207571
207.169 -0.0171072 0.003482 -11.9027 11.882 -0.0207531
207.18 -0.0171061 0.00348247 -11.9047 11.884 -0.0207495
207.191 -0.0171051 0.0034825 -11.9067 11.8859 -0.0207454
207.202 -0.0171041 0.00348279 -11.9086 11.8878 -0.0207413
207.213 -0.017103 0.00348296 -11.9106 11.8898 -0.0207376
207.225 -0.0171018 0.00348322 -11.9125 11.8917 -0.0207332
207.236 -0.017101 0.00348316 -11.9144 11.8936 -0.0207288
207.247 -0.0171 0.00348308 -11.9163 11.8955 -0.0207249
207.258 -0.0170991 0.0034828 -11.9181 11.8974 -0.0207204
207.27 -0.0170985 0.00348273 -11.92 11.8993 -0.0207159
207.281 -0.0170981 0.00348253 -11.9219 11.9012 -0.020712
207.292 -0.0170978 0.00348235 -11.9237 11.903 -0.0207077
207.303 -0.0170977 0.00348244 -11.9256 11.9049 -0.0207032
207.315 -0.0170973 0.00348288 -11.9274 11.9067 -0.0206987
207.326 -0.0170967 0.00348287 -11.9292 11.9085 -0.0206939
207.337 -0.0170961 0.00348299 -11.931 11.9103 -0.0206896
207.348 -0.0170955 0.00348274 -11.9328 11.9121 -0.0206854
207.36 -0.0170949 0.00348258 -11.9345 11.9138 -0.0206807
207.371 -0.0170946 0.00348243 -11.9362 11.9155 -0.0206764
207.382 -0.0170944 0.00348232 -11.9379 11.9172 -0.0206722
207.393 -0.0170938 0.00348215 -11.9395 11.9189 -0.0206676
207.404 -0.0170937 0.00348197 -11.9411 11.9205 -0.0206635
207.416 -0.0170932 0.00348161 -11.9428 11.9221 -0.0206596
207.427 -0.017093 0.00348121 -11.9444 11.9237 -0.0206552
207.438 -0.0170926 0.00348108 -11.9459 11.9253 -0.0206511
207.449 -0.0170921 0.00348115 -11.9474 11.9268 -0.0206474
207.461 -0.0170914 0.00348109 -11.949 11.9283 -0.0206432
207.472 -0.0170909 0.00348101 -11.9504 11.9298 -0.0206393
207.483 -0.0170903 0.00348087 -11.9519 11.9313 -0.0206355
207.494 -0.0170899 0.00348075 -11.9533 11.9327 -0.0206313
207.506 -0.0170891 0.00348085 -11.9547 11.9341 -0.0206275
207.517 -0.0170885 0.00348077 -11.9561 11.9354 -0.0206239
207.528 -0.0170873 0.00348063 -11.9574 11.9368 -0.0206194
207.539 -0.0170861 0.00348037 -11.9587 11.9381 -0.0206154
207.551 -0.0170849 0.00348013 -11.96 11.9394 -0.0206115
207.562 -0.017084 0.00348011 -11.9612 11.9406 -0.0206078
207.573 -0.017083 0.00348013 -11.9624 11.9418 -0.0206042
207.584 -0.0170821 0.00348008 -11.9636 11.943 -0.0206007
207.596 -0.0170812 0.00348038 -11.9647 11.9441 -0.0205969
207.607 -0.0170802 0.00348066 -11.9658 11.9452 -0.0205931
207.618 -0.0170793 0.00348105 -11.9669 11.9463 -0.0205894
207.629 -0.0170786 0.00348107 -11.9679 11.9473 -0.0205862
207.64 -0.0170778 0.00348131 -11.9689 11.9483 -0.0205829
207.652 -0.0170769 0.00348163 -11.9699 11.9493 -0.0205799
207.663 -0.0170759 0.00348207 -11.9708 11.9502 -0.0205764
207.674 -0.017075 0.00348266 -11.9717 11.9511 -0.0205732
207.685 -0.0170744 0.0034832 -11.9725 11.9519 -0.0205709
207.697 -0.0170738 0.00348364 -11.9733 11.9527 -0.0205682
207.708 -0.0170732 0.00348403 -11.9741 11.9535 -0.0205657
207.719 -0.0170724 0.00348451 -11.9748 11.9542 -0.0205636
207.73 -0.0170718 0.00348497 -11.9754 11.9549 -0.0205615
207.742 -0.0170716 0.00348522 -11.976 11.9555 -0.0205591
207.753 -0.0170715 0.00348575 -11.9766 11.9561 -0.0205569
207.764 -0.0170715 0.00348607 -11.9772 11.9566 -0.0205542
207.775 -0.0170713 0.00348634 -11.9777 11.9571 -0.0205515
207.787 -0.0170708 0.00348699 -11.9782 11.9576 -0.0205486
207.798 -0.0170703 0.00348802 -11.9786 11.9581 -0.0205453
207.809 -0.0170698 0.00348898 -11.979 11.9585 -0.0205416
207.82 -0.0170692 0.00348995 -11.9795 11.9589 -0.0205386
207.831 -0.0170689 0.00349103 -11.9798 11.9593 -0.0205349
207.843 -0.0170684 0.00349185 -11.9802 11.9597 -0.0205317
207.854 -0.017068 0.00349294 -11.9805 11.96 -0.0205284
207.865 -0.0170674 0.00349355 -11.9809 11.9603 -0.0205247
207.876 -0.0170666 0.00349416 -11.9812 11.9606 -0.0205212
207.888 -0.0170657 0.00349441 -11.9814 11.9609 -0.0205175
207.899 -0.0170652 0.00349474 -11.9817 11.9612 -0.020514
207.91 -0.0170644 0.00349512 -11.9819 11.9614 -0.0205109
207.921 -0.0170639 0.00349598 -11.9821 11.9616 -0.0205078
207.933 -0.0170631 0.00349689 -11.9823 11.9618 -0.0205043
207.944 -0.0170624 0.00349753 -11.9825 11.962 -0.0205007
207.955 -0.0170618 0.00349796 -11.9826 11.9621 -0.0204969
207.966 -0.017061 0.00349848 -11.9828 11.9623 -0.0204926
207.978 -0.0170601 0.00349923 -11.9829 11.9624 -0.0204883
207.989 -0.0170591 0.00350002 -11.983 11.9626 -0.0204841
208 -0.0170579 0.00350087 -11.9831 11.9627 -0.0204796
208.011 -0.0170569 0.00350208 -11.9833 11.9628 -0.0204756
208.022 -0.0170559 0.00350349 -11.9834 11.9629 -0.0204714
208.034 -0.0170546 0.00350507 -11.9835 11.963 -0.020467
208.045 -0.0170534 0.00350601 -11.9835 11.963 -0.0204622
208.056 -0.017052 0.00350731 -11.9836 11.9631 -0.020458
208.067 -0.0170505 0.0035085 -11.9837 11.9632 -0.0204535
208.079 -0.0170489 0.00350939 -11.9837 11.9633 -0.0204485
208.09 -0.0170475 0.00351016 -11.9838 11.9634 -0.0204436
208.101 -0.0170466 0.00351134 -11.9839 11.9634 -0.0204384
208.112 -0.0170456 0.00351224 -11.9839 11.9635 -0.0204332
208.124 -0.0170448 0.00351343 -11.984 11.9636 -0.0204285
208.135 -0.0170448 0.00351478 -11.984 11.9636 -0.0204241
208.146 -0.0170441 0.00351618 -11.9841 11.9636 -0.02042
208.157 -0.0170438 0.00351731 -11.9841 11.9637 -0.0204166
208.169 -0.0170436 0.00351832 -11.9841 11.9636 -0.0204132
208.18 -0.0170433 0.00351843 -11.984 11.9636 -0.0204084
208.191 -0.0170438 0.00351891 -11.984 11.9636 -0.0204048
208.202 -0.0170447 0.00351888 -11.9839 11.9635 -0.0204005
208.213 -0.0170453 0.00351912 -11.9839 11.9635 -0.0203962
208.225 -0.0170456 0.00351933 -11.9838 11.9634 -0.0203923
208.236 -0.0170463 0.00351979 -11.9837 11.9633 -0.0203884
208.247 -0.0170467 0.00351992 -11.9836 11.9632 -0.0203849
208.258 -0.0170473 0.00352006 -11.9835 11.9631 -0.0203819
208.27 -0.0170469 0.00352031 -11.9834 11.963 -0.0203779
208.281 -0.0170465 0.00352165 -11.9833 11.9629 -0.020374
208.292 -0.0170458 0.00352257 -11.9831 11.9628 -0.0203701
208.303 -0.017045 0.00352362 -11.983 11.9626 -0.0203661
208.315 -0.0170442 0.00352443 -11.9829 11.9625 -0.0203626
208.326 -0.0170433 0.00352545 -11.9827 11.9623 -0.0203592
208.337 -0.0170424 0.00352671 -11.9825 11.9622 -0.0203559
208.348 -0.0170419 0.00352762 -11.9823 11.962 -0.0203533
208.36 -0.0170413 0.00352824 -11.9821 11.9618 -0.0203513
208.371 -0.0170406 0.00352917 -11.9819 11.9615 -0.0203491
208.382 -0.0170399 0.00352984 -11.9816 11.9613 -0.0203471
208.393 -0.0170392 0.00353026 -11.9813 11.961 -0.0203451
208.404 -0.017039 0.00353056 -11.981 11.9607 -0.0203424
208.416 -0.0170389 0.00353127 -11.9807 11.9604 -0.0203402
208.427 -0.0170388 0.00353194 -11.9804 11.9601 -0.0203377
208.438 -0.0170386 0.00353251 -11.9801 11.9598 -0.0203349
208.449 -0.0170379 0.00353283 -11.9798 11.9594 -0.020332
208.461 -0.0170371 0.00353366 -11.9794 11.9591 -0.0203295
208.472 -0.0170361 0.00353455 -11.9791 11.9587 -0.0203272
208.483 -0.017035 0.00353565 -11.9787 11.9584 -0.0203251
208.494 -0.0170339 0.00353708 -11.9783 11.958 -0.0203232
208.506 -0.0170327 0.00353844 -11.9779 11.9576 -0.0203211
208.517 -0.0170316 0.00353966 -11.9774 11.9571 -0.0203195
208.528 -0.0170307 0.00354094 -11.977 11.9567 -0.0203178
208.539 -0.0170298 0.00354245 -11.9765 11.9562 -0.0203155
208.551 -0.0170286 0.00354257 -11.976 11.9557 -0.020313
208.562 -0.0170275 0.00354274 -11.9755 11.9552 -0.0203106
208.573 -0.0170265 0.00354299 -11.975 11.9547 -0.0203079
208.584 -0.0170253 0.00354264 -11.9744 11.9541 -0.0203056
208.596 -0.0170241 0.00354247 -11.9739 11.9536 -0.0203038
208.607 -0.0170232 0.00354247 -11.9733 11.953 -0.0203018
208.618 -0.0170225 0.00354256 -11.9727 11.9524 -0.0203001
208.629 -0.0170218 0.0035427 -11.9721 11.9518 -0.020299
208.64 -0.0170204 0.00354318 -11.9715 11.9512 -0.0202969
208.652 -0.0170186 0.00354411 -11.9708 11.9505 -0.0202948
208.663 -0.017017 0.00354446 -11.9702 11.9499 -0.0202933
208.674 -0.0170152 0.00354435 -11.9695 11.9492 -0.0202907
208.685 -0.0170133 0.00354409 -11.9688 11.9485 -0.0202883
208.697 -0.0170114 0.00354397 -11.9681 11.9478 -0.0202858
208.708 -0.0170093 0.00354398 -11.9674 11.9471 -0.0202827
208.719 -0.017007 0.003544 -11.9667 11.9464 -0.0202795
208.73 -0.0170046 0.00354411 -11.966 11.9458 -0.0202762
208.742 -0.0170021 0.00354439 -11.9653 11.9451 -0.0202729
208.753 -0.0169994 0.00354456 -11.9647 11.9444 -0.0202692
208.764 -0.0169969 0.00354504 -11.964 11.9437 -0.020266
208.775 -0.0169947 0.00354542 -11.9633 11.9431 -0.0202616
208.787 -0.0169926 0.00354586 -11.9627 11.9424 -0.0202575
208.798 -0.0169904 0.00354645 -11.962 11.9418 -0.0202534
208.809 -0.0169884 0.00354757 -11.9614 11.9412 -0.0202488
208.82 -0.0169866 0.00354893 -11.9608 11.9405 -0.0202444
208.831 -0.0169849 0.00355021 -11.9602 11.9399 -0.0202405
208.843 -0.0169832 0.00355082 -11.9596 11.9393 -0.0202365
208.854 -0.0169813 0.00355231 -11.9589 11.9387 -0.0202315
208.865 -0.0169795 0.00355341 -11.9583 11.9381 -0.0202278
208.876 -0.0169786 0.00355394 -11.9577 11.9375 -0.0202239
208.888 -0.0169773 0.00355424 -11.9571 11.9369 -0.02022
208.899 -0.0169764 0.00355437 -11.9565 11.9363 -0.0202163
208.91 -0.016976 0.00355511 -11.9559 11.9357 -0.0202115
208.921 -0.0169757 0.00355561 -11.9552 11.935 -0.0202069
208.933 -0.0169753 0.00355579 -11.9546 11.9344 -0.0202026
208.944 -0.0169748 0.00355651 -11.954 11.9338 -0.0201984
208.955 -0.0169739 0.00355776 -11.9534 11.9332 -0.0201941
208.966 -0.0169729 0.00355885 -11.9528 11.9326 -0.0201902
208.978 -0.0169719 0.00356026 -11.9521 11.932 -0.0201865
208.989 -0.0169708 0.00356159 -11.9515 11.9313 -0.0201833
209 -0.0169698 0.00356274 -11.9509 11.9307 -0.0201807
209.011 -0.016969 0.00356371 -11.9503 11.9301 -0.0201778
209.022 -0.0169681 0.00356467 -11.9497 11.9295 -0.020175
209.034 -0.0169676 0.00356509 -11.949 11.9289 -0.0201725
209.045 -0.0169669 0.00356563 -11.9484 11.9282 -0.0201692
209.056 -0.0169664 0.00356628 -11.9477 11.9276 -0.0201661
209.067 -0.0169655 0.00356696 -11.9471 11.9269 -0.0201632
209.079 -0.0169649 0.00356745 -11.9464 11.9263 -0.0201599
209.09 -0.0169641 0.00356796 -11.9457 11.9256 -0.0201562
209.101 -0.0169631 0.00356837 -11.9451 11.9249 -0.0201528
209.112 -0.0169624 0.00356917 -11.9444 11.9243 -0.0201489
209.124 -0.0169615 0.00356985 -11.9438 11.9236 -0.0201451
209.135 -0.0169607 0.00357076 -11.9431 11.923 -0.0201419
209.146 -0.0169596 0.0035717 -11.9425 11.9223 -0.0201385
209.157 -0.0169585 0.00357266 -11.9418 11.9217 -0.0201352
209.169 -0.0169572 0.00357353 -11.9411 11.921 -0.0201321
209.18 -0.0169561 0.00357421 -11.9404 11.9203 -0.0201293
209.191 -0.0169556 0.0035743 -11.9397 11.9196 -0.0201268
209.202 -0.0169552 0.00357449 -11.939 11.9189 -0.0201246
209.213 -0.0169554 0.0035741 -11.9383 11.9182 -0.020122
209.225 -0.0169556 0.00357397 -11.9375 11.9174 -0.0201193
209.236 -0.0169556 0.00357392 -11.9368 11.9166 -0.0201168
209.247 -0.0169548 0.00357411 -11.936 11.9159 -0.0201129
209.258 -0.0169541 0.00357439 -11.9352 11.9151 -0.020109
209.27 -0.0169534 0.00357491 -11.9344 11.9143 -0.0201055
209.281 -0.0169527 0.003575 -11.9337 11.9136 -0.0201021
209.292 -0.0169518 0.00357496 -11.9329 11.9128 -0.0200987
209.303 -0.0169509 0.00357499 -11.9321 11.912 -0.0200955
209.315 -0.0169498 0.00357501 -11.9313 11.9112 -0.0200916
209.326 -0.0169488 0.00357527 -11.9305 11.9104 -0.0200874
209.337 -0.0169475 0.00357519 -11.9297 11.9096 -0.0200841
209.348 -0.0169465 0.00357521 -11.9289 11.9088 -0.0200804
209.36 -0.0169452 0.00357538 -11.9281 11.908 -0.0200767
209.371 -0.0169441 0.0035755 -11.9273 11.9072 -0.0200729
209.382 -0.0169427 0.00357566 -11.9265 11.9064 -0.0200688
209.393 -0.0169413 0.00357644 -11.9257 11.9056 -0.0200648
209.404 -0.0169396 0.00357698 -11.9249 11.9049 -0.0200612
209.416 -0.0169376 0.00357731 -11.9242 11.9041 -0.0200573
209.427 -0.0169356 0.00357784 -11.9234 11.9033 -0.0200539
209.438 -0.0169342 0.00357839 -11.9226 11.9026 -0.0200508
209.449 -0.0169327 0.00357923 -11.9218 11.9018 -0.0200479
209.461 -0.0169318 0.00357994 -11.921 11.901 -0.0200452
209.472 -0.0169309 0.00358042 -11.9202 11.9002 -0.0200431
209.483 -0.0169302 0.00358068 -11.9194 11.8994 -0.0200404
209.494 -0.0169298 0.00358097 -11.9186 11.8985 -0.0200381
209.506 -0.0169296 0.00358119 -11.9178 11.8977 -0.020036
209.517 -0.0169289 0.00358165 -11.917 11.8969 -0.0200329
209.528 -0.0169279 0.00358254 -11.9162 11.8961 -0.0200298
209.539 -0.0169269 0.00358353 -11.9154 11.8953 -0.020027
209.551 -0.016926 0.00358442 -11.9146 11.8946 -0.0200238
209.562 -0.0169248 0.00358582 -11.9138 11.8938 -0.0200211
209.573 -0.0169238 0.00358707 -11.913 11.893 -0.0200185
209.584 -0.0169227 0.00358837 -11.9122 11.8922 -0.0200154
209.596 -0.0169217 0.00358936 -11.9115 11.8914 -0.0200126
209.607 -0.0169205 0.003591 -11.9107 11.8907 -0.0200095
209.618 -0.0169187 0.0035917 -11.9099 11.8899 -0.0200058
209.629 -0.0169171 0.00359277 -11.9091 11.8891 -0.020002
209.64 -0.0169152 0.00359363 -11.9084 11.8884 -0.0199978
209.652 -0.0169133 0.00359471 -11.9076 11.8877 -0.0199931
209.663 -0.0169117 0.0035957 -11.9069 11.8869 -0.0199891
209.674 -0.0169097 0.00359657 -11.9062 11.8862 -0.0199848
209.685 -0.0169082 0.00359723 -11.9055 11.8855 -0.0199801
209.697 -0.0169071 0.00359839 -11.9048 11.8848 -0.0199762
209.708 -0.0169059 0.00359916 -11.9042 11.8842 -0.0199722
209.719 -0.0169047 0.00359988 -11.9035 11.8835 -0.0199681
209.73 -0.0169029 0.00360014 -11.9028 11.8829 -0.0199654
209.742 -0.0169014 0.00360048 -11.9022 11.8822 -0.0199634
209.753 -0.0168991 0.00360051 -11.9015 11.8815 -0.0199598
209.764 -0.0168979 0.00360056 -11.9008 11.8809 -0.0199567
209.775 -0.0168965 0.00360076 -11.9002 11.8802 -0.0199534
209.787 -0.0168947 0.00360054 -11.8995 11.8796 -0.0199499
209.798 -0.0168933 0.00360077 -11.8988 11.8789 -0.0199467
209.809 -0.0168911 0.00360117 -11.8982 11.8782 -0.0199427
209.82 -0.0168894 0.00360149 -11.8975 11.8776 -0.019939
209.831 -0.0168879 0.00360159 -11.8969 11.8769 -0.0199354
209.843 -0.0168866 0.00360175 -11.8962 11.8763 -0.0199321
209.854 -0.0168852 0.00360149 -11.8956 11.8756 -0.0199287
209.865 -0.0168842 0.00360164 -11.8949 11.875 -0.0199261
209.876 -0.0168827 0.00360223 -11.8942 11.8743 -0.0199234
209.888 -0.0168814 0.00360244 -11.8935 11.8736 -0.0199204
209.899 -0.0168801 0.00360307 -11.8928 11.8729 -0.019918
209.91 -0.0168789 0.00360367 -11.8921 11.8722 -0.0199152
209.921 -0.0168774 0.0036039 -11.8914 11.8715 -0.0199125
209.933 -0.016876 0.00360437 -11.8907 11.8708 -0.0199093
209.944 -0.0168745 0.00360508 -11.89 11.8701 -0.0199059
209.955 -0.0168732 0.00360603 -11.8892 11.8693 -0.0199019
209.966 -0.0168721 0.00360695 -11.8885 11.8686 -0.0198981
209.978 -0.0168708 0.00360782 -11.8879 11.868 -0.0198943
209.989 -0.0168695 0.00360863 -11.8872 11.8673 -0.0198902
210 -0.0168684 0.00360955 -11.8865 11.8666 -0.0198863
210.011 -0.0168669 0.00361066 -11.8858 11.8659 -0.0198827
210.022 -0.0168658 0.00361157 -11.8851 11.8652 -0.0198795
210.034 -0.0168651 0.00361173 -11.8844 11.8646 -0.0198768
210.045 -0.0168642 0.00361201 -11.8838 11.8639 -0.0198745
210.056 -0.0168635 0.00361181 -11.883 11.8631 -0.0198722
210.067 -0.0168623 0.00361151 -11.8823 11.8624 -0.0198703
210.079 -0.0168613 0.00361091 -11.8815 11.8617 -0.0198686
210.09 -0.0168601 0.00361076 -11.8808 11.8609 -0.0198665
210.101 -0.0168586 0.00361118 -11.88 11.8601 -0.0198637
210.112 -0.0168571 0.00361169 -11.8792 11.8593 -0.0198608
210.124 -0.0168565 0.00361166 -11.8784 11.8585 -0.0198572
210.135 -0.0168558 0.00361208 -11.8776 11.8578 -0.0198538
210.146 -0.016855 0.0036126 -11.8768 11.857 -0.0198505
210.157 -0.0168543 0.00361329 -11.8761 11.8562 -0.0198471
210.169 -0.0168529 0.00361423 -11.8753 11.8554 -0.0198432
210.18 -0.0168514 0.00361513 -11.8745 11.8547 -0.0198394
210.191 -0.0168499 0.00361545 -11.8737 11.8539 -0.0198356
210.202 -0.0168484 0.00361645 -11.873 11.8532 -0.0198315
210.213 -0.0168469 0.00361704 -11.8722 11.8524 -0.0198271
210.225 -0.0168451 0.00361744 -11.8715 11.8517 -0.019823
210.236 -0.0168432 0.00361792 -11.8708 11.851 -0.0198187
210.247 -0.0168408 0.00361854 -11.8701 11.8503 -0.0198141
210.258 -0.016839 0.00361921 -11.8694 11.8496 -0.0198094
210.27 -0.016837 0.00361996 -11.8687 11.8489 -0.0198053
210.281 -0.0168351 0.00362078 -11.868 11.8482 -0.0198015
210.292 -0.016833 0.0036213 -11.8674 11.8476 -0.0197976
210.303 -0.0168308 0.00362189 -11.8667 11.8469 -0.0197946
210.315 -0.0168285 0.00362237 -11.866 11.8462 -0.0197913
210.326 -0.0168266 0.00362333 -11.8653 11.8455 -0.0197884
210.337 -0.0168247 0.00362401 -11.8646 11.8448 -0.0197857
210.348 -0.0168231 0.00362473 -11.8639 11.8441 -0.0197833
210.36 -0.0168218 0.00362527 -11.8631 11.8433 -0.019781
210.371 -0.0168207 0.00362548 -11.8624 11.8426 -0.019779
210.382 -0.0168197 0.0036263 -11.8616 11.8418 -0.0197773
210.393 -0.0168179 0.00362755 -11.8608 11.841 -0.0197746
210.404 -0.0168163 0.00362833 -11.86 11.8403 -0.019772
210.416 -0.0168145 0.00362943 -11.8592 11.8395 -0.0197696
210.427 -0.0168131 0.00363029 -11.8584 11.8387 -0.0197669
210.438 -0.0168117 0.00363104 -11.8576 11.8378 -0.0197638
210.449 -0.01681 0.00363189 -11.8568 11.837 -0.0197614
210.461 -0.0168089 0.00363311 -11.8559 11.8362 -0.0197577
210.472 -0.016807 0.00363438 -11.8551 11.8353 -0.0197543
210.483 -0.0168055 0.00363568 -11.8543 11.8345 -0.0197506
210.494 -0.0168035 0.00363672 -11.8534 11.8337 -0.0197474
210.506 -0.016801 0.00363769 -11.8526 11.8328 -0.0197438
210.517 -0.0167988 0.00363819 -11.8517 11.832 -0.0197408
210.528 -0.0167962 0.00363887 -11.8509 11.8311 -0.0197372
210.539 -0.0167933 0.00363938 -11.85 11.8302 -0.0197335
210.551 -0.0167899 0.00364018 -11.8491 11.8294 -0.0197296
210.562 -0.0167867 0.0036407 -11.8483 11.8285 -0.0197254
210.573 -0.0167832 0.00364139 -11.8474 11.8277 -0.0197212
210.584 -0.0167799 0.00364192 -11.8466 11.8269 -0.0197176
210.596 -0.0167769 0.00364272 -11.8458 11.826 -0.0197139
210.607 -0.0167741 0.00364343 -11.8449 11.8252 -0.0197101
210.618 -0.0167711 0.00364422 -11.8441 11.8244 -0.0197062
210.629 -0.0167682 0.00364471 -11.8432 11.8235 -0.0197018
210.64 -0.0167654 0.00364518 -11.8423 11.8226 -0.0196979
210.652 -0.0167629 0.00364512 -11.8415 11.8218 -0.0196944
210.663 -0.0167607 0.0036447 -11.8406 11.8209 -0.0196904
210.674 -0.0167586 0.00364497 -11.8397 11.82 -0.0196866
210.685 -0.0167566 0.00364541 -11.8388 11.8191 -0.019683
210.697 -0.0167556 0.00364602 -11.8378 11.8181 -0.0196788
210.708 -0.0167546 0.00364691 -11.8369 11.8172 -0.0196746
210.719 -0.0167528 0.0036484 -11.8359 11.8163 -0.0196705
210.73 -0.0167508 0.00364976 -11.835 11.8153 -0.0196661
210.742 -0.0167485 0.00365141 -11.834 11.8143 -0.0196617
210.753 -0.016747 0.00365282 -11.833 11.8133 -0.019658
210.764 -0.0167456 0.00365408 -11.832 11.8123 -0.0196536
210.775 -0.0167442 0.00365551 -11.831 11.8113 -0.0196496
210.787 -0.0167427 0.00365675 -11.83 11.8103 -0.0196456
210.798 -0.0167416 0.00365767 -11.8289 11.8093 -0.0196416
210.809 -0.0167407 0.0036583 -11.8279 11.8083 -0.019638
210.82 -0.0167393 0.00365927 -11.8269 11.8073 -0.0196343
210.831 -0.0167389 0.00365983 -11.8258 11.8062 -0.0196303
210.843 -0.0167382 0.00366115 -11.8248 11.8051 -0.019627
210.854 -0.016737 0.0036622 -11.8237 11.8041 -0.0196233
210.865 -0.0167354 0.00366346 -11.8226 11.803 -0.0196196
210.876 -0.0167344 0.00366446 -11.8215 11.8019 -0.019616
210.888 -0.0167331 0.00366556 -11.8204 11.8008 -0.019613
210.899 -0.0167319 0.00366682 -11.8193 11.7997 -0.0196095
210.91 -0.0167303 0.00366885 -11.8182 11.7986 -0.0196062
210.921 -0.0167291 0.00367082 -11.8171 11.7975 -0.0196031
210.933 -0.0167278 0.00367261 -11.816 11.7964 -0.0195994
210.944 -0.0167264 0.00367448 -11.8149 11.7953 -0.0195958
210.955 -0.0167249 0.00367628 -11.8137 11.7941 -0.0195923
210.966 -0.0167235 0.00367728 -11.8126 11.793 -0.0195885
210.978 -0.0167219 0.00367864 -11.8115 11.7919 -0.019585
210.989 -0.0167202 0.00368033 -11.8103 11.7907 -0.0195818
211 -0.0167187 0.00368153 -11.8092 11.7896 -0.019579
211.011 -0.0167173 0.00368279 -11.808 11.7884 -0.0195759
211.022 -0.0167159 0.00368431 -11.8069 11.7873 -0.0195735
211.034 -0.0167146 0.00368594 -11.8057 11.7861 -0.0195703
211.045 -0.0167135 0.00368751 -11.8045 11.7849 -0.0195676
211.056 -0.0167122 0.00368959 -11.8033 11.7837 -0.0195639
211.067 -0.0167109 0.00369176 -11.8021 11.7825 -0.0195602
211.079 -0.0167089 0.00369368 -11.8009 11.7813 -0.0195571
211.09 -0.0167065 0.00369571 -11.7997 11.7801 -0.0195542
211.101 -0.0167051 0.00369706 -11.7984 11.7789 -0.0195504
211.112 -0.0167028 0.00369889 -11.7972 11.7777 -0.0195468
211.124 -0.0167006 0.00370082 -11.796 11.7764 -0.019544
211.135 -0.0166986 0.00370172 -11.7947 11.7752 -0.0195407
211.146 -0.0166968 0.00370249 -11.7934 11.7739 -0.0195375
211.157 -0.0166952 0.00370377 -11.7921 11.7726 -0.0195354
211.169 -0.0166939 0.00370417 -11.7908 11.7713 -0.0195324
211.18 -0.0166933 0.00370484 -11.7895 11.7699 -0.0195295
211.191 -0.0166926 0.00370581 -11.7881 11.7686 -0.0195267
211.202 -0.0166924 0.00370674 -11.7868 11.7673 -0.0195236
211.213 -0.0166921 0.00370823 -11.7855 11.7659 -0.0195205
211.225 -0.0166918 0.00370958 -11.7841 11.7646 -0.0195179
211.236 -0.0166917 0.00371096 -11.7827 11.7632 -0.0195143
211.247 -0.0166914 0.00371233 -11.7814 11.7618 -0.0195106
211.258 -0.0166902 0.00371361 -11.78 11.7605 -0.0195073
211.27 -0.0166892 0.0037151 -11.7786 11.7591 -0.0195033
211.281 -0.016688 0.00371669 -11.7773 11.7578 -0.0194992
211.292 -0.0166868 0.00371796 -11.7759 11.7564 -0.0194948
211.303 -0.0166855 0.00371988 -11.7746 11.7551 -0.0194901
211.315 -0.0166842 0.00372198 -11.7732 11.7537 -0.0194857
211.326 -0.0166835 0.00372448 -11.7719 11.7524 -0.0194813
211.337 -0.0166826 0.00372676 -11.7706 11.7511 -0.0194769
211.348 -0.0166815 0.00372876 -11.7692 11.7498 -0.0194728
211.36 -0.0166803 0.00373129 -11.7679 11.7485 -0.0194689
211.371 -0.0166795 0.00373332 -11.7666 11.7471 -0.019465
211.382 -0.0166783 0.0037353 -11.7653 11.7458 -0.0194609
211.393 -0.0166767 0.00373752 -11.764 11.7445 -0.019457
211.404 -0.0166757 0.00373909 -11.7626 11.7432 -0.0194531
211.416 -0.0166745 0.00374028 -11.7613 11.7418 -0.01945
211.427 -0.0166736 0.00374187 -11.7599 11.7405 -0.0194473
211.438 -0.0166731 0.00374345 -11.7586 11.7391 -0.0194438
211.449 -0.0166718 0.00374556 -11.7572 11.7378 -0.0194404
211.461 -0.0166706 0.00374738 -11.7559 11.7364 -0.0194373
211.472 -0.0166696 0.00374933 -11.7545 11.7351 -0.0194341
211.483 -0.0166684 0.00375164 -11.7531 11.7337 -0.0194307
211.494 -0.016667 0.00375392 -11.7518 11.7323 -0.0194272
211.506 -0.016665 0.00375549 -11.7504 11.731 -0.0194239
211.517 -0.0166632 0.00375715 -11.7491 11.7296 -0.0194208
211.528 -0.0166613 0.00375899 -11.7476 11.7282 -0.0194165
211.539 -0.0166596 0.00376059 -11.7463 11.7269 -0.0194122
211.551 -0.0166574 0.00376253 -11.7449 11.7255 -0.0194082
211.562 -0.0166556 0.00376376 -11.7435 11.7241 -0.0194045
211.573 -0.0166543 0.00376553 -11.7421 11.7227 -0.0194006
211.584 -0.016653 0.00376678 -11.7407 11.7213 -0.0193972
211.596 -0.0166512 0.00376808 -11.7393 11.7199 -0.0193946
211.607 -0.0166493 0.00376936 -11.7379 11.7185 -0.0193918
211.618 -0.0166481 0.00377107 -11.7364 11.717 -0.019389
211.629 -0.0166465 0.00377272 -11.735 11.7156 -0.0193869
211.64 -0.0166454 0.00377375 -11.7335 11.7141 -0.0193845
211.652 -0.0166444 0.00377482 -11.732 11.7127 -0.0193821
211.663 -0.0166439 0.00377634 -11.7306 11.7112 -0.0193794
211.674 -0.0166441 0.00377778 -11.7291 11.7097 -0.0193754
211.685 -0.0166439 0.00377951 -11.7276 11.7083 -0.0193715
211.697 -0.0166437 0.00378133 -11.7262 11.7068 -0.019368
211.708 -0.0166433 0.0037834 -11.7247 11.7054 -0.019364
211.719 -0.0166424 0.00378486 -11.7233 11.7039 -0.0193602
211.73 -0.0166417 0.00378696 -11.7218 11.7025 -0.0193562
211.742 -0.0166408 0.0037885 -11.7204 11.701 -0.0193521
211.753 -0.0166396 0.00379023 -11.719 11.6996 -0.0193481
211.764 -0.016638 0.00379201 -11.7176 11.6982 -0.0193445
211.775 -0.0166369 0.00379405 -11.7161 11.6968 -0.0193401
211.787 -0.0166356 0.00379598 -11.7148 11.6954 -0.0193358
211.798 -0.016634 0.00379805 -11.7134 11.694 -0.0193317
211.809 -0.0166326 0.00380016 -11.712 11.6927 -0.0193277
211.82 -0.0166309 0.00380198 -11.7106 11.6913 -0.0193235
211.831 -0.0166292 0.00380373 -11.7092 11.6899 -0.0193195
211.843 -0.0166277 0.0038055 -11.7079 11.6886 -0.0193154
211.854 -0.0166262 0.00380738 -11.7065 11.6872 -0.0193111
211.865 -0.0166244 0.00380929 -11.7052 11.6859 -0.0193069
211.876 -0.0166231 0.00381145 -11.7038 11.6845 -0.0193022
211.888 -0.0166218 0.00381376 -11.7025 11.6832 -0.0192978
211.899 -0.0166206 0.00381658 -11.7012 11.6819 -0.0192934
211.91 -0.0166197 0.00381907 -11.6999 11.6806 -0.0192888
211.921 -0.0166185 0.00382132 -11.6986 11.6793 -0.0192844
211.933 -0.016617 0.00382381 -11.6973 11.678 -0.019281
211.944 -0.0166153 0.00382621 -11.696 11.6767 -0.0192772
211.955 -0.0166135 0.00382783 -11.6947 11.6754 -0.019274
211.966 -0.0166121 0.0038298 -11.6934 11.6741 -0.0192709
211.978 -0.0166107 0.00383064 -11.6921 11.6728 -0.0192682
211.989 -0.0166089 0.00383181 -11.6907 11.6715 -0.0192656
212 -0.0166068 0.00383337 -11.6894 11.6701 -0.019263
212.011 -0.0166049 0.00383448 -11.688 11.6687 -0.0192601
212.022 -0.0166024 0.00383593 -11.6866 11.6674 -0.0192566
212.034 -0.0166004 0.00383817 -11.6852 11.666 -0.0192528
212.045 -0.0165982 0.00384036 -11.6838 11.6646 -0.0192484
212.056 -0.0165958 0.00384209 -11.6824 11.6631 -0.0192442
212.067 -0.0165934 0.00384402 -11.681 11.6617 -0.0192404
212.079 -0.0165909 0.0038457 -11.6795 11.6603 -0.0192365
212.09 -0.0165884 0.00384697 -11.6781 11.6589 -0.0192328
212.101 -0.0165864 0.00384748 -11.6766 11.6574 -0.0192298
212.112 -0.0165846 0.00384844 -11.6752 11.6559 -0.0192257
212.124 -0.0165827 0.00384916 -11.6737 11.6545 -0.0192217
212.135 -0.016581 0.00385023 -11.6722 11.653 -0.0192185
212.146 -0.0165796 0.00385117 -11.6707 11.6515 -0.0192142
212.157 -0.016578 0.00385235 -11.6692 11.65 -0.0192104
212.169 -0.0165765 0.00385367 -11.6678 11.6486 -0.0192069
212.18 -0.0165751 0.00385504 -11.6663 11.6471 -0.0192029
212.191 -0.0165739 0.00385635 -11.6647 11.6455 -0.0191987
212.202 -0.0165729 0.00385832 -11.6633 11.6441 -0.0191944
212.213 -0.016572 0.00385987 -11.6618 11.6426 -0.01919
212.225 -0.0165709 0.00386147 -11.6603 11.6411 -0.0191856
212.236 -0.0165696 0.00386291 -11.6588 11.6396 -0.0191811
212.247 -0.016569 0.00386361 -11.6573 11.6381 -0.0191768
212.258 -0.0165678 0.00386463 -11.6557 11.6366 -0.0191724
212.27 -0.0165667 0.0038653 -11.6543 11.6351 -0.019168
212.281 -0.0165654 0.00386558 -11.6527 11.6336 -0.0191634
212.292 -0.0165647 0.00386576 -11.6512 11.6321 -0.0191593
212.303 -0.016564 0.00386665 -11.6497 11.6306 -0.0191549
212.315 -0.016563 0.00386731 -11.6482 11.6291 -0.0191506
212.326 -0.0165621 0.00386772 -11.6467 11.6275 -0.0191464
212.337 -0.0165613 0.00386823 -11.6452 11.626 -0.0191423
212.348 -0.0165604 0.00386853 -11.6436 11.6245 -0.0191385
212.36 -0.0165593 0.00386894 -11.6421 11.6229 -0.0191341
212.371 -0.0165585 0.00386951 -11.6405 11.6214 -0.0191296
212.382 -0.0165579 0.00387056 -11.6389 11.6198 -0.019125
212.393 -0.0165573 0.00387163 -11.6373 11.6182 -0.0191208
212.404 -0.0165565 0.00387328 -11.6357 11.6166 -0.0191164
212.416 -0.0165555 0.00387445 -11.6341 11.615 -0.0191122
212.427 -0.0165544 0.00387546 -11.6324 11.6133 -0.0191084
212.438 -0.0165535 0.00387666 -11.6308 11.6117 -0.0191045
212.449 -0.016553 0.0038777 -11.6291 11.61 -0.0190997
212.461 -0.0165517 0.00387891 -11.6274 11.6083 -0.0190959
212.472 -0.0165511 0.00388043 -11.6257 11.6066 -0.0190915
212.483 -0.0165501 0.00388248 -11.624 11.6049 -0.0190879
212.494 -0.0165493 0.00388438 -11.6223 11.6032 -0.0190837
212.506 -0.0165485 0.00388623 -11.6205 11.6015 -0.0190799
212.517 -0.0165479 0.00388827 -11.6188 11.5997 -0.0190756
212.528 -0.0165478 0.00389042 -11.617 11.5979 -0.0190715
212.539 -0.0165475 0.00389207 -11.6152 11.5962 -0.0190677
212.551 -0.0165471 0.00389387 -11.6134 11.5944 -0.0190633
212.562 -0.0165467 0.00389558 -11.6116 11.5926 -0.0190594
212.573 -0.0165461 0.00389731 -11.6098 11.5908 -0.0190556
212.584 -0.0165455 0.0038991 -11.608 11.5889 -0.0190516
212.596 -0.0165451 0.00390037 -11.6061 11.5871 -0.0190477
212.607 -0.0165443 0.00390185 -11.6042 11.5852 -0.0190444
212.618 -0.0165433 0.00390379 -11.6023 11.5833 -0.01904
212.629 -0.0165422 0.00390584 -11.6004 11.5813 -0.0190355
212.64 -0.016541 0.00390703 -11.5984 11.5794 -0.0190318
212.652 -0.0165405 0.00390819 -11.5965 11.5774 -0.019028
212.663 -0.01654 0.00390919 -11.5944 11.5754 -0.0190243
212.674 -0.0165395 0.00391013 -11.5924 11.5734 -0.0190211
212.685 -0.0165385 0.00391148 -11.5903 11.5713 -0.019017
212.697 -0.0165372 0.00391244 -11.5882 11.5692 -0.0190142
212.708 -0.0165363 0.00391376 -11.586 11.567 -0.019011
212.719 -0.0165355 0.00391505 -11.5838 11.5648 -0.0190073
212.73 -0.0165346 0.00391676 -11.5816 11.5626 -0.0190034
212.742 -0.0165339 0.00391829 -11.5794 11.5604 -0.0190001
212.753 -0.0165335 0.00391969 -11.5771 11.5581 -0.0189964
212.764 -0.0165331 0.00392123 -11.5747 11.5558 -0.0189922
212.775 -0.0165328 0.00392279 -11.5724 11.5534 -0.0189884
212.787 -0.016532 0.00392371 -11.57 11.5511 -0.0189839
212.798 -0.0165312 0.00392511 -11.5676 11.5487 -0.01898
212.809 -0.0165307 0.00392632 -11.5652 11.5462 -0.0189765
212.82 -0.0165304 0.0039274 -11.5627 11.5438 -0.018973
212.831 -0.0165298 0.00392805 -11.5602 11.5412 -0.0189695
212.843 -0.0165296 0.00392862 -11.5576 11.5387 -0.0189664
212.854 -0.0165295 0.00392926 -11.555 11.5361 -0.0189629
212.865 -0.016529 0.00392996 -11.5524 11.5334 -0.0189596
212.876 -0.0165284 0.0039307 -11.5497 11.5308 -0.0189571
212.888 -0.0165276 0.003931 -11.547 11.528 -0.0189545
212.899 -0.0165266 0.00393128 -11.5442 11.5252 -0.0189516
212.91 -0.0165255 0.00393181 -11.5413 11.5224 -0.018949
212.921 -0.0165245 0.00393247 -11.5384 11.5195 -0.0189456
212.933 -0.016524 0.00393351 -11.5355 11.5165 -0.0189427
212.944 -0.0165234 0.00393404 -11.5325 11.5135 -0.0189401
212.955 -0.0165227 0.00393431 -11.5294 11.5105 -0.0189376
212.966 -0.016522 0.00393517 -11.5263 11.5074 -0.0189342
212.978 -0.0165215 0.00393561 -11.5232 11.5042 -0.0189312
212.989 -0.016521 0.00393663 -11.5199 11.501 -0.0189275
213 -0.0165206 0.00393764 -11.5167 11.4978 -0.0189235
213.011 -0.0165201 0.00393871 -11.5135 11.4945 -0.0189195
213.022 -0.0165195 0.00393955 -11.5101 11.4912 -0.0189155
213.034 -0.0165188 0.00394017 -11.5068 11.4879 -0.0189119
213.045 -0.0165177 0.00394106 -11.5034 11.4845 -0.0189089
213.056 -0.0165165 0.00394238 -11.5 11.4811 -0.018905
213.067 -0.0165154 0.00394419 -11.4966 11.4777 -0.0189016
213.079 -0.0165144 0.00394612 -11.4931 11.4742 -0.0188984
213.09 -0.0165139 0.00394795 -11.4895 11.4707 -0.0188944
213.101 -0.0165137 0.00394891 -11.4859 11.4671 -0.0188898
213.112 -0.0165132 0.00395018 -11.4823 11.4634 -0.0188857
213.124 -0.0165127 0.00395117 -11.4787 11.4598 -0.0188802
213.135 -0.0165123 0.00395227 -11.475 11.4561 -0.0188748
213.146 -0.0165117 0.00395308 -11.4713 11.4525 -0.0188703
213.157 -0.0165118 0.00395398 -11.4676 11.4488 -0.0188649
213.169 -0.0165118 0.00395486 -11.4639 11.445 -0.01886
213.18 -0.0165112 0.00395527 -11.4601 11.4413 -0.0188561
213.191 -0.0165102 0.0039554 -11.4563 11.4374 -0.0188523
213.202 -0.0165096 0.00395557 -11.4524 11.4336 -0.0188482
213.213 -0.0165091 0.00395577 -11.4485 11.4297 -0.0188444
213.225 -0.0165088 0.00395677 -11.4446 11.4257 -0.0188403
213.236 -0.0165087 0.00395732 -11.4406 11.4217 -0.0188361
213.247 -0.016509 0.00395782 -11.4365 11.4177 -0.0188321
213.258 -0.0165088 0.00395797 -11.4324 11.4136 -0.0188287
213.27 -0.0165089 0.00395813 -11.4283 11.4095 -0.0188247
213.281 -0.0165088 0.00395863 -11.4241 11.4053 -0.0188212
213.292 -0.0165089 0.0039593 -11.4198 11.401 -0.018817
213.303 -0.0165093 0.00396003 -11.4155 11.3967 -0.0188127
213.315 -0.0165096 0.00396033 -11.4112 11.3924 -0.0188092
213.326 -0.0165096 0.00396135 -11.4069 11.3881 -0.0188052
213.337 -0.0165097 0.00396226 -11.4024 11.3836 -0.018801
213.348 -0.0165097 0.00396351 -11.398 11.3792 -0.0187975
213.36 -0.0165091 0.00396471 -11.3935 11.3747 -0.0187942
213.371 -0.0165083 0.00396572 -11.3889 11.3701 -0.0187909
213.382 -0.0165073 0.00396677 -11.3843 11.3655 -0.0187881
213.393 -0.0165059 0.00396774 -11.3796 11.3608 -0.0187851
213.404 -0.016505 0.0039676 -11.3748 11.356 -0.0187822
213.416 -0.0165043 0.00396754 -11.37 11.3513 -0.0187789
213.427 -0.0165038 0.00396787 -11.3652 11.3464 -0.0187748
213.438 -0.0165037 0.00396827 -11.3603 11.3415 -0.0187704
213.449 -0.0165041 0.00396886 -11.3554 11.3367 -0.0187668
213.461 -0.0165048 0.00396921 -11.3504 11.3317 -0.0187628
213.472 -0.0165051 0.00396919 -11.3454 11.3267 -0.0187596
213.483 -0.0165054 0.00396928 -11.3403 11.3216 -0.0187566
213.494 -0.016506 0.00396928 -11.3352 11.3165 -0.0187529
213.506 -0.0165069 0.00396953 -11.33 11.3113 -0.0187495
213.517 -0.0165079 0.00397025 -11.3248 11.3061 -0.0187462
213.528 -0.016509 0.0039707 -11.3196 11.3008 -0.0187426
213.539 -0.01651 0.00397066 -11.3142 11.2955 -0.0187391
213.551 -0.0165109 0.0039706 -11.3089 11.2902 -0.0187361
213.562 -0.0165109 0.00397098 -11.3035 11.2847 -0.0187336
213.573 -0.0165115 0.00397099 -11.298 11.2793 -0.0187311
213.584 -0.0165118 0.0039712 -11.2925 11.2738 -0.0187287
213.596 -0.0165117 0.00397106 -11.287 11.2682 -0.0187261
213.607 -0.0165109 0.00397115 -11.2813 11.2626 -0.018724
213.618 -0.0165112 0.00397154 -11.2757 11.2569 -0.0187211
213.629 -0.0165117 0.00397195 -11.27 11.2512 -0.0187171
213.64 -0.0165127 0.00397264 -11.2642 11.2455 -0.0187123
213.652 -0.0165134 0.00397291 -11.2585 11.2398 -0.0187085
213.663 -0.0165143 0.00397327 -11.2527 11.234 -0.0187046
213.674 -0.0165151 0.00397384 -11.2469 11.2282 -0.0187011
213.685 -0.0165152 0.00397424 -11.2411 11.2224 -0.0186982
213.697 -0.0165153 0.00397472 -11.2352 11.2165 -0.0186947
213.708 -0.0165152 0.00397573 -11.2293 11.2106 -0.0186909
213.719 -0.0165153 0.00397693 -11.2234 11.2047 -0.0186872
213.73 -0.0165155 0.00397812 -11.2174 11.1987 -0.0186838
213.742 -0.0165156 0.00397896 -11.2114 11.1927 -0.0186807
213.753 -0.0165161 0.00397935 -11.2054 11.1867 -0.0186778
213.764 -0.0165167 0.00397899 -11.1993 11.1806 -0.0186745
213.775 -0.0165175 0.00397855 -11.1932 11.1745 -0.0186708
213.787 -0.0165175 0.00397769 -11.187 11.1683 -0.0186683
213.798 -0.0165174 0.00397675 -11.1808 11.1621 -0.0186665
213.809 -0.0165165 0.00397572 -11.1746 11.1559 -0.0186653
213.82 -0.0165162 0.00397576 -11.1683 11.1496 -0.0186634
213.831 -0.0165163 0.00397522 -11.1619 11.1433 -0.0186602
213.843 -0.0165164 0.00397474 -11.1556 11.1369 -0.0186571
213.854 -0.0165172 0.0039749 -11.1492 11.1305 -0.0186538
213.865 -0.0165182 0.00397518 -11.1428 11.1242 -0.0186501
213.876 -0.0165193 0.00397596 -11.1364 11.1178 -0.0186461
213.888 -0.0165198 0.00397686 -11.13 11.1114 -0.0186423
213.899 -0.0165203 0.00397819 -11.1236 11.105 -0.0186381
213.91 -0.0165215 0.00397931 -11.1172 11.0986 -0.0186338
213.921 -0.0165228 0.00398094 -11.1108 11.0922 -0.0186298
213.933 -0.0165235 0.00398216 -11.1044 11.0858 -0.0186261
213.944 -0.0165241 0.00398273 -11.098 11.0794 -0.018623
213.955 -0.016525 0.00398347 -11.0916 11.073 -0.0186199
213.966 -0.0165258 0.00398394 -11.0851 11.0665 -0.0186172
213.978 -0.0165258 0.00398414 -11.0786 11.06 -0.0186145
213.989 -0.0165263 0.00398412 -11.0722 11.0536 -0.018612
214 -0.0165266 0.00398454 -11.0656 11.047 -0.018609
214.011 -0.0165273 0.00398507 -11.0591 11.0405 -0.0186061
214.022 -0.0165289 0.00398496 -11.0526 11.034 -0.0186025
214.034 -0.0165297 0.00398468 -11.046 11.0274 -0.0185998
214.045 -0.016531 0.00398497 -11.0394 11.0208 -0.0185965
214.056 -0.0165319 0.00398539 -11.0328 11.0142 -0.0185937
214.067 -0.0165336 0.00398606 -11.0263 11.0077 -0.0185905
214.079 -0.016535 0.00398655 -11.0197 11.0011 -0.018587
214.09 -0.0165365 0.00398722 -11.0131 10.9945 -0.018583
214.101 -0.0165378 0.00398757 -11.0065 10.988 -0.0185789
214.112 -0.0165391 0.00398804 -10.9999 10.9814 -0.0185749
214.124 -0.0165401 0.00398886 -10.9934 10.9748 -0.0185708
214.135 -0.0165409 0.00399007 -10.9868 10.9682 -0.0185665
214.146 -0.0165416 0.00399089 -10.9802 10.9616 -0.0185626
214.157 -0.0165419 0.00399178 -10.9736 10.9551 -0.0185594
214.169 -0.0165418 0.00399236 -10.9671 10.9485 -0.0185568
214.18 -0.0165418 0.00399382 -10.9604 10.9419 -0.0185541
214.191 -0.0165422 0.00399511 -10.9539 10.9353 -0.0185518
214.202 -0.0165436 0.00399586 -10.9473 10.9287 -0.0185482
214.213 -0.016545 0.00399645 -10.9407 10.9221 -0.0185447
214.225 -0.016547 0.00399724 -10.9341 10.9156 -0.0185407
214.236 -0.0165485 0.00399779 -10.9276 10.9091 -0.0185365
214.247 -0.0165501 0.00399789 -10.9211 10.9025 -0.0185326
214.258 -0.0165514 0.00399843 -10.9146 10.8961 -0.0185291
214.27 -0.0165526 0.00399873 -10.9081 10.8895 -0.0185257
214.281 -0.0165539 0.00399927 -10.9016 10.883 -0.0185221
214.292 -0.0165552 0.00400018 -10.8951 10.8766 -0.0185186
214.303 -0.0165565 0.00400067 -10.8886 10.8701 -0.0185148
214.315 -0.0165584 0.00400128 -10.8821 10.8636 -0.0185107
214.326 -0.0165598 0.00400234 -10.8757 10.8572 -0.0185069
214.337 -0.0165615 0.0040034 -10.8693 10.8508 -0.0185022
214.348 -0.0165621 0.00400442 -10.8629 10.8444 -0.0184986
214.36 -0.0165628 0.00400491 -10.8565 10.838 -0.0184951
214.371 -0.0165626 0.00400604 -10.85 10.8315 -0.0184924
214.382 -0.0165624 0.00400666 -10.8435 10.825 -0.0184898
214.393 -0.0165629 0.00400695 -10.837 10.8186 -0.0184862
214.404 -0.0165634 0.00400707 -10.8306 10.8121 -0.0184822
214.416 -0.016564 0.00400746 -10.8241 10.8056 -0.0184776
214.427 -0.0165651 0.00400828 -10.8177 10.7992 -0.0184732
214.438 -0.0165659 0.00400924 -10.8112 10.7928 -0.0184691
214.449 -0.0165666 0.00401006 -10.8048 10.7863 -0.0184658
214.461 -0.0165674 0.00401086 -10.7984 10.7799 -0.0184629
214.472 -0.0165685 0.00401152 -10.792 10.7735 -0.0184591
214.483 -0.0165697 0.00401179 -10.7856 10.7672 -0.0184552
214.494 -0.0165712 0.00401209 -10.7793 10.7609 -0.018451
214.506 -0.0165729 0.00401237 -10.773 10.7546 -0.0184464
214.517 -0.016574 0.00401332 -10.7668 10.7483 -0.0184427
214.528 -0.0165753 0.00401461 -10.7605 10.7421 -0.0184391
214.539 -0.0165774 0.00401534 -10.7543 10.7359 -0.0184348
214.551 -0.0165791 0.004016 -10.7481 10.7297 -0.0184307
214.562 -0.0165798 0.00401634 -10.742 10.7236 -0.0184277
214.573 -0.0165803 0.00401621 -10.7359 10.7174 -0.0184251
214.584 -0.0165812 0.00401653 -10.7297 10.7113 -0.0184224
214.596 -0.0165823 0.00401743 -10.7236 10.7052 -0.018419
214.607 -0.0165832 0.0040182 -10.7176 10.6991 -0.0184156
214.618 -0.0165842 0.00401907 -10.7115 10.6931 -0.018412
214.629 -0.0165847 0.00401974 -10.7055 10.6871 -0.0184088
214.64 -0.0165846 0.00402008 -10.6995 10.6811 -0.0184053
214.652 -0.0165848 0.00402044 -10.6936 10.6752 -0.0184024
214.663 -0.016585 0.00402095 -10.6877 10.6693 -0.0183992
214.674 -0.0165858 0.00402146 -10.6818 10.6634 -0.0183949
214.685 -0.0165865 0.00402245 -10.676 10.6576 -0.0183913
214.697 -0.0165873 0.00402362 -10.6702 10.6519 -0.018388
214.708 -0.0165889 0.00402395 -10.6645 10.6461 -0.0183841
214.719 -0.0165906 0.00402412 -10.6588 10.6404 -0.0183796
214.73 -0.0165927 0.00402443 -10.6532 10.6348 -0.0183761
214.742 -0.0165947 0.00402473 -10.6476 10.6292 -0.0183718
214.753 -0.0165963 0.00402486 -10.6421 10.6237 -0.0183678
214.764 -0.0165973 0.00402472 -10.6366 10.6182 -0.0183649
214.775 -0.0165981 0.00402447 -10.6311 10.6128 -0.0183619
214.787 -0.0165994 0.00402478 -10.6257 10.6073 -0.018359
214.798 -0.0166008 0.00402524 -10.6203 10.602 -0.0183559
214.809 -0.0166016 0.00402585 -10.615 10.5966 -0.0183527
214.82 -0.0166021 0.00402648 -10.6097 10.5914 -0.0183496
214.831 -0.0166027 0.00402647 -10.6045 10.5862 -0.0183472
214.843 -0.016603 0.00402724 -10.5993 10.581 -0.0183451
214.854 -0.016604 0.00402753 -10.5942 10.5758 -0.0183417
214.865 -0.0166044 0.00402767 -10.5891 10.5708 -0.0183395
214.876 -0.0166053 0.0040277 -10.584 10.5657 -0.018337
214.888 -0.0166065 0.00402792 -10.579 10.5607 -0.0183339
214.899 -0.0166081 0.00402831 -10.5741 10.5558 -0.0183299
214.91 -0.0166095 0.00402858 -10.5692 10.5509 -0.0183261
214.921 -0.0166108 0.00402887 -10.5644 10.5461 -0.0183226
214.933 -0.0166125 0.00402886 -10.5597 10.5414 -0.0183189
214.944 -0.0166138 0.0040284 -10.555 10.5367 -0.0183146
214.955 -0.0166149 0.00402877 -10.5504 10.5321 -0.0183112
214.966 -0.0166156 0.00402956 -10.5459 10.5276 -0.0183083
214.978 -0.016616 0.00403029 -10.5414 10.5231 -0.0183054
214.989 -0.0166164 0.00403076 -10.537 10.5187 -0.0183031
215 -0.0166177 0.00403185 -10.5326 10.5143 -0.0183001
215.011 -0.0166185 0.0040332 -10.5283 10.51 -0.0182974
215.022 -0.0166192 0.0040338 -10.524 10.5057 -0.0182947
215.034 -0.0166199 0.0040341 -10.5198 10.5015 -0.018292
215.045 -0.0166203 0.00403441 -10.5156 10.4973 -0.0182894
215.056 -0.016621 0.00403473 -10.5115 10.4932 -0.018286
215.067 -0.016622 0.0040349 -10.5074 10.4892 -0.0182825
215.079 -0.0166222 0.004035 -10.5034 10.4852 -0.0182792
215.09 -0.0166228 0.00403468 -10.4995 10.4812 -0.0182753
215.101 -0.0166235 0.00403455 -10.4957 10.4774 -0.0182716
215.112 -0.0166247 0.00403412 -10.4919 10.4736 -0.0182684
215.124 -0.0166263 0.004034 -10.4882 10.4699 -0.0182648
215.135 -0.0166276 0.00403388 -10.4845 10.4663 -0.0182617
215.146 -0.0166292 0.0040341 -10.481 10.4627 -0.0182574
215.157 -0.0166304 0.00403406 -10.4775 10.4593 -0.0182541
215.169 -0.0166317 0.00403519 -10.4741 10.4559 -0.0182503
215.18 -0.0166324 0.00403508 -10.4708 10.4525 -0.0182471
215.191 -0.0166333 0.00403454 -10.4675 10.4493 -0.0182436
215.202 -0.0166342 0.00403433 -10.4643 10.4461 -0.0182411
215.213 -0.0166345 0.00403425 -10.4611 10.4429 -0.0182386
215.225 -0.0166347 0.00403363 -10.458 10.4398 -0.0182365
215.236 -0.0166356 0.00403351 -10.4549 10.4367 -0.0182337
215.247 -0.0166365 0.00403354 -10.4519 10.4337 -0.0182309
215.258 -0.0166374 0.00403347 -10.4489 10.4307 -0.018228
215.27 -0.0166387 0.00403325 -10.4461 10.4278 -0.0182245
215.281 -0.0166397 0.00403348 -10.4432 10.425 -0.0182208
215.292 -0.0166405 0.00403423 -10.4405 10.4222 -0.0182178
215.303 -0.0166415 0.00403515 -10.4378 10.4196 -0.0182144
215.315 -0.0166424 0.00403591 -10.4352 10.417 -0.0182113
215.326 -0.0166433 0.00403645 -10.4326 10.4144 -0.0182081
215.337 -0.0166445 0.00403696 -10.4302 10.412 -0.0182045
215.348 -0.0166458 0.00403784 -10.4278 10.4096 -0.0182003
215.36 -0.0166471 0.00403902 -10.4256 10.4074 -0.018196
215.371 -0.0166493 0.00403967 -10.4234 10.4052 -0.0181911
215.382 -0.0166513 0.00404017 -10.4213 10.4031 -0.018186
215.393 -0.0166528 0.00404071 -10.4193 10.4011 -0.0181814
215.404 -0.0166545 0.00404109 -10.4174 10.3992 -0.018177
215.416 -0.0166558 0.00404119 -10.4155 10.3973 -0.0181723
215.427 -0.0166571 0.00404129 -10.4137 10.3955 -0.0181681
215.438 -0.0166575 0.004041 -10.412 10.3938 -0.0181644
215.449 -0.0166579 0.00404038 -10.4103 10.3921 -0.0181609
215.461 -0.0166584 0.00403971 -10.4087 10.3905 -0.0181574
215.472 -0.016659 0.00403921 -10.4071 10.3889 -0.0181549
215.483 -0.0166589 0.00403879 -10.4055 10.3873 -0.0181526
215.494 -0.0166596 0.00403874 -10.404 10.3858 -0.0181495
215.506 -0.0166603 0.00403856 -10.4025 10.3843 -0.0181459
215.517 -0.0166611 0.00403879 -10.401 10.3829 -0.0181421
215.528 -0.0166615 0.00403947 -10.3997 10.3815 -0.0181381
215.539 -0.0166624 0.00404016 -10.3984 10.3802 -0.0181338
215.551 -0.0166631 0.00404073 -10.3971 10.379 -0.0181294
215.562 -0.0166649 0.00404102 -10.3959 10.3778 -0.018124
215.573 -0.0166663 0.0040414 -10.3948 10.3767 -0.0181186
215.584 -0.0166674 0.00404179 -10.3937 10.3756 -0.0181135
215.596 -0.0166686 0.004042 -10.3927 10.3746 -0.0181087
215.607 -0.01667 0.00404191 -10.3918 10.3737 -0.0181044
215.618 -0.0166716 0.00404198 -10.3909 10.3728 -0.0180998
215.629 -0.0166736 0.00404197 -10.3901 10.372 -0.0180951
215.64 -0.0166755 0.00404242 -10.3894 10.3713 -0.0180905
215.652 -0.0166773 0.00404293 -10.3887 10.3706 -0.0180865
215.663 -0.0166791 0.00404363 -10.388 10.3699 -0.0180826
215.674 -0.0166814 0.00404412 -10.3874 10.3693 -0.0180787
215.685 -0.0166836 0.0040446 -10.3868 10.3687 -0.0180745
215.697 -0.0166851 0.00404527 -10.3863 10.3682 -0.018071
215.708 -0.0166866 0.00404546 -10.3858 10.3677 -0.0180678
215.719 -0.0166876 0.0040459 -10.3853 10.3672 -0.0180646
215.73 -0.0166883 0.00404708 -10.3848 10.3668 -0.0180612
215.742 -0.0166889 0.00404814 -10.3844 10.3663 -0.0180577
215.753 -0.0166894 0.00404956 -10.384 10.3659 -0.0180542
215.764 -0.0166897 0.00405024 -10.3836 10.3656 -0.0180506
215.775 -0.0166905 0.00405052 -10.3833 10.3653 -0.0180464
215.787 -0.0166914 0.00405 -10.3831 10.365 -0.0180412
215.798 -0.0166919 0.00404938 -10.3828 10.3648 -0.0180361
215.809 -0.016693 0.00404908 -10.3826 10.3646 -0.0180312
215.82 -0.0166944 0.00404878 -10.3825 10.3644 -0.018026
215.831 -0.0166964 0.00404902 -10.3824 10.3643 -0.0180206
215.843 -0.016698 0.00404957 -10.3823 10.3643 -0.018016
215.854 -0.0166996 0.00405029 -10.3823 10.3643 -0.0180112
215.865 -0.0167011 0.00405065 -10.3823 10.3643 -0.0180066
215.876 -0.016703 0.00405085 -10.3823 10.3643 -0.0180023
215.888 -0.0167044 0.00405074 -10.3824 10.3644 -0.0179977
215.899 -0.0167064 0.00405038 -10.3825 10.3645 -0.0179929
215.91 -0.0167086 0.00405032 -10.3826 10.3646 -0.0179885
215.921 -0.0167104 0.00405033 -10.3827 10.3648 -0.0179839
215.933 -0.016712 0.00405041 -10.3829 10.3649 -0.017979
215.944 -0.0167133 0.00405054 -10.3831 10.3651 -0.017975
215.955 -0.0167144 0.00405081 -10.3833 10.3654 -0.0179708
215.966 -0.0167155 0.00405131 -10.3835 10.3656 -0.0179664
215.978 -0.0167164 0.00405224 -10.3838 10.3658 -0.0179629
215.989 -0.0167175 0.00405279 -10.384 10.3661 -0.0179588
216 -0.0167186 0.00405332 -10.3842 10.3663 -0.0179543
216.011 -0.0167201 0.00405412 -10.3845 10.3666 -0.0179504
216.022 -0.0167213 0.00405486 -10.3848 10.3668 -0.0179457
216.034 -0.0167224 0.00405572 -10.3851 10.3671 -0.0179413
216.045 -0.0167233 0.00405716 -10.3854 10.3675 -0.0179372
216.056 -0.0167251 0.00405792 -10.3857 10.3678 -0.017932
216.067 -0.0167265 0.00405828 -10.3861 10.3682 -0.0179266
216.079 -0.016728 0.00405855 -10.3865 10.3686 -0.0179206
216.09 -0.0167293 0.00405866 -10.3869 10.369 -0.0179147
216.101 -0.0167305 0.00405832 -10.3873 10.3694 -0.0179086
216.112 -0.0167315 0.00405806 -10.3878 10.3699 -0.0179028
216.124 -0.0167331 0.00405812 -10.3883 10.3704 -0.0178966
216.135 -0.0167345 0.00405796 -10.3888 10.3709 -0.0178906
216.146 -0.0167361 0.00405784 -10.3893 10.3714 -0.0178847
216.157 -0.0167377 0.00405784 -10.3899 10.372 -0.0178784
216.169 -0.0167393 0.00405753 -10.3905 10.3726 -0.0178727
216.18 -0.016741 0.00405696 -10.3911 10.3732 -0.0178668
216.191 -0.0167424 0.004057 -10.3917 10.3738 -0.0178611
216.202 -0.0167439 0.00405629 -10.3923 10.3744 -0.0178551
216.213 -0.0167457 0.00405577 -10.3929 10.3751 -0.0178498
216.225 -0.0167459 0.00405576 -10.3935 10.3757 -0.017845
216.236 -0.0167463 0.00405603 -10.3942 10.3763 -0.0178402
216.247 -0.0167467 0.00405542 -10.3948 10.3769 -0.0178356
216.258 -0.0167475 0.0040549 -10.3954 10.3776 -0.0178303
216.27 -0.0167487 0.00405455 -10.396 10.3782 -0.0178244
216.281 -0.01675 0.00405444 -10.3967 10.3789 -0.0178187
216.292 -0.0167509 0.00405414 -10.3974 10.3796 -0.0178136
216.303 -0.0167509 0.00405378 -10.398 10.3802 -0.0178086
216.315 -0.016751 0.00405387 -10.3987 10.3809 -0.0178046
216.326 -0.0167514 0.00405411 -10.3994 10.3816 -0.0177996
216.337 -0.0167518 0.00405464 -10.4001 10.3823 -0.0177945
216.348 -0.0167527 0.00405499 -10.4009 10.3831 -0.0177896
216.36 -0.0167531 0.00405482 -10.4016 10.3838 -0.0177851
216.371 -0.0167537 0.00405444 -10.4024 10.3846 -0.0177804
216.382 -0.0167549 0.00405427 -10.4032 10.3854 -0.0177754
216.393 -0.0167561 0.00405386 -10.404 10.3863 -0.01777
216.404 -0.0167571 0.00405367 -10.4048 10.3871 -0.0177645
216.416 -0.0167585 0.00405389 -10.4057 10.3879 -0.0177593
216.427 -0.0167601 0.00405402 -10.4066 10.3888 -0.0177533
216.438 -0.016761 0.00405409 -10.4074 10.3897 -0.017748
216.449 -0.0167616 0.00405452 -10.4083 10.3906 -0.0177426
216.461 -0.0167623 0.00405501 -10.4093 10.3915 -0.0177375
216.472 -0.016763 0.00405543 -10.4102 10.3925 -0.0177321
216.483 -0.0167638 0.00405559 -10.4111 10.3934 -0.0177274
216.494 -0.0167648 0.00405591 -10.412 10.3943 -0.0177223
216.506 -0.0167653 0.00405623 -10.4129 10.3952 -0.0177177
216.517 -0.016766 0.00405631 -10.4138 10.3961 -0.0177129
216.528 -0.0167667 0.00405656 -10.4147 10.397 -0.0177079
216.539 -0.0167672 0.00405671 -10.4156 10.3979 -0.0177029
216.551 -0.0167679 0.00405656 -10.4166 10.3989 -0.0176987
216.562 -0.0167684 0.00405618 -10.4174 10.3997 -0.0176939
216.573 -0.0167687 0.00405572 -10.4183 10.4007 -0.0176888
216.584 -0.016769 0.0040554 -10.4193 10.4016 -0.0176839
216.596 -0.0167695 0.00405527 -10.4202 10.4025 -0.0176784
216.607 -0.0167697 0.00405492 -10.4211 10.4034 -0.0176727
216.618 -0.0167703 0.00405436 -10.422 10.4044 -0.0176672
216.629 -0.0167708 0.00405396 -10.423 10.4053 -0.0176618
216.64 -0.0167713 0.00405385 -10.4239 10.4062 -0.0176567
216.652 -0.0167711 0.00405335 -10.4248 10.4072 -0.0176522
216.663 -0.0167705 0.00405332 -10.4258 10.4081 -0.017648
216.674 -0.01677 0.00405351 -10.4267 10.409 -0.0176431
216.685 -0.0167699 0.00405377 -10.4276 10.41 -0.0176384
216.697 -0.0167699 0.00405372 -10.4285 10.4109 -0.0176326
216.708 -0.0167702 0.00405365 -10.4294 10.4118 -0.0176268
216.719 -0.0167707 0.00405353 -10.4304 10.4128 -0.0176212
216.73 -0.0167711 0.00405307 -10.4313 10.4137 -0.0176151
216.742 -0.0167719 0.00405256 -10.4323 10.4147 -0.0176098
216.753 -0.0167731 0.00405203 -10.4332 10.4156 -0.0176046
216.764 -0.0167741 0.0040517 -10.4342 10.4166 -0.0175993
216.775 -0.016775 0.00405149 -10.4352 10.4176 -0.0175934
216.787 -0.0167756 0.0040514 -10.4362 10.4186 -0.0175879
216.798 -0.0167763 0.00405115 -10.4372 10.4197 -0.0175818
216.809 -0.0167769 0.00405134 -10.4383 10.4207 -0.0175763
216.82 -0.0167775 0.00405102 -10.4393 10.4217 -0.0175715
216.831 -0.0167781 0.00405079 -10.4403 10.4228 -0.0175663
216.843 -0.0167792 0.00405047 -10.4413 10.4238 -0.0175609
216.854 -0.0167801 0.00405022 -10.4424 10.4248 -0.0175562
216.865 -0.0167804 0.00404968 -10.4434 10.4258 -0.0175509
216.876 -0.0167808 0.0040492 -10.4444 10.4269 -0.017546
216.888 -0.0167813 0.00404842 -10.4454 10.4279 -0.0175411
216.899 -0.0167813 0.00404779 -10.4464 10.4289 -0.017536
216.91 -0.0167813 0.00404707 -10.4474 10.4299 -0.017531
216.921 -0.0167811 0.00404639 -10.4484 10.4309 -0.0175255
216.933 -0.0167804 0.004045 -10.4494 10.4318 -0.0175209
216.944 -0.0167796 0.00404387 -10.4503 10.4328 -0.0175162
216.955 -0.0167788 0.00404239 -10.4513 10.4338 -0.0175112
216.966 -0.0167784 0.00404194 -10.4522 10.4347 -0.0175054
216.978 -0.0167783 0.00404155 -10.4532 10.4357 -0.0174994
216.989 -0.0167779 0.00404138 -10.4541 10.4366 -0.017494
217 -0.0167779 0.00404095 -10.4551 10.4376 -0.0174878
217.011 -0.0167782 0.00404087 -10.456 10.4385 -0.017482
217.022 -0.0167783 0.00404056 -10.457 10.4395 -0.0174761
217.034 -0.0167786 0.00404029 -10.4579 10.4405 -0.0174702
217.045 -0.0167787 0.00404009 -10.4589 10.4414 -0.0174643
217.056 -0.0167787 0.00403996 -10.4598 10.4424 -0.0174587
217.067 -0.0167789 0.00403989 -10.4608 10.4433 -0.0174527
217.079 -0.016779 0.00404002 -10.4617 10.4443 -0.0174468
217.09 -0.0167793 0.00404015 -10.4627 10.4452 -0.0174408
217.101 -0.0167793 0.00404093 -10.4636 10.4462 -0.0174347
217.112 -0.0167795 0.00404139 -10.4646 10.4472 -0.0174287
217.124 -0.0167796 0.0040418 -10.4655 10.4481 -0.017423
217.135 -0.0167796 0.00404216 -10.4665 10.4491 -0.0174169
217.146 -0.0167793 0.00404272 -10.4674 10.45 -0.0174109
217.157 -0.0167792 0.00404274 -10.4684 10.451 -0.0174051
217.169 -0.0167789 0.00404312 -10.4694 10.452 -0.0173988
217.18 -0.0167791 0.00404311 -10.4703 10.4529 -0.0173923
217.191 -0.016779 0.0040434 -10.4713 10.4539 -0.0173866
217.202 -0.0167788 0.00404369 -10.4722 10.4548 -0.0173801
217.213 -0.0167788 0.00404409 -10.4732 10.4558 -0.0173739
217.225 -0.0167786 0.00404454 -10.4742 10.4568 -0.0173682
217.236 -0.0167783 0.00404515 -10.4751 10.4577 -0.0173621
217.247 -0.0167777 0.00404551 -10.476 10.4587 -0.0173558
217.258 -0.016777 0.00404596 -10.477 10.4597 -0.0173502
217.27 -0.0167766 0.0040466 -10.4779 10.4606 -0.0173444
217.281 -0.0167758 0.00404726 -10.4789 10.4615 -0.0173389
217.292 -0.016775 0.00404803 -10.4798 10.4625 -0.0173336
217.303 -0.0167747 0.00404891 -10.4807 10.4634 -0.0173282
217.315 -0.0167741 0.00404968 -10.4816 10.4643 -0.0173226
217.326 -0.0167739 0.00405007 -10.4825 10.4652 -0.0173173
217.337 -0.0167732 0.0040508 -10.4834 10.4661 -0.0173121
217.348 -0.0167729 0.00405131 -10.4843 10.467 -0.0173066
217.36 -0.0167727 0.00405207 -10.4851 10.4678 -0.0173015
217.371 -0.0167721 0.00405326 -10.486 10.4687 -0.0172966
217.382 -0.0167717 0.0040543 -10.4868 10.4695 -0.0172914
217.393 -0.0167711 0.00405517 -10.4876 10.4704 -0.0172861
217.404 -0.0167705 0.00405606 -10.4884 10.4712 -0.0172804
217.416 -0.0167702 0.00405692 -10.4892 10.472 -0.0172746
217.427 -0.0167695 0.00405759 -10.4901 10.4728 -0.0172696
217.438 -0.0167688 0.00405891 -10.4908 10.4736 -0.0172648
217.449 -0.016768 0.00405998 -10.4916 10.4743 -0.0172596
217.461 -0.0167674 0.00406046 -10.4924 10.4751 -0.0172549
217.472 -0.016767 0.00406058 -10.4931 10.4759 -0.0172496
217.483 -0.0167668 0.00406126 -10.4938 10.4766 -0.0172445
217.494 -0.0167664 0.00406177 -10.4946 10.4774 -0.0172397
217.506 -0.0167662 0.00406224 -10.4953 10.4781 -0.0172343
217.517 -0.0167661 0.00406245 -10.496 10.4788 -0.0172286
217.528 -0.0167662 0.00406227 -10.4968 10.4795 -0.0172231
217.539 -0.016766 0.00406234 -10.4974 10.4802 -0.0172174
217.551 -0.0167662 0.0040624 -10.4982 10.4809 -0.0172119
217.562 -0.0167665 0.00406222 -10.4989 10.4817 -0.0172067
217.573 -0.0167663 0.00406283 -10.4995 10.4823 -0.0172013
217.584 -0.0167662 0.00406336 -10.5002 10.483 -0.0171961
217.596 -0.0167658 0.00406409 -10.5009 10.4837 -0.0171913
217.607 -0.0167659 0.0040643 -10.5015 10.4843 -0.0171863
217.618 -0.016765 0.00406477 -10.5022 10.485 -0.0171814
217.629 -0.0167642 0.00406504 -10.5028 10.4856 -0.0171768
217.64 -0.0167639 0.0040655 -10.5034 10.4862 -0.0171723
217.652 -0.016763 0.00406604 -10.504 10.4868 -0.017167
217.663 -0.0167622 0.00406677 -10.5046 10.4874 -0.0171626
217.674 -0.0167619 0.0040673 -10.5051 10.4879 -0.0171576
217.685 -0.016761 0.0040681 -10.5057 10.4885 -0.0171528
217.697 -0.0167605 0.00406843 -10.5062 10.4891 -0.0171479
217.708 -0.0167601 0.0040691 -10.5067 10.4896 -0.0171424
217.719 -0.0167596 0.00406954 -10.5072 10.4901 -0.0171374
217.73 -0.0167592 0.00407018 -10.5077 10.4906 -0.0171327
217.742 -0.0167591 0.00407062 -10.5082 10.4911 -0.0171271
217.753 -0.0167589 0.00407109 -10.5087 10.4916 -0.0171222
217.764 -0.0167586 0.00407191 -10.5091 10.492 -0.017118
217.775 -0.016759 0.00407302 -10.5096 10.4925 -0.0171125
217.787 -0.0167589 0.0040735 -10.51 10.4929 -0.0171072
217.798 -0.0167593 0.00407437 -10.5104 10.4933 -0.017102
217.809 -0.0167596 0.00407491 -10.5108 10.4937 -0.0170961
217.82 -0.0167601 0.00407537 -10.5112 10.4941 -0.0170904
217.831 -0.0167605 0.0040759 -10.5116 10.4945 -0.017085
217.843 -0.016761 0.00407606 -10.512 10.4949 -0.017079
217.854 -0.0167609 0.00407581 -10.5123 10.4953 -0.0170731
217.865 -0.0167609 0.00407621 -10.5127 10.4957 -0.0170675
217.876 -0.0167611 0.00407622 -10.5131 10.496 -0.0170618
217.888 -0.0167613 0.00407606 -10.5135 10.4964 -0.0170561
217.899 -0.016762 0.00407558 -10.5138 10.4968 -0.0170506
217.91 -0.0167623 0.00407474 -10.5141 10.4971 -0.017045
217.921 -0.0167626 0.00407422 -10.5145 10.4974 -0.0170396
217.933 -0.0167631 0.00407389 -10.5148 10.4978 -0.0170348
217.944 -0.0167634 0.00407321 -10.5151 10.4981 -0.0170294
217.955 -0.0167633 0.00407241 -10.5154 10.4984 -0.0170237
217.966 -0.0167631 0.00407176 -10.5157 10.4987 -0.0170184
217.978 -0.016763 0.00407069 -10.516 10.499 -0.0170125
217.989 -0.0167626 0.00406926 -10.5162 10.4992 -0.0170074
218 -0.0167622 0.00406812 -10.5166 10.4996 -0.017002
218.011 -0.0167619 0.0040671 -10.5168 10.4998 -0.016996
218.022 -0.0167612 0.00406617 -10.5171 10.5001 -0.0169898
218.034 -0.0167606 0.00406537 -10.5174 10.5004 -0.0169844
218.045 -0.0167601 0.0040645 -10.5176 10.5007 -0.0169784
218.056 -0.0167597 0.00406348 -10.5179 10.5009 -0.0169728
218.067 -0.0167589 0.00406268 -10.5181 10.5012 -0.0169673
218.079 -0.0167584 0.0040617 -10.5183 10.5014 -0.0169617
218.09 -0.0167576 0.00406124 -10.5186 10.5016 -0.0169559
218.101 -0.0167568 0.00406062 -10.5188 10.5019 -0.0169505
218.112 -0.0167558 0.00406007 -10.519 10.5021 -0.0169449
218.124 -0.0167548 0.00405944 -10.5193 10.5023 -0.0169395
218.135 -0.0167531 0.00405887 -10.5195 10.5025 -0.016934
218.146 -0.0167516 0.00405814 -10.5197 10.5028 -0.0169282
218.157 -0.0167497 0.00405754 -10.5199 10.503 -0.0169231
218.169 -0.0167484 0.00405748 -10.5201 10.5032 -0.0169182
218.18 -0.0167472 0.00405734 -10.5203 10.5034 -0.0169131
218.191 -0.016746 0.00405702 -10.5205 10.5036 -0.0169077
218.202 -0.0167449 0.00405702 -10.5207 10.5038 -0.0169033
218.213 -0.0167439 0.00405696 -10.5209 10.504 -0.0168985
218.225 -0.0167433 0.00405662 -10.5211 10.5043 -0.0168936
218.236 -0.0167426 0.00405631 -10.5214 10.5045 -0.0168888
218.247 -0.0167419 0.00405685 -10.5216 10.5047 -0.016883
218.258 -0.0167411 0.00405713 -10.5218 10.5049 -0.0168778
218.27 -0.0167405 0.00405741 -10.522 10.5052 -0.016873
218.281 -0.0167405 0.00405726 -10.5223 10.5054 -0.0168675
218.292 -0.0167403 0.00405746 -10.5225 10.5056 -0.0168622
218.303 -0.0167404 0.0040567 -10.5227 10.5059 -0.0168579
218.315 -0.0167404 0.00405635 -10.5229 10.5061 -0.0168532
218.326 -0.0167402 0.00405601 -10.5232 10.5063 -0.016849
218.337 -0.0167401 0.00405596 -10.5234 10.5066 -0.0168445
218.348 -0.0167403 0.00405602 -10.5236 10.5068 -0.0168393
218.36 -0.0167401 0.00405622 -10.5239 10.507 -0.0168342
218.371 -0.0167403 0.0040561 -10.5241 10.5073 -0.0168294
218.382 -0.0167402 0.00405638 -10.5244 10.5076 -0.0168239
218.393 -0.0167403 0.00405686 -10.5247 10.5078 -0.0168188
218.404 -0.0167403 0.00405698 -10.525 10.5081 -0.0168139
218.416 -0.0167404 0.00405764 -10.5252 10.5084 -0.0168085
218.427 -0.0167399 0.00405822 -10.5255 10.5087 -0.0168032
218.438 -0.0167397 0.00405877 -10.5259 10.5091 -0.0167979
218.449 -0.0167397 0.00405903 -10.5262 10.5094 -0.0167925
218.461 -0.0167396 0.00405959 -10.5265 10.5097 -0.0167872
218.472 -0.0167393 0.00405972 -10.5268 10.5101 -0.0167828
218.483 -0.016739 0.00405979 -10.5272 10.5104 -0.0167778
218.494 -0.0167385 0.00405996 -10.5275 10.5107 -0.0167724
218.506 -0.016738 0.00405997 -10.5278 10.5111 -0.0167669
218.517 -0.0167371 0.00406042 -10.5282 10.5114 -0.0167617
218.528 -0.0167363 0.00406069 -10.5285 10.5118 -0.0167566
218.539 -0.0167351 0.00406139 -10.5289 10.5121 -0.0167523
218.551 -0.016734 0.00406183 -10.5292 10.5124 -0.0167476
218.562 -0.0167334 0.00406169 -10.5295 10.5127 -0.0167432
218.573 -0.0167332 0.00406123 -10.5298 10.5131 -0.0167399
218.584 -0.0167329 0.00406139 -10.5301 10.5134 -0.0167363
218.596 -0.0167324 0.00406046 -10.5304 10.5136 -0.0167323
218.607 -0.0167318 0.00405986 -10.5306 10.5139 -0.0167285
218.618 -0.0167312 0.00405977 -10.5309 10.5142 -0.0167238
218.629 -0.0167305 0.00405975 -10.5311 10.5144 -0.0167194
218.64 -0.0167291 0.00406005 -10.5314 10.5147 -0.0167147
218.652 -0.0167285 0.00406006 -10.5317 10.515 -0.0167099
218.663 -0.0167277 0.00406014 -10.5319 10.5152 -0.0167054
218.674 -0.0167269 0.00405972 -10.5322 10.5155 -0.0167007
218.685 -0.0167263 0.00405953 -10.5325 10.5158 -0.0166946
218.697 -0.016726 0.0040595 -10.5328 10.5161 -0.016689
218.708 -0.0167258 0.0040598 -10.5331 10.5164 -0.0166835
218.719 -0.0167255 0.0040599 -10.5334 10.5167 -0.0166777
218.73 -0.0167254 0.00405999 -10.5337 10.517 -0.0166721
218.742 -0.0167251 0.00405974 -10.534 10.5173 -0.0166667
218.753 -0.0167247 0.00405951 -10.5344 10.5177 -0.0166615
218.764 -0.0167244 0.00405911 -10.5347 10.518 -0.0166563
218.775 -0.0167248 0.00405895 -10.5351 10.5184 -0.0166515
218.787 -0.0167249 0.00405851 -10.5354 10.5188 -0.0166464
218.798 -0.0167252 0.00405792 -10.5358 10.5191 -0.016641
218.809 -0.0167251 0.00405728 -10.5362 10.5195 -0.0166363
218.82 -0.016725 0.00405654 -10.5365 10.5199 -0.0166309
218.831 -0.0167245 0.0040561 -10.5369 10.5203 -0.0166254
218.843 -0.0167239 0.00405559 -10.5373 10.5207 -0.0166202
218.854 -0.0167234 0.00405533 -10.5377 10.5211 -0.0166145
218.865 -0.0167231 0.00405465 -10.5382 10.5216 -0.0166093
218.876 -0.0167226 0.00405377 -10.5386 10.522 -0.016604
218.888 -0.0167219 0.00405306 -10.5391 10.5225 -0.0165991
218.899 -0.0167214 0.00405254 -10.5395 10.5229 -0.0165942
218.91 -0.0167204 0.00405196 -10.54 10.5234 -0.0165891
218.921 -0.0167193 0.00405178 -10.5405 10.5239 -0.0165839
218.933 -0.0167183 0.00405103 -10.541 10.5244 -0.0165787
218.944 -0.0167171 0.00405084 -10.5415 10.525 -0.0165738
218.955 -0.0167165 0.0040506 -10.5421 10.5255 -0.0165685
218.966 -0.0167157 0.00405034 -10.5426 10.5261 -0.0165637
218.978 -0.0167148 0.00405009 -10.5432 10.5266 -0.0165588
218.989 -0.0167143 0.00405013 -10.5438 10.5272 -0.0165539
219 -0.0167134 0.0040499 -10.5443 10.5277 -0.016549
219.011 -0.0167128 0.00405003 -10.5449 10.5283 -0.016544
219.022 -0.0167122 0.00405018 -10.5454 10.5289 -0.0165388
219.034 -0.0167115 0.0040503 -10.5459 10.5294 -0.0165335
219.045 -0.0167112 0.00405022 -10.5465 10.5299 -0.0165289
219.056 -0.0167111 0.00405018 -10.547 10.5304 -0.0165237
219.067 -0.016711 0.00404983 -10.5475 10.5309 -0.0165184
219.079 -0.0167107 0.00404967 -10.548 10.5315 -0.0165133
219.09 -0.0167102 0.00404973 -10.5485 10.5319 -0.0165079
219.101 -0.0167099 0.0040496 -10.5489 10.5324 -0.0165028
219.112 -0.0167093 0.00404926 -10.5494 10.5329 -0.016499
219.124 -0.0167092 0.00404883 -10.5499 10.5334 -0.0164945
219.135 -0.0167094 0.00404899 -10.5504 10.5339 -0.0164904
219.146 -0.0167093 0.00404934 -10.5509 10.5344 -0.0164863
219.157 -0.0167093 0.00404979 -10.5513 10.5349 -0.0164825
219.169 -0.0167093 0.00405079 -10.5518 10.5353 -0.0164785
219.18 -0.0167093 0.00405159 -10.5522 10.5358 -0.0164749
219.191 -0.0167085 0.00405287 -10.5527 10.5362 -0.0164707
219.202 -0.0167079 0.00405338 -10.5531 10.5367 -0.0164663
219.213 -0.0167075 0.0040534 -10.5536 10.5371 -0.0164623
219.225 -0.0167071 0.00405362 -10.554 10.5376 -0.0164574
219.236 -0.0167062 0.00405386 -10.5545 10.5381 -0.0164517
219.247 -0.0167054 0.00405412 -10.555 10.5386 -0.0164467
219.258 -0.0167044 0.00405451 -10.5556 10.5391 -0.0164411
219.27 -0.0167032 0.0040545 -10.5561 10.5397 -0.0164361
219.281 -0.0167017 0.00405474 -10.5567 10.5403 -0.016431
219.292 -0.0167 0.00405583 -10.5573 10.5409 -0.016425
219.303 -0.0166981 0.0040562 -10.5579 10.5415 -0.0164193
219.315 -0.016697 0.0040569 -10.5586 10.5422 -0.0164145
219.326 -0.0166957 0.00405779 -10.5592 10.5428 -0.0164095
219.337 -0.0166956 0.00405836 -10.5599 10.5435 -0.0164053
219.348 -0.0166945 0.00405967 -10.5606 10.5442 -0.0164005
219.36 -0.0166941 0.00406059 -10.5613 10.5449 -0.0163951
219.371 -0.0166934 0.00406112 -10.562 10.5457 -0.01639
219.382 -0.0166934 0.00406178 -10.5628 10.5464 -0.0163849
219.393 -0.0166929 0.00406231 -10.5635 10.5471 -0.0163802
219.404 -0.0166921 0.00406325 -10.5643 10.5479 -0.0163754
219.416 -0.0166913 0.00406419 -10.565 10.5487 -0.0163702
219.427 -0.0166911 0.00406538 -10.5658 10.5494 -0.0163644
219.438 -0.0166909 0.00406645 -10.5666 10.5502 -0.0163587
219.449 -0.0166908 0.00406731 -10.5674 10.551 -0.0163532
219.461 -0.0166905 0.00406846 -10.5682 10.5518 -0.0163474
219.472 -0.0166903 0.00406931 -10.569 10.5526 -0.0163415
219.483 -0.0166898 0.00406997 -10.5698 10.5535 -0.0163359
219.494 -0.0166898 0.00407054 -10.5706 10.5543 -0.01633
219.506 -0.0166895 0.0040711 -10.5715 10.5552 -0.0163243
219.517 -0.0166898 0.00407165 -10.5723 10.556 -0.0163189
219.528 -0.0166894 0.00407228 -10.5732 10.5569 -0.0163135
219.539 -0.0166888 0.00407277 -10.5741 10.5578 -0.0163078
219.551 -0.0166877 0.00407322 -10.575 10.5587 -0.0163022
219.562 -0.016687 0.00407344 -10.5759 10.5596 -0.0162953
219.573 -0.0166857 0.00407357 -10.5768 10.5605 -0.0162887
219.584 -0.0166845 0.00407385 -10.5778 10.5615 -0.016283
219.596 -0.0166832 0.00407436 -10.5788 10.5625 -0.0162769
219.607 -0.0166826 0.00407397 -10.5797 10.5635 -0.016272
219.618 -0.016682 0.00407347 -10.5808 10.5645 -0.0162674
219.629 -0.0166813 0.00407336 -10.5818 10.5655 -0.016263
219.64 -0.0166796 0.00407329 -10.5828 10.5665 -0.0162578
219.652 -0.0166784 0.00407265 -10.5838 10.5675 -0.0162531
219.663 -0.0166775 0.0040726 -10.5848 10.5686 -0.0162482
219.674 -0.0166768 0.00407267 -10.5858 10.5696 -0.0162431
219.685 -0.0166764 0.00407295 -10.5869 10.5706 -0.0162381
219.697 -0.0166758 0.00407336 -10.5879 10.5717 -0.0162326
219.708 -0.0166754 0.00407332 -10.589 10.5727 -0.0162269
219.719 -0.0166751 0.00407326 -10.59 10.5738 -0.0162213
219.73 -0.016675 0.0040731 -10.5911 10.5749 -0.0162156
219.742 -0.0166744 0.00407291 -10.5921 10.5759 -0.0162103
219.753 -0.0166739 0.00407221 -10.5932 10.577 -0.0162056
219.764 -0.0166739 0.00407159 -10.5943 10.5781 -0.016201
219.775 -0.0166734 0.00407103 -10.5953 10.5791 -0.0161963
219.787 -0.0166725 0.00407027 -10.5964 10.5802 -0.0161906
219.798 -0.0166719 0.00406916 -10.5974 10.5812 -0.0161844
219.809 -0.0166715 0.00406819 -10.5985 10.5823 -0.0161787
219.82 -0.0166707 0.0040674 -10.5996 10.5834 -0.0161739
219.831 -0.0166701 0.00406689 -10.6007 10.5845 -0.0161688
219.843 -0.0166695 0.00406654 -10.6018 10.5857 -0.0161634
219.854 -0.0166689 0.00406604 -10.6029 10.5868 -0.0161583
219.865 -0.0166682 0.00406579 -10.6041 10.5879 -0.0161529
219.876 -0.0166677 0.00406585 -10.6052 10.5891 -0.016147
219.888 -0.0166673 0.00406592 -10.6064 10.5902 -0.0161413
219.899 -0.0166666 0.00406595 -10.6075 10.5914 -0.0161354
219.91 -0.0166662 0.00406569 -10.6087 10.5926 -0.0161298
219.921 -0.0166654 0.00406532 -10.6099 10.5938 -0.0161237
219.933 -0.0166649 0.00406529 -10.6112 10.595 -0.0161179
219.944 -0.0166649 0.00406494 -10.6124 10.5963 -0.0161125
219.955 -0.0166648 0.00406477 -10.6137 10.5976 -0.016107
219.966 -0.0166649 0.00406461 -10.6149 10.5988 -0.0161015
219.978 -0.0166647 0.00406441 -10.6162 10.6001 -0.0160968
219.989 -0.0166645 0.00406473 -10.6175 10.6014 -0.0160915
220 -0.0166638 0.00406551 -10.6188 10.6027 -0.0160858
220.011 -0.0166628 0.00406646 -10.6201 10.604 -0.0160804
220.022 -0.0166615 0.00406716 -10.6215 10.6054 -0.0160751
220.034 -0.0166603 0.00406786 -10.6228 10.6067 -0.0160695
220.045 -0.0166593 0.00406847 -10.6242 10.6081 -0.0160637
220.056 -0.0166582 0.00406881 -10.6256 10.6095 -0.0160576
220.067 -0.0166571 0.00406903 -10.627 10.6109 -0.0160504
220.079 -0.016657 0.00406937 -10.6284 10.6124 -0.016044
220.09 -0.0166568 0.00406946 -10.6299 10.6138 -0.0160378
220.101 -0.0166567 0.00406964 -10.6313 10.6153 -0.0160312
220.112 -0.0166566 0.00407002 -10.6328 10.6167 -0.016025
220.124 -0.0166562 0.00407056 -10.6343 10.6182 -0.0160189
220.135 -0.0166559 0.00407155 -10.6358 10.6197 -0.0160127
220.146 -0.0166554 0.0040724 -10.6373 10.6213 -0.0160065
220.157 -0.0166548 0.00407328 -10.6388 10.6228 -0.0160009
220.169 -0.0166543 0.00407447 -10.6403 10.6243 -0.0159948
220.18 -0.0166536 0.0040756 -10.6418 10.6258 -0.015989
220.191 -0.0166532 0.00407662 -10.6434 10.6274 -0.0159838
220.202 -0.0166529 0.00407688 -10.6449 10.6289 -0.0159777
220.213 -0.0166524 0.00407723 -10.6465 10.6305 -0.0159717
220.225 -0.0166521 0.00407781 -10.648 10.6321 -0.0159659
220.236 -0.0166517 0.00407821 -10.6496 10.6336 -0.01596
220.247 -0.0166519 0.00407823 -10.6512 10.6352 -0.0159548
220.258 -0.016652 0.00407785 -10.6527 10.6368 -0.0159501
220.27 -0.0166511 0.00407716 -10.6543 10.6383 -0.0159454
220.281 -0.0166501 0.00407673 -10.6558 10.6399 -0.0159412
220.292 -0.0166497 0.00407711 -10.6573 10.6414 -0.0159374
220.303 -0.0166489 0.0040779 -10.6589 10.6429 -0.0159327
220.315 -0.0166474 0.00407836 -10.6604 10.6445 -0.0159282
220.326 -0.0166457 0.00407888 -10.6619 10.646 -0.0159234
220.337 -0.0166443 0.00407899 -10.6635 10.6475 -0.0159178
220.348 -0.0166426 0.0040789 -10.665 10.6491 -0.0159127
220.36 -0.0166412 0.00407893 -10.6666 10.6507 -0.0159076
220.371 -0.0166399 0.00407959 -10.6682 10.6523 -0.0159018
220.382 -0.0166387 0.00408038 -10.6697 10.6538 -0.0158959
220.393 -0.0166373 0.00408147 -10.6713 10.6554 -0.0158907
220.404 -0.0166368 0.00408334 -10.6729 10.657 -0.0158857
220.416 -0.0166368 0.00408502 -10.6745 10.6586 -0.0158807
220.427 -0.0166363 0.00408683 -10.6761 10.6602 -0.0158755
220.438 -0.016636 0.00408867 -10.6777 10.6618 -0.0158698
220.449 -0.0166354 0.0040906 -10.6793 10.6634 -0.0158647
220.461 -0.016635 0.00409266 -10.6809 10.665 -0.0158593
220.472 -0.0166343 0.00409475 -10.6824 10.6666 -0.015853
220.483 -0.0166335 0.00409681 -10.684 10.6682 -0.0158465
220.494 -0.0166329 0.0040991 -10.6856 10.6698 -0.0158399
220.506 -0.0166319 0.00410055 -10.6872 10.6714 -0.0158321
220.517 -0.0166306 0.00410193 -10.6888 10.673 -0.0158239
220.528 -0.0166295 0.0041031 -10.6904 10.6746 -0.015816
220.539 -0.016629 0.00410475 -10.6921 10.6763 -0.0158085
220.551 -0.0166284 0.00410606 -10.6937 10.6779 -0.015801
220.562 -0.0166285 0.00410735 -10.6953 10.6795 -0.0157943
220.573 -0.0166284 0.00410858 -10.697 10.6812 -0.0157873
220.584 -0.016629 0.00410962 -10.6986 10.6828 -0.0157806
220.596 -0.016629 0.0041106 -10.7002 10.6844 -0.0157748
220.607 -0.0166293 0.00411181 -10.7019 10.6861 -0.0157682
220.618 -0.0166292 0.00411303 -10.7035 10.6877 -0.0157616
220.629 -0.0166293 0.00411388 -10.7052 10.6894 -0.0157553
220.64 -0.0166293 0.00411525 -10.7068 10.6911 -0.0157488
220.652 -0.0166296 0.00411617 -10.7085 10.6927 -0.015743
220.663 -0.0166298 0.0041169 -10.7102 10.6944 -0.0157376
220.674 -0.0166305 0.00411768 -10.7118 10.6961 -0.0157325
220.685 -0.0166315 0.00411802 -10.7135 10.6978 -0.0157277
220.697 -0.0166322 0.00411847 -10.7152 10.6994 -0.0157236
220.708 -0.0166319 0.00411949 -10.7168 10.7011 -0.0157183
220.719 -0.0166315 0.00412088 -10.7184 10.7027 -0.0157125
220.73 -0.0166304 0.00412218 -10.7201 10.7044 -0.0157067
220.742 -0.0166298 0.00412331 -10.7218 10.7061 -0.0157001
220.753 -0.0166288 0.00412451 -10.7234 10.7077 -0.0156937
220.764 -0.0166277 0.00412546 -10.7251 10.7095 -0.0156876
220.775 -0.0166267 0.00412618 -10.7268 10.7111 -0.0156812
220.787 -0.0166253 0.00412675 -10.7285 10.7128 -0.0156748
220.798 -0.0166243 0.00412691 -10.7302 10.7146 -0.0156691
220.809 -0.0166229 0.00412708 -10.7319 10.7163 -0.0156629
220.82 -0.0166216 0.00412735 -10.7336 10.718 -0.0156571
220.831 -0.0166205 0.00412786 -10.7353 10.7197 -0.0156512
220.843 -0.0166189 0.00412858 -10.737 10.7213 -0.0156447
220.854 -0.0166171 0.0041291 -10.7387 10.7231 -0.0156381
220.865 -0.016615 0.00412911 -10.7405 10.7248 -0.015632
220.876 -0.016613 0.0041292 -10.7422 10.7265 -0.0156254
220.888 -0.0166109 0.0041294 -10.7439 10.7283 -0.0156191
220.899 -0.0166095 0.00412973 -10.7456 10.73 -0.0156128
220.91 -0.0166085 0.00413051 -10.7473 10.7317 -0.0156059
220.921 -0.0166072 0.0041311 -10.749 10.7334 -0.0155991
220.933 -0.0166058 0.00413203 -10.7508 10.7352 -0.0155923
220.944 -0.0166045 0.00413256 -10.7525 10.737 -0.015585
220.955 -0.0166035 0.00413326 -10.7543 10.7387 -0.0155781
220.966 -0.0166026 0.00413424 -10.7561 10.7405 -0.015571
220.978 -0.0166013 0.00413483 -10.7579 10.7423 -0.0155644
220.989 -0.0165994 0.00413559 -10.7597 10.7441 -0.0155578
221 -0.0165973 0.00413666 -10.7615 10.746 -0.015551
221.011 -0.0165969 0.00413763 -10.7633 10.7478 -0.0155444
221.022 -0.0165955 0.00413893 -10.7651 10.7496 -0.0155375
221.034 -0.0165948 0.00414025 -10.7669 10.7514 -0.015531
221.045 -0.0165943 0.00414157 -10.7688 10.7532 -0.0155238
221.056 -0.016594 0.00414201 -10.7706 10.7551 -0.0155166
221.067 -0.0165939 0.00414262 -10.7724 10.7569 -0.0155091
221.079 -0.0165937 0.00414284 -10.7743 10.7588 -0.0155011
221.09 -0.0165935 0.00414299 -10.7762 10.7607 -0.0154933
221.101 -0.0165929 0.00414311 -10.7781 10.7626 -0.0154856
221.112 -0.0165922 0.00414395 -10.78 10.7645 -0.0154778
221.124 -0.0165912 0.0041441 -10.7819 10.7664 -0.0154699
221.135 -0.0165905 0.00414388 -10.7838 10.7684 -0.0154624
221.146 -0.0165902 0.00414372 -10.7857 10.7703 -0.0154552
221.157 -0.0165898 0.00414343 -10.7877 10.7722 -0.015449
221.169 -0.0165893 0.00414262 -10.7896 10.7741 -0.0154429
221.18 -0.0165888 0.00414213 -10.7915 10.776 -0.0154362
221.191 -0.0165886 0.00414167 -10.7934 10.778 -0.0154296
221.202 -0.0165882 0.00414138 -10.7953 10.7799 -0.0154229
221.213 -0.0165883 0.00414153 -10.7972 10.7818 -0.0154161
221.225 -0.0165874 0.00414199 -10.7991 10.7837 -0.0154091
221.236 -0.0165869 0.00414231 -10.801 10.7856 -0.0154028
221.247 -0.0165868 0.00414317 -10.8029 10.7875 -0.0153971
221.258 -0.0165859 0.0041441 -10.8048 10.7894 -0.0153905
221.27 -0.0165857 0.00414597 -10.8067 10.7913 -0.0153843
221.281 -0.0165854 0.00414735 -10.8086 10.7932 -0.0153777
221.292 -0.0165852 0.00414899 -10.8105 10.7951 -0.015371
221.303 -0.0165848 0.00414999 -10.8124 10.797 -0.0153658
221.315 -0.0165846 0.00415088 -10.8143 10.7989 -0.0153601
221.326 -0.0165845 0.00415189 -10.8161 10.8008 -0.0153547
221.337 -0.0165845 0.00415325 -10.818 10.8027 -0.0153492
221.348 -0.0165835 0.00415466 -10.8199 10.8046 -0.0153441
221.36 -0.016583 0.004156 -10.8218 10.8065 -0.0153388
221.371 -0.0165824 0.00415819 -10.8237 10.8084 -0.015334
221.382 -0.0165822 0.00416019 -10.8256 10.8103 -0.0153289
221.393 -0.0165821 0.00416233 -10.8275 10.8122 -0.0153241
221.404 -0.0165821 0.00416382 -10.8294 10.8141 -0.0153189
221.416 -0.0165817 0.00416594 -10.8313 10.816 -0.0153138
221.427 -0.0165814 0.00416793 -10.8332 10.8179 -0.0153087
221.438 -0.0165808 0.0041698 -10.8352 10.8199 -0.015304
221.449 -0.0165804 0.00417171 -10.8371 10.8218 -0.0152998
221.461 -0.0165799 0.00417321 -10.8391 10.8238 -0.0152952
221.472 -0.0165795 0.00417464 -10.841 10.8257 -0.0152905
221.483 -0.016579 0.0041765 -10.843 10.8277 -0.0152856
221.494 -0.0165785 0.00417832 -10.845 10.8297 -0.0152814
221.506 -0.016578 0.00417985 -10.8469 10.8317 -0.0152771
221.517 -0.0165778 0.00418139 -10.8489 10.8336 -0.0152718
221.528 -0.0165772 0.00418269 -10.8509 10.8356 -0.0152664
221.539 -0.0165769 0.00418413 -10.8529 10.8376 -0.0152615
221.551 -0.016577 0.0041854 -10.8549 10.8396 -0.0152557
221.562 -0.0165769 0.00418676 -10.8569 10.8416 -0.01525
221.573 -0.0165774 0.0041877 -10.8589 10.8437 -0.0152456
221.584 -0.016578 0.00418881 -10.8609 10.8457 -0.0152403
221.596 -0.016578 0.00418993 -10.8629 10.8477 -0.0152347
221.607 -0.0165777 0.00419106 -10.8649 10.8497 -0.0152296
221.618 -0.016577 0.004192 -10.8669 10.8517 -0.0152241
221.629 -0.0165767 0.00419312 -10.869 10.8537 -0.0152191
221.64 -0.0165764 0.00419419 -10.871 10.8558 -0.0152147
221.652 -0.0165761 0.00419503 -10.8729 10.8577 -0.0152091
221.663 -0.0165756 0.00419623 -10.8749 10.8597 -0.0152034
221.674 -0.0165752 0.00419709 -10.8769 10.8618 -0.0151976
221.685 -0.0165749 0.0041981 -10.8789 10.8638 -0.0151915
221.697 -0.0165747 0.00419929 -10.881 10.8658 -0.0151856
221.708 -0.0165746 0.00420057 -10.883 10.8678 -0.01518
221.719 -0.0165738 0.00420149 -10.885 10.8698 -0.0151736
221.73 -0.0165734 0.00420265 -10.887 10.8719 -0.0151678
221.742 -0.0165728 0.004204 -10.8891 10.8739 -0.0151623
221.753 -0.0165721 0.00420463 -10.8911 10.8759 -0.0151565
221.764 -0.0165711 0.0042053 -10.8932 10.878 -0.0151509
221.775 -0.0165703 0.00420672 -10.8953 10.8801 -0.0151461
221.787 -0.0165696 0.00420834 -10.8973 10.8822 -0.0151398
221.798 -0.0165688 0.00420987 -10.8994 10.8843 -0.0151336
221.809 -0.0165683 0.00421175 -10.9016 10.8864 -0.0151281
221.82 -0.016568 0.0042135 -10.9037 10.8886 -0.0151223
221.831 -0.0165676 0.004215 -10.9058 10.8907 -0.0151167
221.843 -0.0165669 0.00421653 -10.908 10.8929 -0.0151115
221.854 -0.0165665 0.00421776 -10.9102 10.8951 -0.0151064
221.865 -0.0165658 0.00421898 -10.9124 10.8972 -0.015102
221.876 -0.0165655 0.00422001 -10.9146 10.8995 -0.0150972
221.888 -0.0165652 0.00422131 -10.9167 10.9016 -0.0150918
221.899 -0.0165653 0.00422284 -10.9189 10.9039 -0.0150861
221.91 -0.0165653 0.00422471 -10.9212 10.9061 -0.0150806
221.921 -0.0165653 0.00422696 -10.9234 10.9083 -0.0150753
221.933 -0.0165653 0.00422842 -10.9257 10.9106 -0.0150701
221.944 -0.0165653 0.00423016 -10.928 10.9129 -0.0150649
221.955 -0.0165653 0.0042323 -10.9302 10.9152 -0.0150594
221.966 -0.0165651 0.00423374 -10.9325 10.9175 -0.0150541
221.978 -0.0165648 0.00423566 -10.9349 10.9198 -0.0150484
221.989 -0.0165646 0.00423708 -10.9372 10.9222 -0.0150427
222 -0.0165643 0.00423888 -10.9396 10.9245 -0.0150369
222.011 -0.0165641 0.00424062 -10.942 10.927 -0.0150318
222.022 -0.0165636 0.00424273 -10.9444 10.9294 -0.0150261
222.034 -0.016563 0.00424465 -10.9468 10.9318 -0.0150202
222.045 -0.0165626 0.00424683 -10.9493 10.9342 -0.0150144
222.056 -0.0165621 0.00424892 -10.9517 10.9367 -0.0150085
222.067 -0.0165619 0.00425056 -10.9541 10.9391 -0.0150024
222.079 -0.0165614 0.00425204 -10.9566 10.9416 -0.0149968
222.09 -0.0165613 0.00425373 -10.9591 10.9441 -0.0149911
222.101 -0.016561 0.00425527 -10.9616 10.9466 -0.0149855
222.112 -0.0165607 0.00425691 -10.9641 10.9492 -0.0149806
222.124 -0.0165605 0.0042582 -10.9666 10.9517 -0.014975
222.135 -0.0165604 0.00425956 -10.9692 10.9542 -0.0149697
222.146 -0.0165601 0.00426093 -10.9717 10.9568 -0.0149647
222.157 -0.0165601 0.00426219 -10.9742 10.9593 -0.0149595
222.169 -0.0165597 0.00426353 -10.9768 10.9618 -0.0149543
222.18 -0.0165593 0.00426492 -10.9794 10.9644 -0.0149495
222.191 -0.0165588 0.00426594 -10.9819 10.967 -0.0149438
222.202 -0.0165587 0.00426706 -10.9845 10.9695 -0.0149386
222.213 -0.0165583 0.00426826 -10.9871 10.9722 -0.0149337
222.225 -0.0165578 0.00426935 -10.9896 10.9747 -0.0149282
222.236 -0.0165573 0.0042704 -10.9922 10.9773 -0.0149227
222.247 -0.0165571 0.00427185 -10.9949 10.9799 -0.0149173
222.258 -0.0165572 0.00427301 -10.9974 10.9825 -0.0149113
222.27 -0.0165568 0.00427431 -11.0001 10.9852 -0.0149054
222.281 -0.0165565 0.00427571 -11.0028 10.9879 -0.0148999
222.292 -0.0165566 0.00427657 -11.0054 10.9905 -0.0148934
222.303 -0.0165567 0.00427765 -11.0081 10.9932 -0.0148869
222.315 -0.0165571 0.00427883 -11.0108 10.996 -0.0148806
222.326 -0.0165574 0.0042803 -11.0135 10.9987 -0.0148739
222.337 -0.0165576 0.00428162 -11.0163 11.0014 -0.0148675
222.348 -0.0165578 0.00428331 -11.0191 11.0042 -0.0148614
222.36 -0.0165576 0.00428453 -11.0219 11.007 -0.0148549
222.371 -0.0165578 0.00428589 -11.0247 11.0098 -0.0148482
222.382 -0.0165578 0.00428709 -11.0276 11.0127 -0.0148419
222.393 -0.0165578 0.00428832 -11.0304 11.0155 -0.0148351
222.404 -0.0165581 0.00428974 -11.0333 11.0184 -0.0148286
222.416 -0.0165582 0.00429077 -11.0362 11.0214 -0.0148223
222.427 -0.0165583 0.00429223 -11.0391 11.0242 -0.0148156
222.438 -0.0165583 0.00429352 -11.042 11.0272 -0.014809
222.449 -0.0165581 0.00429454 -11.045 11.0302 -0.0148025
222.461 -0.0165577 0.00429591 -11.0479 11.0331 -0.0147958
222.472 -0.0165577 0.00429699 -11.0509 11.0361 -0.0147891
222.483 -0.0165574 0.00429814 -11.0539 11.0392 -0.0147832
222.494 -0.0165571 0.00429953 -11.0569 11.0421 -0.0147768
222.506 -0.0165568 0.0043007 -11.0599 11.0452 -0.0147706
222.517 -0.0165565 0.00430198 -11.063 11.0482 -0.0147647
222.528 -0.0165557 0.00430333 -11.066 11.0512 -0.0147582
222.539 -0.0165552 0.00430493 -11.0691 11.0543 -0.014752
222.551 -0.0165547 0.00430639 -11.0721 11.0574 -0.0147464
222.562 -0.0165542 0.00430799 -11.0752 11.0604 -0.0147403
222.573 -0.016554 0.0043094 -11.0783 11.0635 -0.0147349
222.584 -0.0165537 0.00431054 -11.0814 11.0666 -0.0147298
222.596 -0.0165532 0.00431195 -11.0844 11.0697 -0.0147237
222.607 -0.0165532 0.00431279 -11.0875 11.0728 -0.0147177
222.618 -0.0165528 0.0043137 -11.0906 11.0759 -0.0147122
222.629 -0.0165528 0.00431496 -11.0937 11.079 -0.0147065
222.64 -0.016553 0.00431619 -11.0968 11.0821 -0.014701
222.652 -0.0165533 0.00431708 -11.0999 11.0852 -0.0146954
222.663 -0.0165531 0.00431794 -11.103 11.0883 -0.0146892
222.674 -0.0165529 0.00431851 -11.1061 11.0914 -0.0146831
222.685 -0.0165529 0.00431919 -11.1093 11.0946 -0.0146772
222.697 -0.0165526 0.00431951 -11.1123 11.0977 -0.014671
222.708 -0.0165528 0.0043199 -11.1155 11.1008 -0.0146646
222.719 -0.016553 0.00432035 -11.1186 11.104 -0.0146588
222.73 -0.0165531 0.0043212 -11.1217 11.107 -0.0146526
222.742 -0.0165529 0.00432226 -11.1248 11.1102 -0.0146462
222.753 -0.016553 0.0043231 -11.128 11.1134 -0.0146406
222.764 -0.0165527 0.00432377 -11.1311 11.1165 -0.0146345
222.775 -0.0165524 0.00432439 -11.1343 11.1196 -0.0146285
222.787 -0.0165517 0.004325 -11.1374 11.1228 -0.0146233
222.798 -0.0165511 0.00432593 -11.1405 11.1259 -0.0146179
222.809 -0.0165507 0.00432654 -11.1437 11.1291 -0.0146128
222.82 -0.0165504 0.00432718 -11.1468 11.1322 -0.014608
222.831 -0.0165504 0.00432781 -11.1499 11.1353 -0.0146023
222.843 -0.0165501 0.00432868 -11.153 11.1385 -0.0145968
222.854 -0.0165497 0.00432951 -11.1562 11.1416 -0.0145915
222.865 -0.0165492 0.00433012 -11.1593 11.1447 -0.0145864
222.876 -0.0165488 0.00433096 -11.1624 11.1478 -0.014581
222.888 -0.0165485 0.00433194 -11.1655 11.151 -0.0145758
222.899 -0.0165483 0.00433307 -11.1686 11.154 -0.0145703
222.91 -0.0165484 0.00433399 -11.1717 11.1572 -0.0145644
222.921 -0.0165485 0.00433464 -11.1749 11.1603 -0.0145595
222.933 -0.0165483 0.0043355 -11.178 11.1634 -0.0145542
222.944 -0.0165483 0.00433626 -11.1811 11.1665 -0.0145492
222.955 -0.0165483 0.00433697 -11.1842 11.1696 -0.014544
222.966 -0.0165488 0.00433785 -11.1873 11.1727 -0.0145387
222.978 -0.016549 0.00433864 -11.1904 11.1758 -0.0145334
222.989 -0.0165491 0.0043397 -11.1935 11.1789 -0.0145282
223 -0.0165494 0.00434074 -11.1965 11.182 -0.0145228
223.011 -0.0165499 0.00434167 -11.1996 11.1851 -0.014517
223.022 -0.0165503 0.00434289 -11.2027 11.1882 -0.0145122
223.034 -0.0165505 0.00434411 -11.2057 11.1912 -0.0145073
223.045 -0.0165509 0.00434484 -11.2088 11.1943 -0.0145021
223.056 -0.0165515 0.00434558 -11.2119 11.1974 -0.0144972
223.067 -0.0165518 0.00434631 -11.2149 11.2004 -0.0144923
223.079 -0.0165524 0.00434723 -11.2179 11.2034 -0.0144874
223.09 -0.0165532 0.00434802 -11.2209 11.2064 -0.0144831
223.101 -0.0165538 0.00434874 -11.2239 11.2094 -0.014478
223.112 -0.0165545 0.0043498 -11.2269 11.2124 -0.014473
223.124 -0.0165555 0.00435079 -11.2298 11.2154 -0.0144682
223.135 -0.0165563 0.00435169 -11.2328 11.2183 -0.0144634
223.146 -0.016557 0.004353 -11.2357 11.2213 -0.0144586
223.157 -0.0165579 0.00435452 -11.2387 11.2242 -0.0144543
223.169 -0.0165588 0.00435542 -11.2416 11.2271 -0.0144495
223.18 -0.0165597 0.00435665 -11.2445 11.23 -0.0144448
223.191 -0.0165604 0.00435716 -11.2474 11.2329 -0.01444
223.202 -0.0165614 0.00435764 -11.2502 11.2358 -0.0144351
223.213 -0.0165623 0.00435794 -11.2531 11.2387 -0.0144305
223.225 -0.0165633 0.00435838 -11.256 11.2415 -0.0144265
223.236 -0.0165643 0.00435885 -11.2588 11.2443 -0.0144219
223.247 -0.0165652 0.00435931 -11.2616 11.2472 -0.014417
223.258 -0.0165662 0.00435985 -11.2644 11.25 -0.0144128
223.27 -0.0165672 0.00436045 -11.2672 11.2528 -0.0144081
223.281 -0.0165682 0.00436105 -11.27 11.2556 -0.0144033
223.292 -0.0165689 0.00436158 -11.2728 11.2584 -0.0143987
223.303 -0.0165694 0.00436172 -11.2756 11.2612 -0.0143941
223.315 -0.0165694 0.00436181 -11.2784 11.264 -0.0143893
223.326 -0.0165696 0.00436241 -11.2811 11.2667 -0.0143844
223.337 -0.0165695 0.00436241 -11.2838 11.2694 -0.0143794
223.348 -0.0165692 0.00436257 -11.2865 11.2722 -0.0143748
223.36 -0.0165692 0.00436275 -11.2892 11.2749 -0.0143707
223.371 -0.0165691 0.00436316 -11.2919 11.2775 -0.0143657
223.382 -0.0165689 0.00436286 -11.2946 11.2802 -0.014361
223.393 -0.0165686 0.00436248 -11.2972 11.2829 -0.0143569
223.404 -0.0165683 0.00436273 -11.2998 11.2855 -0.0143519
223.416 -0.0165686 0.00436303 -11.3025 11.2881 -0.0143481
223.427 -0.0165685 0.00436355 -11.3051 11.2907 -0.0143444
223.438 -0.0165684 0.00436406 -11.3076 11.2933 -0.0143401
223.449 -0.0165681 0.00436516 -11.3102 11.2958 -0.0143354
223.461 -0.0165676 0.00436587 -11.3127 11.2984 -0.014331
223.472 -0.0165673 0.00436617 -11.3152 11.3009 -0.0143261
223.483 -0.0165667 0.00436618 -11.3177 11.3034 -0.0143213
223.494 -0.0165661 0.00436622 -11.3202 11.3058 -0.014317
223.506 -0.0165657 0.00436613 -11.3226 11.3083 -0.0143121
223.517 -0.0165653 0.00436599 -11.325 11.3107 -0.0143073
223.528 -0.0165647 0.00436631 -11.3275 11.3132 -0.014303
223.539 -0.016564 0.0043668 -11.3298 11.3155 -0.0142983
223.551 -0.0165632 0.00436705 -11.3322 11.3179 -0.0142934
223.562 -0.0165629 0.00436743 -11.3346 11.3203 -0.0142886
223.573 -0.0165628 0.00436829 -11.3369 11.3226 -0.0142834
223.584 -0.0165625 0.00436877 -11.3392 11.325 -0.0142782
223.596 -0.0165622 0.00436954 -11.3416 11.3273 -0.0142734
223.607 -0.016562 0.00437036 -11.3438 11.3296 -0.0142675
223.618 -0.0165621 0.0043716 -11.3461 11.3319 -0.0142618
223.629 -0.0165622 0.00437264 -11.3484 11.3342 -0.014256
223.64 -0.0165622 0.0043736 -11.3507 11.3364 -0.0142499
223.652 -0.0165625 0.00437462 -11.3529 11.3387 -0.0142438
223.663 -0.0165625 0.00437536 -11.3552 11.3409 -0.0142378
223.674 -0.0165628 0.00437633 -11.3573 11.3431 -0.0142319
223.685 -0.0165632 0.0043774 -11.3595 11.3453 -0.0142261
223.697 -0.0165637 0.00437812 -11.3617 11.3475 -0.0142212
223.708 -0.0165641 0.00437874 -11.3638 11.3496 -0.014216
223.719 -0.0165647 0.00437927 -11.3659 11.3517 -0.014211
223.73 -0.0165655 0.00437982 -11.368 11.3538 -0.014206
223.742 -0.0165661 0.00438012 -11.3701 11.3559 -0.0142015
223.753 -0.0165667 0.00438117 -11.3721 11.3579 -0.0141972
223.764 -0.0165677 0.00438155 -11.3741 11.3599 -0.0141931
223.775 -0.0165685 0.00438229 -11.376 11.3618 -0.0141887
223.787 -0.0165692 0.00438311 -11.3779 11.3637 -0.0141844
223.798 -0.01657 0.00438396 -11.3798 11.3656 -0.0141804
223.809 -0.0165705 0.00438523 -11.3816 11.3674 -0.0141765
223.82 -0.0165713 0.00438622 -11.3834 11.3692 -0.0141728
223.831 -0.0165722 0.00438757 -11.3851 11.371 -0.0141694
223.843 -0.0165728 0.00438859 -11.3868 11.3727 -0.014166
223.854 -0.0165733 0.00438989 -11.3884 11.3743 -0.0141623
223.865 -0.0165737 0.00439089 -11.39 11.3759 -0.0141584
223.876 -0.0165747 0.00439129 -11.3916 11.3774 -0.0141534
223.888 -0.0165756 0.00439141 -11.3931 11.3789 -0.0141483
223.899 -0.0165765 0.00439199 -11.3946 11.3805 -0.0141436
223.91 -0.0165772 0.00439323 -11.396 11.3819 -0.0141389
223.921 -0.0165782 0.00439461 -11.3975 11.3834 -0.0141347
223.933 -0.0165793 0.00439591 -11.3989 11.3848 -0.0141304
223.944 -0.0165804 0.00439743 -11.4003 11.3862 -0.0141257
223.955 -0.0165818 0.00439904 -11.4017 11.3875 -0.014121
223.966 -0.0165824 0.00440095 -11.403 11.3889 -0.0141159
223.978 -0.0165833 0.00440228 -11.4043 11.3902 -0.01411
223.989 -0.0165833 0.00440338 -11.4056 11.3915 -0.0141041
224 -0.0165834 0.00440469 -11.4069 11.3928 -0.0140989
224.011 -0.0165838 0.00440557 -11.4082 11.3941 -0.014093
224.022 -0.0165842 0.00440598 -11.4094 11.3953 -0.0140873
224.034 -0.0165845 0.00440629 -11.4106 11.3965 -0.0140822
224.045 -0.0165848 0.00440655 -11.4118 11.3977 -0.0140769
224.056 -0.0165852 0.00440674 -11.4129 11.3989 -0.0140716
224.067 -0.0165857 0.0044068 -11.4141 11.4 -0.0140664
224.079 -0.0165861 0.00440682 -11.4151 11.4011 -0.0140615
224.09 -0.0165865 0.00440632 -11.4162 11.4021 -0.014057
224.101 -0.0165869 0.00440581 -11.4172 11.4031 -0.0140526
224.112 -0.0165876 0.00440574 -11.4181 11.404 -0.0140481
224.124 -0.0165882 0.00440527 -11.419 11.4049 -0.0140438
224.135 -0.0165888 0.00440511 -11.4199 11.4058 -0.0140394
224.146 -0.0165892 0.00440475 -11.4206 11.4066 -0.0140344
224.157 -0.0165897 0.00440458 -11.4214 11.4074 -0.0140295
224.169 -0.0165903 0.00440465 -11.4221 11.4081 -0.0140254
224.18 -0.0165916 0.00440543 -11.4228 11.4088 -0.014021
224.191 -0.0165927 0.0044063 -11.4235 11.4094 -0.0140168
224.202 -0.0165944 0.00440703 -11.4241 11.4101 -0.0140127
224.213 -0.0165962 0.00440788 -11.4246 11.4106 -0.0140082
224.225 -0.0165977 0.00440846 -11.4251 11.4111 -0.0140041
224.236 -0.0165992 0.00440932 -11.4256 11.4116 -0.014
224.247 -0.0166006 0.0044102 -11.426 11.412 -0.0139957
224.258 -0.0166021 0.0044109 -11.4264 11.4124 -0.0139918
224.27 -0.0166034 0.00441163 -11.4268 11.4128 -0.013988
224.281 -0.0166047 0.00441267 -11.4271 11.4131 -0.0139837
224.292 -0.0166059 0.00441318 -11.4273 11.4133 -0.0139803
224.303 -0.0166072 0.00441392 -11.4275 11.4135 -0.0139771
224.315 -0.0166083 0.00441505 -11.4277 11.4137 -0.0139733
224.326 -0.016609 0.00441646 -11.4278 11.4138 -0.0139699
224.337 -0.0166093 0.00441758 -11.4278 11.4139 -0.0139664
224.348 -0.0166095 0.00441855 -11.4278 11.4139 -0.0139627
224.36 -0.0166101 0.00442013 -11.4278 11.4138 -0.0139585
224.371 -0.0166112 0.00442137 -11.4277 11.4137 -0.0139539
224.382 -0.0166127 0.00442303 -11.4275 11.4136 -0.0139493
224.393 -0.0166141 0.0044248 -11.4274 11.4134 -0.013945
224.404 -0.0166153 0.00442659 -11.4272 11.4133 -0.0139407
224.416 -0.0166161 0.0044277 -11.427 11.413 -0.0139356
224.427 -0.016617 0.00442887 -11.4267 11.4128 -0.0139301
224.438 -0.0166182 0.00443019 -11.4265 11.4125 -0.0139246
224.449 -0.0166198 0.00443144 -11.4262 11.4123 -0.0139188
224.461 -0.0166212 0.00443244 -11.4259 11.412 -0.0139132
224.472 -0.0166227 0.00443322 -11.4255 11.4116 -0.0139083
224.483 -0.016624 0.00443378 -11.4252 11.4113 -0.0139033
224.494 -0.0166254 0.00443459 -11.4248 11.4109 -0.0138986
224.506 -0.0166269 0.00443517 -11.4243 11.4105 -0.0138946
224.517 -0.0166276 0.00443534 -11.4238 11.4099 -0.0138904
224.528 -0.0166283 0.00443555 -11.4233 11.4094 -0.0138865
224.539 -0.0166294 0.00443529 -11.4227 11.4088 -0.0138824
224.551 -0.0166307 0.00443517 -11.4221 11.4082 -0.0138785
224.562 -0.0166322 0.00443494 -11.4214 11.4075 -0.0138746
224.573 -0.0166336 0.00443503 -11.4207 11.4068 -0.0138707
224.584 -0.0166356 0.00443553 -11.4199 11.4061 -0.0138667
224.596 -0.0166375 0.0044363 -11.4191 11.4052 -0.0138626
224.607 -0.0166395 0.0044372 -11.4182 11.4044 -0.0138582
224.618 -0.0166416 0.00443807 -11.4173 11.4035 -0.0138539
224.629 -0.0166436 0.00443885 -11.4164 11.4025 -0.0138503
224.64 -0.0166449 0.00443948 -11.4154 11.4015 -0.0138464
224.652 -0.0166463 0.0044403 -11.4143 11.4005 -0.0138426
224.663 -0.0166474 0.00444086 -11.4133 11.3994 -0.0138389
224.674 -0.0166486 0.0044417 -11.4121 11.3983 -0.0138353
224.685 -0.0166494 0.00444259 -11.4109 11.3971 -0.0138306
224.697 -0.0166502 0.0044437 -11.4097 11.3959 -0.0138261
224.708 -0.0166508 0.00444491 -11.4085 11.3947 -0.0138221
224.719 -0.0166516 0.00444589 -11.4072 11.3933 -0.013817
224.73 -0.0166523 0.00444724 -11.4058 11.392 -0.013812
224.742 -0.0166535 0.00444831 -11.4045 11.3907 -0.0138067
224.753 -0.0166544 0.00444897 -11.4031 11.3893 -0.0138005
224.764 -0.0166554 0.00444953 -11.4016 11.3879 -0.013795
224.775 -0.0166566 0.00445026 -11.4002 11.3864 -0.0137895
224.787 -0.0166584 0.00445094 -11.3987 11.385 -0.013784
224.798 -0.0166595 0.00445172 -11.3973 11.3835 -0.0137785
224.809 -0.0166618 0.00445272 -11.3958 11.382 -0.0137733
224.82 -0.0166635 0.00445303 -11.3943 11.3805 -0.0137675
224.831 -0.0166647 0.00445348 -11.3928 11.379 -0.0137625
224.843 -0.0166659 0.00445368 -11.3913 11.3775 -0.0137576
224.854 -0.0166665 0.00445419 -11.3897 11.376 -0.0137537
224.865 -0.0166679 0.00445414 -11.3881 11.3744 -0.013749
224.876 -0.0166696 0.00445419 -11.3865 11.3727 -0.0137446
224.888 -0.0166716 0.00445424 -11.3848 11.3711 -0.0137403
224.899 -0.0166734 0.00445442 -11.3831 11.3693 -0.0137363
224.91 -0.0166751 0.00445414 -11.3813 11.3676 -0.0137325
224.921 -0.0166766 0.00445373 -11.3795 11.3658 -0.0137289
224.933 -0.0166787 0.00445383 -11.3776 11.3639 -0.0137252
224.944 -0.0166799 0.00445458 -11.3757 11.362 -0.0137218
224.955 -0.0166819 0.00445462 -11.3737 11.36 -0.0137175
224.966 -0.0166834 0.00445479 -11.3717 11.358 -0.0137132
224.978 -0.0166846 0.00445547 -11.3697 11.356 -0.0137089
224.989 -0.0166854 0.00445651 -11.3676 11.3539 -0.0137047
225 -0.0166863 0.00445694 -11.3655 11.3518 -0.0137004
225.011 -0.0166872 0.00445777 -11.3634 11.3497 -0.0136956
225.022 -0.0166887 0.00445796 -11.3612 11.3475 -0.0136896
225.034 -0.0166903 0.0044587 -11.3591 11.3454 -0.0136843
225.045 -0.016692 0.00445887 -11.3569 11.3432 -0.0136789
225.056 -0.0166937 0.00445936 -11.3547 11.3411 -0.0136731
225.067 -0.0166955 0.00445984 -11.3526 11.3389 -0.0136668
225.079 -0.0166976 0.00445966 -11.3504 11.3367 -0.0136602
225.09 -0.0166988 0.00445945 -11.3482 11.3346 -0.013655
225.101 -0.0167 0.00445907 -11.346 11.3324 -0.0136503
225.112 -0.0167002 0.00445943 -11.3438 11.3302 -0.0136471
225.124 -0.0167014 0.00445976 -11.3416 11.3279 -0.0136438
225.135 -0.016703 0.00445975 -11.3393 11.3257 -0.0136402
225.146 -0.0167051 0.00445965 -11.337 11.3234 -0.0136362
225.157 -0.016707 0.00445928 -11.3347 11.321 -0.013632
225.169 -0.0167092 0.00445868 -11.3323 11.3187 -0.0136278
225.18 -0.0167113 0.00445825 -11.3299 11.3163 -0.0136235
225.191 -0.0167132 0.00445817 -11.3276 11.3139 -0.0136191
225.202 -0.0167146 0.00445765 -11.3252 11.3115 -0.0136147
225.213 -0.0167163 0.00445729 -11.3227 11.3091 -0.0136102
225.225 -0.0167178 0.00445681 -11.3203 11.3067 -0.013606
225.236 -0.0167191 0.00445681 -11.3178 11.3042 -0.0136023
225.247 -0.0167201 0.00445652 -11.3153 11.3017 -0.0135989
225.258 -0.0167213 0.00445586 -11.3128 11.2992 -0.0135955
225.27 -0.0167228 0.00445531 -11.3102 11.2967 -0.0135914
225.281 -0.0167247 0.00445466 -11.3077 11.2941 -0.0135869
225.292 -0.0167258 0.00445421 -11.3051 11.2915 -0.0135827
225.303 -0.0167279 0.00445435 -11.3025 11.289 -0.0135781
225.315 -0.0167298 0.00445449 -11.2999 11.2864 -0.0135735
225.326 -0.016732 0.00445427 -11.2973 11.2838 -0.0135693
225.337 -0.0167343 0.00445382 -11.2947 11.2811 -0.0135644
225.348 -0.0167366 0.00445351 -11.2921 11.2785 -0.0135602
225.36 -0.0167385 0.00445329 -11.2894 11.2759 -0.0135564
225.371 -0.0167403 0.00445262 -11.2868 11.2732 -0.0135525
225.382 -0.0167427 0.00445227 -11.2841 11.2705 -0.0135485
225.393 -0.0167453 0.00445221 -11.2814 11.2679 -0.0135442
225.404 -0.0167473 0.00445181 -11.2788 11.2652 -0.0135403
225.416 -0.0167495 0.00445147 -11.2761 11.2626 -0.0135363
225.427 -0.0167516 0.00445129 -11.2734 11.2599 -0.0135321
225.438 -0.0167542 0.00445086 -11.2707 11.2572 -0.0135276
225.449 -0.0167559 0.00445046 -11.2681 11.2545 -0.0135238
225.461 -0.0167584 0.00444937 -11.2654 11.2518 -0.0135198
225.472 -0.0167608 0.00444965 -11.2627 11.2492 -0.0135158
225.483 -0.0167637 0.00444974 -11.26 11.2465 -0.0135122
225.494 -0.0167664 0.0044498 -11.2573 11.2438 -0.0135081
225.506 -0.0167694 0.0044502 -11.2546 11.2411 -0.0135037
225.517 -0.0167721 0.00445002 -11.2519 11.2385 -0.0134991
225.528 -0.0167746 0.00444972 -11.2493 11.2358 -0.013495
225.539 -0.0167765 0.00444909 -11.2467 11.2332 -0.0134915
225.551 -0.0167781 0.00444827 -11.244 11.2305 -0.0134886
225.562 -0.0167798 0.0044476 -11.2414 11.2279 -0.0134845
225.573 -0.0167818 0.00444651 -11.2387 11.2252 -0.0134803
225.584 -0.0167837 0.00444536 -11.2361 11.2226 -0.0134754
225.596 -0.0167864 0.00444456 -11.2335 11.22 -0.0134705
225.607 -0.0167891 0.00444401 -11.2309 11.2174 -0.0134661
225.618 -0.0167922 0.00444355 -11.2283 11.2149 -0.0134623
225.629 -0.016795 0.00444309 -11.2258 11.2123 -0.0134582
225.64 -0.016798 0.00444236 -11.2233 11.2098 -0.013454
225.652 -0.016801 0.00444215 -11.2208 11.2073 -0.01345
225.663 -0.0168037 0.00444224 -11.2183 11.2049 -0.0134459
225.674 -0.016806 0.00444292 -11.2158 11.2024 -0.0134425
225.685 -0.0168079 0.00444299 -11.2133 11.1999 -0.0134393
225.697 -0.0168098 0.0044427 -11.2109 11.1974 -0.0134356
225.708 -0.0168119 0.00444164 -11.2084 11.195 -0.0134317
225.719 -0.0168141 0.00444063 -11.206 11.1926 -0.0134275
225.73 -0.0168168 0.00443994 -11.2036 11.1902 -0.0134226
225.742 -0.0168193 0.00443963 -11.2012 11.1878 -0.0134182
225.753 -0.0168214 0.00443988 -11.1989 11.1854 -0.0134143
225.764 -0.0168239 0.00443929 -11.1965 11.1831 -0.0134107
225.775 -0.0168261 0.00443863 -11.1941 11.1807 -0.0134069
225.787 -0.0168285 0.00443821 -11.1919 11.1785 -0.0134027
225.798 -0.0168314 0.00443735 -11.1896 11.1762 -0.0133973
225.809 -0.016834 0.00443635 -11.1874 11.174 -0.0133926
225.82 -0.0168368 0.00443599 -11.1853 11.1719 -0.0133881
225.831 -0.0168389 0.00443528 -11.1833 11.1699 -0.0133839
225.843 -0.0168416 0.00443437 -11.1812 11.1679 -0.0133796
225.854 -0.0168436 0.00443386 -11.1792 11.1659 -0.0133762
225.865 -0.0168454 0.00443323 -11.1773 11.1639 -0.0133731
225.876 -0.0168478 0.00443242 -11.1754 11.162 -0.0133693
225.888 -0.0168502 0.00443199 -11.1735 11.1601 -0.0133663
225.899 -0.0168526 0.00443161 -11.1716 11.1583 -0.0133632
225.91 -0.0168549 0.00443082 -11.1698 11.1565 -0.0133606
225.921 -0.0168576 0.00443034 -11.1681 11.1547 -0.0133575
225.933 -0.0168604 0.00442979 -11.1663 11.153 -0.0133539
225.944 -0.0168633 0.00442899 -11.1647 11.1513 -0.0133502
225.955 -0.0168667 0.00442826 -11.1631 11.1497 -0.0133468
225.966 -0.0168694 0.00442798 -11.1615 11.1482 -0.0133434
225.978 -0.0168716 0.0044275 -11.16 11.1467 -0.013341
225.989 -0.0168739 0.00442721 -11.1585 11.1452 -0.0133383
226 -0.0168762 0.00442693 -11.1571 11.1438 -0.0133346
226.011 -0.0168791 0.00442637 -11.1558 11.1424 -0.0133303
226.022 -0.0168821 0.00442577 -11.1545 11.1412 -0.0133261
226.034 -0.0168852 0.00442505 -11.1533 11.1399 -0.0133214
226.045 -0.0168886 0.00442413 -11.1521 11.1388 -0.0133165
226.056 -0.0168916 0.00442321 -11.151 11.1377 -0.0133118
226.067 -0.0168945 0.00442259 -11.15 11.1367 -0.0133071
226.079 -0.0168971 0.00442166 -11.149 11.1357 -0.0133026
226.09 -0.0169 0.00442039 -11.1481 11.1348 -0.0132983
226.101 -0.0169025 0.00441863 -11.1473 11.134 -0.0132935
226.112 -0.0169054 0.00441719 -11.1465 11.1332 -0.0132889
226.124 -0.0169081 0.00441535 -11.1458 11.1325 -0.0132845
226.135 -0.0169111 0.00441351 -11.1451 11.1318 -0.0132801
226.146 -0.0169141 0.00441171 -11.1444 11.1312 -0.0132762
226.157 -0.0169162 0.00440994 -11.1438 11.1306 -0.0132733
226.169 -0.0169188 0.00440871 -11.1433 11.13 -0.0132695
226.18 -0.0169208 0.0044074 -11.1428 11.1295 -0.0132661
226.191 -0.0169234 0.00440613 -11.1423 11.1291 -0.0132615
226.202 -0.0169255 0.00440614 -11.1419 11.1287 -0.0132583
226.213 -0.0169276 0.00440582 -11.1416 11.1283 -0.0132551
226.225 -0.0169308 0.00440436 -11.1413 11.128 -0.0132512
226.236 -0.0169342 0.00440281 -11.141 11.1278 -0.0132467
226.247 -0.0169378 0.00440123 -11.1409 11.1277 -0.0132419
226.258 -0.0169412 0.00439992 -11.1408 11.1276 -0.0132375
226.27 -0.0169443 0.00439865 -11.1408 11.1276 -0.0132327
226.281 -0.0169471 0.00439735 -11.1409 11.1276 -0.0132275
226.292 -0.0169494 0.00439581 -11.141 11.1278 -0.0132231
226.303 -0.0169515 0.00439414 -11.1412 11.1279 -0.0132184
226.315 -0.016953 0.0043924 -11.1414 11.1282 -0.0132142
226.326 -0.0169548 0.00439064 -11.1417 11.1285 -0.0132102
226.337 -0.0169573 0.00438903 -11.142 11.1288 -0.0132052
226.348 -0.0169608 0.00438793 -11.1425 11.1293 -0.0132
226.36 -0.016964 0.00438621 -11.1429 11.1298 -0.013195
226.371 -0.0169671 0.00438493 -11.1435 11.1303 -0.0131897
226.382 -0.01697 0.00438358 -11.1441 11.1309 -0.0131847
226.393 -0.0169728 0.00438266 -11.1448 11.1316 -0.0131799
226.404 -0.0169752 0.00438193 -11.1455 11.1323 -0.0131759
226.416 -0.0169781 0.00438061 -11.1463 11.1331 -0.0131718
226.427 -0.016981 0.00437842 -11.1471 11.1339 -0.0131674
226.438 -0.0169841 0.00437689 -11.148 11.1348 -0.0131618
226.449 -0.016987 0.00437515 -11.1489 11.1358 -0.0131564
226.461 -0.0169899 0.00437387 -11.15 11.1368 -0.0131522
226.472 -0.016993 0.00437244 -11.151 11.1379 -0.0131471
226.483 -0.0169959 0.00437088 -11.1522 11.139 -0.0131419
226.494 -0.0169982 0.00436918 -11.1533 11.1402 -0.0131377
226.506 -0.0169999 0.00436781 -11.1546 11.1414 -0.0131341
226.517 -0.0170021 0.00436599 -11.1558 11.1427 -0.0131302
226.528 -0.0170046 0.00436474 -11.1572 11.144 -0.0131263
226.539 -0.0170073 0.00436371 -11.1585 11.1454 -0.013122
226.551 -0.0170105 0.00436212 -11.16 11.1468 -0.0131168
226.562 -0.0170136 0.00436064 -11.1615 11.1483 -0.0131119
226.573 -0.0170165 0.00435889 -11.163 11.1499 -0.0131062
226.584 -0.0170196 0.00435764 -11.1646 11.1515 -0.013101
226.596 -0.0170229 0.00435596 -11.1663 11.1532 -0.0130962
226.607 -0.0170261 0.00435448 -11.168 11.155 -0.0130914
226.618 -0.0170291 0.00435329 -11.1698 11.1567 -0.0130873
226.629 -0.0170315 0.00435268 -11.1716 11.1585 -0.0130841
226.64 -0.0170341 0.00435159 -11.1734 11.1603 -0.0130801
226.652 -0.0170372 0.00435028 -11.1753 11.1622 -0.0130754
226.663 -0.01704 0.00434881 -11.1772 11.1641 -0.0130707
226.674 -0.0170431 0.00434738 -11.1791 11.166 -0.0130654
226.685 -0.0170461 0.00434603 -11.1811 11.168 -0.0130601
226.697 -0.017049 0.00434475 -11.1831 11.1701 -0.0130543
226.708 -0.0170518 0.00434304 -11.1852 11.1722 -0.0130488
226.719 -0.0170541 0.00434144 -11.1874 11.1743 -0.0130439
226.73 -0.0170568 0.0043397 -11.1895 11.1765 -0.0130388
226.742 -0.0170591 0.00433784 -11.1917 11.1787 -0.0130338
226.753 -0.0170615 0.00433634 -11.194 11.1809 -0.0130286
226.764 -0.0170633 0.00433457 -11.1962 11.1832 -0.013024
226.775 -0.0170649 0.00433362 -11.1985 11.1855 -0.0130194
226.787 -0.017067 0.00433261 -11.2008 11.1878 -0.0130147
226.798 -0.0170694 0.00433184 -11.2032 11.1902 -0.0130106
226.809 -0.0170722 0.00433074 -11.2055 11.1925 -0.0130055
226.82 -0.0170749 0.00432953 -11.2079 11.1949 -0.0130006
226.831 -0.0170779 0.0043283 -11.2104 11.1974 -0.0129956
226.843 -0.0170812 0.00432663 -11.2128 11.1998 -0.0129901
226.854 -0.0170843 0.00432501 -11.2153 11.2023 -0.0129842
226.865 -0.0170871 0.00432388 -11.2179 11.2049 -0.012979
226.876 -0.0170896 0.00432233 -11.2204 11.2074 -0.0129731
226.888 -0.0170913 0.00432195 -11.223 11.21 -0.0129682
226.899 -0.0170933 0.00432114 -11.2256 11.2126 -0.0129635
226.91 -0.0170952 0.00432012 -11.2282 11.2152 -0.0129589
226.921 -0.0170971 0.00431913 -11.2307 11.2178 -0.0129538
226.933 -0.017099 0.00431828 -11.2334 11.2204 -0.01295
226.944 -0.0171007 0.00431736 -11.236 11.223 -0.0129453
226.955 -0.0171027 0.00431638 -11.2386 11.2256 -0.0129409
226.966 -0.0171051 0.00431523 -11.2412 11.2283 -0.012936
226.978 -0.0171076 0.0043135 -11.2439 11.2309 -0.0129306
226.989 -0.0171102 0.00431177 -11.2466 11.2336 -0.0129252
227 -0.0171124 0.00430994 -11.2493 11.2363 -0.0129206
227.011 -0.0171145 0.00430826 -11.252 11.239 -0.0129154
227.022 -0.0171169 0.00430684 -11.2546 11.2417 -0.0129097
227.034 -0.0171192 0.0043054 -11.2574 11.2445 -0.0129045
227.045 -0.0171213 0.00430364 -11.2601 11.2472 -0.012899
227.056 -0.0171236 0.00430206 -11.2628 11.2499 -0.0128933
227.067 -0.0171259 0.00430022 -11.2655 11.2526 -0.0128877
227.079 -0.0171278 0.00429855 -11.2682 11.2553 -0.0128821
227.09 -0.0171293 0.00429719 -11.2709 11.2581 -0.0128781
227.101 -0.0171307 0.00429578 -11.2736 11.2608 -0.012874
227.112 -0.0171319 0.00429391 -11.2763 11.2634 -0.0128695
227.124 -0.0171333 0.00429213 -11.2789 11.266 -0.0128655
227.135 -0.017135 0.00429045 -11.2815 11.2687 -0.0128614
227.146 -0.0171364 0.00428874 -11.2842 11.2713 -0.012857
227.157 -0.0171379 0.00428689 -11.2867 11.2739 -0.0128524
227.169 -0.0171396 0.00428532 -11.2893 11.2765 -0.0128476
227.18 -0.0171409 0.00428337 -11.2919 11.2791 -0.0128427
227.191 -0.0171423 0.00428122 -11.2944 11.2816 -0.012838
227.202 -0.0171441 0.00427953 -11.297 11.2842 -0.012833
227.213 -0.0171458 0.00427765 -11.2995 11.2867 -0.0128279
227.225 -0.0171472 0.00427576 -11.302 11.2892 -0.0128224
227.236 -0.0171486 0.00427402 -11.3045 11.2917 -0.0128174
227.247 -0.0171496 0.00427268 -11.307 11.2942 -0.0128123
227.258 -0.0171501 0.00427087 -11.3095 11.2967 -0.0128075
227.27 -0.0171508 0.00426919 -11.3119 11.2991 -0.012803
227.281 -0.0171516 0.00426794 -11.3143 11.3015 -0.0127986
227.292 -0.0171523 0.00426662 -11.3167 11.3039 -0.0127944
227.303 -0.017153 0.00426466 -11.3191 11.3063 -0.0127909
227.315 -0.0171541 0.00426294 -11.3214 11.3087 -0.012787
227.326 -0.017155 0.00426108 -11.3238 11.311 -0.0127837
227.337 -0.0171561 0.00425909 -11.326 11.3133 -0.0127802
227.348 -0.0171575 0.00425666 -11.3283 11.3155 -0.0127758
227.36 -0.0171589 0.00425392 -11.3305 11.3177 -0.0127709
227.371 -0.0171602 0.00425126 -11.3327 11.32 -0.0127664
227.382 -0.0171616 0.00424867 -11.3349 11.3222 -0.0127618
227.393 -0.0171629 0.00424642 -11.3371 11.3243 -0.0127574
227.404 -0.0171642 0.00424419 -11.3393 11.3265 -0.0127531
227.416 -0.0171656 0.00424193 -11.3413 11.3286 -0.0127484
227.427 -0.017167 0.00424037 -11.3434 11.3307 -0.0127439
227.438 -0.0171686 0.00423844 -11.3455 11.3327 -0.0127391
227.449 -0.0171703 0.00423653 -11.3475 11.3348 -0.0127342
227.461 -0.0171716 0.00423453 -11.3495 11.3367 -0.012729
227.472 -0.0171731 0.00423276 -11.3514 11.3387 -0.0127239
227.483 -0.0171746 0.0042311 -11.3534 11.3406 -0.0127189
227.494 -0.0171761 0.0042297 -11.3552 11.3425 -0.0127135
227.506 -0.0171777 0.00422787 -11.3571 11.3444 -0.0127084
227.517 -0.0171797 0.00422583 -11.3589 11.3462 -0.0127027
227.528 -0.0171813 0.00422386 -11.3607 11.348 -0.0126967
227.539 -0.0171828 0.00422204 -11.3624 11.3498 -0.0126909
227.551 -0.0171847 0.00422001 -11.3641 11.3515 -0.0126845
227.562 -0.017186 0.00421785 -11.3658 11.3531 -0.0126785
227.573 -0.0171877 0.0042156 -11.3674 11.3548 -0.012673
227.584 -0.0171898 0.00421294 -11.369 11.3563 -0.0126673
227.596 -0.0171915 0.00421077 -11.3705 11.3578 -0.0126613
227.607 -0.0171934 0.00420844 -11.3719 11.3593 -0.0126559
227.618 -0.0171954 0.00420692 -11.3733 11.3607 -0.0126502
227.629 -0.0171975 0.0042055 -11.3747 11.362 -0.012645
227.64 -0.0171994 0.00420391 -11.376 11.3633 -0.0126401
227.652 -0.0172015 0.00420242 -11.3772 11.3645 -0.0126348
227.663 -0.017203 0.004201 -11.3784 11.3657 -0.0126302
227.674 -0.0172042 0.0041995 -11.3795 11.3669 -0.0126263
227.685 -0.0172054 0.00419839 -11.3805 11.3679 -0.0126221
227.697 -0.0172066 0.00419722 -11.3815 11.3689 -0.0126179
227.708 -0.0172078 0.00419603 -11.3825 11.3699 -0.0126141
227.719 -0.0172091 0.00419499 -11.3833 11.3707 -0.0126104
227.73 -0.0172102 0.00419424 -11.3841 11.3714 -0.0126067
227.742 -0.0172112 0.00419334 -11.3848 11.3722 -0.0126032
227.753 -0.0172123 0.00419243 -11.3854 11.3728 -0.0125992
227.764 -0.0172134 0.00419125 -11.386 11.3734 -0.0125955
227.775 -0.0172148 0.00419038 -11.3865 11.374 -0.0125923
227.787 -0.017216 0.00418993 -11.387 11.3744 -0.0125886
227.798 -0.0172175 0.00418958 -11.3874 11.3748 -0.0125854
227.809 -0.0172189 0.0041893 -11.3877 11.3751 -0.012582
227.82 -0.0172204 0.00418887 -11.388 11.3754 -0.0125789
227.831 -0.0172219 0.00418815 -11.3882 11.3756 -0.0125753
227.843 -0.0172238 0.00418736 -11.3883 11.3758 -0.0125722
227.854 -0.0172253 0.00418692 -11.3884 11.3758 -0.0125687
227.865 -0.0172267 0.00418638 -11.3884 11.3759 -0.0125655
227.876 -0.0172283 0.00418643 -11.3884 11.3758 -0.0125625
227.888 -0.0172299 0.00418607 -11.3883 11.3757 -0.0125587
227.899 -0.0172304 0.00418542 -11.3881 11.3755 -0.0125546
227.91 -0.0172318 0.00418507 -11.3878 11.3753 -0.0125513
227.921 -0.0172335 0.00418515 -11.3875 11.375 -0.0125467
227.933 -0.0172353 0.00418442 -11.3872 11.3746 -0.0125434
227.944 -0.0172368 0.00418393 -11.3868 11.3742 -0.0125406
227.955 -0.0172385 0.00418353 -11.3863 11.3737 -0.0125375
227.966 -0.0172401 0.00418271 -11.3857 11.3732 -0.0125334
227.978 -0.0172421 0.00418178 -11.3851 11.3726 -0.0125295
227.989 -0.0172446 0.00418086 -11.3845 11.372 -0.0125255
228 -0.0172472 0.00418096 -11.3837 11.3712 -0.0125203
228.011 -0.0172493 0.00418045 -11.383 11.3705 -0.0125158
228.022 -0.0172511 0.00417992 -11.3823 11.3697 -0.0125112
228.034 -0.0172526 0.00417904 -11.3814 11.3689 -0.0125064
228.045 -0.0172543 0.00417866 -11.3805 11.368 -0.0125017
228.056 -0.0172559 0.00417807 -11.3796 11.3671 -0.0124967
228.067 -0.0172575 0.00417755 -11.3786 11.3661 -0.0124919
228.079 -0.0172587 0.00417697 -11.3776 11.3651 -0.0124871
228.09 -0.0172599 0.00417565 -11.3765 11.364 -0.012482
228.101 -0.0172611 0.00417468 -11.3754 11.3629 -0.0124769
228.112 -0.0172625 0.00417392 -11.3742 11.3617 -0.0124721
228.124 -0.0172634 0.00417324 -11.373 11.3606 -0.0124666
228.135 -0.0172647 0.0041729 -11.3717 11.3593 -0.0124615
228.146 -0.0172652 0.00417251 -11.3705 11.358 -0.0124564
228.157 -0.0172662 0.0041723 -11.3691 11.3567 -0.0124513
228.169 -0.0172665 0.00417198 -11.3678 11.3553 -0.012446
228.18 -0.0172674 0.00417218 -11.3663 11.3539 -0.0124405
228.191 -0.017268 0.00417199 -11.3649 11.3525 -0.0124358
228.202 -0.0172684 0.00417179 -11.3634 11.351 -0.0124308
228.213 -0.017269 0.00417106 -11.3618 11.3494 -0.0124255
228.225 -0.0172697 0.00417032 -11.3603 11.3478 -0.0124202
228.236 -0.0172705 0.00416985 -11.3587 11.3462 -0.0124142
228.247 -0.0172714 0.00416924 -11.357 11.3446 -0.0124084
228.258 -0.0172723 0.00416898 -11.3553 11.3429 -0.0124024
228.27 -0.0172733 0.00416857 -11.3536 11.3412 -0.0123967
228.281 -0.0172743 0.00416796 -11.3519 11.3395 -0.012391
228.292 -0.0172752 0.00416746 -11.3501 11.3377 -0.0123856
228.303 -0.0172758 0.00416707 -11.3483 11.336 -0.0123799
228.315 -0.0172764 0.00416657 -11.3465 11.3341 -0.0123743
228.326 -0.0172778 0.00416649 -11.3446 11.3323 -0.0123683
228.337 -0.017279 0.00416613 -11.3427 11.3304 -0.0123627
228.348 -0.0172798 0.00416558 -11.3408 11.3285 -0.0123567
228.36 -0.0172817 0.00416488 -11.3389 11.3266 -0.0123499
228.371 -0.0172827 0.00416422 -11.337 11.3246 -0.0123436
228.382 -0.0172846 0.00416314 -11.335 11.3226 -0.0123378
228.393 -0.0172857 0.0041625 -11.333 11.3206 -0.0123314
228.404 -0.0172871 0.00416132 -11.3309 11.3186 -0.0123245
228.416 -0.0172884 0.00416019 -11.3289 11.3166 -0.0123182
228.427 -0.0172901 0.00415901 -11.3268 11.3145 -0.0123119
228.438 -0.0172913 0.00415825 -11.3247 11.3124 -0.0123056
228.449 -0.017293 0.0041576 -11.3226 11.3103 -0.0122996
228.461 -0.0172947 0.00415656 -11.3205 11.3082 -0.0122937
228.472 -0.0172968 0.00415553 -11.3183 11.3061 -0.0122875
228.483 -0.0172982 0.00415488 -11.3162 11.3039 -0.0122815
228.494 -0.0173002 0.00415392 -11.314 11.3017 -0.0122753
228.506 -0.0173013 0.00415348 -11.3117 11.2994 -0.0122691
228.517 -0.0173032 0.004153 -11.3095 11.2972 -0.0122635
228.528 -0.0173052 0.00415205 -11.3072 11.2949 -0.0122569
228.539 -0.0173073 0.00415117 -11.3049 11.2926 -0.0122506
228.551 -0.0173091 0.00415046 -11.3026 11.2903 -0.0122448
228.562 -0.0173114 0.00414971 -11.3002 11.288 -0.0122394
228.573 -0.0173129 0.00414892 -11.2979 11.2856 -0.0122341
228.584 -0.0173142 0.00414844 -11.2955 11.2832 -0.012229
228.596 -0.0173154 0.00414809 -11.293 11.2808 -0.0122241
228.607 -0.0173165 0.00414766 -11.2905 11.2783 -0.0122189
228.618 -0.0173171 0.00414719 -11.2881 11.2758 -0.012214
228.629 -0.0173182 0.00414688 -11.2855 11.2733 -0.0122087
228.64 -0.0173189 0.00414672 -11.283 11.2708 -0.0122041
228.652 -0.0173199 0.00414594 -11.2804 11.2682 -0.0122001
228.663 -0.0173212 0.00414488 -11.2778 11.2656 -0.0121957
228.674 -0.017323 0.00414381 -11.2751 11.2629 -0.0121907
228.685 -0.0173249 0.0041427 -11.2725 11.2603 -0.0121864
228.697 -0.0173266 0.00414212 -11.2697 11.2576 -0.0121815
228.708 -0.0173283 0.00414148 -11.267 11.2548 -0.0121776
228.719 -0.0173304 0.00414029 -11.2643 11.2521 -0.0121736
228.73 -0.017332 0.0041395 -11.2615 11.2493 -0.0121686
228.742 -0.0173335 0.00413862 -11.2587 11.2465 -0.0121639
228.753 -0.0173344 0.00413771 -11.2559 11.2437 -0.0121587
228.764 -0.0173357 0.00413655 -11.2531 11.2409 -0.0121531
228.775 -0.0173363 0.00413586 -11.2503 11.2381 -0.0121476
228.787 -0.017337 0.00413493 -11.2474 11.2353 -0.0121425
228.798 -0.0173375 0.00413417 -11.2446 11.2325 -0.0121373
228.809 -0.0173381 0.00413366 -11.2418 11.2297 -0.0121323
228.82 -0.0173381 0.00413348 -11.239 11.2268 -0.0121271
228.831 -0.0173382 0.00413278 -11.2361 11.224 -0.0121202
228.843 -0.0173382 0.00413218 -11.2333 11.2212 -0.0121135
228.854 -0.0173385 0.00413117 -11.2305 11.2184 -0.0121079
228.865 -0.0173395 0.00413065 -11.2277 11.2156 -0.0121023
228.876 -0.0173403 0.00413011 -11.2249 11.2128 -0.0120964
228.888 -0.017341 0.00413019 -11.2221 11.21 -0.0120907
228.899 -0.0173422 0.00412948 -11.2192 11.2071 -0.012085
228.91 -0.0173425 0.00412876 -11.2164 11.2043 -0.0120795
228.921 -0.0173438 0.00412772 -11.2135 11.2015 -0.0120742
228.933 -0.0173448 0.00412755 -11.2107 11.1986 -0.012068
228.944 -0.017346 0.00412737 -11.2078 11.1958 -0.012062
228.955 -0.0173474 0.0041274 -11.205 11.1929 -0.0120563
228.966 -0.0173489 0.00412683 -11.2021 11.1901 -0.01205
228.978 -0.0173502 0.00412635 -11.1993 11.1873 -0.0120438
228.989 -0.0173514 0.00412606 -11.1965 11.1845 -0.012038
229 -0.017353 0.00412529 -11.1937 11.1816 -0.0120316
229.011 -0.017354 0.00412441 -11.1909 11.1788 -0.0120258
229.022 -0.0173553 0.00412327 -11.1881 11.176 -0.0120205
229.034 -0.0173568 0.00412193 -11.1853 11.1732 -0.012015
229.045 -0.0173579 0.00412065 -11.1825 11.1705 -0.0120097
229.056 -0.0173585 0.00411901 -11.1797 11.1677 -0.0120052
229.067 -0.0173596 0.00411716 -11.1769 11.1649 -0.0119998
229.079 -0.0173602 0.00411543 -11.1741 11.1621 -0.0119944
229.09 -0.0173607 0.00411374 -11.1714 11.1594 -0.0119891
229.101 -0.0173606 0.00411211 -11.1686 11.1566 -0.0119826
229.112 -0.0173604 0.00411112 -11.1658 11.1538 -0.0119768
229.124 -0.0173605 0.00410962 -11.1631 11.1511 -0.0119715
229.135 -0.0173606 0.00410824 -11.1603 11.1483 -0.0119662
229.146 -0.0173611 0.00410689 -11.1575 11.1455 -0.0119616
229.157 -0.0173611 0.00410576 -11.1547 11.1427 -0.011957
229.169 -0.0173615 0.00410476 -11.1519 11.1399 -0.0119519
229.18 -0.0173612 0.00410376 -11.1491 11.1371 -0.0119466
229.191 -0.017361 0.004102 -11.1463 11.1343 -0.0119419
229.202 -0.0173611 0.00410027 -11.1434 11.1315 -0.0119365
229.213 -0.0173611 0.00409941 -11.1406 11.1287 -0.0119314
229.225 -0.0173617 0.0040984 -11.1378 11.1259 -0.0119267
229.236 -0.017362 0.00409709 -11.135 11.1231 -0.0119214
229.247 -0.017362 0.00409582 -11.1322 11.1202 -0.0119155
229.258 -0.0173618 0.00409452 -11.1293 11.1174 -0.0119098
229.27 -0.0173617 0.00409341 -11.1265 11.1146 -0.0119034
229.281 -0.0173617 0.00409225 -11.1236 11.1117 -0.0118974
229.292 -0.0173614 0.00409115 -11.1208 11.1089 -0.0118918
229.303 -0.0173617 0.00409007 -11.1179 11.106 -0.0118861
229.315 -0.0173625 0.00408867 -11.115 11.1032 -0.011881
229.326 -0.0173629 0.00408776 -11.1122 11.1003 -0.0118763
229.337 -0.0173635 0.00408706 -11.1093 11.0974 -0.0118707
229.348 -0.0173643 0.00408537 -11.1064 11.0945 -0.0118659
229.36 -0.0173649 0.00408332 -11.1035 11.0916 -0.0118614
229.371 -0.0173653 0.00408137 -11.1005 11.0887 -0.0118562
229.382 -0.0173653 0.00407974 -11.0976 11.0858 -0.0118517
229.393 -0.0173652 0.00407799 -11.0947 11.0829 -0.0118467
229.404 -0.017365 0.00407646 -11.0919 11.08 -0.0118419
229.416 -0.0173651 0.00407533 -11.089 11.0771 -0.0118375
229.427 -0.017365 0.00407415 -11.0861 11.0742 -0.0118336
229.438 -0.0173644 0.00407279 -11.0831 11.0713 -0.0118287
229.449 -0.0173642 0.00407195 -11.0803 11.0684 -0.0118244
229.461 -0.0173641 0.00407073 -11.0774 11.0655 -0.0118199
229.472 -0.0173642 0.00407013 -11.0745 11.0627 -0.0118144
229.483 -0.0173635 0.00406923 -11.0716 11.0598 -0.0118078
229.494 -0.0173636 0.00406844 -11.0688 11.057 -0.0118022
229.506 -0.0173634 0.00406742 -11.066 11.0542 -0.0117968
229.517 -0.017363 0.00406587 -11.0632 11.0514 -0.0117914
229.528 -0.0173632 0.00406468 -11.0604 11.0486 -0.0117867
229.539 -0.017363 0.00406311 -11.0576 11.0458 -0.0117816
229.551 -0.0173635 0.00406147 -11.0548 11.0431 -0.0117767
229.562 -0.0173642 0.00406009 -11.0521 11.0403 -0.0117718
229.573 -0.0173647 0.00405892 -11.0493 11.0375 -0.0117666
229.584 -0.0173647 0.00405739 -11.0465 11.0347 -0.0117612
229.596 -0.0173644 0.00405626 -11.0437 11.032 -0.0117558
229.607 -0.0173645 0.00405547 -11.041 11.0292 -0.0117501
229.618 -0.0173642 0.00405456 -11.0382 11.0265 -0.0117446
229.629 -0.0173642 0.00405362 -11.0355 11.0238 -0.0117389
229.64 -0.0173643 0.00405291 -11.0328 11.021 -0.0117333
229.652 -0.0173647 0.00405196 -11.03 11.0183 -0.0117287
229.663 -0.0173649 0.00405116 -11.0273 11.0156 -0.0117231
229.674 -0.0173645 0.00404976 -11.0246 11.0129 -0.0117173
229.685 -0.0173644 0.00404883 -11.0219 11.0102 -0.0117116
229.697 -0.0173648 0.00404742 -11.0192 11.0075 -0.0117063
229.708 -0.0173654 0.0040456 -11.0165 11.0048 -0.0117014
229.719 -0.0173664 0.00404408 -11.0138 11.0021 -0.0116969
229.73 -0.0173678 0.00404202 -11.0112 10.9995 -0.0116931
229.742 -0.0173681 0.00404092 -11.0085 10.9968 -0.0116885
229.753 -0.0173684 0.00404034 -11.0058 10.9942 -0.011683
229.764 -0.0173686 0.00403983 -11.0032 10.9915 -0.0116777
229.775 -0.0173683 0.00403909 -11.0006 10.989 -0.011672
229.787 -0.0173686 0.00403848 -10.9981 10.9864 -0.0116669
229.798 -0.0173693 0.00403778 -10.9956 10.9839 -0.0116624
229.809 -0.0173698 0.00403642 -10.9931 10.9814 -0.0116576
229.82 -0.0173699 0.00403544 -10.9906 10.9789 -0.0116531
229.831 -0.0173698 0.00403499 -10.9881 10.9765 -0.0116487
229.843 -0.0173698 0.00403431 -10.9857 10.974 -0.0116438
229.854 -0.0173695 0.0040336 -10.9833 10.9717 -0.0116391
229.865 -0.0173695 0.00403264 -10.9809 10.9693 -0.0116348
229.876 -0.0173696 0.00403217 -10.9786 10.967 -0.0116299
229.888 -0.0173692 0.00403171 -10.9763 10.9647 -0.0116251
229.899 -0.0173692 0.00403171 -10.974 10.9624 -0.0116208
229.91 -0.0173695 0.00403167 -10.9717 10.9601 -0.0116164
229.921 -0.0173702 0.00403143 -10.9694 10.9578 -0.0116121
229.933 -0.0173705 0.00403146 -10.9672 10.9556 -0.0116072
229.944 -0.0173709 0.00403113 -10.965 10.9534 -0.0116027
229.955 -0.0173715 0.00403045 -10.9628 10.9512 -0.0115987
229.966 -0.0173724 0.0040291 -10.9606 10.949 -0.0115956
229.978 -0.0173731 0.00402793 -10.9584 10.9468 -0.0115921
229.989 -0.0173737 0.00402699 -10.9562 10.9447 -0.0115878
230 -0.0173737 0.00402658 -10.9541 10.9425 -0.0115837
230.011 -0.0173736 0.0040262 -10.9519 10.9404 -0.011579
230.022 -0.0173728 0.00402557 -10.9498 10.9382 -0.0115742
230.034 -0.0173723 0.00402475 -10.9477 10.9361 -0.0115697
230.045 -0.0173722 0.00402462 -10.9456 10.9341 -0.0115643
230.056 -0.0173725 0.00402409 -10.9436 10.932 -0.011559
230.067 -0.0173723 0.00402396 -10.9416 10.93 -0.0115545
230.079 -0.017373 0.00402328 -10.9396 10.9281 -0.0115488
230.09 -0.017373 0.00402267 -10.9376 10.9261 -0.0115432
230.101 -0.0173731 0.00402182 -10.9357 10.9242 -0.0115369
230.112 -0.017374 0.0040205 -10.9339 10.9223 -0.0115312
230.124 -0.0173748 0.00401885 -10.932 10.9205 -0.0115257
230.135 -0.0173754 0.00401754 -10.9302 10.9186 -0.0115212
230.146 -0.0173765 0.00401587 -10.9283 10.9168 -0.0115167
230.157 -0.0173769 0.0040148 -10.9265 10.915 -0.0115115
230.169 -0.0173769 0.0040138 -10.9248 10.9132 -0.0115063
230.18 -0.0173767 0.00401311 -10.923 10.9115 -0.0115003
230.191 -0.0173765 0.00401248 -10.9213 10.9098 -0.0114944
230.202 -0.0173766 0.00401192 -10.9196 10.9081 -0.0114897
230.213 -0.017377 0.00401116 -10.9179 10.9064 -0.0114848
230.225 -0.0173769 0.00401067 -10.9162 10.9047 -0.0114799
230.236 -0.0173766 0.00401063 -10.9146 10.9031 -0.0114753
230.247 -0.0173753 0.00400967 -10.913 10.9015 -0.0114698
230.258 -0.0173755 0.00400924 -10.9114 10.8999 -0.011465
230.27 -0.017376 0.00400896 -10.9098 10.8984 -0.0114614
230.281 -0.0173751 0.00400852 -10.9083 10.8968 -0.0114558
230.292 -0.0173745 0.0040076 -10.9068 10.8953 -0.0114504
230.303 -0.0173745 0.00400741 -10.9053 10.8939 -0.0114457
230.315 -0.017374 0.00400671 -10.9039 10.8924 -0.0114401
230.326 -0.0173742 0.00400551 -10.9024 10.891 -0.0114344
230.337 -0.0173744 0.00400475 -10.9011 10.8897 -0.0114291
230.348 -0.0173763 0.00400355 -10.8997 10.8883 -0.0114242
230.36 -0.0173777 0.00400221 -10.8984 10.887 -0.0114201
230.371 -0.0173786 0.00400144 -10.8971 10.8857 -0.0114155
230.382 -0.017379 0.00400063 -10.8959 10.8845 -0.0114103
230.393 -0.0173792 0.00399992 -10.8947 10.8833 -0.0114047
230.404 -0.0173792 0.00399934 -10.8935 10.8821 -0.0113992
230.416 -0.0173791 0.00399848 -10.8924 10.881 -0.0113933
230.427 -0.0173785 0.00399771 -10.8914 10.88 -0.0113875
230.438 -0.0173787 0.003997 -10.8904 10.879 -0.0113825
230.449 -0.0173787 0.00399518 -10.8894 10.8781 -0.011377
230.461 -0.0173792 0.00399324 -10.8885 10.8771 -0.0113723
230.472 -0.0173794 0.00399179 -10.8876 10.8763 -0.0113673
230.483 -0.0173792 0.00399102 -10.8868 10.8754 -0.0113621
230.494 -0.0173791 0.00399046 -10.886 10.8747 -0.0113567
230.506 -0.0173784 0.00399019 -10.8853 10.8739 -0.0113515
230.517 -0.0173775 0.00399015 -10.8846 10.8733 -0.0113462
230.528 -0.0173761 0.00399008 -10.8839 10.8726 -0.0113407
230.539 -0.0173751 0.00398969 -10.8833 10.872 -0.0113354
230.551 -0.0173744 0.00398916 -10.8827 10.8713 -0.0113297
230.562 -0.0173745 0.00398806 -10.8821 10.8708 -0.0113247
230.573 -0.0173745 0.0039872 -10.8816 10.8703 -0.01132
230.584 -0.0173747 0.00398591 -10.8811 10.8697 -0.011315
230.596 -0.0173747 0.00398446 -10.8806 10.8693 -0.0113104
230.607 -0.0173755 0.00398368 -10.8801 10.8688 -0.0113059
230.618 -0.0173763 0.00398277 -10.8797 10.8684 -0.0113011
230.629 -0.0173766 0.00398226 -10.8792 10.868 -0.0112961
230.64 -0.0173767 0.00398215 -10.8789 10.8676 -0.0112913
230.652 -0.0173767 0.0039815 -10.8785 10.8672 -0.0112865
230.663 -0.0173767 0.00398139 -10.8781 10.8669 -0.0112813
230.674 -0.0173764 0.00398099 -10.8779 10.8666 -0.011276
230.685 -0.017376 0.0039806 -10.8776 10.8663 -0.0112705
230.697 -0.0173753 0.00397985 -10.8773 10.8661 -0.0112647
230.708 -0.0173749 0.00397927 -10.8771 10.8659 -0.0112596
230.719 -0.0173741 0.00397853 -10.877 10.8657 -0.0112543
230.73 -0.0173733 0.00397759 -10.8768 10.8656 -0.0112493
230.742 -0.0173725 0.00397699 -10.8767 10.8655 -0.0112443
230.753 -0.017372 0.00397611 -10.8766 10.8654 -0.0112384
230.764 -0.0173713 0.00397567 -10.8766 10.8654 -0.0112322
230.775 -0.0173703 0.00397551 -10.8766 10.8654 -0.011226
230.787 -0.0173706 0.00397583 -10.8766 10.8654 -0.0112186
230.798 -0.0173709 0.00397577 -10.8767 10.8655 -0.0112115
230.809 -0.0173711 0.00397559 -10.8768 10.8656 -0.0112044
230.82 -0.0173714 0.00397439 -10.877 10.8658 -0.0111979
230.831 -0.0173716 0.0039731 -10.8771 10.8659 -0.0111911
230.843 -0.0173717 0.00397203 -10.8773 10.8662 -0.0111847
230.854 -0.0173716 0.00397117 -10.8776 10.8664 -0.0111782
230.865 -0.0173718 0.00397057 -10.8778 10.8667 -0.0111722
230.876 -0.0173714 0.00397014 -10.8781 10.867 -0.0111665
230.888 -0.0173714 0.00396953 -10.8785 10.8673 -0.0111607
230.899 -0.0173717 0.00396901 -10.8788 10.8677 -0.0111545
230.91 -0.0173719 0.00396819 -10.8792 10.8681 -0.0111485
230.921 -0.0173721 0.00396742 -10.8796 10.8685 -0.0111424
230.933 -0.0173724 0.00396696 -10.8801 10.8689 -0.0111361
230.944 -0.0173723 0.00396673 -10.8805 10.8694 -0.01113
230.955 -0.0173725 0.00396622 -10.881 10.8699 -0.0111236
230.966 -0.0173723 0.00396589 -10.8816 10.8705 -0.0111176
230.978 -0.0173718 0.00396616 -10.8822 10.8711 -0.0111115
230.989 -0.0173717 0.00396593 -10.8828 10.8717 -0.0111059
231 -0.0173717 0.00396598 -10.8834 10.8723 -0.0111004
231.011 -0.0173711 0.00396617 -10.884 10.8729 -0.0110951
231.022 -0.0173709 0.00396612 -10.8847 10.8736 -0.0110892
231.034 -0.0173704 0.0039662 -10.8854 10.8743 -0.0110833
231.045 -0.0173703 0.00396568 -10.8861 10.8751 -0.0110774
231.056 -0.0173702 0.00396569 -10.8869 10.8759 -0.0110721
231.067 -0.017371 0.00396489 -10.8877 10.8767 -0.011067
231.079 -0.0173718 0.00396408 -10.8886 10.8775 -0.0110616
231.09 -0.0173724 0.00396382 -10.8894 10.8784 -0.0110558
231.101 -0.0173732 0.0039632 -10.8903 10.8792 -0.0110501
231.112 -0.0173735 0.00396315 -10.8912 10.8802 -0.0110444
231.124 -0.0173735 0.00396358 -10.8922 10.8811 -0.0110379
231.135 -0.0173735 0.00396349 -10.8932 10.8822 -0.0110319
231.146 -0.0173737 0.00396354 -10.8942 10.8832 -0.0110259
231.157 -0.017373 0.0039632 -10.8953 10.8843 -0.0110191
231.169 -0.0173726 0.00396274 -10.8964 10.8854 -0.011013
231.18 -0.0173724 0.00396257 -10.8976 10.8866 -0.0110072
231.191 -0.0173723 0.0039613 -10.8988 10.8878 -0.0110018
231.202 -0.0173721 0.00395997 -10.9 10.889 -0.0109965
231.213 -0.0173723 0.00395838 -10.9013 10.8903 -0.0109914
231.225 -0.0173725 0.00395755 -10.9025 10.8915 -0.0109846
231.236 -0.0173728 0.00395661 -10.9039 10.8929 -0.0109782
231.247 -0.0173731 0.00395567 -10.9052 10.8943 -0.0109716
231.258 -0.0173733 0.00395467 -10.9066 10.8957 -0.0109647
231.27 -0.0173732 0.0039537 -10.9081 10.8971 -0.0109577
231.281 -0.0173727 0.00395285 -10.9096 10.8987 -0.0109516
231.292 -0.0173719 0.00395203 -10.9112 10.9002 -0.0109448
231.303 -0.0173708 0.00395132 -10.9128 10.9018 -0.0109383
231.315 -0.0173702 0.00395018 -10.9144 10.9035 -0.0109319
231.326 -0.0173691 0.00394954 -10.9161 10.9052 -0.0109252
231.337 -0.0173683 0.00394923 -10.9178 10.9069 -0.0109188
231.348 -0.0173672 0.00394923 -10.9196 10.9087 -0.010913
231.36 -0.0173666 0.00394924 -10.9213 10.9104 -0.0109067
231.371 -0.0173657 0.00394904 -10.9231 10.9122 -0.0109003
231.382 -0.017365 0.00394913 -10.9249 10.914 -0.0108941
231.393 -0.0173642 0.0039498 -10.9268 10.9159 -0.0108872
231.404 -0.0173644 0.00394986 -10.9286 10.9177 -0.0108811
231.416 -0.0173644 0.00394999 -10.9305 10.9197 -0.0108748
231.427 -0.0173646 0.00394995 -10.9324 10.9216 -0.0108685
231.438 -0.0173645 0.00394974 -10.9344 10.9235 -0.0108624
231.449 -0.0173638 0.00394996 -10.9364 10.9255 -0.0108565
231.461 -0.0173631 0.00394998 -10.9384 10.9275 -0.0108505
231.472 -0.0173627 0.00394998 -10.9404 10.9295 -0.0108446
231.483 -0.0173622 0.00394994 -10.9424 10.9316 -0.0108392
231.494 -0.0173618 0.00394937 -10.9445 10.9337 -0.0108338
231.506 -0.0173615 0.00394887 -10.9466 10.9358 -0.0108283
231.517 -0.017361 0.00394848 -10.9487 10.9379 -0.0108231
231.528 -0.0173607 0.00394804 -10.9508 10.94 -0.0108178
231.539 -0.0173604 0.0039477 -10.953 10.9422 -0.0108123
231.551 -0.0173599 0.00394702 -10.9552 10.9444 -0.0108065
231.562 -0.0173592 0.0039465 -10.9574 10.9466 -0.0108005
231.573 -0.0173584 0.00394574 -10.9596 10.9488 -0.0107951
231.584 -0.0173575 0.0039451 -10.9619 10.9511 -0.0107898
231.596 -0.0173566 0.00394467 -10.9641 10.9533 -0.0107843
231.607 -0.0173557 0.00394412 -10.9664 10.9556 -0.0107789
231.618 -0.0173552 0.00394376 -10.9688 10.958 -0.0107735
231.629 -0.0173545 0.00394319 -10.9711 10.9603 -0.010768
231.64 -0.0173538 0.00394292 -10.9735 10.9627 -0.0107622
231.652 -0.0173527 0.00394238 -10.9759 10.9652 -0.0107564
231.663 -0.0173522 0.00394281 -10.9784 10.9676 -0.0107505
231.674 -0.0173519 0.00394276 -10.9808 10.9701 -0.0107454
231.685 -0.0173514 0.00394299 -10.9833 10.9726 -0.0107398
231.697 -0.0173512 0.00394278 -10.9858 10.9751 -0.0107341
231.708 -0.017351 0.00394279 -10.9883 10.9776 -0.0107285
231.719 -0.0173515 0.00394271 -10.9909 10.9802 -0.0107233
231.73 -0.0173519 0.0039426 -10.9935 10.9828 -0.0107181
231.742 -0.0173519 0.00394275 -10.996 10.9853 -0.0107128
231.753 -0.0173518 0.00394232 -10.9986 10.9879 -0.0107073
231.764 -0.0173521 0.00394169 -11.0013 10.9906 -0.0107016
231.775 -0.017352 0.00394116 -11.0039 10.9932 -0.0106959
231.787 -0.0173519 0.00394082 -11.0065 10.9958 -0.0106906
231.798 -0.0173518 0.00394064 -11.0092 10.9985 -0.0106849
231.809 -0.0173519 0.00394047 -11.0119 11.0012 -0.0106789
231.82 -0.0173516 0.00394051 -11.0146 11.0039 -0.0106734
231.831 -0.0173512 0.00394042 -11.0173 11.0066 -0.0106678
231.843 -0.0173509 0.00394034 -11.02 11.0094 -0.0106622
231.854 -0.0173504 0.00394029 -11.0228 11.0121 -0.0106571
231.865 -0.0173501 0.00394048 -11.0256 11.0149 -0.0106518
231.876 -0.0173498 0.00394065 -11.0283 11.0177 -0.0106468
231.888 -0.0173493 0.00394095 -11.0312 11.0205 -0.0106426
231.899 -0.0173484 0.00394141 -11.034 11.0233 -0.0106381
231.91 -0.0173479 0.00394195 -11.0368 11.0262 -0.0106337
231.921 -0.0173473 0.00394236 -11.0397 11.029 -0.0106297
231.933 -0.0173464 0.00394295 -11.0425 11.0319 -0.0106254
231.944 -0.0173457 0.00394345 -11.0454 11.0347 -0.0106215
231.955 -0.0173448 0.00394403 -11.0483 11.0377 -0.0106176
231.966 -0.017344 0.00394443 -11.0512 11.0405 -0.0106137
231.978 -0.0173429 0.00394482 -11.0541 11.0435 -0.0106095
231.989 -0.0173416 0.00394536 -11.057 11.0464 -0.0106055
232 -0.0173406 0.00394571 -11.0599 11.0493 -0.0106011
232.011 -0.0173401 0.00394572 -11.0629 11.0523 -0.0105968
232.022 -0.0173393 0.00394608 -11.0659 11.0553 -0.0105922
232.034 -0.0173385 0.00394628 -11.0689 11.0583 -0.0105872
232.045 -0.0173378 0.00394672 -11.0719 11.0613 -0.0105825
232.056 -0.0173368 0.00394703 -11.075 11.0644 -0.0105779
232.067 -0.0173363 0.003947 -11.078 11.0674 -0.010573
232.079 -0.017336 0.00394671 -11.081 11.0705 -0.0105679
232.09 -0.0173356 0.00394665 -11.0841 11.0736 -0.0105632
232.101 -0.0173346 0.00394615 -11.0872 11.0766 -0.0105585
232.112 -0.0173335 0.0039457 -11.0903 11.0798 -0.0105538
232.124 -0.0173328 0.00394577 -11.0935 11.0829 -0.0105493
232.135 -0.0173314 0.00394531 -11.0966 11.086 -0.0105446
232.146 -0.0173302 0.00394486 -11.0998 11.0892 -0.0105401
232.157 -0.0173293 0.00394479 -11.1029 11.0924 -0.0105362
232.169 -0.0173283 0.0039449 -11.1062 11.0956 -0.0105323
232.18 -0.0173271 0.00394492 -11.1093 11.0988 -0.0105283
232.191 -0.017326 0.00394475 -11.1125 11.102 -0.0105248
232.202 -0.0173251 0.00394469 -11.1157 11.1052 -0.0105206
232.213 -0.0173239 0.00394442 -11.119 11.1084 -0.0105162
232.225 -0.0173222 0.00394421 -11.1222 11.1117 -0.010512
232.236 -0.0173207 0.00394413 -11.1254 11.1149 -0.0105074
232.247 -0.0173188 0.00394414 -11.1286 11.1181 -0.0105028
232.258 -0.0173168 0.00394434 -11.1318 11.1214 -0.0104982
232.27 -0.0173148 0.00394422 -11.1351 11.1246 -0.0104935
232.281 -0.0173134 0.00394459 -11.1383 11.1278 -0.0104886
232.292 -0.0173119 0.00394516 -11.1415 11.131 -0.0104835
232.303 -0.0173104 0.00394556 -11.1448 11.1343 -0.0104783
232.315 -0.0173089 0.00394592 -11.148 11.1375 -0.0104733
232.326 -0.0173074 0.00394635 -11.1512 11.1408 -0.0104684
232.337 -0.0173061 0.00394659 -11.1545 11.144 -0.010463
232.348 -0.0173047 0.00394737 -11.1577 11.1472 -0.0104585
232.36 -0.0173026 0.00394812 -11.1609 11.1504 -0.0104536
232.371 -0.0173007 0.00394846 -11.1641 11.1537 -0.0104485
232.382 -0.0172984 0.00394932 -11.1673 11.1569 -0.0104433
232.393 -0.0172965 0.00395001 -11.1706 11.1601 -0.0104387
232.404 -0.0172949 0.00395025 -11.1738 11.1633 -0.0104336
232.416 -0.0172937 0.00395084 -11.1769 11.1665 -0.010429
232.427 -0.0172922 0.00395107 -11.1801 11.1697 -0.0104246
232.438 -0.0172908 0.00395128 -11.1833 11.1729 -0.0104201
232.449 -0.017289 0.00395174 -11.1865 11.176 -0.0104157
232.461 -0.0172874 0.00395212 -11.1896 11.1792 -0.0104116
232.472 -0.0172857 0.00395242 -11.1927 11.1823 -0.0104072
232.483 -0.0172841 0.00395217 -11.1958 11.1854 -0.0104027
232.494 -0.0172829 0.00395239 -11.1989 11.1885 -0.0103986
232.506 -0.0172814 0.00395235 -11.202 11.1916 -0.0103938
232.517 -0.0172799 0.00395201 -11.2051 11.1947 -0.0103888
232.528 -0.0172786 0.00395207 -11.2081 11.1978 -0.0103843
232.539 -0.0172772 0.00395197 -11.2112 11.2009 -0.0103793
232.551 -0.0172756 0.00395224 -11.2143 11.2039 -0.0103747
232.562 -0.017274 0.00395268 -11.2173 11.207 -0.0103701
232.573 -0.0172726 0.00395288 -11.2204 11.2101 -0.0103655
232.584 -0.0172713 0.003953 -11.2235 11.2131 -0.0103609
232.596 -0.0172701 0.00395278 -11.2265 11.2162 -0.0103567
232.607 -0.0172693 0.00395309 -11.2296 11.2192 -0.0103523
232.618 -0.017268 0.00395314 -11.2326 11.2223 -0.0103477
232.629 -0.0172666 0.00395316 -11.2356 11.2253 -0.0103435
232.64 -0.0172655 0.00395294 -11.2387 11.2284 -0.010339
232.652 -0.0172644 0.00395268 -11.2417 11.2314 -0.0103341
232.663 -0.0172636 0.00395274 -11.2448 11.2344 -0.0103298
232.674 -0.0172626 0.00395274 -11.2478 11.2374 -0.0103253
232.685 -0.0172615 0.00395243 -11.2508 11.2405 -0.0103206
232.697 -0.0172601 0.00395231 -11.2538 11.2435 -0.0103165
232.708 -0.0172588 0.00395207 -11.2568 11.2465 -0.0103118
232.719 -0.0172577 0.00395187 -11.2598 11.2495 -0.0103071
232.73 -0.017257 0.00395176 -11.2628 11.2525 -0.0103027
232.742 -0.0172561 0.00395133 -11.2658 11.2555 -0.0102982
232.753 -0.0172554 0.00395101 -11.2687 11.2584 -0.0102934
232.764 -0.0172546 0.00395088 -11.2717 11.2614 -0.0102888
232.775 -0.0172538 0.00395077 -11.2747 11.2644 -0.0102841
232.787 -0.0172531 0.00395051 -11.2776 11.2673 -0.0102793
232.798 -0.0172523 0.00395033 -11.2805 11.2702 -0.0102749
232.809 -0.0172514 0.00395036 -11.2834 11.2731 -0.0102705
232.82 -0.0172505 0.00395029 -11.2863 11.2761 -0.0102659
232.831 -0.0172496 0.00395055 -11.2892 11.279 -0.010261
232.843 -0.0172488 0.00395071 -11.2921 11.2818 -0.010256
232.854 -0.0172477 0.00395084 -11.2949 11.2847 -0.010251
232.865 -0.0172468 0.00395108 -11.2977 11.2875 -0.010246
232.876 -0.0172457 0.00395146 -11.3005 11.2903 -0.0102403
232.888 -0.0172446 0.00395197 -11.3033 11.293 -0.0102346
232.899 -0.0172437 0.00395264 -11.306 11.2958 -0.0102296
232.91 -0.0172429 0.00395338 -11.3088 11.2986 -0.0102243
232.921 -0.017242 0.00395386 -11.3115 11.3013 -0.0102191
232.933 -0.0172409 0.00395415 -11.3142 11.304 -0.0102139
232.944 -0.0172404 0.00395436 -11.3169 11.3067 -0.0102084
232.955 -0.0172398 0.00395439 -11.3196 11.3094 -0.0102033
232.966 -0.0172395 0.00395436 -11.3222 11.312 -0.0101981
232.978 -0.0172393 0.00395431 -11.3248 11.3146 -0.0101927
232.989 -0.0172392 0.00395407 -11.3274 11.3172 -0.0101873
233 -0.017239 0.00395394 -11.33 11.3198 -0.010182
233.011 -0.0172392 0.00395366 -11.3325 11.3223 -0.0101765
233.022 -0.0172394 0.00395353 -11.3351 11.3249 -0.0101716
233.034 -0.0172392 0.00395393 -11.3375 11.3274 -0.0101663
233.045 -0.0172388 0.00395409 -11.34 11.3298 -0.0101609
233.056 -0.0172387 0.00395407 -11.3424 11.3323 -0.0101551
233.067 -0.0172389 0.00395434 -11.3449 11.3347 -0.0101497
233.079 -0.0172392 0.003955 -11.3472 11.3371 -0.0101442
233.09 -0.0172395 0.0039556 -11.3496 11.3395 -0.0101389
233.101 -0.0172397 0.00395592 -11.352 11.3418 -0.0101337
233.112 -0.01724 0.00395641 -11.3543 11.3441 -0.010128
233.124 -0.0172402 0.00395674 -11.3566 11.3464 -0.0101224
233.135 -0.0172412 0.00395644 -11.3589 11.3487 -0.0101169
233.146 -0.0172414 0.00395658 -11.3611 11.351 -0.010111
233.157 -0.0172418 0.00395656 -11.3633 11.3532 -0.0101055
233.169 -0.0172424 0.00395676 -11.3656 11.3555 -0.0101002
233.18 -0.0172428 0.00395668 -11.3678 11.3577 -0.0100946
233.191 -0.0172434 0.00395695 -11.3699 11.3598 -0.0100896
233.202 -0.0172434 0.00395795 -11.3721 11.362 -0.0100842
233.213 -0.0172432 0.00395933 -11.3742 11.3641 -0.0100786
233.225 -0.0172431 0.00396062 -11.3763 11.3663 -0.0100728
233.236 -0.0172434 0.00396145 -11.3784 11.3684 -0.0100672
233.247 -0.017244 0.00396227 -11.3805 11.3705 -0.0100617
233.258 -0.0172445 0.00396345 -11.3826 11.3725 -0.0100562
233.27 -0.0172449 0.00396512 -11.3846 11.3746 -0.0100507
233.281 -0.0172452 0.00396682 -11.3867 11.3766 -0.010045
233.292 -0.0172451 0.00396848 -11.3887 11.3786 -0.0100394
233.303 -0.0172452 0.00396958 -11.3907 11.3807 -0.0100343
233.315 -0.0172453 0.0039711 -11.3927 11.3827 -0.0100295
233.326 -0.0172454 0.00397231 -11.3946 11.3846 -0.0100246
233.337 -0.0172455 0.00397319 -11.3966 11.3866 -0.0100198
233.348 -0.0172458 0.00397466 -11.3985 11.3885 -0.0100152
233.36 -0.0172462 0.00397644 -11.4004 11.3904 -0.0100111
233.371 -0.0172469 0.00397757 -11.4023 11.3923 -0.0100067
233.382 -0.017247 0.00397898 -11.4042 11.3942 -0.0100021
233.393 -0.017247 0.00398021 -11.406 11.396 -0.00999726
233.404 -0.0172465 0.00398003 -11.4078 11.3978 -0.00999184
233.416 -0.0172463 0.00398043 -11.4096 11.3996 -0.00998604
233.427 -0.017246 0.00398159 -11.4114 11.4015 -0.00998129
233.438 -0.017246 0.00398259 -11.4132 11.4033 -0.00997615
233.449 -0.0172459 0.00398349 -11.415 11.405 -0.00997129
233.461 -0.0172459 0.00398479 -11.4168 11.4068 -0.00996667
233.472 -0.0172456 0.00398564 -11.4185 11.4085 -0.0099619
233.483 -0.017246 0.00398549 -11.4202 11.4103 -0.00995583
233.494 -0.017246 0.00398568 -11.4219 11.412 -0.0099501
233.506 -0.0172461 0.0039855 -11.4236 11.4137 -0.00994444
233.517 -0.0172465 0.00398525 -11.4253 11.4154 -0.00993844
233.528 -0.017247 0.00398513 -11.427 11.4171 -0.00993255
233.539 -0.0172471 0.00398544 -11.4287 11.4188 -0.00992741
233.551 -0.0172478 0.00398548 -11.4304 11.4205 -0.00992218
233.562 -0.0172482 0.00398582 -11.432 11.4221 -0.0099174
233.573 -0.0172484 0.00398643 -11.4337 11.4238 -0.00991305
233.584 -0.0172487 0.00398699 -11.4353 11.4254 -0.00990833
233.596 -0.017249 0.00398775 -11.4369 11.427 -0.009904
233.607 -0.0172491 0.00398831 -11.4385 11.4286 -0.00990004
233.618 -0.0172494 0.00398896 -11.44 11.4301 -0.00989533
233.629 -0.0172495 0.00398954 -11.4416 11.4317 -0.00989133
233.64 -0.0172499 0.00399008 -11.4431 11.4332 -0.00988746
233.652 -0.0172502 0.00399122 -11.4446 11.4347 -0.00988317
233.663 -0.0172505 0.0039922 -11.4461 11.4362 -0.00987898
233.674 -0.0172508 0.00399312 -11.4476 11.4377 -0.0098752
233.685 -0.0172509 0.00399421 -11.4491 11.4392 -0.00987092
233.697 -0.0172508 0.00399507 -11.4505 11.4406 -0.00986678
233.708 -0.0172508 0.00399598 -11.452 11.4421 -0.00986316
233.719 -0.017251 0.00399657 -11.4534 11.4435 -0.00985936
233.73 -0.017251 0.00399721 -11.4548 11.4449 -0.00985594
233.742 -0.0172506 0.00399774 -11.4562 11.4463 -0.00985283
233.753 -0.0172501 0.00399832 -11.4575 11.4477 -0.00984979
233.764 -0.0172494 0.00399858 -11.4589 11.449 -0.00984686
233.775 -0.0172483 0.00399938 -11.4602 11.4504 -0.00984406
233.787 -0.0172475 0.00399993 -11.4615 11.4516 -0.00984071
233.798 -0.0172469 0.0040004 -11.4628 11.4529 -0.0098375
233.809 -0.0172456 0.00400105 -11.4641 11.4542 -0.00983395
233.82 -0.0172448 0.00400225 -11.4653 11.4555 -0.00982897
233.831 -0.0172438 0.00400334 -11.4665 11.4567 -0.00982417
233.843 -0.0172432 0.00400434 -11.4678 11.458 -0.00981957
233.854 -0.0172423 0.00400539 -11.469 11.4592 -0.00981426
233.865 -0.0172416 0.00400632 -11.4702 11.4604 -0.00980871
233.876 -0.0172409 0.00400726 -11.4715 11.4617 -0.0098041
233.888 -0.0172405 0.00400813 -11.4727 11.4629 -0.00979919
233.899 -0.0172401 0.00400887 -11.4739 11.4641 -0.00979468
233.91 -0.0172401 0.00400931 -11.4751 11.4653 -0.00979047
233.921 -0.01724 0.00400986 -11.4762 11.4665 -0.00978617
233.933 -0.0172401 0.00401033 -11.4774 11.4676 -0.00978159
233.944 -0.0172407 0.00401129 -11.4786 11.4688 -0.00977712
233.955 -0.0172413 0.00401248 -11.4797 11.4699 -0.00977275
233.966 -0.017242 0.0040135 -11.4808 11.471 -0.00976818
233.978 -0.0172427 0.00401413 -11.4819 11.4721 -0.00976386
233.989 -0.0172436 0.00401464 -11.4829 11.4732 -0.00975955
234 -0.0172441 0.00401518 -11.484 11.4742 -0.00975535
234.011 -0.0172449 0.00401568 -11.485 11.4753 -0.00975184
234.022 -0.0172457 0.00401621 -11.486 11.4763 -0.00974854
234.034 -0.0172465 0.00401651 -11.487 11.4773 -0.00974469
234.045 -0.0172472 0.00401644 -11.488 11.4783 -0.00974033
234.056 -0.0172477 0.00401655 -11.489 11.4793 -0.00973592
234.067 -0.0172482 0.00401686 -11.49 11.4802 -0.00973169
234.079 -0.0172487 0.00401749 -11.491 11.4812 -0.00972733
234.09 -0.0172493 0.00401792 -11.4919 11.4822 -0.00972259
234.101 -0.0172497 0.00401867 -11.4928 11.4831 -0.00971805
234.112 -0.0172503 0.0040192 -11.4937 11.484 -0.00971386
234.124 -0.0172506 0.00401997 -11.4947 11.485 -0.00970966
234.135 -0.0172509 0.00402136 -11.4956 11.4859 -0.00970562
234.146 -0.0172522 0.00402195 -11.4964 11.4867 -0.00970074
234.157 -0.0172534 0.00402236 -11.4973 11.4876 -0.00969559
234.169 -0.0172543 0.004023 -11.4982 11.4885 -0.0096907
234.18 -0.0172551 0.00402337 -11.4991 11.4894 -0.00968634
234.191 -0.0172561 0.00402397 -11.4999 11.4902 -0.00968185
234.202 -0.0172573 0.00402495 -11.5007 11.491 -0.00967735
234.213 -0.0172583 0.00402565 -11.5015 11.4918 -0.00967251
234.225 -0.017259 0.00402652 -11.5023 11.4926 -0.0096681
234.236 -0.0172598 0.00402708 -11.5031 11.4935 -0.00966362
234.247 -0.0172604 0.00402814 -11.5039 11.4943 -0.00965958
234.258 -0.0172606 0.00402914 -11.5047 11.495 -0.00965468
234.27 -0.0172603 0.00402985 -11.5055 11.4958 -0.00965025
234.281 -0.0172603 0.00403022 -11.5062 11.4966 -0.0096466
234.292 -0.0172599 0.00403052 -11.507 11.4973 -0.00964271
234.303 -0.0172591 0.00403071 -11.5077 11.498 -0.00963893
234.315 -0.0172586 0.00403091 -11.5084 11.4988 -0.00963552
234.326 -0.0172585 0.00403141 -11.5091 11.4994 -0.00963117
234.337 -0.0172586 0.00403248 -11.5098 11.5001 -0.00962661
234.348 -0.0172588 0.00403351 -11.5105 11.5008 -0.00962178
234.36 -0.017259 0.00403389 -11.5112 11.5015 -0.00961679
234.371 -0.0172591 0.00403425 -11.5118 11.5022 -0.00961208
234.382 -0.0172593 0.00403434 -11.5125 11.5029 -0.00960764
234.393 -0.0172601 0.00403477 -11.5131 11.5035 -0.00960319
234.404 -0.0172608 0.0040347 -11.5138 11.5042 -0.00959859
234.416 -0.0172615 0.00403473 -11.5144 11.5048 -0.00959438
234.427 -0.0172624 0.00403485 -11.515 11.5054 -0.00958991
234.438 -0.0172631 0.00403509 -11.5156 11.506 -0.00958604
234.449 -0.017264 0.004035 -11.5162 11.5066 -0.00958161
234.461 -0.0172651 0.00403521 -11.5167 11.5072 -0.00957736
234.472 -0.0172659 0.00403533 -11.5173 11.5077 -0.0095731
234.483 -0.0172668 0.00403547 -11.5178 11.5082 -0.00956916
234.494 -0.0172679 0.00403573 -11.5182 11.5087 -0.00956499
234.506 -0.0172694 0.0040357 -11.5187 11.5091 -0.00956084
234.517 -0.0172709 0.00403598 -11.5191 11.5096 -0.00955593
234.528 -0.0172726 0.0040362 -11.5196 11.51 -0.00955118
234.539 -0.017274 0.00403666 -11.52 11.5105 -0.00954666
234.551 -0.0172753 0.00403719 -11.5205 11.5109 -0.00954278
234.562 -0.0172762 0.00403748 -11.5208 11.5113 -0.00953876
234.573 -0.0172772 0.00403811 -11.5212 11.5117 -0.00953495
234.584 -0.0172779 0.00403877 -11.5216 11.512 -0.00953195
234.596 -0.0172786 0.00403962 -11.5219 11.5123 -0.00952833
234.607 -0.0172792 0.00404077 -11.5222 11.5126 -0.00952477
234.618 -0.0172799 0.00404122 -11.5224 11.5129 -0.00952128
234.629 -0.0172808 0.00404084 -11.5226 11.5131 -0.0095172
234.64 -0.017282 0.00404029 -11.5228 11.5133 -0.00951307
234.652 -0.0172833 0.0040401 -11.5231 11.5136 -0.00950871
234.663 -0.0172844 0.00404019 -11.5233 11.5138 -0.00950487
234.674 -0.017285 0.00404011 -11.5235 11.514 -0.00950086
234.685 -0.0172856 0.00404006 -11.5237 11.5142 -0.00949689
234.697 -0.0172855 0.0040399 -11.5239 11.5144 -0.0094929
234.708 -0.0172856 0.00404 -11.5241 11.5146 -0.0094892
234.719 -0.0172855 0.00404016 -11.5244 11.5149 -0.00948542
234.73 -0.0172862 0.00404139 -11.5246 11.5151 -0.00948038
234.742 -0.0172871 0.0040416 -11.5248 11.5153 -0.00947534
234.753 -0.017288 0.00404149 -11.525 11.5155 -0.00947057
234.764 -0.0172891 0.0040417 -11.5252 11.5158 -0.0094662
234.775 -0.0172902 0.00404148 -11.5255 11.516 -0.00946199
234.787 -0.0172913 0.004041 -11.5258 11.5163 -0.00945814
234.798 -0.0172923 0.00404058 -11.526 11.5165 -0.00945382
234.809 -0.0172937 0.00404044 -11.5262 11.5168 -0.00944968
234.82 -0.0172952 0.00404039 -11.5265 11.517 -0.00944497
234.831 -0.0172961 0.00403967 -11.5267 11.5173 -0.00944084
234.843 -0.0172973 0.00403883 -11.5269 11.5175 -0.00943591
234.854 -0.017299 0.00403798 -11.5272 11.5177 -0.00943099
234.865 -0.0173008 0.0040373 -11.5274 11.518 -0.00942629
234.876 -0.0173025 0.0040364 -11.5276 11.5182 -0.00942155
234.888 -0.0173049 0.00403545 -11.5278 11.5184 -0.00941709
234.899 -0.0173075 0.00403435 -11.5281 11.5186 -0.00941223
234.91 -0.01731 0.00403357 -11.5283 11.5189 -0.00940785
234.921 -0.0173121 0.00403333 -11.5285 11.5191 -0.00940387
234.933 -0.0173145 0.00403312 -11.5287 11.5193 -0.00939953
234.944 -0.0173169 0.00403323 -11.5289 11.5195 -0.00939516
234.955 -0.0173187 0.00403368 -11.5291 11.5197 -0.00939122
234.966 -0.0173207 0.0040341 -11.5292 11.5199 -0.00938743
234.978 -0.0173221 0.00403456 -11.5294 11.52 -0.00938386
234.989 -0.0173236 0.00403522 -11.5295 11.5202 -0.00938098
235 -0.0173254 0.00403624 -11.5297 11.5203 -0.0093771
235.011 -0.0173265 0.00403726 -11.5298 11.5204 -0.0093738
235.022 -0.0173283 0.00403714 -11.5298 11.5204 -0.00937002
235.034 -0.0173296 0.00403725 -11.5299 11.5205 -0.0093664
235.045 -0.0173309 0.00403716 -11.5299 11.5206 -0.00936244
235.056 -0.0173319 0.00403672 -11.53 11.5206 -0.0093584
235.067 -0.0173326 0.0040359 -11.5301 11.5207 -0.0093544
235.079 -0.017333 0.00403539 -11.5301 11.5208 -0.00935084
235.09 -0.0173335 0.00403505 -11.5302 11.5209 -0.00934722
235.101 -0.017334 0.00403465 -11.5303 11.521 -0.0093437
235.112 -0.0173349 0.00403464 -11.5304 11.521 -0.00933923
235.124 -0.0173358 0.00403474 -11.5305 11.5211 -0.0093352
235.135 -0.0173369 0.00403453 -11.5305 11.5212 -0.0093309
235.146 -0.0173384 0.00403471 -11.5306 11.5213 -0.00932727
235.157 -0.0173394 0.00403471 -11.5307 11.5214 -0.00932395
235.169 -0.0173406 0.0040343 -11.5307 11.5214 -0.00932037
235.18 -0.0173424 0.00403389 -11.5308 11.5215 -0.00931688
235.191 -0.0173438 0.00403323 -11.5308 11.5215 -0.00931261
235.202 -0.0173456 0.0040317 -11.5308 11.5215 -0.00930788
235.213 -0.0173473 0.00403022 -11.5308 11.5215 -0.00930383
235.225 -0.017349 0.00402891 -11.5308 11.5215 -0.00929969
235.236 -0.0173511 0.00402798 -11.5307 11.5214 -0.00929567
235.247 -0.0173535 0.00402708 -11.5307 11.5214 -0.00929164
235.258 -0.0173562 0.0040268 -11.5307 11.5214 -0.00928805
235.27 -0.0173586 0.00402661 -11.5307 11.5214 -0.0092842
235.281 -0.0173608 0.00402685 -11.5307 11.5214 -0.00928015
235.292 -0.0173628 0.00402752 -11.5308 11.5215 -0.00927614
235.303 -0.0173646 0.00402814 -11.5308 11.5215 -0.00927205
235.315 -0.0173661 0.00402921 -11.5307 11.5215 -0.00926831
235.326 -0.0173679 0.00403041 -11.5307 11.5215 -0.00926467
235.337 -0.0173696 0.00403154 -11.5307 11.5214 -0.00926107
235.348 -0.0173718 0.00403157 -11.5306 11.5214 -0.00925656
235.36 -0.0173739 0.00403222 -11.5306 11.5214 -0.00925174
235.371 -0.0173752 0.00403311 -11.5306 11.5213 -0.00924747
235.382 -0.017376 0.00403348 -11.5305 11.5213 -0.00924361
235.393 -0.0173771 0.00403409 -11.5305 11.5213 -0.00924004
235.404 -0.0173781 0.0040345 -11.5305 11.5212 -0.0092364
235.416 -0.0173788 0.00403368 -11.5304 11.5212 -0.00923306
235.427 -0.0173795 0.00403321 -11.5304 11.5212 -0.00923066
235.438 -0.0173803 0.00403252 -11.5303 11.5211 -0.00922781
235.449 -0.0173811 0.00403193 -11.5302 11.521 -0.00922443
235.461 -0.017382 0.00403116 -11.5301 11.5209 -0.00922155
235.472 -0.0173837 0.00403064 -11.53 11.5207 -0.00921781
235.483 -0.0173854 0.00402921 -11.5298 11.5206 -0.00921367
235.494 -0.0173874 0.00402802 -11.5298 11.5205 -0.00921038
235.506 -0.0173894 0.00402697 -11.5296 11.5204 -0.00920697
235.517 -0.0173916 0.00402615 -11.5295 11.5203 -0.00920359
235.528 -0.0173935 0.00402544 -11.5294 11.5202 -0.00920029
235.539 -0.0173957 0.00402491 -11.5293 11.5201 -0.0091965
235.551 -0.0173975 0.00402458 -11.5292 11.52 -0.00919228
235.562 -0.0173992 0.00402483 -11.5291 11.5199 -0.00918895
235.573 -0.0174003 0.00402548 -11.529 11.5198 -0.00918503
235.584 -0.0174013 0.00402642 -11.5288 11.5197 -0.00918146
235.596 -0.0174028 0.00402708 -11.5287 11.5195 -0.00917743
235.607 -0.0174045 0.00402838 -11.5286 11.5194 -0.00917341
235.618 -0.0174069 0.0040289 -11.5284 11.5192 -0.00916819
235.629 -0.0174091 0.00402972 -11.5283 11.5191 -0.00916377
235.64 -0.0174114 0.00403034 -11.5281 11.519 -0.00915931
235.652 -0.0174141 0.00403118 -11.528 11.5189 -0.00915476
235.663 -0.0174165 0.004032 -11.5279 11.5187 -0.00915003
235.674 -0.0174186 0.00403307 -11.5278 11.5186 -0.00914583
235.685 -0.0174206 0.00403425 -11.5277 11.5185 -0.00914192
235.697 -0.0174227 0.00403536 -11.5276 11.5184 -0.00913828
235.708 -0.0174243 0.0040364 -11.5274 11.5183 -0.00913466
235.719 -0.0174263 0.00403722 -11.5273 11.5182 -0.00913102
235.73 -0.0174283 0.00403762 -11.5272 11.5181 -0.00912764
235.742 -0.0174301 0.00403765 -11.5271 11.518 -0.00912408
235.753 -0.0174322 0.00403774 -11.527 11.5179 -0.0091203
235.764 -0.0174342 0.00403718 -11.5269 11.5178 -0.00911715
235.775 -0.0174361 0.00403628 -11.5268 11.5177 -0.00911415
235.787 -0.0174377 0.00403548 -11.5268 11.5176 -0.00911072
235.798 -0.0174391 0.00403442 -11.5267 11.5176 -0.00910768
235.809 -0.0174407 0.00403348 -11.5266 11.5175 -0.00910445
235.82 -0.0174418 0.00403273 -11.5265 11.5174 -0.00910119
235.831 -0.0174428 0.00403212 -11.5264 11.5174 -0.00909853
235.843 -0.0174431 0.0040315 -11.5263 11.5173 -0.00909683
235.854 -0.0174433 0.00403071 -11.5262 11.5171 -0.00909501
235.865 -0.0174444 0.00403057 -11.5261 11.517 -0.00909173
235.876 -0.0174465 0.00403089 -11.5259 11.5168 -0.00908718
235.888 -0.0174483 0.00403125 -11.5258 11.5167 -0.009083
235.899 -0.01745 0.00403155 -11.5257 11.5166 -0.00907922
235.91 -0.0174519 0.00403192 -11.5255 11.5165 -0.00907541
235.921 -0.0174544 0.00403224 -11.5254 11.5163 -0.00907157
235.933 -0.0174565 0.0040327 -11.5253 11.5162 -0.0090676
235.944 -0.017459 0.00403356 -11.5252 11.5161 -0.00906317
235.955 -0.017461 0.00403418 -11.5251 11.516 -0.00905954
235.966 -0.0174635 0.00403435 -11.525 11.5159 -0.00905641
235.978 -0.0174659 0.00403401 -11.5248 11.5158 -0.00905248
235.989 -0.0174681 0.00403405 -11.5247 11.5157 -0.00904901
236 -0.0174699 0.00403406 -11.5246 11.5156 -0.0090459
236.011 -0.0174719 0.00403412 -11.5245 11.5154 -0.00904236
236.022 -0.0174732 0.00403385 -11.5244 11.5153 -0.00903903
236.034 -0.0174753 0.00403376 -11.5243 11.5153 -0.00903515
236.045 -0.017477 0.00403333 -11.5242 11.5152 -0.00903165
236.056 -0.0174783 0.00403304 -11.5241 11.5151 -0.00902841
236.067 -0.0174796 0.00403282 -11.5241 11.5151 -0.00902615
236.079 -0.017481 0.00403279 -11.524 11.515 -0.00902309
236.09 -0.017482 0.00403309 -11.5239 11.5149 -0.00902001
236.101 -0.0174838 0.00403318 -11.5239 11.5149 -0.00901601
236.112 -0.0174861 0.00403372 -11.5239 11.5149 -0.00901141
236.124 -0.0174885 0.00403434 -11.5239 11.5149 -0.00900706
236.135 -0.017491 0.00403489 -11.5239 11.5149 -0.00900222
236.146 -0.0174936 0.00403542 -11.524 11.515 -0.0089974
236.157 -0.017497 0.00403607 -11.5241 11.5151 -0.00899259
236.169 -0.0175005 0.00403653 -11.5242 11.5152 -0.00898876
236.18 -0.0175037 0.00403637 -11.5243 11.5153 -0.0089851
236.191 -0.0175069 0.00403616 -11.5245 11.5155 -0.00898114
236.202 -0.0175103 0.00403556 -11.5246 11.5156 -0.00897722
236.213 -0.0175138 0.00403491 -11.5248 11.5158 -0.00897282
236.225 -0.0175167 0.00403434 -11.525 11.516 -0.00896887
236.236 -0.0175196 0.00403378 -11.5252 11.5162 -0.00896509
236.247 -0.0175221 0.00403295 -11.5254 11.5164 -0.00896166
236.258 -0.0175246 0.00403236 -11.5256 11.5166 -0.00895828
236.27 -0.0175266 0.00403213 -11.5258 11.5168 -0.00895531
236.281 -0.0175278 0.00403174 -11.526 11.517 -0.00895177
236.292 -0.0175287 0.00403155 -11.5262 11.5173 -0.00894844
236.303 -0.0175293 0.00403196 -11.5264 11.5175 -0.00894582
236.315 -0.0175295 0.00403294 -11.5266 11.5177 -0.00894273
236.326 -0.0175304 0.0040328 -11.5269 11.5179 -0.0089389
236.337 -0.0175314 0.00403237 -11.5271 11.5182 -0.00893523
236.348 -0.0175325 0.00403169 -11.5274 11.5185 -0.00893149
236.36 -0.0175337 0.00403108 -11.5277 11.5188 -0.00892805
236.371 -0.0175355 0.0040313 -11.528 11.5191 -0.00892502
236.382 -0.0175378 0.0040315 -11.5284 11.5195 -0.00892145
236.393 -0.01754 0.00403158 -11.5288 11.5198 -0.00891789
236.404 -0.0175418 0.00403138 -11.5292 11.5202 -0.00891448
236.416 -0.0175439 0.00403085 -11.5295 11.5206 -0.00891059
236.427 -0.0175455 0.00402996 -11.53 11.5211 -0.00890699
236.438 -0.0175473 0.00402857 -11.5304 11.5215 -0.00890401
236.449 -0.0175494 0.00402709 -11.5308 11.5219 -0.00890021
236.461 -0.0175515 0.00402598 -11.5313 11.5224 -0.00889641
236.472 -0.0175534 0.00402509 -11.5318 11.5229 -0.00889313
236.483 -0.0175553 0.00402426 -11.5323 11.5234 -0.00888914
236.494 -0.0175577 0.0040234 -11.5328 11.5239 -0.00888519
236.506 -0.0175596 0.00402337 -11.5333 11.5244 -0.00888201
236.517 -0.0175613 0.00402339 -11.5339 11.525 -0.00887844
236.528 -0.0175629 0.00402379 -11.5344 11.5255 -0.00887502
236.539 -0.0175643 0.00402405 -11.535 11.5261 -0.00887198
236.551 -0.0175659 0.00402402 -11.5355 11.5267 -0.00886809
236.562 -0.0175672 0.00402442 -11.5361 11.5273 -0.00886415
236.573 -0.0175689 0.00402493 -11.5368 11.5279 -0.00886075
236.584 -0.0175705 0.00402581 -11.5374 11.5286 -0.00885708
236.596 -0.0175724 0.00402654 -11.5381 11.5293 -0.00885327
236.607 -0.0175741 0.00402759 -11.5389 11.53 -0.00884926
236.618 -0.017576 0.00402812 -11.5396 11.5308 -0.00884476
236.629 -0.0175781 0.00402844 -11.5404 11.5316 -0.00884056
236.64 -0.01758 0.00402886 -11.5413 11.5325 -0.00883687
236.652 -0.0175819 0.00402891 -11.5422 11.5334 -0.00883313
236.663 -0.0175831 0.00402869 -11.5431 11.5343 -0.00883014
236.674 -0.0175849 0.00402811 -11.5441 11.5353 -0.0088274
236.685 -0.0175868 0.00402766 -11.545 11.5362 -0.00882377
236.697 -0.017589 0.00402777 -11.546 11.5372 -0.00881986
236.708 -0.017591 0.00402779 -11.5471 11.5383 -0.00881602
236.719 -0.0175932 0.00402765 -11.5481 11.5393 -0.00881126
236.73 -0.0175959 0.00402826 -11.5492 11.5404 -0.00880705
236.742 -0.0175983 0.00402886 -11.5504 11.5416 -0.00880269
236.753 -0.0176006 0.00402931 -11.5515 11.5427 -0.00879833
236.764 -0.0176027 0.00402989 -11.5527 11.5439 -0.00879415
236.775 -0.0176047 0.00403097 -11.5539 11.5451 -0.00879032
236.787 -0.017607 0.00403122 -11.5551 11.5464 -0.00878545
236.798 -0.0176096 0.00403153 -11.5564 11.5476 -0.00878065
236.809 -0.017612 0.0040318 -11.5577 11.549 -0.00877645
236.82 -0.0176145 0.00403185 -11.5591 11.5503 -0.0087718
236.831 -0.0176171 0.00403179 -11.5604 11.5516 -0.00876755
236.843 -0.01762 0.00403156 -11.5618 11.553 -0.00876344
236.854 -0.0176226 0.00403167 -11.5632 11.5544 -0.0087593
236.865 -0.0176251 0.00403145 -11.5646 11.5559 -0.00875526
236.876 -0.0176278 0.00403084 -11.5661 11.5573 -0.00875165
236.888 -0.0176307 0.00403025 -11.5675 11.5588 -0.00874812
236.899 -0.0176333 0.00402964 -11.569 11.5602 -0.00874506
236.91 -0.0176357 0.00402889 -11.5705 11.5617 -0.00874182
236.921 -0.017638 0.004028 -11.572 11.5632 -0.00873822
236.933 -0.0176405 0.00402684 -11.5735 11.5648 -0.00873411
236.944 -0.0176433 0.00402565 -11.5751 11.5663 -0.00873015
236.955 -0.0176459 0.00402458 -11.5767 11.5679 -0.00872571
236.966 -0.0176478 0.00402371 -11.5783 11.5696 -0.0087225
236.978 -0.0176498 0.00402249 -11.58 11.5713 -0.00871819
236.989 -0.0176519 0.00402144 -11.5816 11.5729 -0.00871371
237 -0.0176531 0.0040205 -11.5834 11.5747 -0.00870979
237.011 -0.017654 0.00401998 -11.5851 11.5764 -0.0087061
237.022 -0.0176545 0.00402029 -11.5868 11.5781 -0.00870278
237.034 -0.0176551 0.00402052 -11.5885 11.5798 -0.00869918
237.045 -0.0176561 0.00402072 -11.5903 11.5816 -0.00869524
237.056 -0.0176575 0.00402117 -11.592 11.5833 -0.00869112
237.067 -0.0176594 0.00402073 -11.5938 11.5851 -0.0086867
237.079 -0.0176618 0.00401999 -11.5957 11.587 -0.00868185
237.09 -0.0176637 0.00401977 -11.5975 11.5888 -0.00867643
237.101 -0.0176654 0.00401954 -11.5994 11.5908 -0.00867116
237.112 -0.0176674 0.00401853 -11.6014 11.5927 -0.00866609
237.124 -0.0176694 0.00401744 -11.6034 11.5947 -0.00866026
237.135 -0.0176714 0.00401703 -11.6054 11.5967 -0.00865491
237.146 -0.0176732 0.00401692 -11.6074 11.5988 -0.00864996
237.157 -0.0176752 0.00401651 -11.6095 11.6009 -0.00864533
237.169 -0.0176769 0.00401638 -11.6116 11.6029 -0.00864089
237.18 -0.0176785 0.00401608 -11.6137 11.605 -0.00863624
237.191 -0.0176804 0.00401613 -11.6158 11.6072 -0.00863103
237.202 -0.0176824 0.00401608 -11.6179 11.6093 -0.00862576
237.213 -0.017684 0.00401525 -11.6201 11.6115 -0.00862075
237.225 -0.0176859 0.00401447 -11.6223 11.6137 -0.00861576
237.236 -0.0176877 0.00401384 -11.6246 11.6159 -0.00861031
237.247 -0.0176895 0.00401346 -11.6268 11.6182 -0.00860514
237.258 -0.0176905 0.00401241 -11.6291 11.6205 -0.00860157
237.27 -0.0176922 0.00401165 -11.6313 11.6227 -0.0085974
237.281 -0.0176942 0.00401127 -11.6336 11.625 -0.00859314
237.292 -0.0176955 0.00401065 -11.6359 11.6273 -0.00858963
237.303 -0.0176971 0.00401021 -11.6382 11.6296 -0.0085854
237.315 -0.0176987 0.00400958 -11.6405 11.632 -0.0085818
237.326 -0.0177004 0.00400887 -11.6428 11.6342 -0.00857713
237.337 -0.0177019 0.00400858 -11.6452 11.6366 -0.00857315
237.348 -0.0177033 0.00400844 -11.6475 11.639 -0.00856999
237.36 -0.0177042 0.00400861 -11.6498 11.6413 -0.00856678
237.371 -0.0177058 0.0040089 -11.6521 11.6436 -0.00856368
237.382 -0.0177072 0.00400863 -11.6544 11.6459 -0.00856051
237.393 -0.0177086 0.00400842 -11.6567 11.6482 -0.00855672
237.404 -0.0177106 0.00400819 -11.659 11.6505 -0.00855301
237.416 -0.0177125 0.00400848 -11.6613 11.6528 -0.00854957
237.427 -0.0177139 0.00400844 -11.6636 11.6551 -0.00854523
237.438 -0.0177157 0.00400823 -11.666 11.6574 -0.00854048
237.449 -0.0177178 0.00400761 -11.6683 11.6598 -0.00853637
237.461 -0.0177194 0.00400754 -11.6706 11.6621 -0.00853223
237.472 -0.0177209 0.00400708 -11.673 11.6644 -0.00852748
237.483 -0.0177226 0.00400646 -11.6754 11.6668 -0.00852324
237.494 -0.0177248 0.00400553 -11.6777 11.6692 -0.00851868
237.506 -0.0177271 0.00400474 -11.6801 11.6716 -0.0085144
237.517 -0.0177295 0.00400405 -11.6825 11.674 -0.00851067
237.528 -0.0177314 0.004003 -11.6848 11.6763 -0.00850605
237.539 -0.0177332 0.0040021 -11.6873 11.6788 -0.00850241
237.551 -0.0177349 0.00400062 -11.6897 11.6812 -0.00849819
237.562 -0.0177361 0.00399941 -11.692 11.6835 -0.00849394
237.573 -0.0177377 0.00399831 -11.6944 11.6859 -0.00848927
237.584 -0.0177392 0.00399693 -11.6968 11.6883 -0.00848487
237.596 -0.0177403 0.0039959 -11.6992 11.6907 -0.00848059
237.607 -0.0177412 0.00399507 -11.7016 11.6931 -0.00847683
237.618 -0.0177425 0.00399446 -11.7039 11.6955 -0.00847315
237.629 -0.0177438 0.0039936 -11.7063 11.6978 -0.00846855
237.64 -0.0177449 0.00399295 -11.7086 11.7002 -0.00846457
237.652 -0.0177457 0.00399249 -11.711 11.7025 -0.00846126
237.663 -0.0177468 0.00399182 -11.7133 11.7048 -0.00845744
237.674 -0.017748 0.00399137 -11.7156 11.7072 -0.00845367
237.685 -0.0177491 0.00399133 -11.7179 11.7095 -0.00844982
237.697 -0.0177502 0.00399085 -11.7202 11.7118 -0.00844543
237.708 -0.0177515 0.0039902 -11.7225 11.714 -0.00844079
237.719 -0.0177529 0.00399008 -11.7248 11.7163 -0.00843663
237.73 -0.017754 0.00398989 -11.727 11.7186 -0.00843188
237.742 -0.0177548 0.00398993 -11.7292 11.7208 -0.00842706
237.753 -0.0177558 0.00399002 -11.7315 11.723 -0.00842298
237.764 -0.0177567 0.00398978 -11.7337 11.7252 -0.0084189
237.775 -0.0177582 0.00398958 -11.7358 11.7274 -0.0084142
237.787 -0.0177597 0.00398934 -11.738 11.7296 -0.00840987
237.798 -0.017761 0.00398921 -11.7401 11.7317 -0.00840516
237.809 -0.0177624 0.00398873 -11.7422 11.7338 -0.00840093
237.82 -0.0177636 0.0039884 -11.7443 11.7359 -0.00839742
237.831 -0.0177644 0.00398807 -11.7464 11.738 -0.00839294
237.843 -0.0177657 0.00398771 -11.7484 11.74 -0.0083886
237.854 -0.0177667 0.00398714 -11.7504 11.7421 -0.00838448
237.865 -0.0177676 0.00398653 -11.7524 11.744 -0.00838024
237.876 -0.0177684 0.00398619 -11.7544 11.746 -0.00837572
237.888 -0.0177689 0.00398577 -11.7564 11.748 -0.00837158
237.899 -0.0177694 0.00398511 -11.7583 11.7499 -0.00836734
237.91 -0.01777 0.00398467 -11.7602 11.7518 -0.00836317
237.921 -0.0177707 0.00398403 -11.762 11.7537 -0.00835953
237.933 -0.0177715 0.00398343 -11.7639 11.7555 -0.00835561
237.944 -0.0177721 0.00398292 -11.7657 11.7573 -0.00835154
237.955 -0.017773 0.00398264 -11.7674 11.7591 -0.00834784
237.966 -0.0177734 0.0039822 -11.7691 11.7608 -0.00834368
237.978 -0.0177735 0.00398196 -11.7708 11.7625 -0.00833943
237.989 -0.0177742 0.00398164 -11.7724 11.7641 -0.00833558
238 -0.0177749 0.00398104 -11.7741 11.7657 -0.00833102
238.011 -0.0177754 0.00398083 -11.7757 11.7673 -0.00832666
238.022 -0.017776 0.00398042 -11.7772 11.7688 -0.00832272
238.034 -0.017777 0.00397981 -11.7787 11.7704 -0.00831865
238.045 -0.0177775 0.00397976 -11.7802 11.7718 -0.00831439
238.056 -0.0177777 0.00397964 -11.7816 11.7733 -0.00831065
238.067 -0.0177784 0.00397974 -11.7829 11.7746 -0.00830634
238.079 -0.0177788 0.00397948 -11.7843 11.776 -0.00830184
238.09 -0.0177791 0.00397914 -11.7855 11.7772 -0.00829765
238.101 -0.0177791 0.00397847 -11.7868 11.7785 -0.00829293
238.112 -0.0177791 0.00397784 -11.788 11.7797 -0.00828863
238.124 -0.0177795 0.00397752 -11.7891 11.7808 -0.00828455
238.135 -0.0177799 0.00397721 -11.7902 11.7819 -0.00828019
238.146 -0.0177804 0.003977 -11.7912 11.7829 -0.00827592
238.157 -0.0177814 0.00397705 -11.7922 11.7839 -0.00827177
238.169 -0.0177826 0.00397705 -11.7931 11.7849 -0.00826779
238.18 -0.0177833 0.00397688 -11.794 11.7857 -0.00826386
238.191 -0.0177838 0.00397705 -11.7948 11.7865 -0.00825995
238.202 -0.0177848 0.00397671 -11.7956 11.7873 -0.00825583
238.213 -0.0177853 0.00397644 -11.7963 11.788 -0.00825183
238.225 -0.017786 0.00397646 -11.7969 11.7886 -0.00824819
238.236 -0.017787 0.00397659 -11.7975 11.7892 -0.00824429
238.247 -0.017788 0.00397666 -11.798 11.7897 -0.00824021
238.258 -0.0177884 0.00397673 -11.7984 11.7902 -0.00823631
238.27 -0.017789 0.00397679 -11.7988 11.7905 -0.00823238
238.281 -0.0177894 0.00397625 -11.7991 11.7908 -0.00822857
238.292 -0.0177899 0.00397614 -11.7993 11.7911 -0.0082251
238.303 -0.0177903 0.00397609 -11.7995 11.7912 -0.00822142
238.315 -0.0177907 0.0039758 -11.7995 11.7913 -0.00821761
238.326 -0.0177913 0.00397538 -11.7996 11.7914 -0.00821433
238.337 -0.0177917 0.0039754 -11.7995 11.7913 -0.00821039
238.348 -0.0177921 0.00397531 -11.7994 11.7912 -0.00820647
238.36 -0.0177928 0.00397502 -11.7992 11.791 -0.00820246
238.371 -0.0177935 0.00397461 -11.7989 11.7907 -0.00819849
238.382 -0.0177943 0.00397428 -11.7986 11.7904 -0.00819515
238.393 -0.0177949 0.003974 -11.7982 11.79 -0.00819169
238.404 -0.0177956 0.00397351 -11.7977 11.7895 -0.00818771
238.416 -0.0177961 0.00397294 -11.7972 11.789 -0.00818355
238.427 -0.0177964 0.00397271 -11.7965 11.7883 -0.00818
238.438 -0.0177969 0.00397219 -11.7958 11.7876 -0.00817591
238.449 -0.0177973 0.00397192 -11.7951 11.7869 -0.00817201
238.461 -0.0177975 0.00397195 -11.7942 11.7861 -0.00816829
238.472 -0.017798 0.00397149 -11.7933 11.7852 -0.00816401
238.483 -0.0177984 0.00397108 -11.7924 11.7842 -0.00815976
238.494 -0.0177986 0.00397156 -11.7914 11.7832 -0.00815558
238.506 -0.0177993 0.00397162 -11.7903 11.7821 -0.00815107
238.517 -0.0177999 0.00397177 -11.7891 11.781 -0.0081466
238.528 -0.0178006 0.0039723 -11.7879 11.7798 -0.00814253
238.539 -0.0178014 0.00397265 -11.7866 11.7785 -0.00813811
238.551 -0.0178018 0.00397303 -11.7853 11.7771 -0.00813368
238.562 -0.0178021 0.00397294 -11.7839 11.7757 -0.00812939
238.573 -0.0178036 0.00397257 -11.7824 11.7742 -0.00812513
238.584 -0.0178049 0.00397216 -11.7808 11.7727 -0.00812033
238.596 -0.0178062 0.00397156 -11.7792 11.7711 -0.00811599
238.607 -0.0178076 0.00397104 -11.7775 11.7694 -0.00811126
238.618 -0.0178089 0.00397037 -11.7757 11.7676 -0.00810635
238.629 -0.0178106 0.00396939 -11.7739 11.7658 -0.00810149
238.64 -0.017812 0.00396835 -11.772 11.7639 -0.00809603
238.652 -0.0178135 0.00396748 -11.7701 11.762 -0.00809079
238.663 -0.0178152 0.00396666 -11.7681 11.76 -0.00808559
238.674 -0.0178166 0.00396554 -11.766 11.7579 -0.00808031
238.685 -0.0178183 0.0039643 -11.7639 11.7558 -0.00807473
238.697 -0.0178194 0.00396366 -11.7617 11.7537 -0.00806944
238.708 -0.0178204 0.00396315 -11.7595 11.7514 -0.00806399
238.719 -0.0178213 0.00396213 -11.7572 11.7492 -0.00805831
238.73 -0.0178225 0.00396097 -11.7549 11.7469 -0.0080531
238.742 -0.0178243 0.00395956 -11.7525 11.7445 -0.00804857
238.753 -0.0178254 0.00395884 -11.7501 11.742 -0.00804382
238.764 -0.0178266 0.00395802 -11.7476 11.7395 -0.00803917
238.775 -0.0178271 0.00395771 -11.745 11.7369 -0.00803362
238.787 -0.017828 0.00395738 -11.7423 11.7343 -0.00802855
238.798 -0.0178287 0.00395715 -11.7396 11.7316 -0.00802413
238.809 -0.0178293 0.00395702 -11.7369 11.7289 -0.00801919
238.82 -0.0178297 0.0039569 -11.7341 11.726 -0.00801444
238.831 -0.0178299 0.00395702 -11.7312 11.7232 -0.00800968
238.843 -0.0178303 0.00395725 -11.7283 11.7203 -0.00800503
238.854 -0.01783 0.00395795 -11.7253 11.7173 -0.00800082
238.865 -0.0178301 0.00395836 -11.7223 11.7143 -0.00799665
238.876 -0.0178302 0.00395926 -11.7192 11.7113 -0.00799162
238.888 -0.0178309 0.0039598 -11.7161 11.7082 -0.00798623
238.899 -0.0178314 0.00396062 -11.713 11.705 -0.0079809
238.91 -0.0178319 0.00396143 -11.7098 11.7018 -0.00797496
238.921 -0.0178322 0.00396243 -11.7066 11.6986 -0.00796919
238.933 -0.0178325 0.00396286 -11.7033 11.6953 -0.00796338
238.944 -0.0178331 0.00396316 -11.7 11.692 -0.00795768
238.955 -0.0178335 0.0039637 -11.6966 11.6886 -0.0079528
238.966 -0.0178343 0.00396401 -11.6932 11.6852 -0.00794858
238.978 -0.0178352 0.00396386 -11.6897 11.6817 -0.00794365
238.989 -0.0178359 0.00396407 -11.6862 11.6782 -0.007939
239 -0.0178366 0.00396444 -11.6826 11.6747 -0.00793485
239.011 -0.0178369 0.00396442 -11.679 11.671 -0.00793007
239.022 -0.0178374 0.00396445 -11.6753 11.6674 -0.00792583
239.034 -0.017838 0.00396438 -11.6716 11.6637 -0.00792224
239.045 -0.0178388 0.00396439 -11.6678 11.6599 -0.00791814
239.056 -0.0178392 0.00396475 -11.664 11.6561 -0.00791402
239.067 -0.0178396 0.00396529 -11.6602 11.6523 -0.00791008
239.079 -0.01784 0.00396574 -11.6562 11.6483 -0.00790565
239.09 -0.0178401 0.00396634 -11.6523 11.6444 -0.00790066
239.101 -0.0178397 0.00396661 -11.6483 11.6405 -0.00789625
239.112 -0.0178397 0.0039676 -11.6443 11.6364 -0.00789176
239.124 -0.0178392 0.00396824 -11.6403 11.6324 -0.00788695
239.135 -0.017839 0.0039694 -11.6363 11.6284 -0.00788254
239.146 -0.0178384 0.00397012 -11.6321 11.6243 -0.00787762
239.157 -0.0178384 0.00397083 -11.628 11.6201 -0.00787304
239.169 -0.0178382 0.00397172 -11.6239 11.616 -0.00786815
239.18 -0.0178384 0.0039717 -11.6197 11.6118 -0.00786301
239.191 -0.017839 0.00397142 -11.6154 11.6076 -0.00785777
239.202 -0.0178396 0.00397119 -11.6112 11.6034 -0.00785364
239.213 -0.0178397 0.00397169 -11.6069 11.5991 -0.00784799
239.225 -0.0178399 0.00397225 -11.6026 11.5947 -0.00784231
239.236 -0.0178402 0.00397295 -11.5982 11.5904 -0.00783665
239.247 -0.017841 0.00397265 -11.5939 11.586 -0.00783079
239.258 -0.0178423 0.00397208 -11.5894 11.5816 -0.00782531
239.27 -0.0178432 0.00397142 -11.585 11.5772 -0.0078203
239.281 -0.0178448 0.00397098 -11.5805 11.5727 -0.00781542
239.292 -0.0178458 0.00397084 -11.576 11.5682 -0.0078106
239.303 -0.0178466 0.00397087 -11.5714 11.5636 -0.00780566
239.315 -0.0178473 0.00397059 -11.5668 11.559 -0.00780069
239.326 -0.0178478 0.00396995 -11.5621 11.5543 -0.00779616
239.337 -0.017848 0.00396939 -11.5574 11.5496 -0.00779184
239.348 -0.0178478 0.00396815 -11.5527 11.5449 -0.00778744
239.36 -0.0178472 0.00396761 -11.5479 11.5401 -0.00778324
239.371 -0.0178477 0.00396676 -11.543 11.5353 -0.00777956
239.382 -0.017848 0.00396598 -11.5382 11.5304 -0.00777545
239.393 -0.0178473 0.00396561 -11.5332 11.5255 -0.00777113
239.404 -0.0178465 0.00396532 -11.5283 11.5205 -0.00776731
239.416 -0.0178464 0.00396498 -11.5233 11.5156 -0.00776302
239.427 -0.0178456 0.00396516 -11.5183 11.5106 -0.00775827
239.438 -0.0178448 0.0039657 -11.5133 11.5056 -0.00775435
239.449 -0.0178442 0.00396613 -11.5083 11.5005 -0.0077499
239.461 -0.0178434 0.00396631 -11.5032 11.4955 -0.00774572
239.472 -0.0178425 0.0039667 -11.4982 11.4904 -0.00774125
239.483 -0.0178422 0.00396721 -11.4931 11.4853 -0.00773733
239.494 -0.0178422 0.00396776 -11.488 11.4802 -0.0077335
239.506 -0.0178421 0.00396847 -11.4829 11.4752 -0.00772947
239.517 -0.0178426 0.00396887 -11.4778 11.47 -0.00772637
239.528 -0.0178433 0.00396903 -11.4726 11.4649 -0.00772311
239.539 -0.0178437 0.00397034 -11.4675 11.4597 -0.00771982
239.551 -0.0178452 0.00397139 -11.4623 11.4546 -0.00771569
239.562 -0.0178456 0.00397304 -11.4571 11.4494 -0.00771185
239.573 -0.0178468 0.00397476 -11.4519 11.4442 -0.00770745
239.584 -0.0178479 0.00397621 -11.4467 11.439 -0.00770255
239.596 -0.0178497 0.00397728 -11.4415 11.4338 -0.00769788
239.607 -0.0178513 0.00397824 -11.4363 11.4286 -0.00769363
239.618 -0.0178533 0.00397883 -11.4311 11.4234 -0.00768878
239.629 -0.0178541 0.00397956 -11.4259 11.4182 -0.00768465
239.64 -0.017855 0.00397972 -11.4207 11.413 -0.00768046
239.652 -0.0178553 0.00397992 -11.4155 11.4078 -0.00767537
239.663 -0.0178555 0.00397971 -11.4102 11.4026 -0.00767041
239.674 -0.0178557 0.00397972 -11.405 11.3973 -0.0076656
239.685 -0.0178564 0.00397933 -11.3998 11.3921 -0.00766096
239.697 -0.017857 0.00397886 -11.3945 11.3869 -0.00765663
239.708 -0.0178573 0.00397847 -11.3893 11.3816 -0.00765209
239.719 -0.0178571 0.00397773 -11.384 11.3763 -0.00764709
239.73 -0.0178567 0.00397724 -11.3787 11.3711 -0.0076419
239.742 -0.0178561 0.0039766 -11.3735 11.3659 -0.00763669
239.753 -0.0178559 0.00397585 -11.3682 11.3606 -0.00763134
239.764 -0.0178558 0.00397523 -11.363 11.3554 -0.00762609
239.775 -0.0178552 0.00397446 -11.3578 11.3502 -0.00762085
239.787 -0.0178553 0.00397413 -11.3526 11.3449 -0.00761623
239.798 -0.0178551 0.00397373 -11.3473 11.3397 -0.00761272
239.809 -0.0178549 0.00397306 -11.3421 11.3345 -0.00761022
239.82 -0.0178546 0.00397203 -11.3369 11.3293 -0.0076075
239.831 -0.017855 0.00397193 -11.3316 11.324 -0.00760406
239.843 -0.0178554 0.00397158 -11.3264 11.3188 -0.00760126
239.854 -0.0178557 0.00397107 -11.3211 11.3135 -0.00759805
239.865 -0.0178562 0.0039704 -11.3159 11.3083 -0.00759457
239.876 -0.0178571 0.00397004 -11.3107 11.3031 -0.00759084
239.888 -0.0178574 0.00396956 -11.3054 11.2978 -0.00758701
239.899 -0.017858 0.00396914 -11.3001 11.2926 -0.00758321
239.91 -0.0178588 0.00396858 -11.2949 11.2873 -0.00757914
239.921 -0.0178595 0.00396796 -11.2897 11.2821 -0.00757435
239.933 -0.01786 0.0039674 -11.2845 11.2769 -0.00756986
239.944 -0.0178611 0.00396706 -11.2793 11.2717 -0.00756508
239.955 -0.017862 0.00396627 -11.2741 11.2665 -0.00756017
239.966 -0.0178628 0.00396614 -11.2689 11.2614 -0.00755497
239.978 -0.0178633 0.00396618 -11.2638 11.2563 -0.00754973
239.989 -0.0178641 0.00396596 -11.2587 11.2512 -0.0075441
240 -0.017864 0.00396534 -11.2537 11.2461 -0.00753937
240.011 -0.0178642 0.00396423 -11.2486 11.2411 -0.00753497
240.022 -0.0178642 0.00396318 -11.2436 11.236 -0.00753041
240.034 -0.0178638 0.00396257 -11.2385 11.231 -0.00752591
240.045 -0.0178633 0.0039618 -11.2335 11.226 -0.00752251
240.056 -0.0178628 0.00396187 -11.2285 11.221 -0.00751889
240.067 -0.0178628 0.00396185 -11.2235 11.216 -0.00751568
240.079 -0.017863 0.00396249 -11.2185 11.211 -0.00751167
240.09 -0.0178628 0.0039625 -11.2135 11.206 -0.00750766
240.101 -0.0178625 0.0039628 -11.2085 11.201 -0.00750384
240.112 -0.0178619 0.00396283 -11.2036 11.1961 -0.0074997
240.124 -0.0178612 0.00396244 -11.1987 11.1912 -0.00749551
240.135 -0.0178608 0.00396224 -11.1938 11.1863 -0.00749232
240.146 -0.0178602 0.0039621 -11.189 11.1815 -0.00748889
240.157 -0.0178596 0.00396205 -11.1842 11.1767 -0.00748472
240.169 -0.0178595 0.00396161 -11.1794 11.1719 -0.0074813
240.18 -0.0178592 0.0039615 -11.1746 11.1672 -0.00747898
240.191 -0.017859 0.00396144 -11.1699 11.1624 -0.00747602
240.202 -0.0178584 0.00396152 -11.1652 11.1577 -0.00747289
240.213 -0.0178581 0.00396103 -11.1606 11.1531 -0.0074699
240.225 -0.0178576 0.00396158 -11.1559 11.1485 -0.00746548
240.236 -0.0178569 0.00396161 -11.1513 11.1439 -0.00746076
240.247 -0.0178562 0.00396153 -11.1468 11.1394 -0.00745622
240.258 -0.0178564 0.00396142 -11.1424 11.1349 -0.00745143
240.27 -0.0178567 0.00396136 -11.1379 11.1305 -0.00744797
240.281 -0.0178577 0.00396111 -11.1335 11.1261 -0.00744405
240.292 -0.0178579 0.00395977 -11.1292 11.1218 -0.00744003
240.303 -0.0178579 0.00395929 -11.1249 11.1175 -0.00743546
240.315 -0.0178578 0.00395864 -11.1207 11.1133 -0.00743109
240.326 -0.017858 0.00395863 -11.1166 11.1092 -0.00742659
240.337 -0.0178576 0.00395822 -11.1125 11.1051 -0.00742211
240.348 -0.0178574 0.00395846 -11.1085 11.1011 -0.0074179
240.36 -0.0178574 0.00395801 -11.1046 11.0972 -0.00741324
240.371 -0.0178576 0.00395799 -11.1007 11.0933 -0.00740936
240.382 -0.0178584 0.00395768 -11.0969 11.0895 -0.00740655
240.393 -0.0178589 0.00395755 -11.0931 11.0857 -0.00740324
240.404 -0.0178595 0.00395748 -11.0894 11.082 -0.00740061
240.416 -0.0178595 0.00395695 -11.0857 11.0783 -0.0073972
240.427 -0.0178596 0.00395658 -11.082 11.0746 -0.00739312
240.438 -0.0178597 0.00395634 -11.0784 11.071 -0.00738926
240.449 -0.01786 0.00395636 -11.0749 11.0676 -0.00738526
240.461 -0.01786 0.00395606 -11.0715 11.0641 -0.00738125
240.472 -0.0178603 0.00395631 -11.0681 11.0607 -0.00737708
240.483 -0.0178606 0.00395662 -11.0648 11.0574 -0.0073731
240.494 -0.0178607 0.003957 -11.0616 11.0542 -0.00736899
240.506 -0.0178602 0.0039579 -11.0584 11.051 -0.00736534
240.517 -0.01786 0.00395845 -11.0553 11.048 -0.00736154
240.528 -0.0178597 0.00395909 -11.0523 11.0449 -0.00735704
240.539 -0.017859 0.00395985 -11.0493 11.042 -0.00735254
240.551 -0.0178583 0.00396023 -11.0464 11.0391 -0.0073489
240.562 -0.0178581 0.00396109 -11.0436 11.0363 -0.00734424
240.573 -0.0178579 0.00396154 -11.0408 11.0335 -0.00734041
240.584 -0.0178573 0.0039627 -11.0382 11.0308 -0.00733546
240.596 -0.0178571 0.00396351 -11.0355 11.0282 -0.00733067
240.607 -0.0178568 0.00396409 -11.033 11.0257 -0.00732665
240.618 -0.0178564 0.00396421 -11.0305 11.0232 -0.00732282
240.629 -0.0178565 0.00396531 -11.0281 11.0208 -0.00731889
240.64 -0.0178569 0.00396639 -11.0258 11.0185 -0.00731456
240.652 -0.0178574 0.00396707 -11.0235 11.0162 -0.00731093
240.663 -0.0178576 0.0039677 -11.0213 11.014 -0.00730719
240.674 -0.0178576 0.00396827 -11.0192 11.0119 -0.00730288
240.685 -0.0178578 0.00396878 -11.0172 11.0099 -0.00729872
240.697 -0.0178577 0.00396902 -11.0152 11.0079 -0.00729355
240.708 -0.0178578 0.00396914 -11.0133 11.006 -0.00728857
240.719 -0.0178584 0.00396904 -11.0115 11.0042 -0.00728458
240.73 -0.0178594 0.00396898 -11.0097 11.0024 -0.00728027
240.742 -0.0178596 0.00396888 -11.0079 11.0007 -0.00727571
240.753 -0.0178598 0.00396946 -11.0063 10.999 -0.00727063
240.764 -0.0178596 0.00397021 -11.0047 10.9975 -0.00726527
240.775 -0.0178596 0.00397111 -11.0032 10.996 -0.00726021
240.787 -0.0178598 0.00397156 -11.0018 10.9946 -0.007255
240.798 -0.0178603 0.00397168 -11.0005 10.9933 -0.00725024
240.809 -0.0178607 0.00397198 -10.9993 10.992 -0.00724561
240.82 -0.0178611 0.00397212 -10.9981 10.9909 -0.00724075
240.831 -0.0178609 0.00397226 -10.997 10.9898 -0.00723493
240.843 -0.0178609 0.00397224 -10.996 10.9888 -0.00722912
240.854 -0.0178609 0.00397217 -10.995 10.9878 -0.00722377
240.865 -0.017861 0.00397214 -10.9942 10.987 -0.00721819
240.876 -0.0178608 0.00397176 -10.9934 10.9862 -0.0072129
240.888 -0.0178603 0.0039716 -10.9927 10.9854 -0.00720792
240.899 -0.0178596 0.00397216 -10.992 10.9848 -0.00720229
240.91 -0.0178583 0.00397295 -10.9914 10.9842 -0.00719686
240.921 -0.017857 0.00397339 -10.991 10.9838 -0.00719196
240.933 -0.0178557 0.00397327 -10.9906 10.9834 -0.00718748
240.944 -0.0178544 0.00397342 -10.9902 10.983 -0.00718372
240.955 -0.017853 0.0039733 -10.9899 10.9828 -0.00717987
240.966 -0.0178521 0.00397359 -10.9897 10.9826 -0.00717553
240.978 -0.0178513 0.00397379 -10.9896 10.9824 -0.0071711
240.989 -0.0178502 0.00397369 -10.9895 10.9823 -0.00716596
241 -0.017849 0.00397342 -10.9894 10.9823 -0.00716035
241.011 -0.0178477 0.00397388 -10.9895 10.9823 -0.00715471
241.022 -0.0178465 0.00397423 -10.9896 10.9824 -0.00714958
241.034 -0.0178458 0.00397411 -10.9898 10.9826 -0.00714387
241.045 -0.0178452 0.00397423 -10.99 10.9829 -0.00713831
241.056 -0.0178443 0.00397392 -10.9904 10.9832 -0.00713347
241.067 -0.0178439 0.0039733 -10.9907 10.9836 -0.00712872
241.079 -0.0178437 0.00397267 -10.9911 10.984 -0.00712408
241.09 -0.0178436 0.00397211 -10.9916 10.9845 -0.00711938
241.101 -0.017844 0.00397159 -10.9921 10.985 -0.00711445
241.112 -0.0178441 0.0039712 -10.9927 10.9856 -0.00710945
241.124 -0.0178442 0.00397129 -10.9934 10.9863 -0.00710497
241.135 -0.0178437 0.00397142 -10.9941 10.987 -0.00709973
241.146 -0.0178432 0.00397156 -10.9948 10.9878 -0.00709416
241.157 -0.0178424 0.00397176 -10.9957 10.9886 -0.00708823
241.169 -0.0178414 0.00397173 -10.9966 10.9895 -0.00708202
241.18 -0.0178404 0.00397199 -10.9976 10.9905 -0.00707581
241.191 -0.0178392 0.0039721 -10.9986 10.9916 -0.0070697
241.202 -0.0178384 0.00397188 -10.9998 10.9927 -0.00706395
241.213 -0.0178376 0.00397195 -11.0009 10.9939 -0.00705786
241.225 -0.0178365 0.00397152 -11.0022 10.9952 -0.00705221
241.236 -0.0178353 0.00397157 -11.0035 10.9965 -0.0070458
241.247 -0.0178348 0.00397146 -11.0049 10.9979 -0.00703993
241.258 -0.0178339 0.00397157 -11.0064 10.9994 -0.00703438
241.27 -0.0178331 0.00397176 -11.0079 11.0009 -0.00702829
241.281 -0.0178324 0.00397242 -11.0095 11.0025 -0.00702224
241.292 -0.0178315 0.00397299 -11.0112 11.0042 -0.00701656
241.303 -0.017831 0.00397382 -11.013 11.006 -0.00701105
241.315 -0.0178299 0.003974 -11.0148 11.0078 -0.00700563
241.326 -0.0178286 0.00397413 -11.0167 11.0097 -0.00700032
241.337 -0.0178275 0.0039738 -11.0186 11.0116 -0.00699501
241.348 -0.0178261 0.00397396 -11.0206 11.0136 -0.00698962
241.36 -0.0178249 0.003974 -11.0226 11.0157 -0.00698429
241.371 -0.017824 0.00397383 -11.0247 11.0177 -0.00697897
241.382 -0.0178235 0.00397379 -11.0268 11.0198 -0.00697454
241.393 -0.0178232 0.00397366 -11.029 11.022 -0.00696986
241.404 -0.0178229 0.00397354 -11.0311 11.0242 -0.00696496
241.416 -0.0178225 0.00397388 -11.0333 11.0264 -0.00696051
241.427 -0.0178221 0.00397412 -11.0356 11.0287 -0.00695624
241.438 -0.0178217 0.00397483 -11.0379 11.0309 -0.00695088
241.449 -0.0178208 0.00397459 -11.0402 11.0333 -0.0069454
241.461 -0.0178205 0.00397387 -11.0426 11.0357 -0.00694035
241.472 -0.0178201 0.0039739 -11.045 11.0381 -0.00693505
241.483 -0.0178198 0.00397348 -11.0475 11.0406 -0.00692997
241.494 -0.0178191 0.00397365 -11.05 11.0431 -0.00692476
241.506 -0.0178186 0.00397427 -11.0526 11.0456 -0.00691824
241.517 -0.0178183 0.00397493 -11.0552 11.0483 -0.0069124
241.528 -0.017818 0.00397545 -11.0578 11.0509 -0.00690682
241.539 -0.0178176 0.00397589 -11.0605 11.0536 -0.00690063
241.551 -0.0178172 0.00397584 -11.0633 11.0564 -0.00689512
241.562 -0.0178171 0.00397591 -11.0661 11.0592 -0.00688977
241.573 -0.017817 0.0039756 -11.0689 11.0621 -0.00688477
241.584 -0.0178168 0.00397531 -11.0718 11.0649 -0.00687968
241.596 -0.0178164 0.0039747 -11.0747 11.0678 -0.00687478
241.607 -0.0178161 0.00397441 -11.0776 11.0708 -0.00686975
241.618 -0.0178159 0.00397403 -11.0806 11.0737 -0.00686528
241.629 -0.0178158 0.00397397 -11.0836 11.0767 -0.00686111
241.64 -0.0178158 0.00397389 -11.0866 11.0797 -0.00685646
241.652 -0.0178164 0.00397443 -11.0896 11.0828 -0.00685175
241.663 -0.0178168 0.00397461 -11.0927 11.0859 -0.0068471
241.674 -0.0178171 0.00397479 -11.0959 11.089 -0.00684268
241.685 -0.0178176 0.00397471 -11.099 11.0922 -0.00683807
241.697 -0.017818 0.00397475 -11.1022 11.0954 -0.0068338
241.708 -0.0178181 0.00397504 -11.1054 11.0986 -0.00682918
241.719 -0.0178181 0.00397533 -11.1087 11.1018 -0.0068247
241.73 -0.017818 0.00397594 -11.1119 11.1051 -0.00682068
241.742 -0.0178177 0.00397672 -11.1152 11.1084 -0.00681615
241.753 -0.0178177 0.00397743 -11.1185 11.1117 -0.00681149
241.764 -0.0178175 0.0039783 -11.1218 11.115 -0.00680706
241.775 -0.017817 0.00397916 -11.1252 11.1184 -0.00680206
241.787 -0.0178167 0.00397978 -11.1286 11.1218 -0.00679699
241.798 -0.0178161 0.00398032 -11.132 11.1252 -0.0067923
241.809 -0.0178154 0.00398083 -11.1354 11.1286 -0.00678717
241.82 -0.0178142 0.00398096 -11.1388 11.1321 -0.00678219
241.831 -0.0178133 0.00398137 -11.1423 11.1355 -0.00677781
241.843 -0.0178123 0.00398174 -11.1458 11.139 -0.00677291
241.854 -0.0178117 0.00398251 -11.1493 11.1425 -0.00676892
241.865 -0.0178109 0.00398345 -11.1529 11.1461 -0.00676498
241.876 -0.0178101 0.00398483 -11.1564 11.1496 -0.0067605
241.888 -0.0178091 0.00398563 -11.1599 11.1531 -0.00675625
241.899 -0.0178081 0.00398685 -11.1634 11.1567 -0.0067525
241.91 -0.0178068 0.00398809 -11.167 11.1602 -0.00674817
241.921 -0.0178053 0.00398915 -11.1705 11.1638 -0.00674413
241.933 -0.0178042 0.00399034 -11.1741 11.1674 -0.00673974
241.944 -0.0178031 0.0039916 -11.1777 11.171 -0.00673552
241.955 -0.0178018 0.00399293 -11.1813 11.1746 -0.00673115
241.966 -0.0178006 0.00399458 -11.1849 11.1782 -0.00672695
241.978 -0.0177996 0.00399595 -11.1885 11.1818 -0.00672278
241.989 -0.0177986 0.00399719 -11.1922 11.1855 -0.00671857
242 -0.0177976 0.00399869 -11.1958 11.1891 -0.00671397
242.011 -0.0177969 0.00400011 -11.1995 11.1928 -0.00670901
242.022 -0.0177957 0.00400139 -11.2032 11.1965 -0.00670437
242.034 -0.017795 0.0040026 -11.2069 11.2002 -0.00669921
242.045 -0.0177945 0.00400366 -11.2106 11.2039 -0.00669337
242.056 -0.017794 0.00400454 -11.2144 11.2077 -0.00668809
242.067 -0.017793 0.00400611 -11.2181 11.2114 -0.00668294
242.079 -0.0177922 0.00400717 -11.2219 11.2152 -0.00667739
242.09 -0.0177917 0.00400821 -11.2256 11.219 -0.00667178
242.101 -0.0177909 0.00400881 -11.2294 11.2228 -0.00666618
242.112 -0.0177902 0.00400952 -11.2332 11.2266 -0.00666019
242.124 -0.017789 0.00401017 -11.237 11.2304 -0.00665426
242.135 -0.0177879 0.00401087 -11.2409 11.2342 -0.00664873
242.146 -0.0177866 0.00401162 -11.2447 11.238 -0.00664271
242.157 -0.0177857 0.00401248 -11.2485 11.2419 -0.00663714
242.169 -0.0177846 0.00401311 -11.2523 11.2457 -0.00663146
242.18 -0.0177838 0.00401426 -11.2562 11.2495 -0.00662551
242.191 -0.017783 0.00401491 -11.26 11.2534 -0.00661967
242.202 -0.0177821 0.00401589 -11.2639 11.2573 -0.00661419
242.213 -0.0177813 0.00401675 -11.2677 11.2611 -0.0066085
242.225 -0.0177804 0.00401734 -11.2716 11.265 -0.00660344
242.236 -0.0177793 0.00401801 -11.2754 11.2688 -0.00659836
242.247 -0.0177786 0.00401874 -11.2792 11.2726 -0.00659328
242.258 -0.0177779 0.00401928 -11.2831 11.2765 -0.00658835
242.27 -0.0177776 0.00401994 -11.2869 11.2803 -0.00658442
242.281 -0.0177768 0.00402042 -11.2907 11.2841 -0.0065803
242.292 -0.0177766 0.00402132 -11.2945 11.2879 -0.00657623
242.303 -0.0177762 0.00402196 -11.2983 11.2917 -0.00657199
242.315 -0.0177759 0.00402265 -11.302 11.2955 -0.00656774
242.326 -0.0177754 0.00402331 -11.3058 11.2992 -0.00656306
242.337 -0.0177751 0.00402357 -11.3095 11.303 -0.00655873
242.348 -0.0177745 0.00402417 -11.3133 11.3067 -0.00655404
242.36 -0.0177734 0.00402471 -11.317 11.3104 -0.00654962
242.371 -0.0177721 0.00402543 -11.3207 11.3142 -0.00654511
242.382 -0.0177707 0.00402595 -11.3244 11.3179 -0.00654002
242.393 -0.0177699 0.00402654 -11.3281 11.3216 -0.00653514
242.404 -0.0177689 0.00402718 -11.3319 11.3253 -0.00653065
242.416 -0.0177677 0.00402772 -11.3355 11.329 -0.00652588
242.427 -0.0177668 0.0040285 -11.3392 11.3327 -0.00652149
242.438 -0.017766 0.00402903 -11.3429 11.3364 -0.00651709
242.449 -0.0177655 0.00402989 -11.3465 11.34 -0.00651273
242.461 -0.0177651 0.00403063 -11.3502 11.3437 -0.00650809
242.472 -0.0177648 0.00403119 -11.3538 11.3473 -0.0065033
242.483 -0.0177646 0.00403172 -11.3574 11.3509 -0.00649815
242.494 -0.0177641 0.00403231 -11.361 11.3545 -0.00649349
242.506 -0.0177635 0.00403244 -11.3646 11.3581 -0.00648893
242.517 -0.0177628 0.00403293 -11.3681 11.3617 -0.00648455
242.528 -0.0177623 0.00403339 -11.3717 11.3652 -0.00648005
242.539 -0.0177614 0.00403397 -11.3752 11.3687 -0.00647622
242.551 -0.0177604 0.00403419 -11.3787 11.3722 -0.00647199
242.562 -0.0177597 0.00403477 -11.3822 11.3757 -0.006468
242.573 -0.0177589 0.00403472 -11.3857 11.3792 -0.00646329
242.584 -0.0177583 0.00403463 -11.3891 11.3826 -0.00645855
242.596 -0.0177577 0.00403471 -11.3925 11.3861 -0.00645421
242.607 -0.0177574 0.00403433 -11.3959 11.3895 -0.00644951
242.618 -0.017757 0.00403409 -11.3993 11.3929 -0.00644441
242.629 -0.0177564 0.00403375 -11.4027 11.3962 -0.00643947
242.64 -0.017756 0.00403362 -11.406 11.3996 -0.00643464
242.652 -0.0177557 0.00403355 -11.4094 11.4029 -0.00642942
242.663 -0.0177555 0.00403333 -11.4127 11.4063 -0.0064244
242.674 -0.0177554 0.00403352 -11.416 11.4096 -0.0064198
242.685 -0.0177552 0.00403383 -11.4193 11.4129 -0.0064147
242.697 -0.0177547 0.0040341 -11.4226 11.4162 -0.00641001
242.708 -0.017754 0.00403481 -11.4259 11.4195 -0.00640526
242.719 -0.0177531 0.00403574 -11.4292 11.4228 -0.00640022
242.73 -0.0177524 0.0040366 -11.4324 11.426 -0.0063953
242.742 -0.0177521 0.00403711 -11.4356 11.4292 -0.00639006
242.753 -0.0177513 0.00403724 -11.4388 11.4324 -0.0063839
242.764 -0.0177506 0.00403777 -11.442 11.4356 -0.00637893
242.775 -0.0177502 0.00403837 -11.4452 11.4388 -0.0063739
242.787 -0.0177495 0.00403829 -11.4484 11.442 -0.00636839
242.798 -0.0177493 0.00403849 -11.4515 11.4452 -0.0063632
242.809 -0.017749 0.00403898 -11.4546 11.4483 -0.00635835
242.82 -0.0177486 0.00403892 -11.4577 11.4514 -0.00635322
242.831 -0.0177476 0.00403879 -11.4608 11.4545 -0.0063491
242.843 -0.017747 0.00403914 -11.4639 11.4575 -0.00634517
242.854 -0.0177466 0.00403962 -11.4669 11.4605 -0.00634104
242.865 -0.0177461 0.00404011 -11.4699 11.4635 -0.00633677
242.876 -0.0177457 0.00404067 -11.4728 11.4665 -0.00633254
242.888 -0.017745 0.00404121 -11.4757 11.4694 -0.00632765
242.899 -0.0177441 0.0040416 -11.4786 11.4723 -0.00632327
242.91 -0.0177434 0.004042 -11.4815 11.4752 -0.00631868
242.921 -0.0177431 0.00404191 -11.4844 11.4781 -0.00631495
242.933 -0.0177428 0.00404171 -11.4872 11.4809 -0.00631126
242.944 -0.0177429 0.00404198 -11.49 11.4837 -0.00630775
242.955 -0.0177422 0.00404271 -11.4928 11.4865 -0.00630436
242.966 -0.0177419 0.004043 -11.4956 11.4893 -0.00630099
242.978 -0.0177416 0.00404359 -11.4983 11.492 -0.00629758
242.989 -0.0177412 0.00404398 -11.501 11.4947 -0.00629427
243 -0.0177408 0.00404456 -11.5036 11.4973 -0.00629123
243.011 -0.0177401 0.00404586 -11.5062 11.5 -0.00628795
243.022 -0.0177396 0.00404682 -11.5088 11.5025 -0.00628431
243.034 -0.0177387 0.00404763 -11.5114 11.5051 -0.00628107
243.045 -0.0177378 0.00404824 -11.514 11.5077 -0.00627784
243.056 -0.0177368 0.00404927 -11.5165 11.5102 -0.00627389
243.067 -0.0177364 0.00404984 -11.519 11.5127 -0.00626957
243.079 -0.0177355 0.00405052 -11.5215 11.5152 -0.00626534
243.09 -0.0177349 0.00405111 -11.524 11.5177 -0.00626082
243.101 -0.0177338 0.00405171 -11.5264 11.5202 -0.0062565
243.112 -0.017733 0.0040526 -11.5289 11.5226 -0.00625181
243.124 -0.0177317 0.00405295 -11.5314 11.5251 -0.00624748
243.135 -0.0177308 0.0040538 -11.5338 11.5275 -0.00624262
243.146 -0.01773 0.00405458 -11.5362 11.5299 -0.00623827
243.157 -0.017729 0.00405505 -11.5386 11.5323 -0.00623373
243.169 -0.0177281 0.00405516 -11.5409 11.5347 -0.00622936
243.18 -0.0177273 0.0040555 -11.5433 11.537 -0.00622554
243.191 -0.0177269 0.00405563 -11.5456 11.5394 -0.00622115
243.202 -0.0177264 0.00405607 -11.5479 11.5416 -0.0062167
243.213 -0.0177261 0.0040563 -11.5501 11.5439 -0.00621249
243.225 -0.0177255 0.00405661 -11.5524 11.5462 -0.00620734
243.236 -0.0177247 0.00405664 -11.5546 11.5484 -0.00620249
243.247 -0.0177242 0.00405706 -11.5568 11.5506 -0.00619736
243.258 -0.0177237 0.00405772 -11.559 11.5529 -0.00619208
243.27 -0.017723 0.00405812 -11.5612 11.5551 -0.00618755
243.281 -0.0177226 0.0040582 -11.5634 11.5573 -0.00618305
243.292 -0.0177221 0.00405838 -11.5656 11.5594 -0.00617843
243.303 -0.0177215 0.00405846 -11.5678 11.5616 -0.00617388
243.315 -0.0177207 0.0040584 -11.5699 11.5637 -0.00616961
243.326 -0.0177205 0.00405867 -11.572 11.5658 -0.00616532
243.337 -0.01772 0.00405891 -11.5741 11.5679 -0.00616085
243.348 -0.0177201 0.00405947 -11.5761 11.57 -0.00615694
243.36 -0.0177198 0.00405927 -11.5782 11.572 -0.00615263
243.371 -0.0177198 0.00405911 -11.5802 11.574 -0.00614832
243.382 -0.0177196 0.00405866 -11.5822 11.5761 -0.00614412
243.393 -0.0177198 0.00405867 -11.5842 11.5781 -0.00613976
243.404 -0.0177203 0.00405852 -11.5862 11.58 -0.00613562
243.416 -0.0177205 0.00405815 -11.5881 11.582 -0.0061315
243.427 -0.0177207 0.00405802 -11.5901 11.5839 -0.00612717
243.438 -0.0177204 0.00405787 -11.592 11.5859 -0.00612371
243.449 -0.0177204 0.00405798 -11.5939 11.5878 -0.00611984
243.461 -0.0177206 0.00405827 -11.5958 11.5897 -0.00611568
243.472 -0.01772 0.00405842 -11.5977 11.5915 -0.00611165
243.483 -0.0177197 0.00405855 -11.5995 11.5934 -0.00610758
243.494 -0.0177191 0.0040586 -11.6013 11.5952 -0.00610302
243.506 -0.0177183 0.00405862 -11.6031 11.597 -0.0060989
243.517 -0.0177181 0.00405863 -11.6049 11.5988 -0.00609429
243.528 -0.0177173 0.00405837 -11.6067 11.6006 -0.00608999
243.539 -0.0177167 0.0040588 -11.6085 11.6024 -0.00608559
243.551 -0.0177159 0.00405896 -11.6103 11.6042 -0.00608123
243.562 -0.0177155 0.00405947 -11.6121 11.606 -0.00607677
243.573 -0.0177152 0.0040602 -11.6138 11.6077 -0.00607261
243.584 -0.0177146 0.00406112 -11.6156 11.6095 -0.00606929
243.596 -0.0177139 0.00406256 -11.6173 11.6112 -0.00606657
243.607 -0.017713 0.00406378 -11.619 11.6129 -0.00606398
243.618 -0.0177121 0.00406474 -11.6206 11.6146 -0.00606184
243.629 -0.0177112 0.0040657 -11.6223 11.6162 -0.00605897
243.64 -0.0177106 0.00406669 -11.6239 11.6178 -0.00605597
243.652 -0.0177101 0.00406782 -11.6255 11.6195 -0.00605327
243.663 -0.01771 0.00406871 -11.6271 11.621 -0.00604994
243.674 -0.0177098 0.00406914 -11.6286 11.6226 -0.00604646
243.685 -0.0177094 0.00406974 -11.6302 11.6242 -0.0060436
243.697 -0.0177096 0.00407054 -11.6318 11.6257 -0.00604029
243.708 -0.0177096 0.00407127 -11.6333 11.6272 -0.00603719
243.719 -0.0177097 0.00407213 -11.6348 11.6288 -0.00603404
243.73 -0.0177096 0.00407359 -11.6363 11.6302 -0.00603022
243.742 -0.0177098 0.00407411 -11.6378 11.6317 -0.00602625
243.753 -0.0177097 0.00407503 -11.6392 11.6332 -0.00602193
243.764 -0.0177098 0.00407611 -11.6407 11.6347 -0.00601753
243.775 -0.0177101 0.00407734 -11.6422 11.6361 -0.00601282
243.787 -0.0177105 0.00407843 -11.6436 11.6376 -0.00600893
243.798 -0.0177108 0.00407924 -11.645 11.639 -0.00600475
243.809 -0.0177113 0.00408009 -11.6465 11.6405 -0.00600084
243.82 -0.0177117 0.00408056 -11.6479 11.6419 -0.00599634
243.831 -0.017712 0.004081 -11.6493 11.6433 -0.00599213
243.843 -0.0177123 0.00408142 -11.6506 11.6447 -0.00598784
243.854 -0.0177122 0.00408126 -11.652 11.646 -0.00598467
243.865 -0.017712 0.00408181 -11.6533 11.6474 -0.00598189
243.876 -0.0177118 0.0040823 -11.6546 11.6486 -0.0059787
243.888 -0.0177118 0.00408287 -11.6559 11.6499 -0.00597544
243.899 -0.0177121 0.00408307 -11.6571 11.6512 -0.00597159
243.91 -0.0177125 0.00408344 -11.6584 11.6524 -0.00596793
243.921 -0.0177128 0.00408368 -11.6596 11.6536 -0.00596442
243.933 -0.0177127 0.00408435 -11.6608 11.6548 -0.00596189
243.944 -0.0177122 0.00408496 -11.662 11.656 -0.00595888
243.955 -0.0177118 0.00408616 -11.6631 11.6572 -0.00595593
243.966 -0.0177114 0.00408683 -11.6643 11.6583 -0.00595253
243.978 -0.0177113 0.0040872 -11.6654 11.6595 -0.00594897
243.989 -0.0177113 0.00408695 -11.6666 11.6606 -0.00594497
244 -0.0177107 0.00408717 -11.6677 11.6618 -0.00594124
244.011 -0.0177105 0.00408785 -11.6688 11.6629 -0.0059377
244.022 -0.0177104 0.00408847 -11.67 11.6641 -0.00593372
244.034 -0.0177104 0.00408902 -11.6711 11.6652 -0.00592947
244.045 -0.0177108 0.00408992 -11.6723 11.6664 -0.0059256
244.056 -0.0177109 0.00409011 -11.6735 11.6676 -0.00592266
244.067 -0.0177108 0.00409084 -11.6747 11.6688 -0.00591987
244.079 -0.017711 0.00409121 -11.6759 11.6699 -0.00591695
244.09 -0.0177113 0.00409159 -11.677 11.6711 -0.00591431
244.101 -0.0177115 0.0040918 -11.6782 11.6723 -0.00591118
244.112 -0.0177121 0.00409236 -11.6794 11.6734 -0.00590825
244.124 -0.0177123 0.00409328 -11.6805 11.6746 -0.00590611
244.135 -0.0177124 0.00409411 -11.6817 11.6758 -0.00590346
244.146 -0.0177126 0.00409465 -11.6829 11.677 -0.00590118
244.157 -0.0177125 0.00409521 -11.684 11.6781 -0.00589874
244.169 -0.0177128 0.00409601 -11.6852 11.6793 -0.00589582
244.18 -0.0177132 0.00409718 -11.6863 11.6804 -0.00589278
244.191 -0.0177137 0.0040981 -11.6875 11.6816 -0.00588926
244.202 -0.0177143 0.00409925 -11.6887 11.6828 -0.00588478
244.213 -0.0177151 0.00410031 -11.6898 11.684 -0.00588041
244.225 -0.0177153 0.00410112 -11.6911 11.6852 -0.00587656
244.236 -0.0177157 0.00410262 -11.6923 11.6864 -0.00587188
244.247 -0.0177162 0.00410359 -11.6935 11.6876 -0.00586755
244.258 -0.0177167 0.00410447 -11.6947 11.6889 -0.00586362
244.27 -0.0177167 0.00410511 -11.696 11.6901 -0.00585942
244.281 -0.0177169 0.00410591 -11.6972 11.6914 -0.00585504
244.292 -0.0177171 0.00410693 -11.6985 11.6926 -0.00585113
244.303 -0.0177172 0.00410769 -11.6997 11.6939 -0.00584752
244.315 -0.0177176 0.00410832 -11.701 11.6951 -0.00584386
244.326 -0.0177179 0.00410864 -11.7022 11.6964 -0.00584016
244.337 -0.0177176 0.00410899 -11.7035 11.6977 -0.00583593
244.348 -0.0177174 0.00410963 -11.7048 11.6989 -0.00583252
244.36 -0.0177174 0.00411046 -11.706 11.7002 -0.00582996
244.371 -0.0177171 0.00411121 -11.7072 11.7014 -0.00582675
244.382 -0.0177167 0.0041119 -11.7085 11.7026 -0.00582385
244.393 -0.0177163 0.0041125 -11.7097 11.7039 -0.00582067
244.404 -0.017716 0.00411327 -11.7109 11.7051 -0.00581696
244.416 -0.0177159 0.00411455 -11.7121 11.7063 -0.0058125
244.427 -0.0177157 0.00411534 -11.7134 11.7076 -0.0058086
244.438 -0.0177154 0.00411653 -11.7146 11.7088 -0.00580522
244.449 -0.0177153 0.0041177 -11.7159 11.7101 -0.00580198
244.461 -0.017715 0.00411866 -11.7171 11.7113 -0.00579874
244.472 -0.0177151 0.00411973 -11.7183 11.7125 -0.00579524
244.483 -0.0177152 0.00412071 -11.7195 11.7138 -0.00579168
244.494 -0.0177156 0.00412161 -11.7208 11.715 -0.00578821
244.506 -0.0177163 0.00412255 -11.722 11.7162 -0.00578456
244.517 -0.0177166 0.0041229 -11.7233 11.7175 -0.00578143
244.528 -0.0177168 0.00412315 -11.7245 11.7188 -0.00577849
244.539 -0.0177168 0.00412351 -11.7258 11.72 -0.00577538
244.551 -0.0177171 0.00412445 -11.727 11.7213 -0.00577233
244.562 -0.0177175 0.00412503 -11.7283 11.7225 -0.0057694
244.573 -0.0177177 0.00412577 -11.7296 11.7238 -0.00576618
244.584 -0.0177179 0.00412603 -11.7308 11.7251 -0.00576258
244.596 -0.0177185 0.00412666 -11.7321 11.7264 -0.00575915
244.607 -0.0177184 0.00412729 -11.7334 11.7277 -0.00575562
244.618 -0.0177178 0.00412761 -11.7347 11.729 -0.00575265
244.629 -0.0177175 0.00412851 -11.736 11.7303 -0.00574945
244.64 -0.0177171 0.00412919 -11.7373 11.7316 -0.00574552
244.652 -0.0177169 0.00412994 -11.7387 11.7329 -0.00574155
244.663 -0.0177165 0.00413095 -11.74 11.7343 -0.00573782
244.674 -0.0177166 0.00413218 -11.7414 11.7357 -0.00573393
244.685 -0.0177164 0.00413307 -11.7428 11.7371 -0.00573017
244.697 -0.017716 0.00413361 -11.7442 11.7385 -0.00572645
244.708 -0.017716 0.0041342 -11.7456 11.7399 -0.00572186
244.719 -0.0177158 0.00413463 -11.7471 11.7414 -0.00571741
244.73 -0.0177153 0.00413496 -11.7485 11.7428 -0.00571305
244.742 -0.0177152 0.00413545 -11.75 11.7443 -0.00570856
244.753 -0.0177158 0.00413546 -11.7515 11.7458 -0.00570379
244.764 -0.0177154 0.00413528 -11.753 11.7473 -0.00570035
244.775 -0.0177152 0.00413542 -11.7545 11.7488 -0.00569664
244.787 -0.0177149 0.0041358 -11.7561 11.7504 -0.0056932
244.798 -0.0177149 0.00413633 -11.7576 11.7519 -0.00568941
244.809 -0.0177153 0.00413657 -11.7591 11.7534 -0.00568535
244.82 -0.0177159 0.00413722 -11.7606 11.7549 -0.00568136
244.831 -0.0177168 0.00413844 -11.7621 11.7565 -0.0056776
244.843 -0.0177177 0.00413891 -11.7637 11.758 -0.0056733
244.854 -0.0177185 0.00413913 -11.7652 11.7596 -0.00566931
244.865 -0.0177192 0.00413919 -11.7668 11.7611 -0.00566505
244.876 -0.0177197 0.00413988 -11.7684 11.7627 -0.0056616
244.888 -0.0177197 0.00414017 -11.7699 11.7643 -0.00565835
244.899 -0.0177198 0.00414049 -11.7715 11.7658 -0.00565522
244.91 -0.0177196 0.00414088 -11.7731 11.7674 -0.00565104
244.921 -0.0177195 0.00414189 -11.7746 11.769 -0.00564791
244.933 -0.0177187 0.00414242 -11.7762 11.7705 -0.00564391
244.944 -0.0177179 0.00414252 -11.7778 11.7721 -0.00564005
244.955 -0.0177173 0.0041428 -11.7793 11.7737 -0.00563635
244.966 -0.0177169 0.00414307 -11.7809 11.7753 -0.00563241
244.978 -0.0177167 0.00414364 -11.7825 11.7769 -0.00562816
244.989 -0.0177164 0.00414395 -11.7841 11.7785 -0.00562413
245 -0.0177164 0.00414452 -11.7858 11.7801 -0.00562029
245.011 -0.0177161 0.00414494 -11.7874 11.7818 -0.00561603
245.022 -0.0177161 0.00414515 -11.7891 11.7834 -0.00561172
245.034 -0.0177164 0.00414557 -11.7907 11.7851 -0.00560784
245.045 -0.0177161 0.00414582 -11.7924 11.7868 -0.00560367
245.056 -0.0177161 0.00414599 -11.7941 11.7885 -0.00559965
245.067 -0.0177162 0.00414662 -11.7959 11.7903 -0.00559528
245.079 -0.0177162 0.00414743 -11.7976 11.792 -0.00559039
245.09 -0.0177164 0.00414818 -11.7994 11.7938 -0.00558542
245.101 -0.0177163 0.00414867 -11.8012 11.7956 -0.00558027
245.112 -0.0177162 0.00414948 -11.803 11.7975 -0.00557552
245.124 -0.0177156 0.00414985 -11.8049 11.7993 -0.00557158
245.135 -0.0177154 0.0041499 -11.8067 11.8011 -0.00556792
245.146 -0.0177151 0.00415015 -11.8085 11.803 -0.00556423
245.157 -0.0177151 0.00415028 -11.8103 11.8048 -0.00556079
245.169 -0.017715 0.00415033 -11.8122 11.8066 -0.00555734
245.18 -0.0177147 0.00415054 -11.814 11.8084 -0.0055541
245.191 -0.0177146 0.00415089 -11.8158 11.8102 -0.0055511
245.202 -0.017715 0.00415147 -11.8176 11.812 -0.00554849
245.213 -0.0177158 0.00415184 -11.8193 11.8138 -0.00554526
245.225 -0.0177164 0.00415263 -11.8211 11.8155 -0.00554226
245.236 -0.0177172 0.00415315 -11.8228 11.8173 -0.0055399
245.247 -0.0177184 0.00415392 -11.8246 11.819 -0.00553689
245.258 -0.0177196 0.00415497 -11.8263 11.8208 -0.00553367
245.27 -0.0177211 0.00415581 -11.828 11.8225 -0.00553035
245.281 -0.017722 0.00415632 -11.8298 11.8242 -0.00552729
245.292 -0.0177231 0.00415698 -11.8315 11.8259 -0.00552451
245.303 -0.0177241 0.00415789 -11.8332 11.8276 -0.00552174
245.315 -0.0177247 0.00415898 -11.8348 11.8293 -0.00551913
245.326 -0.0177249 0.00416046 -11.8365 11.831 -0.00551642
245.337 -0.0177247 0.00416191 -11.8381 11.8326 -0.00551407
245.348 -0.0177242 0.00416296 -11.8398 11.8343 -0.00551166
245.36 -0.017724 0.00416444 -11.8414 11.8359 -0.00550962
245.371 -0.0177239 0.00416619 -11.843 11.8375 -0.00550716
245.382 -0.0177243 0.00416742 -11.8445 11.839 -0.00550291
245.393 -0.0177245 0.00416868 -11.8461 11.8406 -0.00549845
245.404 -0.017725 0.00417018 -11.8478 11.8423 -0.00549424
245.416 -0.0177255 0.00417164 -11.8494 11.8439 -0.00548971
245.427 -0.017726 0.00417256 -11.8511 11.8456 -0.00548501
245.438 -0.0177266 0.0041734 -11.8527 11.8473 -0.0054805
245.449 -0.0177272 0.00417466 -11.8544 11.849 -0.00547612
245.461 -0.017728 0.0041762 -11.8561 11.8507 -0.00547182
245.472 -0.0177279 0.00417785 -11.8579 11.8524 -0.00546766
245.483 -0.0177271 0.00417923 -11.8596 11.8542 -0.00546404
245.494 -0.0177266 0.0041807 -11.8614 11.8559 -0.00546055
245.506 -0.0177261 0.00418214 -11.8631 11.8577 -0.00545721
245.517 -0.0177259 0.00418339 -11.8648 11.8594 -0.00545356
245.528 -0.0177258 0.00418471 -11.8666 11.8611 -0.00545029
245.539 -0.0177259 0.00418592 -11.8683 11.8629 -0.00544712
245.551 -0.0177259 0.0041871 -11.87 11.8646 -0.00544397
245.562 -0.0177262 0.00418829 -11.8718 11.8663 -0.00544147
245.573 -0.0177266 0.00418971 -11.8735 11.868 -0.00543935
245.584 -0.0177274 0.00419117 -11.8751 11.8697 -0.00543665
245.596 -0.0177282 0.00419231 -11.8768 11.8714 -0.00543431
245.607 -0.0177294 0.00419372 -11.8785 11.873 -0.00543186
245.618 -0.0177306 0.00419478 -11.8801 11.8747 -0.00542899
245.629 -0.0177314 0.00419574 -11.8817 11.8763 -0.00542581
245.64 -0.0177324 0.00419701 -11.8833 11.8779 -0.00542294
245.652 -0.0177331 0.00419809 -11.8849 11.8795 -0.00541979
245.663 -0.0177337 0.00419903 -11.8865 11.881 -0.00541635
245.674 -0.0177339 0.00420019 -11.888 11.8826 -0.00541287
245.685 -0.0177343 0.00420142 -11.8896 11.8842 -0.00540915
245.697 -0.0177348 0.00420275 -11.8911 11.8857 -0.00540589
245.708 -0.0177354 0.00420388 -11.8926 11.8872 -0.00540287
245.719 -0.0177358 0.00420524 -11.8941 11.8887 -0.00539946
245.73 -0.0177363 0.00420665 -11.8957 11.8903 -0.00539613
245.742 -0.017737 0.00420788 -11.8972 11.8918 -0.0053933
245.753 -0.0177377 0.00420891 -11.8987 11.8933 -0.00539035
245.764 -0.0177384 0.00421018 -11.9002 11.8948 -0.00538771
245.775 -0.0177388 0.00421198 -11.9016 11.8963 -0.00538502
245.787 -0.0177394 0.00421345 -11.9031 11.8977 -0.00538173
245.798 -0.0177398 0.00421473 -11.9045 11.8992 -0.00537851
245.809 -0.0177402 0.0042163 -11.906 11.9006 -0.00537512
245.82 -0.0177401 0.00421782 -11.9074 11.902 -0.00537192
245.831 -0.0177402 0.00421957 -11.9088 11.9034 -0.00536896
245.843 -0.0177405 0.0042213 -11.9102 11.9049 -0.00536622
245.854 -0.0177408 0.00422292 -11.9116 11.9062 -0.00536294
245.865 -0.0177407 0.00422399 -11.9129 11.9076 -0.00535995
245.876 -0.0177409 0.0042253 -11.9143 11.909 -0.00535766
245.888 -0.0177407 0.00422603 -11.9156 11.9103 -0.0053545
245.899 -0.0177405 0.00422681 -11.917 11.9116 -0.00535102
245.91 -0.0177404 0.00422797 -11.9183 11.9129 -0.00534813
245.921 -0.0177404 0.00422903 -11.9195 11.9142 -0.00534534
245.933 -0.0177406 0.00422988 -11.9208 11.9154 -0.00534212
245.944 -0.0177407 0.0042305 -11.922 11.9167 -0.00533924
245.955 -0.0177408 0.00423118 -11.9232 11.9179 -0.00533613
245.966 -0.017741 0.00423188 -11.9244 11.9191 -0.00533349
245.978 -0.0177416 0.00423273 -11.9256 11.9202 -0.00533004
245.989 -0.0177423 0.00423356 -11.9267 11.9214 -0.00532646
246 -0.0177429 0.0042344 -11.9278 11.9225 -0.00532313
246.011 -0.0177436 0.00423494 -11.9289 11.9236 -0.00532005
246.022 -0.0177442 0.00423572 -11.93 11.9247 -0.0053169
246.034 -0.0177444 0.00423628 -11.931 11.9257 -0.00531333
246.045 -0.0177447 0.00423696 -11.9321 11.9267 -0.00531018
246.056 -0.0177447 0.00423783 -11.933 11.9277 -0.00530764
246.067 -0.0177447 0.00423871 -11.934 11.9287 -0.00530508
246.079 -0.0177448 0.00423948 -11.9349 11.9296 -0.00530269
246.09 -0.0177446 0.0042407 -11.9358 11.9305 -0.00529963
246.101 -0.0177446 0.00424204 -11.9366 11.9314 -0.00529665
246.112 -0.0177449 0.00424307 -11.9375 11.9322 -0.00529425
246.124 -0.0177452 0.00424374 -11.9383 11.933 -0.00529122
246.135 -0.0177456 0.00424457 -11.9391 11.9338 -0.00528814
246.146 -0.0177463 0.00424573 -11.9399 11.9346 -0.00528504
246.157 -0.0177467 0.00424693 -11.9406 11.9354 -0.00528147
246.169 -0.0177468 0.00424772 -11.9414 11.9361 -0.00527782
246.18 -0.0177473 0.0042487 -11.9421 11.9368 -0.00527437
246.191 -0.0177474 0.00424995 -11.9428 11.9375 -0.00527048
246.202 -0.0177476 0.00425136 -11.9435 11.9382 -0.00526662
246.213 -0.017748 0.00425251 -11.9441 11.9389 -0.0052628
246.225 -0.0177481 0.00425305 -11.9448 11.9395 -0.00525856
246.236 -0.0177482 0.0042536 -11.9454 11.9402 -0.00525447
246.247 -0.0177484 0.00425467 -11.946 11.9408 -0.00525144
246.258 -0.0177488 0.00425558 -11.9466 11.9414 -0.00524807
246.27 -0.0177493 0.00425683 -11.9472 11.942 -0.00524476
246.281 -0.0177491 0.00425736 -11.9478 11.9425 -0.00524258
246.292 -0.0177494 0.00425823 -11.9482 11.943 -0.00524007
246.303 -0.0177495 0.00425867 -11.9487 11.9435 -0.00523746
246.315 -0.0177497 0.00425898 -11.9492 11.944 -0.00523525
246.326 -0.0177499 0.00425907 -11.9496 11.9444 -0.00523274
246.337 -0.0177504 0.00425853 -11.9499 11.9447 -0.00522976
246.348 -0.0177509 0.00425807 -11.9503 11.9451 -0.00522734
246.36 -0.0177515 0.00425777 -11.9506 11.9453 -0.00522393
246.371 -0.0177523 0.00425804 -11.9508 11.9456 -0.00522032
246.382 -0.0177528 0.00425815 -11.9511 11.9458 -0.00521732
246.393 -0.0177542 0.00425884 -11.9512 11.946 -0.00521314
246.404 -0.017755 0.00425936 -11.9514 11.9462 -0.00520934
246.416 -0.0177557 0.00426042 -11.9516 11.9464 -0.00520602
246.427 -0.0177564 0.00426155 -11.9517 11.9465 -0.0052026
246.438 -0.0177573 0.00426284 -11.9518 11.9466 -0.00519907
246.449 -0.0177581 0.00426416 -11.9519 11.9468 -0.00519619
246.461 -0.0177586 0.00426547 -11.952 11.9468 -0.00519252
246.472 -0.0177594 0.00426668 -11.952 11.9468 -0.00518905
246.483 -0.0177603 0.00426779 -11.952 11.9468 -0.00518556
246.494 -0.0177609 0.00426857 -11.952 11.9468 -0.00518209
246.506 -0.0177614 0.00426921 -11.9519 11.9467 -0.00517837
246.517 -0.0177622 0.00426985 -11.9518 11.9466 -0.00517532
246.528 -0.0177626 0.00427031 -11.9516 11.9464 -0.00517162
246.539 -0.017763 0.00427115 -11.9514 11.9463 -0.00516827
246.551 -0.0177631 0.00427175 -11.9512 11.946 -0.00516463
246.562 -0.0177632 0.00427229 -11.9509 11.9458 -0.00516049
246.573 -0.0177639 0.00427323 -11.9507 11.9455 -0.00515644
246.584 -0.0177647 0.00427417 -11.9504 11.9453 -0.00515252
246.596 -0.0177655 0.00427513 -11.9501 11.9449 -0.00514808
246.607 -0.0177663 0.00427634 -11.9497 11.9446 -0.00514358
246.618 -0.0177675 0.0042773 -11.9494 11.9443 -0.00513907
246.629 -0.0177686 0.00427835 -11.949 11.9439 -0.00513432
246.64 -0.0177698 0.0042795 -11.9487 11.9435 -0.00513046
246.652 -0.0177708 0.00428044 -11.9483 11.9432 -0.00512666
246.663 -0.017772 0.00428112 -11.9478 11.9427 -0.00512243
246.674 -0.0177733 0.00428191 -11.9474 11.9423 -0.00511898
246.685 -0.0177748 0.0042825 -11.9469 11.9418 -0.00511572
246.697 -0.0177761 0.00428267 -11.9464 11.9413 -0.0051123
246.708 -0.0177774 0.00428288 -11.9458 11.9407 -0.00510869
246.719 -0.0177787 0.00428345 -11.9453 11.9401 -0.0051056
246.73 -0.0177797 0.00428313 -11.9446 11.9395 -0.00510186
246.742 -0.0177805 0.00428289 -11.944 11.9389 -0.00509793
246.753 -0.0177816 0.00428273 -11.9433 11.9382 -0.00509473
246.764 -0.017782 0.00428268 -11.9426 11.9375 -0.00509143
246.775 -0.0177821 0.0042825 -11.9418 11.9367 -0.00508803
246.787 -0.017782 0.00428199 -11.9411 11.936 -0.00508499
246.798 -0.0177825 0.00428191 -11.9402 11.9352 -0.00508129
246.809 -0.0177827 0.00428187 -11.9394 11.9343 -0.00507832
246.82 -0.0177833 0.00428212 -11.9386 11.9335 -0.00507561
246.831 -0.0177834 0.00428194 -11.9377 11.9326 -0.00507241
246.843 -0.0177837 0.00428181 -11.9367 11.9317 -0.00506913
246.854 -0.0177848 0.00428215 -11.9358 11.9307 -0.00506563
246.865 -0.0177853 0.00428287 -11.9349 11.9298 -0.0050615
246.876 -0.0177859 0.00428381 -11.9339 11.9288 -0.00505713
246.888 -0.0177869 0.00428465 -11.9329 11.9279 -0.00505356
246.899 -0.0177879 0.00428509 -11.9319 11.9269 -0.00504972
246.91 -0.0177889 0.00428557 -11.9309 11.9258 -0.00504629
246.921 -0.01779 0.00428645 -11.9299 11.9248 -0.00504337
246.933 -0.0177908 0.004287 -11.9288 11.9237 -0.00504026
246.944 -0.0177918 0.00428747 -11.9277 11.9226 -0.00503714
246.955 -0.0177925 0.00428811 -11.9266 11.9215 -0.0050338
246.966 -0.0177936 0.00428857 -11.9255 11.9204 -0.00503046
246.978 -0.0177947 0.00428893 -11.9243 11.9193 -0.00502702
246.989 -0.0177951 0.00429015 -11.9232 11.9181 -0.00502329
247 -0.0177956 0.00429095 -11.922 11.917 -0.00501883
247.011 -0.0177964 0.00429192 -11.9208 11.9158 -0.00501482
247.022 -0.0177972 0.00429281 -11.9197 11.9147 -0.00501103
247.034 -0.0177984 0.00429378 -11.9185 11.9135 -0.00500636
247.045 -0.0177993 0.00429436 -11.9173 11.9123 -0.00500159
247.056 -0.0178 0.00429551 -11.9162 11.9112 -0.00499771
247.067 -0.0178012 0.00429642 -11.915 11.91 -0.00499311
247.079 -0.017802 0.00429714 -11.9138 11.9088 -0.00498878
247.09 -0.0178031 0.00429783 -11.9126 11.9076 -0.00498498
247.101 -0.0178043 0.00429832 -11.9114 11.9064 -0.00498027
247.112 -0.0178051 0.00429874 -11.9102 11.9052 -0.00497569
247.124 -0.0178065 0.00429867 -11.909 11.904 -0.0049705
247.135 -0.0178084 0.00429884 -11.9078 11.9028 -0.00496529
247.146 -0.0178098 0.00429895 -11.9066 11.9016 -0.00495986
247.157 -0.0178111 0.0042991 -11.9054 11.9004 -0.00495516
247.169 -0.0178131 0.00429931 -11.9042 11.8992 -0.00495021
247.18 -0.0178149 0.00429987 -11.903 11.8981 -0.00494557
247.191 -0.0178166 0.00430083 -11.9018 11.8969 -0.00494064
247.202 -0.0178184 0.00430167 -11.9006 11.8957 -0.00493507
247.213 -0.01782 0.00430218 -11.8995 11.8946 -0.00493051
247.225 -0.0178211 0.00430336 -11.8983 11.8934 -0.00492668
247.236 -0.0178225 0.00430469 -11.8972 11.8922 -0.00492252
247.247 -0.0178235 0.00430572 -11.896 11.8911 -0.00491853
247.258 -0.0178242 0.00430652 -11.8948 11.8899 -0.00491536
247.27 -0.0178248 0.00430701 -11.8936 11.8887 -0.00491181
247.281 -0.0178254 0.00430729 -11.8925 11.8876 -0.00490864
247.292 -0.0178268 0.00430755 -11.8913 11.8864 -0.00490546
247.303 -0.0178283 0.00430805 -11.8901 11.8852 -0.0049017
247.315 -0.0178294 0.0043081 -11.8889 11.884 -0.00489854
247.326 -0.0178306 0.00430824 -11.8878 11.8829 -0.00489615
247.337 -0.0178318 0.00430835 -11.8866 11.8817 -0.00489312
247.348 -0.0178328 0.00430839 -11.8854 11.8805 -0.00489038
247.36 -0.0178337 0.00430885 -11.8843 11.8794 -0.00488701
247.371 -0.0178348 0.00430919 -11.8831 11.8782 -0.00488329
247.382 -0.0178357 0.00430907 -11.882 11.8771 -0.00487971
247.393 -0.0178368 0.00430906 -11.8809 11.876 -0.00487672
247.404 -0.0178377 0.00430869 -11.8797 11.8749 -0.00487294
247.416 -0.017838 0.00430806 -11.8786 11.8738 -0.00486951
247.427 -0.0178386 0.00430807 -11.8776 11.8727 -0.00486484
247.438 -0.0178392 0.00430847 -11.8765 11.8716 -0.00485986
247.449 -0.0178398 0.00430902 -11.8755 11.8706 -0.00485508
247.461 -0.0178405 0.00430956 -11.8745 11.8696 -0.00485067
247.472 -0.0178413 0.00431 -11.8735 11.8686 -0.00484623
247.483 -0.017842 0.00431062 -11.8725 11.8677 -0.00484189
247.494 -0.0178426 0.00431148 -11.8716 11.8667 -0.00483805
247.506 -0.0178437 0.00431255 -11.8706 11.8658 -0.00483373
247.517 -0.0178444 0.0043137 -11.8697 11.8648 -0.00482971
247.528 -0.0178452 0.00431488 -11.8688 11.8639 -0.00482582
247.539 -0.0178461 0.00431607 -11.8678 11.863 -0.0048218
247.551 -0.0178467 0.00431738 -11.8669 11.8621 -0.00481792
247.562 -0.0178473 0.00431894 -11.8661 11.8613 -0.00481434
247.573 -0.0178481 0.00431991 -11.8652 11.8604 -0.00481029
247.584 -0.0178486 0.00432079 -11.8644 11.8596 -0.00480657
247.596 -0.0178494 0.00432132 -11.8635 11.8587 -0.00480212
247.607 -0.0178503 0.00432158 -11.8627 11.8579 -0.00479762
247.618 -0.0178511 0.00432194 -11.8619 11.8571 -0.00479374
247.629 -0.017852 0.00432228 -11.8611 11.8563 -0.00478972
247.64 -0.017853 0.0043227 -11.8603 11.8555 -0.00478519
247.652 -0.0178542 0.00432337 -11.8595 11.8547 -0.00478077
247.663 -0.0178554 0.00432417 -11.8588 11.854 -0.00477632
247.674 -0.0178564 0.00432461 -11.858 11.8533 -0.00477119
247.685 -0.0178579 0.00432511 -11.8573 11.8526 -0.00476631
247.697 -0.0178591 0.00432512 -11.8567 11.8519 -0.0047618
247.708 -0.0178608 0.00432501 -11.856 11.8513 -0.00475679
247.719 -0.0178623 0.00432476 -11.8554 11.8506 -0.00475178
247.73 -0.0178636 0.00432484 -11.8548 11.8501 -0.00474702
247.742 -0.0178649 0.00432479 -11.8542 11.8495 -0.00474176
247.753 -0.0178662 0.00432494 -11.8537 11.8489 -0.00473692
247.764 -0.0178675 0.00432472 -11.8532 11.8484 -0.00473197
247.775 -0.0178688 0.00432475 -11.8527 11.848 -0.00472668
247.787 -0.0178697 0.00432503 -11.8522 11.8475 -0.00472193
247.798 -0.0178711 0.00432492 -11.8518 11.8471 -0.00471713
247.809 -0.0178727 0.00432475 -11.8514 11.8467 -0.00471116
247.82 -0.0178737 0.0043247 -11.851 11.8463 -0.00470567
247.831 -0.0178748 0.00432423 -11.8507 11.846 -0.00470053
247.843 -0.0178762 0.00432386 -11.8504 11.8457 -0.00469464
247.854 -0.0178775 0.00432375 -11.8501 11.8454 -0.00468957
247.865 -0.0178788 0.00432318 -11.8499 11.8452 -0.00468433
247.876 -0.0178801 0.0043226 -11.8496 11.8449 -0.00467871
247.888 -0.0178814 0.00432223 -11.8494 11.8447 -0.00467342
247.899 -0.017883 0.00432189 -11.8492 11.8445 -0.00466868
247.91 -0.0178843 0.00432138 -11.8489 11.8443 -0.00466371
247.921 -0.0178857 0.00432122 -11.8488 11.8441 -0.00465903
247.933 -0.0178871 0.00432081 -11.8486 11.8439 -0.00465457
247.944 -0.0178883 0.00432016 -11.8484 11.8438 -0.00464982
247.955 -0.0178897 0.00431961 -11.8483 11.8436 -0.00464509
247.966 -0.017891 0.00431903 -11.8482 11.8435 -0.0046408
247.978 -0.0178924 0.00431871 -11.848 11.8434 -0.00463628
247.989 -0.0178939 0.0043183 -11.8479 11.8433 -0.00463157
248 -0.0178952 0.00431795 -11.8478 11.8432 -0.00462713
248.011 -0.0178967 0.00431768 -11.8477 11.8431 -0.00462199
248.022 -0.0178981 0.00431726 -11.8476 11.843 -0.00461698
248.034 -0.0178996 0.00431699 -11.8475 11.8429 -0.00461199
248.045 -0.0179012 0.00431661 -11.8474 11.8428 -0.00460694
248.056 -0.0179029 0.00431637 -11.8473 11.8427 -0.00460187
248.067 -0.0179043 0.00431582 -11.8473 11.8427 -0.00459732
248.079 -0.017906 0.00431579 -11.8472 11.8426 -0.00459231
248.09 -0.0179079 0.00431569 -11.8471 11.8425 -0.00458739
248.101 -0.0179097 0.00431499 -11.847 11.8425 -0.00458255
248.112 -0.0179116 0.00431473 -11.8469 11.8424 -0.00457745
248.124 -0.0179132 0.00431405 -11.8469 11.8423 -0.00457282
248.135 -0.017915 0.00431341 -11.8468 11.8422 -0.00456847
248.146 -0.0179164 0.00431303 -11.8467 11.8421 -0.00456377
248.157 -0.0179178 0.00431287 -11.8466 11.8421 -0.004559
248.169 -0.0179194 0.00431282 -11.8465 11.842 -0.00455422
248.18 -0.017921 0.00431253 -11.8464 11.8419 -0.00454937
248.191 -0.0179228 0.00431201 -11.8463 11.8418 -0.00454472
248.202 -0.0179246 0.00431173 -11.8462 11.8417 -0.00454038
248.213 -0.0179265 0.00431144 -11.8461 11.8415 -0.004536
248.225 -0.0179285 0.00431124 -11.8459 11.8414 -0.0045318
248.236 -0.0179301 0.004311 -11.8458 11.8412 -0.00452787
248.247 -0.0179322 0.00431075 -11.8456 11.8411 -0.00452362
248.258 -0.0179341 0.00431053 -11.8454 11.8409 -0.00451966
248.27 -0.0179349 0.00431099 -11.8452 11.8407 -0.00451514
248.281 -0.0179358 0.00431145 -11.845 11.8405 -0.0045106
248.292 -0.0179373 0.00431209 -11.8447 11.8402 -0.00450649
248.303 -0.0179388 0.00431266 -11.8445 11.84 -0.00450255
248.315 -0.0179396 0.00431367 -11.8443 11.8398 -0.00449805
248.326 -0.0179407 0.00431464 -11.844 11.8395 -0.00449352
248.337 -0.0179416 0.0043156 -11.8437 11.8392 -0.00448936
248.348 -0.0179421 0.00431664 -11.8434 11.8389 -0.00448527
248.36 -0.017943 0.00431739 -11.843 11.8385 -0.00448086
248.371 -0.0179435 0.00431803 -11.8426 11.8381 -0.00447698
248.382 -0.0179443 0.00431895 -11.8422 11.8377 -0.00447318
248.393 -0.0179449 0.00431937 -11.8418 11.8373 -0.00446934
248.404 -0.0179461 0.00432011 -11.8413 11.8369 -0.00446544
248.416 -0.0179469 0.00432064 -11.8409 11.8364 -0.00446112
248.427 -0.0179471 0.00432134 -11.8403 11.8359 -0.00445696
248.438 -0.0179482 0.00432164 -11.8398 11.8354 -0.00445265
248.449 -0.0179487 0.00432187 -11.8393 11.8348 -0.00444841
248.461 -0.0179488 0.00432221 -11.8387 11.8342 -0.00444478
248.472 -0.0179494 0.00432267 -11.838 11.8336 -0.00444083
248.483 -0.0179497 0.00432323 -11.8374 11.833 -0.00443699
248.494 -0.0179499 0.00432364 -11.8367 11.8323 -0.00443341
248.506 -0.0179502 0.00432367 -11.836 11.8316 -0.00442953
248.517 -0.0179503 0.00432392 -11.8352 11.8308 -0.00442555
248.528 -0.0179505 0.00432401 -11.8345 11.83 -0.00442159
248.539 -0.0179507 0.00432362 -11.8336 11.8292 -0.00441692
248.551 -0.0179505 0.00432324 -11.8328 11.8283 -0.00441252
248.562 -0.01795 0.0043228 -11.8318 11.8274 -0.00440816
248.573 -0.0179496 0.00432227 -11.8309 11.8265 -0.00440351
248.584 -0.0179493 0.00432219 -11.8299 11.8255 -0.00439853
248.596 -0.0179491 0.00432247 -11.8289 11.8245 -0.00439372
248.607 -0.0179485 0.0043223 -11.8279 11.8235 -0.00438929
248.618 -0.0179476 0.00432183 -11.8268 11.8224 -0.00438492
248.629 -0.0179474 0.00432216 -11.8256 11.8213 -0.00438064
248.64 -0.0179477 0.004323 -11.8245 11.8201 -0.00437603
248.652 -0.0179476 0.00432346 -11.8232 11.8189 -0.00437084
248.663 -0.0179466 0.00432364 -11.822 11.8176 -0.00436613
248.674 -0.0179462 0.00432418 -11.8207 11.8163 -0.00436124
248.685 -0.0179456 0.00432387 -11.8193 11.8149 -0.00435612
248.697 -0.0179454 0.00432478 -11.8179 11.8135 -0.0043507
248.708 -0.017945 0.00432573 -11.8165 11.8121 -0.00434604
248.719 -0.0179448 0.00432661 -11.815 11.8106 -0.00434084
248.73 -0.017945 0.00432742 -11.8134 11.8091 -0.00433576
248.742 -0.0179459 0.00432802 -11.8119 11.8075 -0.00433053
248.753 -0.0179467 0.00432853 -11.8102 11.8059 -0.00432508
248.764 -0.0179477 0.00432897 -11.8086 11.8043 -0.00431988
248.775 -0.0179489 0.00432916 -11.8069 11.8026 -0.00431552
248.787 -0.0179499 0.00432897 -11.8051 11.8008 -0.00430983
248.798 -0.0179512 0.00432861 -11.8033 11.799 -0.00430433
248.809 -0.0179524 0.00432808 -11.8015 11.7972 -0.00429912
248.82 -0.0179531 0.00432758 -11.7996 11.7953 -0.0042935
248.831 -0.0179543 0.00432748 -11.7977 11.7934 -0.00428878
248.843 -0.0179556 0.00432713 -11.7958 11.7915 -0.0042841
248.854 -0.0179565 0.00432675 -11.7938 11.7895 -0.00427849
248.865 -0.0179575 0.00432666 -11.7917 11.7874 -0.00427361
248.876 -0.0179582 0.00432651 -11.7896 11.7854 -0.00426855
248.888 -0.017959 0.0043268 -11.7875 11.7832 -0.00426358
248.899 -0.0179598 0.00432676 -11.7853 11.781 -0.00425913
248.91 -0.017961 0.00432728 -11.7831 11.7788 -0.00425475
248.921 -0.0179623 0.00432764 -11.7808 11.7765 -0.00425051
248.933 -0.0179638 0.00432799 -11.7784 11.7742 -0.00424657
248.944 -0.0179653 0.0043281 -11.7761 11.7718 -0.00424323
248.955 -0.0179669 0.00432794 -11.7736 11.7693 -0.00423884
248.966 -0.0179683 0.00432783 -11.7711 11.7668 -0.00423463
248.978 -0.0179693 0.00432795 -11.7685 11.7643 -0.00423067
248.989 -0.0179704 0.00432782 -11.7659 11.7617 -0.00422647
249 -0.0179714 0.00432782 -11.7632 11.759 -0.00422186
249.011 -0.017972 0.00432833 -11.7605 11.7563 -0.00421814
249.022 -0.0179726 0.00432864 -11.7577 11.7535 -0.00421404
249.034 -0.0179731 0.00432917 -11.7549 11.7507 -0.00421016
249.045 -0.0179737 0.00432971 -11.752 11.7478 -0.0042064
249.056 -0.0179743 0.00433024 -11.7491 11.7449 -0.00420223
249.067 -0.0179748 0.00433108 -11.7461 11.7419 -0.00419845
249.079 -0.0179755 0.0043316 -11.743 11.7389 -0.00419494
249.09 -0.0179761 0.00433187 -11.74 11.7358 -0.00419138
249.101 -0.0179765 0.00433172 -11.7368 11.7326 -0.00418803
249.112 -0.0179766 0.00433142 -11.7337 11.7295 -0.00418517
249.124 -0.0179766 0.00433073 -11.7304 11.7263 -0.00418207
249.135 -0.0179768 0.00433021 -11.7272 11.723 -0.00417954
249.146 -0.0179767 0.0043306 -11.7238 11.7196 -0.0041769
249.157 -0.0179766 0.00433097 -11.7204 11.7162 -0.00417355
249.169 -0.0179765 0.00433112 -11.7169 11.7128 -0.0041702
249.18 -0.0179767 0.00433127 -11.7134 11.7093 -0.00416703
249.191 -0.0179769 0.00433145 -11.7099 11.7057 -0.00416374
249.202 -0.017977 0.00433123 -11.7063 11.7022 -0.00416048
249.213 -0.0179773 0.00433106 -11.7027 11.6985 -0.0041575
249.225 -0.0179775 0.00433091 -11.699 11.6949 -0.00415383
249.236 -0.0179773 0.00433097 -11.6953 11.6912 -0.00415035
249.247 -0.0179768 0.00433117 -11.6916 11.6875 -0.00414758
249.258 -0.0179766 0.00433062 -11.6879 11.6837 -0.00414377
249.27 -0.0179762 0.00433043 -11.6841 11.68 -0.00413979
249.281 -0.0179756 0.00433047 -11.6803 11.6762 -0.00413652
249.292 -0.0179744 0.00433028 -11.6764 11.6723 -0.00413262
249.303 -0.0179741 0.00433025 -11.6726 11.6684 -0.00412903
249.315 -0.0179741 0.00433015 -11.6687 11.6645 -0.00412584
249.326 -0.0179745 0.00433067 -11.6647 11.6606 -0.00412136
249.337 -0.017975 0.00433079 -11.6607 11.6566 -0.00411777
249.348 -0.0179756 0.00433052 -11.6567 11.6526 -0.00411406
249.36 -0.0179765 0.00432976 -11.6526 11.6485 -0.0041107
249.371 -0.0179771 0.00432976 -11.6485 11.6444 -0.00410728
249.382 -0.0179774 0.00432972 -11.6443 11.6402 -0.00410442
249.393 -0.0179777 0.0043293 -11.6402 11.6361 -0.00410089
249.404 -0.0179777 0.00432886 -11.636 11.6319 -0.00409719
249.416 -0.0179777 0.00432908 -11.6317 11.6276 -0.00409434
249.427 -0.0179778 0.00432915 -11.6275 11.6234 -0.00409098
249.438 -0.0179778 0.00432934 -11.6232 11.6191 -0.00408795
249.449 -0.0179782 0.00432946 -11.619 11.6149 -0.00408554
249.461 -0.0179786 0.00432932 -11.6147 11.6106 -0.00408275
249.472 -0.017979 0.00432932 -11.6104 11.6063 -0.00407956
249.483 -0.0179802 0.00432923 -11.6061 11.602 -0.0040768
249.494 -0.0179813 0.00432926 -11.6017 11.5977 -0.00407351
249.506 -0.0179825 0.00432941 -11.5974 11.5933 -0.00406989
249.517 -0.0179839 0.00432953 -11.593 11.5889 -0.00406691
249.528 -0.017985 0.00432998 -11.5886 11.5845 -0.00406349
249.539 -0.0179863 0.00433017 -11.5842 11.5801 -0.00406109
249.551 -0.0179876 0.00433032 -11.5798 11.5757 -0.00405891
249.562 -0.0179878 0.00433104 -11.5753 11.5713 -0.00405569
249.573 -0.0179875 0.00433201 -11.5709 11.5668 -0.0040521
249.584 -0.0179876 0.00433283 -11.5664 11.5624 -0.00404893
249.596 -0.0179876 0.00433322 -11.562 11.5579 -0.00404516
249.607 -0.017987 0.00433378 -11.5575 11.5535 -0.00404122
249.618 -0.0179866 0.00433433 -11.5532 11.5491 -0.00403797
249.629 -0.0179865 0.00433491 -11.5488 11.5447 -0.00403527
249.64 -0.0179865 0.00433484 -11.5444 11.5403 -0.00403271
249.652 -0.0179862 0.00433476 -11.54 11.536 -0.00403037
249.663 -0.0179862 0.00433455 -11.5356 11.5316 -0.00402772
249.674 -0.0179859 0.00433451 -11.5312 11.5272 -0.00402452
249.685 -0.0179861 0.00433413 -11.5268 11.5228 -0.00402174
249.697 -0.0179856 0.00433366 -11.5225 11.5185 -0.00401833
249.708 -0.0179849 0.00433328 -11.5181 11.5141 -0.0040144
249.719 -0.0179841 0.00433315 -11.5138 11.5098 -0.00401123
249.73 -0.0179834 0.00433345 -11.5095 11.5055 -0.0040079
249.742 -0.0179834 0.00433421 -11.5052 11.5012 -0.00400513
249.753 -0.0179834 0.0043347 -11.501 11.497 -0.00400272
249.764 -0.0179831 0.00433514 -11.4967 11.4927 -0.0040002
249.775 -0.0179828 0.00433501 -11.4925 11.4885 -0.00399881
249.787 -0.0179825 0.00433514 -11.4883 11.4843 -0.00399709
249.798 -0.0179819 0.0043357 -11.484 11.48 -0.00399469
249.809 -0.0179811 0.00433636 -11.4798 11.4758 -0.00399223
249.82 -0.0179807 0.0043372 -11.4756 11.4716 -0.00399011
249.831 -0.0179803 0.00433761 -11.4714 11.4674 -0.00398789
249.843 -0.01798 0.004338 -11.4672 11.4632 -0.00398583
249.854 -0.0179805 0.00433848 -11.463 11.4591 -0.00398395
249.865 -0.0179811 0.00433874 -11.4589 11.4549 -0.00398202
249.876 -0.0179816 0.00433898 -11.4547 11.4507 -0.00398007
249.888 -0.0179825 0.00433889 -11.4505 11.4465 -0.00397836
249.899 -0.0179826 0.00433988 -11.4464 11.4424 -0.00397483
249.91 -0.0179826 0.00434062 -11.4422 11.4382 -0.00397121
249.921 -0.0179828 0.00434185 -11.4381 11.4341 -0.0039684
249.933 -0.0179825 0.00434224 -11.434 11.4301 -0.00396573
249.944 -0.0179821 0.00434263 -11.43 11.426 -0.00396286
249.955 -0.0179817 0.00434301 -11.4259 11.422 -0.00396052
249.966 -0.0179811 0.00434378 -11.4219 11.418 -0.00395748
249.978 -0.0179808 0.00434423 -11.418 11.414 -0.00395479
249.989 -0.0179805 0.0043449 -11.4141 11.4101 -0.00395226
250 -0.0179803 0.00434549 -11.4102 11.4063 -0.00394953
250.011 -0.0179808 0.00434641 -11.4064 11.4025 -0.00394748
250.022 -0.017981 0.00434749 -11.4026 11.3987 -0.003945
250.034 -0.0179818 0.00434794 -11.3989 11.395 -0.00394267
250.045 -0.0179824 0.00434776 -11.3952 11.3913 -0.00394149
250.056 -0.0179826 0.0043482 -11.3916 11.3876 -0.00393994
250.067 -0.0179829 0.0043485 -11.3879 11.384 -0.00393817
250.079 -0.0179832 0.00434918 -11.3843 11.3804 -0.00393594
250.09 -0.0179833 0.00435015 -11.3808 11.3769 -0.00393359
250.101 -0.0179831 0.00435106 -11.3773 11.3734 -0.00393069
250.112 -0.017983 0.00435206 -11.3739 11.37 -0.0039273
250.124 -0.0179829 0.00435297 -11.3706 11.3666 -0.00392368
250.135 -0.0179829 0.00435376 -11.3673 11.3634 -0.00392038
250.146 -0.0179832 0.00435458 -11.3641 11.3601 -0.00391735
250.157 -0.0179829 0.00435515 -11.3609 11.357 -0.0039144
250.169 -0.0179825 0.00435545 -11.3578 11.3539 -0.00391137
250.18 -0.0179825 0.0043557 -11.3547 11.3508 -0.00390893
250.191 -0.0179825 0.00435635 -11.3517 11.3478 -0.00390692
250.202 -0.0179827 0.0043569 -11.3488 11.3449 -0.00390494
250.213 -0.0179829 0.00435746 -11.3458 11.3419 -0.00390336
250.225 -0.0179832 0.0043588 -11.3429 11.339 -0.00390134
250.236 -0.0179832 0.00436022 -11.3401 11.3362 -0.0038988
250.247 -0.0179835 0.00436113 -11.3373 11.3334 -0.00389618
250.258 -0.0179838 0.00436189 -11.3346 11.3307 -0.0038937
250.27 -0.0179838 0.0043629 -11.3319 11.328 -0.00389053
250.281 -0.0179834 0.00436402 -11.3293 11.3254 -0.00388793
250.292 -0.0179829 0.00436481 -11.3268 11.3229 -0.0038852
250.303 -0.0179824 0.00436615 -11.3243 11.3204 -0.00388142
250.315 -0.017982 0.0043674 -11.3218 11.318 -0.00387893
250.326 -0.0179817 0.00436792 -11.3195 11.3156 -0.0038777
250.337 -0.0179813 0.00436865 -11.3171 11.3133 -0.00387528
250.348 -0.017981 0.00436924 -11.3148 11.311 -0.00387306
250.36 -0.0179807 0.00436947 -11.3126 11.3087 -0.00387067
250.371 -0.0179806 0.00436988 -11.3104 11.3066 -0.00386779
250.382 -0.0179807 0.00437055 -11.3083 11.3044 -0.00386517
250.393 -0.0179807 0.00437114 -11.3062 11.3024 -0.00386324
250.404 -0.0179808 0.00437117 -11.3042 11.3003 -0.00386167
250.416 -0.0179806 0.00437189 -11.3022 11.2983 -0.00385953
250.427 -0.0179809 0.00437272 -11.3003 11.2964 -0.00385756
250.438 -0.017981 0.00437298 -11.2984 11.2945 -0.00385539
250.449 -0.0179812 0.00437371 -11.2966 11.2927 -0.00385296
250.461 -0.0179809 0.00437449 -11.2948 11.2909 -0.00385028
250.472 -0.0179807 0.00437564 -11.2931 11.2892 -0.00384667
250.483 -0.0179801 0.00437698 -11.2914 11.2876 -0.00384302
250.494 -0.0179798 0.00437788 -11.2899 11.286 -0.0038402
250.506 -0.0179789 0.00437811 -11.2883 11.2845 -0.00383717
250.517 -0.0179781 0.00437836 -11.2869 11.2831 -0.00383455
250.528 -0.0179771 0.00437844 -11.2855 11.2817 -0.00383215
250.539 -0.017976 0.00437764 -11.2842 11.2803 -0.00382892
250.551 -0.0179751 0.00437712 -11.2829 11.2791 -0.00382566
250.562 -0.0179747 0.00437668 -11.2817 11.2779 -0.00382259
250.573 -0.0179741 0.00437623 -11.2805 11.2767 -0.00382023
250.584 -0.0179741 0.00437538 -11.2794 11.2756 -0.00381832
250.596 -0.0179738 0.00437456 -11.2783 11.2745 -0.00381656
250.607 -0.0179738 0.00437455 -11.2773 11.2735 -0.00381467
250.618 -0.0179725 0.00437403 -11.2763 11.2725 -0.00381178
250.629 -0.0179712 0.00437346 -11.2754 11.2716 -0.0038092
250.64 -0.0179702 0.00437329 -11.2745 11.2707 -0.00380559
250.652 -0.0179696 0.00437275 -11.2737 11.2699 -0.00380247
250.663 -0.017969 0.00437247 -11.273 11.2692 -0.0037994
250.674 -0.017968 0.00437231 -11.2723 11.2685 -0.00379556
250.685 -0.0179667 0.00437238 -11.2717 11.2679 -0.00379165
250.697 -0.0179655 0.00437271 -11.2711 11.2673 -0.00378836
250.708 -0.0179642 0.00437288 -11.2706 11.2668 -0.00378424
250.719 -0.0179629 0.00437345 -11.2702 11.2664 -0.00378101
250.73 -0.0179614 0.00437355 -11.2698 11.266 -0.0037776
250.742 -0.0179603 0.00437347 -11.2694 11.2656 -0.00377376
250.753 -0.0179591 0.00437291 -11.2691 11.2653 -0.00377052
250.764 -0.017958 0.00437182 -11.2688 11.2651 -0.003768
250.775 -0.0179572 0.00437091 -11.2686 11.2648 -0.00376543
250.787 -0.0179566 0.00437026 -11.2684 11.2646 -0.00376274
250.798 -0.0179558 0.00436936 -11.2682 11.2645 -0.00376014
250.809 -0.0179553 0.00436812 -11.2681 11.2643 -0.00375783
250.82 -0.0179551 0.00436739 -11.2679 11.2642 -0.00375537
250.831 -0.0179548 0.00436734 -11.2678 11.2641 -0.00375317
250.843 -0.0179547 0.00436731 -11.2678 11.264 -0.00375
250.854 -0.0179549 0.00436769 -11.2678 11.264 -0.00374682
250.865 -0.0179543 0.00436876 -11.2678 11.2641 -0.00374318
250.876 -0.0179544 0.00437047 -11.2679 11.2642 -0.0037388
250.888 -0.0179547 0.00437198 -11.2681 11.2643 -0.00373457
250.899 -0.0179549 0.0043729 -11.2683 11.2645 -0.00373083
250.91 -0.0179546 0.0043737 -11.2685 11.2648 -0.00372629
250.921 -0.017954 0.00437404 -11.2688 11.2651 -0.00372225
250.933 -0.0179533 0.00437444 -11.2692 11.2655 -0.00371812
250.944 -0.0179528 0.00437495 -11.2696 11.2659 -0.00371364
250.955 -0.0179524 0.00437569 -11.27 11.2663 -0.00370936
250.966 -0.0179518 0.00437613 -11.2705 11.2668 -0.0037057
250.978 -0.0179513 0.00437671 -11.2711 11.2674 -0.00370192
250.989 -0.017951 0.00437726 -11.2717 11.268 -0.00369826
251 -0.0179508 0.00437806 -11.2723 11.2686 -0.00369508
251.011 -0.0179511 0.00437904 -11.2729 11.2692 -0.0036911
251.022 -0.0179516 0.00438009 -11.2736 11.27 -0.00368699
251.034 -0.017952 0.00438131 -11.2744 11.2707 -0.0036833
251.045 -0.0179519 0.00438231 -11.2752 11.2715 -0.0036784
251.056 -0.0179521 0.00438291 -11.2761 11.2724 -0.00367471
251.067 -0.0179527 0.00438372 -11.277 11.2733 -0.00367118
251.079 -0.0179533 0.00438456 -11.2779 11.2743 -0.0036672
251.09 -0.0179535 0.00438478 -11.2789 11.2752 -0.00366256
251.101 -0.017954 0.00438489 -11.2799 11.2763 -0.00365877
251.112 -0.0179545 0.0043849 -11.281 11.2773 -0.00365452
251.124 -0.0179545 0.0043844 -11.2821 11.2784 -0.00365115
251.135 -0.0179548 0.00438389 -11.2832 11.2796 -0.00364815
251.146 -0.0179547 0.00438323 -11.2843 11.2807 -0.00364476
251.157 -0.0179546 0.00438279 -11.2855 11.2818 -0.00364155
251.169 -0.0179543 0.00438222 -11.2867 11.283 -0.00363875
251.18 -0.0179539 0.00438235 -11.2879 11.2842 -0.00363483
251.191 -0.0179538 0.00438197 -11.2891 11.2855 -0.0036315
251.202 -0.0179537 0.00438164 -11.2904 11.2867 -0.00362806
251.213 -0.0179535 0.00438136 -11.2916 11.288 -0.00362433
251.225 -0.0179535 0.00438149 -11.2929 11.2893 -0.00362008
251.236 -0.0179535 0.00438144 -11.2942 11.2906 -0.00361607
251.247 -0.017954 0.0043813 -11.2955 11.2919 -0.003612
251.258 -0.0179543 0.00438114 -11.2968 11.2932 -0.00360808
251.27 -0.0179543 0.00438103 -11.2982 11.2946 -0.00360418
251.281 -0.0179548 0.00438064 -11.2995 11.2959 -0.00360015
251.292 -0.0179549 0.0043809 -11.3009 11.2973 -0.00359597
251.303 -0.0179553 0.00438129 -11.3023 11.2987 -0.00359279
251.315 -0.0179558 0.00438167 -11.3036 11.3001 -0.00358894
251.326 -0.0179565 0.00438185 -11.305 11.3014 -0.00358546
251.337 -0.0179572 0.00438232 -11.3064 11.3028 -0.00358173
251.348 -0.0179576 0.00438287 -11.3078 11.3042 -0.00357778
251.36 -0.0179582 0.00438332 -11.3092 11.3056 -0.0035741
251.371 -0.0179588 0.00438382 -11.3107 11.3071 -0.00357073
251.382 -0.0179591 0.00438514 -11.3121 11.3085 -0.00356581
251.393 -0.0179592 0.00438558 -11.3136 11.31 -0.0035618
251.404 -0.0179593 0.00438616 -11.315 11.3115 -0.00355805
251.416 -0.0179595 0.0043873 -11.3165 11.3129 -0.00355388
251.427 -0.0179593 0.00438813 -11.318 11.3145 -0.00354981
251.438 -0.0179593 0.00438868 -11.3195 11.316 -0.0035458
251.449 -0.0179593 0.00439005 -11.321 11.3175 -0.00354125
251.461 -0.0179593 0.00439072 -11.3226 11.319 -0.0035372
251.472 -0.0179589 0.00439152 -11.3241 11.3206 -0.00353337
251.483 -0.0179587 0.00439245 -11.3257 11.3222 -0.00352923
251.494 -0.0179583 0.00439332 -11.3273 11.3238 -0.00352463
251.506 -0.0179581 0.00439392 -11.3289 11.3254 -0.00352055
251.517 -0.0179579 0.0043945 -11.3305 11.327 -0.00351571
251.528 -0.0179577 0.00439493 -11.3322 11.3287 -0.00351133
251.539 -0.0179572 0.00439606 -11.3339 11.3304 -0.00350669
251.551 -0.017957 0.00439747 -11.3356 11.3321 -0.00350178
251.562 -0.0179565 0.00439874 -11.3373 11.3339 -0.00349737
251.573 -0.0179562 0.00439949 -11.3391 11.3356 -0.00349303
251.584 -0.0179557 0.00440047 -11.3409 11.3374 -0.00348839
251.596 -0.0179556 0.004401 -11.3427 11.3392 -0.00348498
251.607 -0.0179555 0.00440118 -11.3445 11.3411 -0.00348163
251.618 -0.0179558 0.00440106 -11.3463 11.3428 -0.00347761
251.629 -0.0179558 0.00440068 -11.3481 11.3446 -0.00347299
251.64 -0.0179561 0.00440027 -11.3499 11.3464 -0.00346849
251.652 -0.0179561 0.00440006 -11.3517 11.3482 -0.00346352
251.663 -0.0179563 0.00439976 -11.3535 11.35 -0.00345831
251.674 -0.0179567 0.00439913 -11.3553 11.3519 -0.00345456
251.685 -0.0179565 0.00439824 -11.3571 11.3537 -0.00345022
251.697 -0.0179561 0.00439761 -11.3589 11.3555 -0.00344609
251.708 -0.0179555 0.00439661 -11.3607 11.3573 -0.0034418
251.719 -0.017955 0.00439542 -11.3625 11.3591 -0.00343769
251.73 -0.0179542 0.00439434 -11.3643 11.3608 -0.00343285
251.742 -0.0179535 0.00439335 -11.3661 11.3626 -0.00342895
251.753 -0.0179526 0.00439221 -11.3678 11.3644 -0.00342482
251.764 -0.0179518 0.00439132 -11.3696 11.3661 -0.00342087
251.775 -0.0179508 0.00439033 -11.3713 11.3679 -0.00341657
251.787 -0.0179504 0.00438925 -11.373 11.3696 -0.00341248
251.798 -0.0179497 0.00438844 -11.3747 11.3713 -0.00340841
251.809 -0.017949 0.00438762 -11.3764 11.373 -0.00340468
251.82 -0.0179485 0.0043869 -11.378 11.3746 -0.00340013
251.831 -0.0179477 0.00438623 -11.3797 11.3763 -0.0033959
251.843 -0.017947 0.00438565 -11.3813 11.3779 -0.0033919
251.854 -0.0179459 0.00438483 -11.383 11.3796 -0.00338821
251.865 -0.017945 0.00438396 -11.3846 11.3812 -0.00338439
251.876 -0.0179442 0.00438289 -11.3862 11.3828 -0.00338019
251.888 -0.0179431 0.00438199 -11.3878 11.3844 -0.00337532
251.899 -0.0179423 0.00438131 -11.3894 11.386 -0.00337091
251.91 -0.0179413 0.00438051 -11.3909 11.3876 -0.00336637
251.921 -0.0179407 0.00437955 -11.3925 11.3891 -0.00336175
251.933 -0.0179398 0.00437872 -11.394 11.3907 -0.00335744
251.944 -0.0179388 0.00437798 -11.3956 11.3922 -0.0033531
251.955 -0.017938 0.0043769 -11.3971 11.3938 -0.00334832
251.966 -0.0179378 0.00437599 -11.3986 11.3953 -0.00334374
251.978 -0.0179371 0.0043746 -11.4001 11.3968 -0.00333929
251.989 -0.0179369 0.00437366 -11.4016 11.3983 -0.00333479
252 -0.0179363 0.00437231 -11.4031 11.3998 -0.00333038
252.011 -0.0179359 0.00437126 -11.4046 11.4013 -0.00332606
252.022 -0.0179351 0.00436991 -11.4061 11.4027 -0.00332163
252.034 -0.0179345 0.0043689 -11.4075 11.4042 -0.00331746
252.045 -0.0179339 0.00436771 -11.409 11.4057 -0.0033134
252.056 -0.0179334 0.00436666 -11.4104 11.4071 -0.00330906
252.067 -0.017933 0.00436556 -11.4119 11.4086 -0.00330458
252.079 -0.0179325 0.0043649 -11.4133 11.41 -0.00330003
252.09 -0.0179316 0.00436338 -11.4147 11.4114 -0.00329476
252.101 -0.0179309 0.00436242 -11.4161 11.4128 -0.00328927
252.112 -0.01793 0.00436122 -11.4175 11.4142 -0.00328406
252.124 -0.0179292 0.00436042 -11.4189 11.4156 -0.0032787
252.135 -0.0179286 0.00435948 -11.4202 11.4169 -0.00327343
252.146 -0.0179277 0.00435857 -11.4216 11.4184 -0.00326857
252.157 -0.0179271 0.00435745 -11.423 11.4197 -0.0032633
252.169 -0.0179263 0.00435677 -11.4243 11.421 -0.00325844
252.18 -0.0179259 0.00435542 -11.4256 11.4224 -0.00325361
252.191 -0.0179255 0.0043545 -11.4269 11.4237 -0.00324797
252.202 -0.0179251 0.00435304 -11.4282 11.425 -0.00324249
252.213 -0.0179245 0.00435182 -11.4295 11.4263 -0.00323733
252.225 -0.0179241 0.00435039 -11.4307 11.4275 -0.00323192
252.236 -0.0179238 0.00434887 -11.432 11.4287 -0.00322623
252.247 -0.0179238 0.00434749 -11.4332 11.4299 -0.00322108
252.258 -0.0179237 0.00434596 -11.4344 11.4311 -0.0032157
252.27 -0.0179236 0.00434448 -11.4355 11.4323 -0.00321082
252.281 -0.0179231 0.00434307 -11.4367 11.4335 -0.00320626
252.292 -0.0179232 0.00434143 -11.4378 11.4346 -0.00320115
252.303 -0.0179233 0.00433962 -11.4389 11.4357 -0.0031964
252.315 -0.0179234 0.00433758 -11.4399 11.4368 -0.0031914
252.326 -0.0179235 0.00433566 -11.441 11.4378 -0.0031861
252.337 -0.0179237 0.00433389 -11.442 11.4388 -0.00318093
252.348 -0.0179235 0.00433225 -11.4431 11.4399 -0.00317629
252.36 -0.0179237 0.00433039 -11.4441 11.4409 -0.00317115
252.371 -0.0179233 0.00432924 -11.445 11.4419 -0.00316614
252.382 -0.0179232 0.00432819 -11.446 11.4428 -0.00316151
252.393 -0.0179226 0.0043274 -11.4469 11.4438 -0.00315651
252.404 -0.0179224 0.00432687 -11.4478 11.4447 -0.00315203
252.416 -0.0179221 0.00432637 -11.4488 11.4456 -0.00314752
252.427 -0.0179222 0.00432593 -11.4496 11.4465 -0.00314277
252.438 -0.0179219 0.00432487 -11.4505 11.4473 -0.00313805
252.449 -0.0179215 0.00432467 -11.4513 11.4482 -0.00313349
252.461 -0.017921 0.00432468 -11.4521 11.449 -0.00312851
252.472 -0.0179209 0.00432449 -11.4529 11.4498 -0.00312329
252.483 -0.0179204 0.00432405 -11.4537 11.4506 -0.00311827
252.494 -0.0179199 0.00432407 -11.4544 11.4513 -0.00311287
252.506 -0.0179197 0.00432377 -11.4552 11.4521 -0.00310697
252.517 -0.0179194 0.00432424 -11.4559 11.4528 -0.00310142
252.528 -0.017919 0.00432415 -11.4566 11.4535 -0.00309518
252.539 -0.0179186 0.00432368 -11.4572 11.4541 -0.00308921
252.551 -0.0179182 0.00432264 -11.4579 11.4548 -0.00308345
252.562 -0.017918 0.00432145 -11.4585 11.4554 -0.00307767
252.573 -0.0179176 0.00432 -11.4591 11.456 -0.00307202
252.584 -0.0179174 0.00431909 -11.4597 11.4566 -0.00306664
252.596 -0.0179174 0.00431738 -11.4602 11.4572 -0.00306106
252.607 -0.0179174 0.00431625 -11.4608 11.4577 -0.00305595
252.618 -0.0179172 0.00431463 -11.4613 11.4582 -0.00305142
252.629 -0.0179169 0.00431342 -11.4617 11.4587 -0.0030464
252.64 -0.0179169 0.0043119 -11.4621 11.4591 -0.00304143
252.652 -0.0179166 0.00431077 -11.4625 11.4595 -0.00303644
252.663 -0.0179162 0.00430972 -11.4629 11.4599 -0.00303105
252.674 -0.0179158 0.0043092 -11.4632 11.4602 -0.00302615
252.685 -0.0179154 0.00430843 -11.4635 11.4605 -0.00302121
252.697 -0.0179146 0.00430743 -11.4638 11.4608 -0.00301557
252.708 -0.0179135 0.00430641 -11.464 11.461 -0.00301047
252.719 -0.0179131 0.0043059 -11.4643 11.4613 -0.00300561
252.73 -0.0179127 0.00430477 -11.4645 11.4615 -0.00300013
252.742 -0.0179123 0.00430425 -11.4646 11.4616 -0.00299488
252.753 -0.0179123 0.00430397 -11.4648 11.4618 -0.00299071
252.764 -0.0179117 0.00430299 -11.4649 11.4619 -0.00298585
252.775 -0.0179115 0.00430253 -11.465 11.462 -0.0029811
252.787 -0.0179111 0.00430196 -11.4651 11.4621 -0.00297675
252.798 -0.0179106 0.00430156 -11.4651 11.4621 -0.00297197
252.809 -0.0179096 0.00430138 -11.4651 11.4621 -0.00296761
252.82 -0.0179088 0.00430152 -11.4651 11.4621 -0.00296355
252.831 -0.017908 0.00430186 -11.465 11.462 -0.00295888
252.843 -0.017907 0.00430208 -11.4649 11.462 -0.00295382
252.854 -0.017906 0.00430211 -11.4648 11.4619 -0.00294864
252.865 -0.0179054 0.00430232 -11.4647 11.4618 -0.00294331
252.876 -0.0179048 0.0043023 -11.4646 11.4616 -0.00293844
252.888 -0.0179044 0.00430237 -11.4644 11.4615 -0.00293397
252.899 -0.0179038 0.00430284 -11.4642 11.4613 -0.00292938
252.91 -0.0179033 0.00430328 -11.464 11.4611 -0.00292485
252.921 -0.0179025 0.00430351 -11.4638 11.4609 -0.00292076
252.933 -0.0179019 0.00430361 -11.4635 11.4606 -0.00291646
252.944 -0.0179012 0.00430361 -11.4632 11.4603 -0.00291189
252.955 -0.0179009 0.00430352 -11.463 11.4601 -0.00290727
252.966 -0.0179003 0.00430367 -11.4626 11.4597 -0.00290249
252.978 -0.0179001 0.00430344 -11.4623 11.4594 -0.00289743
252.989 -0.0179 0.0043033 -11.462 11.4591 -0.00289224
253 -0.0178998 0.00430324 -11.4617 11.4588 -0.00288669
253.011 -0.0178993 0.00430325 -11.4613 11.4585 -0.00288169
253.022 -0.0178993 0.00430336 -11.461 11.4581 -0.00287648
253.034 -0.0178996 0.00430359 -11.4607 11.4578 -0.00287123
253.045 -0.0178995 0.0043041 -11.4603 11.4574 -0.00286617
253.056 -0.0179002 0.00430399 -11.4599 11.4571 -0.00286116
253.067 -0.0179001 0.0043039 -11.4596 11.4567 -0.0028566
253.079 -0.0179003 0.00430406 -11.4592 11.4564 -0.00285144
253.09 -0.0179005 0.00430385 -11.4588 11.456 -0.00284688
253.101 -0.017901 0.00430392 -11.4585 11.4556 -0.00284205
253.112 -0.0179012 0.00430372 -11.4581 11.4552 -0.00283741
253.124 -0.0179017 0.00430355 -11.4577 11.4549 -0.00283281
253.135 -0.0179014 0.00430345 -11.4573 11.4544 -0.00282775
253.146 -0.0179014 0.00430313 -11.4569 11.4541 -0.00282353
253.157 -0.017901 0.0043029 -11.4565 11.4536 -0.00281913
253.169 -0.0179004 0.00430237 -11.456 11.4532 -0.00281421
253.18 -0.0179003 0.00430189 -11.4556 11.4527 -0.00280907
253.191 -0.0179001 0.00430144 -11.4551 11.4523 -0.00280458
253.202 -0.0178999 0.00430062 -11.4547 11.4519 -0.0027994
253.213 -0.0178993 0.00430005 -11.4542 11.4514 -0.00279441
253.225 -0.0178987 0.00429967 -11.4537 11.4509 -0.00278997
253.236 -0.0178979 0.00429937 -11.4532 11.4504 -0.00278534
253.247 -0.0178969 0.00429901 -11.4527 11.4499 -0.00278072
253.258 -0.017896 0.00429886 -11.4522 11.4495 -0.00277629
253.27 -0.0178949 0.00429852 -11.4517 11.4489 -0.00277151
253.281 -0.0178937 0.00429823 -11.4511 11.4484 -0.00276683
253.292 -0.0178925 0.00429799 -11.4506 11.4479 -0.00276253
253.303 -0.0178919 0.00429686 -11.45 11.4473 -0.00275763
253.315 -0.0178912 0.00429585 -11.4495 11.4467 -0.00275312
253.326 -0.0178902 0.00429503 -11.449 11.4462 -0.00274926
253.337 -0.0178895 0.00429402 -11.4483 11.4456 -0.00274452
253.348 -0.0178888 0.00429292 -11.4478 11.445 -0.00273979
253.36 -0.0178882 0.00429141 -11.4472 11.4444 -0.00273528
253.371 -0.0178878 0.00428991 -11.4466 11.4438 -0.00273067
253.382 -0.0178875 0.00428843 -11.446 11.4432 -0.00272612
253.393 -0.0178876 0.00428686 -11.4454 11.4427 -0.00272197
253.404 -0.0178875 0.00428521 -11.4447 11.442 -0.00271744
253.416 -0.0178879 0.00428362 -11.4441 11.4414 -0.00271287
253.427 -0.0178877 0.00428142 -11.4435 11.4408 -0.00270888
253.438 -0.0178878 0.00428021 -11.4429 11.4401 -0.00270498
253.449 -0.0178879 0.00427862 -11.4422 11.4395 -0.00270051
253.461 -0.0178879 0.00427672 -11.4416 11.4389 -0.0026955
253.472 -0.017888 0.00427572 -11.441 11.4383 -0.0026901
253.483 -0.0178882 0.00427483 -11.4404 11.4377 -0.00268482
253.494 -0.017888 0.00427398 -11.4398 11.4372 -0.00267948
253.506 -0.0178876 0.00427342 -11.4393 11.4366 -0.00267382
253.517 -0.0178867 0.00427267 -11.4388 11.4361 -0.00266936
253.528 -0.0178857 0.00427159 -11.4383 11.4357 -0.00266532
253.539 -0.0178852 0.00427094 -11.4378 11.4352 -0.00266047
253.551 -0.0178847 0.00427003 -11.4373 11.4347 -0.00265595
253.562 -0.0178844 0.0042691 -11.4369 11.4342 -0.00265146
253.573 -0.0178845 0.0042679 -11.4364 11.4338 -0.00264683
253.584 -0.0178845 0.00426656 -11.436 11.4333 -0.00264261
253.596 -0.0178842 0.00426566 -11.4355 11.4329 -0.00263948
253.607 -0.017884 0.00426422 -11.4351 11.4324 -0.00263532
253.618 -0.0178836 0.00426304 -11.4347 11.432 -0.00263121
253.629 -0.0178831 0.00426221 -11.4343 11.4317 -0.00262695
253.64 -0.0178822 0.00426175 -11.4339 11.4313 -0.0026225
253.652 -0.0178816 0.00426146 -11.4336 11.4309 -0.00261773
253.663 -0.0178812 0.00426103 -11.4333 11.4306 -0.00261305
253.674 -0.0178808 0.00426062 -11.4329 11.4303 -0.0026085
253.685 -0.0178805 0.00426044 -11.4327 11.43 -0.00260382
253.697 -0.0178804 0.0042599 -11.4324 11.4298 -0.00259905
253.708 -0.0178801 0.0042593 -11.4322 11.4296 -0.00259437
253.719 -0.0178799 0.00425876 -11.432 11.4294 -0.00258984
253.73 -0.0178798 0.00425784 -11.4318 11.4292 -0.00258519
253.742 -0.0178794 0.00425693 -11.4316 11.4291 -0.00258069
253.753 -0.0178787 0.00425646 -11.4315 11.4289 -0.00257648
253.764 -0.0178777 0.00425638 -11.4314 11.4288 -0.00257255
253.775 -0.0178771 0.00425604 -11.4312 11.4287 -0.00256822
253.787 -0.0178767 0.0042557 -11.4311 11.4286 -0.00256435
253.798 -0.0178767 0.00425536 -11.431 11.4285 -0.00256039
253.809 -0.0178764 0.00425541 -11.4309 11.4284 -0.00255623
253.82 -0.0178762 0.00425528 -11.4309 11.4283 -0.00255164
253.831 -0.017876 0.00425497 -11.4308 11.4282 -0.00254764
253.843 -0.0178759 0.00425465 -11.4307 11.4282 -0.00254363
253.854 -0.0178758 0.00425445 -11.4307 11.4281 -0.00253979
253.865 -0.0178758 0.00425388 -11.4307 11.4281 -0.00253575
253.876 -0.0178755 0.00425333 -11.4306 11.4281 -0.00253138
253.888 -0.0178744 0.00425315 -11.4306 11.4281 -0.00252803
253.899 -0.0178737 0.00425355 -11.4306 11.4281 -0.00252462
253.91 -0.0178733 0.00425358 -11.4306 11.428 -0.00252082
253.921 -0.0178728 0.00425397 -11.4305 11.428 -0.00251707
253.933 -0.0178722 0.00425403 -11.4305 11.428 -0.00251328
253.944 -0.0178716 0.00425477 -11.4305 11.428 -0.00250909
253.955 -0.017871 0.00425545 -11.4306 11.4281 -0.00250473
253.966 -0.0178705 0.00425584 -11.4306 11.4281 -0.00250048
253.978 -0.0178704 0.00425639 -11.4307 11.4282 -0.00249547
253.989 -0.017871 0.00425683 -11.4308 11.4283 -0.00249034
254 -0.0178714 0.00425747 -11.431 11.4285 -0.0024852
254.011 -0.0178716 0.00425762 -11.4311 11.4286 -0.00248086
254.022 -0.0178715 0.00425752 -11.4313 11.4288 -0.00247683
254.034 -0.0178717 0.00425753 -11.4315 11.429 -0.0024724
254.045 -0.0178714 0.00425659 -11.4317 11.4293 -0.0024688
254.056 -0.0178711 0.00425566 -11.432 11.4295 -0.00246463
254.067 -0.0178706 0.00425467 -11.4322 11.4298 -0.00246133
254.079 -0.0178706 0.00425404 -11.4325 11.43 -0.0024569
254.09 -0.01787 0.00425371 -11.4328 11.4304 -0.00245303
254.101 -0.0178698 0.00425311 -11.4331 11.4307 -0.00244858
254.112 -0.0178689 0.00425265 -11.4335 11.431 -0.00244532
254.124 -0.017868 0.00425181 -11.4338 11.4314 -0.00244204
254.135 -0.0178673 0.00425088 -11.4342 11.4317 -0.0024387
254.146 -0.0178665 0.00425056 -11.4345 11.4321 -0.00243484
254.157 -0.0178653 0.00425014 -11.4349 11.4325 -0.00243112
254.169 -0.0178643 0.00424972 -11.4353 11.4329 -0.00242745
254.18 -0.0178636 0.00424933 -11.4357 11.4333 -0.00242352
254.191 -0.0178623 0.00424897 -11.4361 11.4337 -0.00241943
254.202 -0.0178612 0.00424884 -11.4365 11.4341 -0.00241563
254.213 -0.01786 0.00424942 -11.437 11.4346 -0.00241136
254.225 -0.0178598 0.00424939 -11.4374 11.435 -0.00240624
254.236 -0.0178592 0.00424891 -11.4379 11.4355 -0.00240167
254.247 -0.0178587 0.00424856 -11.4384 11.436 -0.00239694
254.258 -0.0178581 0.00424826 -11.4389 11.4365 -0.00239209
254.27 -0.017857 0.00424835 -11.4395 11.4371 -0.0023881
254.281 -0.0178561 0.00424819 -11.44 11.4376 -0.00238373
254.292 -0.0178549 0.00424801 -11.4405 11.4381 -0.00238006
254.303 -0.0178542 0.00424758 -11.441 11.4387 -0.00237602
254.315 -0.0178538 0.00424661 -11.4416 11.4392 -0.00237191
254.326 -0.0178535 0.00424558 -11.4421 11.4397 -0.00236817
254.337 -0.0178535 0.00424474 -11.4426 11.4403 -0.00236425
254.348 -0.0178536 0.00424366 -11.4431 11.4408 -0.0023603
254.36 -0.0178537 0.00424252 -11.4437 11.4413 -0.00235652
254.371 -0.0178542 0.00424133 -11.4443 11.4419 -0.00235262
254.382 -0.0178544 0.00424056 -11.4449 11.4425 -0.00234815
254.393 -0.0178547 0.00423932 -11.4455 11.4431 -0.00234408
254.404 -0.0178551 0.00423843 -11.4461 11.4438 -0.0023397
254.416 -0.0178552 0.00423775 -11.4468 11.4445 -0.00233488
254.427 -0.0178552 0.00423701 -11.4475 11.4451 -0.00232971
254.438 -0.0178551 0.00423626 -11.4482 11.4459 -0.00232484
254.449 -0.0178549 0.00423559 -11.449 11.4467 -0.00231996
254.461 -0.0178537 0.00423556 -11.4498 11.4475 -0.00231589
254.472 -0.0178523 0.00423586 -11.4506 11.4483 -0.00231285
254.483 -0.0178513 0.00423599 -11.4514 11.4491 -0.00230934
254.494 -0.0178505 0.00423616 -11.4523 11.4499 -0.00230591
254.506 -0.0178498 0.004236 -11.4531 11.4508 -0.00230268
254.517 -0.0178492 0.00423598 -11.454 11.4517 -0.00229878
254.528 -0.0178482 0.00423595 -11.4549 11.4526 -0.00229512
254.539 -0.017847 0.00423554 -11.4559 11.4536 -0.00229191
254.551 -0.0178465 0.00423502 -11.4568 11.4545 -0.00228733
254.562 -0.0178459 0.00423496 -11.4578 11.4555 -0.00228292
254.573 -0.0178449 0.00423415 -11.4588 11.4566 -0.00227911
254.584 -0.0178442 0.0042331 -11.4599 11.4576 -0.00227455
254.596 -0.017843 0.00423182 -11.461 11.4587 -0.00227068
254.607 -0.0178417 0.0042306 -11.4621 11.4599 -0.00226694
254.618 -0.0178405 0.0042293 -11.4633 11.461 -0.00226237
254.629 -0.0178396 0.00422827 -11.4644 11.4622 -0.00225784
254.64 -0.0178385 0.00422732 -11.4656 11.4634 -0.0022541
254.652 -0.0178378 0.00422658 -11.4668 11.4646 -0.00225019
254.663 -0.0178371 0.00422605 -11.4681 11.4658 -0.00224644
254.674 -0.0178366 0.00422556 -11.4693 11.4671 -0.00224293
254.685 -0.0178362 0.00422468 -11.4706 11.4684 -0.00223923
254.697 -0.0178362 0.00422386 -11.4719 11.4697 -0.00223552
254.708 -0.0178362 0.00422296 -11.4732 11.471 -0.002232
254.719 -0.0178359 0.00422194 -11.4746 11.4724 -0.00222827
254.73 -0.0178357 0.00422089 -11.4759 11.4737 -0.00222407
254.742 -0.0178354 0.0042196 -11.4773 11.4751 -0.00221961
254.753 -0.0178353 0.00421868 -11.4787 11.4765 -0.0022148
254.764 -0.0178346 0.00421767 -11.4802 11.478 -0.00221034
254.775 -0.017834 0.00421673 -11.4816 11.4794 -0.0022063
254.787 -0.0178337 0.00421625 -11.4831 11.4809 -0.00220128
254.798 -0.0178334 0.00421556 -11.4847 11.4825 -0.00219659
254.809 -0.0178332 0.00421482 -11.4863 11.4841 -0.00219188
254.82 -0.017833 0.00421424 -11.4879 11.4857 -0.00218731
254.831 -0.017833 0.00421313 -11.4895 11.4873 -0.00218272
254.843 -0.0178331 0.00421264 -11.4912 11.489 -0.00217927
254.854 -0.0178325 0.00421196 -11.4929 11.4907 -0.0021753
254.865 -0.0178319 0.00421095 -11.4946 11.4924 -0.00217192
254.876 -0.0178313 0.00420981 -11.4964 11.4942 -0.00216853
254.888 -0.0178303 0.00420882 -11.4981 11.496 -0.00216486
254.899 -0.0178296 0.00420803 -11.4999 11.4978 -0.00216121
254.91 -0.0178288 0.00420748 -11.5017 11.4996 -0.00215818
254.921 -0.0178275 0.00420715 -11.5036 11.5014 -0.00215451
254.933 -0.0178262 0.0042067 -11.5054 11.5032 -0.00215087
254.944 -0.0178251 0.00420655 -11.5073 11.5051 -0.00214745
254.955 -0.0178243 0.00420656 -11.5092 11.507 -0.00214397
254.966 -0.0178233 0.00420641 -11.5111 11.5089 -0.00214032
254.978 -0.0178222 0.00420606 -11.513 11.5108 -0.00213676
254.989 -0.017821 0.00420605 -11.5149 11.5128 -0.00213332
255 -0.0178202 0.00420585 -11.5169 11.5148 -0.00212962
255.011 -0.0178195 0.00420552 -11.5189 11.5168 -0.00212573
255.022 -0.0178186 0.00420514 -11.5209 11.5188 -0.0021215
255.034 -0.0178172 0.00420462 -11.5229 11.5208 -0.00211823
255.045 -0.0178163 0.00420378 -11.5249 11.5228 -0.00211474
255.056 -0.0178155 0.00420291 -11.527 11.5249 -0.00211092
255.067 -0.0178151 0.00420213 -11.529 11.5269 -0.0021073
255.079 -0.0178147 0.00420142 -11.5311 11.529 -0.00210371
255.09 -0.0178144 0.00420062 -11.5332 11.5311 -0.00209981
255.101 -0.0178141 0.00419971 -11.5353 11.5332 -0.00209569
255.112 -0.0178141 0.00419868 -11.5374 11.5353 -0.0020913
255.124 -0.0178142 0.00419787 -11.5395 11.5374 -0.00208687
255.135 -0.0178139 0.00419676 -11.5417 11.5396 -0.00208277
255.146 -0.0178137 0.00419609 -11.5439 11.5418 -0.0020795
255.157 -0.0178133 0.0041955 -11.546 11.5439 -0.00207615
255.169 -0.0178129 0.00419469 -11.5481 11.546 -0.00207286
255.18 -0.0178127 0.00419391 -11.5503 11.5482 -0.00206996
255.191 -0.0178121 0.00419337 -11.5524 11.5503 -0.00206663
255.202 -0.0178122 0.00419287 -11.5545 11.5525 -0.00206342
255.213 -0.0178122 0.00419253 -11.5567 11.5546 -0.00206031
255.225 -0.0178118 0.00419203 -11.5588 11.5568 -0.00205648
255.236 -0.0178116 0.0041917 -11.5609 11.5589 -0.00205289
255.247 -0.0178118 0.00419119 -11.5631 11.561 -0.00204927
255.258 -0.0178121 0.00419044 -11.5652 11.5631 -0.00204504
255.27 -0.0178124 0.00418991 -11.5673 11.5653 -0.00204139
255.281 -0.0178123 0.00418923 -11.5695 11.5675 -0.00203719
255.292 -0.0178122 0.00418919 -11.5717 11.5696 -0.00203325
255.303 -0.0178116 0.00418912 -11.5739 11.5719 -0.00202913
255.315 -0.0178109 0.00418857 -11.5761 11.5741 -0.00202514
255.326 -0.0178107 0.0041884 -11.5783 11.5762 -0.00202055
255.337 -0.0178105 0.00418846 -11.5805 11.5785 -0.00201638
255.348 -0.0178102 0.0041887 -11.5827 11.5807 -0.00201247
255.36 -0.0178097 0.00418842 -11.585 11.583 -0.00200786
255.371 -0.0178091 0.00418808 -11.5872 11.5852 -0.00200348
255.382 -0.0178084 0.00418801 -11.5895 11.5875 -0.00199924
255.393 -0.0178079 0.00418785 -11.5918 11.5898 -0.00199459
255.404 -0.0178076 0.00418756 -11.5941 11.5921 -0.00198981
255.416 -0.0178071 0.00418741 -11.5964 11.5944 -0.00198549
255.427 -0.0178071 0.00418717 -11.5987 11.5968 -0.001981
255.438 -0.0178063 0.0041865 -11.6011 11.5991 -0.00197767
255.449 -0.0178061 0.00418617 -11.6034 11.6014 -0.00197422
255.461 -0.0178058 0.0041856 -11.6057 11.6037 -0.00197063
255.472 -0.0178059 0.00418499 -11.608 11.606 -0.00196689
255.483 -0.0178059 0.00418448 -11.6103 11.6083 -0.00196385
255.494 -0.0178058 0.00418393 -11.6125 11.6106 -0.00196073
255.506 -0.0178056 0.00418339 -11.6148 11.6128 -0.00195777
255.517 -0.0178055 0.00418282 -11.617 11.615 -0.00195549
255.528 -0.0178054 0.00418201 -11.6192 11.6173 -0.00195307
255.539 -0.0178053 0.00418139 -11.6214 11.6194 -0.00195061
255.551 -0.0178047 0.00418113 -11.6236 11.6216 -0.00194809
255.562 -0.0178045 0.00418132 -11.6257 11.6238 -0.00194375
255.573 -0.0178043 0.00418171 -11.6278 11.6259 -0.00193957
255.584 -0.0178043 0.00418185 -11.63 11.6281 -0.00193568
255.596 -0.0178042 0.00418175 -11.6321 11.6302 -0.00193237
255.607 -0.0178041 0.0041817 -11.6342 11.6323 -0.00192889
255.618 -0.0178038 0.00418198 -11.6363 11.6344 -0.00192554
255.629 -0.0178036 0.00418221 -11.6384 11.6365 -0.00192209
255.64 -0.0178033 0.0041825 -11.6405 11.6386 -0.00191878
255.652 -0.0178034 0.00418291 -11.6425 11.6406 -0.00191554
255.663 -0.0178033 0.00418339 -11.6446 11.6427 -0.00191166
255.674 -0.0178033 0.00418398 -11.6466 11.6447 -0.00190797
255.685 -0.0178033 0.00418465 -11.6486 11.6467 -0.00190509
255.697 -0.0178034 0.00418578 -11.6506 11.6487 -0.00190204
255.708 -0.0178028 0.00418688 -11.6526 11.6507 -0.0018995
255.719 -0.0178025 0.0041873 -11.6545 11.6526 -0.00189653
255.73 -0.0178021 0.00418718 -11.6565 11.6546 -0.00189267
255.742 -0.0178019 0.00418703 -11.6584 11.6565 -0.00188848
255.753 -0.0178015 0.00418713 -11.6604 11.6585 -0.00188465
255.764 -0.017801 0.00418731 -11.6623 11.6604 -0.00188023
255.775 -0.0178002 0.00418671 -11.6642 11.6623 -0.0018768
255.787 -0.0177989 0.00418612 -11.6661 11.6643 -0.00187425
255.798 -0.0177976 0.00418593 -11.668 11.6662 -0.00187149
255.809 -0.017796 0.00418616 -11.6699 11.668 -0.00186797
255.82 -0.0177946 0.0041866 -11.6718 11.6699 -0.00186443
255.831 -0.0177932 0.00418701 -11.6736 11.6718 -0.00186059
255.843 -0.0177918 0.00418734 -11.6755 11.6736 -0.00185646
255.854 -0.0177912 0.00418698 -11.6773 11.6754 -0.00185246
255.865 -0.0177908 0.00418689 -11.6791 11.6773 -0.00184822
255.876 -0.0177911 0.00418712 -11.6809 11.6791 -0.00184373
255.888 -0.0177914 0.0041872 -11.6827 11.6809 -0.00183926
255.899 -0.0177915 0.00418734 -11.6845 11.6826 -0.00183402
255.91 -0.0177921 0.00418756 -11.6863 11.6844 -0.00182877
255.921 -0.0177925 0.00418734 -11.688 11.6862 -0.00182455
255.933 -0.0177928 0.00418717 -11.6898 11.688 -0.00182012
255.944 -0.017793 0.00418728 -11.6915 11.6897 -0.00181588
255.955 -0.0177936 0.00418767 -11.6933 11.6915 -0.00181185
255.966 -0.0177939 0.00418784 -11.695 11.6932 -0.00180753
255.978 -0.0177942 0.0041877 -11.6967 11.6949 -0.00180292
255.989 -0.0177947 0.00418789 -11.6984 11.6966 -0.00179892
256 -0.017795 0.00418808 -11.7001 11.6983 -0.00179537
256.011 -0.0177952 0.00418826 -11.7018 11.7 -0.00179216
256.022 -0.0177954 0.00418816 -11.7035 11.7017 -0.00178899
256.034 -0.0177955 0.00418819 -11.7051 11.7033 -0.00178592
256.045 -0.0177959 0.00418831 -11.7067 11.7049 -0.00178271
256.056 -0.017796 0.00418829 -11.7083 11.7066 -0.00177983
256.067 -0.0177962 0.00418815 -11.7099 11.7082 -0.00177677
256.079 -0.0177962 0.00418813 -11.7115 11.7098 -0.00177382
256.09 -0.0177958 0.0041876 -11.7131 11.7113 -0.00177092
256.101 -0.0177954 0.00418663 -11.7147 11.7129 -0.00176734
256.112 -0.0177952 0.00418601 -11.7162 11.7145 -0.0017637
256.124 -0.017795 0.00418543 -11.7178 11.716 -0.00176068
256.135 -0.0177945 0.00418496 -11.7193 11.7175 -0.00175765
256.146 -0.0177944 0.00418425 -11.7208 11.719 -0.00175469
256.157 -0.0177948 0.00418369 -11.7223 11.7205 -0.00175159
256.169 -0.0177952 0.0041831 -11.7238 11.722 -0.00174841
256.18 -0.0177958 0.0041827 -11.7252 11.7235 -0.00174517
256.191 -0.0177965 0.00418236 -11.7267 11.7249 -0.00174192
256.202 -0.0177973 0.00418208 -11.7281 11.7264 -0.00173834
256.213 -0.0177981 0.00418169 -11.7295 11.7278 -0.00173503
256.225 -0.0177994 0.00418166 -11.7309 11.7292 -0.00173129
256.236 -0.0178005 0.00418175 -11.7323 11.7306 -0.0017276
256.247 -0.0178013 0.00418196 -11.7337 11.732 -0.00172414
256.258 -0.017802 0.00418213 -11.7351 11.7333 -0.00172034
256.27 -0.017803 0.00418183 -11.7364 11.7347 -0.00171621
256.281 -0.0178036 0.00418192 -11.7377 11.736 -0.00171245
256.292 -0.0178047 0.00418253 -11.739 11.7373 -0.00170893
256.303 -0.0178054 0.0041829 -11.7402 11.7385 -0.00170539
256.315 -0.0178057 0.0041831 -11.7415 11.7398 -0.00170169
256.326 -0.017806 0.00418335 -11.7427 11.741 -0.00169818
256.337 -0.0178061 0.00418354 -11.7439 11.7422 -0.00169485
256.348 -0.017806 0.00418335 -11.7451 11.7434 -0.00169187
256.36 -0.0178057 0.0041829 -11.7462 11.7445 -0.00168882
256.371 -0.0178052 0.00418252 -11.7474 11.7457 -0.00168648
256.382 -0.0178047 0.00418213 -11.7484 11.7468 -0.00168441
256.393 -0.0178043 0.00418217 -11.7495 11.7478 -0.0016822
256.404 -0.0178038 0.00418269 -11.7505 11.7489 -0.00167921
256.416 -0.017804 0.00418316 -11.7515 11.7499 -0.00167636
256.427 -0.0178037 0.00418422 -11.7525 11.7508 -0.00167337
256.438 -0.0178034 0.00418543 -11.7535 11.7518 -0.00166974
256.449 -0.0178036 0.00418664 -11.7544 11.7528 -0.00166571
256.461 -0.0178036 0.0041874 -11.7554 11.7537 -0.00166186
256.472 -0.0178038 0.00418775 -11.7563 11.7546 -0.00165727
256.483 -0.0178044 0.00418811 -11.7572 11.7556 -0.00165261
256.494 -0.0178053 0.00418828 -11.7581 11.7565 -0.00164862
256.506 -0.0178055 0.00418864 -11.759 11.7574 -0.00164461
256.517 -0.0178057 0.00418876 -11.7599 11.7583 -0.00164076
256.528 -0.017806 0.0041887 -11.7608 11.7592 -0.00163685
256.539 -0.0178067 0.00418816 -11.7616 11.76 -0.00163258
256.551 -0.0178071 0.00418777 -11.7625 11.7608 -0.00162839
256.562 -0.0178074 0.00418781 -11.7633 11.7616 -0.00162391
256.573 -0.0178083 0.00418752 -11.764 11.7624 -0.00161894
256.584 -0.0178086 0.00418673 -11.7648 11.7632 -0.00161504
256.596 -0.017809 0.00418627 -11.7655 11.7639 -0.00161178
256.607 -0.0178095 0.00418559 -11.7662 11.7646 -0.00160835
256.618 -0.0178101 0.0041854 -11.7668 11.7652 -0.00160557
256.629 -0.0178107 0.0041852 -11.7674 11.7658 -0.00160235
256.64 -0.0178114 0.0041854 -11.768 11.7664 -0.00159916
256.652 -0.0178124 0.00418564 -11.7685 11.7669 -0.00159587
256.663 -0.0178138 0.00418564 -11.7691 11.7675 -0.00159257
256.674 -0.0178153 0.00418583 -11.7695 11.768 -0.00158905
256.685 -0.0178172 0.00418607 -11.77 11.7684 -0.00158544
256.697 -0.0178188 0.00418586 -11.7704 11.7688 -0.00158232
256.708 -0.0178195 0.00418588 -11.7708 11.7692 -0.00157927
256.719 -0.0178203 0.00418603 -11.7712 11.7696 -0.00157633
256.73 -0.0178207 0.00418617 -11.7715 11.7699 -0.00157349
256.742 -0.0178211 0.00418622 -11.7718 11.7702 -0.00157026
256.753 -0.0178217 0.00418644 -11.772 11.7705 -0.00156691
256.764 -0.0178223 0.00418663 -11.7723 11.7707 -0.00156388
256.775 -0.0178228 0.0041869 -11.7725 11.7709 -0.00156103
256.787 -0.0178233 0.00418735 -11.7727 11.7711 -0.00155786
256.798 -0.0178236 0.00418824 -11.7728 11.7713 -0.00155475
256.809 -0.017824 0.00418881 -11.773 11.7714 -0.00155183
256.82 -0.0178243 0.00418855 -11.7731 11.7716 -0.00154943
256.831 -0.0178246 0.00418786 -11.7732 11.7717 -0.00154705
256.843 -0.0178254 0.00418691 -11.7733 11.7717 -0.00154417
256.854 -0.017826 0.00418584 -11.7733 11.7718 -0.0015415
256.865 -0.0178262 0.00418464 -11.7733 11.7718 -0.00153956
256.876 -0.0178265 0.0041838 -11.7733 11.7717 -0.00153674
256.888 -0.0178266 0.00418337 -11.7732 11.7717 -0.00153354
256.899 -0.0178268 0.00418262 -11.7731 11.7716 -0.00153015
256.91 -0.0178271 0.004182 -11.773 11.7715 -0.00152563
256.921 -0.0178274 0.00418144 -11.7729 11.7713 -0.00152114
256.933 -0.0178281 0.00418089 -11.7727 11.7712 -0.00151693
256.944 -0.0178291 0.00418073 -11.7725 11.771 -0.00151163
256.955 -0.0178301 0.00418074 -11.7723 11.7708 -0.00150696
256.966 -0.0178315 0.00418034 -11.7721 11.7706 -0.00150185
256.978 -0.0178323 0.00417941 -11.7718 11.7703 -0.00149694
256.989 -0.0178331 0.00417875 -11.7716 11.7701 -0.00149209
257 -0.0178341 0.00417828 -11.7713 11.7698 -0.00148762
257.011 -0.0178349 0.00417762 -11.771 11.7695 -0.00148333
257.022 -0.0178356 0.00417735 -11.7706 11.7691 -0.00147936
257.034 -0.0178362 0.00417664 -11.7703 11.7688 -0.00147624
257.045 -0.0178366 0.00417609 -11.7698 11.7684 -0.00147261
257.056 -0.017837 0.00417567 -11.7693 11.7679 -0.00146912
257.067 -0.0178371 0.00417488 -11.7688 11.7674 -0.00146653
257.079 -0.0178373 0.00417411 -11.7683 11.7668 -0.00146364
257.09 -0.017838 0.00417459 -11.7676 11.7662 -0.00146039
257.101 -0.0178387 0.00417515 -11.767 11.7655 -0.00145697
257.112 -0.017839 0.00417561 -11.7663 11.7648 -0.00145339
257.124 -0.017839 0.004176 -11.7656 11.7641 -0.00145067
257.135 -0.017839 0.0041762 -11.7648 11.7634 -0.00144735
257.146 -0.0178393 0.00417614 -11.7641 11.7626 -0.00144322
257.157 -0.0178397 0.00417639 -11.7632 11.7618 -0.00144001
257.169 -0.0178397 0.00417672 -11.7624 11.761 -0.00143705
257.18 -0.0178395 0.00417693 -11.7616 11.7601 -0.00143394
257.191 -0.0178394 0.00417735 -11.7607 11.7592 -0.00143099
257.202 -0.0178397 0.00417781 -11.7598 11.7584 -0.00142877
257.213 -0.0178399 0.00417811 -11.7588 11.7574 -0.00142609
257.225 -0.0178401 0.00417881 -11.7579 11.7564 -0.00142322
257.236 -0.0178406 0.00417951 -11.7569 11.7555 -0.00142066
257.247 -0.0178407 0.00418052 -11.7559 11.7545 -0.00141777
257.258 -0.0178409 0.00418075 -11.7548 11.7534 -0.00141499
257.27 -0.0178403 0.00418051 -11.7538 11.7524 -0.00141297
257.281 -0.0178406 0.00418081 -11.7527 11.7513 -0.00141027
257.292 -0.0178407 0.00418052 -11.7516 11.7502 -0.00140811
257.303 -0.0178406 0.00418037 -11.7505 11.7491 -0.0014051
257.315 -0.0178404 0.00418 -11.7493 11.7479 -0.00140165
257.326 -0.0178401 0.00418001 -11.7482 11.7468 -0.00139801
257.337 -0.0178404 0.00417997 -11.747 11.7456 -0.00139413
257.348 -0.0178409 0.00417989 -11.7458 11.7444 -0.00138982
257.36 -0.0178413 0.00417983 -11.7446 11.7432 -0.00138578
257.371 -0.0178421 0.00417953 -11.7434 11.7421 -0.0013814
257.382 -0.017843 0.00417914 -11.7423 11.7409 -0.00137649
257.393 -0.0178439 0.00417866 -11.7411 11.7397 -0.00137169
257.404 -0.017845 0.00417851 -11.7399 11.7385 -0.00136717
257.416 -0.0178455 0.00417795 -11.7387 11.7374 -0.00136312
257.427 -0.0178458 0.00417752 -11.7375 11.7362 -0.0013598
257.438 -0.0178465 0.00417714 -11.7363 11.7349 -0.00135643
257.449 -0.0178473 0.00417613 -11.735 11.7337 -0.00135289
257.461 -0.017848 0.00417523 -11.7338 11.7324 -0.00135017
257.472 -0.0178484 0.00417412 -11.7325 11.7311 -0.00134795
257.483 -0.0178497 0.00417478 -11.7311 11.7298 -0.00134427
257.494 -0.0178503 0.00417537 -11.7298 11.7284 -0.00134091
257.506 -0.0178509 0.00417595 -11.7284 11.7271 -0.00133827
257.517 -0.0178516 0.00417639 -11.727 11.7256 -0.00133504
257.528 -0.0178523 0.00417677 -11.7255 11.7242 -0.0013318
257.539 -0.0178529 0.00417719 -11.7241 11.7228 -0.00132831
257.551 -0.0178536 0.00417736 -11.7226 11.7213 -0.00132485
257.562 -0.0178541 0.00417727 -11.7211 11.7198 -0.00132124
257.573 -0.017855 0.00417676 -11.7196 11.7183 -0.00131809
257.584 -0.0178557 0.00417653 -11.7181 11.7168 -0.00131495
257.596 -0.0178568 0.0041764 -11.7165 11.7152 -0.00131211
257.607 -0.0178578 0.00417601 -11.7149 11.7136 -0.00131025
257.618 -0.0178588 0.00417597 -11.7133 11.712 -0.00130789
257.629 -0.0178598 0.00417575 -11.7116 11.7103 -0.00130607
257.64 -0.0178606 0.00417553 -11.7099 11.7086 -0.00130443
257.652 -0.0178616 0.00417509 -11.7082 11.7069 -0.0013025
257.663 -0.0178629 0.00417552 -11.7064 11.7051 -0.00129876
257.674 -0.0178639 0.00417603 -11.7048 11.7035 -0.00129503
257.685 -0.0178644 0.00417613 -11.703 11.7017 -0.00129141
257.697 -0.017865 0.00417616 -11.7013 11.7 -0.00128776
257.708 -0.0178653 0.00417655 -11.6996 11.6983 -0.00128457
257.719 -0.0178657 0.00417659 -11.6978 11.6966 -0.00128084
257.73 -0.0178666 0.00417589 -11.6961 11.6948 -0.0012763
257.742 -0.017867 0.00417569 -11.6944 11.6931 -0.00127172
257.753 -0.0178681 0.00417544 -11.6927 11.6915 -0.00126747
257.764 -0.0178688 0.00417574 -11.691 11.6898 -0.00126294
257.775 -0.0178693 0.00417586 -11.6894 11.6881 -0.00125822
257.787 -0.0178699 0.00417563 -11.6877 11.6865 -0.00125308
257.798 -0.0178705 0.00417555 -11.686 11.6848 -0.00124863
257.809 -0.0178711 0.00417523 -11.6843 11.6831 -0.00124441
257.82 -0.0178718 0.00417515 -11.6826 11.6814 -0.00124065
257.831 -0.0178726 0.00417513 -11.6809 11.6797 -0.00123703
257.843 -0.0178739 0.0041759 -11.6792 11.6779 -0.0012334
257.854 -0.017875 0.00417643 -11.6774 11.6762 -0.00122981
257.865 -0.0178761 0.00417699 -11.6756 11.6744 -0.0012265
257.876 -0.0178773 0.00417715 -11.6739 11.6727 -0.00122307
257.888 -0.0178781 0.00417793 -11.6721 11.6709 -0.00121899
257.899 -0.0178787 0.00417844 -11.6703 11.6691 -0.00121452
257.91 -0.0178793 0.00417883 -11.6685 11.6673 -0.00121068
257.921 -0.0178792 0.00417855 -11.6667 11.6655 -0.0012071
257.933 -0.0178793 0.00417861 -11.6649 11.6637 -0.00120383
257.944 -0.0178793 0.00417872 -11.6631 11.6619 -0.00120036
257.955 -0.0178791 0.00417876 -11.6612 11.66 -0.0011971
257.966 -0.0178791 0.00417852 -11.6593 11.6581 -0.00119371
257.978 -0.0178795 0.00417885 -11.6574 11.6563 -0.00119067
257.989 -0.01788 0.00417911 -11.6556 11.6544 -0.00118694
258 -0.0178803 0.00417986 -11.6536 11.6525 -0.00118306
258.011 -0.017881 0.00418075 -11.6517 11.6506 -0.00117896
258.022 -0.0178815 0.00418175 -11.6498 11.6486 -0.00117469
258.034 -0.0178823 0.00418206 -11.6479 11.6467 -0.00117033
258.045 -0.0178826 0.00418223 -11.646 11.6448 -0.00116646
258.056 -0.0178831 0.00418211 -11.644 11.6428 -0.00116258
258.067 -0.0178836 0.00418183 -11.642 11.6409 -0.00115849
258.079 -0.017884 0.00418165 -11.6401 11.6389 -0.00115448
258.09 -0.0178843 0.00418114 -11.6381 11.637 -0.00114989
258.101 -0.0178847 0.00418104 -11.6361 11.635 -0.0011456
258.112 -0.0178855 0.00418082 -11.6342 11.633 -0.00114101
258.124 -0.0178867 0.00418065 -11.6322 11.631 -0.00113671
258.135 -0.0178875 0.00418055 -11.6302 11.6291 -0.00113277
258.146 -0.0178887 0.00418043 -11.6282 11.6271 -0.00112899
258.157 -0.0178896 0.00418024 -11.6262 11.6251 -0.0011248
258.169 -0.0178911 0.00417993 -11.6242 11.6231 -0.00112125
258.18 -0.0178925 0.00417994 -11.6222 11.6211 -0.001118
258.191 -0.0178938 0.00418 -11.6202 11.6191 -0.00111423
258.202 -0.0178947 0.00418017 -11.6181 11.617 -0.00111064
258.213 -0.0178961 0.00418056 -11.616 11.6149 -0.00110627
258.225 -0.0178976 0.00418091 -11.6139 11.6128 -0.00110144
258.236 -0.0178981 0.00418152 -11.6118 11.6107 -0.00109684
258.247 -0.0178992 0.00418181 -11.6097 11.6086 -0.00109188
258.258 -0.0178994 0.0041819 -11.6076 11.6065 -0.00108697
258.27 -0.0179 0.00418263 -11.6055 11.6044 -0.00108217
258.281 -0.0179004 0.00418239 -11.6034 11.6023 -0.00107862
258.292 -0.0179015 0.00418158 -11.6012 11.6001 -0.00107418
258.303 -0.0179024 0.00418138 -11.599 11.5979 -0.00106921
258.315 -0.017903 0.00418142 -11.5968 11.5957 -0.00106446
258.326 -0.0179035 0.00418134 -11.5946 11.5935 -0.00105937
258.337 -0.0179043 0.00418142 -11.5923 11.5913 -0.00105486
258.348 -0.0179049 0.00418117 -11.5901 11.589 -0.00105117
258.36 -0.0179063 0.00418117 -11.5877 11.5867 -0.00104697
258.371 -0.0179076 0.00418079 -11.5854 11.5844 -0.00104372
258.382 -0.0179089 0.00418073 -11.5831 11.582 -0.00104094
258.393 -0.0179102 0.00418064 -11.5806 11.5796 -0.0010378
258.404 -0.0179116 0.00418038 -11.5782 11.5771 -0.00103465
258.416 -0.0179128 0.00418045 -11.5757 11.5747 -0.00103144
258.427 -0.0179132 0.00418077 -11.5732 11.5721 -0.00102763
258.438 -0.0179131 0.0041812 -11.5706 11.5696 -0.00102421
258.449 -0.0179132 0.00418198 -11.568 11.567 -0.00102064
258.461 -0.0179134 0.00418283 -11.5654 11.5644 -0.00101646
258.472 -0.0179131 0.00418307 -11.5628 11.5618 -0.00101277
258.483 -0.0179125 0.00418297 -11.5601 11.5591 -0.00101027
258.494 -0.0179124 0.0041831 -11.5574 11.5564 -0.00100687
258.506 -0.0179125 0.00418351 -11.5547 11.5537 -0.00100316
258.517 -0.0179126 0.00418374 -11.552 11.551 -0.000999322
258.528 -0.0179137 0.00418476 -11.5492 11.5482 -0.000994918
258.539 -0.0179146 0.00418584 -11.5465 11.5455 -0.000990448
258.551 -0.0179163 0.00418682 -11.5437 11.5427 -0.000985384
258.562 -0.0179176 0.00418798 -11.5409 11.54 -0.000980371
258.573 -0.0179185 0.00418828 -11.5381 11.5372 -0.000975744
258.584 -0.0179198 0.00418885 -11.5353 11.5344 -0.000971208
258.596 -0.0179212 0.00418947 -11.5325 11.5315 -0.000965892
258.607 -0.0179225 0.00419003 -11.5297 11.5287 -0.00096035
258.618 -0.0179235 0.00419045 -11.5268 11.5259 -0.000955116
258.629 -0.0179243 0.00419073 -11.524 11.523 -0.000950135
258.64 -0.0179253 0.00419092 -11.5211 11.5201 -0.000945348
258.652 -0.017926 0.00419097 -11.5181 11.5172 -0.000941015
258.663 -0.017927 0.00419128 -11.5152 11.5142 -0.000935882
258.674 -0.0179286 0.00419176 -11.5121 11.5112 -0.000931201
258.685 -0.0179296 0.00419109 -11.5091 11.5082 -0.000928161
258.697 -0.0179303 0.00419059 -11.506 11.5051 -0.000924774
258.708 -0.0179314 0.0041905 -11.5028 11.5019 -0.000921711
258.719 -0.0179322 0.00419071 -11.4996 11.4987 -0.000918659
258.73 -0.0179335 0.00419104 -11.4964 11.4954 -0.000915151
258.742 -0.0179346 0.00419206 -11.4931 11.4921 -0.000911716
258.753 -0.017936 0.00419329 -11.4898 11.4888 -0.000908297
258.764 -0.0179373 0.00419465 -11.4864 11.4855 -0.000904193
258.775 -0.0179385 0.00419558 -11.483 11.4821 -0.00090057
258.787 -0.0179397 0.00419606 -11.4797 11.4788 -0.000897193
258.798 -0.017941 0.00419573 -11.4762 11.4753 -0.00089364
258.809 -0.0179423 0.00419623 -11.4728 11.4719 -0.000889812
258.82 -0.0179437 0.00419679 -11.4693 11.4684 -0.000886055
258.831 -0.0179457 0.00419687 -11.4658 11.4649 -0.000881753
258.843 -0.017947 0.00419664 -11.4623 11.4614 -0.00087868
258.854 -0.0179483 0.00419693 -11.4587 11.4578 -0.000874687
258.865 -0.0179494 0.00419736 -11.4551 11.4542 -0.000870759
258.876 -0.0179506 0.00419794 -11.4515 11.4506 -0.000867379
258.888 -0.0179521 0.00419842 -11.4478 11.447 -0.00086378
258.899 -0.0179533 0.00419886 -11.4441 11.4433 -0.000860075
258.91 -0.0179545 0.00419952 -11.4404 11.4395 -0.00085651
258.921 -0.0179562 0.00420023 -11.4366 11.4358 -0.000853161
258.933 -0.017958 0.00420084 -11.4328 11.4319 -0.000849716
258.944 -0.0179597 0.00420162 -11.429 11.4281 -0.000846357
258.955 -0.0179612 0.00420251 -11.4251 11.4242 -0.000843068
258.966 -0.0179621 0.00420253 -11.4212 11.4203 -0.000840341
258.978 -0.017963 0.00420281 -11.4172 11.4164 -0.000837809
258.989 -0.0179637 0.00420303 -11.4132 11.4124 -0.000835172
259 -0.0179639 0.00420304 -11.4092 11.4083 -0.000832483
259.011 -0.0179638 0.00420272 -11.4051 11.4042 -0.000829934
259.022 -0.0179641 0.00420292 -11.401 11.4001 -0.000827121
259.034 -0.0179645 0.0042036 -11.3968 11.396 -0.000822622
259.045 -0.017965 0.00420439 -11.3926 11.3918 -0.000818301
259.056 -0.0179653 0.0042049 -11.3885 11.3876 -0.000814458
259.067 -0.0179662 0.00420487 -11.3842 11.3834 -0.000811
259.079 -0.0179673 0.0042051 -11.38 11.3792 -0.000807322
259.09 -0.0179682 0.00420577 -11.3758 11.3749 -0.00080327
259.101 -0.0179687 0.00420611 -11.3715 11.3707 -0.000800366
259.112 -0.0179691 0.00420667 -11.3671 11.3663 -0.000797486
259.124 -0.0179693 0.00420748 -11.3628 11.362 -0.000794885
259.135 -0.0179694 0.00420811 -11.3584 11.3576 -0.000791677
259.146 -0.0179699 0.00420927 -11.354 11.3532 -0.00078871
259.157 -0.0179707 0.00421039 -11.3496 11.3488 -0.000785172
259.169 -0.0179709 0.00421112 -11.3451 11.3444 -0.00078258
259.18 -0.0179711 0.00421165 -11.3406 11.3399 -0.000780116
259.191 -0.0179713 0.0042122 -11.3361 11.3354 -0.000776918
259.202 -0.0179718 0.00421226 -11.3316 11.3308 -0.000773332
259.213 -0.0179722 0.00421253 -11.3271 11.3263 -0.000769994
259.225 -0.0179723 0.0042125 -11.3225 11.3218 -0.000767128
259.236 -0.0179726 0.00421256 -11.318 11.3172 -0.000763513
259.247 -0.0179731 0.0042123 -11.3134 11.3127 -0.000759603
259.258 -0.0179731 0.00421161 -11.3089 11.3081 -0.000756482
259.27 -0.0179729 0.00421133 -11.3043 11.3036 -0.000753509
259.281 -0.0179736 0.0042114 -11.2998 11.299 -0.000750275
259.292 -0.017974 0.00421142 -11.2953 11.2945 -0.000747011
259.303 -0.0179746 0.00421124 -11.2907 11.29 -0.000743154
259.315 -0.0179751 0.0042117 -11.2862 11.2855 -0.000739054
259.326 -0.0179759 0.00421233 -11.2817 11.281 -0.000734166
259.337 -0.0179769 0.00421271 -11.2773 11.2766 -0.000729213
259.348 -0.017978 0.00421319 -11.2729 11.2721 -0.000724887
259.36 -0.0179782 0.00421357 -11.2684 11.2677 -0.000721918
259.371 -0.017978 0.00421308 -11.264 11.2633 -0.000719502
259.382 -0.0179784 0.00421324 -11.2596 11.2589 -0.000716252
259.393 -0.0179795 0.00421414 -11.2552 11.2545 -0.000711836
259.404 -0.01798 0.00421426 -11.2508 11.2501 -0.000708762
259.416 -0.0179803 0.00421442 -11.2464 11.2457 -0.000705402
259.427 -0.0179804 0.00421497 -11.242 11.2413 -0.000701293
259.438 -0.0179805 0.0042154 -11.2376 11.2369 -0.000697526
259.449 -0.0179803 0.00421608 -11.2333 11.2326 -0.000693833
259.461 -0.0179806 0.00421605 -11.2289 11.2282 -0.000690547
259.472 -0.0179812 0.00421602 -11.2246 11.2239 -0.000686547
259.483 -0.017982 0.00421599 -11.2203 11.2196 -0.000683164
259.494 -0.0179827 0.00421605 -11.216 11.2153 -0.000679696
259.506 -0.0179832 0.00421582 -11.2117 11.211 -0.000675645
259.517 -0.0179834 0.0042153 -11.2075 11.2068 -0.000672305
259.528 -0.0179837 0.00421503 -11.2033 11.2026 -0.000669071
259.539 -0.0179838 0.00421515 -11.1991 11.1984 -0.000665033
259.551 -0.0179843 0.00421597 -11.1949 11.1942 -0.000661059
259.562 -0.0179846 0.00421671 -11.1908 11.1902 -0.000657613
259.573 -0.0179846 0.00421743 -11.1867 11.1861 -0.000655112
259.584 -0.0179847 0.00421853 -11.1827 11.182 -0.000652345
259.596 -0.0179852 0.00421973 -11.1786 11.178 -0.000649141
259.607 -0.0179854 0.00422062 -11.1746 11.174 -0.000646203
259.618 -0.0179854 0.00422154 -11.1706 11.1699 -0.00064349
259.629 -0.0179853 0.00422261 -11.1666 11.166 -0.000640653
259.64 -0.0179849 0.00422382 -11.1627 11.1621 -0.000637619
259.652 -0.0179844 0.00422492 -11.1588 11.1582 -0.000635281
259.663 -0.0179843 0.00422575 -11.1549 11.1543 -0.000633191
259.674 -0.0179837 0.00422539 -11.1511 11.1504 -0.000630475
259.685 -0.0179838 0.00422481 -11.1473 11.1466 -0.000627966
259.697 -0.0179841 0.00422455 -11.1435 11.1428 -0.000625029
259.708 -0.0179848 0.00422391 -11.1397 11.1391 -0.000621582
259.719 -0.0179849 0.00422332 -11.136 11.1354 -0.00061851
259.73 -0.0179852 0.00422386 -11.1323 11.1317 -0.00061445
259.742 -0.0179855 0.00422478 -11.1287 11.1281 -0.00060969
259.753 -0.0179851 0.00422554 -11.1251 11.1245 -0.000606119
259.764 -0.0179849 0.0042264 -11.1216 11.121 -0.000602739
259.775 -0.0179849 0.00422737 -11.1182 11.1176 -0.000598735
259.787 -0.0179854 0.0042283 -11.1148 11.1142 -0.000595346
259.798 -0.0179857 0.00422897 -11.1115 11.1109 -0.000592674
259.809 -0.0179861 0.0042303 -11.1082 11.1076 -0.000589761
259.82 -0.017986 0.00423143 -11.105 11.1044 -0.000586798
259.831 -0.0179861 0.00423311 -11.1018 11.1012 -0.000583697
259.843 -0.0179854 0.00423417 -11.0987 11.0981 -0.000580818
259.854 -0.0179846 0.00423507 -11.0956 11.0951 -0.000578379
259.865 -0.0179843 0.00423549 -11.0926 11.092 -0.000576211
259.876 -0.0179839 0.0042357 -11.0896 11.0891 -0.000573817
259.888 -0.0179834 0.00423573 -11.0867 11.0861 -0.000570628
259.899 -0.0179837 0.00423536 -11.0838 11.0832 -0.000567703
259.91 -0.0179837 0.00423482 -11.0809 11.0803 -0.000564667
259.921 -0.017984 0.00423433 -11.0781 11.0775 -0.000561365
259.933 -0.0179844 0.0042347 -11.0753 11.0747 -0.000556896
259.944 -0.0179844 0.0042352 -11.0726 11.072 -0.000552758
259.955 -0.0179846 0.00423577 -11.07 11.0694 -0.000548353
259.966 -0.0179852 0.00423694 -11.0674 11.0669 -0.000544099
259.978 -0.0179862 0.00423802 -11.0649 11.0644 -0.000539503
259.989 -0.017987 0.00423862 -11.0625 11.062 -0.000535514
260 -0.0179874 0.00423936 -11.0602 11.0597 -0.000531762
260.011 -0.0179879 0.00424022 -11.0579 11.0574 -0.000527931
260.022 -0.017988 0.00424168 -11.0557 11.0552 -0.000524364
260.034 -0.0179872 0.00424281 -11.0536 11.0531 -0.000521434
260.045 -0.0179866 0.00424371 -11.0515 11.051 -0.000518342
260.056 -0.0179859 0.00424481 -11.0495 11.049 -0.000515314
260.067 -0.0179853 0.00424585 -11.0475 11.047 -0.000512897
260.079 -0.0179847 0.00424612 -11.0456 11.0451 -0.00050998
260.09 -0.0179839 0.00424661 -11.0437 11.0432 -0.000506512
260.101 -0.0179833 0.00424634 -11.042 11.0415 -0.000503911
260.112 -0.0179833 0.00424613 -11.0402 11.0397 -0.000500998
260.124 -0.0179834 0.0042463 -11.0385 11.038 -0.000497679
260.135 -0.0179842 0.00424663 -11.0369 11.0364 -0.000494577
260.146 -0.0179849 0.00424647 -11.0353 11.0348 -0.000490771
260.157 -0.017985 0.00424719 -11.0338 11.0333 -0.000486525
260.169 -0.0179853 0.00424859 -11.0324 11.0319 -0.000481654
260.18 -0.0179854 0.00424948 -11.031 11.0306 -0.000477258
260.191 -0.0179857 0.00425004 -11.0298 11.0293 -0.000473029
260.202 -0.0179865 0.00425084 -11.0287 11.0282 -0.00046873
260.213 -0.0179873 0.00425132 -11.0276 11.0271 -0.000464063
260.225 -0.0179874 0.00425196 -11.0266 11.0262 -0.000459719
260.236 -0.0179871 0.00425246 -11.0257 11.0253 -0.000456219
260.247 -0.0179869 0.00425311 -11.0249 11.0244 -0.000452859
260.258 -0.0179865 0.00425345 -11.024 11.0236 -0.000449915
260.27 -0.0179868 0.00425423 -11.0233 11.0228 -0.000447062
260.281 -0.0179873 0.00425477 -11.0225 11.0221 -0.000444472
260.292 -0.0179876 0.00425519 -11.0218 11.0214 -0.000441692
260.303 -0.0179881 0.00425538 -11.0212 11.0208 -0.000438089
260.315 -0.0179886 0.0042561 -11.0206 11.0202 -0.000433859
260.326 -0.0179893 0.00425683 -11.02 11.0196 -0.000429894
260.337 -0.0179901 0.00425767 -11.0196 11.0191 -0.000425643
260.348 -0.0179908 0.00425841 -11.0191 11.0187 -0.000422027
260.36 -0.0179919 0.00425906 -11.0188 11.0184 -0.00041782
260.371 -0.017993 0.00425984 -11.0185 11.0181 -0.000413239
260.382 -0.0179944 0.00426031 -11.0182 11.0178 -0.000408286
260.393 -0.0179958 0.0042619 -11.018 11.0176 -0.000403312
260.404 -0.0179961 0.00426306 -11.0179 11.0175 -0.000398166
260.416 -0.017996 0.0042641 -11.0179 11.0175 -0.000392752
260.427 -0.0179957 0.00426451 -11.0179 11.0175 -0.000387275
260.438 -0.0179954 0.00426457 -11.018 11.0176 -0.000382882
260.449 -0.0179955 0.00426453 -11.0181 11.0177 -0.000378414
260.461 -0.0179955 0.00426477 -11.0183 11.0179 -0.000374399
260.472 -0.0179958 0.00426561 -11.0185 11.0181 -0.000370211
260.483 -0.0179959 0.00426655 -11.0188 11.0184 -0.000366033
260.494 -0.0179961 0.00426759 -11.0191 11.0187 -0.000361471
260.506 -0.017997 0.00426917 -11.0195 11.0191 -0.000357314
260.517 -0.0179978 0.0042706 -11.0199 11.0195 -0.000352575
260.528 -0.0179984 0.00427175 -11.0203 11.02 -0.000347652
260.539 -0.017999 0.00427288 -11.0208 11.0205 -0.00034274
260.551 -0.0179996 0.00427413 -11.0214 11.0211 -0.000337681
260.562 -0.0180001 0.00427575 -11.022 11.0217 -0.000332323
260.573 -0.0180007 0.00427754 -11.0227 11.0224 -0.000327074
260.584 -0.0180009 0.00427895 -11.0234 11.0231 -0.000321769
260.596 -0.0180012 0.00428012 -11.0242 11.0239 -0.000316396
260.607 -0.0180014 0.00428121 -11.025 11.0247 -0.000310697
260.618 -0.0180011 0.00428169 -11.0259 11.0256 -0.000305385
260.629 -0.0180007 0.00428225 -11.0269 11.0266 -0.000299797
260.64 -0.0180008 0.00428247 -11.0279 11.0276 -0.000294575
260.652 -0.0180007 0.00428246 -11.0289 11.0286 -0.000289855
260.663 -0.0180012 0.00428369 -11.03 11.0297 -0.000284376
260.674 -0.0180017 0.00428518 -11.0311 11.0308 -0.000278849
260.685 -0.0180023 0.00428636 -11.0323 11.032 -0.000273919
260.697 -0.018003 0.00428757 -11.0335 11.0332 -0.000268678
260.708 -0.0180035 0.00428881 -11.0347 11.0345 -0.000263664
260.719 -0.0180045 0.00428972 -11.036 11.0358 -0.000258675
260.73 -0.0180046 0.00429075 -11.0374 11.0371 -0.000254395
260.742 -0.0180052 0.00429187 -11.0387 11.0385 -0.000250213
260.753 -0.0180061 0.00429321 -11.0401 11.0398 -0.000245916
260.764 -0.0180068 0.00429391 -11.0414 11.0412 -0.00024187
260.775 -0.0180073 0.00429464 -11.0428 11.0426 -0.000237674
260.787 -0.0180083 0.00429508 -11.0442 11.044 -0.000233268
260.798 -0.0180092 0.00429575 -11.0457 11.0455 -0.00022908
260.809 -0.0180094 0.00429711 -11.0471 11.0469 -0.000224099
260.82 -0.0180096 0.00429809 -11.0486 11.0484 -0.000218649
260.831 -0.0180095 0.00429923 -11.0501 11.0499 -0.000213137
260.843 -0.0180094 0.00430013 -11.0517 11.0515 -0.000207772
260.854 -0.0180087 0.00430094 -11.0533 11.0531 -0.000201629
260.865 -0.018009 0.00430238 -11.0549 11.0547 -0.000194746
260.876 -0.0180096 0.00430342 -11.0566 11.0564 -0.000189325
260.888 -0.0180099 0.00430441 -11.0583 11.0581 -0.000183214
260.899 -0.0180103 0.00430548 -11.06 11.0598 -0.000177526
260.91 -0.0180108 0.00430683 -11.0617 11.0615 -0.000172161
260.921 -0.0180114 0.00430842 -11.0634 11.0633 -0.000166089
260.933 -0.0180122 0.00431016 -11.0652 11.0651 -0.000160084
260.944 -0.0180131 0.00431201 -11.067 11.0669 -0.00015357
260.955 -0.0180137 0.00431357 -11.0688 11.0687 -0.000147004
260.966 -0.0180148 0.00431521 -11.0707 11.0705 -0.000140939
260.978 -0.0180158 0.00431672 -11.0726 11.0724 -0.000134852
260.989 -0.0180168 0.00431783 -11.0744 11.0743 -0.00012889
261 -0.0180176 0.0043189 -11.0763 11.0762 -0.000122676
261.011 -0.0180184 0.00431989 -11.0782 11.0781 -0.000116484
261.022 -0.0180193 0.00432021 -11.0801 11.08 -0.000110119
261.034 -0.0180202 0.00432123 -11.0821 11.082 -0.000103235
261.045 -0.0180207 0.00432204 -11.0841 11.084 -9.77826e-05
261.056 -0.0180212 0.00432285 -11.0861 11.086 -9.23491e-05
261.067 -0.0180223 0.0043231 -11.088 11.0879 -8.7338e-05
261.079 -0.0180231 0.00432375 -11.09 11.0899 -8.22142e-05
261.09 -0.0180239 0.00432483 -11.0919 11.0918 -7.58672e-05
261.101 -0.0180247 0.00432671 -11.0939 11.0938 -6.94715e-05
261.112 -0.0180254 0.00432857 -11.0959 11.0958 -6.28219e-05
261.124 -0.0180261 0.0043302 -11.0979 11.0978 -5.63721e-05
261.135 -0.0180266 0.00433146 -11.0999 11.0999 -5.07509e-05
261.146 -0.0180275 0.00433298 -11.1019 11.1019 -4.50048e-05
261.157 -0.0180287 0.00433414 -11.104 11.1039 -3.91287e-05
261.169 -0.0180297 0.00433555 -11.106 11.106 -3.34721e-05
261.18 -0.0180314 0.00433719 -11.1081 11.1081 -2.69083e-05
261.191 -0.0180327 0.00433855 -11.1102 11.1102 -2.06996e-05
261.202 -0.0180345 0.00433996 -11.1123 11.1122 -1.40146e-05
261.213 -0.0180359 0.00434161 -11.1144 11.1144 -7.28659e-06
261.225 -0.0180369 0.00434299 -11.1165 11.1165 1.45391e-07
261.236 -0.0180373 0.00434423 -11.1186 11.1186 7.23559e-06
261.247 -0.0180381 0.00434534 -11.1207 11.1207 1.45974e-05
261.258 -0.0180389 0.00434595 -11.1228 11.1229 2.19344e-05
261.27 -0.0180396 0.00434687 -11.125 11.125 2.9647e-05
261.281 -0.0180401 0.00434772 -11.1272 11.1272 3.68438e-05
261.292 -0.0180409 0.00434732 -11.1293 11.1294 4.34363e-05
261.303 -0.0180417 0.00434785 -11.1315 11.1315 4.99575e-05
261.315 -0.0180429 0.00434804 -11.1337 11.1337 5.67378e-05
261.326 -0.0180432 0.0043478 -11.1358 11.1359 6.26663e-05
261.337 -0.0180438 0.00434754 -11.138 11.138 6.88684e-05
261.348 -0.0180446 0.0043474 -11.1401 11.1402 7.54247e-05
261.36 -0.0180457 0.00434761 -11.1422 11.1423 8.25907e-05
261.371 -0.0180469 0.00434843 -11.1444 11.1445 8.96917e-05
261.382 -0.0180481 0.00434927 -11.1465 11.1466 9.69889e-05
261.393 -0.0180497 0.00434975 -11.1487 11.1488 0.00010301
261.404 -0.0180511 0.00434998 -11.1509 11.151 0.000108974
261.416 -0.0180521 0.00435104 -11.153 11.1531 0.000115099
261.427 -0.0180531 0.00435217 -11.1552 11.1553 0.000122456
261.438 -0.0180539 0.00435346 -11.1573 11.1575 0.000129668
261.449 -0.0180554 0.00435495 -11.1595 11.1596 0.000136566
261.461 -0.0180566 0.00435632 -11.1617 11.1618 0.0001438
261.472 -0.0180572 0.00435741 -11.1638 11.164 0.000151023
261.483 -0.0180577 0.00435905 -11.166 11.1662 0.000157816
261.494 -0.0180581 0.00436025 -11.1681 11.1683 0.000165162
261.506 -0.0180585 0.00436164 -11.1703 11.1705 0.00017186
261.517 -0.0180587 0.00436262 -11.1724 11.1726 0.000177512
261.528 -0.0180586 0.00436318 -11.1745 11.1747 0.00018304
261.539 -0.0180585 0.00436382 -11.1766 11.1768 0.000188244
261.551 -0.0180583 0.0043646 -11.1786 11.1788 0.000193308
261.562 -0.018059 0.00436513 -11.1806 11.1808 0.000198788
261.573 -0.0180595 0.00436597 -11.1826 11.1828 0.000204636
261.584 -0.0180606 0.00436657 -11.1846 11.1848 0.000210439
261.596 -0.0180611 0.00436727 -11.1866 11.1868 0.00021676
261.607 -0.0180621 0.00436844 -11.1885 11.1888 0.000223692
261.618 -0.0180628 0.0043697 -11.1905 11.1908 0.000230285
261.629 -0.0180635 0.00437039 -11.1925 11.1927 0.000237238
261.64 -0.0180641 0.00437128 -11.1945 11.1947 0.000244199
261.652 -0.0180651 0.00437139 -11.1964 11.1967 0.000250536
261.663 -0.0180662 0.00437236 -11.1983 11.1986 0.000257614
261.674 -0.0180675 0.00437275 -11.2003 11.2005 0.000264984
261.685 -0.0180686 0.00437327 -11.2022 11.2024 0.00027141
261.697 -0.0180695 0.00437345 -11.204 11.2043 0.000277771
261.708 -0.0180705 0.00437404 -11.2059 11.2062 0.000283622
261.719 -0.0180714 0.00437479 -11.2077 11.208 0.000289415
261.73 -0.0180722 0.00437599 -11.2095 11.2098 0.000295145
261.742 -0.0180729 0.00437681 -11.2113 11.2116 0.000300869
261.753 -0.0180739 0.00437796 -11.213 11.2134 0.000306023
261.764 -0.0180747 0.00437914 -11.2148 11.2151 0.000311445
261.775 -0.0180753 0.00438066 -11.2164 11.2168 0.0003166
261.787 -0.0180762 0.00438185 -11.2181 11.2184 0.00032172
261.798 -0.0180769 0.00438296 -11.2197 11.2201 0.000327665
261.809 -0.0180776 0.00438395 -11.2213 11.2217 0.000333662
261.82 -0.0180784 0.00438548 -11.2229 11.2233 0.000339371
261.831 -0.0180788 0.00438636 -11.2245 11.2249 0.000346156
261.843 -0.0180797 0.00438737 -11.2261 11.2264 0.000352833
261.854 -0.0180805 0.00438798 -11.2276 11.228 0.000358962
261.865 -0.0180815 0.00438839 -11.2291 11.2295 0.000365402
261.876 -0.018082 0.00438819 -11.2306 11.2309 0.000371975
261.888 -0.0180829 0.00438849 -11.232 11.2324 0.000378482
261.899 -0.0180841 0.00438876 -11.2334 11.2338 0.000385563
261.91 -0.0180852 0.00438922 -11.2348 11.2352 0.00039216
261.921 -0.0180862 0.00438935 -11.2362 11.2366 0.000399125
261.933 -0.0180877 0.00438948 -11.2375 11.238 0.000404978
261.944 -0.0180893 0.00438918 -11.2389 11.2393 0.00041093
261.955 -0.0180909 0.00438932 -11.2401 11.2406 0.000416965
261.966 -0.0180921 0.00438926 -11.2414 11.2418 0.000423263
261.978 -0.0180931 0.00438932 -11.2426 11.243 0.000429486
261.989 -0.0180942 0.00438926 -11.2438 11.2442 0.000435638
262 -0.0180952 0.00438989 -11.2449 11.2454 0.000441749
262.011 -0.0180962 0.00439029 -11.246 11.2465 0.000448159
262.022 -0.0180978 0.0043911 -11.2471 11.2476 0.000454791
262.034 -0.0180993 0.00439212 -11.2482 11.2487 0.000461673
262.045 -0.0181009 0.00439321 -11.2493 11.2497 0.000468498
262.056 -0.0181022 0.00439332 -11.2503 11.2508 0.000474446
262.067 -0.018103 0.00439311 -11.2513 11.2517 0.000480172
262.079 -0.0181037 0.00439222 -11.2522 11.2527 0.000485398
262.09 -0.0181046 0.00439117 -11.253 11.2535 0.000490807
262.101 -0.0181057 0.00438995 -11.2539 11.2544 0.000496557
262.112 -0.0181076 0.00438962 -11.2546 11.2551 0.000503078
262.124 -0.0181097 0.00438877 -11.2554 11.2559 0.000509538
262.135 -0.0181117 0.00438818 -11.2561 11.2566 0.000515904
262.146 -0.0181137 0.0043878 -11.2568 11.2573 0.000522226
262.157 -0.0181151 0.00438878 -11.2574 11.2579 0.000528189
262.169 -0.0181169 0.00438923 -11.258 11.2585 0.000534295
262.18 -0.0181184 0.00439017 -11.2586 11.2591 0.000540278
262.191 -0.01812 0.00439124 -11.2591 11.2596 0.000546529
262.202 -0.0181212 0.0043924 -11.2596 11.2601 0.000553291
262.213 -0.0181224 0.00439425 -11.26 11.2606 0.000559062
262.225 -0.018123 0.00439641 -11.2605 11.261 0.000564729
262.236 -0.0181234 0.0043987 -11.2608 11.2614 0.000570102
262.247 -0.0181238 0.00440057 -11.2612 11.2618 0.000575931
262.258 -0.0181244 0.00440237 -11.2615 11.2621 0.000581274
262.27 -0.0181248 0.00440479 -11.2618 11.2623 0.000586977
262.281 -0.0181256 0.00440657 -11.262 11.2626 0.000592395
262.292 -0.0181261 0.00440845 -11.2621 11.2627 0.000597446
262.303 -0.0181263 0.00440991 -11.2623 11.2629 0.000602849
262.315 -0.0181265 0.00441133 -11.2623 11.2629 0.000608351
262.326 -0.0181265 0.00441251 -11.2624 11.263 0.000613926
262.337 -0.0181269 0.00441276 -11.2623 11.263 0.000620147
262.348 -0.018127 0.00441295 -11.2623 11.2629 0.00062622
262.36 -0.0181278 0.00441317 -11.2622 11.2628 0.000632264
262.371 -0.0181282 0.00441293 -11.262 11.2626 0.000637942
262.382 -0.0181287 0.00441248 -11.2617 11.2624 0.000643449
262.393 -0.0181286 0.00441178 -11.2615 11.2621 0.00064791
262.404 -0.0181282 0.00441131 -11.2611 11.2618 0.000652123
262.416 -0.0181281 0.00441056 -11.2607 11.2614 0.000656319
262.427 -0.0181295 0.00441058 -11.2602 11.2609 0.000661133
262.438 -0.018131 0.00441056 -11.2597 11.2603 0.000666601
262.449 -0.0181332 0.00441047 -11.2591 11.2598 0.000671792
262.461 -0.0181356 0.0044099 -11.2585 11.2592 0.000676554
262.472 -0.0181373 0.00441039 -11.2578 11.2585 0.000682499
262.483 -0.0181395 0.00441126 -11.2571 11.2578 0.000688211
262.494 -0.0181417 0.00441193 -11.2563 11.257 0.000694092
262.506 -0.0181437 0.00441276 -11.2555 11.2562 0.000700875
262.517 -0.0181457 0.00441377 -11.2547 11.2555 0.000707153
262.528 -0.0181476 0.00441495 -11.2539 11.2546 0.00071319
262.539 -0.0181485 0.00441596 -11.2531 11.2538 0.000718413
262.551 -0.0181493 0.00441699 -11.2521 11.2528 0.000723388
262.562 -0.0181503 0.00441843 -11.2512 11.2519 0.000727611
262.573 -0.0181512 0.00441997 -11.2501 11.2509 0.000732733
262.584 -0.0181522 0.00442141 -11.2491 11.2498 0.000738325
262.596 -0.0181531 0.00442261 -11.2479 11.2487 0.000743744
262.607 -0.0181541 0.00442362 -11.2468 11.2476 0.000750134
262.618 -0.0181548 0.0044246 -11.2456 11.2464 0.000756102
262.629 -0.0181564 0.00442522 -11.2445 11.2452 0.000761568
262.64 -0.0181571 0.00442538 -11.2432 11.244 0.000767581
262.652 -0.0181583 0.00442518 -11.242 11.2427 0.000773932
262.663 -0.0181589 0.00442547 -11.2407 11.2415 0.000780012
262.674 -0.0181598 0.00442598 -11.2393 11.2401 0.000786338
262.685 -0.018161 0.00442648 -11.2379 11.2387 0.000792759
262.697 -0.0181626 0.00442728 -11.2365 11.2373 0.000798788
262.708 -0.0181638 0.00442755 -11.235 11.2358 0.000805004
262.719 -0.0181649 0.0044277 -11.2335 11.2343 0.000810886
262.73 -0.0181664 0.00442734 -11.232 11.2328 0.000816243
262.742 -0.0181678 0.00442625 -11.2304 11.2312 0.000821374
262.753 -0.0181694 0.00442532 -11.2287 11.2295 0.000826362
262.764 -0.0181703 0.00442458 -11.2271 11.2279 0.00083157
262.775 -0.0181723 0.00442416 -11.2253 11.2261 0.000837676
262.787 -0.0181745 0.00442362 -11.2236 11.2244 0.00084468
262.798 -0.0181767 0.00442386 -11.2218 11.2227 0.000851156
262.809 -0.018179 0.00442419 -11.2201 11.2209 0.00085832
262.82 -0.0181812 0.00442465 -11.2183 11.2191 0.000864453
262.831 -0.0181835 0.0044248 -11.2165 11.2173 0.000869969
262.843 -0.0181855 0.00442508 -11.2146 11.2155 0.000875833
262.854 -0.0181868 0.00442487 -11.2128 11.2137 0.000880828
262.865 -0.0181881 0.00442529 -11.2109 11.2118 0.000884674
262.876 -0.0181895 0.0044254 -11.209 11.2099 0.000889689
262.888 -0.0181904 0.00442497 -11.207 11.2079 0.000894397
262.899 -0.0181916 0.00442463 -11.205 11.2059 0.000899053
262.91 -0.0181928 0.00442425 -11.2029 11.2038 0.000904289
262.921 -0.0181937 0.00442429 -11.2008 11.2017 0.000909017
262.933 -0.0181947 0.00442465 -11.1987 11.1996 0.000914041
262.944 -0.0181956 0.00442486 -11.1965 11.1974 0.000919619
262.955 -0.0181964 0.00442529 -11.1944 11.1953 0.000924808
262.966 -0.0181978 0.00442537 -11.1922 11.1931 0.000930554
262.978 -0.0181993 0.00442559 -11.19 11.1909 0.000936399
262.989 -0.0182006 0.00442579 -11.1878 11.1887 0.000941942
263 -0.0182017 0.00442596 -11.1856 11.1866 0.000947072
263.011 -0.0182027 0.00442571 -11.1834 11.1843 0.000953291
263.022 -0.0182033 0.00442556 -11.1812 11.1821 0.00095982
263.034 -0.0182039 0.00442522 -11.179 11.1799 0.000965771
263.045 -0.0182042 0.00442505 -11.1767 11.1777 0.000971914
263.056 -0.0182045 0.00442448 -11.1745 11.1754 0.000977747
263.067 -0.0182045 0.00442381 -11.1722 11.1732 0.000982983
263.079 -0.0182047 0.00442378 -11.1699 11.1709 0.000988701
263.09 -0.0182044 0.00442356 -11.1676 11.1686 0.000993699
263.101 -0.0182049 0.00442385 -11.1653 11.1663 0.000998816
263.112 -0.0182057 0.00442439 -11.1629 11.1639 0.00100431
263.124 -0.0182067 0.00442471 -11.1605 11.1615 0.00100952
263.135 -0.0182078 0.00442491 -11.1581 11.1591 0.00101462
263.146 -0.0182093 0.00442518 -11.1557 11.1567 0.00102027
263.157 -0.0182106 0.00442543 -11.1533 11.1543 0.00102529
263.169 -0.0182119 0.00442578 -11.1509 11.1519 0.00103006
263.18 -0.018213 0.00442637 -11.1485 11.1495 0.0010353
263.191 -0.0182138 0.00442746 -11.1461 11.1471 0.00103991
263.202 -0.0182151 0.00442787 -11.1436 11.1446 0.00104537
263.213 -0.0182158 0.00442891 -11.1411 11.1422 0.00105114
263.225 -0.0182169 0.00442937 -11.1386 11.1397 0.00105637
263.236 -0.018218 0.00443011 -11.1361 11.1372 0.00106093
263.247 -0.018219 0.00443049 -11.1336 11.1347 0.00106609
263.258 -0.01822 0.00443071 -11.1311 11.1322 0.00107137
263.27 -0.0182211 0.004431 -11.1286 11.1297 0.0010765
263.281 -0.0182221 0.00443161 -11.1261 11.1272 0.00108212
263.292 -0.0182228 0.00443232 -11.1236 11.1247 0.00108804
263.303 -0.0182237 0.00443317 -11.1211 11.1222 0.00109485
263.315 -0.0182244 0.0044339 -11.1186 11.1197 0.00110085
263.326 -0.0182252 0.00443479 -11.1162 11.1173 0.00110697
263.337 -0.0182259 0.0044352 -11.1137 11.1148 0.00111292
263.348 -0.0182259 0.00443552 -11.1113 11.1124 0.00111882
263.36 -0.0182261 0.00443592 -11.1088 11.11 0.00112491
263.371 -0.0182265 0.00443638 -11.1064 11.1076 0.00113081
263.382 -0.018227 0.00443721 -11.104 11.1051 0.00113663
263.393 -0.0182277 0.00443784 -11.1016 11.1027 0.00114348
263.404 -0.018229 0.00443826 -11.0992 11.1003 0.0011498
263.416 -0.01823 0.00443909 -11.0968 11.0979 0.00115689
263.427 -0.0182309 0.00444006 -11.0944 11.0956 0.0011633
263.438 -0.018232 0.0044403 -11.0921 11.0932 0.00116922
263.449 -0.0182334 0.00444086 -11.0897 11.0909 0.00117576
263.461 -0.018235 0.00444094 -11.0874 11.0886 0.00118284
263.472 -0.018237 0.0044415 -11.0852 11.0863 0.00118954
263.483 -0.0182379 0.00444152 -11.0829 11.0841 0.00119572
263.494 -0.0182389 0.00444287 -11.0807 11.0819 0.00120082
263.506 -0.0182397 0.00444366 -11.0784 11.0796 0.0012063
263.517 -0.0182412 0.00444489 -11.0762 11.0774 0.00121143
263.528 -0.0182426 0.00444577 -11.074 11.0752 0.00121666
263.539 -0.0182442 0.00444631 -11.0717 11.073 0.00122222
263.551 -0.0182458 0.00444664 -11.0695 11.0707 0.00122802
263.562 -0.0182478 0.00444703 -11.0673 11.0685 0.00123399
263.573 -0.0182498 0.00444726 -11.0651 11.0664 0.00123949
263.584 -0.018251 0.00444664 -11.0629 11.0642 0.00124531
263.596 -0.0182519 0.00444591 -11.0608 11.062 0.00125065
263.607 -0.0182526 0.00444527 -11.0586 11.0599 0.00125568
263.618 -0.0182532 0.00444426 -11.0565 11.0578 0.00126176
263.629 -0.0182538 0.00444307 -11.0544 11.0557 0.00126756
263.64 -0.0182541 0.00444238 -11.0523 11.0536 0.0012725
263.652 -0.0182543 0.00444229 -11.0502 11.0515 0.00127803
263.663 -0.0182548 0.00444231 -11.0482 11.0495 0.00128358
263.674 -0.0182546 0.00444254 -11.0462 11.0474 0.00128845
263.685 -0.0182551 0.00444251 -11.0441 11.0454 0.0012939
263.697 -0.0182557 0.00444223 -11.0421 11.0434 0.00129976
263.708 -0.0182564 0.00444161 -11.0401 11.0414 0.00130542
263.719 -0.0182569 0.00444128 -11.0381 11.0395 0.00131074
263.73 -0.0182578 0.00444096 -11.0362 11.0375 0.00131585
263.742 -0.0182581 0.00444075 -11.0342 11.0355 0.00132089
263.753 -0.0182585 0.00444012 -11.0323 11.0336 0.00132609
263.764 -0.0182582 0.00443923 -11.0303 11.0316 0.00133167
263.775 -0.0182581 0.0044382 -11.0284 11.0297 0.00133734
263.787 -0.0182585 0.00443705 -11.0265 11.0278 0.00134308
263.798 -0.0182592 0.00443667 -11.0246 11.0259 0.00134887
263.809 -0.01826 0.00443533 -11.0227 11.0241 0.00135396
263.82 -0.0182607 0.00443413 -11.0209 11.0223 0.00135893
263.831 -0.0182612 0.00443405 -11.019 11.0204 0.00136416
263.843 -0.0182622 0.00443409 -11.0172 11.0186 0.00136943
263.854 -0.0182635 0.00443394 -11.0154 11.0168 0.00137507
263.865 -0.0182648 0.00443394 -11.0136 11.015 0.00138107
263.876 -0.0182658 0.00443409 -11.0118 11.0132 0.00138655
263.888 -0.0182668 0.00443398 -11.01 11.0114 0.00139257
263.899 -0.0182677 0.00443417 -11.0083 11.0097 0.00139848
263.91 -0.0182684 0.00443458 -11.0066 11.008 0.00140394
263.921 -0.0182692 0.00443495 -11.0049 11.0063 0.0014097
263.933 -0.0182696 0.00443527 -11.0033 11.0047 0.00141465
263.944 -0.0182701 0.00443511 -11.0017 11.0031 0.00141989
263.955 -0.0182711 0.00443504 -11.0001 11.0015 0.0014254
263.966 -0.0182718 0.00443462 -10.9984 10.9999 0.00143088
263.978 -0.0182724 0.00443411 -10.9969 10.9983 0.0014361
263.989 -0.0182724 0.00443367 -10.9953 10.9967 0.00144073
264 -0.0182729 0.00443348 -10.9937 10.9951 0.00144566
264.011 -0.0182734 0.0044327 -10.9921 10.9936 0.00145044
264.022 -0.0182745 0.00443246 -10.9905 10.992 0.00145554
264.034 -0.0182756 0.00443208 -10.989 10.9905 0.00146103
264.045 -0.0182768 0.00443167 -10.9875 10.989 0.00146642
264.056 -0.0182781 0.00443134 -10.986 10.9875 0.00147259
264.067 -0.0182796 0.00443128 -10.9845 10.986 0.00147838
264.079 -0.0182806 0.00443169 -10.9831 10.9846 0.00148405
264.09 -0.0182815 0.00443172 -10.9817 10.9832 0.00148997
264.101 -0.0182821 0.00443191 -10.9803 10.9818 0.00149619
264.112 -0.0182822 0.00443261 -10.979 10.9805 0.00150187
264.124 -0.0182824 0.0044329 -10.9776 10.9791 0.00150774
264.135 -0.018283 0.00443303 -10.9763 10.9778 0.0015139
264.146 -0.0182835 0.00443315 -10.975 10.9766 0.00152004
264.157 -0.0182842 0.00443316 -10.9738 10.9753 0.00152606
264.169 -0.0182847 0.00443324 -10.9726 10.9741 0.00153219
264.18 -0.018285 0.00443277 -10.9714 10.973 0.00153816
264.191 -0.0182852 0.00443389 -10.9703 10.9718 0.0015444
264.202 -0.0182858 0.00443498 -10.9692 10.9707 0.00155097
264.213 -0.018286 0.00443624 -10.9681 10.9697 0.00155678
264.225 -0.0182864 0.00443675 -10.967 10.9686 0.00156353
264.236 -0.0182866 0.00443745 -10.9661 10.9676 0.00157015
264.247 -0.018287 0.0044377 -10.9651 10.9667 0.00157714
264.258 -0.0182874 0.00443815 -10.9642 10.9658 0.00158427
264.27 -0.0182879 0.00443835 -10.9633 10.9649 0.00159064
264.281 -0.0182881 0.00443858 -10.9625 10.9641 0.00159674
264.292 -0.0182885 0.00443835 -10.9617 10.9633 0.00160285
264.303 -0.0182887 0.0044387 -10.961 10.9626 0.00160892
264.315 -0.018289 0.00443822 -10.9603 10.9619 0.00161483
264.326 -0.0182894 0.00443779 -10.9596 10.9612 0.00162103
264.337 -0.0182892 0.00443836 -10.959 10.9606 0.00162555
264.348 -0.018289 0.00443909 -10.9584 10.96 0.00163023
264.36 -0.0182891 0.00443904 -10.9578 10.9594 0.00163539
264.371 -0.0182893 0.00443921 -10.9573 10.9589 0.00164099
264.382 -0.0182898 0.00443919 -10.9567 10.9584 0.00164624
264.393 -0.0182897 0.00443918 -10.9562 10.9578 0.00165272
264.404 -0.0182898 0.0044384 -10.9557 10.9573 0.0016584
264.416 -0.0182907 0.00443749 -10.9552 10.9569 0.00166417
264.427 -0.0182916 0.0044371 -10.9548 10.9565 0.00167031
264.438 -0.0182924 0.00443666 -10.9544 10.9561 0.00167599
264.449 -0.0182933 0.00443618 -10.954 10.9557 0.00168121
264.461 -0.0182942 0.00443546 -10.9537 10.9554 0.00168693
264.472 -0.0182949 0.00443459 -10.9534 10.9551 0.00169218
264.483 -0.0182955 0.00443422 -10.9531 10.9548 0.00169724
264.494 -0.0182961 0.00443387 -10.9528 10.9545 0.00170236
264.506 -0.0182962 0.00443359 -10.9526 10.9543 0.00170698
264.517 -0.018296 0.00443356 -10.9523 10.954 0.00171137
264.528 -0.0182952 0.00443389 -10.9521 10.9538 0.0017158
264.539 -0.0182946 0.00443417 -10.9518 10.9536 0.00172047
264.551 -0.0182936 0.0044349 -10.9517 10.9534 0.00172426
264.562 -0.0182929 0.00443553 -10.9515 10.9532 0.00172791
264.573 -0.0182918 0.00443567 -10.9513 10.953 0.00173122
264.584 -0.0182913 0.0044357 -10.9511 10.9529 0.00173466
264.596 -0.0182908 0.00443577 -10.951 10.9527 0.00173824
264.607 -0.0182901 0.00443579 -10.9509 10.9526 0.00174187
264.618 -0.0182896 0.00443587 -10.9508 10.9525 0.00174529
264.629 -0.0182896 0.00443559 -10.9507 10.9525 0.00174893
264.64 -0.0182899 0.00443539 -10.9507 10.9525 0.00175342
264.652 -0.0182904 0.00443507 -10.9507 10.9525 0.00175743
264.663 -0.0182908 0.00443461 -10.9507 10.9525 0.00176234
264.674 -0.0182911 0.00443402 -10.9508 10.9526 0.00176701
264.685 -0.0182914 0.00443346 -10.9509 10.9527 0.00177139
264.697 -0.0182917 0.00443308 -10.9511 10.9528 0.00177618
264.708 -0.0182922 0.00443252 -10.9512 10.953 0.00178095
264.719 -0.0182926 0.004432 -10.9514 10.9532 0.00178559
264.73 -0.0182931 0.00443159 -10.9517 10.9534 0.00179092
264.742 -0.0182936 0.00443119 -10.9519 10.9537 0.00179622
264.753 -0.0182943 0.00443069 -10.9522 10.954 0.00180142
264.764 -0.0182947 0.00443052 -10.9526 10.9544 0.00180638
264.775 -0.0182954 0.00443049 -10.9529 10.9548 0.00181149
264.787 -0.0182961 0.00443033 -10.9534 10.9552 0.00181648
264.798 -0.0182967 0.00443056 -10.9538 10.9556 0.00182178
264.809 -0.018297 0.00443079 -10.9543 10.9561 0.00182771
264.82 -0.0182973 0.00443087 -10.9549 10.9567 0.00183281
264.831 -0.0182968 0.00443097 -10.9554 10.9573 0.00183806
264.843 -0.0182964 0.00443144 -10.9561 10.9579 0.00184345
264.854 -0.0182964 0.00443141 -10.9567 10.9585 0.00184897
264.865 -0.0182964 0.0044313 -10.9574 10.9592 0.00185485
264.876 -0.0182964 0.00443106 -10.9581 10.9599 0.00186022
264.888 -0.0182965 0.00443111 -10.9588 10.9607 0.00186617
264.899 -0.0182967 0.00443041 -10.9596 10.9615 0.0018723
264.91 -0.0182974 0.0044302 -10.9604 10.9623 0.00187808
264.921 -0.0182981 0.0044299 -10.9613 10.9632 0.0018838
264.933 -0.0182978 0.00443088 -10.9623 10.9641 0.00188995
264.944 -0.0182981 0.00443074 -10.9632 10.9651 0.00189641
264.955 -0.0182985 0.00443069 -10.9642 10.9661 0.00190235
264.966 -0.0182991 0.00443079 -10.9653 10.9672 0.00190892
264.978 -0.0182993 0.00443092 -10.9664 10.9683 0.00191535
264.989 -0.0182993 0.00443092 -10.9675 10.9694 0.00192116
265 -0.0182994 0.00443087 -10.9687 10.9706 0.00192706
265.011 -0.0182995 0.004431 -10.9699 10.9718 0.00193252
265.022 -0.0182995 0.00443125 -10.9711 10.9731 0.0019377
265.034 -0.0182999 0.00443106 -10.9724 10.9743 0.00194319
265.045 -0.0183002 0.0044312 -10.9737 10.9756 0.00194858
265.056 -0.0183007 0.00443112 -10.975 10.977 0.00195359
265.067 -0.0183013 0.00443109 -10.9764 10.9784 0.00195897
265.079 -0.0183018 0.00443057 -10.9778 10.9798 0.00196351
265.09 -0.0183025 0.00443021 -10.9793 10.9812 0.00196827
265.101 -0.0183031 0.00443016 -10.9807 10.9827 0.0019736
265.112 -0.0183036 0.00442929 -10.9822 10.9842 0.00197869
265.124 -0.0183039 0.00442841 -10.9838 10.9857 0.00198347
265.135 -0.0183039 0.00442793 -10.9853 10.9873 0.00198869
265.146 -0.0183038 0.00442735 -10.9869 10.9889 0.00199404
265.157 -0.018304 0.00442673 -10.9885 10.9905 0.00199895
265.169 -0.0183036 0.00442614 -10.9901 10.9922 0.00200473
265.18 -0.0183031 0.00442546 -10.9918 10.9938 0.00201042
265.191 -0.0183028 0.00442492 -10.9935 10.9955 0.00201634
265.202 -0.0183027 0.00442422 -10.9952 10.9973 0.00202223
265.213 -0.0183024 0.00442349 -10.997 10.999 0.00202775
265.225 -0.0183021 0.00442261 -10.9988 11.0008 0.00203319
265.236 -0.0183018 0.00442131 -11.0006 11.0026 0.00203896
265.247 -0.0183015 0.00441981 -11.0024 11.0045 0.00204509
265.258 -0.0183009 0.00441856 -11.0043 11.0063 0.00205023
265.27 -0.0183006 0.00441715 -11.0061 11.0082 0.002056
265.281 -0.0183004 0.00441579 -11.008 11.0101 0.00206131
265.292 -0.0183002 0.00441442 -11.01 11.012 0.00206653
265.303 -0.0183004 0.00441288 -11.0119 11.014 0.00207156
265.315 -0.0183004 0.00441174 -11.0139 11.016 0.00207696
265.326 -0.0183001 0.00441144 -11.0159 11.018 0.00208102
265.337 -0.0183005 0.00441097 -11.0179 11.02 0.00208576
265.348 -0.0183003 0.00441058 -11.0199 11.022 0.00209073
265.36 -0.0183 0.00441026 -11.0219 11.024 0.00209502
265.371 -0.0183001 0.00441014 -11.024 11.0261 0.00209941
265.382 -0.0182999 0.00440975 -11.026 11.0281 0.00210399
265.393 -0.0183 0.00440987 -11.0281 11.0302 0.002108
265.404 -0.0183 0.00440974 -11.0301 11.0322 0.00211262
265.416 -0.0182994 0.00440947 -11.0322 11.0343 0.00211672
265.427 -0.0182993 0.00440944 -11.0343 11.0364 0.00212056
265.438 -0.0182989 0.00440952 -11.0364 11.0385 0.00212496
265.449 -0.0182987 0.00440944 -11.0385 11.0406 0.00212971
265.461 -0.0182986 0.00440963 -11.0406 11.0427 0.00213363
265.472 -0.0182984 0.0044095 -11.0427 11.0448 0.00213793
265.483 -0.0182979 0.00440962 -11.0448 11.0469 0.00214241
265.494 -0.0182974 0.00441003 -11.0469 11.0491 0.00214675
265.506 -0.018297 0.00441017 -11.049 11.0512 0.0021512
265.517 -0.0182968 0.00441074 -11.0512 11.0534 0.00215583
265.528 -0.0182971 0.00441113 -11.0534 11.0556 0.00215971
265.539 -0.018297 0.00441148 -11.0556 11.0578 0.00216367
265.551 -0.0182969 0.004412 -11.0578 11.06 0.00216762
265.562 -0.018297 0.00441242 -11.06 11.0622 0.00217163
265.573 -0.018297 0.0044128 -11.0623 11.0644 0.00217588
265.584 -0.0182971 0.00441354 -11.0645 11.0667 0.00218045
265.596 -0.018297 0.0044137 -11.0668 11.069 0.00218395
265.607 -0.0182968 0.00441406 -11.0691 11.0713 0.00218814
265.618 -0.0182971 0.00441414 -11.0714 11.0736 0.00219252
265.629 -0.0182981 0.00441419 -11.0737 11.0759 0.00219714
265.64 -0.0182991 0.00441401 -11.0761 11.0783 0.00220194
265.652 -0.0183 0.00441413 -11.0785 11.0807 0.00220666
265.663 -0.0183009 0.00441403 -11.0809 11.0831 0.00221178
265.674 -0.0183019 0.00441396 -11.0833 11.0855 0.00221651
265.685 -0.0183031 0.0044142 -11.0858 11.088 0.00222165
265.697 -0.0183042 0.00441435 -11.0883 11.0905 0.00222635
265.708 -0.018305 0.00441466 -11.0908 11.093 0.00223127
265.719 -0.0183062 0.00441533 -11.0933 11.0956 0.00223644
265.73 -0.0183073 0.00441519 -11.0959 11.0982 0.00224114
265.742 -0.0183084 0.00441567 -11.0985 11.1008 0.00224635
265.753 -0.0183096 0.00441614 -11.1011 11.1034 0.00225153
265.764 -0.0183111 0.00441652 -11.1038 11.106 0.00225682
265.775 -0.0183125 0.00441675 -11.1064 11.1087 0.00226209
265.787 -0.0183136 0.00441741 -11.1091 11.1114 0.00226731
265.798 -0.0183152 0.00441762 -11.1119 11.1141 0.0022723
265.809 -0.0183164 0.00441791 -11.1146 11.1169 0.00227783
265.82 -0.0183174 0.00441846 -11.1173 11.1196 0.00228337
265.831 -0.0183186 0.00441862 -11.1201 11.1224 0.00228839
265.843 -0.0183195 0.00441951 -11.1229 11.1252 0.00229367
265.854 -0.0183205 0.00442016 -11.1258 11.128 0.00229838
265.865 -0.0183215 0.00442023 -11.1286 11.1309 0.00230331
265.876 -0.0183227 0.00442092 -11.1314 11.1337 0.00230871
265.888 -0.0183242 0.00442135 -11.1343 11.1366 0.00231349
265.899 -0.0183252 0.00442144 -11.1371 11.1395 0.00231832
265.91 -0.0183262 0.00442148 -11.14 11.1423 0.00232333
265.921 -0.0183273 0.00442166 -11.1428 11.1452 0.00232856
265.933 -0.0183284 0.00442184 -11.1458 11.1481 0.00233331
265.944 -0.0183295 0.00442227 -11.1486 11.151 0.00233799
265.955 -0.0183304 0.00442291 -11.1516 11.1539 0.00234242
265.966 -0.0183314 0.00442364 -11.1545 11.1569 0.0023469
265.978 -0.0183324 0.00442449 -11.1574 11.1597 0.00235192
265.989 -0.0183334 0.00442551 -11.1603 11.1627 0.00235665
266 -0.0183345 0.00442617 -11.1633 11.1656 0.00236112
266.011 -0.0183352 0.00442671 -11.1662 11.1686 0.00236545
266.022 -0.0183368 0.00442756 -11.1692 11.1716 0.00237072
266.034 -0.018338 0.0044278 -11.1722 11.1746 0.00237539
266.045 -0.0183392 0.00442816 -11.1752 11.1775 0.00238022
266.056 -0.0183406 0.00442878 -11.1781 11.1805 0.00238503
266.067 -0.0183419 0.00442942 -11.1812 11.1836 0.0023897
266.079 -0.0183431 0.00443005 -11.1842 11.1865 0.00239478
266.09 -0.0183446 0.00443082 -11.1872 11.1896 0.00239971
266.101 -0.0183456 0.00443189 -11.1902 11.1926 0.0024041
266.112 -0.0183468 0.00443291 -11.1932 11.1956 0.0024083
266.124 -0.0183483 0.00443394 -11.1963 11.1987 0.00241232
266.135 -0.0183492 0.00443518 -11.1993 11.2017 0.00241601
266.146 -0.0183502 0.00443636 -11.2023 11.2047 0.00241964
266.157 -0.0183514 0.00443746 -11.2053 11.2078 0.00242332
266.169 -0.0183529 0.00443827 -11.2084 11.2108 0.00242757
266.18 -0.0183542 0.00443883 -11.2114 11.2138 0.00243166
266.191 -0.0183554 0.00444 -11.2144 11.2168 0.00243535
266.202 -0.0183568 0.00444102 -11.2174 11.2199 0.00243905
266.213 -0.0183582 0.0044422 -11.2205 11.2229 0.00244264
266.225 -0.0183594 0.00444337 -11.2235 11.2259 0.00244613
266.236 -0.0183605 0.00444457 -11.2265 11.229 0.00244942
266.247 -0.0183613 0.00444561 -11.2295 11.232 0.00245272
266.258 -0.0183621 0.00444679 -11.2325 11.235 0.00245596
266.27 -0.0183631 0.00444798 -11.2356 11.238 0.00245882
266.281 -0.0183639 0.00444946 -11.2386 11.241 0.00246187
266.292 -0.0183647 0.00445104 -11.2416 11.2441 0.00246516
266.303 -0.0183658 0.00445238 -11.2446 11.2471 0.00246813
266.315 -0.0183665 0.00445355 -11.2476 11.2501 0.00247117
266.326 -0.0183674 0.00445516 -11.2506 11.2531 0.00247451
266.337 -0.0183682 0.00445652 -11.2537 11.2562 0.002478
266.348 -0.0183691 0.00445777 -11.2567 11.2592 0.00248171
266.36 -0.0183699 0.00445925 -11.2597 11.2622 0.00248536
266.371 -0.0183707 0.00446058 -11.2628 11.2653 0.00248957
266.382 -0.0183713 0.00446164 -11.2658 11.2683 0.00249382
266.393 -0.0183723 0.00446291 -11.2689 11.2714 0.00249825
266.404 -0.0183732 0.00446393 -11.272 11.2745 0.00250218
266.416 -0.0183743 0.00446518 -11.2751 11.2776 0.00250639
266.427 -0.0183755 0.00446667 -11.2782 11.2807 0.00251095
266.438 -0.0183768 0.00446799 -11.2813 11.2838 0.00251549
266.449 -0.0183781 0.00446904 -11.2844 11.287 0.0025203
266.461 -0.0183793 0.00447002 -11.2876 11.2901 0.00252534
266.472 -0.0183804 0.00447042 -11.2907 11.2933 0.00252992
266.483 -0.0183817 0.00447084 -11.2939 11.2964 0.00253463
266.494 -0.0183823 0.00447166 -11.297 11.2995 0.0025393
266.506 -0.0183829 0.00447186 -11.3002 11.3027 0.00254407
266.517 -0.0183838 0.00447179 -11.3033 11.3058 0.00254928
266.528 -0.0183851 0.00447189 -11.3064 11.309 0.00255484
266.539 -0.0183864 0.00447182 -11.3096 11.3122 0.00256023
266.551 -0.0183879 0.00447194 -11.3128 11.3153 0.00256587
266.562 -0.0183891 0.00447235 -11.3159 11.3185 0.00257197
266.573 -0.0183906 0.00447266 -11.3191 11.3217 0.00257771
266.584 -0.0183921 0.00447282 -11.3222 11.3248 0.00258335
266.596 -0.0183935 0.00447277 -11.3253 11.3279 0.00258935
266.607 -0.0183946 0.00447285 -11.3285 11.3311 0.00259458
266.618 -0.0183958 0.00447274 -11.3316 11.3342 0.00260036
266.629 -0.018397 0.00447229 -11.3347 11.3373 0.00260613
266.64 -0.0183983 0.00447206 -11.3378 11.3404 0.00261173
266.652 -0.0183992 0.00447168 -11.3409 11.3435 0.0026174
266.663 -0.0184008 0.00447133 -11.3439 11.3465 0.00262341
266.674 -0.0184025 0.00447082 -11.347 11.3496 0.00262911
266.685 -0.0184039 0.00447048 -11.35 11.3527 0.0026355
266.697 -0.0184053 0.00447023 -11.3531 11.3557 0.00264152
266.708 -0.0184068 0.00447013 -11.3561 11.3588 0.00264711
266.719 -0.0184079 0.00446983 -11.3591 11.3618 0.00265231
266.73 -0.0184088 0.00446969 -11.3621 11.3647 0.00265737
266.742 -0.01841 0.00446956 -11.365 11.3677 0.00266205
266.753 -0.0184113 0.00446966 -11.368 11.3706 0.00266677
266.764 -0.0184125 0.00447001 -11.3708 11.3735 0.00267208
266.775 -0.0184137 0.00447052 -11.3737 11.3764 0.00267713
266.787 -0.0184147 0.00447078 -11.3766 11.3792 0.0026822
266.798 -0.0184157 0.00447131 -11.3793 11.382 0.00268687
266.809 -0.0184166 0.00447178 -11.3821 11.3848 0.00269132
266.82 -0.0184176 0.00447254 -11.3849 11.3876 0.00269601
266.831 -0.0184186 0.00447307 -11.3876 11.3903 0.00270063
266.843 -0.0184196 0.00447365 -11.3903 11.393 0.0027049
266.854 -0.0184208 0.0044744 -11.393 11.3957 0.00270915
266.865 -0.0184217 0.00447512 -11.3956 11.3983 0.00271314
266.876 -0.0184227 0.00447577 -11.3982 11.4009 0.00271739
266.888 -0.0184234 0.00447638 -11.4008 11.4035 0.00272197
266.899 -0.0184232 0.00447716 -11.4034 11.4061 0.00272658
266.91 -0.0184229 0.00447754 -11.4059 11.4087 0.00273106
266.921 -0.0184223 0.00447795 -11.4084 11.4112 0.00273569
266.933 -0.0184214 0.00447842 -11.4109 11.4137 0.00273971
266.944 -0.0184206 0.00447933 -11.4134 11.4161 0.00274427
266.955 -0.0184196 0.00448035 -11.4158 11.4186 0.00274889
266.966 -0.0184187 0.00448111 -11.4183 11.421 0.00275288
266.978 -0.0184179 0.00448215 -11.4207 11.4234 0.00275655
266.989 -0.0184171 0.00448312 -11.423 11.4258 0.00276014
267 -0.0184172 0.00448465 -11.4253 11.4281 0.00276458
267.011 -0.0184162 0.0044854 -11.4276 11.4304 0.00276799
267.022 -0.0184155 0.00448552 -11.4299 11.4327 0.00277157
267.034 -0.0184149 0.00448602 -11.4321 11.4349 0.002775
267.045 -0.0184144 0.00448591 -11.4344 11.4372 0.00277821
267.056 -0.0184137 0.00448613 -11.4366 11.4394 0.00278169
267.067 -0.0184135 0.00448615 -11.4387 11.4415 0.00278532
267.079 -0.018414 0.00448674 -11.4409 11.4437 0.00278935
267.09 -0.0184145 0.00448728 -11.443 11.4458 0.00279373
267.101 -0.0184151 0.00448789 -11.4452 11.448 0.00279804
267.112 -0.0184157 0.00448857 -11.4473 11.4501 0.00280208
267.124 -0.0184164 0.00448888 -11.4494 11.4522 0.0028057
267.135 -0.0184177 0.00448934 -11.4515 11.4543 0.00280974
267.146 -0.0184186 0.00449016 -11.4537 11.4565 0.00281321
267.157 -0.0184199 0.00449058 -11.4558 11.4586 0.00281741
267.169 -0.0184208 0.00449106 -11.4579 11.4607 0.00282157
267.18 -0.0184214 0.00449191 -11.46 11.4628 0.00282627
267.191 -0.018422 0.00449298 -11.4621 11.4649 0.0028313
267.202 -0.018423 0.00449362 -11.4641 11.467 0.00283651
267.213 -0.0184235 0.00449448 -11.4663 11.4691 0.00284107
267.225 -0.0184243 0.00449518 -11.4684 11.4712 0.00284575
267.236 -0.018425 0.00449616 -11.4705 11.4734 0.00285058
267.247 -0.0184257 0.00449763 -11.4727 11.4755 0.00285538
267.258 -0.0184264 0.00449898 -11.4748 11.4777 0.00286063
267.27 -0.0184271 0.00450037 -11.477 11.4798 0.00286555
267.281 -0.0184278 0.00450177 -11.4791 11.482 0.00286997
267.292 -0.0184284 0.00450357 -11.4813 11.4841 0.00287475
267.303 -0.0184297 0.00450499 -11.4834 11.4863 0.00287907
267.315 -0.018431 0.00450636 -11.4856 11.4885 0.00288326
267.326 -0.0184317 0.00450681 -11.4877 11.4906 0.00288722
267.337 -0.0184327 0.00450763 -11.4899 11.4928 0.00289187
267.348 -0.0184334 0.00450787 -11.492 11.4949 0.00289562
267.36 -0.0184338 0.00450869 -11.4941 11.497 0.00290019
267.371 -0.0184337 0.00450944 -11.4962 11.4991 0.00290467
267.382 -0.0184339 0.00450972 -11.4984 11.5013 0.00290905
267.393 -0.018434 0.00451004 -11.5004 11.5034 0.00291383
267.404 -0.0184344 0.00451079 -11.5026 11.5055 0.00291856
267.416 -0.0184344 0.00451158 -11.5047 11.5076 0.00292279
267.427 -0.0184341 0.00451239 -11.5068 11.5097 0.00292694
267.438 -0.018434 0.00451326 -11.5088 11.5117 0.00293189
267.449 -0.0184341 0.00451418 -11.5109 11.5138 0.00293664
267.461 -0.0184341 0.00451578 -11.5129 11.5159 0.00294157
267.472 -0.0184341 0.0045171 -11.515 11.5179 0.0029466
267.483 -0.0184341 0.0045189 -11.5171 11.52 0.00295117
267.494 -0.0184339 0.00452016 -11.5191 11.5221 0.0029563
267.506 -0.0184337 0.00452163 -11.5211 11.5241 0.00296118
267.517 -0.0184336 0.004523 -11.5232 11.5262 0.00296623
267.528 -0.0184333 0.00452457 -11.5252 11.5282 0.00297118
267.539 -0.0184334 0.00452634 -11.5272 11.5302 0.00297608
267.551 -0.0184334 0.00452809 -11.5293 11.5323 0.00298036
267.562 -0.0184332 0.00452907 -11.5313 11.5343 0.00298486
267.573 -0.0184329 0.00453001 -11.5333 11.5363 0.00298837
267.584 -0.0184328 0.00453081 -11.5353 11.5383 0.00299142
267.596 -0.0184329 0.00453166 -11.5373 11.5403 0.00299516
267.607 -0.0184331 0.00453197 -11.5392 11.5422 0.00299992
267.618 -0.0184333 0.00453187 -11.5412 11.5442 0.00300375
267.629 -0.0184333 0.00453188 -11.5431 11.5462 0.00300816
267.64 -0.0184336 0.00453225 -11.5451 11.5481 0.00301238
267.652 -0.018434 0.00453279 -11.547 11.5501 0.00301628
267.663 -0.0184351 0.00453327 -11.549 11.552 0.00302103
267.674 -0.0184366 0.00453397 -11.5509 11.5539 0.00302535
267.685 -0.0184374 0.00453539 -11.5528 11.5558 0.00303023
267.697 -0.0184382 0.00453687 -11.5547 11.5578 0.0030351
267.708 -0.018439 0.00453887 -11.5566 11.5597 0.00303981
267.719 -0.0184396 0.00454122 -11.5586 11.5616 0.00304455
267.73 -0.0184405 0.00454322 -11.5605 11.5636 0.00304974
267.742 -0.0184406 0.00454412 -11.5625 11.5655 0.00305452
267.753 -0.018441 0.00454543 -11.5644 11.5675 0.00305959
267.764 -0.0184416 0.00454691 -11.5663 11.5694 0.00306516
267.775 -0.0184424 0.00454787 -11.5683 11.5714 0.00307052
267.787 -0.0184428 0.00454821 -11.5703 11.5733 0.00307508
267.798 -0.0184429 0.00454857 -11.5722 11.5753 0.0030796
267.809 -0.0184434 0.00454887 -11.5742 11.5772 0.00308419
267.82 -0.0184441 0.00454945 -11.5761 11.5792 0.0030888
267.831 -0.0184451 0.0045497 -11.578 11.5811 0.00309373
267.843 -0.0184459 0.00455006 -11.58 11.5831 0.00309892
267.854 -0.0184467 0.00455032 -11.5819 11.585 0.00310362
267.865 -0.0184474 0.00455089 -11.5839 11.587 0.00310867
267.876 -0.0184478 0.00455184 -11.5858 11.5889 0.00311355
267.888 -0.0184481 0.00455322 -11.5877 11.5908 0.00311805
267.899 -0.0184484 0.00455451 -11.5896 11.5928 0.003123
267.91 -0.0184489 0.00455598 -11.5916 11.5947 0.0031279
267.921 -0.0184491 0.00455765 -11.5935 11.5966 0.00313293
267.933 -0.0184493 0.0045587 -11.5954 11.5985 0.00313789
267.944 -0.0184497 0.0045598 -11.5973 11.6004 0.00314292
267.955 -0.01845 0.0045611 -11.5992 11.6023 0.0031476
267.966 -0.0184501 0.00456136 -11.6011 11.6042 0.00315188
267.978 -0.0184504 0.00456183 -11.6029 11.6061 0.00315574
267.989 -0.018451 0.00456245 -11.6048 11.608 0.00315923
268 -0.018452 0.00456288 -11.6066 11.6098 0.00316299
268.011 -0.0184527 0.00456354 -11.6084 11.6115 0.00316662
268.022 -0.0184535 0.00456439 -11.6102 11.6133 0.00317024
268.034 -0.0184549 0.004565 -11.6119 11.6151 0.00317372
268.045 -0.0184559 0.00456589 -11.6136 11.6168 0.0031779
268.056 -0.018457 0.00456624 -11.6153 11.6185 0.00318189
268.067 -0.0184577 0.00456725 -11.617 11.6202 0.0031867
268.079 -0.0184581 0.00456855 -11.6187 11.6219 0.00319125
268.09 -0.0184588 0.0045693 -11.6204 11.6236 0.00319612
268.101 -0.0184596 0.00456997 -11.6221 11.6253 0.00320145
268.112 -0.0184603 0.00457075 -11.6238 11.627 0.00320702
268.124 -0.0184614 0.00457175 -11.6255 11.6288 0.00321211
268.135 -0.0184619 0.00457128 -11.6273 11.6305 0.00321697
268.146 -0.0184623 0.00457082 -11.629 11.6322 0.00322213
268.157 -0.018463 0.0045708 -11.6307 11.6339 0.00322724
268.169 -0.0184638 0.00457101 -11.6324 11.6357 0.00323258
268.18 -0.0184651 0.00457166 -11.6342 11.6374 0.00323825
268.191 -0.0184662 0.0045726 -11.6359 11.6392 0.00324343
268.202 -0.0184668 0.00457373 -11.6377 11.641 0.00324865
268.213 -0.0184674 0.00457469 -11.6395 11.6427 0.00325401
268.225 -0.0184682 0.0045756 -11.6413 11.6446 0.00325941
268.236 -0.0184688 0.00457645 -11.6431 11.6464 0.00326414
268.247 -0.0184694 0.00457748 -11.645 11.6482 0.00326895
268.258 -0.0184699 0.00457884 -11.6468 11.6501 0.00327372
268.27 -0.0184705 0.00457994 -11.6486 11.6519 0.00327908
268.281 -0.0184708 0.00458119 -11.6505 11.6537 0.00328474
268.292 -0.0184712 0.00458262 -11.6523 11.6556 0.00328993
268.303 -0.018471 0.0045839 -11.6541 11.6573 0.00329465
268.315 -0.0184706 0.00458496 -11.6558 11.6591 0.00329985
268.326 -0.0184703 0.00458573 -11.6576 11.6609 0.00330437
268.337 -0.0184704 0.00458656 -11.6593 11.6626 0.00330927
268.348 -0.0184708 0.00458786 -11.6611 11.6644 0.00331458
268.36 -0.0184717 0.00458822 -11.6628 11.6661 0.00331902
268.371 -0.0184728 0.00458856 -11.6645 11.6679 0.00332329
268.382 -0.018474 0.00458868 -11.6662 11.6696 0.00332774
268.393 -0.0184753 0.00458928 -11.6679 11.6713 0.00333195
268.404 -0.0184762 0.00459014 -11.6696 11.6729 0.00333737
268.416 -0.0184773 0.00459127 -11.6713 11.6746 0.00334249
268.427 -0.0184781 0.0045921 -11.673 11.6764 0.00334806
268.438 -0.018479 0.00459343 -11.6747 11.6781 0.00335419
268.449 -0.0184793 0.00459351 -11.6764 11.6798 0.00335918
268.461 -0.0184799 0.00459384 -11.6782 11.6815 0.00336341
268.472 -0.0184805 0.00459406 -11.6799 11.6833 0.00336859
268.483 -0.0184812 0.00459429 -11.6816 11.685 0.0033741
268.494 -0.0184824 0.00459484 -11.6834 11.6868 0.00337971
268.506 -0.0184826 0.00459531 -11.6851 11.6885 0.0033843
268.517 -0.0184829 0.00459609 -11.6869 11.6903 0.00338902
268.528 -0.0184832 0.0045968 -11.6887 11.6921 0.00339341
268.539 -0.0184834 0.00459761 -11.6904 11.6938 0.00339825
268.551 -0.0184836 0.00459884 -11.6922 11.6956 0.00340312
268.562 -0.0184836 0.0046 -11.694 11.6974 0.0034077
268.573 -0.0184833 0.00460124 -11.6958 11.6992 0.00341336
268.584 -0.0184826 0.00460209 -11.6976 11.701 0.00341798
268.596 -0.0184817 0.00460296 -11.6994 11.7028 0.00342236
268.607 -0.0184809 0.00460395 -11.7012 11.7046 0.00342707
268.618 -0.0184807 0.00460541 -11.703 11.7064 0.00343184
268.629 -0.0184809 0.00460689 -11.7048 11.7083 0.00343613
268.64 -0.0184811 0.00460837 -11.7067 11.7101 0.0034412
268.652 -0.0184811 0.00460992 -11.7085 11.7119 0.00344633
268.663 -0.0184812 0.00461026 -11.7103 11.7138 0.0034507
268.674 -0.0184822 0.00461053 -11.7122 11.7156 0.0034558
268.685 -0.0184835 0.00461088 -11.714 11.7175 0.00346075
268.697 -0.018485 0.00461142 -11.7159 11.7193 0.00346577
268.708 -0.0184867 0.00461191 -11.7177 11.7212 0.00347132
268.719 -0.0184877 0.00461337 -11.7196 11.7231 0.00347793
268.73 -0.0184882 0.00461458 -11.7215 11.725 0.00348363
268.742 -0.0184883 0.00461497 -11.7234 11.7269 0.00348948
268.753 -0.0184886 0.00461531 -11.7254 11.7289 0.00349496
268.764 -0.0184889 0.00461567 -11.7273 11.7308 0.00350018
268.775 -0.0184891 0.00461667 -11.7292 11.7327 0.00350586
268.787 -0.0184893 0.00461769 -11.7312 11.7347 0.00351168
268.798 -0.0184895 0.00461866 -11.7332 11.7367 0.00351694
268.809 -0.0184893 0.00461983 -11.7352 11.7387 0.00352276
268.82 -0.0184889 0.00462045 -11.7372 11.7407 0.00352769
268.831 -0.0184884 0.00462152 -11.7392 11.7427 0.00353252
268.843 -0.0184877 0.00462199 -11.7412 11.7448 0.0035368
268.854 -0.0184869 0.00462317 -11.7433 11.7468 0.00354164
268.865 -0.0184863 0.00462484 -11.7453 11.7488 0.00354687
268.876 -0.0184858 0.00462662 -11.7473 11.7509 0.00355254
268.888 -0.0184849 0.00462817 -11.7494 11.7529 0.00355742
268.899 -0.0184843 0.00463048 -11.7515 11.755 0.00356266
268.91 -0.0184841 0.00463259 -11.7535 11.7571 0.0035681
268.921 -0.0184841 0.00463449 -11.7556 11.7592 0.00357307
268.933 -0.0184845 0.00463638 -11.7577 11.7613 0.0035778
268.944 -0.0184853 0.00463806 -11.7598 11.7634 0.00358286
268.955 -0.018486 0.00463958 -11.7619 11.7655 0.00358809
268.966 -0.0184865 0.00464102 -11.764 11.7676 0.00359358
268.978 -0.0184873 0.00464214 -11.7662 11.7698 0.00359967
268.989 -0.0184881 0.00464227 -11.7683 11.7719 0.00360546
269 -0.0184891 0.00464222 -11.7705 11.7741 0.0036103
269.011 -0.01849 0.00464187 -11.7726 11.7762 0.00361431
269.022 -0.0184909 0.00464168 -11.7747 11.7783 0.00361904
269.034 -0.018492 0.00464176 -11.7768 11.7804 0.00362347
269.045 -0.0184926 0.00464287 -11.7789 11.7826 0.00362941
269.056 -0.018493 0.00464375 -11.7811 11.7847 0.00363513
269.067 -0.0184933 0.00464455 -11.7833 11.7869 0.00364027
269.079 -0.0184934 0.00464573 -11.7854 11.7891 0.0036458
269.09 -0.018493 0.00464639 -11.7876 11.7913 0.00365006
269.101 -0.0184926 0.0046471 -11.7898 11.7935 0.003654
269.112 -0.0184924 0.00464747 -11.792 11.7957 0.00365827
269.124 -0.0184923 0.00464827 -11.7942 11.7979 0.00366274
269.135 -0.0184925 0.00464928 -11.7964 11.8001 0.00366647
269.146 -0.0184928 0.00465095 -11.7986 11.8023 0.00367116
269.157 -0.0184928 0.00465289 -11.8008 11.8045 0.00367606
269.169 -0.0184932 0.00465522 -11.8031 11.8067 0.00368095
269.18 -0.0184936 0.00465707 -11.8053 11.809 0.00368628
269.191 -0.0184938 0.00465867 -11.8075 11.8112 0.00369196
269.202 -0.0184936 0.00466011 -11.8098 11.8135 0.0036976
269.213 -0.0184932 0.00466122 -11.8121 11.8158 0.00370351
269.225 -0.0184928 0.00466223 -11.8145 11.8182 0.00370904
269.236 -0.0184923 0.00466285 -11.8168 11.8205 0.00371421
269.247 -0.0184923 0.00466345 -11.8191 11.8229 0.00371971
269.258 -0.0184929 0.00466384 -11.8215 11.8252 0.00372491
269.27 -0.0184933 0.00466516 -11.8238 11.8276 0.00373057
269.281 -0.0184936 0.00466648 -11.8262 11.8299 0.00373643
269.292 -0.0184935 0.00466785 -11.8286 11.8323 0.00374224
269.303 -0.0184938 0.00466927 -11.8309 11.8347 0.00374753
269.315 -0.0184939 0.00467087 -11.8333 11.8371 0.00375263
269.326 -0.018494 0.0046724 -11.8357 11.8394 0.00375835
269.337 -0.0184944 0.00467334 -11.8381 11.8418 0.00376285
269.348 -0.0184949 0.00467419 -11.8405 11.8442 0.00376776
269.36 -0.0184955 0.00467527 -11.8428 11.8466 0.00377293
269.371 -0.0184965 0.00467625 -11.8452 11.849 0.00377777
269.382 -0.0184972 0.00467726 -11.8476 11.8514 0.00378293
269.393 -0.018498 0.00467795 -11.85 11.8538 0.00378798
269.404 -0.0184988 0.00467898 -11.8524 11.8562 0.00379374
269.416 -0.0184997 0.00467984 -11.8548 11.8586 0.00379927
269.427 -0.0185005 0.00468052 -11.8572 11.8611 0.00380531
269.438 -0.0185013 0.0046815 -11.8597 11.8635 0.00381095
269.449 -0.0185014 0.00468192 -11.8621 11.8659 0.00381598
269.461 -0.0185016 0.00468237 -11.8645 11.8683 0.00382095
269.472 -0.018502 0.00468292 -11.8669 11.8708 0.00382605
269.483 -0.0185018 0.00468335 -11.8694 11.8732 0.00383157
269.494 -0.018502 0.00468437 -11.8718 11.8756 0.00383669
269.506 -0.0185019 0.00468488 -11.8742 11.8781 0.0038417
269.517 -0.0185024 0.0046863 -11.8767 11.8805 0.0038474
269.528 -0.0185027 0.00468746 -11.8791 11.883 0.00385287
269.539 -0.0185029 0.00468859 -11.8816 11.8854 0.0038582
269.551 -0.0185039 0.00468959 -11.884 11.8879 0.00386406
269.562 -0.0185046 0.00468994 -11.8865 11.8904 0.00386917
269.573 -0.0185053 0.00469042 -11.889 11.8929 0.00387406
269.584 -0.0185059 0.00469146 -11.8915 11.8954 0.00387972
269.596 -0.0185071 0.00469352 -11.894 11.8979 0.00388602
269.607 -0.0185081 0.00469572 -11.8966 11.9005 0.00389205
269.618 -0.0185097 0.00469739 -11.8991 11.903 0.00389827
269.629 -0.0185107 0.00469913 -11.9017 11.9056 0.00390391
269.64 -0.0185121 0.00470092 -11.9043 11.9082 0.00390973
269.652 -0.0185128 0.00470214 -11.9068 11.9108 0.00391592
269.663 -0.0185134 0.00470288 -11.9094 11.9134 0.00392199
269.674 -0.0185141 0.00470293 -11.912 11.916 0.00392675
269.685 -0.0185144 0.00470288 -11.9146 11.9185 0.00393182
269.697 -0.0185148 0.00470289 -11.9172 11.9211 0.00393655
269.708 -0.018516 0.00470332 -11.9198 11.9237 0.00394162
269.719 -0.0185179 0.00470325 -11.9224 11.9263 0.00394608
269.73 -0.0185191 0.00470264 -11.9249 11.9289 0.00395054
269.742 -0.0185198 0.00470234 -11.9275 11.9315 0.00395459
269.753 -0.0185205 0.0047026 -11.9301 11.934 0.00395976
269.764 -0.0185216 0.00470329 -11.9326 11.9366 0.00396486
269.775 -0.0185223 0.00470433 -11.9352 11.9392 0.00396972
269.787 -0.0185231 0.00470541 -11.9378 11.9418 0.00397479
269.798 -0.0185241 0.00470688 -11.9404 11.9444 0.00398
269.809 -0.0185252 0.00470858 -11.943 11.947 0.00398538
269.82 -0.0185263 0.0047102 -11.9456 11.9496 0.00399048
269.831 -0.0185274 0.00471169 -11.9482 11.9522 0.00399601
269.843 -0.0185282 0.00471382 -11.9508 11.9548 0.00400194
269.854 -0.0185292 0.00471609 -11.9534 11.9574 0.00400872
269.865 -0.0185304 0.00471762 -11.9561 11.9601 0.0040141
269.876 -0.0185317 0.00471944 -11.9587 11.9627 0.00401886
269.888 -0.0185326 0.0047204 -11.9614 11.9654 0.00402351
269.899 -0.0185332 0.00472159 -11.964 11.968 0.00402817
269.91 -0.0185334 0.00472229 -11.9666 11.9707 0.00403321
269.921 -0.0185333 0.00472284 -11.9693 11.9733 0.00403826
269.933 -0.0185336 0.00472365 -11.9719 11.976 0.00404359
269.944 -0.018534 0.00472445 -11.9746 11.9786 0.00404855
269.955 -0.0185351 0.00472503 -11.9773 11.9813 0.00405397
269.966 -0.0185361 0.00472565 -11.9799 11.984 0.00405947
269.978 -0.018537 0.0047264 -11.9826 11.9867 0.00406465
269.989 -0.018538 0.00472688 -11.9853 11.9893 0.00406887
270 -0.018539 0.00472772 -11.9879 11.992 0.00407308
270.011 -0.0185397 0.00472876 -11.9906 11.9947 0.00407635
270.022 -0.0185404 0.00472988 -11.9933 11.9974 0.00408055
270.034 -0.0185411 0.00473127 -11.996 12 0.00408489
270.045 -0.0185417 0.00473306 -11.9986 12.0027 0.00408948
270.056 -0.0185425 0.00473467 -12.0014 12.0054 0.00409474
270.067 -0.0185434 0.00473616 -12.0041 12.0082 0.00409982
270.079 -0.0185441 0.00473777 -12.0068 12.0109 0.00410483
270.09 -0.0185444 0.00473883 -12.0096 12.0137 0.0041098
270.101 -0.0185446 0.00473966 -12.0124 12.0165 0.00411438
270.112 -0.0185446 0.00474072 -12.0152 12.0193 0.00411916
270.124 -0.0185448 0.00474252 -12.018 12.0221 0.00412484
270.135 -0.0185455 0.00474362 -12.0208 12.0249 0.00412976
270.146 -0.0185467 0.00474436 -12.0236 12.0278 0.00413364
270.157 -0.0185476 0.0047449 -12.0265 12.0306 0.00413818
270.169 -0.0185483 0.00474539 -12.0293 12.0335 0.00414246
270.18 -0.0185494 0.00474619 -12.0322 12.0363 0.00414675
270.191 -0.0185506 0.00474704 -12.0351 12.0392 0.00415143
270.202 -0.0185521 0.00474771 -12.038 12.0421 0.0041561
270.213 -0.0185534 0.00474859 -12.0409 12.045 0.00416052
270.225 -0.0185547 0.00474912 -12.0438 12.0479 0.0041654
270.236 -0.0185567 0.00474949 -12.0467 12.0509 0.00417039
270.247 -0.0185585 0.0047501 -12.0497 12.0538 0.00417466
270.258 -0.0185598 0.00475021 -12.0526 12.0568 0.00417887
270.27 -0.018561 0.00475067 -12.0555 12.0597 0.00418303
270.281 -0.0185615 0.00475154 -12.0585 12.0627 0.00418769
270.292 -0.0185619 0.00475186 -12.0614 12.0656 0.00419202
270.303 -0.0185625 0.00475192 -12.0644 12.0686 0.00419592
270.315 -0.0185639 0.00475266 -12.0673 12.0716 0.00420058
270.326 -0.0185653 0.00475402 -12.0703 12.0745 0.00420631
270.337 -0.0185669 0.00475562 -12.0733 12.0776 0.0042125
270.348 -0.0185685 0.00475725 -12.0764 12.0806 0.00421819
270.36 -0.0185702 0.00475892 -12.0795 12.0837 0.0042239
270.371 -0.0185719 0.00476047 -12.0826 12.0868 0.00422931
270.382 -0.0185739 0.00476229 -12.0856 12.0899 0.00423444
270.393 -0.0185755 0.00476394 -12.0887 12.093 0.00423904
270.404 -0.0185772 0.0047657 -12.0918 12.0961 0.00424389
270.416 -0.0185787 0.00476781 -12.095 12.0992 0.00424853
270.427 -0.0185802 0.00476995 -12.0981 12.1024 0.00425326
270.438 -0.0185817 0.00477244 -12.1012 12.1055 0.00425803
270.449 -0.0185832 0.00477447 -12.1044 12.1086 0.00426283
270.461 -0.0185848 0.00477598 -12.1075 12.1118 0.00426711
270.472 -0.0185871 0.00477703 -12.1106 12.1149 0.00427163
270.483 -0.0185891 0.00477804 -12.1137 12.118 0.00427568
270.494 -0.0185907 0.00477908 -12.1168 12.1211 0.00428015
270.506 -0.0185923 0.0047799 -12.12 12.1242 0.00428402
270.517 -0.0185942 0.00478128 -12.1231 12.1274 0.00428832
270.528 -0.0185956 0.00478201 -12.1262 12.1305 0.00429225
270.539 -0.0185967 0.00478274 -12.1293 12.1336 0.00429565
270.551 -0.018598 0.00478332 -12.1324 12.1367 0.00429895
270.562 -0.0185991 0.00478402 -12.1354 12.1397 0.00430261
270.573 -0.0186005 0.00478483 -12.1385 12.1428 0.00430664
270.584 -0.0186018 0.00478596 -12.1416 12.1459 0.00431082
270.596 -0.018603 0.00478718 -12.1447 12.149 0.00431563
270.607 -0.0186044 0.00478884 -12.1477 12.1521 0.00432038
270.618 -0.018606 0.00479044 -12.1509 12.1552 0.00432527
270.629 -0.0186075 0.00479198 -12.154 12.1583 0.00433077
270.64 -0.0186089 0.0047934 -12.1571 12.1614 0.00433595
270.652 -0.0186097 0.0047945 -12.1602 12.1646 0.00434032
270.663 -0.0186102 0.00479588 -12.1634 12.1677 0.0043454
270.674 -0.0186102 0.00479653 -12.1665 12.1709 0.00434971
270.685 -0.0186104 0.00479685 -12.1697 12.1741 0.00435408
270.697 -0.0186106 0.00479766 -12.1729 12.1773 0.00435875
270.708 -0.0186114 0.00479907 -12.1761 12.1805 0.00436439
270.719 -0.018612 0.00480037 -12.1794 12.1837 0.00436941
270.73 -0.0186126 0.00480198 -12.1826 12.187 0.00437519
270.742 -0.0186134 0.00480325 -12.1859 12.1903 0.00438091
270.753 -0.0186146 0.00480411 -12.1893 12.1936 0.00438576
270.764 -0.0186151 0.00480528 -12.1926 12.197 0.00439105
270.775 -0.0186162 0.00480684 -12.1959 12.2003 0.00439647
270.787 -0.0186176 0.00480838 -12.1993 12.2037 0.00440171
270.798 -0.0186198 0.00481027 -12.2026 12.207 0.00440662
270.809 -0.0186217 0.00481236 -12.2059 12.2103 0.00441107
270.82 -0.0186237 0.0048144 -12.2092 12.2137 0.00441531
270.831 -0.0186258 0.00481575 -12.2125 12.217 0.00441991
270.843 -0.0186277 0.00481707 -12.2158 12.2203 0.0044244
270.854 -0.0186293 0.00481793 -12.2191 12.2236 0.00442853
270.865 -0.0186307 0.00481895 -12.2224 12.2268 0.00443297
270.876 -0.0186321 0.00481953 -12.2256 12.2301 0.00443669
270.888 -0.0186329 0.00482049 -12.2289 12.2333 0.0044407
270.899 -0.0186336 0.00482127 -12.2321 12.2366 0.00444424
270.91 -0.0186349 0.00482274 -12.2353 12.2398 0.00444821
270.921 -0.0186363 0.00482403 -12.2386 12.243 0.00445203
270.933 -0.0186374 0.00482495 -12.2418 12.2463 0.00445709
270.944 -0.0186385 0.00482621 -12.245 12.2495 0.00446152
270.955 -0.0186401 0.00482828 -12.2483 12.2527 0.00446619
270.966 -0.0186414 0.00483064 -12.2515 12.256 0.00447189
270.978 -0.0186429 0.00483253 -12.2547 12.2592 0.00447626
270.989 -0.0186445 0.00483459 -12.258 12.2625 0.00448072
271 -0.0186458 0.00483709 -12.2612 12.2657 0.0044862
271.011 -0.0186477 0.00483988 -12.2645 12.269 0.00449178
271.022 -0.0186493 0.0048425 -12.2678 12.2723 0.00449725
271.034 -0.0186512 0.00484491 -12.2711 12.2756 0.00450308
271.045 -0.0186528 0.00484677 -12.2744 12.2789 0.00450797
271.056 -0.0186538 0.00484762 -12.2778 12.2823 0.00451114
271.067 -0.0186543 0.00484838 -12.281 12.2856 0.00451477
271.079 -0.0186549 0.00484953 -12.2843 12.2888 0.00451806
271.09 -0.0186562 0.00485052 -12.2876 12.2921 0.0045223
271.101 -0.0186574 0.00485212 -12.2909 12.2954 0.00452645
271.112 -0.018659 0.00485403 -12.2942 12.2987 0.00453134
271.124 -0.0186613 0.00485579 -12.2974 12.302 0.00453553
271.135 -0.018663 0.00485766 -12.3007 12.3052 0.00454016
271.146 -0.0186648 0.00485914 -12.304 12.3085 0.00454501
271.157 -0.0186667 0.00486037 -12.3073 12.3118 0.0045497
271.169 -0.0186684 0.00486161 -12.3105 12.3151 0.00455497
271.18 -0.0186699 0.0048625 -12.3138 12.3183 0.00456057
271.191 -0.0186721 0.00486363 -12.3171 12.3217 0.00456579
271.202 -0.0186733 0.00486544 -12.3204 12.325 0.00457232
271.213 -0.0186744 0.00486756 -12.3237 12.3283 0.00457911
271.225 -0.0186764 0.00486922 -12.327 12.3316 0.00458516
271.236 -0.0186789 0.00487059 -12.3304 12.335 0.00459098
271.247 -0.0186815 0.00487231 -12.3337 12.3383 0.004597
271.258 -0.0186838 0.0048739 -12.3371 12.3417 0.00460298
271.27 -0.0186862 0.00487488 -12.3404 12.345 0.0046083
271.281 -0.018688 0.00487644 -12.3437 12.3483 0.00461401
271.292 -0.0186891 0.00487752 -12.347 12.3516 0.00461917
271.303 -0.0186906 0.00487876 -12.3503 12.355 0.00462479
271.315 -0.0186926 0.00488067 -12.3536 12.3583 0.00463119
271.326 -0.018695 0.0048823 -12.357 12.3616 0.00463685
271.337 -0.0186973 0.00488368 -12.3603 12.365 0.00464217
271.348 -0.0186986 0.00488406 -12.3636 12.3683 0.00464672
271.36 -0.0187 0.00488478 -12.3669 12.3716 0.00465112
271.371 -0.0187016 0.00488608 -12.3702 12.3748 0.00465662
271.382 -0.0187037 0.00488766 -12.3735 12.3781 0.00466251
271.393 -0.0187064 0.00488925 -12.3768 12.3814 0.00466845
271.404 -0.0187093 0.00489097 -12.38 12.3847 0.00467459
271.416 -0.0187131 0.00489272 -12.3833 12.388 0.00468089
271.427 -0.0187171 0.00489439 -12.3866 12.3913 0.00468747
271.438 -0.0187194 0.00489618 -12.3899 12.3946 0.00469408
271.449 -0.0187215 0.00489785 -12.3932 12.3979 0.00470035
271.461 -0.0187236 0.00489855 -12.3965 12.4012 0.00470603
271.472 -0.0187253 0.00489998 -12.3998 12.4045 0.00471222
271.483 -0.0187269 0.0049013 -12.4031 12.4079 0.00471838
271.494 -0.0187286 0.00490222 -12.4065 12.4112 0.00472278
271.506 -0.0187291 0.00490295 -12.4098 12.4145 0.00472765
271.517 -0.0187307 0.00490431 -12.4131 12.4178 0.00473414
271.528 -0.0187319 0.00490577 -12.4164 12.4211 0.00474048
271.539 -0.0187332 0.00490769 -12.4197 12.4244 0.00474756
271.551 -0.0187344 0.004909 -12.423 12.4278 0.00475437
271.562 -0.0187362 0.00491032 -12.4264 12.4312 0.00476082
271.573 -0.0187381 0.00491195 -12.4297 12.4345 0.00476719
271.584 -0.01874 0.00491354 -12.4331 12.4378 0.00477357
271.596 -0.0187417 0.00491388 -12.4364 12.4412 0.00477714
271.607 -0.018744 0.00491456 -12.4396 12.4444 0.00478176
271.618 -0.0187461 0.00491618 -12.4429 12.4477 0.00478739
271.629 -0.0187488 0.00491809 -12.4461 12.4509 0.00479355
271.64 -0.0187516 0.00491978 -12.4493 12.4541 0.0048
271.652 -0.0187544 0.00492098 -12.4525 12.4573 0.00480587
271.663 -0.018757 0.0049223 -12.4557 12.4605 0.00481143
271.674 -0.0187596 0.00492354 -12.4588 12.4637 0.00481723
271.685 -0.0187626 0.00492533 -12.462 12.4668 0.00482318
271.697 -0.0187645 0.00492686 -12.4651 12.4699 0.0048286
271.708 -0.0187655 0.00492831 -12.4682 12.473 0.00483465
271.719 -0.0187663 0.00492875 -12.4712 12.4761 0.00484042
271.73 -0.0187659 0.00492957 -12.4743 12.4792 0.00484523
271.742 -0.0187656 0.00492871 -12.4774 12.4822 0.00484993
271.753 -0.0187657 0.00492856 -12.4804 12.4852 0.0048552
271.764 -0.0187668 0.00492875 -12.4833 12.4882 0.00486075
271.775 -0.018768 0.0049293 -12.4863 12.4912 0.0048667
271.787 -0.0187701 0.00493084 -12.4893 12.4941 0.004872
271.798 -0.0187731 0.00493328 -12.4922 12.4971 0.00487764
271.809 -0.0187758 0.00493611 -12.4952 12.5001 0.00488345
271.82 -0.0187787 0.00493858 -12.4981 12.503 0.00488974
271.831 -0.018782 0.00494143 -12.5011 12.506 0.00489506
271.843 -0.018785 0.00494418 -12.504 12.5089 0.00490197
271.854 -0.0187868 0.00494599 -12.507 12.5119 0.00490768
271.865 -0.0187896 0.00494746 -12.5099 12.5148 0.00491289
271.876 -0.018791 0.00494851 -12.5128 12.5177 0.00491807
271.888 -0.0187933 0.00494913 -12.5157 12.5206 0.00492436
271.899 -0.0187946 0.00494985 -12.5186 12.5235 0.00492962
271.91 -0.0187965 0.00495131 -12.5214 12.5263 0.00493535
271.921 -0.018799 0.0049528 -12.5242 12.5292 0.00494185
271.933 -0.0188014 0.00495366 -12.5271 12.532 0.00494847
271.944 -0.018803 0.00495424 -12.5299 12.5349 0.0049551
271.955 -0.018804 0.00495522 -12.5327 12.5377 0.0049618
271.966 -0.0188056 0.00495758 -12.5356 12.5405 0.0049688
271.978 -0.0188075 0.00495918 -12.5384 12.5433 0.00497619
271.989 -0.0188094 0.00496109 -12.5412 12.5461 0.00498355
272 -0.0188117 0.00496338 -12.544 12.549 0.00498938
272.011 -0.0188133 0.00496407 -12.5467 12.5517 0.00499465
272.022 -0.0188151 0.00496429 -12.5495 12.5545 0.00500021
272.034 -0.0188174 0.00496603 -12.5522 12.5572 0.00500716
272.045 -0.0188191 0.00496746 -12.5549 12.5599 0.00501371
272.056 -0.0188196 0.0049693 -12.5576 12.5626 0.00501856
272.067 -0.0188209 0.00497087 -12.5602 12.5652 0.00502379
272.079 -0.0188228 0.0049723 -12.5628 12.5678 0.00502957
272.09 -0.0188241 0.00497395 -12.5653 12.5704 0.00503461
272.101 -0.0188253 0.00497485 -12.5679 12.5729 0.00504084
272.112 -0.0188267 0.00497547 -12.5704 12.5754 0.005048
272.124 -0.0188281 0.00497568 -12.5729 12.5779 0.00505475
272.135 -0.0188296 0.00497595 -12.5754 12.5804 0.00506039
272.146 -0.0188313 0.00497608 -12.5778 12.5828 0.00506596
272.157 -0.018833 0.00497647 -12.5802 12.5853 0.0050715
272.169 -0.0188337 0.00497697 -12.5826 12.5876 0.00507519
272.18 -0.0188348 0.00497793 -12.5849 12.5899 0.0050792
272.191 -0.0188361 0.00497931 -12.5871 12.5922 0.00508389
272.202 -0.0188375 0.00498039 -12.5894 12.5945 0.00508802
272.213 -0.0188387 0.00498146 -12.5916 12.5967 0.00509307
272.225 -0.0188399 0.00498272 -12.5938 12.5989 0.00509813
272.236 -0.0188419 0.00498392 -12.596 12.6011 0.00510428
272.247 -0.0188442 0.00498473 -12.5982 12.6033 0.00511047
272.258 -0.0188465 0.00498617 -12.6003 12.6054 0.00511643
272.27 -0.0188486 0.00498731 -12.6025 12.6076 0.00512276
272.281 -0.0188498 0.00498918 -12.6046 12.6097 0.00512922
272.292 -0.0188514 0.0049909 -12.6066 12.6118 0.00513465
272.303 -0.0188531 0.00499341 -12.6088 12.6139 0.00514086
272.315 -0.0188549 0.00499482 -12.6108 12.616 0.00514755
272.326 -0.018856 0.00499691 -12.6129 12.6181 0.00515392
272.337 -0.0188566 0.00499946 -12.615 12.6201 0.00516072
272.348 -0.0188574 0.00500065 -12.617 12.6222 0.00516659
272.36 -0.018858 0.00500175 -12.619 12.6242 0.00517077
272.371 -0.0188589 0.00500291 -12.621 12.6261 0.00517531
272.382 -0.0188607 0.00500395 -12.6229 12.6281 0.00518097
272.393 -0.0188629 0.00500461 -12.6248 12.63 0.00518582
272.404 -0.0188646 0.00500502 -12.6266 12.6318 0.00519038
272.416 -0.0188663 0.00500585 -12.6284 12.6336 0.00519479
272.427 -0.0188688 0.00500693 -12.6302 12.6354 0.00519946
272.438 -0.0188706 0.00500755 -12.632 12.6372 0.00520439
272.449 -0.0188726 0.00500827 -12.6336 12.6389 0.00520924
272.461 -0.0188749 0.00500855 -12.6353 12.6405 0.0052134
272.472 -0.0188769 0.00500873 -12.6369 12.6421 0.00521827
272.483 -0.0188784 0.00500987 -12.6385 12.6437 0.00522366
272.494 -0.0188802 0.00501088 -12.64 12.6453 0.00522874
272.506 -0.0188813 0.00501212 -12.6415 12.6468 0.00523345
272.517 -0.0188835 0.00501274 -12.643 12.6482 0.00523967
272.528 -0.018885 0.00501366 -12.6444 12.6497 0.00524517
272.539 -0.0188875 0.00501362 -12.6459 12.6511 0.00525067
272.551 -0.0188897 0.00501373 -12.6472 12.6525 0.00525646
272.562 -0.0188914 0.00501454 -12.6486 12.6538 0.00526188
272.573 -0.0188928 0.00501411 -12.6499 12.6551 0.00526644
272.584 -0.0188941 0.00501437 -12.6511 12.6564 0.00527218
272.596 -0.0188957 0.00501477 -12.6523 12.6576 0.00527745
272.607 -0.0188967 0.00501584 -12.6535 12.6588 0.00528184
272.618 -0.0188977 0.00501749 -12.6546 12.6599 0.00528727
272.629 -0.0188997 0.00501838 -12.6556 12.6609 0.00529268
272.64 -0.0189015 0.00501979 -12.6567 12.662 0.00529805
272.652 -0.0189043 0.00502123 -12.6577 12.663 0.00530409
272.663 -0.018907 0.00502211 -12.6586 12.6639 0.0053102
272.674 -0.0189092 0.00502307 -12.6596 12.6649 0.00531534
272.685 -0.0189092 0.00502327 -12.6604 12.6657 0.00531944
272.697 -0.0189114 0.00502325 -12.6612 12.6666 0.00532408
272.708 -0.0189131 0.00502289 -12.6621 12.6674 0.00532869
272.719 -0.0189149 0.00502301 -12.6628 12.6681 0.00533352
272.73 -0.0189168 0.00502392 -12.6635 12.6688 0.00533822
272.742 -0.0189191 0.00502509 -12.6642 12.6695 0.00534242
272.753 -0.0189212 0.00502612 -12.6648 12.6701 0.00534716
272.764 -0.0189241 0.00502764 -12.6653 12.6707 0.00535209
272.775 -0.0189268 0.00502926 -12.6659 12.6712 0.00535678
272.787 -0.0189291 0.00502989 -12.6663 12.6717 0.00536201
272.798 -0.0189318 0.00503116 -12.6668 12.6721 0.00536696
272.809 -0.0189348 0.00503246 -12.6672 12.6725 0.00537276
272.82 -0.0189373 0.00503384 -12.6675 12.6729 0.00537839
272.831 -0.0189397 0.00503487 -12.6678 12.6732 0.00538331
272.843 -0.0189419 0.00503574 -12.6681 12.6735 0.0053889
272.854 -0.0189437 0.0050361 -12.6683 12.6737 0.00539515
272.865 -0.0189449 0.00503686 -12.6685 12.6739 0.00540097
272.876 -0.0189466 0.00503796 -12.6686 12.6741 0.00540729
272.888 -0.0189479 0.00503955 -12.6688 12.6742 0.00541415
272.899 -0.0189495 0.00504126 -12.6688 12.6743 0.00542086
272.91 -0.0189509 0.00504266 -12.6689 12.6744 0.00542743
272.921 -0.0189519 0.00504437 -12.6689 12.6744 0.00543346
272.933 -0.0189535 0.00504538 -12.6689 12.6743 0.0054397
272.944 -0.0189557 0.00504639 -12.6689 12.6743 0.00544564
272.955 -0.0189573 0.0050474 -12.6687 12.6742 0.00545237
272.966 -0.0189594 0.00504888 -12.6686 12.674 0.00545862
272.978 -0.0189607 0.00504931 -12.6684 12.6739 0.00546487
272.989 -0.0189621 0.0050488 -12.6682 12.6736 0.00547097
273 -0.0189634 0.00504782 -12.6679 12.6733 0.00547604
273.011 -0.0189646 0.00504692 -12.6675 12.673 0.00548051
273.022 -0.0189653 0.00504671 -12.6671 12.6726 0.00548526
273.034 -0.0189664 0.00504634 -12.6666 12.6721 0.0054908
273.045 -0.0189692 0.00504633 -12.6661 12.6716 0.0054968
273.056 -0.0189714 0.00504649 -12.6655 12.671 0.00550273
273.067 -0.0189739 0.00504733 -12.6649 12.6704 0.00550919
273.079 -0.0189772 0.005047 -12.6643 12.6698 0.00551477
273.09 -0.0189809 0.00504703 -12.6636 12.6691 0.00552002
273.101 -0.0189846 0.00504751 -12.6628 12.6684 0.00552538
273.112 -0.0189879 0.0050483 -12.6621 12.6676 0.00553067
273.124 -0.0189909 0.00504926 -12.6612 12.6667 0.00553604
273.135 -0.0189933 0.0050504 -12.6603 12.6658 0.00554108
273.146 -0.0189957 0.00505078 -12.6593 12.6648 0.00554592
273.157 -0.0189977 0.00505169 -12.6582 12.6638 0.00555119
273.169 -0.018999 0.0050526 -12.6571 12.6627 0.00555674
273.18 -0.0190012 0.00505272 -12.6559 12.6615 0.00556092
273.191 -0.0190032 0.00505297 -12.6547 12.6603 0.00556689
273.202 -0.0190055 0.00505336 -12.6534 12.659 0.00557204
273.213 -0.0190066 0.0050543 -12.6521 12.6577 0.00557684
273.225 -0.0190085 0.0050559 -12.6507 12.6563 0.00558297
273.236 -0.01901 0.00505799 -12.6493 12.6549 0.00558873
273.247 -0.0190108 0.0050603 -12.6478 12.6534 0.00559346
273.258 -0.0190116 0.0050622 -12.6462 12.6518 0.00559971
273.27 -0.0190126 0.00506291 -12.6446 12.6502 0.0056057
273.281 -0.0190136 0.00506326 -12.643 12.6486 0.00561067
273.292 -0.0190146 0.0050628 -12.6413 12.6469 0.00561619
273.303 -0.0190153 0.00506265 -12.6395 12.6451 0.00562145
273.315 -0.0190158 0.00506271 -12.6377 12.6433 0.00562753
273.326 -0.019016 0.00506212 -12.6358 12.6414 0.00563266
273.337 -0.0190168 0.00506249 -12.6339 12.6395 0.00563862
273.348 -0.0190179 0.00506243 -12.6319 12.6375 0.00564451
273.36 -0.0190192 0.00506272 -12.6298 12.6355 0.00565016
273.371 -0.0190207 0.00506228 -12.6277 12.6334 0.00565573
273.382 -0.0190223 0.00506236 -12.6256 12.6313 0.00566133
273.393 -0.0190242 0.00506256 -12.6234 12.6291 0.00566727
273.404 -0.0190258 0.00506349 -12.6212 12.6269 0.00567338
273.416 -0.0190283 0.00506375 -12.619 12.6246 0.00567815
273.427 -0.0190314 0.00506416 -12.6167 12.6224 0.00568474
273.438 -0.0190349 0.00506485 -12.6143 12.62 0.00569162
273.449 -0.0190381 0.0050659 -12.612 12.6177 0.00569782
273.461 -0.0190403 0.00506674 -12.6096 12.6153 0.0057041
273.472 -0.0190431 0.00506724 -12.6071 12.6128 0.00570972
273.483 -0.0190457 0.0050676 -12.6046 12.6103 0.00571532
273.494 -0.0190468 0.00506798 -12.6021 12.6078 0.00571933
273.506 -0.0190481 0.00506828 -12.5994 12.6051 0.00572399
273.517 -0.0190497 0.00506902 -12.5967 12.6024 0.00572824
273.528 -0.0190511 0.00506944 -12.5939 12.5997 0.00573311
273.539 -0.0190523 0.00507037 -12.5912 12.5969 0.00573783
273.551 -0.0190536 0.0050711 -12.5884 12.5941 0.00574322
273.562 -0.0190558 0.00507188 -12.5855 12.5912 0.00574863
273.573 -0.0190569 0.00507187 -12.5825 12.5883 0.00575434
273.584 -0.0190583 0.0050718 -12.5796 12.5854 0.00575936
273.596 -0.0190586 0.00507266 -12.5766 12.5823 0.00576471
273.607 -0.01906 0.00507281 -12.5735 12.5793 0.00576931
273.618 -0.0190609 0.00507327 -12.5704 12.5762 0.00577489
273.629 -0.0190617 0.00507344 -12.5673 12.5731 0.00577948
273.64 -0.0190629 0.00507396 -12.5642 12.57 0.00578501
273.652 -0.0190638 0.00507339 -12.561 12.5668 0.00578945
273.663 -0.0190644 0.00507371 -12.5578 12.5636 0.00579421
273.674 -0.0190659 0.00507401 -12.5546 12.5604 0.00580014
273.685 -0.0190671 0.00507407 -12.5514 12.5572 0.00580567
273.697 -0.0190684 0.00507395 -12.5481 12.5539 0.00581116
273.708 -0.0190706 0.00507344 -12.5448 12.5506 0.00581716
273.719 -0.0190727 0.0050733 -12.5415 12.5473 0.00582291
273.73 -0.0190748 0.00507366 -12.5381 12.544 0.00582853
273.742 -0.0190771 0.00507411 -12.5348 12.5406 0.00583451
273.753 -0.0190797 0.005075 -12.5314 12.5372 0.00584101
273.764 -0.0190824 0.00507536 -12.528 12.5339 0.00584724
273.775 -0.0190858 0.00507654 -12.5246 12.5305 0.00585444
273.787 -0.0190891 0.00507745 -12.5212 12.5271 0.00586147
273.798 -0.0190926 0.00507816 -12.5178 12.5237 0.00586876
273.809 -0.0190956 0.00507923 -12.5144 12.5203 0.00587509
273.82 -0.0190985 0.00508002 -12.511 12.5168 0.00588122
273.831 -0.0191012 0.00508074 -12.5075 12.5134 0.00588769
273.843 -0.0191032 0.00508206 -12.504 12.5098 0.00589233
273.854 -0.0191045 0.00508291 -12.5004 12.5063 0.00589513
273.865 -0.019106 0.00508359 -12.4967 12.5026 0.0058985
273.876 -0.0191082 0.00508423 -12.493 12.4989 0.00590232
273.888 -0.0191102 0.00508389 -12.4893 12.4952 0.00590656
273.899 -0.0191121 0.00508386 -12.4855 12.4914 0.00591076
273.91 -0.0191142 0.00508398 -12.4817 12.4876 0.00591458
273.921 -0.0191158 0.00508405 -12.4779 12.4838 0.00591883
273.933 -0.0191174 0.00508439 -12.474 12.4799 0.00592385
273.944 -0.0191197 0.00508454 -12.4701 12.476 0.00592791
273.955 -0.0191219 0.00508508 -12.4662 12.4722 0.00593259
273.966 -0.0191241 0.00508498 -12.4623 12.4683 0.00593824
273.978 -0.0191256 0.00508438 -12.4584 12.4644 0.00594361
273.989 -0.019127 0.00508369 -12.4546 12.4605 0.00594811
274 -0.0191281 0.00508335 -12.4506 12.4566 0.00595406
274.011 -0.0191296 0.00508353 -12.4468 12.4527 0.00596088
274.022 -0.019131 0.00508317 -12.4429 12.4489 0.00596548
274.034 -0.0191315 0.00508272 -12.439 12.4449 0.00597092
274.045 -0.0191328 0.00508262 -12.4351 12.4411 0.00597629
274.056 -0.0191345 0.00508285 -12.4312 12.4372 0.00598101
274.067 -0.0191362 0.00508286 -12.4274 12.4333 0.00598679
274.079 -0.0191385 0.00508326 -12.4235 12.4295 0.00599196
274.09 -0.0191412 0.00508413 -12.4197 12.4257 0.00599784
274.101 -0.0191441 0.0050843 -12.4158 12.4218 0.00600419
274.112 -0.0191471 0.00508499 -12.412 12.418 0.00600977
274.124 -0.0191505 0.00508564 -12.4082 12.4143 0.00601523
274.135 -0.0191538 0.00508636 -12.4044 12.4105 0.00602249
274.146 -0.0191574 0.00508688 -12.4007 12.4067 0.00602956
274.157 -0.0191603 0.00508784 -12.3969 12.403 0.00603503
274.169 -0.0191627 0.00508911 -12.3932 12.3992 0.00604115
274.18 -0.0191651 0.00508989 -12.3895 12.3955 0.00604652
274.191 -0.0191669 0.00509037 -12.3857 12.3918 0.00605157
274.202 -0.0191691 0.00509108 -12.382 12.3881 0.00605702
274.213 -0.0191704 0.0050922 -12.3783 12.3843 0.0060614
274.225 -0.0191723 0.00509311 -12.3746 12.3806 0.00606659
274.236 -0.0191741 0.00509408 -12.3708 12.3769 0.00607182
274.247 -0.0191758 0.00509541 -12.3671 12.3731 0.00607686
274.258 -0.0191784 0.00509656 -12.3633 12.3694 0.00608251
274.27 -0.0191813 0.00509647 -12.3596 12.3656 0.00608801
274.281 -0.0191822 0.00509614 -12.3558 12.3619 0.00609208
274.292 -0.0191832 0.00509527 -12.352 12.3581 0.00609625
274.303 -0.0191849 0.0050943 -12.3482 12.3544 0.00610143
274.315 -0.0191864 0.0050938 -12.3445 12.3506 0.00610729
274.326 -0.0191882 0.00509321 -12.3408 12.3469 0.00611211
274.337 -0.0191899 0.00509293 -12.337 12.3431 0.00611708
274.348 -0.0191917 0.0050929 -12.3333 12.3394 0.00612332
274.36 -0.0191936 0.00509235 -12.3296 12.3358 0.00612897
274.371 -0.0191954 0.00509231 -12.326 12.3321 0.00613496
274.382 -0.0191973 0.00509219 -12.3223 12.3285 0.00614084
274.393 -0.0191998 0.00509129 -12.3187 12.3249 0.00614544
274.404 -0.0192017 0.00508999 -12.3151 12.3212 0.00615025
274.416 -0.0192044 0.00508997 -12.3115 12.3176 0.00615643
274.427 -0.0192068 0.00508941 -12.3079 12.3141 0.00616129
274.438 -0.0192092 0.00508939 -12.3044 12.3105 0.00616652
274.449 -0.0192121 0.00508909 -12.3009 12.307 0.0061724
274.461 -0.0192148 0.00508896 -12.2974 12.3036 0.00617714
274.472 -0.0192174 0.0050878 -12.2939 12.3001 0.00618167
274.483 -0.0192193 0.00508665 -12.2905 12.2967 0.00618655
274.494 -0.0192218 0.0050867 -12.2871 12.2933 0.00619218
274.506 -0.0192243 0.00508645 -12.2837 12.2899 0.006197
274.517 -0.0192268 0.00508667 -12.2804 12.2866 0.00620187
274.528 -0.0192294 0.00508755 -12.2771 12.2833 0.00620789
274.539 -0.0192323 0.00508862 -12.2738 12.28 0.00621382
274.551 -0.0192352 0.0050899 -12.2705 12.2767 0.00621926
274.562 -0.0192381 0.00509197 -12.2673 12.2735 0.00622536
274.573 -0.0192404 0.00509374 -12.2641 12.2703 0.00623118
274.584 -0.0192422 0.00509495 -12.2609 12.2671 0.0062362
274.596 -0.0192441 0.00509708 -12.2578 12.264 0.00624117
274.607 -0.0192462 0.00509844 -12.2546 12.2609 0.0062475
274.618 -0.0192475 0.00509982 -12.2515 12.2577 0.00625254
274.629 -0.0192487 0.00510119 -12.2484 12.2547 0.00625739
274.64 -0.0192494 0.00510217 -12.2454 12.2516 0.00626209
274.652 -0.0192503 0.00510248 -12.2423 12.2485 0.0062675
274.663 -0.0192517 0.00510262 -12.2393 12.2455 0.00627309
274.674 -0.0192538 0.00510339 -12.2363 12.2425 0.00627857
274.685 -0.019256 0.00510308 -12.2333 12.2396 0.00628392
274.697 -0.019258 0.00510247 -12.2303 12.2366 0.0062895
274.708 -0.0192601 0.00510274 -12.2274 12.2337 0.00629613
274.719 -0.0192625 0.00510305 -12.2245 12.2308 0.00630191
274.73 -0.0192653 0.00510343 -12.2217 12.228 0.00630771
274.742 -0.019268 0.00510383 -12.2188 12.2252 0.00631477
274.753 -0.0192704 0.00510444 -12.2161 12.2224 0.00632143
274.764 -0.0192723 0.00510471 -12.2133 12.2197 0.00632594
274.775 -0.0192737 0.00510518 -12.2106 12.2169 0.00633173
274.787 -0.0192754 0.00510499 -12.2079 12.2142 0.00633784
274.798 -0.0192773 0.00510459 -12.2053 12.2116 0.00634368
274.809 -0.0192791 0.00510469 -12.2026 12.209 0.00635029
274.82 -0.0192818 0.00510447 -12.2001 12.2064 0.00635701
274.831 -0.0192833 0.00510387 -12.1976 12.2039 0.00636237
274.843 -0.0192854 0.00510296 -12.1951 12.2015 0.00636905
274.854 -0.0192874 0.00510216 -12.1927 12.199 0.00637564
274.865 -0.0192895 0.00510119 -12.1903 12.1967 0.006381
274.876 -0.0192912 0.00510014 -12.188 12.1944 0.00638695
274.888 -0.0192919 0.00509848 -12.1857 12.1921 0.00639086
274.899 -0.0192932 0.00509714 -12.1834 12.1898 0.00639614
274.91 -0.0192942 0.00509583 -12.1812 12.1876 0.00640264
274.921 -0.0192954 0.00509462 -12.179 12.1854 0.00640803
274.933 -0.0192958 0.0050939 -12.1768 12.1833 0.00641325
274.944 -0.0192966 0.00509358 -12.1747 12.1811 0.00641947
274.955 -0.0192981 0.0050934 -12.1726 12.1791 0.00642693
274.966 -0.0192993 0.00509351 -12.1706 12.1771 0.00643335
274.978 -0.019301 0.00509395 -12.1686 12.1751 0.0064395
274.989 -0.0193021 0.00509361 -12.1667 12.1731 0.00644483
275 -0.0193034 0.0050933 -12.1648 12.1713 0.00645047
275.011 -0.019304 0.00509347 -12.163 12.1694 0.00645627
275.022 -0.0193047 0.00509395 -12.1611 12.1676 0.00646182
275.034 -0.0193056 0.00509366 -12.1594 12.1658 0.00646691
275.045 -0.0193064 0.00509476 -12.1576 12.1641 0.00647175
275.056 -0.019307 0.00509648 -12.1559 12.1623 0.00647665
275.067 -0.0193079 0.00509806 -12.1541 12.1606 0.00648143
275.079 -0.0193084 0.00509908 -12.1524 12.1589 0.00648636
275.09 -0.0193094 0.00509998 -12.1507 12.1572 0.0064916
275.101 -0.0193104 0.00510146 -12.1491 12.1556 0.00649637
275.112 -0.0193111 0.00510326 -12.1475 12.154 0.00650061
275.124 -0.0193118 0.00510452 -12.1459 12.1524 0.00650471
275.135 -0.0193132 0.00510644 -12.1443 12.1508 0.00650916
275.146 -0.0193141 0.00510834 -12.1427 12.1492 0.0065131
275.157 -0.0193153 0.00511034 -12.1411 12.1476 0.0065173
275.169 -0.0193166 0.00511182 -12.1396 12.1461 0.00652112
275.18 -0.0193181 0.00511346 -12.1381 12.1446 0.00652557
275.191 -0.0193189 0.00511503 -12.1366 12.1431 0.00652867
275.202 -0.0193192 0.00511652 -12.1351 12.1417 0.00653127
275.213 -0.0193199 0.0051184 -12.1336 12.1402 0.00653465
275.225 -0.0193211 0.00512041 -12.1322 12.1387 0.00653837
275.236 -0.019322 0.00512163 -12.1307 12.1373 0.00654234
275.247 -0.0193237 0.00512321 -12.1293 12.1359 0.00654692
275.258 -0.0193249 0.00512476 -12.128 12.1345 0.00655181
275.27 -0.019326 0.00512516 -12.1267 12.1332 0.00655633
275.281 -0.0193271 0.00512631 -12.1254 12.1319 0.00656129
275.292 -0.0193281 0.00512696 -12.1241 12.1307 0.00656601
275.303 -0.0193291 0.00512732 -12.1229 12.1295 0.00657039
275.315 -0.0193298 0.00512822 -12.1217 12.1283 0.00657543
275.326 -0.019331 0.00512917 -12.1206 12.1271 0.00657944
275.337 -0.019332 0.00512977 -12.1194 12.126 0.0065831
275.348 -0.0193333 0.00513066 -12.1184 12.1249 0.00658874
275.36 -0.019334 0.00513105 -12.1173 12.1239 0.00659316
275.371 -0.019335 0.00513173 -12.1163 12.1229 0.00659666
275.382 -0.0193354 0.00513344 -12.1153 12.1219 0.00660106
275.393 -0.0193362 0.00513421 -12.1143 12.1209 0.00660551
275.404 -0.0193371 0.00513435 -12.1134 12.12 0.00661048
275.416 -0.0193382 0.00513486 -12.1125 12.1191 0.00661514
275.427 -0.0193395 0.0051351 -12.1117 12.1183 0.0066199
275.438 -0.0193407 0.0051354 -12.1108 12.1175 0.00662478
275.449 -0.0193415 0.00513593 -12.1101 12.1167 0.00663024
275.461 -0.0193426 0.00513621 -12.1093 12.116 0.00663601
275.472 -0.0193435 0.00513627 -12.1086 12.1153 0.00664104
275.483 -0.0193441 0.00513557 -12.108 12.1146 0.00664649
275.494 -0.0193451 0.00513496 -12.1074 12.114 0.00665203
275.506 -0.0193461 0.00513475 -12.1068 12.1135 0.00665691
275.517 -0.0193469 0.00513462 -12.1063 12.113 0.00666233
275.528 -0.0193477 0.00513378 -12.1058 12.1125 0.00666803
275.539 -0.0193487 0.00513324 -12.1053 12.112 0.00667403
275.551 -0.0193497 0.00513272 -12.1049 12.1116 0.00667941
275.562 -0.0193504 0.0051318 -12.1046 12.1112 0.00668556
275.573 -0.0193514 0.00513146 -12.1042 12.1109 0.00669241
275.584 -0.0193519 0.00513153 -12.1039 12.1106 0.00669752
275.596 -0.0193528 0.00513168 -12.1037 12.1104 0.0067033
275.607 -0.0193537 0.00513187 -12.1034 12.1101 0.00670905
275.618 -0.0193545 0.00513219 -12.1032 12.1099 0.00671448
275.629 -0.0193557 0.00513302 -12.103 12.1097 0.00671976
275.64 -0.0193572 0.0051336 -12.1029 12.1096 0.00672478
275.652 -0.0193583 0.00513382 -12.1027 12.1095 0.00673002
275.663 -0.019359 0.00513457 -12.1026 12.1093 0.00673461
275.674 -0.0193599 0.00513515 -12.1025 12.1092 0.00673899
275.685 -0.0193613 0.00513522 -12.1024 12.1091 0.00674408
275.697 -0.0193618 0.00513564 -12.1023 12.109 0.00674879
275.708 -0.0193626 0.00513558 -12.1022 12.109 0.00675399
275.719 -0.0193634 0.00513591 -12.1022 12.1089 0.00675905
275.73 -0.0193643 0.00513691 -12.1021 12.1089 0.00676456
275.742 -0.0193652 0.00513687 -12.1021 12.1089 0.0067701
275.753 -0.0193659 0.0051374 -12.1022 12.1089 0.00677566
275.764 -0.0193666 0.00513754 -12.1022 12.109 0.00678076
275.775 -0.0193676 0.00513753 -12.1023 12.1091 0.00678605
275.787 -0.019369 0.00513831 -12.1023 12.1091 0.00679136
275.798 -0.01937 0.00513835 -12.1024 12.1092 0.00679692
275.809 -0.0193709 0.00513834 -12.1026 12.1094 0.00680228
275.82 -0.0193721 0.00513906 -12.1027 12.1095 0.00680832
275.831 -0.0193734 0.00513999 -12.1029 12.1097 0.00681337
275.843 -0.0193745 0.00514042 -12.1031 12.1099 0.00681752
275.854 -0.0193748 0.00514073 -12.1033 12.1101 0.0068236
275.865 -0.0193758 0.00514101 -12.1035 12.1103 0.00682916
275.876 -0.0193765 0.00514155 -12.1038 12.1106 0.00683368
275.888 -0.0193777 0.00514254 -12.104 12.1109 0.00683916
275.899 -0.0193784 0.005143 -12.1043 12.1111 0.00684469
275.91 -0.0193792 0.00514315 -12.1046 12.1115 0.00684954
275.921 -0.0193801 0.00514423 -12.1049 12.1118 0.00685437
275.933 -0.0193808 0.00514428 -12.1052 12.1121 0.0068599
275.944 -0.0193815 0.00514412 -12.1055 12.1124 0.00686407
275.955 -0.0193822 0.00514377 -12.1059 12.1127 0.0068684
275.966 -0.0193829 0.00514301 -12.1062 12.113 0.00687291
275.978 -0.0193837 0.00514218 -12.1065 12.1134 0.00687696
275.989 -0.0193841 0.00514151 -12.1069 12.1137 0.00688139
276 -0.0193848 0.00514122 -12.1072 12.1141 0.00688608
276.011 -0.019385 0.00514052 -12.1075 12.1144 0.00689024
276.022 -0.019386 0.00513973 -12.1079 12.1148 0.0068951
276.034 -0.0193868 0.0051393 -12.1082 12.1151 0.00690099
276.045 -0.0193873 0.00513901 -12.1086 12.1156 0.00690615
276.056 -0.019388 0.0051389 -12.109 12.1159 0.0069124
276.067 -0.0193887 0.0051385 -12.1094 12.1164 0.00691842
276.079 -0.0193893 0.0051383 -12.1099 12.1168 0.00692412
276.09 -0.0193901 0.0051383 -12.1103 12.1172 0.00693062
276.101 -0.0193907 0.00513739 -12.1107 12.1176 0.0069376
276.112 -0.0193919 0.0051372 -12.1112 12.1181 0.00694348
276.124 -0.0193931 0.00513684 -12.1116 12.1186 0.00694912
276.135 -0.019395 0.0051364 -12.1121 12.1191 0.00695545
276.146 -0.0193964 0.0051367 -12.1126 12.1196 0.00696207
276.157 -0.0193974 0.00513644 -12.1131 12.1201 0.00696778
276.169 -0.0193982 0.00513625 -12.1136 12.1206 0.00697322
276.18 -0.0193991 0.00513608 -12.1141 12.1211 0.00697867
276.191 -0.0194004 0.00513639 -12.1146 12.1215 0.00698336
276.202 -0.0194017 0.0051368 -12.115 12.122 0.00698774
276.213 -0.0194026 0.00513761 -12.1155 12.1225 0.00699182
276.225 -0.0194034 0.00513787 -12.1159 12.1229 0.00699669
276.236 -0.0194037 0.00513831 -12.1163 12.1233 0.00700102
276.247 -0.0194046 0.00513887 -12.1167 12.1237 0.00700524
276.258 -0.0194044 0.00513917 -12.1171 12.1241 0.00701063
276.27 -0.0194041 0.00513958 -12.1174 12.1245 0.00701484
276.281 -0.0194041 0.00514045 -12.1178 12.1248 0.00701928
276.292 -0.019404 0.00514124 -12.1182 12.1252 0.00702425
276.303 -0.0194043 0.00514161 -12.1185 12.1255 0.00702924
276.315 -0.0194046 0.00514173 -12.1189 12.1259 0.00703412
276.326 -0.0194047 0.00514222 -12.1192 12.1262 0.00703966
276.337 -0.019405 0.00514242 -12.1195 12.1266 0.00704514
276.348 -0.0194056 0.00514268 -12.1199 12.1269 0.00705018
276.36 -0.0194065 0.00514267 -12.1202 12.1273 0.00705547
276.371 -0.0194066 0.00514265 -12.1205 12.1276 0.007061
276.382 -0.0194073 0.00514222 -12.1209 12.128 0.00706652
276.393 -0.0194081 0.00514202 -12.1212 12.1283 0.0070716
276.404 -0.0194089 0.0051422 -12.1215 12.1286 0.00707642
276.416 -0.019409 0.00514241 -12.1219 12.129 0.00708053
276.427 -0.0194098 0.00514246 -12.1222 12.1293 0.00708514
276.438 -0.0194102 0.00514259 -12.1225 12.1296 0.00708911
276.449 -0.0194117 0.0051421 -12.1228 12.1299 0.00709242
276.461 -0.0194126 0.00514219 -12.1231 12.1302 0.00709687
276.472 -0.0194133 0.00514271 -12.1233 12.1304 0.00710112
276.483 -0.0194142 0.00514226 -12.1236 12.1307 0.00710445
276.494 -0.019416 0.00514092 -12.1238 12.1309 0.00710819
276.506 -0.0194171 0.00514099 -12.124 12.1312 0.0071124
276.517 -0.0194183 0.00514154 -12.1243 12.1314 0.0071159
276.528 -0.0194197 0.00514114 -12.1245 12.1316 0.00712112
276.539 -0.0194201 0.0051419 -12.1247 12.1318 0.00712632
276.551 -0.0194212 0.0051432 -12.1249 12.132 0.00713061
276.562 -0.0194219 0.00514447 -12.1251 12.1323 0.00713586
276.573 -0.0194227 0.00514634 -12.1253 12.1325 0.00714097
276.584 -0.0194243 0.00514872 -12.1255 12.1327 0.00714505
276.596 -0.0194259 0.00515153 -12.1257 12.1328 0.00715065
276.607 -0.0194273 0.00515327 -12.1259 12.133 0.00715593
276.618 -0.0194298 0.00515575 -12.1261 12.1332 0.00716019
276.629 -0.0194317 0.0051575 -12.1262 12.1334 0.00716544
276.64 -0.0194327 0.00515844 -12.1264 12.1336 0.00717029
276.652 -0.0194341 0.00515952 -12.1265 12.1337 0.00717435
276.663 -0.0194352 0.00516086 -12.1267 12.1339 0.00717943
276.674 -0.0194359 0.0051608 -12.1268 12.134 0.00718368
276.685 -0.0194367 0.00516165 -12.1269 12.1341 0.0071871
276.697 -0.0194376 0.00516262 -12.127 12.1342 0.00719149
276.708 -0.0194379 0.00516294 -12.127 12.1342 0.00719548
276.719 -0.0194387 0.00516417 -12.1271 12.1343 0.00719841
276.73 -0.0194395 0.00516526 -12.1271 12.1343 0.00720333
276.742 -0.0194393 0.00516538 -12.1271 12.1343 0.00720746
276.753 -0.0194386 0.00516619 -12.1271 12.1343 0.0072103
276.764 -0.0194381 0.00516715 -12.127 12.1342 0.00721447
276.775 -0.0194378 0.00516791 -12.1269 12.1341 0.00721901
276.787 -0.0194377 0.00516891 -12.1268 12.1341 0.00722347
276.798 -0.0194376 0.00516995 -12.1267 12.1339 0.00722821
276.809 -0.0194384 0.00517133 -12.1265 12.1338 0.00723279
276.82 -0.0194392 0.00517194 -12.1264 12.1336 0.00723674
276.831 -0.0194401 0.00517241 -12.1262 12.1334 0.00724128
276.843 -0.0194414 0.00517318 -12.126 12.1332 0.00724699
276.854 -0.0194429 0.00517388 -12.1258 12.1331 0.0072526
276.865 -0.0194444 0.00517483 -12.1256 12.1328 0.00725783
276.876 -0.0194459 0.00517589 -12.1254 12.1326 0.00726271
276.888 -0.0194481 0.00517692 -12.1251 12.1324 0.00726814
276.899 -0.0194509 0.00517754 -12.1249 12.1321 0.00727227
276.91 -0.0194535 0.00517816 -12.1246 12.1319 0.00727549
276.921 -0.0194564 0.00517947 -12.1243 12.1316 0.00727954
276.933 -0.0194587 0.0051811 -12.124 12.1313 0.00728403
276.944 -0.019461 0.00518341 -12.1237 12.131 0.00728815
276.955 -0.0194629 0.00518554 -12.1234 12.1306 0.00729258
276.966 -0.0194642 0.00518766 -12.123 12.1303 0.0072982
276.978 -0.0194651 0.00518953 -12.1225 12.1298 0.00730222
276.989 -0.0194655 0.0051913 -12.122 12.1293 0.00730497
277 -0.0194664 0.00519291 -12.1215 12.1288 0.00730949
277.011 -0.0194669 0.00519351 -12.121 12.1283 0.00731363
277.022 -0.0194678 0.0051943 -12.1204 12.1277 0.00731635
277.034 -0.0194688 0.0051958 -12.1198 12.1271 0.0073203
277.045 -0.019469 0.00519606 -12.1192 12.1265 0.00732378
277.056 -0.0194697 0.00519666 -12.1186 12.1259 0.00732678
277.067 -0.0194708 0.00519809 -12.1179 12.1252 0.00733174
277.079 -0.0194719 0.00519863 -12.1173 12.1246 0.0073365
277.09 -0.0194737 0.00520014 -12.1166 12.1239 0.0073404
277.101 -0.0194756 0.00520167 -12.1159 12.1233 0.00734633
277.112 -0.0194776 0.00520255 -12.1153 12.1226 0.0073514
277.124 -0.0194795 0.00520433 -12.1146 12.122 0.0073562
277.135 -0.0194799 0.00520506 -12.1139 12.1213 0.00736241
277.146 -0.0194809 0.00520605 -12.1132 12.1206 0.00736862
277.157 -0.0194819 0.00520733 -12.1126 12.1199 0.0073747
277.169 -0.0194826 0.00520828 -12.1119 12.1193 0.00738073
277.18 -0.0194843 0.00520925 -12.1112 12.1186 0.00738629
277.191 -0.0194865 0.00521016 -12.1105 12.1179 0.007391
277.202 -0.0194882 0.00521178 -12.1098 12.1172 0.00739535
277.213 -0.01949 0.00521338 -12.1091 12.1165 0.00740086
277.225 -0.0194919 0.00521465 -12.1084 12.1159 0.00740629
277.236 -0.0194942 0.00521577 -12.1077 12.1151 0.00741112
277.247 -0.019495 0.00521654 -12.107 12.1144 0.00741498
277.258 -0.0194955 0.00521754 -12.1062 12.1136 0.00742017
277.27 -0.0194954 0.00521817 -12.1054 12.1128 0.00742398
277.281 -0.019496 0.0052189 -12.1045 12.112 0.00742677
277.292 -0.0194964 0.00522068 -12.1037 12.1111 0.00742947
277.303 -0.019497 0.00522083 -12.1028 12.1102 0.00743298
277.315 -0.019498 0.00522169 -12.1018 12.1093 0.00743644
277.326 -0.0194992 0.00522238 -12.1009 12.1083 0.00743935
277.337 -0.0195004 0.00522204 -12.0999 12.1073 0.00744336
277.348 -0.0195012 0.00522306 -12.0989 12.1063 0.00744721
277.36 -0.0195024 0.00522329 -12.0978 12.1053 0.00745128
277.371 -0.019503 0.00522307 -12.0967 12.1042 0.00745611
277.382 -0.0195038 0.00522343 -12.0957 12.1031 0.00746194
277.393 -0.0195044 0.00522381 -12.0946 12.102 0.00746692
277.404 -0.0195055 0.00522417 -12.0934 12.1009 0.00747157
277.416 -0.019507 0.00522359 -12.0923 12.0998 0.00747698
277.427 -0.0195083 0.00522392 -12.0912 12.0986 0.00748203
277.438 -0.0195111 0.00522351 -12.09 12.0975 0.00748655
277.449 -0.0195134 0.00522328 -12.0888 12.0963 0.0074912
277.461 -0.0195156 0.00522302 -12.0876 12.0951 0.00749674
277.472 -0.0195172 0.00522332 -12.0864 12.0939 0.0075019
277.483 -0.0195181 0.00522327 -12.0852 12.0927 0.00750741
277.494 -0.0195181 0.00522309 -12.0841 12.0916 0.00751207
277.506 -0.0195182 0.00522346 -12.0828 12.0904 0.00751619
277.517 -0.0195182 0.00522403 -12.0816 12.0891 0.0075208
277.528 -0.0195187 0.00522468 -12.0803 12.0878 0.00752535
277.539 -0.0195195 0.00522589 -12.079 12.0865 0.00752926
277.551 -0.0195197 0.00522643 -12.0776 12.0852 0.00753261
277.562 -0.0195207 0.00522698 -12.0763 12.0838 0.00753653
277.573 -0.019521 0.00522666 -12.0749 12.0824 0.00754022
277.584 -0.0195223 0.00522705 -12.0734 12.081 0.007543
277.596 -0.0195235 0.00522661 -12.072 12.0796 0.00754735
277.607 -0.0195252 0.00522626 -12.0706 12.0781 0.00755272
277.618 -0.019526 0.00522562 -12.0691 12.0766 0.00755715
277.629 -0.0195264 0.00522582 -12.0676 12.0752 0.00756187
277.64 -0.0195276 0.00522592 -12.0661 12.0737 0.00756678
277.652 -0.0195291 0.00522678 -12.0646 12.0722 0.00757306
277.663 -0.0195297 0.00522647 -12.0631 12.0707 0.00757811
277.674 -0.0195305 0.00522589 -12.0616 12.0691 0.00758237
277.685 -0.0195314 0.0052246 -12.06 12.0676 0.00758736
277.697 -0.0195323 0.00522424 -12.0585 12.0661 0.00759234
277.708 -0.0195317 0.00522277 -12.0569 12.0645 0.00759696
277.719 -0.0195314 0.00522247 -12.0554 12.063 0.00760171
277.73 -0.0195317 0.00522202 -12.0539 12.0615 0.00760598
277.742 -0.0195315 0.00522342 -12.0523 12.0599 0.00761044
277.753 -0.019532 0.00522515 -12.0508 12.0584 0.00761527
277.764 -0.0195324 0.00522549 -12.0492 12.0568 0.00761903
277.775 -0.0195328 0.00522621 -12.0476 12.0552 0.00762296
277.787 -0.0195314 0.00522678 -12.046 12.0537 0.00762739
277.798 -0.0195303 0.00522692 -12.0444 12.0521 0.00763187
277.809 -0.0195293 0.00522679 -12.0428 12.0505 0.00763556
277.82 -0.0195285 0.00522687 -12.0412 12.0488 0.00763907
277.831 -0.0195281 0.00522684 -12.0396 12.0472 0.00764314
277.843 -0.0195278 0.00522638 -12.0379 12.0455 0.00764731
277.854 -0.0195291 0.00522746 -12.0362 12.0439 0.00765198
277.865 -0.019529 0.00522737 -12.0346 12.0422 0.00765691
277.876 -0.01953 0.00522726 -12.0329 12.0405 0.00766019
277.888 -0.0195301 0.00522733 -12.0312 12.0389 0.00766421
277.899 -0.0195306 0.00522736 -12.0295 12.0372 0.00766875
277.91 -0.0195305 0.00522662 -12.0278 12.0355 0.00767291
277.921 -0.0195298 0.0052277 -12.0261 12.0338 0.00767757
277.933 -0.01953 0.00522818 -12.0245 12.0322 0.00768165
277.944 -0.0195303 0.00522969 -12.0228 12.0305 0.00768686
277.955 -0.01953 0.00523097 -12.0211 12.0288 0.00769191
277.966 -0.0195294 0.00523173 -12.0195 12.0272 0.00769604
277.978 -0.0195289 0.00523204 -12.0178 12.0255 0.00770067
277.989 -0.0195285 0.00523246 -12.0161 12.0238 0.00770519
278 -0.0195283 0.00523277 -12.0145 12.0222 0.00770864
278.011 -0.0195277 0.00523208 -12.0128 12.0205 0.0077119
278.022 -0.0195275 0.00523143 -12.0111 12.0188 0.00771594
278.034 -0.0195274 0.00523167 -12.0094 12.0172 0.00772002
278.045 -0.0195266 0.00523097 -12.0077 12.0155 0.00772335
278.056 -0.019526 0.00523021 -12.006 12.0138 0.00772592
278.067 -0.0195256 0.00523079 -12.0044 12.0121 0.00773078
278.079 -0.0195246 0.00523072 -12.0027 12.0104 0.00773523
278.09 -0.0195234 0.00523139 -12.001 12.0087 0.0077388
278.101 -0.0195228 0.00523239 -11.9993 12.007 0.00774332
278.112 -0.019522 0.00523248 -11.9976 12.0054 0.00774774
278.124 -0.0195211 0.0052324 -11.9959 12.0037 0.00775162
278.135 -0.0195205 0.00523298 -11.9943 12.002 0.00775584
278.146 -0.0195201 0.00523338 -11.9926 12.0004 0.00775955
278.157 -0.0195195 0.0052339 -11.991 11.9987 0.00776437
278.169 -0.0195179 0.00523397 -11.9893 11.9971 0.00776956
278.18 -0.0195166 0.00523413 -11.9877 11.9955 0.00777436
278.191 -0.0195159 0.00523431 -11.9861 11.9938 0.00777874
278.202 -0.0195147 0.00523415 -11.9845 11.9923 0.0077819
278.213 -0.0195136 0.00523398 -11.9828 11.9906 0.00778651
278.225 -0.0195128 0.00523372 -11.9812 11.989 0.00779115
278.236 -0.0195115 0.00523396 -11.9797 11.9874 0.00779485
278.247 -0.0195114 0.00523424 -11.978 11.9858 0.00779881
278.258 -0.0195107 0.00523461 -11.9765 11.9843 0.00780303
278.27 -0.0195103 0.00523533 -11.9749 11.9827 0.00780746
278.281 -0.0195092 0.00523579 -11.9733 11.9811 0.00781236
278.292 -0.0195087 0.00523644 -11.9718 11.9796 0.00781712
278.303 -0.0195077 0.0052376 -11.9703 11.9781 0.007822
278.315 -0.0195071 0.00523834 -11.9688 11.9766 0.00782635
278.326 -0.0195067 0.00523946 -11.9673 11.9751 0.00783141
278.337 -0.019506 0.00523989 -11.9658 11.9737 0.00783557
278.348 -0.0195056 0.00524004 -11.9644 11.9722 0.00783944
278.36 -0.0195048 0.00524071 -11.9629 11.9708 0.00784278
278.371 -0.0195034 0.0052413 -11.9615 11.9693 0.00784655
278.382 -0.0195025 0.00524204 -11.96 11.9679 0.00785077
278.393 -0.0195014 0.00524277 -11.9586 11.9665 0.00785418
278.404 -0.0195 0.00524327 -11.9572 11.9651 0.00785766
278.416 -0.0194995 0.00524355 -11.9558 11.9637 0.00786174
278.427 -0.0194984 0.00524368 -11.9545 11.9623 0.00786552
278.438 -0.0194977 0.00524448 -11.9531 11.961 0.00786977
278.449 -0.0194974 0.00524472 -11.9517 11.9596 0.00787487
278.461 -0.0194977 0.00524518 -11.9504 11.9583 0.00787945
278.472 -0.0194977 0.00524695 -11.9491 11.957 0.00788357
278.483 -0.0194973 0.00524803 -11.9478 11.9557 0.00788778
278.494 -0.0194968 0.0052491 -11.9465 11.9544 0.00789318
278.506 -0.0194959 0.00524996 -11.9453 11.9532 0.00789824
278.517 -0.019496 0.00525073 -11.9441 11.952 0.00790314
278.528 -0.0194964 0.00525166 -11.9429 11.9508 0.00790813
278.539 -0.0194963 0.00525282 -11.9418 11.9497 0.00791293
278.551 -0.0194971 0.00525324 -11.9407 11.9486 0.00791674
278.562 -0.0194979 0.00525426 -11.9395 11.9475 0.00792056
278.573 -0.0194981 0.00525482 -11.9384 11.9464 0.00792321
278.584 -0.0194979 0.00525531 -11.9373 11.9453 0.00792565
278.596 -0.0194971 0.00525576 -11.9362 11.9442 0.00792935
278.607 -0.0194965 0.00525692 -11.9352 11.9431 0.00793353
278.618 -0.019496 0.00525836 -11.9341 11.9421 0.00793785
278.629 -0.0194958 0.00525979 -11.9331 11.9411 0.00794244
278.64 -0.0194961 0.005261 -11.9321 11.9401 0.00794771
278.652 -0.0194957 0.00526128 -11.9311 11.9391 0.00795212
278.663 -0.0194952 0.00526135 -11.9302 11.9381 0.00795712
278.674 -0.0194952 0.00526218 -11.9293 11.9372 0.00796171
278.685 -0.0194954 0.00526295 -11.9284 11.9364 0.00796695
278.697 -0.019495 0.00526399 -11.9275 11.9355 0.00797119
278.708 -0.0194946 0.00526509 -11.9267 11.9347 0.00797604
278.719 -0.0194948 0.00526657 -11.9259 11.9339 0.00798085
278.73 -0.0194943 0.00526751 -11.9251 11.9331 0.00798514
278.742 -0.019494 0.00526905 -11.9244 11.9324 0.00798995
278.753 -0.0194944 0.0052698 -11.9236 11.9316 0.00799414
278.764 -0.0194949 0.00526994 -11.9229 11.9309 0.00799725
278.775 -0.0194945 0.00527058 -11.9222 11.9302 0.00800066
278.787 -0.0194939 0.00527062 -11.9215 11.9295 0.00800452
278.798 -0.0194937 0.00527192 -11.9208 11.9288 0.00800862
278.809 -0.0194944 0.0052729 -11.9202 11.9282 0.00801195
278.82 -0.0194946 0.00527407 -11.9196 11.9276 0.00801637
278.831 -0.0194946 0.0052745 -11.919 11.927 0.0080206
278.843 -0.0194947 0.00527482 -11.9184 11.9264 0.00802393
278.854 -0.0194955 0.0052749 -11.9178 11.9258 0.00802837
278.865 -0.0194972 0.00527582 -11.9173 11.9253 0.00803314
278.876 -0.0194981 0.00527675 -11.9168 11.9248 0.0080379
278.888 -0.0194987 0.00527829 -11.9163 11.9243 0.00804314
278.899 -0.0195002 0.0052791 -11.9158 11.9239 0.00804742
278.91 -0.0195013 0.00528038 -11.9155 11.9235 0.00805158
278.921 -0.0195023 0.0052815 -11.9151 11.9232 0.00805572
278.933 -0.0195036 0.00528243 -11.9148 11.9228 0.00806014
278.944 -0.0195039 0.005283 -11.9145 11.9225 0.00806412
278.955 -0.019504 0.00528347 -11.9142 11.9222 0.00806853
278.966 -0.0195042 0.00528445 -11.9139 11.922 0.00807267
278.978 -0.0195042 0.00528576 -11.9137 11.9217 0.00807638
278.989 -0.0195046 0.0052869 -11.9134 11.9215 0.00808074
279 -0.0195047 0.00528861 -11.9133 11.9213 0.00808516
279.011 -0.0195041 0.00528969 -11.9131 11.9212 0.0080888
279.022 -0.0195037 0.00529033 -11.913 11.9211 0.00809328
279.034 -0.0195034 0.00529151 -11.9129 11.921 0.00809815
279.045 -0.0195031 0.00529149 -11.9128 11.9209 0.00810178
279.056 -0.019503 0.00529234 -11.9127 11.9208 0.00810555
279.067 -0.0195029 0.00529369 -11.9127 11.9208 0.0081092
279.079 -0.0195034 0.00529509 -11.9127 11.9208 0.00811327
279.09 -0.0195038 0.0052959 -11.9127 11.9208 0.00811773
279.101 -0.0195038 0.00529656 -11.9127 11.9208 0.00812279
279.112 -0.0195039 0.00529714 -11.9128 11.9209 0.00812655
279.124 -0.0195041 0.00529819 -11.9128 11.921 0.00813095
279.135 -0.0195044 0.00529933 -11.913 11.9211 0.00813518
279.146 -0.0195047 0.00530037 -11.9131 11.9213 0.00813915
279.157 -0.0195051 0.00530122 -11.9133 11.9214 0.00814416
279.169 -0.0195058 0.00530212 -11.9135 11.9216 0.00814769
279.18 -0.0195054 0.00530242 -11.9137 11.9219 0.00815042
279.191 -0.0195045 0.00530283 -11.914 11.9221 0.00815389
279.202 -0.0195048 0.00530383 -11.9142 11.9224 0.00815765
279.213 -0.0195049 0.00530482 -11.9145 11.9227 0.00816131
279.225 -0.0195053 0.00530598 -11.9148 11.923 0.00816431
279.236 -0.0195057 0.00530841 -11.9152 11.9234 0.00816924
279.247 -0.0195058 0.00531063 -11.9156 11.9238 0.00817487
279.258 -0.0195053 0.00531185 -11.9161 11.9243 0.00818046
279.27 -0.0195053 0.00531212 -11.9166 11.9247 0.00818461
279.281 -0.0195051 0.00531296 -11.9171 11.9253 0.00818878
279.292 -0.0195053 0.00531368 -11.9176 11.9258 0.00819341
279.303 -0.0195053 0.00531447 -11.9182 11.9264 0.00819832
279.315 -0.0195048 0.00531583 -11.9188 11.927 0.00820268
279.326 -0.0195044 0.00531677 -11.9195 11.9277 0.00820737
279.337 -0.0195036 0.00531728 -11.9202 11.9284 0.00821132
279.348 -0.0195036 0.00531848 -11.9209 11.9292 0.00821588
279.36 -0.019503 0.00531928 -11.9217 11.9299 0.00821901
279.371 -0.0195024 0.00531996 -11.9225 11.9307 0.00822244
279.382 -0.019502 0.00532083 -11.9234 11.9316 0.00822698
279.393 -0.0195017 0.00532183 -11.9242 11.9324 0.00823058
279.404 -0.0195018 0.00532305 -11.9251 11.9333 0.00823378
279.416 -0.0195017 0.00532438 -11.926 11.9343 0.00823838
279.427 -0.019501 0.00532536 -11.927 11.9352 0.0082434
279.438 -0.0195002 0.00532711 -11.928 11.9362 0.00824816
279.449 -0.0194999 0.00532913 -11.929 11.9373 0.0082529
279.461 -0.0194996 0.00533073 -11.9301 11.9384 0.0082587
279.472 -0.0194997 0.00533173 -11.9312 11.9395 0.00826301
279.483 -0.0195 0.00533299 -11.9324 11.9407 0.00826731
279.494 -0.0195012 0.00533466 -11.9336 11.9418 0.00827188
279.506 -0.019502 0.00533569 -11.9348 11.9431 0.00827598
279.517 -0.0195024 0.00533696 -11.936 11.9443 0.00827976
279.528 -0.0195021 0.00533715 -11.9373 11.9456 0.00828174
279.539 -0.0195022 0.00533678 -11.9386 11.9469 0.00828422
279.551 -0.0195026 0.00533733 -11.9399 11.9482 0.00828671
279.562 -0.0195037 0.00533796 -11.9412 11.9495 0.00829117
279.573 -0.0195049 0.00533976 -11.9426 11.9508 0.00829625
279.584 -0.0195055 0.00534207 -11.944 11.9523 0.00830075
279.596 -0.0195054 0.00534293 -11.9454 11.9537 0.00830497
279.607 -0.0195054 0.0053431 -11.9468 11.9551 0.00830894
279.618 -0.0195046 0.0053446 -11.9483 11.9566 0.00831254
279.629 -0.0195044 0.00534615 -11.9498 11.9581 0.00831748
279.64 -0.0195051 0.00534733 -11.9513 11.9596 0.0083227
279.652 -0.0195063 0.00534942 -11.9529 11.9612 0.00832783
279.663 -0.0195077 0.00535093 -11.9545 11.9629 0.00833199
279.674 -0.0195086 0.00535204 -11.9561 11.9645 0.00833691
279.685 -0.0195091 0.00535331 -11.9578 11.9662 0.00834188
279.697 -0.0195103 0.00535375 -11.9595 11.9679 0.00834602
279.708 -0.0195115 0.0053544 -11.9612 11.9696 0.00834999
279.719 -0.0195127 0.00535519 -11.963 11.9713 0.0083539
279.73 -0.0195135 0.00535613 -11.9647 11.9731 0.00835815
279.742 -0.0195143 0.00535695 -11.9665 11.9749 0.00836222
279.753 -0.019514 0.00535799 -11.9683 11.9767 0.00836651
279.764 -0.019514 0.00535845 -11.9702 11.9786 0.00837113
279.775 -0.0195145 0.00535826 -11.9721 11.9804 0.00837567
279.787 -0.0195143 0.00535857 -11.9739 11.9823 0.00837951
279.798 -0.0195138 0.0053588 -11.9758 11.9842 0.00838285
279.809 -0.0195135 0.00536039 -11.9777 11.9861 0.00838793
279.82 -0.0195131 0.0053616 -11.9797 11.9881 0.00839217
279.831 -0.0195134 0.00536354 -11.9817 11.9901 0.00839686
279.843 -0.0195137 0.00536551 -11.9837 11.9921 0.0084019
279.854 -0.019514 0.00536688 -11.9857 11.9941 0.00840695
279.865 -0.0195139 0.00536812 -11.9877 11.9961 0.00841005
279.876 -0.0195138 0.00536975 -11.9898 11.9982 0.00841425
279.888 -0.0195135 0.00537123 -11.9918 12.0003 0.00841834
279.899 -0.0195133 0.0053722 -11.9939 12.0023 0.00842165
279.91 -0.0195134 0.00537327 -11.996 12.0044 0.00842473
279.921 -0.0195133 0.00537533 -11.998 12.0065 0.00842796
279.933 -0.0195133 0.00537709 -12.0001 12.0086 0.0084312
279.944 -0.0195127 0.00537899 -12.0022 12.0107 0.00843482
279.955 -0.0195129 0.00537997 -12.0044 12.0128 0.00843842
279.966 -0.0195136 0.0053803 -12.0066 12.015 0.00844045
279.978 -0.0195136 0.00538164 -12.0087 12.0171 0.00844289
279.989 -0.019513 0.00538302 -12.0108 12.0193 0.00844616
280 -0.0195126 0.00538343 -12.013 12.0214 0.00844883
