# t px py pz frame_uz pz_lab  (vitesses barycentriques ; invariant = px, py, pz_lab ~ 0 ; pz seul -> -frame_uz, normal)
160.001 -0.0175602 0.0011522 -0.0305255 -9.76703e-05 -0.0306232
160.003 -0.0175625 0.00115142 -0.027225 -0.00339188 -0.0306169
160.006 -0.0175633 0.00115185 -0.0228033 -0.00781321 -0.0306165
160.009 -0.017564 0.00115206 -0.0172367 -0.0133794 -0.0306161
160.014 -0.0175646 0.00115234 -0.0105941 -0.0200217 -0.0306158
160.019 -0.0175653 0.00115268 -0.00317981 -0.0274356 -0.0306154
160.024 -0.0175659 0.00115313 0.00480389 -0.0354189 -0.030615
160.03 -0.0175665 0.00115359 0.0131654 -0.0437799 -0.0306145
160.037 -0.0175673 0.00115403 0.0217652 -0.0523792 -0.030614
160.044 -0.0175681 0.00115442 0.0304696 -0.0610831 -0.0306135
160.051 -0.017569 0.0011548 0.0392234 -0.0698364 -0.030613
160.059 -0.0175698 0.00115516 0.0478789 -0.0784912 -0.0306124
160.067 -0.0175707 0.00115536 0.0564044 -0.087016 -0.0306116
160.075 -0.0175715 0.00115559 0.064633 -0.095244 -0.030611
160.084 -0.0175721 0.00115593 0.0724761 -0.103086 -0.0306104
160.092 -0.0175726 0.00115638 0.0798525 -0.110462 -0.0306097
160.101 -0.0175731 0.00115682 0.0867804 -0.117389 -0.0306091
160.111 -0.0175738 0.00115729 0.0931446 -0.123753 -0.0306085
160.12 -0.0175747 0.0011578 0.0989095 -0.129517 -0.0306079
160.13 -0.0175755 0.00115835 0.104085 -0.134692 -0.0306072
160.14 -0.0175763 0.00115886 0.108619 -0.139226 -0.0306065
160.149 -0.0175773 0.00115934 0.112437 -0.143043 -0.0306059
160.159 -0.0175783 0.00115977 0.115531 -0.146137 -0.0306051
160.17 -0.0175794 0.00116006 0.117886 -0.14849 -0.0306043
160.18 -0.0175805 0.00116043 0.119497 -0.1501 -0.0306034
160.19 -0.0175817 0.0011607 0.120343 -0.150945 -0.0306025
160.2 -0.017583 0.00116092 0.120426 -0.151027 -0.0306016
160.211 -0.0175842 0.00116101 0.119736 -0.150336 -0.0306007
160.222 -0.0175853 0.00116105 0.118278 -0.148878 -0.0305996
160.232 -0.0175867 0.00116107 0.116013 -0.146612 -0.0305984
160.243 -0.0175879 0.00116127 0.11298 -0.143577 -0.0305972
160.254 -0.0175892 0.00116144 0.109188 -0.139784 -0.0305959
160.264 -0.0175904 0.00116162 0.104575 -0.135169 -0.0305946
160.275 -0.0175917 0.0011619 0.0992062 -0.129799 -0.0305929
160.286 -0.0175929 0.00116203 0.0930895 -0.123681 -0.0305914
160.297 -0.0175941 0.0011622 0.086243 -0.116833 -0.03059
160.308 -0.0175953 0.00116232 0.0785563 -0.109145 -0.0305886
160.319 -0.0175967 0.00116254 0.0701346 -0.100722 -0.0305871
160.33 -0.017598 0.00116265 0.0609914 -0.0915771 -0.0305857
160.341 -0.0175993 0.00116281 0.0511444 -0.0817287 -0.0305843
160.352 -0.0176005 0.00116311 0.0406076 -0.0711905 -0.0305829
160.363 -0.0176017 0.00116325 0.0294035 -0.059985 -0.0305815
160.374 -0.0176031 0.0011634 0.017515 -0.0480948 -0.0305799
160.385 -0.0176046 0.00116351 0.00496259 -0.0355409 -0.0305783
160.396 -0.0176063 0.00116385 -0.00823811 -0.0223386 -0.0305767
160.407 -0.0176079 0.00116413 -0.0220779 -0.0084969 -0.0305748
160.418 -0.0176095 0.00116431 -0.0368378 0.00626476 -0.0305731
160.429 -0.0176112 0.00116432 -0.0522292 0.021658 -0.0305713
160.44 -0.0176126 0.00116452 -0.0682491 0.0376798 -0.0305693
160.451 -0.0176139 0.00116453 -0.0848849 0.0543178 -0.0305671
160.463 -0.0176154 0.00116442 -0.102145 0.0715801 -0.0305649
160.474 -0.0176168 0.00116426 -0.120011 0.0894477 -0.0305628
160.485 -0.0176185 0.00116382 -0.138463 0.107902 -0.0305608
160.496 -0.0176201 0.00116339 -0.157491 0.126932 -0.0305589
160.507 -0.0176216 0.00116321 -0.177078 0.146521 -0.0305571
160.519 -0.0176229 0.00116319 -0.197225 0.16667 -0.0305556
160.53 -0.0176243 0.00116324 -0.217909 0.187355 -0.0305541
160.541 -0.0176258 0.00116323 -0.239117 0.208564 -0.0305523
160.552 -0.0176274 0.00116348 -0.260857 0.230306 -0.0305507
160.563 -0.0176293 0.00116388 -0.283112 0.252563 -0.030549
160.575 -0.0176312 0.00116438 -0.305869 0.275322 -0.030547
160.586 -0.0176333 0.00116516 -0.32913 0.298585 -0.0305447
160.597 -0.017635 0.00116577 -0.352878 0.322335 -0.0305423
160.608 -0.0176367 0.00116624 -0.377108 0.346569 -0.0305396
160.619 -0.0176382 0.00116636 -0.401818 0.371281 -0.0305369
160.631 -0.0176397 0.0011666 -0.42698 0.396446 -0.0305339
160.642 -0.0176409 0.00116652 -0.452607 0.422076 -0.030531
160.653 -0.0176421 0.0011664 -0.478678 0.448149 -0.0305284
160.664 -0.0176434 0.00116631 -0.505169 0.474643 -0.0305258
160.675 -0.0176449 0.00116652 -0.532073 0.50155 -0.0305237
160.687 -0.0176465 0.00116654 -0.559373 0.528851 -0.0305216
160.698 -0.0176482 0.00116644 -0.587065 0.556545 -0.0305196
160.709 -0.0176498 0.0011664 -0.615146 0.584629 -0.0305171
160.72 -0.0176515 0.00116608 -0.643612 0.613098 -0.030515
160.731 -0.0176532 0.00116566 -0.672456 0.641943 -0.0305126
160.743 -0.0176548 0.00116521 -0.701598 0.671088 -0.03051
160.754 -0.0176565 0.00116463 -0.731111 0.700604 -0.0305075
160.765 -0.0176583 0.00116371 -0.760917 0.730412 -0.0305052
160.776 -0.0176601 0.00116271 -0.791066 0.760564 -0.0305028
160.787 -0.0176618 0.00116161 -0.821481 0.79098 -0.0305005
160.798 -0.0176638 0.00116075 -0.852154 0.821656 -0.0304982
160.81 -0.0176661 0.00115993 -0.883111 0.852615 -0.0304959
160.821 -0.017668 0.00115913 -0.914318 0.883825 -0.0304932
160.832 -0.0176702 0.00115838 -0.945789 0.915298 -0.0304908
160.843 -0.0176725 0.0011578 -0.977501 0.947013 -0.0304882
160.854 -0.0176748 0.00115767 -1.00946 0.978974 -0.0304853
160.866 -0.0176773 0.00115746 -1.04166 1.01117 -0.0304829
160.877 -0.0176795 0.00115751 -1.07408 1.0436 -0.03048
160.888 -0.0176817 0.00115747 -1.10674 1.07626 -0.0304773
160.899 -0.0176837 0.00115713 -1.1396 1.10913 -0.0304743
160.91 -0.0176857 0.00115684 -1.17267 1.14219 -0.0304714
160.922 -0.0176875 0.00115663 -1.20592 1.17545 -0.0304685
160.933 -0.0176894 0.00115632 -1.23936 1.2089 -0.0304658
160.944 -0.0176913 0.0011562 -1.27298 1.24251 -0.0304634
160.955 -0.0176931 0.00115639 -1.30675 1.27629 -0.0304611
160.966 -0.017694 0.00115604 -1.34067 1.31021 -0.0304587
160.978 -0.0176948 0.00115577 -1.37472 1.34426 -0.0304565
160.989 -0.0176958 0.00115537 -1.4089 1.37845 -0.0304543
161 -0.0176967 0.00115483 -1.44321 1.41276 -0.0304523
161.011 -0.0176978 0.00115447 -1.47774 1.44729 -0.0304506
161.022 -0.0176993 0.0011539 -1.51237 1.48192 -0.0304486
161.034 -0.0177009 0.00115344 -1.54709 1.51664 -0.0304469
161.045 -0.0177026 0.00115306 -1.58191 1.55146 -0.030445
161.056 -0.0177043 0.00115309 -1.61681 1.58637 -0.0304429
161.067 -0.0177061 0.00115314 -1.65178 1.62134 -0.0304408
161.079 -0.0177085 0.0011527 -1.68685 1.65642 -0.0304382
161.09 -0.0177107 0.00115238 -1.722 1.69156 -0.0304358
161.101 -0.0177128 0.00115175 -1.75722 1.72679 -0.0304339
161.112 -0.0177149 0.00115099 -1.79251 1.76208 -0.0304316
161.124 -0.0177168 0.00114998 -1.82786 1.79743 -0.0304295
161.135 -0.0177184 0.00114976 -1.86328 1.83285 -0.0304273
161.146 -0.01772 0.00114943 -1.89868 1.86826 -0.0304253
161.157 -0.0177213 0.00114953 -1.93414 1.90372 -0.0304229
161.169 -0.0177224 0.00115 -1.96969 1.93927 -0.0304203
161.18 -0.0177239 0.00115051 -2.00529 1.97487 -0.0304178
161.191 -0.0177254 0.00115079 -2.04091 2.01049 -0.0304151
161.202 -0.0177269 0.00115126 -2.07657 2.04616 -0.0304131
161.213 -0.0177284 0.00115145 -2.11225 2.08184 -0.0304112
161.225 -0.0177306 0.00115135 -2.14795 2.11754 -0.030409
161.236 -0.0177323 0.00115108 -2.1837 2.15329 -0.0304065
161.247 -0.0177339 0.00115069 -2.21946 2.18905 -0.0304042
161.258 -0.0177359 0.0011504 -2.25523 2.22483 -0.0304016
161.27 -0.0177374 0.00115042 -2.29102 2.26062 -0.0303994
161.281 -0.0177393 0.00115023 -2.3268 2.2964 -0.0303969
161.292 -0.0177408 0.00115042 -2.36259 2.33219 -0.0303949
161.303 -0.0177426 0.00115078 -2.39837 2.36798 -0.0303928
161.315 -0.0177442 0.00115149 -2.43416 2.40377 -0.0303911
161.326 -0.0177459 0.00115198 -2.46994 2.43955 -0.0303891
161.337 -0.0177471 0.00115173 -2.50571 2.47533 -0.030388
161.348 -0.0177488 0.00115134 -2.54146 2.51107 -0.030387
161.36 -0.0177504 0.0011514 -2.57718 2.54679 -0.0303861
161.371 -0.0177521 0.00115122 -2.61292 2.58253 -0.0303846
161.382 -0.0177533 0.00115111 -2.6486 2.61821 -0.0303832
161.393 -0.0177544 0.00115137 -2.68425 2.65387 -0.0303813
161.404 -0.0177557 0.0011515 -2.7199 2.68952 -0.0303796
161.416 -0.0177572 0.00115203 -2.75551 2.72514 -0.0303774
161.427 -0.0177586 0.00115219 -2.79112 2.76074 -0.0303753
161.438 -0.0177602 0.00115262 -2.82669 2.79632 -0.0303726
161.449 -0.0177623 0.00115275 -2.86224 2.83187 -0.0303698
161.461 -0.0177645 0.00115263 -2.89778 2.86741 -0.0303673
161.472 -0.0177665 0.00115257 -2.93328 2.90291 -0.0303648
161.483 -0.0177685 0.00115268 -2.96876 2.9384 -0.0303625
161.494 -0.0177695 0.00115295 -3.00419 2.97383 -0.0303601
161.506 -0.0177707 0.001153 -3.0396 3.00924 -0.0303578
161.517 -0.0177722 0.0011529 -3.07495 3.0446 -0.0303557
161.528 -0.0177739 0.00115326 -3.11025 3.07989 -0.0303541
161.539 -0.0177753 0.00115351 -3.14553 3.11517 -0.030352
161.551 -0.0177768 0.00115358 -3.18076 3.15041 -0.03035
161.562 -0.0177784 0.00115427 -3.2159 3.18555 -0.030349
161.573 -0.0177805 0.00115489 -3.25101 3.22067 -0.0303479
161.584 -0.0177824 0.00115523 -3.28608 3.25573 -0.0303468
161.596 -0.0177838 0.00115577 -3.32107 3.29072 -0.0303458
161.607 -0.0177853 0.0011566 -3.356 3.32566 -0.0303446
161.618 -0.0177862 0.00115706 -3.39087 3.36053 -0.0303431
161.629 -0.0177871 0.0011572 -3.4257 3.39536 -0.030341
161.64 -0.0177882 0.00115739 -3.46048 3.43014 -0.0303391
161.652 -0.017789 0.00115734 -3.4952 3.46486 -0.0303369
161.663 -0.0177896 0.00115754 -3.52988 3.49955 -0.0303349
161.674 -0.0177905 0.00115786 -3.5645 3.53417 -0.030333
161.685 -0.0177913 0.00115768 -3.59906 3.56873 -0.0303308
161.697 -0.0177924 0.00115791 -3.63356 3.60323 -0.0303288
161.708 -0.0177936 0.00115825 -3.66799 3.63767 -0.030327
161.719 -0.0177948 0.00115852 -3.70232 3.672 -0.0303245
161.73 -0.0177959 0.0011588 -3.73658 3.70626 -0.0303223
161.742 -0.017797 0.00115919 -3.77075 3.74043 -0.0303204
161.753 -0.0177979 0.00115948 -3.80483 3.77451 -0.0303184
161.764 -0.017799 0.00115999 -3.83884 3.80852 -0.0303162
161.775 -0.0178002 0.00116019 -3.87278 3.84246 -0.0303143
161.787 -0.017802 0.00115994 -3.90662 3.87631 -0.0303131
161.798 -0.0178035 0.00115968 -3.9404 3.91009 -0.0303117
161.809 -0.0178048 0.00115966 -3.97411 3.9438 -0.0303106
161.82 -0.017806 0.00115978 -4.00772 3.97741 -0.0303095
161.831 -0.0178072 0.00116009 -4.04125 4.01095 -0.0303086
161.843 -0.0178083 0.00116067 -4.07469 4.04438 -0.0303078
161.854 -0.0178097 0.00116107 -4.10804 4.07773 -0.0303066
161.865 -0.017811 0.00116195 -4.1413 4.11099 -0.0303061
161.876 -0.0178125 0.00116277 -4.17445 4.14414 -0.0303056
161.888 -0.0178141 0.00116327 -4.20746 4.17716 -0.0303049
161.899 -0.0178154 0.00116352 -4.24036 4.21006 -0.0303045
161.91 -0.0178159 0.00116378 -4.27316 4.24285 -0.0303038
161.921 -0.0178164 0.00116422 -4.30583 4.27553 -0.0303031
161.933 -0.0178164 0.00116466 -4.33841 4.30811 -0.0303022
161.944 -0.0178168 0.00116567 -4.3709 4.3406 -0.0303016
161.955 -0.017817 0.00116637 -4.40328 4.37298 -0.0303004
161.966 -0.0178174 0.00116695 -4.43557 4.40527 -0.0302989
161.978 -0.0178179 0.00116781 -4.46779 4.4375 -0.0302964
161.989 -0.0178182 0.00116787 -4.49992 4.46962 -0.030294
162 -0.017819 0.00116819 -4.53196 4.50167 -0.0302911
162.011 -0.01782 0.00116826 -4.56394 4.53365 -0.0302882
162.022 -0.0178207 0.00116834 -4.59583 4.56554 -0.0302853
162.034 -0.0178213 0.00116807 -4.62763 4.59735 -0.0302824
162.045 -0.0178223 0.00116793 -4.65935 4.62907 -0.0302795
162.056 -0.0178229 0.00116783 -4.69097 4.66069 -0.0302766
162.067 -0.0178235 0.00116742 -4.72248 4.69221 -0.0302738
162.079 -0.0178242 0.00116735 -4.7539 4.72363 -0.0302715
162.09 -0.0178254 0.00116722 -4.7852 4.75493 -0.0302694
162.101 -0.0178266 0.00116734 -4.81639 4.78613 -0.0302677
162.112 -0.0178279 0.00116729 -4.84748 4.81722 -0.0302663
162.124 -0.0178289 0.00116751 -4.87845 4.84818 -0.0302652
162.135 -0.01783 0.00116803 -4.90929 4.87903 -0.030264
162.146 -0.0178313 0.0011686 -4.94 4.90974 -0.0302631
162.157 -0.017832 0.00116952 -4.97059 4.94033 -0.0302618
162.169 -0.0178327 0.00117031 -5.00104 4.97077 -0.0302609
162.18 -0.0178339 0.00117059 -5.03135 5.00109 -0.0302597
162.191 -0.0178355 0.00117085 -5.06152 5.03126 -0.0302592
162.202 -0.0178368 0.00117061 -5.0916 5.06134 -0.0302589
162.213 -0.0178379 0.00117091 -5.12151 5.09125 -0.0302591
162.225 -0.0178389 0.00117146 -5.15124 5.12098 -0.030259
162.236 -0.0178402 0.00117177 -5.18082 5.15056 -0.0302592
162.247 -0.0178407 0.00117214 -5.21026 5.18 -0.0302593
162.258 -0.0178418 0.00117286 -5.23955 5.20929 -0.0302591
162.27 -0.0178429 0.00117353 -5.26868 5.23842 -0.0302585
162.281 -0.0178443 0.00117438 -5.29766 5.2674 -0.0302581
162.292 -0.0178454 0.00117519 -5.32649 5.29623 -0.0302565
162.303 -0.0178467 0.00117622 -5.35522 5.32496 -0.0302541
162.315 -0.0178483 0.00117706 -5.38381 5.35356 -0.0302517
162.326 -0.01785 0.00117726 -5.41225 5.382 -0.0302485
162.337 -0.0178514 0.00117773 -5.44057 5.41033 -0.0302447
162.348 -0.0178526 0.00117838 -5.46878 5.43853 -0.0302416
162.36 -0.0178535 0.00117858 -5.49684 5.4666 -0.0302387
162.371 -0.0178542 0.00117891 -5.52476 5.49453 -0.030236
162.382 -0.0178546 0.00117898 -5.55257 5.52233 -0.0302334
162.393 -0.0178549 0.00117913 -5.58023 5.55 -0.030231
162.404 -0.0178552 0.00117925 -5.60777 5.57754 -0.0302286
162.416 -0.0178556 0.00117979 -5.63518 5.60496 -0.0302263
162.427 -0.0178557 0.0011804 -5.66244 5.63222 -0.030224
162.438 -0.0178556 0.00118069 -5.68957 5.65934 -0.0302224
162.449 -0.0178556 0.00118132 -5.71654 5.68632 -0.0302205
162.461 -0.0178558 0.00118188 -5.74336 5.71314 -0.0302184
162.472 -0.0178565 0.00118193 -5.77002 5.73981 -0.0302163
162.483 -0.0178568 0.00118237 -5.79655 5.76633 -0.0302147
162.494 -0.0178572 0.0011829 -5.82288 5.79267 -0.0302134
162.506 -0.0178575 0.00118356 -5.84905 5.81884 -0.0302121
162.517 -0.0178581 0.00118404 -5.87505 5.84484 -0.0302108
162.528 -0.0178591 0.00118491 -5.90088 5.87067 -0.0302093
162.539 -0.0178607 0.00118603 -5.92654 5.89633 -0.0302081
162.551 -0.0178619 0.00118683 -5.95204 5.92183 -0.0302076
162.562 -0.0178635 0.00118749 -5.97734 5.94713 -0.0302075
162.573 -0.0178652 0.00118795 -6.00246 5.97225 -0.0302072
162.584 -0.0178673 0.0011886 -6.02747 5.99727 -0.0302068
162.596 -0.0178696 0.00118955 -6.05228 6.02207 -0.0302064
162.607 -0.0178714 0.0011904 -6.07694 6.04673 -0.0302065
162.618 -0.0178734 0.00119135 -6.10145 6.07125 -0.0302069
162.629 -0.0178753 0.00119256 -6.1258 6.0956 -0.0302072
162.64 -0.0178767 0.00119372 -6.14999 6.11979 -0.0302068
162.652 -0.0178775 0.00119455 -6.17405 6.14384 -0.0302064
162.663 -0.0178792 0.00119633 -6.19794 6.16774 -0.0302053
162.674 -0.01788 0.00119834 -6.22172 6.19151 -0.030204
162.685 -0.0178809 0.00120054 -6.24534 6.21514 -0.0302029
162.697 -0.0178816 0.00120185 -6.26882 6.23862 -0.0302011
162.708 -0.0178828 0.00120338 -6.29216 6.26196 -0.0301996
162.719 -0.0178837 0.00120444 -6.31536 6.28516 -0.0301977
162.73 -0.0178847 0.00120542 -6.3384 6.30821 -0.0301956
162.742 -0.017885 0.00120633 -6.36133 6.33113 -0.0301938
162.753 -0.0178852 0.00120778 -6.38413 6.35394 -0.030192
162.764 -0.0178857 0.00120881 -6.40679 6.3766 -0.0301904
162.775 -0.0178864 0.00120994 -6.42935 6.39916 -0.0301884
162.787 -0.0178865 0.00121071 -6.45179 6.4216 -0.0301856
162.798 -0.0178868 0.00121165 -6.47412 6.44393 -0.030183
162.809 -0.0178874 0.00121239 -6.49634 6.46616 -0.0301806
162.82 -0.017888 0.00121294 -6.51846 6.48828 -0.0301783
162.831 -0.0178884 0.00121324 -6.54047 6.51029 -0.0301755
162.843 -0.017889 0.00121372 -6.56238 6.5322 -0.0301728
162.854 -0.0178896 0.0012141 -6.58418 6.55401 -0.0301699
162.865 -0.0178901 0.00121458 -6.60587 6.5757 -0.0301668
162.876 -0.0178905 0.00121524 -6.62743 6.59726 -0.0301644
162.888 -0.017891 0.00121589 -6.64888 6.61872 -0.0301625
162.899 -0.0178914 0.00121667 -6.67023 6.64007 -0.0301602
162.91 -0.017892 0.00121742 -6.69145 6.66129 -0.0301583
162.921 -0.0178927 0.00121822 -6.71253 6.68237 -0.0301557
162.933 -0.017894 0.00121887 -6.7335 6.70334 -0.0301534
162.944 -0.0178953 0.00121983 -6.75434 6.72419 -0.0301504
162.955 -0.0178969 0.00122052 -6.77508 6.74493 -0.0301479
162.966 -0.0178981 0.00122162 -6.79567 6.76553 -0.030145
162.978 -0.0178994 0.00122281 -6.81615 6.78601 -0.0301427
162.989 -0.0179005 0.00122422 -6.83652 6.80638 -0.0301409
163 -0.0179016 0.00122556 -6.85674 6.82661 -0.0301391
163.011 -0.017902 0.00122641 -6.87685 6.84671 -0.030137
163.022 -0.0179025 0.00122683 -6.89681 6.86668 -0.0301355
163.034 -0.0179023 0.00122696 -6.91666 6.88653 -0.0301331
163.045 -0.017903 0.00122729 -6.9364 6.90627 -0.030131
163.056 -0.0179032 0.0012271 -6.95602 6.92589 -0.0301291
163.067 -0.0179033 0.00122689 -6.97553 6.94541 -0.0301272
163.079 -0.0179031 0.00122619 -6.99493 6.96481 -0.0301248
163.09 -0.0179031 0.00122599 -7.01423 6.98411 -0.0301224
163.101 -0.0179029 0.00122585 -7.03342 7.0033 -0.0301199
163.112 -0.0179033 0.00122582 -7.05251 7.02239 -0.0301179
163.124 -0.0179038 0.00122624 -7.0715 7.04138 -0.0301154
163.135 -0.0179052 0.0012276 -7.09039 7.06027 -0.0301137
163.146 -0.0179067 0.00122887 -7.10916 7.07905 -0.0301123
163.157 -0.0179083 0.0012302 -7.12783 7.09772 -0.0301108
163.169 -0.0179098 0.00123191 -7.14638 7.11627 -0.0301095
163.18 -0.0179114 0.0012334 -7.16482 7.13471 -0.0301078
163.191 -0.0179123 0.00123512 -7.18319 7.15309 -0.0301063
163.202 -0.0179132 0.0012361 -7.20146 7.17135 -0.0301044
163.213 -0.0179136 0.00123723 -7.21966 7.18956 -0.0301017
163.225 -0.0179143 0.00123794 -7.2378 7.2077 -0.0300995
163.236 -0.0179143 0.00123929 -7.25585 7.22576 -0.0300964
163.247 -0.0179149 0.00124008 -7.27384 7.24374 -0.0300931
163.258 -0.0179154 0.00124068 -7.29178 7.26168 -0.0300904
163.27 -0.0179156 0.00124174 -7.30962 7.27953 -0.0300869
163.281 -0.0179158 0.00124274 -7.32739 7.2973 -0.0300834
163.292 -0.0179162 0.0012437 -7.3451 7.31502 -0.0300806
163.303 -0.0179167 0.00124471 -7.36272 7.33265 -0.0300774
163.315 -0.017917 0.00124566 -7.38028 7.3502 -0.0300743
163.326 -0.0179171 0.00124663 -7.39777 7.3677 -0.0300715
163.337 -0.0179169 0.00124775 -7.41517 7.3851 -0.0300693
163.348 -0.0179169 0.00124933 -7.4325 7.40243 -0.030067
163.36 -0.0179174 0.0012511 -7.44975 7.41969 -0.0300652
163.371 -0.0179171 0.00125271 -7.46691 7.43685 -0.0300629
163.382 -0.0179165 0.00125415 -7.48399 7.45393 -0.0300606
163.393 -0.0179156 0.0012556 -7.501 7.47094 -0.0300582
163.404 -0.0179144 0.00125645 -7.51792 7.48786 -0.0300551
163.416 -0.0179131 0.00125728 -7.53476 7.50471 -0.0300522
163.427 -0.017912 0.00125837 -7.55153 7.52148 -0.0300494
163.438 -0.0179111 0.0012595 -7.5682 7.53815 -0.0300466
163.449 -0.0179105 0.00126052 -7.58478 7.55473 -0.0300444
163.461 -0.0179101 0.0012616 -7.60127 7.57122 -0.0300426
163.472 -0.0179098 0.00126248 -7.61764 7.5876 -0.0300408
163.483 -0.0179096 0.00126353 -7.63391 7.60387 -0.0300387
163.494 -0.0179096 0.00126459 -7.6501 7.62006 -0.0300367
163.506 -0.0179094 0.00126568 -7.66617 7.63614 -0.0300341
163.517 -0.0179095 0.00126627 -7.68215 7.65212 -0.0300314
163.528 -0.0179094 0.00126714 -7.69805 7.66803 -0.030029
163.539 -0.0179093 0.00126784 -7.71382 7.68379 -0.030027
163.551 -0.0179095 0.00126857 -7.72951 7.69948 -0.0300249
163.562 -0.0179101 0.00126927 -7.74511 7.71508 -0.030023
163.573 -0.0179108 0.00126951 -7.7606 7.73058 -0.0300211
163.584 -0.0179108 0.00126983 -7.776 7.74598 -0.030019
163.596 -0.0179109 0.0012698 -7.79133 7.76131 -0.0300177
163.607 -0.0179115 0.00127062 -7.80655 7.77653 -0.0300152
163.618 -0.0179125 0.00127052 -7.8217 7.79168 -0.0300134
163.629 -0.0179134 0.00127041 -7.83675 7.80673 -0.0300116
163.64 -0.0179145 0.00127091 -7.8517 7.82169 -0.0300097
163.652 -0.017915 0.00127158 -7.86654 7.83654 -0.030008
163.663 -0.0179156 0.00127204 -7.8813 7.85129 -0.0300063
163.674 -0.0179163 0.00127249 -7.89593 7.86593 -0.0300048
163.685 -0.017917 0.00127311 -7.91046 7.88045 -0.0300033
163.697 -0.0179177 0.00127347 -7.9249 7.8949 -0.0300014
163.708 -0.0179187 0.0012734 -7.93923 7.90923 -0.0299996
163.719 -0.0179192 0.00127349 -7.95348 7.92348 -0.0299978
163.73 -0.0179196 0.00127377 -7.96764 7.93765 -0.029996
163.742 -0.0179205 0.00127384 -7.9817 7.9517 -0.0299944
163.753 -0.0179204 0.00127456 -7.99569 7.9657 -0.0299923
163.764 -0.01792 0.00127557 -8.00962 7.97963 -0.0299898
163.775 -0.0179195 0.00127676 -8.02343 7.99345 -0.0299876
163.787 -0.0179192 0.00127816 -8.03721 8.00722 -0.0299856
163.798 -0.0179187 0.0012795 -8.0509 8.02092 -0.0299839
163.809 -0.0179188 0.00128091 -8.0645 8.03452 -0.0299815
163.82 -0.0179187 0.00128249 -8.07804 8.04806 -0.0299793
163.831 -0.0179184 0.00128416 -8.09154 8.06156 -0.0299771
163.843 -0.0179187 0.0012855 -8.10494 8.07497 -0.0299745
163.854 -0.0179193 0.00128689 -8.11831 8.08834 -0.0299725
163.865 -0.0179196 0.00128821 -8.1316 8.10163 -0.0299704
163.876 -0.0179199 0.00128987 -8.14481 8.11484 -0.0299683
163.888 -0.0179202 0.00129131 -8.15795 8.12798 -0.0299659
163.899 -0.0179207 0.00129268 -8.17102 8.14106 -0.029964
163.91 -0.0179207 0.00129384 -8.18398 8.15401 -0.0299628
163.921 -0.0179207 0.00129475 -8.19687 8.1669 -0.0299617
163.933 -0.0179208 0.00129597 -8.20968 8.17972 -0.0299604
163.944 -0.0179206 0.00129741 -8.22243 8.19247 -0.0299589
163.955 -0.0179201 0.00129912 -8.2351 8.20515 -0.0299574
163.966 -0.0179195 0.00130017 -8.24774 8.21778 -0.0299563
163.978 -0.0179191 0.00130165 -8.26029 8.23033 -0.0299546
163.989 -0.0179192 0.00130318 -8.27279 8.24284 -0.0299528
164 -0.0179186 0.00130443 -8.28524 8.25529 -0.0299509
164.011 -0.0179185 0.00130572 -8.29761 8.26766 -0.0299489
164.022 -0.0179176 0.00130766 -8.30992 8.27997 -0.0299469
164.034 -0.0179166 0.00130941 -8.32217 8.29222 -0.029945
164.045 -0.0179161 0.00131141 -8.33431 8.30437 -0.0299433
164.056 -0.0179157 0.00131325 -8.34641 8.31647 -0.029942
164.067 -0.0179153 0.00131564 -8.35844 8.3285 -0.0299405
164.079 -0.017915 0.00131721 -8.37039 8.34045 -0.0299394
164.09 -0.0179142 0.00131895 -8.38225 8.35231 -0.0299389
164.101 -0.0179142 0.00132171 -8.39404 8.36411 -0.0299372
164.112 -0.0179141 0.0013241 -8.40573 8.37579 -0.0299359
164.124 -0.017914 0.00132626 -8.41734 8.3874 -0.0299345
164.135 -0.0179136 0.00132821 -8.42885 8.39891 -0.029934
164.146 -0.0179135 0.00133027 -8.44023 8.4103 -0.029933
164.157 -0.0179135 0.00133249 -8.45153 8.4216 -0.0299322
164.169 -0.0179143 0.00133421 -8.46275 8.43282 -0.0299309
164.18 -0.0179151 0.00133602 -8.47379 8.44386 -0.0299293
164.191 -0.0179164 0.00133765 -8.48483 8.4549 -0.0299279
164.202 -0.0179176 0.00133968 -8.49577 8.46584 -0.0299272
164.213 -0.0179189 0.00134074 -8.50659 8.47666 -0.029926
164.225 -0.0179193 0.00134164 -8.51734 8.48742 -0.0299246
164.236 -0.0179199 0.00134262 -8.52802 8.49809 -0.0299229
164.247 -0.0179208 0.00134392 -8.53855 8.50863 -0.0299211
164.258 -0.0179216 0.00134536 -8.54907 8.51915 -0.0299193
164.27 -0.0179224 0.00134669 -8.55947 8.52955 -0.029918
164.281 -0.0179232 0.00134798 -8.56976 8.53984 -0.0299163
164.292 -0.0179236 0.0013491 -8.58006 8.55015 -0.0299141
164.303 -0.0179238 0.00135072 -8.5903 8.56039 -0.0299119
164.315 -0.0179236 0.00135181 -8.60042 8.57051 -0.0299094
164.326 -0.0179234 0.00135274 -8.61049 8.58058 -0.0299068
164.337 -0.0179234 0.00135371 -8.62056 8.59065 -0.0299046
164.348 -0.0179239 0.00135451 -8.63046 8.60056 -0.0299021
164.36 -0.0179243 0.00135581 -8.64039 8.61049 -0.0298996
164.371 -0.0179246 0.001357 -8.65021 8.62031 -0.0298976
164.382 -0.0179245 0.00135826 -8.65995 8.63005 -0.029896
164.393 -0.0179245 0.00135947 -8.66962 8.63973 -0.0298945
164.404 -0.0179247 0.00136076 -8.67932 8.64943 -0.0298928
164.416 -0.0179244 0.0013613 -8.68889 8.65899 -0.0298914
164.427 -0.0179242 0.00136191 -8.6984 8.66851 -0.0298899
164.438 -0.0179242 0.0013632 -8.70792 8.67803 -0.0298878
164.449 -0.0179241 0.00136457 -8.71732 8.68744 -0.0298852
164.461 -0.0179245 0.00136576 -8.72671 8.69683 -0.0298821
164.472 -0.0179248 0.00136719 -8.73613 8.70625 -0.0298787
164.483 -0.0179253 0.00136801 -8.74544 8.71557 -0.0298751
164.494 -0.0179257 0.00136854 -8.75472 8.72485 -0.0298718
164.506 -0.0179258 0.0013693 -8.76396 8.73409 -0.0298688
164.517 -0.0179257 0.00137014 -8.77317 8.7433 -0.0298654
164.528 -0.0179253 0.00137095 -8.7823 8.75244 -0.0298622
164.539 -0.0179243 0.00137181 -8.79141 8.76155 -0.0298594
164.551 -0.0179235 0.00137241 -8.80047 8.77062 -0.0298566
164.562 -0.0179228 0.00137307 -8.80948 8.77963 -0.0298542
164.573 -0.0179219 0.00137388 -8.81843 8.78858 -0.0298517
164.584 -0.0179211 0.00137458 -8.82734 8.79749 -0.0298489
164.596 -0.0179206 0.00137573 -8.83623 8.80638 -0.029847
164.607 -0.0179199 0.00137718 -8.84503 8.81518 -0.0298459
164.618 -0.0179194 0.00137862 -8.85377 8.82393 -0.029845
164.629 -0.0179185 0.0013802 -8.86246 8.83261 -0.0298443
164.64 -0.0179178 0.00138173 -8.87109 8.84124 -0.0298428
164.652 -0.017917 0.00138294 -8.87965 8.84981 -0.0298409
164.663 -0.0179166 0.00138349 -8.88818 8.85834 -0.0298391
164.674 -0.0179163 0.00138356 -8.89665 8.86681 -0.0298379
164.685 -0.0179163 0.00138379 -8.90503 8.8752 -0.029836
164.697 -0.0179158 0.00138392 -8.91337 8.88354 -0.0298339
164.708 -0.0179154 0.00138414 -8.92167 8.89184 -0.0298315
164.719 -0.0179149 0.00138433 -8.92992 8.90009 -0.0298296
164.73 -0.0179143 0.00138456 -8.93811 8.90829 -0.0298273
164.742 -0.0179139 0.00138486 -8.94629 8.91646 -0.0298251
164.753 -0.0179135 0.00138545 -8.95441 8.92459 -0.0298224
164.764 -0.0179132 0.00138665 -8.96251 8.93269 -0.0298201
164.775 -0.0179127 0.00138687 -8.97058 8.94076 -0.0298187
164.787 -0.0179124 0.00138758 -8.97858 8.94877 -0.0298163
164.798 -0.0179114 0.00138797 -8.98658 8.95677 -0.0298141
164.809 -0.0179105 0.00138904 -8.99455 8.96474 -0.0298118
164.82 -0.0179097 0.00138989 -9.00248 8.97267 -0.0298093
164.831 -0.0179091 0.00139114 -9.01038 8.98057 -0.0298074
164.843 -0.0179085 0.00139195 -9.01824 8.98843 -0.0298064
164.854 -0.0179082 0.00139259 -9.02602 8.99622 -0.0298053
164.865 -0.0179077 0.00139341 -9.03383 9.00403 -0.029804
164.876 -0.0179073 0.00139437 -9.04161 9.0118 -0.029803
164.888 -0.0179067 0.00139529 -9.04929 9.01949 -0.0298014
164.899 -0.0179058 0.00139612 -9.05704 9.02724 -0.0297992
164.91 -0.0179054 0.00139735 -9.06477 9.03497 -0.0297972
164.921 -0.0179049 0.00139822 -9.07243 9.04264 -0.0297949
164.933 -0.017904 0.00139928 -9.08009 9.0503 -0.0297926
164.944 -0.0179033 0.00139985 -9.0877 9.05791 -0.0297904
164.955 -0.0179026 0.00140066 -9.09517 9.06538 -0.0297878
164.966 -0.017902 0.00140134 -9.10261 9.07283 -0.0297857
164.978 -0.0179013 0.0014023 -9.11003 9.08025 -0.0297844
164.989 -0.0179004 0.00140244 -9.11737 9.08759 -0.0297823
165 -0.0178998 0.0014024 -9.1247 9.09492 -0.0297805
165.011 -0.0178992 0.00140189 -9.132 9.10222 -0.0297791
165.022 -0.0178986 0.00140143 -9.13922 9.10944 -0.0297777
165.034 -0.0178981 0.00140122 -9.14641 9.11663 -0.0297764
165.045 -0.0178976 0.00140113 -9.15357 9.12379 -0.0297752
165.056 -0.0178974 0.0014006 -9.16067 9.13089 -0.0297738
165.067 -0.0178969 0.00140043 -9.16773 9.13796 -0.0297719
165.079 -0.0178966 0.00140031 -9.17477 9.145 -0.0297702
165.09 -0.0178963 0.00140028 -9.18175 9.15198 -0.0297685
165.101 -0.0178959 0.00140073 -9.18869 9.15892 -0.0297668
165.112 -0.0178955 0.00140069 -9.1956 9.16584 -0.0297657
165.124 -0.017895 0.00140049 -9.20245 9.17269 -0.0297643
165.135 -0.0178947 0.00140017 -9.20927 9.17951 -0.0297629
165.146 -0.0178945 0.00139979 -9.21614 9.18637 -0.0297616
165.157 -0.0178944 0.00139946 -9.22294 9.19318 -0.0297597
165.169 -0.0178943 0.00139958 -9.22973 9.19997 -0.0297576
165.18 -0.0178939 0.0013997 -9.23652 9.20677 -0.0297559
165.191 -0.0178937 0.00139986 -9.24326 9.21351 -0.0297535
165.202 -0.0178934 0.00139947 -9.24997 9.22022 -0.0297512
165.213 -0.017893 0.00139901 -9.25669 9.22694 -0.0297491
165.225 -0.0178925 0.00139865 -9.26328 9.23353 -0.0297466
165.236 -0.0178916 0.00139862 -9.26985 9.2401 -0.0297447
165.247 -0.0178907 0.00139861 -9.27644 9.2467 -0.0297424
165.258 -0.0178893 0.00139826 -9.28296 9.25322 -0.0297399
165.27 -0.017888 0.00139801 -9.28955 9.25981 -0.0297376
165.281 -0.0178871 0.00139802 -9.29611 9.26638 -0.0297356
165.292 -0.0178862 0.00139849 -9.30263 9.2729 -0.0297337
165.303 -0.0178852 0.00139868 -9.30909 9.27935 -0.0297321
165.315 -0.0178842 0.00139874 -9.3155 9.28577 -0.0297306
165.326 -0.0178833 0.00139928 -9.32185 9.29212 -0.0297284
165.337 -0.0178832 0.00140029 -9.32822 9.29849 -0.0297271
165.348 -0.0178827 0.00140133 -9.33454 9.30482 -0.0297257
165.36 -0.0178825 0.00140304 -9.34087 9.31115 -0.0297237
165.371 -0.0178817 0.00140382 -9.34714 9.31742 -0.0297226
165.382 -0.017881 0.00140477 -9.35337 9.32365 -0.0297217
165.393 -0.0178804 0.00140569 -9.35951 9.32979 -0.0297193
165.404 -0.0178799 0.00140657 -9.36561 9.33589 -0.0297176
165.416 -0.0178788 0.0014072 -9.37174 9.34202 -0.0297158
165.427 -0.0178784 0.00140813 -9.37776 9.34805 -0.0297129
165.438 -0.0178779 0.00140892 -9.38377 9.35406 -0.0297099
165.449 -0.017878 0.00140924 -9.38976 9.36005 -0.0297073
165.461 -0.0178782 0.00140986 -9.39569 9.36598 -0.0297042
165.472 -0.0178783 0.00141073 -9.40159 9.37189 -0.0297017
165.483 -0.017878 0.0014114 -9.40745 9.37775 -0.0296997
165.494 -0.017878 0.00141181 -9.41325 9.38355 -0.0296978
165.506 -0.017878 0.00141259 -9.419 9.38931 -0.029696
165.517 -0.0178774 0.00141359 -9.42474 9.39504 -0.029695
165.528 -0.0178773 0.00141408 -9.4304 9.40071 -0.0296932
165.539 -0.0178773 0.0014145 -9.43604 9.40634 -0.0296917
165.551 -0.017877 0.00141512 -9.44163 9.41194 -0.0296899
165.562 -0.0178769 0.00141514 -9.44719 9.41751 -0.0296874
165.573 -0.0178764 0.0014153 -9.4527 9.42302 -0.0296854
165.584 -0.0178759 0.0014152 -9.45819 9.4285 -0.0296829
165.596 -0.0178754 0.00141529 -9.46361 9.43393 -0.02968
165.607 -0.0178753 0.00141509 -9.46902 9.43935 -0.0296774
165.618 -0.017874 0.00141506 -9.4744 9.44472 -0.0296746
165.629 -0.0178726 0.00141522 -9.47975 9.45008 -0.0296715
165.64 -0.017871 0.00141518 -9.48507 9.45541 -0.0296682
165.652 -0.0178694 0.00141516 -9.49039 9.46072 -0.0296649
165.663 -0.0178681 0.0014154 -9.49567 9.46601 -0.0296617
165.674 -0.0178671 0.00141529 -9.50092 9.47126 -0.0296594
165.685 -0.0178661 0.00141573 -9.50614 9.47648 -0.0296567
165.697 -0.0178652 0.0014165 -9.51133 9.48167 -0.0296544
165.708 -0.0178641 0.00141734 -9.51647 9.48682 -0.0296519
165.719 -0.0178631 0.00141808 -9.52158 9.49193 -0.0296499
165.73 -0.0178626 0.00141904 -9.52665 9.49701 -0.0296478
165.742 -0.0178628 0.00141963 -9.53169 9.50204 -0.0296459
165.753 -0.0178627 0.00142008 -9.53669 9.50704 -0.029644
165.764 -0.0178628 0.00142076 -9.54166 9.51201 -0.0296422
165.775 -0.017863 0.00142159 -9.54657 9.51693 -0.0296405
165.787 -0.0178622 0.00142146 -9.55147 9.52183 -0.0296385
165.798 -0.0178612 0.00142169 -9.55633 9.52669 -0.0296354
165.809 -0.0178604 0.00142169 -9.56118 9.53155 -0.0296323
165.82 -0.0178593 0.00142163 -9.56603 9.5364 -0.0296296
165.831 -0.0178585 0.00142209 -9.57084 9.54122 -0.0296269
165.843 -0.0178574 0.00142229 -9.57566 9.54604 -0.0296239
165.854 -0.0178561 0.00142306 -9.5805 9.55088 -0.02962
165.865 -0.0178541 0.00142402 -9.5853 9.55568 -0.0296157
165.876 -0.0178527 0.00142433 -9.59013 9.56052 -0.0296118
165.888 -0.0178512 0.0014243 -9.59494 9.56533 -0.0296084
165.899 -0.0178503 0.00142386 -9.59975 9.57014 -0.029605
165.91 -0.0178495 0.00142374 -9.60451 9.57491 -0.029602
165.921 -0.0178487 0.00142324 -9.60925 9.57965 -0.0295997
165.933 -0.0178485 0.00142245 -9.61396 9.58436 -0.0295971
165.944 -0.0178472 0.00142185 -9.61876 9.58916 -0.0295939
165.955 -0.0178464 0.00142119 -9.62347 9.59387 -0.0295909
165.966 -0.0178454 0.00142041 -9.62816 9.59858 -0.0295879
165.978 -0.0178444 0.00141963 -9.63284 9.60326 -0.0295849
165.989 -0.0178437 0.00141947 -9.63753 9.60795 -0.0295821
166 -0.0178436 0.00141963 -9.64221 9.61263 -0.029579
166.011 -0.0178435 0.00141942 -9.64691 9.61733 -0.0295753
166.022 -0.0178437 0.00141986 -9.65162 9.62204 -0.0295716
166.034 -0.0178439 0.00142004 -9.65627 9.6267 -0.0295676
166.045 -0.0178439 0.00142069 -9.66092 9.63135 -0.029564
166.056 -0.0178446 0.00142154 -9.66556 9.63599 -0.0295618
166.067 -0.0178451 0.00142192 -9.67015 9.64059 -0.0295587
166.079 -0.0178452 0.00142221 -9.67473 9.64518 -0.0295541
166.09 -0.0178448 0.00142263 -9.67935 9.6498 -0.0295499
166.101 -0.0178441 0.00142276 -9.68394 9.65439 -0.0295454
166.112 -0.0178434 0.00142239 -9.68854 9.659 -0.0295414
166.124 -0.0178427 0.00142209 -9.69315 9.66361 -0.0295373
166.135 -0.0178421 0.00142167 -9.69775 9.66821 -0.0295332
166.146 -0.0178417 0.00142137 -9.70235 9.67282 -0.0295296
166.157 -0.0178411 0.00142088 -9.70698 9.67745 -0.0295264
166.169 -0.0178408 0.00142043 -9.71157 9.68205 -0.0295228
166.18 -0.0178403 0.00141948 -9.71615 9.68664 -0.0295192
166.191 -0.0178399 0.00141842 -9.72076 9.69124 -0.029516
166.202 -0.0178394 0.00141733 -9.72535 9.69584 -0.0295126
166.213 -0.0178393 0.0014165 -9.72994 9.70043 -0.0295094
166.225 -0.0178389 0.00141548 -9.73454 9.70503 -0.0295069
166.236 -0.0178392 0.00141517 -9.73908 9.70958 -0.0295053
166.247 -0.0178396 0.00141445 -9.74361 9.7141 -0.0295032
166.258 -0.0178395 0.00141338 -9.74814 9.71864 -0.0295012
166.27 -0.0178391 0.00141254 -9.75265 9.72315 -0.0294979
166.281 -0.0178392 0.00141126 -9.75717 9.72768 -0.0294942
166.292 -0.0178387 0.00141053 -9.76171 9.73222 -0.0294899
166.303 -0.0178387 0.00141054 -9.76624 9.73676 -0.0294857
166.315 -0.0178384 0.00141066 -9.7708 9.74132 -0.029482
166.326 -0.0178385 0.00141134 -9.77537 9.74589 -0.0294782
166.337 -0.0178384 0.00141136 -9.77992 9.75044 -0.0294742
166.348 -0.0178386 0.00141161 -9.78448 9.75501 -0.02947
166.36 -0.0178382 0.00141233 -9.78906 9.75959 -0.029466
166.371 -0.0178381 0.0014125 -9.79364 9.76418 -0.0294616
166.382 -0.0178377 0.0014127 -9.79823 9.76877 -0.029457
166.393 -0.0178378 0.00141215 -9.80283 9.77338 -0.0294527
166.404 -0.0178373 0.00141185 -9.80743 9.77798 -0.0294484
166.416 -0.0178373 0.00141154 -9.81204 9.7826 -0.0294437
166.427 -0.0178367 0.00141091 -9.81668 9.78724 -0.0294394
166.438 -0.0178364 0.00140985 -9.82131 9.79187 -0.0294356
166.449 -0.0178354 0.00140856 -9.82594 9.79651 -0.0294322
166.461 -0.0178342 0.00140744 -9.83059 9.80117 -0.0294287
166.472 -0.0178328 0.00140671 -9.83523 9.8058 -0.0294247
166.483 -0.0178318 0.00140565 -9.83988 9.81046 -0.02942
166.494 -0.0178308 0.00140506 -9.84455 9.81513 -0.0294162
166.506 -0.0178306 0.00140445 -9.8492 9.81978 -0.0294133
166.517 -0.0178309 0.00140423 -9.85382 9.82441 -0.0294109
166.528 -0.0178312 0.00140417 -9.85845 9.82904 -0.0294091
166.539 -0.0178313 0.00140443 -9.86304 9.83363 -0.0294067
166.551 -0.0178314 0.00140468 -9.86762 9.83821 -0.0294038
166.562 -0.0178317 0.00140481 -9.8722 9.84279 -0.0294013
166.573 -0.0178321 0.00140493 -9.87675 9.84735 -0.0293984
166.584 -0.0178322 0.00140522 -9.88129 9.85189 -0.0293953
166.596 -0.0178321 0.00140501 -9.88585 9.85646 -0.0293917
166.607 -0.0178319 0.00140485 -9.89039 9.861 -0.029388
166.618 -0.0178318 0.0014049 -9.89493 9.86554 -0.0293846
166.629 -0.0178315 0.00140455 -9.89947 9.87009 -0.0293807
166.64 -0.0178312 0.00140383 -9.90399 9.87461 -0.0293765
166.652 -0.0178308 0.00140303 -9.90851 9.87914 -0.0293729
166.663 -0.0178305 0.00140266 -9.91304 9.88367 -0.0293691
166.674 -0.01783 0.00140201 -9.91756 9.88819 -0.0293653
166.685 -0.0178299 0.00140098 -9.92208 9.89272 -0.0293615
166.697 -0.0178294 0.00139962 -9.92661 9.89726 -0.0293579
166.708 -0.0178292 0.00139817 -9.93112 9.90176 -0.0293548
166.719 -0.0178288 0.00139738 -9.93561 9.90625 -0.0293513
166.73 -0.0178285 0.00139609 -9.9401 9.91075 -0.0293482
166.742 -0.0178283 0.0013946 -9.94455 9.9152 -0.0293448
166.753 -0.0178283 0.00139349 -9.949 9.91966 -0.029342
166.764 -0.0178279 0.00139257 -9.95347 9.92413 -0.0293391
166.775 -0.0178282 0.00139171 -9.95788 9.92855 -0.0293367
166.787 -0.0178279 0.00139109 -9.96229 9.93295 -0.0293327
166.798 -0.0178279 0.00139012 -9.96671 9.93738 -0.0293293
166.809 -0.0178279 0.00138925 -9.9711 9.94177 -0.0293257
166.82 -0.0178274 0.0013891 -9.97547 9.94615 -0.0293226
166.831 -0.0178271 0.00138892 -9.97983 9.95051 -0.0293197
166.843 -0.0178265 0.00138851 -9.98417 9.95486 -0.0293165
166.854 -0.0178257 0.00138798 -9.98849 9.95918 -0.0293132
166.865 -0.0178248 0.00138751 -9.99283 9.96352 -0.02931
166.876 -0.0178241 0.00138707 -9.99713 9.96783 -0.0293066
166.888 -0.017823 0.0013864 -10.0014 9.97214 -0.0293036
166.899 -0.0178222 0.00138618 -10.0058 9.97646 -0.0293007
166.91 -0.0178218 0.00138569 -10.01 9.98074 -0.0292977
166.921 -0.0178216 0.00138537 -10.0143 9.98502 -0.0292954
166.933 -0.0178213 0.00138539 -10.0186 9.9893 -0.0292928
166.944 -0.017821 0.00138525 -10.0228 9.99353 -0.0292897
166.955 -0.0178204 0.00138486 -10.0271 9.99778 -0.0292864
166.966 -0.0178203 0.00138397 -10.0313 10.002 -0.0292829
166.978 -0.0178205 0.00138297 -10.0356 10.0063 -0.0292792
166.989 -0.017821 0.00138243 -10.0398 10.0105 -0.0292767
167 -0.0178215 0.00138223 -10.044 10.0147 -0.029274
167.011 -0.0178216 0.00138201 -10.0482 10.0189 -0.0292701
167.022 -0.0178217 0.00138094 -10.0524 10.0231 -0.0292665
167.034 -0.0178227 0.00138017 -10.0566 10.0273 -0.0292636
167.045 -0.0178233 0.00137941 -10.0607 10.0315 -0.0292602
167.056 -0.0178237 0.00137782 -10.0649 10.0356 -0.0292573
167.067 -0.0178243 0.00137673 -10.069 10.0398 -0.0292545
167.079 -0.0178242 0.00137489 -10.0732 10.0439 -0.0292513
167.09 -0.0178242 0.00137337 -10.0773 10.048 -0.0292486
167.101 -0.0178238 0.00137166 -10.0814 10.0522 -0.0292457
167.112 -0.0178231 0.00137026 -10.0855 10.0563 -0.0292422
167.124 -0.0178218 0.00136877 -10.0897 10.0604 -0.0292382
167.135 -0.0178204 0.00136729 -10.0938 10.0646 -0.0292344
167.146 -0.0178189 0.00136573 -10.0979 10.0687 -0.0292302
167.157 -0.0178177 0.00136395 -10.102 10.0728 -0.0292263
167.169 -0.0178164 0.00136223 -10.1061 10.0769 -0.0292229
167.18 -0.0178152 0.00136025 -10.1101 10.0809 -0.0292187
167.191 -0.0178137 0.00135924 -10.1142 10.085 -0.0292139
167.202 -0.017812 0.00135803 -10.1183 10.0891 -0.02921
167.213 -0.0178109 0.001357 -10.1224 10.0932 -0.0292058
167.225 -0.0178103 0.00135639 -10.1265 10.0973 -0.0292026
167.236 -0.0178096 0.00135578 -10.1305 10.1013 -0.0291998
167.247 -0.0178089 0.00135557 -10.1345 10.1053 -0.0291963
167.258 -0.0178082 0.00135553 -10.1386 10.1094 -0.0291932
167.27 -0.0178079 0.00135555 -10.1426 10.1134 -0.0291905
167.281 -0.0178077 0.00135554 -10.1466 10.1174 -0.0291874
167.292 -0.0178072 0.00135597 -10.1505 10.1214 -0.029184
167.303 -0.0178061 0.00135599 -10.1545 10.1253 -0.0291807
167.315 -0.017805 0.00135537 -10.1585 10.1293 -0.0291773
167.326 -0.0178043 0.00135548 -10.1624 10.1333 -0.0291743
167.337 -0.0178035 0.0013562 -10.1664 10.1372 -0.0291717
167.348 -0.0178026 0.00135673 -10.1703 10.1411 -0.0291683
167.36 -0.0178014 0.00135673 -10.1742 10.145 -0.0291644
167.371 -0.0178004 0.00135699 -10.1781 10.1489 -0.0291605
167.382 -0.0177996 0.00135683 -10.182 10.1528 -0.0291562
167.393 -0.0177986 0.00135682 -10.1858 10.1567 -0.0291518
167.404 -0.0177975 0.00135683 -10.1897 10.1606 -0.029148
167.416 -0.0177969 0.00135593 -10.1936 10.1644 -0.0291437
167.427 -0.017796 0.00135501 -10.1974 10.1683 -0.0291397
167.438 -0.017795 0.00135433 -10.2013 10.1722 -0.0291357
167.449 -0.0177944 0.00135361 -10.2051 10.176 -0.0291316
167.461 -0.0177936 0.00135291 -10.209 10.1799 -0.0291277
167.472 -0.0177932 0.00135226 -10.2128 10.1837 -0.0291247
167.483 -0.0177925 0.0013513 -10.2167 10.1875 -0.0291216
167.494 -0.0177924 0.00135031 -10.2205 10.1914 -0.0291188
167.506 -0.0177923 0.00134947 -10.2243 10.1952 -0.0291165
167.517 -0.0177914 0.00134873 -10.2281 10.199 -0.0291133
167.528 -0.0177905 0.00134771 -10.2319 10.2028 -0.029109
167.539 -0.0177899 0.00134673 -10.2357 10.2066 -0.0291055
167.551 -0.0177897 0.00134563 -10.2395 10.2104 -0.0291017
167.562 -0.0177891 0.00134407 -10.2433 10.2142 -0.0290978
167.573 -0.0177884 0.00134267 -10.2471 10.218 -0.0290937
167.584 -0.0177874 0.00134144 -10.2508 10.2217 -0.0290893
167.596 -0.0177865 0.00134003 -10.2546 10.2255 -0.0290852
167.607 -0.0177854 0.00133902 -10.2584 10.2293 -0.0290815
167.618 -0.0177836 0.00133766 -10.2621 10.233 -0.0290774
167.629 -0.017782 0.00133622 -10.2659 10.2368 -0.0290734
167.64 -0.0177801 0.00133474 -10.2696 10.2405 -0.0290696
167.652 -0.0177783 0.00133305 -10.2733 10.2443 -0.0290657
167.663 -0.0177763 0.00133148 -10.2771 10.248 -0.0290615
167.674 -0.0177743 0.00132988 -10.2808 10.2517 -0.0290577
167.685 -0.0177719 0.00132824 -10.2845 10.2554 -0.0290542
167.697 -0.0177703 0.0013267 -10.2881 10.2591 -0.0290515
167.708 -0.0177689 0.00132535 -10.2918 10.2627 -0.0290488
167.719 -0.0177678 0.00132381 -10.2954 10.2664 -0.029046
167.73 -0.0177669 0.00132292 -10.299 10.2699 -0.0290428
167.742 -0.0177659 0.00132178 -10.3026 10.2735 -0.0290406
167.753 -0.0177648 0.00132085 -10.3061 10.2771 -0.0290374
167.764 -0.0177642 0.0013209 -10.3097 10.2807 -0.0290343
167.775 -0.0177632 0.0013204 -10.3132 10.2842 -0.0290315
167.787 -0.0177619 0.00131944 -10.3168 10.2877 -0.0290282
167.798 -0.0177608 0.00131793 -10.3203 10.2912 -0.0290252
167.809 -0.0177602 0.00131607 -10.3238 10.2948 -0.0290228
167.82 -0.0177588 0.00131499 -10.3272 10.2982 -0.0290195
167.831 -0.0177577 0.00131367 -10.3307 10.3017 -0.0290161
167.843 -0.0177563 0.00131214 -10.3342 10.3052 -0.0290123
167.854 -0.0177556 0.00131039 -10.3376 10.3086 -0.0290083
167.865 -0.0177537 0.0013095 -10.3411 10.3121 -0.0290035
167.876 -0.0177522 0.00130795 -10.3445 10.3155 -0.0289988
167.888 -0.0177505 0.00130646 -10.348 10.319 -0.0289934
167.899 -0.0177486 0.00130437 -10.3515 10.3225 -0.0289881
167.91 -0.0177466 0.00130306 -10.3549 10.326 -0.0289823
167.921 -0.0177439 0.00130158 -10.3584 10.3294 -0.0289767
167.933 -0.0177415 0.0013009 -10.3619 10.3329 -0.0289712
167.944 -0.0177394 0.00129998 -10.3654 10.3364 -0.0289659
167.955 -0.0177373 0.0012992 -10.3689 10.3399 -0.02896
167.966 -0.0177361 0.00129876 -10.3724 10.3434 -0.028955
167.978 -0.0177352 0.00129831 -10.3758 10.3469 -0.0289507
167.989 -0.0177339 0.00129743 -10.3793 10.3503 -0.0289455
168 -0.0177329 0.00129649 -10.3827 10.3538 -0.0289412
168.011 -0.0177311 0.00129541 -10.3861 10.3572 -0.0289377
168.022 -0.0177299 0.00129487 -10.3895 10.3605 -0.0289351
168.034 -0.0177287 0.00129418 -10.3928 10.3639 -0.0289326
168.045 -0.0177277 0.00129385 -10.3961 10.3672 -0.0289303
168.056 -0.0177266 0.00129342 -10.3994 10.3705 -0.0289279
168.067 -0.0177247 0.00129243 -10.4027 10.3738 -0.0289246
168.079 -0.0177231 0.00129063 -10.406 10.377 -0.0289207
168.09 -0.0177212 0.00128958 -10.4092 10.3803 -0.0289165
168.101 -0.0177194 0.00128887 -10.4125 10.3836 -0.028912
168.112 -0.0177183 0.00128851 -10.4157 10.3868 -0.0289087
168.124 -0.0177179 0.00128743 -10.419 10.3901 -0.0289041
168.135 -0.0177166 0.00128632 -10.4222 10.3933 -0.0288995
168.146 -0.0177152 0.00128567 -10.4255 10.3966 -0.0288962
168.157 -0.0177141 0.00128401 -10.4287 10.3998 -0.0288919
168.169 -0.0177128 0.00128256 -10.432 10.4031 -0.0288873
168.18 -0.0177123 0.00128158 -10.4352 10.4064 -0.0288827
168.191 -0.0177113 0.00127986 -10.4385 10.4096 -0.0288773
168.202 -0.0177107 0.00127867 -10.4417 10.4129 -0.0288725
168.213 -0.0177098 0.00127735 -10.445 10.4162 -0.0288678
168.225 -0.0177092 0.00127619 -10.4483 10.4194 -0.0288627
168.236 -0.0177084 0.00127503 -10.4516 10.4227 -0.028858
168.247 -0.0177077 0.00127369 -10.4549 10.426 -0.0288538
168.258 -0.0177066 0.00127219 -10.4581 10.4293 -0.0288489
168.27 -0.0177055 0.00127062 -10.4614 10.4326 -0.0288439
168.281 -0.0177042 0.00126949 -10.4647 10.4359 -0.0288393
168.292 -0.0177027 0.00126861 -10.468 10.4392 -0.0288345
168.303 -0.0177013 0.00126764 -10.4713 10.4424 -0.0288298
168.315 -0.0177002 0.00126636 -10.4746 10.4457 -0.0288248
168.326 -0.0176993 0.00126544 -10.4778 10.449 -0.0288201
168.337 -0.0176984 0.00126473 -10.4811 10.4523 -0.0288152
168.348 -0.0176979 0.00126459 -10.4843 10.4555 -0.0288114
168.36 -0.0176974 0.00126446 -10.4875 10.4587 -0.0288072
168.371 -0.0176971 0.00126431 -10.4907 10.4619 -0.0288036
168.382 -0.0176967 0.00126385 -10.4939 10.4651 -0.0288006
168.393 -0.0176956 0.00126374 -10.497 10.4682 -0.0287963
168.404 -0.0176943 0.00126296 -10.5002 10.4714 -0.0287916
168.416 -0.0176936 0.00126242 -10.5034 10.4746 -0.028787
168.427 -0.0176925 0.0012615 -10.5065 10.4777 -0.0287824
168.438 -0.0176912 0.00126033 -10.5096 10.4808 -0.0287772
168.449 -0.0176895 0.00125876 -10.5128 10.484 -0.0287729
168.461 -0.0176879 0.00125842 -10.5159 10.4871 -0.0287683
168.472 -0.0176869 0.00125688 -10.519 10.4903 -0.0287633
168.483 -0.0176857 0.00125589 -10.5222 10.4934 -0.0287594
168.494 -0.0176849 0.00125551 -10.5253 10.4965 -0.0287557
168.506 -0.017684 0.00125481 -10.5284 10.4997 -0.0287519
168.517 -0.0176833 0.00125336 -10.5316 10.5028 -0.028748
168.528 -0.0176823 0.001253 -10.5346 10.5059 -0.0287436
168.539 -0.017681 0.00125286 -10.5378 10.509 -0.028739
168.551 -0.0176802 0.00125221 -10.5409 10.5122 -0.0287345
168.562 -0.0176795 0.001251 -10.544 10.5153 -0.0287294
168.573 -0.0176791 0.00125 -10.5472 10.5184 -0.0287245
168.584 -0.017678 0.00124837 -10.5503 10.5216 -0.0287194
168.596 -0.0176769 0.00124676 -10.5534 10.5247 -0.0287143
168.607 -0.0176758 0.00124484 -10.5565 10.5278 -0.028709
168.618 -0.0176743 0.00124265 -10.5596 10.5309 -0.0287045
168.629 -0.0176736 0.00124117 -10.5627 10.534 -0.0286998
168.64 -0.0176725 0.00123964 -10.5659 10.5372 -0.0286951
168.652 -0.0176722 0.0012383 -10.569 10.5403 -0.0286908
168.663 -0.0176722 0.00123749 -10.572 10.5434 -0.0286869
168.674 -0.0176722 0.00123604 -10.5751 10.5464 -0.0286836
168.685 -0.017672 0.00123506 -10.5782 10.5495 -0.0286801
168.697 -0.0176721 0.00123383 -10.5812 10.5525 -0.0286757
168.708 -0.0176724 0.00123231 -10.5843 10.5556 -0.0286713
168.719 -0.0176728 0.00123129 -10.5873 10.5586 -0.0286673
168.73 -0.0176731 0.00123002 -10.5903 10.5617 -0.0286627
168.742 -0.0176731 0.00122858 -10.5934 10.5647 -0.0286588
168.753 -0.017673 0.00122711 -10.5964 10.5677 -0.0286554
168.764 -0.0176737 0.00122559 -10.5993 10.5707 -0.0286516
168.775 -0.0176738 0.00122446 -10.6023 10.5737 -0.0286478
168.787 -0.0176738 0.00122299 -10.6053 10.5767 -0.0286438
168.798 -0.017674 0.00122239 -10.6083 10.5796 -0.0286391
168.809 -0.0176744 0.0012217 -10.6113 10.5826 -0.0286344
168.82 -0.0176748 0.0012207 -10.6143 10.5856 -0.0286303
168.831 -0.0176744 0.00122023 -10.6172 10.5886 -0.0286261
168.843 -0.0176736 0.0012199 -10.6202 10.5916 -0.0286223
168.854 -0.0176728 0.00121989 -10.6232 10.5946 -0.0286193
168.865 -0.0176718 0.00121995 -10.6262 10.5976 -0.0286159
168.876 -0.017671 0.00121953 -10.6292 10.6006 -0.0286122
168.888 -0.0176701 0.00121901 -10.6322 10.6036 -0.0286081
168.899 -0.0176694 0.00121849 -10.6352 10.6066 -0.0286034
168.91 -0.0176693 0.00121808 -10.6382 10.6096 -0.0285993
168.921 -0.0176687 0.00121735 -10.6412 10.6126 -0.028595
168.933 -0.0176684 0.00121629 -10.6442 10.6156 -0.0285905
168.944 -0.0176678 0.00121523 -10.6473 10.6187 -0.0285866
168.955 -0.0176669 0.00121414 -10.6503 10.6217 -0.0285819
168.966 -0.017666 0.00121321 -10.6534 10.6248 -0.0285779
168.978 -0.0176645 0.00121263 -10.6564 10.6278 -0.0285737
168.989 -0.017663 0.0012119 -10.6595 10.6309 -0.02857
169 -0.0176617 0.00121094 -10.6625 10.634 -0.0285659
169.011 -0.0176602 0.00120979 -10.6656 10.637 -0.0285618
169.022 -0.0176585 0.0012094 -10.6687 10.6401 -0.0285572
169.034 -0.017657 0.00120915 -10.6717 10.6432 -0.0285526
169.045 -0.0176554 0.00120833 -10.6748 10.6462 -0.0285485
169.056 -0.0176541 0.0012079 -10.6779 10.6493 -0.0285452
169.067 -0.0176534 0.00120747 -10.6809 10.6523 -0.0285412
169.079 -0.017653 0.00120677 -10.6839 10.6554 -0.028537
169.09 -0.0176527 0.00120682 -10.687 10.6584 -0.0285336
169.101 -0.017652 0.00120749 -10.69 10.6614 -0.0285297
169.112 -0.0176515 0.0012079 -10.693 10.6645 -0.0285261
169.124 -0.0176509 0.00120756 -10.696 10.6675 -0.0285227
169.135 -0.0176503 0.00120736 -10.699 10.6705 -0.028519
169.146 -0.0176494 0.00120663 -10.702 10.6735 -0.0285159
169.157 -0.0176484 0.00120574 -10.705 10.6765 -0.0285129
169.169 -0.017648 0.00120483 -10.7079 10.6794 -0.0285091
169.18 -0.0176474 0.00120348 -10.7109 10.6824 -0.0285053
169.191 -0.0176464 0.00120244 -10.7139 10.6854 -0.0285022
169.202 -0.0176454 0.00120152 -10.7168 10.6883 -0.0284989
169.213 -0.0176446 0.00120107 -10.7198 10.6913 -0.0284957
169.225 -0.017644 0.00120019 -10.7227 10.6942 -0.028493
169.236 -0.0176438 0.00119964 -10.7256 10.6972 -0.02849
169.247 -0.0176436 0.00119899 -10.7286 10.7001 -0.028487
169.258 -0.0176432 0.0011985 -10.7315 10.703 -0.0284843
169.27 -0.0176428 0.00119768 -10.7344 10.7059 -0.0284814
169.281 -0.0176426 0.00119634 -10.7373 10.7088 -0.0284784
169.292 -0.017642 0.00119553 -10.7402 10.7117 -0.0284757
169.303 -0.0176415 0.00119406 -10.7431 10.7146 -0.0284726
169.315 -0.0176413 0.00119296 -10.746 10.7175 -0.0284692
169.326 -0.0176408 0.00119208 -10.7489 10.7204 -0.0284663
169.337 -0.01764 0.00119153 -10.7518 10.7233 -0.0284636
169.348 -0.0176395 0.00119044 -10.7547 10.7262 -0.0284606
169.36 -0.017639 0.00118914 -10.7575 10.7291 -0.0284573
169.371 -0.0176385 0.00118814 -10.7604 10.7319 -0.0284536
169.382 -0.0176381 0.0011873 -10.7633 10.7348 -0.0284505
169.393 -0.017638 0.0011868 -10.7661 10.7377 -0.028447
169.404 -0.0176374 0.00118651 -10.769 10.7405 -0.0284435
169.416 -0.0176366 0.00118606 -10.7718 10.7434 -0.0284407
169.427 -0.0176359 0.00118587 -10.7746 10.7462 -0.0284375
169.438 -0.0176347 0.00118577 -10.7775 10.749 -0.0284343
169.449 -0.0176336 0.00118573 -10.7803 10.7518 -0.0284313
169.461 -0.0176327 0.00118593 -10.7831 10.7547 -0.0284287
169.472 -0.0176318 0.0011857 -10.7859 10.7574 -0.0284255
169.483 -0.0176309 0.0011855 -10.7886 10.7602 -0.0284229
169.494 -0.0176297 0.00118558 -10.7914 10.763 -0.0284202
169.506 -0.0176285 0.00118604 -10.7942 10.7658 -0.028418
169.517 -0.0176269 0.00118625 -10.7969 10.7685 -0.0284158
169.528 -0.0176256 0.00118646 -10.7997 10.7713 -0.0284128
169.539 -0.0176241 0.00118659 -10.8024 10.774 -0.0284101
169.551 -0.0176228 0.00118706 -10.8051 10.7767 -0.0284073
169.562 -0.0176212 0.0011873 -10.8079 10.7795 -0.0284047
169.573 -0.0176199 0.00118773 -10.8106 10.7822 -0.0284014
169.584 -0.0176185 0.00118843 -10.8133 10.7849 -0.0283984
169.596 -0.0176174 0.00118877 -10.8161 10.7877 -0.0283961
169.607 -0.0176159 0.00118865 -10.8188 10.7904 -0.0283928
169.618 -0.0176145 0.0011886 -10.8215 10.7931 -0.0283895
169.629 -0.0176133 0.00118827 -10.8242 10.7959 -0.0283864
169.64 -0.0176123 0.00118807 -10.827 10.7986 -0.0283829
169.652 -0.0176112 0.00118777 -10.8297 10.8014 -0.02838
169.663 -0.0176103 0.00118717 -10.8325 10.8041 -0.0283767
169.674 -0.0176092 0.00118675 -10.8353 10.8069 -0.0283731
169.685 -0.0176081 0.00118629 -10.838 10.8096 -0.0283693
169.697 -0.0176068 0.00118529 -10.8408 10.8124 -0.0283661
169.708 -0.017606 0.00118447 -10.8436 10.8152 -0.0283621
169.719 -0.0176049 0.00118355 -10.8463 10.818 -0.0283585
169.73 -0.0176034 0.00118274 -10.8491 10.8208 -0.0283548
169.742 -0.0176023 0.0011824 -10.8519 10.8235 -0.0283511
169.753 -0.0176013 0.00118143 -10.8546 10.8263 -0.0283475
169.764 -0.0175999 0.00118089 -10.8574 10.8291 -0.0283437
169.775 -0.0175983 0.00118073 -10.8602 10.8319 -0.0283401
169.787 -0.0175968 0.00117995 -10.863 10.8346 -0.0283369
169.798 -0.0175956 0.00117947 -10.8658 10.8374 -0.0283335
169.809 -0.0175945 0.00117946 -10.8685 10.8402 -0.0283295
169.82 -0.0175931 0.00117876 -10.8713 10.843 -0.0283255
169.831 -0.0175915 0.00117758 -10.8741 10.8458 -0.0283218
169.843 -0.0175904 0.00117761 -10.8769 10.8485 -0.028317
169.854 -0.0175893 0.00117732 -10.8796 10.8513 -0.0283129
169.865 -0.0175881 0.00117731 -10.8824 10.8541 -0.0283087
169.876 -0.0175868 0.00117733 -10.8852 10.8569 -0.028305
169.888 -0.0175856 0.00117723 -10.888 10.8597 -0.0283006
169.899 -0.0175847 0.00117801 -10.8908 10.8625 -0.0282965
169.91 -0.017584 0.0011785 -10.8936 10.8653 -0.028292
169.921 -0.0175835 0.00117872 -10.8963 10.868 -0.0282875
169.933 -0.0175828 0.00117851 -10.8991 10.8708 -0.0282841
169.944 -0.0175817 0.00117806 -10.9018 10.8736 -0.0282799
169.955 -0.017581 0.00117795 -10.9046 10.8763 -0.028276
169.966 -0.0175797 0.00117786 -10.9073 10.879 -0.0282727
169.978 -0.017579 0.00117763 -10.91 10.8818 -0.0282688
169.989 -0.0175786 0.00117705 -10.9127 10.8844 -0.028265
170 -0.0175777 0.00117651 -10.9154 10.8871 -0.0282614
170.011 -0.0175767 0.00117605 -10.918 10.8898 -0.0282572
170.022 -0.0175756 0.00117529 -10.9207 10.8924 -0.028254
170.034 -0.0175743 0.00117478 -10.9233 10.8951 -0.0282497
170.045 -0.0175737 0.00117433 -10.9259 10.8977 -0.0282457
170.056 -0.0175727 0.00117402 -10.9285 10.9003 -0.0282416
170.067 -0.0175716 0.0011731 -10.9311 10.9029 -0.0282375
170.079 -0.0175703 0.00117244 -10.9336 10.9054 -0.0282332
170.09 -0.0175686 0.00117186 -10.9362 10.908 -0.0282288
170.101 -0.0175675 0.00117162 -10.9387 10.9105 -0.0282244
170.112 -0.0175662 0.00117152 -10.9412 10.913 -0.0282202
170.124 -0.017565 0.00117132 -10.9437 10.9155 -0.0282163
170.135 -0.0175634 0.00117096 -10.9462 10.918 -0.0282128
170.146 -0.0175621 0.00117027 -10.9486 10.9204 -0.0282089
170.157 -0.0175607 0.00117002 -10.9511 10.9229 -0.0282053
170.169 -0.017559 0.00117005 -10.9535 10.9253 -0.0282017
170.18 -0.0175575 0.00116999 -10.9559 10.9277 -0.0281982
170.191 -0.0175562 0.0011702 -10.9583 10.9301 -0.0281946
170.202 -0.0175551 0.0011707 -10.9606 10.9324 -0.0281909
170.213 -0.0175541 0.00117098 -10.963 10.9348 -0.028187
170.225 -0.0175532 0.0011711 -10.9653 10.9371 -0.0281835
170.236 -0.0175526 0.00117121 -10.9676 10.9394 -0.0281802
170.247 -0.0175527 0.00117093 -10.9699 10.9417 -0.0281765
170.258 -0.0175523 0.00117099 -10.9722 10.944 -0.0281728
170.27 -0.0175521 0.00117115 -10.9745 10.9463 -0.0281691
170.281 -0.0175518 0.00117128 -10.9767 10.9486 -0.028165
170.292 -0.0175517 0.00117105 -10.979 10.9508 -0.0281611
170.303 -0.0175514 0.00117121 -10.9812 10.953 -0.0281577
170.315 -0.0175514 0.00117116 -10.9834 10.9552 -0.028154
170.326 -0.0175514 0.00117081 -10.9856 10.9574 -0.0281508
170.337 -0.0175515 0.00117047 -10.9878 10.9596 -0.0281476
170.348 -0.0175519 0.00117001 -10.9899 10.9618 -0.0281443
170.36 -0.0175515 0.00116915 -10.9921 10.964 -0.028141
170.371 -0.0175516 0.00116847 -10.9942 10.9661 -0.0281379
170.382 -0.0175518 0.00116783 -10.9963 10.9682 -0.0281343
170.393 -0.0175521 0.00116726 -10.9984 10.9703 -0.0281305
170.404 -0.0175525 0.00116706 -11.0005 10.9724 -0.028127
170.416 -0.0175528 0.00116687 -11.0026 10.9744 -0.0281235
170.427 -0.0175533 0.00116698 -11.0046 10.9765 -0.0281204
170.438 -0.0175541 0.00116679 -11.0066 10.9785 -0.0281173
170.449 -0.0175546 0.00116696 -11.0086 10.9805 -0.0281144
170.461 -0.0175552 0.00116723 -11.0105 10.9824 -0.0281118
170.472 -0.017556 0.0011673 -11.0125 10.9844 -0.0281089
170.483 -0.0175569 0.00116733 -11.0144 10.9863 -0.028106
170.494 -0.0175576 0.00116773 -11.0163 10.9882 -0.0281027
170.506 -0.0175583 0.0011682 -11.0181 10.99 -0.0280997
170.517 -0.0175592 0.00116859 -11.02 10.9919 -0.0280964
170.528 -0.0175597 0.00116908 -11.0218 10.9937 -0.0280934
170.539 -0.0175601 0.00116927 -11.0236 10.9955 -0.0280904
170.551 -0.0175609 0.00116924 -11.0253 10.9972 -0.0280873
170.562 -0.0175617 0.00116939 -11.027 10.999 -0.0280839
170.573 -0.0175632 0.00116943 -11.0288 11.0007 -0.0280808
170.584 -0.0175641 0.00117007 -11.0305 11.0024 -0.0280772
170.596 -0.017565 0.00117075 -11.0321 11.0041 -0.0280737
170.607 -0.0175655 0.001171 -11.0338 11.0057 -0.0280706
170.618 -0.0175662 0.00117164 -11.0354 11.0073 -0.0280668
170.629 -0.0175667 0.00117213 -11.037 11.009 -0.0280632
170.64 -0.0175675 0.00117275 -11.0386 11.0105 -0.0280599
170.652 -0.0175682 0.00117344 -11.0401 11.0121 -0.0280566
170.663 -0.0175691 0.00117366 -11.0417 11.0136 -0.0280535
170.674 -0.0175697 0.00117438 -11.0432 11.0151 -0.0280506
170.685 -0.0175706 0.00117492 -11.0446 11.0166 -0.0280473
170.697 -0.0175714 0.00117475 -11.0461 11.018 -0.0280444
170.708 -0.017572 0.00117513 -11.0475 11.0194 -0.0280413
170.719 -0.0175722 0.00117584 -11.0488 11.0208 -0.0280374
170.73 -0.0175724 0.00117584 -11.0502 11.0221 -0.0280341
170.742 -0.0175723 0.0011765 -11.0515 11.0234 -0.0280311
170.753 -0.0175728 0.00117688 -11.0527 11.0247 -0.028028
170.764 -0.0175733 0.00117728 -11.054 11.0259 -0.0280248
170.775 -0.0175733 0.00117788 -11.0552 11.0271 -0.0280221
170.787 -0.0175733 0.0011786 -11.0563 11.0283 -0.0280193
170.798 -0.017573 0.00117936 -11.0574 11.0294 -0.0280163
170.809 -0.0175734 0.00118075 -11.0585 11.0305 -0.0280133
170.82 -0.0175739 0.00118202 -11.0595 11.0315 -0.0280102
170.831 -0.0175745 0.00118345 -11.0605 11.0325 -0.0280071
170.843 -0.0175751 0.00118472 -11.0615 11.0335 -0.0280042
170.854 -0.0175759 0.0011859 -11.0625 11.0345 -0.028001
170.865 -0.0175764 0.00118691 -11.0634 11.0354 -0.0279981
170.876 -0.017577 0.00118786 -11.0642 11.0362 -0.0279959
170.888 -0.0175777 0.00118895 -11.0651 11.0371 -0.0279933
170.899 -0.0175785 0.00119065 -11.0659 11.0379 -0.0279906
170.91 -0.0175796 0.00119179 -11.0666 11.0386 -0.0279884
170.921 -0.0175805 0.00119258 -11.0674 11.0394 -0.0279859
170.933 -0.0175812 0.00119295 -11.0681 11.0401 -0.0279831
170.944 -0.0175824 0.00119332 -11.0687 11.0407 -0.0279807
170.955 -0.0175833 0.00119321 -11.0693 11.0414 -0.0279775
170.966 -0.0175843 0.00119316 -11.0699 11.042 -0.0279746
170.978 -0.0175847 0.00119327 -11.0705 11.0425 -0.0279721
170.989 -0.0175851 0.00119377 -11.071 11.0431 -0.0279691
171 -0.0175855 0.00119427 -11.0715 11.0436 -0.0279655
171.011 -0.0175858 0.00119435 -11.072 11.044 -0.0279618
171.022 -0.0175858 0.00119446 -11.0725 11.0445 -0.0279578
171.034 -0.0175858 0.00119496 -11.0729 11.045 -0.0279539
171.045 -0.0175861 0.00119508 -11.0733 11.0454 -0.0279499
171.056 -0.0175869 0.00119473 -11.0737 11.0458 -0.0279455
171.067 -0.0175871 0.00119401 -11.0741 11.0462 -0.0279414
171.079 -0.0175874 0.00119413 -11.0745 11.0465 -0.0279379
171.09 -0.0175879 0.0011937 -11.0748 11.0469 -0.0279338
171.101 -0.0175887 0.00119353 -11.0751 11.0472 -0.0279298
171.112 -0.0175897 0.00119334 -11.0754 11.0475 -0.0279263
171.124 -0.0175909 0.00119332 -11.0756 11.0477 -0.0279228
171.135 -0.0175921 0.00119327 -11.0759 11.0479 -0.0279195
171.146 -0.0175931 0.00119294 -11.0761 11.0482 -0.027917
171.157 -0.0175943 0.00119207 -11.0763 11.0483 -0.0279138
171.169 -0.0175954 0.00119117 -11.0764 11.0485 -0.0279103
171.18 -0.0175969 0.00119027 -11.0766 11.0487 -0.0279077
171.191 -0.0175981 0.00118923 -11.0767 11.0488 -0.027905
171.202 -0.0175995 0.00118785 -11.0768 11.0489 -0.0279021
171.213 -0.0176008 0.00118657 -11.0769 11.049 -0.0278993
171.225 -0.0176018 0.00118525 -11.0769 11.049 -0.0278968
171.236 -0.0176027 0.00118432 -11.077 11.0491 -0.0278941
171.247 -0.0176033 0.00118347 -11.077 11.0491 -0.0278921
171.258 -0.0176041 0.00118227 -11.077 11.0491 -0.0278895
171.27 -0.0176047 0.00118085 -11.0769 11.049 -0.0278867
171.281 -0.0176055 0.00117917 -11.0769 11.049 -0.0278843
171.292 -0.0176059 0.00117734 -11.0768 11.049 -0.0278811
171.303 -0.0176062 0.00117579 -11.0768 11.0489 -0.0278777
171.315 -0.0176071 0.00117495 -11.0767 11.0488 -0.0278737
171.326 -0.017608 0.00117411 -11.0767 11.0488 -0.0278695
171.337 -0.0176086 0.00117343 -11.0766 11.0487 -0.0278651
171.348 -0.0176093 0.00117259 -11.0766 11.0487 -0.0278614
171.36 -0.0176098 0.00117153 -11.0765 11.0486 -0.0278573
171.371 -0.0176105 0.00117093 -11.0764 11.0486 -0.0278536
171.382 -0.0176109 0.00117024 -11.0764 11.0485 -0.0278502
171.393 -0.0176115 0.00116958 -11.0763 11.0484 -0.027846
171.404 -0.0176117 0.00116935 -11.0762 11.0483 -0.0278425
171.416 -0.0176121 0.001169 -11.0761 11.0483 -0.0278388
171.427 -0.0176132 0.00116894 -11.076 11.0481 -0.0278349
171.438 -0.0176142 0.00116909 -11.0759 11.048 -0.0278312
171.449 -0.0176153 0.00116962 -11.0757 11.0479 -0.0278278
171.461 -0.0176164 0.00117025 -11.0756 11.0478 -0.027824
171.472 -0.0176171 0.001171 -11.0755 11.0477 -0.0278207
171.483 -0.0176177 0.00117182 -11.0753 11.0475 -0.0278176
171.494 -0.0176184 0.0011727 -11.0752 11.0474 -0.0278135
171.506 -0.0176189 0.00117434 -11.075 11.0472 -0.02781
171.517 -0.0176195 0.00117528 -11.0749 11.0471 -0.027807
171.528 -0.0176194 0.00117625 -11.0747 11.0469 -0.027803
171.539 -0.0176188 0.00117728 -11.0746 11.0468 -0.0277991
171.551 -0.0176188 0.00117826 -11.0744 11.0466 -0.0277949
171.562 -0.0176192 0.00117926 -11.0743 11.0465 -0.0277905
171.573 -0.017619 0.00118045 -11.0742 11.0464 -0.0277866
171.584 -0.0176196 0.00118216 -11.074 11.0463 -0.0277828
171.596 -0.01762 0.00118305 -11.0739 11.0461 -0.0277787
171.607 -0.0176206 0.0011844 -11.0738 11.046 -0.0277751
171.618 -0.0176205 0.0011857 -11.0737 11.0459 -0.0277716
171.629 -0.0176205 0.00118674 -11.0736 11.0458 -0.0277676
171.64 -0.0176202 0.00118749 -11.0734 11.0457 -0.0277636
171.652 -0.0176197 0.00118851 -11.0734 11.0456 -0.0277595
171.663 -0.0176195 0.00118913 -11.0733 11.0455 -0.0277551
171.674 -0.017619 0.00118941 -11.0732 11.0454 -0.0277509
171.685 -0.0176186 0.00118951 -11.0731 11.0453 -0.0277477
171.697 -0.0176178 0.00118957 -11.073 11.0452 -0.0277429
171.708 -0.0176173 0.00118955 -11.0729 11.0451 -0.0277387
171.719 -0.0176164 0.0011892 -11.0728 11.0451 -0.0277354
171.73 -0.0176154 0.00118946 -11.0727 11.045 -0.0277311
171.742 -0.0176144 0.00118949 -11.0726 11.0449 -0.0277274
171.753 -0.0176138 0.00118956 -11.0725 11.0448 -0.0277245
171.764 -0.0176132 0.00118921 -11.0724 11.0447 -0.0277213
171.775 -0.0176128 0.00118943 -11.0722 11.0445 -0.0277184
171.787 -0.0176126 0.00118894 -11.0721 11.0444 -0.0277161
171.798 -0.0176124 0.00118805 -11.0719 11.0442 -0.0277129
171.809 -0.0176122 0.00118731 -11.0718 11.044 -0.0277104
171.82 -0.0176128 0.0011864 -11.0716 11.0439 -0.0277081
171.831 -0.017613 0.00118623 -11.0714 11.0437 -0.0277051
171.843 -0.0176131 0.00118594 -11.0712 11.0435 -0.0277025
171.854 -0.017613 0.00118564 -11.071 11.0433 -0.0277002
171.865 -0.0176133 0.0011857 -11.0708 11.0431 -0.0276979
171.876 -0.017614 0.00118537 -11.0706 11.0429 -0.0276961
171.888 -0.0176145 0.00118543 -11.0704 11.0427 -0.0276944
171.899 -0.0176142 0.00118519 -11.0702 11.0425 -0.0276927
171.91 -0.0176148 0.00118504 -11.07 11.0423 -0.0276913
171.921 -0.0176153 0.00118459 -11.0697 11.0421 -0.0276901
171.933 -0.0176152 0.00118386 -11.0695 11.0418 -0.0276881
171.944 -0.0176156 0.00118319 -11.0692 11.0416 -0.0276864
171.955 -0.0176162 0.00118244 -11.069 11.0413 -0.0276849
171.966 -0.0176167 0.00118224 -11.0687 11.0411 -0.0276831
171.978 -0.0176173 0.00118202 -11.0685 11.0408 -0.0276811
171.989 -0.0176172 0.00118289 -11.0682 11.0405 -0.0276785
172 -0.017617 0.00118407 -11.0679 11.0402 -0.0276755
172.011 -0.0176178 0.00118506 -11.0676 11.0399 -0.0276736
172.022 -0.0176184 0.00118576 -11.0673 11.0397 -0.0276719
172.034 -0.0176192 0.00118692 -11.067 11.0393 -0.0276699
172.045 -0.0176189 0.00118785 -11.0667 11.039 -0.027667
172.056 -0.017619 0.00118855 -11.0664 11.0387 -0.0276646
172.067 -0.0176185 0.0011888 -11.0661 11.0384 -0.0276616
172.079 -0.0176184 0.00118889 -11.0657 11.0381 -0.0276593
172.09 -0.0176184 0.00118973 -11.0654 11.0378 -0.027657
172.101 -0.0176185 0.00119017 -11.0651 11.0375 -0.0276544
172.112 -0.0176185 0.00119025 -11.0648 11.0371 -0.0276519
172.124 -0.0176183 0.00119038 -11.0645 11.0369 -0.0276502
172.135 -0.0176189 0.0011906 -11.0642 11.0365 -0.0276481
172.146 -0.0176186 0.00119067 -11.0639 11.0362 -0.0276464
172.157 -0.0176184 0.00119112 -11.0636 11.0359 -0.0276447
172.169 -0.0176188 0.00119169 -11.0633 11.0356 -0.0276422
172.18 -0.017619 0.00119237 -11.063 11.0353 -0.02764
172.191 -0.017619 0.00119294 -11.0627 11.035 -0.0276381
172.202 -0.0176195 0.00119421 -11.0624 11.0348 -0.0276356
172.213 -0.0176203 0.0011953 -11.0621 11.0345 -0.0276332
172.225 -0.0176206 0.00119649 -11.0619 11.0343 -0.0276308
172.236 -0.0176211 0.00119726 -11.0616 11.034 -0.0276276
172.247 -0.0176218 0.00119813 -11.0614 11.0338 -0.0276253
172.258 -0.0176231 0.0011987 -11.0612 11.0336 -0.0276229
172.27 -0.0176243 0.00119939 -11.0611 11.0334 -0.0276204
172.281 -0.0176258 0.0012004 -11.0609 11.0333 -0.0276177
172.292 -0.0176275 0.00120127 -11.0608 11.0331 -0.0276152
172.303 -0.0176291 0.00120204 -11.0606 11.033 -0.0276117
172.315 -0.017631 0.001203 -11.0605 11.0329 -0.027609
172.326 -0.0176328 0.00120311 -11.0605 11.0329 -0.0276061
172.337 -0.0176342 0.00120357 -11.0604 11.0328 -0.0276023
172.348 -0.0176357 0.00120423 -11.0603 11.0327 -0.0275988
172.36 -0.017637 0.00120449 -11.0603 11.0327 -0.0275955
172.371 -0.0176388 0.00120523 -11.0603 11.0327 -0.0275918
172.382 -0.0176403 0.00120571 -11.0603 11.0327 -0.0275885
172.393 -0.017642 0.00120609 -11.0604 11.0328 -0.0275856
172.404 -0.0176432 0.00120649 -11.0604 11.0328 -0.0275823
172.416 -0.0176445 0.00120654 -11.0604 11.0329 -0.0275787
172.427 -0.0176451 0.00120663 -11.0605 11.0329 -0.0275758
172.438 -0.017646 0.00120653 -11.0606 11.033 -0.0275731
172.449 -0.0176469 0.00120664 -11.0607 11.0331 -0.0275707
172.461 -0.0176484 0.00120707 -11.0608 11.0332 -0.0275681
172.472 -0.0176493 0.00120686 -11.0609 11.0333 -0.0275652
172.483 -0.0176511 0.00120655 -11.061 11.0335 -0.0275627
172.494 -0.0176521 0.00120643 -11.0612 11.0336 -0.02756
172.506 -0.0176531 0.00120594 -11.0614 11.0338 -0.027557
172.517 -0.0176539 0.0012054 -11.0615 11.034 -0.0275542
172.528 -0.0176552 0.00120531 -11.0617 11.0342 -0.0275516
172.539 -0.0176564 0.00120529 -11.0619 11.0344 -0.0275476
172.551 -0.0176578 0.00120533 -11.0622 11.0346 -0.027544
172.562 -0.017659 0.00120569 -11.0624 11.0349 -0.0275406
172.573 -0.0176604 0.00120624 -11.0627 11.0351 -0.0275373
172.584 -0.0176621 0.00120688 -11.0629 11.0354 -0.0275339
172.596 -0.0176639 0.00120795 -11.0632 11.0357 -0.0275309
172.607 -0.0176652 0.0012088 -11.0635 11.036 -0.0275285
172.618 -0.0176671 0.00120947 -11.0638 11.0362 -0.0275264
172.629 -0.0176684 0.00121042 -11.0641 11.0365 -0.0275242
172.64 -0.0176698 0.0012117 -11.0643 11.0368 -0.0275211
172.652 -0.0176713 0.00121321 -11.0646 11.0371 -0.0275181
172.663 -0.0176722 0.00121423 -11.0649 11.0374 -0.0275155
172.674 -0.0176726 0.00121517 -11.0652 11.0377 -0.0275124
172.685 -0.0176728 0.00121617 -11.0655 11.038 -0.0275095
172.697 -0.0176733 0.00121799 -11.0659 11.0383 -0.0275068
172.708 -0.0176737 0.00121919 -11.0662 11.0386 -0.027504
172.719 -0.017674 0.00122049 -11.0664 11.0389 -0.0275012
172.73 -0.0176745 0.00122174 -11.0668 11.0393 -0.0274988
172.742 -0.0176746 0.0012231 -11.0671 11.0396 -0.0274957
172.753 -0.0176753 0.00122485 -11.0674 11.0399 -0.0274928
172.764 -0.0176758 0.0012269 -11.0678 11.0403 -0.0274904
172.775 -0.0176759 0.00122854 -11.0681 11.0407 -0.0274876
172.787 -0.0176761 0.0012305 -11.0685 11.041 -0.0274856
172.798 -0.0176764 0.00123262 -11.0689 11.0414 -0.0274833
172.809 -0.0176765 0.00123436 -11.0692 11.0418 -0.0274806
172.82 -0.0176766 0.00123526 -11.0696 11.0422 -0.0274778
172.831 -0.0176766 0.0012359 -11.0701 11.0426 -0.0274757
172.843 -0.0176771 0.00123602 -11.0705 11.043 -0.0274733
172.854 -0.0176781 0.00123671 -11.0709 11.0434 -0.027471
172.865 -0.0176786 0.00123739 -11.0713 11.0439 -0.0274683
172.876 -0.0176787 0.00123776 -11.0718 11.0443 -0.0274657
172.888 -0.0176788 0.00123815 -11.0722 11.0448 -0.0274629
172.899 -0.0176787 0.00123788 -11.0727 11.0453 -0.0274604
172.91 -0.017679 0.00123845 -11.0732 11.0458 -0.0274572
172.921 -0.0176792 0.00123876 -11.0737 11.0463 -0.0274545
172.933 -0.0176799 0.00123902 -11.0743 11.0468 -0.0274515
172.944 -0.017681 0.00123952 -11.0748 11.0473 -0.0274482
172.955 -0.0176817 0.00124042 -11.0753 11.0479 -0.0274451
172.966 -0.0176818 0.00124186 -11.0759 11.0485 -0.0274415
172.978 -0.0176823 0.0012432 -11.0765 11.0491 -0.0274379
172.989 -0.0176829 0.00124452 -11.0771 11.0497 -0.0274347
173 -0.0176832 0.00124592 -11.0778 11.0503 -0.0274318
173.011 -0.017684 0.00124707 -11.0784 11.051 -0.0274298
173.022 -0.0176843 0.00124757 -11.079 11.0516 -0.0274275
173.034 -0.0176847 0.0012486 -11.0797 11.0523 -0.0274256
173.045 -0.0176849 0.00124964 -11.0804 11.053 -0.0274238
173.056 -0.0176855 0.00125059 -11.081 11.0536 -0.0274218
173.067 -0.0176859 0.00125119 -11.0817 11.0543 -0.0274202
173.079 -0.017686 0.00125205 -11.0824 11.055 -0.0274176
173.09 -0.0176864 0.00125294 -11.0831 11.0557 -0.0274157
173.101 -0.0176865 0.00125387 -11.0838 11.0564 -0.0274132
173.112 -0.0176866 0.00125502 -11.0845 11.0571 -0.0274107
173.124 -0.0176864 0.00125609 -11.0852 11.0578 -0.0274079
173.135 -0.0176864 0.00125718 -11.0859 11.0585 -0.0274052
173.146 -0.0176863 0.00125844 -11.0866 11.0592 -0.0274019
173.157 -0.0176863 0.00125964 -11.0873 11.0599 -0.0273983
173.169 -0.0176862 0.00126053 -11.0881 11.0607 -0.0273954
173.18 -0.0176858 0.00126141 -11.0888 11.0614 -0.0273923
173.191 -0.0176856 0.00126251 -11.0896 11.0622 -0.0273896
173.202 -0.017685 0.00126391 -11.0904 11.063 -0.0273871
173.213 -0.0176846 0.00126551 -11.0912 11.0638 -0.0273841
173.225 -0.0176838 0.00126643 -11.0919 11.0646 -0.0273807
173.236 -0.0176831 0.00126755 -11.0928 11.0654 -0.0273774
173.247 -0.0176822 0.00126897 -11.0936 11.0662 -0.0273741
173.258 -0.0176818 0.00127073 -11.0944 11.067 -0.0273706
173.27 -0.0176814 0.00127271 -11.0953 11.0679 -0.0273675
173.281 -0.0176808 0.00127479 -11.0961 11.0688 -0.027364
173.292 -0.0176795 0.00127673 -11.097 11.0696 -0.0273616
173.303 -0.0176787 0.00127823 -11.0979 11.0705 -0.0273586
173.315 -0.0176779 0.00127994 -11.0987 11.0714 -0.0273559
173.326 -0.0176771 0.00128117 -11.0996 11.0723 -0.0273534
173.337 -0.0176763 0.00128264 -11.1005 11.0732 -0.0273515
173.348 -0.0176754 0.00128383 -11.1014 11.0741 -0.0273485
173.36 -0.0176747 0.00128466 -11.1023 11.075 -0.0273458
173.371 -0.0176739 0.00128482 -11.1033 11.0759 -0.0273441
173.382 -0.0176734 0.00128586 -11.1042 11.0768 -0.0273417
173.393 -0.017673 0.00128649 -11.1051 11.0778 -0.0273388
173.404 -0.0176724 0.00128649 -11.106 11.0787 -0.027337
173.416 -0.0176726 0.00128692 -11.107 11.0796 -0.0273342
173.427 -0.0176727 0.00128747 -11.1079 11.0806 -0.0273311
173.438 -0.017673 0.00128815 -11.1088 11.0815 -0.027328
173.449 -0.017674 0.00128911 -11.1098 11.0824 -0.0273254
173.461 -0.0176748 0.00128986 -11.1107 11.0834 -0.0273225
173.472 -0.0176756 0.00129083 -11.1116 11.0843 -0.0273202
173.483 -0.0176756 0.00129225 -11.1126 11.0853 -0.0273171
173.494 -0.0176763 0.0012935 -11.1136 11.0862 -0.0273146
173.506 -0.0176761 0.00129474 -11.1145 11.0872 -0.0273117
173.517 -0.0176763 0.00129602 -11.1155 11.0882 -0.0273095
173.528 -0.0176759 0.00129795 -11.1165 11.0892 -0.027307
173.539 -0.017676 0.00129909 -11.1175 11.0902 -0.0273052
173.551 -0.0176759 0.00130025 -11.1185 11.0912 -0.027302
173.562 -0.0176762 0.00130122 -11.1195 11.0922 -0.027299
173.573 -0.0176769 0.00130196 -11.1205 11.0932 -0.0272968
173.584 -0.0176774 0.00130274 -11.1214 11.0942 -0.0272937
173.596 -0.0176775 0.00130356 -11.1224 11.0951 -0.0272911
173.607 -0.0176779 0.00130459 -11.1234 11.0962 -0.027289
173.618 -0.0176783 0.00130527 -11.1244 11.0972 -0.0272857
173.629 -0.0176792 0.00130625 -11.1255 11.0982 -0.0272822
173.64 -0.0176801 0.00130754 -11.1265 11.0992 -0.0272792
173.652 -0.0176805 0.00130897 -11.1275 11.1002 -0.0272761
173.663 -0.0176807 0.00130956 -11.1285 11.1012 -0.0272732
173.674 -0.0176811 0.00131123 -11.1296 11.1023 -0.0272706
173.685 -0.017681 0.00131265 -11.1306 11.1033 -0.0272677
173.697 -0.0176806 0.0013145 -11.1316 11.1044 -0.0272641
173.708 -0.0176807 0.00131601 -11.1327 11.1054 -0.0272611
173.719 -0.0176811 0.00131739 -11.1337 11.1065 -0.0272575
173.73 -0.0176813 0.00131897 -11.1348 11.1075 -0.0272535
173.742 -0.0176816 0.00132048 -11.1359 11.1086 -0.0272495
173.753 -0.0176819 0.00132236 -11.137 11.1097 -0.027245
173.764 -0.0176824 0.00132464 -11.1381 11.1108 -0.0272414
173.775 -0.0176833 0.00132662 -11.1392 11.1119 -0.0272381
173.787 -0.0176849 0.00132798 -11.1403 11.1131 -0.0272347
173.798 -0.0176866 0.00132969 -11.1414 11.1142 -0.0272311
173.809 -0.0176875 0.00133175 -11.1426 11.1153 -0.027228
173.82 -0.0176886 0.00133304 -11.1437 11.1165 -0.0272251
173.831 -0.0176899 0.0013344 -11.1449 11.1176 -0.0272225
173.843 -0.0176913 0.00133621 -11.146 11.1188 -0.0272199
173.854 -0.0176927 0.00133722 -11.1472 11.12 -0.0272174
173.865 -0.0176942 0.00133838 -11.1483 11.1211 -0.027215
173.876 -0.0176952 0.00133973 -11.1495 11.1223 -0.0272137
173.888 -0.0176961 0.00134112 -11.1507 11.1234 -0.0272118
173.899 -0.0176963 0.00134318 -11.1518 11.1246 -0.0272094
173.91 -0.0176969 0.00134552 -11.1529 11.1257 -0.0272074
173.921 -0.0176974 0.00134786 -11.1541 11.1269 -0.0272048
173.933 -0.0176977 0.00135032 -11.1552 11.128 -0.0272031
173.944 -0.017698 0.00135205 -11.1564 11.1292 -0.0272018
173.955 -0.0176982 0.0013538 -11.1575 11.1303 -0.0272001
173.966 -0.0176977 0.00135569 -11.1586 11.1315 -0.0271983
173.978 -0.0176972 0.00135745 -11.1598 11.1326 -0.0271968
173.989 -0.0176969 0.00135867 -11.1609 11.1337 -0.0271955
174 -0.0176961 0.00136009 -11.162 11.1348 -0.0271942
174.011 -0.0176955 0.00136159 -11.1632 11.136 -0.0271932
174.022 -0.0176949 0.00136297 -11.1643 11.1371 -0.0271914
174.034 -0.0176944 0.0013646 -11.1654 11.1382 -0.0271894
174.045 -0.0176938 0.00136599 -11.1665 11.1394 -0.0271872
174.056 -0.017693 0.00136772 -11.1677 11.1405 -0.0271841
174.067 -0.0176922 0.00136921 -11.1688 11.1417 -0.0271819
174.079 -0.0176912 0.00137145 -11.17 11.1428 -0.0271797
174.09 -0.0176901 0.00137379 -11.1712 11.144 -0.0271774
174.101 -0.0176885 0.00137597 -11.1723 11.1452 -0.0271752
174.112 -0.0176871 0.00137813 -11.1736 11.1464 -0.0271736
174.124 -0.0176862 0.00138011 -11.1747 11.1476 -0.0271721
174.135 -0.0176853 0.00138182 -11.1759 11.1488 -0.0271705
174.146 -0.0176838 0.00138357 -11.1772 11.15 -0.0271689
174.157 -0.0176835 0.00138461 -11.1784 11.1512 -0.0271674
174.169 -0.0176833 0.00138557 -11.1796 11.1524 -0.027166
174.18 -0.0176827 0.00138658 -11.1809 11.1537 -0.0271647
174.191 -0.0176822 0.0013878 -11.1821 11.1549 -0.0271627
174.202 -0.0176818 0.00138844 -11.1833 11.1562 -0.0271608
174.213 -0.0176814 0.0013895 -11.1846 11.1575 -0.027159
174.225 -0.0176809 0.00139056 -11.1859 11.1587 -0.027157
174.236 -0.0176803 0.00139169 -11.1871 11.16 -0.0271552
174.247 -0.0176802 0.00139308 -11.1884 11.1613 -0.0271531
174.258 -0.0176801 0.00139412 -11.1897 11.1625 -0.0271505
174.27 -0.0176802 0.00139525 -11.191 11.1638 -0.0271485
174.281 -0.0176802 0.00139649 -11.1923 11.1652 -0.0271458
174.292 -0.0176801 0.00139764 -11.1936 11.1665 -0.027143
174.303 -0.0176797 0.00139849 -11.1949 11.1678 -0.0271402
174.315 -0.017679 0.00139934 -11.1963 11.1691 -0.0271375
174.326 -0.017678 0.00140002 -11.1976 11.1705 -0.0271341
174.337 -0.0176767 0.0014009 -11.199 11.1718 -0.027131
174.348 -0.0176754 0.00140267 -11.2004 11.1732 -0.0271284
174.36 -0.0176745 0.0014042 -11.2017 11.1746 -0.0271247
174.371 -0.0176733 0.00140535 -11.2031 11.176 -0.0271216
174.382 -0.0176722 0.00140686 -11.2046 11.1775 -0.0271189
174.393 -0.0176713 0.00140813 -11.206 11.1789 -0.0271162
174.404 -0.0176708 0.00141004 -11.2074 11.1803 -0.0271136
174.416 -0.0176696 0.00141201 -11.2088 11.1817 -0.0271115
174.427 -0.0176687 0.00141385 -11.2102 11.1831 -0.0271089
174.438 -0.0176673 0.0014159 -11.2117 11.1846 -0.0271072
174.449 -0.0176659 0.00141786 -11.2131 11.186 -0.0271063
174.461 -0.017665 0.00141921 -11.2145 11.1874 -0.0271048
174.472 -0.0176647 0.00142079 -11.2159 11.1888 -0.0271026
174.483 -0.0176648 0.00142197 -11.2173 11.1902 -0.0271008
174.494 -0.0176655 0.00142298 -11.2187 11.1916 -0.0270987
174.506 -0.017665 0.00142476 -11.2201 11.193 -0.0270956
174.517 -0.0176642 0.00142682 -11.2216 11.1945 -0.027093
174.528 -0.0176639 0.00142878 -11.223 11.196 -0.0270893
174.539 -0.0176636 0.00143031 -11.2245 11.1975 -0.0270865
174.551 -0.0176629 0.00143184 -11.2261 11.199 -0.027084
174.562 -0.0176621 0.00143306 -11.2276 11.2005 -0.0270816
174.573 -0.0176611 0.00143381 -11.2291 11.202 -0.0270791
174.584 -0.0176599 0.00143449 -11.2307 11.2036 -0.0270781
174.596 -0.0176596 0.00143547 -11.2322 11.2052 -0.0270765
174.607 -0.0176587 0.00143588 -11.2338 11.2067 -0.0270747
174.618 -0.0176571 0.00143715 -11.2354 11.2083 -0.0270727
174.629 -0.0176551 0.00143866 -11.237 11.2099 -0.0270708
174.64 -0.0176532 0.00143988 -11.2386 11.2115 -0.0270689
174.652 -0.017651 0.00144117 -11.2402 11.2131 -0.027067
174.663 -0.017649 0.00144254 -11.2419 11.2148 -0.0270636
174.674 -0.0176473 0.00144415 -11.2435 11.2165 -0.0270602
174.685 -0.017646 0.00144563 -11.2452 11.2182 -0.0270571
174.697 -0.0176452 0.00144679 -11.247 11.2199 -0.0270539
174.708 -0.0176435 0.00144797 -11.2487 11.2216 -0.0270513
174.719 -0.0176417 0.00144927 -11.2504 11.2234 -0.0270486
174.73 -0.0176402 0.00145051 -11.2522 11.2251 -0.0270455
174.742 -0.017639 0.00145201 -11.2539 11.2269 -0.0270421
174.753 -0.0176387 0.00145259 -11.2557 11.2287 -0.0270389
174.764 -0.0176382 0.00145375 -11.2575 11.2305 -0.0270349
174.775 -0.017638 0.00145462 -11.2593 11.2323 -0.0270312
174.787 -0.0176379 0.00145624 -11.2611 11.2341 -0.0270283
174.798 -0.0176379 0.00145773 -11.2629 11.2359 -0.0270243
174.809 -0.0176381 0.00145845 -11.2647 11.2377 -0.0270206
174.82 -0.017638 0.00145899 -11.2665 11.2395 -0.0270177
174.831 -0.0176374 0.00145999 -11.2683 11.2413 -0.0270143
174.843 -0.0176372 0.00146114 -11.2701 11.2431 -0.027011
174.854 -0.0176369 0.0014627 -11.2719 11.2449 -0.0270077
174.865 -0.0176362 0.00146422 -11.2738 11.2468 -0.0270038
174.876 -0.0176346 0.00146613 -11.2756 11.2486 -0.0269993
174.888 -0.0176331 0.00146817 -11.2775 11.2505 -0.026995
174.899 -0.0176315 0.00147006 -11.2794 11.2524 -0.0269904
174.91 -0.0176294 0.0014722 -11.2812 11.2542 -0.026986
174.921 -0.0176274 0.00147402 -11.2831 11.2562 -0.026982
174.933 -0.0176253 0.0014755 -11.285 11.2581 -0.0269775
174.944 -0.0176237 0.00147687 -11.287 11.26 -0.0269743
174.955 -0.017623 0.00147846 -11.2889 11.2619 -0.0269711
174.966 -0.017622 0.00147996 -11.2908 11.2639 -0.0269678
174.978 -0.0176206 0.00148174 -11.2928 11.2658 -0.0269634
174.989 -0.0176201 0.00148298 -11.2947 11.2678 -0.0269605
175 -0.0176191 0.0014841 -11.2967 11.2697 -0.0269566
175.011 -0.0176183 0.00148521 -11.2986 11.2717 -0.0269526
175.022 -0.0176179 0.00148558 -11.3006 11.2737 -0.0269493
175.034 -0.017617 0.00148648 -11.3026 11.2756 -0.0269448
175.045 -0.017616 0.00148762 -11.3046 11.2776 -0.0269399
175.056 -0.0176151 0.00148945 -11.3066 11.2797 -0.0269354
175.067 -0.0176141 0.00149089 -11.3087 11.2817 -0.0269312
175.079 -0.0176127 0.00149236 -11.3107 11.2838 -0.0269271
175.09 -0.0176121 0.00149343 -11.3128 11.2859 -0.0269246
175.101 -0.0176119 0.00149466 -11.3149 11.2879 -0.0269218
175.112 -0.0176113 0.00149641 -11.317 11.29 -0.0269187
175.124 -0.0176108 0.00149826 -11.3191 11.2922 -0.0269155
175.135 -0.0176098 0.00150023 -11.3212 11.2943 -0.0269117
175.146 -0.0176082 0.00150202 -11.3234 11.2965 -0.0269075
175.157 -0.0176072 0.00150426 -11.3255 11.2986 -0.0269039
175.169 -0.0176063 0.00150542 -11.3277 11.3008 -0.0269006
175.18 -0.0176052 0.0015072 -11.3299 11.303 -0.0268967
175.191 -0.0176039 0.00150815 -11.3321 11.3052 -0.0268927
175.202 -0.0176028 0.00150884 -11.3343 11.3074 -0.0268885
175.213 -0.0176021 0.0015099 -11.3365 11.3096 -0.0268845
175.225 -0.0176015 0.00151085 -11.3387 11.3118 -0.0268807
175.236 -0.017601 0.00151151 -11.3409 11.314 -0.0268759
175.247 -0.0176005 0.00151168 -11.3431 11.3162 -0.0268712
175.258 -0.0176008 0.00151195 -11.3453 11.3184 -0.0268673
175.27 -0.0176008 0.00151203 -11.3475 11.3206 -0.0268639
175.281 -0.0176006 0.00151225 -11.3497 11.3228 -0.026861
175.292 -0.0176002 0.00151277 -11.3519 11.325 -0.0268576
175.303 -0.0175997 0.00151329 -11.3541 11.3272 -0.0268533
175.315 -0.0175988 0.00151437 -11.3562 11.3294 -0.0268485
175.326 -0.0175974 0.00151539 -11.3584 11.3316 -0.0268434
175.337 -0.0175959 0.00151575 -11.3606 11.3338 -0.0268382
175.348 -0.0175946 0.00151636 -11.3628 11.336 -0.0268333
175.36 -0.0175928 0.00151676 -11.3651 11.3382 -0.0268287
175.371 -0.0175909 0.00151722 -11.3673 11.3405 -0.0268235
175.382 -0.0175892 0.00151745 -11.3695 11.3427 -0.0268184
175.393 -0.0175883 0.00151712 -11.3718 11.3449 -0.0268149
175.404 -0.0175878 0.00151736 -11.374 11.3472 -0.0268103
175.416 -0.0175868 0.00151791 -11.3762 11.3494 -0.0268062
175.427 -0.0175857 0.00151852 -11.3785 11.3517 -0.0268021
175.438 -0.0175849 0.0015187 -11.3807 11.3539 -0.0267979
175.449 -0.017584 0.00151908 -11.383 11.3562 -0.0267929
175.461 -0.0175832 0.00151983 -11.3852 11.3585 -0.0267879
175.472 -0.0175822 0.00152024 -11.3875 11.3607 -0.0267834
175.483 -0.017581 0.00152058 -11.3898 11.363 -0.0267794
175.494 -0.0175794 0.00152056 -11.3921 11.3653 -0.0267749
175.506 -0.0175779 0.00152056 -11.3944 11.3676 -0.0267701
175.517 -0.0175762 0.00152082 -11.3967 11.37 -0.026765
175.528 -0.0175752 0.00152106 -11.3991 11.3723 -0.0267604
175.539 -0.0175747 0.00152085 -11.4014 11.3746 -0.0267554
175.551 -0.0175743 0.00152056 -11.4037 11.377 -0.0267506
175.562 -0.0175737 0.0015198 -11.4061 11.3793 -0.0267458
175.573 -0.0175741 0.00151902 -11.4084 11.3817 -0.0267419
175.584 -0.0175743 0.00151836 -11.4108 11.384 -0.0267381
175.596 -0.0175738 0.00151828 -11.4131 11.3864 -0.0267344
175.607 -0.0175734 0.00151824 -11.4155 11.3888 -0.0267312
175.618 -0.0175729 0.00151804 -11.4178 11.3911 -0.0267274
175.629 -0.0175719 0.00151807 -11.4202 11.3934 -0.0267235
175.64 -0.0175708 0.00151812 -11.4225 11.3958 -0.026719
175.652 -0.0175693 0.0015181 -11.4248 11.3981 -0.0267146
175.663 -0.017568 0.00151824 -11.4272 11.4005 -0.0267101
175.674 -0.017567 0.00151859 -11.4295 11.4028 -0.0267053
175.685 -0.0175661 0.00151888 -11.4319 11.4052 -0.0266996
175.697 -0.0175647 0.00151989 -11.4343 11.4076 -0.0266946
175.708 -0.0175635 0.00152033 -11.4366 11.41 -0.0266898
175.719 -0.0175626 0.00152171 -11.439 11.4123 -0.0266847
175.73 -0.0175623 0.00152316 -11.4414 11.4147 -0.0266801
175.742 -0.0175621 0.00152519 -11.4438 11.4172 -0.0266755
175.753 -0.017562 0.00152681 -11.4462 11.4196 -0.0266713
175.764 -0.0175618 0.00152845 -11.4486 11.422 -0.0266668
175.775 -0.0175606 0.00152907 -11.451 11.4244 -0.0266617
175.787 -0.0175597 0.00152938 -11.4535 11.4268 -0.0266575
175.798 -0.0175595 0.0015294 -11.4559 11.4292 -0.0266535
175.809 -0.0175598 0.00152906 -11.4583 11.4316 -0.0266491
175.82 -0.0175596 0.00152918 -11.4607 11.4341 -0.0266448
175.831 -0.01756 0.00152926 -11.4631 11.4365 -0.026641
175.843 -0.0175593 0.00152864 -11.4655 11.4389 -0.0266368
175.854 -0.0175583 0.00152747 -11.4679 11.4413 -0.0266333
175.865 -0.0175578 0.00152684 -11.4703 11.4437 -0.0266297
175.876 -0.0175577 0.00152659 -11.4727 11.4461 -0.0266256
175.888 -0.0175572 0.00152632 -11.4751 11.4485 -0.0266212
175.899 -0.0175573 0.00152581 -11.4775 11.4509 -0.0266178
175.91 -0.017557 0.00152532 -11.4799 11.4532 -0.0266139
175.921 -0.0175568 0.00152485 -11.4822 11.4556 -0.0266096
175.933 -0.0175566 0.00152482 -11.4846 11.458 -0.0266061
175.944 -0.017556 0.001525 -11.487 11.4604 -0.0266027
175.955 -0.0175561 0.00152517 -11.4893 11.4627 -0.0266007
175.966 -0.0175563 0.00152433 -11.4917 11.4651 -0.0265985
175.978 -0.0175558 0.00152404 -11.494 11.4674 -0.0265955
175.989 -0.017555 0.00152377 -11.4963 11.4697 -0.0265924
176 -0.0175542 0.00152353 -11.4986 11.472 -0.0265895
176.011 -0.0175536 0.00152341 -11.501 11.4744 -0.0265857
176.022 -0.0175531 0.00152388 -11.5033 11.4767 -0.0265818
176.034 -0.0175517 0.00152434 -11.5056 11.4791 -0.0265774
176.045 -0.0175508 0.00152491 -11.508 11.4814 -0.0265726
176.056 -0.0175504 0.00152507 -11.5104 11.4838 -0.0265681
176.067 -0.0175504 0.00152579 -11.5128 11.4862 -0.0265637
176.079 -0.0175503 0.00152619 -11.5152 11.4886 -0.0265591
176.09 -0.0175498 0.00152664 -11.5176 11.4911 -0.0265551
176.101 -0.0175493 0.00152701 -11.5201 11.4935 -0.0265512
176.112 -0.017549 0.00152688 -11.5225 11.496 -0.0265474
176.124 -0.0175488 0.00152715 -11.525 11.4985 -0.0265442
176.135 -0.0175486 0.00152771 -11.5275 11.501 -0.0265404
176.146 -0.0175489 0.00152814 -11.53 11.5035 -0.0265369
176.157 -0.0175491 0.00152839 -11.5325 11.506 -0.0265329
176.169 -0.0175493 0.00152854 -11.535 11.5085 -0.0265294
176.18 -0.0175494 0.00152897 -11.5375 11.511 -0.0265263
176.191 -0.0175493 0.00152968 -11.54 11.5135 -0.0265228
176.202 -0.0175483 0.00152931 -11.5426 11.516 -0.0265183
176.213 -0.0175472 0.0015296 -11.5451 11.5186 -0.026513
176.225 -0.0175459 0.00153008 -11.5477 11.5211 -0.0265083
176.236 -0.0175446 0.00153033 -11.5502 11.5237 -0.0265033
176.247 -0.0175437 0.00153031 -11.5528 11.5263 -0.0264983
176.258 -0.0175428 0.00152983 -11.5554 11.5289 -0.0264944
176.27 -0.0175414 0.00152978 -11.558 11.5315 -0.0264908
176.281 -0.0175406 0.00153012 -11.5607 11.5342 -0.0264877
176.292 -0.0175399 0.0015293 -11.5633 11.5368 -0.0264847
176.303 -0.0175395 0.00152921 -11.5659 11.5394 -0.0264825
176.315 -0.0175393 0.00152902 -11.5685 11.542 -0.0264796
176.326 -0.0175388 0.00152894 -11.5711 11.5446 -0.0264763
176.337 -0.0175386 0.00152867 -11.5738 11.5473 -0.0264729
176.348 -0.0175379 0.00152846 -11.5764 11.5499 -0.0264694
176.36 -0.0175378 0.00152839 -11.579 11.5525 -0.0264658
176.371 -0.0175372 0.00152858 -11.5817 11.5552 -0.0264623
176.382 -0.0175367 0.00152874 -11.5843 11.5578 -0.0264579
176.393 -0.0175359 0.00152929 -11.587 11.5605 -0.0264539
176.404 -0.0175356 0.00153034 -11.5897 11.5632 -0.0264496
176.416 -0.0175359 0.00153093 -11.5924 11.5659 -0.0264455
176.427 -0.0175361 0.00153111 -11.5951 11.5686 -0.0264418
176.438 -0.017536 0.00153109 -11.5978 11.5714 -0.0264389
176.449 -0.0175363 0.001531 -11.6006 11.5741 -0.0264353
176.461 -0.0175358 0.00153118 -11.6033 11.5769 -0.026431
176.472 -0.0175356 0.00153168 -11.6061 11.5797 -0.0264276
176.483 -0.0175359 0.0015318 -11.6089 11.5825 -0.0264239
176.494 -0.0175361 0.00153227 -11.6117 11.5853 -0.0264201
176.506 -0.0175363 0.00153249 -11.6145 11.5881 -0.0264164
176.517 -0.0175365 0.00153282 -11.6174 11.591 -0.0264132
176.528 -0.0175371 0.00153344 -11.6202 11.5938 -0.0264098
176.539 -0.0175376 0.00153371 -11.6231 11.5967 -0.0264066
176.551 -0.0175373 0.00153351 -11.6259 11.5995 -0.0264028
176.562 -0.0175365 0.00153322 -11.6288 11.6024 -0.0263982
176.573 -0.0175357 0.00153254 -11.6317 11.6053 -0.0263944
176.584 -0.0175343 0.00153207 -11.6346 11.6082 -0.0263902
176.596 -0.0175329 0.00153135 -11.6375 11.6111 -0.026386
176.607 -0.0175315 0.00153097 -11.6404 11.6141 -0.0263824
176.618 -0.0175306 0.00153055 -11.6434 11.617 -0.0263788
176.629 -0.0175299 0.00153012 -11.6463 11.6199 -0.0263764
176.64 -0.0175292 0.00152918 -11.6492 11.6229 -0.0263734
176.652 -0.0175281 0.00152826 -11.6522 11.6258 -0.0263697
176.663 -0.0175276 0.00152756 -11.6551 11.6287 -0.0263657
176.674 -0.0175268 0.00152746 -11.6581 11.6317 -0.0263617
176.685 -0.0175259 0.00152721 -11.661 11.6347 -0.0263574
176.697 -0.0175252 0.00152663 -11.664 11.6376 -0.0263532
176.708 -0.0175242 0.00152647 -11.667 11.6406 -0.0263494
176.719 -0.0175229 0.00152658 -11.67 11.6436 -0.0263453
176.73 -0.0175214 0.00152635 -11.673 11.6466 -0.0263415
176.742 -0.01752 0.0015258 -11.676 11.6497 -0.0263382
176.753 -0.0175187 0.00152513 -11.679 11.6527 -0.026335
176.764 -0.0175172 0.00152484 -11.682 11.6557 -0.0263319
176.775 -0.0175162 0.00152456 -11.6851 11.6587 -0.0263284
176.787 -0.0175155 0.00152506 -11.6881 11.6617 -0.0263254
176.798 -0.0175144 0.00152459 -11.6911 11.6648 -0.0263224
176.809 -0.0175135 0.00152478 -11.6941 11.6678 -0.02632
176.82 -0.0175129 0.00152459 -11.6971 11.6708 -0.0263173
176.831 -0.0175115 0.00152411 -11.7001 11.6738 -0.0263144
176.843 -0.0175107 0.00152414 -11.7031 11.6768 -0.0263116
176.854 -0.0175096 0.00152437 -11.7061 11.6798 -0.0263088
176.865 -0.0175089 0.00152406 -11.709 11.6827 -0.0263061
176.876 -0.017508 0.00152387 -11.7121 11.6858 -0.0263033
176.888 -0.017508 0.00152433 -11.715 11.6887 -0.0263003
176.899 -0.0175071 0.00152486 -11.718 11.6918 -0.0262974
176.91 -0.0175065 0.00152536 -11.7211 11.6948 -0.026295
176.921 -0.0175061 0.00152529 -11.7241 11.6978 -0.0262922
176.933 -0.0175056 0.00152594 -11.7272 11.7009 -0.0262897
176.944 -0.0175049 0.00152642 -11.7302 11.7039 -0.0262872
176.955 -0.0175042 0.0015269 -11.7333 11.707 -0.0262836
176.966 -0.0175027 0.00152741 -11.7363 11.7101 -0.0262801
176.978 -0.0175015 0.00152786 -11.7394 11.7132 -0.0262763
176.989 -0.0175003 0.00152796 -11.7425 11.7163 -0.0262724
177 -0.0174989 0.00152763 -11.7457 11.7194 -0.026269
177.011 -0.017497 0.00152764 -11.7488 11.7225 -0.0262655
177.022 -0.0174951 0.00152745 -11.752 11.7257 -0.0262609
177.034 -0.0174934 0.00152802 -11.7551 11.7289 -0.0262571
177.045 -0.0174913 0.00152864 -11.7583 11.7321 -0.026254
177.056 -0.0174892 0.00152858 -11.7615 11.7352 -0.0262501
177.067 -0.0174876 0.00152882 -11.7647 11.7384 -0.0262458
177.079 -0.017486 0.00152878 -11.7679 11.7416 -0.0262423
177.09 -0.0174847 0.00152891 -11.771 11.7448 -0.0262391
177.101 -0.0174831 0.00152963 -11.7742 11.748 -0.0262354
177.112 -0.0174818 0.00153005 -11.7774 11.7512 -0.0262322
177.124 -0.0174803 0.00153054 -11.7805 11.7543 -0.0262283
177.135 -0.0174792 0.00153126 -11.7837 11.7575 -0.0262246
177.146 -0.0174775 0.0015319 -11.7868 11.7606 -0.0262202
177.157 -0.0174762 0.00153271 -11.79 11.7638 -0.0262159
177.169 -0.0174749 0.00153314 -11.7931 11.7669 -0.0262117
177.18 -0.0174737 0.00153386 -11.7963 11.7701 -0.0262076
177.191 -0.0174727 0.00153432 -11.7994 11.7732 -0.0262029
177.202 -0.0174714 0.00153478 -11.8026 11.7764 -0.0261986
177.213 -0.01747 0.00153514 -11.8058 11.7796 -0.0261946
177.225 -0.0174694 0.00153602 -11.8089 11.7827 -0.0261905
177.236 -0.0174684 0.00153676 -11.812 11.7858 -0.0261862
177.247 -0.0174671 0.00153704 -11.8152 11.789 -0.0261828
177.258 -0.0174662 0.00153672 -11.8183 11.7921 -0.0261793
177.27 -0.0174649 0.00153653 -11.8214 11.7952 -0.0261752
177.281 -0.0174627 0.00153599 -11.8245 11.7984 -0.0261718
177.292 -0.0174611 0.00153554 -11.8277 11.8015 -0.0261691
177.303 -0.0174593 0.00153482 -11.8308 11.8046 -0.0261659
177.315 -0.0174569 0.00153391 -11.8339 11.8077 -0.0261628
177.326 -0.0174544 0.00153343 -11.837 11.8108 -0.0261594
177.337 -0.0174519 0.0015329 -11.8401 11.8139 -0.0261564
177.348 -0.0174494 0.00153271 -11.8432 11.817 -0.0261536
177.36 -0.0174472 0.00153287 -11.8462 11.8201 -0.0261511
177.371 -0.0174453 0.00153273 -11.8493 11.8231 -0.0261482
177.382 -0.0174433 0.00153287 -11.8524 11.8262 -0.0261448
177.393 -0.0174415 0.00153195 -11.8554 11.8293 -0.0261406
177.404 -0.0174401 0.00153177 -11.8584 11.8323 -0.0261368
177.416 -0.0174379 0.0015307 -11.8615 11.8354 -0.0261321
177.427 -0.0174359 0.00152921 -11.8645 11.8384 -0.0261268
177.438 -0.0174339 0.00152823 -11.8676 11.8414 -0.0261212
177.449 -0.0174327 0.001528 -11.8706 11.8445 -0.0261163
177.461 -0.0174316 0.00152806 -11.8736 11.8475 -0.0261113
177.472 -0.0174306 0.0015283 -11.8766 11.8505 -0.0261068
177.483 -0.0174295 0.00152838 -11.8796 11.8535 -0.026103
177.494 -0.0174283 0.00152857 -11.8825 11.8564 -0.0260994
177.506 -0.0174266 0.00152824 -11.8854 11.8593 -0.0260956
177.517 -0.0174242 0.00152819 -11.8883 11.8622 -0.0260923
177.528 -0.0174223 0.00152854 -11.8911 11.865 -0.026089
177.539 -0.0174205 0.00152876 -11.8939 11.8678 -0.0260861
177.551 -0.0174187 0.00152921 -11.8967 11.8706 -0.0260832
177.562 -0.0174171 0.00152922 -11.8995 11.8734 -0.0260803
177.573 -0.0174143 0.00152906 -11.9022 11.8761 -0.0260769
177.584 -0.0174124 0.00152861 -11.9049 11.8789 -0.0260739
177.596 -0.01741 0.00152838 -11.9076 11.8815 -0.0260704
177.607 -0.0174081 0.00152824 -11.9103 11.8842 -0.0260665
177.618 -0.0174062 0.00152821 -11.913 11.8869 -0.0260634
177.629 -0.0174053 0.00152833 -11.9156 11.8895 -0.0260599
177.64 -0.0174046 0.00152887 -11.9182 11.8922 -0.0260571
177.652 -0.0174039 0.00152916 -11.9208 11.8948 -0.0260541
177.663 -0.0174023 0.00152895 -11.9234 11.8973 -0.0260501
177.674 -0.0174003 0.00152803 -11.9259 11.8999 -0.0260452
177.685 -0.0173986 0.00152738 -11.9284 11.9024 -0.0260407
177.697 -0.0173972 0.0015273 -11.931 11.9049 -0.0260354
177.708 -0.0173954 0.00152651 -11.9335 11.9074 -0.0260302
177.719 -0.0173934 0.00152511 -11.936 11.9099 -0.0260249
177.73 -0.0173915 0.00152416 -11.9384 11.9124 -0.0260196
177.742 -0.017389 0.00152278 -11.9409 11.9149 -0.0260155
177.753 -0.0173863 0.00152153 -11.9434 11.9173 -0.0260116
177.764 -0.0173838 0.00152027 -11.9458 11.9197 -0.0260067
177.775 -0.0173816 0.00151956 -11.9481 11.9221 -0.0260024
177.787 -0.0173792 0.00151859 -11.9505 11.9245 -0.0259978
177.798 -0.017378 0.00151659 -11.9529 11.9269 -0.0259925
177.809 -0.0173764 0.0015146 -11.9552 11.9292 -0.0259877
177.82 -0.0173748 0.00151246 -11.9576 11.9316 -0.0259832
177.831 -0.017374 0.00151081 -11.96 11.934 -0.0259794
177.843 -0.0173723 0.00150991 -11.9623 11.9363 -0.025975
177.854 -0.0173704 0.00150875 -11.9646 11.9387 -0.0259717
177.865 -0.0173685 0.00150893 -11.9669 11.941 -0.0259681
177.876 -0.0173667 0.00150884 -11.9692 11.9433 -0.0259647
177.888 -0.0173652 0.0015092 -11.9715 11.9455 -0.0259615
177.899 -0.0173627 0.00150935 -11.9738 11.9478 -0.0259577
177.91 -0.0173603 0.00150947 -11.976 11.95 -0.0259545
177.921 -0.0173573 0.00150975 -11.9782 11.9523 -0.0259506
177.933 -0.0173549 0.00151008 -11.9804 11.9545 -0.0259472
177.944 -0.0173523 0.00151007 -11.9826 11.9567 -0.0259433
177.955 -0.0173498 0.00151046 -11.9848 11.9589 -0.0259403
177.966 -0.0173464 0.00151029 -11.9869 11.961 -0.0259373
177.978 -0.0173434 0.00151015 -11.9891 11.9631 -0.0259352
177.989 -0.0173403 0.00151061 -11.9911 11.9652 -0.0259332
178 -0.0173371 0.00151111 -11.9932 11.9673 -0.0259304
178.011 -0.0173343 0.00151151 -11.9952 11.9693 -0.0259269
178.022 -0.0173314 0.00151152 -11.9972 11.9713 -0.0259238
178.034 -0.0173291 0.00151096 -11.9992 11.9733 -0.0259195
178.045 -0.0173266 0.00151006 -12.0011 11.9752 -0.0259153
178.056 -0.017324 0.0015092 -12.0031 11.9772 -0.0259111
178.067 -0.0173223 0.00150841 -12.005 11.9791 -0.0259062
178.079 -0.0173204 0.00150744 -12.0069 11.981 -0.0259011
178.09 -0.0173185 0.00150624 -12.0088 11.9829 -0.0258965
178.101 -0.0173162 0.0015051 -12.0107 11.9849 -0.0258915
178.112 -0.0173143 0.00150481 -12.0126 11.9867 -0.025886
178.124 -0.0173131 0.001505 -12.0145 11.9886 -0.0258821
178.135 -0.0173122 0.00150523 -12.0164 11.9905 -0.0258783
178.146 -0.0173117 0.00150594 -12.0182 11.9923 -0.0258756
178.157 -0.0173117 0.00150645 -12.02 11.9941 -0.0258737
178.169 -0.0173116 0.00150668 -12.0217 11.9958 -0.0258712
178.18 -0.0173112 0.0015068 -12.0234 11.9975 -0.0258694
178.191 -0.0173111 0.0015073 -12.025 11.9992 -0.0258677
178.202 -0.0173102 0.00150719 -12.0267 12.0008 -0.0258652
178.213 -0.0173088 0.00150645 -12.0283 12.0024 -0.0258621
178.225 -0.017307 0.00150522 -12.0299 12.004 -0.0258594
178.236 -0.0173056 0.00150399 -12.0314 12.0056 -0.0258556
178.247 -0.0173037 0.00150336 -12.033 12.0071 -0.0258517
178.258 -0.0173016 0.00150277 -12.0346 12.0087 -0.0258475
178.27 -0.0172999 0.00150273 -12.0361 12.0103 -0.0258437
178.281 -0.0172987 0.00150369 -12.0376 12.0118 -0.0258402
178.292 -0.0172973 0.00150321 -12.0391 12.0133 -0.0258365
178.303 -0.017296 0.00150325 -12.0405 12.0147 -0.0258317
178.315 -0.0172944 0.00150271 -12.042 12.0161 -0.0258279
178.326 -0.0172922 0.00150209 -12.0434 12.0176 -0.0258235
178.337 -0.0172903 0.00150138 -12.0448 12.019 -0.0258188
178.348 -0.0172888 0.00150124 -12.0462 12.0203 -0.0258146
178.36 -0.0172875 0.001501 -12.0475 12.0217 -0.0258103
178.371 -0.0172866 0.00150048 -12.0488 12.023 -0.0258056
178.382 -0.0172852 0.00149911 -12.0501 12.0243 -0.0258011
178.393 -0.0172841 0.00149835 -12.0515 12.0257 -0.0257972
178.404 -0.0172831 0.00149743 -12.0527 12.0269 -0.0257928
178.416 -0.0172824 0.0014975 -12.054 12.0282 -0.0257892
178.427 -0.0172813 0.001497 -12.0552 12.0294 -0.0257859
178.438 -0.0172804 0.00149641 -12.0563 12.0305 -0.0257823
178.449 -0.0172793 0.00149534 -12.0574 12.0316 -0.0257785
178.461 -0.0172778 0.00149482 -12.0585 12.0328 -0.0257758
178.472 -0.0172765 0.00149521 -12.0596 12.0338 -0.0257736
178.483 -0.0172753 0.00149515 -12.0606 12.0349 -0.0257712
178.494 -0.017274 0.00149454 -12.0616 12.0359 -0.0257686
178.506 -0.0172732 0.00149586 -12.0626 12.0369 -0.0257661
178.517 -0.0172727 0.00149606 -12.0636 12.0378 -0.0257634
178.528 -0.0172717 0.00149675 -12.0645 12.0387 -0.0257608
178.539 -0.017271 0.0014966 -12.0653 12.0396 -0.0257578
178.551 -0.0172705 0.00149632 -12.0662 12.0405 -0.0257549
178.562 -0.0172699 0.0014952 -12.067 12.0413 -0.0257506
178.573 -0.0172697 0.0014944 -12.0679 12.0421 -0.025747
178.584 -0.0172693 0.00149351 -12.0687 12.043 -0.0257433
178.596 -0.0172686 0.00149245 -12.0695 12.0438 -0.02574
178.607 -0.0172677 0.00149244 -12.0703 12.0446 -0.0257361
178.618 -0.0172672 0.00149216 -12.0711 12.0454 -0.0257325
178.629 -0.0172668 0.00149074 -12.0719 12.0461 -0.0257284
178.64 -0.017266 0.00148994 -12.0726 12.0469 -0.0257232
178.652 -0.0172643 0.00148902 -12.0734 12.0477 -0.0257182
178.663 -0.0172627 0.00148875 -12.0742 12.0485 -0.0257129
178.674 -0.0172618 0.0014884 -12.075 12.0493 -0.0257077
178.685 -0.0172606 0.0014883 -12.0758 12.0501 -0.0257024
178.697 -0.0172593 0.00148813 -12.0766 12.0509 -0.0256974
178.708 -0.0172584 0.00148831 -12.0774 12.0517 -0.0256922
178.719 -0.0172578 0.00148815 -12.0782 12.0525 -0.0256875
178.73 -0.0172579 0.00148889 -12.0789 12.0533 -0.0256844
178.742 -0.0172571 0.00148824 -12.0797 12.054 -0.0256809
178.753 -0.0172565 0.00148814 -12.0804 12.0547 -0.0256775
178.764 -0.0172557 0.00148728 -12.0811 12.0554 -0.025674
178.775 -0.0172549 0.00148651 -12.0817 12.0561 -0.0256708
178.787 -0.0172549 0.00148572 -12.0824 12.0567 -0.0256673
178.798 -0.0172545 0.00148523 -12.0831 12.0574 -0.025664
178.809 -0.0172541 0.00148498 -12.0837 12.0581 -0.0256601
178.82 -0.0172529 0.00148497 -12.0844 12.0587 -0.0256563
178.831 -0.0172514 0.00148485 -12.085 12.0593 -0.0256519
178.843 -0.0172507 0.00148492 -12.0856 12.0599 -0.0256472
178.854 -0.0172499 0.00148461 -12.0862 12.0605 -0.0256432
178.865 -0.0172494 0.00148477 -12.0868 12.0611 -0.0256397
178.876 -0.0172493 0.00148583 -12.0873 12.0617 -0.0256375
178.888 -0.0172492 0.00148635 -12.0878 12.0622 -0.0256356
178.899 -0.0172483 0.00148621 -12.0883 12.0627 -0.0256337
178.91 -0.0172474 0.00148609 -12.0888 12.0632 -0.0256314
178.921 -0.0172473 0.00148518 -12.0893 12.0636 -0.025627
178.933 -0.0172472 0.00148421 -12.0897 12.0641 -0.0256222
178.944 -0.0172472 0.00148275 -12.0902 12.0646 -0.0256172
178.955 -0.0172471 0.00148076 -12.0907 12.0651 -0.0256124
178.966 -0.0172471 0.00147883 -12.0912 12.0656 -0.0256077
178.978 -0.017247 0.00147756 -12.0917 12.0661 -0.0256033
178.989 -0.0172462 0.00147705 -12.0922 12.0666 -0.0255992
179 -0.0172457 0.00147651 -12.0928 12.0672 -0.0255962
179.011 -0.0172455 0.00147634 -12.0933 12.0677 -0.0255932
179.022 -0.0172448 0.00147624 -12.0938 12.0682 -0.0255898
179.034 -0.0172443 0.00147626 -12.0943 12.0687 -0.0255867
179.045 -0.0172433 0.00147587 -12.0948 12.0692 -0.0255827
179.056 -0.0172427 0.00147522 -12.0953 12.0697 -0.0255792
179.067 -0.0172415 0.00147434 -12.0957 12.0702 -0.0255754
179.079 -0.0172408 0.0014738 -12.0962 12.0707 -0.0255705
179.09 -0.0172404 0.00147294 -12.0967 12.0712 -0.0255659
179.101 -0.0172403 0.00147192 -12.0973 12.0717 -0.0255619
179.112 -0.0172401 0.00147113 -12.0978 12.0722 -0.0255571
179.124 -0.0172396 0.00147058 -12.0983 12.0727 -0.0255526
179.135 -0.017239 0.00146961 -12.0988 12.0732 -0.0255486
179.146 -0.0172383 0.00146828 -12.0993 12.0737 -0.0255449
179.157 -0.0172376 0.00146695 -12.0998 12.0742 -0.0255415
179.169 -0.0172372 0.00146611 -12.1003 12.0747 -0.0255385
179.18 -0.0172375 0.00146619 -12.1007 12.0752 -0.0255368
179.191 -0.017237 0.00146603 -12.1012 12.0757 -0.0255351
179.202 -0.0172364 0.00146587 -12.1017 12.0761 -0.0255334
179.213 -0.017236 0.00146538 -12.1021 12.0766 -0.0255309
179.225 -0.0172356 0.00146413 -12.1025 12.077 -0.0255283
179.236 -0.0172347 0.00146303 -12.103 12.0774 -0.0255255
179.247 -0.0172342 0.00146242 -12.1034 12.0779 -0.0255222
179.258 -0.0172331 0.00146146 -12.1039 12.0783 -0.0255189
179.27 -0.0172315 0.0014604 -12.1043 12.0788 -0.0255158
179.281 -0.0172308 0.00145898 -12.1048 12.0793 -0.0255114
179.292 -0.0172298 0.00145753 -12.1053 12.0798 -0.0255069
179.303 -0.0172288 0.00145606 -12.1058 12.0803 -0.0255028
179.315 -0.0172279 0.0014556 -12.1064 12.0809 -0.0254987
179.326 -0.0172268 0.00145579 -12.1069 12.0814 -0.0254955
179.337 -0.0172255 0.00145543 -12.1075 12.082 -0.0254925
179.348 -0.0172242 0.001455 -12.1081 12.0826 -0.025489
179.36 -0.017223 0.00145489 -12.1086 12.0832 -0.0254857
179.371 -0.0172219 0.00145467 -12.1093 12.0838 -0.0254823
179.382 -0.0172211 0.00145499 -12.1099 12.0844 -0.0254796
179.393 -0.0172194 0.00145434 -12.1105 12.085 -0.0254771
179.404 -0.0172186 0.00145375 -12.1111 12.0856 -0.025474
179.416 -0.017218 0.00145269 -12.1117 12.0863 -0.0254701
179.427 -0.0172169 0.00145166 -12.1124 12.0869 -0.0254663
179.438 -0.0172171 0.00145072 -12.1131 12.0876 -0.0254625
179.449 -0.0172169 0.00145025 -12.1137 12.0883 -0.0254587
179.461 -0.0172163 0.00144959 -12.1144 12.089 -0.0254553
179.472 -0.0172156 0.00144903 -12.1152 12.0897 -0.0254521
179.483 -0.0172151 0.0014482 -12.1159 12.0905 -0.0254482
179.494 -0.0172145 0.00144757 -12.1167 12.0912 -0.0254437
179.506 -0.0172139 0.00144707 -12.1174 12.092 -0.0254403
179.517 -0.0172139 0.00144706 -12.1182 12.0928 -0.0254379
179.528 -0.0172144 0.00144715 -12.119 12.0935 -0.0254355
179.539 -0.0172153 0.00144682 -12.1198 12.0943 -0.0254337
179.551 -0.0172156 0.00144675 -12.1205 12.0951 -0.0254313
179.562 -0.0172153 0.00144627 -12.1213 12.0959 -0.025429
179.573 -0.0172144 0.00144566 -12.1221 12.0967 -0.025428
179.584 -0.0172135 0.00144514 -12.1229 12.0975 -0.0254265
179.596 -0.0172121 0.00144377 -12.1237 12.0983 -0.025425
179.607 -0.0172106 0.00144295 -12.1246 12.0991 -0.0254236
179.618 -0.0172089 0.00144239 -12.1254 12.1 -0.0254219
179.629 -0.0172074 0.00144188 -12.1262 12.1008 -0.02542
179.64 -0.0172071 0.00144003 -12.1271 12.1017 -0.0254168
179.652 -0.0172068 0.00143808 -12.128 12.1026 -0.025413
179.663 -0.0172061 0.00143629 -12.1289 12.1035 -0.0254096
179.674 -0.0172051 0.00143444 -12.1299 12.1045 -0.0254065
179.685 -0.0172043 0.00143396 -12.1309 12.1055 -0.0254036
179.697 -0.0172033 0.00143348 -12.1318 12.1064 -0.0254003
179.708 -0.0172025 0.00143303 -12.1328 12.1074 -0.0253971
179.719 -0.0172013 0.00143285 -12.1338 12.1084 -0.0253932
179.73 -0.0171997 0.00143197 -12.1349 12.1095 -0.0253897
179.742 -0.0171985 0.00143066 -12.136 12.1106 -0.0253865
179.753 -0.0171975 0.00142997 -12.1371 12.1117 -0.0253823
179.764 -0.0171962 0.0014291 -12.1382 12.1128 -0.0253779
179.775 -0.0171944 0.00142877 -12.1393 12.114 -0.0253741
179.787 -0.0171934 0.00142856 -12.1405 12.1152 -0.0253698
179.798 -0.0171924 0.00142768 -12.1417 12.1164 -0.0253667
179.809 -0.0171923 0.00142749 -12.1429 12.1176 -0.0253637
179.82 -0.017192 0.00142707 -12.1442 12.1188 -0.0253599
179.831 -0.0171925 0.00142691 -12.1455 12.1201 -0.0253561
179.843 -0.0171931 0.00142643 -12.1467 12.1214 -0.0253531
179.854 -0.017194 0.00142596 -12.1481 12.1227 -0.0253498
179.865 -0.0171945 0.00142581 -12.1494 12.124 -0.0253466
179.876 -0.0171952 0.00142559 -12.1507 12.1254 -0.0253438
179.888 -0.0171956 0.00142569 -12.1521 12.1267 -0.0253407
179.899 -0.0171959 0.00142542 -12.1534 12.1281 -0.0253376
179.91 -0.0171961 0.00142517 -12.1548 12.1295 -0.0253343
179.921 -0.0171962 0.0014246 -12.1562 12.1309 -0.0253305
179.933 -0.0171966 0.00142422 -12.1577 12.1324 -0.025328
179.944 -0.0171968 0.00142311 -12.1591 12.1338 -0.0253256
179.955 -0.017197 0.00142249 -12.1606 12.1353 -0.0253236
179.966 -0.0171972 0.00142097 -12.1621 12.1368 -0.0253207
179.978 -0.017197 0.00141932 -12.1636 12.1383 -0.0253186
179.989 -0.0171972 0.00141765 -12.1651 12.1398 -0.0253156
180 -0.0171972 0.00141606 -12.1666 12.1413 -0.0253131
180.011 -0.0171967 0.00141448 -12.1682 12.1429 -0.0253115
180.022 -0.0171961 0.00141361 -12.1698 12.1444 -0.0253092
180.034 -0.0171956 0.00141261 -12.1713 12.146 -0.0253074
180.045 -0.0171952 0.00141139 -12.1729 12.1476 -0.0253054
180.056 -0.0171942 0.00141032 -12.1745 12.1492 -0.0253033
180.067 -0.0171938 0.00140919 -12.1761 12.1508 -0.025301
180.079 -0.0171933 0.00140839 -12.1778 12.1525 -0.0252991
180.09 -0.0171928 0.00140757 -12.1794 12.1541 -0.0252965
180.101 -0.0171923 0.00140731 -12.181 12.1558 -0.0252939
180.112 -0.0171915 0.00140649 -12.1827 12.1574 -0.025291
180.124 -0.0171906 0.00140562 -12.1844 12.1591 -0.0252877
180.135 -0.0171893 0.00140489 -12.1861 12.1608 -0.0252857
180.146 -0.0171882 0.00140443 -12.1878 12.1625 -0.0252839
180.157 -0.017187 0.00140446 -12.1895 12.1642 -0.0252808
180.169 -0.017186 0.00140381 -12.1912 12.1659 -0.0252774
180.18 -0.017185 0.00140296 -12.193 12.1677 -0.0252745
180.191 -0.0171838 0.00140221 -12.1947 12.1694 -0.025271
180.202 -0.0171823 0.0014019 -12.1965 12.1712 -0.0252684
180.213 -0.0171812 0.00140132 -12.1982 12.173 -0.0252659
180.225 -0.0171803 0.00140115 -12.2 12.1747 -0.0252633
180.236 -0.0171786 0.00140046 -12.2018 12.1765 -0.0252605
180.247 -0.0171777 0.00140021 -12.2036 12.1783 -0.0252575
180.258 -0.0171772 0.00139963 -12.2054 12.1802 -0.0252545
180.27 -0.0171764 0.00139963 -12.2073 12.182 -0.0252515
180.281 -0.0171754 0.0014 -12.2091 12.1838 -0.025249
180.292 -0.0171743 0.00139976 -12.211 12.1857 -0.0252463
180.303 -0.0171728 0.00140048 -12.2128 12.1876 -0.0252441
180.315 -0.0171714 0.0014009 -12.2146 12.1894 -0.0252421
180.326 -0.0171701 0.00140136 -12.2165 12.1912 -0.0252399
180.337 -0.0171686 0.00140157 -12.2182 12.193 -0.0252376
180.348 -0.017167 0.00140201 -12.2201 12.1949 -0.0252353
180.36 -0.0171661 0.0014023 -12.2219 12.1967 -0.0252321
180.371 -0.0171654 0.00140243 -12.2238 12.1985 -0.025229
180.382 -0.0171643 0.00140243 -12.2257 12.2005 -0.0252261
180.393 -0.0171625 0.0014033 -12.2275 12.2023 -0.0252236
180.404 -0.0171613 0.00140385 -12.2294 12.2041 -0.0252208
180.416 -0.0171598 0.00140407 -12.2313 12.2061 -0.0252188
180.427 -0.0171581 0.00140471 -12.2331 12.2079 -0.0252165
180.438 -0.0171571 0.00140545 -12.2349 12.2097 -0.0252141
180.449 -0.0171557 0.00140567 -12.2368 12.2116 -0.0252123
180.461 -0.0171546 0.00140583 -12.2386 12.2134 -0.02521
180.472 -0.0171535 0.00140562 -12.2404 12.2151 -0.0252079
180.483 -0.0171524 0.00140576 -12.2422 12.217 -0.0252054
180.494 -0.0171511 0.00140677 -12.244 12.2188 -0.025202
180.506 -0.0171499 0.0014078 -12.2458 12.2206 -0.0251993
180.517 -0.0171486 0.00140919 -12.2476 12.2224 -0.0251968
180.528 -0.0171475 0.0014098 -12.2493 12.2242 -0.025194
180.539 -0.0171462 0.00141004 -12.2511 12.2259 -0.0251919
180.551 -0.0171448 0.00141031 -12.2529 12.2277 -0.0251899
180.562 -0.0171436 0.00141058 -12.2546 12.2294 -0.0251878
180.573 -0.0171417 0.00141112 -12.2564 12.2312 -0.0251861
180.584 -0.0171402 0.00141196 -12.2581 12.2329 -0.0251845
180.596 -0.017139 0.00141306 -12.2598 12.2346 -0.0251827
180.607 -0.0171376 0.00141403 -12.2615 12.2363 -0.0251808
180.618 -0.0171361 0.00141493 -12.2632 12.2381 -0.0251788
180.629 -0.0171343 0.00141585 -12.2649 12.2398 -0.0251769
180.64 -0.0171332 0.00141667 -12.2666 12.2414 -0.0251742
180.652 -0.0171318 0.00141732 -12.2683 12.2431 -0.0251718
180.663 -0.0171306 0.00141857 -12.2699 12.2448 -0.025169
180.674 -0.0171293 0.00141936 -12.2716 12.2464 -0.0251666
180.685 -0.0171277 0.00142019 -12.2732 12.248 -0.0251641
180.697 -0.0171262 0.00142107 -12.2748 12.2496 -0.0251609
180.708 -0.0171251 0.00142151 -12.2764 12.2512 -0.0251585
180.719 -0.0171236 0.00142231 -12.278 12.2528 -0.0251561
180.73 -0.0171226 0.00142235 -12.2795 12.2544 -0.0251536
180.742 -0.0171211 0.00142286 -12.2811 12.2559 -0.025152
180.753 -0.0171195 0.00142349 -12.2826 12.2575 -0.0251501
180.764 -0.0171182 0.00142466 -12.2841 12.259 -0.0251477
180.775 -0.0171172 0.00142558 -12.2856 12.2605 -0.0251457
180.787 -0.0171161 0.00142617 -12.2871 12.262 -0.0251436
180.798 -0.0171146 0.00142635 -12.2885 12.2634 -0.0251412
180.809 -0.0171128 0.00142692 -12.29 12.2648 -0.0251388
180.82 -0.0171112 0.00142728 -12.2914 12.2662 -0.0251371
180.831 -0.0171091 0.00142801 -12.2927 12.2676 -0.0251351
180.843 -0.0171069 0.00142887 -12.2941 12.2689 -0.0251329
180.854 -0.0171047 0.00142997 -12.2954 12.2703 -0.0251315
180.865 -0.0171028 0.00143136 -12.2967 12.2716 -0.0251291
180.876 -0.0171008 0.00143323 -12.298 12.2728 -0.0251269
180.888 -0.017099 0.00143399 -12.2992 12.2741 -0.0251255
180.899 -0.0170974 0.00143506 -12.3004 12.2753 -0.0251238
180.91 -0.0170961 0.00143652 -12.3016 12.2765 -0.0251228
180.921 -0.0170946 0.00143787 -12.3028 12.2777 -0.0251214
180.933 -0.017093 0.00143958 -12.3039 12.2788 -0.0251195
180.944 -0.0170912 0.00144079 -12.3051 12.2799 -0.0251182
180.955 -0.0170896 0.00144223 -12.3062 12.2811 -0.0251173
180.966 -0.0170883 0.00144378 -12.3072 12.2821 -0.0251158
180.978 -0.0170872 0.0014454 -12.3083 12.2832 -0.0251143
180.989 -0.017086 0.00144662 -12.3093 12.2842 -0.0251127
181 -0.0170851 0.00144724 -12.3103 12.2852 -0.0251113
181.011 -0.0170841 0.00144775 -12.3112 12.2861 -0.0251099
181.022 -0.0170826 0.00144894 -12.3122 12.2871 -0.0251088
181.034 -0.0170816 0.00144972 -12.3131 12.288 -0.0251076
181.045 -0.0170805 0.00145125 -12.314 12.2889 -0.0251064
181.056 -0.0170792 0.00145242 -12.3149 12.2898 -0.0251053
181.067 -0.0170783 0.00145351 -12.3157 12.2906 -0.0251038
181.079 -0.0170771 0.00145409 -12.3165 12.2914 -0.0251024
181.09 -0.0170761 0.0014552 -12.3173 12.2922 -0.0251015
181.101 -0.0170758 0.00145623 -12.3181 12.293 -0.0250997
181.112 -0.0170751 0.0014577 -12.3189 12.2938 -0.025098
181.124 -0.0170743 0.00145881 -12.3196 12.2945 -0.0250963
181.135 -0.017073 0.00145994 -12.3203 12.2952 -0.0250944
181.146 -0.0170714 0.00146184 -12.321 12.2959 -0.025093
181.157 -0.0170699 0.0014638 -12.3217 12.2966 -0.0250914
181.169 -0.0170684 0.00146546 -12.3223 12.2972 -0.0250901
181.18 -0.0170669 0.00146715 -12.3229 12.2978 -0.0250888
181.191 -0.0170658 0.00146921 -12.3235 12.2984 -0.0250879
181.202 -0.0170646 0.00147137 -12.3241 12.299 -0.0250868
181.213 -0.0170632 0.00147305 -12.3246 12.2995 -0.0250853
181.225 -0.0170619 0.00147473 -12.3252 12.3001 -0.0250841
181.236 -0.017061 0.00147601 -12.3257 12.3006 -0.025083
181.247 -0.01706 0.00147767 -12.3261 12.3011 -0.0250819
181.258 -0.0170588 0.00147866 -12.3266 12.3015 -0.0250816
181.27 -0.0170581 0.00148011 -12.327 12.302 -0.0250806
181.281 -0.0170572 0.00148126 -12.3275 12.3024 -0.0250793
181.292 -0.0170564 0.00148274 -12.3279 12.3028 -0.0250775
181.303 -0.0170554 0.00148411 -12.3282 12.3032 -0.0250753
181.315 -0.0170548 0.00148522 -12.3286 12.3035 -0.0250736
181.326 -0.0170539 0.00148637 -12.329 12.3039 -0.0250717
181.337 -0.0170528 0.00148768 -12.3293 12.3042 -0.0250688
181.348 -0.0170517 0.00148854 -12.3296 12.3045 -0.0250665
181.36 -0.0170505 0.00148965 -12.3299 12.3049 -0.0250646
181.371 -0.0170493 0.00149037 -12.3302 12.3051 -0.025062
181.382 -0.0170487 0.00149172 -12.3305 12.3054 -0.0250589
181.393 -0.017048 0.00149303 -12.3308 12.3057 -0.0250559
181.404 -0.0170477 0.00149401 -12.331 12.306 -0.0250529
181.416 -0.017047 0.0014948 -12.3313 12.3062 -0.0250496
181.427 -0.0170459 0.0014959 -12.3315 12.3064 -0.0250466
181.438 -0.017045 0.0014975 -12.3317 12.3067 -0.0250433
181.449 -0.0170438 0.00149868 -12.3319 12.3069 -0.0250409
181.461 -0.0170425 0.00150005 -12.3322 12.3071 -0.0250379
181.472 -0.0170416 0.00150195 -12.3324 12.3073 -0.0250351
181.483 -0.017041 0.00150351 -12.3326 12.3075 -0.025033
181.494 -0.0170405 0.00150504 -12.3327 12.3077 -0.0250313
181.506 -0.0170397 0.00150672 -12.3329 12.3078 -0.0250288
181.517 -0.017039 0.00150801 -12.333 12.3079 -0.0250265
181.528 -0.0170378 0.00150889 -12.3331 12.308 -0.0250245
181.539 -0.017037 0.00151015 -12.3331 12.3081 -0.0250216
181.551 -0.0170364 0.00151142 -12.3333 12.3082 -0.0250193
181.562 -0.0170358 0.00151272 -12.3333 12.3083 -0.0250171
181.573 -0.0170354 0.00151389 -12.3334 12.3084 -0.0250144
181.584 -0.0170353 0.00151534 -12.3335 12.3084 -0.0250113
181.596 -0.0170343 0.00151703 -12.3335 12.3085 -0.0250089
181.607 -0.0170338 0.00151863 -12.3335 12.3085 -0.025007
181.618 -0.0170332 0.00152019 -12.3336 12.3086 -0.0250049
181.629 -0.0170325 0.00152146 -12.3336 12.3086 -0.0250023
181.64 -0.0170324 0.00152264 -12.3336 12.3086 -0.0250003
181.652 -0.017032 0.0015234 -12.3336 12.3086 -0.024998
181.663 -0.0170318 0.00152483 -12.3336 12.3086 -0.0249957
181.674 -0.0170319 0.00152597 -12.3335 12.3085 -0.024993
181.685 -0.0170309 0.00152735 -12.3335 12.3085 -0.0249913
181.697 -0.0170298 0.0015284 -12.3335 12.3085 -0.0249893
181.708 -0.0170286 0.00152937 -12.3334 12.3084 -0.0249877
181.719 -0.0170273 0.00153052 -12.3333 12.3083 -0.0249851
181.73 -0.0170258 0.00153164 -12.3332 12.3082 -0.0249828
181.742 -0.0170245 0.00153234 -12.3331 12.3081 -0.0249802
181.753 -0.0170228 0.00153296 -12.333 12.308 -0.0249785
181.764 -0.0170209 0.00153374 -12.3329 12.3079 -0.0249767
181.775 -0.0170191 0.00153437 -12.3327 12.3078 -0.0249755
181.787 -0.0170179 0.00153509 -12.3326 12.3076 -0.0249742
181.798 -0.0170171 0.00153555 -12.3324 12.3075 -0.0249736
181.809 -0.0170167 0.0015362 -12.3322 12.3073 -0.0249721
181.82 -0.0170158 0.00153704 -12.3321 12.3071 -0.0249703
181.831 -0.0170145 0.00153746 -12.3319 12.3069 -0.0249689
181.843 -0.017014 0.00153866 -12.3317 12.3067 -0.0249668
181.854 -0.0170133 0.00153957 -12.3315 12.3065 -0.0249642
181.865 -0.0170125 0.00154075 -12.3313 12.3063 -0.024962
181.876 -0.0170114 0.00154163 -12.3311 12.3061 -0.0249597
181.888 -0.0170106 0.0015432 -12.3309 12.3059 -0.0249573
181.899 -0.0170093 0.00154384 -12.3307 12.3057 -0.0249554
181.91 -0.0170083 0.00154454 -12.3305 12.3056 -0.0249529
181.921 -0.0170075 0.00154515 -12.3303 12.3054 -0.0249505
181.933 -0.0170068 0.00154628 -12.3302 12.3052 -0.0249482
181.944 -0.0170067 0.00154687 -12.33 12.305 -0.0249454
181.955 -0.0170065 0.00154754 -12.3298 12.3049 -0.0249418
181.966 -0.017006 0.00154844 -12.3297 12.3047 -0.0249386
181.978 -0.017006 0.00154935 -12.3295 12.3046 -0.0249355
181.989 -0.0170054 0.00154965 -12.3294 12.3044 -0.0249325
182 -0.0170042 0.00155058 -12.3293 12.3043 -0.0249299
182.011 -0.0170039 0.00155159 -12.3291 12.3042 -0.0249267
182.022 -0.0170033 0.00155253 -12.329 12.3041 -0.0249243
182.034 -0.0170022 0.00155387 -12.329 12.304 -0.0249214
182.045 -0.0170017 0.00155493 -12.3289 12.304 -0.0249184
182.056 -0.0170012 0.00155648 -12.3289 12.3039 -0.024916
182.067 -0.0170012 0.00155818 -12.3289 12.3039 -0.0249135
182.079 -0.0170009 0.00155999 -12.3288 12.3039 -0.024911
182.09 -0.0169998 0.00156193 -12.3288 12.3039 -0.0249077
182.101 -0.0169991 0.00156363 -12.3289 12.304 -0.0249044
182.112 -0.0169989 0.00156512 -12.3289 12.304 -0.0249005
182.124 -0.0169984 0.00156624 -12.329 12.3041 -0.0248972
182.135 -0.0169976 0.00156708 -12.3291 12.3042 -0.024895
182.146 -0.0169971 0.00156735 -12.3292 12.3043 -0.0248928
182.157 -0.0169969 0.00156804 -12.3292 12.3043 -0.0248906
182.169 -0.0169961 0.0015691 -12.3293 12.3044 -0.0248891
182.18 -0.0169954 0.00156968 -12.3293 12.3045 -0.0248874
182.191 -0.0169948 0.00157007 -12.3294 12.3045 -0.024886
182.202 -0.016994 0.00157095 -12.3295 12.3046 -0.0248838
182.213 -0.0169933 0.00157201 -12.3295 12.3046 -0.0248815
182.225 -0.0169922 0.001573 -12.3296 12.3047 -0.0248789
182.236 -0.0169912 0.00157476 -12.3297 12.3048 -0.024876
182.247 -0.0169901 0.00157597 -12.3297 12.3048 -0.024873
182.258 -0.0169891 0.0015774 -12.3298 12.3049 -0.0248709
182.27 -0.0169886 0.00157876 -12.3299 12.305 -0.0248692
182.281 -0.0169881 0.00158062 -12.33 12.3051 -0.0248664
182.292 -0.0169876 0.00158212 -12.3301 12.3053 -0.0248639
182.303 -0.0169871 0.00158355 -12.3303 12.3054 -0.0248618
182.315 -0.0169862 0.00158484 -12.3304 12.3056 -0.024859
182.326 -0.0169856 0.00158622 -12.3306 12.3057 -0.0248562
182.337 -0.0169849 0.00158793 -12.3308 12.3059 -0.0248538
182.348 -0.0169843 0.00158971 -12.3309 12.306 -0.024851
182.36 -0.016984 0.00159127 -12.3311 12.3062 -0.0248484
182.371 -0.0169836 0.0015928 -12.3313 12.3064 -0.0248461
182.382 -0.0169834 0.00159397 -12.3314 12.3066 -0.0248432
182.393 -0.0169836 0.00159507 -12.3316 12.3068 -0.0248402
182.404 -0.0169835 0.00159647 -12.3319 12.307 -0.0248374
182.416 -0.0169832 0.00159774 -12.3321 12.3072 -0.0248344
182.427 -0.016983 0.00159893 -12.3323 12.3075 -0.0248315
182.438 -0.0169824 0.00160044 -12.3326 12.3078 -0.0248288
182.449 -0.0169816 0.00160168 -12.3329 12.3081 -0.0248255
182.461 -0.0169813 0.00160339 -12.3332 12.3084 -0.0248227
182.472 -0.0169806 0.00160502 -12.3336 12.3088 -0.0248198
182.483 -0.0169802 0.00160644 -12.3339 12.3091 -0.0248167
182.494 -0.0169794 0.00160847 -12.3344 12.3096 -0.0248138
182.506 -0.016978 0.0016099 -12.3348 12.31 -0.0248123
182.517 -0.0169776 0.00161123 -12.3352 12.3104 -0.0248098
182.528 -0.0169774 0.00161288 -12.3356 12.3108 -0.0248075
182.539 -0.0169775 0.00161463 -12.336 12.3112 -0.0248055
182.551 -0.0169767 0.00161646 -12.3364 12.3115 -0.0248032
182.562 -0.0169761 0.00161845 -12.3367 12.3119 -0.0248006
182.573 -0.0169751 0.00162075 -12.3372 12.3124 -0.0247978
182.584 -0.0169745 0.00162281 -12.3376 12.3128 -0.0247945
182.596 -0.0169737 0.00162511 -12.338 12.3132 -0.0247918
182.607 -0.0169731 0.00162741 -12.3384 12.3137 -0.0247892
182.618 -0.0169734 0.00162942 -12.3389 12.3141 -0.0247863
182.629 -0.0169735 0.00163116 -12.3393 12.3145 -0.0247831
182.64 -0.0169738 0.00163226 -12.3398 12.315 -0.0247799
182.652 -0.0169738 0.00163434 -12.3403 12.3155 -0.0247771
182.663 -0.0169738 0.00163667 -12.3408 12.316 -0.0247739
182.674 -0.0169743 0.0016385 -12.3413 12.3165 -0.0247714
182.685 -0.016975 0.00164042 -12.3418 12.317 -0.0247688
182.697 -0.0169747 0.00164233 -12.3423 12.3175 -0.0247664
182.708 -0.0169747 0.00164408 -12.3428 12.318 -0.0247639
182.719 -0.0169752 0.00164599 -12.3433 12.3186 -0.0247611
182.73 -0.0169757 0.00164723 -12.3439 12.3191 -0.0247586
182.742 -0.0169763 0.00164856 -12.3444 12.3197 -0.0247564
182.753 -0.0169761 0.00165077 -12.345 12.3203 -0.0247531
182.764 -0.0169756 0.00165241 -12.3456 12.3209 -0.0247508
182.775 -0.016975 0.00165443 -12.3462 12.3215 -0.024748
182.787 -0.0169745 0.00165613 -12.3469 12.3221 -0.0247451
182.798 -0.0169741 0.00165835 -12.3475 12.3228 -0.0247422
182.809 -0.0169728 0.00166068 -12.3483 12.3235 -0.0247405
182.82 -0.0169716 0.00166239 -12.3489 12.3242 -0.0247379
182.831 -0.0169706 0.00166512 -12.3497 12.3249 -0.0247359
182.843 -0.0169698 0.00166718 -12.3504 12.3257 -0.0247342
182.854 -0.0169694 0.0016688 -12.3511 12.3264 -0.0247322
182.865 -0.0169691 0.00167019 -12.3518 12.3271 -0.0247302
182.876 -0.0169694 0.00167181 -12.3525 12.3278 -0.0247286
182.888 -0.016969 0.0016735 -12.3532 12.3285 -0.024726
182.899 -0.0169691 0.00167513 -12.354 12.3292 -0.024724
182.91 -0.0169685 0.00167686 -12.3547 12.33 -0.0247222
182.921 -0.0169675 0.00167821 -12.3555 12.3307 -0.0247193
182.933 -0.0169673 0.00167965 -12.3562 12.3315 -0.0247174
182.944 -0.0169666 0.00168118 -12.357 12.3323 -0.0247149
182.955 -0.016966 0.00168264 -12.3578 12.3331 -0.0247118
182.966 -0.0169659 0.00168389 -12.3586 12.3339 -0.0247085
182.978 -0.0169661 0.00168554 -12.3594 12.3347 -0.024705
182.989 -0.0169668 0.00168684 -12.3603 12.3355 -0.024702
183 -0.0169671 0.00168848 -12.3611 12.3364 -0.0246994
183.011 -0.0169673 0.00169005 -12.362 12.3373 -0.0246967
183.022 -0.0169673 0.00169163 -12.3629 12.3382 -0.0246936
183.034 -0.0169672 0.00169368 -12.3638 12.3391 -0.0246904
183.045 -0.016967 0.00169553 -12.3647 12.34 -0.0246874
183.056 -0.016966 0.00169746 -12.3656 12.341 -0.0246853
183.067 -0.0169652 0.00169897 -12.3666 12.3419 -0.0246827
183.079 -0.016965 0.00170066 -12.3675 12.3429 -0.0246801
183.09 -0.0169648 0.00170255 -12.3685 12.3438 -0.0246776
183.101 -0.0169653 0.00170458 -12.3694 12.3448 -0.0246753
183.112 -0.0169651 0.00170778 -12.3704 12.3457 -0.0246735
183.124 -0.0169647 0.00171036 -12.3714 12.3467 -0.0246715
183.135 -0.0169643 0.00171253 -12.3724 12.3477 -0.0246696
183.146 -0.0169636 0.00171511 -12.3734 12.3487 -0.0246676
183.157 -0.0169624 0.00171762 -12.3744 12.3497 -0.0246651
183.169 -0.0169611 0.0017197 -12.3754 12.3508 -0.0246639
183.18 -0.0169594 0.0017216 -12.3765 12.3518 -0.0246625
183.191 -0.0169576 0.00172342 -12.3775 12.3528 -0.0246604
183.202 -0.0169557 0.0017255 -12.3785 12.3539 -0.0246576
183.213 -0.0169551 0.00172814 -12.3796 12.355 -0.0246548
183.225 -0.0169544 0.00173048 -12.3807 12.3561 -0.0246524
183.236 -0.0169537 0.00173238 -12.3818 12.3572 -0.0246501
183.247 -0.0169528 0.00173417 -12.3829 12.3583 -0.024648
183.258 -0.0169525 0.00173643 -12.3841 12.3594 -0.0246448
183.27 -0.0169525 0.00173881 -12.3852 12.3606 -0.0246417
183.281 -0.0169526 0.00174078 -12.3864 12.3618 -0.024639
183.292 -0.0169527 0.00174258 -12.3876 12.3629 -0.0246359
183.303 -0.0169528 0.00174456 -12.3888 12.3642 -0.0246332
183.315 -0.0169532 0.00174639 -12.39 12.3654 -0.0246314
183.326 -0.0169533 0.00174785 -12.3913 12.3666 -0.0246289
183.337 -0.0169531 0.00174941 -12.3925 12.3679 -0.0246263
183.348 -0.0169521 0.00175116 -12.3938 12.3692 -0.0246244
183.36 -0.0169511 0.00175348 -12.3951 12.3704 -0.024622
183.371 -0.0169501 0.00175552 -12.3964 12.3718 -0.02462
183.382 -0.0169489 0.00175752 -12.3977 12.3731 -0.024618
183.393 -0.0169478 0.00175891 -12.3991 12.3745 -0.024617
183.404 -0.0169471 0.00176085 -12.4004 12.3758 -0.0246147
183.416 -0.0169462 0.00176269 -12.4018 12.3772 -0.0246135
183.427 -0.0169453 0.00176437 -12.4032 12.3786 -0.0246118
183.438 -0.0169451 0.00176637 -12.4046 12.38 -0.0246101
183.449 -0.0169452 0.00176876 -12.4061 12.3815 -0.0246085
183.461 -0.0169448 0.00177159 -12.4075 12.3829 -0.0246057
183.472 -0.0169446 0.00177419 -12.409 12.3844 -0.0246031
183.483 -0.0169443 0.00177689 -12.4106 12.386 -0.0246016
183.494 -0.0169433 0.0017795 -12.4121 12.3875 -0.0245993
183.506 -0.0169422 0.0017826 -12.4136 12.389 -0.0245971
183.517 -0.0169413 0.00178523 -12.4152 12.3906 -0.0245956
183.528 -0.0169403 0.0017877 -12.4168 12.3922 -0.0245925
183.539 -0.0169387 0.00179061 -12.4184 12.3938 -0.0245906
183.551 -0.0169378 0.00179332 -12.42 12.3954 -0.0245886
183.562 -0.0169372 0.00179591 -12.4216 12.397 -0.0245861
183.573 -0.0169361 0.0017981 -12.4233 12.3987 -0.0245837
183.584 -0.0169358 0.00180045 -12.4249 12.4003 -0.0245814
183.596 -0.0169361 0.00180295 -12.4266 12.402 -0.024579
183.607 -0.0169369 0.00180484 -12.4282 12.4036 -0.0245765
183.618 -0.0169378 0.00180638 -12.4299 12.4054 -0.0245742
183.629 -0.0169387 0.00180797 -12.4316 12.4071 -0.0245715
183.64 -0.0169395 0.00180998 -12.4334 12.4088 -0.0245688
183.652 -0.0169403 0.00181225 -12.4352 12.4106 -0.0245665
183.663 -0.0169412 0.00181458 -12.4369 12.4124 -0.0245642
183.674 -0.0169417 0.00181757 -12.4387 12.4142 -0.0245616
183.685 -0.0169412 0.00182037 -12.4405 12.416 -0.0245586
183.697 -0.0169405 0.00182337 -12.4423 12.4178 -0.0245554
183.708 -0.0169393 0.00182627 -12.4442 12.4197 -0.0245524
183.719 -0.0169385 0.00182897 -12.4461 12.4215 -0.02455
183.73 -0.0169376 0.00183089 -12.448 12.4234 -0.0245476
183.742 -0.0169365 0.00183339 -12.4499 12.4253 -0.0245455
183.753 -0.0169356 0.00183568 -12.4518 12.4272 -0.0245436
183.764 -0.0169345 0.00183876 -12.4537 12.4291 -0.0245404
183.775 -0.0169334 0.00184098 -12.4556 12.4311 -0.0245386
183.787 -0.0169323 0.00184376 -12.4576 12.433 -0.0245365
183.798 -0.0169314 0.00184611 -12.4595 12.435 -0.0245341
183.809 -0.0169305 0.001848 -12.4615 12.437 -0.0245329
183.82 -0.0169301 0.00185029 -12.4635 12.4389 -0.0245319
183.831 -0.0169299 0.00185261 -12.4654 12.4409 -0.0245308
183.843 -0.0169297 0.00185492 -12.4674 12.4429 -0.024529
183.854 -0.0169291 0.00185789 -12.4694 12.4449 -0.0245272
183.865 -0.0169282 0.00186005 -12.4714 12.4469 -0.024525
183.876 -0.0169273 0.00186286 -12.4734 12.4489 -0.0245219
183.888 -0.0169267 0.00186493 -12.4755 12.451 -0.0245203
183.899 -0.0169254 0.00186733 -12.4775 12.453 -0.0245179
183.91 -0.0169243 0.00186915 -12.4796 12.4551 -0.0245155
183.921 -0.0169233 0.00187116 -12.4816 12.4571 -0.0245131
183.933 -0.0169229 0.00187362 -12.4837 12.4592 -0.0245103
183.944 -0.0169228 0.00187562 -12.4858 12.4613 -0.0245072
183.955 -0.0169232 0.00187752 -12.4879 12.4634 -0.0245046
183.966 -0.0169235 0.00187941 -12.49 12.4655 -0.0245024
183.978 -0.0169237 0.00188155 -12.4921 12.4676 -0.0245001
183.989 -0.0169242 0.00188449 -12.4943 12.4698 -0.0244976
184 -0.016925 0.00188663 -12.4964 12.4719 -0.0244947
184.011 -0.0169252 0.00188821 -12.4986 12.4741 -0.0244917
184.022 -0.016925 0.00189044 -12.5008 12.4763 -0.0244893
184.034 -0.0169247 0.00189264 -12.5029 12.4785 -0.0244863
184.045 -0.0169241 0.00189486 -12.5051 12.4807 -0.0244838
184.056 -0.0169236 0.00189681 -12.5073 12.4829 -0.0244808
184.067 -0.0169223 0.00189969 -12.5095 12.4851 -0.0244774
184.079 -0.0169215 0.00190233 -12.5117 12.4873 -0.0244749
184.09 -0.016921 0.00190426 -12.514 12.4895 -0.024473
184.101 -0.0169213 0.00190633 -12.5162 12.4917 -0.0244709
184.112 -0.0169208 0.00190893 -12.5184 12.4939 -0.0244696
184.124 -0.0169207 0.00191187 -12.5206 12.4962 -0.0244678
184.135 -0.016921 0.001915 -12.5229 12.4984 -0.0244659
184.146 -0.0169209 0.00191818 -12.5251 12.5006 -0.0244636
184.157 -0.0169208 0.00192116 -12.5273 12.5029 -0.0244611
184.169 -0.0169207 0.00192414 -12.5296 12.5051 -0.0244577
184.18 -0.0169207 0.00192718 -12.5318 12.5073 -0.0244543
184.191 -0.0169207 0.00192992 -12.5341 12.5096 -0.024451
184.202 -0.0169208 0.00193237 -12.5363 12.5119 -0.0244472
184.213 -0.0169208 0.00193485 -12.5386 12.5142 -0.0244432
184.225 -0.0169201 0.00193786 -12.5409 12.5165 -0.0244393
184.236 -0.0169198 0.00194089 -12.5432 12.5188 -0.0244359
184.247 -0.0169192 0.00194368 -12.5456 12.5212 -0.0244327
184.258 -0.0169189 0.00194652 -12.548 12.5235 -0.0244301
184.27 -0.0169186 0.00194885 -12.5503 12.5259 -0.0244263
184.281 -0.0169181 0.00195058 -12.5527 12.5282 -0.0244224
184.292 -0.0169173 0.00195285 -12.5551 12.5306 -0.0244188
184.303 -0.0169166 0.0019554 -12.5574 12.533 -0.0244148
184.315 -0.0169165 0.00195855 -12.5598 12.5354 -0.0244112
184.326 -0.016916 0.00196161 -12.5623 12.5379 -0.0244075
184.337 -0.0169156 0.00196351 -12.5647 12.5403 -0.024404
184.348 -0.0169141 0.00196578 -12.5671 12.5427 -0.0244001
184.36 -0.0169125 0.00196765 -12.5695 12.5451 -0.0243965
184.371 -0.016911 0.0019695 -12.5719 12.5475 -0.0243928
184.382 -0.0169096 0.00197153 -12.5744 12.55 -0.0243886
184.393 -0.0169079 0.0019739 -12.5768 12.5524 -0.0243848
184.404 -0.016906 0.00197652 -12.5792 12.5548 -0.0243801
184.416 -0.0169043 0.00197901 -12.5816 12.5573 -0.0243758
184.427 -0.0169029 0.00198139 -12.5841 12.5597 -0.0243721
184.438 -0.0169011 0.00198381 -12.5865 12.5622 -0.0243682
184.449 -0.0168993 0.00198585 -12.589 12.5646 -0.0243647
184.461 -0.0168971 0.00198867 -12.5914 12.5671 -0.0243605
184.472 -0.0168947 0.00199117 -12.5939 12.5695 -0.0243565
184.483 -0.0168924 0.00199372 -12.5963 12.5719 -0.0243527
184.494 -0.0168905 0.001996 -12.5988 12.5744 -0.0243498
184.506 -0.0168889 0.00199834 -12.6012 12.5768 -0.0243459
184.517 -0.0168876 0.00200046 -12.6036 12.5793 -0.0243422
184.528 -0.0168862 0.00200283 -12.6061 12.5818 -0.0243385
184.539 -0.0168858 0.00200506 -12.6086 12.5842 -0.0243349
184.551 -0.0168855 0.00200693 -12.611 12.5867 -0.0243311
184.562 -0.0168851 0.00200894 -12.6135 12.5891 -0.0243278
184.573 -0.0168842 0.00201129 -12.616 12.5916 -0.0243237
184.584 -0.0168833 0.0020145 -12.6184 12.5941 -0.0243194
184.596 -0.0168823 0.00201745 -12.6209 12.5966 -0.0243157
184.607 -0.0168813 0.0020202 -12.6234 12.5991 -0.0243112
184.618 -0.0168799 0.00202297 -12.6259 12.6016 -0.0243073
184.629 -0.0168781 0.00202621 -12.6284 12.6041 -0.0243035
184.64 -0.0168765 0.00202912 -12.6309 12.6066 -0.0242998
184.652 -0.016875 0.00203241 -12.6334 12.6091 -0.0242957
184.663 -0.0168737 0.00203515 -12.6359 12.6116 -0.0242924
184.674 -0.0168723 0.00203845 -12.6384 12.6141 -0.0242881
184.685 -0.0168701 0.00204172 -12.6409 12.6166 -0.0242834
184.697 -0.016869 0.00204491 -12.6434 12.6191 -0.0242787
184.708 -0.0168683 0.00204868 -12.6459 12.6216 -0.0242743
184.719 -0.0168674 0.00205211 -12.6484 12.6241 -0.0242702
184.73 -0.0168663 0.00205571 -12.6508 12.6266 -0.0242661
184.742 -0.0168645 0.00205902 -12.6533 12.629 -0.0242612
184.753 -0.016863 0.00206281 -12.6557 12.6315 -0.0242569
184.764 -0.0168616 0.00206691 -12.6582 12.6339 -0.0242524
184.775 -0.0168597 0.00207049 -12.6606 12.6364 -0.0242464
184.787 -0.0168573 0.00207426 -12.6631 12.6389 -0.0242411
184.798 -0.0168555 0.00207835 -12.6656 12.6413 -0.0242358
184.809 -0.0168532 0.00208261 -12.668 12.6438 -0.0242304
184.82 -0.0168512 0.00208655 -12.6705 12.6462 -0.0242246
184.831 -0.01685 0.00208988 -12.6729 12.6487 -0.0242198
184.843 -0.016849 0.00209329 -12.6754 12.6512 -0.0242136
184.854 -0.0168478 0.00209685 -12.6779 12.6536 -0.0242074
184.865 -0.0168468 0.00210054 -12.6803 12.6561 -0.0242024
184.876 -0.0168459 0.00210333 -12.6828 12.6586 -0.0241973
184.888 -0.0168448 0.00210588 -12.6853 12.6611 -0.0241927
184.899 -0.0168438 0.00210808 -12.6879 12.6637 -0.0241886
184.91 -0.0168432 0.00211012 -12.6904 12.6662 -0.024184
184.921 -0.0168422 0.00211285 -12.6929 12.6687 -0.0241786
184.933 -0.0168417 0.00211506 -12.6954 12.6712 -0.0241741
184.944 -0.0168411 0.00211714 -12.6979 12.6737 -0.0241692
184.955 -0.0168406 0.00211935 -12.7004 12.6762 -0.0241644
184.966 -0.0168404 0.00212209 -12.7028 12.6787 -0.0241605
184.978 -0.0168396 0.00212518 -12.7053 12.6811 -0.0241549
184.989 -0.0168387 0.00212732 -12.7078 12.6836 -0.0241506
185 -0.0168383 0.00212915 -12.7102 12.6861 -0.0241468
185.011 -0.0168372 0.00213168 -12.7126 12.6885 -0.0241421
185.022 -0.016836 0.00213446 -12.715 12.6909 -0.0241378
185.034 -0.0168348 0.00213748 -12.7174 12.6933 -0.0241334
185.045 -0.0168337 0.00214047 -12.7198 12.6957 -0.0241282
185.056 -0.0168326 0.00214319 -12.7222 12.6981 -0.0241223
185.067 -0.0168311 0.00214623 -12.7246 12.7005 -0.0241167
185.079 -0.0168298 0.00214904 -12.727 12.7029 -0.0241106
185.09 -0.0168281 0.00215178 -12.7294 12.7053 -0.024106
185.101 -0.0168269 0.00215431 -12.7317 12.7076 -0.024102
185.112 -0.0168259 0.00215695 -12.734 12.71 -0.0240976
185.124 -0.0168246 0.00216009 -12.7363 12.7123 -0.0240933
185.135 -0.0168236 0.00216319 -12.7386 12.7146 -0.0240889
185.146 -0.016822 0.00216608 -12.7409 12.7168 -0.0240844
185.157 -0.0168201 0.00216899 -12.7432 12.7191 -0.0240794
185.169 -0.0168185 0.00217151 -12.7454 12.7213 -0.0240741
185.18 -0.0168175 0.00217417 -12.7476 12.7236 -0.0240685
185.191 -0.0168161 0.00217639 -12.7499 12.7258 -0.0240635
185.202 -0.0168145 0.00217844 -12.7521 12.728 -0.0240591
185.213 -0.0168127 0.00218051 -12.7542 12.7302 -0.0240545
185.225 -0.0168115 0.00218242 -12.7564 12.7324 -0.0240497
185.236 -0.0168104 0.00218459 -12.7586 12.7345 -0.0240446
185.247 -0.0168086 0.00218693 -12.7607 12.7367 -0.0240391
185.258 -0.0168069 0.00218948 -12.7628 12.7388 -0.0240335
185.27 -0.0168053 0.00219081 -12.7649 12.7409 -0.0240292
185.281 -0.0168038 0.00219229 -12.767 12.743 -0.0240243
185.292 -0.0168028 0.00219385 -12.7691 12.7451 -0.0240192
185.303 -0.0168016 0.00219582 -12.7712 12.7472 -0.0240141
185.315 -0.0168002 0.002198 -12.7732 12.7492 -0.0240087
185.326 -0.0167981 0.0021998 -12.7752 12.7512 -0.0240037
185.337 -0.0167961 0.002201 -12.7773 12.7533 -0.0239991
185.348 -0.0167941 0.00220288 -12.7793 12.7553 -0.0239944
185.36 -0.0167923 0.00220476 -12.7813 12.7573 -0.0239898
185.371 -0.0167912 0.00220725 -12.7833 12.7593 -0.0239856
185.382 -0.0167893 0.00220864 -12.7853 12.7613 -0.0239815
185.393 -0.0167872 0.00221137 -12.7872 12.7633 -0.0239765
185.404 -0.016786 0.00221397 -12.7892 12.7652 -0.0239718
185.416 -0.0167848 0.00221621 -12.7912 12.7672 -0.0239666
185.427 -0.0167831 0.00221876 -12.7931 12.7691 -0.0239616
185.438 -0.0167814 0.00222173 -12.795 12.7711 -0.0239567
185.449 -0.0167803 0.00222387 -12.797 12.773 -0.023951
185.461 -0.0167793 0.00222563 -12.7989 12.7749 -0.0239452
185.472 -0.0167781 0.00222792 -12.8008 12.7769 -0.0239405
185.483 -0.0167769 0.00222959 -12.8027 12.7788 -0.0239348
185.494 -0.0167754 0.00223149 -12.8046 12.7807 -0.0239297
185.506 -0.0167741 0.00223327 -12.8065 12.7826 -0.0239251
185.517 -0.0167729 0.00223537 -12.8084 12.7845 -0.0239209
185.528 -0.0167717 0.00223705 -12.8103 12.7864 -0.0239171
185.539 -0.0167703 0.00223866 -12.8121 12.7882 -0.0239134
185.551 -0.0167684 0.00224122 -12.8139 12.79 -0.0239086
185.562 -0.0167665 0.00224374 -12.8157 12.7918 -0.023904
185.573 -0.0167647 0.00224574 -12.8175 12.7936 -0.0238996
185.584 -0.0167628 0.00224768 -12.8193 12.7954 -0.0238943
185.596 -0.0167605 0.00224954 -12.8211 12.7972 -0.0238894
185.607 -0.0167578 0.00225139 -12.8228 12.7989 -0.0238851
185.618 -0.0167555 0.0022534 -12.8246 12.8007 -0.023881
185.629 -0.0167531 0.00225478 -12.8263 12.8024 -0.0238765
185.64 -0.016751 0.0022563 -12.828 12.8041 -0.0238726
185.652 -0.016749 0.00225831 -12.8297 12.8059 -0.0238684
185.663 -0.0167471 0.0022599 -12.8314 12.8076 -0.0238648
185.674 -0.0167453 0.00226117 -12.8331 12.8092 -0.023861
185.685 -0.0167436 0.00226229 -12.8347 12.8109 -0.0238575
185.697 -0.0167414 0.00226421 -12.8364 12.8125 -0.0238535
185.708 -0.0167396 0.00226565 -12.838 12.8141 -0.02385
185.719 -0.0167376 0.00226795 -12.8396 12.8157 -0.0238453
185.73 -0.0167354 0.00226934 -12.8412 12.8173 -0.0238401
185.742 -0.0167329 0.00227139 -12.8428 12.8189 -0.023835
185.753 -0.0167309 0.00227297 -12.8443 12.8205 -0.0238302
185.764 -0.0167283 0.00227477 -12.8459 12.8221 -0.0238258
185.775 -0.0167252 0.00227685 -12.8474 12.8236 -0.0238215
185.787 -0.0167225 0.00227827 -12.8489 12.8251 -0.0238173
185.798 -0.0167201 0.00228004 -12.8505 12.8266 -0.0238128
185.809 -0.0167178 0.00228246 -12.8519 12.8281 -0.0238084
185.82 -0.016716 0.00228451 -12.8534 12.8295 -0.0238041
185.831 -0.0167138 0.00228712 -12.8548 12.831 -0.0238002
185.843 -0.0167119 0.00228936 -12.8562 12.8324 -0.0237965
185.854 -0.01671 0.00229188 -12.8575 12.8337 -0.0237926
185.865 -0.016708 0.00229389 -12.8588 12.835 -0.0237892
185.876 -0.0167063 0.00229622 -12.8601 12.8363 -0.0237859
185.888 -0.0167047 0.00229826 -12.8614 12.8376 -0.0237817
185.899 -0.0167033 0.00230035 -12.8626 12.8388 -0.0237785
185.91 -0.0167022 0.00230256 -12.8638 12.8401 -0.0237755
185.921 -0.0167008 0.00230452 -12.865 12.8412 -0.0237709
185.933 -0.0166994 0.00230641 -12.8662 12.8424 -0.0237669
185.944 -0.0166977 0.00230863 -12.8674 12.8436 -0.0237625
185.955 -0.0166961 0.00231084 -12.8685 12.8447 -0.0237576
185.966 -0.0166941 0.00231292 -12.8696 12.8459 -0.0237526
185.978 -0.0166922 0.00231481 -12.8707 12.847 -0.0237475
185.989 -0.0166904 0.0023166 -12.8718 12.8481 -0.0237419
186 -0.016689 0.0023182 -12.8729 12.8491 -0.0237365
186.011 -0.0166872 0.00231986 -12.8739 12.8502 -0.0237316
186.022 -0.0166852 0.00232133 -12.8749 12.8512 -0.0237262
186.034 -0.0166834 0.00232297 -12.8759 12.8522 -0.0237211
186.045 -0.016681 0.00232431 -12.8769 12.8532 -0.0237165
186.056 -0.0166793 0.00232571 -12.8779 12.8541 -0.0237122
186.067 -0.0166774 0.00232677 -12.8788 12.8551 -0.0237081
186.079 -0.016675 0.00232814 -12.8797 12.856 -0.0237051
186.09 -0.0166733 0.00232898 -12.8805 12.8568 -0.0237005
186.101 -0.0166711 0.00232967 -12.8814 12.8577 -0.0236966
186.112 -0.0166694 0.0023301 -12.8822 12.8585 -0.0236924
186.124 -0.0166679 0.0023306 -12.883 12.8593 -0.023687
186.135 -0.0166669 0.00233143 -12.8837 12.8601 -0.0236816
186.146 -0.0166658 0.00233174 -12.8845 12.8608 -0.0236762
186.157 -0.016665 0.00233179 -12.8853 12.8616 -0.0236706
186.169 -0.0166646 0.00233156 -12.886 12.8623 -0.0236654
186.18 -0.0166638 0.00233128 -12.8867 12.8631 -0.0236602
186.191 -0.0166631 0.00233117 -12.8874 12.8638 -0.0236554
186.202 -0.0166622 0.0023306 -12.8881 12.8645 -0.0236511
186.213 -0.0166607 0.00233042 -12.8888 12.8651 -0.023647
186.225 -0.0166592 0.00232994 -12.8894 12.8658 -0.0236422
186.236 -0.0166577 0.00233032 -12.89 12.8664 -0.0236371
186.247 -0.0166561 0.00233082 -12.8906 12.867 -0.023633
186.258 -0.0166542 0.00233173 -12.8911 12.8675 -0.0236276
186.27 -0.0166518 0.00233191 -12.8917 12.8681 -0.0236228
186.281 -0.0166494 0.00233221 -12.8922 12.8686 -0.0236189
186.292 -0.0166474 0.0023319 -12.8927 12.8691 -0.0236147
186.303 -0.0166452 0.00233248 -12.8931 12.8695 -0.0236098
186.315 -0.0166433 0.00233291 -12.8936 12.87 -0.0236062
186.326 -0.0166415 0.00233334 -12.894 12.8704 -0.0236012
186.337 -0.0166399 0.00233356 -12.8944 12.8708 -0.0235969
186.348 -0.0166382 0.00233498 -12.8948 12.8712 -0.0235919
186.36 -0.0166371 0.00233579 -12.8951 12.8715 -0.0235875
186.371 -0.0166368 0.00233643 -12.8954 12.8718 -0.0235832
186.382 -0.0166353 0.00233739 -12.8957 12.8721 -0.0235792
186.393 -0.0166337 0.00233826 -12.8959 12.8723 -0.0235752
186.404 -0.0166327 0.00233882 -12.8961 12.8725 -0.0235715
186.416 -0.0166317 0.00233958 -12.8963 12.8727 -0.0235677
186.427 -0.0166312 0.0023409 -12.8964 12.8728 -0.0235639
186.438 -0.0166305 0.00234256 -12.8965 12.8729 -0.0235602
186.449 -0.016629 0.00234393 -12.8966 12.873 -0.0235561
186.461 -0.0166282 0.00234538 -12.8966 12.8731 -0.0235519
186.472 -0.0166271 0.00234654 -12.8967 12.8731 -0.0235472
186.483 -0.0166261 0.00234766 -12.8967 12.8731 -0.0235423
186.494 -0.016625 0.00234893 -12.8967 12.8732 -0.0235377
186.506 -0.0166235 0.00234992 -12.8967 12.8732 -0.0235333
186.517 -0.0166224 0.00235046 -12.8967 12.8732 -0.0235284
186.528 -0.016621 0.00235128 -12.8967 12.8731 -0.0235236
186.539 -0.0166196 0.00235176 -12.8966 12.8731 -0.0235187
186.551 -0.0166183 0.00235241 -12.8965 12.873 -0.0235146
186.562 -0.0166175 0.0023532 -12.8964 12.8729 -0.0235101
186.573 -0.016616 0.0023538 -12.8962 12.8727 -0.0235059
186.584 -0.0166147 0.00235358 -12.8961 12.8726 -0.0235023
186.596 -0.0166134 0.00235358 -12.8958 12.8723 -0.0234984
186.607 -0.0166119 0.00235314 -12.8956 12.8721 -0.023494
186.618 -0.0166108 0.00235295 -12.8953 12.8718 -0.0234909
186.629 -0.0166098 0.00235295 -12.895 12.8715 -0.0234875
186.64 -0.0166086 0.00235309 -12.8946 12.8711 -0.0234837
186.652 -0.0166072 0.00235316 -12.8942 12.8707 -0.0234814
186.663 -0.0166054 0.00235344 -12.8938 12.8703 -0.0234779
186.674 -0.0166038 0.00235357 -12.8933 12.8698 -0.0234752
186.685 -0.0166021 0.00235422 -12.8928 12.8693 -0.0234727
186.697 -0.0165999 0.00235464 -12.8923 12.8688 -0.0234694
186.708 -0.0165969 0.0023554 -12.8917 12.8682 -0.0234653
186.719 -0.0165944 0.00235608 -12.8911 12.8676 -0.0234617
186.73 -0.0165922 0.00235569 -12.8905 12.867 -0.0234576
186.742 -0.0165903 0.00235579 -12.8898 12.8664 -0.0234527
186.753 -0.016589 0.00235653 -12.8892 12.8657 -0.0234483
186.764 -0.0165874 0.00235739 -12.8885 12.8651 -0.0234437
186.775 -0.0165859 0.00235785 -12.8878 12.8644 -0.0234392
186.787 -0.0165848 0.00235898 -12.8871 12.8636 -0.023435
186.798 -0.016584 0.00235995 -12.8863 12.8629 -0.0234306
186.809 -0.0165833 0.00236094 -12.8855 12.8621 -0.0234267
186.82 -0.0165824 0.0023617 -12.8847 12.8613 -0.023423
186.831 -0.0165819 0.0023627 -12.8838 12.8604 -0.023419
186.843 -0.0165809 0.00236379 -12.8829 12.8595 -0.0234148
186.854 -0.0165795 0.00236454 -12.882 12.8586 -0.0234103
186.865 -0.0165783 0.00236514 -12.8811 12.8577 -0.0234064
186.876 -0.0165769 0.00236621 -12.8801 12.8567 -0.0234027
186.888 -0.0165759 0.00236689 -12.8791 12.8557 -0.023399
186.899 -0.0165743 0.00236743 -12.8781 12.8547 -0.0233946
186.91 -0.0165723 0.00236727 -12.8771 12.8537 -0.0233899
186.921 -0.0165706 0.00236742 -12.876 12.8527 -0.0233861
186.933 -0.0165689 0.00236739 -12.875 12.8516 -0.0233816
186.944 -0.0165668 0.00236753 -12.8739 12.8505 -0.0233773
186.955 -0.0165647 0.0023679 -12.8728 12.8494 -0.0233735
186.966 -0.016563 0.0023676 -12.8716 12.8483 -0.0233695
186.978 -0.0165606 0.00236799 -12.8705 12.8471 -0.023366
186.989 -0.0165587 0.00236823 -12.8693 12.8459 -0.0233641
187 -0.016557 0.00236903 -12.868 12.8447 -0.0233617
187.011 -0.0165549 0.00236926 -12.8667 12.8433 -0.0233587
187.022 -0.0165526 0.0023691 -12.8654 12.842 -0.0233561
187.034 -0.0165509 0.00236949 -12.864 12.8406 -0.0233532
187.045 -0.0165488 0.00236963 -12.8626 12.8392 -0.0233502
187.056 -0.0165473 0.00236941 -12.8611 12.8378 -0.0233462
187.067 -0.0165453 0.00236933 -12.8597 12.8364 -0.0233414
187.079 -0.0165436 0.00236927 -12.8582 12.8349 -0.0233366
187.09 -0.0165419 0.00236875 -12.8568 12.8334 -0.0233324
187.101 -0.0165395 0.00236844 -12.8553 12.832 -0.023328
187.112 -0.016538 0.00236881 -12.8538 12.8305 -0.0233239
187.124 -0.0165372 0.00236971 -12.8523 12.829 -0.0233206
187.135 -0.016537 0.00237033 -12.8508 12.8274 -0.0233168
187.146 -0.0165371 0.00237128 -12.8492 12.8259 -0.023313
187.157 -0.016536 0.00237223 -12.8476 12.8243 -0.0233095
187.169 -0.0165356 0.00237358 -12.846 12.8227 -0.0233062
187.18 -0.0165352 0.0023743 -12.8443 12.821 -0.0233037
187.191 -0.0165343 0.00237467 -12.8426 12.8193 -0.0233007
187.202 -0.0165331 0.00237532 -12.8409 12.8176 -0.0232971
187.213 -0.0165319 0.0023755 -12.8392 12.8159 -0.023293
187.225 -0.0165305 0.00237555 -12.8374 12.8141 -0.0232892
187.236 -0.0165291 0.0023754 -12.8356 12.8124 -0.023286
187.247 -0.0165274 0.00237557 -12.8338 12.8106 -0.0232829
187.258 -0.016525 0.0023757 -12.832 12.8087 -0.0232802
187.27 -0.0165222 0.00237538 -12.8302 12.8069 -0.0232772
187.281 -0.0165197 0.00237514 -12.8283 12.805 -0.0232742
187.292 -0.0165171 0.00237514 -12.8264 12.8031 -0.0232719
187.303 -0.0165145 0.00237595 -12.8244 12.8011 -0.023269
187.315 -0.0165115 0.00237616 -12.8224 12.7991 -0.0232656
187.326 -0.01651 0.00237553 -12.8204 12.7971 -0.0232625
187.337 -0.0165088 0.0023758 -12.8183 12.7951 -0.0232594
187.348 -0.0165078 0.0023755 -12.8163 12.793 -0.0232556
187.36 -0.0165063 0.00237531 -12.8142 12.791 -0.0232515
187.371 -0.0165044 0.00237502 -12.8121 12.7889 -0.0232474
187.382 -0.0165029 0.00237449 -12.8101 12.7868 -0.0232428
187.393 -0.0165009 0.00237345 -12.808 12.7847 -0.0232388
187.404 -0.0164996 0.00237284 -12.8059 12.7827 -0.0232347
187.416 -0.0164981 0.00237268 -12.8038 12.7806 -0.0232313
187.427 -0.0164978 0.00237314 -12.8017 12.7785 -0.0232284
187.438 -0.0164966 0.00237379 -12.7996 12.7764 -0.0232262
187.449 -0.0164952 0.00237485 -12.7975 12.7742 -0.0232244
187.461 -0.0164934 0.00237603 -12.7953 12.7721 -0.0232231
187.472 -0.0164925 0.00237795 -12.7931 12.7698 -0.0232211
187.483 -0.0164908 0.00237959 -12.7908 12.7676 -0.0232196
187.494 -0.0164894 0.00238064 -12.7885 12.7653 -0.0232172
187.506 -0.0164881 0.00238133 -12.7862 12.763 -0.0232141
187.517 -0.0164868 0.00238139 -12.7839 12.7607 -0.0232104
187.528 -0.0164852 0.00238158 -12.7815 12.7583 -0.0232069
187.539 -0.0164844 0.00238128 -12.7792 12.7559 -0.0232023
187.551 -0.0164828 0.00238149 -12.7768 12.7536 -0.0231978
187.562 -0.0164813 0.00238112 -12.7744 12.7512 -0.0231938
187.573 -0.0164799 0.00238034 -12.772 12.7488 -0.0231897
187.584 -0.0164783 0.00237964 -12.7696 12.7464 -0.0231867
187.596 -0.0164769 0.00237901 -12.7672 12.744 -0.023184
187.607 -0.0164754 0.00237859 -12.7647 12.7415 -0.023181
187.618 -0.0164738 0.00237875 -12.7623 12.7391 -0.0231782
187.629 -0.0164723 0.00237877 -12.7598 12.7366 -0.0231751
187.64 -0.0164704 0.00237901 -12.7573 12.7341 -0.0231721
187.652 -0.0164686 0.00237924 -12.7548 12.7316 -0.0231687
187.663 -0.0164671 0.00237938 -12.7522 12.7291 -0.0231663
187.674 -0.0164654 0.00237921 -12.7497 12.7265 -0.0231638
187.685 -0.0164633 0.00237908 -12.7471 12.724 -0.0231609
187.697 -0.0164617 0.00237947 -12.7446 12.7214 -0.0231579
187.708 -0.0164602 0.00237997 -12.742 12.7188 -0.0231546
187.719 -0.0164582 0.00238093 -12.7394 12.7162 -0.0231521
187.73 -0.0164568 0.00238165 -12.7368 12.7136 -0.0231495
187.742 -0.0164559 0.00238284 -12.7341 12.711 -0.0231477
187.753 -0.016455 0.00238349 -12.7314 12.7083 -0.0231456
187.764 -0.0164544 0.00238416 -12.7287 12.7056 -0.023143
187.775 -0.0164537 0.0023838 -12.726 12.7029 -0.02314
187.787 -0.0164524 0.00238257 -12.7233 12.7001 -0.0231369
187.798 -0.0164509 0.0023815 -12.7205 12.6974 -0.0231347
187.809 -0.0164495 0.0023801 -12.7177 12.6946 -0.0231315
187.82 -0.0164471 0.00237883 -12.7149 12.6918 -0.0231286
187.831 -0.016445 0.00237788 -12.7122 12.689 -0.0231256
187.843 -0.0164434 0.0023778 -12.7093 12.6862 -0.0231227
187.854 -0.016442 0.00237808 -12.7065 12.6834 -0.0231194
187.865 -0.0164404 0.00237803 -12.7037 12.6806 -0.0231163
187.876 -0.0164387 0.00237779 -12.7009 12.6778 -0.0231128
187.888 -0.0164372 0.00237822 -12.6981 12.675 -0.0231104
187.899 -0.0164347 0.00237859 -12.6952 12.6721 -0.0231082
187.91 -0.0164316 0.00237904 -12.6923 12.6692 -0.0231056
187.921 -0.0164292 0.00237983 -12.6894 12.6663 -0.0231026
187.933 -0.0164269 0.00238088 -12.6865 12.6634 -0.0231004
187.944 -0.0164248 0.00238207 -12.6836 12.6605 -0.0230985
187.955 -0.0164227 0.0023831 -12.6807 12.6576 -0.0230967
187.966 -0.0164205 0.00238353 -12.6777 12.6546 -0.0230943
187.978 -0.016419 0.00238408 -12.6747 12.6516 -0.0230916
187.989 -0.0164176 0.00238466 -12.6717 12.6486 -0.0230892
188 -0.0164167 0.00238472 -12.6687 12.6457 -0.0230868
188.011 -0.0164155 0.00238456 -12.6657 12.6426 -0.0230836
188.022 -0.0164149 0.00238525 -12.6627 12.6396 -0.0230815
188.034 -0.0164141 0.00238586 -12.6597 12.6366 -0.023079
188.045 -0.0164132 0.00238606 -12.6566 12.6336 -0.0230761
188.056 -0.0164115 0.00238563 -12.6536 12.6305 -0.0230732
188.067 -0.01641 0.00238568 -12.6505 12.6274 -0.0230704
188.079 -0.0164084 0.00238568 -12.6474 12.6243 -0.0230681
188.09 -0.0164069 0.00238557 -12.6443 12.6212 -0.0230655
188.101 -0.0164057 0.00238563 -12.6411 12.6181 -0.0230633
188.112 -0.016404 0.00238613 -12.638 12.6149 -0.023061
188.124 -0.0164028 0.00238655 -12.6348 12.6117 -0.0230591
188.135 -0.0164012 0.00238728 -12.6316 12.6085 -0.0230573
188.146 -0.0163993 0.00238773 -12.6284 12.6053 -0.0230556
188.157 -0.0163968 0.00238823 -12.6251 12.6021 -0.0230541
188.169 -0.0163945 0.00238855 -12.6219 12.5988 -0.0230516
188.18 -0.0163925 0.00238888 -12.6186 12.5955 -0.0230487
188.191 -0.0163912 0.00239001 -12.6153 12.5923 -0.0230469
188.202 -0.0163901 0.00239104 -12.6121 12.589 -0.0230445
188.213 -0.0163884 0.00239176 -12.6087 12.5857 -0.0230412
188.225 -0.0163864 0.00239262 -12.6054 12.5824 -0.0230383
188.236 -0.0163846 0.00239313 -12.6022 12.5791 -0.0230354
188.247 -0.0163831 0.00239364 -12.5989 12.5758 -0.0230323
188.258 -0.0163818 0.00239394 -12.5955 12.5725 -0.023028
188.27 -0.0163801 0.00239419 -12.5923 12.5693 -0.0230234
188.281 -0.0163786 0.00239449 -12.589 12.566 -0.0230195
188.292 -0.0163771 0.0023954 -12.5857 12.5627 -0.0230165
188.303 -0.016376 0.00239617 -12.5824 12.5594 -0.0230137
188.315 -0.0163737 0.00239685 -12.5791 12.5561 -0.0230106
188.326 -0.0163719 0.00239823 -12.5758 12.5528 -0.0230079
188.337 -0.0163699 0.00239903 -12.5724 12.5494 -0.0230059
188.348 -0.0163685 0.00239979 -12.569 12.546 -0.023004
188.36 -0.0163671 0.00239985 -12.5656 12.5426 -0.0230018
188.371 -0.0163655 0.00240001 -12.5622 12.5392 -0.0230001
188.382 -0.016364 0.00239998 -12.5588 12.5358 -0.0229978
188.393 -0.0163632 0.00239946 -12.5554 12.5324 -0.0229953
188.404 -0.016362 0.0023989 -12.5519 12.5289 -0.0229927
188.416 -0.0163605 0.00239875 -12.5485 12.5255 -0.0229905
188.427 -0.0163589 0.00239887 -12.5451 12.5221 -0.0229878
188.438 -0.0163574 0.00239876 -12.5416 12.5187 -0.0229849
188.449 -0.0163556 0.00239884 -12.5382 12.5152 -0.0229813
188.461 -0.0163541 0.00239832 -12.5348 12.5118 -0.0229768
188.472 -0.0163526 0.0023981 -12.5314 12.5084 -0.0229725
188.483 -0.0163509 0.00239791 -12.528 12.505 -0.0229679
188.494 -0.016349 0.00239674 -12.5246 12.5017 -0.0229637
188.506 -0.0163479 0.00239669 -12.5213 12.4984 -0.0229598
188.517 -0.0163465 0.00239555 -12.518 12.495 -0.0229553
188.528 -0.0163452 0.00239559 -12.5147 12.4917 -0.0229509
188.539 -0.0163442 0.00239627 -12.5114 12.4884 -0.0229478
188.551 -0.0163421 0.00239631 -12.5081 12.4851 -0.0229454
188.562 -0.0163409 0.00239613 -12.5047 12.4818 -0.022943
188.573 -0.0163396 0.00239552 -12.5014 12.4785 -0.0229409
188.584 -0.0163381 0.00239477 -12.4981 12.4751 -0.0229377
188.596 -0.0163371 0.00239389 -12.4947 12.4718 -0.0229345
188.607 -0.016336 0.00239296 -12.4915 12.4685 -0.0229312
188.618 -0.0163353 0.00239197 -12.4882 12.4652 -0.0229275
188.629 -0.016335 0.00239107 -12.4849 12.462 -0.0229243
188.64 -0.016334 0.00238945 -12.4816 12.4587 -0.0229213
188.652 -0.0163332 0.00238855 -12.4784 12.4555 -0.0229185
188.663 -0.0163322 0.00238737 -12.4752 12.4522 -0.0229154
188.674 -0.0163306 0.00238625 -12.4719 12.449 -0.0229117
188.685 -0.0163287 0.00238554 -12.4687 12.4458 -0.0229087
188.697 -0.0163264 0.00238443 -12.4656 12.4426 -0.0229054
188.708 -0.0163237 0.00238313 -12.4624 12.4395 -0.0229016
188.719 -0.0163209 0.00238195 -12.4592 12.4363 -0.0228982
188.73 -0.0163178 0.00238049 -12.4561 12.4332 -0.0228944
188.742 -0.0163147 0.00237966 -12.4529 12.4301 -0.0228907
188.753 -0.0163116 0.00237821 -12.4498 12.427 -0.0228862
188.764 -0.0163082 0.00237749 -12.4468 12.4239 -0.0228828
188.775 -0.0163055 0.00237729 -12.4437 12.4208 -0.0228804
188.787 -0.0163036 0.0023769 -12.4407 12.4178 -0.0228777
188.798 -0.016302 0.00237658 -12.4377 12.4148 -0.0228744
188.809 -0.0163001 0.00237593 -12.4347 12.4118 -0.0228716
188.82 -0.0162985 0.002375 -12.4317 12.4089 -0.0228684
188.831 -0.0162967 0.00237402 -12.4288 12.406 -0.0228652
188.843 -0.0162949 0.00237287 -12.4259 12.4031 -0.0228626
188.854 -0.0162929 0.00237136 -12.423 12.4002 -0.0228593
188.865 -0.0162915 0.00236985 -12.4202 12.3973 -0.0228562
188.876 -0.0162907 0.00236895 -12.4174 12.3945 -0.0228533
188.888 -0.0162896 0.00236831 -12.4146 12.3918 -0.0228499
188.899 -0.0162881 0.00236716 -12.4119 12.389 -0.0228467
188.91 -0.0162859 0.00236649 -12.4092 12.3863 -0.022844
188.921 -0.0162841 0.00236582 -12.4065 12.3837 -0.0228409
188.933 -0.0162825 0.00236521 -12.4039 12.381 -0.022838
188.944 -0.0162806 0.00236402 -12.4013 12.3785 -0.0228349
188.955 -0.0162787 0.00236328 -12.3988 12.3759 -0.0228321
188.966 -0.0162764 0.00236272 -12.3963 12.3734 -0.0228294
188.978 -0.0162735 0.00236148 -12.3938 12.371 -0.0228263
188.989 -0.0162711 0.00236016 -12.3913 12.3685 -0.0228221
189 -0.0162684 0.00235837 -12.3889 12.3661 -0.0228184
189.011 -0.0162654 0.00235827 -12.3866 12.3638 -0.0228159
189.022 -0.0162622 0.00235727 -12.3842 12.3614 -0.0228123
189.034 -0.0162588 0.00235589 -12.3819 12.3591 -0.0228087
189.045 -0.016256 0.00235477 -12.3797 12.3569 -0.0228052
189.056 -0.0162533 0.00235361 -12.3774 12.3546 -0.0228017
189.067 -0.016251 0.00235252 -12.3753 12.3525 -0.0227977
189.079 -0.0162489 0.00235084 -12.3731 12.3503 -0.0227938
189.09 -0.0162476 0.00234938 -12.371 12.3483 -0.0227899
189.101 -0.016246 0.00234795 -12.369 12.3462 -0.0227868
189.112 -0.0162446 0.00234702 -12.367 12.3442 -0.0227843
189.124 -0.0162434 0.0023462 -12.365 12.3422 -0.0227813
189.135 -0.0162419 0.00234598 -12.3631 12.3403 -0.0227788
189.146 -0.0162401 0.00234543 -12.3612 12.3384 -0.0227757
189.157 -0.016238 0.00234478 -12.3593 12.3365 -0.0227729
189.169 -0.0162357 0.00234464 -12.3575 12.3347 -0.0227712
189.18 -0.0162336 0.00234363 -12.3557 12.3329 -0.0227691
189.191 -0.0162316 0.00234293 -12.3539 12.3311 -0.0227662
189.202 -0.0162298 0.00234206 -12.3521 12.3294 -0.0227626
189.213 -0.0162285 0.00234111 -12.3505 12.3277 -0.0227593
189.225 -0.0162275 0.00233999 -12.3488 12.326 -0.0227563
189.236 -0.0162262 0.00233892 -12.3472 12.3244 -0.0227526
189.247 -0.0162248 0.0023379 -12.3456 12.3229 -0.0227489
189.258 -0.0162235 0.00233681 -12.3441 12.3213 -0.0227446
189.27 -0.0162212 0.00233631 -12.3426 12.3198 -0.022742
189.281 -0.0162183 0.00233473 -12.3411 12.3184 -0.0227392
189.292 -0.0162154 0.00233328 -12.3397 12.317 -0.0227358
189.303 -0.0162126 0.0023313 -12.3384 12.3157 -0.0227316
189.315 -0.0162092 0.00232962 -12.3372 12.3145 -0.022728
189.326 -0.0162062 0.00232811 -12.336 12.3132 -0.0227235
189.337 -0.0162034 0.00232607 -12.3348 12.3121 -0.022719
189.348 -0.016201 0.00232435 -12.3337 12.311 -0.0227152
189.36 -0.0161987 0.00232282 -12.3326 12.3099 -0.0227118
189.371 -0.0161965 0.00232117 -12.3316 12.3089 -0.0227084
189.382 -0.0161942 0.00231952 -12.3307 12.308 -0.0227054
189.393 -0.0161919 0.00231757 -12.3297 12.307 -0.0227017
189.404 -0.0161902 0.00231631 -12.3288 12.3061 -0.0226987
189.416 -0.0161891 0.002316 -12.328 12.3053 -0.022696
189.427 -0.0161881 0.00231588 -12.3272 12.3045 -0.0226929
189.438 -0.0161864 0.00231595 -12.3264 12.3037 -0.0226907
189.449 -0.0161853 0.00231606 -12.3256 12.3029 -0.0226884
189.461 -0.0161836 0.00231624 -12.3249 12.3022 -0.0226866
189.472 -0.0161818 0.002316 -12.3242 12.3015 -0.0226841
189.483 -0.0161798 0.00231599 -12.3235 12.3008 -0.0226823
189.494 -0.0161779 0.00231508 -12.3228 12.3002 -0.0226791
189.506 -0.0161765 0.00231358 -12.3222 12.2995 -0.0226757
189.517 -0.0161749 0.00231217 -12.3216 12.299 -0.0226727
189.528 -0.0161731 0.00231095 -12.3211 12.2984 -0.0226693
189.539 -0.0161713 0.00230998 -12.3206 12.2979 -0.0226662
189.551 -0.0161696 0.00230864 -12.3201 12.2975 -0.0226633
189.562 -0.0161676 0.00230812 -12.3197 12.297 -0.0226605
189.573 -0.0161658 0.00230759 -12.3193 12.2966 -0.0226579
189.584 -0.0161644 0.00230716 -12.3189 12.2963 -0.0226554
189.596 -0.0161633 0.00230649 -12.3186 12.2959 -0.0226525
189.607 -0.0161619 0.0023051 -12.3183 12.2956 -0.0226494
189.618 -0.0161601 0.0023037 -12.3181 12.2954 -0.0226456
189.629 -0.0161583 0.00230255 -12.3179 12.2952 -0.0226419
189.64 -0.0161558 0.00230127 -12.3177 12.2951 -0.0226387
189.652 -0.0161534 0.00230006 -12.3176 12.295 -0.0226354
189.663 -0.0161514 0.0022992 -12.3175 12.2949 -0.0226312
189.674 -0.0161491 0.00229798 -12.3175 12.2949 -0.0226274
189.685 -0.0161468 0.00229679 -12.3175 12.2949 -0.0226235
189.697 -0.0161444 0.00229549 -12.3176 12.295 -0.0226191
189.708 -0.0161417 0.00229422 -12.3177 12.2951 -0.0226141
189.719 -0.0161387 0.00229271 -12.3178 12.2952 -0.0226094
189.73 -0.0161357 0.00229156 -12.318 12.2954 -0.0226048
189.742 -0.0161328 0.00229048 -12.3182 12.2956 -0.0226009
189.753 -0.01613 0.00228887 -12.3185 12.2959 -0.0225968
189.764 -0.0161274 0.00228757 -12.3188 12.2962 -0.0225928
189.775 -0.0161252 0.00228732 -12.3191 12.2966 -0.0225901
189.787 -0.016123 0.00228658 -12.3195 12.2969 -0.0225871
189.798 -0.016121 0.00228653 -12.3199 12.2973 -0.0225839
189.809 -0.0161188 0.00228626 -12.3203 12.2977 -0.0225806
189.82 -0.0161162 0.00228567 -12.3207 12.2981 -0.0225779
189.831 -0.0161139 0.0022849 -12.3212 12.2986 -0.0225742
189.843 -0.0161116 0.00228488 -12.3216 12.2991 -0.0225703
189.854 -0.0161094 0.00228413 -12.3221 12.2996 -0.0225669
189.865 -0.016107 0.00228387 -12.3227 12.3001 -0.0225635
189.876 -0.0161048 0.0022842 -12.3232 12.3007 -0.0225601
189.888 -0.0161028 0.00228453 -12.3238 12.3013 -0.0225575
189.899 -0.016101 0.00228534 -12.3244 12.3018 -0.0225551
189.91 -0.0160988 0.00228546 -12.325 12.3024 -0.0225529
189.921 -0.0160963 0.00228551 -12.3256 12.303 -0.0225514
189.933 -0.0160936 0.00228634 -12.3262 12.3036 -0.0225502
189.944 -0.0160906 0.00228726 -12.3268 12.3042 -0.0225491
189.955 -0.0160878 0.0022873 -12.3274 12.3048 -0.0225478
189.966 -0.0160853 0.00228744 -12.328 12.3054 -0.0225462
189.978 -0.0160832 0.00228781 -12.3286 12.3061 -0.0225439
189.989 -0.0160807 0.00228783 -12.3293 12.3067 -0.0225414
190 -0.0160785 0.00228755 -12.33 12.3074 -0.0225386
190.011 -0.0160763 0.00228687 -12.3307 12.3081 -0.0225358
190.022 -0.016074 0.00228647 -12.3314 12.3089 -0.0225332
190.034 -0.0160718 0.00228638 -12.3322 12.3097 -0.0225301
190.045 -0.0160694 0.00228598 -12.333 12.3105 -0.022527
190.056 -0.0160671 0.00228591 -12.3338 12.3113 -0.0225244
190.067 -0.0160648 0.00228532 -12.3347 12.3122 -0.0225207
190.079 -0.0160623 0.00228487 -12.3355 12.313 -0.0225175
190.09 -0.0160598 0.00228482 -12.3364 12.3139 -0.0225147
190.101 -0.0160578 0.00228456 -12.3373 12.3148 -0.0225109
190.112 -0.0160556 0.00228421 -12.3383 12.3158 -0.0225076
190.124 -0.0160534 0.00228312 -12.3392 12.3167 -0.0225048
190.135 -0.0160517 0.00228197 -12.3402 12.3177 -0.0225018
190.146 -0.0160498 0.0022809 -12.3411 12.3186 -0.0224982
190.157 -0.016048 0.0022803 -12.3421 12.3196 -0.0224952
190.169 -0.0160462 0.00227924 -12.3432 12.3207 -0.0224912
190.18 -0.0160437 0.00227809 -12.3442 12.3217 -0.0224876
190.191 -0.0160413 0.00227661 -12.3452 12.3228 -0.0224836
190.202 -0.016039 0.00227527 -12.3463 12.3238 -0.0224795
190.213 -0.0160363 0.00227351 -12.3474 12.3249 -0.0224759
190.225 -0.0160338 0.00227182 -12.3484 12.326 -0.0224729
190.236 -0.0160314 0.00226997 -12.3495 12.3271 -0.0224697
190.247 -0.0160286 0.00226842 -12.3506 12.3281 -0.0224665
190.258 -0.0160258 0.00226625 -12.3517 12.3292 -0.0224639
190.27 -0.0160226 0.00226437 -12.3528 12.3303 -0.0224606
190.281 -0.0160192 0.00226242 -12.3539 12.3314 -0.0224572
190.292 -0.0160163 0.00226085 -12.355 12.3325 -0.0224532
190.303 -0.0160131 0.00225961 -12.3561 12.3337 -0.0224497
190.315 -0.0160102 0.00225806 -12.3572 12.3347 -0.0224461
190.326 -0.0160071 0.00225614 -12.3583 12.3358 -0.0224424
190.337 -0.0160044 0.00225443 -12.3594 12.3369 -0.0224379
190.348 -0.0160019 0.00225301 -12.3605 12.3381 -0.0224342
190.36 -0.015999 0.00225168 -12.3616 12.3392 -0.0224309
190.371 -0.0159962 0.00225037 -12.3627 12.3403 -0.0224267
190.382 -0.0159939 0.00224867 -12.3638 12.3414 -0.0224226
190.393 -0.0159916 0.00224715 -12.3649 12.3425 -0.0224183
190.404 -0.0159891 0.00224554 -12.366 12.3436 -0.0224145
190.416 -0.0159865 0.00224407 -12.3671 12.3447 -0.022411
190.427 -0.0159838 0.00224228 -12.3682 12.3458 -0.0224073
190.438 -0.0159811 0.00224073 -12.3693 12.3469 -0.0224039
190.449 -0.0159783 0.00223924 -12.3704 12.348 -0.0224006
190.461 -0.0159758 0.0022376 -12.3715 12.3491 -0.0223973
190.472 -0.0159733 0.00223617 -12.3725 12.3502 -0.0223934
190.483 -0.015971 0.00223479 -12.3736 12.3512 -0.0223894
190.494 -0.0159683 0.00223334 -12.3747 12.3523 -0.0223858
190.506 -0.0159655 0.00223217 -12.3757 12.3533 -0.0223823
190.517 -0.0159633 0.00223045 -12.3768 12.3544 -0.0223791
190.528 -0.0159609 0.00222892 -12.3778 12.3554 -0.0223763
190.539 -0.0159584 0.00222736 -12.3788 12.3564 -0.0223728
190.551 -0.0159561 0.00222636 -12.3798 12.3574 -0.0223693
190.562 -0.0159533 0.00222529 -12.3808 12.3584 -0.0223664
190.573 -0.0159505 0.00222396 -12.3817 12.3593 -0.0223625
190.584 -0.0159477 0.0022225 -12.3826 12.3603 -0.0223585
190.596 -0.0159456 0.00222085 -12.3836 12.3612 -0.0223547
190.607 -0.0159434 0.00221959 -12.3845 12.3622 -0.0223512
190.618 -0.0159408 0.0022182 -12.3854 12.3631 -0.0223482
190.629 -0.0159389 0.00221737 -12.3863 12.364 -0.0223457
190.64 -0.0159363 0.00221755 -12.3872 12.3648 -0.0223424
190.652 -0.0159333 0.00221709 -12.388 12.3657 -0.0223384
190.663 -0.0159297 0.00221662 -12.3888 12.3665 -0.0223348
190.674 -0.0159272 0.0022164 -12.3897 12.3673 -0.0223316
190.685 -0.0159246 0.00221612 -12.3905 12.3681 -0.0223286
190.697 -0.015922 0.00221615 -12.3913 12.3689 -0.0223257
190.708 -0.0159201 0.00221552 -12.392 12.3697 -0.0223225
190.719 -0.0159177 0.00221534 -12.3927 12.3704 -0.0223192
190.73 -0.015915 0.00221519 -12.3935 12.3711 -0.0223158
190.742 -0.015912 0.00221495 -12.3942 12.3719 -0.0223123
190.753 -0.0159092 0.00221456 -12.3949 12.3726 -0.022309
190.764 -0.0159065 0.00221379 -12.3956 12.3733 -0.0223059
190.775 -0.0159038 0.00221292 -12.3963 12.374 -0.0223017
190.787 -0.0159013 0.0022119 -12.3969 12.3746 -0.0222976
190.798 -0.0158988 0.00221089 -12.3976 12.3753 -0.0222946
190.809 -0.0158964 0.00221016 -12.3982 12.3759 -0.0222913
190.82 -0.015894 0.00220951 -12.3988 12.3765 -0.0222883
190.831 -0.0158914 0.00220908 -12.3994 12.3771 -0.0222853
190.843 -0.0158882 0.00220816 -12.3999 12.3776 -0.0222815
190.854 -0.0158852 0.00220708 -12.4004 12.3781 -0.0222778
190.865 -0.0158821 0.00220676 -12.401 12.3787 -0.0222748
190.876 -0.0158787 0.00220619 -12.4014 12.3791 -0.022271
190.888 -0.0158762 0.00220526 -12.4019 12.3796 -0.0222667
190.899 -0.0158741 0.00220433 -12.4024 12.3802 -0.0222627
190.91 -0.0158722 0.00220355 -12.4029 12.3807 -0.0222587
190.921 -0.0158702 0.00220272 -12.4034 12.3811 -0.0222549
190.933 -0.0158682 0.00220183 -12.4039 12.3816 -0.0222516
190.944 -0.0158662 0.00220086 -12.4043 12.3821 -0.022248
190.955 -0.0158644 0.00219981 -12.4047 12.3825 -0.0222444
190.966 -0.0158622 0.00219919 -12.4052 12.3829 -0.0222405
190.978 -0.0158598 0.00219882 -12.4056 12.3833 -0.0222363
190.989 -0.0158572 0.00219855 -12.406 12.3837 -0.0222324
191 -0.0158553 0.00219849 -12.4063 12.3841 -0.0222288
191.011 -0.0158535 0.0021985 -12.4067 12.3845 -0.0222252
191.022 -0.0158508 0.00219879 -12.4071 12.3848 -0.0222222
191.034 -0.0158484 0.00219864 -12.4074 12.3852 -0.0222186
191.045 -0.015846 0.00219903 -12.4077 12.3855 -0.0222152
191.056 -0.0158433 0.00219941 -12.408 12.3858 -0.0222113
191.067 -0.0158405 0.00220001 -12.4083 12.3861 -0.0222079
191.079 -0.0158382 0.00220005 -12.4085 12.3863 -0.0222038
191.09 -0.0158361 0.00220024 -12.4088 12.3866 -0.0221993
191.101 -0.0158339 0.00220085 -12.4091 12.3869 -0.0221949
191.112 -0.0158318 0.00220111 -12.4093 12.3871 -0.0221903
191.124 -0.0158291 0.00220164 -12.4095 12.3874 -0.0221861
191.135 -0.0158265 0.00220247 -12.4098 12.3876 -0.0221823
191.146 -0.015824 0.00220284 -12.41 12.3878 -0.022178
191.157 -0.0158214 0.00220384 -12.4102 12.388 -0.0221742
191.169 -0.0158189 0.0022046 -12.4104 12.3882 -0.0221708
191.18 -0.0158168 0.00220463 -12.4105 12.3883 -0.0221675
191.191 -0.0158144 0.00220413 -12.4106 12.3884 -0.0221642
191.202 -0.0158117 0.00220343 -12.4107 12.3885 -0.0221608
191.213 -0.0158091 0.00220285 -12.4108 12.3886 -0.0221575
191.225 -0.0158062 0.0022022 -12.4108 12.3886 -0.0221543
191.236 -0.0158025 0.00220184 -12.4108 12.3886 -0.0221507
191.247 -0.0157994 0.00220119 -12.4108 12.3886 -0.0221466
191.258 -0.0157966 0.00220033 -12.4107 12.3886 -0.0221432
191.27 -0.0157935 0.0021996 -12.4107 12.3885 -0.0221398
191.281 -0.0157905 0.00219852 -12.4106 12.3884 -0.0221355
191.292 -0.0157873 0.00219803 -12.4105 12.3883 -0.0221309
191.303 -0.0157838 0.00219701 -12.4103 12.3882 -0.0221267
191.315 -0.0157808 0.00219575 -12.4102 12.388 -0.0221221
191.326 -0.0157777 0.00219492 -12.41 12.3878 -0.0221176
191.337 -0.015775 0.00219429 -12.4097 12.3876 -0.022114
191.348 -0.0157725 0.00219267 -12.4095 12.3874 -0.0221099
191.36 -0.01577 0.00219212 -12.4092 12.3871 -0.0221051
191.371 -0.0157676 0.00219163 -12.4089 12.3868 -0.0221003
191.382 -0.0157652 0.00219166 -12.4086 12.3865 -0.0220954
191.393 -0.0157629 0.00219122 -12.4083 12.3862 -0.0220901
191.404 -0.015761 0.00219047 -12.408 12.3859 -0.0220852
191.416 -0.0157593 0.00219019 -12.4076 12.3856 -0.0220803
191.427 -0.0157571 0.00218915 -12.4073 12.3852 -0.0220755
191.438 -0.0157554 0.00218815 -12.4069 12.3848 -0.0220709
191.449 -0.0157538 0.00218704 -12.4065 12.3844 -0.0220665
191.461 -0.0157515 0.00218635 -12.406 12.384 -0.0220619
191.472 -0.0157499 0.00218556 -12.4056 12.3835 -0.022058
191.483 -0.0157478 0.00218507 -12.4051 12.383 -0.0220542
191.494 -0.0157455 0.00218441 -12.4045 12.3825 -0.0220507
191.506 -0.0157431 0.00218458 -12.404 12.3819 -0.0220473
191.517 -0.0157414 0.00218537 -12.4034 12.3813 -0.0220427
191.528 -0.0157393 0.00218599 -12.4027 12.3807 -0.0220376
191.539 -0.0157373 0.00218627 -12.4021 12.3801 -0.0220332
191.551 -0.0157349 0.00218628 -12.4015 12.3794 -0.0220279
191.562 -0.0157319 0.00218639 -12.4008 12.3788 -0.022023
191.573 -0.0157289 0.00218646 -12.4001 12.3781 -0.0220181
191.584 -0.0157263 0.00218661 -12.3994 12.3774 -0.0220129
191.596 -0.0157236 0.00218708 -12.3986 12.3766 -0.0220078
191.607 -0.0157213 0.00218769 -12.3979 12.3759 -0.0220036
191.618 -0.0157189 0.00218793 -12.3971 12.3751 -0.0219988
191.629 -0.0157164 0.00218814 -12.3963 12.3743 -0.0219942
191.64 -0.0157133 0.00218888 -12.3955 12.3735 -0.0219903
191.652 -0.0157102 0.00218877 -12.3947 12.3727 -0.021986
191.663 -0.0157075 0.00218866 -12.3939 12.3719 -0.0219819
191.674 -0.0157053 0.00218874 -12.393 12.371 -0.0219785
191.685 -0.0157024 0.00218833 -12.3921 12.3702 -0.0219746
191.697 -0.0156993 0.00218806 -12.3912 12.3693 -0.021971
191.708 -0.0156964 0.00218742 -12.3903 12.3684 -0.0219676
191.719 -0.0156934 0.00218677 -12.3894 12.3674 -0.0219641
191.73 -0.0156906 0.00218693 -12.3884 12.3664 -0.02196
191.742 -0.0156878 0.00218656 -12.3874 12.3655 -0.0219567
191.753 -0.0156856 0.00218618 -12.3864 12.3645 -0.0219525
191.764 -0.0156829 0.00218587 -12.3854 12.3634 -0.0219485
191.775 -0.0156813 0.00218611 -12.3843 12.3624 -0.0219443
191.787 -0.0156796 0.00218621 -12.3833 12.3613 -0.0219395
191.798 -0.0156781 0.00218591 -12.3822 12.3603 -0.0219347
191.809 -0.0156768 0.00218528 -12.3811 12.3592 -0.02193
191.82 -0.015675 0.00218539 -12.3801 12.3582 -0.021925
191.831 -0.0156732 0.00218477 -12.379 12.3571 -0.0219203
191.843 -0.0156712 0.00218417 -12.3779 12.356 -0.0219157
191.854 -0.0156696 0.00218344 -12.3768 12.3549 -0.0219113
191.865 -0.0156685 0.00218355 -12.3757 12.3538 -0.0219069
191.876 -0.0156673 0.00218426 -12.3746 12.3527 -0.0219029
191.888 -0.0156657 0.00218442 -12.3735 12.3516 -0.0218986
191.899 -0.0156639 0.00218499 -12.3723 12.3504 -0.0218947
191.91 -0.015662 0.00218619 -12.3712 12.3493 -0.0218906
191.921 -0.0156599 0.00218734 -12.37 12.3482 -0.0218869
191.933 -0.0156575 0.00218846 -12.3689 12.347 -0.0218829
191.944 -0.0156556 0.00219028 -12.3677 12.3458 -0.0218786
191.955 -0.0156535 0.00219181 -12.3665 12.3446 -0.0218741
191.966 -0.0156513 0.0021933 -12.3653 12.3434 -0.0218698
191.978 -0.0156491 0.00219482 -12.3641 12.3422 -0.0218659
191.989 -0.0156476 0.00219591 -12.3629 12.341 -0.0218619
192 -0.0156454 0.00219717 -12.3616 12.3398 -0.0218578
192.011 -0.0156433 0.00219757 -12.3604 12.3385 -0.0218539
192.022 -0.015641 0.00219807 -12.3591 12.3373 -0.0218495
192.034 -0.0156376 0.00219732 -12.3578 12.336 -0.0218451
192.045 -0.0156346 0.00219715 -12.3566 12.3347 -0.0218414
192.056 -0.015632 0.00219684 -12.3553 12.3334 -0.0218374
192.067 -0.0156303 0.00219666 -12.3539 12.3321 -0.021833
192.079 -0.0156277 0.00219739 -12.3526 12.3308 -0.0218298
192.09 -0.0156254 0.00219804 -12.3513 12.3294 -0.0218263
192.101 -0.015623 0.00219775 -12.3499 12.3281 -0.0218234
192.112 -0.0156213 0.00219725 -12.3485 12.3267 -0.0218203
192.124 -0.0156195 0.00219706 -12.3471 12.3253 -0.021817
192.135 -0.0156178 0.00219691 -12.3457 12.3239 -0.0218134
192.146 -0.0156166 0.00219677 -12.3443 12.3224 -0.02181
192.157 -0.0156148 0.00219689 -12.3428 12.321 -0.0218063
192.169 -0.015613 0.00219674 -12.3414 12.3196 -0.021803
192.18 -0.0156114 0.00219666 -12.3399 12.3181 -0.0217995
192.191 -0.0156094 0.00219679 -12.3385 12.3167 -0.0217957
192.202 -0.0156071 0.00219711 -12.3371 12.3153 -0.0217918
192.213 -0.0156049 0.00219814 -12.3356 12.3138 -0.0217883
192.225 -0.0156028 0.00219904 -12.3342 12.3124 -0.0217847
192.236 -0.0156004 0.00219979 -12.3328 12.311 -0.0217809
192.247 -0.015598 0.00220073 -12.3314 12.3096 -0.0217774
192.258 -0.0155962 0.0022014 -12.3299 12.3082 -0.0217743
192.27 -0.015594 0.002202 -12.3285 12.3067 -0.0217716
192.281 -0.0155922 0.00220252 -12.3271 12.3053 -0.0217686
192.292 -0.0155905 0.00220366 -12.3256 12.3039 -0.0217649
192.303 -0.0155885 0.00220462 -12.3242 12.3024 -0.0217612
192.315 -0.0155865 0.00220563 -12.3228 12.301 -0.0217575
192.326 -0.015585 0.00220612 -12.3214 12.2996 -0.0217532
192.337 -0.0155826 0.00220671 -12.32 12.2982 -0.0217489
192.348 -0.0155804 0.00220779 -12.3186 12.2969 -0.0217446
192.36 -0.0155779 0.00220825 -12.3173 12.2955 -0.02174
192.371 -0.0155752 0.00220818 -12.3159 12.2942 -0.0217366
192.382 -0.0155731 0.00220839 -12.3146 12.2929 -0.0217331
192.393 -0.0155712 0.00220837 -12.3132 12.2915 -0.0217294
192.404 -0.0155691 0.00220883 -12.3119 12.2902 -0.0217261
192.416 -0.0155669 0.00220983 -12.3106 12.2889 -0.0217231
192.427 -0.0155651 0.00221011 -12.3093 12.2875 -0.0217198
192.438 -0.0155633 0.00221055 -12.3079 12.2862 -0.0217161
192.449 -0.0155614 0.00221097 -12.3066 12.2849 -0.0217135
192.461 -0.0155594 0.00221038 -12.3053 12.2836 -0.0217108
192.472 -0.0155579 0.00221044 -12.304 12.2823 -0.0217083
192.483 -0.0155561 0.00221112 -12.3027 12.281 -0.0217052
192.494 -0.015554 0.00221156 -12.3014 12.2797 -0.0217014
192.506 -0.0155516 0.00221253 -12.3001 12.2784 -0.0216979
192.517 -0.0155494 0.00221377 -12.2988 12.2771 -0.0216947
192.528 -0.0155475 0.00221406 -12.2975 12.2758 -0.0216913
192.539 -0.0155455 0.00221409 -12.2963 12.2746 -0.0216878
192.551 -0.0155437 0.00221501 -12.295 12.2733 -0.0216849
192.562 -0.0155421 0.00221541 -12.2938 12.2721 -0.0216813
192.573 -0.0155402 0.00221621 -12.2925 12.2709 -0.0216781
192.584 -0.0155377 0.00221722 -12.2913 12.2696 -0.0216748
192.596 -0.0155351 0.00221855 -12.2901 12.2684 -0.0216706
192.607 -0.0155328 0.00221977 -12.2889 12.2672 -0.0216664
192.618 -0.0155303 0.00222147 -12.2877 12.266 -0.0216625
192.629 -0.0155277 0.00222247 -12.2865 12.2648 -0.0216586
192.64 -0.015525 0.00222305 -12.2853 12.2636 -0.0216553
192.652 -0.0155231 0.00222296 -12.2841 12.2624 -0.0216517
192.663 -0.0155218 0.00222299 -12.2829 12.2613 -0.0216481
192.674 -0.0155209 0.00222262 -12.2818 12.2602 -0.0216445
192.685 -0.0155202 0.00222247 -12.2807 12.259 -0.021641
192.697 -0.0155189 0.00222286 -12.2796 12.258 -0.0216375
192.708 -0.0155167 0.00222254 -12.2785 12.2569 -0.0216353
192.719 -0.0155145 0.00222266 -12.2775 12.2558 -0.0216327
192.73 -0.0155122 0.00222269 -12.2764 12.2548 -0.0216304
192.742 -0.0155095 0.00222337 -12.2753 12.2537 -0.0216286
192.753 -0.0155072 0.00222419 -12.2743 12.2527 -0.0216266
192.764 -0.0155048 0.00222522 -12.2733 12.2517 -0.0216242
192.775 -0.0155024 0.00222634 -12.2723 12.2506 -0.0216218
192.787 -0.0155004 0.00222727 -12.2713 12.2497 -0.0216189
192.798 -0.0154984 0.00222709 -12.2703 12.2487 -0.0216165
192.809 -0.0154962 0.00222767 -12.2694 12.2477 -0.0216134
192.82 -0.0154941 0.00222817 -12.2684 12.2468 -0.0216111
192.831 -0.0154926 0.00222844 -12.2675 12.2459 -0.0216077
192.843 -0.0154907 0.00222983 -12.2665 12.2449 -0.0216047
192.854 -0.0154893 0.00223089 -12.2657 12.2441 -0.0216017
192.865 -0.0154874 0.00223166 -12.2648 12.2432 -0.0215987
192.876 -0.0154854 0.00223262 -12.2639 12.2423 -0.0215951
192.888 -0.0154824 0.00223412 -12.2631 12.2415 -0.0215914
192.899 -0.0154802 0.0022351 -12.2623 12.2407 -0.0215879
192.91 -0.0154778 0.00223558 -12.2615 12.2399 -0.021585
192.921 -0.0154755 0.00223647 -12.2607 12.2392 -0.0215818
192.933 -0.0154736 0.00223654 -12.26 12.2384 -0.021578
192.944 -0.015472 0.00223668 -12.2593 12.2377 -0.0215747
192.955 -0.0154705 0.0022377 -12.2586 12.2371 -0.0215721
192.966 -0.0154691 0.00223887 -12.258 12.2364 -0.021569
192.978 -0.0154672 0.00223911 -12.2574 12.2358 -0.0215672
192.989 -0.0154649 0.00223913 -12.2567 12.2352 -0.0215656
193 -0.0154636 0.00223984 -12.2561 12.2345 -0.021563
193.011 -0.0154612 0.00224046 -12.2555 12.2339 -0.021561
193.022 -0.0154592 0.00224071 -12.2549 12.2334 -0.0215592
193.034 -0.0154569 0.00224237 -12.2544 12.2328 -0.0215572
193.045 -0.0154539 0.00224401 -12.2539 12.2323 -0.0215559
193.056 -0.0154507 0.00224541 -12.2534 12.2318 -0.0215551
193.067 -0.0154483 0.00224605 -12.2529 12.2313 -0.0215525
193.079 -0.0154454 0.002247 -12.2524 12.2309 -0.02155
193.09 -0.0154428 0.00224757 -12.252 12.2304 -0.0215481
193.101 -0.0154403 0.00224809 -12.2515 12.23 -0.0215462
193.112 -0.0154379 0.00224889 -12.2511 12.2296 -0.0215441
193.124 -0.0154356 0.00224993 -12.2507 12.2292 -0.021542
193.135 -0.0154325 0.00225112 -12.2503 12.2288 -0.0215387
193.146 -0.0154291 0.00225244 -12.25 12.2284 -0.0215359
193.157 -0.0154269 0.00225428 -12.2497 12.2281 -0.0215333
193.169 -0.0154247 0.00225591 -12.2493 12.2278 -0.0215311
193.18 -0.0154229 0.00225696 -12.2491 12.2275 -0.0215289
193.191 -0.0154204 0.00225751 -12.2488 12.2273 -0.0215267
193.202 -0.0154187 0.00225807 -12.2486 12.2271 -0.0215236
193.213 -0.0154172 0.00225857 -12.2484 12.2269 -0.0215204
193.225 -0.0154157 0.00225867 -12.2482 12.2267 -0.0215179
193.236 -0.0154139 0.00225901 -12.2481 12.2265 -0.021515
193.247 -0.0154113 0.00225854 -12.2479 12.2264 -0.0215131
193.258 -0.0154085 0.0022583 -12.2478 12.2263 -0.021512
193.27 -0.0154057 0.00225841 -12.2477 12.2262 -0.0215106
193.281 -0.0154033 0.0022593 -12.2477 12.2262 -0.0215093
193.292 -0.0154007 0.00226019 -12.2476 12.2261 -0.0215083
193.303 -0.0153984 0.00226204 -12.2476 12.2261 -0.0215067
193.315 -0.0153956 0.00226391 -12.2476 12.2261 -0.0215053
193.326 -0.0153937 0.00226546 -12.2477 12.2262 -0.0215045
193.337 -0.015392 0.00226622 -12.2477 12.2262 -0.0215036
193.348 -0.0153892 0.00226668 -12.2478 12.2263 -0.0215024
193.36 -0.0153864 0.00226727 -12.2479 12.2264 -0.021501
193.371 -0.0153834 0.00226792 -12.248 12.2265 -0.0214994
193.382 -0.0153798 0.00226904 -12.2482 12.2267 -0.021497
193.393 -0.0153764 0.0022707 -12.2484 12.2269 -0.0214942
193.404 -0.0153731 0.002272 -12.2486 12.2271 -0.0214906
193.416 -0.0153701 0.00227376 -12.2489 12.2274 -0.0214878
193.427 -0.0153672 0.00227536 -12.2493 12.2278 -0.0214847
193.438 -0.0153655 0.00227715 -12.2497 12.2282 -0.0214816
193.449 -0.0153632 0.00227796 -12.2501 12.2286 -0.0214787
193.461 -0.0153605 0.00227869 -12.2505 12.2291 -0.0214762
193.472 -0.015358 0.00227918 -12.251 12.2296 -0.0214734
193.483 -0.0153561 0.00227993 -12.2515 12.2301 -0.0214706
193.494 -0.0153537 0.00228025 -12.2521 12.2307 -0.0214684
193.506 -0.0153517 0.00228082 -12.2527 12.2312 -0.0214663
193.517 -0.0153487 0.00228112 -12.2533 12.2318 -0.0214646
193.528 -0.0153461 0.00228157 -12.2539 12.2325 -0.0214629
193.539 -0.015343 0.0022825 -12.2546 12.2331 -0.0214605
193.551 -0.0153404 0.00228397 -12.2553 12.2338 -0.0214586
193.562 -0.0153377 0.00228575 -12.2561 12.2346 -0.0214568
193.573 -0.0153357 0.00228636 -12.2568 12.2353 -0.0214551
193.584 -0.0153329 0.00228736 -12.2576 12.2361 -0.0214541
193.596 -0.015331 0.00228858 -12.2584 12.2369 -0.021453
193.607 -0.0153286 0.00229011 -12.2592 12.2378 -0.021452
193.618 -0.0153246 0.00229222 -12.2601 12.2386 -0.0214493
193.629 -0.0153211 0.00229373 -12.261 12.2395 -0.0214472
193.64 -0.0153178 0.0022951 -12.2619 12.2404 -0.0214453
193.652 -0.0153143 0.00229624 -12.2628 12.2414 -0.0214437
193.663 -0.0153106 0.00229779 -12.2638 12.2423 -0.0214416
193.674 -0.0153072 0.00229978 -12.2648 12.2433 -0.0214386
193.685 -0.0153037 0.00230147 -12.2658 12.2444 -0.0214361
193.697 -0.0153011 0.00230319 -12.2669 12.2455 -0.0214324
193.708 -0.0152981 0.00230499 -12.268 12.2466 -0.021429
193.719 -0.0152957 0.0023062 -12.2692 12.2477 -0.0214261
193.73 -0.0152926 0.00230741 -12.2704 12.2489 -0.0214228
193.742 -0.015289 0.00230819 -12.2716 12.2502 -0.0214198
193.753 -0.0152857 0.00230965 -12.2729 12.2515 -0.0214171
193.764 -0.0152828 0.002311 -12.2742 12.2528 -0.0214145
193.775 -0.0152798 0.00231148 -12.2755 12.2541 -0.0214124
193.787 -0.0152766 0.00231174 -12.2769 12.2555 -0.0214102
193.798 -0.0152737 0.00231198 -12.2783 12.2569 -0.021409
193.809 -0.0152709 0.00231228 -12.2797 12.2583 -0.0214074
193.82 -0.0152686 0.00231225 -12.2811 12.2597 -0.0214067
193.831 -0.015266 0.00231255 -12.2826 12.2611 -0.0214063
193.843 -0.0152634 0.00231284 -12.284 12.2626 -0.0214055
193.854 -0.0152608 0.00231466 -12.2854 12.264 -0.0214031
193.865 -0.0152585 0.00231709 -12.2869 12.2655 -0.0214
193.876 -0.0152557 0.00231831 -12.2885 12.2671 -0.0213965
193.888 -0.0152531 0.00231948 -12.29 12.2686 -0.0213936
193.899 -0.0152504 0.00232077 -12.2916 12.2702 -0.0213901
193.91 -0.0152472 0.00232182 -12.2932 12.2718 -0.0213872
193.921 -0.0152443 0.00232354 -12.2948 12.2734 -0.0213838
193.933 -0.0152417 0.00232573 -12.2965 12.2751 -0.0213807
193.944 -0.0152387 0.00232757 -12.2983 12.2769 -0.0213777
193.955 -0.015235 0.00232984 -12.3 12.2786 -0.0213741
193.966 -0.0152315 0.00233174 -12.3018 12.2805 -0.0213713
193.978 -0.0152283 0.00233347 -12.3037 12.2823 -0.0213679
193.989 -0.0152244 0.0023354 -12.3056 12.2842 -0.021364
194 -0.0152209 0.00233746 -12.3075 12.2861 -0.02136
194.011 -0.0152175 0.00233993 -12.3095 12.2881 -0.0213561
194.022 -0.0152145 0.00234219 -12.3115 12.2901 -0.0213532
194.034 -0.0152113 0.00234398 -12.3136 12.2922 -0.0213509
194.045 -0.015208 0.0023455 -12.3156 12.2943 -0.021349
194.056 -0.0152048 0.00234652 -12.3177 12.2963 -0.0213474
194.067 -0.0152023 0.00234769 -12.3198 12.2985 -0.0213463
194.079 -0.0152001 0.00234878 -12.3219 12.3006 -0.0213452
194.09 -0.0151982 0.0023488 -12.324 12.3027 -0.021344
194.101 -0.0151963 0.00234985 -12.3262 12.3048 -0.021343
194.112 -0.0151944 0.00235077 -12.3284 12.307 -0.0213412
194.124 -0.0151926 0.00235189 -12.3305 12.3092 -0.0213386
194.135 -0.0151899 0.00235291 -12.3328 12.3114 -0.0213359
194.146 -0.0151873 0.00235346 -12.335 12.3137 -0.0213329
194.157 -0.0151846 0.00235452 -12.3373 12.3159 -0.0213307
194.169 -0.0151817 0.00235547 -12.3395 12.3182 -0.0213289
194.18 -0.0151787 0.00235686 -12.3418 12.3205 -0.021326
194.191 -0.0151751 0.00235827 -12.3441 12.3228 -0.0213227
194.202 -0.0151716 0.00235986 -12.3465 12.3251 -0.0213198
194.213 -0.0151677 0.00236218 -12.3488 12.3275 -0.0213161
194.225 -0.015164 0.00236437 -12.3512 12.3299 -0.0213117
194.236 -0.0151605 0.00236759 -12.3537 12.3323 -0.0213074
194.247 -0.0151575 0.00237041 -12.3561 12.3348 -0.0213026
194.258 -0.0151541 0.00237288 -12.3587 12.3374 -0.0212973
194.27 -0.015151 0.00237479 -12.3613 12.34 -0.0212937
194.281 -0.0151471 0.00237773 -12.3638 12.3426 -0.0212903
194.292 -0.0151436 0.00238002 -12.3664 12.3452 -0.021288
194.303 -0.0151404 0.0023818 -12.3691 12.3478 -0.0212857
194.315 -0.0151378 0.00238299 -12.3717 12.3504 -0.0212834
194.326 -0.0151348 0.00238378 -12.3743 12.3531 -0.0212812
194.337 -0.0151316 0.00238499 -12.377 12.3557 -0.0212782
194.348 -0.0151282 0.00238708 -12.3797 12.3584 -0.0212741
194.36 -0.0151249 0.00238901 -12.3824 12.3611 -0.021271
194.371 -0.0151213 0.00239071 -12.3852 12.3639 -0.0212678
194.382 -0.0151182 0.00239227 -12.3879 12.3667 -0.0212652
194.393 -0.0151156 0.00239375 -12.3907 12.3695 -0.0212628
194.404 -0.0151131 0.0023953 -12.3935 12.3723 -0.0212602
194.416 -0.0151108 0.00239634 -12.3964 12.3751 -0.0212588
194.427 -0.0151079 0.00239766 -12.3992 12.378 -0.0212565
194.438 -0.0151051 0.00240049 -12.4021 12.3809 -0.0212536
194.449 -0.0151022 0.00240337 -12.405 12.3838 -0.02125
194.461 -0.0150995 0.00240621 -12.408 12.3867 -0.0212464
194.472 -0.0150963 0.00240888 -12.4109 12.3897 -0.0212429
194.483 -0.0150928 0.00241174 -12.414 12.3928 -0.0212399
194.494 -0.0150903 0.00241476 -12.417 12.3958 -0.0212358
194.506 -0.0150867 0.00241787 -12.4201 12.3989 -0.0212328
194.517 -0.0150836 0.00242035 -12.4233 12.402 -0.0212296
194.528 -0.0150808 0.00242232 -12.4264 12.4052 -0.0212266
194.539 -0.0150784 0.00242331 -12.4296 12.4083 -0.0212242
194.551 -0.0150757 0.00242423 -12.4327 12.4115 -0.0212213
194.562 -0.0150728 0.00242471 -12.4359 12.4147 -0.0212191
194.573 -0.0150695 0.00242579 -12.4391 12.4179 -0.0212164
194.584 -0.0150662 0.00242634 -12.4423 12.4211 -0.0212143
194.596 -0.0150622 0.00242778 -12.4455 12.4243 -0.0212115
194.607 -0.0150586 0.00242933 -12.4487 12.4275 -0.0212093
194.618 -0.0150555 0.0024312 -12.452 12.4308 -0.0212057
194.629 -0.0150522 0.0024331 -12.4553 12.4341 -0.0212028
194.64 -0.0150495 0.00243494 -12.4586 12.4374 -0.0211996
194.652 -0.015047 0.00243642 -12.462 12.4408 -0.0211957
194.663 -0.0150446 0.00243773 -12.4654 12.4442 -0.0211929
194.674 -0.0150415 0.00243887 -12.4689 12.4477 -0.0211908
194.685 -0.0150385 0.00244036 -12.4724 12.4512 -0.0211888
194.697 -0.0150352 0.00244283 -12.4759 12.4548 -0.0211861
194.708 -0.0150321 0.00244535 -12.4795 12.4583 -0.0211829
194.719 -0.0150291 0.00244771 -12.4831 12.4619 -0.0211782
194.73 -0.0150263 0.00245004 -12.4868 12.4656 -0.0211736
194.742 -0.0150238 0.00245292 -12.4904 12.4693 -0.0211689
194.753 -0.0150211 0.00245597 -12.4941 12.473 -0.021164
194.764 -0.015019 0.00245879 -12.4978 12.4767 -0.0211592
194.775 -0.0150171 0.00246109 -12.5016 12.4804 -0.0211551
194.787 -0.015015 0.00246406 -12.5053 12.4842 -0.0211505
194.798 -0.0150128 0.00246649 -12.5091 12.4879 -0.021146
194.809 -0.0150111 0.00246898 -12.5129 12.4918 -0.0211424
194.82 -0.0150096 0.00247076 -12.5167 12.4956 -0.0211394
194.831 -0.0150077 0.00247251 -12.5205 12.4994 -0.0211371
194.843 -0.0150063 0.00247382 -12.5244 12.5032 -0.0211356
194.854 -0.0150054 0.00247559 -12.5282 12.5071 -0.0211342
194.865 -0.0150033 0.00247839 -12.532 12.5109 -0.0211315
194.876 -0.015001 0.00248171 -12.5359 12.5148 -0.0211282
194.888 -0.0149988 0.00248537 -12.5398 12.5187 -0.0211247
194.899 -0.0149955 0.00248883 -12.5437 12.5226 -0.0211211
194.91 -0.0149924 0.00249178 -12.5476 12.5265 -0.021117
194.921 -0.0149894 0.00249382 -12.5516 12.5305 -0.0211134
194.933 -0.0149864 0.00249546 -12.5556 12.5345 -0.0211102
194.944 -0.0149836 0.002498 -12.5596 12.5385 -0.0211069
194.955 -0.0149807 0.0024999 -12.5637 12.5426 -0.0211037
194.966 -0.0149776 0.00250186 -12.5677 12.5466 -0.0211006
194.978 -0.0149747 0.00250414 -12.5718 12.5507 -0.0210977
194.989 -0.0149715 0.00250669 -12.576 12.5549 -0.0210937
195 -0.0149683 0.00250959 -12.5801 12.559 -0.0210894
195.011 -0.0149657 0.00251222 -12.5843 12.5633 -0.0210857
195.022 -0.0149626 0.0025149 -12.5886 12.5675 -0.0210816
195.034 -0.0149596 0.00251767 -12.5928 12.5717 -0.0210783
195.045 -0.0149559 0.00252079 -12.5971 12.576 -0.0210751
195.056 -0.0149527 0.00252391 -12.6014 12.5803 -0.0210713
195.067 -0.0149496 0.00252666 -12.6057 12.5846 -0.0210677
195.079 -0.0149466 0.0025298 -12.61 12.589 -0.021064
195.09 -0.0149443 0.00253229 -12.6144 12.5933 -0.0210612
195.101 -0.0149414 0.00253519 -12.6187 12.5977 -0.0210581
195.112 -0.0149386 0.0025378 -12.6231 12.6021 -0.0210554
195.124 -0.0149364 0.00254014 -12.6275 12.6064 -0.0210528
195.135 -0.0149347 0.00254321 -12.6318 12.6108 -0.0210493
195.146 -0.0149329 0.00254533 -12.6362 12.6152 -0.0210476
195.157 -0.0149307 0.00254748 -12.6406 12.6196 -0.0210447
195.169 -0.0149285 0.00254883 -12.645 12.6239 -0.0210425
195.18 -0.0149266 0.00255048 -12.6494 12.6283 -0.0210401
195.191 -0.0149243 0.00255244 -12.6538 12.6327 -0.0210375
195.202 -0.0149219 0.00255487 -12.6582 12.6371 -0.0210345
195.213 -0.0149189 0.00255741 -12.6626 12.6416 -0.0210318
195.225 -0.0149152 0.00255925 -12.6671 12.646 -0.0210289
195.236 -0.014912 0.00256104 -12.6715 12.6505 -0.0210272
195.247 -0.0149096 0.00256374 -12.676 12.655 -0.0210239
195.258 -0.0149074 0.00256673 -12.6805 12.6595 -0.0210204
195.27 -0.0149048 0.00256981 -12.685 12.664 -0.0210171
195.281 -0.0149024 0.00257282 -12.6896 12.6686 -0.0210139
195.292 -0.0149009 0.00257566 -12.6942 12.6732 -0.0210096
195.303 -0.014899 0.00257854 -12.6988 12.6778 -0.0210052
195.315 -0.0148969 0.00258157 -12.7034 12.6824 -0.0210007
195.326 -0.0148948 0.00258414 -12.7081 12.6871 -0.0209962
195.337 -0.0148923 0.00258713 -12.7128 12.6918 -0.0209911
195.348 -0.014889 0.00258889 -12.7175 12.6966 -0.0209857
195.36 -0.0148865 0.00259102 -12.7223 12.7014 -0.0209803
195.371 -0.0148831 0.00259265 -12.7271 12.7061 -0.0209765
195.382 -0.01488 0.00259541 -12.7319 12.711 -0.0209719
195.393 -0.0148765 0.00259701 -12.7367 12.7158 -0.020967
195.404 -0.0148732 0.00259884 -12.7416 12.7206 -0.0209621
195.416 -0.0148708 0.00260116 -12.7464 12.7255 -0.020958
195.427 -0.0148687 0.00260329 -12.7512 12.7303 -0.0209543
195.438 -0.0148666 0.00260564 -12.7561 12.7351 -0.0209504
195.449 -0.0148649 0.00260826 -12.7609 12.7399 -0.0209468
195.461 -0.0148631 0.00261089 -12.7657 12.7448 -0.020943
195.472 -0.0148616 0.00261332 -12.7705 12.7496 -0.0209393
195.483 -0.0148602 0.00261581 -12.7754 12.7544 -0.0209358
195.494 -0.0148581 0.00261836 -12.7802 12.7592 -0.020932
195.506 -0.0148558 0.002621 -12.785 12.7641 -0.020929
195.517 -0.0148535 0.00262374 -12.7898 12.7689 -0.0209256
195.528 -0.0148512 0.00262699 -12.7946 12.7737 -0.0209214
195.539 -0.0148492 0.00263023 -12.7994 12.7785 -0.0209172
195.551 -0.0148469 0.00263335 -12.8043 12.7833 -0.0209132
195.562 -0.0148444 0.00263657 -12.8091 12.7881 -0.0209091
195.573 -0.014842 0.00264006 -12.8139 12.793 -0.0209056
195.584 -0.0148401 0.00264282 -12.8187 12.7978 -0.0209024
195.596 -0.0148381 0.00264559 -12.8235 12.8026 -0.020899
195.607 -0.0148366 0.00264791 -12.8282 12.8073 -0.0208956
195.618 -0.0148353 0.00265047 -12.833 12.8121 -0.0208922
195.629 -0.0148335 0.00265261 -12.8378 12.8169 -0.0208885
195.64 -0.0148313 0.00265524 -12.8425 12.8216 -0.0208851
195.652 -0.014829 0.00265776 -12.8472 12.8263 -0.020882
195.663 -0.0148266 0.00265981 -12.8519 12.831 -0.0208788
195.674 -0.0148241 0.00266254 -12.8565 12.8357 -0.0208755
195.685 -0.014821 0.00266464 -12.8612 12.8403 -0.0208736
195.697 -0.0148188 0.00266675 -12.8657 12.8449 -0.0208712
195.708 -0.0148167 0.00266915 -12.8703 12.8494 -0.0208692
195.719 -0.0148155 0.00267143 -12.8748 12.8539 -0.0208667
195.73 -0.0148136 0.00267328 -12.8793 12.8584 -0.0208637
195.742 -0.0148118 0.00267536 -12.8837 12.8629 -0.0208605
195.753 -0.0148108 0.00267757 -12.8882 12.8673 -0.0208581
195.764 -0.0148094 0.00267974 -12.8926 12.8717 -0.0208553
195.775 -0.0148078 0.00268227 -12.897 12.8761 -0.020853
195.787 -0.0148059 0.00268546 -12.9013 12.8805 -0.0208504
195.798 -0.0148039 0.00268802 -12.9056 12.8848 -0.0208471
195.809 -0.0148019 0.00269048 -12.9099 12.8891 -0.0208437
195.82 -0.0148004 0.0026933 -12.9142 12.8933 -0.0208414
195.831 -0.0147986 0.00269574 -12.9184 12.8976 -0.0208386
195.843 -0.0147966 0.00269816 -12.9226 12.9017 -0.0208353
195.854 -0.0147943 0.00270058 -12.9268 12.9059 -0.0208315
195.865 -0.014793 0.00270309 -12.9309 12.9101 -0.0208277
195.876 -0.0147918 0.00270513 -12.935 12.9142 -0.0208243
195.888 -0.0147895 0.00270709 -12.9391 12.9183 -0.0208206
195.899 -0.0147875 0.00270942 -12.9431 12.9223 -0.0208171
195.91 -0.0147852 0.00271131 -12.9471 12.9263 -0.0208138
195.921 -0.014783 0.00271264 -12.9511 12.9303 -0.0208105
195.933 -0.0147809 0.00271406 -12.955 12.9342 -0.0208068
195.944 -0.0147787 0.00271571 -12.9589 12.9381 -0.0208033
195.955 -0.0147763 0.00271751 -12.9627 12.9419 -0.0207994
195.966 -0.0147742 0.00271914 -12.9665 12.9457 -0.0207954
195.978 -0.0147717 0.0027206 -12.9702 12.9494 -0.0207915
195.989 -0.0147692 0.00272233 -12.9739 12.9531 -0.0207877
196 -0.0147671 0.00272401 -12.9775 12.9567 -0.0207839
196.011 -0.0147645 0.00272557 -12.9811 12.9603 -0.020781
196.022 -0.0147619 0.00272687 -12.9846 12.9639 -0.020778
196.034 -0.0147595 0.002728 -12.9881 12.9673 -0.0207745
196.045 -0.0147573 0.00272934 -12.9915 12.9707 -0.0207717
196.056 -0.0147551 0.00273019 -12.9948 12.974 -0.0207689
196.067 -0.0147531 0.00273151 -12.998 12.9772 -0.020766
196.079 -0.0147515 0.00273254 -13.0011 12.9804 -0.0207631
196.09 -0.0147495 0.00273323 -13.0043 12.9835 -0.0207608
196.101 -0.0147477 0.00273376 -13.0072 12.9865 -0.0207586
196.112 -0.0147454 0.00273437 -13.0102 12.9894 -0.0207564
196.124 -0.0147435 0.00273541 -13.013 12.9923 -0.0207534
196.135 -0.0147419 0.00273664 -13.0158 12.9951 -0.0207495
196.146 -0.0147404 0.002738 -13.0185 12.9978 -0.0207458
196.157 -0.0147391 0.00273941 -13.0212 13.0005 -0.0207419
196.169 -0.0147378 0.00274044 -13.0238 13.003 -0.0207375
196.18 -0.014736 0.00274232 -13.0263 13.0056 -0.0207334
196.191 -0.0147336 0.00274391 -13.0288 13.008 -0.0207287
196.202 -0.0147316 0.00274547 -13.0311 13.0104 -0.0207235
196.213 -0.0147296 0.00274714 -13.0334 13.0127 -0.0207184
196.225 -0.0147274 0.00274906 -13.0356 13.0149 -0.020713
196.236 -0.0147253 0.00275046 -13.0378 13.0171 -0.0207076
196.247 -0.0147234 0.00275217 -13.0398 13.0191 -0.0207028
196.258 -0.0147217 0.00275358 -13.0418 13.0211 -0.0206986
196.27 -0.0147198 0.00275517 -13.0436 13.0229 -0.0206938
196.281 -0.0147175 0.0027566 -13.0454 13.0247 -0.0206899
196.292 -0.0147159 0.00275721 -13.0471 13.0264 -0.0206865
196.303 -0.0147145 0.00275777 -13.0487 13.028 -0.0206834
196.315 -0.0147125 0.00275902 -13.0501 13.0294 -0.0206811
196.326 -0.0147105 0.00276021 -13.0515 13.0308 -0.0206781
196.337 -0.014709 0.00276125 -13.0527 13.032 -0.0206749
196.348 -0.0147067 0.00276218 -13.0538 13.0331 -0.0206728
196.36 -0.0147043 0.00276306 -13.0548 13.0342 -0.0206712
196.371 -0.0147017 0.00276417 -13.0557 13.035 -0.0206688
196.382 -0.0146991 0.00276497 -13.0565 13.0358 -0.0206668
196.393 -0.0146976 0.00276574 -13.0571 13.0365 -0.0206645
196.404 -0.0146963 0.00276625 -13.0576 13.037 -0.0206619
196.416 -0.0146944 0.00276664 -13.058 13.0374 -0.0206596
196.427 -0.0146929 0.00276684 -13.0583 13.0377 -0.020657
196.438 -0.0146912 0.00276732 -13.0585 13.0378 -0.0206547
196.449 -0.0146894 0.00276767 -13.0585 13.0378 -0.0206522
196.461 -0.0146876 0.00276859 -13.0584 13.0377 -0.0206495
196.472 -0.0146854 0.00276945 -13.0582 13.0375 -0.0206465
196.483 -0.0146826 0.0027705 -13.0578 13.0372 -0.0206434
196.494 -0.0146803 0.00277192 -13.0574 13.0367 -0.0206409
196.506 -0.0146784 0.00277264 -13.0568 13.0361 -0.0206378
196.517 -0.014677 0.00277395 -13.0561 13.0354 -0.0206341
196.528 -0.0146758 0.00277502 -13.0553 13.0346 -0.0206308
196.539 -0.0146748 0.00277595 -13.0543 13.0337 -0.0206268
196.551 -0.0146739 0.00277666 -13.0533 13.0326 -0.0206237
196.562 -0.0146729 0.00277653 -13.0521 13.0315 -0.0206206
196.573 -0.0146718 0.00277645 -13.0508 13.0301 -0.0206176
196.584 -0.0146708 0.00277628 -13.0493 13.0287 -0.0206153
196.596 -0.01467 0.00277615 -13.0477 13.0271 -0.0206129
196.607 -0.0146693 0.00277563 -13.046 13.0254 -0.0206095
196.618 -0.0146684 0.00277576 -13.0442 13.0236 -0.0206067
196.629 -0.0146677 0.00277572 -13.0423 13.0217 -0.0206027
196.64 -0.0146658 0.00277612 -13.0402 13.0196 -0.0205986
196.652 -0.0146644 0.00277662 -13.038 13.0174 -0.0205953
196.663 -0.0146629 0.00277626 -13.0358 13.0152 -0.0205922
196.674 -0.0146615 0.002776 -13.0334 13.0128 -0.0205887
196.685 -0.0146603 0.00277555 -13.0309 13.0103 -0.0205843
196.697 -0.0146594 0.00277565 -13.0282 13.0077 -0.0205804
196.708 -0.0146575 0.00277656 -13.0255 13.0049 -0.0205769
196.719 -0.0146562 0.0027778 -13.0227 13.0021 -0.0205735
196.73 -0.0146547 0.00277822 -13.0197 12.9992 -0.02057
196.742 -0.0146534 0.00277868 -13.0166 12.9961 -0.0205664
196.753 -0.0146521 0.002779 -13.0134 12.9928 -0.0205628
196.764 -0.0146506 0.00277888 -13.0101 12.9895 -0.0205594
196.775 -0.0146489 0.00277886 -13.0066 12.9861 -0.0205556
196.787 -0.0146478 0.00277853 -13.003 12.9825 -0.0205526
196.798 -0.0146464 0.0027785 -12.9993 12.9788 -0.0205504
196.809 -0.0146453 0.00277798 -12.9955 12.9749 -0.0205475
196.82 -0.0146449 0.00277754 -12.9915 12.971 -0.0205442
196.831 -0.0146439 0.00277674 -12.9874 12.9669 -0.0205411
196.843 -0.0146432 0.0027766 -12.9832 12.9627 -0.0205384
196.854 -0.0146426 0.00277611 -12.9789 12.9584 -0.0205348
196.865 -0.0146422 0.00277468 -12.9745 12.9539 -0.0205311
196.876 -0.0146418 0.00277403 -12.9699 12.9494 -0.0205276
196.888 -0.0146411 0.00277319 -12.9652 12.9447 -0.0205249
196.899 -0.0146402 0.00277248 -12.9604 12.9399 -0.020523
196.91 -0.0146395 0.00277137 -12.9555 12.935 -0.0205209
196.921 -0.014639 0.00277018 -12.9504 12.9299 -0.0205181
196.933 -0.0146393 0.00276895 -12.9452 12.9247 -0.0205162
196.944 -0.0146394 0.002767 -12.9399 12.9194 -0.0205135
196.955 -0.0146392 0.00276581 -12.9345 12.914 -0.0205114
196.966 -0.0146386 0.00276466 -12.929 12.9085 -0.0205091
196.978 -0.0146378 0.00276401 -12.9233 12.9028 -0.0205072
196.989 -0.0146369 0.00276368 -12.9175 12.897 -0.0205061
197 -0.0146359 0.00276389 -12.9116 12.8911 -0.0205041
197.011 -0.0146353 0.00276401 -12.9056 12.8851 -0.0205016
197.022 -0.0146345 0.00276459 -12.8994 12.8789 -0.0204989
197.034 -0.0146342 0.00276516 -12.8932 12.8727 -0.0204962
197.045 -0.0146334 0.00276533 -12.8868 12.8664 -0.0204929
197.056 -0.0146325 0.00276514 -12.8804 12.8599 -0.0204899
197.067 -0.0146315 0.0027647 -12.8738 12.8534 -0.0204868
197.079 -0.0146313 0.00276389 -12.8672 12.8467 -0.0204837
197.09 -0.0146302 0.00276359 -12.8604 12.84 -0.0204811
197.101 -0.0146299 0.00276313 -12.8536 12.8331 -0.0204784
197.112 -0.0146293 0.00276225 -12.8466 12.8262 -0.0204753
197.124 -0.0146294 0.00276199 -12.8396 12.8191 -0.0204718
197.135 -0.0146292 0.00276257 -12.8325 12.812 -0.0204683
197.146 -0.01463 0.00276309 -12.8252 12.8048 -0.0204641
197.157 -0.0146308 0.00276292 -12.8179 12.7975 -0.0204601
197.169 -0.0146318 0.00276295 -12.8106 12.7901 -0.0204568
197.18 -0.0146321 0.00276366 -12.8031 12.7827 -0.0204535
197.191 -0.0146324 0.00276364 -12.7956 12.7751 -0.0204504
197.202 -0.0146324 0.002764 -12.788 12.7675 -0.0204481
197.213 -0.0146326 0.0027643 -12.7803 12.7598 -0.0204454
197.225 -0.0146326 0.00276415 -12.7725 12.752 -0.020443
197.236 -0.0146328 0.00276408 -12.7646 12.7442 -0.0204406
197.247 -0.0146323 0.00276391 -12.7567 12.7363 -0.020439
197.258 -0.0146318 0.00276392 -12.7487 12.7282 -0.0204372
197.27 -0.0146315 0.00276465 -12.7406 12.7201 -0.0204358
197.281 -0.0146309 0.00276409 -12.7324 12.712 -0.0204338
197.292 -0.0146305 0.00276387 -12.7242 12.7037 -0.0204314
197.303 -0.0146302 0.00276342 -12.7159 12.6955 -0.0204285
197.315 -0.0146306 0.00276382 -12.7075 12.6871 -0.0204256
197.326 -0.0146303 0.00276392 -12.6991 12.6787 -0.020423
197.337 -0.0146304 0.0027639 -12.6906 12.6702 -0.0204206
197.348 -0.0146299 0.00276381 -12.6821 12.6617 -0.020418
197.36 -0.0146302 0.00276393 -12.6735 12.6531 -0.0204148
197.371 -0.0146305 0.00276407 -12.6648 12.6444 -0.0204115
197.382 -0.0146312 0.00276412 -12.6561 12.6357 -0.0204079
197.393 -0.0146316 0.00276399 -12.6473 12.6269 -0.0204048
197.404 -0.0146327 0.00276317 -12.6385 12.6181 -0.0204015
197.416 -0.014633 0.00276348 -12.6296 12.6092 -0.0203979
197.427 -0.0146338 0.00276337 -12.6207 12.6003 -0.0203945
197.438 -0.0146336 0.00276289 -12.6117 12.5913 -0.020392
197.449 -0.0146338 0.0027623 -12.6026 12.5822 -0.0203897
197.461 -0.0146333 0.00276178 -12.5934 12.573 -0.020388
197.472 -0.0146334 0.002761 -12.5841 12.5638 -0.0203864
197.483 -0.0146334 0.00276023 -12.5748 12.5544 -0.0203849
197.494 -0.0146343 0.00275987 -12.5654 12.5451 -0.0203828
197.506 -0.0146343 0.0027599 -12.556 12.5356 -0.0203812
197.517 -0.0146342 0.00275949 -12.5465 12.5261 -0.0203794
197.528 -0.0146343 0.00275904 -12.5369 12.5166 -0.0203784
197.539 -0.0146345 0.00275804 -12.5274 12.507 -0.0203764
197.551 -0.0146345 0.0027573 -12.5177 12.4973 -0.0203744
197.562 -0.0146342 0.00275612 -12.508 12.4876 -0.020372
197.573 -0.0146331 0.00275543 -12.4983 12.4779 -0.0203705
197.584 -0.0146329 0.002756 -12.4885 12.4681 -0.0203683
197.596 -0.0146332 0.00275632 -12.4787 12.4583 -0.0203662
197.607 -0.0146337 0.00275578 -12.4689 12.4486 -0.0203642
197.618 -0.0146351 0.00275501 -12.4591 12.4387 -0.0203612
197.629 -0.0146353 0.0027554 -12.4493 12.4289 -0.0203586
197.64 -0.0146355 0.00275609 -12.4395 12.4191 -0.0203571
197.652 -0.0146357 0.00275598 -12.4296 12.4093 -0.0203551
197.663 -0.0146357 0.00275661 -12.4198 12.3994 -0.0203534
197.674 -0.0146353 0.00275638 -12.4099 12.3896 -0.0203511
197.685 -0.0146344 0.00275598 -12.4 12.3797 -0.0203487
197.697 -0.0146337 0.00275567 -12.3901 12.3698 -0.0203468
197.708 -0.0146326 0.00275515 -12.3802 12.3599 -0.0203453
197.719 -0.014632 0.00275445 -12.3703 12.35 -0.0203429
197.73 -0.0146317 0.00275406 -12.3604 12.34 -0.0203406
197.742 -0.0146314 0.00275364 -12.3504 12.3301 -0.0203391
197.753 -0.0146309 0.00275407 -12.3405 12.3201 -0.0203382
197.764 -0.014632 0.00275412 -12.3305 12.3102 -0.020336
197.775 -0.0146327 0.0027539 -12.3205 12.3002 -0.0203336
197.787 -0.0146335 0.00275362 -12.3106 12.2902 -0.0203313
197.798 -0.0146343 0.00275318 -12.3006 12.2803 -0.020329
197.809 -0.0146346 0.00275325 -12.2907 12.2703 -0.0203274
197.82 -0.0146346 0.0027538 -12.2808 12.2604 -0.0203257
197.831 -0.0146343 0.00275434 -12.2709 12.2505 -0.0203243
197.843 -0.0146343 0.00275494 -12.261 12.2406 -0.0203227
197.854 -0.0146339 0.0027557 -12.2511 12.2307 -0.020321
197.865 -0.0146336 0.00275631 -12.2412 12.2208 -0.0203195
197.876 -0.0146342 0.00275634 -12.2313 12.211 -0.0203178
197.888 -0.0146343 0.00275589 -12.2214 12.2011 -0.0203162
197.899 -0.0146343 0.00275512 -12.2115 12.1912 -0.0203149
197.91 -0.0146342 0.00275457 -12.2017 12.1814 -0.0203144
197.921 -0.0146342 0.0027547 -12.1918 12.1715 -0.0203136
197.933 -0.0146339 0.00275479 -12.182 12.1617 -0.0203124
197.944 -0.0146332 0.00275516 -12.1722 12.1518 -0.0203114
197.955 -0.0146324 0.00275546 -12.1624 12.142 -0.0203091
197.966 -0.0146317 0.00275578 -12.1526 12.1323 -0.0203065
197.978 -0.0146319 0.00275605 -12.1429 12.1226 -0.0203046
197.989 -0.0146316 0.00275608 -12.1332 12.1128 -0.0203025
198 -0.0146308 0.00275542 -12.1235 12.1032 -0.0203008
198.011 -0.0146302 0.00275474 -12.1139 12.0936 -0.0202989
198.022 -0.0146295 0.00275443 -12.1043 12.084 -0.0202973
198.034 -0.014629 0.00275349 -12.0948 12.0745 -0.0202958
198.045 -0.0146285 0.00275338 -12.0853 12.065 -0.0202946
198.056 -0.0146286 0.00275435 -12.0759 12.0556 -0.0202931
198.067 -0.0146282 0.00275516 -12.0664 12.0461 -0.0202919
198.079 -0.0146275 0.0027555 -12.0571 12.0368 -0.0202906
198.09 -0.014627 0.00275553 -12.0477 12.0274 -0.0202887
198.101 -0.0146281 0.00275546 -12.0384 12.0181 -0.0202854
198.112 -0.0146291 0.00275553 -12.0291 12.0089 -0.0202827
198.124 -0.0146295 0.00275621 -12.02 11.9997 -0.0202802
198.135 -0.0146291 0.00275628 -12.0108 11.9906 -0.0202773
198.146 -0.0146293 0.00275555 -12.0018 11.9815 -0.0202754
198.157 -0.0146293 0.00275539 -11.9928 11.9725 -0.0202739
198.169 -0.0146292 0.00275533 -11.9838 11.9636 -0.0202731
198.18 -0.0146286 0.00275465 -11.9749 11.9547 -0.020272
198.191 -0.0146279 0.00275428 -11.966 11.9458 -0.0202701
198.202 -0.0146267 0.00275468 -11.9572 11.937 -0.0202695
198.213 -0.0146259 0.00275465 -11.9485 11.9282 -0.0202685
198.225 -0.0146247 0.00275435 -11.9397 11.9195 -0.0202672
198.236 -0.0146242 0.00275325 -11.9311 11.9108 -0.0202652
198.247 -0.0146238 0.00275179 -11.9225 11.9022 -0.0202625
198.258 -0.0146238 0.00275039 -11.914 11.8938 -0.0202594
198.27 -0.0146231 0.0027496 -11.9056 11.8853 -0.0202565
198.281 -0.0146224 0.0027491 -11.8973 11.877 -0.0202542
198.292 -0.0146215 0.00274896 -11.889 11.8687 -0.0202525
198.303 -0.0146205 0.00274826 -11.8808 11.8605 -0.0202502
198.315 -0.0146198 0.00274739 -11.8726 11.8524 -0.0202481
198.326 -0.014619 0.00274677 -11.8646 11.8443 -0.0202452
198.337 -0.0146188 0.00274567 -11.8565 11.8363 -0.0202423
198.348 -0.0146185 0.00274507 -11.8486 11.8284 -0.0202399
198.36 -0.0146181 0.00274482 -11.8408 11.8206 -0.0202366
198.371 -0.0146174 0.00274436 -11.833 11.8128 -0.0202335
198.382 -0.0146166 0.00274357 -11.8254 11.8052 -0.0202304
198.393 -0.0146157 0.00274338 -11.8178 11.7976 -0.020228
198.404 -0.0146153 0.00274331 -11.8103 11.7901 -0.020226
198.416 -0.0146146 0.00274347 -11.8029 11.7826 -0.0202244
198.427 -0.0146132 0.0027437 -11.7955 11.7753 -0.0202227
198.438 -0.0146117 0.00274401 -11.7882 11.7679 -0.0202213
198.449 -0.0146104 0.00274486 -11.7809 11.7607 -0.0202203
198.461 -0.0146097 0.00274531 -11.7737 11.7535 -0.0202182
198.472 -0.014609 0.00274534 -11.7666 11.7464 -0.0202153
198.483 -0.0146086 0.00274535 -11.7596 11.7394 -0.0202114
198.494 -0.014608 0.00274538 -11.7526 11.7324 -0.0202079
198.506 -0.014607 0.00274611 -11.7458 11.7256 -0.0202055
198.517 -0.0146059 0.00274644 -11.739 11.7188 -0.020203
198.528 -0.0146055 0.00274618 -11.7323 11.7121 -0.0201992
198.539 -0.0146046 0.00274575 -11.7258 11.7056 -0.0201959
198.551 -0.0146044 0.00274518 -11.7193 11.6991 -0.0201933
198.562 -0.0146042 0.00274496 -11.713 11.6928 -0.02019
198.573 -0.0146039 0.00274422 -11.7067 11.6865 -0.0201864
198.584 -0.0146035 0.00274402 -11.7006 11.6804 -0.0201836
198.596 -0.0146032 0.00274329 -11.6945 11.6743 -0.0201799
198.607 -0.0146021 0.0027426 -11.6885 11.6684 -0.0201771
198.618 -0.0146007 0.00274223 -11.6827 11.6625 -0.0201743
198.629 -0.0145989 0.00274162 -11.6768 11.6567 -0.0201716
198.64 -0.0145977 0.00274057 -11.6711 11.6509 -0.0201695
198.652 -0.0145963 0.00273968 -11.6654 11.6453 -0.0201677
198.663 -0.0145946 0.00273873 -11.6598 11.6396 -0.020166
198.674 -0.014593 0.00273784 -11.6543 11.6341 -0.0201646
198.685 -0.0145916 0.00273712 -11.6488 11.6287 -0.020163
198.697 -0.0145901 0.002737 -11.6434 11.6233 -0.020162
198.708 -0.0145886 0.00273682 -11.6381 11.6179 -0.0201611
198.719 -0.0145878 0.00273632 -11.6328 11.6126 -0.0201587
198.73 -0.0145869 0.00273572 -11.6275 11.6073 -0.0201555
198.742 -0.014585 0.00273491 -11.6224 11.6022 -0.0201525
198.753 -0.0145838 0.00273411 -11.6173 11.5972 -0.0201498
198.764 -0.0145831 0.00273386 -11.6124 11.5923 -0.0201463
198.775 -0.0145821 0.00273407 -11.6076 11.5874 -0.0201435
198.787 -0.0145802 0.00273418 -11.6029 11.5827 -0.0201417
198.798 -0.0145786 0.00273441 -11.5982 11.5781 -0.0201387
198.809 -0.0145766 0.00273451 -11.5937 11.5735 -0.0201363
198.82 -0.014575 0.00273452 -11.5892 11.5691 -0.0201337
198.831 -0.0145739 0.00273429 -11.5849 11.5647 -0.0201309
198.843 -0.0145728 0.0027331 -11.5806 11.5605 -0.0201278
198.854 -0.0145724 0.00273223 -11.5764 11.5563 -0.0201245
198.865 -0.0145716 0.00273083 -11.5724 11.5523 -0.0201212
198.876 -0.0145705 0.00272979 -11.5684 11.5483 -0.0201182
198.888 -0.0145697 0.00272871 -11.5645 11.5444 -0.0201156
198.899 -0.014569 0.00272759 -11.5607 11.5406 -0.0201135
198.91 -0.014568 0.00272643 -11.557 11.5369 -0.0201106
198.921 -0.0145671 0.00272651 -11.5534 11.5333 -0.020108
198.933 -0.0145665 0.00272672 -11.5498 11.5297 -0.0201049
198.944 -0.0145653 0.00272739 -11.5464 11.5263 -0.0201012
198.955 -0.0145641 0.00272776 -11.543 11.5229 -0.0200983
198.966 -0.0145633 0.00272801 -11.5397 11.5196 -0.020096
198.978 -0.0145621 0.00272836 -11.5365 11.5164 -0.0200936
198.989 -0.0145602 0.0027286 -11.5334 11.5133 -0.0200916
199 -0.0145579 0.00272841 -11.5303 11.5102 -0.0200901
199.011 -0.0145556 0.00272817 -11.5273 11.5072 -0.0200885
199.022 -0.0145534 0.00272795 -11.5244 11.5043 -0.020088
199.034 -0.0145514 0.00272764 -11.5215 11.5014 -0.0200872
199.045 -0.0145488 0.00272761 -11.5187 11.4986 -0.0200864
199.056 -0.0145473 0.00272669 -11.516 11.4959 -0.0200845
199.067 -0.0145454 0.00272537 -11.5133 11.4932 -0.0200817
199.079 -0.0145432 0.00272444 -11.5108 11.4907 -0.0200783
199.09 -0.0145419 0.00272315 -11.5083 11.4882 -0.0200748
199.101 -0.0145402 0.00272271 -11.5059 11.4859 -0.0200713
199.112 -0.014538 0.0027225 -11.5037 11.4836 -0.0200684
199.124 -0.0145356 0.00272221 -11.5015 11.4815 -0.0200654
199.135 -0.0145332 0.00272173 -11.4995 11.4794 -0.0200624
199.146 -0.0145303 0.00272061 -11.4975 11.4775 -0.0200584
199.157 -0.0145282 0.00271926 -11.4957 11.4756 -0.0200547
199.169 -0.0145266 0.00271844 -11.4939 11.4739 -0.0200497
199.18 -0.0145247 0.00271796 -11.4923 11.4723 -0.0200455
199.191 -0.0145229 0.00271763 -11.4908 11.4708 -0.0200418
199.202 -0.0145216 0.00271726 -11.4894 11.4694 -0.0200373
199.213 -0.0145195 0.00271596 -11.4881 11.4681 -0.0200333
199.225 -0.014518 0.00271488 -11.4869 11.4669 -0.0200299
199.236 -0.0145159 0.0027145 -11.4858 11.4658 -0.0200273
199.247 -0.0145141 0.00271497 -11.4848 11.4648 -0.0200246
199.258 -0.0145129 0.00271449 -11.4839 11.4639 -0.0200215
199.27 -0.0145118 0.00271401 -11.4831 11.463 -0.0200183
199.281 -0.0145104 0.0027131 -11.4823 11.4623 -0.0200146
199.292 -0.0145092 0.00271247 -11.4817 11.4617 -0.0200115
199.303 -0.0145078 0.00271169 -11.4811 11.4611 -0.0200078
199.315 -0.0145062 0.00271135 -11.4807 11.4607 -0.0200047
199.326 -0.0145049 0.002711 -11.4803 11.4603 -0.0200009
199.337 -0.0145038 0.00271023 -11.4801 11.4601 -0.0199975
199.348 -0.0145021 0.00270955 -11.4799 11.46 -0.019994
199.36 -0.0145001 0.0027091 -11.4799 11.4599 -0.0199909
199.371 -0.0144983 0.00270863 -11.4799 11.46 -0.0199875
199.382 -0.0144968 0.00270865 -11.4801 11.4601 -0.0199852
199.393 -0.0144956 0.00270836 -11.4803 11.4603 -0.0199838
199.404 -0.0144938 0.00270814 -11.4805 11.4606 -0.0199825
199.416 -0.0144917 0.00270776 -11.4809 11.4609 -0.019981
199.427 -0.0144896 0.00270739 -11.4813 11.4613 -0.0199793
199.438 -0.0144879 0.00270689 -11.4818 11.4618 -0.0199773
199.449 -0.0144859 0.00270666 -11.4823 11.4623 -0.0199745
199.461 -0.0144843 0.0027063 -11.483 11.463 -0.0199718
199.472 -0.0144829 0.00270579 -11.4837 11.4637 -0.0199689
199.483 -0.0144813 0.00270571 -11.4844 11.4645 -0.0199664
199.494 -0.0144793 0.00270605 -11.4853 11.4653 -0.0199647
199.506 -0.014477 0.0027067 -11.4862 11.4662 -0.0199625
199.517 -0.0144749 0.00270702 -11.4871 11.4671 -0.01996
199.528 -0.0144725 0.0027081 -11.4881 11.4682 -0.0199581
199.539 -0.0144703 0.00270801 -11.4892 11.4692 -0.0199547
199.551 -0.0144682 0.00270819 -11.4904 11.4704 -0.019952
199.562 -0.0144663 0.00270851 -11.4916 11.4716 -0.0199493
199.573 -0.0144643 0.00270861 -11.4929 11.4729 -0.0199468
199.584 -0.0144624 0.00270871 -11.4942 11.4743 -0.019944
199.596 -0.0144609 0.00270904 -11.4956 11.4757 -0.019941
199.607 -0.0144589 0.00270921 -11.4971 11.4772 -0.0199376
199.618 -0.0144577 0.00270908 -11.4987 11.4788 -0.0199336
199.629 -0.0144562 0.0027088 -11.5004 11.4805 -0.0199291
199.64 -0.014455 0.00270869 -11.5021 11.4822 -0.0199246
199.652 -0.014454 0.00270793 -11.504 11.484 -0.0199203
199.663 -0.0144529 0.00270792 -11.5059 11.486 -0.0199156
199.674 -0.0144514 0.00270764 -11.5079 11.488 -0.0199105
199.685 -0.0144504 0.00270753 -11.51 11.4901 -0.0199055
199.697 -0.0144494 0.00270693 -11.5121 11.4922 -0.0199009
199.708 -0.0144491 0.00270668 -11.5144 11.4945 -0.0198972
199.719 -0.0144481 0.0027066 -11.5166 11.4967 -0.0198935
199.73 -0.0144473 0.00270586 -11.519 11.4991 -0.0198898
199.742 -0.0144461 0.00270583 -11.5214 11.5015 -0.0198857
199.753 -0.0144446 0.00270554 -11.5239 11.504 -0.0198814
199.764 -0.0144434 0.00270489 -11.5264 11.5065 -0.0198777
199.775 -0.0144424 0.0027044 -11.529 11.5091 -0.0198737
199.787 -0.0144413 0.00270365 -11.5316 11.5118 -0.0198693
199.798 -0.0144399 0.00270289 -11.5343 11.5145 -0.0198652
199.809 -0.0144383 0.00270211 -11.5371 11.5172 -0.0198606
199.82 -0.0144369 0.00270109 -11.5399 11.5201 -0.0198565
199.831 -0.0144351 0.00270063 -11.5428 11.5229 -0.019852
199.843 -0.0144337 0.0026997 -11.5457 11.5259 -0.0198479
199.854 -0.0144325 0.00269924 -11.5487 11.5289 -0.0198437
199.865 -0.0144313 0.00269875 -11.5518 11.5319 -0.0198398
199.876 -0.0144296 0.00269796 -11.5548 11.535 -0.0198354
199.888 -0.0144282 0.00269721 -11.558 11.5381 -0.0198311
199.899 -0.0144274 0.00269657 -11.5611 11.5413 -0.0198271
199.91 -0.0144264 0.00269575 -11.5644 11.5446 -0.0198227
199.921 -0.0144255 0.00269514 -11.5676 11.5478 -0.0198178
199.933 -0.014425 0.00269489 -11.571 11.5511 -0.0198133
199.944 -0.0144239 0.00269426 -11.5743 11.5545 -0.0198085
199.955 -0.0144228 0.00269342 -11.5777 11.5579 -0.0198034
199.966 -0.0144217 0.00269219 -11.5812 11.5614 -0.0197987
199.978 -0.0144205 0.00269098 -11.5846 11.5648 -0.0197936
199.989 -0.0144189 0.00269011 -11.5881 11.5684 -0.0197887
200 -0.0144178 0.00268955 -11.5917 11.5719 -0.0197842
200.011 -0.0144168 0.0026888 -11.5953 11.5755 -0.0197792
200.022 -0.0144163 0.0026884 -11.5989 11.5791 -0.0197746
200.034 -0.0144147 0.00268869 -11.6025 11.5828 -0.019771
200.045 -0.0144132 0.00268891 -11.6061 11.5864 -0.0197671
200.056 -0.0144115 0.0026889 -11.6098 11.59 -0.0197634
200.067 -0.0144103 0.00268895 -11.6135 11.5937 -0.019759
200.079 -0.014409 0.00268881 -11.6171 11.5974 -0.019755
200.09 -0.0144077 0.00268825 -11.6208 11.6011 -0.0197508
200.101 -0.0144064 0.0026879 -11.6245 11.6048 -0.0197463
200.112 -0.0144054 0.00268776 -11.6282 11.6085 -0.0197419
200.124 -0.0144042 0.00268716 -11.6319 11.6122 -0.0197375
200.135 -0.0144027 0.00268718 -11.6357 11.6159 -0.0197332
200.146 -0.0144013 0.0026868 -11.6394 11.6196 -0.0197283
200.157 -0.0144003 0.0026862 -11.6431 11.6234 -0.0197232
200.169 -0.0143993 0.00268573 -11.6469 11.6272 -0.0197189
200.18 -0.0143978 0.0026854 -11.6506 11.6309 -0.0197141
200.191 -0.0143957 0.00268484 -11.6544 11.6346 -0.0197097
200.202 -0.014394 0.00268518 -11.6581 11.6384 -0.0197059
200.213 -0.014392 0.00268504 -11.6619 11.6422 -0.0197018
200.225 -0.0143897 0.00268523 -11.6656 11.6459 -0.0196978
200.236 -0.0143871 0.00268508 -11.6694 11.6497 -0.0196941
200.247 -0.0143848 0.00268513 -11.6731 11.6534 -0.0196908
200.258 -0.0143823 0.00268505 -11.6768 11.6571 -0.0196874
200.27 -0.01438 0.00268453 -11.6805 11.6608 -0.0196841
200.281 -0.0143778 0.00268445 -11.6842 11.6645 -0.0196811
200.292 -0.0143757 0.00268439 -11.6879 11.6682 -0.0196776
200.303 -0.0143733 0.00268433 -11.6916 11.6719 -0.0196746
200.315 -0.0143711 0.00268456 -11.6952 11.6756 -0.0196715
200.326 -0.0143688 0.00268466 -11.6988 11.6792 -0.0196687
200.337 -0.0143663 0.00268478 -11.7025 11.6828 -0.0196657
200.348 -0.0143639 0.00268488 -11.7061 11.6864 -0.0196623
200.36 -0.014361 0.00268477 -11.7097 11.69 -0.019659
200.371 -0.0143582 0.00268483 -11.7133 11.6936 -0.0196557
200.382 -0.0143555 0.00268533 -11.7168 11.6972 -0.019652
200.393 -0.0143526 0.00268583 -11.7204 11.7007 -0.0196483
200.404 -0.0143494 0.0026858 -11.7239 11.7043 -0.0196443
200.416 -0.0143465 0.00268603 -11.7274 11.7078 -0.0196399
200.427 -0.0143436 0.00268665 -11.731 11.7113 -0.0196359
200.438 -0.0143407 0.0026865 -11.7345 11.7149 -0.0196322
200.449 -0.0143379 0.00268727 -11.738 11.7184 -0.0196278
200.461 -0.0143348 0.00268714 -11.7416 11.7219 -0.0196249
200.472 -0.0143318 0.00268774 -11.7451 11.7255 -0.0196214
200.483 -0.0143293 0.00268855 -11.7485 11.7289 -0.0196179
200.494 -0.0143264 0.00268941 -11.752 11.7324 -0.0196144
200.506 -0.0143233 0.00269038 -11.7555 11.7359 -0.0196118
200.517 -0.0143199 0.0026915 -11.7589 11.7393 -0.0196087
200.528 -0.0143169 0.00269228 -11.7624 11.7428 -0.0196054
200.539 -0.0143135 0.00269305 -11.7658 11.7462 -0.019602
200.551 -0.0143107 0.0026936 -11.7692 11.7496 -0.0195981
200.562 -0.0143078 0.00269412 -11.7726 11.753 -0.0195942
200.573 -0.0143054 0.00269418 -11.776 11.7564 -0.0195908
200.584 -0.0143027 0.00269424 -11.7793 11.7597 -0.0195862
200.596 -0.0142993 0.00269421 -11.7827 11.7631 -0.0195822
200.607 -0.0142963 0.00269492 -11.786 11.7664 -0.0195781
200.618 -0.014294 0.00269556 -11.7893 11.7698 -0.0195738
200.629 -0.0142913 0.002696 -11.7927 11.7731 -0.0195692
200.64 -0.0142888 0.00269665 -11.796 11.7764 -0.0195659
200.652 -0.0142862 0.00269691 -11.7992 11.7797 -0.0195622
200.663 -0.0142832 0.00269785 -11.8025 11.7829 -0.0195585
200.674 -0.0142796 0.00269826 -11.8058 11.7862 -0.0195548
200.685 -0.0142757 0.00269888 -11.809 11.7894 -0.0195505
200.697 -0.0142719 0.00270014 -11.8122 11.7927 -0.0195461
200.708 -0.0142678 0.00270116 -11.8154 11.7959 -0.0195419
200.719 -0.0142636 0.0027023 -11.8186 11.7991 -0.0195378
200.73 -0.0142602 0.00270378 -11.8218 11.8023 -0.0195333
200.742 -0.0142563 0.00270569 -11.825 11.8054 -0.0195293
200.753 -0.0142522 0.00270705 -11.8281 11.8086 -0.0195259
200.764 -0.0142484 0.00270826 -11.8312 11.8117 -0.0195225
200.775 -0.0142441 0.00270953 -11.8344 11.8148 -0.0195191
200.787 -0.0142395 0.00271016 -11.8374 11.8179 -0.0195158
200.798 -0.0142347 0.00271156 -11.8405 11.821 -0.0195124
200.809 -0.0142311 0.00271333 -11.8436 11.8241 -0.0195082
200.82 -0.0142275 0.00271475 -11.8466 11.8271 -0.019504
200.831 -0.014224 0.00271648 -11.8497 11.8302 -0.0194999
200.843 -0.0142203 0.00271815 -11.8527 11.8332 -0.0194954
200.854 -0.0142165 0.00271984 -11.8557 11.8362 -0.0194903
200.865 -0.0142126 0.00272053 -11.8587 11.8392 -0.0194862
200.876 -0.0142083 0.00272191 -11.8617 11.8422 -0.0194821
200.888 -0.0142045 0.00272316 -11.8647 11.8452 -0.0194783
200.899 -0.0142015 0.00272425 -11.8676 11.8482 -0.019474
200.91 -0.0141986 0.00272509 -11.8705 11.8511 -0.0194707
200.921 -0.0141953 0.00272608 -11.8734 11.854 -0.0194666
200.933 -0.0141925 0.00272664 -11.8763 11.8568 -0.0194626
200.944 -0.0141896 0.00272778 -11.8791 11.8596 -0.0194583
200.955 -0.0141869 0.00272834 -11.8819 11.8624 -0.019454
200.966 -0.0141842 0.00272923 -11.8846 11.8652 -0.0194505
200.978 -0.0141814 0.00273008 -11.8874 11.8679 -0.0194468
200.989 -0.0141785 0.0027313 -11.89 11.8706 -0.0194431
201 -0.0141757 0.00273249 -11.8927 11.8732 -0.0194399
201.011 -0.0141728 0.00273395 -11.8953 11.8759 -0.0194367
201.022 -0.0141701 0.00273573 -11.8978 11.8784 -0.0194325
201.034 -0.014167 0.00273822 -11.9004 11.8809 -0.0194288
201.045 -0.0141638 0.00274051 -11.9029 11.8834 -0.0194254
201.056 -0.0141616 0.00274303 -11.9053 11.8859 -0.0194218
201.067 -0.0141591 0.00274503 -11.9077 11.8883 -0.0194181
201.079 -0.014156 0.00274675 -11.9101 11.8907 -0.019415
201.09 -0.0141537 0.002748 -11.9124 11.893 -0.0194115
201.101 -0.0141519 0.00274901 -11.9147 11.8953 -0.0194082
201.112 -0.0141496 0.00274982 -11.917 11.8976 -0.0194047
201.124 -0.0141469 0.00275063 -11.9192 11.8998 -0.0194014
201.135 -0.0141448 0.00275199 -11.9213 11.9019 -0.0193971
201.146 -0.0141424 0.00275341 -11.9235 11.9041 -0.0193935
201.157 -0.0141399 0.00275474 -11.9256 11.9062 -0.0193899
201.169 -0.0141373 0.00275608 -11.9277 11.9083 -0.0193857
201.18 -0.0141351 0.00275673 -11.9298 11.9104 -0.0193818
201.191 -0.0141327 0.00275784 -11.9318 11.9124 -0.0193777
201.202 -0.0141303 0.00275933 -11.9338 11.9144 -0.0193741
201.213 -0.0141274 0.00276137 -11.9357 11.9164 -0.0193698
201.225 -0.0141249 0.00276338 -11.9377 11.9183 -0.0193654
201.236 -0.0141223 0.00276501 -11.9396 11.9202 -0.0193611
201.247 -0.0141191 0.00276654 -11.9414 11.9221 -0.0193573
201.258 -0.0141164 0.00276885 -11.9432 11.9239 -0.0193534
201.27 -0.0141134 0.00277056 -11.945 11.9257 -0.0193497
201.281 -0.0141104 0.0027726 -11.9468 11.9274 -0.019346
201.292 -0.0141073 0.00277465 -11.9485 11.9291 -0.019342
201.303 -0.0141046 0.00277707 -11.9502 11.9308 -0.0193379
201.315 -0.0141014 0.00277996 -11.9518 11.9325 -0.0193345
201.326 -0.0140981 0.0027826 -11.9535 11.9341 -0.0193306
201.337 -0.014094 0.00278523 -11.9551 11.9358 -0.0193268
201.348 -0.0140911 0.00278749 -11.9567 11.9374 -0.0193236
201.36 -0.0140878 0.00278909 -11.9582 11.9389 -0.0193205
201.371 -0.0140843 0.00279035 -11.9597 11.9404 -0.0193174
201.382 -0.0140803 0.00279198 -11.9611 11.9418 -0.0193143
201.393 -0.0140765 0.00279334 -11.9625 11.9432 -0.0193104
201.404 -0.0140727 0.00279466 -11.9639 11.9445 -0.0193069
201.416 -0.0140689 0.00279628 -11.9651 11.9458 -0.0193041
201.427 -0.0140654 0.00279718 -11.9664 11.9471 -0.0193015
201.438 -0.0140616 0.002799 -11.9675 11.9482 -0.0192982
201.449 -0.0140583 0.00280047 -11.9687 11.9494 -0.0192952
201.461 -0.0140554 0.00280221 -11.9698 11.9505 -0.0192914
201.472 -0.0140522 0.00280379 -11.9708 11.9515 -0.0192882
201.483 -0.0140493 0.00280519 -11.9719 11.9526 -0.0192856
201.494 -0.0140458 0.00280629 -11.9728 11.9536 -0.0192832
201.506 -0.0140426 0.00280723 -11.9738 11.9545 -0.0192806
201.517 -0.0140389 0.00280834 -11.9747 11.9554 -0.0192778
201.528 -0.0140354 0.00280915 -11.9755 11.9562 -0.0192743
201.539 -0.0140322 0.00281045 -11.9763 11.957 -0.0192711
201.551 -0.0140289 0.00281184 -11.9771 11.9578 -0.0192675
201.562 -0.0140261 0.00281298 -11.9778 11.9585 -0.0192643
201.573 -0.0140233 0.00281397 -11.9785 11.9592 -0.0192613
201.584 -0.0140208 0.00281506 -11.9791 11.9599 -0.0192582
201.596 -0.0140185 0.00281681 -11.9797 11.9605 -0.0192548
201.607 -0.0140158 0.00281914 -11.9803 11.9611 -0.0192512
201.618 -0.0140129 0.00282102 -11.9808 11.9616 -0.0192483
201.629 -0.0140091 0.00282247 -11.9813 11.9621 -0.0192442
201.64 -0.0140048 0.0028244 -11.9817 11.9625 -0.0192404
201.652 -0.0140004 0.00282636 -11.9822 11.9629 -0.0192369
201.663 -0.0139959 0.00282888 -11.9825 11.9633 -0.0192325
201.674 -0.0139918 0.00283185 -11.9829 11.9636 -0.019229
201.685 -0.0139868 0.00283396 -11.9832 11.964 -0.0192263
201.697 -0.0139822 0.00283651 -11.9835 11.9642 -0.0192226
201.708 -0.0139784 0.00283823 -11.9837 11.9645 -0.0192192
201.719 -0.0139749 0.00284039 -11.9839 11.9647 -0.0192157
201.73 -0.0139717 0.00284209 -11.9841 11.9648 -0.0192129
201.742 -0.0139677 0.00284406 -11.9842 11.965 -0.0192091
201.753 -0.0139636 0.00284539 -11.9843 11.9651 -0.0192059
201.764 -0.0139601 0.00284663 -11.9843 11.9651 -0.0192031
201.775 -0.0139558 0.00284765 -11.9843 11.9651 -0.0192
201.787 -0.0139513 0.00284889 -11.9843 11.9651 -0.0191971
201.798 -0.0139475 0.00285044 -11.9842 11.965 -0.0191946
201.809 -0.0139436 0.00285185 -11.9841 11.9649 -0.0191918
201.82 -0.0139402 0.00285323 -11.9839 11.9648 -0.0191893
201.831 -0.0139372 0.00285514 -11.9837 11.9645 -0.0191866
201.843 -0.0139347 0.00285722 -11.9835 11.9643 -0.0191831
201.854 -0.0139318 0.00285904 -11.9832 11.964 -0.0191795
201.865 -0.0139281 0.00286017 -11.9829 11.9637 -0.0191756
201.876 -0.0139245 0.00286112 -11.9826 11.9634 -0.0191723
201.888 -0.0139209 0.00286184 -11.9822 11.963 -0.0191692
201.899 -0.0139169 0.0028638 -11.9818 11.9626 -0.0191654
201.91 -0.0139134 0.00286549 -11.9814 11.9622 -0.0191619
201.921 -0.0139097 0.00286715 -11.981 11.9618 -0.0191588
201.933 -0.0139059 0.00286859 -11.9805 11.9613 -0.0191555
201.944 -0.0139029 0.00286975 -11.98 11.9609 -0.0191527
201.955 -0.0138995 0.00287091 -11.9795 11.9604 -0.0191498
201.966 -0.0138961 0.002872 -11.979 11.9599 -0.019147
201.978 -0.0138921 0.00287297 -11.9785 11.9593 -0.0191437
201.989 -0.0138874 0.00287523 -11.978 11.9588 -0.0191406
202 -0.0138836 0.00287736 -11.9774 11.9583 -0.0191369
202.011 -0.0138791 0.00287948 -11.9769 11.9577 -0.0191332
202.022 -0.0138746 0.00288174 -11.9763 11.9572 -0.0191293
202.034 -0.0138706 0.00288437 -11.9757 11.9566 -0.0191248
202.045 -0.0138671 0.00288692 -11.9751 11.956 -0.019121
202.056 -0.0138634 0.00288915 -11.9746 11.9554 -0.0191172
202.067 -0.0138594 0.00289099 -11.974 11.9548 -0.0191134
202.079 -0.0138549 0.00289259 -11.9733 11.9542 -0.0191103
202.09 -0.0138506 0.0028946 -11.9727 11.9536 -0.0191075
202.101 -0.0138469 0.00289649 -11.9721 11.953 -0.0191038
202.112 -0.0138429 0.00289836 -11.9714 11.9523 -0.0191002
202.124 -0.013839 0.00290055 -11.9708 11.9517 -0.0190972
202.135 -0.0138348 0.00290329 -11.9701 11.951 -0.0190934
202.146 -0.0138306 0.0029057 -11.9694 11.9503 -0.0190899
202.157 -0.0138261 0.00290836 -11.9687 11.9496 -0.0190865
202.169 -0.0138221 0.00291006 -11.968 11.9489 -0.0190831
202.18 -0.0138177 0.0029126 -11.9672 11.9482 -0.0190791
202.191 -0.0138136 0.00291493 -11.9665 11.9474 -0.0190755
202.202 -0.0138091 0.00291668 -11.9657 11.9466 -0.0190714
202.213 -0.0138053 0.00291858 -11.9649 11.9458 -0.019068
202.225 -0.013802 0.00292035 -11.964 11.9449 -0.0190648
202.236 -0.0137978 0.00292267 -11.9631 11.9441 -0.0190609
202.247 -0.0137936 0.00292509 -11.9622 11.9431 -0.0190572
202.258 -0.01379 0.0029271 -11.9613 11.9422 -0.0190547
202.27 -0.013786 0.00292917 -11.9603 11.9413 -0.0190524
202.281 -0.013782 0.00293163 -11.9593 11.9403 -0.0190501
202.292 -0.013778 0.00293436 -11.9583 11.9393 -0.0190475
202.303 -0.0137747 0.00293758 -11.9573 11.9383 -0.0190447
202.315 -0.0137708 0.00294075 -11.9563 11.9373 -0.0190409
202.326 -0.0137668 0.00294409 -11.9553 11.9363 -0.0190379
202.337 -0.0137633 0.00294766 -11.9543 11.9353 -0.0190341
202.348 -0.0137606 0.00295062 -11.9533 11.9342 -0.0190311
202.36 -0.0137575 0.00295309 -11.9522 11.9332 -0.0190272
202.371 -0.0137535 0.00295527 -11.9512 11.9322 -0.019023
202.382 -0.0137493 0.00295796 -11.9502 11.9312 -0.019019
202.393 -0.0137451 0.0029602 -11.9492 11.9302 -0.0190147
202.404 -0.0137407 0.00296269 -11.9482 11.9292 -0.0190097
202.416 -0.013736 0.00296522 -11.9473 11.9282 -0.019005
202.427 -0.013731 0.00296751 -11.9463 11.9273 -0.0190005
202.438 -0.0137263 0.00296852 -11.9453 11.9263 -0.0189976
202.449 -0.0137206 0.00296983 -11.9444 11.9254 -0.0189942
202.461 -0.0137154 0.00297085 -11.9434 11.9244 -0.0189911
202.472 -0.0137104 0.00297181 -11.9424 11.9234 -0.0189879
202.483 -0.0137047 0.00297396 -11.9414 11.9224 -0.0189842
202.494 -0.0137 0.00297588 -11.9404 11.9215 -0.0189802
202.506 -0.0136953 0.00297824 -11.9394 11.9205 -0.0189764
202.517 -0.0136914 0.00297993 -11.9384 11.9195 -0.018974
202.528 -0.0136871 0.00298238 -11.9374 11.9184 -0.0189716
202.539 -0.0136833 0.00298525 -11.9364 11.9174 -0.0189691
202.551 -0.0136794 0.0029877 -11.9353 11.9164 -0.0189661
202.562 -0.0136753 0.00299041 -11.9343 11.9153 -0.0189629
202.573 -0.0136713 0.00299382 -11.9332 11.9143 -0.0189594
202.584 -0.0136674 0.00299732 -11.9322 11.9132 -0.0189558
202.596 -0.0136639 0.00300011 -11.9311 11.9121 -0.0189536
202.607 -0.0136599 0.00300276 -11.9299 11.911 -0.0189504
202.618 -0.0136559 0.00300509 -11.9288 11.9099 -0.0189469
202.629 -0.0136522 0.00300788 -11.9277 11.9088 -0.0189431
202.64 -0.0136479 0.00301057 -11.9266 11.9077 -0.0189388
202.652 -0.0136436 0.00301331 -11.9255 11.9066 -0.0189355
202.663 -0.0136399 0.00301689 -11.9245 11.9056 -0.0189317
202.674 -0.0136357 0.00302033 -11.9235 11.9045 -0.0189282
202.685 -0.0136316 0.00302281 -11.9224 11.9035 -0.0189252
202.697 -0.0136268 0.00302532 -11.9214 11.9025 -0.0189223
202.708 -0.0136219 0.00302823 -11.9205 11.9015 -0.018919
202.719 -0.0136163 0.00303147 -11.9195 11.9006 -0.0189153
202.73 -0.0136114 0.00303465 -11.9185 11.8996 -0.0189112
202.742 -0.0136066 0.00303806 -11.9176 11.8987 -0.0189068
202.753 -0.0136021 0.00304083 -11.9166 11.8977 -0.0189033
202.764 -0.0135977 0.00304313 -11.9157 11.8968 -0.0189002
202.775 -0.013594 0.00304551 -11.9148 11.8959 -0.0188969
202.787 -0.0135896 0.00304818 -11.9139 11.8951 -0.0188934
202.798 -0.0135852 0.00305112 -11.9131 11.8942 -0.01889
202.809 -0.0135806 0.00305474 -11.9123 11.8934 -0.0188853
202.82 -0.0135758 0.00305888 -11.9115 11.8927 -0.0188809
202.831 -0.0135716 0.00306291 -11.9108 11.8919 -0.0188758
202.843 -0.0135673 0.00306667 -11.9101 11.8912 -0.0188713
202.854 -0.0135631 0.00306985 -11.9093 11.8905 -0.0188671
202.865 -0.0135585 0.00307262 -11.9086 11.8898 -0.0188636
202.876 -0.0135543 0.00307518 -11.908 11.8891 -0.0188605
202.888 -0.01355 0.00307797 -11.9072 11.8884 -0.0188575
202.899 -0.0135456 0.00308084 -11.9065 11.8877 -0.0188536
202.91 -0.0135416 0.00308395 -11.9059 11.887 -0.0188489
202.921 -0.013538 0.00308687 -11.9052 11.8864 -0.0188459
202.933 -0.013534 0.00309011 -11.9046 11.8858 -0.018843
202.944 -0.0135306 0.00309327 -11.9039 11.8851 -0.0188397
202.955 -0.0135267 0.00309686 -11.9033 11.8845 -0.0188363
202.966 -0.0135225 0.00310062 -11.9027 11.8839 -0.0188322
202.978 -0.0135187 0.00310454 -11.9022 11.8833 -0.0188276
202.989 -0.0135148 0.00310796 -11.9016 11.8828 -0.0188232
203 -0.0135114 0.00311153 -11.9011 11.8823 -0.0188189
203.011 -0.0135074 0.00311389 -11.9007 11.8818 -0.0188148
203.022 -0.0135028 0.00311611 -11.9002 11.8814 -0.0188115
203.034 -0.0134987 0.00311897 -11.8997 11.8809 -0.0188074
203.045 -0.0134942 0.00312148 -11.8993 11.8805 -0.0188027
203.056 -0.0134893 0.00312429 -11.8989 11.8801 -0.0187983
203.067 -0.0134843 0.0031271 -11.8986 11.8798 -0.0187951
203.079 -0.01348 0.00312996 -11.8982 11.8794 -0.0187923
203.09 -0.0134754 0.00313223 -11.8979 11.8791 -0.0187892
203.101 -0.0134706 0.00313405 -11.8976 11.8788 -0.0187864
203.112 -0.0134661 0.00313644 -11.8973 11.8786 -0.0187828
203.124 -0.0134612 0.00313873 -11.8971 11.8783 -0.0187792
203.135 -0.013456 0.00314137 -11.8969 11.8781 -0.0187761
203.146 -0.0134506 0.00314368 -11.8966 11.8779 -0.0187719
203.157 -0.0134463 0.0031467 -11.8965 11.8777 -0.0187679
203.169 -0.0134419 0.00314964 -11.8963 11.8776 -0.0187654
203.18 -0.0134381 0.00315316 -11.8962 11.8775 -0.0187625
203.191 -0.0134338 0.00315631 -11.8961 11.8774 -0.0187599
203.202 -0.0134291 0.00315999 -11.8961 11.8773 -0.0187562
203.213 -0.0134249 0.00316346 -11.896 11.8773 -0.0187526
203.225 -0.0134205 0.00316759 -11.896 11.8772 -0.018749
203.236 -0.0134156 0.00317148 -11.896 11.8773 -0.0187458
203.247 -0.0134113 0.00317462 -11.896 11.8773 -0.0187427
203.258 -0.0134067 0.00317758 -11.8961 11.8773 -0.018739
203.27 -0.0134028 0.00318058 -11.8962 11.8774 -0.0187353
203.281 -0.0133989 0.0031837 -11.8963 11.8775 -0.0187315
203.292 -0.0133948 0.00318668 -11.8964 11.8777 -0.018727
203.303 -0.0133908 0.0031896 -11.8967 11.8779 -0.0187236
203.315 -0.0133875 0.00319248 -11.8969 11.8782 -0.0187196
203.326 -0.0133837 0.0031957 -11.8972 11.8785 -0.0187164
203.337 -0.0133799 0.00319861 -11.8976 11.8789 -0.0187134
203.348 -0.0133762 0.00320207 -11.898 11.8792 -0.0187096
203.36 -0.0133727 0.00320484 -11.8984 11.8797 -0.0187057
203.371 -0.0133686 0.00320835 -11.8989 11.8802 -0.0187018
203.382 -0.0133646 0.00321148 -11.8994 11.8807 -0.0186984
203.393 -0.0133604 0.00321479 -11.9 11.8813 -0.0186938
203.404 -0.0133561 0.00321857 -11.9006 11.8819 -0.0186889
203.416 -0.0133516 0.00322246 -11.9013 11.8826 -0.0186838
203.427 -0.0133473 0.00322599 -11.902 11.8833 -0.0186786
203.438 -0.0133427 0.00322969 -11.9028 11.8841 -0.0186741
203.449 -0.0133376 0.00323307 -11.9036 11.885 -0.0186684
203.461 -0.0133331 0.00323687 -11.9046 11.8859 -0.018663
203.472 -0.0133284 0.00324004 -11.9055 11.8869 -0.0186594
203.483 -0.0133238 0.00324333 -11.9066 11.8879 -0.0186567
203.494 -0.0133196 0.00324628 -11.9076 11.889 -0.0186544
203.506 -0.0133158 0.00324879 -11.9087 11.89 -0.0186517
203.517 -0.0133115 0.00325149 -11.9098 11.8912 -0.0186489
203.528 -0.0133073 0.00325458 -11.9109 11.8923 -0.0186466
203.539 -0.0133035 0.00325754 -11.9121 11.8935 -0.0186441
203.551 -0.0132992 0.00326073 -11.9133 11.8947 -0.0186405
203.562 -0.0132952 0.00326426 -11.9146 11.896 -0.0186372
203.573 -0.013291 0.00326737 -11.9159 11.8973 -0.0186336
203.584 -0.013287 0.00327058 -11.9173 11.8987 -0.0186294
203.596 -0.0132823 0.00327401 -11.9188 11.9002 -0.0186242
203.607 -0.0132775 0.00327772 -11.9203 11.9017 -0.0186187
203.618 -0.0132734 0.00328032 -11.9219 11.9033 -0.018615
203.629 -0.0132687 0.00328291 -11.9235 11.9049 -0.0186108
203.64 -0.0132643 0.00328615 -11.9252 11.9066 -0.0186065
203.652 -0.0132606 0.00328878 -11.9269 11.9083 -0.0186022
203.663 -0.0132563 0.00329173 -11.9287 11.9101 -0.0185977
203.674 -0.0132519 0.00329377 -11.9305 11.9119 -0.0185934
203.685 -0.0132481 0.00329622 -11.9324 11.9138 -0.0185887
203.697 -0.0132439 0.00329876 -11.9344 11.9158 -0.0185842
203.708 -0.0132394 0.00330229 -11.9364 11.9178 -0.0185795
203.719 -0.0132352 0.00330531 -11.9385 11.9199 -0.0185751
203.73 -0.0132313 0.00330836 -11.9406 11.922 -0.0185712
203.742 -0.0132276 0.00331167 -11.9428 11.9242 -0.0185676
203.753 -0.0132235 0.0033147 -11.945 11.9265 -0.0185636
203.764 -0.0132184 0.00331814 -11.9473 11.9287 -0.0185596
203.775 -0.0132136 0.00332145 -11.9496 11.9311 -0.0185558
203.787 -0.0132095 0.0033247 -11.952 11.9335 -0.018551
203.798 -0.0132048 0.00332798 -11.9545 11.9359 -0.018546
203.809 -0.0132007 0.00333161 -11.957 11.9384 -0.018541
203.82 -0.0131959 0.00333553 -11.9596 11.941 -0.0185353
203.831 -0.0131912 0.00333998 -11.9622 11.9437 -0.0185298
203.843 -0.0131862 0.00334474 -11.965 11.9464 -0.0185246
203.854 -0.0131809 0.00334818 -11.9677 11.9492 -0.01852
203.865 -0.0131756 0.00335234 -11.9705 11.952 -0.0185156
203.876 -0.0131706 0.00335632 -11.9734 11.9549 -0.0185113
203.888 -0.0131665 0.00335952 -11.9763 11.9578 -0.0185079
203.899 -0.0131622 0.00336325 -11.9793 11.9608 -0.0185038
203.91 -0.0131582 0.00336623 -11.9823 11.9638 -0.0184996
203.921 -0.0131546 0.00336938 -11.9854 11.9669 -0.0184961
203.933 -0.0131508 0.00337245 -11.9885 11.9701 -0.0184924
203.944 -0.0131463 0.00337592 -11.9917 11.9732 -0.018488
203.955 -0.0131418 0.00337886 -11.995 11.9765 -0.018484
203.966 -0.0131376 0.00338282 -11.9983 11.9798 -0.0184789
203.978 -0.0131331 0.00338751 -12.0017 11.9832 -0.018474
203.989 -0.0131277 0.00339248 -12.0052 11.9867 -0.0184682
204 -0.0131233 0.00339626 -12.0087 11.9903 -0.0184641
204.011 -0.0131183 0.00339953 -12.0123 11.9939 -0.0184597
204.022 -0.0131138 0.00340303 -12.016 11.9975 -0.018456
204.034 -0.0131092 0.00340628 -12.0197 12.0012 -0.0184522
204.045 -0.0131038 0.00341031 -12.0234 12.005 -0.0184476
204.056 -0.0130986 0.00341365 -12.0273 12.0088 -0.0184429
204.067 -0.0130933 0.0034174 -12.0311 12.0127 -0.0184385
204.079 -0.0130887 0.00342147 -12.0351 12.0167 -0.0184343
204.09 -0.0130842 0.00342542 -12.0391 12.0207 -0.0184305
204.101 -0.0130792 0.00342978 -12.0431 12.0247 -0.0184266
204.112 -0.0130738 0.00343417 -12.0473 12.0288 -0.0184226
204.124 -0.0130682 0.00343866 -12.0514 12.033 -0.0184187
204.135 -0.0130619 0.00344325 -12.0556 12.0372 -0.0184143
204.146 -0.0130564 0.00344851 -12.0599 12.0415 -0.0184095
204.157 -0.0130517 0.00345212 -12.0642 12.0458 -0.0184061
204.169 -0.0130477 0.00345549 -12.0686 12.0502 -0.0184031
204.18 -0.0130443 0.00345844 -12.073 12.0546 -0.018401
204.191 -0.0130399 0.00346231 -12.0774 12.059 -0.0183974
204.202 -0.0130353 0.003466 -12.0819 12.0635 -0.0183933
204.213 -0.0130304 0.00347032 -12.0864 12.068 -0.0183882
204.225 -0.0130259 0.0034749 -12.091 12.0726 -0.0183816
204.236 -0.013021 0.00347977 -12.0957 12.0773 -0.0183751
204.247 -0.0130152 0.00348531 -12.1004 12.0821 -0.0183677
204.258 -0.0130106 0.00348958 -12.1053 12.0869 -0.0183612
204.27 -0.0130054 0.0034936 -12.1102 12.0918 -0.0183545
204.281 -0.0130002 0.0034978 -12.1151 12.0968 -0.0183479
204.292 -0.0129952 0.0035024 -12.1202 12.1019 -0.0183413
204.303 -0.012991 0.00350632 -12.1254 12.107 -0.0183365
204.315 -0.012987 0.00351018 -12.1306 12.1123 -0.0183316
204.326 -0.0129826 0.00351484 -12.1359 12.1175 -0.0183259
204.337 -0.0129787 0.00351858 -12.1412 12.1228 -0.018322
204.348 -0.0129747 0.00352237 -12.1465 12.1282 -0.0183181
204.36 -0.0129697 0.00352714 -12.1519 12.1336 -0.0183116
204.371 -0.012965 0.00353133 -12.1574 12.139 -0.0183062
204.382 -0.0129607 0.0035355 -12.1629 12.1446 -0.0183011
204.393 -0.0129564 0.00353959 -12.1684 12.1501 -0.0182956
204.404 -0.0129523 0.00354371 -12.174 12.1557 -0.0182898
204.416 -0.0129479 0.00354842 -12.1797 12.1614 -0.0182841
204.427 -0.0129439 0.00355234 -12.1854 12.1671 -0.0182785
204.438 -0.01294 0.00355687 -12.1912 12.1729 -0.0182724
204.449 -0.012936 0.00356227 -12.197 12.1788 -0.0182659
204.461 -0.0129326 0.00356705 -12.2029 12.1847 -0.0182593
204.472 -0.0129289 0.00357269 -12.2089 12.1907 -0.0182526
204.483 -0.0129253 0.0035784 -12.215 12.1967 -0.0182459
204.494 -0.012922 0.00358408 -12.2211 12.2029 -0.0182391
204.506 -0.0129183 0.00358952 -12.2273 12.2091 -0.0182323
204.517 -0.0129149 0.00359388 -12.2336 12.2154 -0.0182262
204.528 -0.0129116 0.00359777 -12.2399 12.2217 -0.0182208
204.539 -0.0129076 0.00360217 -12.2463 12.2281 -0.0182159
204.551 -0.012903 0.00360651 -12.2527 12.2344 -0.0182105
204.562 -0.012898 0.00361108 -12.2591 12.2409 -0.0182045
204.573 -0.0128925 0.00361526 -12.2655 12.2473 -0.0181989
204.584 -0.0128877 0.00362018 -12.272 12.2538 -0.0181935
204.596 -0.0128826 0.0036244 -12.2785 12.2603 -0.0181887
204.607 -0.0128774 0.00362857 -12.285 12.2668 -0.0181839
204.618 -0.0128715 0.00363295 -12.2915 12.2733 -0.0181791
204.629 -0.0128667 0.00363702 -12.2981 12.2799 -0.0181749
204.64 -0.0128618 0.00364145 -12.3046 12.2865 -0.01817
204.652 -0.0128575 0.00364628 -12.3113 12.2931 -0.0181644
204.663 -0.0128532 0.00365124 -12.3179 12.2997 -0.0181574
204.674 -0.0128487 0.00365585 -12.3246 12.3064 -0.0181512
204.685 -0.0128443 0.00365998 -12.3313 12.3131 -0.0181456
204.697 -0.01284 0.00366509 -12.338 12.3199 -0.0181393
204.708 -0.012836 0.00366957 -12.3448 12.3266 -0.0181331
204.719 -0.0128318 0.00367384 -12.3516 12.3334 -0.0181269
204.73 -0.0128281 0.00367814 -12.3584 12.3403 -0.0181217
204.742 -0.0128253 0.00368133 -12.3652 12.3471 -0.0181183
204.753 -0.0128232 0.00368402 -12.372 12.3539 -0.018115
204.764 -0.0128195 0.00368688 -12.3787 12.3606 -0.0181105
204.775 -0.0128155 0.00369038 -12.3855 12.3674 -0.0181056
204.787 -0.0128116 0.00369531 -12.3922 12.3741 -0.0180994
204.798 -0.012807 0.00370089 -12.399 12.3809 -0.018092
204.809 -0.0128025 0.00370683 -12.4058 12.3877 -0.0180845
204.82 -0.0127977 0.0037126 -12.4126 12.3946 -0.0180774
204.831 -0.012793 0.00371845 -12.4195 12.4014 -0.0180695
204.843 -0.0127888 0.00372382 -12.4264 12.4083 -0.0180617
204.854 -0.0127845 0.00372975 -12.4333 12.4152 -0.0180534
204.865 -0.0127802 0.00373389 -12.4402 12.4221 -0.0180471
204.876 -0.012776 0.00373793 -12.4471 12.4291 -0.0180414
204.888 -0.0127719 0.00374196 -12.454 12.436 -0.0180359
204.899 -0.012768 0.00374559 -12.4609 12.4429 -0.0180303
204.91 -0.0127642 0.0037504 -12.4678 12.4497 -0.018024
204.921 -0.01276 0.00375603 -12.4747 12.4566 -0.018017
204.933 -0.0127561 0.00376223 -12.4816 12.4635 -0.0180094
204.944 -0.0127524 0.00376807 -12.4884 12.4704 -0.0180018
204.955 -0.0127486 0.00377434 -12.4953 12.4774 -0.0179941
204.966 -0.0127443 0.0037807 -12.5022 12.4842 -0.0179868
204.978 -0.0127402 0.00378667 -12.5091 12.4911 -0.0179797
204.989 -0.0127363 0.00379286 -12.5159 12.498 -0.0179726
205 -0.0127326 0.00379837 -12.5227 12.5048 -0.0179662
205.011 -0.0127289 0.00380389 -12.5295 12.5116 -0.0179605
205.022 -0.0127249 0.0038096 -12.5363 12.5183 -0.0179546
205.034 -0.012721 0.00381465 -12.5429 12.525 -0.0179483
205.045 -0.0127173 0.00381875 -12.5496 12.5317 -0.0179423
205.056 -0.0127135 0.00382251 -12.5562 12.5383 -0.017937
205.067 -0.0127098 0.003826 -12.5628 12.5449 -0.0179313
205.079 -0.0127063 0.00383002 -12.5693 12.5514 -0.0179254
205.09 -0.0127029 0.00383417 -12.5758 12.5579 -0.0179197
205.101 -0.0126992 0.00383709 -12.5822 12.5643 -0.0179136
205.112 -0.0126954 0.00384028 -12.5886 12.5707 -0.017908
205.124 -0.012692 0.00384438 -12.595 12.5771 -0.0179019
205.135 -0.0126886 0.00384772 -12.6014 12.5835 -0.0178956
205.146 -0.0126863 0.00385092 -12.6077 12.5898 -0.01789
205.157 -0.0126845 0.00385412 -12.6139 12.596 -0.017885
205.169 -0.0126826 0.00385772 -12.6201 12.6022 -0.0178793
205.18 -0.0126808 0.00386148 -12.6262 12.6084 -0.0178737
205.191 -0.0126786 0.00386525 -12.6323 12.6145 -0.0178687
205.202 -0.012676 0.0038689 -12.6384 12.6205 -0.0178628
205.213 -0.0126737 0.00387351 -12.6444 12.6265 -0.0178567
205.225 -0.0126711 0.00387814 -12.6503 12.6325 -0.0178509
205.236 -0.0126695 0.00388203 -12.6562 12.6383 -0.0178436
205.247 -0.012667 0.00388623 -12.662 12.6442 -0.0178362
205.258 -0.0126645 0.00389133 -12.6678 12.65 -0.0178296
205.27 -0.0126617 0.00389649 -12.6735 12.6557 -0.0178223
205.281 -0.0126587 0.00390184 -12.6792 12.6614 -0.0178152
205.292 -0.0126555 0.00390701 -12.6848 12.667 -0.0178085
205.303 -0.0126526 0.00391191 -12.6903 12.6725 -0.0178015
205.315 -0.0126496 0.00391678 -12.6957 12.678 -0.0177945
205.326 -0.0126468 0.00392074 -12.7011 12.6833 -0.0177891
205.337 -0.0126445 0.00392446 -12.7064 12.6886 -0.017784
205.348 -0.0126424 0.0039277 -12.7116 12.6938 -0.0177785
205.36 -0.0126407 0.00393125 -12.7167 12.699 -0.0177729
205.371 -0.0126388 0.00393409 -12.7218 12.704 -0.0177689
205.382 -0.0126371 0.0039371 -12.7267 12.7089 -0.0177643
205.393 -0.0126356 0.00394022 -12.7315 12.7138 -0.0177596
205.404 -0.0126337 0.00394352 -12.7362 12.7185 -0.0177542
205.416 -0.0126306 0.00394805 -12.7408 12.7231 -0.0177488
205.427 -0.0126277 0.00395278 -12.7454 12.7276 -0.0177446
205.438 -0.0126264 0.00395745 -12.7497 12.732 -0.0177397
205.449 -0.0126249 0.00396173 -12.754 12.7363 -0.0177348
205.461 -0.0126235 0.00396661 -12.7583 12.7405 -0.0177302
205.472 -0.0126216 0.00397115 -12.7623 12.7446 -0.017725
205.483 -0.0126199 0.00397573 -12.7663 12.7486 -0.0177198
205.494 -0.0126183 0.00398002 -12.7702 12.7525 -0.0177146
205.506 -0.0126166 0.00398466 -12.774 12.7563 -0.0177094
205.517 -0.0126153 0.00398933 -12.7777 12.76 -0.0177038
205.528 -0.012614 0.00399366 -12.7814 12.7637 -0.0176982
205.539 -0.0126132 0.0039973 -12.7849 12.7672 -0.0176921
205.551 -0.0126123 0.00400133 -12.7883 12.7706 -0.017686
205.562 -0.012611 0.00400463 -12.7916 12.7739 -0.0176807
205.573 -0.0126089 0.00400806 -12.7949 12.7772 -0.017675
205.584 -0.0126065 0.00401087 -12.798 12.7803 -0.0176694
205.596 -0.0126044 0.00401405 -12.801 12.7834 -0.0176648
205.607 -0.0126027 0.00401762 -12.8039 12.7863 -0.0176598
205.618 -0.0126008 0.00402153 -12.8067 12.7891 -0.017655
205.629 -0.0125997 0.00402575 -12.8094 12.7918 -0.0176507
205.64 -0.0125984 0.00402902 -12.812 12.7944 -0.0176453
205.652 -0.0125969 0.00403231 -12.8145 12.7969 -0.0176398
205.663 -0.0125952 0.00403647 -12.8169 12.7993 -0.0176344
205.674 -0.0125937 0.00404039 -12.8192 12.8015 -0.0176287
205.685 -0.012593 0.00404335 -12.8213 12.8037 -0.0176248
205.697 -0.0125914 0.00404702 -12.8234 12.8058 -0.0176202
205.708 -0.0125895 0.00405019 -12.8253 12.8077 -0.0176157
205.719 -0.0125878 0.00405248 -12.8272 12.8095 -0.017612
205.73 -0.0125873 0.00405572 -12.8289 12.8113 -0.0176074
205.742 -0.012587 0.00405918 -12.8305 12.8128 -0.0176032
205.753 -0.012586 0.00406275 -12.8319 12.8143 -0.017599
205.764 -0.012585 0.00406647 -12.8333 12.8157 -0.0175948
205.775 -0.0125847 0.00406953 -12.8345 12.8169 -0.0175906
205.787 -0.0125847 0.00407343 -12.8356 12.8181 -0.0175863
205.798 -0.0125849 0.00407686 -12.8367 12.8191 -0.0175814
205.809 -0.012585 0.00407998 -12.8376 12.82 -0.0175761
205.82 -0.012585 0.00408322 -12.8383 12.8208 -0.0175709
205.831 -0.0125855 0.00408577 -12.839 12.8215 -0.0175661
205.843 -0.0125854 0.00408924 -12.8396 12.822 -0.0175609
205.854 -0.0125861 0.00409267 -12.84 12.8224 -0.0175551
205.865 -0.012586 0.00409554 -12.8403 12.8228 -0.0175503
205.876 -0.0125852 0.00409801 -12.8405 12.823 -0.0175454
205.888 -0.0125841 0.00410079 -12.8406 12.8231 -0.0175414
205.899 -0.0125828 0.0041031 -12.8405 12.823 -0.0175374
205.91 -0.0125821 0.00410621 -12.8403 12.8228 -0.0175321
205.921 -0.0125815 0.00410871 -12.84 12.8225 -0.0175266
205.933 -0.0125813 0.00411125 -12.8396 12.8221 -0.0175217
205.944 -0.0125809 0.00411406 -12.839 12.8215 -0.0175172
205.955 -0.0125803 0.00411667 -12.8383 12.8208 -0.0175138
205.966 -0.0125798 0.00411905 -12.8374 12.8199 -0.0175116
205.978 -0.0125789 0.00412136 -12.8364 12.8189 -0.0175087
205.989 -0.0125782 0.00412354 -12.8352 12.8177 -0.0175055
206 -0.0125775 0.00412632 -12.8339 12.8164 -0.0175019
206.011 -0.0125773 0.0041287 -12.8325 12.815 -0.0174973
206.022 -0.012577 0.00413123 -12.8309 12.8135 -0.0174928
206.034 -0.0125773 0.00413329 -12.8293 12.8118 -0.0174886
206.045 -0.0125774 0.00413607 -12.8275 12.81 -0.017484
206.056 -0.0125777 0.00413883 -12.8256 12.8081 -0.0174795
206.067 -0.0125781 0.00414112 -12.8236 12.8061 -0.0174756
206.079 -0.0125778 0.0041431 -12.8214 12.8039 -0.0174724
206.09 -0.0125785 0.00414479 -12.8191 12.8017 -0.017469
206.101 -0.0125787 0.00414716 -12.8168 12.7993 -0.0174653
206.112 -0.0125798 0.00415003 -12.8143 12.7968 -0.0174607
206.124 -0.0125801 0.00415203 -12.8116 12.7942 -0.0174565
206.135 -0.0125809 0.00415337 -12.8089 12.7915 -0.017452
206.146 -0.0125814 0.00415491 -12.8061 12.7887 -0.0174474
206.157 -0.0125813 0.00415696 -12.8032 12.7858 -0.0174428
206.169 -0.0125816 0.00415921 -12.8002 12.7827 -0.0174382
206.18 -0.0125812 0.00416109 -12.797 12.7796 -0.0174342
206.191 -0.0125812 0.00416306 -12.7938 12.7764 -0.01743
206.202 -0.0125807 0.00416485 -12.7905 12.773 -0.0174268
206.213 -0.0125801 0.00416765 -12.787 12.7696 -0.0174236
206.225 -0.0125798 0.00416935 -12.7834 12.766 -0.0174204
206.236 -0.0125795 0.00417119 -12.7797 12.7623 -0.0174177
206.247 -0.0125793 0.00417261 -12.7758 12.7584 -0.017415
206.258 -0.0125796 0.00417459 -12.7719 12.7545 -0.0174126
206.27 -0.0125805 0.00417716 -12.7679 12.7504 -0.01741
206.281 -0.0125812 0.00417936 -12.7637 12.7463 -0.0174081
206.292 -0.0125823 0.00418229 -12.7594 12.742 -0.0174048
206.303 -0.012583 0.00418404 -12.7551 12.7377 -0.0174012
206.315 -0.0125842 0.00418539 -12.7507 12.7333 -0.0173976
206.326 -0.0125855 0.00418692 -12.7461 12.7287 -0.0173947
206.337 -0.0125866 0.00418835 -12.7415 12.7241 -0.017393
206.348 -0.0125866 0.0041903 -12.7368 12.7194 -0.0173906
206.36 -0.0125867 0.00419176 -12.732 12.7146 -0.0173876
206.371 -0.0125864 0.00419375 -12.7271 12.7097 -0.0173855
206.382 -0.0125857 0.00419554 -12.722 12.7046 -0.0173827
206.393 -0.0125861 0.00419751 -12.7169 12.6995 -0.0173804
206.404 -0.0125869 0.00419869 -12.7116 12.6943 -0.0173774
206.416 -0.0125874 0.00420024 -12.7063 12.6889 -0.017374
206.427 -0.0125882 0.00420178 -12.7009 12.6835 -0.0173711
206.438 -0.0125889 0.00420296 -12.6954 12.678 -0.0173692
206.449 -0.0125896 0.00420418 -12.6897 12.6724 -0.0173667
206.461 -0.0125903 0.00420523 -12.684 12.6667 -0.0173636
206.472 -0.0125916 0.00420553 -12.6782 12.6609 -0.0173605
206.483 -0.0125939 0.00420579 -12.6724 12.655 -0.0173569
206.494 -0.0125954 0.00420686 -12.6664 12.6491 -0.0173543
206.506 -0.0125957 0.00420797 -12.6604 12.643 -0.0173518
206.517 -0.0125954 0.00420933 -12.6542 12.6369 -0.0173496
206.528 -0.0125953 0.00421153 -12.648 12.6307 -0.0173472
206.539 -0.0125951 0.00421352 -12.6417 12.6244 -0.0173453
206.551 -0.0125957 0.00421503 -12.6353 12.618 -0.0173421
206.562 -0.0125959 0.00421561 -12.6288 12.6115 -0.0173396
206.573 -0.0125962 0.00421597 -12.6222 12.6049 -0.0173369
206.584 -0.0125969 0.0042166 -12.6156 12.5982 -0.0173337
206.596 -0.0125979 0.00421709 -12.6088 12.5915 -0.017331
206.607 -0.0125985 0.0042175 -12.602 12.5847 -0.0173285
206.618 -0.0125997 0.00421742 -12.5952 12.5778 -0.0173258
206.629 -0.0126003 0.00421829 -12.5882 12.5709 -0.017323
206.64 -0.0126019 0.00421925 -12.5813 12.5639 -0.0173203
206.652 -0.0126034 0.00422029 -12.5742 12.5569 -0.0173171
206.663 -0.0126045 0.00422142 -12.5671 12.5498 -0.0173141
206.674 -0.0126061 0.00422305 -12.56 12.5426 -0.0173105
206.685 -0.0126081 0.00422466 -12.5527 12.5354 -0.0173075
206.697 -0.0126099 0.00422569 -12.5455 12.5282 -0.0173045
206.708 -0.0126104 0.00422651 -12.5382 12.5209 -0.017302
206.719 -0.012611 0.00422761 -12.5308 12.5135 -0.0172994
206.73 -0.0126112 0.00422804 -12.5233 12.506 -0.0172972
206.742 -0.0126117 0.00422835 -12.5158 12.4985 -0.0172954
206.753 -0.0126116 0.00422874 -12.5082 12.4909 -0.0172937
206.764 -0.0126122 0.00422935 -12.5005 12.4832 -0.0172918
206.775 -0.0126133 0.00423026 -12.4927 12.4754 -0.01729
206.787 -0.0126135 0.00423107 -12.4849 12.4676 -0.0172881
206.798 -0.0126142 0.00423183 -12.4771 12.4598 -0.0172862
206.809 -0.0126151 0.00423311 -12.4692 12.4519 -0.0172843
206.82 -0.0126167 0.0042348 -12.4612 12.4439 -0.0172817
206.831 -0.0126179 0.00423656 -12.4532 12.436 -0.0172799
206.843 -0.0126186 0.00423817 -12.4452 12.4279 -0.017278
206.854 -0.0126196 0.00423955 -12.4372 12.4199 -0.0172754
206.865 -0.0126209 0.00424139 -12.4291 12.4118 -0.0172735
206.876 -0.0126223 0.00424303 -12.421 12.4037 -0.0172711
206.888 -0.012623 0.00424394 -12.4129 12.3956 -0.0172688
206.899 -0.012624 0.00424427 -12.4047 12.3874 -0.0172669
206.91 -0.012625 0.00424426 -12.3965 12.3792 -0.0172644
206.921 -0.0126253 0.00424407 -12.3882 12.3709 -0.0172613
206.933 -0.0126254 0.0042441 -12.3798 12.3625 -0.0172593
206.944 -0.0126263 0.00424452 -12.3714 12.3541 -0.0172578
206.955 -0.0126272 0.00424489 -12.3629 12.3457 -0.0172556
206.966 -0.0126286 0.0042452 -12.3544 12.3372 -0.0172538
206.978 -0.0126295 0.00424518 -12.3459 12.3287 -0.017252
206.989 -0.0126301 0.00424543 -12.3373 12.3201 -0.01725
207 -0.0126303 0.00424576 -12.3287 12.3114 -0.0172484
207.011 -0.0126306 0.00424604 -12.3201 12.3028 -0.0172466
207.022 -0.0126317 0.00424641 -12.3114 12.2942 -0.0172435
207.034 -0.0126324 0.0042473 -12.3027 12.2855 -0.0172401
207.045 -0.0126337 0.00424857 -12.2941 12.2768 -0.0172371
207.056 -0.0126339 0.00424966 -12.2854 12.2681 -0.0172348
207.067 -0.0126344 0.0042506 -12.2766 12.2594 -0.0172328
207.079 -0.0126352 0.00425153 -12.2678 12.2506 -0.0172309
207.09 -0.0126366 0.00425153 -12.259 12.2418 -0.0172286
207.101 -0.0126384 0.00425063 -12.2502 12.233 -0.0172266
207.112 -0.0126401 0.00425003 -12.2414 12.2242 -0.0172249
207.124 -0.0126423 0.00424994 -12.2325 12.2153 -0.017223
207.135 -0.0126443 0.00425038 -12.2236 12.2064 -0.0172208
207.146 -0.0126464 0.00425089 -12.2147 12.1975 -0.0172191
207.157 -0.0126477 0.00425148 -12.2058 12.1885 -0.0172176
207.169 -0.0126495 0.00425145 -12.1968 12.1796 -0.0172156
207.18 -0.0126516 0.00425181 -12.1878 12.1706 -0.0172129
207.191 -0.0126528 0.00425261 -12.1788 12.1616 -0.0172112
207.202 -0.0126545 0.00425283 -12.1698 12.1526 -0.0172087
207.213 -0.0126564 0.00425273 -12.1607 12.1435 -0.0172067
207.225 -0.012659 0.00425209 -12.1517 12.1345 -0.0172043
207.236 -0.0126615 0.00425123 -12.1427 12.1255 -0.0172016
207.247 -0.0126633 0.0042499 -12.1336 12.1164 -0.0171988
207.258 -0.0126642 0.00424931 -12.1246 12.1074 -0.0171972
207.27 -0.0126649 0.00424952 -12.1156 12.0984 -0.0171953
207.281 -0.0126661 0.00424981 -12.1066 12.0894 -0.0171933
207.292 -0.0126675 0.00425038 -12.0976 12.0804 -0.0171918
207.303 -0.0126691 0.00425155 -12.0886 12.0714 -0.0171899
207.315 -0.012671 0.00425188 -12.0796 12.0624 -0.0171883
207.326 -0.0126734 0.00425223 -12.0706 12.0534 -0.0171855
207.337 -0.0126747 0.00425305 -12.0617 12.0445 -0.0171838
207.348 -0.0126762 0.00425364 -12.0528 12.0356 -0.0171831
207.36 -0.0126783 0.0042543 -12.0439 12.0268 -0.0171811
207.371 -0.0126797 0.00425574 -12.0351 12.0179 -0.0171796
207.382 -0.0126815 0.00425633 -12.0263 12.0092 -0.017177
207.393 -0.0126835 0.00425645 -12.0175 12.0003 -0.0171729
207.404 -0.0126851 0.00425753 -12.0088 11.9916 -0.0171705
207.416 -0.0126865 0.00425854 -12.0001 11.9829 -0.0171688
207.427 -0.012688 0.00425883 -11.9913 11.9742 -0.0171663
207.438 -0.0126894 0.00426002 -11.9826 11.9655 -0.0171643
207.449 -0.0126906 0.00426065 -11.974 11.9568 -0.0171621
207.461 -0.0126917 0.00426191 -11.9653 11.9481 -0.0171605
207.472 -0.0126932 0.0042626 -11.9567 11.9395 -0.0171584
207.483 -0.0126946 0.00426292 -11.9481 11.9309 -0.0171564
207.494 -0.0126954 0.00426353 -11.9396 11.9224 -0.0171548
207.506 -0.0126957 0.00426308 -11.931 11.9139 -0.0171526
207.517 -0.0126971 0.00426288 -11.9226 11.9054 -0.0171502
207.528 -0.0126984 0.00426225 -11.9141 11.897 -0.017147
207.539 -0.0126985 0.00426164 -11.9057 11.8886 -0.0171454
207.551 -0.0126995 0.00426277 -11.8973 11.8802 -0.0171433
207.562 -0.0127002 0.00426391 -11.889 11.8719 -0.0171417
207.573 -0.0127013 0.00426507 -11.8807 11.8635 -0.0171401
207.584 -0.0127041 0.00426565 -11.8724 11.8553 -0.0171374
207.596 -0.0127071 0.00426621 -11.8642 11.847 -0.0171353
207.607 -0.0127093 0.0042675 -11.856 11.8389 -0.0171341
207.618 -0.0127108 0.00426809 -11.8479 11.8308 -0.0171329
207.629 -0.0127123 0.00426895 -11.8398 11.8227 -0.017131
207.64 -0.012714 0.00427001 -11.8318 11.8146 -0.0171299
207.652 -0.0127155 0.00427047 -11.8238 11.8066 -0.017128
207.663 -0.0127161 0.00427082 -11.8158 11.7987 -0.0171254
207.674 -0.0127165 0.0042713 -11.8079 11.7907 -0.0171244
207.685 -0.0127181 0.00427129 -11.8 11.7829 -0.0171227
207.697 -0.0127198 0.00427155 -11.7921 11.775 -0.0171197
207.708 -0.0127217 0.0042717 -11.7844 11.7673 -0.0171165
207.719 -0.0127248 0.00427257 -11.7767 11.7596 -0.0171126
207.73 -0.0127272 0.00427389 -11.7691 11.752 -0.0171093
207.742 -0.0127294 0.0042749 -11.7615 11.7444 -0.0171071
207.753 -0.0127308 0.00427636 -11.754 11.7369 -0.0171053
207.764 -0.0127317 0.0042771 -11.7465 11.7294 -0.0171035
207.775 -0.0127324 0.00427776 -11.7391 11.722 -0.0171021
207.787 -0.0127339 0.00427818 -11.7317 11.7146 -0.0171003
207.798 -0.0127353 0.00427828 -11.7243 11.7072 -0.0170979
207.809 -0.0127362 0.00427786 -11.717 11.6999 -0.0170961
207.82 -0.0127372 0.00427814 -11.7097 11.6926 -0.017095
207.831 -0.0127379 0.00427835 -11.7025 11.6854 -0.0170942
207.843 -0.0127385 0.00427997 -11.6953 11.6782 -0.0170938
207.854 -0.0127396 0.00428166 -11.6882 11.6711 -0.0170921
207.865 -0.0127404 0.00428333 -11.6811 11.664 -0.0170895
207.876 -0.0127421 0.00428425 -11.6742 11.6571 -0.0170864
207.888 -0.012744 0.00428504 -11.6673 11.6502 -0.0170829
207.899 -0.0127457 0.00428616 -11.6605 11.6435 -0.0170801
207.91 -0.0127471 0.00428702 -11.6539 11.6368 -0.0170764
207.921 -0.0127485 0.00428804 -11.6473 11.6302 -0.0170733
207.933 -0.01275 0.0042888 -11.6408 11.6237 -0.0170705
207.944 -0.0127513 0.00428979 -11.6344 11.6173 -0.0170677
207.955 -0.0127533 0.00429035 -11.628 11.6109 -0.0170655
207.966 -0.0127547 0.00429124 -11.6217 11.6046 -0.0170638
207.978 -0.012756 0.0042923 -11.6155 11.5984 -0.017062
207.989 -0.0127581 0.0042927 -11.6094 11.5923 -0.0170595
208 -0.0127594 0.00429349 -11.6033 11.5863 -0.0170568
208.011 -0.012761 0.00429389 -11.5974 11.5803 -0.017054
208.022 -0.0127626 0.00429482 -11.5915 11.5745 -0.0170511
208.034 -0.0127637 0.00429635 -11.5857 11.5687 -0.0170477
208.045 -0.0127647 0.00429749 -11.58 11.563 -0.0170436
208.056 -0.0127655 0.00429897 -11.5744 11.5574 -0.0170401
208.067 -0.0127661 0.00429968 -11.5689 11.5518 -0.0170367
208.079 -0.0127674 0.00429954 -11.5634 11.5464 -0.0170336
208.09 -0.0127684 0.0042999 -11.558 11.541 -0.0170305
208.101 -0.0127699 0.00429973 -11.5527 11.5357 -0.0170269
208.112 -0.0127711 0.00429931 -11.5474 11.5304 -0.0170232
208.124 -0.0127717 0.00429883 -11.5423 11.5252 -0.0170199
208.135 -0.0127712 0.00429889 -11.5371 11.5201 -0.0170172
208.146 -0.0127704 0.00429901 -11.532 11.515 -0.0170156
208.157 -0.0127706 0.00430003 -11.527 11.5099 -0.0170145
208.169 -0.0127706 0.0043017 -11.522 11.505 -0.0170123
208.18 -0.0127712 0.00430259 -11.5171 11.5 -0.0170106
208.191 -0.0127737 0.00430437 -11.5122 11.4952 -0.0170082
208.202 -0.012776 0.00430555 -11.5075 11.4905 -0.0170055
208.213 -0.0127778 0.00430679 -11.5028 11.4858 -0.0170029
208.225 -0.0127807 0.00430786 -11.4982 11.4812 -0.0169999
208.236 -0.0127832 0.00430917 -11.4937 11.4767 -0.0169964
208.247 -0.0127855 0.00431001 -11.4893 11.4723 -0.0169938
208.258 -0.0127876 0.00431102 -11.4849 11.4679 -0.0169916
208.27 -0.0127898 0.00431204 -11.4807 11.4637 -0.0169893
208.281 -0.0127908 0.00431276 -11.4765 11.4595 -0.016987
208.292 -0.0127911 0.00431406 -11.4724 11.4554 -0.0169857
208.303 -0.0127918 0.00431525 -11.4684 11.4514 -0.0169843
208.315 -0.0127929 0.0043153 -11.4644 11.4475 -0.0169809
208.326 -0.0127944 0.00431646 -11.4606 11.4436 -0.0169773
208.337 -0.0127966 0.00431708 -11.4568 11.4399 -0.0169727
208.348 -0.0127989 0.00431776 -11.4532 11.4362 -0.0169683
208.36 -0.0128009 0.00431819 -11.4496 11.4326 -0.0169644
208.371 -0.012803 0.00431798 -11.4461 11.4291 -0.0169605
208.382 -0.0128058 0.00431842 -11.4427 11.4258 -0.0169566
208.393 -0.0128079 0.00431913 -11.4394 11.4225 -0.0169528
208.404 -0.0128099 0.00432049 -11.4363 11.4193 -0.0169493
208.416 -0.0128118 0.0043215 -11.4331 11.4162 -0.0169455
208.427 -0.0128134 0.00432223 -11.4301 11.4132 -0.0169418
208.438 -0.0128155 0.00432232 -11.4272 11.4103 -0.0169384
208.449 -0.0128174 0.00432308 -11.4243 11.4074 -0.0169357
208.461 -0.012819 0.0043224 -11.4215 11.4046 -0.0169322
208.472 -0.0128208 0.00432173 -11.4188 11.4019 -0.0169296
208.483 -0.0128227 0.0043206 -11.4162 11.3993 -0.016927
208.494 -0.0128243 0.0043196 -11.4136 11.3967 -0.016925
208.506 -0.0128246 0.00431916 -11.4111 11.3942 -0.0169237
208.517 -0.0128251 0.0043196 -11.4086 11.3917 -0.0169217
208.528 -0.0128259 0.0043196 -11.4062 11.3893 -0.016919
208.539 -0.0128267 0.00431963 -11.4039 11.387 -0.0169156
208.551 -0.0128273 0.00432019 -11.4016 11.3847 -0.0169122
208.562 -0.0128293 0.00432094 -11.3994 11.3825 -0.0169079
208.573 -0.0128318 0.00432098 -11.3973 11.3804 -0.0169042
208.584 -0.0128339 0.00432091 -11.3953 11.3784 -0.0168994
208.596 -0.0128369 0.00432079 -11.3934 11.3765 -0.0168947
208.607 -0.01284 0.00432111 -11.3916 11.3747 -0.0168894
208.618 -0.0128432 0.00432162 -11.3899 11.373 -0.0168844
208.629 -0.0128463 0.00432197 -11.3883 11.3714 -0.0168795
208.64 -0.0128488 0.00432203 -11.3868 11.3699 -0.0168743
208.652 -0.012851 0.00432252 -11.3854 11.3685 -0.016869
208.663 -0.012852 0.0043233 -11.3841 11.3672 -0.0168658
208.674 -0.0128527 0.00432449 -11.3828 11.366 -0.0168616
208.685 -0.0128535 0.00432546 -11.3817 11.3648 -0.0168572
208.697 -0.0128553 0.00432604 -11.3806 11.3637 -0.0168527
208.708 -0.0128569 0.00432634 -11.3796 11.3627 -0.0168482
208.719 -0.0128593 0.00432708 -11.3787 11.3618 -0.0168427
208.73 -0.0128616 0.00432653 -11.3779 11.361 -0.0168365
208.742 -0.0128638 0.00432676 -11.3772 11.3603 -0.0168299
208.753 -0.0128651 0.00432694 -11.3766 11.3597 -0.0168244
208.764 -0.0128671 0.00432745 -11.376 11.3592 -0.0168205
208.775 -0.012869 0.00432804 -11.3755 11.3587 -0.016816
208.787 -0.012871 0.00432897 -11.3752 11.3583 -0.0168115
208.798 -0.0128726 0.00432985 -11.3749 11.358 -0.0168076
208.809 -0.0128751 0.00433093 -11.3746 11.3578 -0.0168029
208.82 -0.0128768 0.0043322 -11.3745 11.3577 -0.0167977
208.831 -0.012878 0.00433402 -11.3745 11.3577 -0.0167938
208.843 -0.0128795 0.00433562 -11.3745 11.3577 -0.0167896
208.854 -0.0128817 0.0043363 -11.3746 11.3578 -0.0167844
208.865 -0.0128836 0.00433602 -11.3748 11.358 -0.0167794
208.876 -0.0128854 0.004336 -11.3751 11.3583 -0.0167746
208.888 -0.0128867 0.00433539 -11.3754 11.3587 -0.0167699
208.899 -0.0128879 0.00433617 -11.3759 11.3591 -0.0167663
208.91 -0.0128896 0.00433607 -11.3764 11.3597 -0.016762
208.921 -0.0128915 0.0043364 -11.377 11.3602 -0.0167578
208.933 -0.012893 0.00433675 -11.3777 11.3609 -0.0167541
208.944 -0.0128941 0.00433744 -11.3784 11.3617 -0.0167504
208.955 -0.0128952 0.00433805 -11.3792 11.3625 -0.0167462
208.966 -0.0128964 0.00433944 -11.3801 11.3634 -0.0167416
208.978 -0.012898 0.00434059 -11.3811 11.3644 -0.0167362
208.989 -0.0128997 0.00434148 -11.3821 11.3654 -0.0167313
209 -0.0129006 0.00434295 -11.3833 11.3665 -0.0167268
209.011 -0.0129005 0.00434514 -11.3844 11.3677 -0.0167217
209.022 -0.0129011 0.00434543 -11.3857 11.369 -0.0167161
209.034 -0.0129018 0.00434558 -11.387 11.3703 -0.0167105
209.045 -0.0129026 0.00434533 -11.3884 11.3717 -0.0167041
209.056 -0.012904 0.00434519 -11.3898 11.3731 -0.0166982
209.067 -0.0129053 0.0043451 -11.3914 11.3747 -0.0166926
209.079 -0.0129073 0.00434483 -11.393 11.3764 -0.0166865
209.09 -0.0129091 0.00434348 -11.3948 11.3781 -0.0166801
209.101 -0.0129106 0.0043427 -11.3966 11.3799 -0.0166738
209.112 -0.0129124 0.00434166 -11.3985 11.3818 -0.0166676
209.124 -0.0129139 0.00434155 -11.4005 11.3838 -0.0166612
209.135 -0.0129155 0.00434093 -11.4026 11.3859 -0.0166554
209.146 -0.0129169 0.00434042 -11.4047 11.3881 -0.0166497
209.157 -0.0129182 0.00433983 -11.4069 11.3903 -0.0166446
209.169 -0.0129203 0.0043402 -11.4092 11.3926 -0.0166394
209.18 -0.012922 0.0043405 -11.4115 11.3949 -0.0166337
209.191 -0.0129232 0.00434054 -11.4139 11.3973 -0.0166279
209.202 -0.0129249 0.004341 -11.4163 11.3997 -0.0166225
209.213 -0.0129264 0.00434099 -11.4188 11.4022 -0.016617
209.225 -0.0129269 0.00434144 -11.4213 11.4047 -0.0166128
209.236 -0.0129278 0.00434278 -11.424 11.4074 -0.0166089
209.247 -0.012929 0.00434464 -11.4266 11.41 -0.0166035
209.258 -0.0129309 0.0043448 -11.4293 11.4127 -0.0165971
209.27 -0.0129323 0.00434561 -11.4321 11.4155 -0.0165917
209.281 -0.0129337 0.00434637 -11.4349 11.4183 -0.0165855
209.292 -0.0129347 0.00434688 -11.4378 11.4212 -0.0165792
209.303 -0.0129357 0.00434724 -11.4408 11.4242 -0.0165737
209.315 -0.0129367 0.00434749 -11.4438 11.4273 -0.0165676
209.326 -0.0129373 0.00434758 -11.4469 11.4304 -0.0165611
209.337 -0.0129382 0.0043473 -11.4501 11.4336 -0.0165548
209.348 -0.012939 0.00434727 -11.4533 11.4368 -0.0165483
209.36 -0.0129397 0.00434756 -11.4566 11.4401 -0.0165425
209.371 -0.0129413 0.004348 -11.46 11.4435 -0.0165368
209.382 -0.0129429 0.00434844 -11.4634 11.4469 -0.0165304
209.393 -0.0129442 0.00434862 -11.4669 11.4503 -0.0165245
209.404 -0.0129458 0.00434877 -11.4704 11.4539 -0.016519
209.416 -0.0129475 0.00434924 -11.4739 11.4574 -0.0165127
209.427 -0.0129494 0.00434988 -11.4775 11.461 -0.0165066
209.438 -0.0129508 0.00434979 -11.4812 11.4647 -0.0165003
209.449 -0.012952 0.00435051 -11.4849 11.4684 -0.0164952
209.461 -0.0129538 0.00435086 -11.4887 11.4722 -0.0164899
209.472 -0.0129551 0.00435092 -11.4925 11.476 -0.0164846
209.483 -0.0129557 0.00435135 -11.4963 11.4798 -0.0164794
209.494 -0.0129562 0.00435171 -11.5002 11.4837 -0.0164739
209.506 -0.0129577 0.00435152 -11.5041 11.4876 -0.0164688
209.517 -0.0129587 0.00435142 -11.5081 11.4916 -0.0164627
209.528 -0.0129599 0.00435192 -11.5121 11.4956 -0.016456
209.539 -0.0129605 0.00435214 -11.5161 11.4997 -0.0164497
209.551 -0.012961 0.00435235 -11.5202 11.5038 -0.0164429
209.562 -0.0129613 0.00435203 -11.5243 11.5079 -0.0164364
209.573 -0.0129608 0.00435333 -11.5285 11.5121 -0.0164313
209.584 -0.0129609 0.00435432 -11.5327 11.5162 -0.0164256
209.596 -0.012961 0.0043549 -11.5368 11.5204 -0.0164192
209.607 -0.012961 0.00435535 -11.5411 11.5247 -0.0164132
209.618 -0.012961 0.00435689 -11.5453 11.5289 -0.016407
209.629 -0.012961 0.00435767 -11.5496 11.5332 -0.0164007
209.64 -0.0129609 0.00435873 -11.5538 11.5374 -0.0163945
209.652 -0.0129609 0.00436025 -11.5581 11.5417 -0.0163878
209.663 -0.0129609 0.00436139 -11.5624 11.546 -0.0163812
209.674 -0.0129613 0.00436281 -11.5667 11.5504 -0.016375
209.685 -0.0129622 0.00436479 -11.5711 11.5547 -0.0163676
209.697 -0.0129621 0.00436641 -11.5755 11.5591 -0.0163612
209.708 -0.0129621 0.00436811 -11.5799 11.5635 -0.0163547
209.719 -0.0129616 0.00436872 -11.5843 11.5679 -0.0163487
209.73 -0.0129607 0.00437012 -11.5887 11.5723 -0.0163436
209.742 -0.0129597 0.00437147 -11.5931 11.5768 -0.0163389
209.753 -0.0129594 0.00437225 -11.5975 11.5811 -0.016334
209.764 -0.0129587 0.00437317 -11.6019 11.5855 -0.0163294
209.775 -0.0129578 0.00437435 -11.6063 11.59 -0.0163249
209.787 -0.012957 0.00437469 -11.6107 11.5943 -0.0163203
209.798 -0.0129563 0.00437568 -11.6151 11.5987 -0.0163157
209.809 -0.0129561 0.00437585 -11.6194 11.6031 -0.0163109
209.82 -0.0129551 0.00437646 -11.6238 11.6075 -0.0163066
209.831 -0.0129543 0.00437661 -11.6282 11.6119 -0.0163024
209.843 -0.0129528 0.00437694 -11.6326 11.6163 -0.0162984
209.854 -0.0129512 0.00437747 -11.637 11.6207 -0.0162948
209.865 -0.0129488 0.00437775 -11.6413 11.625 -0.0162905
209.876 -0.0129465 0.00437831 -11.6456 11.6294 -0.0162867
209.888 -0.0129444 0.00437925 -11.6499 11.6337 -0.0162825
209.899 -0.0129425 0.00437998 -11.6542 11.6379 -0.0162782
209.91 -0.0129403 0.00438063 -11.6585 11.6422 -0.0162735
209.921 -0.0129381 0.00438085 -11.6627 11.6464 -0.0162691
209.933 -0.0129358 0.00438139 -11.6669 11.6507 -0.0162647
209.944 -0.0129348 0.00438183 -11.6711 11.6549 -0.0162605
209.955 -0.0129338 0.00438265 -11.6753 11.659 -0.0162555
209.966 -0.0129325 0.00438255 -11.6794 11.6632 -0.0162495
209.978 -0.0129315 0.00438271 -11.6836 11.6673 -0.0162445
209.989 -0.0129304 0.00438288 -11.6877 11.6714 -0.0162394
210 -0.0129286 0.00438315 -11.6918 11.6755 -0.0162339
210.011 -0.0129272 0.00438337 -11.6958 11.6796 -0.0162287
210.022 -0.0129261 0.00438381 -11.6999 11.6837 -0.0162235
210.034 -0.0129251 0.00438416 -11.7039 11.6877 -0.0162182
210.045 -0.0129247 0.00438427 -11.7078 11.6916 -0.0162134
210.056 -0.0129241 0.00438487 -11.7118 11.6956 -0.016208
210.067 -0.0129232 0.00438502 -11.7157 11.6995 -0.0162032
210.079 -0.0129226 0.00438522 -11.7196 11.7034 -0.016198
210.09 -0.0129222 0.00438503 -11.7235 11.7073 -0.0161928
210.101 -0.0129219 0.00438512 -11.7273 11.7111 -0.0161878
210.112 -0.0129213 0.00438494 -11.7311 11.7149 -0.0161834
210.124 -0.0129206 0.00438557 -11.7349 11.7187 -0.016179
210.135 -0.0129199 0.00438602 -11.7386 11.7224 -0.0161746
210.146 -0.0129189 0.00438789 -11.7423 11.7261 -0.01617
210.157 -0.0129177 0.00438871 -11.7459 11.7298 -0.016166
210.169 -0.0129164 0.00439054 -11.7496 11.7334 -0.0161619
210.18 -0.0129154 0.00439224 -11.7531 11.737 -0.0161575
210.191 -0.0129145 0.00439419 -11.7566 11.7405 -0.0161525
210.202 -0.012913 0.00439614 -11.7601 11.744 -0.0161477
210.213 -0.0129113 0.0043988 -11.7636 11.7475 -0.0161429
210.225 -0.0129099 0.00440155 -11.767 11.7509 -0.0161379
210.236 -0.0129079 0.00440415 -11.7704 11.7543 -0.016133
210.247 -0.0129063 0.00440654 -11.7738 11.7576 -0.0161284
210.258 -0.0129054 0.00440848 -11.777 11.7609 -0.0161231
210.27 -0.0129044 0.00441037 -11.7803 11.7642 -0.0161175
210.281 -0.0129033 0.00441264 -11.7835 11.7674 -0.0161131
210.292 -0.012902 0.0044149 -11.7867 11.7706 -0.0161081
210.303 -0.0129012 0.00441731 -11.7898 11.7737 -0.0161028
210.315 -0.0129004 0.00441919 -11.7928 11.7767 -0.0160975
210.326 -0.0128994 0.00442115 -11.7959 11.7798 -0.0160918
210.337 -0.0128988 0.00442251 -11.7988 11.7827 -0.0160862
210.348 -0.0128986 0.00442363 -11.8018 11.7857 -0.0160807
210.36 -0.0128981 0.00442532 -11.8046 11.7886 -0.0160748
210.371 -0.012897 0.0044268 -11.8075 11.7914 -0.0160685
210.382 -0.0128957 0.00442772 -11.8103 11.7942 -0.0160625
210.393 -0.0128944 0.00442907 -11.813 11.7969 -0.0160568
210.404 -0.012893 0.00443021 -11.8157 11.7996 -0.0160505
210.416 -0.0128917 0.00443163 -11.8183 11.8023 -0.0160452
210.427 -0.0128908 0.00443276 -11.8209 11.8049 -0.0160396
210.438 -0.0128895 0.00443397 -11.8234 11.8074 -0.0160343
210.449 -0.0128884 0.00443548 -11.8259 11.8099 -0.0160295
210.461 -0.0128881 0.00443743 -11.8283 11.8123 -0.016025
210.472 -0.0128867 0.00443934 -11.8307 11.8147 -0.0160208
210.483 -0.0128858 0.00444093 -11.833 11.817 -0.0160168
210.494 -0.0128843 0.0044426 -11.8353 11.8192 -0.0160125
210.506 -0.0128824 0.00444445 -11.8374 11.8214 -0.0160085
210.517 -0.0128802 0.00444667 -11.8396 11.8236 -0.0160043
210.528 -0.0128777 0.00444828 -11.8416 11.8256 -0.0160003
210.539 -0.0128756 0.00445053 -11.8436 11.8276 -0.0159957
210.551 -0.0128734 0.00445259 -11.8455 11.8295 -0.0159918
210.562 -0.0128713 0.00445452 -11.8474 11.8314 -0.0159874
210.573 -0.0128691 0.00445659 -11.8492 11.8332 -0.015984
210.584 -0.0128669 0.0044594 -11.8509 11.8349 -0.0159807
210.596 -0.0128647 0.00446196 -11.8526 11.8366 -0.0159773
210.607 -0.0128629 0.00446479 -11.8541 11.8382 -0.0159736
210.618 -0.0128612 0.00446695 -11.8557 11.8397 -0.0159701
210.629 -0.0128598 0.00446951 -11.8572 11.8412 -0.0159675
210.64 -0.0128588 0.00447226 -11.8586 11.8426 -0.0159643
210.652 -0.0128569 0.00447567 -11.8599 11.844 -0.0159601
210.663 -0.0128553 0.00447928 -11.8612 11.8453 -0.0159551
210.674 -0.0128537 0.0044823 -11.8625 11.8465 -0.01595
210.685 -0.012852 0.00448531 -11.8637 11.8478 -0.0159452
210.697 -0.0128506 0.00448769 -11.8649 11.8489 -0.0159407
210.708 -0.012849 0.00448975 -11.866 11.85 -0.0159367
210.719 -0.012847 0.00449177 -11.867 11.8511 -0.0159336
210.73 -0.012845 0.00449454 -11.868 11.852 -0.0159289
210.742 -0.0128425 0.00449723 -11.8689 11.8529 -0.0159247
210.753 -0.0128412 0.00449919 -11.8697 11.8538 -0.0159215
210.764 -0.0128398 0.00450112 -11.8705 11.8546 -0.0159179
210.775 -0.0128382 0.00450334 -11.8712 11.8553 -0.0159142
210.787 -0.0128355 0.00450553 -11.8718 11.8559 -0.0159107
210.798 -0.0128341 0.00450746 -11.8724 11.8565 -0.0159064
210.809 -0.0128325 0.00450946 -11.8729 11.857 -0.0159024
210.82 -0.0128303 0.00451177 -11.8733 11.8574 -0.0158988
210.831 -0.0128284 0.00451406 -11.8737 11.8578 -0.0158958
210.843 -0.0128271 0.00451634 -11.874 11.8581 -0.0158926
210.854 -0.0128254 0.00451861 -11.8742 11.8583 -0.01589
210.865 -0.0128238 0.00452103 -11.8744 11.8585 -0.0158865
210.876 -0.0128221 0.00452328 -11.8745 11.8586 -0.0158822
210.888 -0.0128198 0.004526 -11.8746 11.8587 -0.0158778
210.899 -0.0128174 0.00452861 -11.8745 11.8586 -0.0158739
210.91 -0.0128152 0.00453092 -11.8744 11.8585 -0.0158692
210.921 -0.0128131 0.00453369 -11.8743 11.8584 -0.0158651
210.933 -0.0128109 0.00453647 -11.874 11.8582 -0.0158604
210.944 -0.0128086 0.00453882 -11.8737 11.8579 -0.0158571
210.955 -0.0128067 0.00454119 -11.8733 11.8575 -0.0158541
210.966 -0.0128042 0.00454392 -11.8729 11.857 -0.0158502
210.978 -0.0128015 0.0045469 -11.8723 11.8565 -0.0158457
210.989 -0.0127988 0.0045508 -11.8717 11.8559 -0.0158419
211 -0.0127958 0.00455457 -11.871 11.8552 -0.015837
211.011 -0.0127936 0.0045581 -11.8703 11.8545 -0.015833
211.022 -0.0127913 0.00456071 -11.8695 11.8537 -0.0158297
211.034 -0.0127896 0.0045643 -11.8686 11.8528 -0.0158249
211.045 -0.012787 0.00456694 -11.8677 11.8519 -0.0158201
211.056 -0.0127844 0.00456961 -11.8667 11.8509 -0.0158158
211.067 -0.0127826 0.00457132 -11.8657 11.8498 -0.0158106
211.079 -0.0127809 0.00457291 -11.8645 11.8487 -0.0158058
211.09 -0.0127793 0.00457495 -11.8634 11.8476 -0.0158019
211.101 -0.0127775 0.00457681 -11.8621 11.8463 -0.0157979
211.112 -0.0127755 0.00457883 -11.8608 11.845 -0.0157942
211.124 -0.0127736 0.00458125 -11.8594 11.8436 -0.0157915
211.135 -0.0127721 0.00458397 -11.8579 11.8422 -0.0157885
211.146 -0.01277 0.00458695 -11.8564 11.8406 -0.0157852
211.157 -0.0127684 0.00458993 -11.8548 11.839 -0.0157818
211.169 -0.0127668 0.00459285 -11.8531 11.8373 -0.0157775
211.18 -0.0127648 0.00459499 -11.8514 11.8356 -0.0157735
211.191 -0.0127626 0.0045973 -11.8495 11.8338 -0.0157703
211.202 -0.0127603 0.00459991 -11.8476 11.8319 -0.0157662
211.213 -0.0127577 0.00460235 -11.8457 11.8299 -0.015763
211.225 -0.0127555 0.00460436 -11.8436 11.8278 -0.0157604
211.236 -0.0127527 0.00460548 -11.8414 11.8257 -0.0157569
211.247 -0.0127498 0.00460754 -11.8392 11.8235 -0.0157539
211.258 -0.0127469 0.00461042 -11.8369 11.8212 -0.0157508
211.27 -0.0127441 0.00461406 -11.8345 11.8188 -0.0157467
211.281 -0.0127417 0.00461738 -11.8321 11.8164 -0.0157431
211.292 -0.0127394 0.00462086 -11.8296 11.8139 -0.0157392
211.303 -0.0127359 0.0046242 -11.827 11.8113 -0.0157349
211.315 -0.0127328 0.00462746 -11.8244 11.8087 -0.0157303
211.326 -0.0127312 0.00463092 -11.8217 11.806 -0.015726
211.337 -0.0127288 0.00463363 -11.8189 11.8032 -0.0157215
211.348 -0.0127262 0.00463607 -11.8161 11.8004 -0.015717
211.36 -0.0127243 0.00463822 -11.8132 11.7975 -0.0157129
211.371 -0.0127226 0.00464034 -11.8102 11.7945 -0.0157083
211.382 -0.012721 0.00464268 -11.8072 11.7915 -0.0157033
211.393 -0.01272 0.00464499 -11.8042 11.7885 -0.0156999
211.404 -0.0127186 0.00464753 -11.8011 11.7854 -0.0156965
211.416 -0.0127166 0.00465049 -11.798 11.7823 -0.0156937
211.427 -0.0127145 0.00465333 -11.7948 11.7791 -0.0156906
211.438 -0.0127126 0.00465566 -11.7915 11.7758 -0.0156872
211.449 -0.0127113 0.00465827 -11.7882 11.7725 -0.0156842
211.461 -0.0127098 0.00466103 -11.7848 11.7691 -0.0156816
211.472 -0.012708 0.00466378 -11.7813 11.7656 -0.0156785
211.483 -0.0127067 0.00466592 -11.7777 11.7621 -0.0156765
211.494 -0.0127048 0.00466903 -11.7741 11.7584 -0.0156734
211.506 -0.0127026 0.00467248 -11.7704 11.7548 -0.0156691
211.517 -0.0127008 0.00467474 -11.7667 11.7511 -0.015666
211.528 -0.0126979 0.00467711 -11.763 11.7473 -0.0156621
211.539 -0.0126955 0.00467978 -11.7592 11.7435 -0.0156582
211.551 -0.0126925 0.00468222 -11.7553 11.7397 -0.0156543
211.562 -0.0126896 0.00468487 -11.7515 11.7358 -0.0156499
211.573 -0.0126867 0.0046871 -11.7476 11.7319 -0.0156448
211.584 -0.0126824 0.00468864 -11.7436 11.728 -0.0156397
211.596 -0.0126795 0.00469054 -11.7397 11.724 -0.0156351
211.607 -0.0126775 0.0046924 -11.7356 11.7199 -0.0156305
211.618 -0.0126755 0.00469474 -11.7314 11.7158 -0.0156257
211.629 -0.0126728 0.0046975 -11.7272 11.7116 -0.0156216
211.64 -0.0126702 0.00470039 -11.723 11.7074 -0.0156172
211.652 -0.0126676 0.00470387 -11.7187 11.7031 -0.0156132
211.663 -0.0126652 0.00470693 -11.7144 11.6988 -0.0156087
211.674 -0.0126627 0.00470971 -11.71 11.6944 -0.0156039
211.685 -0.0126605 0.00471247 -11.7055 11.6899 -0.0156
211.697 -0.012659 0.00471592 -11.701 11.6854 -0.0155964
211.708 -0.0126582 0.00471937 -11.6964 11.6808 -0.0155926
211.719 -0.0126566 0.00472279 -11.6918 11.6762 -0.0155884
211.73 -0.0126547 0.00472586 -11.6871 11.6716 -0.0155845
211.742 -0.0126523 0.00472888 -11.6825 11.6669 -0.0155796
211.753 -0.0126504 0.0047319 -11.6778 11.6622 -0.0155756
211.764 -0.0126488 0.00473508 -11.673 11.6575 -0.0155723
211.775 -0.0126473 0.00473826 -11.6682 11.6526 -0.0155679
211.787 -0.0126452 0.00474141 -11.6633 11.6478 -0.0155629
211.798 -0.0126428 0.00474409 -11.6584 11.6429 -0.015558
211.809 -0.01264 0.00474596 -11.6535 11.6379 -0.0155537
211.82 -0.0126383 0.00474762 -11.6485 11.6329 -0.01555
211.831 -0.0126356 0.00475066 -11.6434 11.6279 -0.0155448
211.843 -0.0126337 0.00475384 -11.6383 11.6228 -0.0155406
211.854 -0.0126311 0.00475681 -11.6332 11.6177 -0.0155356
211.865 -0.0126283 0.00475981 -11.6281 11.6125 -0.0155309
211.876 -0.0126251 0.00476204 -11.6229 11.6073 -0.0155264
211.888 -0.0126213 0.00476412 -11.6176 11.6021 -0.0155215
211.899 -0.0126184 0.00476604 -11.6124 11.5969 -0.0155179
211.91 -0.012616 0.00476806 -11.6071 11.5916 -0.0155134
211.921 -0.0126126 0.00476969 -11.6017 11.5862 -0.0155089
211.933 -0.0126097 0.00477122 -11.5964 11.5809 -0.015505
211.944 -0.0126069 0.00477345 -11.5909 11.5754 -0.015501
211.955 -0.0126043 0.00477611 -11.5855 11.57 -0.0154965
211.966 -0.0126013 0.004779 -11.58 11.5645 -0.0154926
211.978 -0.0125985 0.00478091 -11.5745 11.559 -0.0154889
211.989 -0.0125943 0.00478299 -11.5689 11.5534 -0.0154848
212 -0.0125918 0.00478576 -11.5633 11.5478 -0.0154807
212.011 -0.0125901 0.00478841 -11.5576 11.5421 -0.0154759
212.022 -0.0125889 0.00479101 -11.5519 11.5365 -0.0154719
212.034 -0.0125866 0.0047943 -11.5463 11.5308 -0.015467
212.045 -0.012584 0.00479759 -11.5406 11.5251 -0.0154614
212.056 -0.0125814 0.00480067 -11.5348 11.5194 -0.0154568
212.067 -0.0125789 0.00480293 -11.5291 11.5136 -0.0154531
212.079 -0.0125762 0.00480531 -11.5233 11.5079 -0.0154493
212.09 -0.0125737 0.00480788 -11.5175 11.5021 -0.0154457
212.101 -0.0125711 0.00481049 -11.5117 11.4963 -0.0154426
212.112 -0.0125689 0.00481303 -11.5059 11.4905 -0.0154392
212.124 -0.0125664 0.00481527 -11.5 11.4846 -0.0154362
212.135 -0.0125651 0.00481678 -11.4942 11.4787 -0.0154346
212.146 -0.012563 0.00481912 -11.4882 11.4728 -0.015431
212.157 -0.0125606 0.00482137 -11.4823 11.4669 -0.0154265
212.169 -0.0125586 0.00482401 -11.4764 11.4609 -0.0154228
212.18 -0.0125571 0.00482656 -11.4704 11.455 -0.0154189
212.191 -0.012555 0.00482966 -11.4644 11.4489 -0.015415
212.202 -0.0125524 0.00483286 -11.4584 11.443 -0.0154112
212.213 -0.01255 0.00483508 -11.4524 11.4369 -0.0154072
212.225 -0.0125476 0.00483753 -11.4463 11.4309 -0.0154032
212.236 -0.0125456 0.0048397 -11.4403 11.4249 -0.0153996
212.247 -0.0125424 0.00484253 -11.4343 11.4189 -0.015395
212.258 -0.0125401 0.00484583 -11.4283 11.4129 -0.0153906
212.27 -0.0125382 0.00484891 -11.4223 11.4069 -0.0153863
212.281 -0.0125363 0.00485186 -11.4162 11.4008 -0.0153825
212.292 -0.0125348 0.00485389 -11.4102 11.3948 -0.0153791
212.303 -0.0125332 0.00485736 -11.4041 11.3888 -0.015376
212.315 -0.0125321 0.00486089 -11.3981 11.3827 -0.0153735
212.326 -0.0125318 0.00486394 -11.392 11.3767 -0.0153715
212.337 -0.0125305 0.00486704 -11.386 11.3706 -0.0153691
212.348 -0.0125285 0.00486965 -11.3799 11.3645 -0.0153658
212.36 -0.0125258 0.0048731 -11.3738 11.3585 -0.0153616
212.371 -0.0125232 0.00487656 -11.3678 11.3525 -0.0153567
212.382 -0.0125208 0.0048799 -11.3618 11.3465 -0.0153518
212.393 -0.0125189 0.00488316 -11.3558 11.3405 -0.015348
212.404 -0.0125162 0.00488605 -11.3498 11.3345 -0.0153446
212.416 -0.012514 0.00488785 -11.3438 11.3285 -0.0153404
212.427 -0.0125119 0.00488887 -11.3379 11.3225 -0.0153372
212.438 -0.0125107 0.00489139 -11.3319 11.3166 -0.0153342
212.449 -0.0125095 0.00489424 -11.3259 11.3106 -0.0153311
212.461 -0.0125077 0.00489731 -11.3199 11.3045 -0.0153286
212.472 -0.0125055 0.00490095 -11.3139 11.2986 -0.0153259
212.483 -0.0125041 0.00490412 -11.3079 11.2926 -0.0153242
212.494 -0.0125027 0.0049069 -11.3019 11.2865 -0.0153227
212.506 -0.0125006 0.00490984 -11.2959 11.2805 -0.0153212
212.517 -0.0124992 0.00491245 -11.2899 11.2746 -0.0153197
212.528 -0.0124971 0.004915 -11.2839 11.2686 -0.0153175
212.539 -0.0124947 0.0049177 -11.2779 11.2626 -0.0153147
212.551 -0.0124922 0.00492194 -11.272 11.2566 -0.0153106
212.562 -0.0124894 0.00492543 -11.2661 11.2508 -0.0153073
212.573 -0.0124869 0.00492906 -11.2602 11.2449 -0.0153036
212.584 -0.0124847 0.00493217 -11.2544 11.2391 -0.0153001
212.596 -0.0124825 0.00493481 -11.2486 11.2333 -0.0152976
212.607 -0.0124796 0.00493753 -11.2428 11.2275 -0.0152954
212.618 -0.0124778 0.00493968 -11.237 11.2217 -0.0152924
212.629 -0.0124762 0.00494148 -11.2313 11.216 -0.0152907
212.64 -0.0124742 0.00494393 -11.2256 11.2103 -0.0152881
212.652 -0.0124717 0.00494668 -11.2199 11.2046 -0.0152841
212.663 -0.0124689 0.00494926 -11.2142 11.1989 -0.0152803
212.674 -0.0124653 0.00495275 -11.2086 11.1934 -0.0152767
212.685 -0.012463 0.00495606 -11.2031 11.1878 -0.0152742
212.697 -0.012461 0.00495943 -11.1976 11.1823 -0.0152711
212.708 -0.012459 0.00496259 -11.1921 11.1768 -0.015268
212.719 -0.0124566 0.00496567 -11.1867 11.1714 -0.0152652
212.73 -0.0124548 0.00496904 -11.1813 11.1661 -0.0152624
212.742 -0.0124524 0.00497204 -11.176 11.1608 -0.0152602
212.753 -0.0124504 0.00497544 -11.1707 11.1555 -0.0152575
212.764 -0.0124487 0.00497929 -11.1655 11.1503 -0.0152544
212.775 -0.0124465 0.00498236 -11.1604 11.1451 -0.0152516
212.787 -0.0124443 0.00498458 -11.1553 11.14 -0.0152483
212.798 -0.0124423 0.00498664 -11.1502 11.135 -0.0152461
212.809 -0.0124404 0.00498916 -11.1452 11.13 -0.015244
212.82 -0.0124385 0.00499206 -11.1402 11.125 -0.0152412
212.831 -0.0124375 0.00499505 -11.1353 11.12 -0.0152388
212.843 -0.0124364 0.00499829 -11.1304 11.1152 -0.0152363
212.854 -0.0124346 0.00500146 -11.1256 11.1103 -0.0152327
212.865 -0.0124329 0.00500485 -11.1208 11.1055 -0.0152288
212.876 -0.0124304 0.00500837 -11.1161 11.1009 -0.0152251
212.888 -0.0124283 0.00501156 -11.1114 11.0962 -0.0152213
212.899 -0.0124265 0.00501513 -11.1068 11.0916 -0.0152178
212.91 -0.0124249 0.00501896 -11.1023 11.0871 -0.0152145
212.921 -0.0124243 0.00502198 -11.0979 11.0827 -0.0152118
212.933 -0.0124237 0.00502416 -11.0935 11.0783 -0.0152096
212.944 -0.012422 0.00502674 -11.0891 11.0739 -0.0152074
212.955 -0.0124188 0.00502956 -11.0849 11.0697 -0.0152038
212.966 -0.0124158 0.00503199 -11.0807 11.0655 -0.0152007
212.978 -0.012413 0.00503552 -11.0766 11.0615 -0.0151971
212.989 -0.0124105 0.00503916 -11.0727 11.0575 -0.0151939
213 -0.0124087 0.00504167 -11.0687 11.0536 -0.0151927
213.011 -0.0124073 0.00504388 -11.0649 11.0497 -0.015192
213.022 -0.0124055 0.00504616 -11.0611 11.046 -0.0151912
213.034 -0.0124032 0.00504994 -11.0574 11.0423 -0.0151888
213.045 -0.0124007 0.0050537 -11.0538 11.0386 -0.015187
213.056 -0.0123985 0.00505728 -11.0503 11.0351 -0.0151859
213.067 -0.0123962 0.00506054 -11.0468 11.0316 -0.0151841
213.079 -0.0123942 0.00506399 -11.0434 11.0282 -0.0151825
213.09 -0.0123921 0.0050681 -11.0401 11.0249 -0.0151802
213.101 -0.0123906 0.00507216 -11.0368 11.0217 -0.0151779
213.112 -0.012389 0.00507528 -11.0337 11.0186 -0.0151757
213.124 -0.0123871 0.00507839 -11.0307 11.0155 -0.0151728
213.135 -0.0123849 0.00508105 -11.0277 11.0125 -0.0151712
213.146 -0.0123821 0.00508361 -11.0248 11.0097 -0.0151697
213.157 -0.0123798 0.00508577 -11.0221 11.0069 -0.0151678
213.169 -0.0123775 0.00509003 -11.0194 11.0042 -0.0151637
213.18 -0.0123748 0.0050943 -11.0168 11.0017 -0.0151598
213.191 -0.0123717 0.0050972 -11.0144 10.9992 -0.015157
213.202 -0.0123685 0.00510035 -11.012 10.9968 -0.0151534
213.213 -0.0123653 0.00510406 -11.0098 10.9946 -0.0151491
213.225 -0.0123625 0.00510671 -11.0076 10.9925 -0.0151458
213.236 -0.0123593 0.00511078 -11.0056 10.9905 -0.0151422
213.247 -0.0123575 0.00511431 -11.0037 10.9886 -0.0151402
213.258 -0.0123551 0.00511782 -11.0019 10.9868 -0.0151374
213.27 -0.0123532 0.00512059 -11.0002 10.9851 -0.0151348
213.281 -0.0123507 0.00512401 -10.9986 10.9835 -0.0151323
213.292 -0.012348 0.00512806 -10.9971 10.982 -0.0151284
213.303 -0.0123454 0.00513234 -10.9958 10.9807 -0.0151252
213.315 -0.0123424 0.00513625 -10.9945 10.9794 -0.0151215
213.326 -0.0123395 0.00514003 -10.9934 10.9783 -0.0151187
213.337 -0.0123367 0.0051431 -10.9924 10.9772 -0.0151167
213.348 -0.012334 0.00514631 -10.9914 10.9763 -0.0151152
213.36 -0.0123315 0.005149 -10.9905 10.9754 -0.0151139
213.371 -0.0123283 0.00515345 -10.9898 10.9747 -0.01511
213.382 -0.0123253 0.00515726 -10.9892 10.9741 -0.0151067
213.393 -0.0123221 0.00516199 -10.9886 10.9735 -0.0151023
213.404 -0.0123189 0.0051662 -10.9882 10.9731 -0.0150986
213.416 -0.012316 0.00517025 -10.9879 10.9728 -0.0150952
213.427 -0.0123131 0.0051736 -10.9877 10.9727 -0.0150922
213.438 -0.0123105 0.00517751 -10.9876 10.9726 -0.0150888
213.449 -0.0123082 0.005181 -10.9876 10.9726 -0.0150862
213.461 -0.0123059 0.00518428 -10.9877 10.9727 -0.0150827
213.472 -0.012304 0.00518816 -10.9879 10.9729 -0.015079
213.483 -0.012302 0.00519291 -10.9883 10.9732 -0.0150744
213.494 -0.0123 0.00519711 -10.9887 10.9736 -0.0150703
213.506 -0.0122981 0.00520094 -10.9892 10.9742 -0.0150673
213.517 -0.0122963 0.00520453 -10.9899 10.9748 -0.0150639
213.528 -0.0122946 0.00520717 -10.9907 10.9756 -0.0150613
213.539 -0.0122929 0.00521027 -10.9916 10.9765 -0.0150581
213.551 -0.01229 0.0052155 -10.9926 10.9775 -0.0150533
213.562 -0.012287 0.00521947 -10.9937 10.9787 -0.015049
213.573 -0.0122845 0.00522302 -10.995 10.9799 -0.0150453
213.584 -0.0122818 0.0052265 -10.9963 10.9813 -0.0150413
213.596 -0.0122794 0.00523108 -10.9978 10.9828 -0.0150358
213.607 -0.0122768 0.00523548 -10.9994 10.9844 -0.015031
213.618 -0.0122741 0.00524064 -11.0011 10.9861 -0.0150258
213.629 -0.0122716 0.00524483 -11.003 10.9879 -0.0150206
213.64 -0.0122687 0.00524965 -11.0049 10.9899 -0.0150157
213.652 -0.0122665 0.00525441 -11.0069 10.9919 -0.0150121
213.663 -0.0122642 0.00525868 -11.009 10.994 -0.015008
213.674 -0.012262 0.00526285 -11.0113 10.9963 -0.0150047
213.685 -0.0122603 0.00526649 -11.0136 10.9986 -0.0150017
213.697 -0.012258 0.00527101 -11.016 11.001 -0.0149972
213.708 -0.0122554 0.00527599 -11.0186 11.0036 -0.0149925
213.719 -0.0122529 0.00528032 -11.0212 11.0062 -0.0149891
213.73 -0.01225 0.00528361 -11.0239 11.0089 -0.0149864
213.742 -0.012247 0.00528765 -11.0267 11.0117 -0.0149821
213.753 -0.0122428 0.00529149 -11.0296 11.0146 -0.014978
213.764 -0.0122391 0.00529537 -11.0326 11.0176 -0.0149733
213.775 -0.0122358 0.00529938 -11.0357 11.0207 -0.0149693
213.787 -0.0122328 0.00530386 -11.0389 11.0239 -0.0149647
213.798 -0.0122308 0.00530799 -11.0421 11.0272 -0.0149609
213.809 -0.0122287 0.0053125 -11.0455 11.0305 -0.0149572
213.82 -0.0122259 0.00531782 -11.0489 11.034 -0.0149533
213.831 -0.0122239 0.00532166 -11.0524 11.0375 -0.0149493
213.843 -0.012221 0.00532618 -11.056 11.0411 -0.014946
213.854 -0.0122186 0.00533064 -11.0597 11.0448 -0.0149431
213.865 -0.0122156 0.00533476 -11.0634 11.0485 -0.0149398
213.876 -0.0122115 0.00533997 -11.0673 11.0523 -0.0149351
213.888 -0.0122075 0.00534434 -11.0712 11.0562 -0.0149308
213.899 -0.012204 0.00534752 -11.0751 11.0602 -0.0149268
213.91 -0.0122005 0.00535089 -11.0792 11.0642 -0.0149225
213.921 -0.0121982 0.00535408 -11.0833 11.0684 -0.01492
213.933 -0.0121962 0.00535822 -11.0874 11.0725 -0.0149174
213.944 -0.0121935 0.00536195 -11.0917 11.0768 -0.0149144
213.955 -0.0121903 0.0053661 -11.096 11.0811 -0.0149109
213.966 -0.0121867 0.00537071 -11.1003 11.0854 -0.0149063
213.978 -0.0121826 0.00537529 -11.1047 11.0898 -0.0149013
213.989 -0.0121786 0.00537846 -11.1092 11.0943 -0.0148974
214 -0.012175 0.00538244 -11.1137 11.0988 -0.0148931
214.011 -0.0121714 0.00538655 -11.1183 11.1034 -0.0148893
214.022 -0.0121678 0.00539077 -11.1229 11.108 -0.0148856
214.034 -0.0121643 0.00539529 -11.1276 11.1127 -0.0148808
214.045 -0.0121607 0.00539992 -11.1323 11.1174 -0.0148753
214.056 -0.0121578 0.00540462 -11.137 11.1222 -0.0148698
214.067 -0.0121559 0.00540846 -11.1418 11.1269 -0.0148651
214.079 -0.0121537 0.00541229 -11.1466 11.1317 -0.0148602
214.09 -0.0121518 0.00541627 -11.1514 11.1366 -0.014856
214.101 -0.0121501 0.00542046 -11.1563 11.1414 -0.0148512
214.112 -0.0121484 0.00542523 -11.1612 11.1463 -0.0148466
214.124 -0.0121464 0.00543027 -11.1661 11.1512 -0.0148415
214.135 -0.0121439 0.00543568 -11.171 11.1562 -0.0148356
214.146 -0.0121408 0.00544183 -11.176 11.1611 -0.0148291
214.157 -0.0121376 0.00544766 -11.181 11.1661 -0.0148227
214.169 -0.0121353 0.00545434 -11.186 11.1712 -0.0148161
214.18 -0.0121322 0.00546119 -11.191 11.1762 -0.0148094
214.191 -0.0121291 0.00546823 -11.196 11.1812 -0.0148028
214.202 -0.0121261 0.00547357 -11.2011 11.1863 -0.0147965
214.213 -0.0121233 0.00547876 -11.2061 11.1913 -0.0147907
214.225 -0.0121204 0.00548448 -11.2112 11.1964 -0.0147854
214.236 -0.0121174 0.0054899 -11.2162 11.2015 -0.0147796
214.247 -0.0121149 0.00549468 -11.2213 11.2065 -0.0147752
214.258 -0.0121119 0.00549983 -11.2263 11.2115 -0.0147703
214.27 -0.01211 0.00550418 -11.2313 11.2166 -0.0147656
214.281 -0.0121078 0.00550866 -11.2364 11.2216 -0.0147603
214.292 -0.012106 0.00551325 -11.2414 11.2266 -0.0147558
214.303 -0.0121036 0.00551768 -11.2464 11.2316 -0.0147504
214.315 -0.0121013 0.00552283 -11.2514 11.2366 -0.0147446
214.326 -0.0120992 0.00552732 -11.2564 11.2417 -0.0147392
214.337 -0.0120962 0.00553145 -11.2614 11.2467 -0.0147332
214.348 -0.0120932 0.00553579 -11.2664 11.2516 -0.0147271
214.36 -0.0120906 0.00553993 -11.2713 11.2566 -0.014721
214.371 -0.0120878 0.00554388 -11.2763 11.2616 -0.0147148
214.382 -0.0120857 0.00554741 -11.2812 11.2665 -0.0147094
214.393 -0.0120833 0.00555209 -11.2861 11.2714 -0.014704
214.404 -0.0120812 0.0055572 -11.291 11.2763 -0.0146981
214.416 -0.0120792 0.00556267 -11.2958 11.2811 -0.0146924
214.427 -0.0120773 0.00556737 -11.3006 11.2859 -0.014687
214.438 -0.0120749 0.00557209 -11.3053 11.2906 -0.0146812
214.449 -0.0120719 0.00557601 -11.31 11.2954 -0.0146749
214.461 -0.0120691 0.00558006 -11.3147 11.3001 -0.0146691
214.472 -0.0120657 0.00558497 -11.3193 11.3047 -0.0146635
214.483 -0.0120627 0.00558908 -11.3239 11.3092 -0.0146574
214.494 -0.0120605 0.00559409 -11.3284 11.3138 -0.0146521
214.506 -0.0120576 0.0055989 -11.3328 11.3182 -0.0146465
214.517 -0.0120549 0.00560368 -11.3372 11.3226 -0.0146412
214.528 -0.012053 0.00560806 -11.3416 11.3269 -0.0146359
214.539 -0.0120509 0.00561182 -11.3458 11.3312 -0.0146302
214.551 -0.0120486 0.00561577 -11.35 11.3354 -0.014625
214.562 -0.0120467 0.00562011 -11.3541 11.3395 -0.0146201
214.573 -0.0120444 0.00562364 -11.3582 11.3436 -0.0146147
214.584 -0.0120425 0.00562722 -11.3622 11.3476 -0.0146091
214.596 -0.0120406 0.00563064 -11.3661 11.3515 -0.0146037
214.607 -0.0120388 0.00563427 -11.3699 11.3553 -0.0145981
214.618 -0.0120376 0.00563802 -11.3737 11.3591 -0.0145923
214.629 -0.0120364 0.00564162 -11.3773 11.3628 -0.014587
214.64 -0.0120347 0.00564513 -11.3809 11.3664 -0.0145824
214.652 -0.0120327 0.00564847 -11.3844 11.3699 -0.014577
214.663 -0.0120301 0.00565149 -11.3879 11.3733 -0.0145721
214.674 -0.0120279 0.00565425 -11.3912 11.3766 -0.0145668
214.685 -0.0120257 0.00565691 -11.3944 11.3799 -0.0145617
214.697 -0.0120239 0.00565937 -11.3976 11.383 -0.014557
214.708 -0.0120222 0.00566209 -11.4006 11.3861 -0.0145521
214.719 -0.0120204 0.0056655 -11.4036 11.389 -0.0145465
214.73 -0.0120189 0.00566909 -11.4064 11.3919 -0.0145409
214.742 -0.0120173 0.00567311 -11.4092 11.3946 -0.0145354
214.753 -0.0120155 0.00567663 -11.4118 11.3973 -0.0145293
214.764 -0.0120138 0.00567991 -11.4144 11.3998 -0.0145238
214.775 -0.012012 0.00568346 -11.4168 11.4023 -0.0145178
214.787 -0.0120093 0.00568718 -11.4191 11.4046 -0.0145117
214.798 -0.0120069 0.00569043 -11.4213 11.4068 -0.0145063
214.809 -0.0120045 0.00569428 -11.4234 11.4089 -0.0145005
214.82 -0.0120026 0.00569892 -11.4254 11.4109 -0.0144954
214.831 -0.0120013 0.00570272 -11.4273 11.4128 -0.0144906
214.843 -0.0120003 0.00570654 -11.429 11.4145 -0.0144856
214.854 -0.0119992 0.00571033 -11.4306 11.4162 -0.0144806
214.865 -0.0119976 0.00571392 -11.4322 11.4177 -0.0144761
214.876 -0.011996 0.00571716 -11.4336 11.4191 -0.0144719
214.888 -0.0119953 0.0057201 -11.4348 11.4204 -0.014468
214.899 -0.0119948 0.00572317 -11.436 11.4215 -0.0144639
214.91 -0.0119939 0.00572598 -11.437 11.4226 -0.0144592
214.921 -0.0119931 0.00572847 -11.4379 11.4235 -0.0144551
214.933 -0.0119925 0.00573127 -11.4387 11.4242 -0.0144506
214.944 -0.0119922 0.00573358 -11.4393 11.4249 -0.0144456
214.955 -0.0119918 0.00573639 -11.4399 11.4254 -0.0144404
214.966 -0.0119911 0.00573824 -11.4403 11.4259 -0.0144361
214.978 -0.0119904 0.00574005 -11.4406 11.4261 -0.014431
214.989 -0.0119907 0.00574234 -11.4407 11.4263 -0.0144261
215 -0.0119907 0.00574513 -11.4407 11.4263 -0.0144223
215.011 -0.0119911 0.00574822 -11.4406 11.4261 -0.014418
215.022 -0.0119905 0.00575089 -11.4403 11.4259 -0.0144138
215.034 -0.0119898 0.00575378 -11.4399 11.4255 -0.0144096
215.045 -0.0119893 0.00575717 -11.4394 11.425 -0.0144048
215.056 -0.011989 0.0057606 -11.4387 11.4243 -0.0144001
215.067 -0.0119887 0.00576421 -11.4379 11.4235 -0.0143958
215.079 -0.0119875 0.00576774 -11.437 11.4226 -0.0143904
215.09 -0.0119861 0.00577057 -11.4359 11.4215 -0.0143859
215.101 -0.0119851 0.00577318 -11.4347 11.4203 -0.0143819
215.112 -0.0119841 0.00577539 -11.4334 11.419 -0.0143773
215.124 -0.0119835 0.00577813 -11.4319 11.4175 -0.0143733
215.135 -0.0119831 0.00578064 -11.4303 11.4159 -0.0143696
215.146 -0.0119831 0.00578343 -11.4285 11.4141 -0.014366
215.157 -0.0119832 0.00578658 -11.4266 11.4122 -0.0143619
215.169 -0.0119829 0.00578965 -11.4246 11.4102 -0.0143586
215.18 -0.0119823 0.00579266 -11.4223 11.408 -0.0143543
215.191 -0.0119819 0.00579595 -11.42 11.4057 -0.0143504
215.202 -0.0119813 0.00579895 -11.4176 11.4032 -0.0143466
215.213 -0.0119808 0.00580153 -11.415 11.4006 -0.014342
215.225 -0.0119804 0.00580372 -11.4122 11.3979 -0.0143369
215.236 -0.01198 0.00580654 -11.4094 11.395 -0.0143327
215.247 -0.0119794 0.00580923 -11.4063 11.392 -0.0143278
215.258 -0.0119792 0.00581166 -11.4032 11.3888 -0.0143233
215.27 -0.0119791 0.00581433 -11.3999 11.3856 -0.0143197
215.281 -0.011979 0.00581672 -11.3964 11.3821 -0.0143155
215.292 -0.0119791 0.00581894 -11.3928 11.3785 -0.0143119
215.303 -0.0119796 0.00582108 -11.389 11.3747 -0.0143083
215.315 -0.0119806 0.00582323 -11.3851 11.3708 -0.0143049
215.326 -0.0119808 0.00582623 -11.381 11.3667 -0.0143011
215.337 -0.01198 0.00582862 -11.3768 11.3625 -0.0142978
215.348 -0.0119793 0.00583076 -11.3725 11.3582 -0.0142937
215.36 -0.0119792 0.00583382 -11.368 11.3537 -0.0142901
215.371 -0.0119791 0.00583695 -11.3633 11.349 -0.0142862
215.382 -0.0119794 0.00583975 -11.3585 11.3442 -0.014282
215.393 -0.011979 0.00584208 -11.3535 11.3392 -0.014278
215.404 -0.0119792 0.00584504 -11.3484 11.3342 -0.0142742
215.416 -0.0119781 0.00584746 -11.3432 11.3289 -0.0142703
215.427 -0.0119775 0.00584954 -11.3378 11.3235 -0.0142666
215.438 -0.0119766 0.00585201 -11.3323 11.318 -0.0142636
215.449 -0.0119765 0.00585493 -11.3267 11.3124 -0.01426
215.461 -0.0119771 0.00585791 -11.3209 11.3066 -0.014257
215.472 -0.011977 0.00586053 -11.315 11.3007 -0.0142543
215.483 -0.0119772 0.0058624 -11.3089 11.2947 -0.0142517
215.494 -0.0119771 0.00586396 -11.3028 11.2885 -0.0142488
215.506 -0.0119768 0.00586599 -11.2965 11.2822 -0.0142465
215.517 -0.0119763 0.00586815 -11.29 11.2758 -0.0142448
215.528 -0.0119767 0.00587002 -11.2834 11.2692 -0.0142432
215.539 -0.0119776 0.00587228 -11.2767 11.2624 -0.0142414
215.551 -0.0119783 0.00587448 -11.2698 11.2556 -0.0142388
215.562 -0.0119798 0.00587607 -11.2628 11.2486 -0.0142363
215.573 -0.0119808 0.00587829 -11.2558 11.2415 -0.0142344
215.584 -0.011982 0.00588066 -11.2485 11.2343 -0.0142313
215.596 -0.011983 0.00588273 -11.2412 11.227 -0.0142281
215.607 -0.0119843 0.00588508 -11.2338 11.2196 -0.0142256
215.618 -0.0119858 0.00588811 -11.2263 11.2121 -0.0142231
215.629 -0.0119874 0.00589124 -11.2187 11.2045 -0.0142202
215.64 -0.0119888 0.00589352 -11.211 11.1968 -0.0142178
215.652 -0.0119904 0.00589544 -11.2032 11.189 -0.0142152
215.663 -0.0119915 0.00589717 -11.1953 11.1811 -0.0142122
215.674 -0.011992 0.00589821 -11.1874 11.1732 -0.0142088
215.685 -0.0119925 0.00589898 -11.1793 11.1651 -0.0142051
215.697 -0.011993 0.00590066 -11.1712 11.157 -0.0142017
215.708 -0.0119928 0.00590233 -11.163 11.1488 -0.0141996
215.719 -0.0119929 0.00590417 -11.1547 11.1405 -0.0141968
215.73 -0.0119931 0.00590619 -11.1462 11.1321 -0.0141946
215.742 -0.0119932 0.00590798 -11.1378 11.1236 -0.0141925
215.753 -0.0119936 0.00590984 -11.1292 11.115 -0.0141895
215.764 -0.0119943 0.00591172 -11.1205 11.1063 -0.0141874
215.775 -0.0119946 0.00591332 -11.1117 11.0975 -0.014185
215.787 -0.0119958 0.0059155 -11.1028 11.0886 -0.0141823
215.798 -0.0119963 0.00591787 -11.0937 11.0796 -0.0141801
215.809 -0.0119972 0.00592019 -11.0846 11.0705 -0.0141778
215.82 -0.0119977 0.00592187 -11.0754 11.0613 -0.0141755
215.831 -0.0119981 0.00592388 -11.0661 11.0519 -0.0141735
215.843 -0.0119982 0.00592571 -11.0567 11.0426 -0.014172
215.854 -0.011999 0.00592762 -11.0472 11.0331 -0.0141698
215.865 -0.0119999 0.00592956 -11.0376 11.0235 -0.0141679
215.876 -0.0120005 0.00593245 -11.0279 11.0138 -0.0141656
215.888 -0.0120009 0.00593546 -11.0182 11.004 -0.0141632
215.899 -0.0120018 0.00593818 -11.0083 10.9941 -0.0141607
215.91 -0.0120027 0.00594103 -10.9984 10.9842 -0.0141591
215.921 -0.0120029 0.00594284 -10.9884 10.9742 -0.0141573
215.933 -0.0120031 0.00594449 -10.9783 10.9642 -0.0141553
215.944 -0.012004 0.00594628 -10.9682 10.9541 -0.0141538
215.955 -0.0120055 0.00594866 -10.9581 10.9439 -0.0141514
215.966 -0.0120071 0.00595043 -10.9478 10.9337 -0.014149
215.978 -0.0120081 0.00595232 -10.9376 10.9234 -0.0141458
215.989 -0.0120088 0.00595383 -10.9273 10.9131 -0.0141423
216 -0.0120093 0.00595592 -10.9169 10.9028 -0.0141389
216.011 -0.0120097 0.00595772 -10.9066 10.8924 -0.0141356
216.022 -0.0120095 0.00596089 -10.8961 10.882 -0.014133
216.034 -0.0120099 0.00596305 -10.8856 10.8714 -0.01413
216.045 -0.0120099 0.005965 -10.875 10.8609 -0.0141278
216.056 -0.0120101 0.00596596 -10.8644 10.8502 -0.0141253
216.067 -0.0120101 0.00596758 -10.8537 10.8396 -0.0141226
216.079 -0.0120103 0.00596923 -10.843 10.8288 -0.014121
216.09 -0.0120116 0.00597066 -10.8322 10.8181 -0.0141187
216.101 -0.0120115 0.00597168 -10.8213 10.8072 -0.0141161
216.112 -0.012012 0.00597297 -10.8105 10.7963 -0.0141131
216.124 -0.0120122 0.00597437 -10.7995 10.7854 -0.0141104
216.135 -0.0120125 0.00597578 -10.7885 10.7744 -0.0141084
216.146 -0.0120127 0.00597775 -10.7775 10.7634 -0.0141068
216.157 -0.0120128 0.00598002 -10.7664 10.7523 -0.0141045
216.169 -0.012013 0.00598194 -10.7553 10.7412 -0.0141021
216.18 -0.0120134 0.00598415 -10.7442 10.7301 -0.0141003
216.191 -0.0120141 0.00598734 -10.733 10.7189 -0.0140989
216.202 -0.0120153 0.00598924 -10.7218 10.7077 -0.0140964
216.213 -0.0120162 0.00598963 -10.7105 10.6964 -0.0140926
216.225 -0.0120177 0.00599086 -10.6993 10.6852 -0.0140903
216.236 -0.0120182 0.00599206 -10.688 10.6739 -0.0140879
216.247 -0.0120187 0.00599329 -10.6767 10.6626 -0.014086
216.258 -0.0120197 0.00599428 -10.6654 10.6513 -0.0140844
216.27 -0.0120204 0.00599592 -10.654 10.64 -0.0140829
216.281 -0.0120216 0.00599702 -10.6427 10.6286 -0.0140806
216.292 -0.0120227 0.00599778 -10.6313 10.6172 -0.0140773
216.303 -0.012023 0.00599853 -10.6199 10.6059 -0.0140742
216.315 -0.0120235 0.00600004 -10.6086 10.5945 -0.0140716
216.326 -0.0120242 0.00600122 -10.5972 10.5831 -0.0140684
216.337 -0.0120247 0.00600232 -10.5858 10.5718 -0.0140663
216.348 -0.0120244 0.00600323 -10.5745 10.5604 -0.0140638
216.36 -0.0120246 0.00600489 -10.5631 10.549 -0.0140616
216.371 -0.0120248 0.00600608 -10.5517 10.5377 -0.0140596
216.382 -0.0120252 0.00600763 -10.5404 10.5263 -0.014058
216.393 -0.0120254 0.00600823 -10.529 10.515 -0.0140554
216.404 -0.0120255 0.00600924 -10.5177 10.5036 -0.0140527
216.416 -0.0120259 0.00601067 -10.5063 10.4923 -0.0140513
216.427 -0.0120265 0.00601214 -10.495 10.4809 -0.0140497
216.438 -0.0120276 0.00601397 -10.4836 10.4696 -0.0140482
216.449 -0.0120285 0.00601459 -10.4723 10.4583 -0.0140461
216.461 -0.0120292 0.00601631 -10.461 10.4469 -0.0140436
216.472 -0.0120299 0.00601746 -10.4497 10.4357 -0.0140418
216.483 -0.0120308 0.00601873 -10.4385 10.4244 -0.0140403
216.494 -0.0120319 0.00601994 -10.4272 10.4132 -0.0140385
216.506 -0.0120335 0.00602092 -10.416 10.402 -0.0140361
216.517 -0.0120348 0.00602125 -10.4048 10.3908 -0.0140335
216.528 -0.0120364 0.00602288 -10.3937 10.3797 -0.0140305
216.539 -0.0120381 0.0060244 -10.3826 10.3685 -0.0140277
216.551 -0.0120392 0.006026 -10.3715 10.3575 -0.0140255
216.562 -0.0120413 0.00602778 -10.3604 10.3464 -0.0140232
216.573 -0.0120436 0.00603 -10.3494 10.3354 -0.014021
216.584 -0.0120457 0.0060322 -10.3384 10.3244 -0.0140182
216.596 -0.012047 0.00603414 -10.3275 10.3135 -0.0140163
216.607 -0.0120478 0.0060354 -10.3166 10.3026 -0.0140139
216.618 -0.0120492 0.00603694 -10.3058 10.2918 -0.0140116
216.629 -0.0120498 0.00603812 -10.295 10.281 -0.014009
216.64 -0.0120506 0.00603946 -10.2843 10.2703 -0.0140066
216.652 -0.012051 0.00603989 -10.2736 10.2596 -0.0140049
216.663 -0.0120515 0.00604001 -10.2629 10.2489 -0.0140023
216.674 -0.0120516 0.00604107 -10.2524 10.2384 -0.0140004
216.685 -0.0120522 0.00604247 -10.2418 10.2278 -0.0139995
216.697 -0.0120524 0.0060446 -10.2314 10.2174 -0.0139984
216.708 -0.0120526 0.00604649 -10.2209 10.2069 -0.013997
216.719 -0.0120527 0.00604858 -10.2106 10.1966 -0.0139964
216.73 -0.0120526 0.00605036 -10.2002 10.1863 -0.0139956
216.742 -0.0120524 0.00605201 -10.19 10.176 -0.0139945
216.753 -0.0120529 0.00605344 -10.1798 10.1658 -0.0139918
216.764 -0.012053 0.00605466 -10.1698 10.1558 -0.0139894
216.775 -0.0120527 0.00605574 -10.1598 10.1458 -0.0139863
216.787 -0.0120529 0.00605673 -10.1498 10.1358 -0.0139835
216.798 -0.0120534 0.00605774 -10.14 10.126 -0.0139809
216.809 -0.0120538 0.00605917 -10.1302 10.1162 -0.0139774
216.82 -0.0120546 0.00606099 -10.1206 10.1066 -0.0139741
216.831 -0.0120548 0.00606308 -10.111 10.097 -0.013971
216.843 -0.0120551 0.00606449 -10.1015 10.0875 -0.0139683
216.854 -0.0120553 0.00606553 -10.0921 10.0781 -0.0139658
216.865 -0.0120558 0.00606703 -10.0828 10.0688 -0.0139629
216.876 -0.0120566 0.00606826 -10.0736 10.0596 -0.0139599
216.888 -0.0120576 0.00606977 -10.0645 10.0505 -0.0139566
216.899 -0.0120584 0.00607167 -10.0555 10.0415 -0.0139543
216.91 -0.0120598 0.00607305 -10.0466 10.0326 -0.0139525
216.921 -0.0120607 0.0060742 -10.0378 10.0238 -0.0139498
216.933 -0.0120615 0.00607539 -10.0291 10.0151 -0.0139468
216.944 -0.0120614 0.00607664 -10.0204 10.0065 -0.0139445
216.955 -0.0120621 0.00607828 -10.012 9.99801 -0.0139419
216.966 -0.0120627 0.00607912 -10.0036 9.98963 -0.0139387
216.978 -0.0120635 0.00607913 -9.99531 9.98137 -0.0139356
216.989 -0.0120653 0.00607933 -9.98719 9.97326 -0.0139321
217 -0.0120667 0.0060798 -9.97921 9.96528 -0.0139295
217.011 -0.0120683 0.00608093 -9.97133 9.95741 -0.0139273
217.022 -0.0120701 0.00608198 -9.96359 9.94966 -0.0139253
217.034 -0.0120706 0.00608342 -9.95594 9.94202 -0.0139238
217.045 -0.0120712 0.0060853 -9.94839 9.93446 -0.0139217
217.056 -0.0120719 0.00608693 -9.94096 9.92704 -0.0139198
217.067 -0.0120726 0.00608846 -9.93363 9.91971 -0.0139179
217.079 -0.0120734 0.0060896 -9.92642 9.91251 -0.013915
217.09 -0.012074 0.00609024 -9.91936 9.90545 -0.0139122
217.101 -0.0120746 0.00609129 -9.91242 9.89851 -0.0139093
217.112 -0.012075 0.00609252 -9.9056 9.89169 -0.0139063
217.124 -0.0120751 0.00609394 -9.89892 9.88501 -0.0139038
217.135 -0.0120756 0.00609517 -9.89234 9.87844 -0.0139017
217.146 -0.0120763 0.00609703 -9.88587 9.87197 -0.0139003
217.157 -0.012078 0.00609924 -9.87953 9.86563 -0.0138986
217.169 -0.0120791 0.00610098 -9.87332 9.85942 -0.0138967
217.18 -0.012081 0.00610326 -9.86723 9.85333 -0.0138945
217.191 -0.0120827 0.00610508 -9.86127 9.84738 -0.0138924
217.202 -0.0120841 0.00610618 -9.85545 9.84156 -0.0138899
217.213 -0.0120851 0.00610674 -9.84977 9.83588 -0.0138875
217.225 -0.0120854 0.00610702 -9.84424 9.83036 -0.0138842
217.236 -0.0120852 0.00610666 -9.83887 9.82499 -0.0138808
217.247 -0.0120853 0.00610765 -9.83363 9.81975 -0.0138787
217.258 -0.0120854 0.00610875 -9.82854 9.81466 -0.013876
217.27 -0.0120861 0.00611029 -9.82354 9.80967 -0.013875
217.281 -0.0120868 0.00611225 -9.81865 9.80478 -0.0138745
217.292 -0.0120876 0.00611426 -9.81388 9.8 -0.0138741
217.303 -0.0120885 0.00611526 -9.80921 9.79534 -0.0138715
217.315 -0.0120892 0.00611583 -9.8047 9.79084 -0.0138688
217.326 -0.0120902 0.00611596 -9.80036 9.78649 -0.0138658
217.337 -0.0120912 0.0061169 -9.79615 9.78229 -0.0138625
217.348 -0.012092 0.00611818 -9.7921 9.77824 -0.0138582
217.36 -0.0120927 0.00611924 -9.78821 9.77436 -0.0138544
217.371 -0.0120927 0.00611926 -9.78448 9.77063 -0.0138505
217.382 -0.0120926 0.00611974 -9.7809 9.76705 -0.0138476
217.393 -0.0120925 0.00611982 -9.77748 9.76364 -0.0138442
217.404 -0.0120929 0.00612055 -9.77421 9.76037 -0.0138409
217.416 -0.0120939 0.00612064 -9.77108 9.75724 -0.0138375
217.427 -0.012094 0.00612141 -9.76812 9.75428 -0.0138349
217.438 -0.012095 0.00612201 -9.7653 9.75147 -0.0138306
217.449 -0.0120953 0.00612266 -9.76268 9.74885 -0.0138272
217.461 -0.012095 0.00612266 -9.76023 9.74641 -0.0138237
217.472 -0.0120952 0.00612328 -9.75792 9.7441 -0.0138203
217.483 -0.0120957 0.00612418 -9.75573 9.74191 -0.0138172
217.494 -0.0120976 0.00612665 -9.75368 9.73986 -0.0138156
217.506 -0.0120993 0.00612953 -9.75172 9.73791 -0.013814
217.517 -0.0121007 0.00613174 -9.7499 9.73608 -0.0138123
217.528 -0.0121016 0.00613382 -9.7482 9.73439 -0.0138102
217.539 -0.012102 0.00613529 -9.74662 9.73281 -0.0138078
217.551 -0.0121015 0.0061355 -9.74519 9.73138 -0.0138042
217.562 -0.0121015 0.00613567 -9.74392 9.73012 -0.0137999
217.573 -0.0121016 0.00613625 -9.7428 9.72901 -0.0137951
217.584 -0.0121017 0.00613691 -9.74184 9.72805 -0.0137907
217.596 -0.0121016 0.00613699 -9.74104 9.72725 -0.0137865
217.607 -0.0121016 0.00613759 -9.74037 9.72659 -0.0137833
217.618 -0.0121017 0.00613815 -9.73983 9.72605 -0.0137807
217.629 -0.012102 0.00613895 -9.73942 9.72565 -0.0137781
217.64 -0.0121023 0.00613949 -9.73914 9.72536 -0.0137752
217.652 -0.0121025 0.00614061 -9.73897 9.7252 -0.0137725
217.663 -0.0121021 0.00614155 -9.73896 9.72519 -0.0137701
217.674 -0.0121025 0.00614201 -9.73907 9.7253 -0.0137667
217.685 -0.0121023 0.00614219 -9.73933 9.72557 -0.0137628
217.697 -0.0121021 0.00614179 -9.73976 9.726 -0.0137594
217.708 -0.0121024 0.00614167 -9.74034 9.72659 -0.0137552
217.719 -0.0121029 0.00614166 -9.74109 9.72734 -0.0137511
217.73 -0.0121034 0.0061419 -9.742 9.72826 -0.0137482
217.742 -0.0121036 0.00614179 -9.74303 9.72929 -0.013745
217.753 -0.0121042 0.00614214 -9.7442 9.73045 -0.0137425
217.764 -0.0121048 0.00614211 -9.74549 9.73175 -0.0137398
217.775 -0.0121056 0.00614225 -9.7469 9.73316 -0.0137367
217.787 -0.0121055 0.00614212 -9.74843 9.7347 -0.0137338
217.798 -0.0121052 0.00614294 -9.75012 9.73639 -0.0137313
217.809 -0.012106 0.00614335 -9.75193 9.7382 -0.0137289
217.82 -0.0121061 0.00614387 -9.75386 9.74013 -0.013727
217.831 -0.0121069 0.00614499 -9.75593 9.74221 -0.0137243
217.843 -0.012108 0.0061459 -9.75813 9.74441 -0.0137209
217.854 -0.0121092 0.0061467 -9.76045 9.74673 -0.0137169
217.865 -0.0121104 0.006147 -9.76292 9.7492 -0.0137129
217.876 -0.0121115 0.00614684 -9.76551 9.7518 -0.0137085
217.888 -0.0121115 0.00614679 -9.76825 9.75455 -0.0137045
217.899 -0.0121108 0.00614604 -9.77114 9.75744 -0.0137015
217.91 -0.0121107 0.00614544 -9.77415 9.76045 -0.0136984
217.921 -0.012111 0.00614533 -9.77727 9.76357 -0.0136953
217.933 -0.0121114 0.00614527 -9.78051 9.76682 -0.013692
217.944 -0.0121126 0.00614577 -9.78386 9.77017 -0.0136883
217.955 -0.0121144 0.00614672 -9.78732 9.77364 -0.0136846
217.966 -0.0121158 0.00614754 -9.79092 9.77724 -0.0136811
217.978 -0.0121175 0.00614783 -9.79463 9.78095 -0.0136774
217.989 -0.0121188 0.00614796 -9.79846 9.78478 -0.013673
218 -0.0121193 0.0061482 -9.80244 9.78878 -0.0136694
218.011 -0.0121201 0.00614798 -9.80654 9.79288 -0.0136654
218.022 -0.0121209 0.0061477 -9.81077 9.79711 -0.0136618
218.034 -0.0121219 0.00614777 -9.81513 9.80147 -0.0136584
218.045 -0.0121231 0.00614846 -9.81958 9.80593 -0.0136554
218.056 -0.012124 0.00614886 -9.82413 9.81048 -0.0136526
218.067 -0.0121243 0.00614977 -9.82877 9.81512 -0.0136501
218.079 -0.012125 0.00615044 -9.8335 9.81985 -0.0136472
218.09 -0.0121259 0.00615131 -9.83832 9.82468 -0.0136447
218.101 -0.012127 0.00615219 -9.84324 9.8296 -0.0136421
218.112 -0.0121278 0.00615117 -9.84825 9.83461 -0.0136381
218.124 -0.0121294 0.00615142 -9.85338 9.83975 -0.0136335
218.135 -0.0121313 0.00615164 -9.85864 9.84501 -0.01363
218.146 -0.0121325 0.00615163 -9.86398 9.85035 -0.0136254
218.157 -0.0121337 0.00615189 -9.86943 9.85581 -0.0136219
218.169 -0.0121355 0.00615191 -9.87499 9.86138 -0.0136176
218.18 -0.0121379 0.00615216 -9.88068 9.86707 -0.0136141
218.191 -0.0121395 0.0061526 -9.88648 9.87286 -0.0136109
218.202 -0.0121403 0.00615345 -9.89238 9.87877 -0.0136069
218.213 -0.0121422 0.00615451 -9.89838 9.88478 -0.0136044
218.225 -0.0121435 0.00615547 -9.90448 9.89088 -0.0136021
218.236 -0.0121444 0.00615577 -9.91069 9.89709 -0.0135993
218.247 -0.0121455 0.00615585 -9.91698 9.90338 -0.013596
218.258 -0.0121466 0.00615645 -9.92337 9.90977 -0.0135927
218.27 -0.0121483 0.00615612 -9.92987 9.91628 -0.0135892
218.281 -0.0121507 0.00615593 -9.93647 9.92289 -0.0135853
218.292 -0.0121527 0.00615639 -9.9432 9.92962 -0.0135816
218.303 -0.0121554 0.00615747 -9.95002 9.93645 -0.0135776
218.315 -0.0121575 0.00615861 -9.95694 9.94337 -0.0135744
218.326 -0.0121594 0.00616015 -9.96394 9.95037 -0.0135712
218.337 -0.0121611 0.00616091 -9.97104 9.95748 -0.0135679
218.348 -0.0121623 0.00616218 -9.97822 9.96466 -0.0135641
218.36 -0.0121638 0.00616258 -9.98548 9.97192 -0.0135597
218.371 -0.0121659 0.00616274 -9.99285 9.9793 -0.0135552
218.382 -0.0121681 0.00616362 -10.0003 9.98674 -0.0135509
218.393 -0.0121697 0.00616378 -10.0078 9.99426 -0.0135467
218.404 -0.0121712 0.00616459 -10.0154 10.0019 -0.013543
218.416 -0.0121726 0.00616459 -10.0231 10.0096 -0.0135394
218.427 -0.0121737 0.00616534 -10.0309 10.0174 -0.0135362
218.438 -0.0121744 0.00616552 -10.0387 10.0252 -0.0135326
218.449 -0.0121753 0.00616489 -10.0467 10.0331 -0.0135286
218.461 -0.0121765 0.00616384 -10.0546 10.0411 -0.0135241
218.472 -0.0121782 0.00616305 -10.0627 10.0492 -0.0135195
218.483 -0.0121801 0.00616289 -10.0709 10.0574 -0.0135162
218.494 -0.0121813 0.00616231 -10.0792 10.0657 -0.0135119
218.506 -0.0121829 0.00616163 -10.0875 10.074 -0.0135079
218.517 -0.0121839 0.00616074 -10.0959 10.0824 -0.0135033
218.528 -0.0121856 0.00616002 -10.1044 10.0909 -0.0134994
218.539 -0.0121868 0.0061595 -10.113 10.0995 -0.0134954
218.551 -0.0121884 0.00616058 -10.1217 10.1082 -0.0134925
218.562 -0.0121903 0.00616121 -10.1304 10.1169 -0.0134898
218.573 -0.0121919 0.00616192 -10.1392 10.1257 -0.0134869
218.584 -0.0121932 0.00616264 -10.148 10.1345 -0.0134843
218.596 -0.0121949 0.00616268 -10.1569 10.1434 -0.0134814
218.607 -0.0121963 0.00616258 -10.1659 10.1524 -0.0134775
218.618 -0.0121975 0.00616316 -10.1749 10.1615 -0.0134729
218.629 -0.0121989 0.00616316 -10.184 10.1706 -0.0134689
218.64 -0.0121999 0.00616257 -10.1932 10.1797 -0.0134643
218.652 -0.0122014 0.00616135 -10.2023 10.1889 -0.0134592
218.663 -0.012203 0.00616057 -10.2116 10.1981 -0.0134549
218.674 -0.0122045 0.00616006 -10.2209 10.2074 -0.0134506
218.685 -0.012206 0.00615915 -10.2303 10.2168 -0.0134459
218.697 -0.0122075 0.00615791 -10.2397 10.2262 -0.013441
218.708 -0.012209 0.00615642 -10.2492 10.2357 -0.0134362
218.719 -0.0122103 0.00615499 -10.2587 10.2453 -0.0134331
218.73 -0.0122122 0.00615507 -10.2683 10.2548 -0.0134299
218.742 -0.0122143 0.00615581 -10.2778 10.2644 -0.0134265
218.753 -0.0122164 0.00615645 -10.2874 10.274 -0.0134221
218.764 -0.0122182 0.00615711 -10.297 10.2836 -0.0134176
218.775 -0.0122195 0.00615727 -10.3067 10.2933 -0.0134127
218.787 -0.0122216 0.00615765 -10.3164 10.303 -0.0134074
218.798 -0.0122229 0.00615864 -10.3262 10.3128 -0.0134024
218.809 -0.0122234 0.00615919 -10.336 10.3226 -0.0133978
218.82 -0.0122247 0.0061593 -10.3458 10.3324 -0.0133922
218.831 -0.012226 0.00615944 -10.3557 10.3423 -0.0133877
218.843 -0.0122275 0.00615963 -10.3657 10.3523 -0.0133836
218.854 -0.0122294 0.00615986 -10.3758 10.3624 -0.0133786
218.865 -0.0122315 0.00616028 -10.3858 10.3725 -0.0133735
218.876 -0.0122336 0.00616016 -10.396 10.3826 -0.0133689
218.888 -0.0122358 0.00615962 -10.4062 10.3928 -0.0133635
218.899 -0.0122379 0.00615837 -10.4164 10.4031 -0.0133577
218.91 -0.0122399 0.00615721 -10.4267 10.4134 -0.0133528
218.921 -0.0122417 0.00615603 -10.4371 10.4237 -0.0133478
218.933 -0.0122433 0.00615544 -10.4475 10.4341 -0.0133423
218.944 -0.0122447 0.00615525 -10.4579 10.4445 -0.013337
218.955 -0.0122457 0.00615567 -10.4683 10.455 -0.0133324
218.966 -0.0122471 0.00615619 -10.4788 10.4654 -0.0133275
218.978 -0.0122482 0.00615718 -10.4892 10.4759 -0.0133236
218.989 -0.0122506 0.0061582 -10.4997 10.4863 -0.0133201
219 -0.0122525 0.00615917 -10.5101 10.4968 -0.0133168
219.011 -0.0122542 0.00616002 -10.5206 10.5073 -0.0133139
219.022 -0.0122568 0.00615945 -10.531 10.5177 -0.0133098
219.034 -0.0122596 0.00615916 -10.5415 10.5282 -0.013305
219.045 -0.0122614 0.00615902 -10.552 10.5387 -0.0133014
219.056 -0.0122629 0.00615807 -10.5625 10.5492 -0.0132968
219.067 -0.0122637 0.00615778 -10.573 10.5597 -0.0132923
219.079 -0.0122649 0.00615752 -10.5835 10.5702 -0.0132879
219.09 -0.0122662 0.00615626 -10.5939 10.5807 -0.0132828
219.101 -0.0122669 0.00615501 -10.6044 10.5911 -0.0132785
219.112 -0.0122669 0.00615436 -10.6149 10.6016 -0.0132751
219.124 -0.0122668 0.0061538 -10.6254 10.6121 -0.0132711
219.135 -0.0122669 0.00615459 -10.6358 10.6226 -0.0132685
219.146 -0.0122682 0.00615509 -10.6463 10.633 -0.0132662
219.157 -0.0122702 0.00615587 -10.6567 10.6434 -0.0132633
219.169 -0.012272 0.00615539 -10.6671 10.6538 -0.0132606
219.18 -0.0122748 0.00615511 -10.6775 10.6643 -0.0132584
219.191 -0.0122779 0.00615512 -10.688 10.6747 -0.0132549
219.202 -0.0122798 0.00615536 -10.6984 10.6852 -0.0132515
219.213 -0.0122813 0.00615586 -10.7089 10.6957 -0.0132494
219.225 -0.0122836 0.00615618 -10.7194 10.7061 -0.0132465
219.236 -0.0122858 0.00615637 -10.7299 10.7166 -0.0132434
219.247 -0.0122879 0.00615601 -10.7403 10.7271 -0.0132406
219.258 -0.01229 0.00615629 -10.7508 10.7376 -0.0132376
219.27 -0.0122922 0.00615603 -10.7613 10.748 -0.0132346
219.281 -0.0122947 0.00615626 -10.7717 10.7585 -0.0132318
219.292 -0.012297 0.00615685 -10.7822 10.769 -0.013228
219.303 -0.0122991 0.00615771 -10.7927 10.7795 -0.0132245
219.315 -0.0123016 0.00615778 -10.8032 10.79 -0.0132207
219.326 -0.0123033 0.00615757 -10.8137 10.8005 -0.0132166
219.337 -0.0123053 0.00615725 -10.8242 10.811 -0.0132132
219.348 -0.0123069 0.00615746 -10.8347 10.8215 -0.0132084
219.36 -0.0123083 0.00615758 -10.8452 10.832 -0.0132044
219.371 -0.0123096 0.00615746 -10.8557 10.8425 -0.0132009
219.382 -0.0123115 0.00615722 -10.8663 10.8531 -0.013197
219.393 -0.0123131 0.00615726 -10.8768 10.8636 -0.0131927
219.404 -0.0123138 0.00615708 -10.8873 10.8741 -0.0131879
219.416 -0.0123143 0.00615783 -10.8979 10.8847 -0.0131848
219.427 -0.0123144 0.00615849 -10.9085 10.8953 -0.013181
219.438 -0.0123148 0.00615904 -10.919 10.9058 -0.0131777
219.449 -0.012316 0.00615907 -10.9295 10.9164 -0.0131732
219.461 -0.0123173 0.00615913 -10.9401 10.9269 -0.0131687
219.472 -0.0123187 0.00615902 -10.9506 10.9375 -0.0131644
219.483 -0.012321 0.00615908 -10.9612 10.948 -0.01316
219.494 -0.0123233 0.00615899 -10.9718 10.9586 -0.0131562
219.506 -0.0123257 0.00615891 -10.9823 10.9691 -0.013152
219.517 -0.0123277 0.0061581 -10.9929 10.9797 -0.0131483
219.528 -0.01233 0.00615883 -11.0034 10.9903 -0.0131453
219.539 -0.0123325 0.00615952 -11.0139 11.0008 -0.013143
219.551 -0.0123344 0.00615933 -11.0244 11.0113 -0.0131405
219.562 -0.0123368 0.00615974 -11.0349 11.0218 -0.0131372
219.573 -0.0123389 0.00616043 -11.0455 11.0323 -0.0131338
219.584 -0.0123406 0.0061611 -11.056 11.0428 -0.0131305
219.596 -0.0123431 0.00616202 -11.0665 11.0533 -0.0131263
219.607 -0.0123456 0.00616273 -11.077 11.0638 -0.013122
219.618 -0.0123478 0.00616406 -11.0875 11.0744 -0.0131188
219.629 -0.0123501 0.0061648 -11.098 11.0849 -0.0131154
219.64 -0.0123519 0.00616649 -11.1085 11.0954 -0.013112
219.652 -0.0123544 0.00616704 -11.1191 11.106 -0.013108
219.663 -0.0123564 0.00616864 -11.1296 11.1165 -0.013103
219.674 -0.0123594 0.00616908 -11.1402 11.1271 -0.0130979
219.685 -0.0123617 0.00616962 -11.1507 11.1376 -0.0130939
219.697 -0.0123643 0.00617115 -11.1613 11.1482 -0.0130892
219.708 -0.0123659 0.00617214 -11.1718 11.1587 -0.013085
219.719 -0.0123691 0.00617305 -11.1824 11.1693 -0.0130811
219.73 -0.0123716 0.00617429 -11.193 11.1799 -0.013076
219.742 -0.0123746 0.00617579 -11.2035 11.1905 -0.013071
219.753 -0.0123774 0.00617716 -11.2141 11.201 -0.0130668
219.764 -0.0123812 0.00617831 -11.2247 11.2116 -0.0130624
219.775 -0.0123843 0.00617962 -11.2353 11.2222 -0.0130581
219.787 -0.0123876 0.00618065 -11.2459 11.2328 -0.0130535
219.798 -0.0123907 0.00618166 -11.2565 11.2434 -0.0130488
219.809 -0.0123941 0.00618272 -11.2671 11.254 -0.0130439
219.82 -0.0123973 0.00618374 -11.2777 11.2646 -0.013039
219.831 -0.0123999 0.0061846 -11.2883 11.2753 -0.0130338
219.843 -0.0124018 0.00618556 -11.2989 11.2859 -0.013029
219.854 -0.0124041 0.00618761 -11.3095 11.2965 -0.0130248
219.865 -0.0124064 0.00618952 -11.3202 11.3071 -0.0130219
219.876 -0.0124088 0.00619 -11.3307 11.3177 -0.0130181
219.888 -0.0124119 0.00619079 -11.3413 11.3283 -0.0130146
219.899 -0.0124142 0.00619074 -11.3519 11.3389 -0.0130117
219.91 -0.0124167 0.00619069 -11.3625 11.3495 -0.0130091
219.921 -0.0124191 0.00619024 -11.373 11.36 -0.013006
219.933 -0.0124219 0.00619078 -11.3836 11.3706 -0.0130023
219.944 -0.0124245 0.00619201 -11.3941 11.3811 -0.0129982
219.955 -0.0124274 0.0061926 -11.4047 11.3917 -0.0129942
219.966 -0.0124297 0.00619286 -11.4152 11.4022 -0.0129898
219.978 -0.0124326 0.00619275 -11.4258 11.4128 -0.0129852
219.989 -0.0124357 0.00619296 -11.4363 11.4233 -0.012979
220 -0.0124393 0.00619313 -11.4469 11.4339 -0.0129737
220.011 -0.0124429 0.00619288 -11.4574 11.4445 -0.0129677
220.022 -0.0124469 0.00619334 -11.468 11.4551 -0.0129626
220.034 -0.0124507 0.00619388 -11.4786 11.4656 -0.012957
220.045 -0.0124549 0.00619393 -11.4891 11.4762 -0.0129516
220.056 -0.0124584 0.00619442 -11.4997 11.4867 -0.012947
220.067 -0.012461 0.00619574 -11.5102 11.4973 -0.0129426
220.079 -0.0124634 0.00619629 -11.5207 11.5077 -0.0129381
220.09 -0.0124661 0.00619668 -11.5311 11.5182 -0.0129338
220.101 -0.0124687 0.00619716 -11.5416 11.5286 -0.0129297
220.112 -0.0124717 0.00619727 -11.552 11.539 -0.0129252
220.124 -0.0124745 0.00619828 -11.5624 11.5495 -0.012922
220.135 -0.012477 0.00619849 -11.5728 11.5598 -0.0129185
220.146 -0.0124801 0.0061988 -11.5831 11.5702 -0.0129144
220.157 -0.0124839 0.00619873 -11.5935 11.5806 -0.0129101
220.169 -0.0124872 0.00619898 -11.6038 11.5909 -0.0129056
220.18 -0.0124911 0.00619961 -11.6141 11.6012 -0.012901
220.191 -0.0124943 0.00619984 -11.6244 11.6115 -0.0128965
220.202 -0.0124982 0.00620009 -11.6346 11.6217 -0.0128911
220.213 -0.012502 0.00620061 -11.6449 11.632 -0.0128859
220.225 -0.012506 0.0062019 -11.6552 11.6423 -0.0128812
220.236 -0.01251 0.0062028 -11.6655 11.6526 -0.0128759
220.247 -0.0125143 0.0062032 -11.6757 11.6629 -0.0128705
220.258 -0.012519 0.00620372 -11.686 11.6732 -0.0128651
220.27 -0.0125226 0.00620477 -11.6963 11.6834 -0.0128604
220.281 -0.0125261 0.00620529 -11.7065 11.6936 -0.0128557
220.292 -0.0125294 0.0062061 -11.7167 11.7038 -0.0128509
220.303 -0.0125323 0.00620754 -11.7268 11.714 -0.0128472
220.315 -0.0125354 0.00620864 -11.737 11.7241 -0.0128432
220.326 -0.0125389 0.00621061 -11.747 11.7342 -0.0128396
220.337 -0.0125419 0.00621142 -11.7571 11.7442 -0.0128349
220.348 -0.0125448 0.00621243 -11.7671 11.7543 -0.0128296
220.36 -0.012548 0.0062131 -11.7772 11.7643 -0.0128238
220.371 -0.0125507 0.00621373 -11.7872 11.7744 -0.0128169
220.382 -0.0125531 0.00621501 -11.7972 11.7844 -0.0128094
220.393 -0.0125564 0.00621666 -11.8072 11.7944 -0.012803
220.404 -0.0125593 0.00621844 -11.8172 11.8044 -0.0127975
220.416 -0.0125615 0.00621983 -11.8272 11.8144 -0.0127924
220.427 -0.0125637 0.00622099 -11.8372 11.8244 -0.0127872
220.438 -0.0125659 0.0062222 -11.8471 11.8343 -0.0127823
220.449 -0.0125679 0.00622334 -11.857 11.8443 -0.0127778
220.461 -0.0125702 0.00622456 -11.867 11.8542 -0.0127743
220.472 -0.0125722 0.00622569 -11.8768 11.8641 -0.0127696
220.483 -0.012574 0.00622669 -11.8867 11.8739 -0.0127652
220.494 -0.0125766 0.00622828 -11.8965 11.8838 -0.0127604
220.506 -0.0125791 0.00622972 -11.9064 11.8936 -0.0127556
220.517 -0.0125814 0.00623103 -11.9162 11.9034 -0.0127513
220.528 -0.0125845 0.00623258 -11.926 11.9133 -0.012747
220.539 -0.0125878 0.00623463 -11.9358 11.9231 -0.0127427
220.551 -0.012591 0.0062368 -11.9456 11.9329 -0.0127381
220.562 -0.0125939 0.00623915 -11.9554 11.9426 -0.0127337
220.573 -0.0125969 0.00624149 -11.9651 11.9524 -0.0127288
220.584 -0.0125996 0.00624323 -11.9749 11.9622 -0.0127235
220.596 -0.0126023 0.00624517 -11.9846 11.9719 -0.0127184
220.607 -0.0126054 0.00624745 -11.9943 11.9816 -0.0127134
220.618 -0.012608 0.0062496 -12.004 11.9913 -0.0127089
220.629 -0.0126114 0.00625161 -12.0137 12.001 -0.0127047
220.64 -0.0126141 0.0062537 -12.0233 12.0106 -0.0127001
220.652 -0.0126167 0.00625587 -12.0329 12.0202 -0.0126963
220.663 -0.0126196 0.00625769 -12.0425 12.0298 -0.0126926
220.674 -0.0126223 0.00625992 -12.052 12.0393 -0.0126893
220.685 -0.0126244 0.0062618 -12.0615 12.0488 -0.0126859
220.697 -0.0126274 0.00626276 -12.071 12.0583 -0.0126815
220.708 -0.012631 0.00626342 -12.0804 12.0677 -0.0126762
220.719 -0.0126342 0.00626413 -12.0898 12.0771 -0.0126715
220.73 -0.0126376 0.00626509 -12.0991 12.0864 -0.0126665
220.742 -0.0126409 0.00626647 -12.1084 12.0957 -0.012661
220.753 -0.0126441 0.00626833 -12.1177 12.105 -0.0126554
220.764 -0.0126476 0.00626991 -12.127 12.1143 -0.0126502
220.775 -0.012651 0.00627153 -12.1362 12.1235 -0.0126447
220.787 -0.0126539 0.00627371 -12.1454 12.1328 -0.0126403
220.798 -0.0126568 0.00627499 -12.1546 12.142 -0.0126361
220.809 -0.0126599 0.00627658 -12.1637 12.1511 -0.0126313
220.82 -0.012663 0.00627866 -12.1728 12.1602 -0.0126258
220.831 -0.0126663 0.00628059 -12.1819 12.1693 -0.0126205
220.843 -0.0126693 0.00628149 -12.1909 12.1783 -0.012615
220.854 -0.0126725 0.0062825 -12.2 12.1873 -0.0126109
220.865 -0.0126746 0.00628379 -12.2089 12.1963 -0.0126077
220.876 -0.0126775 0.00628568 -12.2178 12.2052 -0.0126033
220.888 -0.0126803 0.00628788 -12.2267 12.2141 -0.0125992
220.899 -0.0126834 0.00629028 -12.2355 12.2229 -0.0125952
220.91 -0.0126869 0.00629163 -12.2443 12.2317 -0.0125904
220.921 -0.0126905 0.00629311 -12.253 12.2404 -0.0125856
220.933 -0.0126936 0.00629465 -12.2617 12.2491 -0.0125811
220.944 -0.0126973 0.00629592 -12.2704 12.2578 -0.0125766
220.955 -0.0127009 0.00629786 -12.279 12.2664 -0.0125713
220.966 -0.0127037 0.00629954 -12.2875 12.275 -0.0125666
220.978 -0.0127063 0.00630124 -12.296 12.2835 -0.0125619
220.989 -0.0127091 0.00630281 -12.3045 12.2919 -0.0125567
221 -0.0127116 0.00630447 -12.3129 12.3003 -0.0125519
221.011 -0.0127144 0.00630667 -12.3212 12.3087 -0.0125467
221.022 -0.012717 0.00630883 -12.3295 12.317 -0.0125427
221.034 -0.0127194 0.00631125 -12.3377 12.3252 -0.0125393
221.045 -0.0127219 0.00631343 -12.3459 12.3333 -0.0125356
221.056 -0.0127237 0.00631635 -12.3539 12.3414 -0.0125334
221.067 -0.0127257 0.00631911 -12.3619 12.3493 -0.0125312
221.079 -0.0127275 0.00632136 -12.3697 12.3572 -0.012528
221.09 -0.0127292 0.00632352 -12.3775 12.3649 -0.0125249
221.101 -0.0127301 0.00632526 -12.3852 12.3726 -0.0125216
221.112 -0.0127319 0.00632716 -12.3928 12.3802 -0.0125179
221.124 -0.0127335 0.00632865 -12.4003 12.3878 -0.0125142
221.135 -0.0127343 0.00633019 -12.4078 12.3953 -0.0125114
221.146 -0.0127353 0.00633115 -12.4152 12.4027 -0.0125076
221.157 -0.0127362 0.00633225 -12.4225 12.41 -0.0125038
221.169 -0.0127373 0.00633328 -12.4298 12.4173 -0.0124996
221.18 -0.0127391 0.00633436 -12.4369 12.4244 -0.0124954
221.191 -0.0127406 0.00633512 -12.444 12.4315 -0.0124916
221.202 -0.0127421 0.00633612 -12.4511 12.4386 -0.0124879
221.213 -0.0127434 0.00633756 -12.458 12.4455 -0.0124838
221.225 -0.0127445 0.00633932 -12.4649 12.4524 -0.012481
221.236 -0.0127457 0.00634061 -12.4717 12.4592 -0.0124781
221.247 -0.0127466 0.00634234 -12.4784 12.4659 -0.0124754
221.258 -0.0127479 0.00634391 -12.485 12.4725 -0.012473
221.27 -0.0127488 0.00634638 -12.4915 12.4791 -0.0124696
221.281 -0.0127494 0.006348 -12.498 12.4855 -0.0124655
221.292 -0.01275 0.00634902 -12.5044 12.4919 -0.0124613
221.303 -0.0127512 0.00634989 -12.5107 12.4982 -0.0124576
221.315 -0.0127524 0.0063503 -12.5169 12.5044 -0.0124531
221.326 -0.0127541 0.00635124 -12.523 12.5106 -0.0124485
221.337 -0.0127554 0.00635216 -12.5291 12.5167 -0.0124441
221.348 -0.0127568 0.00635246 -12.5351 12.5226 -0.0124394
221.36 -0.0127585 0.00635324 -12.541 12.5285 -0.0124343
221.371 -0.0127601 0.00635344 -12.5468 12.5344 -0.0124292
221.382 -0.0127616 0.0063539 -12.5525 12.5401 -0.0124241
221.393 -0.0127632 0.00635447 -12.5582 12.5457 -0.0124192
221.404 -0.012765 0.00635498 -12.5637 12.5513 -0.0124149
221.416 -0.0127661 0.00635585 -12.5692 12.5568 -0.0124108
221.427 -0.0127678 0.00635673 -12.5746 12.5622 -0.0124071
221.438 -0.01277 0.00635801 -12.5799 12.5675 -0.0124031
221.449 -0.0127724 0.00635887 -12.5851 12.5727 -0.0123985
221.461 -0.0127745 0.00635954 -12.5902 12.5778 -0.0123939
221.472 -0.0127767 0.00636041 -12.5953 12.5829 -0.0123897
221.483 -0.0127787 0.00636206 -12.6002 12.5879 -0.0123858
221.494 -0.0127811 0.00636387 -12.6051 12.5927 -0.0123821
221.506 -0.012783 0.00636625 -12.6099 12.5975 -0.0123783
221.517 -0.0127852 0.00636813 -12.6145 12.6022 -0.012374
221.528 -0.0127879 0.00636981 -12.6191 12.6068 -0.0123698
221.539 -0.0127902 0.00637108 -12.6236 12.6113 -0.0123662
221.551 -0.0127924 0.00637265 -12.628 12.6157 -0.0123623
221.562 -0.0127949 0.00637441 -12.6324 12.62 -0.0123585
221.573 -0.0127967 0.00637597 -12.6366 12.6242 -0.0123552
221.584 -0.0127985 0.00637759 -12.6407 12.6284 -0.0123518
221.596 -0.0128004 0.00637917 -12.6447 12.6324 -0.0123484
221.607 -0.0128037 0.00638086 -12.6486 12.6363 -0.0123451
221.618 -0.0128066 0.00638236 -12.6524 12.6401 -0.012342
221.629 -0.0128089 0.0063844 -12.6561 12.6438 -0.0123393
221.64 -0.0128108 0.00638654 -12.6597 12.6474 -0.0123372
221.652 -0.0128125 0.00638843 -12.6631 12.6508 -0.012335
221.663 -0.0128149 0.00639162 -12.6665 12.6541 -0.0123318
221.674 -0.0128181 0.00639461 -12.6697 12.6574 -0.0123291
221.685 -0.0128217 0.00639857 -12.6728 12.6605 -0.0123257
221.697 -0.0128255 0.00640162 -12.6759 12.6636 -0.0123228
221.708 -0.0128281 0.00640447 -12.6788 12.6665 -0.012319
221.719 -0.0128306 0.00640708 -12.6817 12.6694 -0.0123151
221.73 -0.012833 0.0064097 -12.6844 12.6721 -0.0123113
221.742 -0.0128346 0.00641187 -12.6871 12.6748 -0.0123074
221.753 -0.0128357 0.00641367 -12.6897 12.6774 -0.0123033
221.764 -0.0128379 0.00641654 -12.6921 12.6798 -0.0122992
221.775 -0.0128395 0.0064191 -12.6946 12.6823 -0.0122956
221.787 -0.0128422 0.00642277 -12.6969 12.6846 -0.0122928
221.798 -0.0128442 0.00642572 -12.6991 12.6868 -0.0122895
221.809 -0.0128465 0.00642921 -12.7013 12.689 -0.0122872
221.82 -0.0128488 0.00643297 -12.7033 12.691 -0.0122842
221.831 -0.0128512 0.006437 -12.7053 12.693 -0.0122813
221.843 -0.0128535 0.00644049 -12.7072 12.6949 -0.0122787
221.854 -0.0128559 0.00644432 -12.709 12.6967 -0.0122751
221.865 -0.0128579 0.00644815 -12.7107 12.6985 -0.0122713
221.876 -0.0128596 0.00645236 -12.7124 12.7001 -0.0122674
221.888 -0.0128613 0.00645646 -12.714 12.7017 -0.0122625
221.899 -0.0128626 0.00645947 -12.7155 12.7032 -0.0122583
221.91 -0.0128651 0.00646232 -12.7169 12.7047 -0.0122537
221.921 -0.0128675 0.00646551 -12.7183 12.706 -0.0122483
221.933 -0.0128698 0.00646958 -12.7196 12.7073 -0.0122433
221.944 -0.0128717 0.00647365 -12.7208 12.7086 -0.0122392
221.955 -0.0128739 0.00647677 -12.722 12.7098 -0.0122346
221.966 -0.0128764 0.00648053 -12.7231 12.7109 -0.0122302
221.978 -0.0128793 0.00648332 -12.7242 12.7119 -0.0122256
221.989 -0.012881 0.00648568 -12.7251 12.7129 -0.0122204
222 -0.012883 0.00648788 -12.7261 12.7139 -0.0122151
222.011 -0.0128859 0.00649137 -12.727 12.7148 -0.0122103
222.022 -0.0128894 0.00649443 -12.7278 12.7156 -0.0122046
222.034 -0.0128924 0.00649691 -12.7286 12.7164 -0.0121998
222.045 -0.0128957 0.00649963 -12.7294 12.7172 -0.0121951
222.056 -0.0128998 0.00650157 -12.73 12.7178 -0.01219
222.067 -0.0129039 0.0065036 -12.7307 12.7185 -0.0121843
222.079 -0.0129082 0.00650578 -12.7312 12.7191 -0.012179
222.09 -0.0129116 0.00650774 -12.7318 12.7196 -0.0121746
222.101 -0.0129144 0.00650972 -12.7322 12.7201 -0.0121706
222.112 -0.0129171 0.00651176 -12.7326 12.7205 -0.0121664
222.124 -0.0129201 0.00651354 -12.733 12.7208 -0.012162
222.135 -0.0129233 0.00651533 -12.7332 12.7211 -0.0121579
222.146 -0.0129263 0.00651742 -12.7334 12.7213 -0.0121541
222.157 -0.0129284 0.00651931 -12.7336 12.7214 -0.0121496
222.169 -0.0129306 0.00652194 -12.7337 12.7215 -0.0121458
222.18 -0.0129321 0.00652339 -12.7337 12.7216 -0.0121422
222.191 -0.0129344 0.0065251 -12.7337 12.7216 -0.0121381
222.202 -0.0129369 0.00652774 -12.7336 12.7215 -0.0121339
222.213 -0.0129398 0.00653029 -12.7335 12.7214 -0.0121294
222.225 -0.0129426 0.00653218 -12.7333 12.7212 -0.0121236
222.236 -0.0129458 0.00653445 -12.7331 12.721 -0.0121181
222.247 -0.0129483 0.00653658 -12.7329 12.7208 -0.012113
222.258 -0.0129508 0.00653936 -12.7326 12.7205 -0.0121077
222.27 -0.0129532 0.00654255 -12.7322 12.7201 -0.0121024
222.281 -0.0129554 0.00654484 -12.7319 12.7198 -0.0120976
222.292 -0.0129579 0.00654767 -12.7314 12.7194 -0.0120924
222.303 -0.0129606 0.00655026 -12.731 12.7189 -0.0120869
222.315 -0.0129625 0.0065527 -12.7305 12.7185 -0.012083
222.326 -0.012965 0.0065549 -12.73 12.7179 -0.0120792
222.337 -0.0129677 0.00655703 -12.7294 12.7173 -0.012075
222.348 -0.0129702 0.00655929 -12.7287 12.7167 -0.0120708
222.36 -0.0129721 0.00656189 -12.7281 12.716 -0.0120663
222.371 -0.0129744 0.00656458 -12.7273 12.7153 -0.0120624
222.382 -0.0129769 0.0065681 -12.7266 12.7145 -0.0120589
222.393 -0.012979 0.00657205 -12.7258 12.7137 -0.0120549
222.404 -0.012981 0.006576 -12.7249 12.7129 -0.0120517
222.416 -0.0129833 0.0065799 -12.724 12.712 -0.0120483
222.427 -0.0129854 0.00658332 -12.7231 12.711 -0.0120438
222.438 -0.0129873 0.00658665 -12.7221 12.7101 -0.0120397
222.449 -0.012989 0.00659055 -12.7211 12.7091 -0.0120353
222.461 -0.01299 0.00659405 -12.7201 12.708 -0.0120309
222.472 -0.0129904 0.00659751 -12.719 12.7069 -0.012026
222.483 -0.0129914 0.00660088 -12.7179 12.7058 -0.0120213
222.494 -0.0129922 0.00660355 -12.7167 12.7047 -0.0120162
222.506 -0.0129933 0.006606 -12.7155 12.7035 -0.0120119
222.517 -0.0129949 0.00660896 -12.7143 12.7023 -0.0120068
222.528 -0.0129968 0.00661215 -12.713 12.701 -0.012001
222.539 -0.0129995 0.00661487 -12.7118 12.6998 -0.0119962
222.551 -0.0130017 0.00661742 -12.7104 12.6985 -0.011991
222.562 -0.0130037 0.00661974 -12.7091 12.6971 -0.0119861
222.573 -0.0130065 0.00662261 -12.7077 12.6957 -0.0119815
222.584 -0.0130088 0.00662437 -12.7063 12.6943 -0.0119768
222.596 -0.0130112 0.00662675 -12.7048 12.6928 -0.0119712
222.607 -0.0130137 0.0066284 -12.7033 12.6913 -0.0119661
222.618 -0.0130161 0.00663062 -12.7017 12.6898 -0.0119617
222.629 -0.0130185 0.00663236 -12.7001 12.6881 -0.0119569
222.64 -0.01302 0.00663501 -12.6984 12.6865 -0.0119522
222.652 -0.0130221 0.00663812 -12.6968 12.6848 -0.0119475
222.663 -0.0130239 0.00664204 -12.695 12.6831 -0.011942
222.674 -0.013026 0.00664532 -12.6933 12.6813 -0.011937
222.685 -0.0130278 0.00664869 -12.6915 12.6795 -0.0119319
222.697 -0.0130304 0.00665194 -12.6896 12.6777 -0.0119265
222.708 -0.0130322 0.00665516 -12.6877 12.6758 -0.0119212
222.719 -0.0130338 0.00665866 -12.6858 12.6739 -0.0119157
222.73 -0.0130357 0.00666264 -12.6839 12.672 -0.0119093
222.742 -0.013038 0.00666606 -12.6819 12.67 -0.0119042
222.753 -0.0130401 0.00667006 -12.6799 12.668 -0.0118991
222.764 -0.013041 0.00667396 -12.6778 12.6659 -0.0118935
222.775 -0.0130426 0.00667827 -12.6757 12.6638 -0.0118883
222.787 -0.0130432 0.00668269 -12.6736 12.6617 -0.0118833
222.798 -0.0130438 0.00668653 -12.6714 12.6595 -0.0118784
222.809 -0.0130438 0.00669021 -12.6692 12.6573 -0.011874
222.82 -0.0130433 0.0066948 -12.6669 12.6551 -0.0118691
222.831 -0.0130429 0.0066988 -12.6646 12.6527 -0.0118639
222.843 -0.0130429 0.00670151 -12.6622 12.6504 -0.0118583
222.854 -0.0130432 0.00670394 -12.6598 12.648 -0.0118521
222.865 -0.0130443 0.00670668 -12.6574 12.6456 -0.0118463
222.876 -0.0130456 0.00670942 -12.6549 12.6431 -0.0118406
222.888 -0.0130468 0.00671202 -12.6524 12.6406 -0.0118351
222.899 -0.0130488 0.00671477 -12.6499 12.638 -0.0118286
222.91 -0.0130505 0.00671764 -12.6473 12.6354 -0.0118224
222.921 -0.0130527 0.00671997 -12.6447 12.6328 -0.0118173
222.933 -0.0130548 0.00672164 -12.642 12.6302 -0.0118115
222.944 -0.0130558 0.00672474 -12.6393 12.6275 -0.0118055
222.955 -0.0130575 0.00672791 -12.6366 12.6248 -0.0118001
222.966 -0.0130583 0.00673125 -12.6338 12.622 -0.0117944
222.978 -0.0130595 0.00673431 -12.631 12.6192 -0.0117889
222.989 -0.0130607 0.00673734 -12.6282 12.6164 -0.0117841
223 -0.0130624 0.00674045 -12.6253 12.6135 -0.0117782
223.011 -0.0130639 0.00674423 -12.6224 12.6106 -0.0117723
223.022 -0.0130652 0.00674691 -12.6195 12.6077 -0.0117666
223.034 -0.0130664 0.00675107 -12.6166 12.6048 -0.0117604
223.045 -0.0130678 0.00675517 -12.6136 12.6018 -0.0117538
223.056 -0.0130685 0.0067591 -12.6106 12.5989 -0.0117476
223.067 -0.0130691 0.0067627 -12.6076 12.5959 -0.0117409
223.079 -0.0130694 0.00676652 -12.6046 12.5929 -0.0117344
223.09 -0.01307 0.00677033 -12.6016 12.5898 -0.0117287
223.101 -0.0130703 0.00677414 -12.5985 12.5868 -0.0117224
223.112 -0.0130707 0.00677733 -12.5954 12.5837 -0.0117165
223.124 -0.0130712 0.00678126 -12.5922 12.5805 -0.0117102
223.135 -0.0130712 0.0067842 -12.5891 12.5774 -0.0117036
223.146 -0.0130709 0.00678613 -12.5859 12.5742 -0.0116983
223.157 -0.013071 0.00678747 -12.5826 12.5709 -0.0116929
223.169 -0.0130722 0.00678945 -12.5793 12.5676 -0.0116871
223.18 -0.0130739 0.00679098 -12.5759 12.5643 -0.0116811
223.191 -0.0130756 0.00679331 -12.5726 12.5609 -0.011675
223.202 -0.0130773 0.0067952 -12.5692 12.5575 -0.0116689
223.213 -0.0130781 0.00679777 -12.5658 12.5541 -0.0116626
223.225 -0.0130794 0.00679957 -12.5623 12.5507 -0.011657
223.236 -0.0130811 0.0068025 -12.5589 12.5472 -0.0116504
223.247 -0.0130823 0.00680512 -12.5553 12.5437 -0.0116448
223.258 -0.0130833 0.00680838 -12.5518 12.5402 -0.0116392
223.27 -0.0130851 0.006811 -12.5482 12.5366 -0.0116323
223.281 -0.0130873 0.00681402 -12.5447 12.533 -0.0116261
223.292 -0.0130896 0.00681647 -12.5411 12.5295 -0.0116207
223.303 -0.0130918 0.00681981 -12.5375 12.5259 -0.0116138
223.315 -0.0130935 0.00682283 -12.5339 12.5223 -0.0116069
223.326 -0.0130941 0.00682596 -12.5303 12.5187 -0.0116001
223.337 -0.0130952 0.00682909 -12.5266 12.515 -0.0115933
223.348 -0.0130965 0.00683244 -12.523 12.5114 -0.0115876
223.36 -0.013098 0.0068355 -12.5194 12.5078 -0.0115824
223.371 -0.0130997 0.00683768 -12.5157 12.5041 -0.0115774
223.382 -0.0131008 0.00684043 -12.512 12.5004 -0.0115729
223.393 -0.0131015 0.00684275 -12.5083 12.4968 -0.0115688
223.404 -0.0131029 0.00684528 -12.5046 12.493 -0.0115637
223.416 -0.0131038 0.00684695 -12.5009 12.4893 -0.0115584
223.427 -0.0131045 0.00684886 -12.4971 12.4856 -0.0115527
223.438 -0.0131055 0.00685035 -12.4934 12.4818 -0.0115482
223.449 -0.0131073 0.00685118 -12.4896 12.4781 -0.0115439
223.461 -0.0131084 0.00685264 -12.4859 12.4743 -0.0115401
223.472 -0.0131101 0.00685403 -12.4821 12.4706 -0.0115351
223.483 -0.0131117 0.0068549 -12.4783 12.4668 -0.0115308
223.494 -0.0131134 0.00685675 -12.4745 12.463 -0.0115255
223.506 -0.0131149 0.0068583 -12.4707 12.4592 -0.0115203
223.517 -0.0131162 0.0068601 -12.4669 12.4554 -0.0115146
223.528 -0.013118 0.00686164 -12.4632 12.4517 -0.011509
223.539 -0.0131196 0.00686352 -12.4594 12.4479 -0.0115031
223.551 -0.0131209 0.00686539 -12.4557 12.4442 -0.0114973
223.562 -0.0131222 0.00686805 -12.4519 12.4405 -0.0114915
223.573 -0.0131234 0.0068702 -12.4482 12.4367 -0.0114863
223.584 -0.013125 0.00687278 -12.4445 12.433 -0.0114809
223.596 -0.013127 0.00687559 -12.4408 12.4293 -0.0114754
223.607 -0.0131292 0.00687844 -12.4371 12.4256 -0.0114697
223.618 -0.0131309 0.00688085 -12.4334 12.4219 -0.0114654
223.629 -0.013133 0.00688317 -12.4297 12.4182 -0.0114614
223.64 -0.0131349 0.006886 -12.4259 12.4145 -0.0114564
223.652 -0.0131367 0.00688858 -12.4222 12.4107 -0.0114513
223.663 -0.0131382 0.00689197 -12.4185 12.407 -0.0114461
223.674 -0.0131402 0.00689501 -12.4148 12.4033 -0.0114408
223.685 -0.0131421 0.00689789 -12.411 12.3996 -0.0114352
223.697 -0.0131434 0.00690051 -12.4073 12.3959 -0.0114295
223.708 -0.0131444 0.00690333 -12.4036 12.3922 -0.0114231
223.719 -0.0131457 0.00690615 -12.4 12.3885 -0.0114175
223.73 -0.0131475 0.00690926 -12.3963 12.3849 -0.0114124
223.742 -0.0131489 0.00691221 -12.3926 12.3812 -0.0114073
223.753 -0.0131504 0.00691529 -12.389 12.3776 -0.0114023
223.764 -0.0131509 0.00691783 -12.3854 12.374 -0.0113977
223.775 -0.0131522 0.00692104 -12.3817 12.3704 -0.0113924
223.787 -0.0131522 0.00692382 -12.3782 12.3668 -0.0113865
223.798 -0.0131521 0.00692613 -12.3746 12.3633 -0.0113817
223.809 -0.0131521 0.00692836 -12.3711 12.3597 -0.0113772
223.82 -0.0131525 0.00693074 -12.3676 12.3562 -0.0113729
223.831 -0.0131534 0.00693227 -12.3641 12.3528 -0.0113688
223.843 -0.0131543 0.00693408 -12.3607 12.3493 -0.0113648
223.854 -0.0131548 0.006936 -12.3573 12.3459 -0.0113606
223.865 -0.0131557 0.00693829 -12.3539 12.3425 -0.0113567
223.876 -0.013156 0.00694041 -12.3505 12.3392 -0.0113518
223.888 -0.0131562 0.00694238 -12.3472 12.3359 -0.0113479
223.899 -0.0131573 0.00694437 -12.3439 12.3326 -0.011344
223.91 -0.0131581 0.00694639 -12.3407 12.3293 -0.0113393
223.921 -0.0131588 0.00694803 -12.3375 12.3261 -0.0113349
223.933 -0.0131597 0.00694887 -12.3343 12.323 -0.0113308
223.944 -0.0131599 0.00695029 -12.3312 12.3198 -0.0113258
223.955 -0.0131601 0.00695158 -12.3281 12.3168 -0.011321
223.966 -0.01316 0.00695288 -12.325 12.3137 -0.0113164
223.978 -0.0131604 0.00695373 -12.322 12.3107 -0.0113106
223.989 -0.013162 0.0069558 -12.319 12.3076 -0.0113046
224 -0.0131626 0.00695793 -12.316 12.3047 -0.0112985
224.011 -0.0131633 0.00696047 -12.3131 12.3018 -0.0112931
224.022 -0.0131638 0.00696305 -12.3102 12.2989 -0.0112881
224.034 -0.0131644 0.00696573 -12.3074 12.2961 -0.0112824
224.045 -0.0131652 0.00696769 -12.3046 12.2933 -0.011277
224.056 -0.0131659 0.00696973 -12.3018 12.2905 -0.0112719
224.067 -0.0131666 0.00697242 -12.2991 12.2878 -0.011267
224.079 -0.013167 0.00697489 -12.2964 12.2851 -0.0112617
224.09 -0.0131677 0.00697762 -12.2937 12.2825 -0.0112572
224.101 -0.0131681 0.00697992 -12.2911 12.2799 -0.0112519
224.112 -0.0131683 0.00698235 -12.2885 12.2773 -0.011246
224.124 -0.0131685 0.00698521 -12.286 12.2748 -0.0112401
224.135 -0.0131683 0.0069868 -12.2835 12.2723 -0.0112357
224.146 -0.0131694 0.00698893 -12.2811 12.2698 -0.0112312
224.157 -0.013171 0.00699071 -12.2786 12.2674 -0.0112279
224.169 -0.0131721 0.00699259 -12.2762 12.265 -0.0112242
224.18 -0.0131731 0.00699429 -12.2738 12.2626 -0.0112195
224.191 -0.0131738 0.0069965 -12.2714 12.2602 -0.0112156
224.202 -0.013174 0.00699829 -12.2691 12.2579 -0.0112122
224.213 -0.0131744 0.00700066 -12.2668 12.2556 -0.0112077
224.225 -0.0131748 0.00700309 -12.2645 12.2533 -0.0112033
224.236 -0.0131753 0.00700566 -12.2623 12.2511 -0.0111992
224.247 -0.0131754 0.00700817 -12.2601 12.2489 -0.0111943
224.258 -0.0131755 0.00701114 -12.258 12.2468 -0.0111897
224.27 -0.0131755 0.00701362 -12.2559 12.2447 -0.011185
224.281 -0.0131766 0.00701622 -12.2538 12.2427 -0.0111801
224.292 -0.0131774 0.0070183 -12.2518 12.2406 -0.0111751
224.303 -0.0131779 0.00702074 -12.2499 12.2387 -0.0111702
224.315 -0.0131785 0.00702276 -12.248 12.2368 -0.0111647
224.326 -0.0131788 0.00702537 -12.2461 12.2349 -0.011159
224.337 -0.0131789 0.00702807 -12.2443 12.2331 -0.0111541
224.348 -0.013179 0.00703034 -12.2425 12.2314 -0.0111492
224.36 -0.0131783 0.00703307 -12.2408 12.2296 -0.0111436
224.371 -0.0131778 0.0070358 -12.2391 12.228 -0.0111381
224.382 -0.0131778 0.0070381 -12.2375 12.2263 -0.011132
224.393 -0.0131783 0.00704086 -12.2359 12.2248 -0.0111254
224.404 -0.0131786 0.00704273 -12.2343 12.2232 -0.0111203
224.416 -0.0131793 0.00704501 -12.2328 12.2217 -0.0111144
224.427 -0.01318 0.00704676 -12.2314 12.2202 -0.0111084
224.438 -0.0131808 0.00704903 -12.2299 12.2188 -0.0111021
224.449 -0.0131811 0.00705118 -12.2286 12.2175 -0.0110962
224.461 -0.0131805 0.00705444 -12.2272 12.2162 -0.0110904
224.472 -0.0131805 0.00705697 -12.226 12.2149 -0.0110848
224.483 -0.01318 0.00706003 -12.2247 12.2137 -0.011079
224.494 -0.0131803 0.007061 -12.2236 12.2125 -0.0110738
224.506 -0.0131809 0.00706327 -12.2224 12.2114 -0.0110688
224.517 -0.0131821 0.007066 -12.2213 12.2103 -0.0110625
224.528 -0.0131824 0.00706842 -12.2203 12.2092 -0.0110568
224.539 -0.0131827 0.00707134 -12.2193 12.2082 -0.0110503
224.551 -0.0131831 0.00707342 -12.2183 12.2073 -0.0110441
224.562 -0.0131839 0.00707523 -12.2174 12.2064 -0.0110382
224.573 -0.0131839 0.00707724 -12.2166 12.2055 -0.0110325
224.584 -0.0131844 0.00707915 -12.2157 12.2047 -0.0110264
224.596 -0.0131846 0.00708091 -12.215 12.2039 -0.0110211
224.607 -0.0131851 0.00708269 -12.2142 12.2032 -0.0110155
224.618 -0.0131849 0.00708451 -12.2135 12.2025 -0.01101
224.629 -0.0131852 0.00708679 -12.2129 12.2019 -0.0110043
224.64 -0.0131849 0.00708956 -12.2123 12.2013 -0.0109991
224.652 -0.013185 0.00709175 -12.2117 12.2007 -0.0109938
224.663 -0.013185 0.00709449 -12.2111 12.2001 -0.010989
224.674 -0.0131847 0.00709682 -12.2106 12.1996 -0.0109851
224.685 -0.0131841 0.00709965 -12.2101 12.1991 -0.0109807
224.697 -0.0131852 0.00710176 -12.2095 12.1986 -0.010977
224.708 -0.0131856 0.00710419 -12.2091 12.1981 -0.0109732
224.719 -0.0131861 0.00710663 -12.2086 12.1976 -0.0109688
224.73 -0.0131874 0.00710841 -12.2081 12.1972 -0.0109657
224.742 -0.0131878 0.00711125 -12.2077 12.1968 -0.0109619
224.753 -0.0131881 0.00711527 -12.2073 12.1964 -0.0109567
224.764 -0.0131892 0.00711727 -12.207 12.196 -0.0109536
224.775 -0.0131907 0.00712057 -12.2066 12.1957 -0.0109493
224.787 -0.0131922 0.00712318 -12.2063 12.1953 -0.0109456
224.798 -0.0131935 0.00712597 -12.2059 12.195 -0.0109414
224.809 -0.0131944 0.00712864 -12.2056 12.1947 -0.0109368
224.82 -0.0131959 0.00713089 -12.2054 12.1944 -0.0109317
224.831 -0.0131977 0.00713309 -12.2051 12.1942 -0.0109269
224.843 -0.0131986 0.00713531 -12.2049 12.1939 -0.0109217
224.854 -0.0131995 0.00713728 -12.2047 12.1938 -0.0109166
224.865 -0.0132005 0.00713915 -12.2045 12.1936 -0.0109116
224.876 -0.0132017 0.007141 -12.2043 12.1934 -0.0109068
224.888 -0.0132019 0.00714295 -12.2042 12.1933 -0.0109014
224.899 -0.0132024 0.00714505 -12.2041 12.1932 -0.0108961
224.91 -0.0132026 0.00714699 -12.2041 12.1932 -0.0108902
224.921 -0.0132033 0.00714882 -12.204 12.1931 -0.0108839
224.933 -0.0132037 0.007151 -12.204 12.1931 -0.010878
224.944 -0.0132041 0.00715291 -12.204 12.1931 -0.010873
224.955 -0.0132044 0.00715501 -12.204 12.1932 -0.0108671
224.966 -0.013205 0.00715718 -12.204 12.1932 -0.010862
224.978 -0.0132052 0.00715899 -12.2041 12.1933 -0.0108574
224.989 -0.0132048 0.00716026 -12.2041 12.1933 -0.0108519
225 -0.0132043 0.00716241 -12.2042 12.1934 -0.0108466
225.011 -0.0132034 0.00716375 -12.2043 12.1934 -0.0108408
225.022 -0.0132028 0.0071654 -12.2043 12.1935 -0.0108346
225.034 -0.0132026 0.00716706 -12.2044 12.1936 -0.0108294
225.045 -0.0132019 0.00716835 -12.2045 12.1937 -0.0108243
225.056 -0.0132017 0.00716975 -12.2045 12.1937 -0.0108185
225.067 -0.0132009 0.0071714 -12.2046 12.1938 -0.0108131
225.079 -0.0132001 0.00717298 -12.2046 12.1938 -0.0108079
225.09 -0.0131994 0.00717469 -12.2047 12.1939 -0.0108029
225.101 -0.0131996 0.00717683 -12.2047 12.1939 -0.0107976
225.112 -0.0131993 0.00717884 -12.2047 12.1939 -0.0107922
225.124 -0.0131987 0.00718105 -12.2047 12.1939 -0.0107866
225.135 -0.0131985 0.00718284 -12.2047 12.1939 -0.010781
225.146 -0.0131987 0.00718449 -12.2047 12.194 -0.0107765
225.157 -0.013199 0.00718588 -12.2047 12.194 -0.0107718
225.169 -0.0131994 0.00718765 -12.2047 12.194 -0.0107673
225.18 -0.0132002 0.00718866 -12.2047 12.194 -0.0107626
225.191 -0.0132004 0.00718998 -12.2047 12.194 -0.0107571
225.202 -0.0132005 0.0071909 -12.2047 12.1939 -0.0107526
225.213 -0.0132017 0.00719203 -12.2047 12.1939 -0.0107482
225.225 -0.0132028 0.00719307 -12.2047 12.1939 -0.0107439
225.236 -0.0132044 0.0071934 -12.2046 12.1939 -0.01074
225.247 -0.0132056 0.00719353 -12.2046 12.1938 -0.0107368
225.258 -0.0132071 0.00719395 -12.2045 12.1938 -0.0107333
225.27 -0.0132079 0.00719377 -12.2045 12.1937 -0.01073
225.281 -0.0132083 0.00719404 -12.2044 12.1937 -0.0107264
225.292 -0.0132097 0.0071938 -12.2043 12.1936 -0.0107234
225.303 -0.0132109 0.00719344 -12.2042 12.1935 -0.0107202
225.315 -0.013212 0.00719299 -12.2041 12.1934 -0.0107176
225.326 -0.0132128 0.00719261 -12.204 12.1933 -0.0107142
225.337 -0.0132129 0.00719233 -12.2039 12.1931 -0.0107109
225.348 -0.0132131 0.00719208 -12.2037 12.193 -0.0107076
225.36 -0.0132131 0.00719257 -12.2036 12.1929 -0.0107035
225.371 -0.0132138 0.00719354 -12.2034 12.1927 -0.0107001
225.382 -0.0132145 0.00719456 -12.2032 12.1925 -0.0106964
225.393 -0.0132154 0.00719506 -12.203 12.1923 -0.0106923
225.404 -0.0132162 0.00719572 -12.2028 12.1921 -0.0106875
225.416 -0.0132164 0.0071971 -12.2027 12.192 -0.0106824
225.427 -0.0132169 0.00719751 -12.2025 12.1918 -0.0106772
225.438 -0.0132175 0.00719743 -12.2022 12.1916 -0.010672
225.449 -0.0132184 0.00719751 -12.202 12.1914 -0.0106671
225.461 -0.0132188 0.00719718 -12.2018 12.1911 -0.0106626
225.472 -0.0132187 0.00719683 -12.2015 12.1908 -0.0106578
225.483 -0.013219 0.00719749 -12.2012 12.1905 -0.0106533
225.494 -0.0132204 0.00719806 -12.2008 12.1902 -0.0106481
225.506 -0.013222 0.00719861 -12.2004 12.1898 -0.0106434
225.517 -0.013223 0.0071993 -12.2 12.1894 -0.0106389
225.528 -0.0132241 0.00719963 -12.1996 12.189 -0.0106347
225.539 -0.013225 0.00720037 -12.1991 12.1885 -0.0106303
225.551 -0.0132269 0.00720138 -12.1986 12.188 -0.0106264
225.562 -0.0132282 0.00720263 -12.1981 12.1875 -0.0106214
225.573 -0.0132301 0.00720383 -12.1975 12.1869 -0.0106174
225.584 -0.0132311 0.00720469 -12.1969 12.1863 -0.0106134
225.596 -0.0132323 0.00720588 -12.1963 12.1857 -0.0106089
225.607 -0.0132327 0.00720675 -12.1956 12.185 -0.0106037
225.618 -0.0132328 0.00720757 -12.1949 12.1843 -0.0105985
225.629 -0.0132327 0.00720812 -12.1943 12.1837 -0.0105938
225.64 -0.0132325 0.00720879 -12.1935 12.1829 -0.0105886
225.652 -0.0132316 0.00720891 -12.1928 12.1822 -0.0105836
225.663 -0.0132309 0.00720964 -12.1921 12.1815 -0.0105781
225.674 -0.0132299 0.00721007 -12.1913 12.1807 -0.010573
225.685 -0.0132297 0.00721092 -12.1906 12.18 -0.0105673
225.697 -0.0132297 0.00721191 -12.1898 12.1792 -0.0105618
225.708 -0.0132309 0.0072132 -12.189 12.1785 -0.0105578
225.719 -0.0132318 0.00721477 -12.1882 12.1776 -0.0105547
225.73 -0.0132322 0.00721622 -12.1873 12.1767 -0.0105513
225.742 -0.013233 0.00721721 -12.1864 12.1758 -0.010548
225.753 -0.0132333 0.00721838 -12.1854 12.1749 -0.0105443
225.764 -0.0132336 0.00721896 -12.1844 12.1738 -0.0105391
225.775 -0.0132343 0.00721961 -12.1833 12.1728 -0.0105344
225.787 -0.0132346 0.00722041 -12.1823 12.1718 -0.0105301
225.798 -0.0132358 0.00722092 -12.1812 12.1707 -0.0105256
225.809 -0.0132368 0.00722137 -12.1801 12.1696 -0.0105213
225.82 -0.0132384 0.00722189 -12.1789 12.1684 -0.0105177
225.831 -0.0132392 0.00722195 -12.1777 12.1672 -0.010514
225.843 -0.0132394 0.00722187 -12.1765 12.166 -0.0105099
225.854 -0.0132393 0.0072221 -12.1753 12.1648 -0.0105064
225.865 -0.0132391 0.00722255 -12.174 12.1635 -0.0105021
225.876 -0.0132387 0.00722264 -12.1727 12.1622 -0.0104982
225.888 -0.0132389 0.0072231 -12.1714 12.1609 -0.0104957
225.899 -0.0132397 0.00722457 -12.17 12.1595 -0.010493
225.91 -0.0132399 0.00722464 -12.1686 12.1581 -0.0104898
225.921 -0.0132402 0.00722588 -12.1672 12.1567 -0.0104873
225.933 -0.0132405 0.00722664 -12.1657 12.1552 -0.0104838
225.944 -0.0132402 0.00722742 -12.1642 12.1537 -0.0104802
225.955 -0.01324 0.00722851 -12.1627 12.1522 -0.0104772
225.966 -0.01324 0.00722966 -12.1611 12.1507 -0.0104732
225.978 -0.0132406 0.00723018 -12.1596 12.1491 -0.0104694
225.989 -0.0132411 0.00723079 -12.158 12.1475 -0.0104659
226 -0.0132423 0.00723014 -12.1563 12.1459 -0.0104615
226.011 -0.0132431 0.00722959 -12.1547 12.1442 -0.0104573
226.022 -0.0132445 0.00722979 -12.153 12.1425 -0.0104546
226.034 -0.0132461 0.0072303 -12.1513 12.1408 -0.0104509
226.045 -0.0132479 0.007231 -12.1495 12.139 -0.0104485
226.056 -0.0132495 0.00723182 -12.1477 12.1372 -0.0104457
226.067 -0.0132509 0.00723265 -12.1458 12.1354 -0.0104416
226.079 -0.0132521 0.00723325 -12.1439 12.1335 -0.0104375
226.09 -0.0132537 0.00723313 -12.142 12.1316 -0.0104336
226.101 -0.0132554 0.007232 -12.14 12.1296 -0.0104299
226.112 -0.0132568 0.00723077 -12.138 12.1276 -0.0104265
226.124 -0.013258 0.00723003 -12.136 12.1256 -0.0104227
226.135 -0.0132594 0.00722887 -12.1339 12.1235 -0.010419
226.146 -0.0132593 0.00722807 -12.1318 12.1214 -0.0104139
226.157 -0.013259 0.0072283 -12.1297 12.1193 -0.0104092
226.169 -0.0132591 0.00722879 -12.1276 12.1172 -0.0104044
226.18 -0.0132605 0.00722912 -12.1254 12.115 -0.0104013
226.191 -0.0132616 0.00722918 -12.1233 12.1129 -0.0103982
226.202 -0.0132637 0.00722905 -12.1211 12.1107 -0.0103947
226.213 -0.0132654 0.00722857 -12.1189 12.1085 -0.0103908
226.225 -0.0132665 0.007228 -12.1167 12.1063 -0.0103873
226.236 -0.0132675 0.0072276 -12.1144 12.104 -0.0103837
226.247 -0.0132682 0.00722651 -12.1121 12.1017 -0.0103796
226.258 -0.013269 0.00722553 -12.1098 12.0995 -0.0103765
226.27 -0.01327 0.00722481 -12.1075 12.0972 -0.0103735
226.281 -0.0132703 0.00722379 -12.1053 12.0949 -0.0103692
226.292 -0.0132706 0.00722365 -12.103 12.0926 -0.0103646
226.303 -0.0132715 0.00722314 -12.1007 12.0903 -0.0103597
226.315 -0.0132725 0.00722362 -12.0984 12.0881 -0.0103547
226.326 -0.0132741 0.00722406 -12.0961 12.0858 -0.0103509
226.337 -0.0132756 0.00722435 -12.0938 12.0835 -0.0103464
226.348 -0.0132765 0.00722398 -12.0916 12.0812 -0.0103426
226.36 -0.0132779 0.00722374 -12.0893 12.079 -0.0103398
226.371 -0.0132789 0.00722291 -12.087 12.0767 -0.0103358
226.382 -0.0132796 0.00722228 -12.0848 12.0744 -0.0103323
226.393 -0.0132806 0.00722255 -12.0825 12.0722 -0.0103289
226.404 -0.0132816 0.00722247 -12.0802 12.0699 -0.0103249
226.416 -0.0132823 0.00722247 -12.078 12.0677 -0.0103206
226.427 -0.0132821 0.0072221 -12.0757 12.0654 -0.0103154
226.438 -0.0132818 0.00722225 -12.0735 12.0632 -0.0103109
226.449 -0.0132815 0.00722316 -12.0713 12.061 -0.010307
226.461 -0.0132814 0.00722465 -12.0691 12.0588 -0.0103033
226.472 -0.0132817 0.00722663 -12.0669 12.0566 -0.0103005
226.483 -0.0132817 0.00722756 -12.0646 12.0543 -0.0102978
226.494 -0.0132819 0.00722805 -12.0624 12.0521 -0.0102948
226.506 -0.0132824 0.00722792 -12.0601 12.0498 -0.0102913
226.517 -0.0132818 0.00722813 -12.0578 12.0475 -0.0102876
226.528 -0.0132819 0.00722803 -12.0555 12.0452 -0.0102843
226.539 -0.0132828 0.00722764 -12.0532 12.0429 -0.0102814
226.551 -0.0132832 0.00722749 -12.0508 12.0406 -0.0102777
226.562 -0.0132835 0.00722696 -12.0485 12.0383 -0.0102753
226.573 -0.0132849 0.00722712 -12.0462 12.0359 -0.0102728
226.584 -0.0132846 0.00722713 -12.0438 12.0335 -0.0102697
226.596 -0.013285 0.00722684 -12.0414 12.0312 -0.0102667
226.607 -0.0132855 0.00722671 -12.0391 12.0288 -0.0102632
226.618 -0.0132847 0.00722673 -12.0367 12.0264 -0.0102587
226.629 -0.0132849 0.00722736 -12.0343 12.0241 -0.0102556
226.64 -0.0132837 0.00722823 -12.032 12.0217 -0.0102519
226.652 -0.013283 0.00722882 -12.0296 12.0194 -0.0102483
226.663 -0.0132822 0.00722949 -12.0273 12.0171 -0.0102454
226.674 -0.0132818 0.00723001 -12.025 12.0148 -0.0102415
226.685 -0.0132812 0.00723074 -12.0227 12.0124 -0.0102376
226.697 -0.0132804 0.0072315 -12.0204 12.0101 -0.010234
226.708 -0.0132796 0.00723248 -12.018 12.0078 -0.0102298
226.719 -0.0132796 0.00723385 -12.0156 12.0054 -0.0102262
226.73 -0.0132789 0.00723514 -12.0133 12.0031 -0.0102234
226.742 -0.0132793 0.00723479 -12.011 12.0007 -0.0102207
226.753 -0.0132783 0.00723482 -12.0086 11.9984 -0.0102172
226.764 -0.0132781 0.00723433 -12.0063 11.9961 -0.0102138
226.775 -0.0132784 0.0072343 -12.0039 11.9937 -0.0102096
226.787 -0.0132795 0.00723448 -12.0016 11.9914 -0.0102061
226.798 -0.0132809 0.00723532 -11.9992 11.989 -0.0102031
226.809 -0.0132816 0.00723524 -11.9969 11.9867 -0.0101986
226.82 -0.0132821 0.00723451 -11.9945 11.9843 -0.010194
226.831 -0.0132827 0.00723501 -11.9922 11.982 -0.0101907
226.843 -0.0132833 0.00723561 -11.9899 11.9797 -0.0101867
226.854 -0.0132826 0.00723582 -11.9876 11.9775 -0.0101823
226.865 -0.0132822 0.00723608 -11.9854 11.9753 -0.0101787
226.876 -0.0132815 0.00723681 -11.9832 11.9731 -0.0101754
226.888 -0.0132801 0.00723765 -11.9811 11.9709 -0.0101717
226.899 -0.0132795 0.00723908 -11.979 11.9688 -0.0101689
226.91 -0.0132794 0.00724016 -11.9769 11.9667 -0.0101647
226.921 -0.0132799 0.00724086 -11.9748 11.9647 -0.0101614
226.933 -0.0132782 0.00724062 -11.9728 11.9626 -0.010157
226.944 -0.0132771 0.00724021 -11.9708 11.9606 -0.0101534
226.955 -0.0132769 0.00724036 -11.9688 11.9587 -0.0101505
226.966 -0.0132768 0.00724119 -11.9669 11.9567 -0.0101488
226.978 -0.0132766 0.00724146 -11.9649 11.9547 -0.0101463
226.989 -0.0132755 0.00724058 -11.9629 11.9528 -0.0101428
227 -0.013274 0.00723993 -11.961 11.9508 -0.010139
227.011 -0.0132739 0.00724062 -11.959 11.9488 -0.0101347
227.022 -0.0132733 0.0072421 -11.957 11.9468 -0.0101303
227.034 -0.0132735 0.00724341 -11.955 11.9449 -0.010127
227.045 -0.0132732 0.00724412 -11.953 11.9429 -0.0101229
227.056 -0.0132724 0.00724392 -11.9511 11.941 -0.0101178
227.067 -0.0132714 0.00724356 -11.9492 11.9391 -0.0101139
227.079 -0.0132706 0.00724315 -11.9474 11.9373 -0.0101106
227.09 -0.0132698 0.00724358 -11.9455 11.9354 -0.0101075
227.101 -0.0132688 0.00724408 -11.9437 11.9336 -0.0101048
227.112 -0.0132683 0.00724447 -11.9419 11.9318 -0.0101019
227.124 -0.0132682 0.00724435 -11.9402 11.9301 -0.0101001
227.135 -0.0132678 0.00724463 -11.9384 11.9283 -0.0100973
227.146 -0.0132673 0.00724518 -11.9367 11.9266 -0.0100947
227.157 -0.0132665 0.0072465 -11.935 11.9249 -0.0100915
227.169 -0.0132642 0.00724646 -11.9333 11.9232 -0.010087
227.18 -0.0132628 0.00724611 -11.9317 11.9216 -0.0100826
227.191 -0.0132612 0.00724597 -11.93 11.92 -0.0100786
227.202 -0.0132595 0.00724647 -11.9284 11.9184 -0.0100757
227.213 -0.0132579 0.0072465 -11.9268 11.9168 -0.0100721
227.225 -0.0132565 0.00724647 -11.9253 11.9152 -0.0100688
227.236 -0.0132549 0.00724674 -11.9237 11.9136 -0.0100659
227.247 -0.0132529 0.00724748 -11.9221 11.9121 -0.010062
227.258 -0.0132508 0.00724822 -11.9206 11.9105 -0.0100583
227.27 -0.0132493 0.00724984 -11.9191 11.9091 -0.0100555
227.281 -0.0132485 0.00725068 -11.9176 11.9076 -0.0100523
227.292 -0.0132468 0.00725125 -11.9162 11.9061 -0.0100488
227.303 -0.0132454 0.0072514 -11.9148 11.9047 -0.010046
227.315 -0.0132445 0.00725159 -11.9134 11.9033 -0.0100435
227.326 -0.0132434 0.00725235 -11.912 11.9019 -0.0100412
227.337 -0.0132417 0.00725275 -11.9106 11.9006 -0.0100378
227.348 -0.0132409 0.00725316 -11.9093 11.8993 -0.0100346
227.36 -0.0132385 0.00725357 -11.9081 11.898 -0.0100302
227.371 -0.0132367 0.00725385 -11.9069 11.8968 -0.0100266
227.382 -0.0132354 0.00725421 -11.9057 11.8957 -0.0100231
227.393 -0.0132339 0.00725573 -11.9046 11.8946 -0.0100194
227.404 -0.0132311 0.00725587 -11.9035 11.8935 -0.010016
227.416 -0.0132288 0.00725614 -11.9025 11.8925 -0.0100123
227.427 -0.0132266 0.00725627 -11.9015 11.8914 -0.0100083
227.438 -0.0132255 0.00725706 -11.9005 11.8905 -0.0100062
227.449 -0.0132242 0.00725748 -11.8994 11.8894 -0.0100035
227.461 -0.0132226 0.00725836 -11.8985 11.8885 -0.0100001
227.472 -0.0132217 0.00725927 -11.8975 11.8875 -0.00999796
227.483 -0.01322 0.00725987 -11.8966 11.8866 -0.00999456
227.494 -0.013219 0.00726014 -11.8957 11.8857 -0.00999186
227.506 -0.0132182 0.00726081 -11.8948 11.8849 -0.0099899
227.517 -0.0132175 0.00726198 -11.894 11.884 -0.00998801
227.528 -0.0132166 0.0072625 -11.8932 11.8832 -0.00998532
227.539 -0.0132159 0.00726273 -11.8925 11.8825 -0.00998189
227.551 -0.0132153 0.00726298 -11.8917 11.8818 -0.00997756
227.562 -0.013214 0.00726377 -11.8911 11.8811 -0.00997376
227.573 -0.013213 0.00726432 -11.8904 11.8805 -0.00997064
227.584 -0.0132121 0.00726457 -11.8899 11.8799 -0.00996755
227.596 -0.0132115 0.00726548 -11.8893 11.8793 -0.009965
227.607 -0.0132103 0.00726542 -11.8888 11.8789 -0.00996259
227.618 -0.0132093 0.0072662 -11.8884 11.8784 -0.00995953
227.629 -0.0132085 0.00726735 -11.888 11.878 -0.00995651
227.64 -0.0132076 0.00726893 -11.8876 11.8777 -0.00995326
227.652 -0.0132062 0.00727031 -11.8873 11.8774 -0.0099491
227.663 -0.0132054 0.0072705 -11.887 11.8771 -0.00994561
227.674 -0.0132042 0.00727051 -11.8868 11.8768 -0.00994213
227.685 -0.0132033 0.00727142 -11.8865 11.8766 -0.00993951
227.697 -0.0132014 0.0072721 -11.8863 11.8764 -0.00993722
227.708 -0.0131996 0.0072721 -11.8861 11.8762 -0.00993401
227.719 -0.0131976 0.00727299 -11.886 11.876 -0.00993186
227.73 -0.0131951 0.00727335 -11.8858 11.8759 -0.00992928
227.742 -0.0131931 0.00727363 -11.8857 11.8758 -0.00992634
227.753 -0.0131924 0.00727475 -11.8857 11.8758 -0.00992403
227.764 -0.0131919 0.00727606 -11.8856 11.8757 -0.0099215
227.775 -0.0131919 0.00727734 -11.8857 11.8757 -0.00991912
227.787 -0.0131921 0.00727717 -11.8857 11.8758 -0.00991479
227.798 -0.0131918 0.00727665 -11.8858 11.8759 -0.00990995
227.809 -0.0131909 0.00727565 -11.886 11.8761 -0.00990446
227.82 -0.0131907 0.00727472 -11.8862 11.8763 -0.00989937
227.831 -0.0131901 0.0072741 -11.8865 11.8766 -0.00989466
227.843 -0.0131893 0.00727361 -11.8869 11.877 -0.00989041
227.854 -0.0131886 0.00727268 -11.8873 11.8774 -0.00988565
227.865 -0.0131878 0.00727187 -11.8877 11.8778 -0.0098805
227.876 -0.013187 0.00727187 -11.8882 11.8783 -0.00987599
227.888 -0.0131872 0.00727241 -11.8888 11.8789 -0.0098719
227.899 -0.0131883 0.0072735 -11.8893 11.8794 -0.00986869
227.91 -0.0131893 0.00727427 -11.8899 11.88 -0.0098653
227.921 -0.013188 0.00727428 -11.8905 11.8807 -0.00985966
227.933 -0.0131881 0.00727479 -11.8912 11.8813 -0.00985623
227.944 -0.0131879 0.00727509 -11.8918 11.882 -0.00985231
227.955 -0.013187 0.007276 -11.8925 11.8826 -0.00984849
227.966 -0.0131866 0.0072767 -11.8932 11.8834 -0.00984539
227.978 -0.0131854 0.00727714 -11.894 11.8841 -0.00984148
227.989 -0.0131842 0.007277 -11.8948 11.8849 -0.00983596
228 -0.0131832 0.00727757 -11.8956 11.8858 -0.00983203
228.011 -0.0131826 0.00727798 -11.8966 11.8867 -0.00982795
228.022 -0.0131834 0.00727963 -11.8975 11.8877 -0.00982342
228.034 -0.0131834 0.00728092 -11.8985 11.8887 -0.00981864
228.045 -0.0131838 0.00728174 -11.8995 11.8897 -0.00981364
228.056 -0.0131847 0.00728188 -11.9006 11.8908 -0.00980873
228.067 -0.013185 0.00728067 -11.9017 11.8919 -0.00980233
228.079 -0.0131855 0.00727995 -11.9029 11.8931 -0.00979674
228.09 -0.0131859 0.00727907 -11.9041 11.8943 -0.00979013
228.101 -0.0131861 0.0072789 -11.9054 11.8956 -0.00978419
228.112 -0.0131865 0.00727896 -11.9068 11.897 -0.00977892
228.124 -0.013187 0.00727874 -11.9081 11.8983 -0.00977405
228.135 -0.0131874 0.0072784 -11.9095 11.8998 -0.00976937
228.146 -0.0131869 0.00727733 -11.911 11.9012 -0.00976449
228.157 -0.0131873 0.00727673 -11.9125 11.9028 -0.00975942
228.169 -0.0131876 0.00727597 -11.9141 11.9043 -0.00975395
228.18 -0.0131884 0.0072754 -11.9157 11.906 -0.00974863
228.191 -0.0131895 0.0072761 -11.9174 11.9076 -0.00974403
228.202 -0.0131902 0.00727657 -11.919 11.9093 -0.00973897
228.213 -0.0131911 0.00727672 -11.9207 11.911 -0.00973392
228.225 -0.013191 0.00727716 -11.9224 11.9127 -0.00973019
228.236 -0.0131909 0.00727806 -11.9242 11.9144 -0.00972634
228.247 -0.0131913 0.00727852 -11.9259 11.9162 -0.00972327
228.258 -0.0131907 0.00727935 -11.9277 11.918 -0.00971895
228.27 -0.0131904 0.00728072 -11.9295 11.9198 -0.00971415
228.281 -0.0131899 0.00728113 -11.9314 11.9216 -0.00970935
228.292 -0.0131903 0.00728201 -11.9333 11.9236 -0.00970501
228.303 -0.0131902 0.00728172 -11.9352 11.9255 -0.00969994
228.315 -0.0131901 0.00728191 -11.9372 11.9275 -0.00969468
228.326 -0.0131906 0.00728213 -11.9392 11.9295 -0.00968911
228.337 -0.0131904 0.0072822 -11.9412 11.9315 -0.00968357
228.348 -0.0131901 0.00728308 -11.9434 11.9337 -0.00967871
228.36 -0.0131904 0.00728379 -11.9455 11.9358 -0.00967344
228.371 -0.0131901 0.00728383 -11.9477 11.938 -0.00966734
228.382 -0.0131911 0.0072846 -11.95 11.9403 -0.00966156
228.393 -0.0131912 0.0072832 -11.9522 11.9426 -0.00965431
228.404 -0.0131919 0.00728297 -11.9546 11.945 -0.00964871
228.416 -0.013192 0.0072829 -11.957 11.9474 -0.00964374
228.427 -0.0131923 0.00728257 -11.9595 11.9498 -0.00963744
228.438 -0.013192 0.00728271 -11.9619 11.9523 -0.00963089
228.449 -0.0131913 0.00728326 -11.9645 11.9549 -0.00962498
228.461 -0.0131899 0.00728318 -11.9671 11.9575 -0.00961843
228.472 -0.0131881 0.00728228 -11.9697 11.9601 -0.00961049
228.483 -0.0131863 0.0072809 -11.9725 11.9629 -0.00960322
228.494 -0.0131861 0.00727892 -11.9752 11.9656 -0.00959644
228.506 -0.0131863 0.00727736 -11.978 11.9685 -0.0095898
228.517 -0.0131864 0.00727631 -11.9809 11.9714 -0.00958409
228.528 -0.0131863 0.00727598 -11.9838 11.9743 -0.00957805
228.539 -0.0131852 0.00727546 -11.9868 11.9772 -0.0095709
228.551 -0.0131847 0.00727465 -11.9898 11.9803 -0.00956403
228.562 -0.0131846 0.00727393 -11.9929 11.9834 -0.00955669
228.573 -0.0131843 0.00727309 -11.9961 11.9865 -0.00954945
228.584 -0.0131847 0.00727274 -11.9993 11.9897 -0.00954371
228.596 -0.0131856 0.00727263 -12.0025 11.993 -0.00953849
228.607 -0.0131866 0.00727226 -12.0058 11.9963 -0.00953347
228.618 -0.0131875 0.00727123 -12.0091 11.9996 -0.00952814
228.629 -0.0131878 0.00726922 -12.0125 12.003 -0.00952249
228.64 -0.0131884 0.00726809 -12.0159 12.0064 -0.0095181
228.652 -0.0131895 0.00726811 -12.0194 12.0099 -0.00951374
228.663 -0.0131904 0.00726726 -12.0229 12.0134 -0.00950773
228.674 -0.0131905 0.00726702 -12.0265 12.017 -0.00950183
228.685 -0.0131911 0.00726645 -12.0301 12.0206 -0.00949618
228.697 -0.0131916 0.00726513 -12.0338 12.0243 -0.00948977
228.708 -0.0131918 0.00726398 -12.0375 12.028 -0.00948375
228.719 -0.0131909 0.00726254 -12.0413 12.0318 -0.00947752
228.73 -0.0131913 0.00726149 -12.0451 12.0356 -0.00947091
228.742 -0.0131919 0.00725997 -12.049 12.0396 -0.00946548
228.753 -0.0131925 0.00725897 -12.053 12.0435 -0.0094594
228.764 -0.0131929 0.00725805 -12.057 12.0476 -0.00945393
228.775 -0.0131936 0.00725703 -12.0611 12.0517 -0.00944706
228.787 -0.0131943 0.00725538 -12.0653 12.0558 -0.00943987
228.798 -0.0131947 0.00725451 -12.0695 12.0601 -0.00943206
228.809 -0.0131961 0.00725449 -12.0738 12.0644 -0.0094264
228.82 -0.0131978 0.00725428 -12.0781 12.0687 -0.00942011
228.831 -0.0131993 0.00725417 -12.0825 12.0731 -0.00941435
228.843 -0.0132007 0.00725373 -12.0869 12.0775 -0.00940828
228.854 -0.0132029 0.00725331 -12.0914 12.082 -0.00940231
228.865 -0.0132044 0.00725236 -12.0959 12.0865 -0.00939625
228.876 -0.0132063 0.00725176 -12.1005 12.0911 -0.00939044
228.888 -0.0132065 0.00725038 -12.1051 12.0957 -0.00938395
228.899 -0.0132085 0.00725021 -12.1098 12.1004 -0.00937792
228.91 -0.0132098 0.00725004 -12.1145 12.1052 -0.00937205
228.921 -0.0132111 0.00724964 -12.1193 12.1099 -0.00936604
228.933 -0.013213 0.00724929 -12.1241 12.1148 -0.00936114
228.944 -0.0132144 0.00724846 -12.129 12.1196 -0.00935626
228.955 -0.0132157 0.00724765 -12.1339 12.1245 -0.00935134
228.966 -0.0132167 0.00724644 -12.1387 12.1294 -0.0093454
228.978 -0.0132173 0.00724492 -12.1437 12.1344 -0.00933934
228.989 -0.0132183 0.00724302 -12.1487 12.1394 -0.0093323
229 -0.0132191 0.00724169 -12.1538 12.1445 -0.00932486
229.011 -0.0132196 0.00724005 -12.1589 12.1496 -0.00931685
229.022 -0.0132206 0.00723768 -12.1641 12.1548 -0.00930944
229.034 -0.0132221 0.00723534 -12.1693 12.16 -0.00930212
229.045 -0.0132227 0.00723352 -12.1745 12.1652 -0.00929478
229.056 -0.0132235 0.00723217 -12.1798 12.1705 -0.0092879
229.067 -0.0132251 0.00722983 -12.1851 12.1758 -0.00928044
229.079 -0.0132268 0.00722782 -12.1905 12.1812 -0.00927256
229.09 -0.0132281 0.00722638 -12.1959 12.1866 -0.00926651
229.101 -0.0132301 0.00722454 -12.2013 12.192 -0.0092598
229.112 -0.0132313 0.00722275 -12.2067 12.1975 -0.00925378
229.124 -0.0132327 0.00722194 -12.2122 12.203 -0.00924793
229.135 -0.013233 0.00722086 -12.2177 12.2085 -0.00924202
229.146 -0.0132327 0.00721928 -12.2232 12.214 -0.00923604
229.157 -0.0132325 0.00721802 -12.2288 12.2195 -0.00923043
229.169 -0.0132329 0.00721666 -12.2343 12.2251 -0.00922549
229.18 -0.0132336 0.00721573 -12.2399 12.2307 -0.00921983
229.191 -0.0132347 0.00721402 -12.2455 12.2363 -0.00921523
229.202 -0.013236 0.00721262 -12.2512 12.2419 -0.00921022
229.213 -0.0132381 0.00721097 -12.2568 12.2476 -0.00920536
229.225 -0.0132397 0.00720967 -12.2625 12.2533 -0.00920087
229.236 -0.0132413 0.00720874 -12.2681 12.2589 -0.0091959
229.247 -0.0132428 0.00720773 -12.2738 12.2646 -0.00919138
229.258 -0.0132451 0.00720735 -12.2795 12.2703 -0.00918688
229.27 -0.0132474 0.00720713 -12.2852 12.276 -0.00918212
229.281 -0.01325 0.0072057 -12.2909 12.2817 -0.0091772
229.292 -0.0132527 0.00720465 -12.2966 12.2874 -0.00917153
229.303 -0.0132557 0.00720351 -12.3022 12.2931 -0.00916624
229.315 -0.0132588 0.00720237 -12.3079 12.2988 -0.00916096
229.326 -0.0132617 0.0072016 -12.3136 12.3045 -0.00915557
229.337 -0.0132642 0.0072004 -12.3193 12.3102 -0.00915002
229.348 -0.0132665 0.00719898 -12.325 12.3159 -0.00914489
229.36 -0.0132694 0.00719758 -12.3307 12.3216 -0.00914057
229.371 -0.0132719 0.00719663 -12.3364 12.3273 -0.00913556
229.382 -0.0132744 0.00719577 -12.3421 12.333 -0.00912986
229.393 -0.0132767 0.00719546 -12.3478 12.3387 -0.00912498
229.404 -0.013279 0.00719531 -12.3535 12.3444 -0.00911997
229.416 -0.0132812 0.0071954 -12.3592 12.35 -0.00911432
229.427 -0.0132837 0.00719561 -12.3648 12.3557 -0.00910864
229.438 -0.013286 0.00719606 -12.3705 12.3614 -0.00910356
229.449 -0.0132876 0.00719682 -12.3761 12.367 -0.00909901
229.461 -0.0132896 0.00719782 -12.3818 12.3727 -0.00909485
229.472 -0.0132909 0.00719737 -12.3874 12.3783 -0.00908983
229.483 -0.0132933 0.00719661 -12.393 12.3839 -0.00908484
229.494 -0.0132952 0.00719639 -12.3985 12.3895 -0.00908007
229.506 -0.0132976 0.00719556 -12.4041 12.395 -0.00907525
229.517 -0.0133 0.00719499 -12.4096 12.4005 -0.00907049
229.528 -0.0133025 0.00719469 -12.4151 12.406 -0.0090659
229.539 -0.0133047 0.00719468 -12.4205 12.4115 -0.00906123
229.551 -0.0133063 0.00719447 -12.426 12.4169 -0.00905677
229.562 -0.0133086 0.00719446 -12.4314 12.4223 -0.00905239
229.573 -0.0133107 0.00719458 -12.4367 12.4277 -0.00904665
229.584 -0.0133132 0.0071944 -12.4421 12.433 -0.00904138
229.596 -0.0133153 0.00719413 -12.4474 12.4384 -0.00903632
229.607 -0.0133168 0.00719364 -12.4526 12.4436 -0.009031
229.618 -0.0133179 0.00719381 -12.4579 12.4488 -0.00902552
229.629 -0.013319 0.00719358 -12.4631 12.454 -0.00901953
229.64 -0.0133206 0.00719405 -12.4682 12.4592 -0.00901435
229.652 -0.0133223 0.00719463 -12.4733 12.4643 -0.00900866
229.663 -0.0133241 0.00719469 -12.4784 12.4694 -0.0090037
229.674 -0.0133261 0.00719511 -12.4833 12.4743 -0.00899801
229.685 -0.0133282 0.00719547 -12.4883 12.4793 -0.00899283
229.697 -0.0133301 0.00719517 -12.4932 12.4842 -0.00898793
229.708 -0.0133318 0.00719522 -12.4981 12.4891 -0.00898237
229.719 -0.0133335 0.00719549 -12.5029 12.4939 -0.00897587
229.73 -0.0133349 0.00719577 -12.5077 12.4988 -0.00897009
229.742 -0.0133364 0.00719588 -12.5125 12.5035 -0.00896431
229.753 -0.013338 0.00719584 -12.5173 12.5083 -0.00895867
229.764 -0.0133402 0.00719559 -12.522 12.513 -0.00895265
229.775 -0.0133424 0.00719559 -12.5267 12.5177 -0.00894672
229.787 -0.0133443 0.00719521 -12.5313 12.5224 -0.00894112
229.798 -0.0133463 0.00719495 -12.5359 12.527 -0.00893555
229.809 -0.0133482 0.00719453 -12.5405 12.5315 -0.00892988
229.82 -0.0133502 0.0071943 -12.545 12.5361 -0.00892434
229.831 -0.0133527 0.00719365 -12.5495 12.5406 -0.00891944
229.843 -0.0133548 0.00719309 -12.5539 12.545 -0.00891411
229.854 -0.013357 0.00719309 -12.5582 12.5493 -0.00890951
229.865 -0.0133599 0.00719273 -12.5625 12.5536 -0.00890476
229.876 -0.0133624 0.00719232 -12.5667 12.5578 -0.00889943
229.888 -0.0133653 0.00719137 -12.5709 12.562 -0.0088951
229.899 -0.0133678 0.00719012 -12.575 12.5661 -0.00889085
229.91 -0.0133699 0.00718929 -12.5791 12.5702 -0.00888549
229.921 -0.0133725 0.00718826 -12.5831 12.5742 -0.00888019
229.933 -0.0133753 0.00718714 -12.5871 12.5782 -0.00887474
229.944 -0.0133783 0.00718535 -12.591 12.5822 -0.00886975
229.955 -0.013381 0.00718364 -12.5949 12.586 -0.0088642
229.966 -0.0133836 0.00718225 -12.5988 12.5899 -0.00885939
229.978 -0.0133863 0.00718105 -12.6025 12.5937 -0.00885445
229.989 -0.0133893 0.0071801 -12.6062 12.5974 -0.0088498
230 -0.013392 0.00717946 -12.6099 12.6011 -0.00884514
230.011 -0.0133941 0.00717868 -12.6135 12.6047 -0.00884077
230.022 -0.0133963 0.00717862 -12.6171 12.6083 -0.00883626
230.034 -0.0133983 0.0071788 -12.6207 12.6119 -0.00883201
230.045 -0.0134004 0.00717949 -12.6242 12.6154 -0.00882769
230.056 -0.0134022 0.00717991 -12.6276 12.6188 -0.00882268
230.067 -0.0134043 0.0071789 -12.6311 12.6223 -0.00881783
230.079 -0.0134063 0.00717938 -12.6344 12.6256 -0.00881293
230.09 -0.0134089 0.00717986 -12.6378 12.629 -0.00880807
230.101 -0.0134114 0.00717979 -12.6411 12.6323 -0.00880346
230.112 -0.013414 0.00717969 -12.6443 12.6355 -0.00879875
230.124 -0.0134165 0.0071793 -12.6476 12.6388 -0.00879414
230.135 -0.0134196 0.00717954 -12.6508 12.642 -0.00878945
230.146 -0.0134217 0.00718054 -12.6539 12.6452 -0.00878441
230.157 -0.0134242 0.0071809 -12.6571 12.6483 -0.00877967
230.169 -0.0134264 0.00718176 -12.6601 12.6514 -0.00877511
230.18 -0.0134294 0.00718248 -12.6632 12.6544 -0.00877013
230.191 -0.013432 0.00718331 -12.6662 12.6574 -0.00876559
230.202 -0.0134351 0.00718315 -12.6692 12.6604 -0.00876139
230.213 -0.0134376 0.00718315 -12.6721 12.6633 -0.00875678
230.225 -0.0134406 0.00718298 -12.675 12.6662 -0.00875163
230.236 -0.0134437 0.00718338 -12.6779 12.6691 -0.00874647
230.247 -0.0134463 0.00718361 -12.6807 12.672 -0.00874103
230.258 -0.0134493 0.00718383 -12.6836 12.6748 -0.00873498
230.27 -0.0134519 0.00718377 -12.6864 12.6777 -0.00873025
230.281 -0.0134539 0.00718428 -12.6892 12.6804 -0.0087256
230.292 -0.0134563 0.00718483 -12.6919 12.6832 -0.00872082
230.303 -0.0134582 0.00718545 -12.6946 12.6859 -0.00871684
230.315 -0.0134607 0.007186 -12.6973 12.6886 -0.00871234
230.326 -0.0134631 0.00718683 -12.7 12.6913 -0.00870782
230.337 -0.013465 0.00718831 -12.7027 12.694 -0.00870436
230.348 -0.0134659 0.00719047 -12.7053 12.6966 -0.00869957
230.36 -0.0134676 0.00719224 -12.7079 12.6992 -0.00869522
230.371 -0.01347 0.00719277 -12.7104 12.7017 -0.00869044
230.382 -0.0134728 0.00719262 -12.7129 12.7043 -0.00868485
230.393 -0.0134759 0.00719271 -12.7155 12.7068 -0.00867971
230.404 -0.0134781 0.0071934 -12.718 12.7093 -0.00867492
230.416 -0.0134808 0.00719467 -12.7204 12.7118 -0.00866954
230.427 -0.0134835 0.00719556 -12.7229 12.7142 -0.00866398
230.438 -0.0134865 0.00719586 -12.7253 12.7167 -0.00865821
230.449 -0.0134893 0.007196 -12.7278 12.7191 -0.00865196
230.461 -0.0134923 0.00719672 -12.7302 12.7216 -0.00864582
230.472 -0.0134954 0.00719692 -12.7327 12.724 -0.0086399
230.483 -0.0134989 0.00719738 -12.7351 12.7265 -0.00863423
230.494 -0.0135024 0.00719676 -12.7376 12.729 -0.00862824
230.506 -0.0135057 0.0071959 -12.74 12.7314 -0.00862319
230.517 -0.0135097 0.00719558 -12.7425 12.7339 -0.00861797
230.528 -0.0135131 0.00719494 -12.7449 12.7363 -0.00861264
230.539 -0.0135165 0.00719448 -12.7473 12.7387 -0.00860776
230.551 -0.0135202 0.00719435 -12.7497 12.7411 -0.00860293
230.562 -0.013523 0.00719426 -12.7521 12.7435 -0.0085988
230.573 -0.013526 0.00719447 -12.7545 12.7459 -0.00859459
230.584 -0.0135295 0.00719486 -12.7569 12.7483 -0.00858901
230.596 -0.0135325 0.0071956 -12.7592 12.7506 -0.00858479
230.607 -0.0135356 0.0071959 -12.7616 12.753 -0.00858041
230.618 -0.0135373 0.0071969 -12.7639 12.7553 -0.00857641
230.629 -0.0135394 0.00719742 -12.7662 12.7576 -0.00857207
230.64 -0.0135411 0.00719788 -12.7685 12.7599 -0.00856659
230.652 -0.013542 0.00719846 -12.7708 12.7622 -0.00856151
230.663 -0.0135434 0.00719905 -12.7731 12.7645 -0.00855721
230.674 -0.0135444 0.00719877 -12.7754 12.7669 -0.00855321
230.685 -0.0135454 0.00719797 -12.7777 12.7691 -0.00854923
230.697 -0.0135473 0.0071985 -12.78 12.7714 -0.00854473
230.708 -0.0135489 0.00719986 -12.7823 12.7737 -0.00854055
230.719 -0.0135506 0.00720043 -12.7845 12.776 -0.00853713
230.73 -0.013552 0.00720273 -12.7868 12.7783 -0.00853316
230.742 -0.0135534 0.00720393 -12.7891 12.7806 -0.00853042
230.753 -0.013554 0.00720548 -12.7914 12.7829 -0.00852789
230.764 -0.0135555 0.00720646 -12.7936 12.7851 -0.00852487
230.775 -0.0135571 0.00720783 -12.7959 12.7873 -0.00852087
230.787 -0.0135593 0.0072084 -12.7981 12.7896 -0.00851622
230.798 -0.0135616 0.00720908 -12.8003 12.7918 -0.00851162
230.809 -0.0135639 0.00721027 -12.8025 12.794 -0.00850783
230.82 -0.0135658 0.00721123 -12.8048 12.7963 -0.00850345
230.831 -0.0135681 0.00721211 -12.807 12.7985 -0.00849916
230.843 -0.0135697 0.00721318 -12.8092 12.8007 -0.00849514
230.854 -0.0135723 0.00721426 -12.8114 12.8029 -0.00849132
230.865 -0.0135748 0.00721516 -12.8136 12.8051 -0.00848744
230.876 -0.0135778 0.00721673 -12.8158 12.8073 -0.00848447
230.888 -0.0135807 0.00721832 -12.818 12.8095 -0.0084808
230.899 -0.0135835 0.00721947 -12.8202 12.8117 -0.0084778
230.91 -0.0135862 0.00722088 -12.8224 12.8139 -0.00847488
230.921 -0.0135892 0.00722211 -12.8246 12.8161 -0.00847191
230.933 -0.0135917 0.00722366 -12.8267 12.8183 -0.00846872
230.944 -0.013595 0.00722461 -12.8289 12.8205 -0.00846617
230.955 -0.0135976 0.00722536 -12.8311 12.8227 -0.00846287
230.966 -0.0136001 0.00722576 -12.8333 12.8248 -0.00845948
230.978 -0.0136029 0.00722624 -12.8354 12.827 -0.00845632
230.989 -0.0136054 0.00722681 -12.8376 12.8291 -0.00845363
231 -0.013608 0.00722728 -12.8397 12.8312 -0.00844982
231.011 -0.0136106 0.00722872 -12.8418 12.8333 -0.00844539
231.022 -0.013613 0.0072303 -12.8439 12.8354 -0.0084413
231.034 -0.013615 0.00723113 -12.846 12.8375 -0.00843708
231.045 -0.0136174 0.00723204 -12.848 12.8396 -0.0084328
231.056 -0.0136191 0.00723287 -12.8501 12.8417 -0.00842854
231.067 -0.0136212 0.00723321 -12.8522 12.8438 -0.00842409
231.079 -0.013624 0.00723277 -12.8542 12.8458 -0.00841964
231.09 -0.0136257 0.00723285 -12.8563 12.8479 -0.00841588
231.101 -0.0136283 0.00723373 -12.8583 12.8499 -0.00841189
231.112 -0.0136305 0.00723421 -12.8604 12.852 -0.00840909
231.124 -0.0136329 0.00723547 -12.8624 12.854 -0.00840541
231.135 -0.0136352 0.0072368 -12.8644 12.856 -0.0084017
231.146 -0.0136379 0.00723834 -12.8664 12.858 -0.00839806
231.157 -0.01364 0.0072397 -12.8684 12.86 -0.00839418
231.169 -0.0136423 0.00724084 -12.8703 12.862 -0.00839065
231.18 -0.0136441 0.00724215 -12.8723 12.864 -0.00838734
231.191 -0.0136464 0.00724347 -12.8743 12.8659 -0.00838323
231.202 -0.0136473 0.00724524 -12.8763 12.8679 -0.00838035
231.213 -0.0136483 0.00724717 -12.8782 12.8698 -0.00837747
231.225 -0.01365 0.00724913 -12.8801 12.8717 -0.00837437
231.236 -0.0136511 0.00725084 -12.882 12.8737 -0.00837141
231.247 -0.0136523 0.00725219 -12.884 12.8756 -0.00836871
231.258 -0.0136537 0.00725355 -12.8858 12.8775 -0.00836634
231.27 -0.013655 0.00725548 -12.8878 12.8794 -0.00836384
231.281 -0.0136562 0.00725693 -12.8896 12.8813 -0.00836126
231.292 -0.0136574 0.00725886 -12.8915 12.8832 -0.00835785
231.303 -0.0136585 0.00726054 -12.8934 12.8851 -0.00835496
231.315 -0.0136595 0.00726242 -12.8953 12.887 -0.00835188
231.326 -0.0136601 0.0072642 -12.8972 12.8888 -0.00834942
231.337 -0.0136602 0.00726576 -12.899 12.8907 -0.0083468
231.348 -0.0136606 0.00726789 -12.9009 12.8925 -0.00834443
231.36 -0.0136612 0.00726962 -12.9027 12.8943 -0.00834168
231.371 -0.0136615 0.00727128 -12.9045 12.8961 -0.00833908
231.382 -0.0136617 0.00727354 -12.9063 12.8979 -0.00833656
231.393 -0.0136626 0.00727478 -12.908 12.8997 -0.0083335
231.404 -0.0136642 0.00727727 -12.9097 12.9014 -0.00833038
231.416 -0.0136657 0.00727965 -12.9115 12.9031 -0.00832738
231.427 -0.0136676 0.0072821 -12.9131 12.9048 -0.0083243
231.438 -0.0136694 0.00728449 -12.9148 12.9065 -0.008321
231.449 -0.0136714 0.0072868 -12.9165 12.9081 -0.00831802
231.461 -0.0136733 0.00728883 -12.9181 12.9098 -0.00831382
231.472 -0.0136759 0.00729182 -12.9197 12.9114 -0.00830975
231.483 -0.0136781 0.00729473 -12.9214 12.9131 -0.0083064
231.494 -0.0136803 0.0072981 -12.923 12.9147 -0.00830339
231.506 -0.0136828 0.00730039 -12.9246 12.9163 -0.00830006
231.517 -0.0136848 0.00730279 -12.9262 12.9179 -0.00829702
231.528 -0.013687 0.00730507 -12.9278 12.9195 -0.00829306
231.539 -0.013689 0.0073069 -12.9293 12.921 -0.00828981
231.551 -0.0136914 0.00730915 -12.9309 12.9226 -0.00828696
231.562 -0.0136923 0.00731169 -12.9324 12.9241 -0.00828293
231.573 -0.0136932 0.00731338 -12.9339 12.9257 -0.00827935
231.584 -0.013694 0.00731542 -12.9355 12.9272 -0.00827592
231.596 -0.0136956 0.00731695 -12.9369 12.9287 -0.00827213
231.607 -0.0136966 0.00731842 -12.9384 12.9302 -0.00826862
231.618 -0.013698 0.0073193 -12.9399 12.9316 -0.00826587
231.629 -0.0136992 0.0073201 -12.9413 12.9331 -0.00826292
231.64 -0.0137014 0.00732109 -12.9427 12.9345 -0.00825932
231.652 -0.0137041 0.00732306 -12.9441 12.9359 -0.00825531
231.663 -0.0137065 0.007325 -12.9455 12.9373 -0.00825057
231.674 -0.0137083 0.00732606 -12.9469 12.9387 -0.00824585
231.685 -0.0137108 0.00732724 -12.9483 12.9401 -0.00824123
231.697 -0.0137123 0.00732781 -12.9497 12.9414 -0.00823688
231.708 -0.0137145 0.00732909 -12.951 12.9428 -0.00823259
231.719 -0.0137163 0.00733066 -12.9524 12.9441 -0.00822818
231.73 -0.0137184 0.00733227 -12.9537 12.9455 -0.00822366
231.742 -0.0137204 0.00733467 -12.955 12.9468 -0.0082186
231.753 -0.013723 0.00733691 -12.9563 12.9481 -0.00821425
231.764 -0.0137247 0.00733927 -12.9576 12.9494 -0.00820899
231.775 -0.0137266 0.00734169 -12.9589 12.9507 -0.00820414
231.787 -0.013728 0.00734458 -12.9601 12.9519 -0.00819943
231.798 -0.0137294 0.00734707 -12.9614 12.9532 -0.00819463
231.809 -0.0137299 0.00734858 -12.9626 12.9544 -0.00819126
231.82 -0.0137309 0.00735064 -12.9637 12.9556 -0.00818813
231.831 -0.0137324 0.00735257 -12.9649 12.9567 -0.00818561
231.843 -0.0137334 0.00735485 -12.966 12.9578 -0.00818263
231.854 -0.0137347 0.00735697 -12.967 12.9589 -0.00817986
231.865 -0.0137364 0.00735907 -12.968 12.9599 -0.00817726
231.876 -0.013738 0.00736111 -12.969 12.9609 -0.00817399
231.888 -0.0137393 0.00736309 -12.97 12.9618 -0.0081708
231.899 -0.0137415 0.00736521 -12.9709 12.9628 -0.00816746
231.91 -0.0137435 0.00736821 -12.9718 12.9637 -0.00816368
231.921 -0.0137455 0.00737121 -12.9727 12.9646 -0.00815926
231.933 -0.0137476 0.00737425 -12.9736 12.9654 -0.00815497
231.944 -0.01375 0.00737641 -12.9745 12.9663 -0.00815048
231.955 -0.0137517 0.00737873 -12.9753 12.9671 -0.00814614
231.966 -0.0137538 0.00738089 -12.9761 12.9679 -0.00814154
231.978 -0.0137552 0.00738305 -12.9768 12.9687 -0.00813794
231.989 -0.0137566 0.00738555 -12.9776 12.9695 -0.00813439
232 -0.0137585 0.00738714 -12.9783 12.9702 -0.00812994
232.011 -0.0137603 0.00738947 -12.9791 12.9709 -0.00812586
232.022 -0.0137617 0.00739151 -12.9798 12.9717 -0.00812195
232.034 -0.0137643 0.00739391 -12.9805 12.9724 -0.00811749
232.045 -0.0137658 0.0073961 -12.9812 12.9731 -0.00811357
232.056 -0.0137673 0.00739813 -12.9819 12.9738 -0.00810932
232.067 -0.0137682 0.00740001 -12.9825 12.9744 -0.00810455
232.079 -0.0137702 0.0074019 -12.9832 12.9751 -0.00810007
232.09 -0.0137718 0.00740362 -12.9839 12.9758 -0.00809568
232.101 -0.0137734 0.0074053 -12.9845 12.9764 -0.00809148
232.112 -0.0137749 0.00740668 -12.9852 12.9771 -0.00808682
232.124 -0.0137768 0.00740851 -12.9858 12.9777 -0.00808244
232.135 -0.0137789 0.00741014 -12.9864 12.9783 -0.00807748
232.146 -0.0137808 0.00741245 -12.987 12.9789 -0.00807315
232.157 -0.0137823 0.00741393 -12.9876 12.9795 -0.00806872
232.169 -0.0137851 0.00741574 -12.9882 12.9801 -0.00806391
232.18 -0.013787 0.00741666 -12.9887 12.9807 -0.00805861
232.191 -0.0137885 0.00741829 -12.9893 12.9812 -0.00805438
232.202 -0.0137904 0.00741874 -12.9898 12.9817 -0.00804963
232.213 -0.0137926 0.00742013 -12.9902 12.9822 -0.00804462
232.225 -0.0137934 0.00741939 -12.9907 12.9826 -0.00804208
232.236 -0.0137954 0.00741964 -12.991 12.983 -0.00803894
232.247 -0.0137967 0.00741954 -12.9913 12.9833 -0.0080361
232.258 -0.0137985 0.00742064 -12.9915 12.9835 -0.00803341
232.27 -0.0137998 0.00742195 -12.9917 12.9837 -0.00802997
232.281 -0.0138015 0.00742413 -12.9919 12.9839 -0.00802615
232.292 -0.0138025 0.00742639 -12.992 12.984 -0.00802175
232.303 -0.0138048 0.00742834 -12.9921 12.9841 -0.0080172
232.315 -0.0138066 0.00743043 -12.9921 12.9841 -0.00801242
232.326 -0.0138084 0.00743265 -12.9922 12.9842 -0.00800748
232.337 -0.0138105 0.00743444 -12.9922 12.9842 -0.008003
232.348 -0.0138129 0.00743692 -12.9922 12.9842 -0.00799906
232.36 -0.0138153 0.00743888 -12.9921 12.9841 -0.00799498
232.371 -0.0138182 0.0074411 -12.9921 12.9841 -0.00799129
232.382 -0.0138199 0.00744268 -12.992 12.984 -0.00798733
232.393 -0.0138214 0.0074457 -12.9919 12.9839 -0.00798297
232.404 -0.0138225 0.00744871 -12.9918 12.9838 -0.00797931
232.416 -0.0138233 0.00745107 -12.9917 12.9837 -0.00797647
232.427 -0.0138251 0.00745267 -12.9916 12.9836 -0.00797363
232.438 -0.0138266 0.00745467 -12.9915 12.9835 -0.00797045
232.449 -0.0138287 0.00745617 -12.9913 12.9833 -0.0079673
232.461 -0.0138303 0.00745862 -12.9912 12.9832 -0.00796405
232.472 -0.0138313 0.00746097 -12.991 12.983 -0.00796054
232.483 -0.0138321 0.00746314 -12.9909 12.9829 -0.0079575
232.494 -0.0138332 0.0074651 -12.9907 12.9828 -0.00795478
232.506 -0.0138354 0.00746676 -12.9905 12.9826 -0.00795102
232.517 -0.0138371 0.00746808 -12.9904 12.9824 -0.00794717
232.528 -0.0138387 0.00746931 -12.9903 12.9823 -0.00794346
232.539 -0.0138405 0.00747045 -12.9901 12.9822 -0.0079402
232.551 -0.0138415 0.00747108 -12.99 12.982 -0.00793636
232.562 -0.0138428 0.00747239 -12.9899 12.9819 -0.00793225
232.573 -0.0138439 0.00747353 -12.9897 12.9818 -0.00792779
232.584 -0.0138451 0.00747458 -12.9896 12.9817 -0.00792425
232.596 -0.0138474 0.00747622 -12.9895 12.9815 -0.00791999
232.607 -0.0138491 0.00747753 -12.9893 12.9814 -0.0079162
232.618 -0.01385 0.00747815 -12.9892 12.9812 -0.00791334
232.629 -0.0138514 0.00747952 -12.989 12.9811 -0.00791069
232.64 -0.0138521 0.00748101 -12.9888 12.9809 -0.00790747
232.652 -0.013853 0.0074825 -12.9886 12.9807 -0.00790442
232.663 -0.013854 0.00748476 -12.9885 12.9806 -0.00790124
232.674 -0.0138551 0.00748581 -12.9883 12.9804 -0.00789821
232.685 -0.0138562 0.00748762 -12.9881 12.9802 -0.00789506
232.697 -0.0138582 0.00748934 -12.988 12.9801 -0.00789241
232.708 -0.0138601 0.00749152 -12.9878 12.9799 -0.00788921
232.719 -0.0138612 0.0074937 -12.9876 12.9797 -0.00788618
232.73 -0.0138625 0.00749637 -12.9875 12.9796 -0.00788274
232.742 -0.013863 0.00749877 -12.9873 12.9795 -0.00787862
232.753 -0.0138648 0.00750128 -12.9872 12.9793 -0.00787455
232.764 -0.0138658 0.00750303 -12.9871 12.9793 -0.00787095
232.775 -0.0138668 0.00750407 -12.987 12.9792 -0.00786756
232.787 -0.0138663 0.00750469 -12.9869 12.9791 -0.00786519
232.798 -0.0138664 0.00750631 -12.9868 12.979 -0.00786381
232.809 -0.0138661 0.0075071 -12.9867 12.9788 -0.00786158
232.82 -0.0138674 0.00750828 -12.9866 12.9787 -0.0078589
232.831 -0.0138677 0.00750906 -12.9865 12.9786 -0.00785604
232.843 -0.013869 0.00750992 -12.9863 12.9785 -0.00785326
232.854 -0.0138697 0.00751045 -12.9862 12.9784 -0.00784947
232.865 -0.0138709 0.00751212 -12.9861 12.9783 -0.00784558
232.876 -0.0138722 0.00751322 -12.986 12.9782 -0.00784149
232.888 -0.0138738 0.0075149 -12.986 12.9781 -0.00783693
232.899 -0.0138747 0.00751579 -12.986 12.9781 -0.00783358
232.91 -0.0138767 0.00751783 -12.9859 12.9781 -0.00782976
232.921 -0.0138781 0.00751928 -12.9859 12.9781 -0.00782586
232.933 -0.0138798 0.00752085 -12.986 12.9781 -0.00782341
232.944 -0.0138817 0.0075223 -12.986 12.9782 -0.00782021
232.955 -0.0138839 0.00752466 -12.986 12.9782 -0.00781686
232.966 -0.0138851 0.00752754 -12.9862 12.9783 -0.00781275
232.978 -0.0138866 0.00753091 -12.9863 12.9785 -0.00780833
232.989 -0.0138873 0.00753335 -12.9865 12.9787 -0.00780437
233 -0.0138883 0.00753527 -12.9868 12.979 -0.00780112
233.011 -0.0138888 0.00753747 -12.9871 12.9793 -0.00779817
233.022 -0.0138896 0.00753997 -12.9874 12.9796 -0.00779555
233.034 -0.0138895 0.00754278 -12.9878 12.98 -0.00779246
233.045 -0.0138897 0.00754483 -12.9882 12.9804 -0.00778936
233.056 -0.013889 0.00754742 -12.9886 12.9808 -0.00778592
233.067 -0.0138897 0.00754876 -12.9891 12.9813 -0.00778217
233.079 -0.0138903 0.00755054 -12.9897 12.9819 -0.00777899
233.09 -0.0138918 0.00755156 -12.9903 12.9825 -0.00777614
233.101 -0.0138937 0.00755281 -12.9909 12.9832 -0.00777358
233.112 -0.013896 0.00755402 -12.9916 12.9839 -0.00777025
233.124 -0.0138967 0.00755499 -12.9924 12.9846 -0.00776765
233.135 -0.0138987 0.00755556 -12.9932 12.9854 -0.0077649
233.146 -0.0139004 0.00755683 -12.994 12.9863 -0.0077622
233.157 -0.0139026 0.00755725 -12.9949 12.9871 -0.00775909
233.169 -0.013904 0.00755771 -12.9958 12.988 -0.00775557
233.18 -0.0139056 0.00755872 -12.9967 12.989 -0.00775093
233.191 -0.013907 0.00755967 -12.9977 12.99 -0.00774692
233.202 -0.0139083 0.00756095 -12.9988 12.991 -0.00774328
233.213 -0.0139102 0.00756167 -12.9998 12.9921 -0.00773923
233.225 -0.0139119 0.00756218 -13.0009 12.9932 -0.00773575
233.236 -0.0139137 0.00756407 -13.002 12.9943 -0.00773154
233.247 -0.0139151 0.00756532 -13.0032 12.9955 -0.00772717
233.258 -0.0139165 0.00756665 -13.0044 12.9967 -0.00772443
233.27 -0.0139177 0.00756793 -13.0057 12.9979 -0.00772111
233.281 -0.0139191 0.00756991 -13.0069 12.9992 -0.00771693
233.292 -0.0139205 0.00757194 -13.0083 13.0006 -0.00771218
233.303 -0.0139213 0.00757392 -13.0097 13.002 -0.00770781
233.315 -0.0139222 0.00757567 -13.0111 13.0034 -0.00770343
233.326 -0.0139239 0.00757746 -13.0126 13.0049 -0.00769954
233.337 -0.0139254 0.00757994 -13.0141 13.0064 -0.00769573
233.348 -0.0139268 0.00758184 -13.0157 13.008 -0.00769186
233.36 -0.0139284 0.00758426 -13.0174 13.0097 -0.00768696
233.371 -0.01393 0.007587 -13.0191 13.0114 -0.00768251
233.382 -0.0139323 0.00758923 -13.0208 13.0132 -0.00767826
233.393 -0.0139343 0.00759138 -13.0226 13.015 -0.00767451
233.404 -0.0139362 0.00759244 -13.0245 13.0168 -0.00767109
233.416 -0.013937 0.00759282 -13.0264 13.0188 -0.0076685
233.427 -0.0139382 0.0075934 -13.0284 13.0207 -0.00766583
233.438 -0.0139392 0.00759405 -13.0304 13.0227 -0.00766238
233.449 -0.0139399 0.00759435 -13.0324 13.0248 -0.00765934
233.461 -0.013941 0.00759471 -13.0345 13.0268 -0.00765613
233.472 -0.0139424 0.00759543 -13.0366 13.0289 -0.00765421
233.483 -0.0139441 0.00759698 -13.0387 13.031 -0.00765071
233.494 -0.0139454 0.00759864 -13.0408 13.0332 -0.00764787
233.506 -0.0139468 0.00760063 -13.043 13.0354 -0.00764495
233.517 -0.0139486 0.00760287 -13.0453 13.0376 -0.00764171
233.528 -0.0139502 0.0076053 -13.0476 13.0399 -0.00763808
233.539 -0.0139517 0.00760696 -13.0499 13.0422 -0.00763575
233.551 -0.0139531 0.00760893 -13.0523 13.0446 -0.00763212
233.562 -0.0139536 0.00761053 -13.0547 13.047 -0.00762853
233.573 -0.0139549 0.00761259 -13.0572 13.0495 -0.00762578
233.584 -0.0139566 0.00761391 -13.0597 13.0521 -0.00762172
233.596 -0.0139574 0.00761559 -13.0623 13.0547 -0.007618
233.607 -0.0139587 0.00761753 -13.0649 13.0573 -0.00761421
233.618 -0.0139608 0.00761992 -13.0676 13.06 -0.00760977
233.629 -0.0139626 0.00762185 -13.0704 13.0628 -0.00760644
233.64 -0.0139645 0.00762357 -13.0732 13.0656 -0.00760332
233.652 -0.0139662 0.00762502 -13.0761 13.0685 -0.00760039
233.663 -0.0139686 0.00762719 -13.079 13.0714 -0.00759666
233.674 -0.0139704 0.00762897 -13.082 13.0744 -0.00759304
233.685 -0.0139724 0.00763126 -13.085 13.0774 -0.00758933
233.697 -0.0139743 0.00763296 -13.0881 13.0805 -0.00758495
233.708 -0.0139762 0.00763491 -13.0913 13.0837 -0.00758204
233.719 -0.0139785 0.0076361 -13.0944 13.0869 -0.00757939
233.73 -0.0139798 0.00763799 -13.0977 13.0901 -0.00757637
233.742 -0.0139816 0.00763966 -13.101 13.0934 -0.00757334
233.753 -0.0139832 0.00764137 -13.1043 13.0967 -0.00757038
233.764 -0.013985 0.00764329 -13.1077 13.1001 -0.00756725
233.775 -0.0139866 0.00764555 -13.1111 13.1036 -0.00756429
233.787 -0.0139884 0.00764824 -13.1146 13.1071 -0.00756088
233.798 -0.0139904 0.00765071 -13.1181 13.1106 -0.00755845
233.809 -0.0139917 0.00765338 -13.1217 13.1142 -0.00755627
233.82 -0.0139937 0.00765551 -13.1253 13.1178 -0.00755356
233.831 -0.0139943 0.00765766 -13.129 13.1214 -0.00755062
233.843 -0.0139955 0.00765985 -13.1327 13.1252 -0.00754864
233.854 -0.0139963 0.00766229 -13.1365 13.1289 -0.0075459
233.865 -0.0139976 0.00766438 -13.1402 13.1327 -0.00754321
233.876 -0.0139986 0.00766719 -13.1441 13.1365 -0.00754004
233.888 -0.0139991 0.00766914 -13.1479 13.1404 -0.00753709
233.899 -0.0139992 0.00767095 -13.1518 13.1443 -0.00753408
233.91 -0.0140002 0.00767318 -13.1558 13.1483 -0.00753179
233.921 -0.0140015 0.00767541 -13.1598 13.1522 -0.00752866
233.933 -0.0140023 0.00767734 -13.1638 13.1563 -0.00752601
233.944 -0.0140038 0.00767863 -13.1679 13.1603 -0.00752397
233.955 -0.0140052 0.00768009 -13.1719 13.1644 -0.00752196
233.966 -0.0140062 0.00768121 -13.176 13.1685 -0.00751955
233.978 -0.0140069 0.0076819 -13.1802 13.1727 -0.00751858
233.989 -0.0140077 0.00768318 -13.1844 13.1768 -0.00751666
234 -0.014008 0.00768354 -13.1886 13.181 -0.0075146
234.011 -0.0140091 0.00768442 -13.1928 13.1853 -0.00751242
234.022 -0.0140101 0.00768509 -13.1971 13.1896 -0.00750969
234.034 -0.0140115 0.007686 -13.2014 13.1939 -0.0075066
234.045 -0.014013 0.00768632 -13.2057 13.1982 -0.00750378
234.056 -0.0140155 0.00768643 -13.2102 13.2027 -0.00750052
234.067 -0.0140172 0.00768676 -13.2146 13.2071 -0.00749763
234.079 -0.0140189 0.00768751 -13.2191 13.2116 -0.00749524
234.09 -0.0140199 0.00768828 -13.2236 13.2161 -0.00749282
234.101 -0.0140219 0.00768925 -13.2281 13.2206 -0.00749045
234.112 -0.014023 0.00769021 -13.2327 13.2252 -0.00748755
234.124 -0.014025 0.00769085 -13.2373 13.2298 -0.0074846
234.135 -0.0140262 0.00769195 -13.2419 13.2345 -0.00748205
234.146 -0.0140279 0.00769319 -13.2466 13.2391 -0.00748014
234.157 -0.0140288 0.00769417 -13.2513 13.2438 -0.00747768
234.169 -0.0140295 0.00769488 -13.2561 13.2486 -0.00747518
234.18 -0.0140304 0.00769591 -13.2608 13.2534 -0.00747345
234.191 -0.0140317 0.00769706 -13.2656 13.2582 -0.00747111
234.202 -0.0140331 0.00769838 -13.2704 13.263 -0.00746912
234.213 -0.0140342 0.00769965 -13.2753 13.2678 -0.00746718
234.225 -0.014035 0.00770124 -13.2801 13.2727 -0.00746446
234.236 -0.0140362 0.00770382 -13.285 13.2775 -0.00746166
234.247 -0.0140367 0.00770598 -13.2899 13.2825 -0.00745915
234.258 -0.014037 0.00770809 -13.2949 13.2874 -0.00745648
234.27 -0.0140375 0.00771016 -13.2998 13.2923 -0.00745412
234.281 -0.0140382 0.007713 -13.3047 13.2973 -0.00745097
234.292 -0.0140387 0.00771581 -13.3097 13.3023 -0.0074481
234.303 -0.0140397 0.00771846 -13.3147 13.3072 -0.00744587
234.315 -0.0140406 0.00772171 -13.3196 13.3122 -0.00744361
234.326 -0.0140413 0.00772531 -13.3246 13.3172 -0.00744128
234.337 -0.014042 0.00772818 -13.3296 13.3221 -0.00743863
234.348 -0.0140427 0.00773091 -13.3346 13.3271 -0.00743581
234.36 -0.0140435 0.00773423 -13.3396 13.3321 -0.00743372
234.371 -0.0140444 0.00773752 -13.3445 13.3371 -0.00743181
234.382 -0.0140458 0.00774017 -13.3495 13.3421 -0.00743018
234.393 -0.0140468 0.00774306 -13.3545 13.3471 -0.00742764
234.404 -0.0140489 0.00774434 -13.3594 13.352 -0.00742517
234.416 -0.01405 0.00774626 -13.3644 13.357 -0.00742152
234.427 -0.0140514 0.00774893 -13.3693 13.3619 -0.00741853
234.438 -0.0140525 0.00775069 -13.3743 13.3669 -0.00741555
234.449 -0.0140541 0.007753 -13.3792 13.3718 -0.00741239
234.461 -0.014056 0.00775467 -13.3842 13.3767 -0.00740903
234.472 -0.0140578 0.0077567 -13.3891 13.3817 -0.00740503
234.483 -0.0140599 0.00775874 -13.3941 13.3867 -0.00740213
234.494 -0.0140622 0.00776032 -13.399 13.3916 -0.00739937
234.506 -0.0140639 0.00776137 -13.4039 13.3965 -0.00739553
234.517 -0.0140649 0.00776198 -13.4089 13.4015 -0.00739152
234.528 -0.0140666 0.00776221 -13.4138 13.4064 -0.00738869
234.539 -0.0140679 0.00776303 -13.4188 13.4114 -0.00738614
234.551 -0.0140686 0.00776323 -13.4237 13.4163 -0.00738392
234.562 -0.0140697 0.00776381 -13.4286 13.4212 -0.00738086
234.573 -0.0140708 0.00776366 -13.4335 13.4261 -0.00737873
234.584 -0.0140717 0.00776385 -13.4384 13.431 -0.00737662
234.596 -0.0140732 0.00776369 -13.4432 13.4359 -0.00737407
234.607 -0.0140743 0.00776407 -13.4481 13.4407 -0.00737085
234.618 -0.0140751 0.00776479 -13.4529 13.4456 -0.00736754
234.629 -0.0140753 0.00776595 -13.4577 13.4504 -0.0073637
234.64 -0.0140762 0.00776599 -13.4626 13.4552 -0.00736069
234.652 -0.0140769 0.00776627 -13.4674 13.46 -0.00735741
234.663 -0.0140777 0.00776666 -13.4722 13.4648 -0.00735298
234.674 -0.0140784 0.00776719 -13.4769 13.4696 -0.00734914
234.685 -0.0140781 0.00776765 -13.4817 13.4744 -0.00734546
234.697 -0.0140786 0.00776793 -13.4864 13.4791 -0.00734149
234.708 -0.014079 0.00776795 -13.4911 13.4838 -0.00733773
234.719 -0.0140797 0.00776797 -13.4958 13.4885 -0.00733322
234.73 -0.0140802 0.00776869 -13.5005 13.4932 -0.00732881
234.742 -0.0140809 0.00776944 -13.5051 13.4978 -0.00732422
234.753 -0.0140807 0.00777084 -13.5098 13.5025 -0.00732043
234.764 -0.0140808 0.00777142 -13.5144 13.507 -0.00731692
234.775 -0.0140801 0.00777187 -13.5189 13.5116 -0.00731302
234.787 -0.01408 0.00777256 -13.5235 13.5162 -0.00730931
234.798 -0.0140806 0.00777365 -13.528 13.5207 -0.00730637
234.809 -0.0140809 0.00777505 -13.5324 13.5251 -0.00730269
234.82 -0.0140802 0.00777615 -13.5369 13.5296 -0.00729965
234.831 -0.01408 0.00777714 -13.5412 13.5339 -0.00729699
234.843 -0.0140795 0.00777801 -13.5456 13.5383 -0.00729398
234.854 -0.0140795 0.00777925 -13.5499 13.5426 -0.00729087
234.865 -0.0140797 0.00777954 -13.5541 13.5468 -0.00728821
234.876 -0.0140796 0.0077806 -13.5583 13.551 -0.0072862
234.888 -0.0140804 0.0077811 -13.5625 13.5552 -0.00728437
234.899 -0.0140808 0.00778149 -13.5666 13.5593 -0.0072819
234.91 -0.0140809 0.00778146 -13.5707 13.5634 -0.00727919
234.921 -0.0140814 0.00778183 -13.5747 13.5674 -0.00727608
234.933 -0.0140817 0.00778293 -13.5787 13.5714 -0.00727316
234.944 -0.0140822 0.00778337 -13.5826 13.5754 -0.00727033
234.955 -0.0140823 0.0077844 -13.5865 13.5793 -0.00726729
234.966 -0.0140824 0.00778557 -13.5904 13.5831 -0.00726393
234.978 -0.0140831 0.00778588 -13.5942 13.5869 -0.00726063
234.989 -0.0140846 0.00778597 -13.5979 13.5907 -0.00725734
235 -0.0140861 0.00778603 -13.6016 13.5943 -0.00725443
235.011 -0.0140871 0.00778615 -13.6052 13.598 -0.00725121
235.022 -0.014089 0.00778687 -13.6088 13.6016 -0.00724779
235.034 -0.0140914 0.00778714 -13.6123 13.6051 -0.00724416
235.045 -0.0140928 0.00778688 -13.6158 13.6086 -0.00724028
235.056 -0.0140947 0.00778638 -13.6193 13.612 -0.00723617
235.067 -0.0140964 0.007786 -13.6226 13.6154 -0.00723246
235.079 -0.0140975 0.00778523 -13.626 13.6187 -0.00722852
235.09 -0.0140981 0.0077845 -13.6292 13.622 -0.00722528
235.101 -0.0140988 0.00778382 -13.6324 13.6252 -0.00722205
235.112 -0.0140996 0.00778261 -13.6356 13.6284 -0.00721964
235.124 -0.0141003 0.00778172 -13.6387 13.6315 -0.00721718
235.135 -0.014101 0.00778046 -13.6417 13.6345 -0.00721514
235.146 -0.0141022 0.00777887 -13.6446 13.6374 -0.00721369
235.157 -0.0141036 0.00777716 -13.6475 13.6403 -0.00721189
235.169 -0.0141043 0.00777585 -13.6503 13.6431 -0.00720983
235.18 -0.0141053 0.00777415 -13.6531 13.6459 -0.00720767
235.191 -0.014106 0.00777241 -13.6558 13.6486 -0.0072058
235.202 -0.0141065 0.00777049 -13.6584 13.6512 -0.00720275
235.213 -0.0141068 0.00776893 -13.6609 13.6537 -0.00719957
235.225 -0.0141073 0.00776721 -13.6634 13.6562 -0.00719695
235.236 -0.0141086 0.00776548 -13.6658 13.6587 -0.00719431
235.247 -0.0141099 0.00776399 -13.6682 13.661 -0.00719247
235.258 -0.0141127 0.00776246 -13.6705 13.6633 -0.00719093
235.27 -0.0141148 0.00776053 -13.6727 13.6655 -0.00718898
235.281 -0.0141169 0.00775947 -13.6748 13.6676 -0.007187
235.292 -0.0141188 0.00775928 -13.6768 13.6696 -0.00718477
235.303 -0.0141208 0.00775944 -13.6787 13.6715 -0.00718238
235.315 -0.0141225 0.00775754 -13.6806 13.6734 -0.00717961
235.326 -0.0141233 0.00775639 -13.6824 13.6752 -0.0071778
235.337 -0.0141237 0.00775607 -13.6841 13.6769 -0.0071754
235.348 -0.0141242 0.00775569 -13.6857 13.6785 -0.00717353
235.36 -0.0141251 0.00775531 -13.6873 13.6801 -0.00717128
235.371 -0.0141253 0.00775494 -13.6888 13.6816 -0.00716821
235.382 -0.0141255 0.00775452 -13.6902 13.683 -0.00716523
235.393 -0.0141256 0.00775366 -13.6916 13.6844 -0.00716262
235.404 -0.0141261 0.00775282 -13.6928 13.6857 -0.00715915
235.416 -0.0141266 0.00775206 -13.694 13.6869 -0.00715603
235.427 -0.0141275 0.00775108 -13.6952 13.688 -0.00715342
235.438 -0.0141281 0.00775063 -13.6962 13.6891 -0.00715043
235.449 -0.014129 0.00774952 -13.6972 13.6901 -0.0071478
235.461 -0.0141298 0.00774913 -13.6981 13.691 -0.00714524
235.472 -0.0141311 0.00774825 -13.6989 13.6918 -0.00714265
235.483 -0.0141319 0.00774746 -13.6996 13.6925 -0.0071399
235.494 -0.0141331 0.00774621 -13.7002 13.6931 -0.00713722
235.506 -0.0141338 0.0077446 -13.7007 13.6936 -0.00713493
235.517 -0.0141346 0.00774349 -13.7012 13.694 -0.00713335
235.528 -0.0141359 0.00774309 -13.7015 13.6944 -0.00713179
235.539 -0.0141365 0.00774265 -13.7017 13.6946 -0.00712951
235.551 -0.0141371 0.00774179 -13.7018 13.6947 -0.0071278
235.562 -0.0141377 0.00774127 -13.7019 13.6948 -0.00712757
235.573 -0.0141383 0.00773983 -13.7018 13.6947 -0.00712708
235.584 -0.0141389 0.00773763 -13.7016 13.6945 -0.00712529
235.596 -0.0141395 0.0077351 -13.7014 13.6943 -0.00712311
235.607 -0.0141402 0.0077328 -13.701 13.6939 -0.00712099
235.618 -0.0141409 0.0077313 -13.7006 13.6934 -0.00711902
235.629 -0.0141415 0.00773029 -13.7 13.6929 -0.00711704
235.64 -0.014143 0.00773005 -13.6994 13.6923 -0.00711527
235.652 -0.0141441 0.0077298 -13.6986 13.6915 -0.00711293
235.663 -0.0141444 0.00772901 -13.6978 13.6907 -0.0071108
235.674 -0.0141449 0.00772883 -13.6969 13.6898 -0.00710875
235.685 -0.0141455 0.00772749 -13.6959 13.6888 -0.00710668
235.697 -0.0141462 0.00772669 -13.6948 13.6877 -0.00710549
235.708 -0.0141471 0.00772556 -13.6936 13.6865 -0.0071031
235.719 -0.0141478 0.00772405 -13.6924 13.6853 -0.0071006
235.73 -0.0141485 0.00772295 -13.691 13.6839 -0.00709934
235.742 -0.0141491 0.00772126 -13.6896 13.6825 -0.00709716
235.753 -0.0141495 0.00771986 -13.6881 13.681 -0.00709447
235.764 -0.0141493 0.00771854 -13.6865 13.6794 -0.0070917
235.775 -0.0141496 0.00771722 -13.6849 13.6778 -0.00708862
235.787 -0.0141499 0.00771579 -13.6832 13.6761 -0.00708564
235.798 -0.0141517 0.00771461 -13.6814 13.6743 -0.00708313
235.809 -0.0141538 0.00771456 -13.6795 13.6724 -0.00708072
235.82 -0.0141557 0.00771361 -13.6775 13.6704 -0.00707882
235.831 -0.0141566 0.00771233 -13.6755 13.6684 -0.00707607
235.843 -0.0141582 0.00771164 -13.6733 13.6662 -0.00707323
235.854 -0.0141593 0.00771054 -13.671 13.664 -0.00707056
235.865 -0.0141596 0.00770982 -13.6687 13.6617 -0.00706915
235.876 -0.0141597 0.00770928 -13.6663 13.6592 -0.00706755
235.888 -0.0141592 0.00770802 -13.6638 13.6567 -0.00706529
235.899 -0.0141589 0.00770674 -13.6612 13.6541 -0.0070635
235.91 -0.0141595 0.00770507 -13.6585 13.6514 -0.00706141
235.921 -0.0141604 0.00770336 -13.6557 13.6486 -0.00705921
235.933 -0.0141604 0.00770274 -13.6528 13.6458 -0.00705735
235.944 -0.0141608 0.00770279 -13.6499 13.6429 -0.0070555
235.955 -0.0141613 0.00770249 -13.6469 13.6398 -0.00705312
235.966 -0.0141619 0.00770271 -13.6438 13.6368 -0.00705117
235.978 -0.0141617 0.00770196 -13.6407 13.6336 -0.00704819
235.989 -0.0141619 0.00770139 -13.6374 13.6304 -0.00704645
236 -0.0141628 0.00770067 -13.6342 13.6271 -0.00704525
236.011 -0.0141627 0.00770042 -13.6308 13.6238 -0.00704351
236.022 -0.0141625 0.00770046 -13.6274 13.6203 -0.00704162
236.034 -0.0141628 0.00769979 -13.6239 13.6169 -0.00703934
236.045 -0.0141632 0.00769869 -13.6204 13.6133 -0.00703658
236.056 -0.0141633 0.00769745 -13.6168 13.6097 -0.00703444
236.067 -0.0141641 0.00769632 -13.6132 13.6061 -0.00703283
236.079 -0.0141648 0.00769572 -13.6095 13.6024 -0.00703051
236.09 -0.0141659 0.00769524 -13.6057 13.5987 -0.00702937
236.101 -0.0141666 0.00769391 -13.6019 13.5949 -0.00702783
236.112 -0.0141679 0.0076941 -13.598 13.5909 -0.0070262
236.124 -0.0141684 0.00769335 -13.594 13.5869 -0.00702445
236.135 -0.0141688 0.00769269 -13.5899 13.5829 -0.00702245
236.146 -0.0141694 0.00769105 -13.5858 13.5788 -0.00701933
236.157 -0.0141692 0.0076904 -13.5816 13.5746 -0.00701684
236.169 -0.0141694 0.00768918 -13.5773 13.5703 -0.00701435
236.18 -0.0141694 0.00768877 -13.573 13.566 -0.00701172
236.191 -0.0141699 0.00768877 -13.5686 13.5616 -0.00700863
236.202 -0.0141699 0.00768849 -13.5642 13.5572 -0.00700658
236.213 -0.0141702 0.00768852 -13.5597 13.5527 -0.00700362
236.225 -0.0141701 0.00768833 -13.5552 13.5482 -0.00700115
236.236 -0.0141692 0.00768836 -13.5506 13.5436 -0.00699834
236.247 -0.0141686 0.00768858 -13.546 13.539 -0.00699546
236.258 -0.0141686 0.00768911 -13.5414 13.5344 -0.00699386
236.27 -0.0141684 0.00768958 -13.5367 13.5297 -0.00699268
236.281 -0.0141677 0.00768937 -13.5319 13.5249 -0.00699048
236.292 -0.0141674 0.00768972 -13.5271 13.5202 -0.00698912
236.303 -0.014167 0.00768884 -13.5223 13.5154 -0.00698713
236.315 -0.0141678 0.00768812 -13.5175 13.5105 -0.0069855
236.326 -0.0141679 0.00768728 -13.5126 13.5056 -0.00698391
236.337 -0.014168 0.00768827 -13.5077 13.5008 -0.00698238
236.348 -0.0141679 0.0076882 -13.5028 13.4958 -0.00698072
236.36 -0.0141687 0.00768815 -13.4977 13.4908 -0.00697864
236.371 -0.01417 0.00768787 -13.4927 13.4857 -0.00697669
236.382 -0.0141706 0.00768788 -13.4876 13.4806 -0.00697462
236.393 -0.0141715 0.00768749 -13.4824 13.4755 -0.00697283
236.404 -0.0141715 0.00768745 -13.4772 13.4703 -0.00697178
236.416 -0.0141709 0.00768708 -13.472 13.465 -0.00697016
236.427 -0.0141699 0.00768689 -13.4667 13.4597 -0.00696883
236.438 -0.014169 0.00768675 -13.4614 13.4544 -0.0069679
236.449 -0.014168 0.00768618 -13.456 13.4491 -0.00696636
236.461 -0.0141672 0.00768542 -13.4507 13.4437 -0.00696344
236.472 -0.0141658 0.00768446 -13.4453 13.4384 -0.00696114
236.483 -0.0141649 0.0076844 -13.4399 13.433 -0.00695811
236.494 -0.0141637 0.00768412 -13.4345 13.4276 -0.00695536
236.506 -0.0141638 0.00768409 -13.4291 13.4222 -0.00695322
236.517 -0.0141638 0.00768438 -13.4237 13.4167 -0.00695103
236.528 -0.0141641 0.00768453 -13.4182 13.4113 -0.00694927
236.539 -0.0141644 0.00768442 -13.4128 13.4058 -0.00694739
236.551 -0.0141644 0.00768437 -13.4073 13.4003 -0.0069457
236.562 -0.0141648 0.00768415 -13.4018 13.3948 -0.00694391
236.573 -0.0141651 0.00768358 -13.3963 13.3893 -0.00694117
236.584 -0.0141657 0.00768279 -13.3907 13.3838 -0.00693883
236.596 -0.0141664 0.00768145 -13.3852 13.3783 -0.00693631
236.607 -0.014167 0.00767999 -13.3797 13.3727 -0.00693391
236.618 -0.0141681 0.00767824 -13.3741 13.3672 -0.00693155
236.629 -0.0141692 0.0076761 -13.3685 13.3616 -0.00692965
236.64 -0.0141694 0.0076743 -13.3629 13.356 -0.00692827
236.652 -0.0141698 0.0076731 -13.3573 13.3504 -0.00692687
236.663 -0.0141697 0.00767245 -13.3517 13.3447 -0.00692551
236.674 -0.0141696 0.00767108 -13.346 13.3391 -0.00692397
236.685 -0.0141687 0.00767005 -13.3404 13.3335 -0.00692207
236.697 -0.014168 0.00766911 -13.3347 13.3278 -0.00691993
236.708 -0.0141669 0.00766785 -13.3291 13.3222 -0.00691814
236.719 -0.0141654 0.00766741 -13.3235 13.3165 -0.00691582
236.73 -0.0141647 0.00766744 -13.3178 13.3109 -0.00691367
236.742 -0.0141645 0.00766691 -13.3122 13.3053 -0.00691258
236.753 -0.0141642 0.00766631 -13.3066 13.2997 -0.00691084
236.764 -0.0141643 0.00766602 -13.3009 13.294 -0.00690875
236.775 -0.0141645 0.00766533 -13.2953 13.2884 -0.00690631
236.787 -0.0141645 0.00766478 -13.2897 13.2828 -0.00690371
236.798 -0.0141649 0.00766377 -13.2841 13.2772 -0.00690113
236.809 -0.0141653 0.00766165 -13.2785 13.2716 -0.00689789
236.82 -0.0141659 0.00765973 -13.2729 13.266 -0.00689519
236.831 -0.0141664 0.00765806 -13.2673 13.2604 -0.00689258
236.843 -0.0141667 0.007657 -13.2617 13.2548 -0.00689104
236.854 -0.0141666 0.0076556 -13.256 13.2491 -0.00688868
236.865 -0.0141672 0.00765399 -13.2504 13.2435 -0.00688731
236.876 -0.0141678 0.00765187 -13.2449 13.238 -0.00688542
236.888 -0.0141678 0.00764995 -13.2393 13.2324 -0.00688389
236.899 -0.0141681 0.00764863 -13.2337 13.2268 -0.00688203
236.91 -0.0141676 0.00764733 -13.2281 13.2212 -0.00688062
236.921 -0.0141673 0.00764617 -13.2225 13.2157 -0.00687856
236.933 -0.014167 0.00764445 -13.217 13.2101 -0.00687652
236.944 -0.0141666 0.00764351 -13.2115 13.2046 -0.00687454
236.955 -0.0141664 0.00764343 -13.206 13.1991 -0.00687306
236.966 -0.0141665 0.0076421 -13.2006 13.1937 -0.00687174
236.978 -0.0141668 0.00764091 -13.1951 13.1883 -0.00686976
236.989 -0.0141663 0.00763849 -13.1897 13.1828 -0.0068664
237 -0.0141659 0.00763641 -13.1843 13.1774 -0.00686337
237.011 -0.0141655 0.0076345 -13.179 13.1721 -0.00686047
237.022 -0.0141657 0.00763351 -13.1736 13.1667 -0.00685847
237.034 -0.0141654 0.00763254 -13.1683 13.1614 -0.00685612
237.045 -0.0141658 0.00763208 -13.163 13.1561 -0.00685428
237.056 -0.0141665 0.00763111 -13.1577 13.1508 -0.00685233
237.067 -0.0141665 0.00762975 -13.1524 13.1455 -0.00685006
237.079 -0.0141663 0.00762846 -13.1471 13.1403 -0.00684766
237.09 -0.0141657 0.00762699 -13.1419 13.135 -0.00684502
237.101 -0.0141649 0.00762459 -13.1366 13.1298 -0.00684297
237.112 -0.0141645 0.0076227 -13.1315 13.1246 -0.00684188
237.124 -0.0141642 0.00762218 -13.1263 13.1194 -0.00684051
237.135 -0.0141628 0.00762116 -13.1211 13.1143 -0.0068391
237.146 -0.0141614 0.0076198 -13.116 13.1092 -0.00683731
237.157 -0.0141608 0.00761899 -13.1109 13.1041 -0.00683537
237.169 -0.0141596 0.00761897 -13.1058 13.099 -0.0068343
237.18 -0.0141587 0.00761811 -13.1007 13.0939 -0.00683289
237.191 -0.014158 0.00761695 -13.0957 13.0889 -0.00682998
237.202 -0.0141581 0.00761548 -13.0908 13.0839 -0.00682699
237.213 -0.0141581 0.00761327 -13.0859 13.079 -0.00682399
237.225 -0.0141569 0.00761181 -13.081 13.0742 -0.00682097
237.236 -0.0141557 0.00761068 -13.0763 13.0694 -0.00681767
237.247 -0.0141552 0.00760996 -13.0715 13.0647 -0.00681579
237.258 -0.0141555 0.00760835 -13.0668 13.06 -0.00681319
237.27 -0.0141556 0.00760642 -13.0622 13.0553 -0.00681087
237.281 -0.0141553 0.00760451 -13.0576 13.0508 -0.00680896
237.292 -0.0141542 0.00760267 -13.053 13.0462 -0.00680643
237.303 -0.0141536 0.00760116 -13.0485 13.0417 -0.00680473
237.315 -0.0141533 0.00760008 -13.044 13.0372 -0.00680309
237.326 -0.0141534 0.00759862 -13.0396 13.0328 -0.00680126
237.337 -0.0141542 0.00759762 -13.0352 13.0284 -0.00680021
237.348 -0.0141541 0.00759537 -13.0308 13.024 -0.00679888
237.36 -0.0141539 0.00759388 -13.0264 13.0196 -0.00679647
237.371 -0.014153 0.00759167 -13.0221 13.0153 -0.00679415
237.382 -0.0141524 0.00758954 -13.0179 13.0111 -0.00679139
237.393 -0.0141525 0.00758802 -13.0137 13.0069 -0.00678941
237.404 -0.0141529 0.00758675 -13.0095 13.0027 -0.00678747
237.416 -0.0141519 0.0075854 -13.0054 12.9986 -0.00678472
237.427 -0.0141513 0.00758396 -13.0014 12.9946 -0.00678183
237.438 -0.0141509 0.00758184 -12.9974 12.9906 -0.00677855
237.449 -0.0141496 0.00758065 -12.9935 12.9867 -0.00677454
237.461 -0.0141484 0.00757897 -12.9897 12.9829 -0.00677124
237.472 -0.0141474 0.00757647 -12.986 12.9792 -0.00676795
237.483 -0.0141472 0.00757516 -12.9824 12.9756 -0.00676654
237.494 -0.0141474 0.00757448 -12.9787 12.972 -0.00676493
237.506 -0.0141479 0.0075732 -12.9752 12.9684 -0.00676309
237.517 -0.0141475 0.00757207 -12.9718 12.965 -0.00676072
237.528 -0.0141468 0.00757067 -12.9684 12.9616 -0.00675824
237.539 -0.0141465 0.00756866 -12.965 12.9583 -0.00675635
237.551 -0.0141461 0.00756669 -12.9618 12.955 -0.00675451
237.562 -0.0141466 0.00756569 -12.9586 12.9518 -0.00675122
237.573 -0.0141473 0.00756375 -12.9554 12.9487 -0.00674817
237.584 -0.0141477 0.00756147 -12.9524 12.9457 -0.00674472
237.596 -0.0141476 0.00755914 -12.9495 12.9427 -0.00674077
237.607 -0.0141474 0.00755701 -12.9466 12.9399 -0.00673737
237.618 -0.0141469 0.0075556 -12.9438 12.9371 -0.00673499
237.629 -0.0141465 0.00755395 -12.9411 12.9344 -0.00673302
237.64 -0.0141454 0.00755192 -12.9385 12.9318 -0.00672993
237.652 -0.0141443 0.0075505 -12.936 12.9292 -0.00672738
237.663 -0.0141431 0.00754853 -12.9335 12.9268 -0.00672414
237.674 -0.0141423 0.00754645 -12.9311 12.9243 -0.00672146
237.685 -0.0141413 0.00754389 -12.9287 12.922 -0.00671841
237.697 -0.0141408 0.00754202 -12.9265 12.9198 -0.0067145
237.708 -0.0141398 0.0075399 -12.9244 12.9177 -0.00671094
237.719 -0.0141388 0.0075375 -12.9223 12.9156 -0.00670774
237.73 -0.014138 0.00753525 -12.9203 12.9136 -0.00670521
237.742 -0.0141371 0.00753361 -12.9184 12.9117 -0.00670295
237.753 -0.014137 0.00753134 -12.9166 12.9099 -0.0067007
237.764 -0.0141369 0.00752987 -12.9148 12.9081 -0.00669903
237.775 -0.014137 0.00752944 -12.913 12.9063 -0.00669763
237.787 -0.0141362 0.00752818 -12.9114 12.9047 -0.00669623
237.798 -0.0141363 0.00752632 -12.9098 12.9031 -0.00669456
237.809 -0.0141358 0.00752466 -12.9082 12.9015 -0.00669293
237.82 -0.0141355 0.00752314 -12.9067 12.9 -0.00669112
237.831 -0.0141354 0.00752143 -12.9053 12.8986 -0.00668845
237.843 -0.0141354 0.00751906 -12.904 12.8973 -0.00668544
237.854 -0.0141356 0.00751747 -12.9027 12.896 -0.00668386
237.865 -0.0141359 0.00751543 -12.9015 12.8948 -0.0066811
237.876 -0.0141354 0.00751308 -12.9004 12.8937 -0.0066784
237.888 -0.0141356 0.00751115 -12.8994 12.8927 -0.00667537
237.899 -0.0141353 0.00750947 -12.8985 12.8918 -0.00667134
237.91 -0.0141354 0.00750812 -12.8977 12.891 -0.00666754
237.921 -0.0141353 0.0075063 -12.8969 12.8903 -0.00666393
237.933 -0.0141354 0.00750493 -12.8963 12.8896 -0.00666148
237.944 -0.0141357 0.00750302 -12.8957 12.8891 -0.00665975
237.955 -0.0141358 0.00750103 -12.8952 12.8886 -0.00665711
237.966 -0.0141358 0.00749983 -12.8948 12.8881 -0.00665479
237.978 -0.0141356 0.00749775 -12.8944 12.8878 -0.00665095
237.989 -0.014135 0.00749527 -12.8942 12.8875 -0.00664753
238 -0.0141337 0.00749145 -12.894 12.8873 -0.00664286
238.011 -0.0141331 0.00748844 -12.8939 12.8872 -0.00663923
238.022 -0.0141327 0.00748522 -12.8939 12.8872 -0.00663577
238.034 -0.0141321 0.00748213 -12.894 12.8873 -0.00663225
238.045 -0.0141321 0.00747969 -12.8941 12.8875 -0.00662928
238.056 -0.0141319 0.00747731 -12.8944 12.8878 -0.00662603
238.067 -0.0141312 0.00747453 -12.8948 12.8881 -0.00662203
238.079 -0.0141302 0.00747145 -12.8952 12.8886 -0.00661774
238.09 -0.0141285 0.00746885 -12.8958 12.8892 -0.00661325
238.101 -0.014127 0.00746635 -12.8964 12.8898 -0.00660927
238.112 -0.014126 0.00746419 -12.8971 12.8905 -0.00660549
238.124 -0.0141253 0.00746207 -12.8979 12.8913 -0.00660175
238.135 -0.0141255 0.00746073 -12.8987 12.8921 -0.00659778
238.146 -0.0141255 0.00745894 -12.8996 12.893 -0.00659466
238.157 -0.0141256 0.00745655 -12.9006 12.894 -0.00659081
238.169 -0.0141258 0.00745435 -12.9017 12.8951 -0.00658714
238.18 -0.0141247 0.00745261 -12.9028 12.8962 -0.00658312
238.191 -0.0141234 0.00745065 -12.904 12.8974 -0.00657937
238.202 -0.0141229 0.00744918 -12.9053 12.8987 -0.00657573
238.213 -0.014122 0.00744696 -12.9066 12.9 -0.00657187
238.225 -0.0141214 0.00744462 -12.908 12.9015 -0.00656678
238.236 -0.0141212 0.00744177 -12.9095 12.903 -0.00656174
238.247 -0.0141211 0.00744042 -12.9111 12.9045 -0.0065574
238.258 -0.0141219 0.0074391 -12.9127 12.9062 -0.00655443
238.27 -0.0141224 0.00743627 -12.9144 12.9078 -0.00655086
238.281 -0.0141229 0.0074335 -12.9161 12.9096 -0.00654707
238.292 -0.0141238 0.00743112 -12.9179 12.9114 -0.00654425
238.303 -0.0141247 0.0074294 -12.9198 12.9132 -0.00654248
238.315 -0.0141258 0.00742688 -12.9217 12.9151 -0.00654015
238.326 -0.0141259 0.00742426 -12.9236 12.9171 -0.00653731
238.337 -0.0141264 0.00742149 -12.9256 12.919 -0.00653461
238.348 -0.0141268 0.00741898 -12.9276 12.9211 -0.0065313
238.36 -0.0141273 0.00741619 -12.9297 12.9231 -0.00652738
238.371 -0.0141268 0.00741403 -12.9318 12.9253 -0.0065228
238.382 -0.0141266 0.00741169 -12.934 12.9274 -0.00651783
238.393 -0.0141269 0.00740957 -12.9362 12.9297 -0.00651412
238.404 -0.0141283 0.00740764 -12.9385 12.932 -0.00650996
238.416 -0.0141291 0.00740548 -12.9408 12.9343 -0.00650581
238.427 -0.01413 0.00740387 -12.9432 12.9367 -0.00650202
238.438 -0.0141303 0.00740154 -12.9456 12.9391 -0.00649825
238.449 -0.0141305 0.00739822 -12.948 12.9415 -0.00649374
238.461 -0.0141303 0.00739496 -12.9505 12.944 -0.00648943
238.472 -0.0141306 0.00739182 -12.9531 12.9466 -0.00648449
238.483 -0.0141306 0.00738877 -12.9557 12.9492 -0.00647939
238.494 -0.0141312 0.00738702 -12.9583 12.9518 -0.00647516
238.506 -0.0141315 0.00738647 -12.961 12.9545 -0.0064722
238.517 -0.0141321 0.00738514 -12.9637 12.9572 -0.00646889
238.528 -0.014132 0.00738372 -12.9664 12.9599 -0.00646543
238.539 -0.0141318 0.00738256 -12.9692 12.9627 -0.00646073
238.551 -0.0141316 0.00738122 -12.972 12.9655 -0.00645616
238.562 -0.0141314 0.00737895 -12.9749 12.9684 -0.00645154
238.573 -0.0141319 0.00737599 -12.9778 12.9713 -0.00644622
238.584 -0.0141316 0.00737279 -12.9807 12.9743 -0.00644017
238.596 -0.0141318 0.0073701 -12.9838 12.9773 -0.00643447
238.607 -0.0141322 0.0073681 -12.9868 12.9804 -0.00642923
238.618 -0.014132 0.00736608 -12.9899 12.9835 -0.00642478
238.629 -0.0141328 0.00736428 -12.9931 12.9867 -0.00642056
238.64 -0.0141341 0.00736321 -12.9962 12.9898 -0.00641564
238.652 -0.0141355 0.00736202 -12.9994 12.993 -0.00641075
238.663 -0.0141367 0.0073606 -13.0027 12.9963 -0.00640608
238.674 -0.0141377 0.00735896 -13.0059 12.9995 -0.00640171
238.685 -0.014139 0.00735717 -13.0092 13.0028 -0.00639654
238.697 -0.0141408 0.00735428 -13.0125 13.0061 -0.00639208
238.708 -0.0141426 0.00735113 -13.0158 13.0094 -0.00638747
238.719 -0.0141436 0.00734816 -13.0191 13.0128 -0.00638207
238.73 -0.0141444 0.00734564 -13.0225 13.0161 -0.00637745
238.742 -0.0141459 0.00734286 -13.0259 13.0195 -0.00637219
238.753 -0.0141467 0.00734017 -13.0293 13.0229 -0.0063665
238.764 -0.0141476 0.00733772 -13.0328 13.0264 -0.00636215
238.775 -0.0141489 0.00733544 -13.0362 13.0299 -0.00635675
238.787 -0.0141494 0.00733381 -13.0397 13.0333 -0.00635171
238.798 -0.01415 0.00733171 -13.0432 13.0369 -0.00634639
238.809 -0.0141501 0.0073297 -13.0467 13.0404 -0.00634087
238.82 -0.01415 0.0073275 -13.0503 13.044 -0.00633558
238.831 -0.01415 0.00732546 -13.0539 13.0476 -0.00633016
238.843 -0.0141502 0.00732348 -13.0575 13.0512 -0.00632527
238.854 -0.0141508 0.00732268 -13.0611 13.0548 -0.00632035
238.865 -0.0141513 0.00732206 -13.0647 13.0584 -0.00631541
238.876 -0.0141513 0.00732056 -13.0683 13.062 -0.00631022
238.888 -0.0141514 0.00731903 -13.072 13.0657 -0.00630567
238.899 -0.0141517 0.00731793 -13.0756 13.0693 -0.00630096
238.91 -0.014152 0.00731652 -13.0792 13.0729 -0.00629603
238.921 -0.0141527 0.00731527 -13.0829 13.0766 -0.00628989
238.933 -0.0141534 0.00731423 -13.0865 13.0802 -0.00628584
238.944 -0.0141538 0.0073133 -13.0901 13.0839 -0.00628117
238.955 -0.0141541 0.00731221 -13.0938 13.0875 -0.00627672
238.966 -0.0141554 0.00731149 -13.0974 13.0911 -0.00627278
238.978 -0.0141568 0.00730994 -13.101 13.0947 -0.00626771
238.989 -0.014159 0.00730887 -13.1046 13.0983 -0.0062622
239 -0.0141613 0.00730694 -13.1082 13.1019 -0.00625721
239.011 -0.0141633 0.0073057 -13.1118 13.1055 -0.00625167
239.022 -0.0141638 0.00730376 -13.1153 13.1091 -0.00624518
239.034 -0.0141646 0.00730208 -13.1189 13.1127 -0.00623932
239.045 -0.0141658 0.0073003 -13.1225 13.1163 -0.0062333
239.056 -0.0141671 0.0072991 -13.1261 13.1198 -0.00622786
239.067 -0.0141677 0.00729742 -13.1296 13.1234 -0.00622227
239.079 -0.0141683 0.00729569 -13.1332 13.127 -0.00621627
239.09 -0.0141688 0.00729343 -13.1368 13.1305 -0.00621005
239.101 -0.01417 0.0072922 -13.1403 13.1341 -0.00620405
239.112 -0.0141708 0.00729046 -13.1439 13.1377 -0.00619714
239.124 -0.0141724 0.00728849 -13.1475 13.1413 -0.00619091
239.135 -0.0141737 0.00728641 -13.1511 13.1449 -0.00618523
239.146 -0.014175 0.00728414 -13.1547 13.1485 -0.00617931
239.157 -0.0141759 0.00728123 -13.1582 13.1521 -0.0061736
239.169 -0.0141778 0.00727932 -13.1618 13.1556 -0.00616927
239.18 -0.0141796 0.00727734 -13.1653 13.1592 -0.0061647
239.191 -0.0141811 0.00727487 -13.1689 13.1627 -0.00615998
239.202 -0.0141824 0.00727182 -13.1724 13.1662 -0.00615618
239.213 -0.0141829 0.00726977 -13.1758 13.1697 -0.00615168
239.225 -0.0141834 0.00726728 -13.1793 13.1732 -0.00614663
239.236 -0.0141829 0.00726398 -13.1827 13.1766 -0.00614111
239.247 -0.0141828 0.0072603 -13.1862 13.18 -0.00613622
239.258 -0.014183 0.00725589 -13.1895 13.1834 -0.00613063
239.27 -0.0141831 0.00725206 -13.1929 13.1868 -0.00612499
239.281 -0.0141834 0.00724922 -13.1963 13.1902 -0.00611911
239.292 -0.014183 0.00724685 -13.1996 13.1935 -0.00611409
239.303 -0.0141825 0.00724437 -13.2029 13.1968 -0.00610937
239.315 -0.0141827 0.00724239 -13.2061 13.2 -0.00610463
239.326 -0.0141838 0.00724063 -13.2093 13.2032 -0.00609978
239.337 -0.0141842 0.00723869 -13.2124 13.2064 -0.00609608
239.348 -0.0141856 0.00723575 -13.2155 13.2095 -0.00609185
239.36 -0.0141869 0.00723262 -13.2186 13.2125 -0.00608799
239.371 -0.0141879 0.00722965 -13.2216 13.2156 -0.00608431
239.382 -0.0141886 0.00722683 -13.2246 13.2185 -0.00608018
239.393 -0.0141889 0.00722475 -13.2275 13.2214 -0.00607604
239.404 -0.0141894 0.00722258 -13.2304 13.2244 -0.00607167
239.416 -0.01419 0.0072202 -13.2333 13.2272 -0.00606669
239.427 -0.0141909 0.00721826 -13.2361 13.23 -0.00606139
239.438 -0.0141914 0.00721568 -13.2389 13.2329 -0.00605639
239.449 -0.0141928 0.00721351 -13.2417 13.2356 -0.00605131
239.461 -0.0141944 0.00721143 -13.2444 13.2384 -0.00604611
239.472 -0.0141959 0.00720927 -13.2471 13.2411 -0.00604094
239.483 -0.0141977 0.0072075 -13.2498 13.2438 -0.00603516
239.494 -0.0141988 0.00720566 -13.2525 13.2464 -0.00603012
239.506 -0.0142003 0.00720351 -13.2551 13.2491 -0.00602505
239.517 -0.0142021 0.0072019 -13.2577 13.2516 -0.00601943
239.528 -0.0142038 0.0072 -13.2602 13.2542 -0.00601292
239.539 -0.0142054 0.00719806 -13.2628 13.2568 -0.00600679
239.551 -0.0142076 0.00719554 -13.2653 13.2593 -0.00600049
239.562 -0.0142099 0.00719331 -13.2677 13.2617 -0.0059947
239.573 -0.0142118 0.00719077 -13.2702 13.2642 -0.00598917
239.584 -0.0142132 0.00718813 -13.2726 13.2666 -0.00598298
239.596 -0.014215 0.00718617 -13.2749 13.269 -0.00597741
239.607 -0.0142166 0.00718359 -13.2772 13.2713 -0.00597086
239.618 -0.0142182 0.00718121 -13.2795 13.2736 -0.00596351
239.629 -0.0142192 0.00717926 -13.2818 13.2758 -0.00595764
239.64 -0.0142201 0.00717715 -13.284 13.2781 -0.00595193
239.652 -0.0142217 0.00717475 -13.2862 13.2802 -0.00594573
239.663 -0.0142232 0.0071716 -13.2883 13.2824 -0.00593997
239.674 -0.0142239 0.007169 -13.2904 13.2845 -0.00593313
239.685 -0.0142251 0.00716596 -13.2925 13.2865 -0.00592575
239.697 -0.0142264 0.00716301 -13.2945 13.2886 -0.00591933
239.708 -0.0142275 0.00716017 -13.2965 13.2906 -0.00591307
239.719 -0.0142277 0.00715801 -13.2984 13.2925 -0.00590727
239.73 -0.0142287 0.0071556 -13.3003 13.2944 -0.0059016
239.742 -0.0142299 0.00715376 -13.3022 13.2963 -0.00589602
239.753 -0.0142316 0.00715217 -13.304 13.2981 -0.00589013
239.764 -0.0142333 0.00715066 -13.3057 13.2998 -0.00588385
239.775 -0.0142341 0.00714919 -13.3074 13.3015 -0.00587788
239.787 -0.0142353 0.00714795 -13.3091 13.3032 -0.00587082
239.798 -0.014236 0.00714666 -13.3107 13.3048 -0.00586434
239.809 -0.0142357 0.00714546 -13.3122 13.3064 -0.00585836
239.82 -0.0142358 0.00714422 -13.3137 13.3079 -0.00585191
239.831 -0.0142363 0.00714314 -13.3152 13.3094 -0.00584536
239.843 -0.0142372 0.00714172 -13.3166 13.3108 -0.00583925
239.854 -0.0142383 0.00714072 -13.318 13.3121 -0.00583319
239.865 -0.014239 0.00714017 -13.3193 13.3135 -0.00582858
239.876 -0.0142398 0.00713956 -13.3205 13.3147 -0.0058237
239.888 -0.0142414 0.00713802 -13.3217 13.3159 -0.00581796
239.899 -0.0142425 0.00713676 -13.3228 13.317 -0.0058118
239.91 -0.0142436 0.00713484 -13.324 13.3181 -0.00580606
239.921 -0.0142449 0.00713318 -13.325 13.3192 -0.00579991
239.933 -0.0142463 0.00713187 -13.326 13.3202 -0.00579511
239.944 -0.0142476 0.00713111 -13.3269 13.3211 -0.005791
239.955 -0.014248 0.00713 -13.3277 13.3219 -0.00578488
239.966 -0.0142491 0.00712908 -13.3285 13.3227 -0.00577847
239.978 -0.0142507 0.00712835 -13.3292 13.3235 -0.00577156
239.989 -0.014252 0.00712669 -13.3299 13.3242 -0.00576435
240 -0.0142531 0.00712444 -13.3305 13.3248 -0.00575696
240.011 -0.0142542 0.00712275 -13.3311 13.3254 -0.00574981
240.022 -0.0142557 0.00712203 -13.3316 13.3259 -0.00574248
240.034 -0.0142569 0.00712122 -13.3321 13.3264 -0.00573548
240.045 -0.0142577 0.0071208 -13.3325 13.3268 -0.00572868
240.056 -0.014259 0.00712041 -13.3329 13.3271 -0.00572196
240.067 -0.0142602 0.00711959 -13.3332 13.3274 -0.00571542
240.079 -0.0142617 0.00711883 -13.3334 13.3277 -0.005709
240.09 -0.0142634 0.00711806 -13.3336 13.3279 -0.0057026
240.101 -0.0142645 0.00711816 -13.3337 13.328 -0.00569564
240.112 -0.014266 0.0071175 -13.3337 13.328 -0.00569021
240.124 -0.0142673 0.00711699 -13.3337 13.328 -0.00568416
240.135 -0.0142693 0.00711673 -13.3336 13.328 -0.00567851
240.146 -0.0142718 0.00711636 -13.3336 13.3279 -0.00567312
240.157 -0.0142745 0.00711581 -13.3334 13.3277 -0.0056671
240.169 -0.0142764 0.00711531 -13.3331 13.3274 -0.00566098
240.18 -0.0142789 0.00711459 -13.3328 13.3272 -0.00565601
240.191 -0.0142803 0.00711408 -13.3325 13.3268 -0.00565056
240.202 -0.0142821 0.00711329 -13.3321 13.3264 -0.00564483
240.213 -0.0142837 0.00711289 -13.3316 13.326 -0.00564003
240.225 -0.0142849 0.00711225 -13.3311 13.3254 -0.00563429
240.236 -0.0142859 0.00711135 -13.3305 13.3249 -0.00562864
240.247 -0.0142875 0.00711073 -13.3299 13.3243 -0.00562286
240.258 -0.0142884 0.00711052 -13.3292 13.3236 -0.0056167
240.27 -0.0142896 0.0071099 -13.3285 13.3228 -0.00561155
240.281 -0.0142907 0.00710911 -13.3277 13.3221 -0.00560576
240.292 -0.0142914 0.0071088 -13.3269 13.3213 -0.00559902
240.303 -0.0142922 0.00710811 -13.326 13.3204 -0.0055933
240.315 -0.0142935 0.00710747 -13.3251 13.3195 -0.00558669
240.326 -0.0142948 0.00710704 -13.3242 13.3186 -0.00557966
240.337 -0.014296 0.00710631 -13.3232 13.3176 -0.00557267
240.348 -0.0142963 0.00710575 -13.3221 13.3166 -0.00556676
240.36 -0.014297 0.00710536 -13.321 13.3155 -0.00556083
240.371 -0.0142977 0.00710504 -13.3199 13.3143 -0.00555495
240.382 -0.0142982 0.00710462 -13.3187 13.3132 -0.00554995
240.393 -0.0142985 0.00710501 -13.3175 13.3119 -0.0055439
240.404 -0.0143001 0.00710562 -13.3162 13.3106 -0.0055383
240.416 -0.0143013 0.00710643 -13.3148 13.3093 -0.00553379
240.427 -0.0143023 0.00710752 -13.3134 13.3079 -0.00552826
240.438 -0.0143033 0.00710801 -13.312 13.3064 -0.00552351
240.449 -0.0143044 0.00710896 -13.3105 13.305 -0.00551843
240.461 -0.0143065 0.00711063 -13.3089 13.3034 -0.00551294
240.472 -0.014307 0.00711138 -13.3072 13.3017 -0.00550854
240.483 -0.0143082 0.00711203 -13.3056 13.3001 -0.00550499
240.494 -0.01431 0.00711433 -13.3038 13.2983 -0.00550069
240.506 -0.0143109 0.00711588 -13.302 13.2965 -0.00549664
240.517 -0.0143117 0.0071174 -13.3001 13.2946 -0.00549273
240.528 -0.0143127 0.00711869 -13.2981 13.2926 -0.00548868
240.539 -0.014314 0.00711984 -13.2961 13.2906 -0.00548336
240.551 -0.0143143 0.007121 -13.2941 13.2886 -0.0054789
240.562 -0.0143149 0.00712229 -13.2919 13.2864 -0.00547483
240.573 -0.0143153 0.00712392 -13.2897 13.2842 -0.00547083
240.584 -0.0143158 0.00712535 -13.2874 13.2819 -0.00546748
240.596 -0.0143168 0.00712714 -13.285 13.2796 -0.00546416
240.607 -0.0143167 0.0071284 -13.2826 13.2771 -0.0054609
240.618 -0.0143174 0.00713011 -13.2801 13.2747 -0.00545784
240.629 -0.0143188 0.00713118 -13.2775 13.2721 -0.00545302
240.64 -0.0143198 0.00713272 -13.2749 13.2694 -0.00544892
240.652 -0.0143214 0.00713388 -13.2722 13.2667 -0.00544479
240.663 -0.0143237 0.00713537 -13.2694 13.264 -0.0054409
240.674 -0.0143255 0.00713667 -13.2666 13.2611 -0.00543694
240.685 -0.0143265 0.00713801 -13.2637 13.2583 -0.00543318
240.697 -0.0143267 0.00713886 -13.2607 13.2553 -0.00542923
240.708 -0.0143281 0.00714031 -13.2577 13.2523 -0.0054256
240.719 -0.0143297 0.0071405 -13.2547 13.2492 -0.00542278
240.73 -0.0143313 0.00713993 -13.2515 13.2461 -0.00541979
240.742 -0.0143335 0.00714008 -13.2483 13.2429 -0.00541546
240.753 -0.0143354 0.00713969 -13.2451 13.2397 -0.00541178
240.764 -0.0143373 0.00714005 -13.2418 13.2364 -0.0054069
240.775 -0.0143387 0.00714037 -13.2384 13.233 -0.005402
240.787 -0.0143407 0.00714062 -13.235 13.2296 -0.00539683
240.798 -0.0143427 0.00714138 -13.2316 13.2262 -0.0053919
240.809 -0.0143448 0.00714172 -13.2281 13.2227 -0.00538738
240.82 -0.0143459 0.00714295 -13.2246 13.2192 -0.00538334
240.831 -0.0143469 0.00714453 -13.221 13.2156 -0.00537909
240.843 -0.0143489 0.00714606 -13.2174 13.212 -0.00537514
240.854 -0.0143501 0.00714768 -13.2138 13.2084 -0.00537093
240.865 -0.0143508 0.00714874 -13.2101 13.2047 -0.00536682
240.876 -0.0143523 0.00715011 -13.2063 13.201 -0.00536315
240.888 -0.0143534 0.00715108 -13.2025 13.1972 -0.00535981
240.899 -0.0143543 0.00715333 -13.1987 13.1933 -0.00535625
240.91 -0.0143551 0.00715464 -13.1948 13.1894 -0.00535286
240.921 -0.0143559 0.00715593 -13.1908 13.1855 -0.00534939
240.933 -0.0143566 0.00715675 -13.1868 13.1815 -0.00534591
240.944 -0.0143576 0.00715722 -13.1828 13.1774 -0.00534161
240.955 -0.0143588 0.00715809 -13.1787 13.1733 -0.00533872
240.966 -0.0143596 0.00715909 -13.1745 13.1692 -0.00533566
240.978 -0.0143601 0.0071602 -13.1703 13.165 -0.00533167
240.989 -0.0143613 0.00716125 -13.1661 13.1608 -0.00532818
241 -0.0143618 0.00716163 -13.1618 13.1565 -0.00532401
241.011 -0.0143625 0.00716295 -13.1575 13.1522 -0.00532035
241.022 -0.0143634 0.00716392 -13.1531 13.1478 -0.00531668
241.034 -0.0143641 0.00716505 -13.1487 13.1434 -0.00531303
241.045 -0.0143651 0.0071664 -13.1443 13.139 -0.00530939
241.056 -0.014366 0.00716814 -13.1398 13.1345 -0.00530508
241.067 -0.0143666 0.00717011 -13.1353 13.13 -0.00530069
241.079 -0.0143673 0.00717103 -13.1307 13.1254 -0.00529615
241.09 -0.0143686 0.00717172 -13.1261 13.1208 -0.0052922
241.101 -0.0143699 0.00717253 -13.1215 13.1162 -0.0052878
241.112 -0.0143709 0.00717415 -13.1168 13.1115 -0.00528352
241.124 -0.0143716 0.00717565 -13.1122 13.1069 -0.00528025
241.135 -0.0143731 0.00717715 -13.1074 13.1022 -0.00527703
241.146 -0.0143739 0.00717886 -13.1027 13.0974 -0.00527376
241.157 -0.0143749 0.00718038 -13.0979 13.0927 -0.00527085
241.169 -0.014376 0.00718249 -13.0931 13.0878 -0.00526768
241.18 -0.0143763 0.00718494 -13.0882 13.083 -0.00526546
241.191 -0.0143765 0.00718692 -13.0833 13.078 -0.00526374
241.202 -0.0143772 0.00718841 -13.0783 13.0731 -0.00526173
241.213 -0.0143779 0.00718989 -13.0733 13.068 -0.00525918
241.225 -0.0143794 0.0071918 -13.0683 13.063 -0.00525658
241.236 -0.0143813 0.00719342 -13.0632 13.0579 -0.00525337
241.247 -0.0143826 0.00719525 -13.058 13.0528 -0.00525015
241.258 -0.0143836 0.00719793 -13.0529 13.0476 -0.00524725
241.27 -0.0143842 0.00719984 -13.0477 13.0424 -0.00524439
241.281 -0.0143857 0.00720165 -13.0425 13.0372 -0.00524114
241.292 -0.014387 0.00720294 -13.0372 13.032 -0.00523867
241.303 -0.0143884 0.00720327 -13.0319 13.0267 -0.00523444
241.315 -0.0143897 0.00720333 -13.0266 13.0213 -0.00523043
241.326 -0.014391 0.00720427 -13.0213 13.016 -0.00522618
241.337 -0.0143926 0.0072046 -13.0159 13.0107 -0.00522036
241.348 -0.0143952 0.00720542 -13.0105 13.0053 -0.0052154
241.36 -0.014397 0.00720684 -13.0052 13 -0.00521107
241.371 -0.0143985 0.0072076 -12.9998 12.9946 -0.00520667
241.382 -0.0143992 0.00720836 -12.9944 12.9892 -0.00520301
241.393 -0.0144002 0.00720927 -12.989 12.9838 -0.00519948
241.404 -0.0144012 0.0072105 -12.9836 12.9784 -0.00519654
241.416 -0.0144026 0.00721153 -12.9781 12.9729 -0.00519361
241.427 -0.0144036 0.00721248 -12.9727 12.9675 -0.00519141
241.438 -0.0144051 0.00721326 -12.9672 12.962 -0.00518737
241.449 -0.0144063 0.00721424 -12.9617 12.9565 -0.00518343
241.461 -0.0144073 0.00721516 -12.9562 12.951 -0.0051797
241.472 -0.0144084 0.00721609 -12.9507 12.9455 -0.00517579
241.483 -0.0144096 0.00721684 -12.9452 12.94 -0.00517231
241.494 -0.0144104 0.00721782 -12.9397 12.9345 -0.00516906
241.506 -0.0144107 0.00721925 -12.9342 12.929 -0.00516493
241.517 -0.0144108 0.00722011 -12.9286 12.9235 -0.00516065
241.528 -0.0144114 0.00722139 -12.9231 12.918 -0.00515683
241.539 -0.014412 0.00722274 -12.9175 12.9124 -0.00515309
241.551 -0.0144127 0.00722441 -12.912 12.9068 -0.00514982
241.562 -0.014413 0.00722601 -12.9064 12.9013 -0.00514588
241.573 -0.0144134 0.00722759 -12.9008 12.8957 -0.00514169
241.584 -0.0144133 0.0072288 -12.8953 12.8901 -0.00513723
241.596 -0.0144142 0.00723037 -12.8897 12.8846 -0.00513311
241.607 -0.0144141 0.00723167 -12.8841 12.879 -0.00512905
241.618 -0.0144149 0.00723242 -12.8786 12.8734 -0.00512536
241.629 -0.0144154 0.00723425 -12.873 12.8679 -0.00512141
241.64 -0.0144153 0.0072362 -12.8674 12.8623 -0.00511684
241.652 -0.0144169 0.0072376 -12.8619 12.8568 -0.00511224
241.663 -0.0144183 0.00723938 -12.8564 12.8513 -0.00510738
241.674 -0.0144188 0.00724207 -12.8509 12.8458 -0.00510181
241.685 -0.0144192 0.00724385 -12.8454 12.8403 -0.00509723
241.697 -0.014419 0.00724568 -12.8399 12.8348 -0.00509385
241.708 -0.0144192 0.0072468 -12.8344 12.8293 -0.00509009
241.719 -0.0144199 0.00724917 -12.8289 12.8239 -0.00508664
241.73 -0.0144209 0.00725056 -12.8235 12.8184 -0.00508255
241.742 -0.0144208 0.00725219 -12.8181 12.813 -0.00507855
241.753 -0.014421 0.00725346 -12.8127 12.8076 -0.00507394
241.764 -0.0144209 0.00725522 -12.8073 12.8022 -0.00506937
241.775 -0.0144208 0.00725656 -12.802 12.7969 -0.00506468
241.787 -0.0144201 0.00725771 -12.7967 12.7916 -0.00505996
241.798 -0.0144195 0.00725937 -12.7914 12.7864 -0.00505451
241.809 -0.01442 0.00726118 -12.7862 12.7812 -0.00504871
241.82 -0.0144204 0.00726363 -12.7811 12.776 -0.00504346
241.831 -0.0144211 0.00726542 -12.776 12.7709 -0.00503933
241.843 -0.0144224 0.00726687 -12.7709 12.7658 -0.00503469
241.854 -0.0144234 0.00726837 -12.7658 12.7608 -0.00503053
241.865 -0.014424 0.0072694 -12.7608 12.7558 -0.00502675
241.876 -0.0144247 0.00727025 -12.7558 12.7508 -0.0050222
241.888 -0.0144253 0.00727066 -12.7509 12.7459 -0.00501761
241.899 -0.014426 0.00727115 -12.7459 12.7409 -0.00501379
241.91 -0.0144271 0.0072717 -12.741 12.736 -0.00500973
241.921 -0.0144271 0.00727264 -12.7361 12.7311 -0.00500519
241.933 -0.0144275 0.0072735 -12.7313 12.7263 -0.00500041
241.944 -0.0144274 0.00727509 -12.7265 12.7215 -0.00499418
241.955 -0.0144278 0.00727503 -12.7217 12.7167 -0.00499008
241.966 -0.0144278 0.00727649 -12.717 12.712 -0.00498492
241.978 -0.0144287 0.0072769 -12.7123 12.7074 -0.00497984
241.989 -0.0144296 0.00727801 -12.7077 12.7027 -0.00497599
242 -0.0144294 0.00727916 -12.7031 12.6982 -0.004973
242.011 -0.0144294 0.00727992 -12.6986 12.6936 -0.00496934
242.022 -0.0144307 0.00728085 -12.694 12.6891 -0.0049654
242.034 -0.0144322 0.00728208 -12.6896 12.6846 -0.00496178
242.045 -0.0144325 0.00728423 -12.6851 12.6801 -0.00495692
242.056 -0.0144324 0.00728561 -12.6807 12.6757 -0.00495201
242.067 -0.0144324 0.00728807 -12.6763 12.6713 -0.00494784
242.079 -0.0144335 0.00728943 -12.6719 12.667 -0.0049423
242.09 -0.0144352 0.00729101 -12.6676 12.6627 -0.0049371
242.101 -0.0144366 0.00729238 -12.6634 12.6585 -0.00493294
242.112 -0.0144379 0.00729323 -12.6592 12.6543 -0.00492912
242.124 -0.0144391 0.00729453 -12.6551 12.6502 -0.00492506
242.135 -0.0144401 0.00729596 -12.6511 12.6461 -0.00492014
242.146 -0.0144396 0.00729704 -12.647 12.6421 -0.00491599
242.157 -0.01444 0.00729678 -12.643 12.6381 -0.00491212
242.169 -0.0144411 0.00729783 -12.6391 12.6342 -0.0049081
242.18 -0.0144419 0.0072987 -12.6352 12.6303 -0.00490368
242.191 -0.0144423 0.00729921 -12.6313 12.6264 -0.0048998
242.202 -0.0144441 0.00729941 -12.6275 12.6226 -0.0048959
242.213 -0.0144444 0.0073004 -12.6237 12.6188 -0.00489164
242.225 -0.0144458 0.00730177 -12.62 12.6151 -0.00488726
242.236 -0.0144469 0.0073031 -12.6164 12.6115 -0.00488339
242.247 -0.0144486 0.0073048 -12.6128 12.6079 -0.0048784
242.258 -0.0144491 0.00730698 -12.6092 12.6044 -0.00487314
242.27 -0.0144499 0.007309 -12.6058 12.6009 -0.00486853
242.281 -0.0144506 0.00731137 -12.6023 12.5975 -0.00486287
242.292 -0.0144514 0.00731364 -12.599 12.5941 -0.00485713
242.303 -0.0144518 0.00731494 -12.5957 12.5909 -0.00485236
242.315 -0.0144526 0.00731637 -12.5925 12.5876 -0.00484684
242.326 -0.0144536 0.00731804 -12.5893 12.5844 -0.00484269
242.337 -0.0144555 0.00731944 -12.5861 12.5813 -0.00483881
242.348 -0.0144569 0.0073207 -12.583 12.5782 -0.0048347
242.36 -0.0144577 0.00732233 -12.58 12.5751 -0.00483074
242.371 -0.0144581 0.00732441 -12.577 12.5722 -0.00482745
242.382 -0.0144577 0.00732654 -12.5741 12.5692 -0.0048244
242.393 -0.0144581 0.00732898 -12.5712 12.5664 -0.00482128
242.404 -0.0144584 0.00733115 -12.5684 12.5636 -0.00481691
242.416 -0.0144585 0.00733372 -12.5657 12.5609 -0.00481276
242.427 -0.0144587 0.00733566 -12.5631 12.5583 -0.00480842
242.438 -0.0144591 0.00733765 -12.5605 12.5557 -0.00480409
242.449 -0.014459 0.00733939 -12.558 12.5532 -0.00479931
242.461 -0.01446 0.00734171 -12.5555 12.5507 -0.00479451
242.472 -0.014461 0.00734272 -12.5531 12.5483 -0.00479006
242.483 -0.0144621 0.00734332 -12.5508 12.546 -0.00478623
242.494 -0.0144632 0.00734362 -12.5484 12.5437 -0.0047826
242.506 -0.0144644 0.00734525 -12.5462 12.5414 -0.00477872
242.517 -0.0144661 0.00734708 -12.5439 12.5392 -0.00477369
242.528 -0.0144667 0.00734952 -12.5418 12.537 -0.00476828
242.539 -0.0144673 0.00735123 -12.5397 12.5349 -0.00476251
242.551 -0.0144675 0.00735302 -12.5377 12.5329 -0.00475688
242.562 -0.0144679 0.00735434 -12.5357 12.531 -0.00475126
242.573 -0.0144681 0.0073569 -12.5339 12.5292 -0.00474724
242.584 -0.0144683 0.00735806 -12.5321 12.5274 -0.00474261
242.596 -0.0144685 0.00735961 -12.5305 12.5257 -0.00473847
242.607 -0.0144696 0.0073597 -12.5289 12.5241 -0.00473434
242.618 -0.0144703 0.0073606 -12.5273 12.5226 -0.00473153
242.629 -0.0144709 0.00736142 -12.5258 12.5211 -0.00472753
242.64 -0.0144723 0.00736378 -12.5244 12.5197 -0.00472331
242.652 -0.0144729 0.00736549 -12.5231 12.5183 -0.00471937
242.663 -0.0144732 0.00736805 -12.5218 12.517 -0.00471535
242.674 -0.0144735 0.00737084 -12.5206 12.5158 -0.00471032
242.685 -0.0144743 0.00737514 -12.5194 12.5147 -0.00470538
242.697 -0.0144751 0.00737827 -12.5184 12.5137 -0.00470001
242.708 -0.0144755 0.00738184 -12.5174 12.5127 -0.00469541
242.719 -0.0144766 0.00738434 -12.5165 12.5119 -0.00468964
242.73 -0.0144765 0.0073863 -12.5157 12.511 -0.00468439
242.742 -0.0144767 0.00738897 -12.515 12.5103 -0.00467928
242.753 -0.014477 0.007391 -12.5143 12.5097 -0.00467401
242.764 -0.0144775 0.00739171 -12.5137 12.509 -0.00466978
242.775 -0.014478 0.00739279 -12.5132 12.5085 -0.00466549
242.787 -0.0144787 0.00739373 -12.5127 12.508 -0.00466157
242.798 -0.0144791 0.00739499 -12.5122 12.5076 -0.00465855
242.809 -0.0144801 0.007396 -12.5118 12.5072 -0.00465557
242.82 -0.0144812 0.00739767 -12.5115 12.5069 -0.00465143
242.831 -0.0144826 0.0073986 -12.5113 12.5066 -0.00464858
242.843 -0.014483 0.00740066 -12.5111 12.5065 -0.0046452
242.854 -0.0144844 0.00740292 -12.511 12.5063 -0.00464181
242.865 -0.0144854 0.00740517 -12.511 12.5063 -0.00463891
242.876 -0.0144868 0.00740724 -12.511 12.5064 -0.00463653
242.888 -0.0144879 0.00740937 -12.5111 12.5065 -0.00463228
242.899 -0.0144889 0.00741229 -12.5113 12.5067 -0.00462752
242.91 -0.0144895 0.00741638 -12.5116 12.507 -0.00462296
242.921 -0.0144896 0.00741971 -12.5119 12.5073 -0.00461838
242.933 -0.0144897 0.00742275 -12.5123 12.5077 -0.00461379
242.944 -0.0144904 0.00742581 -12.5128 12.5082 -0.00460867
242.955 -0.0144911 0.00742838 -12.5133 12.5087 -0.00460432
242.966 -0.0144916 0.00743071 -12.5139 12.5093 -0.00459968
242.978 -0.0144916 0.0074326 -12.5146 12.51 -0.004596
242.989 -0.0144913 0.00743522 -12.5154 12.5108 -0.00459176
243 -0.0144906 0.00743743 -12.5162 12.5117 -0.00458808
243.011 -0.0144908 0.00743969 -12.5172 12.5126 -0.00458433
243.022 -0.0144915 0.00744119 -12.5182 12.5136 -0.00458067
243.034 -0.0144922 0.00744385 -12.5193 12.5147 -0.00457668
243.045 -0.0144927 0.00744662 -12.5205 12.516 -0.00457263
243.056 -0.0144927 0.00744938 -12.5218 12.5173 -0.00456778
243.067 -0.0144923 0.00745167 -12.5232 12.5187 -0.00456163
243.079 -0.0144923 0.00745435 -12.5247 12.5202 -0.00455628
243.09 -0.0144924 0.00745759 -12.5263 12.5218 -0.00455073
243.101 -0.0144917 0.00746021 -12.528 12.5234 -0.00454597
243.112 -0.0144906 0.00746255 -12.5297 12.5252 -0.00454105
243.124 -0.0144906 0.00746491 -12.5316 12.527 -0.00453547
243.135 -0.0144901 0.00746733 -12.5335 12.529 -0.00452982
243.146 -0.0144904 0.0074692 -12.5355 12.531 -0.00452511
243.157 -0.0144911 0.00747107 -12.5376 12.5331 -0.00451936
243.169 -0.0144918 0.00747343 -12.5398 12.5352 -0.00451408
243.18 -0.014494 0.00747534 -12.542 12.5375 -0.0045094
243.191 -0.0144961 0.00747722 -12.5443 12.5398 -0.00450457
243.202 -0.0144987 0.00747942 -12.5467 12.5422 -0.00449918
243.213 -0.0145002 0.00748226 -12.5492 12.5447 -0.00449353
243.225 -0.0145017 0.00748543 -12.5518 12.5473 -0.00448772
243.236 -0.0145025 0.00748807 -12.5544 12.5499 -0.00448218
243.247 -0.0145032 0.00749152 -12.5572 12.5527 -0.00447641
243.258 -0.0145031 0.00749459 -12.56 12.5556 -0.00446907
243.27 -0.014504 0.00749729 -12.563 12.5585 -0.00446228
243.281 -0.0145049 0.00750012 -12.5661 12.5616 -0.0044568
243.292 -0.0145061 0.0075028 -12.5692 12.5647 -0.00445251
243.303 -0.0145075 0.00750511 -12.5724 12.568 -0.00444756
243.315 -0.0145087 0.00750593 -12.5757 12.5713 -0.00444388
243.326 -0.014509 0.00750718 -12.5791 12.5747 -0.004439
243.337 -0.0145091 0.0075089 -12.5826 12.5782 -0.00443462
243.348 -0.0145095 0.00751176 -12.5861 12.5817 -0.00442959
243.36 -0.0145097 0.00751519 -12.5897 12.5853 -0.00442435
243.371 -0.0145098 0.00751772 -12.5935 12.589 -0.00442014
243.382 -0.0145098 0.00752031 -12.5972 12.5928 -0.00441584
243.393 -0.0145093 0.00752334 -12.6011 12.5967 -0.0044118
243.404 -0.0145096 0.00752566 -12.605 12.6006 -0.00440798
243.416 -0.0145096 0.00752888 -12.609 12.6046 -0.00440427
243.427 -0.0145103 0.00753209 -12.6131 12.6087 -0.00440018
243.438 -0.0145113 0.00753547 -12.6172 12.6128 -0.00439568
243.449 -0.0145124 0.00753896 -12.6214 12.617 -0.00439092
243.461 -0.0145141 0.00754205 -12.6256 12.6212 -0.00438562
243.472 -0.0145147 0.00754499 -12.63 12.6256 -0.00438006
243.483 -0.0145155 0.00754696 -12.6344 12.63 -0.00437541
243.494 -0.014516 0.00754873 -12.6389 12.6345 -0.00437037
243.506 -0.0145169 0.00755028 -12.6435 12.6391 -0.0043664
243.517 -0.0145178 0.00755182 -12.6481 12.6437 -0.00436206
243.528 -0.014518 0.00755291 -12.6528 12.6484 -0.00435798
243.539 -0.0145189 0.00755466 -12.6576 12.6532 -0.00435378
243.551 -0.01452 0.00755729 -12.6624 12.6581 -0.00434961
243.562 -0.0145223 0.00755991 -12.6673 12.663 -0.0043448
243.573 -0.0145232 0.00756358 -12.6723 12.668 -0.00433995
243.584 -0.014524 0.00756636 -12.6774 12.6731 -0.00433471
243.596 -0.014525 0.00756894 -12.6825 12.6782 -0.00433014
243.607 -0.0145255 0.00757114 -12.6878 12.6834 -0.00432586
243.618 -0.0145256 0.00757399 -12.6931 12.6888 -0.00432232
243.629 -0.014526 0.00757684 -12.6985 12.6941 -0.00431733
243.64 -0.0145261 0.00757847 -12.7039 12.6996 -0.0043134
243.652 -0.0145272 0.00758055 -12.7094 12.7051 -0.00430939
243.663 -0.0145279 0.00758276 -12.715 12.7107 -0.0043049
243.674 -0.0145294 0.00758562 -12.7206 12.7163 -0.00430116
243.685 -0.0145314 0.00758828 -12.7263 12.722 -0.00429725
243.697 -0.0145326 0.00758992 -12.732 12.7277 -0.004293
243.708 -0.0145335 0.00759139 -12.7378 12.7335 -0.00428892
243.719 -0.014534 0.00759341 -12.7437 12.7394 -0.00428411
243.73 -0.0145343 0.00759514 -12.7496 12.7453 -0.00427919
243.742 -0.0145349 0.00759685 -12.7555 12.7513 -0.00427415
243.753 -0.0145359 0.00759826 -12.7616 12.7573 -0.00426938
243.764 -0.0145369 0.00759949 -12.7676 12.7633 -0.0042641
243.775 -0.0145376 0.00760084 -12.7737 12.7695 -0.00425857
243.787 -0.0145381 0.00760294 -12.7799 12.7757 -0.00425374
243.798 -0.0145386 0.00760469 -12.7861 12.7819 -0.00424861
243.809 -0.0145389 0.00760654 -12.7924 12.7882 -0.0042437
243.82 -0.0145397 0.00760811 -12.7988 12.7946 -0.00423864
243.831 -0.0145414 0.00761021 -12.8052 12.801 -0.00423273
243.843 -0.0145432 0.00761241 -12.8117 12.8075 -0.00422667
243.854 -0.0145454 0.00761485 -12.8182 12.814 -0.00422063
243.865 -0.0145463 0.00761761 -12.8249 12.8206 -0.00421501
243.876 -0.014547 0.00761993 -12.8315 12.8273 -0.00420926
243.888 -0.0145482 0.00762227 -12.8382 12.834 -0.00420478
243.899 -0.0145486 0.00762434 -12.845 12.8408 -0.00419988
243.91 -0.0145488 0.00762589 -12.8518 12.8476 -0.00419451
243.921 -0.0145492 0.00762754 -12.8586 12.8545 -0.00418918
243.933 -0.0145487 0.00762863 -12.8655 12.8614 -0.00418424
243.944 -0.0145483 0.00762939 -12.8725 12.8683 -0.00418006
243.955 -0.0145478 0.00763167 -12.8794 12.8753 -0.00417664
243.966 -0.0145468 0.00763281 -12.8864 12.8823 -0.00417346
243.978 -0.0145465 0.00763459 -12.8934 12.8893 -0.00416932
243.989 -0.014547 0.00763561 -12.9005 12.8963 -0.0041653
244 -0.0145476 0.00763671 -12.9076 12.9035 -0.00416145
244.011 -0.0145482 0.00763803 -12.9148 12.9106 -0.00415668
244.022 -0.014549 0.00763976 -12.9219 12.9178 -0.00415168
244.034 -0.0145496 0.00764198 -12.9292 12.925 -0.00414668
244.045 -0.0145504 0.00764464 -12.9364 12.9323 -0.00414129
244.056 -0.0145513 0.00764679 -12.9437 12.9396 -0.00413578
244.067 -0.0145524 0.00764773 -12.951 12.9469 -0.00413064
244.079 -0.0145534 0.00764921 -12.9584 12.9543 -0.00412498
244.09 -0.0145544 0.00765126 -12.9658 12.9617 -0.00412105
244.101 -0.0145544 0.00765261 -12.9732 12.9691 -0.00411654
244.112 -0.0145545 0.00765404 -12.9806 12.9765 -0.00411279
244.124 -0.014554 0.0076553 -12.988 12.9839 -0.0041091
244.135 -0.0145537 0.00765669 -12.9954 12.9913 -0.00410501
244.146 -0.0145541 0.0076584 -13.0028 12.9987 -0.00410081
244.157 -0.0145542 0.00766007 -13.0102 13.0061 -0.00409789
244.169 -0.014555 0.00766176 -13.0176 13.0135 -0.00409411
244.18 -0.0145554 0.00766297 -13.0251 13.021 -0.00409018
244.191 -0.0145556 0.0076649 -13.0325 13.0284 -0.0040862
244.202 -0.0145563 0.00766601 -13.0399 13.0358 -0.00408195
244.213 -0.0145565 0.00766649 -13.0474 13.0433 -0.00407824
244.225 -0.0145567 0.00766731 -13.0548 13.0507 -0.00407441
244.236 -0.0145571 0.00766788 -13.0622 13.0582 -0.00407019
244.247 -0.0145575 0.00766868 -13.0697 13.0656 -0.0040657
244.258 -0.0145571 0.00766966 -13.0771 13.0731 -0.00406129
244.27 -0.0145574 0.00767072 -13.0846 13.0805 -0.00405745
244.281 -0.0145575 0.00767183 -13.092 13.088 -0.00405324
244.292 -0.014558 0.00767243 -13.0995 13.0954 -0.0040487
244.303 -0.0145579 0.00767266 -13.1069 13.1029 -0.00404372
244.315 -0.0145585 0.00767241 -13.1143 13.1103 -0.00404056
244.326 -0.0145592 0.00767309 -13.1218 13.1177 -0.00403786
244.337 -0.0145596 0.00767394 -13.1292 13.1251 -0.00403427
244.348 -0.0145605 0.00767458 -13.1366 13.1326 -0.00403019
244.36 -0.0145607 0.00767562 -13.144 13.14 -0.00402688
244.371 -0.0145621 0.00767708 -13.1514 13.1474 -0.00402315
244.382 -0.0145628 0.00767785 -13.1588 13.1548 -0.00401946
244.393 -0.0145627 0.00767906 -13.1662 13.1622 -0.00401546
244.404 -0.0145626 0.00768065 -13.1736 13.1696 -0.00401127
244.416 -0.0145634 0.00768263 -13.181 13.177 -0.00400738
244.427 -0.0145638 0.0076842 -13.1883 13.1843 -0.00400333
244.438 -0.0145638 0.00768618 -13.1957 13.1917 -0.00399915
244.449 -0.0145641 0.00768831 -13.203 13.199 -0.00399634
244.461 -0.0145637 0.00769002 -13.2103 13.2063 -0.00399297
244.472 -0.014563 0.00769206 -13.2176 13.2136 -0.00398875
244.483 -0.0145634 0.00769349 -13.2249 13.2209 -0.00398445
244.494 -0.0145631 0.00769583 -13.2322 13.2282 -0.00398075
244.506 -0.0145628 0.00769765 -13.2394 13.2354 -0.00397713
244.517 -0.0145633 0.00769879 -13.2467 13.2427 -0.00397352
244.528 -0.0145636 0.00769976 -13.2539 13.2499 -0.00397003
244.539 -0.0145641 0.00770069 -13.2611 13.2571 -0.00396596
244.551 -0.0145647 0.00770198 -13.2683 13.2643 -0.00396268
244.562 -0.0145653 0.00770223 -13.2755 13.2715 -0.00395904
244.573 -0.0145658 0.00770245 -13.2826 13.2787 -0.00395565
244.584 -0.014566 0.00770258 -13.2898 13.2858 -0.0039524
244.596 -0.0145657 0.00770293 -13.2969 13.293 -0.00394918
244.607 -0.0145662 0.00770255 -13.304 13.3 -0.00394461
244.618 -0.0145663 0.00770313 -13.3111 13.3071 -0.00394034
244.629 -0.0145665 0.00770411 -13.3181 13.3142 -0.00393644
244.64 -0.014567 0.00770428 -13.3252 13.3212 -0.00393161
244.652 -0.0145672 0.0077048 -13.3322 13.3283 -0.00392619
244.663 -0.0145673 0.0077052 -13.3392 13.3353 -0.00392145
244.674 -0.0145677 0.00770457 -13.3462 13.3423 -0.00391696
244.685 -0.0145676 0.0077044 -13.3532 13.3493 -0.00391318
244.697 -0.0145673 0.0077046 -13.3602 13.3563 -0.0039091
244.708 -0.014567 0.00770573 -13.3671 13.3632 -0.00390385
244.719 -0.0145682 0.00770666 -13.3741 13.3702 -0.00389943
244.73 -0.0145687 0.0077072 -13.381 13.3771 -0.00389489
244.742 -0.0145687 0.007707 -13.3879 13.384 -0.00389089
244.753 -0.0145691 0.00770647 -13.3947 13.3908 -0.00388661
244.764 -0.0145701 0.00770707 -13.4016 13.3977 -0.00388158
244.775 -0.0145702 0.00770749 -13.4084 13.4045 -0.00387613
244.787 -0.0145709 0.00770783 -13.4151 13.4113 -0.00387171
244.798 -0.0145709 0.00770825 -13.422 13.4181 -0.00386762
244.809 -0.0145715 0.00770927 -13.4287 13.4249 -0.00386209
244.82 -0.0145719 0.00770996 -13.4354 13.4315 -0.00385722
244.831 -0.014572 0.00771088 -13.442 13.4382 -0.00385245
244.843 -0.0145729 0.00771171 -13.4487 13.4448 -0.00384728
244.854 -0.0145737 0.0077113 -13.4552 13.4514 -0.00384328
244.865 -0.0145734 0.00771123 -13.4618 13.458 -0.00383919
244.876 -0.0145739 0.00771038 -13.4683 13.4645 -0.0038344
244.888 -0.014574 0.00771066 -13.4748 13.471 -0.00382976
244.899 -0.0145748 0.00771089 -13.4812 13.4774 -0.00382491
244.91 -0.0145752 0.0077113 -13.4876 13.4838 -0.00382052
244.921 -0.0145761 0.00771129 -13.4939 13.4901 -0.00381626
244.933 -0.0145769 0.00771136 -13.5003 13.4964 -0.00381238
244.944 -0.014577 0.00771064 -13.5065 13.5027 -0.00380761
244.955 -0.0145765 0.00771007 -13.5127 13.5089 -0.00380349
244.966 -0.0145764 0.00770949 -13.5189 13.5151 -0.00380005
244.978 -0.0145759 0.00770898 -13.5251 13.5213 -0.00379604
244.989 -0.0145753 0.00770891 -13.5312 13.5274 -0.00379177
245 -0.0145743 0.00770855 -13.5373 13.5335 -0.00378742
245.011 -0.0145742 0.00770844 -13.5432 13.5395 -0.0037829
245.022 -0.0145739 0.00770801 -13.5492 13.5454 -0.00377821
245.034 -0.0145738 0.00770769 -13.5551 13.5514 -0.0037742
245.045 -0.0145739 0.00770717 -13.561 13.5572 -0.00376991
245.056 -0.0145746 0.00770654 -13.5668 13.563 -0.00376618
245.067 -0.0145754 0.00770584 -13.5726 13.5688 -0.00376193
245.079 -0.0145757 0.00770559 -13.5783 13.5745 -0.00375753
245.09 -0.0145765 0.00770504 -13.5839 13.5802 -0.00375368
245.101 -0.014577 0.00770544 -13.5895 13.5858 -0.00374971
245.112 -0.0145772 0.00770449 -13.595 13.5913 -0.00374567
245.124 -0.0145776 0.00770344 -13.6004 13.5966 -0.00374241
245.135 -0.0145783 0.00770229 -13.6058 13.602 -0.00373922
245.146 -0.0145788 0.00770069 -13.6111 13.6073 -0.00373587
245.157 -0.0145793 0.00769979 -13.6164 13.6126 -0.00373242
245.169 -0.014579 0.00769934 -13.6216 13.6179 -0.0037299
245.18 -0.0145789 0.00769822 -13.6267 13.623 -0.00372669
245.191 -0.0145785 0.00769797 -13.6318 13.628 -0.00372506
245.202 -0.0145785 0.00769719 -13.6368 13.633 -0.00372295
245.213 -0.0145783 0.00769617 -13.6416 13.6379 -0.00372036
245.225 -0.0145775 0.00769597 -13.6465 13.6427 -0.00371797
245.236 -0.0145768 0.00769569 -13.6512 13.6475 -0.00371644
245.247 -0.0145763 0.00769501 -13.6559 13.6522 -0.00371385
245.258 -0.0145765 0.00769412 -13.6605 13.6568 -0.00371094
245.27 -0.0145768 0.00769282 -13.6651 13.6614 -0.00370857
245.281 -0.0145771 0.00769123 -13.6696 13.6659 -0.00370545
245.292 -0.0145776 0.00768969 -13.674 13.6703 -0.00370281
245.303 -0.0145779 0.0076885 -13.6783 13.6746 -0.00369995
245.315 -0.0145781 0.00768645 -13.6826 13.6789 -0.0036971
245.326 -0.0145778 0.0076845 -13.6868 13.6831 -0.00369412
245.337 -0.0145778 0.00768322 -13.6909 13.6872 -0.00369146
245.348 -0.0145783 0.00768147 -13.6949 13.6912 -0.00368829
245.36 -0.0145782 0.00768026 -13.6989 13.6952 -0.00368554
245.371 -0.0145784 0.00767952 -13.7028 13.6991 -0.0036834
245.382 -0.0145784 0.00767798 -13.7066 13.7029 -0.00368088
245.393 -0.014579 0.00767695 -13.7104 13.7067 -0.00367771
245.404 -0.0145794 0.00767523 -13.7141 13.7104 -0.00367434
245.416 -0.0145798 0.00767438 -13.7177 13.714 -0.00367076
245.427 -0.0145801 0.00767416 -13.7212 13.7175 -0.00366656
245.438 -0.0145803 0.00767354 -13.7247 13.721 -0.00366226
245.449 -0.0145808 0.00767329 -13.7281 13.7244 -0.00365692
245.461 -0.0145808 0.00767314 -13.7314 13.7278 -0.00365231
245.472 -0.01458 0.00767367 -13.7347 13.7311 -0.00364789
245.483 -0.014579 0.00767414 -13.7379 13.7343 -0.00364319
245.494 -0.0145785 0.00767419 -13.7411 13.7374 -0.00363946
245.506 -0.0145783 0.00767475 -13.7442 13.7405 -0.00363657
245.517 -0.0145781 0.00767554 -13.7472 13.7435 -0.00363435
245.528 -0.0145775 0.00767496 -13.7501 13.7465 -0.00363145
245.539 -0.014577 0.00767427 -13.7529 13.7493 -0.0036289
245.551 -0.0145768 0.00767296 -13.7557 13.7521 -0.00362605
245.562 -0.0145764 0.0076715 -13.7584 13.7548 -0.00362251
245.573 -0.0145759 0.00767075 -13.761 13.7574 -0.00361929
245.584 -0.0145756 0.00766966 -13.7636 13.76 -0.00361589
245.596 -0.0145755 0.0076688 -13.766 13.7624 -0.00361261
245.607 -0.0145756 0.00766834 -13.7684 13.7648 -0.00361035
245.618 -0.0145758 0.00766831 -13.7706 13.767 -0.00360778
245.629 -0.0145756 0.00766773 -13.7728 13.7692 -0.00360469
245.64 -0.014575 0.00766679 -13.7749 13.7713 -0.00360194
245.652 -0.0145748 0.00766599 -13.7769 13.7733 -0.00359847
245.663 -0.014575 0.00766506 -13.7788 13.7753 -0.00359465
245.674 -0.0145744 0.00766453 -13.7807 13.7771 -0.00359121
245.685 -0.0145739 0.00766378 -13.7825 13.7789 -0.00358695
245.697 -0.0145734 0.00766342 -13.7842 13.7806 -0.00358309
245.708 -0.014573 0.00766221 -13.7858 13.7822 -0.00358056
245.719 -0.014572 0.00766177 -13.7873 13.7837 -0.00357687
245.73 -0.0145712 0.00766104 -13.7887 13.7851 -0.00357338
245.742 -0.0145699 0.00766013 -13.7901 13.7865 -0.00357033
245.753 -0.0145689 0.0076589 -13.7913 13.7877 -0.00356687
245.764 -0.0145672 0.00765776 -13.7925 13.7889 -0.00356325
245.775 -0.0145663 0.0076569 -13.7936 13.79 -0.00356003
245.787 -0.0145653 0.00765636 -13.7945 13.791 -0.00355636
245.798 -0.0145637 0.00765574 -13.7954 13.7918 -0.00355293
245.809 -0.0145623 0.0076558 -13.7962 13.7927 -0.00354975
245.82 -0.0145615 0.00765612 -13.7969 13.7933 -0.00354646
245.831 -0.0145607 0.00765594 -13.7975 13.7939 -0.00354365
245.843 -0.0145609 0.00765594 -13.798 13.7944 -0.00354135
245.854 -0.014561 0.00765612 -13.7983 13.7947 -0.00353786
245.865 -0.014561 0.00765576 -13.7985 13.795 -0.00353472
245.876 -0.0145603 0.00765576 -13.7987 13.7952 -0.00353168
245.888 -0.0145594 0.00765499 -13.7987 13.7952 -0.00352763
245.899 -0.0145592 0.00765367 -13.7987 13.7952 -0.00352376
245.91 -0.0145579 0.00765242 -13.7986 13.7951 -0.00352075
245.921 -0.0145575 0.00765134 -13.7984 13.7948 -0.00351794
245.933 -0.0145569 0.00765073 -13.798 13.7945 -0.00351486
245.944 -0.0145567 0.00764999 -13.7976 13.7941 -0.00351309
245.955 -0.014556 0.00764951 -13.7971 13.7936 -0.0035101
245.966 -0.0145557 0.00764917 -13.7965 13.793 -0.00350642
245.978 -0.0145549 0.00764914 -13.7959 13.7924 -0.00350323
245.989 -0.0145549 0.00764903 -13.7951 13.7916 -0.00349982
246 -0.0145535 0.00764868 -13.7943 13.7908 -0.00349588
246.011 -0.0145524 0.00764766 -13.7934 13.7899 -0.00349329
246.022 -0.0145516 0.00764721 -13.7923 13.7889 -0.00349053
246.034 -0.0145505 0.00764703 -13.7912 13.7878 -0.00348754
246.045 -0.0145484 0.00764634 -13.7901 13.7866 -0.00348464
246.056 -0.0145468 0.00764524 -13.7888 13.7853 -0.00348187
246.067 -0.014546 0.0076443 -13.7875 13.784 -0.00347943
246.079 -0.0145444 0.00764328 -13.7861 13.7826 -0.00347728
246.09 -0.0145435 0.00764236 -13.7846 13.7811 -0.0034753
246.101 -0.0145423 0.00764101 -13.7831 13.7796 -0.00347287
246.112 -0.0145416 0.00763983 -13.7815 13.778 -0.00347196
246.124 -0.0145408 0.00763932 -13.7798 13.7763 -0.00346886
246.135 -0.0145399 0.00763841 -13.778 13.7745 -0.00346683
246.146 -0.014539 0.007637 -13.7762 13.7727 -0.00346452
246.157 -0.0145376 0.00763537 -13.7743 13.7709 -0.00346224
246.169 -0.0145366 0.00763479 -13.7724 13.7689 -0.00346012
246.18 -0.0145352 0.00763389 -13.7704 13.7669 -0.00345848
246.191 -0.0145342 0.00763345 -13.7683 13.7649 -0.00345564
246.202 -0.0145332 0.00763248 -13.7662 13.7627 -0.00345305
246.213 -0.0145313 0.00763129 -13.7641 13.7606 -0.00345058
246.225 -0.0145294 0.00763087 -13.7618 13.7584 -0.00344804
246.236 -0.0145277 0.0076311 -13.7596 13.7561 -0.0034464
246.247 -0.0145261 0.00763148 -13.7573 13.7538 -0.00344441
246.258 -0.0145243 0.00763111 -13.7549 13.7514 -0.00344148
246.27 -0.0145226 0.00763156 -13.7524 13.749 -0.00343866
246.281 -0.0145203 0.00763147 -13.75 13.7465 -0.0034356
246.292 -0.0145183 0.00763159 -13.7474 13.744 -0.00343195
246.303 -0.014517 0.0076319 -13.7449 13.7414 -0.00342949
246.315 -0.0145154 0.00763191 -13.7422 13.7388 -0.00342661
246.326 -0.0145133 0.00763167 -13.7395 13.7361 -0.00342352
246.337 -0.0145117 0.00763147 -13.7368 13.7334 -0.00342174
246.348 -0.0145103 0.00763127 -13.7341 13.7306 -0.00341929
246.36 -0.0145096 0.00763093 -13.7312 13.7278 -0.00341537
246.371 -0.0145083 0.00763007 -13.7284 13.7249 -0.00341213
246.382 -0.0145074 0.00762943 -13.7255 13.7221 -0.00340904
246.393 -0.0145069 0.00762851 -13.7226 13.7191 -0.00340601
246.404 -0.0145063 0.00762772 -13.7196 13.7162 -0.00340221
246.416 -0.0145051 0.00762693 -13.7166 13.7132 -0.00339984
246.427 -0.0145042 0.00762603 -13.7135 13.7101 -0.00339688
246.438 -0.0145024 0.00762484 -13.7104 13.7071 -0.00339322
246.449 -0.0145014 0.00762373 -13.7074 13.704 -0.00339027
246.461 -0.0144994 0.00762276 -13.7042 13.7008 -0.00338783
246.472 -0.0144975 0.00762249 -13.701 13.6977 -0.00338561
246.483 -0.0144956 0.0076214 -13.6979 13.6945 -0.0033838
246.494 -0.0144936 0.00761977 -13.6946 13.6912 -0.00338149
246.506 -0.0144916 0.00761881 -13.6914 13.688 -0.00337858
246.517 -0.0144893 0.00761822 -13.6881 13.6848 -0.00337593
246.528 -0.0144874 0.00761794 -13.6849 13.6815 -0.00337292
246.539 -0.0144863 0.00761817 -13.6815 13.6782 -0.00337057
246.551 -0.014485 0.00761773 -13.6782 13.6749 -0.0033689
246.562 -0.0144837 0.00761741 -13.6749 13.6715 -0.00336646
246.573 -0.014482 0.00761694 -13.6715 13.6681 -0.00336349
246.584 -0.0144796 0.00761613 -13.6681 13.6648 -0.0033611
246.596 -0.0144783 0.00761589 -13.6647 13.6613 -0.00335782
246.607 -0.0144759 0.00761531 -13.6613 13.6579 -0.00335446
246.618 -0.0144741 0.00761505 -13.6579 13.6545 -0.00335126
246.629 -0.0144728 0.00761445 -13.6544 13.6511 -0.00334813
246.64 -0.0144718 0.0076133 -13.651 13.6476 -0.00334586
246.652 -0.0144707 0.00761193 -13.6475 13.6442 -0.00334255
246.663 -0.0144693 0.00761169 -13.644 13.6407 -0.00333901
246.674 -0.0144682 0.0076104 -13.6406 13.6373 -0.00333565
246.685 -0.0144669 0.00760942 -13.6372 13.6338 -0.00333304
246.697 -0.0144663 0.00760817 -13.6337 13.6304 -0.00332996
246.708 -0.0144657 0.00760761 -13.6302 13.6269 -0.00332731
246.719 -0.0144657 0.00760757 -13.6268 13.6235 -0.00332477
246.73 -0.0144649 0.00760721 -13.6233 13.62 -0.00332136
246.742 -0.0144636 0.00760656 -13.6199 13.6166 -0.00331814
246.753 -0.0144618 0.00760613 -13.6165 13.6132 -0.00331549
246.764 -0.01446 0.00760459 -13.6131 13.6098 -0.00331243
246.775 -0.0144584 0.00760327 -13.6097 13.6064 -0.00331005
246.787 -0.0144566 0.00760191 -13.6063 13.603 -0.00330835
246.798 -0.0144547 0.00760028 -13.6029 13.5995 -0.00330553
246.809 -0.0144527 0.00759845 -13.5995 13.5962 -0.00330277
246.82 -0.0144508 0.00759662 -13.5961 13.5928 -0.00330057
246.831 -0.0144501 0.00759506 -13.5928 13.5895 -0.00329784
246.843 -0.0144487 0.00759353 -13.5894 13.5861 -0.00329484
246.854 -0.0144479 0.00759283 -13.5861 13.5829 -0.00329203
246.865 -0.0144459 0.00759245 -13.5829 13.5796 -0.00328913
246.876 -0.0144437 0.00759157 -13.5796 13.5763 -0.00328562
246.888 -0.0144412 0.00759068 -13.5764 13.5731 -0.00328248
246.899 -0.0144395 0.00759112 -13.5732 13.5699 -0.00327905
246.91 -0.0144379 0.00759098 -13.57 13.5667 -0.00327656
246.921 -0.0144365 0.00759026 -13.5668 13.5635 -0.00327356
246.933 -0.0144346 0.0075887 -13.5636 13.5604 -0.00327097
246.944 -0.0144329 0.00758821 -13.5605 13.5572 -0.00326859
246.955 -0.0144309 0.00758811 -13.5573 13.5541 -0.00326669
246.966 -0.0144298 0.00758819 -13.5542 13.551 -0.00326424
246.978 -0.0144278 0.00758794 -13.5511 13.5479 -0.00326195
246.989 -0.014426 0.00758791 -13.5481 13.5448 -0.00326013
247 -0.0144241 0.00758859 -13.5451 13.5418 -0.00325866
247.011 -0.0144224 0.00758939 -13.542 13.5388 -0.00325758
247.022 -0.0144197 0.00758984 -13.5391 13.5358 -0.00325648
247.034 -0.0144177 0.00758957 -13.5361 13.5329 -0.00325311
247.045 -0.014415 0.00758897 -13.5332 13.53 -0.00324983
247.056 -0.0144126 0.00758801 -13.5304 13.5272 -0.00324723
247.067 -0.0144105 0.0075868 -13.5276 13.5243 -0.00324499
247.079 -0.0144093 0.00758603 -13.5248 13.5215 -0.00324226
247.09 -0.014408 0.00758502 -13.5221 13.5188 -0.00323942
247.101 -0.0144067 0.00758365 -13.5194 13.5161 -0.00323598
247.112 -0.0144054 0.00758292 -13.5168 13.5135 -0.00323311
247.124 -0.0144037 0.00758172 -13.5142 13.511 -0.00323115
247.135 -0.014402 0.00758094 -13.5117 13.5085 -0.00322892
247.146 -0.0144007 0.00757954 -13.5092 13.506 -0.00322646
247.157 -0.0143995 0.00757805 -13.5068 13.5036 -0.00322431
247.169 -0.0143971 0.00757638 -13.5044 13.5012 -0.00322052
247.18 -0.0143952 0.00757499 -13.5021 13.4988 -0.00321635
247.191 -0.0143926 0.00757346 -13.4998 13.4966 -0.00321369
247.202 -0.0143905 0.0075724 -13.4975 13.4943 -0.00321141
247.213 -0.0143891 0.00757151 -13.4953 13.492 -0.00320942
247.225 -0.0143873 0.00757092 -13.4931 13.4899 -0.003207
247.236 -0.0143855 0.00757016 -13.4909 13.4877 -0.00320475
247.247 -0.0143837 0.00756929 -13.4888 13.4856 -0.00320252
247.258 -0.014382 0.00756859 -13.4867 13.4835 -0.00320035
247.27 -0.0143798 0.00756871 -13.4846 13.4814 -0.00319795
247.281 -0.0143781 0.00756846 -13.4826 13.4794 -0.00319564
247.292 -0.0143769 0.00756854 -13.4807 13.4775 -0.00319341
247.303 -0.0143767 0.00756858 -13.4787 13.4755 -0.00319155
247.315 -0.0143756 0.00756765 -13.4768 13.4736 -0.00318877
247.326 -0.0143743 0.00756648 -13.475 13.4718 -0.00318665
247.337 -0.0143721 0.00756534 -13.4732 13.47 -0.00318295
247.348 -0.0143694 0.00756498 -13.4714 13.4683 -0.00317945
247.36 -0.0143665 0.00756457 -13.4697 13.4665 -0.00317707
247.371 -0.0143639 0.00756395 -13.468 13.4649 -0.00317452
247.382 -0.0143617 0.00756306 -13.4664 13.4633 -0.00317153
247.393 -0.0143595 0.00756244 -13.4649 13.4617 -0.00316833
247.404 -0.0143569 0.00756162 -13.4633 13.4602 -0.00316478
247.416 -0.0143536 0.00756099 -13.4619 13.4587 -0.00316062
247.427 -0.0143511 0.00756051 -13.4605 13.4573 -0.00315783
247.438 -0.0143489 0.00756006 -13.4591 13.4559 -0.00315457
247.449 -0.0143472 0.0075598 -13.4577 13.4546 -0.00315228
247.461 -0.0143464 0.00755976 -13.4564 13.4533 -0.00315063
247.472 -0.0143447 0.00755829 -13.4552 13.452 -0.00314682
247.483 -0.0143432 0.00755697 -13.454 13.4508 -0.00314259
247.494 -0.0143423 0.00755574 -13.4528 13.4497 -0.00313918
247.506 -0.01434 0.0075546 -13.4517 13.4485 -0.00313537
247.517 -0.014338 0.00755356 -13.4506 13.4475 -0.00313193
247.528 -0.0143358 0.00755265 -13.4496 13.4464 -0.00312818
247.539 -0.0143333 0.00755196 -13.4485 13.4454 -0.00312426
247.551 -0.0143316 0.00755117 -13.4476 13.4445 -0.00312112
247.562 -0.0143298 0.00755112 -13.4467 13.4436 -0.0031181
247.573 -0.0143286 0.00755133 -13.4458 13.4427 -0.00311536
247.584 -0.0143272 0.00755192 -13.445 13.4419 -0.00311215
247.596 -0.0143248 0.00755198 -13.4442 13.4411 -0.00310879
247.607 -0.0143231 0.00755136 -13.4435 13.4404 -0.00310454
247.618 -0.0143212 0.00755028 -13.4428 13.4397 -0.00310044
247.629 -0.014319 0.00755009 -13.4422 13.4391 -0.0030971
247.64 -0.014316 0.0075489 -13.4416 13.4385 -0.0030923
247.652 -0.0143139 0.00754747 -13.441 13.4379 -0.00308757
247.663 -0.0143117 0.00754681 -13.4405 13.4374 -0.00308465
247.674 -0.0143099 0.00754515 -13.4399 13.4368 -0.00308015
247.685 -0.0143081 0.00754393 -13.4394 13.4363 -0.00307716
247.697 -0.0143058 0.00754252 -13.439 13.4359 -0.00307416
247.708 -0.0143034 0.00754107 -13.4386 13.4355 -0.00307104
247.719 -0.0143011 0.00753908 -13.4382 13.4351 -0.00306652
247.73 -0.0142997 0.00753816 -13.4379 13.4349 -0.00306226
247.742 -0.014299 0.00753695 -13.4377 13.4346 -0.00305769
247.753 -0.014298 0.00753592 -13.4374 13.4344 -0.00305337
247.764 -0.0142965 0.00753468 -13.4373 13.4342 -0.00304963
247.775 -0.0142956 0.00753272 -13.4371 13.434 -0.0030458
247.787 -0.0142947 0.00753149 -13.4369 13.4339 -0.00304231
247.798 -0.0142935 0.00753046 -13.4368 13.4338 -0.00303981
247.809 -0.0142926 0.00752971 -13.4367 13.4337 -0.00303686
247.82 -0.014292 0.00752863 -13.4367 13.4337 -0.00303389
247.831 -0.0142911 0.00752724 -13.4367 13.4337 -0.00303079
247.843 -0.0142893 0.00752551 -13.4367 13.4337 -0.00302664
247.854 -0.0142872 0.00752485 -13.4368 13.4337 -0.00302111
247.865 -0.0142851 0.00752444 -13.4369 13.4339 -0.00301628
247.876 -0.0142836 0.00752402 -13.437 13.434 -0.00301246
247.888 -0.0142822 0.00752342 -13.4372 13.4342 -0.00300887
247.899 -0.0142813 0.00752228 -13.4374 13.4343 -0.00300533
247.91 -0.0142796 0.00752123 -13.4375 13.4345 -0.0030009
247.921 -0.0142782 0.00751974 -13.4378 13.4348 -0.00299623
247.933 -0.0142769 0.00751832 -13.438 13.435 -0.00299174
247.944 -0.0142759 0.00751603 -13.4383 13.4353 -0.00298747
247.955 -0.0142743 0.00751392 -13.4385 13.4356 -0.00298393
247.966 -0.0142717 0.00751187 -13.4389 13.4359 -0.00298003
247.978 -0.0142705 0.00751112 -13.4392 13.4362 -0.00297585
247.989 -0.0142688 0.00750995 -13.4395 13.4366 -0.00297113
248 -0.0142664 0.00750944 -13.4399 13.4369 -0.00296702
248.011 -0.0142642 0.00750781 -13.4403 13.4373 -0.00296284
248.022 -0.0142621 0.00750678 -13.4406 13.4377 -0.00295914
248.034 -0.0142598 0.00750579 -13.441 13.4381 -0.00295572
248.045 -0.014258 0.00750519 -13.4414 13.4385 -0.00295301
248.056 -0.0142566 0.00750467 -13.4418 13.4389 -0.0029507
248.067 -0.0142551 0.00750412 -13.4423 13.4393 -0.00294813
248.079 -0.0142546 0.00750335 -13.4427 13.4397 -0.00294571
248.09 -0.0142536 0.00750202 -13.4431 13.4401 -0.00294332
248.101 -0.014253 0.00750098 -13.4435 13.4406 -0.00294063
248.112 -0.0142525 0.00750024 -13.4439 13.441 -0.00293841
248.124 -0.0142518 0.00749946 -13.4444 13.4414 -0.00293569
248.135 -0.0142508 0.00749873 -13.4448 13.4418 -0.00293321
248.146 -0.0142503 0.00749705 -13.4452 13.4423 -0.00293025
248.157 -0.0142495 0.00749488 -13.4456 13.4427 -0.00292684
248.169 -0.0142484 0.0074926 -13.446 13.4431 -0.00292301
248.18 -0.0142472 0.00748955 -13.4464 13.4434 -0.00291876
248.191 -0.0142465 0.0074867 -13.4467 13.4438 -0.00291516
248.202 -0.0142447 0.00748433 -13.4471 13.4442 -0.00291127
248.213 -0.0142431 0.0074822 -13.4475 13.4446 -0.00290711
248.225 -0.0142421 0.0074804 -13.4479 13.445 -0.00290286
248.236 -0.0142413 0.00747908 -13.4483 13.4454 -0.00289929
248.247 -0.0142394 0.00747752 -13.4487 13.4458 -0.0028946
248.258 -0.0142374 0.00747563 -13.4491 13.4463 -0.00288927
248.27 -0.0142354 0.00747267 -13.4496 13.4467 -0.00288414
248.281 -0.014235 0.00747036 -13.4501 13.4472 -0.00288026
248.292 -0.0142352 0.00746803 -13.4506 13.4477 -0.00287721
248.303 -0.0142352 0.00746573 -13.4511 13.4482 -0.00287535
248.315 -0.014235 0.00746334 -13.4515 13.4486 -0.00287269
248.326 -0.0142347 0.00746214 -13.452 13.4491 -0.00286972
248.337 -0.0142342 0.00746018 -13.4525 13.4496 -0.00286637
248.348 -0.0142337 0.00745845 -13.4529 13.4501 -0.00286256
248.36 -0.0142339 0.00745665 -13.4534 13.4506 -0.00285865
248.371 -0.0142331 0.00745618 -13.4539 13.4511 -0.00285677
248.382 -0.014233 0.00745568 -13.4544 13.4515 -0.00285406
248.393 -0.0142327 0.00745501 -13.4549 13.452 -0.00285197
248.404 -0.0142318 0.00745338 -13.4554 13.4525 -0.00284924
248.416 -0.0142312 0.00745204 -13.4558 13.453 -0.00284472
248.427 -0.0142303 0.00745024 -13.4563 13.4535 -0.00284124
248.438 -0.01423 0.00744826 -13.4568 13.454 -0.00283772
248.449 -0.0142295 0.00744653 -13.4572 13.4544 -0.00283382
248.461 -0.0142296 0.00744394 -13.4577 13.4549 -0.00283084
248.472 -0.0142299 0.00744152 -13.4582 13.4554 -0.00282849
248.483 -0.0142304 0.00743935 -13.4587 13.4558 -0.00282571
248.494 -0.0142304 0.00743691 -13.4591 13.4563 -0.00282279
248.506 -0.0142307 0.00743446 -13.4596 13.4568 -0.00282015
248.517 -0.0142318 0.00743188 -13.46 13.4572 -0.0028175
248.528 -0.014231 0.00742938 -13.4605 13.4577 -0.00281367
248.539 -0.01423 0.00742656 -13.461 13.4582 -0.00281066
248.551 -0.0142296 0.00742429 -13.4615 13.4587 -0.00280725
248.562 -0.0142299 0.00742188 -13.462 13.4592 -0.00280437
248.573 -0.0142299 0.00742008 -13.4625 13.4597 -0.00280173
248.584 -0.0142302 0.00741793 -13.463 13.4602 -0.00279897
248.596 -0.0142304 0.00741607 -13.4635 13.4607 -0.002796
248.607 -0.0142301 0.00741468 -13.4641 13.4613 -0.00279334
248.618 -0.0142293 0.00741332 -13.4646 13.4618 -0.00279075
248.629 -0.0142289 0.00741227 -13.4652 13.4624 -0.00278798
248.64 -0.0142278 0.00741039 -13.4658 13.463 -0.00278424
248.652 -0.0142278 0.00740842 -13.4663 13.4636 -0.0027807
248.663 -0.0142276 0.00740703 -13.4669 13.4642 -0.0027778
248.674 -0.014227 0.00740525 -13.4676 13.4648 -0.00277554
248.685 -0.0142268 0.00740341 -13.4682 13.4654 -0.00277296
248.697 -0.014227 0.0074012 -13.4688 13.466 -0.00276982
248.708 -0.0142271 0.00739835 -13.4694 13.4666 -0.00276859
248.719 -0.0142278 0.00739639 -13.47 13.4673 -0.00276673
248.73 -0.0142289 0.00739361 -13.4707 13.4679 -0.00276463
248.742 -0.0142299 0.00739032 -13.4714 13.4686 -0.0027621
248.753 -0.014231 0.00738699 -13.4721 13.4693 -0.00275909
248.764 -0.0142323 0.0073829 -13.4728 13.4701 -0.00275556
248.775 -0.0142331 0.00737953 -13.4736 13.4708 -0.00275233
248.787 -0.0142342 0.00737632 -13.4743 13.4716 -0.00274878
248.798 -0.014234 0.00737318 -13.4751 13.4724 -0.0027449
248.809 -0.0142349 0.00737042 -13.476 13.4732 -0.00274257
248.82 -0.0142357 0.00736835 -13.4768 13.474 -0.00273931
248.831 -0.0142366 0.00736631 -13.4777 13.4749 -0.00273636
248.843 -0.0142374 0.00736499 -13.4786 13.4759 -0.00273278
248.854 -0.0142374 0.00736355 -13.4795 13.4768 -0.00272891
248.865 -0.0142376 0.00736202 -13.4805 13.4777 -0.00272497
248.876 -0.0142375 0.00735965 -13.4815 13.4788 -0.00272112
248.888 -0.0142378 0.00735744 -13.4825 13.4798 -0.00271693
248.899 -0.0142378 0.00735559 -13.4836 13.4809 -0.00271419
248.91 -0.0142373 0.0073536 -13.4847 13.482 -0.00271074
248.921 -0.0142375 0.00735219 -13.4858 13.4831 -0.00270697
248.933 -0.0142378 0.00735152 -13.487 13.4843 -0.0027036
248.944 -0.0142387 0.00735064 -13.4882 13.4855 -0.00270063
248.955 -0.0142394 0.00734927 -13.4894 13.4867 -0.00269761
248.966 -0.0142403 0.00734843 -13.4906 13.4879 -0.00269463
248.978 -0.0142404 0.00734644 -13.4919 13.4892 -0.00269096
248.989 -0.01424 0.00734483 -13.4932 13.4905 -0.00268706
249 -0.0142402 0.00734227 -13.4945 13.4918 -0.00268327
249.011 -0.0142405 0.0073399 -13.4959 13.4932 -0.00267974
249.022 -0.0142413 0.00733689 -13.4973 13.4946 -0.00267491
249.034 -0.0142412 0.00733341 -13.4987 13.496 -0.00267094
249.045 -0.0142409 0.00732978 -13.5001 13.4974 -0.00266787
249.056 -0.0142405 0.00732637 -13.5015 13.4988 -0.00266437
249.067 -0.0142401 0.00732289 -13.503 13.5003 -0.00266094
249.079 -0.014239 0.00732008 -13.5045 13.5019 -0.0026579
249.09 -0.0142387 0.00731685 -13.506 13.5034 -0.00265448
249.101 -0.0142383 0.00731397 -13.5076 13.5049 -0.00265162
249.112 -0.0142375 0.00731069 -13.5092 13.5066 -0.0026487
249.124 -0.0142365 0.00730769 -13.5108 13.5082 -0.00264539
249.135 -0.0142351 0.00730482 -13.5125 13.5098 -0.00264183
249.146 -0.0142336 0.00730208 -13.5142 13.5115 -0.0026383
249.157 -0.0142322 0.0072989 -13.5159 13.5132 -0.00263346
249.169 -0.0142315 0.00729609 -13.5176 13.515 -0.00263065
249.18 -0.0142311 0.00729278 -13.5194 13.5167 -0.0026277
249.191 -0.0142308 0.0072902 -13.5211 13.5185 -0.00262499
249.202 -0.0142299 0.00728711 -13.5229 13.5203 -0.00262202
249.213 -0.0142299 0.007284 -13.5247 13.5221 -0.0026187
249.225 -0.0142298 0.00728195 -13.5266 13.5239 -0.00261573
249.236 -0.0142303 0.00728102 -13.5284 13.5258 -0.00261389
249.247 -0.014231 0.00727975 -13.5303 13.5277 -0.00261144
249.258 -0.0142313 0.00727787 -13.5322 13.5296 -0.00260762
249.27 -0.0142318 0.0072759 -13.5341 13.5315 -0.00260397
249.281 -0.0142323 0.00727434 -13.5361 13.5335 -0.00260062
249.292 -0.0142326 0.00727241 -13.538 13.5354 -0.00259709
249.303 -0.0142324 0.0072708 -13.54 13.5374 -0.00259378
249.315 -0.0142322 0.00726897 -13.5421 13.5395 -0.00259077
249.326 -0.0142316 0.00726667 -13.5441 13.5416 -0.00258744
249.337 -0.0142307 0.00726451 -13.5462 13.5436 -0.0025836
249.348 -0.0142301 0.00726283 -13.5483 13.5457 -0.00257962
249.36 -0.01423 0.00726104 -13.5504 13.5479 -0.00257581
249.371 -0.0142299 0.00725874 -13.5526 13.55 -0.00257252
249.382 -0.0142294 0.00725703 -13.5548 13.5522 -0.00257012
249.393 -0.0142283 0.00725522 -13.557 13.5544 -0.00256686
249.404 -0.0142276 0.00725343 -13.5591 13.5566 -0.00256462
249.416 -0.0142273 0.00725156 -13.5614 13.5588 -0.00256252
249.427 -0.0142264 0.00724977 -13.5636 13.561 -0.00255996
249.438 -0.0142256 0.00724712 -13.5658 13.5632 -0.00255606
249.449 -0.0142242 0.00724462 -13.568 13.5655 -0.00255194
249.461 -0.0142236 0.00724195 -13.5703 13.5677 -0.0025481
249.472 -0.0142231 0.00723942 -13.5725 13.57 -0.00254399
249.483 -0.0142218 0.00723621 -13.5748 13.5722 -0.00254024
249.494 -0.0142212 0.00723304 -13.577 13.5745 -0.00253597
249.506 -0.0142207 0.00723079 -13.5793 13.5768 -0.00253213
249.517 -0.0142202 0.00722826 -13.5816 13.5791 -0.00252811
249.528 -0.0142203 0.00722448 -13.5839 13.5813 -0.00252286
249.539 -0.0142209 0.00722052 -13.5862 13.5836 -0.00251824
249.551 -0.0142216 0.00721704 -13.5885 13.586 -0.00251413
249.562 -0.014222 0.00721391 -13.5908 13.5882 -0.00250959
249.573 -0.0142222 0.00721085 -13.593 13.5905 -0.0025063
249.584 -0.014222 0.00720782 -13.5953 13.5928 -0.00250377
249.596 -0.0142215 0.00720433 -13.5976 13.5951 -0.00250031
249.607 -0.0142208 0.00720099 -13.5999 13.5974 -0.00249653
249.618 -0.0142205 0.00719765 -13.6022 13.5997 -0.00249269
249.629 -0.0142209 0.00719356 -13.6045 13.602 -0.00248791
249.64 -0.0142212 0.00719007 -13.6068 13.6043 -0.00248361
249.652 -0.0142215 0.00718753 -13.6091 13.6066 -0.00248041
249.663 -0.0142221 0.00718361 -13.6114 13.6089 -0.00247713
249.674 -0.0142215 0.00717997 -13.6137 13.6112 -0.00247326
249.685 -0.0142209 0.00717794 -13.616 13.6136 -0.00246825
249.697 -0.0142197 0.00717618 -13.6184 13.6159 -0.00246357
249.708 -0.014219 0.00717382 -13.6207 13.6182 -0.00245877
249.719 -0.0142186 0.00717209 -13.623 13.6206 -0.0024543
249.73 -0.0142185 0.00716988 -13.6254 13.6229 -0.00244998
249.742 -0.0142179 0.00716752 -13.6277 13.6253 -0.00244603
249.753 -0.0142171 0.00716605 -13.6301 13.6276 -0.00244242
249.764 -0.014216 0.00716443 -13.6324 13.6299 -0.00243846
249.775 -0.0142164 0.00716307 -13.6347 13.6322 -0.00243502
249.787 -0.0142167 0.00716123 -13.637 13.6345 -0.00243146
249.798 -0.0142163 0.00715932 -13.6392 13.6368 -0.00242784
249.809 -0.0142165 0.00715744 -13.6415 13.6391 -0.00242366
249.82 -0.0142171 0.00715537 -13.6438 13.6413 -0.00241969
249.831 -0.0142178 0.00715318 -13.646 13.6436 -0.00241596
249.843 -0.0142182 0.0071517 -13.6482 13.6458 -0.00241213
249.854 -0.0142185 0.0071501 -13.6504 13.648 -0.00240753
249.865 -0.014218 0.00714854 -13.6525 13.6501 -0.00240322
249.876 -0.0142176 0.00714627 -13.6547 13.6523 -0.00239905
249.888 -0.0142176 0.00714389 -13.6568 13.6544 -0.00239456
249.899 -0.0142176 0.00714187 -13.6589 13.6565 -0.0023901
249.91 -0.0142178 0.00713941 -13.661 13.6586 -0.00238625
249.921 -0.0142177 0.00713656 -13.663 13.6606 -0.00238264
249.933 -0.0142176 0.00713411 -13.665 13.6626 -0.00237837
249.944 -0.0142181 0.00713174 -13.6669 13.6646 -0.00237508
249.955 -0.0142179 0.00712969 -13.6689 13.6665 -0.00237098
249.966 -0.0142175 0.00712738 -13.6707 13.6684 -0.00236736
249.978 -0.0142167 0.00712478 -13.6726 13.6702 -0.00236342
249.989 -0.0142156 0.00712201 -13.6744 13.6721 -0.00235925
250 -0.0142149 0.0071193 -13.6761 13.6738 -0.00235478
250.011 -0.0142144 0.00711604 -13.6778 13.6755 -0.00234998
250.022 -0.0142134 0.00711345 -13.6795 13.6772 -0.00234649
250.034 -0.0142122 0.00711086 -13.6811 13.6788 -0.00234219
250.045 -0.0142112 0.00710848 -13.6827 13.6804 -0.00233858
250.056 -0.0142102 0.00710613 -13.6842 13.6819 -0.00233534
250.067 -0.0142096 0.00710304 -13.6857 13.6833 -0.00233207
250.079 -0.0142094 0.00709996 -13.6871 13.6847 -0.00232896
250.09 -0.014209 0.00709731 -13.6884 13.6861 -0.00232519
250.101 -0.0142092 0.00709451 -13.6897 13.6874 -0.00232105
250.112 -0.0142103 0.00709166 -13.691 13.6887 -0.00231706
250.124 -0.014211 0.00708884 -13.6922 13.6899 -0.00231278
250.135 -0.014211 0.00708627 -13.6934 13.6911 -0.00230784
250.146 -0.0142111 0.00708317 -13.6945 13.6922 -0.00230407
250.157 -0.0142112 0.00708077 -13.6957 13.6934 -0.0023002
250.169 -0.0142114 0.00707834 -13.6967 13.6944 -0.0022959
250.18 -0.0142119 0.00707626 -13.6978 13.6955 -0.00229139
250.191 -0.0142124 0.00707475 -13.6988 13.6965 -0.00228732
250.202 -0.014213 0.00707257 -13.6997 13.6974 -0.00228279
250.213 -0.0142137 0.00707045 -13.7007 13.6984 -0.00227841
250.225 -0.0142142 0.00706866 -13.7016 13.6993 -0.00227297
250.236 -0.0142147 0.00706689 -13.7024 13.7002 -0.00226772
250.247 -0.0142156 0.00706505 -13.7032 13.701 -0.00226274
250.258 -0.0142161 0.00706349 -13.704 13.7018 -0.00225766
250.27 -0.0142166 0.00706148 -13.7048 13.7025 -0.00225318
250.281 -0.0142171 0.00706012 -13.7055 13.7032 -0.0022492
250.292 -0.0142169 0.00705854 -13.7062 13.7039 -0.00224394
250.303 -0.0142168 0.00705729 -13.7068 13.7045 -0.00223931
250.315 -0.0142177 0.00705636 -13.7074 13.7051 -0.00223491
250.326 -0.0142188 0.00705566 -13.7079 13.7057 -0.00223148
250.337 -0.0142199 0.0070544 -13.7084 13.7062 -0.00222799
250.348 -0.0142205 0.00705339 -13.7089 13.7066 -0.00222441
250.36 -0.0142205 0.00705152 -13.7093 13.7071 -0.00221964
250.371 -0.0142201 0.00705012 -13.7097 13.7075 -0.0022149
250.382 -0.0142195 0.0070488 -13.71 13.7078 -0.00221044
250.393 -0.0142191 0.00704786 -13.7103 13.7081 -0.00220607
250.404 -0.0142182 0.00704692 -13.7105 13.7083 -0.00220136
250.416 -0.014218 0.00704585 -13.7107 13.7085 -0.0021964
250.427 -0.0142173 0.0070455 -13.7108 13.7086 -0.00219219
250.438 -0.0142175 0.0070456 -13.7109 13.7087 -0.00218721
250.449 -0.0142175 0.00704541 -13.7109 13.7087 -0.002183
250.461 -0.0142187 0.0070452 -13.7109 13.7087 -0.00217912
250.472 -0.0142198 0.00704474 -13.7108 13.7086 -0.00217479
250.483 -0.0142203 0.00704456 -13.7106 13.7084 -0.00217041
250.494 -0.0142203 0.00704444 -13.7104 13.7082 -0.00216647
250.506 -0.0142202 0.00704414 -13.7101 13.7079 -0.00216211
250.517 -0.0142195 0.00704363 -13.7097 13.7076 -0.00215782
250.528 -0.0142192 0.00704347 -13.7093 13.7072 -0.00215381
250.539 -0.0142188 0.00704305 -13.7088 13.7066 -0.0021493
250.551 -0.0142184 0.00704344 -13.7082 13.7061 -0.00214634
250.562 -0.014218 0.00704432 -13.7076 13.7054 -0.00214294
250.573 -0.0142175 0.00704458 -13.7068 13.7046 -0.00213901
250.584 -0.0142172 0.0070442 -13.7059 13.7038 -0.00213552
250.596 -0.0142165 0.00704345 -13.7051 13.7029 -0.00213165
250.607 -0.0142161 0.00704285 -13.704 13.7019 -0.00212687
250.618 -0.0142158 0.00704195 -13.7029 13.7008 -0.00212158
250.629 -0.0142159 0.00704084 -13.7018 13.6997 -0.00211644
250.64 -0.0142159 0.00704023 -13.7005 13.6984 -0.00211071
250.652 -0.0142161 0.00703988 -13.6992 13.6971 -0.00210527
250.663 -0.0142158 0.0070392 -13.6978 13.6957 -0.00210052
250.674 -0.0142152 0.0070387 -13.6963 13.6942 -0.00209479
250.685 -0.0142156 0.00703804 -13.6947 13.6926 -0.0020898
250.697 -0.0142156 0.00703766 -13.6931 13.691 -0.0020848
250.708 -0.0142149 0.00703751 -13.6914 13.6893 -0.00208046
250.719 -0.0142142 0.00703792 -13.6896 13.6875 -0.00207608
250.73 -0.0142141 0.00703834 -13.6877 13.6856 -0.00207194
250.742 -0.0142128 0.00703945 -13.6857 13.6837 -0.00206819
250.753 -0.014212 0.00704012 -13.6837 13.6816 -0.00206438
250.764 -0.014212 0.00704063 -13.6815 13.6795 -0.00206047
250.775 -0.0142119 0.00704187 -13.6793 13.6772 -0.00205748
250.787 -0.0142125 0.00704256 -13.6769 13.6749 -0.00205418
250.798 -0.0142127 0.00704281 -13.6745 13.6725 -0.00205037
250.809 -0.0142121 0.00704245 -13.672 13.67 -0.00204678
250.82 -0.0142123 0.00704343 -13.6695 13.6674 -0.0020429
250.831 -0.0142128 0.00704419 -13.6668 13.6648 -0.00203978
250.843 -0.0142132 0.00704465 -13.6641 13.662 -0.00203551
250.854 -0.0142135 0.00704447 -13.6612 13.6592 -0.00203106
250.865 -0.0142129 0.00704426 -13.6584 13.6563 -0.00202773
250.876 -0.0142111 0.00704428 -13.6553 13.6533 -0.00202363
250.888 -0.0142097 0.00704397 -13.6523 13.6502 -0.00202031
250.899 -0.0142084 0.00704354 -13.6491 13.6471 -0.00201633
250.91 -0.0142068 0.00704323 -13.6459 13.6439 -0.00201153
250.921 -0.0142055 0.00704319 -13.6426 13.6406 -0.00200689
250.933 -0.0142038 0.00704289 -13.6393 13.6373 -0.00200211
250.944 -0.0142034 0.00704202 -13.6359 13.6339 -0.00199737
250.955 -0.014202 0.0070417 -13.6324 13.6304 -0.00199194
250.966 -0.0142005 0.00704171 -13.6289 13.6269 -0.00198778
250.978 -0.0141999 0.00704144 -13.6253 13.6233 -0.00198379
250.989 -0.0141986 0.00704106 -13.6217 13.6197 -0.00198029
251 -0.0141974 0.00704134 -13.618 13.616 -0.00197703
251.011 -0.0141964 0.00704188 -13.6142 13.6122 -0.00197294
251.022 -0.0141958 0.00704236 -13.6103 13.6083 -0.00196959
251.034 -0.014195 0.00704315 -13.6064 13.6045 -0.00196731
251.045 -0.0141945 0.00704376 -13.6024 13.6004 -0.00196346
251.056 -0.0141946 0.00704463 -13.5983 13.5964 -0.00195975
251.067 -0.014195 0.00704578 -13.5942 13.5922 -0.00195708
251.079 -0.0141946 0.00704585 -13.5899 13.588 -0.00195527
251.09 -0.0141944 0.00704728 -13.5856 13.5836 -0.00195198
251.101 -0.0141932 0.00704772 -13.5812 13.5792 -0.00194903
251.112 -0.0141932 0.00704786 -13.5767 13.5747 -0.00194563
251.124 -0.0141929 0.00704768 -13.5721 13.5701 -0.001942
251.135 -0.0141929 0.00704655 -13.5674 13.5655 -0.00193897
251.146 -0.014192 0.00704571 -13.5627 13.5608 -0.00193647
251.157 -0.0141905 0.00704527 -13.5579 13.5559 -0.00193379
251.169 -0.0141889 0.00704371 -13.553 13.5511 -0.00192977
251.18 -0.0141879 0.0070427 -13.5481 13.5462 -0.0019257
251.191 -0.0141877 0.00704202 -13.5431 13.5412 -0.00192144
251.202 -0.0141873 0.00704153 -13.5381 13.5362 -0.001917
251.213 -0.0141867 0.00704092 -13.533 13.5311 -0.00191206
251.225 -0.0141873 0.00704064 -13.5279 13.526 -0.00190726
251.236 -0.0141877 0.0070403 -13.5227 13.5208 -0.00190256
251.247 -0.0141878 0.00703952 -13.5175 13.5156 -0.00189814
251.258 -0.0141869 0.00703942 -13.5122 13.5103 -0.00189379
251.27 -0.0141863 0.00703868 -13.5069 13.505 -0.00189046
251.281 -0.0141859 0.00703811 -13.5015 13.4997 -0.0018866
251.292 -0.0141865 0.00703867 -13.4961 13.4942 -0.00188321
251.303 -0.0141872 0.00703785 -13.4907 13.4888 -0.0018799
251.315 -0.0141884 0.00703719 -13.4851 13.4832 -0.00187592
251.326 -0.0141886 0.00703723 -13.4795 13.4777 -0.00187175
251.337 -0.0141893 0.00703717 -13.4739 13.4721 -0.00186775
251.348 -0.01419 0.00703742 -13.4682 13.4664 -0.00186402
251.36 -0.0141901 0.00703777 -13.4625 13.4606 -0.00185941
251.371 -0.0141901 0.00703772 -13.4567 13.4549 -0.00185583
251.382 -0.0141897 0.00703699 -13.4509 13.4491 -0.00185191
251.393 -0.0141889 0.00703559 -13.445 13.4432 -0.00184859
251.404 -0.0141888 0.00703464 -13.4391 13.4372 -0.00184531
251.416 -0.0141886 0.00703374 -13.4331 13.4312 -0.00184191
251.427 -0.0141883 0.00703323 -13.427 13.4252 -0.00183894
251.438 -0.0141875 0.0070336 -13.4209 13.4191 -0.0018355
251.449 -0.0141872 0.00703357 -13.4148 13.413 -0.00183167
251.461 -0.0141862 0.00703388 -13.4086 13.4068 -0.00182805
251.472 -0.0141853 0.00703394 -13.4024 13.4006 -0.00182459
251.483 -0.0141849 0.00703376 -13.3962 13.3943 -0.00182074
251.494 -0.0141852 0.00703452 -13.3899 13.3881 -0.00181664
251.506 -0.0141862 0.007035 -13.3837 13.3818 -0.00181376
251.517 -0.0141875 0.00703526 -13.3773 13.3755 -0.00181107
251.528 -0.0141882 0.00703462 -13.371 13.3692 -0.00180857
251.539 -0.014188 0.00703404 -13.3647 13.3629 -0.00180653
251.551 -0.0141879 0.00703316 -13.3584 13.3566 -0.00180463
251.562 -0.0141879 0.0070332 -13.352 13.3502 -0.00180164
251.573 -0.0141877 0.00703275 -13.3457 13.3439 -0.00179944
251.584 -0.0141868 0.00703169 -13.3393 13.3375 -0.00179739
251.596 -0.0141866 0.00703177 -13.3329 13.3311 -0.00179456
251.607 -0.0141861 0.00703162 -13.3265 13.3247 -0.00179225
251.618 -0.0141856 0.0070324 -13.3201 13.3183 -0.00178844
251.629 -0.0141856 0.00703247 -13.3136 13.3119 -0.0017849
251.64 -0.014185 0.00703259 -13.3072 13.3054 -0.00178267
251.652 -0.014185 0.00703267 -13.3007 13.2989 -0.00177991
251.663 -0.0141852 0.00703386 -13.2943 13.2925 -0.00177646
251.674 -0.0141851 0.00703428 -13.2878 13.286 -0.00177322
251.685 -0.0141855 0.00703466 -13.2813 13.2795 -0.00176986
251.697 -0.0141854 0.00703649 -13.2748 13.273 -0.00176658
251.708 -0.0141854 0.00703732 -13.2683 13.2666 -0.00176445
251.719 -0.014186 0.00703703 -13.2619 13.2601 -0.00176178
251.73 -0.0141856 0.00703656 -13.2554 13.2537 -0.00175906
251.742 -0.0141853 0.00703616 -13.249 13.2472 -0.00175673
251.753 -0.0141864 0.00703524 -13.2425 13.2408 -0.00175415
251.764 -0.0141864 0.00703461 -13.2361 13.2343 -0.00175203
251.775 -0.014186 0.00703434 -13.2297 13.228 -0.00174966
251.787 -0.0141862 0.00703426 -13.2233 13.2215 -0.00174694
251.798 -0.0141862 0.00703487 -13.2169 13.2151 -0.00174381
251.809 -0.0141866 0.00703569 -13.2105 13.2088 -0.00174095
251.82 -0.0141869 0.00703674 -13.2041 13.2024 -0.0017379
251.831 -0.0141871 0.00703725 -13.1977 13.196 -0.00173475
251.843 -0.0141874 0.00703796 -13.1914 13.1897 -0.00173105
251.854 -0.0141879 0.00703828 -13.1851 13.1834 -0.0017272
251.865 -0.0141881 0.00703836 -13.1788 13.1771 -0.0017234
251.876 -0.0141883 0.00703875 -13.1725 13.1708 -0.00171972
251.888 -0.0141884 0.00703926 -13.1663 13.1646 -0.00171494
251.899 -0.0141887 0.00703952 -13.1602 13.1584 -0.00171038
251.91 -0.0141884 0.00703962 -13.154 13.1523 -0.00170687
251.921 -0.014189 0.00703929 -13.1479 13.1462 -0.00170384
251.933 -0.0141893 0.00703888 -13.1417 13.14 -0.00170099
251.944 -0.0141905 0.00703818 -13.1356 13.1339 -0.00169879
251.955 -0.0141909 0.00703821 -13.1294 13.1277 -0.00169596
251.966 -0.0141914 0.00703765 -13.1232 13.1215 -0.00169434
251.978 -0.0141916 0.00703813 -13.1171 13.1154 -0.00169239
251.989 -0.0141918 0.00703896 -13.111 13.1093 -0.00168909
252 -0.0141922 0.0070396 -13.1049 13.1032 -0.00168646
252.011 -0.014192 0.00703942 -13.099 13.0973 -0.0016839
252.022 -0.0141923 0.00704019 -13.093 13.0914 -0.00168081
252.034 -0.0141934 0.00704171 -13.0872 13.0855 -0.00167688
252.045 -0.0141932 0.0070431 -13.0814 13.0797 -0.00167334
252.056 -0.0141921 0.0070444 -13.0756 13.0739 -0.00167013
252.067 -0.0141913 0.00704591 -13.0698 13.0682 -0.00166749
252.079 -0.0141902 0.00704639 -13.0641 13.0624 -0.00166533
252.09 -0.0141899 0.00704665 -13.0584 13.0567 -0.00166309
252.101 -0.0141892 0.00704672 -13.0527 13.051 -0.00166152
252.112 -0.0141889 0.00704758 -13.047 13.0454 -0.00166041
252.124 -0.0141892 0.00704844 -13.0414 13.0397 -0.00165836
252.135 -0.0141897 0.00704947 -13.0358 13.0341 -0.00165678
252.146 -0.0141905 0.00705084 -13.0302 13.0286 -0.00165459
252.157 -0.0141909 0.00705163 -13.0246 13.023 -0.00165327
252.169 -0.0141913 0.00705284 -13.0191 13.0174 -0.00165092
252.18 -0.0141916 0.0070545 -13.0136 13.0119 -0.0016477
252.191 -0.0141916 0.00705628 -13.0081 13.0064 -0.00164405
252.202 -0.0141922 0.00705849 -13.0027 13.001 -0.00164077
252.213 -0.0141927 0.00706075 -12.9973 12.9956 -0.00163853
252.225 -0.0141932 0.007063 -12.9919 12.9903 -0.00163598
252.236 -0.0141932 0.00706469 -12.9866 12.9849 -0.00163286
252.247 -0.0141929 0.00706623 -12.9813 12.9797 -0.00163039
252.258 -0.0141926 0.00706694 -12.976 12.9744 -0.00162746
252.27 -0.0141926 0.00706756 -12.9708 12.9692 -0.00162498
252.281 -0.0141931 0.00706903 -12.9657 12.9641 -0.00162263
252.292 -0.0141937 0.00707021 -12.9606 12.9589 -0.00161986
252.303 -0.0141947 0.00707061 -12.9555 12.9539 -0.0016177
252.315 -0.0141943 0.007071 -12.9505 12.9488 -0.00161567
252.326 -0.0141951 0.00707191 -12.9454 12.9438 -0.00161331
252.337 -0.0141956 0.00707319 -12.9405 12.9389 -0.00161136
252.348 -0.0141959 0.00707486 -12.9356 12.9339 -0.00160923
252.36 -0.0141963 0.00707655 -12.9307 12.9291 -0.00160632
252.371 -0.0141971 0.00707854 -12.9258 12.9242 -0.00160328
252.382 -0.0141978 0.00708023 -12.9211 12.9195 -0.00160061
252.393 -0.0141995 0.00708171 -12.9164 12.9148 -0.00159822
252.404 -0.0142013 0.00708373 -12.9117 12.9101 -0.0015951
252.416 -0.014203 0.00708567 -12.9071 12.9055 -0.00159279
252.427 -0.0142042 0.00708738 -12.9025 12.9009 -0.00158979
252.438 -0.014205 0.00708801 -12.898 12.8964 -0.00158635
252.449 -0.014206 0.00708948 -12.8936 12.892 -0.00158323
252.461 -0.0142067 0.00709127 -12.8891 12.8876 -0.00157946
252.472 -0.0142084 0.00709283 -12.8848 12.8832 -0.00157651
252.483 -0.0142094 0.00709464 -12.8805 12.8789 -0.00157446
252.494 -0.0142103 0.00709526 -12.8762 12.8747 -0.00157226
252.506 -0.0142118 0.00709512 -12.872 12.8705 -0.00157061
252.517 -0.0142131 0.00709538 -12.8679 12.8663 -0.00156879
252.528 -0.0142149 0.00709616 -12.8637 12.8622 -0.00156582
252.539 -0.0142164 0.00709719 -12.8597 12.8581 -0.00156284
252.551 -0.0142177 0.00709867 -12.8557 12.8541 -0.00156079
252.562 -0.0142189 0.00710003 -12.8517 12.8501 -0.00155759
252.573 -0.0142198 0.00710117 -12.8478 12.8463 -0.00155438
252.584 -0.0142204 0.00710171 -12.844 12.8425 -0.00155205
252.596 -0.0142214 0.00710326 -12.8402 12.8387 -0.00154868
252.607 -0.0142226 0.00710524 -12.8366 12.835 -0.00154527
252.618 -0.0142243 0.00710674 -12.833 12.8314 -0.00154171
252.629 -0.0142252 0.00710783 -12.8294 12.8279 -0.00153856
252.64 -0.0142262 0.00710806 -12.8259 12.8244 -0.00153568
252.652 -0.0142272 0.00710851 -12.8225 12.821 -0.00153313
252.663 -0.0142284 0.0071087 -12.8191 12.8176 -0.00153074
252.674 -0.0142301 0.00710977 -12.8159 12.8143 -0.00152868
252.685 -0.0142317 0.0071103 -12.8126 12.8111 -0.00152777
252.697 -0.014233 0.00711074 -12.8094 12.8079 -0.00152548
252.708 -0.0142343 0.00711123 -12.8063 12.8048 -0.00152304
252.719 -0.0142355 0.00711264 -12.8033 12.8018 -0.00152012
252.73 -0.0142365 0.00711366 -12.8003 12.7988 -0.00151736
252.742 -0.0142379 0.00711418 -12.7974 12.7959 -0.00151428
252.753 -0.0142403 0.00711499 -12.7946 12.7931 -0.00151128
252.764 -0.0142423 0.00711633 -12.7918 12.7903 -0.00150833
252.775 -0.0142434 0.00711845 -12.7891 12.7876 -0.00150483
252.787 -0.0142445 0.0071207 -12.7865 12.785 -0.00150107
252.798 -0.0142464 0.00712224 -12.7839 12.7824 -0.00149765
252.809 -0.0142485 0.00712389 -12.7815 12.78 -0.00149358
252.82 -0.0142496 0.00712526 -12.7791 12.7776 -0.00148983
252.831 -0.0142506 0.0071264 -12.7768 12.7753 -0.00148562
252.843 -0.0142514 0.00712697 -12.7746 12.7731 -0.00148158
252.854 -0.0142531 0.00712778 -12.7725 12.771 -0.00147824
252.865 -0.0142552 0.00712781 -12.7704 12.769 -0.00147545
252.876 -0.0142573 0.00712814 -12.7685 12.767 -0.00147326
252.888 -0.014259 0.00712846 -12.7666 12.7651 -0.00147073
252.899 -0.0142602 0.0071281 -12.7647 12.7633 -0.00146796
252.91 -0.0142611 0.00712755 -12.763 12.7615 -0.00146489
252.921 -0.0142615 0.00712781 -12.7614 12.7599 -0.00146169
252.933 -0.014262 0.00712861 -12.7598 12.7583 -0.00145795
252.944 -0.0142625 0.00712952 -12.7583 12.7568 -0.0014537
252.955 -0.0142629 0.00713015 -12.7569 12.7555 -0.0014493
252.966 -0.0142631 0.00713065 -12.7556 12.7542 -0.00144511
252.978 -0.014264 0.00713127 -12.7544 12.753 -0.00144171
252.989 -0.0142645 0.0071316 -12.7533 12.7518 -0.00143855
253 -0.0142645 0.00713289 -12.7522 12.7508 -0.00143492
253.011 -0.0142645 0.00713444 -12.7513 12.7498 -0.00143192
253.022 -0.0142648 0.00713475 -12.7504 12.749 -0.00142885
253.034 -0.0142653 0.00713513 -12.7496 12.7481 -0.00142539
253.045 -0.0142663 0.00713542 -12.7488 12.7474 -0.00142185
253.056 -0.0142673 0.00713622 -12.7482 12.7467 -0.00141814
253.067 -0.0142683 0.00713703 -12.7476 12.7462 -0.00141423
253.079 -0.0142693 0.00713747 -12.7471 12.7457 -0.00141034
253.09 -0.0142712 0.00713753 -12.7467 12.7453 -0.00140704
253.101 -0.0142732 0.00713813 -12.7464 12.745 -0.00140274
253.112 -0.0142749 0.00713786 -12.7461 12.7447 -0.0014001
253.124 -0.0142759 0.00713723 -12.7459 12.7445 -0.00139673
253.135 -0.0142771 0.00713717 -12.7458 12.7445 -0.00139269
253.146 -0.0142786 0.00713759 -12.7458 12.7445 -0.00138881
253.157 -0.0142795 0.0071383 -12.746 12.7446 -0.00138507
253.169 -0.0142805 0.00713931 -12.7461 12.7448 -0.00138166
253.18 -0.0142819 0.00714009 -12.7464 12.745 -0.00137744
253.191 -0.0142839 0.00714062 -12.7467 12.7453 -0.00137379
253.202 -0.0142858 0.00714198 -12.7471 12.7458 -0.00136872
253.213 -0.0142876 0.00714303 -12.7477 12.7463 -0.00136382
253.225 -0.0142893 0.00714341 -12.7483 12.7469 -0.0013595
253.236 -0.0142912 0.00714341 -12.749 12.7476 -0.00135577
253.247 -0.0142923 0.0071427 -12.7498 12.7484 -0.00135375
253.258 -0.0142936 0.00714318 -12.7506 12.7493 -0.0013513
253.27 -0.0142947 0.00714372 -12.7515 12.7502 -0.00134915
253.281 -0.0142949 0.00714358 -12.7525 12.7511 -0.00134703
253.292 -0.0142965 0.00714367 -12.7535 12.7522 -0.00134393
253.303 -0.0142974 0.00714435 -12.7547 12.7533 -0.00133925
253.315 -0.0142982 0.00714504 -12.7559 12.7545 -0.00133465
253.326 -0.0142988 0.00714635 -12.7572 12.7558 -0.00133072
253.337 -0.0142997 0.00714628 -12.7585 12.7572 -0.00132698
253.348 -0.0143012 0.00714676 -12.76 12.7586 -0.00132329
253.36 -0.0143021 0.00714737 -12.7615 12.7602 -0.0013192
253.371 -0.0143044 0.00714809 -12.7631 12.7618 -0.00131442
253.382 -0.0143061 0.00714908 -12.7648 12.7635 -0.00130965
253.393 -0.014308 0.00714996 -12.7666 12.7653 -0.00130457
253.404 -0.0143104 0.0071509 -12.7685 12.7672 -0.00129897
253.416 -0.0143137 0.00715094 -12.7705 12.7692 -0.00129346
253.427 -0.014317 0.00715095 -12.7726 12.7713 -0.00128896
253.438 -0.0143193 0.00715082 -12.7748 12.7735 -0.00128481
253.449 -0.0143214 0.00715108 -12.777 12.7758 -0.00128171
253.461 -0.0143238 0.0071513 -12.7794 12.7781 -0.00127921
253.472 -0.0143259 0.00715177 -12.7818 12.7805 -0.00127572
253.483 -0.0143276 0.0071506 -12.7842 12.783 -0.0012739
253.494 -0.0143294 0.00714991 -12.7868 12.7855 -0.00127185
253.506 -0.0143325 0.00714962 -12.7894 12.7881 -0.00126945
253.517 -0.0143347 0.00714892 -12.7921 12.7908 -0.00126592
253.528 -0.0143376 0.00714878 -12.7948 12.7935 -0.00126176
253.539 -0.0143407 0.00714798 -12.7976 12.7963 -0.00125748
253.551 -0.0143448 0.00714801 -12.8004 12.7992 -0.00125328
253.562 -0.0143482 0.00714821 -12.8034 12.8021 -0.00124968
253.573 -0.0143513 0.00714875 -12.8063 12.8051 -0.00124531
253.584 -0.0143548 0.00714932 -12.8094 12.8082 -0.00124038
253.596 -0.0143574 0.00715097 -12.8126 12.8113 -0.00123456
253.607 -0.0143607 0.00715198 -12.8158 12.8146 -0.00122878
253.618 -0.0143629 0.00715295 -12.8191 12.8179 -0.00122276
253.629 -0.0143655 0.00715468 -12.8226 12.8214 -0.00121682
253.64 -0.014369 0.00715563 -12.8261 12.8249 -0.00121092
253.652 -0.0143719 0.00715665 -12.8297 12.8285 -0.0012054
253.663 -0.0143748 0.00715838 -12.8333 12.8321 -0.00120002
253.674 -0.0143781 0.00715886 -12.837 12.8358 -0.00119444
253.685 -0.0143811 0.00715965 -12.8408 12.8396 -0.00119019
253.697 -0.0143842 0.0071597 -12.8447 12.8435 -0.00118627
253.708 -0.0143869 0.00716053 -12.8486 12.8474 -0.00118272
253.719 -0.0143901 0.00716167 -12.8526 12.8514 -0.00117814
253.73 -0.0143928 0.00716194 -12.8567 12.8555 -0.00117379
253.742 -0.0143957 0.00716272 -12.8608 12.8596 -0.0011686
253.753 -0.0143984 0.00716279 -12.865 12.8638 -0.00116353
253.764 -0.0144015 0.00716313 -12.8692 12.8681 -0.00115901
253.775 -0.0144043 0.00716328 -12.8735 12.8724 -0.00115466
253.787 -0.0144071 0.00716387 -12.8779 12.8767 -0.00115094
253.798 -0.0144099 0.00716456 -12.8823 12.8811 -0.00114744
253.809 -0.0144122 0.00716538 -12.8867 12.8855 -0.00114332
253.82 -0.0144148 0.00716583 -12.8912 12.8901 -0.00113928
253.831 -0.0144168 0.00716589 -12.8958 12.8946 -0.00113523
253.843 -0.0144189 0.00716666 -12.9004 12.8993 -0.00112994
253.854 -0.014421 0.00716755 -12.9051 12.9039 -0.00112491
253.865 -0.0144234 0.00716869 -12.9098 12.9087 -0.00112012
253.876 -0.0144266 0.00716908 -12.9146 12.9135 -0.0011149
253.888 -0.0144299 0.00717031 -12.9195 12.9183 -0.00110976
253.899 -0.0144326 0.00717195 -12.9244 12.9233 -0.00110472
253.91 -0.0144352 0.00717338 -12.9294 12.9283 -0.00109911
253.921 -0.0144373 0.0071747 -12.9344 12.9333 -0.00109381
253.933 -0.0144406 0.00717422 -12.9395 12.9384 -0.00108867
253.944 -0.0144433 0.00717415 -12.9447 12.9436 -0.00108348
253.955 -0.0144462 0.00717421 -12.9499 12.9489 -0.00107835
253.966 -0.0144494 0.00717411 -12.9552 12.9542 -0.00107339
253.978 -0.0144525 0.00717408 -12.9606 12.9595 -0.00106843
253.989 -0.0144561 0.00717476 -12.966 12.9649 -0.00106315
254 -0.01446 0.00717574 -12.9714 12.9704 -0.00105785
254.011 -0.0144637 0.00717696 -12.9769 12.9759 -0.00105208
254.022 -0.0144662 0.0071775 -12.9825 12.9814 -0.00104679
254.034 -0.0144688 0.0071773 -12.9881 12.987 -0.00104282
254.045 -0.014471 0.0071762 -12.9937 12.9926 -0.00103929
254.056 -0.014473 0.00717578 -12.9993 12.9982 -0.00103626
254.067 -0.0144745 0.00717492 -13.0049 13.0039 -0.00103417
254.079 -0.0144763 0.00717394 -13.0106 13.0095 -0.00103135
254.09 -0.0144786 0.00717381 -13.0162 13.0152 -0.00102755
254.101 -0.0144814 0.00717473 -13.0219 13.0209 -0.00102287
254.112 -0.014484 0.00717548 -13.0277 13.0267 -0.00101702
254.124 -0.0144864 0.00717648 -13.0335 13.0325 -0.00101163
254.135 -0.0144888 0.00717783 -13.0393 13.0383 -0.00100684
254.146 -0.0144905 0.00717873 -13.0452 13.0442 -0.00100187
254.157 -0.0144918 0.00717891 -13.0511 13.0501 -0.000997729
254.169 -0.0144927 0.00717905 -13.057 13.056 -0.000993035
254.18 -0.0144947 0.0071795 -13.063 13.062 -0.000988501
254.191 -0.0144962 0.00717946 -13.069 13.068 -0.000984164
254.202 -0.0144976 0.00717949 -13.075 13.0741 -0.000980536
254.213 -0.0144993 0.00718009 -13.0811 13.0801 -0.00097562
254.225 -0.0145011 0.00718122 -13.0872 13.0862 -0.000970491
254.236 -0.0145028 0.00718093 -13.0933 13.0923 -0.000966433
254.247 -0.0145044 0.00718179 -13.0994 13.0985 -0.00096164
254.258 -0.014507 0.00718213 -13.1056 13.1047 -0.000956149
254.27 -0.0145093 0.00718282 -13.1118 13.1109 -0.000950867
254.281 -0.0145121 0.00718336 -13.118 13.1171 -0.000945662
254.292 -0.0145139 0.00718472 -13.1243 13.1233 -0.000941086
254.303 -0.0145172 0.00718589 -13.1305 13.1296 -0.00093683
254.315 -0.0145197 0.00718695 -13.1368 13.1358 -0.000932455
254.326 -0.0145227 0.00718757 -13.143 13.1421 -0.000927286
254.337 -0.0145257 0.0071878 -13.1493 13.1484 -0.00092226
254.348 -0.0145281 0.00718714 -13.1556 13.1547 -0.000917952
254.36 -0.0145305 0.00718703 -13.1619 13.161 -0.000914881
254.371 -0.0145336 0.00718685 -13.1683 13.1674 -0.000911982
254.382 -0.0145364 0.00718711 -13.1746 13.1737 -0.000907624
254.393 -0.0145399 0.00718752 -13.1809 13.18 -0.000903373
254.404 -0.0145427 0.00718839 -13.1873 13.1864 -0.000899633
254.416 -0.0145454 0.00718878 -13.1937 13.1928 -0.000895865
254.427 -0.0145484 0.00718898 -13.2 13.1992 -0.000891615
254.438 -0.0145527 0.00718975 -13.2064 13.2055 -0.00088746
254.449 -0.0145559 0.007191 -13.2128 13.2119 -0.000883012
254.461 -0.0145584 0.00719281 -13.2192 13.2183 -0.000879056
254.472 -0.014561 0.00719497 -13.2256 13.2248 -0.000874693
254.483 -0.014564 0.00719622 -13.232 13.2312 -0.000870915
254.494 -0.014566 0.00719726 -13.2385 13.2376 -0.000866243
254.506 -0.0145675 0.00719777 -13.2449 13.2441 -0.000861674
254.517 -0.0145693 0.00719887 -13.2514 13.2505 -0.000856117
254.528 -0.014571 0.00720037 -13.2578 13.257 -0.000851406
254.539 -0.0145725 0.00720117 -13.2643 13.2635 -0.000847415
254.551 -0.0145743 0.00720159 -13.2708 13.27 -0.000842804
254.562 -0.0145756 0.00720215 -13.2773 13.2764 -0.000837984
254.573 -0.0145773 0.00720141 -13.2837 13.2829 -0.000834733
254.584 -0.0145792 0.0072009 -13.2902 13.2893 -0.000830972
254.596 -0.0145809 0.00720024 -13.2966 13.2958 -0.000827482
254.607 -0.0145824 0.00719954 -13.303 13.3022 -0.000824286
254.618 -0.0145842 0.00719886 -13.3094 13.3086 -0.000820833
254.629 -0.014586 0.00719893 -13.3157 13.3149 -0.000816697
254.64 -0.0145873 0.00719873 -13.3221 13.3213 -0.000812573
254.652 -0.0145885 0.00719843 -13.3284 13.3276 -0.000808067
254.663 -0.0145898 0.00719856 -13.3347 13.3339 -0.000803874
254.674 -0.0145916 0.00719894 -13.341 13.3402 -0.000799815
254.685 -0.014594 0.00719849 -13.3473 13.3465 -0.000795459
254.697 -0.0145953 0.00719835 -13.3535 13.3527 -0.000790895
254.708 -0.0145972 0.00719848 -13.3597 13.359 -0.000786053
254.719 -0.0145989 0.0071991 -13.3659 13.3652 -0.000781354
254.73 -0.0146005 0.00719912 -13.3721 13.3714 -0.000776365
254.742 -0.014602 0.0071988 -13.3783 13.3775 -0.000771773
254.753 -0.014603 0.00719821 -13.3844 13.3836 -0.000766763
254.764 -0.014605 0.00719736 -13.3905 13.3898 -0.000762175
254.775 -0.0146066 0.00719639 -13.3966 13.3959 -0.000757728
254.787 -0.0146077 0.00719605 -13.4027 13.4019 -0.000753251
254.798 -0.0146098 0.00719574 -13.4087 13.4079 -0.000748917
254.809 -0.0146114 0.00719578 -13.4147 13.4139 -0.000745186
254.82 -0.0146123 0.00719528 -13.4206 13.4198 -0.000741103
254.831 -0.0146131 0.00719482 -13.4264 13.4257 -0.000736307
254.843 -0.0146148 0.00719474 -13.4323 13.4316 -0.000731811
254.854 -0.0146157 0.00719425 -13.4381 13.4373 -0.000727248
254.865 -0.0146176 0.00719434 -13.4438 13.4431 -0.000723297
254.876 -0.0146194 0.0071946 -13.4495 13.4488 -0.000720063
254.888 -0.014621 0.00719446 -13.4552 13.4545 -0.000716178
254.899 -0.0146224 0.00719431 -13.4608 13.4601 -0.000712315
254.91 -0.0146236 0.00719415 -13.4664 13.4657 -0.000708542
254.921 -0.014625 0.00719419 -13.4719 13.4712 -0.000705352
254.933 -0.0146267 0.0071948 -13.4773 13.4766 -0.000701823
254.944 -0.0146284 0.00719615 -13.4828 13.4821 -0.000697395
254.955 -0.0146302 0.00719742 -13.4881 13.4874 -0.000692871
254.966 -0.0146318 0.00719847 -13.4935 13.4928 -0.00068878
254.978 -0.0146342 0.00719957 -13.4988 13.4981 -0.000684428
254.989 -0.0146367 0.00720045 -13.504 13.5033 -0.000679948
255 -0.014638 0.00720102 -13.5091 13.5085 -0.000676059
255.011 -0.0146396 0.00720222 -13.5143 13.5136 -0.000672547
255.022 -0.0146413 0.00720387 -13.5193 13.5187 -0.00066756
255.034 -0.0146436 0.00720615 -13.5244 13.5237 -0.000662811
255.045 -0.0146461 0.00720763 -13.5294 13.5287 -0.000658278
255.056 -0.0146482 0.00720917 -13.5343 13.5336 -0.000653584
255.067 -0.0146514 0.0072107 -13.5392 13.5385 -0.000649472
255.079 -0.0146544 0.00721161 -13.544 13.5434 -0.000645109
255.09 -0.0146569 0.00721221 -13.5488 13.5481 -0.000640502
255.101 -0.0146587 0.00721346 -13.5535 13.5528 -0.000635712
255.112 -0.0146607 0.00721482 -13.5582 13.5575 -0.00063077
255.124 -0.0146625 0.00721584 -13.5628 13.5621 -0.000626458
255.135 -0.0146644 0.00721622 -13.5672 13.5666 -0.000621488
255.146 -0.0146661 0.00721691 -13.5717 13.5711 -0.000616677
255.157 -0.0146671 0.0072171 -13.576 13.5754 -0.000612127
255.169 -0.0146688 0.0072172 -13.5803 13.5797 -0.000608511
255.18 -0.0146705 0.00721701 -13.5846 13.584 -0.000604528
255.191 -0.0146731 0.00721687 -13.5886 13.588 -0.0006006
255.202 -0.0146764 0.00721676 -13.5927 13.5921 -0.000597059
255.213 -0.0146792 0.00721702 -13.5967 13.5962 -0.000593494
255.225 -0.0146819 0.00721722 -13.6006 13.6 -0.000590416
255.236 -0.0146841 0.00721767 -13.6044 13.6038 -0.000587561
255.247 -0.0146861 0.00721777 -13.6082 13.6076 -0.000584067
255.258 -0.0146882 0.00721747 -13.6118 13.6113 -0.000579803
255.27 -0.01469 0.00721719 -13.6154 13.6148 -0.000576001
255.281 -0.0146924 0.00721695 -13.6189 13.6184 -0.000572677
255.292 -0.0146951 0.00721616 -13.6223 13.6217 -0.000569456
255.303 -0.0146976 0.0072151 -13.6256 13.625 -0.000566525
255.315 -0.0146993 0.00721412 -13.6288 13.6283 -0.000563871
255.326 -0.0147006 0.0072129 -13.6319 13.6313 -0.00056084
255.337 -0.0147026 0.00721201 -13.6348 13.6343 -0.000558494
255.348 -0.0147047 0.00721035 -13.6377 13.6372 -0.000556373
255.36 -0.0147066 0.00720864 -13.6405 13.6399 -0.000553668
255.371 -0.0147079 0.0072078 -13.6431 13.6425 -0.000551547
255.382 -0.014709 0.00720686 -13.6456 13.6451 -0.000549087
255.393 -0.01471 0.00720572 -13.6481 13.6475 -0.000546549
255.404 -0.0147113 0.00720462 -13.6504 13.6499 -0.000543754
255.416 -0.0147128 0.00720411 -13.6527 13.6521 -0.000540886
255.427 -0.0147146 0.00720325 -13.6548 13.6542 -0.000537509
255.438 -0.0147161 0.00720259 -13.6568 13.6563 -0.000534747
255.449 -0.0147171 0.00720181 -13.6588 13.6582 -0.000532436
255.461 -0.0147191 0.00720143 -13.6606 13.6601 -0.000530716
255.472 -0.0147204 0.00720011 -13.6624 13.6618 -0.000528328
255.483 -0.0147212 0.00719904 -13.664 13.6635 -0.000526029
255.494 -0.0147228 0.00719744 -13.6656 13.6651 -0.000524297
255.506 -0.0147244 0.00719686 -13.6671 13.6665 -0.000522066
255.517 -0.0147261 0.00719633 -13.6684 13.6679 -0.000520769
255.528 -0.0147279 0.00719488 -13.6697 13.6692 -0.000517939
255.539 -0.0147294 0.00719303 -13.6708 13.6703 -0.000515156
255.551 -0.0147317 0.00719177 -13.6719 13.6714 -0.000512804
255.562 -0.0147333 0.00719016 -13.6729 13.6724 -0.000510021
255.573 -0.0147346 0.00718927 -13.6738 13.6733 -0.00050685
255.584 -0.0147346 0.00718812 -13.6746 13.6741 -0.000503522
255.596 -0.0147357 0.00718718 -13.6754 13.6749 -0.000499944
255.607 -0.0147363 0.0071857 -13.676 13.6755 -0.000496644
255.618 -0.0147374 0.00718494 -13.6766 13.6761 -0.000493135
255.629 -0.0147381 0.00718412 -13.6771 13.6766 -0.000489453
255.64 -0.0147388 0.00718329 -13.6775 13.677 -0.000486143
255.652 -0.0147387 0.00718152 -13.6779 13.6774 -0.000482153
255.663 -0.0147395 0.00717913 -13.6782 13.6777 -0.000478474
255.674 -0.0147406 0.00717751 -13.6785 13.678 -0.000475012
255.685 -0.0147415 0.00717479 -13.6786 13.6782 -0.00047202
255.697 -0.0147419 0.00717248 -13.6787 13.6783 -0.000468121
255.708 -0.0147423 0.00717082 -13.6788 13.6783 -0.000464799
255.719 -0.0147431 0.00716921 -13.6788 13.6783 -0.000461998
255.73 -0.0147435 0.00716821 -13.6787 13.6782 -0.000458223
255.742 -0.0147442 0.00716777 -13.6785 13.6781 -0.000454217
255.753 -0.0147444 0.00716718 -13.6783 13.6779 -0.000451386
255.764 -0.0147444 0.00716665 -13.678 13.6776 -0.000448025
255.775 -0.0147445 0.00716616 -13.6777 13.6773 -0.000444894
255.787 -0.0147443 0.00716516 -13.6773 13.6769 -0.000442187
255.798 -0.0147439 0.00716476 -13.6768 13.6764 -0.000438859
255.809 -0.0147436 0.00716466 -13.6763 13.6758 -0.000436109
255.82 -0.0147431 0.00716422 -13.6757 13.6752 -0.000433279
255.831 -0.0147428 0.00716389 -13.675 13.6745 -0.000430479
255.843 -0.0147432 0.00716303 -13.6742 13.6738 -0.000427262
255.854 -0.0147439 0.0071622 -13.6734 13.673 -0.000423636
255.865 -0.0147448 0.00716101 -13.6725 13.6721 -0.000420077
255.876 -0.0147454 0.00716032 -13.6715 13.6711 -0.000416826
255.888 -0.0147463 0.0071596 -13.6705 13.6701 -0.000413932
255.899 -0.0147469 0.0071585 -13.6694 13.669 -0.00041109
255.91 -0.0147479 0.00715717 -13.6682 13.6678 -0.000408917
255.921 -0.0147491 0.00715623 -13.667 13.6666 -0.000406365
255.933 -0.0147499 0.00715559 -13.6656 13.6652 -0.000402511
255.944 -0.01475 0.00715391 -13.6643 13.6639 -0.000398715
255.955 -0.0147498 0.00715243 -13.6628 13.6624 -0.000394689
255.966 -0.0147498 0.00715088 -13.6613 13.6609 -0.000391152
255.978 -0.0147498 0.00714935 -13.6598 13.6594 -0.000388371
255.989 -0.0147497 0.00714771 -13.6582 13.6578 -0.000385027
256 -0.0147494 0.00714572 -13.6566 13.6562 -0.000382051
256.011 -0.0147493 0.00714385 -13.6549 13.6545 -0.000379088
256.022 -0.014749 0.00714152 -13.6532 13.6528 -0.00037589
256.034 -0.0147498 0.00713955 -13.6514 13.6511 -0.000372464
256.045 -0.0147503 0.00713732 -13.6497 13.6493 -0.000369363
256.056 -0.0147506 0.00713497 -13.6478 13.6475 -0.000366077
256.067 -0.014751 0.00713255 -13.646 13.6456 -0.000363108
256.079 -0.0147518 0.00712996 -13.6441 13.6437 -0.000359434
256.09 -0.0147527 0.00712747 -13.6422 13.6418 -0.000355867
256.101 -0.0147534 0.00712427 -13.6402 13.6398 -0.000351289
256.112 -0.0147542 0.00712154 -13.6382 13.6379 -0.000347331
256.124 -0.0147551 0.00711905 -13.6362 13.6358 -0.000343439
256.135 -0.0147558 0.00711721 -13.6341 13.6338 -0.000339659
256.146 -0.0147566 0.00711496 -13.632 13.6317 -0.000335962
256.157 -0.0147572 0.0071124 -13.63 13.6296 -0.000332882
256.169 -0.0147572 0.00710956 -13.6278 13.6275 -0.000329883
256.18 -0.0147568 0.00710708 -13.6257 13.6254 -0.000326412
256.191 -0.0147564 0.00710467 -13.6235 13.6232 -0.000323336
256.202 -0.0147557 0.0071017 -13.6213 13.621 -0.000319701
256.213 -0.0147557 0.00709921 -13.6191 13.6188 -0.000316212
256.225 -0.0147556 0.00709657 -13.6169 13.6166 -0.000312362
256.236 -0.014755 0.00709366 -13.6146 13.6143 -0.000308532
256.247 -0.0147547 0.00709108 -13.6123 13.612 -0.000304674
256.258 -0.0147541 0.00708855 -13.61 13.6097 -0.000300743
256.27 -0.0147538 0.00708701 -13.6077 13.6074 -0.000296926
256.281 -0.0147534 0.00708507 -13.6053 13.605 -0.000292972
256.292 -0.0147534 0.00708376 -13.6029 13.6026 -0.000290484
256.303 -0.0147539 0.00708343 -13.6005 13.6002 -0.000287221
256.315 -0.0147544 0.00708301 -13.598 13.5977 -0.000284227
256.326 -0.0147544 0.00708261 -13.5955 13.5952 -0.000281952
256.337 -0.014754 0.00708119 -13.593 13.5927 -0.000277785
256.348 -0.014753 0.00707917 -13.5905 13.5902 -0.000273927
256.36 -0.0147514 0.00707749 -13.5879 13.5877 -0.000270464
256.371 -0.014751 0.00707531 -13.5854 13.5851 -0.000266884
256.382 -0.0147504 0.00707345 -13.5829 13.5826 -0.000263507
256.393 -0.0147504 0.00707202 -13.5803 13.58 -0.000260461
256.404 -0.0147503 0.00707009 -13.5777 13.5775 -0.000256781
256.416 -0.0147501 0.00706841 -13.5751 13.5749 -0.000253047
256.427 -0.0147499 0.0070673 -13.5726 13.5723 -0.000250071
256.438 -0.0147495 0.00706594 -13.57 13.5697 -0.000247692
256.449 -0.0147498 0.0070643 -13.5674 13.5671 -0.000244495
256.461 -0.0147498 0.00706305 -13.5648 13.5645 -0.000241776
256.472 -0.0147497 0.00706168 -13.5621 13.5619 -0.000238874
256.483 -0.0147491 0.00705923 -13.5595 13.5592 -0.000234888
256.494 -0.0147486 0.00705681 -13.5569 13.5566 -0.000231279
256.506 -0.0147481 0.00705443 -13.5542 13.554 -0.000228534
256.517 -0.0147481 0.0070519 -13.5516 13.5514 -0.000225567
256.528 -0.0147471 0.00704946 -13.549 13.5488 -0.000223841
256.539 -0.0147459 0.00704751 -13.5464 13.5462 -0.000221832
256.551 -0.0147451 0.00704535 -13.5438 13.5435 -0.000219717
256.562 -0.0147443 0.00704334 -13.5411 13.5409 -0.000218195
256.573 -0.0147436 0.00704092 -13.5385 13.5383 -0.000216247
256.584 -0.0147434 0.00703919 -13.5359 13.5356 -0.000213638
256.596 -0.0147428 0.00703757 -13.5332 13.533 -0.000211558
256.607 -0.0147432 0.00703663 -13.5306 13.5304 -0.000208514
256.618 -0.0147436 0.00703548 -13.5279 13.5277 -0.000206095
256.629 -0.0147432 0.00703405 -13.5253 13.5251 -0.000202883
256.64 -0.0147424 0.00703233 -13.5227 13.5225 -0.00019905
256.652 -0.0147417 0.00703024 -13.5201 13.5199 -0.000196091
256.663 -0.0147404 0.0070287 -13.5175 13.5173 -0.000193252
256.674 -0.0147393 0.00702675 -13.5148 13.5146 -0.000190415
256.685 -0.0147384 0.0070248 -13.5122 13.512 -0.000188258
256.697 -0.0147371 0.00702221 -13.5096 13.5094 -0.000186172
256.708 -0.0147358 0.00701969 -13.5069 13.5067 -0.000183306
256.719 -0.0147349 0.00701747 -13.5043 13.5041 -0.000180671
256.73 -0.0147353 0.00701486 -13.5017 13.5015 -0.000178878
256.742 -0.0147358 0.00701251 -13.499 13.4988 -0.000176411
256.753 -0.0147356 0.00701 -13.4964 13.4962 -0.000173898
256.764 -0.0147354 0.00700757 -13.4938 13.4936 -0.000171183
256.775 -0.014734 0.00700416 -13.4911 13.491 -0.000167458
256.787 -0.0147331 0.00700134 -13.4885 13.4884 -0.000164038
256.798 -0.014732 0.0069994 -13.486 13.4858 -0.000161048
256.809 -0.0147305 0.00699716 -13.4834 13.4832 -0.000158042
256.82 -0.0147294 0.00699499 -13.4808 13.4806 -0.0001552
256.831 -0.0147283 0.00699229 -13.4782 13.4781 -0.000153259
256.843 -0.0147273 0.00699008 -13.4756 13.4755 -0.000152491
256.854 -0.0147262 0.00698832 -13.4731 13.4729 -0.00015107
256.865 -0.0147247 0.00698625 -13.4705 13.4703 -0.000148985
256.876 -0.0147236 0.0069851 -13.4679 13.4678 -0.00014714
256.888 -0.0147225 0.00698334 -13.4654 13.4652 -0.000145704
256.899 -0.0147213 0.00698192 -13.4629 13.4627 -0.000144122
256.91 -0.0147203 0.00698017 -13.4603 13.4602 -0.0001414
256.921 -0.0147191 0.00697846 -13.4578 13.4576 -0.000139783
256.933 -0.0147172 0.00697602 -13.4553 13.4551 -0.000137401
256.944 -0.014716 0.00697366 -13.4527 13.4526 -0.00013455
256.955 -0.0147154 0.00697144 -13.4502 13.45 -0.000132577
256.966 -0.0147158 0.00696977 -13.4476 13.4475 -0.000131395
256.978 -0.0147159 0.00696803 -13.445 13.4449 -0.00012916
256.989 -0.0147156 0.00696641 -13.4424 13.4423 -0.000126617
257 -0.0147145 0.00696504 -13.4399 13.4398 -0.000124452
257.011 -0.0147136 0.00696358 -13.4373 13.4372 -0.000122361
257.022 -0.0147123 0.00696228 -13.4347 13.4346 -0.000120454
257.034 -0.0147117 0.00696067 -13.4321 13.432 -0.000118428
257.045 -0.0147112 0.00695808 -13.4295 13.4294 -0.000115543
257.056 -0.0147113 0.00695645 -13.4269 13.4267 -0.000113613
257.067 -0.0147106 0.00695422 -13.4242 13.4241 -0.000109496
257.079 -0.0147097 0.00695162 -13.4216 13.4215 -0.000105325
257.09 -0.0147084 0.00694933 -13.4191 13.419 -0.000101687
257.101 -0.0147074 0.00694696 -13.4165 13.4164 -9.87999e-05
257.112 -0.0147065 0.00694454 -13.4139 13.4138 -9.57948e-05
257.124 -0.0147053 0.00694233 -13.4113 13.4112 -9.26462e-05
257.135 -0.0147039 0.00694025 -13.4087 13.4086 -8.91718e-05
257.146 -0.0147022 0.00693849 -13.4061 13.406 -8.67872e-05
257.157 -0.0147012 0.00693705 -13.4035 13.4034 -8.56219e-05
257.169 -0.0146996 0.00693462 -13.4009 13.4008 -8.46815e-05
257.18 -0.0146981 0.0069324 -13.3983 13.3982 -8.31223e-05
257.191 -0.0146971 0.00693055 -13.3956 13.3955 -8.13757e-05
257.202 -0.0146949 0.00692804 -13.393 13.3929 -7.96423e-05
257.213 -0.0146927 0.00692521 -13.3903 13.3903 -7.74501e-05
257.225 -0.0146912 0.00692326 -13.3877 13.3876 -7.48172e-05
257.236 -0.0146905 0.00692182 -13.3851 13.385 -7.23567e-05
257.247 -0.0146888 0.00691947 -13.3824 13.3823 -6.95388e-05
257.258 -0.0146878 0.00691734 -13.3797 13.3796 -6.68499e-05
257.27 -0.0146869 0.00691469 -13.377 13.377 -6.45808e-05
257.281 -0.0146864 0.00691295 -13.3743 13.3743 -6.21734e-05
257.292 -0.0146864 0.00691117 -13.3716 13.3716 -5.99071e-05
257.303 -0.0146857 0.00690914 -13.3689 13.3689 -5.78615e-05
257.315 -0.0146845 0.00690691 -13.3662 13.3662 -5.51909e-05
257.326 -0.0146835 0.0069041 -13.3635 13.3634 -5.17544e-05
257.337 -0.0146825 0.0069021 -13.3608 13.3607 -4.92478e-05
257.348 -0.0146815 0.00689974 -13.358 13.358 -4.60025e-05
257.36 -0.0146813 0.00689726 -13.3553 13.3552 -4.30466e-05
257.371 -0.0146807 0.00689581 -13.3525 13.3524 -4.1253e-05
257.382 -0.0146806 0.00689388 -13.3497 13.3496 -3.85802e-05
257.393 -0.0146811 0.00689184 -13.3469 13.3468 -3.65105e-05
257.404 -0.0146814 0.00688982 -13.3441 13.344 -3.56907e-05
257.416 -0.014681 0.00688704 -13.3413 13.3412 -3.28946e-05
257.427 -0.0146796 0.00688422 -13.3384 13.3384 -2.97333e-05
257.438 -0.0146782 0.00688203 -13.3356 13.3356 -2.71954e-05
257.449 -0.0146772 0.00687948 -13.3328 13.3328 -2.3621e-05
257.461 -0.0146766 0.00687705 -13.33 13.33 -2.08034e-05
257.472 -0.0146755 0.00687556 -13.3272 13.3272 -1.8676e-05
257.483 -0.0146747 0.00687315 -13.3244 13.3243 -1.56988e-05
257.494 -0.0146741 0.00687085 -13.3215 13.3215 -1.3724e-05
257.506 -0.0146735 0.00686858 -13.3187 13.3187 -1.12847e-05
257.517 -0.0146729 0.00686711 -13.3158 13.3158 -8.1038e-06
257.528 -0.0146722 0.00686435 -13.313 13.313 -4.28252e-06
257.539 -0.0146709 0.00686178 -13.3102 13.3102 -4.93334e-07
257.551 -0.0146697 0.0068595 -13.3073 13.3073 2.92791e-06
257.562 -0.0146686 0.00685714 -13.3045 13.3045 5.71626e-06
257.573 -0.0146675 0.00685515 -13.3016 13.3017 7.68165e-06
257.584 -0.014667 0.00685274 -13.2987 13.2988 1.08126e-05
257.596 -0.0146661 0.00685039 -13.2958 13.2958 1.25632e-05
257.607 -0.0146651 0.00684782 -13.2929 13.2929 1.45799e-05
257.618 -0.0146639 0.00684521 -13.2899 13.2899 1.76597e-05
257.629 -0.0146629 0.0068433 -13.2869 13.287 2.06496e-05
257.64 -0.0146613 0.00684066 -13.284 13.284 2.31255e-05
257.652 -0.0146607 0.00683758 -13.281 13.281 2.68849e-05
257.663 -0.0146599 0.00683526 -13.278 13.278 3.01614e-05
257.674 -0.0146593 0.00683181 -13.275 13.275 3.29272e-05
257.685 -0.0146586 0.00682908 -13.272 13.272 3.60445e-05
257.697 -0.0146575 0.00682616 -13.269 13.2691 3.88653e-05
257.708 -0.0146562 0.00682267 -13.266 13.2661 4.17551e-05
257.719 -0.0146551 0.00681886 -13.263 13.2631 4.48407e-05
257.73 -0.0146542 0.00681587 -13.26 13.2601 4.74441e-05
257.742 -0.0146535 0.00681278 -13.2571 13.2571 4.92378e-05
257.753 -0.0146527 0.00681016 -13.2541 13.2542 5.11351e-05
257.764 -0.0146511 0.00680748 -13.2511 13.2512 5.44771e-05
257.775 -0.0146491 0.00680452 -13.2482 13.2482 5.84981e-05
257.787 -0.0146476 0.00680118 -13.2452 13.2453 6.22615e-05
257.798 -0.0146466 0.00679816 -13.2422 13.2423 6.62844e-05
257.809 -0.0146462 0.00679558 -13.2393 13.2394 6.90353e-05
257.82 -0.0146459 0.00679275 -13.2363 13.2364 7.2458e-05
257.831 -0.0146454 0.00679022 -13.2334 13.2335 7.49884e-05
257.843 -0.0146451 0.00678773 -13.2305 13.2305 7.66594e-05
257.854 -0.0146449 0.00678503 -13.2275 13.2276 7.90899e-05
257.865 -0.0146442 0.00678202 -13.2246 13.2246 8.27043e-05
257.876 -0.0146435 0.00677984 -13.2217 13.2218 8.673e-05
257.888 -0.0146433 0.00677808 -13.2187 13.2188 9.0411e-05
257.899 -0.0146434 0.00677655 -13.2158 13.2159 9.34003e-05
257.91 -0.0146427 0.00677449 -13.2129 13.213 9.61638e-05
257.921 -0.0146422 0.00677225 -13.2099 13.21 9.96695e-05
257.933 -0.0146417 0.00676933 -13.207 13.2071 0.00010348
257.944 -0.014641 0.00676636 -13.2041 13.2042 0.000106623
257.955 -0.0146401 0.00676352 -13.2012 13.2013 0.000110025
257.966 -0.0146385 0.0067605 -13.1984 13.1985 0.000113052
257.978 -0.0146374 0.00675769 -13.1956 13.1957 0.000116724
257.989 -0.0146359 0.00675497 -13.1927 13.1929 0.000120037
258 -0.0146352 0.00675265 -13.1899 13.1901 0.000122888
258.011 -0.0146347 0.00675006 -13.1872 13.1873 0.000125797
258.022 -0.014634 0.00674809 -13.1844 13.1845 0.00012811
258.034 -0.0146336 0.0067462 -13.1816 13.1818 0.000129792
258.045 -0.0146324 0.00674423 -13.1789 13.1791 0.000131634
258.056 -0.0146319 0.00674178 -13.1762 13.1763 0.000133787
258.067 -0.0146306 0.00673878 -13.1735 13.1737 0.000136664
258.079 -0.0146302 0.0067363 -13.1709 13.171 0.000138483
258.09 -0.0146298 0.00673381 -13.1682 13.1684 0.000140957
258.101 -0.0146289 0.00673124 -13.1656 13.1657 0.000143723
258.112 -0.014629 0.00672855 -13.163 13.1631 0.000145351
258.124 -0.01463 0.00672616 -13.1604 13.1605 0.000146644
258.135 -0.0146304 0.00672369 -13.1578 13.1579 0.000148379
258.146 -0.0146304 0.00672091 -13.1553 13.1554 0.000150306
258.157 -0.0146298 0.00671793 -13.1527 13.1529 0.000152406
258.169 -0.0146296 0.00671545 -13.1503 13.1504 0.000155209
258.18 -0.0146299 0.00671322 -13.1478 13.148 0.000156619
258.191 -0.0146308 0.00671121 -13.1454 13.1456 0.000158643
258.202 -0.014631 0.00670892 -13.1431 13.1432 0.000161084
258.213 -0.0146317 0.00670588 -13.1408 13.1409 0.000163747
258.225 -0.014632 0.00670327 -13.1385 13.1386 0.000167172
258.236 -0.0146316 0.00670067 -13.1363 13.1364 0.000169715
258.247 -0.0146313 0.00669735 -13.1341 13.1343 0.000172704
258.258 -0.0146302 0.0066947 -13.132 13.1322 0.000175821
258.27 -0.0146294 0.00669131 -13.1299 13.1301 0.000179266
258.281 -0.0146286 0.0066882 -13.128 13.1281 0.000182818
258.292 -0.0146276 0.00668458 -13.126 13.1262 0.000186626
258.303 -0.0146269 0.00668139 -13.1241 13.1243 0.000190237
258.315 -0.0146258 0.00667853 -13.1223 13.1225 0.000192608
258.326 -0.0146241 0.00667518 -13.1205 13.1207 0.000196359
258.337 -0.0146234 0.00667167 -13.1188 13.119 0.000200353
258.348 -0.0146232 0.00666905 -13.1172 13.1174 0.000204042
258.36 -0.0146229 0.00666627 -13.1156 13.1158 0.000208165
258.371 -0.014623 0.00666319 -13.114 13.1142 0.000212139
258.382 -0.0146235 0.00665992 -13.1126 13.1128 0.000215724
258.393 -0.0146231 0.00665777 -13.1111 13.1113 0.000219163
258.404 -0.0146232 0.00665604 -13.1097 13.1099 0.000221764
258.416 -0.0146232 0.00665426 -13.1084 13.1086 0.000224742
258.427 -0.0146232 0.00665237 -13.107 13.1073 0.000227449
258.438 -0.0146228 0.00665082 -13.1058 13.106 0.000228914
258.449 -0.0146226 0.00664915 -13.1045 13.1048 0.000230583
258.461 -0.0146221 0.00664683 -13.1033 13.1035 0.000232682
258.472 -0.0146222 0.00664454 -13.1022 13.1024 0.000234668
258.483 -0.0146224 0.00664177 -13.1011 13.1013 0.000236952
258.494 -0.0146233 0.00663904 -13.1 13.1003 0.000238455
258.506 -0.0146237 0.00663692 -13.099 13.0993 0.000240617
258.517 -0.014624 0.00663417 -13.0981 13.0983 0.000242684
258.528 -0.0146251 0.00663264 -13.0972 13.0974 0.000244324
258.539 -0.0146261 0.00663006 -13.0963 13.0965 0.000246181
258.551 -0.0146263 0.00662753 -13.0955 13.0957 0.000248471
258.562 -0.0146261 0.00662516 -13.0947 13.095 0.000250944
258.573 -0.014627 0.0066226 -13.094 13.0943 0.000253431
258.584 -0.0146282 0.00661964 -13.0934 13.0936 0.000255813
258.596 -0.0146296 0.00661633 -13.0928 13.093 0.00025923
258.607 -0.0146307 0.00661335 -13.0922 13.0924 0.000262273
258.618 -0.0146318 0.00660988 -13.0917 13.0919 0.000264983
258.629 -0.0146318 0.0066076 -13.0912 13.0915 0.00026738
258.64 -0.0146322 0.00660465 -13.0908 13.091 0.000269724
258.652 -0.0146319 0.00660188 -13.0904 13.0907 0.000271678
258.663 -0.0146322 0.00659895 -13.09 13.0903 0.000274967
258.674 -0.0146319 0.0065956 -13.0898 13.09 0.000278198
258.685 -0.0146322 0.0065929 -13.0895 13.0898 0.0002813
258.697 -0.0146332 0.00659034 -13.0893 13.0896 0.000284287
258.708 -0.0146342 0.00658764 -13.0892 13.0895 0.000287678
258.719 -0.0146345 0.00658463 -13.0891 13.0894 0.000290875
258.73 -0.0146354 0.0065815 -13.089 13.0893 0.000293564
258.742 -0.0146366 0.00657811 -13.089 13.0893 0.00029651
258.753 -0.0146375 0.00657502 -13.089 13.0893 0.000300238
258.764 -0.0146374 0.00657251 -13.0891 13.0894 0.000303655
258.775 -0.0146373 0.0065709 -13.0892 13.0895 0.000307076
258.787 -0.014637 0.0065693 -13.0894 13.0897 0.000310718
258.798 -0.0146369 0.00656785 -13.0895 13.0899 0.000314274
258.809 -0.0146367 0.00656623 -13.0898 13.0901 0.000317091
258.82 -0.0146368 0.00656388 -13.09 13.0903 0.000319934
258.831 -0.0146369 0.00656087 -13.0903 13.0906 0.000323763
258.843 -0.014637 0.00655846 -13.0906 13.0909 0.000326611
258.854 -0.0146373 0.00655563 -13.091 13.0913 0.000329023
258.865 -0.0146372 0.00655251 -13.0913 13.0916 0.000332317
258.876 -0.0146373 0.00654967 -13.0917 13.092 0.000335398
258.888 -0.0146381 0.00654668 -13.0921 13.0924 0.000338564
258.899 -0.0146388 0.00654394 -13.0925 13.0928 0.000341582
258.91 -0.01464 0.00654138 -13.0929 13.0933 0.000344392
258.921 -0.014641 0.00653852 -13.0934 13.0938 0.000346999
258.933 -0.0146421 0.00653581 -13.0939 13.0942 0.000350076
258.944 -0.0146439 0.00653395 -13.0944 13.0947 0.000352065
258.955 -0.0146459 0.00653197 -13.0949 13.0952 0.000354127
258.966 -0.0146476 0.00652913 -13.0953 13.0957 0.000355706
258.978 -0.0146481 0.00652628 -13.0958 13.0962 0.000357616
258.989 -0.0146491 0.00652355 -13.0964 13.0967 0.000359478
259 -0.01465 0.00652108 -13.0969 13.0973 0.000362171
259.011 -0.014651 0.00651781 -13.0975 13.0978 0.000365484
259.022 -0.0146522 0.00651504 -13.0981 13.0984 0.000368381
259.034 -0.0146534 0.00651235 -13.0986 13.099 0.000371229
259.045 -0.0146554 0.00650977 -13.0993 13.0996 0.000375191
259.056 -0.0146566 0.00650717 -13.0999 13.1003 0.000378663
259.067 -0.0146578 0.00650577 -13.1005 13.1009 0.000383324
259.079 -0.0146594 0.00650347 -13.1012 13.1016 0.000386871
259.09 -0.0146605 0.0065014 -13.1019 13.1023 0.000390719
259.101 -0.0146619 0.00649972 -13.1026 13.103 0.000394472
259.112 -0.0146631 0.00649679 -13.1033 13.1037 0.000398309
259.124 -0.0146642 0.00649361 -13.1041 13.1045 0.000402418
259.135 -0.0146653 0.00649078 -13.1048 13.1052 0.000406323
259.146 -0.0146661 0.00648846 -13.1056 13.106 0.000409694
259.157 -0.0146666 0.00648618 -13.1064 13.1068 0.000413169
259.169 -0.0146673 0.00648325 -13.1072 13.1076 0.000416538
259.18 -0.0146683 0.00648072 -13.108 13.1084 0.000420848
259.191 -0.014669 0.00647849 -13.1088 13.1093 0.000424222
259.202 -0.0146697 0.00647654 -13.1097 13.1101 0.000426872
259.213 -0.0146708 0.00647444 -13.1105 13.1109 0.000428945
259.225 -0.014672 0.00647221 -13.1113 13.1117 0.000430855
259.236 -0.0146727 0.0064696 -13.1121 13.1125 0.0004328
259.247 -0.0146741 0.0064674 -13.1129 13.1133 0.000435105
259.258 -0.0146753 0.00646542 -13.1137 13.1141 0.00043765
259.27 -0.0146769 0.0064631 -13.1145 13.1149 0.000440914
259.281 -0.0146778 0.00646115 -13.1153 13.1157 0.000444256
259.292 -0.0146794 0.00645936 -13.1161 13.1165 0.000447122
259.303 -0.014681 0.00645727 -13.1169 13.1173 0.000450887
259.315 -0.0146826 0.00645486 -13.1177 13.1181 0.000454592
259.326 -0.0146844 0.00645199 -13.1185 13.1189 0.000457761
259.337 -0.0146861 0.00644879 -13.1193 13.1197 0.000461425
259.348 -0.0146877 0.00644645 -13.1201 13.1206 0.000465015
259.36 -0.0146893 0.00644474 -13.1209 13.1214 0.000469327
259.371 -0.0146913 0.00644302 -13.1217 13.1221 0.000472684
259.382 -0.0146932 0.0064407 -13.1224 13.1229 0.000475674
259.393 -0.0146943 0.00643828 -13.1232 13.1237 0.000478918
259.404 -0.0146953 0.00643588 -13.124 13.1244 0.00048259
259.416 -0.0146961 0.00643349 -13.1247 13.1252 0.000486199
259.427 -0.0146965 0.00643131 -13.1254 13.1259 0.000489224
259.438 -0.0146968 0.006429 -13.1261 13.1266 0.000492804
259.449 -0.0146973 0.00642638 -13.1267 13.1272 0.000495572
259.461 -0.0146981 0.00642324 -13.1274 13.1279 0.000498804
259.472 -0.0146988 0.00642061 -13.128 13.1285 0.000502387
259.483 -0.0146997 0.00641809 -13.1286 13.1291 0.000505566
259.494 -0.0147005 0.00641532 -13.1292 13.1297 0.000508693
259.506 -0.0147016 0.00641204 -13.1297 13.1303 0.000513153
259.517 -0.0147031 0.00640882 -13.1303 13.1308 0.000517168
259.528 -0.0147038 0.00640589 -13.1309 13.1314 0.000519821
259.539 -0.0147044 0.00640277 -13.1314 13.1319 0.000523119
259.551 -0.0147051 0.00640012 -13.1319 13.1324 0.000525762
259.562 -0.0147064 0.00639718 -13.1324 13.1329 0.000527986
259.573 -0.0147078 0.00639435 -13.1328 13.1334 0.000530443
259.584 -0.0147093 0.00639212 -13.1333 13.1338 0.000532706
259.596 -0.0147114 0.0063893 -13.1337 13.1343 0.000534324
259.607 -0.0147125 0.00638687 -13.1341 13.1346 0.000537333
259.618 -0.0147141 0.00638431 -13.1345 13.135 0.000540758
259.629 -0.0147159 0.00638167 -13.1349 13.1354 0.000543831
259.64 -0.0147178 0.006379 -13.1352 13.1357 0.00054678
259.652 -0.0147199 0.00637649 -13.1355 13.1361 0.000549501
259.663 -0.0147214 0.00637419 -13.1359 13.1364 0.000552583
259.674 -0.0147231 0.00637225 -13.1362 13.1367 0.000556695
259.685 -0.0147241 0.00637095 -13.1365 13.1371 0.000559369
259.697 -0.0147255 0.00636891 -13.1368 13.1374 0.00056147
259.708 -0.0147272 0.00636699 -13.1371 13.1376 0.000564409
259.719 -0.0147289 0.00636541 -13.1373 13.1379 0.000567282
259.73 -0.0147299 0.00636311 -13.1376 13.1382 0.000570111
259.742 -0.0147316 0.00636103 -13.1378 13.1384 0.000572411
259.753 -0.0147322 0.00635746 -13.138 13.1386 0.000575591
259.764 -0.0147324 0.00635492 -13.1382 13.1388 0.000577222
259.775 -0.0147331 0.00635223 -13.1384 13.139 0.000579704
259.787 -0.0147343 0.00634964 -13.1386 13.1392 0.000581859
259.798 -0.0147354 0.00634681 -13.1387 13.1393 0.000584044
259.809 -0.0147366 0.00634459 -13.1389 13.1395 0.000586837
259.82 -0.0147377 0.00634192 -13.139 13.1396 0.000590726
259.831 -0.0147394 0.0063399 -13.1391 13.1397 0.000593834
259.843 -0.0147409 0.00633759 -13.1392 13.1398 0.000596979
259.854 -0.0147419 0.00633527 -13.1393 13.1399 0.000599876
259.865 -0.0147435 0.00633341 -13.1394 13.14 0.000602228
259.876 -0.0147451 0.00633114 -13.1394 13.14 0.000605194
259.888 -0.0147466 0.00632938 -13.1395 13.1401 0.000607897
259.899 -0.0147484 0.00632767 -13.1395 13.1401 0.000610666
259.91 -0.0147501 0.00632593 -13.1395 13.1401 0.00061385
259.921 -0.0147516 0.0063243 -13.1395 13.1401 0.000616323
259.933 -0.0147534 0.00632288 -13.1395 13.1401 0.000618947
259.944 -0.0147548 0.00632118 -13.1394 13.1401 0.000621826
259.955 -0.0147562 0.00631943 -13.1394 13.14 0.000624694
259.966 -0.0147578 0.00631724 -13.1393 13.1399 0.00062771
259.978 -0.0147585 0.00631448 -13.1392 13.1398 0.000631753
259.989 -0.0147598 0.00631216 -13.1391 13.1397 0.000635225
260 -0.0147605 0.00630964 -13.139 13.1396 0.000639142
260.011 -0.0147611 0.00630726 -13.1388 13.1395 0.000643814
260.022 -0.0147613 0.00630456 -13.1386 13.1393 0.000648372
260.034 -0.0147619 0.00630301 -13.1385 13.1391 0.000652545
260.045 -0.0147627 0.00630122 -13.1383 13.139 0.000657226
260.056 -0.0147634 0.00629994 -13.1381 13.1387 0.000660823
260.067 -0.0147648 0.00629804 -13.1379 13.1385 0.000665108
260.079 -0.0147656 0.00629583 -13.1376 13.1383 0.000670395
260.09 -0.0147664 0.00629404 -13.1374 13.1381 0.000675732
260.101 -0.0147678 0.006292 -13.1372 13.1379 0.000680668
260.112 -0.0147692 0.00629009 -13.1369 13.1376 0.000686093
260.124 -0.0147698 0.00628843 -13.1367 13.1374 0.000691015
260.135 -0.0147706 0.00628675 -13.1364 13.1371 0.00069548
260.146 -0.0147725 0.00628481 -13.1362 13.1369 0.000700013
260.157 -0.0147737 0.00628233 -13.1359 13.1366 0.00070414
260.169 -0.0147745 0.00627954 -13.1356 13.1363 0.000708374
260.18 -0.0147763 0.006277 -13.1353 13.136 0.000713509
260.191 -0.0147776 0.00627431 -13.1349 13.1357 0.000718213
260.202 -0.0147793 0.00627193 -13.1346 13.1353 0.000722016
260.213 -0.0147815 0.00626957 -13.1342 13.1349 0.000726235
260.225 -0.0147837 0.00626734 -13.1338 13.1346 0.000730523
260.236 -0.0147856 0.00626482 -13.1334 13.1342 0.000734074
260.247 -0.0147877 0.00626241 -13.133 13.1337 0.000738813
260.258 -0.0147892 0.00625972 -13.1325 13.1333 0.000743816
260.27 -0.0147908 0.00625677 -13.1321 13.1328 0.000748636
260.281 -0.0147921 0.00625393 -13.1316 13.1324 0.000753291
260.292 -0.0147945 0.00625146 -13.1311 13.1318 0.00075766
260.303 -0.0147962 0.00624934 -13.1306 13.1313 0.000761347
260.315 -0.0147971 0.00624735 -13.13 13.1307 0.000765013
260.326 -0.0147988 0.00624554 -13.1294 13.1301 0.000768923
260.337 -0.0147998 0.00624361 -13.1288 13.1295 0.000772268
260.348 -0.0148017 0.00624186 -13.1281 13.1289 0.000777002
260.36 -0.0148032 0.00624022 -13.1274 13.1282 0.00078184
260.371 -0.0148043 0.00623898 -13.1268 13.1275 0.000786722
260.382 -0.0148054 0.00623752 -13.126 13.1268 0.00079192
260.393 -0.0148065 0.00623605 -13.1253 13.1261 0.000796823
260.404 -0.014808 0.00623415 -13.1245 13.1253 0.000801535
260.416 -0.0148102 0.0062329 -13.1237 13.1245 0.000806271
260.427 -0.0148119 0.00623209 -13.1229 13.1237 0.000810085
260.438 -0.0148138 0.0062315 -13.122 13.1228 0.000813911
260.449 -0.014815 0.00623026 -13.1211 13.1219 0.000818348
260.461 -0.0148167 0.00622966 -13.1202 13.121 0.000822569
260.472 -0.0148185 0.00622945 -13.1193 13.1201 0.000827489
260.483 -0.0148206 0.0062283 -13.1183 13.1191 0.000832634
260.494 -0.0148217 0.0062263 -13.1172 13.1181 0.000837568
260.506 -0.0148225 0.00622384 -13.1162 13.117 0.000842949
260.517 -0.0148242 0.00622228 -13.1151 13.1159 0.000848523
260.528 -0.014826 0.00621998 -13.114 13.1148 0.000852666
260.539 -0.0148274 0.00621784 -13.1128 13.1136 0.000857098
260.551 -0.014829 0.00621555 -13.1116 13.1124 0.000861884
260.562 -0.01483 0.00621318 -13.1103 13.1112 0.000865975
260.573 -0.0148309 0.00621093 -13.109 13.1099 0.000871264
260.584 -0.0148321 0.00620847 -13.1077 13.1085 0.000876103
260.596 -0.0148332 0.00620569 -13.1063 13.1072 0.000880498
260.607 -0.0148342 0.00620345 -13.1049 13.1058 0.000885453
260.618 -0.0148355 0.00620106 -13.1035 13.1044 0.000889996
260.629 -0.0148371 0.00619962 -13.102 13.1029 0.000893934
260.64 -0.0148383 0.00619824 -13.1005 13.1014 0.00089768
260.652 -0.0148388 0.00619663 -13.099 13.0999 0.000901218
260.663 -0.0148398 0.00619496 -13.0974 13.0983 0.000904528
260.674 -0.0148409 0.00619247 -13.0958 13.0967 0.000908213
260.685 -0.0148433 0.00619043 -13.0941 13.0951 0.000912486
260.697 -0.0148453 0.00618924 -13.0925 13.0934 0.000917072
260.708 -0.0148476 0.00618801 -13.0908 13.0917 0.000921617
260.719 -0.0148506 0.00618715 -13.089 13.09 0.000926407
260.73 -0.0148532 0.00618564 -13.0873 13.0882 0.000929955
260.742 -0.0148556 0.00618431 -13.0855 13.0864 0.000933489
260.753 -0.0148571 0.0061835 -13.0837 13.0846 0.000937042
260.764 -0.0148591 0.00618295 -13.0818 13.0827 0.000939689
260.775 -0.0148607 0.00618248 -13.0799 13.0809 0.000943038
260.787 -0.0148624 0.00618182 -13.078 13.0789 0.000947064
260.798 -0.0148634 0.00617988 -13.0761 13.077 0.000950697
260.809 -0.0148645 0.00617726 -13.0741 13.075 0.000953939
260.82 -0.0148659 0.00617536 -13.0721 13.073 0.000957955
260.831 -0.0148668 0.00617412 -13.07 13.071 0.000962401
260.843 -0.0148679 0.0061733 -13.068 13.069 0.000966399
260.854 -0.0148693 0.00617162 -13.0659 13.0669 0.00097066
260.865 -0.0148712 0.00617043 -13.0638 13.0648 0.000974576
260.876 -0.0148739 0.00616894 -13.0617 13.0627 0.00097895
260.888 -0.0148761 0.0061678 -13.0596 13.0606 0.000983591
260.899 -0.0148784 0.00616694 -13.0574 13.0584 0.000987887
260.91 -0.014881 0.00616551 -13.0552 13.0562 0.000991381
260.921 -0.0148829 0.00616434 -13.0529 13.0539 0.000995602
260.933 -0.0148848 0.00616188 -13.0506 13.0516 0.000998773
260.944 -0.014887 0.00615938 -13.0483 13.0493 0.0010004
260.955 -0.0148891 0.00615761 -13.0459 13.0469 0.00100343
260.966 -0.0148912 0.00615542 -13.0434 13.0444 0.00100595
260.978 -0.0148936 0.0061529 -13.041 13.042 0.00100827
260.989 -0.0148949 0.00615185 -13.0385 13.0395 0.00101269
261 -0.0148968 0.00614995 -13.0359 13.037 0.00101725
261.011 -0.014898 0.00614862 -13.0334 13.0344 0.00102164
261.022 -0.0148996 0.00614706 -13.0308 13.0318 0.00102645
261.034 -0.0149007 0.00614639 -13.0282 13.0292 0.00103099
261.045 -0.0149021 0.00614529 -13.0256 13.0266 0.00103525
261.056 -0.014904 0.00614461 -13.0229 13.024 0.00103931
261.067 -0.014906 0.00614403 -13.0202 13.0213 0.00104373
261.079 -0.0149067 0.0061431 -13.0175 13.0186 0.00104674
261.09 -0.0149074 0.00614266 -13.0148 13.0158 0.00105043
261.101 -0.0149072 0.0061419 -13.012 13.013 0.00105376
261.112 -0.0149079 0.00614138 -13.0091 13.0102 0.00105639
261.124 -0.014909 0.00614124 -13.0062 13.0073 0.00105944
261.135 -0.0149105 0.0061411 -13.0033 13.0044 0.00106254
261.146 -0.0149119 0.00614103 -13.0003 13.0014 0.00106635
261.157 -0.0149122 0.00614025 -12.9973 12.9984 0.00106986
261.169 -0.0149126 0.00613982 -12.9942 12.9953 0.00107362
261.18 -0.0149132 0.00613991 -12.9912 12.9922 0.00107709
261.191 -0.014914 0.00614051 -12.988 12.9891 0.00108165
261.202 -0.0149142 0.00614128 -12.9848 12.9859 0.00108493
261.213 -0.0149152 0.00614199 -12.9816 12.9827 0.0010884
261.225 -0.0149163 0.00614287 -12.9784 12.9794 0.00109246
261.236 -0.0149177 0.00614372 -12.9751 12.9762 0.00109584
261.247 -0.0149195 0.006144 -12.9717 12.9728 0.00109764
261.258 -0.0149211 0.0061443 -12.9683 12.9694 0.00110066
261.27 -0.0149215 0.00614358 -12.9649 12.966 0.00110333
261.281 -0.0149215 0.00614294 -12.9614 12.9625 0.00110433
261.292 -0.0149211 0.00614191 -12.9579 12.959 0.00110579
261.303 -0.0149218 0.00613964 -12.9542 12.9553 0.00110791
261.315 -0.0149227 0.00613933 -12.9506 12.9517 0.00111104
261.326 -0.0149233 0.00613921 -12.9469 12.948 0.00111407
261.337 -0.0149246 0.00613891 -12.9432 12.9443 0.00111772
261.348 -0.014926 0.00613851 -12.9394 12.9405 0.00112119
261.36 -0.0149274 0.00613761 -12.9356 12.9367 0.00112481
261.371 -0.0149291 0.00613701 -12.9318 12.9329 0.00112855
261.382 -0.0149302 0.00613661 -12.9279 12.9291 0.00113161
261.393 -0.0149315 0.00613685 -12.924 12.9252 0.00113534
261.404 -0.0149328 0.00613744 -12.9201 12.9212 0.00113895
261.416 -0.0149342 0.0061379 -12.9162 12.9173 0.00114162
261.427 -0.014935 0.00613766 -12.9122 12.9133 0.00114424
261.438 -0.0149355 0.00613791 -12.9082 12.9094 0.00114683
261.449 -0.0149368 0.0061377 -12.9042 12.9053 0.00115005
261.461 -0.0149373 0.00613702 -12.9001 12.9013 0.00115332
261.472 -0.0149376 0.0061371 -12.8961 12.8972 0.00115601
261.483 -0.0149383 0.00613666 -12.892 12.8931 0.00115941
261.494 -0.0149384 0.00613589 -12.8878 12.889 0.00116227
261.506 -0.0149386 0.00613498 -12.8836 12.8848 0.00116506
261.517 -0.0149398 0.00613345 -12.8795 12.8806 0.00116769
261.528 -0.0149406 0.0061328 -12.8752 12.8764 0.00117045
261.539 -0.0149427 0.00613194 -12.8709 12.872 0.00117289
261.551 -0.0149454 0.00613043 -12.8665 12.8677 0.00117466
261.562 -0.0149477 0.00612877 -12.8621 12.8633 0.00117681
261.573 -0.014949 0.0061281 -12.8577 12.8588 0.00117856
261.584 -0.0149506 0.00612735 -12.8532 12.8544 0.00118027
261.596 -0.0149521 0.00612753 -12.8486 12.8498 0.00118327
261.607 -0.0149529 0.00612656 -12.844 12.8452 0.00118533
261.618 -0.0149531 0.00612643 -12.8394 12.8406 0.00118672
261.629 -0.0149536 0.006126 -12.8347 12.8358 0.00118859
261.64 -0.0149547 0.0061267 -12.8299 12.8311 0.00119197
261.652 -0.0149548 0.00612709 -12.8252 12.8264 0.00119542
261.663 -0.0149554 0.00612686 -12.8204 12.8216 0.00119893
261.674 -0.0149554 0.00612615 -12.8155 12.8167 0.00120247
261.685 -0.0149555 0.00612589 -12.8107 12.8119 0.00120575
261.697 -0.0149552 0.00612564 -12.8058 12.807 0.0012081
261.708 -0.0149554 0.00612614 -12.8008 12.802 0.00121023
261.719 -0.0149559 0.00612674 -12.7959 12.7971 0.00121202
261.73 -0.0149571 0.00612707 -12.7908 12.7921 0.00121471
261.742 -0.0149585 0.00612745 -12.7858 12.787 0.00121831
261.753 -0.0149597 0.00612739 -12.7807 12.782 0.00122096
261.764 -0.0149616 0.00612671 -12.7756 12.7768 0.00122372
261.775 -0.0149631 0.00612533 -12.7705 12.7717 0.0012243
261.787 -0.0149644 0.00612393 -12.7653 12.7665 0.00122454
261.798 -0.0149659 0.0061232 -12.76 12.7612 0.0012256
261.809 -0.0149676 0.00612327 -12.7547 12.7559 0.00122733
261.82 -0.014969 0.00612344 -12.7494 12.7507 0.00122997
261.831 -0.0149709 0.00612358 -12.7441 12.7453 0.0012333
261.843 -0.0149719 0.00612396 -12.7387 12.74 0.00123703
261.854 -0.0149733 0.00612448 -12.7334 12.7346 0.00124034
261.865 -0.0149738 0.0061248 -12.728 12.7292 0.00124289
261.876 -0.0149745 0.00612489 -12.7225 12.7238 0.0012457
261.888 -0.0149755 0.006125 -12.7171 12.7183 0.00124849
261.899 -0.0149753 0.00612517 -12.7116 12.7129 0.00125114
261.91 -0.0149759 0.0061247 -12.7061 12.7074 0.00125442
261.921 -0.0149763 0.0061247 -12.7006 12.7019 0.00125697
261.933 -0.0149768 0.00612433 -12.6951 12.6963 0.00125956
261.944 -0.0149776 0.00612379 -12.6895 12.6908 0.00126215
261.955 -0.0149792 0.00612366 -12.684 12.6852 0.00126497
261.966 -0.0149807 0.00612304 -12.6784 12.6796 0.00126771
261.978 -0.0149823 0.00612278 -12.6728 12.674 0.00127095
261.989 -0.0149843 0.00612295 -12.6672 12.6684 0.00127371
262 -0.0149857 0.00612299 -12.6615 12.6628 0.00127593
262.011 -0.0149869 0.00612418 -12.6558 12.6571 0.00127881
262.022 -0.0149886 0.00612426 -12.6501 12.6514 0.00128155
262.034 -0.0149898 0.00612414 -12.6444 12.6457 0.001285
262.045 -0.0149916 0.006125 -12.6386 12.6399 0.00128962
262.056 -0.0149923 0.00612624 -12.6329 12.6342 0.00129284
262.067 -0.0149929 0.00612683 -12.6271 12.6284 0.00129616
262.079 -0.0149932 0.006128 -12.6213 12.6226 0.00129877
262.09 -0.0149945 0.00612891 -12.6155 12.6168 0.00130156
262.101 -0.0149953 0.00612938 -12.6097 12.611 0.00130382
262.112 -0.0149965 0.00612934 -12.6038 12.6051 0.00130688
262.124 -0.0149976 0.00612977 -12.598 12.5993 0.00130974
262.135 -0.0149992 0.00612957 -12.5922 12.5935 0.00131333
262.146 -0.0150006 0.00612957 -12.5863 12.5876 0.0013164
262.157 -0.0150025 0.00613003 -12.5804 12.5817 0.00132022
262.169 -0.0150038 0.00612875 -12.5745 12.5758 0.0013232
262.18 -0.0150055 0.006127 -12.5686 12.5699 0.00132558
262.191 -0.0150078 0.00612646 -12.5627 12.564 0.00132766
262.202 -0.0150099 0.00612564 -12.5567 12.558 0.00133046
262.213 -0.0150116 0.00612462 -12.5507 12.5521 0.00133276
262.225 -0.0150132 0.00612352 -12.5447 12.5461 0.00133505
262.236 -0.0150149 0.00612277 -12.5387 12.5401 0.00133814
262.247 -0.0150164 0.00612234 -12.5327 12.534 0.00134161
262.258 -0.0150178 0.00612289 -12.5267 12.528 0.00134443
262.27 -0.0150196 0.00612303 -12.5207 12.522 0.00134771
262.281 -0.0150211 0.00612261 -12.5146 12.516 0.00134969
262.292 -0.0150226 0.00612245 -12.5086 12.5099 0.00135224
262.303 -0.0150238 0.00612246 -12.5025 12.5039 0.00135522
262.315 -0.0150249 0.00612231 -12.4965 12.4978 0.00135747
262.326 -0.0150262 0.00612166 -12.4904 12.4918 0.0013595
262.337 -0.0150265 0.00612162 -12.4843 12.4857 0.00136144
262.348 -0.0150269 0.0061221 -12.4783 12.4796 0.00136343
262.36 -0.0150278 0.00612226 -12.4722 12.4735 0.00136566
262.371 -0.0150289 0.00612213 -12.4661 12.4674 0.00136806
262.382 -0.0150303 0.00612197 -12.46 12.4614 0.00137076
262.393 -0.0150315 0.00612179 -12.4539 12.4553 0.00137264
262.404 -0.0150321 0.00612111 -12.4478 12.4492 0.00137401
262.416 -0.0150331 0.00612079 -12.4417 12.4431 0.00137698
262.427 -0.0150349 0.00611994 -12.4356 12.4369 0.00137903
262.438 -0.0150358 0.00611976 -12.4294 12.4308 0.00138253
262.449 -0.0150357 0.00611797 -12.4233 12.4247 0.00138456
262.461 -0.0150365 0.00611655 -12.4172 12.4186 0.0013863
262.472 -0.0150379 0.0061148 -12.4111 12.4125 0.00138817
262.483 -0.0150395 0.00611427 -12.405 12.4064 0.00139054
262.494 -0.0150407 0.00611396 -12.399 12.4004 0.00139205
262.506 -0.0150428 0.00611378 -12.3929 12.3943 0.00139464
262.517 -0.0150442 0.00611322 -12.3869 12.3883 0.00139706
262.528 -0.0150451 0.00611297 -12.3809 12.3823 0.00140004
262.539 -0.0150462 0.00611282 -12.3748 12.3762 0.0014026
262.551 -0.0150475 0.00611294 -12.3688 12.3702 0.00140515
262.562 -0.0150492 0.00611198 -12.3628 12.3643 0.00140683
262.573 -0.0150512 0.00611116 -12.3569 12.3583 0.00140888
262.584 -0.015052 0.00610976 -12.3509 12.3523 0.00141052
262.596 -0.0150534 0.00610868 -12.3449 12.3463 0.00141211
262.607 -0.0150552 0.00610797 -12.3389 12.3403 0.00141309
262.618 -0.0150571 0.00610731 -12.333 12.3344 0.00141413
262.629 -0.0150587 0.00610731 -12.3271 12.3285 0.00141564
262.64 -0.01506 0.00610725 -12.3211 12.3226 0.00141792
262.652 -0.015061 0.00610683 -12.3152 12.3166 0.00142043
262.663 -0.015062 0.00610669 -12.3094 12.3108 0.00142287
262.674 -0.0150631 0.00610587 -12.3035 12.3049 0.00142505
262.685 -0.0150644 0.00610558 -12.2976 12.2991 0.00142721
262.697 -0.0150659 0.00610599 -12.2918 12.2933 0.00142942
262.708 -0.0150678 0.00610697 -12.286 12.2875 0.00143244
262.719 -0.0150698 0.00610835 -12.2803 12.2817 0.00143508
262.73 -0.0150719 0.00610947 -12.2746 12.276 0.00143707
262.742 -0.0150742 0.00611045 -12.2689 12.2704 0.00143947
262.753 -0.0150766 0.00611115 -12.2633 12.2647 0.00144186
262.764 -0.015079 0.00611125 -12.2577 12.2591 0.00144432
262.775 -0.0150811 0.00611041 -12.2521 12.2535 0.00144614
262.787 -0.0150829 0.00610908 -12.2465 12.248 0.00144761
262.798 -0.0150856 0.00610789 -12.241 12.2424 0.00144914
262.809 -0.0150884 0.00610687 -12.2354 12.2369 0.00145044
262.82 -0.0150895 0.00610577 -12.2299 12.2314 0.00145148
262.831 -0.0150907 0.00610494 -12.2244 12.2259 0.0014529
262.843 -0.0150909 0.00610443 -12.2189 12.2204 0.00145386
262.854 -0.0150919 0.00610403 -12.2134 12.2149 0.00145576
262.865 -0.0150928 0.00610394 -12.208 12.2095 0.00145748
262.876 -0.0150942 0.0061045 -12.2026 12.204 0.00146044
262.888 -0.0150967 0.0061056 -12.1972 12.1987 0.00146291
262.899 -0.0150997 0.00610624 -12.192 12.1934 0.00146483
262.91 -0.0151022 0.00610711 -12.1867 12.1882 0.00146714
262.921 -0.0151051 0.00610792 -12.1815 12.183 0.00147012
262.933 -0.0151073 0.0061089 -12.1764 12.1779 0.00147318
262.944 -0.0151097 0.00610962 -12.1714 12.1728 0.00147611
262.955 -0.0151116 0.00610964 -12.1663 12.1678 0.00147894
262.966 -0.0151134 0.00611022 -12.1614 12.1629 0.00148132
262.978 -0.0151138 0.00610939 -12.1565 12.1579 0.00148326
262.989 -0.015114 0.00610758 -12.1516 12.1531 0.00148506
263 -0.0151146 0.00610553 -12.1467 12.1482 0.00148725
263.011 -0.0151155 0.00610459 -12.1419 12.1434 0.00148981
263.022 -0.0151159 0.00610354 -12.1372 12.1387 0.00149239
263.034 -0.0151168 0.00610312 -12.1325 12.134 0.00149486
263.045 -0.0151184 0.00610284 -12.1278 12.1293 0.00149731
263.056 -0.0151201 0.00610231 -12.1232 12.1247 0.00150004
263.067 -0.0151208 0.0061014 -12.1186 12.1201 0.00150204
263.079 -0.0151219 0.00610111 -12.1141 12.1156 0.0015046
263.09 -0.0151232 0.00610028 -12.1096 12.1111 0.0015069
263.101 -0.0151245 0.00609949 -12.1052 12.1067 0.00150843
263.112 -0.0151261 0.00609955 -12.1008 12.1023 0.00151073
263.124 -0.0151283 0.00610027 -12.0964 12.098 0.00151255
263.135 -0.0151309 0.00610138 -12.0922 12.0937 0.00151466
263.146 -0.0151328 0.00610291 -12.0879 12.0894 0.00151675
263.157 -0.0151353 0.00610405 -12.0837 12.0853 0.00151944
263.169 -0.015137 0.00610464 -12.0796 12.0812 0.00152173
263.18 -0.0151389 0.00610459 -12.0756 12.0771 0.00152371
263.191 -0.0151403 0.0061045 -12.0716 12.0731 0.00152655
263.202 -0.0151418 0.0061042 -12.0677 12.0692 0.00152875
263.213 -0.0151422 0.00610446 -12.0638 12.0653 0.00153112
263.225 -0.015142 0.00610468 -12.0599 12.0615 0.00153396
263.236 -0.0151422 0.00610443 -12.0562 12.0577 0.00153607
263.247 -0.0151431 0.00610512 -12.0524 12.054 0.00153846
263.258 -0.0151439 0.00610489 -12.0488 12.0503 0.00154043
263.27 -0.0151445 0.00610503 -12.0451 12.0467 0.00154318
263.281 -0.015145 0.00610501 -12.0416 12.0431 0.00154621
263.292 -0.0151455 0.00610444 -12.0381 12.0397 0.00154935
263.303 -0.0151466 0.006104 -12.0347 12.0363 0.00155388
263.315 -0.015148 0.00610369 -12.0314 12.033 0.00155769
263.326 -0.0151499 0.00610374 -12.0282 12.0297 0.00156121
263.337 -0.0151518 0.00610259 -12.025 12.0266 0.00156379
263.348 -0.0151534 0.00610203 -12.0219 12.0234 0.00156702
263.36 -0.0151555 0.00610211 -12.0188 12.0204 0.00156996
263.371 -0.0151575 0.00610247 -12.0158 12.0174 0.00157256
263.382 -0.01516 0.00610349 -12.0129 12.0145 0.00157505
263.393 -0.0151625 0.00610431 -12.0101 12.0117 0.00157831
263.404 -0.015165 0.00610488 -12.0074 12.0089 0.00158164
263.416 -0.0151668 0.0061047 -12.0047 12.0063 0.00158525
263.427 -0.0151698 0.00610563 -12.0021 12.0037 0.00158801
263.438 -0.0151721 0.00610555 -11.9997 12.0013 0.0015899
263.449 -0.0151728 0.00610601 -11.9972 11.9988 0.00159223
263.461 -0.0151735 0.00610626 -11.9949 11.9965 0.00159522
263.472 -0.0151741 0.00610705 -11.9926 11.9942 0.00159786
263.483 -0.0151748 0.0061079 -11.9904 11.992 0.00160148
263.494 -0.0151752 0.00610891 -11.9882 11.9898 0.00160481
263.506 -0.015176 0.00610946 -11.9862 11.9878 0.00160765
263.517 -0.0151765 0.00610936 -11.9842 11.9858 0.00161209
263.528 -0.0151776 0.00610987 -11.9823 11.9839 0.0016158
263.539 -0.0151788 0.00611015 -11.9805 11.9821 0.00161937
263.551 -0.0151804 0.00610997 -11.9788 11.9804 0.00162256
263.562 -0.0151813 0.00610921 -11.9771 11.9788 0.00162542
263.573 -0.0151829 0.00610794 -11.9756 11.9772 0.00162813
263.584 -0.0151836 0.00610697 -11.9741 11.9757 0.00163138
263.596 -0.0151847 0.00610689 -11.9727 11.9743 0.0016348
263.607 -0.0151857 0.00610751 -11.9714 11.973 0.00163751
263.618 -0.0151871 0.00610814 -11.9701 11.9718 0.00164049
263.629 -0.0151881 0.00610907 -11.969 11.9706 0.00164392
263.64 -0.0151902 0.00611009 -11.9679 11.9696 0.00164648
263.652 -0.0151926 0.00611173 -11.967 11.9686 0.00165029
263.663 -0.015195 0.00611318 -11.9661 11.9677 0.00165501
263.674 -0.0151971 0.00611428 -11.9653 11.967 0.00165962
263.685 -0.0151999 0.00611645 -11.9646 11.9663 0.00166383
263.697 -0.0152029 0.00611786 -11.964 11.9657 0.00166694
263.708 -0.0152058 0.00611843 -11.9634 11.9651 0.00167094
263.719 -0.0152074 0.00612018 -11.963 11.9647 0.00167631
263.73 -0.0152069 0.00612085 -11.9626 11.9643 0.00167965
263.742 -0.0152071 0.00612137 -11.9623 11.964 0.00168338
263.753 -0.0152074 0.00612246 -11.9621 11.9638 0.00168707
263.764 -0.0152082 0.0061237 -11.962 11.9637 0.00169134
263.775 -0.0152094 0.00612505 -11.962 11.9637 0.00169478
263.787 -0.0152112 0.00612555 -11.962 11.9637 0.00169914
263.798 -0.0152132 0.00612674 -11.9622 11.9639 0.00170368
263.809 -0.0152154 0.00612874 -11.9624 11.9642 0.00170822
263.82 -0.0152165 0.00613028 -11.9628 11.9645 0.00171281
263.831 -0.0152181 0.00613173 -11.9633 11.965 0.00171718
263.843 -0.0152199 0.00613245 -11.9638 11.9655 0.00172141
263.854 -0.0152212 0.00613346 -11.9645 11.9662 0.00172552
263.865 -0.0152219 0.00613354 -11.9652 11.9669 0.00172946
263.876 -0.0152231 0.00613371 -11.966 11.9678 0.00173354
263.888 -0.0152234 0.00613425 -11.967 11.9687 0.00173677
263.899 -0.015224 0.0061356 -11.968 11.9697 0.00173928
263.91 -0.0152251 0.00613655 -11.9691 11.9709 0.00174059
263.921 -0.0152259 0.00613644 -11.9703 11.972 0.00174344
263.933 -0.0152273 0.00613788 -11.9716 11.9733 0.00174704
263.944 -0.0152288 0.00613956 -11.973 11.9747 0.0017504
263.955 -0.0152311 0.00614206 -11.9744 11.9762 0.00175442
263.966 -0.0152334 0.00614354 -11.976 11.9777 0.00175825
263.978 -0.0152361 0.00614506 -11.9776 11.9794 0.00176207
263.989 -0.0152386 0.00614671 -11.9794 11.9812 0.00176701
264 -0.0152409 0.00614835 -11.9812 11.983 0.00177136
264.011 -0.0152427 0.00614982 -11.9832 11.9849 0.00177562
264.022 -0.0152452 0.00615198 -11.9852 11.9869 0.00178081
264.034 -0.0152483 0.00615363 -11.9873 11.9891 0.00178471
264.045 -0.0152508 0.00615489 -11.9895 11.9913 0.00178794
264.056 -0.0152533 0.00615616 -11.9917 11.9935 0.00179143
264.067 -0.0152555 0.00615642 -11.994 11.9958 0.00179428
264.079 -0.0152569 0.00615775 -11.9964 11.9982 0.00179821
264.09 -0.0152571 0.00615857 -11.999 12.0008 0.00180135
264.101 -0.0152581 0.0061593 -12.0015 12.0033 0.00180534
264.112 -0.0152594 0.00616006 -12.0042 12.006 0.00180881
264.124 -0.0152607 0.00616146 -12.007 12.0088 0.00181263
264.135 -0.0152619 0.0061632 -12.0098 12.0116 0.00181669
264.146 -0.0152633 0.00616521 -12.0127 12.0146 0.00182107
264.157 -0.0152646 0.00616746 -12.0157 12.0176 0.00182537
264.169 -0.0152663 0.00616979 -12.0189 12.0207 0.00182997
264.18 -0.0152688 0.00617181 -12.0221 12.0239 0.00183373
264.191 -0.0152702 0.00617307 -12.0253 12.0271 0.00183826
264.202 -0.0152717 0.00617488 -12.0287 12.0305 0.00184311
264.213 -0.0152723 0.00617585 -12.0322 12.034 0.00184828
264.225 -0.0152735 0.00617706 -12.0357 12.0376 0.00185293
264.236 -0.0152744 0.00617806 -12.0393 12.0412 0.00185697
264.247 -0.0152753 0.00617987 -12.043 12.0449 0.00186026
264.258 -0.0152769 0.00618186 -12.0467 12.0486 0.00186397
264.27 -0.0152781 0.00618318 -12.0506 12.0524 0.00186699
264.281 -0.0152794 0.00618442 -12.0545 12.0564 0.00187042
264.292 -0.0152811 0.00618582 -12.0585 12.0603 0.00187431
264.303 -0.0152832 0.0061875 -12.0625 12.0644 0.00187811
264.315 -0.0152852 0.00618869 -12.0666 12.0685 0.00188192
264.326 -0.015287 0.00619113 -12.0708 12.0727 0.00188602
264.337 -0.015289 0.00619281 -12.075 12.0769 0.00188995
264.348 -0.0152907 0.00619505 -12.0794 12.0813 0.00189331
264.36 -0.0152919 0.00619746 -12.0837 12.0856 0.00189739
264.371 -0.0152938 0.00619924 -12.0881 12.09 0.00190183
264.382 -0.0152959 0.00620168 -12.0927 12.0946 0.00190569
264.393 -0.0152977 0.00620363 -12.0972 12.0991 0.00190923
264.404 -0.0152999 0.00620528 -12.1019 12.1038 0.00191424
264.416 -0.0153023 0.00620665 -12.1066 12.1085 0.00191834
264.427 -0.0153047 0.0062078 -12.1114 12.1133 0.00192368
264.438 -0.0153072 0.00620965 -12.1162 12.1182 0.00192875
264.449 -0.0153093 0.00621131 -12.1211 12.1231 0.0019339
264.461 -0.0153112 0.00621299 -12.1261 12.1281 0.00193913
264.472 -0.0153134 0.00621468 -12.1312 12.1331 0.00194388
264.483 -0.0153158 0.00621656 -12.1363 12.1382 0.00194878
264.494 -0.0153176 0.00621819 -12.1414 12.1434 0.00195288
264.506 -0.0153186 0.0062202 -12.1466 12.1486 0.00195694
264.517 -0.0153199 0.0062217 -12.1519 12.1538 0.00196092
264.528 -0.0153209 0.00622378 -12.1571 12.1591 0.00196496
264.539 -0.0153222 0.00622563 -12.1625 12.1644 0.00196813
264.551 -0.0153236 0.00622799 -12.1678 12.1698 0.00197175
264.562 -0.0153255 0.0062306 -12.1733 12.1752 0.00197573
264.573 -0.0153275 0.00623292 -12.1787 12.1807 0.0019801
264.584 -0.0153292 0.00623535 -12.1842 12.1862 0.00198454
264.596 -0.0153311 0.00623765 -12.1897 12.1917 0.00198901
264.607 -0.0153326 0.00623979 -12.1952 12.1972 0.00199319
264.618 -0.0153342 0.00624142 -12.2008 12.2028 0.00199771
264.629 -0.0153359 0.006243 -12.2064 12.2084 0.00200202
264.64 -0.0153377 0.00624411 -12.212 12.214 0.00200588
264.652 -0.015339 0.00624589 -12.2176 12.2196 0.00201022
264.663 -0.0153409 0.0062469 -12.2232 12.2252 0.00201502
264.674 -0.0153428 0.00624815 -12.2289 12.2309 0.00201971
264.685 -0.0153442 0.00624916 -12.2345 12.2365 0.00202331
264.697 -0.0153458 0.00625007 -12.2402 12.2422 0.00202713
264.708 -0.0153469 0.00625122 -12.2458 12.2479 0.00203112
264.719 -0.0153492 0.00625284 -12.2515 12.2535 0.00203423
264.73 -0.0153502 0.00625362 -12.2571 12.2592 0.00203728
264.742 -0.0153522 0.00625434 -12.2628 12.2648 0.00204034
264.753 -0.0153541 0.00625449 -12.2684 12.2705 0.00204292
264.764 -0.0153561 0.0062548 -12.274 12.276 0.00204628
264.775 -0.0153581 0.00625514 -12.2796 12.2816 0.00204915
264.787 -0.0153596 0.00625574 -12.2852 12.2872 0.00205204
264.798 -0.0153611 0.00625721 -12.2907 12.2928 0.00205466
264.809 -0.0153625 0.00625808 -12.2963 12.2983 0.00205738
264.82 -0.0153636 0.00625842 -12.3018 12.3038 0.00206044
264.831 -0.0153644 0.00625886 -12.3072 12.3093 0.00206471
264.843 -0.0153652 0.00625921 -12.3127 12.3148 0.00206797
264.854 -0.0153662 0.00625981 -12.3182 12.3203 0.00207112
264.865 -0.0153672 0.00626092 -12.3236 12.3257 0.00207467
264.876 -0.0153688 0.00626166 -12.329 12.3311 0.00207825
264.888 -0.01537 0.00626266 -12.3344 12.3365 0.00208134
264.899 -0.0153714 0.00626332 -12.3398 12.3419 0.00208543
264.91 -0.0153724 0.00626374 -12.3451 12.3472 0.00208879
264.921 -0.0153734 0.0062649 -12.3505 12.3525 0.00209265
264.933 -0.0153748 0.00626557 -12.3557 12.3578 0.00209616
264.944 -0.0153762 0.00626647 -12.361 12.3631 0.00209956
264.955 -0.0153776 0.0062671 -12.3662 12.3683 0.00210241
264.966 -0.0153789 0.00626857 -12.3713 12.3735 0.00210567
264.978 -0.0153807 0.00626973 -12.3765 12.3786 0.00210905
264.989 -0.0153819 0.00627087 -12.3816 12.3837 0.00211249
265 -0.015384 0.00627135 -12.3867 12.3888 0.00211572
265.011 -0.0153865 0.00627181 -12.3917 12.3938 0.0021189
265.022 -0.0153889 0.00627201 -12.3967 12.3988 0.00212173
265.034 -0.0153909 0.00627286 -12.4016 12.4037 0.00212417
265.045 -0.0153931 0.00627363 -12.4065 12.4086 0.00212703
265.056 -0.0153952 0.00627384 -12.4113 12.4135 0.00212987
265.067 -0.0153971 0.00627397 -12.4161 12.4182 0.00213254
265.079 -0.015399 0.00627439 -12.4208 12.4229 0.00213526
265.09 -0.0154011 0.00627526 -12.4254 12.4276 0.0021373
265.101 -0.0154029 0.00627539 -12.43 12.4322 0.00213875
265.112 -0.0154042 0.0062761 -12.4345 12.4367 0.00214006
265.124 -0.0154061 0.00627715 -12.439 12.4411 0.00214173
265.135 -0.0154079 0.0062783 -12.4433 12.4455 0.00214381
265.146 -0.0154091 0.00627944 -12.4477 12.4499 0.00214593
265.157 -0.0154102 0.00628164 -12.452 12.4541 0.00214811
265.169 -0.0154122 0.0062829 -12.4562 12.4583 0.00215084
265.18 -0.0154143 0.00628426 -12.4603 12.4624 0.00215297
265.191 -0.0154166 0.00628465 -12.4644 12.4665 0.00215493
265.202 -0.015418 0.00628504 -12.4683 12.4705 0.00215737
265.213 -0.0154198 0.00628568 -12.4722 12.4744 0.00216019
265.225 -0.0154217 0.00628647 -12.4761 12.4782 0.00216237
265.236 -0.0154235 0.00628683 -12.4798 12.482 0.0021643
265.247 -0.0154255 0.00628723 -12.4834 12.4856 0.00216718
265.258 -0.0154267 0.0062877 -12.4869 12.4891 0.00217081
265.27 -0.015428 0.00628822 -12.4904 12.4925 0.00217434
265.281 -0.0154293 0.00628805 -12.4937 12.4959 0.00217792
265.292 -0.0154305 0.00628883 -12.497 12.4992 0.00218044
265.303 -0.015432 0.00629006 -12.5002 12.5024 0.00218344
265.315 -0.015433 0.00629152 -12.5033 12.5055 0.00218607
265.326 -0.0154344 0.00629301 -12.5063 12.5085 0.00218874
265.337 -0.0154355 0.00629397 -12.5092 12.5114 0.00219142
265.348 -0.0154361 0.00629491 -12.5121 12.5143 0.00219526
265.36 -0.0154368 0.00629639 -12.5148 12.517 0.00219856
265.371 -0.0154373 0.00629726 -12.5175 12.5197 0.00220205
265.382 -0.0154374 0.00629802 -12.52 12.5222 0.00220499
265.393 -0.0154379 0.00629832 -12.5225 12.5247 0.00220745
265.404 -0.0154384 0.00629821 -12.5249 12.5271 0.00221036
265.416 -0.015439 0.00629794 -12.5272 12.5294 0.00221247
265.427 -0.0154388 0.00629773 -12.5294 12.5316 0.00221463
265.438 -0.0154388 0.0062969 -12.5314 12.5336 0.00221717
265.449 -0.0154391 0.00629618 -12.5333 12.5356 0.00221972
265.461 -0.0154399 0.00629665 -12.5352 12.5374 0.00222148
265.472 -0.0154408 0.00629701 -12.5369 12.5391 0.00222348
265.483 -0.0154416 0.0062975 -12.5385 12.5407 0.00222539
265.494 -0.0154426 0.00629724 -12.54 12.5422 0.00222701
265.506 -0.0154433 0.00629757 -12.5414 12.5436 0.00222932
265.517 -0.0154442 0.0062987 -12.5426 12.5449 0.00223151
265.528 -0.015445 0.00629979 -12.5438 12.546 0.00223362
265.539 -0.0154458 0.00630015 -12.5449 12.5471 0.00223596
265.551 -0.0154458 0.00630022 -12.5458 12.548 0.00223844
265.562 -0.0154465 0.00630046 -12.5466 12.5489 0.00224173
265.573 -0.0154461 0.00630029 -12.5473 12.5496 0.00224396
265.584 -0.0154464 0.00629949 -12.5479 12.5502 0.00224649
265.596 -0.0154469 0.00629906 -12.5484 12.5506 0.002248
265.607 -0.0154476 0.00629872 -12.5487 12.551 0.00224987
265.618 -0.0154478 0.00629844 -12.549 12.5512 0.00225151
265.629 -0.0154479 0.00629844 -12.5491 12.5513 0.00225233
265.64 -0.0154475 0.0062987 -12.549 12.5513 0.00225451
265.652 -0.0154472 0.00629726 -12.5488 12.5511 0.00225625
265.663 -0.0154466 0.00629633 -12.5485 12.5508 0.00225687
265.674 -0.0154464 0.0062961 -12.548 12.5503 0.00225811
265.685 -0.015446 0.00629609 -12.5474 12.5497 0.00225964
265.697 -0.0154456 0.00629587 -12.5467 12.549 0.00226097
265.708 -0.015446 0.00629545 -12.5458 12.5481 0.00226268
265.719 -0.0154461 0.00629512 -12.5449 12.5471 0.00226351
265.73 -0.0154465 0.00629509 -12.5437 12.546 0.00226523
265.742 -0.0154464 0.00629471 -12.5425 12.5447 0.00226751
265.753 -0.015447 0.00629497 -12.5411 12.5434 0.00226918
265.764 -0.015448 0.00629485 -12.5396 12.5419 0.0022701
265.775 -0.0154487 0.00629495 -12.5379 12.5402 0.00227157
265.787 -0.015449 0.00629454 -12.5362 12.5384 0.00227198
265.798 -0.0154491 0.00629392 -12.5343 12.5366 0.00227193
265.809 -0.0154492 0.00629329 -12.5322 12.5345 0.0022725
265.82 -0.0154493 0.00629229 -12.5301 12.5324 0.0022735
265.831 -0.0154491 0.00629143 -12.5278 12.5301 0.002275
265.843 -0.0154486 0.00629052 -12.5255 12.5277 0.00227693
265.854 -0.0154483 0.0062896 -12.523 12.5253 0.00227872
265.865 -0.0154479 0.0062887 -12.5204 12.5227 0.0022801
265.876 -0.0154477 0.00628871 -12.5176 12.5199 0.0022811
265.888 -0.0154475 0.00628819 -12.5148 12.5171 0.00228205
265.899 -0.015447 0.00628725 -12.5119 12.5142 0.00228377
265.91 -0.0154472 0.00628653 -12.5088 12.5111 0.00228548
265.921 -0.0154486 0.00628637 -12.5057 12.508 0.00228625
265.933 -0.0154497 0.00628626 -12.5025 12.5048 0.0022875
265.944 -0.0154507 0.00628567 -12.4991 12.5014 0.00228865
265.955 -0.0154513 0.00628515 -12.4956 12.4979 0.00229005
265.966 -0.0154514 0.006284 -12.4921 12.4944 0.00229082
265.978 -0.0154518 0.00628325 -12.4884 12.4907 0.00229172
265.989 -0.0154514 0.00628205 -12.4846 12.4869 0.00229322
266 -0.0154508 0.00628053 -12.4807 12.483 0.00229461
266.011 -0.0154496 0.00627902 -12.4766 12.4789 0.00229675
266.022 -0.0154484 0.00627699 -12.4725 12.4748 0.00229829
266.034 -0.0154477 0.00627559 -12.4683 12.4706 0.00230008
266.045 -0.0154468 0.0062744 -12.4639 12.4662 0.00230193
266.056 -0.0154466 0.00627405 -12.4595 12.4618 0.00230355
266.067 -0.0154472 0.0062738 -12.4549 12.4572 0.00230485
266.079 -0.0154472 0.0062737 -12.4501 12.4524 0.00230628
266.09 -0.0154468 0.00627282 -12.4452 12.4476 0.0023075
266.101 -0.0154471 0.00627235 -12.4403 12.4426 0.00230828
266.112 -0.0154464 0.00627181 -12.4351 12.4374 0.00230808
266.124 -0.0154467 0.00627107 -12.4299 12.4322 0.0023086
266.135 -0.015447 0.00626987 -12.4245 12.4269 0.00230909
266.146 -0.0154469 0.00626876 -12.4191 12.4214 0.00231011
266.157 -0.015446 0.00626777 -12.4135 12.4158 0.00231139
266.169 -0.0154452 0.00626745 -12.4078 12.4101 0.00231291
266.18 -0.0154446 0.006267 -12.402 12.4043 0.00231344
266.191 -0.0154442 0.00626698 -12.3961 12.3985 0.00231445
266.202 -0.0154433 0.00626686 -12.3902 12.3925 0.00231478
266.213 -0.0154427 0.00626704 -12.3841 12.3864 0.002316
266.225 -0.0154422 0.00626725 -12.3779 12.3802 0.00231845
266.236 -0.0154418 0.0062672 -12.3716 12.374 0.00231961
266.247 -0.0154411 0.00626626 -12.3653 12.3676 0.00232137
266.258 -0.0154393 0.00626577 -12.3589 12.3612 0.00232252
266.27 -0.0154383 0.00626603 -12.3523 12.3547 0.00232384
266.281 -0.0154375 0.00626608 -12.3457 12.348 0.00232531
266.292 -0.0154355 0.00626569 -12.339 12.3414 0.00232665
266.303 -0.0154342 0.00626488 -12.3323 12.3346 0.00232804
266.315 -0.0154328 0.00626405 -12.3254 12.3277 0.00232923
266.326 -0.0154319 0.00626325 -12.3185 12.3208 0.00233001
266.337 -0.0154315 0.00626322 -12.3115 12.3138 0.00233101
266.348 -0.0154312 0.00626309 -12.3044 12.3067 0.00233124
266.36 -0.015431 0.00626255 -12.2973 12.2996 0.00233214
266.371 -0.0154309 0.00626252 -12.29 12.2924 0.00233255
266.382 -0.0154298 0.00626195 -12.2827 12.285 0.00233403
266.393 -0.0154282 0.00626127 -12.2753 12.2776 0.00233583
266.404 -0.015426 0.00626137 -12.2678 12.2702 0.00233667
266.416 -0.0154241 0.00626121 -12.2603 12.2626 0.00233704
266.427 -0.0154223 0.0062607 -12.2526 12.255 0.0023373
266.438 -0.0154218 0.00625885 -12.2449 12.2472 0.00233892
266.449 -0.0154214 0.00625708 -12.2371 12.2395 0.00234085
266.461 -0.0154209 0.00625605 -12.2293 12.2316 0.00234321
266.472 -0.0154195 0.00625518 -12.2215 12.2238 0.0023445
266.483 -0.0154181 0.00625536 -12.2135 12.2159 0.00234509
266.494 -0.0154159 0.00625477 -12.2056 12.2079 0.0023463
266.506 -0.0154141 0.00625496 -12.1976 12.2 0.00234699
266.517 -0.0154126 0.00625495 -12.1896 12.1919 0.00234847
266.528 -0.0154109 0.00625444 -12.1815 12.1838 0.00234872
266.539 -0.0154095 0.00625346 -12.1733 12.1757 0.00234897
266.551 -0.0154074 0.00625279 -12.1651 12.1674 0.0023497
266.562 -0.015406 0.00625202 -12.1567 12.1591 0.00234993
266.573 -0.0154036 0.00625159 -12.1484 12.1507 0.00234954
266.584 -0.0154015 0.00625177 -12.1399 12.1423 0.00234972
266.596 -0.0153997 0.00625154 -12.1314 12.1337 0.00234983
266.607 -0.015397 0.00625131 -12.1228 12.1252 0.00235125
266.618 -0.0153945 0.00625092 -12.1142 12.1166 0.00235263
266.629 -0.0153925 0.00625022 -12.1056 12.108 0.00235352
266.64 -0.0153907 0.00625064 -12.0969 12.0993 0.00235459
266.652 -0.0153887 0.00625052 -12.0883 12.0906 0.00235582
266.663 -0.0153867 0.00625043 -12.0795 12.0819 0.00235585
266.674 -0.0153858 0.00624911 -12.0708 12.0732 0.00235622
266.685 -0.0153846 0.00624734 -12.0621 12.0644 0.00235827
266.697 -0.0153835 0.00624546 -12.0533 12.0557 0.00235917
266.708 -0.0153824 0.00624287 -12.0446 12.047 0.00236054
266.719 -0.0153814 0.00624124 -12.0359 12.0382 0.00236259
266.73 -0.0153804 0.00623986 -12.0271 12.0295 0.00236334
266.742 -0.0153789 0.0062388 -12.0184 12.0207 0.00236388
266.753 -0.0153768 0.00623815 -12.0096 12.012 0.00236429
266.764 -0.0153752 0.00623668 -12.0008 12.0032 0.00236447
266.775 -0.0153734 0.00623591 -11.992 11.9944 0.00236418
266.787 -0.0153724 0.00623596 -11.9832 11.9856 0.00236423
266.798 -0.01537 0.00623565 -11.9744 11.9768 0.00236603
266.809 -0.0153676 0.00623538 -11.9656 11.968 0.00236742
266.82 -0.0153653 0.00623498 -11.9568 11.9592 0.0023677
266.831 -0.0153631 0.00623465 -11.948 11.9504 0.00236746
266.843 -0.0153617 0.00623415 -11.9392 11.9415 0.00236661
266.854 -0.0153605 0.00623435 -11.9303 11.9327 0.00236672
266.865 -0.0153592 0.00623381 -11.9215 11.9239 0.00236734
266.876 -0.0153577 0.00623336 -11.9127 11.915 0.00236728
266.888 -0.0153567 0.00623224 -11.9038 11.9062 0.00236781
266.899 -0.0153547 0.0062316 -11.895 11.8973 0.00236807
266.91 -0.0153527 0.00623053 -11.8861 11.8885 0.0023684
266.921 -0.0153504 0.00622883 -11.8773 11.8797 0.00237002
266.933 -0.0153483 0.00622728 -11.8686 11.871 0.00237097
266.944 -0.015346 0.00622524 -11.8599 11.8622 0.00237223
266.955 -0.0153445 0.00622342 -11.8512 11.8535 0.00237279
266.966 -0.0153429 0.00622171 -11.8425 11.8449 0.00237241
266.978 -0.0153417 0.00622062 -11.8339 11.8362 0.00237115
266.989 -0.0153406 0.00622028 -11.8252 11.8276 0.00237073
267 -0.0153393 0.0062191 -11.8166 11.8189 0.00237084
267.011 -0.0153376 0.00621817 -11.808 11.8104 0.00237169
267.022 -0.0153356 0.00621742 -11.7994 11.8018 0.00237306
267.034 -0.0153338 0.00621615 -11.7909 11.7933 0.00237406
267.045 -0.0153327 0.00621556 -11.7824 11.7848 0.00237368
267.056 -0.015331 0.00621445 -11.7739 11.7763 0.00237346
267.067 -0.015329 0.00621288 -11.7655 11.7679 0.00237348
267.079 -0.0153271 0.00621188 -11.7571 11.7594 0.002374
267.09 -0.0153252 0.00621138 -11.7487 11.751 0.00237459
267.101 -0.0153227 0.00621093 -11.7403 11.7427 0.00237595
267.112 -0.0153209 0.00620965 -11.732 11.7344 0.00237815
267.124 -0.0153193 0.00620854 -11.7238 11.7262 0.00237991
267.135 -0.0153176 0.00620838 -11.7156 11.718 0.00238066
267.146 -0.0153156 0.00620841 -11.7075 11.7098 0.00238131
267.157 -0.0153145 0.00620821 -11.6993 11.7017 0.00238211
267.169 -0.0153129 0.00620767 -11.6913 11.6937 0.00238331
267.18 -0.0153121 0.0062074 -11.6833 11.6857 0.00238414
267.191 -0.0153112 0.00620641 -11.6753 11.6777 0.00238585
267.202 -0.0153095 0.00620513 -11.6673 11.6697 0.00238784
267.213 -0.0153077 0.00620428 -11.6594 11.6618 0.00238964
267.225 -0.0153059 0.0062038 -11.6516 11.654 0.00239207
267.236 -0.0153038 0.00620357 -11.6438 11.6462 0.00239385
267.247 -0.0153023 0.00620347 -11.6361 11.6385 0.00239502
267.258 -0.0153009 0.00620407 -11.6284 11.6308 0.00239603
267.27 -0.0152996 0.00620508 -11.6207 11.6231 0.00239631
267.281 -0.0152974 0.00620523 -11.6131 11.6155 0.00239727
267.292 -0.0152951 0.00620487 -11.6055 11.6079 0.00239709
267.303 -0.0152922 0.00620451 -11.5979 11.6003 0.00239811
267.315 -0.0152889 0.00620443 -11.5904 11.5928 0.00239988
267.326 -0.015286 0.00620438 -11.583 11.5854 0.00240158
267.337 -0.0152839 0.00620482 -11.5757 11.5781 0.00240258
267.348 -0.0152822 0.00620499 -11.5684 11.5708 0.0024042
267.36 -0.0152803 0.00620522 -11.5612 11.5636 0.00240559
267.371 -0.0152789 0.00620569 -11.554 11.5565 0.00240676
267.382 -0.0152776 0.00620604 -11.5469 11.5494 0.00240757
267.393 -0.0152756 0.00620565 -11.5399 11.5423 0.00240992
267.404 -0.0152732 0.00620479 -11.5329 11.5353 0.00241249
267.416 -0.0152706 0.00620371 -11.5261 11.5285 0.00241486
267.427 -0.0152686 0.00620293 -11.5192 11.5217 0.00241792
267.438 -0.0152671 0.00620204 -11.5125 11.5149 0.0024198
267.449 -0.0152662 0.00620199 -11.5058 11.5082 0.00242092
267.461 -0.0152652 0.00620168 -11.4992 11.5016 0.00242149
267.472 -0.0152643 0.00620126 -11.4925 11.495 0.00242242
267.483 -0.0152637 0.00620069 -11.4859 11.4884 0.00242332
267.494 -0.0152628 0.00620101 -11.4794 11.4818 0.00242405
267.506 -0.0152609 0.00620087 -11.4729 11.4753 0.00242632
267.517 -0.0152591 0.00620158 -11.4665 11.4689 0.00242928
267.528 -0.0152571 0.00620112 -11.4601 11.4626 0.00243185
267.539 -0.0152562 0.00620047 -11.4539 11.4563 0.00243333
267.551 -0.0152546 0.00619997 -11.4476 11.4501 0.00243521
267.562 -0.0152534 0.00619976 -11.4415 11.4439 0.00243636
267.573 -0.0152527 0.00620032 -11.4354 11.4378 0.00243661
267.584 -0.015253 0.00620068 -11.4293 11.4318 0.00243634
267.596 -0.0152522 0.00620155 -11.4233 11.4257 0.00243656
267.607 -0.0152509 0.00620086 -11.4173 11.4197 0.00243861
267.618 -0.0152497 0.00619989 -11.4114 11.4138 0.00244022
267.629 -0.0152486 0.00619855 -11.4056 11.408 0.00244286
267.64 -0.0152475 0.0061966 -11.3998 11.4023 0.00244488
267.652 -0.0152464 0.00619557 -11.3941 11.3966 0.00244586
267.663 -0.0152463 0.00619407 -11.3885 11.391 0.00244759
267.674 -0.0152449 0.00619373 -11.383 11.3854 0.00244952
267.685 -0.0152441 0.00619345 -11.3775 11.3799 0.00245186
267.697 -0.0152433 0.00619327 -11.3721 11.3745 0.00245443
267.708 -0.0152424 0.0061926 -11.3667 11.3691 0.00245676
267.719 -0.0152409 0.00619143 -11.3614 11.3639 0.00245952
267.73 -0.0152391 0.00619094 -11.3562 11.3587 0.0024623
267.742 -0.0152378 0.0061903 -11.3511 11.3535 0.00246501
267.753 -0.0152362 0.00618982 -11.346 11.3485 0.002468
267.764 -0.0152351 0.00618964 -11.341 11.3435 0.00247066
267.775 -0.0152332 0.00618988 -11.3361 11.3386 0.00247346
267.787 -0.0152319 0.00619064 -11.3312 11.3337 0.00247545
267.798 -0.015231 0.00619232 -11.3264 11.3289 0.00247708
267.809 -0.0152311 0.00619304 -11.3216 11.3241 0.00247879
267.82 -0.0152304 0.00619375 -11.3168 11.3193 0.00247915
267.831 -0.0152303 0.00619387 -11.3121 11.3146 0.00247968
267.843 -0.0152295 0.00619331 -11.3074 11.3099 0.00248244
267.854 -0.0152286 0.00619276 -11.3029 11.3054 0.0024853
267.865 -0.0152277 0.00619259 -11.2984 11.3009 0.00248852
267.876 -0.0152276 0.00619283 -11.2939 11.2964 0.00249036
267.888 -0.0152271 0.00619335 -11.2896 11.2921 0.00249257
267.899 -0.0152274 0.00619395 -11.2853 11.2877 0.00249485
267.91 -0.0152275 0.0061943 -11.281 11.2835 0.00249733
267.921 -0.0152278 0.00619498 -11.2768 11.2793 0.00249889
267.933 -0.0152275 0.00619528 -11.2727 11.2752 0.00250135
267.944 -0.0152261 0.00619411 -11.2687 11.2712 0.0025041
267.955 -0.0152258 0.00619367 -11.2648 11.2673 0.00250606
267.966 -0.0152237 0.00619278 -11.2609 11.2634 0.00250908
267.978 -0.0152217 0.00619244 -11.2571 11.2597 0.00251239
267.989 -0.0152199 0.0061921 -11.2535 11.256 0.00251517
268 -0.0152186 0.00619327 -11.2499 11.2524 0.00251756
268.011 -0.0152174 0.00619389 -11.2463 11.2489 0.00251952
268.022 -0.0152165 0.00619407 -11.2429 11.2454 0.00252144
268.034 -0.0152154 0.00619473 -11.2395 11.242 0.00252317
268.045 -0.0152157 0.00619643 -11.2362 11.2387 0.00252334
268.056 -0.015216 0.00619795 -11.2329 11.2354 0.00252344
268.067 -0.0152158 0.00619971 -11.2296 11.2321 0.00252332
268.079 -0.015216 0.00620057 -11.2264 11.2289 0.00252299
268.09 -0.0152162 0.00620105 -11.2233 11.2258 0.00252417
268.101 -0.0152159 0.0062006 -11.2202 11.2227 0.00252593
268.112 -0.0152161 0.00620003 -11.2172 11.2197 0.00252804
268.124 -0.0152166 0.00619905 -11.2143 11.2168 0.00252993
268.135 -0.0152175 0.00619927 -11.2114 11.2139 0.00253145
268.146 -0.0152179 0.00619936 -11.2086 11.2111 0.00253261
268.157 -0.0152189 0.00619869 -11.2059 11.2085 0.00253426
268.169 -0.0152198 0.00619816 -11.2034 11.2059 0.00253623
268.18 -0.0152202 0.006198 -11.2009 11.2034 0.0025382
268.191 -0.0152205 0.006199 -11.1984 11.201 0.0025397
268.202 -0.0152208 0.00619923 -11.1961 11.1986 0.00254135
268.213 -0.015221 0.00619934 -11.1938 11.1964 0.00254276
268.225 -0.0152211 0.00619987 -11.1917 11.1942 0.00254421
268.236 -0.0152201 0.00619979 -11.1895 11.1921 0.00254738
268.247 -0.015219 0.00620008 -11.1875 11.19 0.00254998
268.258 -0.0152181 0.00620008 -11.1855 11.1881 0.00255204
268.27 -0.0152172 0.00620028 -11.1836 11.1861 0.00255481
268.281 -0.0152162 0.00620122 -11.1817 11.1843 0.00255699
268.292 -0.0152156 0.00620172 -11.18 11.1826 0.00256014
268.303 -0.0152153 0.00620273 -11.1783 11.1808 0.00256307
268.315 -0.0152149 0.00620298 -11.1766 11.1792 0.00256495
268.326 -0.0152142 0.00620376 -11.175 11.1776 0.00256622
268.337 -0.0152139 0.00620428 -11.1735 11.176 0.00256701
268.348 -0.0152137 0.00620484 -11.172 11.1746 0.00256813
268.36 -0.0152136 0.00620625 -11.1706 11.1732 0.00256882
268.371 -0.015214 0.00620763 -11.1692 11.1718 0.00256883
268.382 -0.0152151 0.0062083 -11.1679 11.1705 0.00256883
268.393 -0.0152161 0.00620849 -11.1666 11.1692 0.00257023
268.404 -0.0152177 0.00620887 -11.1655 11.168 0.00257196
268.416 -0.0152191 0.00620925 -11.1643 11.1669 0.00257375
268.427 -0.0152202 0.00620943 -11.1633 11.1659 0.00257587
268.438 -0.0152204 0.00620899 -11.1623 11.1649 0.00257869
268.449 -0.0152209 0.0062091 -11.1614 11.164 0.00258139
268.461 -0.0152212 0.00620908 -11.1606 11.1632 0.00258317
268.472 -0.0152216 0.0062091 -11.1599 11.1625 0.00258543
268.483 -0.0152222 0.00620885 -11.1593 11.1619 0.00258795
268.494 -0.0152235 0.00620865 -11.1588 11.1614 0.00259099
268.506 -0.0152242 0.00620852 -11.1583 11.1609 0.00259393
268.517 -0.0152248 0.00620856 -11.1579 11.1605 0.00259677
268.528 -0.0152255 0.00620897 -11.1577 11.1603 0.0025993
268.539 -0.0152258 0.00621027 -11.1575 11.1601 0.00260141
268.551 -0.0152266 0.00621078 -11.1573 11.1599 0.00260312
268.562 -0.0152275 0.00621175 -11.1573 11.1599 0.00260513
268.573 -0.0152289 0.00621219 -11.1574 11.16 0.00260694
268.584 -0.0152299 0.0062125 -11.1575 11.1601 0.00260887
268.596 -0.0152297 0.00621197 -11.1577 11.1603 0.0026126
268.607 -0.0152292 0.00621187 -11.1579 11.1605 0.00261654
268.618 -0.0152292 0.00621169 -11.1583 11.1609 0.00262122
268.629 -0.0152293 0.00621256 -11.1587 11.1614 0.00262517
268.64 -0.0152288 0.00621306 -11.1592 11.1619 0.00262929
268.652 -0.0152283 0.00621345 -11.1598 11.1625 0.00263356
268.663 -0.0152273 0.00621452 -11.1605 11.1632 0.0026368
268.674 -0.0152271 0.00621487 -11.1613 11.1639 0.00264029
268.685 -0.0152269 0.00621538 -11.1621 11.1647 0.00264369
268.697 -0.0152272 0.00621615 -11.163 11.1656 0.00264652
268.708 -0.015228 0.00621676 -11.1639 11.1666 0.00264849
268.719 -0.0152289 0.00621751 -11.1649 11.1676 0.00264978
268.73 -0.0152292 0.00621825 -11.166 11.1687 0.00265125
268.742 -0.0152303 0.00621862 -11.1671 11.1698 0.00265348
268.753 -0.0152309 0.00621886 -11.1683 11.171 0.0026559
268.764 -0.0152319 0.00621818 -11.1696 11.1722 0.00265729
268.775 -0.0152325 0.00621756 -11.1709 11.1735 0.00265899
268.787 -0.0152337 0.00621716 -11.1722 11.1749 0.00266102
268.798 -0.0152354 0.00621776 -11.1736 11.1763 0.00266235
268.809 -0.0152367 0.00621817 -11.1751 11.1777 0.00266384
268.82 -0.0152379 0.00621894 -11.1766 11.1793 0.00266531
268.831 -0.0152389 0.00621973 -11.1782 11.1808 0.00266735
268.843 -0.0152399 0.00622034 -11.1798 11.1825 0.00267005
268.854 -0.0152408 0.00622051 -11.1815 11.1842 0.00267182
268.865 -0.0152419 0.00622093 -11.1833 11.186 0.00267422
268.876 -0.0152419 0.00622141 -11.1851 11.1878 0.00267763
268.888 -0.0152415 0.00622201 -11.1871 11.1898 0.00268127
268.899 -0.0152409 0.00622337 -11.1891 11.1918 0.00268481
268.91 -0.0152409 0.00622406 -11.1911 11.1938 0.00268706
268.921 -0.01524 0.00622399 -11.1933 11.196 0.00268948
268.933 -0.0152397 0.00622473 -11.1955 11.1982 0.00269174
268.944 -0.0152395 0.00622523 -11.1977 11.2004 0.0026947
268.955 -0.0152391 0.00622538 -11.2 11.2027 0.00269759
268.966 -0.0152383 0.0062254 -11.2024 11.2051 0.00270008
268.978 -0.0152377 0.00622539 -11.2048 11.2075 0.00270293
268.989 -0.0152379 0.00622593 -11.2073 11.21 0.002706
269 -0.0152379 0.00622721 -11.2099 11.2126 0.00270821
269.011 -0.0152386 0.00622766 -11.2125 11.2152 0.00271079
269.022 -0.0152388 0.00622781 -11.2151 11.2178 0.00271356
269.034 -0.0152393 0.00622782 -11.2178 11.2205 0.00271645
269.045 -0.0152392 0.00622794 -11.2205 11.2232 0.00271989
269.056 -0.0152399 0.00622847 -11.2233 11.226 0.00272349
269.067 -0.0152408 0.0062287 -11.2261 11.2288 0.00272698
269.079 -0.015242 0.00622916 -11.229 11.2317 0.00273053
269.09 -0.0152425 0.00623083 -11.2319 11.2346 0.00273357
269.101 -0.015244 0.00623202 -11.2349 11.2376 0.00273705
269.112 -0.0152446 0.00623313 -11.2379 11.2406 0.00274137
269.124 -0.015245 0.00623417 -11.2409 11.2437 0.00274608
269.135 -0.0152462 0.00623555 -11.244 11.2468 0.00274961
269.146 -0.0152478 0.00623661 -11.2471 11.2499 0.00275307
269.157 -0.0152501 0.00623742 -11.2503 11.253 0.00275548
269.169 -0.0152521 0.00623845 -11.2535 11.2562 0.00275861
269.18 -0.0152529 0.00623926 -11.2567 11.2594 0.00276247
269.191 -0.0152539 0.00624002 -11.2599 11.2627 0.00276611
269.202 -0.0152547 0.00624051 -11.2632 11.266 0.00277051
269.213 -0.0152556 0.00624035 -11.2666 11.2693 0.002775
269.225 -0.0152559 0.00624005 -11.27 11.2727 0.0027794
269.236 -0.0152566 0.00623991 -11.2734 11.2762 0.00278326
269.247 -0.0152577 0.00623982 -11.2769 11.2797 0.00278722
269.258 -0.0152589 0.00623938 -11.2804 11.2832 0.00279099
269.27 -0.0152601 0.00623884 -11.2839 11.2867 0.00279504
269.281 -0.0152615 0.00623831 -11.2874 11.2902 0.00279838
269.292 -0.0152632 0.00623794 -11.291 11.2938 0.00280214
269.303 -0.0152652 0.00623846 -11.2946 11.2974 0.00280527
269.315 -0.0152672 0.00623918 -11.2983 11.3011 0.00280928
269.326 -0.0152686 0.00623931 -11.3019 11.3047 0.00281284
269.337 -0.01527 0.00623917 -11.3056 11.3084 0.00281637
269.348 -0.0152713 0.00623908 -11.3093 11.3121 0.00281927
269.36 -0.0152732 0.00623832 -11.313 11.3158 0.00282216
269.371 -0.0152751 0.00623773 -11.3167 11.3196 0.00282498
269.382 -0.0152772 0.00623699 -11.3205 11.3233 0.00282747
269.393 -0.0152796 0.00623603 -11.3242 11.3271 0.00283
269.404 -0.0152822 0.00623513 -11.328 11.3309 0.00283185
269.416 -0.0152839 0.00623447 -11.3318 11.3346 0.00283389
269.427 -0.0152855 0.00623378 -11.3356 11.3384 0.00283633
269.438 -0.015287 0.00623322 -11.3393 11.3422 0.00283883
269.449 -0.0152877 0.00623309 -11.3431 11.346 0.00284151
269.461 -0.0152894 0.00623265 -11.3469 11.3498 0.00284421
269.472 -0.0152906 0.00623166 -11.3507 11.3536 0.00284737
269.483 -0.0152922 0.00623058 -11.3545 11.3574 0.00285113
269.494 -0.0152942 0.00623061 -11.3584 11.3612 0.00285443
269.506 -0.0152952 0.00623096 -11.3622 11.3651 0.00285782
269.517 -0.0152962 0.00623071 -11.366 11.3689 0.00286184
269.528 -0.0152977 0.00623035 -11.3699 11.3728 0.0028651
269.539 -0.0152986 0.00623048 -11.3738 11.3767 0.00286793
269.551 -0.0153003 0.00623093 -11.3777 11.3806 0.0028712
269.562 -0.0153018 0.00623086 -11.3816 11.3844 0.00287475
269.573 -0.0153028 0.0062306 -11.3855 11.3883 0.00287837
269.584 -0.0153035 0.00622944 -11.3893 11.3922 0.00288256
269.596 -0.0153053 0.00622832 -11.3933 11.3962 0.00288554
269.607 -0.015307 0.00622732 -11.3972 11.4001 0.00288818
269.618 -0.0153085 0.00622678 -11.4011 11.404 0.00289105
269.629 -0.01531 0.0062263 -11.405 11.4079 0.00289308
269.64 -0.0153112 0.0062257 -11.4089 11.4118 0.00289514
269.652 -0.0153126 0.00622452 -11.4128 11.4157 0.00289788
269.663 -0.0153143 0.00622377 -11.4167 11.4196 0.00290085
269.674 -0.0153157 0.00622314 -11.4206 11.4235 0.00290345
269.685 -0.0153168 0.00622207 -11.4244 11.4273 0.00290693
269.697 -0.0153181 0.00622228 -11.4283 11.4312 0.00291072
269.708 -0.0153184 0.00622201 -11.4322 11.4351 0.00291437
269.719 -0.0153198 0.00622248 -11.436 11.439 0.00291769
269.73 -0.0153213 0.00622276 -11.4399 11.4428 0.00292108
269.742 -0.0153228 0.00622197 -11.4438 11.4467 0.00292584
269.753 -0.0153243 0.00622202 -11.4476 11.4505 0.00293079
269.764 -0.0153254 0.00622281 -11.4515 11.4544 0.00293492
269.775 -0.0153259 0.00622334 -11.4553 11.4583 0.00293919
269.787 -0.0153272 0.00622361 -11.4592 11.4621 0.0029434
269.798 -0.0153282 0.00622414 -11.463 11.466 0.00294774
269.809 -0.0153291 0.00622522 -11.4669 11.4698 0.00295182
269.82 -0.0153297 0.00622552 -11.4707 11.4736 0.00295612
269.831 -0.0153307 0.00622634 -11.4745 11.4775 0.00296022
269.843 -0.0153316 0.00622758 -11.4783 11.4813 0.00296339
269.854 -0.0153326 0.00622841 -11.4821 11.4851 0.00296719
269.865 -0.0153335 0.0062297 -11.4859 11.4889 0.00297107
269.876 -0.0153353 0.00623098 -11.4897 11.4926 0.00297482
269.888 -0.015336 0.00623208 -11.4934 11.4964 0.00297895
269.899 -0.0153371 0.00623262 -11.4972 11.5002 0.00298338
269.91 -0.0153379 0.00623383 -11.501 11.504 0.0029874
269.921 -0.0153387 0.00623459 -11.5047 11.5077 0.00299182
269.933 -0.0153396 0.00623492 -11.5085 11.5115 0.00299701
269.944 -0.0153409 0.00623577 -11.5122 11.5152 0.0030015
269.955 -0.0153422 0.00623658 -11.5159 11.5189 0.00300619
269.966 -0.0153436 0.0062375 -11.5196 11.5226 0.0030106
269.978 -0.015345 0.00623812 -11.5233 11.5263 0.0030146
269.989 -0.0153463 0.00623917 -11.527 11.53 0.00301893
270 -0.0153475 0.00623938 -11.5307 11.5338 0.00302292
270.011 -0.0153483 0.00623951 -11.5345 11.5375 0.00302692
270.022 -0.0153497 0.00623995 -11.5382 11.5412 0.00303145
270.034 -0.0153512 0.00624047 -11.5418 11.5448 0.00303612
270.045 -0.0153526 0.00624026 -11.5455 11.5486 0.00304083
270.056 -0.0153537 0.00624022 -11.5492 11.5522 0.00304563
270.067 -0.0153551 0.0062398 -11.5529 11.5559 0.00305088
270.079 -0.0153562 0.00623939 -11.5566 11.5596 0.00305594
270.09 -0.0153574 0.00623953 -11.5603 11.5633 0.00306178
270.101 -0.0153585 0.00623987 -11.564 11.567 0.0030675
270.112 -0.0153601 0.00623992 -11.5677 11.5708 0.00307288
270.124 -0.0153618 0.00624014 -11.5714 11.5745 0.00307859
270.135 -0.0153635 0.00624004 -11.5751 11.5781 0.00308402
270.146 -0.0153651 0.00624016 -11.5788 11.5818 0.00308901
270.157 -0.015367 0.00623985 -11.5824 11.5855 0.0030941
270.169 -0.0153683 0.00623953 -11.5861 11.5892 0.00309946
270.18 -0.0153701 0.00623874 -11.5898 11.5929 0.00310501
270.191 -0.0153709 0.00623899 -11.5934 11.5965 0.00311044
270.202 -0.015372 0.0062395 -11.597 11.6002 0.0031157
270.213 -0.015373 0.00623962 -11.6007 11.6038 0.00312089
270.225 -0.0153745 0.00623957 -11.6043 11.6074 0.00312668
270.236 -0.0153764 0.00623921 -11.6079 11.611 0.00313245
270.247 -0.0153779 0.00623933 -11.6115 11.6147 0.00313776
270.258 -0.0153792 0.00623952 -11.6151 11.6182 0.00314307
270.27 -0.0153811 0.00623911 -11.6186 11.6218 0.0031481
270.281 -0.0153827 0.00623941 -11.6222 11.6254 0.00315365
270.292 -0.0153844 0.00623927 -11.6257 11.6289 0.00315856
270.303 -0.0153865 0.00623844 -11.6292 11.6324 0.00316326
270.315 -0.0153881 0.00623735 -11.6328 11.6359 0.0031682
270.326 -0.0153901 0.00623628 -11.6362 11.6394 0.00317299
270.337 -0.0153921 0.00623554 -11.6397 11.6429 0.00317828
270.348 -0.0153944 0.00623528 -11.6431 11.6463 0.00318302
270.36 -0.0153965 0.00623443 -11.6466 11.6497 0.00318794
270.371 -0.0153985 0.00623361 -11.65 11.6532 0.00319206
270.382 -0.015401 0.00623299 -11.6534 11.6566 0.00319626
270.393 -0.015403 0.00623221 -11.6567 11.6599 0.00320056
270.404 -0.0154051 0.00623101 -11.66 11.6632 0.00320458
270.416 -0.0154065 0.00623109 -11.6633 11.6665 0.00320852
270.427 -0.0154085 0.00623075 -11.6666 11.6698 0.00321355
270.438 -0.0154102 0.00623097 -11.6698 11.673 0.00321899
270.449 -0.015412 0.0062309 -11.6731 11.6763 0.00322459
270.461 -0.0154137 0.00623129 -11.6763 11.6795 0.00323054
270.472 -0.0154146 0.00623129 -11.6795 11.6827 0.00323643
270.483 -0.0154164 0.00623147 -11.6827 11.6859 0.0032419
270.494 -0.0154178 0.00623109 -11.6858 11.6891 0.00324743
270.506 -0.0154184 0.00623077 -11.689 11.6922 0.00325189
270.517 -0.0154196 0.00623084 -11.6921 11.6954 0.00325634
270.528 -0.0154206 0.00623072 -11.6952 11.6984 0.00326115
270.539 -0.0154212 0.00623101 -11.6983 11.7015 0.00326658
270.551 -0.0154226 0.00623145 -11.7013 11.7046 0.00327175
270.562 -0.0154236 0.00623163 -11.7044 11.7077 0.00327711
270.573 -0.0154252 0.00623247 -11.7074 11.7107 0.00328219
270.584 -0.0154266 0.00623328 -11.7105 11.7137 0.00328767
270.596 -0.0154277 0.00623436 -11.7134 11.7167 0.00329428
270.607 -0.0154282 0.00623554 -11.7164 11.7197 0.00329997
270.618 -0.015429 0.00623601 -11.7194 11.7227 0.00330534
270.629 -0.01543 0.0062366 -11.7223 11.7256 0.00331083
270.64 -0.0154298 0.00623596 -11.7253 11.7286 0.00331563
270.652 -0.0154303 0.00623544 -11.7282 11.7315 0.0033206
270.663 -0.0154307 0.00623528 -11.7311 11.7344 0.0033249
270.674 -0.015431 0.00623537 -11.7339 11.7373 0.00332937
270.685 -0.0154317 0.00623508 -11.7368 11.7401 0.00333358
270.697 -0.0154332 0.00623513 -11.7396 11.7429 0.00333822
270.708 -0.0154341 0.00623498 -11.7424 11.7457 0.00334346
270.719 -0.0154349 0.00623515 -11.7451 11.7485 0.00334815
270.73 -0.0154357 0.00623532 -11.7478 11.7512 0.00335325
270.742 -0.0154371 0.0062354 -11.7506 11.7539 0.00335833
270.753 -0.0154379 0.00623564 -11.7533 11.7566 0.00336267
270.764 -0.0154387 0.00623576 -11.7559 11.7593 0.00336754
270.775 -0.0154398 0.00623617 -11.7585 11.7619 0.00337193
270.787 -0.0154407 0.00623662 -11.7611 11.7645 0.00337633
270.798 -0.015442 0.00623689 -11.7637 11.7671 0.00338113
270.809 -0.0154434 0.00623728 -11.7663 11.7696 0.00338575
270.82 -0.0154446 0.00623761 -11.7688 11.7722 0.00338988
270.831 -0.0154457 0.00623774 -11.7713 11.7747 0.00339435
270.843 -0.0154473 0.00623852 -11.7738 11.7772 0.00339977
270.854 -0.0154491 0.00623878 -11.7763 11.7797 0.00340445
270.865 -0.015451 0.00623927 -11.7786 11.7821 0.00340924
270.876 -0.0154541 0.00623916 -11.7811 11.7845 0.00341407
270.888 -0.0154557 0.00623939 -11.7834 11.7869 0.00341901
270.899 -0.0154577 0.00623997 -11.7858 11.7892 0.00342374
270.91 -0.0154594 0.00624001 -11.7881 11.7916 0.00342829
270.921 -0.0154611 0.00624019 -11.7905 11.7939 0.00343228
270.933 -0.0154633 0.00624068 -11.7928 11.7962 0.00343612
270.944 -0.0154653 0.00624086 -11.7951 11.7986 0.00344
270.955 -0.0154676 0.0062412 -11.7974 11.8009 0.0034441
270.966 -0.0154699 0.0062415 -11.7997 11.8032 0.00344879
270.978 -0.0154721 0.00624204 -11.802 11.8055 0.00345347
270.989 -0.0154738 0.00624239 -11.8043 11.8078 0.00345785
271 -0.0154756 0.00624302 -11.8066 11.81 0.00346142
271.011 -0.0154777 0.0062437 -11.8088 11.8123 0.00346469
271.022 -0.0154795 0.00624459 -11.8111 11.8145 0.00346917
271.034 -0.0154812 0.0062459 -11.8133 11.8168 0.00347316
271.045 -0.0154826 0.00624687 -11.8155 11.819 0.00347715
271.056 -0.0154838 0.00624747 -11.8177 11.8212 0.00348121
271.067 -0.0154843 0.00624815 -11.8199 11.8234 0.00348612
271.079 -0.0154853 0.00624877 -11.8221 11.8256 0.00349035
271.09 -0.0154863 0.00624902 -11.8243 11.8278 0.0034954
271.101 -0.0154874 0.00624915 -11.8264 11.8299 0.00350017
271.112 -0.0154884 0.00624884 -11.8286 11.8321 0.00350477
271.124 -0.0154896 0.00624858 -11.8307 11.8342 0.00350967
271.135 -0.0154906 0.00624812 -11.8328 11.8364 0.00351465
271.146 -0.0154926 0.00624847 -11.835 11.8385 0.0035199
271.157 -0.0154946 0.0062495 -11.8371 11.8406 0.00352513
271.169 -0.0154965 0.00625028 -11.8392 11.8427 0.00353072
271.18 -0.0154984 0.00625135 -11.8413 11.8448 0.00353617
271.191 -0.0155007 0.00625215 -11.8434 11.847 0.00354099
271.202 -0.015503 0.00625322 -11.8455 11.8491 0.00354659
271.213 -0.015505 0.00625414 -11.8476 11.8512 0.00355232
271.225 -0.0155066 0.00625458 -11.8497 11.8533 0.00355772
271.236 -0.015508 0.00625517 -11.8518 11.8554 0.00356448
271.247 -0.0155098 0.00625535 -11.8539 11.8574 0.00357046
271.258 -0.0155112 0.00625576 -11.856 11.8596 0.00357636
271.27 -0.0155127 0.00625631 -11.858 11.8616 0.00358245
271.281 -0.0155135 0.00625605 -11.8601 11.8637 0.00358895
271.292 -0.0155142 0.00625567 -11.8622 11.8658 0.00359444
271.303 -0.0155156 0.006256 -11.8642 11.8678 0.00360054
271.315 -0.015517 0.00625583 -11.8663 11.8699 0.00360556
271.326 -0.015518 0.00625601 -11.8683 11.8719 0.00361101
271.337 -0.0155189 0.00625533 -11.8703 11.8739 0.00361625
271.348 -0.0155206 0.0062551 -11.8723 11.876 0.00362125
271.36 -0.0155219 0.00625514 -11.8743 11.8779 0.00362647
271.371 -0.0155234 0.00625515 -11.8762 11.8799 0.00363139
271.382 -0.015525 0.00625572 -11.8782 11.8818 0.00363636
271.393 -0.0155265 0.0062561 -11.8802 11.8838 0.00364164
271.404 -0.0155278 0.00625613 -11.8821 11.8857 0.00364718
271.416 -0.0155292 0.00625666 -11.884 11.8876 0.00365305
271.427 -0.0155309 0.00625661 -11.8859 11.8895 0.00365919
271.438 -0.0155322 0.00625697 -11.8877 11.8913 0.00366443
271.449 -0.0155331 0.00625675 -11.8895 11.8932 0.00366988
271.461 -0.0155339 0.00625756 -11.8914 11.895 0.00367462
271.472 -0.0155348 0.006258 -11.8931 11.8968 0.00367961
271.483 -0.0155361 0.00625846 -11.8949 11.8986 0.00368469
271.494 -0.0155368 0.00625831 -11.8967 11.9004 0.00368953
271.506 -0.0155382 0.00625802 -11.8984 11.9021 0.00369606
271.517 -0.015539 0.0062574 -11.9001 11.9038 0.0037022
271.528 -0.0155401 0.00625699 -11.9018 11.9055 0.00370799
271.539 -0.0155419 0.00625668 -11.9035 11.9072 0.00371357
271.551 -0.015543 0.00625666 -11.9051 11.9088 0.00371859
271.562 -0.0155442 0.00625672 -11.9067 11.9104 0.00372383
271.573 -0.0155457 0.00625664 -11.9082 11.912 0.00372895
271.584 -0.0155476 0.00625652 -11.9097 11.9135 0.00373369
271.596 -0.0155485 0.00625626 -11.9112 11.9149 0.00373791
271.607 -0.0155502 0.00625586 -11.9127 11.9164 0.00374286
271.618 -0.0155519 0.00625602 -11.9141 11.9178 0.00374683
271.629 -0.0155541 0.00625626 -11.9154 11.9192 0.00375081
271.64 -0.0155556 0.006256 -11.9168 11.9205 0.00375551
271.652 -0.0155575 0.00625609 -11.9181 11.9218 0.0037601
271.663 -0.0155591 0.00625672 -11.9194 11.9231 0.0037635
271.674 -0.0155605 0.00625649 -11.9206 11.9244 0.00376738
271.685 -0.0155624 0.00625711 -11.9218 11.9256 0.00377069
271.697 -0.0155642 0.00625745 -11.923 11.9268 0.00377354
271.708 -0.0155651 0.00625779 -11.9242 11.9279 0.00377674
271.719 -0.0155663 0.00625761 -11.9253 11.9291 0.00378009
271.73 -0.0155676 0.00625786 -11.9264 11.9302 0.00378328
271.742 -0.0155692 0.00625778 -11.9275 11.9312 0.00378606
271.753 -0.0155709 0.00625852 -11.9285 11.9323 0.00378849
271.764 -0.0155726 0.00625924 -11.9294 11.9332 0.0037905
271.775 -0.0155733 0.00625983 -11.9304 11.9342 0.00379297
271.787 -0.0155744 0.00626012 -11.9312 11.935 0.00379516
271.798 -0.0155759 0.00626079 -11.932 11.9358 0.00379728
271.809 -0.015577 0.00626119 -11.9328 11.9366 0.00379936
271.82 -0.0155783 0.00626219 -11.9335 11.9373 0.00380146
271.831 -0.0155802 0.0062632 -11.9342 11.938 0.00380365
271.843 -0.0155819 0.00626447 -11.9348 11.9386 0.00380617
271.854 -0.0155832 0.00626524 -11.9354 11.9392 0.00380929
271.865 -0.0155854 0.00626671 -11.9359 11.9398 0.00381247
271.876 -0.0155863 0.00626808 -11.9364 11.9403 0.00381637
271.888 -0.0155875 0.00626936 -11.9369 11.9407 0.00381971
271.899 -0.015589 0.00627067 -11.9374 11.9412 0.00382327
271.91 -0.0155899 0.00627177 -11.9378 11.9416 0.0038262
271.921 -0.0155906 0.00627292 -11.9381 11.942 0.00382905
271.933 -0.0155914 0.00627304 -11.9385 11.9423 0.0038317
271.944 -0.0155926 0.00627363 -11.9387 11.9426 0.00383521
271.955 -0.0155934 0.00627393 -11.939 11.9428 0.00383805
271.966 -0.0155947 0.00627426 -11.9392 11.9431 0.00384038
271.978 -0.0155952 0.00627396 -11.9394 11.9432 0.00384338
271.989 -0.0155958 0.00627392 -11.9395 11.9433 0.00384675
272 -0.0155968 0.00627407 -11.9396 11.9434 0.00384914
272.011 -0.0155972 0.00627428 -11.9396 11.9435 0.00385285
272.022 -0.0155981 0.00627492 -11.9396 11.9435 0.00385683
272.034 -0.0155994 0.00627612 -11.9397 11.9435 0.00386071
272.045 -0.0156004 0.00627707 -11.9396 11.9435 0.00386476
272.056 -0.0156019 0.00627816 -11.9396 11.9435 0.00386869
272.067 -0.0156031 0.0062791 -11.9396 11.9434 0.00387256
272.079 -0.0156038 0.00627912 -11.9394 11.9433 0.00387697
272.09 -0.0156051 0.00628004 -11.9393 11.9432 0.00388112
272.101 -0.0156057 0.00628093 -11.9392 11.9431 0.00388467
272.112 -0.0156065 0.00628183 -11.939 11.9429 0.00388839
272.124 -0.015607 0.00628265 -11.9388 11.9427 0.00389165
272.135 -0.0156073 0.00628443 -11.9385 11.9424 0.00389534
272.146 -0.0156077 0.00628565 -11.9382 11.9421 0.00389879
272.157 -0.0156087 0.00628733 -11.9378 11.9417 0.00390191
272.169 -0.0156095 0.00628892 -11.9375 11.9414 0.00390528
272.18 -0.0156099 0.00628986 -11.937 11.9409 0.00390877
272.191 -0.0156103 0.00629014 -11.9365 11.9404 0.00391101
272.202 -0.0156106 0.00629062 -11.936 11.9399 0.00391351
272.213 -0.0156111 0.00629154 -11.9353 11.9392 0.00391592
272.225 -0.0156117 0.00629238 -11.9346 11.9386 0.00391883
272.236 -0.0156128 0.00629259 -11.9339 11.9378 0.00392127
272.247 -0.0156143 0.00629308 -11.9331 11.937 0.00392399
272.258 -0.0156158 0.00629353 -11.9323 11.9362 0.00392651
272.27 -0.0156176 0.00629418 -11.9314 11.9353 0.00392916
272.281 -0.0156189 0.00629402 -11.9304 11.9343 0.00393204
272.292 -0.0156202 0.00629406 -11.9294 11.9333 0.00393509
272.303 -0.0156215 0.00629431 -11.9284 11.9323 0.00393745
272.315 -0.0156229 0.00629382 -11.9273 11.9312 0.0039404
272.326 -0.0156233 0.00629324 -11.9261 11.9301 0.00394321
272.337 -0.0156247 0.00629274 -11.9249 11.9289 0.00394584
272.348 -0.0156262 0.00629187 -11.9237 11.9276 0.00394951
272.36 -0.0156269 0.00629121 -11.9224 11.9263 0.00395231
272.371 -0.0156273 0.00629085 -11.9211 11.925 0.00395497
272.382 -0.015629 0.00629075 -11.9197 11.9236 0.00395791
272.393 -0.0156297 0.00629093 -11.9182 11.9222 0.00396097
272.404 -0.0156304 0.00629152 -11.9167 11.9207 0.00396403
272.416 -0.0156316 0.00629272 -11.9152 11.9191 0.00396813
272.427 -0.0156333 0.00629367 -11.9136 11.9176 0.00397278
272.438 -0.0156349 0.0062955 -11.912 11.916 0.00397752
272.449 -0.0156362 0.00629639 -11.9104 11.9143 0.00398199
272.461 -0.0156372 0.00629735 -11.9087 11.9126 0.00398668
272.472 -0.015638 0.0062985 -11.9069 11.9109 0.00399057
272.483 -0.0156394 0.00629839 -11.9052 11.9092 0.00399435
272.494 -0.0156404 0.00629935 -11.9033 11.9073 0.00399867
272.506 -0.0156413 0.00630072 -11.9015 11.9055 0.00400219
272.517 -0.0156417 0.00630244 -11.8995 11.9035 0.00400588
272.528 -0.0156427 0.00630399 -11.8976 11.9016 0.00400999
272.539 -0.0156435 0.00630542 -11.8956 11.8996 0.00401419
272.551 -0.0156451 0.00630678 -11.8935 11.8975 0.00401878
272.562 -0.0156467 0.00630731 -11.8913 11.8954 0.00402196
272.573 -0.0156476 0.00630762 -11.8891 11.8932 0.00402466
272.584 -0.0156488 0.00630811 -11.8869 11.8909 0.00402797
272.596 -0.0156496 0.00630844 -11.8845 11.8885 0.00403204
272.607 -0.0156492 0.00630872 -11.8821 11.8861 0.00403589
272.618 -0.0156492 0.00630876 -11.8795 11.8836 0.00404058
272.629 -0.0156498 0.00630906 -11.877 11.881 0.0040445
272.64 -0.0156499 0.00630985 -11.8743 11.8784 0.0040485
272.652 -0.0156497 0.00631033 -11.8717 11.8757 0.00405184
272.663 -0.0156495 0.00631034 -11.8689 11.8729 0.0040558
272.674 -0.01565 0.00631054 -11.8661 11.8701 0.00405931
272.685 -0.0156508 0.00631189 -11.8632 11.8673 0.0040637
272.697 -0.0156523 0.00631352 -11.8603 11.8644 0.00406802
272.708 -0.0156537 0.00631468 -11.8574 11.8614 0.00407142
272.719 -0.0156547 0.00631514 -11.8543 11.8584 0.0040756
272.73 -0.0156556 0.0063148 -11.8512 11.8553 0.00407948
272.742 -0.0156562 0.00631447 -11.8481 11.8522 0.00408418
272.753 -0.0156567 0.00631434 -11.8449 11.849 0.00408945
272.764 -0.0156573 0.00631507 -11.8416 11.8457 0.00409469
272.775 -0.0156577 0.00631545 -11.8384 11.8425 0.00409991
272.787 -0.0156584 0.00631502 -11.835 11.8391 0.0041044
272.798 -0.0156588 0.00631509 -11.8316 11.8357 0.00410833
272.809 -0.0156589 0.00631576 -11.8282 11.8323 0.00411233
272.82 -0.0156588 0.00631624 -11.8247 11.8288 0.00411647
272.831 -0.0156592 0.00631787 -11.8211 11.8252 0.00412057
272.843 -0.0156596 0.00631891 -11.8175 11.8217 0.00412298
272.854 -0.0156593 0.00631982 -11.8139 11.818 0.00412639
272.865 -0.0156592 0.00632057 -11.8101 11.8143 0.00412956
272.876 -0.0156584 0.00632188 -11.8064 11.8105 0.00413222
272.888 -0.015658 0.00632286 -11.8025 11.8066 0.00413607
272.899 -0.0156579 0.00632461 -11.7986 11.8027 0.00413983
272.91 -0.0156578 0.00632595 -11.7947 11.7988 0.00414307
272.921 -0.0156575 0.00632766 -11.7906 11.7948 0.00414699
272.933 -0.0156578 0.00632905 -11.7866 11.7907 0.00415023
272.944 -0.0156575 0.0063308 -11.7824 11.7866 0.00415355
272.955 -0.0156573 0.00633091 -11.7782 11.7824 0.00415693
272.966 -0.0156566 0.00633053 -11.774 11.7781 0.00415987
272.978 -0.0156568 0.00633155 -11.7697 11.7738 0.00416324
272.989 -0.0156569 0.00633272 -11.7653 11.7695 0.00416699
273 -0.015659 0.00633383 -11.7608 11.765 0.00417029
273.011 -0.0156602 0.00633514 -11.7564 11.7605 0.00417395
273.022 -0.015661 0.0063371 -11.7518 11.756 0.00417755
273.034 -0.0156597 0.00633695 -11.7472 11.7514 0.00418117
273.045 -0.0156587 0.00633727 -11.7425 11.7467 0.00418517
273.056 -0.0156582 0.00633704 -11.7378 11.742 0.00418931
273.067 -0.0156587 0.00633733 -11.733 11.7372 0.00419432
273.079 -0.0156591 0.00633722 -11.7283 11.7325 0.00419817
273.09 -0.0156598 0.00633796 -11.7234 11.7276 0.00420332
273.101 -0.0156593 0.00633805 -11.7185 11.7227 0.00420758
273.112 -0.0156589 0.00633898 -11.7135 11.7178 0.00421096
273.124 -0.0156593 0.00633962 -11.7085 11.7127 0.00421556
273.135 -0.0156593 0.00634123 -11.7035 11.7077 0.00422049
273.146 -0.0156604 0.00634313 -11.6984 11.7026 0.00422457
273.157 -0.0156599 0.00634476 -11.6933 11.6975 0.00422833
273.169 -0.0156594 0.0063461 -11.6881 11.6923 0.00423235
273.18 -0.0156587 0.00634802 -11.6828 11.6871 0.00423677
273.191 -0.0156582 0.00634968 -11.6775 11.6818 0.00424067
273.202 -0.015657 0.00635108 -11.6722 11.6764 0.00424429
273.213 -0.0156557 0.00635204 -11.6668 11.671 0.00424658
273.225 -0.0156544 0.00635324 -11.6613 11.6655 0.00424963
273.236 -0.0156539 0.00635385 -11.6557 11.66 0.00425218
273.247 -0.0156536 0.00635462 -11.6501 11.6543 0.00425349
273.258 -0.0156524 0.00635546 -11.6443 11.6486 0.00425558
273.27 -0.015652 0.00635706 -11.6385 11.6428 0.00425832
273.281 -0.0156521 0.00635923 -11.6327 11.6369 0.00426169
273.292 -0.0156523 0.00636077 -11.6268 11.631 0.00426586
273.303 -0.0156524 0.00636195 -11.6208 11.6251 0.00427
273.315 -0.0156528 0.00636233 -11.6149 11.6191 0.00427303
273.326 -0.0156531 0.00636294 -11.6088 11.6131 0.00427704
273.337 -0.0156533 0.00636384 -11.6027 11.607 0.00428059
273.348 -0.0156538 0.006364 -11.5966 11.6009 0.00428525
273.36 -0.0156547 0.0063649 -11.5904 11.5947 0.00429025
273.371 -0.0156552 0.00636586 -11.5842 11.5885 0.00429527
273.382 -0.0156554 0.00636732 -11.578 11.5823 0.00430036
273.393 -0.0156553 0.0063686 -11.5717 11.576 0.00430532
273.404 -0.0156546 0.00636978 -11.5654 11.5697 0.00430934
273.416 -0.0156541 0.00637071 -11.5591 11.5634 0.00431272
273.427 -0.0156537 0.00637164 -11.5527 11.557 0.00431734
273.438 -0.0156531 0.00637184 -11.5463 11.5506 0.00432085
273.449 -0.0156537 0.00637183 -11.5398 11.5441 0.00432482
273.461 -0.0156541 0.00637225 -11.5332 11.5376 0.00432933
273.472 -0.0156543 0.0063729 -11.5267 11.531 0.00433352
273.483 -0.0156552 0.0063737 -11.52 11.5244 0.00433684
273.494 -0.0156563 0.00637363 -11.5133 11.5177 0.00434073
273.506 -0.0156573 0.00637396 -11.5066 11.511 0.00434528
273.517 -0.0156579 0.00637459 -11.4999 11.5042 0.00434927
273.528 -0.0156584 0.00637493 -11.4931 11.4974 0.00435332
273.539 -0.0156585 0.00637588 -11.4862 11.4906 0.00435779
273.551 -0.0156583 0.00637706 -11.4794 11.4838 0.00436184
273.562 -0.015658 0.00637836 -11.4725 11.4769 0.00436596
273.573 -0.0156579 0.00638023 -11.4656 11.47 0.00437013
273.584 -0.0156572 0.00638211 -11.4588 11.4631 0.00437373
273.596 -0.0156567 0.00638328 -11.4518 11.4562 0.00437787
273.607 -0.0156569 0.00638444 -11.4449 11.4493 0.00438154
273.618 -0.0156584 0.00638589 -11.438 11.4424 0.00438548
273.629 -0.0156593 0.00638793 -11.431 11.4354 0.00438944
273.64 -0.0156593 0.00638945 -11.4241 11.4284 0.00439235
273.652 -0.0156592 0.00639082 -11.4171 11.4215 0.00439462
273.663 -0.0156591 0.00639195 -11.41 11.4144 0.00439631
273.674 -0.0156593 0.00639359 -11.4029 11.4073 0.0043977
273.685 -0.0156596 0.00639432 -11.3958 11.4002 0.00439883
273.697 -0.0156599 0.00639518 -11.3887 11.3931 0.0044005
273.708 -0.0156608 0.0063965 -11.3815 11.3859 0.00440284
273.719 -0.0156617 0.00639809 -11.3743 11.3787 0.00440482
273.73 -0.0156611 0.00639898 -11.367 11.3714 0.00440758
273.742 -0.0156602 0.00639978 -11.3597 11.3641 0.00441008
273.753 -0.0156598 0.00640006 -11.3525 11.3569 0.00441226
273.764 -0.0156598 0.00640201 -11.3452 11.3496 0.00441672
273.775 -0.01566 0.00640396 -11.3379 11.3423 0.00442132
273.787 -0.0156598 0.00640616 -11.3306 11.3351 0.00442578
273.798 -0.0156605 0.00640848 -11.3234 11.3278 0.00443075
273.809 -0.0156607 0.00640998 -11.3161 11.3205 0.00443596
273.82 -0.0156614 0.00641082 -11.3089 11.3133 0.0044406
273.831 -0.0156618 0.00641195 -11.3016 11.3061 0.00444533
273.843 -0.0156624 0.00641296 -11.2944 11.2988 0.00444926
273.854 -0.0156628 0.00641337 -11.2871 11.2916 0.00445269
273.865 -0.0156635 0.00641384 -11.2798 11.2843 0.00445625
273.876 -0.0156643 0.00641463 -11.2725 11.277 0.00445971
273.888 -0.0156645 0.00641577 -11.2652 11.2697 0.00446325
273.899 -0.0156654 0.00641623 -11.2579 11.2624 0.00446548
273.91 -0.0156665 0.00641762 -11.2506 11.2551 0.00446856
273.921 -0.0156675 0.00641834 -11.2433 11.2477 0.00447127
273.933 -0.0156683 0.00641959 -11.2359 11.2404 0.00447519
273.944 -0.0156699 0.00642064 -11.2286 11.233 0.00447853
273.955 -0.0156715 0.00642224 -11.2212 11.2257 0.00448202
273.966 -0.0156723 0.00642423 -11.2139 11.2183 0.00448563
273.978 -0.0156733 0.00642608 -11.2065 11.211 0.00448911
273.989 -0.0156745 0.00642853 -11.1992 11.2037 0.00449293
274 -0.0156755 0.00642972 -11.1919 11.1964 0.00449673
274.011 -0.0156774 0.0064312 -11.1847 11.1892 0.0045012
274.022 -0.0156788 0.00643304 -11.1774 11.1819 0.00450488
274.034 -0.0156804 0.00643474 -11.1702 11.1747 0.00450878
274.045 -0.0156819 0.00643636 -11.163 11.1675 0.0045121
274.056 -0.0156832 0.00643817 -11.1558 11.1603 0.00451531
274.067 -0.0156842 0.00643982 -11.1486 11.1531 0.00451932
274.079 -0.0156855 0.00644173 -11.1414 11.146 0.00452375
274.09 -0.0156872 0.00644387 -11.1343 11.1388 0.0045272
274.101 -0.0156885 0.00644617 -11.1271 11.1317 0.00453064
274.112 -0.01569 0.00644791 -11.12 11.1245 0.00453367
274.124 -0.015691 0.00644986 -11.1129 11.1174 0.00453698
274.135 -0.015692 0.00645151 -11.1058 11.1103 0.00454014
274.146 -0.015693 0.0064526 -11.0987 11.1032 0.00454312
274.157 -0.0156939 0.00645415 -11.0916 11.0961 0.00454608
274.169 -0.0156953 0.00645547 -11.0845 11.089 0.0045499
274.18 -0.0156962 0.00645667 -11.0774 11.082 0.004554
274.191 -0.0156969 0.00645752 -11.0704 11.075 0.00455646
274.202 -0.0156981 0.00645802 -11.0634 11.068 0.00455972
274.213 -0.0156998 0.00645936 -11.0565 11.061 0.00456232
274.225 -0.0157016 0.00646078 -11.0496 11.0541 0.00456498
274.236 -0.0157035 0.00646317 -11.0427 11.0472 0.00456893
274.247 -0.0157063 0.00646613 -11.0358 11.0403 0.00457233
274.258 -0.0157078 0.00646818 -11.0289 11.0335 0.00457564
274.27 -0.0157083 0.00647027 -11.0221 11.0267 0.00457741
274.281 -0.0157091 0.00647213 -11.0153 11.0198 0.00457996
274.292 -0.0157095 0.00647497 -11.0084 11.013 0.00458199
274.303 -0.0157105 0.00647711 -11.0016 11.0062 0.00458344
274.315 -0.0157114 0.00647958 -10.9948 10.9994 0.00458575
274.326 -0.0157133 0.00648223 -10.988 10.9926 0.00458761
274.337 -0.0157149 0.00648492 -10.9813 10.9859 0.0045902
274.348 -0.0157151 0.00648641 -10.9746 10.9791 0.00459182
274.36 -0.0157155 0.00648835 -10.9679 10.9725 0.00459334
274.371 -0.0157155 0.00648988 -10.9612 10.9658 0.00459562
274.382 -0.0157162 0.00649186 -10.9546 10.9592 0.00459761
274.393 -0.0157173 0.00649453 -10.9481 10.9527 0.00459917
274.404 -0.0157176 0.00649691 -10.9415 10.9461 0.0046016
274.416 -0.0157184 0.0064998 -10.9351 10.9397 0.00460478
274.427 -0.0157188 0.00650247 -10.9287 10.9333 0.00460737
274.438 -0.0157197 0.00650463 -10.9223 10.9269 0.00461068
274.449 -0.015721 0.0065079 -10.9161 10.9207 0.00461455
274.461 -0.0157217 0.0065117 -10.9099 10.9145 0.00461832
274.472 -0.0157222 0.00651401 -10.9038 10.9084 0.00462184
274.483 -0.0157234 0.00651616 -10.8977 10.9023 0.00462408
274.494 -0.0157243 0.00651871 -10.8917 10.8963 0.00462561
274.506 -0.0157256 0.00652103 -10.8857 10.8903 0.00462771
274.517 -0.0157266 0.00652403 -10.8797 10.8843 0.00462919
274.528 -0.0157276 0.00652691 -10.8738 10.8784 0.00463119
274.539 -0.0157282 0.00652986 -10.8679 10.8725 0.004634
274.551 -0.01573 0.00653214 -10.8621 10.8667 0.00463637
274.562 -0.0157307 0.0065341 -10.8563 10.8609 0.00463761
274.573 -0.0157322 0.00653659 -10.8505 10.8552 0.00463974
274.584 -0.0157335 0.00653928 -10.8448 10.8494 0.00464236
274.596 -0.0157343 0.00654178 -10.8392 10.8438 0.00464459
274.607 -0.0157347 0.00654384 -10.8335 10.8382 0.00464812
274.618 -0.0157368 0.00654675 -10.828 10.8327 0.00465171
274.629 -0.0157385 0.00654941 -10.8226 10.8272 0.00465496
274.64 -0.0157405 0.0065511 -10.8172 10.8218 0.00465831
274.652 -0.0157426 0.00655283 -10.8118 10.8165 0.00466166
274.663 -0.0157445 0.00655509 -10.8066 10.8113 0.00466474
274.674 -0.0157464 0.00655728 -10.8014 10.8061 0.00466739
274.685 -0.0157496 0.00655918 -10.7963 10.801 0.00466956
274.697 -0.0157515 0.00656103 -10.7912 10.7959 0.00467143
274.708 -0.0157528 0.00656196 -10.7862 10.7909 0.00467384
274.719 -0.0157553 0.00656392 -10.7812 10.7859 0.00467641
274.73 -0.0157578 0.00656576 -10.7764 10.781 0.0046786
274.742 -0.0157602 0.00656839 -10.7715 10.7762 0.00468127
274.753 -0.0157617 0.00657133 -10.7668 10.7715 0.00468316
274.764 -0.0157631 0.00657422 -10.7621 10.7668 0.00468482
274.775 -0.0157647 0.00657682 -10.7574 10.7621 0.00468715
274.787 -0.0157656 0.00657904 -10.7529 10.7575 0.00468867
274.798 -0.0157669 0.00658124 -10.7483 10.753 0.00469101
274.809 -0.0157675 0.00658444 -10.7439 10.7486 0.00469407
274.82 -0.0157679 0.00658669 -10.7395 10.7442 0.00469625
274.831 -0.015769 0.00659099 -10.7352 10.7399 0.0046997
274.843 -0.0157694 0.00659407 -10.731 10.7357 0.00470324
274.854 -0.0157701 0.00659767 -10.7268 10.7315 0.00470643
274.865 -0.0157708 0.00660091 -10.7228 10.7275 0.00470847
274.876 -0.0157715 0.0066038 -10.7188 10.7235 0.00471113
274.888 -0.0157729 0.00660633 -10.7149 10.7196 0.00471328
274.899 -0.0157749 0.00660769 -10.7111 10.7158 0.00471521
274.91 -0.0157754 0.00660875 -10.7073 10.712 0.00471648
274.921 -0.0157771 0.00661115 -10.7036 10.7083 0.00471894
274.933 -0.0157786 0.0066126 -10.7 10.7047 0.00472036
274.944 -0.0157801 0.00661501 -10.6964 10.7011 0.00472368
274.955 -0.0157821 0.00661805 -10.6929 10.6976 0.00472661
274.966 -0.0157841 0.00662092 -10.6896 10.6943 0.00472871
274.978 -0.0157862 0.00662347 -10.6863 10.691 0.00473032
274.989 -0.0157887 0.00662636 -10.6831 10.6878 0.00473219
275 -0.015791 0.00662878 -10.68 10.6847 0.00473383
275.011 -0.0157923 0.00663131 -10.6769 10.6817 0.00473651
275.022 -0.0157943 0.00663361 -10.674 10.6787 0.00473887
275.034 -0.0157963 0.00663607 -10.6711 10.6759 0.00474104
275.045 -0.0157974 0.00663874 -10.6684 10.6731 0.00474392
275.056 -0.0157983 0.00664069 -10.6657 10.6705 0.00474646
275.067 -0.0157992 0.0066423 -10.6632 10.6679 0.00474852
275.079 -0.0158007 0.00664312 -10.6607 10.6654 0.00474977
275.09 -0.015802 0.00664452 -10.6583 10.663 0.00475037
275.101 -0.0158045 0.00664566 -10.656 10.6607 0.00475062
275.112 -0.0158073 0.00664698 -10.6537 10.6585 0.00475115
275.124 -0.0158091 0.0066482 -10.6515 10.6563 0.00475162
275.135 -0.0158108 0.00664942 -10.6495 10.6542 0.00475271
275.146 -0.0158128 0.00665077 -10.6475 10.6522 0.00475536
275.157 -0.0158143 0.00665259 -10.6456 10.6504 0.00475761
275.169 -0.0158163 0.00665462 -10.6439 10.6487 0.00476033
275.18 -0.0158177 0.00665698 -10.6423 10.647 0.00476285
275.191 -0.0158185 0.00665926 -10.6407 10.6455 0.00476555
275.202 -0.0158187 0.00666165 -10.6394 10.6441 0.00476733
275.213 -0.0158184 0.00666429 -10.6381 10.6428 0.00477017
275.225 -0.0158189 0.00666792 -10.6369 10.6417 0.00477301
275.236 -0.015819 0.00667164 -10.6359 10.6407 0.00477576
275.247 -0.0158194 0.00667448 -10.635 10.6398 0.00477804
275.258 -0.0158206 0.00667792 -10.6342 10.639 0.00478143
275.27 -0.0158221 0.00668008 -10.6335 10.6383 0.00478418
275.281 -0.0158234 0.00668263 -10.633 10.6378 0.00478673
275.292 -0.0158248 0.00668569 -10.6326 10.6374 0.00478897
275.303 -0.0158259 0.00668809 -10.6323 10.6371 0.00479077
275.315 -0.0158271 0.00669037 -10.6322 10.637 0.00479254
275.326 -0.0158284 0.00669286 -10.6321 10.6369 0.00479425
275.337 -0.0158303 0.00669503 -10.6322 10.637 0.00479535
275.348 -0.0158321 0.0066963 -10.6325 10.6372 0.00479589
275.36 -0.0158335 0.00669711 -10.6328 10.6376 0.00479658
275.371 -0.015836 0.00669848 -10.6332 10.638 0.00479839
275.382 -0.0158386 0.00669966 -10.6337 10.6385 0.00479997
275.393 -0.0158415 0.00670129 -10.6344 10.6392 0.00480373
275.404 -0.0158444 0.00670334 -10.6353 10.6401 0.00480719
275.416 -0.0158476 0.00670537 -10.6363 10.6411 0.00481037
275.427 -0.0158492 0.00670786 -10.6374 10.6422 0.00481229
275.438 -0.0158509 0.00671009 -10.6387 10.6435 0.00481418
275.449 -0.0158525 0.00671114 -10.6401 10.6449 0.00481579
275.461 -0.0158542 0.00671304 -10.6416 10.6464 0.00481823
275.472 -0.0158561 0.00671473 -10.6433 10.6481 0.00482019
275.483 -0.0158576 0.00671588 -10.6451 10.65 0.00482315
275.494 -0.0158588 0.00671853 -10.6471 10.6519 0.00482571
275.506 -0.0158596 0.00672055 -10.6492 10.6541 0.00482802
275.517 -0.015861 0.00672213 -10.6515 10.6563 0.00483027
275.528 -0.015862 0.00672315 -10.6539 10.6587 0.00483228
275.539 -0.0158626 0.00672454 -10.6564 10.6612 0.00483384
275.551 -0.015864 0.00672611 -10.6591 10.6639 0.00483532
275.562 -0.0158654 0.00672787 -10.6619 10.6667 0.00483703
275.573 -0.0158672 0.00673004 -10.6648 10.6696 0.00483884
275.584 -0.0158691 0.00673224 -10.6679 10.6727 0.00484157
275.596 -0.0158711 0.0067334 -10.6711 10.6759 0.00484453
275.607 -0.0158725 0.0067347 -10.6745 10.6793 0.00484773
275.618 -0.0158755 0.00673566 -10.678 10.6828 0.00485109
275.629 -0.0158782 0.00673635 -10.6817 10.6865 0.00485456
275.64 -0.0158805 0.00673776 -10.6855 10.6904 0.00485766
275.652 -0.015883 0.00673962 -10.6895 10.6944 0.00486131
275.663 -0.0158859 0.00674182 -10.6937 10.6986 0.00486512
275.674 -0.0158884 0.00674358 -10.698 10.7029 0.00486824
275.685 -0.0158905 0.00674534 -10.7025 10.7074 0.00487212
275.697 -0.0158925 0.00674775 -10.7072 10.712 0.00487591
275.708 -0.0158944 0.00675012 -10.7119 10.7168 0.00488028
275.719 -0.0158951 0.00675192 -10.7169 10.7217 0.00488319
275.73 -0.0158969 0.00675445 -10.7219 10.7268 0.00488625
275.742 -0.0158981 0.00675663 -10.7271 10.732 0.0048883
275.753 -0.0158996 0.00675886 -10.7324 10.7373 0.00489095
275.764 -0.0159012 0.00676236 -10.7378 10.7427 0.00489551
275.775 -0.0159031 0.00676579 -10.7434 10.7483 0.00490042
275.787 -0.0159036 0.00676889 -10.7492 10.7541 0.00490397
275.798 -0.0159045 0.00677194 -10.7551 10.76 0.00490717
275.809 -0.0159062 0.00677462 -10.7611 10.7661 0.0049097
275.82 -0.0159085 0.00677796 -10.7673 10.7722 0.00491406
275.831 -0.0159113 0.00678144 -10.7735 10.7785 0.00491814
275.843 -0.0159129 0.00678449 -10.78 10.7849 0.00492162
275.854 -0.0159141 0.00678768 -10.7865 10.7914 0.00492481
275.865 -0.0159154 0.00679023 -10.7931 10.798 0.00492798
275.876 -0.0159169 0.00679297 -10.7999 10.8048 0.00493088
275.888 -0.0159187 0.00679483 -10.8067 10.8117 0.0049343
275.899 -0.0159201 0.00679708 -10.8137 10.8187 0.00493782
275.91 -0.0159207 0.00680046 -10.8209 10.8258 0.00494071
275.921 -0.0159223 0.00680431 -10.8281 10.833 0.00494453
275.933 -0.0159235 0.00680843 -10.8354 10.8404 0.00494809
275.944 -0.015924 0.00681216 -10.8429 10.8478 0.00495034
275.955 -0.0159247 0.0068159 -10.8504 10.8553 0.00495281
275.966 -0.0159264 0.00681928 -10.858 10.8629 0.0049565
275.978 -0.0159287 0.00682282 -10.8657 10.8707 0.00495994
275.989 -0.0159304 0.00682592 -10.8736 10.8785 0.00496323
276 -0.0159331 0.00682927 -10.8815 10.8865 0.00496675
276.011 -0.0159348 0.00683315 -10.8896 10.8946 0.00496961
276.022 -0.0159364 0.00683686 -10.8978 10.9028 0.00497321
276.034 -0.0159377 0.00684144 -10.9061 10.9111 0.00497757
276.045 -0.0159392 0.00684523 -10.9145 10.9195 0.00498194
276.056 -0.0159412 0.00684808 -10.9231 10.928 0.00498661
276.067 -0.0159429 0.00685039 -10.9317 10.9367 0.00499026
276.079 -0.0159451 0.00685304 -10.9404 10.9454 0.00499447
276.09 -0.0159469 0.00685438 -10.9493 10.9543 0.00499804
276.101 -0.0159486 0.00685598 -10.9582 10.9632 0.00500072
276.112 -0.0159505 0.00685779 -10.9672 10.9722 0.00500308
276.124 -0.0159514 0.00685881 -10.9762 10.9812 0.00500506
276.135 -0.0159528 0.00686022 -10.9853 10.9903 0.00500644
276.146 -0.0159542 0.00686185 -10.9945 10.9995 0.00500795
276.157 -0.0159553 0.00686302 -11.0037 11.0087 0.00501062
276.169 -0.015957 0.0068651 -11.013 11.018 0.00501391
276.18 -0.0159592 0.00686757 -11.0223 11.0273 0.00501693
276.191 -0.0159615 0.00687003 -11.0317 11.0367 0.00502063
276.202 -0.0159645 0.00687184 -11.0412 11.0462 0.00502417
276.213 -0.0159669 0.00687402 -11.0507 11.0557 0.00502744
276.225 -0.0159688 0.00687552 -11.0603 11.0653 0.00503119
276.236 -0.01597 0.00687739 -11.0699 11.0749 0.00503447
276.247 -0.0159712 0.00687955 -11.0796 11.0846 0.00503806
276.258 -0.0159724 0.00688136 -11.0893 11.0944 0.00504134
276.27 -0.0159736 0.00688213 -11.0991 11.1041 0.00504388
276.281 -0.0159748 0.00688407 -11.1089 11.114 0.00504616
276.292 -0.0159758 0.00688554 -11.1188 11.1238 0.00504919
276.303 -0.0159777 0.00688758 -11.1287 11.1337 0.00505269
276.315 -0.0159792 0.00688941 -11.1386 11.1437 0.00505573
276.326 -0.0159795 0.00689035 -11.1486 11.1536 0.00505792
276.337 -0.0159803 0.00689186 -11.1585 11.1636 0.00505971
276.348 -0.0159811 0.00689321 -11.1685 11.1735 0.00506207
276.36 -0.0159826 0.00689476 -11.1784 11.1835 0.00506515
276.371 -0.0159842 0.00689633 -11.1884 11.1935 0.00506867
276.382 -0.015986 0.00689781 -11.1985 11.2035 0.00507175
276.393 -0.0159875 0.00689986 -11.2085 11.2136 0.00507513
276.404 -0.0159891 0.00690188 -11.2185 11.2236 0.00507783
276.416 -0.0159908 0.00690332 -11.2285 11.2336 0.00508107
276.427 -0.0159924 0.00690473 -11.2385 11.2436 0.00508466
276.438 -0.015994 0.00690678 -11.2485 11.2536 0.00508844
276.449 -0.0159956 0.00690838 -11.2584 11.2635 0.00509263
276.461 -0.0159974 0.0069105 -11.2684 11.2735 0.00509648
276.472 -0.0159994 0.00691199 -11.2783 11.2834 0.00509975
276.483 -0.0160008 0.00691321 -11.2882 11.2933 0.00510339
276.494 -0.0160023 0.00691427 -11.2981 11.3032 0.00510678
276.506 -0.0160038 0.0069153 -11.3079 11.313 0.00510937
276.517 -0.0160054 0.00691606 -11.3177 11.3228 0.00511232
276.528 -0.0160071 0.00691711 -11.3275 11.3326 0.00511653
276.539 -0.016009 0.00691815 -11.3372 11.3424 0.00512012
276.551 -0.0160106 0.0069193 -11.3469 11.3521 0.00512399
276.562 -0.0160114 0.0069209 -11.3566 11.3617 0.0051273
276.573 -0.0160117 0.00692311 -11.3662 11.3713 0.0051308
276.584 -0.016012 0.0069249 -11.3758 11.3809 0.00513339
276.596 -0.0160133 0.00692648 -11.3852 11.3904 0.00513624
276.607 -0.0160141 0.00692807 -11.3946 11.3998 0.00513839
276.618 -0.0160152 0.00692913 -11.404 11.4091 0.00514052
276.629 -0.0160157 0.00693035 -11.4132 11.4184 0.00514228
276.64 -0.0160174 0.00693199 -11.4224 11.4275 0.00514351
276.652 -0.0160181 0.0069332 -11.4315 11.4366 0.00514364
276.663 -0.0160182 0.00693462 -11.4405 11.4456 0.00514467
276.674 -0.0160177 0.00693613 -11.4493 11.4545 0.00514613
276.685 -0.0160176 0.00693806 -11.4581 11.4632 0.00514855
276.697 -0.0160175 0.00694039 -11.4667 11.4719 0.00515179
276.708 -0.0160177 0.00694239 -11.4753 11.4805 0.00515461
276.719 -0.0160179 0.00694463 -11.4838 11.489 0.00515715
276.73 -0.0160194 0.00694667 -11.4922 11.4974 0.00515938
276.742 -0.0160213 0.0069488 -11.5005 11.5057 0.0051622
276.753 -0.0160232 0.00695133 -11.5087 11.5139 0.0051643
276.764 -0.0160251 0.00695414 -11.5167 11.5219 0.00516675
276.775 -0.0160272 0.0069568 -11.5247 11.5299 0.00516876
276.787 -0.016029 0.00695966 -11.5325 11.5377 0.00517077
276.798 -0.0160301 0.00696178 -11.5403 11.5454 0.00517227
276.809 -0.0160312 0.00696456 -11.5479 11.553 0.00517389
276.82 -0.0160317 0.00696731 -11.5554 11.5605 0.00517526
276.831 -0.0160319 0.0069702 -11.5627 11.5679 0.0051761
276.843 -0.0160324 0.00697274 -11.5699 11.5751 0.00517685
276.854 -0.0160327 0.00697525 -11.577 11.5822 0.00517769
276.865 -0.0160322 0.00697839 -11.5839 11.5891 0.00517844
276.876 -0.0160322 0.00698118 -11.5907 11.5959 0.00517948
276.888 -0.0160319 0.00698353 -11.5974 11.6026 0.0051802
276.899 -0.0160315 0.00698586 -11.6039 11.6091 0.00518126
276.91 -0.0160308 0.00698823 -11.6104 11.6156 0.00518283
276.921 -0.0160311 0.0069903 -11.6167 11.6218 0.00518445
276.933 -0.0160321 0.00699172 -11.6228 11.628 0.00518671
276.944 -0.0160329 0.00699291 -11.6289 11.6341 0.00518934
276.955 -0.0160339 0.00699477 -11.6349 11.64 0.00519151
276.966 -0.0160351 0.00699553 -11.6406 11.6458 0.00519433
276.978 -0.0160344 0.00699637 -11.6464 11.6516 0.00519668
276.989 -0.0160344 0.00699631 -11.652 11.6572 0.00519933
277 -0.0160339 0.00699715 -11.6575 11.6627 0.00520152
277.011 -0.0160337 0.00699822 -11.6627 11.668 0.00520464
277.022 -0.0160347 0.00699987 -11.6679 11.6731 0.0052094
277.034 -0.0160357 0.00700123 -11.673 11.6782 0.00521373
277.045 -0.0160354 0.00700168 -11.6779 11.6831 0.00521705
277.056 -0.0160344 0.00700215 -11.6828 11.688 0.0052207
277.067 -0.0160346 0.00700344 -11.6875 11.6927 0.00522352
277.079 -0.0160347 0.00700401 -11.692 11.6972 0.00522651
277.09 -0.0160356 0.00700509 -11.6965 11.7017 0.00522983
277.101 -0.0160362 0.00700621 -11.7008 11.706 0.00523331
277.112 -0.0160376 0.0070075 -11.7049 11.7102 0.00523779
277.124 -0.0160391 0.00701006 -11.7089 11.7142 0.00524193
277.135 -0.016041 0.00701146 -11.7128 11.718 0.00524637
277.146 -0.0160423 0.007013 -11.7165 11.7218 0.005251
277.157 -0.0160445 0.0070149 -11.7202 11.7254 0.00525531
277.169 -0.0160462 0.00701562 -11.7236 11.7289 0.00526068
277.18 -0.0160478 0.00701674 -11.727 11.7322 0.00526658
277.191 -0.0160492 0.00701751 -11.7302 11.7355 0.00527209
277.202 -0.0160506 0.00701855 -11.7333 11.7386 0.00527717
277.213 -0.0160521 0.00702006 -11.7362 11.7415 0.00528265
277.225 -0.0160533 0.0070214 -11.7391 11.7444 0.0052877
277.236 -0.0160539 0.00702258 -11.7418 11.7471 0.0052919
277.247 -0.0160552 0.00702379 -11.7443 11.7496 0.00529639
277.258 -0.016056 0.00702496 -11.7468 11.7521 0.00529985
277.27 -0.0160572 0.0070262 -11.749 11.7543 0.00530332
277.281 -0.0160577 0.0070274 -11.7512 11.7565 0.00530627
277.292 -0.0160585 0.00702826 -11.7532 11.7585 0.00530884
277.303 -0.0160594 0.00702831 -11.7551 11.7604 0.00531143
277.315 -0.0160599 0.00702867 -11.7568 11.7621 0.00531393
277.326 -0.0160606 0.00702907 -11.7584 11.7637 0.00531609
277.337 -0.0160615 0.00703012 -11.7599 11.7652 0.00531889
277.348 -0.0160625 0.00703163 -11.7612 11.7665 0.0053214
277.36 -0.0160631 0.00703287 -11.7624 11.7678 0.00532428
277.371 -0.0160631 0.00703347 -11.7635 11.7688 0.00532672
277.382 -0.016064 0.00703321 -11.7645 11.7698 0.0053294
277.393 -0.0160644 0.00703336 -11.7653 11.7706 0.00533156
277.404 -0.0160647 0.00703429 -11.766 11.7713 0.00533349
277.416 -0.0160645 0.00703437 -11.7666 11.7719 0.00533557
277.427 -0.0160641 0.00703452 -11.767 11.7724 0.00533648
277.438 -0.0160646 0.00703515 -11.7673 11.7727 0.0053382
277.449 -0.0160654 0.00703577 -11.7675 11.7728 0.00534034
277.461 -0.0160653 0.00703609 -11.7676 11.7729 0.00534316
277.472 -0.0160655 0.00703663 -11.7675 11.7729 0.00534631
277.483 -0.0160652 0.00703767 -11.7674 11.7727 0.0053486
277.494 -0.0160647 0.00703838 -11.767 11.7724 0.00535074
277.506 -0.0160648 0.00703918 -11.7666 11.7719 0.0053531
277.517 -0.0160649 0.00703939 -11.766 11.7714 0.00535463
277.528 -0.0160647 0.0070393 -11.7653 11.7707 0.00535625
277.539 -0.0160645 0.00703926 -11.7645 11.7698 0.00535854
277.551 -0.0160648 0.00703972 -11.7635 11.7689 0.00536156
277.562 -0.0160648 0.00704018 -11.7625 11.7678 0.00536448
277.573 -0.0160644 0.00704066 -11.7613 11.7666 0.00536686
277.584 -0.0160642 0.0070418 -11.7599 11.7653 0.00536926
277.596 -0.0160643 0.00704225 -11.7585 11.7639 0.00537144
277.607 -0.0160637 0.00704282 -11.757 11.7623 0.00537383
277.618 -0.0160624 0.00704311 -11.7553 11.7606 0.00537543
277.629 -0.0160609 0.00704339 -11.7535 11.7589 0.00537694
277.64 -0.0160596 0.00704362 -11.7516 11.7569 0.00537927
277.652 -0.0160579 0.0070435 -11.7495 11.7549 0.00538103
277.663 -0.016057 0.00704375 -11.7474 11.7527 0.00538367
277.674 -0.0160561 0.00704372 -11.7451 11.7505 0.00538714
277.685 -0.0160553 0.00704337 -11.7427 11.7481 0.00539032
277.697 -0.0160549 0.00704313 -11.7402 11.7456 0.00539333
277.708 -0.0160541 0.00704288 -11.7376 11.743 0.00539668
277.719 -0.016054 0.00704308 -11.7349 11.7403 0.00539916
277.73 -0.016054 0.00704349 -11.7321 11.7375 0.00540121
277.742 -0.0160547 0.0070439 -11.7291 11.7345 0.00540408
277.753 -0.0160551 0.00704445 -11.7261 11.7315 0.00540652
277.764 -0.0160557 0.00704436 -11.7229 11.7283 0.00540905
277.775 -0.0160553 0.00704574 -11.7197 11.7251 0.00541223
277.787 -0.0160544 0.00704558 -11.7163 11.7217 0.00541558
277.798 -0.0160542 0.00704529 -11.7129 11.7183 0.00541792
277.809 -0.0160544 0.00704548 -11.7093 11.7147 0.00542007
277.82 -0.0160545 0.0070457 -11.7056 11.7111 0.00542225
277.831 -0.0160543 0.00704583 -11.7019 11.7073 0.00542391
277.843 -0.0160537 0.00704609 -11.6981 11.7035 0.0054254
277.854 -0.0160529 0.00704597 -11.6941 11.6996 0.00542784
277.865 -0.0160531 0.00704521 -11.6901 11.6956 0.00542909
277.876 -0.0160529 0.0070453 -11.686 11.6915 0.00543132
277.888 -0.0160522 0.00704554 -11.6819 11.6873 0.00543379
277.899 -0.0160515 0.0070456 -11.6776 11.683 0.00543603
277.91 -0.0160501 0.00704607 -11.6733 11.6787 0.00543817
277.921 -0.016049 0.00704612 -11.6688 11.6743 0.00544033
277.933 -0.0160483 0.00704683 -11.6643 11.6697 0.0054423
277.944 -0.0160482 0.00704724 -11.6597 11.6651 0.00544428
277.955 -0.0160478 0.0070478 -11.655 11.6605 0.00544576
277.966 -0.0160472 0.00704784 -11.6502 11.6557 0.00544769
277.978 -0.0160461 0.00704796 -11.6453 11.6508 0.00544883
277.989 -0.0160452 0.00704745 -11.6403 11.6458 0.00545073
278 -0.016044 0.00704764 -11.6353 11.6407 0.00545267
278.011 -0.0160431 0.00704773 -11.6301 11.6356 0.00545501
278.022 -0.0160422 0.00704752 -11.6249 11.6303 0.00545691
278.034 -0.0160407 0.00704681 -11.6195 11.625 0.0054581
278.045 -0.0160394 0.00704608 -11.6141 11.6196 0.00545939
278.056 -0.0160388 0.00704539 -11.6086 11.6141 0.00546091
278.067 -0.0160379 0.00704528 -11.603 11.6085 0.00546232
278.079 -0.0160369 0.00704452 -11.5973 11.6028 0.00546452
278.09 -0.0160355 0.00704373 -11.5915 11.597 0.00546721
278.101 -0.0160339 0.00704288 -11.5857 11.5912 0.00546993
278.112 -0.016033 0.00704171 -11.5798 11.5853 0.00547183
278.124 -0.0160319 0.00704069 -11.5738 11.5793 0.00547269
278.135 -0.0160309 0.00703982 -11.5678 11.5733 0.00547364
278.146 -0.0160291 0.00703874 -11.5617 11.5672 0.00547545
278.157 -0.0160276 0.00703762 -11.5555 11.561 0.00547722
278.169 -0.0160264 0.00703664 -11.5493 11.5548 0.00547914
278.18 -0.0160245 0.00703615 -11.543 11.5485 0.00548175
278.191 -0.0160228 0.00703557 -11.5367 11.5422 0.0054847
278.202 -0.0160213 0.00703505 -11.5303 11.5358 0.00548741
278.213 -0.0160203 0.00703449 -11.5239 11.5294 0.00548959
278.225 -0.0160194 0.00703364 -11.5174 11.5229 0.00549132
278.236 -0.0160186 0.00703361 -11.5109 11.5164 0.00549364
278.247 -0.0160177 0.00703384 -11.5043 11.5098 0.00549584
278.258 -0.0160166 0.0070337 -11.4977 11.5032 0.00549787
278.27 -0.0160151 0.00703348 -11.4911 11.4966 0.00549995
278.281 -0.0160138 0.00703348 -11.4844 11.4899 0.00550214
278.292 -0.0160119 0.00703267 -11.4776 11.4831 0.00550447
278.303 -0.0160097 0.00703206 -11.4709 11.4764 0.00550641
278.315 -0.0160071 0.00703085 -11.4641 11.4696 0.00550909
278.326 -0.0160048 0.00703002 -11.4573 11.4628 0.00551092
278.337 -0.0160023 0.00702958 -11.4504 11.4559 0.00551217
278.348 -0.0160003 0.00702904 -11.4436 11.4491 0.00551395
278.36 -0.0159985 0.00702907 -11.4366 11.4422 0.00551554
278.371 -0.0159968 0.00702857 -11.4297 11.4352 0.0055176
278.382 -0.0159953 0.00702793 -11.4228 11.4283 0.00552047
278.393 -0.0159946 0.00702729 -11.4158 11.4213 0.00552227
278.404 -0.0159937 0.00702636 -11.4088 11.4143 0.00552383
278.416 -0.0159922 0.00702496 -11.4018 11.4073 0.00552519
278.427 -0.0159907 0.00702288 -11.3948 11.4003 0.0055261
278.438 -0.0159883 0.00702169 -11.3877 11.3933 0.00552786
278.449 -0.0159863 0.0070194 -11.3807 11.3862 0.00552952
278.461 -0.0159842 0.00701782 -11.3736 11.3792 0.00553121
278.472 -0.0159824 0.00701649 -11.3666 11.3721 0.00553182
278.483 -0.0159809 0.00701569 -11.3595 11.365 0.00553305
278.494 -0.0159795 0.00701531 -11.3525 11.358 0.00553404
278.506 -0.0159781 0.00701505 -11.3454 11.3509 0.00553596
278.517 -0.0159778 0.0070144 -11.3383 11.3439 0.0055375
278.528 -0.0159769 0.00701371 -11.3313 11.3368 0.00553852
278.539 -0.015976 0.00701334 -11.3242 11.3298 0.00553955
278.551 -0.0159749 0.0070125 -11.3172 11.3227 0.00554077
278.562 -0.0159733 0.00701222 -11.3102 11.3157 0.00554285
278.573 -0.0159711 0.00701133 -11.3032 11.3087 0.00554505
278.584 -0.0159688 0.00701006 -11.2962 11.3018 0.00554688
278.596 -0.0159667 0.00700894 -11.2893 11.2949 0.00554878
278.607 -0.0159647 0.00700838 -11.2825 11.288 0.00554989
278.618 -0.0159632 0.00700751 -11.2757 11.2812 0.00555237
278.629 -0.0159622 0.00700636 -11.2689 11.2744 0.00555518
278.64 -0.0159611 0.00700531 -11.2621 11.2677 0.0055577
278.652 -0.0159603 0.00700388 -11.2554 11.261 0.00556054
278.663 -0.0159587 0.00700329 -11.2488 11.2543 0.00556285
278.674 -0.0159578 0.00700216 -11.2421 11.2477 0.00556457
278.685 -0.0159563 0.00700079 -11.2356 11.2411 0.00556693
278.697 -0.0159548 0.00699916 -11.229 11.2346 0.00556902
278.708 -0.0159538 0.00699831 -11.2226 11.2281 0.00557112
278.719 -0.0159521 0.00699652 -11.2161 11.2217 0.00557332
278.73 -0.015951 0.00699501 -11.2098 11.2153 0.005575
278.742 -0.0159498 0.00699302 -11.2035 11.209 0.00557747
278.753 -0.0159486 0.00699161 -11.1972 11.2028 0.00557977
278.764 -0.0159479 0.00699046 -11.191 11.1966 0.00558215
278.775 -0.0159467 0.00698917 -11.1849 11.1905 0.005584
278.787 -0.0159459 0.00698795 -11.1788 11.1844 0.00558615
278.798 -0.0159438 0.00698629 -11.1728 11.1784 0.00558868
278.809 -0.0159421 0.00698466 -11.1668 11.1724 0.00559117
278.82 -0.0159404 0.00698359 -11.1609 11.1665 0.00559381
278.831 -0.0159391 0.00698298 -11.155 11.1606 0.00559627
278.843 -0.0159381 0.00698254 -11.1492 11.1548 0.00559811
278.854 -0.0159371 0.00698143 -11.1434 11.149 0.00560043
278.865 -0.0159352 0.00698 -11.1377 11.1433 0.00560337
278.876 -0.0159333 0.00697853 -11.132 11.1376 0.00560614
278.888 -0.0159319 0.00697824 -11.1264 11.132 0.00560902
278.899 -0.0159306 0.00697759 -11.1208 11.1264 0.00561158
278.91 -0.0159293 0.00697648 -11.1153 11.1209 0.00561498
278.921 -0.0159286 0.00697505 -11.1098 11.1154 0.00561724
278.933 -0.0159284 0.00697415 -11.1045 11.1101 0.00561854
278.944 -0.0159272 0.00697303 -11.0992 11.1048 0.00562025
278.955 -0.0159261 0.00697159 -11.0939 11.0995 0.00562333
278.966 -0.0159247 0.00696982 -11.0887 11.0944 0.00562522
278.978 -0.0159236 0.00696814 -11.0837 11.0893 0.00562766
278.989 -0.0159217 0.0069666 -11.0786 11.0842 0.00563019
279 -0.0159197 0.00696479 -11.0737 11.0793 0.0056336
279.011 -0.0159175 0.00696337 -11.0689 11.0745 0.0056363
279.022 -0.0159156 0.00696191 -11.0641 11.0698 0.00563861
279.034 -0.0159142 0.00696072 -11.0594 11.0651 0.00564013
279.045 -0.0159124 0.0069595 -11.0548 11.0605 0.00564229
279.056 -0.0159108 0.00695871 -11.0503 11.0559 0.00564463
279.067 -0.0159093 0.00695746 -11.0458 11.0515 0.00564641
279.079 -0.0159085 0.00695713 -11.0414 11.0471 0.00564738
279.09 -0.0159078 0.00695661 -11.0371 11.0428 0.0056483
279.101 -0.0159069 0.00695565 -11.0329 11.0385 0.00564947
279.112 -0.0159056 0.00695544 -11.0287 11.0344 0.00565018
279.124 -0.0159035 0.00695477 -11.0246 11.0303 0.00565238
279.135 -0.0159017 0.00695413 -11.0207 11.0263 0.00565428
279.146 -0.0159004 0.00695374 -11.0168 11.0225 0.00565639
279.157 -0.0158994 0.00695291 -11.013 11.0186 0.00565869
279.169 -0.0158978 0.00695136 -11.0093 11.0149 0.00566094
279.18 -0.0158954 0.00695028 -11.0057 11.0113 0.00566317
279.191 -0.0158932 0.00694917 -11.0022 11.0078 0.00566504
279.202 -0.015891 0.00694862 -10.9987 11.0044 0.00566668
279.213 -0.0158891 0.00694774 -10.9954 11.001 0.00566878
279.225 -0.0158872 0.00694727 -10.9921 10.9978 0.00567106
279.236 -0.0158857 0.00694697 -10.9889 10.9946 0.0056723
279.247 -0.0158839 0.00694668 -10.9858 10.9915 0.00567344
279.258 -0.0158816 0.00694519 -10.9828 10.9885 0.00567572
279.27 -0.0158798 0.00694403 -10.9799 10.9856 0.00567742
279.281 -0.0158779 0.00694305 -10.9771 10.9828 0.00567931
279.292 -0.0158764 0.00694277 -10.9744 10.9801 0.00568097
279.303 -0.0158749 0.00694196 -10.9718 10.9775 0.00568289
279.315 -0.015874 0.00694105 -10.9692 10.9749 0.00568465
279.326 -0.0158731 0.00693952 -10.9668 10.9725 0.00568574
279.337 -0.0158724 0.00693865 -10.9644 10.9701 0.00568738
279.348 -0.0158717 0.00693686 -10.9621 10.9678 0.00568839
279.36 -0.0158711 0.00693569 -10.9599 10.9656 0.00569044
279.371 -0.0158697 0.00693494 -10.9579 10.9636 0.00569276
279.382 -0.015869 0.00693398 -10.9559 10.9616 0.00569374
279.393 -0.0158686 0.00693278 -10.954 10.9597 0.00569492
279.404 -0.0158683 0.00693225 -10.9522 10.9579 0.00569656
279.416 -0.0158669 0.00693131 -10.9505 10.9562 0.0056991
279.427 -0.0158655 0.00693029 -10.949 10.9547 0.00570105
279.438 -0.0158635 0.00692892 -10.9476 10.9533 0.00570375
279.449 -0.0158621 0.00692775 -10.9463 10.952 0.00570584
279.461 -0.0158606 0.00692536 -10.9451 10.9508 0.00570889
279.472 -0.0158589 0.00692406 -10.944 10.9497 0.00571039
279.483 -0.015857 0.00692215 -10.943 10.9487 0.00571277
279.494 -0.0158548 0.00691989 -10.9421 10.9478 0.00571567
279.506 -0.0158532 0.00691771 -10.9412 10.9469 0.00571696
279.517 -0.0158514 0.00691572 -10.9405 10.9462 0.00571866
279.528 -0.0158494 0.00691401 -10.9399 10.9456 0.00572117
279.539 -0.0158472 0.00691259 -10.9393 10.9451 0.00572413
279.551 -0.0158453 0.00691147 -10.9389 10.9446 0.00572575
279.562 -0.0158446 0.00691085 -10.9385 10.9443 0.00572717
279.573 -0.0158437 0.00691038 -10.9383 10.944 0.00572932
279.584 -0.0158418 0.00690877 -10.9381 10.9438 0.0057319
279.596 -0.0158403 0.00690735 -10.938 10.9437 0.00573435
279.607 -0.0158387 0.00690562 -10.938 10.9437 0.00573631
279.618 -0.0158374 0.00690374 -10.9381 10.9438 0.00573883
279.629 -0.0158355 0.00690182 -10.9383 10.9441 0.00574204
279.64 -0.0158343 0.00689865 -10.9387 10.9445 0.00574531
279.652 -0.0158323 0.00689625 -10.9392 10.945 0.00574782
279.663 -0.0158301 0.00689437 -10.9398 10.9456 0.00575008
279.674 -0.0158279 0.00689254 -10.9406 10.9463 0.00575257
279.685 -0.0158262 0.00689023 -10.9414 10.9471 0.00575445
279.697 -0.0158242 0.00688857 -10.9423 10.948 0.00575735
279.708 -0.0158227 0.00688603 -10.9433 10.949 0.0057599
279.719 -0.0158206 0.00688409 -10.9444 10.9502 0.00576194
279.73 -0.0158189 0.00688215 -10.9456 10.9514 0.00576493
279.742 -0.0158173 0.00687997 -10.947 10.9527 0.00576794
279.753 -0.0158155 0.00687814 -10.9484 10.9542 0.00577053
279.764 -0.015814 0.00687641 -10.9499 10.9557 0.00577325
279.775 -0.0158126 0.00687511 -10.9516 10.9574 0.00577553
279.787 -0.0158104 0.00687362 -10.9533 10.9591 0.00577874
279.798 -0.0158084 0.00687333 -10.9551 10.9609 0.00578116
279.809 -0.0158063 0.00687185 -10.957 10.9628 0.00578337
279.82 -0.0158038 0.00686985 -10.9591 10.9648 0.00578568
279.831 -0.0158018 0.00686768 -10.9611 10.9669 0.00578807
279.843 -0.0158005 0.00686578 -10.9633 10.9691 0.00578965
279.854 -0.0157984 0.00686388 -10.9656 10.9714 0.00579061
279.865 -0.0157972 0.00686131 -10.9679 10.9737 0.00579359
279.876 -0.0157956 0.00685905 -10.9703 10.9761 0.00579603
279.888 -0.0157939 0.00685719 -10.9729 10.9787 0.00579755
279.899 -0.0157921 0.00685614 -10.9754 10.9812 0.00579945
279.91 -0.0157902 0.00685475 -10.9781 10.9839 0.00580049
279.921 -0.0157887 0.00685263 -10.9809 10.9867 0.00580312
279.933 -0.0157882 0.00685021 -10.9837 10.9895 0.00580564
279.944 -0.0157874 0.0068482 -10.9866 10.9924 0.00580791
279.955 -0.0157858 0.00684579 -10.9896 10.9954 0.00581092
279.966 -0.0157834 0.00684373 -10.9927 10.9985 0.0058145
279.978 -0.0157812 0.00684165 -10.9959 11.0017 0.00581769
279.989 -0.0157792 0.0068399 -10.9992 11.005 0.00582094
280 -0.0157772 0.00683851 -11.0026 11.0084 0.00582416
