# t dissipation energy Reynolds eta
160.001 0.0409708 1.35054 12.7567 3.48828
160.003 0.0706731 1.3586 9.77083 3.0438
160.006 0.0515968 1.35563 11.4103 3.29287
160.009 0.0455677 1.35462 12.1327 3.39676
160.014 0.0428564 1.35415 12.5062 3.44926
160.019 0.0413674 1.35373 12.7254 3.47989
160.024 0.040473 1.3534 12.8621 3.49895
160.03 0.0399283 1.35315 12.9471 3.51083
160.037 0.0395899 1.3529 12.9999 3.51831
160.044 0.0393773 1.35269 13.033 3.52304
160.051 0.0392478 1.3525 13.0527 3.52595
160.059 0.0391736 1.35233 13.0633 3.52761
160.067 0.039131 1.35216 13.0688 3.52858
160.075 0.0391161 1.35199 13.0696 3.52891
160.084 0.0391193 1.35182 13.0675 3.52884
160.092 0.0391424 1.35165 13.062 3.52832
160.101 0.0391761 1.35152 13.055 3.52756
160.111 0.0392227 1.35139 13.0461 3.52651
160.12 0.0392819 1.35128 13.0352 3.52518
160.13 0.0393425 1.3512 13.0243 3.52382
160.14 0.0394205 1.35112 13.0107 3.52208
160.149 0.0395106 1.35106 12.9953 3.52007
160.159 0.0396104 1.35101 12.9784 3.51785
160.17 0.03972 1.35098 12.9602 3.51542
160.18 0.039837 1.35096 12.9409 3.51284
160.19 0.0399612 1.35095 12.9207 3.5101
160.2 0.0400956 1.35096 12.8992 3.50716
160.211 0.040238 1.35099 12.8766 3.50405
160.222 0.0403876 1.35103 12.8532 3.5008
160.232 0.0405481 1.3511 12.8283 3.49733
160.243 0.0407147 1.35118 12.8028 3.49375
160.254 0.0408883 1.35128 12.7765 3.49003
160.264 0.0410697 1.35139 12.7493 3.48618
160.275 0.0412568 1.35152 12.7216 3.48222
160.286 0.0414512 1.35166 12.6931 3.47813
160.297 0.0416516 1.35183 12.664 3.47393
160.308 0.041859 1.35201 12.6343 3.46962
160.319 0.0420733 1.3522 12.6039 3.4652
160.33 0.0422945 1.35241 12.5729 3.46066
160.341 0.0425195 1.35264 12.5417 3.45607
160.352 0.042749 1.35289 12.5103 3.45142
160.363 0.0429797 1.35315 12.4791 3.44678
160.374 0.0432187 1.35342 12.447 3.44201
160.385 0.0434623 1.3537 12.4147 3.43717
160.396 0.0437088 1.354 12.3824 3.43232
160.407 0.0439568 1.35432 12.3502 3.42747
160.418 0.0442144 1.35465 12.3172 3.42246
160.429 0.0444735 1.35499 12.2844 3.41747
160.44 0.0447365 1.35535 12.2515 3.41243
160.451 0.0450038 1.35572 12.2184 3.40735
160.463 0.0452782 1.3561 12.1848 3.40218
160.474 0.0455559 1.3565 12.1511 3.39698
160.485 0.0458334 1.35691 12.118 3.39183
160.496 0.0461137 1.35733 12.0848 3.38666
160.507 0.046396 1.35776 12.0518 3.3815
160.519 0.0466875 1.35822 12.0181 3.37621
160.53 0.0469834 1.35867 11.9843 3.37088
160.541 0.0472819 1.35915 11.9505 3.36555
160.552 0.0475888 1.35963 11.9162 3.36011
160.563 0.0479011 1.36014 11.8817 3.35462
160.575 0.0482142 1.36064 11.8475 3.34916
160.586 0.0485352 1.36117 11.8128 3.34361
160.597 0.0488578 1.36171 11.7784 3.33807
160.608 0.0491781 1.36226 11.7447 3.33263
160.619 0.0494973 1.36282 11.7116 3.32724
160.631 0.0498171 1.36338 11.6788 3.32189
160.642 0.0501366 1.36397 11.6465 3.31658
160.653 0.0504638 1.36456 11.6137 3.31119
160.664 0.0507871 1.36514 11.5816 3.30591
160.675 0.0511116 1.36574 11.5498 3.30065
160.687 0.0514363 1.36634 11.5184 3.29543
160.698 0.0517662 1.36696 11.4868 3.29017
160.709 0.0520968 1.36758 11.4555 3.28493
160.72 0.0524308 1.36821 11.4243 3.27969
160.731 0.0527714 1.36886 11.3927 3.27439
160.743 0.0530922 1.36948 11.3634 3.26943
160.754 0.0534412 1.37015 11.3318 3.26408
160.765 0.0537753 1.37079 11.3018 3.259
160.776 0.0541157 1.37146 11.2717 3.25386
160.787 0.0544398 1.37211 11.2434 3.24901
160.798 0.0547563 1.37276 11.2162 3.2443
160.81 0.0550783 1.37343 11.1888 3.23955
160.821 0.0554026 1.37411 11.1615 3.2348
160.832 0.0557328 1.37479 11.1339 3.22999
160.843 0.0560576 1.37547 11.1071 3.22531
160.854 0.0563887 1.37617 11.0801 3.22056
160.866 0.056717 1.37687 11.0536 3.21589
160.877 0.0570362 1.37757 11.0282 3.21138
160.888 0.0573612 1.37828 11.0026 3.20682
160.899 0.0576854 1.37898 10.9772 3.20231
160.91 0.0580109 1.37969 10.952 3.19781
160.922 0.0583123 1.38039 10.9292 3.19367
160.933 0.0586208 1.3811 10.906 3.18946
160.944 0.0589272 1.3818 10.8832 3.1853
160.955 0.0592357 1.3825 10.8602 3.18115
160.966 0.0595426 1.38319 10.8377 3.17704
160.978 0.0598374 1.38389 10.8164 3.17312
160.989 0.0601307 1.38458 10.7954 3.16924
161 0.0604259 1.38528 10.7744 3.16537
161.011 0.060709 1.38596 10.7545 3.16167
161.022 0.0609819 1.38664 10.7357 3.15812
161.034 0.0612511 1.38732 10.7174 3.15465
161.045 0.0615158 1.38801 10.6996 3.15125
161.056 0.061787 1.3887 10.6814 3.14779
161.067 0.0620602 1.38939 10.6632 3.14432
161.079 0.0623491 1.39011 10.644 3.14067
161.09 0.062639 1.39081 10.6246 3.13703
161.101 0.0629276 1.39152 10.6057 3.13342
161.112 0.063212 1.39223 10.5871 3.12989
161.124 0.063495 1.39294 10.5689 3.1264
161.135 0.0637692 1.39364 10.5515 3.12303
161.146 0.0640194 1.3943 10.5358 3.11998
161.157 0.064298 1.39501 10.5183 3.11659
161.169 0.0645924 1.39575 10.4999 3.11304
161.18 0.0648903 1.39649 10.4813 3.10946
161.191 0.0651745 1.3972 10.4637 3.10606
161.202 0.065472 1.39792 10.4454 3.10253
161.213 0.0657637 1.39865 10.4276 3.09908
161.225 0.0660491 1.39937 10.4104 3.09573
161.236 0.0663441 1.40011 10.3927 3.09228
161.247 0.0666307 1.40084 10.3757 3.08895
161.258 0.0669157 1.40156 10.359 3.08566
161.27 0.0671995 1.40229 10.3424 3.08239
161.281 0.0674657 1.40301 10.3273 3.07935
161.292 0.06773 1.40373 10.3124 3.07634
161.303 0.0680024 1.40446 10.2971 3.07325
161.315 0.0682655 1.40518 10.2825 3.07029
161.326 0.0685335 1.4059 10.2676 3.06728
161.337 0.0688055 1.40663 10.2526 3.06425
161.348 0.0690513 1.40732 10.2394 3.06152
161.36 0.0693012 1.40802 10.226 3.05875
161.371 0.069574 1.40876 10.2113 3.05575
161.382 0.0698203 1.40945 10.1983 3.05305
161.393 0.0700749 1.41015 10.1848 3.05027
161.404 0.0703466 1.41089 10.1704 3.04732
161.416 0.0705954 1.4116 10.1576 3.04464
161.427 0.0708621 1.41233 10.1437 3.04177
161.438 0.0711426 1.41307 10.129 3.03876
161.449 0.0714026 1.4138 10.1158 3.03599
161.461 0.0716718 1.41455 10.1021 3.03314
161.472 0.0719359 1.41528 10.0887 3.03035
161.483 0.0721995 1.41603 10.0756 3.02758
161.494 0.0724491 1.41675 10.0634 3.02497
161.506 0.0727171 1.41751 10.0502 3.02218
161.517 0.0729867 1.41824 10.0368 3.01939
161.528 0.0732483 1.41896 10.024 3.01669
161.539 0.0735386 1.41975 10.0097 3.01371
161.551 0.0738223 1.42052 9.99588 3.01081
161.562 0.0740748 1.42124 9.98387 3.00824
161.573 0.0743424 1.422 9.97125 3.00553
161.584 0.0746051 1.42276 9.95899 3.00288
161.596 0.07487 1.42351 9.94661 3.00022
161.607 0.0751467 1.42428 9.93362 2.99745
161.618 0.0754167 1.42504 9.92114 2.99476
161.629 0.0757029 1.42583 9.90782 2.99193
161.64 0.0759979 1.42661 9.89401 2.98902
161.652 0.0762722 1.42738 9.88156 2.98633
161.663 0.076544 1.42817 9.86943 2.98368
161.674 0.0768099 1.42894 9.85764 2.98109
161.685 0.0770419 1.42971 9.84808 2.97884
161.697 0.0772902 1.43047 9.83752 2.97645
161.708 0.0775531 1.43123 9.82605 2.97392
161.719 0.0778031 1.43198 9.81536 2.97153
161.73 0.0780619 1.43274 9.80429 2.96907
161.742 0.0783216 1.43349 9.79313 2.9666
161.753 0.0785514 1.43423 9.78389 2.96443
161.764 0.0787814 1.43499 9.77476 2.96226
161.775 0.0790198 1.43576 9.76519 2.96003
161.787 0.0792193 1.43649 9.75788 2.95816
161.798 0.0794372 1.43726 9.74969 2.95613
161.809 0.0796795 1.43804 9.74014 2.95388
161.82 0.0798978 1.43879 9.73189 2.95186
161.831 0.0801275 1.43954 9.72305 2.94974
161.843 0.0803616 1.44029 9.71391 2.94759
161.854 0.0805755 1.44105 9.7061 2.94563
161.865 0.0807919 1.4418 9.69814 2.94366
161.876 0.0810352 1.44254 9.68854 2.94145
161.888 0.0812686 1.44326 9.67946 2.93933
161.899 0.0815057 1.444 9.67031 2.93719
161.91 0.0817587 1.44476 9.66042 2.93492
161.921 0.0819972 1.4455 9.65134 2.93278
161.933 0.0822407 1.44626 9.64208 2.93061
161.944 0.0825117 1.44704 9.63143 2.9282
161.955 0.082764 1.44781 9.62183 2.92597
161.966 0.0830104 1.44858 9.6127 2.92379
161.978 0.0833057 1.44941 9.60109 2.9212
161.989 0.083569 1.45019 9.59114 2.91889
162 0.0838395 1.451 9.58099 2.91654
162.011 0.0841322 1.45182 9.56974 2.914
162.022 0.084388 1.45262 9.56047 2.91179
162.034 0.0846457 1.45343 9.55123 2.90957
162.045 0.0849075 1.45422 9.5417 2.90732
162.056 0.0851438 1.45501 9.5336 2.9053
162.067 0.0853797 1.45579 9.52556 2.90329
162.079 0.0856234 1.45657 9.5171 2.90123
162.09 0.0858344 1.45733 9.51031 2.89944
162.101 0.0860422 1.45808 9.50371 2.89769
162.112 0.0862713 1.45885 9.49613 2.89576
162.124 0.0864501 1.45959 9.49106 2.89426
162.135 0.08662 1.46032 9.48649 2.89284
162.146 0.0867919 1.46102 9.48169 2.89141
162.157 0.0869453 1.46173 9.47788 2.89013
162.169 0.0871107 1.46243 9.47342 2.88876
162.18 0.0872932 1.46313 9.46807 2.88725
162.191 0.0874411 1.46381 9.46446 2.88603
162.202 0.0876195 1.46455 9.45957 2.88456
162.213 0.0877757 1.46521 9.45543 2.88327
162.225 0.0878979 1.46584 9.45288 2.88227
162.236 0.0880756 1.46652 9.44774 2.88082
162.247 0.0883063 1.46722 9.4399 2.87893
162.258 0.0885182 1.46791 9.43303 2.87721
162.27 0.0887233 1.4686 9.42652 2.87554
162.281 0.0889306 1.4693 9.42002 2.87387
162.292 0.0891222 1.46999 9.41435 2.87232
162.303 0.0893585 1.47076 9.40678 2.87042
162.315 0.0896067 1.4715 9.39847 2.86843
162.326 0.0898149 1.47219 9.39202 2.86677
162.337 0.0900531 1.47295 9.38438 2.86487
162.348 0.0903234 1.47372 9.37526 2.86272
162.36 0.0905253 1.47444 9.36936 2.86113
162.371 0.0907256 1.47515 9.36353 2.85955
162.382 0.090935 1.47587 9.35731 2.8579
162.393 0.0911105 1.47658 9.35275 2.85652
162.404 0.0913053 1.4773 9.34734 2.855
162.416 0.0915019 1.47802 9.34183 2.85346
162.427 0.091653 1.4787 9.33844 2.85228
162.438 0.0918154 1.47938 9.33448 2.85102
162.449 0.0919997 1.48007 9.32945 2.84959
162.461 0.092125 1.48071 9.32715 2.84862
162.472 0.0922784 1.48138 9.32364 2.84744
162.483 0.0924415 1.48205 9.31963 2.84618
162.494 0.0925397 1.48266 9.31847 2.84543
162.506 0.0926502 1.48328 9.31681 2.84458
162.517 0.0927741 1.4839 9.31448 2.84363
162.528 0.0928597 1.4845 9.31394 2.84297
162.539 0.0929563 1.48509 9.31283 2.84223
162.551 0.0930693 1.48569 9.31091 2.84137
162.562 0.0931251 1.48623 9.31154 2.84095
162.573 0.0932117 1.48679 9.31072 2.84029
162.584 0.0933626 1.48745 9.30731 2.83914
162.596 0.0934587 1.488 9.30596 2.83841
162.607 0.0935838 1.48861 9.30353 2.83746
162.618 0.0937361 1.48923 9.29986 2.8363
162.629 0.0938361 1.48982 9.29857 2.83555
162.64 0.0939577 1.49042 9.29629 2.83463
162.652 0.0941161 1.49105 9.29239 2.83344
162.663 0.0942316 1.49163 9.29035 2.83257
162.674 0.0943922 1.49229 9.2865 2.83136
162.685 0.0945849 1.49293 9.28104 2.82992
162.697 0.0947438 1.49356 9.27716 2.82873
162.708 0.0949584 1.49421 9.27073 2.82713
162.719 0.0951794 1.49488 9.26411 2.82549
162.73 0.0953405 1.49552 9.26021 2.8243
162.742 0.0955439 1.4962 9.25454 2.82279
162.753 0.0957848 1.4969 9.24726 2.82102
162.764 0.0959519 1.49756 9.24327 2.81979
162.775 0.0961392 1.49826 9.2386 2.81841
162.787 0.0963543 1.49898 9.23267 2.81684
162.798 0.0965163 1.49967 9.22916 2.81565
162.809 0.096698 1.50037 9.22482 2.81433
162.82 0.0969024 1.5011 9.21955 2.81285
162.831 0.0970552 1.50177 9.21643 2.81174
162.843 0.0972205 1.50248 9.21292 2.81054
162.854 0.0973998 1.50319 9.20877 2.80925
162.865 0.097534 1.50385 9.20647 2.80828
162.876 0.0976871 1.50451 9.20329 2.80718
162.888 0.0978746 1.5052 9.19872 2.80583
162.899 0.0979983 1.50588 9.19703 2.80495
162.91 0.0981255 1.50652 9.19498 2.80404
162.921 0.0982629 1.50715 9.19245 2.80306
162.933 0.0983604 1.5078 9.1918 2.80236
162.944 0.098472 1.50844 9.19053 2.80157
162.955 0.0986047 1.5091 9.18832 2.80063
162.966 0.0986593 1.5097 9.18943 2.80024
162.978 0.0987459 1.51032 9.18917 2.79962
162.989 0.0988681 1.51095 9.18737 2.79876
163 0.0989224 1.51153 9.18835 2.79837
163.011 0.0990022 1.51213 9.18831 2.79781
163.022 0.0991098 1.51273 9.18696 2.79705
163.034 0.0991607 1.51331 9.1881 2.79669
163.045 0.0992427 1.51391 9.18798 2.79611
163.056 0.0993525 1.51452 9.18659 2.79534
163.067 0.0994183 1.51512 9.18715 2.79488
163.079 0.0995108 1.51572 9.18653 2.79423
163.09 0.0996448 1.51635 9.18417 2.79329
163.101 0.0997312 1.51695 9.18382 2.79268
163.112 0.0998469 1.51756 9.18218 2.79187
163.124 0.100001 1.51821 9.17904 2.7908
163.135 0.100093 1.51882 9.17852 2.79016
163.146 0.100172 1.51941 9.17844 2.78961
163.157 0.100296 1.52003 9.17653 2.78874
163.169 0.100358 1.52061 9.17718 2.78831
163.18 0.100442 1.5212 9.1769 2.78773
163.191 0.100596 1.52187 9.17395 2.78666
163.202 0.100681 1.52247 9.1737 2.78608
163.213 0.100813 1.52313 9.17163 2.78516
163.225 0.100987 1.52382 9.16783 2.78396
163.236 0.101099 1.52446 9.16667 2.78319
163.247 0.101245 1.52514 9.16411 2.78219
163.258 0.101468 1.52589 9.15853 2.78066
163.27 0.101634 1.52656 9.15508 2.77952
163.281 0.101787 1.52725 9.1523 2.77847
163.292 0.101992 1.52798 9.14751 2.77708
163.303 0.102107 1.52864 9.14626 2.77629
163.315 0.102271 1.52933 9.14308 2.77518
163.326 0.102476 1.53006 9.13833 2.7738
163.337 0.102586 1.5307 9.13726 2.77305
163.348 0.102721 1.53137 9.13522 2.77214
163.36 0.102898 1.53207 9.13151 2.77094
163.371 0.102993 1.53271 9.13111 2.77031
163.382 0.103109 1.53336 9.12988 2.76953
163.393 0.103272 1.53405 9.12675 2.76844
163.404 0.103348 1.53466 9.12703 2.76792
163.416 0.103444 1.53531 9.12667 2.76728
163.427 0.103575 1.53598 9.12486 2.7664
163.438 0.103622 1.53657 9.1263 2.76609
163.449 0.103694 1.5372 9.12683 2.76561
163.461 0.1038 1.53783 9.12594 2.7649
163.472 0.103834 1.5384 9.12783 2.76468
163.483 0.103902 1.53899 9.12832 2.76423
163.494 0.104021 1.53963 9.12692 2.76343
163.506 0.104073 1.54021 9.12808 2.76309
163.517 0.104162 1.54082 9.12778 2.7625
163.528 0.104299 1.54148 9.12572 2.76159
163.539 0.104328 1.54202 9.12761 2.7614
163.551 0.104418 1.54263 9.12732 2.76081
163.562 0.104547 1.54327 9.12543 2.75995
163.573 0.1046 1.54384 9.12647 2.7596
163.584 0.104676 1.54443 9.12666 2.7591
163.596 0.104792 1.54506 9.12538 2.75834
163.607 0.104825 1.54563 9.12731 2.75812
163.618 0.104901 1.54625 9.12761 2.75762
163.629 0.105022 1.54685 9.12593 2.75683
163.64 0.105069 1.5474 9.1271 2.75652
163.652 0.105164 1.54796 9.12631 2.7559
163.663 0.105312 1.54856 9.12341 2.75493
163.674 0.105352 1.54907 9.12469 2.75467
163.685 0.10542 1.54961 9.12495 2.75422
163.697 0.105529 1.5502 9.12364 2.75351
163.708 0.105558 1.55071 9.12544 2.75332
163.719 0.105653 1.5513 9.12476 2.7527
163.73 0.10577 1.55188 9.12312 2.75194
163.742 0.105794 1.55239 9.12512 2.75179
163.753 0.105869 1.55297 9.1253 2.7513
163.764 0.105997 1.55357 9.12329 2.75047
163.775 0.106034 1.55408 9.12472 2.75023
163.787 0.106133 1.55468 9.12397 2.74959
163.798 0.106274 1.55527 9.12137 2.74867
163.809 0.106313 1.55577 9.12263 2.74842
163.82 0.106419 1.55636 9.12154 2.74774
163.831 0.106565 1.55696 9.11882 2.74679
163.843 0.106634 1.5575 9.11899 2.74635
163.854 0.106762 1.55809 9.117 2.74553
163.865 0.106921 1.55867 9.11365 2.74451
163.876 0.106995 1.5592 9.11357 2.74403
163.888 0.107098 1.55976 9.11242 2.74337
163.899 0.107238 1.56033 9.10982 2.74247
163.91 0.107277 1.56081 9.11094 2.74222
163.921 0.107358 1.56133 9.11059 2.74171
163.933 0.107486 1.5619 9.10847 2.74089
163.944 0.107548 1.56242 9.10888 2.74049
163.955 0.107649 1.56298 9.10785 2.73985
163.966 0.107797 1.56357 9.10505 2.73891
163.978 0.107856 1.5641 9.1056 2.73853
163.989 0.107967 1.56467 9.10431 2.73783
164 0.10812 1.56528 9.10135 2.73686
164.011 0.108198 1.56582 9.10123 2.73637
164.022 0.108322 1.5664 9.0994 2.73559
164.034 0.108516 1.56701 9.09479 2.73436
164.045 0.108595 1.56752 9.09443 2.73387
164.056 0.108714 1.56811 9.09286 2.73311
164.067 0.108886 1.56871 9.08919 2.73204
164.079 0.108961 1.56924 9.08912 2.73157
164.09 0.1091 1.56981 9.08661 2.7307
164.101 0.109273 1.5704 9.08284 2.72962
164.112 0.10934 1.57091 9.08297 2.72919
164.124 0.109443 1.57146 9.08193 2.72856
164.135 0.109574 1.57202 9.0797 2.72774
164.146 0.109562 1.57247 9.08281 2.72781
164.157 0.109588 1.57299 9.08472 2.72765
164.169 0.109658 1.57353 9.08493 2.72721
164.18 0.109606 1.57391 9.0893 2.72754
164.191 0.109668 1.57451 9.09019 2.72715
164.202 0.109737 1.57503 9.09033 2.72672
164.213 0.109714 1.57547 9.09385 2.72687
164.225 0.109754 1.57599 9.0952 2.72662
164.236 0.109834 1.57652 9.09495 2.72612
164.247 0.109801 1.57692 9.09863 2.72633
164.258 0.10987 1.57751 9.09912 2.7259
164.27 0.109932 1.57797 9.09925 2.72552
164.281 0.109923 1.5784 9.10207 2.72557
164.292 0.110037 1.579 9.10083 2.72486
164.303 0.110165 1.57954 9.09867 2.72407
164.315 0.110169 1.57994 9.10075 2.72405
164.326 0.110257 1.58046 9.10014 2.7235
164.337 0.110418 1.58107 9.09701 2.72251
164.348 0.110399 1.58142 9.09985 2.72263
164.36 0.110517 1.58203 9.09843 2.7219
164.371 0.110629 1.58252 9.09668 2.72121
164.382 0.110643 1.58297 9.09869 2.72112
164.393 0.110713 1.58346 9.09864 2.7207
164.404 0.110893 1.58411 9.09495 2.71959
164.416 0.110923 1.58452 9.09612 2.71941
164.427 0.111005 1.58502 9.09561 2.7189
164.438 0.111187 1.58566 9.09182 2.71779
164.449 0.111218 1.58609 9.09299 2.7176
164.461 0.111329 1.58665 9.09169 2.71693
164.472 0.11152 1.58732 9.08775 2.71576
164.483 0.111566 1.58778 9.08853 2.71548
164.494 0.111662 1.58833 9.08775 2.7149
164.506 0.111816 1.5889 9.08473 2.71396
164.517 0.111874 1.58943 9.08543 2.71361
164.528 0.111967 1.58996 9.08466 2.71305
164.539 0.112113 1.59054 9.08207 2.71216
164.551 0.11217 1.59107 9.08278 2.71182
164.562 0.112264 1.59158 9.0819 2.71125
164.573 0.11241 1.59214 9.0792 2.71037
164.584 0.112428 1.59262 9.08119 2.71026
164.596 0.112541 1.59319 9.0799 2.70958
164.607 0.112663 1.5937 9.07786 2.70885
164.618 0.112655 1.59416 9.0808 2.7089
164.629 0.112744 1.59466 9.0801 2.70836
164.64 0.112859 1.5952 9.07855 2.70767
164.652 0.112877 1.59566 9.0804 2.70756
164.663 0.112975 1.59618 9.07944 2.70698
164.674 0.113124 1.59673 9.07658 2.70608
164.685 0.113127 1.59717 9.07892 2.70606
164.697 0.113208 1.59769 9.07866 2.70558
164.708 0.113356 1.59825 9.07592 2.7047
164.719 0.113377 1.59871 9.0777 2.70457
164.73 0.113455 1.5992 9.07736 2.7041
164.742 0.113585 1.59976 9.07533 2.70333
164.753 0.113593 1.60023 9.07764 2.70328
164.764 0.113679 1.60073 9.07709 2.70277
164.775 0.113817 1.60129 9.07475 2.70195
164.787 0.113835 1.60174 9.07658 2.70185
164.798 0.113924 1.60229 9.07614 2.70132
164.809 0.114049 1.60283 9.07423 2.70058
164.82 0.114068 1.60331 9.07622 2.70047
164.831 0.114137 1.60383 9.07638 2.70006
164.843 0.114271 1.60436 9.07405 2.69926
164.854 0.114292 1.6048 9.07568 2.69914
164.865 0.114421 1.60539 9.07395 2.69838
164.876 0.114573 1.60595 9.07107 2.69748
164.888 0.114566 1.60636 9.07366 2.69753
164.899 0.114709 1.60701 9.07171 2.69669
164.91 0.114883 1.60762 9.06822 2.69566
164.921 0.114893 1.60809 9.07047 2.6956
164.933 0.114977 1.60865 9.07031 2.69511
164.944 0.115107 1.60919 9.06826 2.69435
164.955 0.115057 1.60955 9.07231 2.69465
164.966 0.115116 1.61006 9.07284 2.6943
164.978 0.115241 1.61062 9.07104 2.69357
164.989 0.115217 1.61104 9.07435 2.69371
165 0.11528 1.61158 9.07493 2.69334
165.011 0.115378 1.61211 9.07407 2.69277
165.022 0.115344 1.61253 9.07775 2.69297
165.034 0.115394 1.61304 9.07865 2.69267
165.045 0.11549 1.61358 9.07791 2.69211
165.056 0.115495 1.61405 9.08036 2.69208
165.067 0.115534 1.61456 9.08171 2.69186
165.079 0.115622 1.61511 9.08136 2.69135
165.09 0.115602 1.61555 9.08459 2.69146
165.101 0.115655 1.61606 9.08539 2.69116
165.112 0.115747 1.61659 9.08473 2.69062
165.124 0.115721 1.61701 9.08814 2.69077
165.135 0.11576 1.6175 9.08934 2.69054
165.146 0.115912 1.61814 9.08698 2.68966
165.157 0.115892 1.61857 9.09021 2.68978
165.169 0.115943 1.61907 9.09103 2.68948
165.18 0.11608 1.61965 9.08891 2.68869
165.191 0.116064 1.6201 9.09203 2.68878
165.202 0.116134 1.62062 9.09222 2.68838
165.213 0.116275 1.62121 9.09 2.68756
165.225 0.116243 1.62157 9.09329 2.68775
165.236 0.11632 1.6221 9.09323 2.6873
165.247 0.116481 1.62272 9.09041 2.68637
165.258 0.11648 1.62316 9.0929 2.68637
165.27 0.11659 1.62379 9.09216 2.68574
165.281 0.116718 1.62434 9.09028 2.68501
165.292 0.116721 1.62482 9.09284 2.68499
165.303 0.116767 1.62529 9.09364 2.68472
165.315 0.11688 1.6258 9.09216 2.68408
165.326 0.116886 1.62623 9.0943 2.68404
165.337 0.117004 1.62683 9.09303 2.68336
165.348 0.117146 1.62736 9.09052 2.68255
165.36 0.117214 1.62791 9.0909 2.68216
165.371 0.117304 1.62841 9.09024 2.68165
165.382 0.117433 1.62894 9.08819 2.68091
165.393 0.117422 1.62934 9.09088 2.68097
165.404 0.117494 1.62984 9.09085 2.68056
165.416 0.117683 1.63051 9.08729 2.67948
165.427 0.117698 1.63092 9.08901 2.6794
165.438 0.117776 1.63147 9.08902 2.67895
165.449 0.117918 1.63204 9.08672 2.67815
165.461 0.117927 1.6325 9.08894 2.6781
165.472 0.117957 1.633 9.09059 2.67792
165.483 0.118059 1.63352 9.08957 2.67735
165.494 0.118013 1.63393 9.09363 2.67761
165.506 0.118013 1.63439 9.09618 2.67761
165.517 0.118068 1.63489 9.09685 2.6773
165.528 0.117997 1.63528 9.10173 2.6777
165.539 0.118003 1.63574 9.10406 2.67767
165.551 0.118073 1.63623 9.1041 2.67727
165.562 0.118034 1.63666 9.10799 2.67749
165.573 0.118022 1.63709 9.11084 2.67756
165.584 0.118062 1.63756 9.11188 2.67733
165.596 0.118001 1.63794 9.11641 2.67768
165.607 0.118019 1.63842 9.11839 2.67758
165.618 0.118078 1.63891 9.11881 2.67724
165.629 0.118015 1.63932 9.12351 2.6776
165.64 0.118036 1.63979 9.12535 2.67748
165.652 0.118129 1.64031 9.12465 2.67695
165.663 0.118099 1.64074 9.12823 2.67712
165.674 0.118097 1.64118 9.13075 2.67713
165.685 0.118173 1.64168 9.13058 2.6767
165.697 0.118138 1.64211 9.1343 2.6769
165.708 0.118151 1.64255 9.13627 2.67683
165.719 0.118215 1.64304 9.13651 2.67647
165.73 0.118177 1.64346 9.14029 2.67668
165.742 0.118209 1.64392 9.1416 2.6765
165.753 0.118302 1.64444 9.14089 2.67597
165.764 0.118309 1.64488 9.1431 2.67593
165.775 0.118374 1.64536 9.14327 2.67557
165.787 0.118487 1.64589 9.14181 2.67493
165.798 0.118481 1.64633 9.14447 2.67496
165.809 0.118574 1.64686 9.14386 2.67444
165.82 0.118714 1.64743 9.14162 2.67364
165.831 0.118734 1.64789 9.14342 2.67354
165.843 0.118809 1.64845 9.14366 2.67312
165.854 0.118945 1.64907 9.14184 2.67235
165.865 0.11894 1.64951 9.1445 2.67238
165.876 0.119016 1.6501 9.14482 2.67195
165.888 0.119116 1.65061 9.14379 2.67139
165.899 0.119124 1.65113 9.14637 2.67134
165.91 0.119152 1.65158 9.14779 2.67119
165.921 0.119211 1.65206 9.14819 2.67085
165.933 0.119163 1.65245 9.15222 2.67112
165.944 0.119241 1.65312 9.15291 2.67069
165.955 0.11929 1.65349 9.1531 2.67041
165.966 0.119246 1.6539 9.15708 2.67066
165.978 0.119253 1.65438 9.15944 2.67062
165.989 0.119328 1.6549 9.15945 2.6702
166 0.119276 1.65533 9.16383 2.67049
166.011 0.119323 1.65591 9.16518 2.67023
166.022 0.119411 1.65646 9.1649 2.66974
166.034 0.119361 1.65685 9.16896 2.67002
166.045 0.119388 1.65736 9.17072 2.66986
166.056 0.119487 1.65789 9.16986 2.66931
166.067 0.119434 1.6583 9.17418 2.66961
166.079 0.119448 1.65881 9.17649 2.66953
166.09 0.11957 1.65942 9.17515 2.66885
166.101 0.119536 1.65987 9.17895 2.66904
166.112 0.11958 1.66041 9.18021 2.66879
166.124 0.1197 1.661 9.1789 2.66812
166.135 0.119688 1.66148 9.18199 2.66819
166.146 0.119744 1.66204 9.18294 2.66788
166.157 0.119885 1.66266 9.18096 2.6671
166.169 0.119863 1.66309 9.18419 2.66722
166.18 0.119917 1.66362 9.18505 2.66691
166.191 0.120052 1.66422 9.18319 2.66616
166.202 0.120018 1.66468 9.18708 2.66636
166.213 0.120064 1.66522 9.18823 2.6661
166.225 0.120172 1.6658 9.18733 2.6655
166.236 0.120113 1.66621 9.19187 2.66583
166.247 0.120134 1.66668 9.19367 2.66571
166.258 0.120213 1.66723 9.19364 2.66527
166.27 0.120179 1.66767 9.19738 2.66546
166.281 0.120198 1.6682 9.19956 2.66535
166.292 0.120278 1.66878 9.19968 2.66491
166.303 0.120228 1.66922 9.20404 2.66519
166.315 0.12023 1.66975 9.2069 2.66518
166.326 0.120288 1.67031 9.20777 2.66486
166.337 0.120213 1.67076 9.2131 2.66527
166.348 0.120226 1.67127 9.21545 2.6652
166.36 0.120297 1.67182 9.21573 2.66481
166.371 0.120253 1.67226 9.21983 2.66505
166.382 0.120257 1.67276 9.22241 2.66503
166.393 0.12032 1.67329 9.22295 2.66468
166.404 0.120262 1.67372 9.22757 2.665
166.416 0.120284 1.67424 9.22958 2.66488
166.427 0.120351 1.67478 9.22998 2.66451
166.438 0.120308 1.67521 9.234 2.66475
166.449 0.120321 1.67571 9.23629 2.66468
166.461 0.120388 1.67626 9.23673 2.6643
166.472 0.120352 1.67672 9.24059 2.6645
166.483 0.120391 1.67724 9.24198 2.66429
166.494 0.120495 1.67782 9.24121 2.66371
166.506 0.120458 1.67822 9.24482 2.66392
166.517 0.120478 1.67871 9.24678 2.66381
166.528 0.120566 1.67927 9.24644 2.66332
166.539 0.120511 1.67967 9.2508 2.66362
166.551 0.120546 1.68018 9.25226 2.66343
166.562 0.120633 1.68076 9.25209 2.66295
166.573 0.120577 1.68122 9.25679 2.66326
166.584 0.120583 1.68172 9.25931 2.66323
166.596 0.120687 1.68231 9.25854 2.66265
166.607 0.120637 1.68274 9.26285 2.66293
166.618 0.120648 1.68322 9.2651 2.66287
166.629 0.120731 1.68375 9.26484 2.66241
166.64 0.120677 1.68417 9.26918 2.66271
166.652 0.120682 1.68464 9.27156 2.66268
166.663 0.120775 1.68518 9.27098 2.66217
166.674 0.120737 1.68559 9.27472 2.66238
166.685 0.120734 1.68605 9.27735 2.66239
166.697 0.120804 1.68659 9.27761 2.66201
166.708 0.120721 1.68697 9.28288 2.66246
166.719 0.120702 1.68739 9.28596 2.66257
166.73 0.120773 1.68789 9.286 2.66218
166.742 0.12071 1.68827 9.29045 2.66252
166.753 0.120735 1.68874 9.2921 2.66239
166.764 0.120834 1.68927 9.29122 2.66184
166.775 0.12078 1.68964 9.29534 2.66214
166.787 0.120787 1.69011 9.29763 2.6621
166.798 0.120895 1.69067 9.29657 2.66151
166.809 0.120849 1.69106 9.30047 2.66176
166.82 0.120869 1.69151 9.30219 2.66165
166.831 0.120966 1.69207 9.30154 2.66112
166.843 0.120926 1.69243 9.30509 2.66134
166.854 0.120947 1.69292 9.30691 2.66122
166.865 0.121054 1.69343 9.30559 2.66063
166.876 0.120997 1.69378 9.30977 2.66095
166.888 0.121013 1.69423 9.31158 2.66086
166.899 0.121109 1.69475 9.31081 2.66033
166.91 0.121044 1.69513 9.31534 2.66069
166.921 0.12107 1.69559 9.31685 2.66054
166.933 0.12115 1.69609 9.31658 2.66011
166.944 0.121092 1.69647 9.32084 2.66042
166.955 0.12115 1.69694 9.32122 2.6601
166.966 0.121259 1.69744 9.31975 2.65951
166.978 0.121237 1.69783 9.32273 2.65963
166.989 0.121295 1.69828 9.32301 2.65931
167 0.121397 1.69878 9.32183 2.65875
167.011 0.121398 1.69917 9.32396 2.65875
167.022 0.12145 1.69965 9.32456 2.65846
167.034 0.121559 1.70014 9.32308 2.65786
167.045 0.121518 1.7005 9.32663 2.65809
167.056 0.121543 1.70094 9.32808 2.65795
167.067 0.121612 1.70139 9.3279 2.65757
167.079 0.121555 1.70173 9.33195 2.65789
167.09 0.121546 1.70214 9.33455 2.65793
167.101 0.121602 1.70259 9.3349 2.65763
167.112 0.121543 1.70294 9.33906 2.65795
167.124 0.121593 1.70341 9.3397 2.65768
167.135 0.121693 1.70389 9.33847 2.65713
167.146 0.121649 1.70425 9.34215 2.65737
167.157 0.121703 1.70471 9.34261 2.65708
167.169 0.121851 1.70522 9.33975 2.65627
167.18 0.121836 1.70559 9.34234 2.65635
167.191 0.121912 1.70607 9.34206 2.65594
167.202 0.122064 1.70661 9.33919 2.65511
167.213 0.122032 1.707 9.34254 2.65529
167.225 0.122073 1.70747 9.34356 2.65506
167.236 0.122188 1.70796 9.34186 2.65444
167.247 0.122124 1.70831 9.34621 2.65479
167.258 0.122148 1.7088 9.34793 2.65465
167.27 0.122217 1.70928 9.34791 2.65428
167.281 0.122134 1.70961 9.35289 2.65473
167.292 0.122152 1.71004 9.35458 2.65463
167.303 0.122261 1.71054 9.3531 2.65404
167.315 0.122221 1.7109 9.35662 2.65426
167.326 0.122248 1.71132 9.35793 2.65411
167.337 0.12233 1.71177 9.35723 2.65367
167.348 0.122275 1.71211 9.3612 2.65397
167.36 0.122294 1.71252 9.36272 2.65386
167.371 0.122411 1.71303 9.36102 2.65323
167.382 0.122375 1.7134 9.36442 2.65342
167.393 0.122413 1.71385 9.36541 2.65322
167.404 0.12251 1.71434 9.36439 2.65269
167.416 0.122479 1.7147 9.36756 2.65286
167.427 0.122518 1.71515 9.3685 2.65265
167.438 0.122619 1.71563 9.36725 2.6521
167.449 0.122561 1.71597 9.37133 2.65241
167.461 0.122559 1.71638 9.37362 2.65242
167.472 0.122683 1.71687 9.37156 2.65175
167.483 0.122655 1.71722 9.37456 2.65191
167.494 0.122668 1.71763 9.37633 2.65184
167.506 0.122741 1.71807 9.37594 2.65144
167.517 0.122682 1.7184 9.37995 2.65176
167.528 0.122734 1.71883 9.38033 2.65148
167.539 0.122878 1.71933 9.37758 2.6507
167.551 0.122863 1.71968 9.38005 2.65078
167.562 0.12291 1.72012 9.38067 2.65053
167.573 0.123032 1.72061 9.37865 2.64987
167.584 0.123041 1.72099 9.38039 2.64983
167.596 0.123119 1.72145 9.37994 2.6494
167.607 0.123253 1.72197 9.37767 2.64869
167.618 0.123212 1.72233 9.38118 2.6489
167.629 0.123266 1.72278 9.38161 2.64862
167.64 0.12338 1.72331 9.38012 2.648
167.652 0.123364 1.7237 9.38289 2.64809
167.663 0.123397 1.72414 9.38402 2.64791
167.674 0.123517 1.72464 9.38215 2.64727
167.685 0.123518 1.72501 9.38412 2.64726
167.697 0.123549 1.72539 9.38505 2.6471
167.708 0.123642 1.72584 9.38391 2.6466
167.719 0.123603 1.72616 9.38719 2.64681
167.73 0.123604 1.72655 9.38926 2.6468
167.742 0.123688 1.727 9.38853 2.64635
167.753 0.123622 1.72732 9.39273 2.6467
167.764 0.123651 1.72772 9.39379 2.64655
167.775 0.123772 1.72817 9.39168 2.64591
167.787 0.123772 1.72854 9.39369 2.6459
167.798 0.123837 1.72897 9.39355 2.64556
167.809 0.123929 1.72939 9.39236 2.64506
167.82 0.123909 1.72973 9.39496 2.64517
167.831 0.123944 1.73013 9.3958 2.64499
167.843 0.124076 1.73062 9.39345 2.64428
167.854 0.124083 1.73102 9.39535 2.64424
167.865 0.124121 1.73144 9.39621 2.64404
167.876 0.124253 1.73194 9.39391 2.64334
167.888 0.124277 1.73234 9.39519 2.64321
167.899 0.124361 1.7328 9.39455 2.64277
167.91 0.124511 1.73331 9.39162 2.64197
167.921 0.124523 1.73373 9.39341 2.6419
167.933 0.124583 1.73422 9.39384 2.64159
167.944 0.124672 1.73469 9.39301 2.64111
167.955 0.124639 1.73507 9.39636 2.64129
167.966 0.124724 1.73558 9.39586 2.64084
167.978 0.124851 1.73606 9.39368 2.64017
167.989 0.124767 1.73635 9.39843 2.64061
168 0.124833 1.73681 9.39847 2.64027
168.011 0.124951 1.73726 9.3964 2.63964
168.022 0.12487 1.73755 9.40105 2.64007
168.034 0.124843 1.73792 9.4041 2.64021
168.045 0.124905 1.73834 9.40401 2.63989
168.056 0.124821 1.73864 9.40878 2.64033
168.067 0.124824 1.73901 9.41065 2.64031
168.079 0.124912 1.73945 9.40978 2.63985
168.09 0.124855 1.73977 9.4136 2.64014
168.101 0.124896 1.74018 9.41428 2.63993
168.112 0.125002 1.74062 9.41272 2.63937
168.124 0.124948 1.74093 9.4164 2.63966
168.135 0.12497 1.74134 9.41778 2.63954
168.146 0.125063 1.74177 9.41662 2.63905
168.157 0.125014 1.74208 9.42013 2.63931
168.169 0.125039 1.74247 9.42127 2.63917
168.18 0.125114 1.74292 9.4209 2.63878
168.191 0.12504 1.74324 9.42542 2.63917
168.202 0.125055 1.74366 9.42711 2.63909
168.213 0.125163 1.74414 9.42566 2.63852
168.225 0.125108 1.74446 9.42947 2.63881
168.236 0.125155 1.74491 9.43011 2.63856
168.247 0.125247 1.74537 9.42915 2.63808
168.258 0.125199 1.7457 9.43275 2.63833
168.27 0.125233 1.74613 9.43378 2.63815
168.281 0.125333 1.7466 9.43252 2.63762
168.292 0.125301 1.74694 9.43558 2.6378
168.303 0.12533 1.74737 9.43682 2.63764
168.315 0.125456 1.74787 9.43478 2.63698
168.326 0.125462 1.74824 9.43653 2.63695
168.337 0.125519 1.74868 9.43676 2.63665
168.348 0.125654 1.74917 9.43435 2.63594
168.36 0.125597 1.74948 9.43818 2.63624
168.371 0.125604 1.74989 9.44015 2.6362
168.382 0.125692 1.75034 9.43926 2.63574
168.393 0.125643 1.75067 9.44283 2.636
168.404 0.125671 1.75111 9.44418 2.63585
168.416 0.125798 1.75162 9.44217 2.63518
168.427 0.125743 1.75193 9.44591 2.63547
168.438 0.125795 1.75238 9.44637 2.6352
168.449 0.125931 1.7529 9.44405 2.63449
168.461 0.125864 1.75323 9.44835 2.63484
168.472 0.1259 1.75368 9.4494 2.63465
168.483 0.126037 1.75416 9.44688 2.63394
168.494 0.125992 1.75448 9.45029 2.63417
168.506 0.126003 1.75491 9.45217 2.63411
168.517 0.126105 1.75538 9.45089 2.63358
168.528 0.126031 1.75566 9.45517 2.63397
168.539 0.126083 1.75611 9.45564 2.63369
168.551 0.126194 1.75658 9.45401 2.63311
168.562 0.126129 1.7569 9.45815 2.63345
168.573 0.126134 1.75732 9.46025 2.63343
168.584 0.126219 1.75774 9.45932 2.63298
168.596 0.126139 1.75803 9.46385 2.6334
168.607 0.126179 1.75846 9.46471 2.63319
168.618 0.126291 1.75893 9.46302 2.63261
168.629 0.126198 1.75922 9.46808 2.6331
168.64 0.12619 1.75961 9.47047 2.63314
168.652 0.126245 1.76003 9.47069 2.63285
168.663 0.126161 1.76029 9.47522 2.63329
168.674 0.126144 1.76069 9.47802 2.63338
168.685 0.126217 1.76111 9.47752 2.63299
168.697 0.126103 1.76137 9.48322 2.63359
168.708 0.126125 1.7618 9.48472 2.63347
168.719 0.126207 1.76222 9.48391 2.63305
168.73 0.126144 1.76255 9.48802 2.63338
168.742 0.126182 1.76298 9.48891 2.63318
168.753 0.126268 1.76341 9.488 2.63273
168.764 0.126222 1.76372 9.49141 2.63297
168.775 0.126282 1.76416 9.49151 2.63265
168.787 0.126403 1.76462 9.48943 2.63203
168.798 0.126403 1.76495 9.49122 2.63203
168.809 0.126491 1.76541 9.49038 2.63157
168.82 0.126659 1.76591 9.48679 2.6307
168.831 0.12666 1.76626 9.48863 2.63069
168.843 0.126745 1.76671 9.48782 2.63025
168.854 0.12688 1.76717 9.48525 2.62955
168.865 0.126867 1.7675 9.48754 2.62962
168.876 0.126916 1.76793 9.48798 2.62936
168.888 0.127045 1.76841 9.48575 2.62869
168.899 0.12703 1.76879 9.48834 2.62877
168.91 0.127092 1.76923 9.4884 2.62845
168.921 0.127222 1.76971 9.48613 2.62778
168.933 0.127198 1.77009 9.48905 2.62791
168.944 0.127229 1.77051 9.49015 2.62775
168.955 0.127337 1.77097 9.48855 2.62718
168.966 0.127292 1.7713 9.49205 2.62742
168.978 0.127301 1.77171 9.4939 2.62737
168.989 0.127386 1.77218 9.49325 2.62693
169 0.127312 1.77251 9.49776 2.62732
169.011 0.127309 1.77292 9.50009 2.62733
169.022 0.127396 1.77341 9.49944 2.62688
169.034 0.127295 1.77369 9.50476 2.62741
169.045 0.127285 1.77409 9.50722 2.62745
169.056 0.127343 1.7745 9.50728 2.62715
169.067 0.127249 1.77479 9.51234 2.62764
169.079 0.127246 1.77517 9.51451 2.62765
169.09 0.127326 1.77561 9.51389 2.62724
169.101 0.127261 1.77591 9.5179 2.62758
169.112 0.127238 1.77629 9.52077 2.6277
169.124 0.127321 1.77672 9.52002 2.62727
169.135 0.127246 1.77702 9.52441 2.62766
169.146 0.12724 1.7774 9.52669 2.62769
169.157 0.12733 1.77785 9.52572 2.62722
169.169 0.127268 1.77815 9.52962 2.62754
169.18 0.127265 1.77853 9.53176 2.62756
169.191 0.127355 1.77898 9.53083 2.6271
169.202 0.127282 1.77926 9.53507 2.62747
169.213 0.127301 1.77965 9.53645 2.62737
169.225 0.127384 1.78009 9.53571 2.62695
169.236 0.127323 1.78039 9.53961 2.62726
169.247 0.12733 1.78078 9.54143 2.62722
169.258 0.127413 1.78121 9.54064 2.6268
169.27 0.127354 1.78152 9.54448 2.6271
169.281 0.127349 1.78192 9.54679 2.62712
169.292 0.127402 1.78235 9.54709 2.62685
169.303 0.127326 1.78266 9.55163 2.62724
169.315 0.127321 1.78304 9.55387 2.62727
169.326 0.127414 1.78349 9.55281 2.62679
169.337 0.127338 1.78379 9.55725 2.62718
169.348 0.12735 1.78417 9.55883 2.62712
169.36 0.12743 1.78462 9.55827 2.62671
169.371 0.127382 1.78495 9.5618 2.62696
169.382 0.12739 1.78533 9.56355 2.62691
169.393 0.127473 1.78577 9.56278 2.62649
169.404 0.127405 1.78609 9.56703 2.62684
169.416 0.127414 1.78648 9.5688 2.62679
169.427 0.127474 1.78691 9.56887 2.62648
169.438 0.127396 1.78722 9.57344 2.62688
169.449 0.127408 1.78761 9.5751 2.62682
169.461 0.127462 1.78802 9.57526 2.62654
169.472 0.127378 1.78832 9.58001 2.62697
169.483 0.127368 1.78868 9.58232 2.62703
169.494 0.127447 1.78911 9.58165 2.62662
169.506 0.127375 1.7894 9.58592 2.62699
169.517 0.127382 1.78976 9.58755 2.62695
169.528 0.127446 1.79017 9.58735 2.62663
169.539 0.127363 1.79047 9.59208 2.62705
169.551 0.127356 1.79083 9.59429 2.62709
169.562 0.127435 1.79125 9.59357 2.62668
169.573 0.127378 1.79156 9.59736 2.62698
169.584 0.127396 1.79194 9.59872 2.62688
169.596 0.127486 1.79238 9.59768 2.62642
169.607 0.127444 1.7927 9.60101 2.62663
169.618 0.127465 1.79311 9.60236 2.62653
169.629 0.127561 1.79354 9.60111 2.62603
169.64 0.12753 1.79388 9.60406 2.62619
169.652 0.127571 1.79429 9.6047 2.62598
169.663 0.127677 1.79474 9.60317 2.62544
169.674 0.127643 1.79507 9.60619 2.62561
169.685 0.127661 1.79546 9.60757 2.62552
169.697 0.127755 1.79587 9.60626 2.62503
169.708 0.127717 1.79621 9.60949 2.62523
169.719 0.127742 1.79662 9.61071 2.6251
169.73 0.127825 1.79704 9.60987 2.62467
169.742 0.127766 1.79734 9.61372 2.62498
169.753 0.127795 1.79776 9.61484 2.62483
169.764 0.127897 1.79819 9.61333 2.62431
169.775 0.127851 1.79851 9.61673 2.62454
169.787 0.127877 1.7989 9.61787 2.62441
169.798 0.127964 1.79934 9.61695 2.62396
169.809 0.127912 1.79964 9.62052 2.62423
169.82 0.127937 1.80004 9.62174 2.6241
169.831 0.128028 1.80049 9.62071 2.62363
169.843 0.127985 1.80083 9.62412 2.62386
169.854 0.128017 1.80125 9.62516 2.62369
169.865 0.128108 1.8017 9.62416 2.62323
169.876 0.128047 1.80202 9.62817 2.62354
169.888 0.12804 1.80239 9.63041 2.62357
169.899 0.128113 1.80284 9.63003 2.6232
169.91 0.128063 1.80317 9.63369 2.62346
169.921 0.128069 1.80356 9.63552 2.62342
169.933 0.128129 1.80398 9.63551 2.62312
169.944 0.128077 1.8043 9.63919 2.62338
169.955 0.128084 1.80469 9.64105 2.62335
169.966 0.128128 1.80508 9.64147 2.62312
169.978 0.128058 1.8054 9.6458 2.62348
169.989 0.128041 1.80575 9.64829 2.62357
170 0.1281 1.80617 9.64835 2.62327
170.011 0.128027 1.80647 9.65266 2.62364
170.022 0.128015 1.80683 9.65505 2.6237
170.034 0.128078 1.80724 9.65491 2.62338
170.045 0.128011 1.80753 9.65894 2.62372
170.056 0.128002 1.80787 9.66113 2.62377
170.067 0.128086 1.80831 9.6603 2.62334
170.079 0.128006 1.80859 9.66483 2.62375
170.09 0.128009 1.80896 9.6667 2.62373
170.101 0.128079 1.80938 9.66625 2.62337
170.112 0.12803 1.80971 9.66985 2.62362
170.124 0.128004 1.81002 9.67253 2.62376
170.135 0.128077 1.81043 9.67196 2.62338
170.146 0.128003 1.81071 9.67624 2.62377
170.157 0.128018 1.81111 9.67781 2.62369
170.169 0.128071 1.81147 9.67774 2.62341
170.18 0.128024 1.81179 9.68121 2.62366
170.191 0.128037 1.81216 9.68272 2.62359
170.202 0.128111 1.81256 9.68203 2.62321
170.213 0.128078 1.81287 9.68495 2.62338
170.225 0.128108 1.81326 9.6859 2.62322
170.236 0.128202 1.81367 9.68453 2.62275
170.247 0.128171 1.81398 9.68738 2.6229
170.258 0.128182 1.81434 9.68886 2.62284
170.27 0.128278 1.81477 9.68754 2.62235
170.281 0.128248 1.81511 9.69048 2.62251
170.292 0.128266 1.81545 9.69162 2.62241
170.303 0.128358 1.81587 9.69041 2.62195
170.315 0.128304 1.81617 9.69402 2.62222
170.326 0.128331 1.81654 9.69503 2.62209
170.337 0.128448 1.81699 9.69299 2.62149
170.348 0.128391 1.81728 9.69665 2.62178
170.36 0.128407 1.81765 9.69803 2.62169
170.371 0.128509 1.81807 9.69645 2.62118
170.382 0.128462 1.81837 9.69983 2.62142
170.393 0.128484 1.81875 9.70098 2.6213
170.404 0.128578 1.81916 9.69964 2.62082
170.416 0.128583 1.81953 9.70144 2.6208
170.427 0.128576 1.81983 9.70329 2.62084
170.438 0.128675 1.82024 9.70175 2.62033
170.449 0.128658 1.82059 9.70426 2.62042
170.461 0.128654 1.82088 9.70594 2.62043
170.472 0.128737 1.82127 9.7049 2.62001
170.483 0.128717 1.8216 9.70741 2.62012
170.494 0.128716 1.82188 9.70891 2.62012
170.506 0.128827 1.82231 9.70705 2.61956
170.517 0.12881 1.82264 9.70942 2.61964
170.528 0.12882 1.82293 9.71062 2.61959
170.539 0.128916 1.82334 9.70916 2.61911
170.551 0.128884 1.82361 9.71186 2.61927
170.562 0.128915 1.82395 9.71246 2.61911
170.573 0.12904 1.82438 9.71007 2.61848
170.584 0.129037 1.82472 9.712 2.61849
170.596 0.129055 1.82503 9.71294 2.6184
170.607 0.129138 1.82542 9.71187 2.61798
170.618 0.12911 1.82571 9.7145 2.61812
170.629 0.129158 1.82609 9.71469 2.61788
170.64 0.129253 1.82647 9.71313 2.61739
170.652 0.129219 1.82675 9.71592 2.61757
170.663 0.129234 1.82708 9.71714 2.61749
170.674 0.129316 1.82745 9.71598 2.61707
170.685 0.129266 1.82772 9.71929 2.61733
170.697 0.129278 1.82804 9.72056 2.61727
170.708 0.129362 1.82841 9.71939 2.61684
170.719 0.12931 1.8287 9.72286 2.61711
170.73 0.129339 1.82904 9.72362 2.61696
170.742 0.129404 1.8294 9.72304 2.61663
170.753 0.129349 1.82967 9.72652 2.61691
170.764 0.129343 1.82996 9.72833 2.61694
170.775 0.129414 1.83031 9.7275 2.61658
170.787 0.129366 1.83056 9.73068 2.61683
170.798 0.129376 1.83088 9.73197 2.61677
170.809 0.129458 1.83124 9.73079 2.61636
170.82 0.129423 1.83151 9.73358 2.61654
170.831 0.129424 1.83182 9.73515 2.61653
170.843 0.12951 1.83219 9.73388 2.61609
170.854 0.129476 1.83245 9.73656 2.61627
170.865 0.129473 1.83274 9.73822 2.61628
170.876 0.129571 1.83312 9.73652 2.61579
170.888 0.129541 1.83338 9.73907 2.61594
170.899 0.129537 1.83368 9.7408 2.61596
170.91 0.129634 1.83403 9.73905 2.61547
170.921 0.129602 1.83432 9.74175 2.61563
170.933 0.129611 1.8346 9.74291 2.61559
170.944 0.129714 1.83498 9.74106 2.61507
170.955 0.129673 1.83523 9.74392 2.61527
170.966 0.129706 1.83555 9.74439 2.61511
170.978 0.129821 1.83594 9.74212 2.61453
170.989 0.129796 1.83622 9.74454 2.61465
171 0.12984 1.83654 9.74461 2.61443
171.011 0.12997 1.83695 9.74186 2.61378
171.022 0.129969 1.83724 9.7435 2.61378
171.034 0.130038 1.83759 9.74274 2.61344
171.045 0.13019 1.83799 9.73921 2.61267
171.056 0.130186 1.83829 9.74094 2.6127
171.067 0.13025 1.83863 9.74034 2.61237
171.079 0.130393 1.83905 9.73724 2.61166
171.09 0.130376 1.83933 9.73932 2.61174
171.101 0.130444 1.8397 9.73874 2.6114
171.112 0.130555 1.8401 9.73671 2.61085
171.124 0.130537 1.84037 9.73882 2.61093
171.135 0.130581 1.8407 9.73895 2.61072
171.146 0.130699 1.8411 9.73662 2.61012
171.157 0.130678 1.84137 9.73883 2.61023
171.169 0.130729 1.84172 9.73876 2.60997
171.18 0.130837 1.84213 9.73694 2.60944
171.191 0.130819 1.8424 9.73904 2.60953
171.202 0.130858 1.84273 9.73934 2.60933
171.213 0.130963 1.84312 9.73748 2.60881
171.225 0.130945 1.84343 9.73977 2.6089
171.236 0.130969 1.84375 9.74063 2.60878
171.247 0.131065 1.84416 9.73919 2.6083
171.258 0.131018 1.84444 9.74243 2.60853
171.27 0.131043 1.84477 9.74324 2.60841
171.281 0.131139 1.84517 9.74182 2.60794
171.292 0.131103 1.84546 9.74465 2.60811
171.303 0.131146 1.84582 9.74497 2.6079
171.315 0.131261 1.84625 9.74297 2.60733
171.326 0.131227 1.84657 9.74589 2.6075
171.337 0.131274 1.84694 9.74609 2.60726
171.348 0.131392 1.84737 9.74398 2.60668
171.36 0.131342 1.84766 9.74739 2.60693
171.371 0.131383 1.84802 9.74776 2.60672
171.382 0.131486 1.84844 9.74613 2.60621
171.393 0.131412 1.84869 9.75024 2.60658
171.404 0.131452 1.84904 9.75061 2.60638
171.416 0.131541 1.84943 9.74935 2.60594
171.427 0.131472 1.84969 9.75327 2.60628
171.438 0.131506 1.85004 9.75386 2.60611
171.449 0.131593 1.85043 9.75271 2.60568
171.461 0.131535 1.85071 9.7563 2.60597
171.472 0.131556 1.85104 9.75724 2.60586
171.483 0.131656 1.85143 9.75563 2.60537
171.494 0.131597 1.85171 9.75925 2.60566
171.506 0.131612 1.85205 9.7605 2.60559
171.517 0.131712 1.85245 9.75895 2.60509
171.528 0.131648 1.85271 9.76267 2.60541
171.539 0.131697 1.8531 9.76288 2.60517
171.551 0.131815 1.85353 9.76082 2.60459
171.562 0.131769 1.85382 9.76402 2.60481
171.573 0.131812 1.85419 9.76437 2.6046
171.584 0.131944 1.85461 9.76174 2.60395
171.596 0.131916 1.85491 9.76433 2.60409
171.607 0.131952 1.85527 9.76489 2.60391
171.618 0.132062 1.85567 9.76294 2.60337
171.629 0.132027 1.85594 9.76561 2.60354
171.64 0.132068 1.85635 9.76627 2.60334
171.652 0.132206 1.8568 9.76355 2.60266
171.663 0.132164 1.85707 9.76651 2.60286
171.674 0.132163 1.85744 9.76849 2.60287
171.685 0.132257 1.85786 9.76724 2.60241
171.697 0.132179 1.85812 9.77148 2.60279
171.708 0.132182 1.85848 9.77328 2.60277
171.719 0.132278 1.8589 9.77195 2.6023
171.73 0.132199 1.85917 9.77625 2.60269
171.742 0.132205 1.85951 9.77784 2.60266
171.753 0.13228 1.85991 9.77715 2.60229
171.764 0.132167 1.86012 9.78247 2.60285
171.775 0.132155 1.86044 9.7846 2.60291
171.787 0.132207 1.86082 9.78464 2.60265
171.798 0.132113 1.86105 9.78936 2.60311
171.809 0.132111 1.86138 9.79115 2.60312
171.82 0.132183 1.86177 9.79051 2.60277
171.831 0.132105 1.86204 9.79485 2.60315
171.843 0.132105 1.86237 9.79658 2.60315
171.854 0.132182 1.86277 9.79581 2.60277
171.865 0.132115 1.86303 9.79972 2.60311
171.876 0.132128 1.86337 9.80099 2.60304
171.888 0.1322 1.86377 9.8004 2.60269
171.899 0.132112 1.864 9.80491 2.60312
171.91 0.132112 1.86433 9.80663 2.60312
171.921 0.132168 1.8647 9.80652 2.60285
171.933 0.132058 1.86494 9.81183 2.60339
171.944 0.132045 1.86526 9.81401 2.60345
171.955 0.13208 1.86562 9.81458 2.60327
171.966 0.131993 1.86583 9.81894 2.60371
171.978 0.132 1.86616 9.8204 2.60367
171.989 0.132053 1.8665 9.82026 2.60341
172 0.131981 1.86673 9.82414 2.60377
172.011 0.131954 1.867 9.82656 2.6039
172.022 0.132 1.86733 9.82659 2.60367
172.034 0.131888 1.8675 9.83162 2.60422
172.045 0.131882 1.8678 9.83346 2.60425
172.056 0.131958 1.86816 9.83252 2.60388
172.067 0.13187 1.86836 9.83683 2.60431
172.079 0.131876 1.86867 9.83825 2.60428
172.09 0.131956 1.86902 9.8371 2.60389
172.101 0.131887 1.86921 9.84069 2.60423
172.112 0.131914 1.86953 9.84134 2.60409
172.124 0.132012 1.86989 9.83959 2.60361
172.135 0.131969 1.87012 9.84242 2.60382
172.146 0.131971 1.87041 9.84386 2.60381
172.157 0.132043 1.87076 9.84306 2.60346
172.169 0.131985 1.871 9.84644 2.60374
172.18 0.131999 1.87131 9.84758 2.60368
172.191 0.132081 1.87167 9.8464 2.60327
172.202 0.132014 1.8719 9.85009 2.6036
172.213 0.132035 1.87222 9.851 2.6035
172.225 0.132154 1.87263 9.84873 2.60291
172.236 0.132096 1.87288 9.8522 2.6032
172.247 0.132121 1.87322 9.85304 2.60307
172.258 0.132238 1.87364 9.85089 2.6025
172.27 0.132222 1.87395 9.85312 2.60258
172.281 0.132255 1.8743 9.85372 2.60241
172.292 0.132372 1.87472 9.85157 2.60184
172.303 0.132358 1.875 9.85357 2.60191
172.315 0.132414 1.87539 9.85357 2.60163
172.326 0.132535 1.87582 9.85133 2.60104
172.337 0.132481 1.87608 9.85471 2.60131
172.348 0.132518 1.87647 9.85534 2.60112
172.36 0.132651 1.87691 9.8527 2.60047
172.371 0.132607 1.87718 9.8558 2.60069
172.382 0.132648 1.87756 9.85626 2.60049
172.393 0.132767 1.87798 9.85407 2.5999
172.404 0.13273 1.87826 9.8569 2.60009
172.416 0.132779 1.87865 9.85707 2.59984
172.427 0.132916 1.87909 9.85434 2.59917
172.438 0.132874 1.87937 9.85736 2.59938
172.449 0.132891 1.87974 9.85864 2.59929
172.461 0.13297 1.88015 9.85785 2.59891
172.472 0.132893 1.88042 9.86219 2.59929
172.483 0.132887 1.88079 9.86432 2.59932
172.494 0.132936 1.88117 9.8645 2.59908
172.506 0.132851 1.88143 9.86904 2.59949
172.517 0.132833 1.88178 9.87151 2.59958
172.528 0.132887 1.88218 9.8716 2.59932
172.539 0.132819 1.88246 9.87559 2.59965
172.551 0.13281 1.88279 9.87769 2.59969
172.562 0.132864 1.88317 9.87767 2.59943
172.573 0.132796 1.88341 9.88145 2.59976
172.584 0.13279 1.88375 9.88342 2.59979
172.596 0.132832 1.88409 9.88368 2.59959
172.607 0.132719 1.88429 9.88894 2.60014
172.618 0.132698 1.88459 9.89131 2.60024
172.629 0.132773 1.88497 9.89047 2.59987
172.64 0.132669 1.88518 9.89544 2.60038
172.652 0.13264 1.88546 9.89799 2.60052
172.663 0.132718 1.88581 9.89695 2.60014
172.674 0.132637 1.88604 9.90115 2.60054
172.685 0.132624 1.88633 9.90315 2.6006
172.697 0.132701 1.88669 9.90218 2.60022
172.708 0.132648 1.88694 9.90547 2.60049
172.719 0.132649 1.88725 9.90705 2.60048
172.73 0.132768 1.88765 9.90469 2.5999
172.742 0.132742 1.88791 9.90708 2.60003
172.753 0.132761 1.88822 9.90796 2.59993
172.764 0.132875 1.88861 9.90577 2.59938
172.775 0.132864 1.88886 9.9075 2.59943
172.787 0.132903 1.88917 9.90767 2.59924
172.798 0.133024 1.88957 9.90526 2.59865
172.809 0.132999 1.88983 9.90755 2.59877
172.82 0.133039 1.89018 9.90791 2.59857
172.831 0.133152 1.89058 9.9058 2.59802
172.843 0.133121 1.89087 9.90845 2.59817
172.854 0.133162 1.89122 9.90879 2.59797
172.865 0.133273 1.89162 9.90677 2.59743
172.876 0.133244 1.89191 9.90937 2.59757
172.888 0.133263 1.89225 9.9104 2.59748
172.899 0.133369 1.89265 9.90857 2.59696
172.91 0.133348 1.89296 9.91097 2.59706
172.921 0.133383 1.8933 9.91148 2.5969
172.933 0.133489 1.89371 9.90966 2.59638
172.944 0.133467 1.89402 9.9121 2.59649
172.955 0.133484 1.89437 9.91332 2.59641
172.966 0.133565 1.89477 9.91238 2.59601
172.978 0.133519 1.89504 9.91551 2.59623
172.989 0.133548 1.8954 9.91635 2.59609
173 0.13364 1.89579 9.91496 2.59565
173.011 0.133604 1.89608 9.91777 2.59582
173.022 0.133611 1.89638 9.9191 2.59579
173.034 0.133686 1.89676 9.91829 2.59542
173.045 0.133616 1.89698 9.92203 2.59576
173.056 0.133613 1.89727 9.9237 2.59578
173.067 0.133681 1.89762 9.92299 2.59545
173.079 0.133632 1.89787 9.92612 2.59569
173.09 0.133639 1.89818 9.92747 2.59565
173.101 0.133733 1.89854 9.92589 2.5952
173.112 0.133667 1.89879 9.92961 2.59552
173.124 0.133655 1.89907 9.93157 2.59557
173.135 0.133723 1.89942 9.93082 2.59524
173.146 0.133688 1.89968 9.93353 2.59541
173.157 0.133695 1.89998 9.93481 2.59538
173.169 0.133805 1.90039 9.9329 2.59485
173.18 0.133734 1.90062 9.9367 2.59519
173.191 0.133733 1.90092 9.93829 2.59519
173.202 0.133837 1.90128 9.93634 2.59469
173.213 0.133796 1.90153 9.93915 2.59489
173.225 0.133815 1.90185 9.94009 2.59479
173.236 0.133945 1.90225 9.93741 2.59417
173.247 0.133931 1.90252 9.93934 2.59424
173.258 0.133951 1.90284 9.94023 2.59414
173.27 0.134064 1.90322 9.93805 2.59359
173.281 0.134044 1.9035 9.94026 2.59369
173.292 0.134061 1.90383 9.94133 2.59361
173.303 0.134146 1.90418 9.94 2.5932
173.315 0.13412 1.90446 9.94243 2.59332
173.326 0.134142 1.90479 9.94334 2.59321
173.337 0.134255 1.90519 9.94125 2.59267
173.348 0.13421 1.90545 9.94428 2.59289
173.36 0.13423 1.90578 9.94528 2.59279
173.371 0.13432 1.90618 9.94401 2.59235
173.382 0.134261 1.90643 9.94751 2.59264
173.393 0.134261 1.90675 9.94917 2.59264
173.404 0.134334 1.90711 9.94833 2.59229
173.416 0.134278 1.90737 9.95181 2.59256
173.427 0.134259 1.90768 9.9541 2.59265
173.438 0.134319 1.90805 9.95384 2.59236
173.449 0.134248 1.90832 9.95784 2.5927
173.461 0.13424 1.90863 9.95975 2.59274
173.472 0.134296 1.90899 9.95957 2.59247
173.483 0.134255 1.90928 9.96258 2.59267
173.494 0.13426 1.90959 9.96402 2.59264
173.506 0.134336 1.90997 9.96321 2.59228
173.517 0.134282 1.91023 9.96655 2.59254
173.528 0.134282 1.91054 9.96816 2.59254
173.539 0.13436 1.91092 9.96727 2.59216
173.551 0.134287 1.91115 9.97117 2.59252
173.562 0.134296 1.91148 9.97255 2.59247
173.573 0.134386 1.91185 9.97116 2.59204
173.584 0.134337 1.91209 9.97423 2.59227
173.596 0.134339 1.9124 9.97575 2.59226
173.607 0.134441 1.9128 9.97404 2.59177
173.618 0.134365 1.91304 9.97814 2.59214
173.629 0.13437 1.91336 9.9796 2.59212
173.64 0.134444 1.91373 9.97882 2.59176
173.652 0.134367 1.91398 9.98292 2.59213
173.663 0.134346 1.91428 9.98528 2.59223
173.674 0.134419 1.91464 9.98447 2.59188
173.685 0.134343 1.91488 9.98854 2.59224
173.697 0.134343 1.91519 9.99019 2.59225
173.708 0.13443 1.91558 9.98896 2.59183
173.719 0.134354 1.91581 9.99299 2.59219
173.73 0.134357 1.91613 9.99453 2.59217
173.742 0.134452 1.91652 9.99307 2.59172
173.753 0.134404 1.91681 9.99634 2.59195
173.764 0.134429 1.91716 9.99727 2.59183
173.775 0.134523 1.91757 9.99587 2.59137
173.787 0.134485 1.91786 9.99881 2.59156
173.798 0.134502 1.91823 10.0001 2.59148
173.809 0.134603 1.91863 9.99842 2.59099
173.82 0.134554 1.9189 10.0017 2.59123
173.831 0.134553 1.91922 10.0034 2.59123
173.843 0.134636 1.91962 10.0023 2.59083
173.854 0.134569 1.91986 10.0061 2.59115
173.865 0.134574 1.92021 10.0077 2.59113
173.876 0.134635 1.92057 10.0074 2.59084
173.888 0.13456 1.92084 10.0115 2.5912
173.899 0.134561 1.92116 10.0132 2.59119
173.91 0.134633 1.92154 10.0125 2.59085
173.921 0.134546 1.9218 10.0171 2.59127
173.933 0.134539 1.92216 10.0192 2.5913
173.944 0.134595 1.92253 10.019 2.59103
173.955 0.13452 1.9228 10.0232 2.59139
173.966 0.134483 1.92311 10.0263 2.59157
173.978 0.134511 1.92347 10.0271 2.59144
173.989 0.134407 1.92372 10.0323 2.59194
174 0.134373 1.92404 10.0352 2.5921
174.011 0.134425 1.92441 10.0352 2.59185
174.022 0.134325 1.92466 10.0402 2.59233
174.034 0.134311 1.925 10.0425 2.5924
174.045 0.134372 1.92538 10.0422 2.5921
174.056 0.134275 1.92561 10.0471 2.59257
174.067 0.134263 1.92594 10.0492 2.59263
174.079 0.134323 1.9263 10.0489 2.59234
174.09 0.134247 1.92654 10.053 2.59271
174.101 0.134229 1.92686 10.0553 2.59279
174.112 0.134283 1.92721 10.0551 2.59253
174.124 0.134191 1.92745 10.0598 2.59298
174.135 0.134145 1.92774 10.063 2.5932
174.146 0.134207 1.92811 10.0627 2.5929
174.157 0.134103 1.92836 10.0679 2.5934
174.169 0.134071 1.92867 10.0707 2.59356
174.18 0.134119 1.92904 10.0708 2.59333
174.191 0.134058 1.92932 10.0745 2.59362
174.202 0.134065 1.92966 10.0761 2.59359
174.213 0.134134 1.93006 10.0756 2.59325
174.225 0.134092 1.93034 10.0786 2.59346
174.236 0.1341 1.93067 10.08 2.59342
174.247 0.134164 1.93107 10.0797 2.59311
174.258 0.1341 1.93134 10.0835 2.59342
174.27 0.134126 1.93172 10.0845 2.59329
174.281 0.13421 1.93212 10.0834 2.59288
174.292 0.134145 1.93243 10.0875 2.5932
174.303 0.134164 1.9328 10.0887 2.59311
174.315 0.134257 1.93324 10.0875 2.59266
174.326 0.13421 1.93355 10.0909 2.59289
174.337 0.134225 1.93392 10.0923 2.59282
174.348 0.134321 1.93434 10.0909 2.59235
174.36 0.134272 1.93463 10.0942 2.59259
174.371 0.134276 1.93501 10.096 2.59257
174.382 0.134349 1.93541 10.0954 2.59222
174.393 0.134256 1.93567 10.1002 2.59266
174.404 0.134233 1.936 10.1028 2.59277
174.416 0.134285 1.93637 10.1028 2.59252
174.427 0.134191 1.93662 10.1077 2.59298
174.438 0.134122 1.93691 10.1118 2.59331
174.449 0.134119 1.93724 10.1136 2.59333
174.461 0.134009 1.93748 10.119 2.59386
174.472 0.133962 1.93775 10.1222 2.59409
174.483 0.134002 1.93811 10.1226 2.59389
174.494 0.133894 1.93836 10.1279 2.59442
174.506 0.133855 1.93865 10.131 2.5946
174.517 0.133906 1.93903 10.131 2.59436
174.528 0.133848 1.93931 10.1347 2.59464
174.539 0.133837 1.93966 10.1369 2.59469
174.551 0.133884 1.94005 10.1372 2.59446
174.562 0.133794 1.94028 10.1418 2.5949
174.573 0.133778 1.94061 10.1441 2.59497
174.584 0.133833 1.94096 10.1439 2.59471
174.596 0.133749 1.94119 10.1483 2.59512
174.607 0.133738 1.94151 10.1503 2.59517
174.618 0.133789 1.94187 10.1503 2.59492
174.629 0.133738 1.94214 10.1537 2.59517
174.64 0.133708 1.94245 10.1564 2.59532
174.652 0.13378 1.94284 10.1557 2.59497
174.663 0.133719 1.94311 10.1595 2.59526
174.674 0.133729 1.94347 10.1609 2.59522
174.685 0.133808 1.94387 10.16 2.59483
174.697 0.133731 1.94416 10.1645 2.5952
174.708 0.133702 1.94448 10.1672 2.59535
174.719 0.133733 1.94485 10.168 2.59519
174.73 0.133651 1.94513 10.1726 2.59559
174.742 0.133624 1.94548 10.1754 2.59572
174.753 0.133662 1.94586 10.176 2.59554
174.764 0.133594 1.94617 10.1802 2.59587
174.775 0.13359 1.94652 10.1822 2.59589
174.787 0.133647 1.94691 10.182 2.59561
174.798 0.13357 1.94718 10.1864 2.59599
174.809 0.133536 1.9475 10.1894 2.59615
174.82 0.133609 1.94793 10.1888 2.5958
174.831 0.133543 1.94823 10.1929 2.59612
174.843 0.133534 1.94858 10.1951 2.59616
174.854 0.133614 1.94899 10.1942 2.59577
174.865 0.133569 1.9493 10.1975 2.59599
174.876 0.133551 1.94965 10.2 2.59608
174.888 0.133649 1.95008 10.1985 2.5956
174.899 0.133559 1.95036 10.2034 2.59604
174.91 0.133539 1.95071 10.206 2.59614
174.921 0.133605 1.9511 10.2056 2.59582
174.933 0.133524 1.95136 10.21 2.59621
174.944 0.133514 1.95169 10.2121 2.59626
174.955 0.133614 1.95207 10.2103 2.59577
174.966 0.133554 1.95232 10.2139 2.59606
174.978 0.133566 1.95266 10.2152 2.59601
174.989 0.133647 1.95304 10.2141 2.59561
175 0.133577 1.95331 10.2182 2.59595
175.011 0.13359 1.95361 10.2193 2.59589
175.022 0.13368 1.95398 10.2177 2.59545
175.034 0.133635 1.95425 10.2209 2.59567
175.045 0.133663 1.95461 10.2217 2.59553
175.056 0.133765 1.95499 10.2198 2.59504
175.067 0.133724 1.95529 10.2229 2.59524
175.079 0.133737 1.95562 10.2241 2.59517
175.09 0.133826 1.956 10.2227 2.59474
175.101 0.133786 1.95627 10.2256 2.59494
175.112 0.133803 1.95661 10.2268 2.59485
175.124 0.133892 1.957 10.2254 2.59442
175.135 0.133844 1.95729 10.2288 2.59466
175.146 0.13388 1.95765 10.2293 2.59448
175.157 0.133974 1.95806 10.2279 2.59403
175.169 0.133927 1.95835 10.2311 2.59425
175.18 0.13393 1.95865 10.2326 2.59424
175.191 0.133978 1.95902 10.2327 2.59401
175.202 0.133875 1.95925 10.2378 2.59451
175.213 0.133853 1.95954 10.2402 2.59461
175.225 0.133905 1.95989 10.24 2.59436
175.236 0.133827 1.96016 10.2444 2.59474
175.247 0.133845 1.96049 10.2455 2.59465
175.258 0.133935 1.96088 10.2441 2.59422
175.27 0.133858 1.96112 10.2482 2.59459
175.281 0.133857 1.96144 10.25 2.59459
175.292 0.133896 1.96178 10.2502 2.5944
175.303 0.133823 1.96204 10.2544 2.59476
175.315 0.133828 1.96236 10.2559 2.59473
175.326 0.133901 1.96274 10.2551 2.59438
175.337 0.133847 1.96299 10.2585 2.59464
175.348 0.13385 1.96331 10.26 2.59463
175.36 0.133931 1.96366 10.2587 2.59423
175.371 0.133864 1.96391 10.2626 2.59456
175.382 0.133862 1.9642 10.2642 2.59457
175.393 0.133895 1.96452 10.2646 2.59441
175.404 0.133812 1.96474 10.2689 2.59481
175.416 0.13378 1.96502 10.2716 2.59497
175.427 0.133817 1.96535 10.2719 2.59479
175.438 0.133704 1.96555 10.2773 2.59533
175.449 0.133675 1.96584 10.28 2.59548
175.461 0.133738 1.96619 10.2794 2.59517
175.472 0.133673 1.96643 10.2832 2.59549
175.483 0.133686 1.96675 10.2843 2.59542
175.494 0.133785 1.96713 10.2825 2.59494
175.506 0.133759 1.9674 10.2849 2.59507
175.517 0.133816 1.96774 10.2845 2.59479
175.528 0.133932 1.96813 10.282 2.59423
175.539 0.133895 1.96837 10.2848 2.59441
175.551 0.133943 1.96873 10.2848 2.59418
175.562 0.134072 1.96913 10.2819 2.59355
175.573 0.134077 1.96944 10.2833 2.59353
175.584 0.13413 1.96976 10.283 2.59327
175.596 0.13424 1.97016 10.2808 2.59274
175.607 0.134208 1.97043 10.2835 2.59289
175.618 0.134238 1.97076 10.284 2.59275
175.629 0.13432 1.97112 10.2828 2.59235
175.64 0.134248 1.97138 10.2869 2.5927
175.652 0.134279 1.97173 10.2876 2.59255
175.663 0.13435 1.97212 10.2868 2.59221
175.674 0.134276 1.97238 10.291 2.59257
175.685 0.134289 1.97272 10.2923 2.5925
175.697 0.134361 1.9731 10.2915 2.59215
175.708 0.134301 1.97335 10.2952 2.59244
175.719 0.134315 1.97367 10.2963 2.59238
175.73 0.134392 1.97404 10.2953 2.59201
175.742 0.134354 1.9743 10.298 2.59219
175.753 0.134339 1.97459 10.3002 2.59226
175.764 0.134368 1.97492 10.3008 2.59212
175.775 0.134289 1.97515 10.305 2.59251
175.787 0.134259 1.97544 10.3077 2.59265
175.798 0.134328 1.97579 10.3068 2.59232
175.809 0.13425 1.97602 10.311 2.59269
175.82 0.13427 1.97635 10.312 2.59259
175.831 0.13435 1.97672 10.3109 2.59221
175.843 0.134276 1.97694 10.3148 2.59257
175.854 0.134259 1.97724 10.317 2.59265
175.865 0.134331 1.97759 10.3161 2.5923
175.876 0.134289 1.97783 10.319 2.5925
175.888 0.13431 1.97815 10.3198 2.5924
175.899 0.134411 1.97853 10.318 2.59192
175.91 0.134358 1.97877 10.3212 2.59217
175.921 0.134375 1.97909 10.3222 2.59209
175.933 0.134447 1.97946 10.3214 2.59174
175.944 0.134377 1.97971 10.3254 2.59208
175.955 0.134374 1.97999 10.327 2.59209
175.966 0.134443 1.98033 10.3261 2.59176
175.978 0.134402 1.98057 10.3289 2.59196
175.989 0.134421 1.98089 10.3299 2.59187
176 0.134501 1.98128 10.3288 2.59148
176.011 0.134432 1.98155 10.3329 2.59182
176.022 0.134444 1.98187 10.3341 2.59176
176.034 0.134545 1.9823 10.3324 2.59127
176.045 0.134501 1.98257 10.3356 2.59148
176.056 0.134547 1.98295 10.3358 2.59126
176.067 0.134628 1.98333 10.3347 2.59087
176.079 0.134584 1.98363 10.3379 2.59108
176.09 0.134587 1.98395 10.3395 2.59107
176.101 0.134692 1.98435 10.3375 2.59056
176.112 0.134658 1.98461 10.3401 2.59072
176.124 0.134667 1.98492 10.3415 2.59068
176.135 0.134727 1.98528 10.341 2.59039
176.146 0.134657 1.98557 10.3452 2.59073
176.157 0.134634 1.98585 10.3476 2.59084
176.169 0.13467 1.98621 10.3481 2.59067
176.18 0.134565 1.98643 10.3532 2.59117
176.191 0.134547 1.9867 10.3553 2.59126
176.202 0.134599 1.98706 10.3552 2.59101
176.213 0.134559 1.98733 10.3582 2.5912
176.225 0.134572 1.98767 10.3594 2.59114
176.236 0.134672 1.98805 10.3576 2.59066
176.247 0.134668 1.98836 10.3593 2.59068
176.258 0.134734 1.98875 10.3588 2.59036
176.27 0.134863 1.98917 10.356 2.58974
176.281 0.134846 1.98946 10.3582 2.58982
176.292 0.134864 1.98977 10.3591 2.58974
176.303 0.134945 1.99013 10.3579 2.58935
176.315 0.134874 1.99039 10.3619 2.58969
176.326 0.134904 1.99074 10.3626 2.58954
176.337 0.135006 1.99115 10.3609 2.58905
176.348 0.134958 1.99146 10.3643 2.58929
176.36 0.134992 1.99184 10.365 2.58912
176.371 0.135077 1.99227 10.364 2.58872
176.382 0.134971 1.99256 10.3695 2.58922
176.393 0.134962 1.99293 10.3718 2.58926
176.404 0.135032 1.99335 10.3713 2.58893
176.416 0.13495 1.99365 10.376 2.58933
176.427 0.134942 1.99401 10.3782 2.58936
176.438 0.134992 1.9944 10.3783 2.58912
176.449 0.134902 1.99468 10.3832 2.58955
176.461 0.134898 1.99504 10.3852 2.58957
176.472 0.134968 1.99543 10.3846 2.58924
176.483 0.13491 1.99573 10.3884 2.58952
176.494 0.134861 1.99603 10.3918 2.58975
176.506 0.13489 1.99639 10.3926 2.58961
176.517 0.134777 1.99664 10.3982 2.59015
176.528 0.134722 1.99694 10.4019 2.59042
176.539 0.134767 1.99731 10.4021 2.5902
176.551 0.134693 1.99759 10.4065 2.59056
176.562 0.134677 1.99792 10.4088 2.59063
176.573 0.134762 1.99831 10.4075 2.59023
176.584 0.134691 1.99856 10.4116 2.59057
176.596 0.134694 1.99888 10.4131 2.59055
176.607 0.134768 1.99927 10.4123 2.5902
176.618 0.134702 1.99953 10.4162 2.59051
176.629 0.134733 1.99991 10.417 2.59036
176.64 0.134805 2.00026 10.416 2.59002
176.652 0.134727 2.00052 10.4204 2.59039
176.663 0.134748 2.00089 10.4215 2.5903
176.674 0.134863 2.00133 10.4193 2.58974
176.685 0.134822 2.00163 10.4225 2.58994
176.697 0.134865 2.00203 10.4229 2.58973
176.708 0.13497 2.00247 10.4211 2.58923
176.719 0.134907 2.00276 10.4251 2.58953
176.73 0.134943 2.00316 10.4258 2.58936
176.742 0.135036 2.00359 10.4244 2.58891
176.753 0.134974 2.00391 10.4285 2.58921
176.764 0.134987 2.00428 10.4299 2.58915
176.775 0.135059 2.00469 10.4292 2.5888
176.787 0.134981 2.00497 10.4337 2.58917
176.798 0.134963 2.0053 10.4361 2.58926
176.809 0.135015 2.00567 10.436 2.58901
176.82 0.134941 2.00594 10.4403 2.58937
176.831 0.134936 2.00628 10.4423 2.58939
176.843 0.134993 2.00665 10.442 2.58912
176.854 0.134916 2.00688 10.4462 2.58949
176.865 0.134941 2.00724 10.4471 2.58937
176.876 0.135018 2.00764 10.4462 2.589
176.888 0.13493 2.00789 10.4509 2.58942
176.899 0.134934 2.00827 10.4527 2.5894
176.91 0.135021 2.00867 10.4514 2.58898
176.921 0.134966 2.00896 10.4551 2.58925
176.933 0.134975 2.00932 10.4566 2.5892
176.944 0.135075 2.00976 10.455 2.58872
176.955 0.135019 2.01007 10.4588 2.58899
176.966 0.135049 2.01045 10.4596 2.58885
176.978 0.135149 2.0109 10.4581 2.58837
176.989 0.135099 2.0112 10.4616 2.58861
177 0.135107 2.01157 10.4632 2.58857
177.011 0.135201 2.01201 10.4618 2.58812
177.022 0.135144 2.01232 10.4656 2.58839
177.034 0.135157 2.01268 10.467 2.58833
177.045 0.13523 2.01309 10.4664 2.58798
177.056 0.135154 2.01338 10.4708 2.58835
177.067 0.135145 2.01372 10.4729 2.58839
177.079 0.135209 2.01413 10.4726 2.58808
177.09 0.135103 2.01436 10.4779 2.58859
177.101 0.135081 2.0147 10.4805 2.5887
177.112 0.135155 2.01509 10.4797 2.58834
177.124 0.135082 2.01535 10.4838 2.58869
177.135 0.135082 2.01568 10.4855 2.58869
177.146 0.135164 2.01609 10.4845 2.5883
177.157 0.135138 2.0164 10.4871 2.58842
177.169 0.135156 2.01676 10.4883 2.58834
177.18 0.135246 2.01718 10.487 2.5879
177.191 0.135207 2.01749 10.4901 2.58809
177.202 0.135223 2.01787 10.4914 2.58801
177.213 0.135306 2.01826 10.4903 2.58762
177.225 0.13524 2.01854 10.4943 2.58793
177.236 0.135247 2.01887 10.4957 2.5879
177.247 0.135336 2.01928 10.4944 2.58748
177.258 0.135279 2.01955 10.498 2.58775
177.27 0.135305 2.01989 10.4988 2.58762
177.281 0.135397 2.02031 10.4974 2.58719
177.292 0.13536 2.02058 10.5002 2.58736
177.303 0.135368 2.0209 10.5016 2.58732
177.315 0.13544 2.02127 10.5007 2.58698
177.326 0.135389 2.02154 10.5041 2.58722
177.337 0.135394 2.02186 10.5056 2.5872
177.348 0.135466 2.02225 10.5048 2.58685
177.36 0.13541 2.0225 10.5083 2.58712
177.371 0.135409 2.02282 10.51 2.58713
177.382 0.135509 2.02322 10.5082 2.58665
177.393 0.135467 2.02349 10.5112 2.58685
177.404 0.135484 2.02384 10.5124 2.58677
177.416 0.13559 2.02424 10.5103 2.58626
177.427 0.135568 2.02456 10.5128 2.58637
177.438 0.135607 2.0249 10.5131 2.58618
177.449 0.135715 2.02534 10.5112 2.58567
177.461 0.135639 2.02556 10.5153 2.58603
177.472 0.135632 2.02588 10.5172 2.58606
177.483 0.135694 2.02627 10.5168 2.58577
177.494 0.135633 2.0265 10.5204 2.58606
177.506 0.135612 2.0268 10.5228 2.58616
177.517 0.135672 2.02718 10.5224 2.58587
177.528 0.135574 2.0274 10.5274 2.58634
177.539 0.135545 2.02768 10.5299 2.58648
177.551 0.135595 2.02801 10.5297 2.58624
177.562 0.1355 2.02822 10.5345 2.58669
177.573 0.135493 2.02848 10.5361 2.58672
177.584 0.135543 2.02882 10.5359 2.58649
177.596 0.135476 2.02902 10.5396 2.58681
177.607 0.135487 2.02933 10.5408 2.58676
177.618 0.135592 2.02971 10.5387 2.58625
177.629 0.135553 2.02993 10.5413 2.58644
177.64 0.13557 2.03024 10.5422 2.58636
177.652 0.135658 2.03059 10.5407 2.58594
177.663 0.135623 2.03083 10.5433 2.58611
177.674 0.135649 2.03115 10.5439 2.58598
177.685 0.135757 2.03153 10.5417 2.58547
177.697 0.135726 2.0318 10.5443 2.58561
177.708 0.135758 2.03213 10.5448 2.58546
177.719 0.13587 2.03251 10.5424 2.58493
177.73 0.135846 2.03279 10.5448 2.58504
177.742 0.135884 2.0331 10.5449 2.58486
177.753 0.135986 2.03344 10.5427 2.58438
177.764 0.135952 2.03368 10.5452 2.58454
177.775 0.13597 2.03395 10.546 2.58446
177.787 0.136067 2.0343 10.544 2.58399
177.798 0.13601 2.03453 10.5474 2.58426
177.809 0.136031 2.03487 10.5484 2.58417
177.82 0.136163 2.03526 10.5453 2.58354
177.831 0.136173 2.03553 10.5463 2.58349
177.843 0.136246 2.03585 10.5451 2.58314
177.854 0.136398 2.03624 10.5413 2.58242
177.865 0.1364 2.03651 10.5426 2.58241
177.876 0.136476 2.03686 10.5414 2.58205
177.888 0.136609 2.03723 10.5383 2.58143
177.899 0.136547 2.03748 10.542 2.58172
177.91 0.136556 2.03781 10.5433 2.58167
177.921 0.136632 2.03818 10.5423 2.58132
177.933 0.136558 2.03843 10.5464 2.58167
177.944 0.136533 2.03868 10.5487 2.58179
177.955 0.136582 2.03902 10.5485 2.58155
177.966 0.136467 2.03919 10.5539 2.5821
177.978 0.136439 2.03942 10.5562 2.58223
177.989 0.136489 2.0397 10.5557 2.58199
178 0.136382 2.03988 10.5607 2.5825
178.011 0.136344 2.04012 10.5634 2.58268
178.022 0.136396 2.04041 10.5629 2.58243
178.034 0.136337 2.04062 10.5663 2.58271
178.045 0.13634 2.04089 10.5676 2.5827
178.056 0.136416 2.04123 10.5664 2.58234
178.067 0.136365 2.04144 10.5695 2.58258
178.079 0.136351 2.0417 10.5713 2.58265
178.09 0.136465 2.04207 10.5688 2.58211
178.101 0.136445 2.04234 10.571 2.5822
178.112 0.136453 2.04262 10.5722 2.58216
178.124 0.136593 2.04303 10.5689 2.5815
178.135 0.136578 2.04328 10.5708 2.58157
178.146 0.136602 2.04355 10.5712 2.58146
178.157 0.136693 2.04385 10.5692 2.58103
178.169 0.136636 2.04405 10.5725 2.5813
178.18 0.136637 2.04432 10.5738 2.58129
178.191 0.136718 2.04465 10.5724 2.58091
178.202 0.13667 2.04488 10.5755 2.58114
178.213 0.136715 2.04519 10.5753 2.58092
178.225 0.136849 2.04555 10.572 2.5803
178.236 0.136789 2.04579 10.5756 2.58058
178.247 0.136802 2.04609 10.5766 2.58051
178.258 0.136899 2.04647 10.5749 2.58006
178.27 0.13684 2.04673 10.5784 2.58034
178.281 0.136829 2.04697 10.5801 2.58039
178.292 0.136882 2.04726 10.5796 2.58014
178.303 0.136784 2.04745 10.5843 2.5806
178.315 0.136767 2.04771 10.5863 2.58068
178.326 0.136836 2.04802 10.5853 2.58036
178.337 0.136755 2.04823 10.5895 2.58074
178.348 0.136737 2.04852 10.5917 2.58082
178.36 0.136796 2.04883 10.591 2.58054
178.371 0.136709 2.04899 10.5952 2.58095
178.382 0.136708 2.04925 10.5966 2.58096
178.393 0.136794 2.0496 10.5951 2.58055
178.404 0.136686 2.04973 10.5999 2.58106
178.416 0.13669 2.05001 10.6012 2.58104
178.427 0.136761 2.05025 10.5997 2.58071
178.438 0.136668 2.05037 10.6039 2.58115
178.449 0.136683 2.05063 10.6047 2.58108
178.461 0.136807 2.051 10.6018 2.58049
178.472 0.136723 2.05113 10.6058 2.58089
178.483 0.136733 2.05142 10.6068 2.58084
178.494 0.136806 2.05169 10.6054 2.5805
178.506 0.136738 2.05191 10.6092 2.58082
178.517 0.136745 2.0521 10.6099 2.58078
178.528 0.136837 2.05238 10.6078 2.58035
178.539 0.13682 2.05259 10.6095 2.58043
178.551 0.136859 2.05286 10.6094 2.58025
178.562 0.13698 2.05317 10.6063 2.57968
178.573 0.136996 2.05343 10.607 2.5796
178.584 0.137054 2.05368 10.6061 2.57933
178.596 0.137175 2.05401 10.6031 2.57876
178.607 0.137157 2.05421 10.6048 2.57885
178.618 0.1372 2.05447 10.6045 2.57864
178.629 0.137307 2.05478 10.6019 2.57814
178.64 0.137293 2.05501 10.6037 2.57821
178.652 0.137345 2.05528 10.6031 2.57796
178.663 0.137462 2.05566 10.6005 2.57741
178.674 0.137425 2.05588 10.6031 2.57759
178.685 0.137424 2.05615 10.6046 2.57759
178.697 0.137538 2.05653 10.6021 2.57705
178.708 0.137506 2.05673 10.6043 2.5772
178.719 0.137521 2.05701 10.6053 2.57714
178.73 0.137624 2.05733 10.6029 2.57665
178.742 0.137549 2.05747 10.6065 2.577
178.753 0.137516 2.05766 10.6088 2.57716
178.764 0.1376 2.05799 10.6072 2.57677
178.775 0.13753 2.05817 10.6109 2.57709
178.787 0.137542 2.05843 10.6117 2.57704
178.798 0.137648 2.05879 10.6095 2.57654
178.809 0.137572 2.05896 10.6133 2.5769
178.82 0.137565 2.05921 10.6149 2.57693
178.831 0.137648 2.05952 10.6133 2.57654
178.843 0.137551 2.05967 10.6178 2.577
178.854 0.137566 2.05994 10.6186 2.57693
178.865 0.137658 2.06025 10.6167 2.57649
178.876 0.137583 2.06038 10.6202 2.57685
178.888 0.137592 2.06059 10.6209 2.5768
178.899 0.137681 2.06083 10.6188 2.57639
178.91 0.137614 2.06097 10.6221 2.5767
178.921 0.137639 2.06121 10.6224 2.57659
178.933 0.137759 2.06157 10.6195 2.57602
178.944 0.137748 2.06179 10.6211 2.57608
178.955 0.137788 2.06209 10.6211 2.57589
178.966 0.137891 2.06241 10.6188 2.57541
178.978 0.137847 2.06264 10.6217 2.57561
178.989 0.137847 2.06289 10.6229 2.57561
179 0.137935 2.06319 10.6211 2.5752
179.011 0.137864 2.06335 10.6246 2.57553
179.022 0.137866 2.0636 10.6259 2.57552
179.034 0.137936 2.06391 10.6248 2.57519
179.045 0.137839 2.06406 10.6293 2.57565
179.056 0.137815 2.0643 10.6315 2.57576
179.067 0.137897 2.0646 10.6299 2.57538
179.079 0.137825 2.06482 10.6338 2.57572
179.09 0.137806 2.06507 10.6357 2.5758
179.101 0.137898 2.0654 10.6339 2.57537
179.112 0.137826 2.06558 10.6376 2.57571
179.124 0.137808 2.06583 10.6396 2.57579
179.135 0.137885 2.06614 10.6382 2.57543
179.146 0.137806 2.06633 10.6423 2.5758
179.157 0.137812 2.06655 10.6432 2.57577
179.169 0.137918 2.06687 10.6407 2.57528
179.18 0.137872 2.06703 10.6433 2.57549
179.191 0.13789 2.06725 10.6438 2.57541
179.202 0.137991 2.06753 10.6413 2.57494
179.213 0.137952 2.06768 10.6436 2.57512
179.225 0.138013 2.06791 10.6424 2.57484
179.236 0.13816 2.06823 10.6384 2.57415
179.247 0.138131 2.06842 10.6404 2.57428
179.258 0.138166 2.06868 10.6405 2.57412
179.27 0.13829 2.06898 10.6372 2.57355
179.281 0.138246 2.06917 10.6399 2.57375
179.292 0.138296 2.06944 10.6394 2.57352
179.303 0.138407 2.06979 10.6369 2.573
179.315 0.138316 2.06995 10.6412 2.57342
179.326 0.138321 2.07019 10.6423 2.5734
179.337 0.138387 2.07048 10.6412 2.57309
179.348 0.138309 2.07066 10.6451 2.57346
179.36 0.138297 2.07091 10.6469 2.57351
179.371 0.138367 2.07123 10.6458 2.57319
179.382 0.138287 2.07141 10.6498 2.57356
179.393 0.138272 2.07163 10.6516 2.57363
179.404 0.138332 2.07191 10.6507 2.57335
179.416 0.138258 2.0721 10.6545 2.5737
179.427 0.138247 2.07235 10.6562 2.57374
179.438 0.138354 2.0727 10.6539 2.57325
179.449 0.138284 2.07289 10.6576 2.57358
179.461 0.138291 2.07317 10.6587 2.57354
179.472 0.138379 2.07349 10.657 2.57313
179.483 0.138305 2.07367 10.6608 2.57347
179.494 0.13832 2.07394 10.6616 2.57341
179.506 0.138404 2.07422 10.6598 2.57302
179.517 0.138376 2.07438 10.6617 2.57315
179.528 0.138398 2.07462 10.6621 2.57305
179.539 0.138512 2.07492 10.6592 2.57251
179.551 0.138469 2.07512 10.6619 2.57272
179.562 0.138514 2.07539 10.6616 2.57251
179.573 0.13863 2.07568 10.6586 2.57197
179.584 0.138571 2.07583 10.6616 2.57224
179.596 0.138597 2.07605 10.6618 2.57212
179.607 0.138665 2.07631 10.6605 2.5718
179.618 0.138594 2.0765 10.6642 2.57213
179.629 0.138583 2.07667 10.6655 2.57218
179.64 0.138658 2.07699 10.6642 2.57184
179.652 0.138587 2.07719 10.668 2.57217
179.663 0.138588 2.07743 10.6692 2.57216
179.674 0.138634 2.0777 10.6688 2.57195
179.685 0.138562 2.07789 10.6726 2.57228
179.697 0.13852 2.07807 10.6751 2.57248
179.708 0.138564 2.0783 10.6746 2.57227
179.719 0.13848 2.07849 10.6788 2.57266
179.73 0.1385 2.07879 10.6796 2.57257
179.742 0.138602 2.07914 10.6774 2.5721
179.753 0.138552 2.07937 10.6805 2.57233
179.764 0.13856 2.07961 10.6815 2.57229
179.775 0.138614 2.07984 10.6806 2.57204
179.787 0.138568 2.08009 10.6836 2.57226
179.798 0.138588 2.08035 10.6842 2.57216
179.809 0.138654 2.08061 10.683 2.57185
179.82 0.138597 2.08084 10.6864 2.57212
179.831 0.138579 2.08108 10.6883 2.5722
179.843 0.138658 2.08141 10.6869 2.57183
179.854 0.138579 2.08162 10.6911 2.5722
179.865 0.13857 2.08188 10.6928 2.57225
179.876 0.138613 2.08215 10.6924 2.57204
179.888 0.13854 2.08237 10.6964 2.57238
179.899 0.138524 2.08262 10.6983 2.57246
179.91 0.138564 2.08287 10.698 2.57227
179.921 0.138524 2.0831 10.7008 2.57246
179.933 0.138571 2.08345 10.7008 2.57224
179.944 0.138631 2.08366 10.6996 2.57196
179.955 0.138577 2.08389 10.7028 2.57221
179.966 0.138604 2.08413 10.703 2.57209
179.978 0.138697 2.08445 10.701 2.57165
179.989 0.138663 2.08466 10.7034 2.57181
180 0.138683 2.08491 10.7039 2.57172
180.011 0.138777 2.08523 10.7019 2.57128
180.022 0.138695 2.08538 10.7059 2.57166
180.034 0.138698 2.08562 10.707 2.57165
180.045 0.138774 2.08592 10.7056 2.5713
180.056 0.138704 2.0861 10.7092 2.57163
180.067 0.1387 2.08633 10.7106 2.57164
180.079 0.138774 2.08663 10.7093 2.5713
180.09 0.138688 2.08679 10.7134 2.5717
180.101 0.13869 2.08709 10.7148 2.57169
180.112 0.138734 2.08734 10.7145 2.57148
180.124 0.138656 2.08755 10.7186 2.57185
180.135 0.138635 2.08779 10.7206 2.57194
180.146 0.138655 2.08802 10.721 2.57185
180.157 0.13856 2.0882 10.7256 2.57229
180.169 0.13854 2.08843 10.7275 2.57238
180.18 0.138616 2.08876 10.7263 2.57203
180.191 0.138545 2.08895 10.73 2.57236
180.202 0.138541 2.08922 10.7316 2.57238
180.213 0.13857 2.08944 10.7316 2.57225
180.225 0.138514 2.08967 10.7349 2.5725
180.236 0.138505 2.0899 10.7364 2.57255
180.247 0.138571 2.09018 10.7354 2.57224
180.258 0.138538 2.09044 10.7379 2.57239
180.27 0.138513 2.09065 10.74 2.57251
180.281 0.138584 2.09095 10.7388 2.57218
180.292 0.138536 2.09118 10.7418 2.5724
180.303 0.13853 2.09141 10.7432 2.57243
180.315 0.13857 2.09162 10.7428 2.57225
180.326 0.138485 2.09179 10.7469 2.57264
180.337 0.138466 2.09199 10.7487 2.57273
180.348 0.13859 2.09243 10.7461 2.57215
180.36 0.138518 2.09252 10.7494 2.57249
180.371 0.138508 2.09278 10.7511 2.57253
180.382 0.138646 2.09321 10.748 2.57189
180.393 0.138583 2.09333 10.7511 2.57218
180.404 0.138579 2.09356 10.7524 2.5722
180.416 0.138694 2.09394 10.7499 2.57167
180.427 0.138607 2.09403 10.7537 2.57207
180.438 0.138591 2.09424 10.7554 2.57215
180.449 0.138693 2.0946 10.7533 2.57167
180.461 0.138604 2.0947 10.7573 2.57209
180.472 0.138596 2.09494 10.7588 2.57212
180.483 0.138696 2.09529 10.7567 2.57166
180.494 0.138628 2.09544 10.7601 2.57198
180.506 0.138641 2.09571 10.761 2.57191
180.517 0.13873 2.09604 10.7593 2.5715
180.528 0.138659 2.09621 10.7629 2.57183
180.539 0.138656 2.09645 10.7642 2.57185
180.551 0.138725 2.09676 10.7632 2.57152
180.562 0.138623 2.0969 10.7678 2.572
180.573 0.138613 2.09714 10.7694 2.57204
180.584 0.13867 2.09743 10.7687 2.57178
180.596 0.138568 2.09757 10.7734 2.57225
180.607 0.138556 2.09783 10.7752 2.57231
180.618 0.138621 2.09814 10.7742 2.57201
180.629 0.138527 2.09829 10.7787 2.57245
180.64 0.138506 2.09851 10.7806 2.57254
180.652 0.138571 2.0988 10.7796 2.57224
180.663 0.138489 2.09899 10.7838 2.57262
180.674 0.138458 2.09921 10.7861 2.57276
180.685 0.138538 2.09952 10.7846 2.57239
180.697 0.13845 2.09969 10.7889 2.5728
180.708 0.138425 2.09991 10.791 2.57292
180.719 0.138501 2.10023 10.7896 2.57256
180.73 0.138412 2.10038 10.7939 2.57298
180.742 0.138414 2.10066 10.7953 2.57297
180.753 0.138479 2.10094 10.7942 2.57267
180.764 0.138386 2.10109 10.7986 2.5731
180.775 0.13837 2.10133 10.8004 2.57317
180.787 0.13843 2.10161 10.7995 2.5729
180.798 0.138342 2.10176 10.8037 2.5733
180.809 0.138327 2.10199 10.8055 2.57337
180.82 0.138368 2.10225 10.8052 2.57318
180.831 0.138278 2.1024 10.8095 2.5736
180.843 0.138267 2.10263 10.8111 2.57365
180.854 0.138327 2.10292 10.8103 2.57337
180.865 0.138232 2.10306 10.8147 2.57382
180.876 0.138217 2.1033 10.8166 2.57389
180.888 0.138271 2.10357 10.8158 2.57364
180.899 0.138178 2.1037 10.8201 2.57407
180.91 0.13817 2.10394 10.8217 2.57411
180.921 0.138236 2.10423 10.8206 2.5738
180.933 0.138139 2.10437 10.8251 2.57425
180.944 0.138128 2.1046 10.8267 2.5743
180.955 0.138219 2.10492 10.8248 2.57387
180.966 0.138124 2.10503 10.8291 2.57432
180.978 0.138122 2.10529 10.8305 2.57433
180.989 0.138172 2.10552 10.8297 2.5741
181 0.13808 2.10567 10.8341 2.57453
181.011 0.138083 2.1059 10.8352 2.57451
181.022 0.138169 2.1062 10.8334 2.57411
181.034 0.138064 2.10629 10.8379 2.5746
181.045 0.13811 2.10664 10.8379 2.57439
181.056 0.138177 2.10689 10.8365 2.57407
181.067 0.138112 2.10706 10.84 2.57437
181.079 0.138121 2.1073 10.8409 2.57433
181.09 0.138225 2.10762 10.8385 2.57385
181.101 0.138143 2.10777 10.8424 2.57423
181.112 0.138164 2.10804 10.843 2.57413
181.124 0.13825 2.1083 10.8409 2.57373
181.135 0.138189 2.1085 10.8444 2.57402
181.146 0.138201 2.10874 10.8452 2.57396
181.157 0.138289 2.10903 10.8432 2.57355
181.169 0.138212 2.10918 10.847 2.57391
181.18 0.138223 2.10943 10.8478 2.57386
181.191 0.13833 2.10973 10.8452 2.57336
181.202 0.138272 2.10991 10.8484 2.57363
181.213 0.138276 2.11015 10.8494 2.57361
181.225 0.138367 2.11045 10.8474 2.57319
181.236 0.138301 2.1106 10.8508 2.57349
181.247 0.138306 2.11084 10.8519 2.57347
181.258 0.138394 2.11115 10.85 2.57306
181.27 0.13834 2.11134 10.8531 2.57331
181.281 0.138356 2.11159 10.8537 2.57324
181.292 0.138439 2.11189 10.852 2.57286
181.303 0.138396 2.1121 10.8548 2.57305
181.315 0.138426 2.11237 10.855 2.57292
181.326 0.138521 2.11269 10.8529 2.57247
181.337 0.13849 2.1129 10.8552 2.57262
181.348 0.138508 2.11319 10.856 2.57253
181.36 0.138602 2.1135 10.8539 2.5721
181.371 0.138555 2.11372 10.8569 2.57231
181.382 0.138573 2.114 10.8576 2.57223
181.393 0.13865 2.11432 10.8562 2.57187
181.404 0.138582 2.11452 10.8599 2.57219
181.416 0.138596 2.11483 10.8609 2.57212
181.427 0.138681 2.11516 10.8593 2.57173
181.438 0.138637 2.1154 10.8623 2.57193
181.449 0.138643 2.11568 10.8635 2.57191
181.461 0.138727 2.11601 10.8619 2.57152
181.472 0.138654 2.1162 10.8657 2.57185
181.483 0.138659 2.11648 10.8669 2.57183
181.494 0.138709 2.11673 10.8663 2.5716
181.506 0.13861 2.1169 10.871 2.57206
181.517 0.138608 2.11716 10.8724 2.57207
181.528 0.13868 2.11744 10.8711 2.57173
181.539 0.138614 2.11763 10.8746 2.57204
181.551 0.138639 2.11794 10.8752 2.57192
181.562 0.138722 2.11822 10.8734 2.57154
181.573 0.138654 2.11841 10.8771 2.57186
181.584 0.138653 2.11867 10.8785 2.57186
181.596 0.138722 2.11897 10.8773 2.57154
181.607 0.138661 2.11918 10.8807 2.57182
181.618 0.138662 2.11944 10.882 2.57182
181.629 0.13871 2.11971 10.8815 2.57159
181.64 0.138648 2.11992 10.885 2.57188
181.652 0.138652 2.12019 10.8863 2.57187
181.663 0.138705 2.12047 10.8856 2.57162
181.674 0.138647 2.12068 10.889 2.57189
181.685 0.138657 2.12099 10.8902 2.57184
181.697 0.138707 2.12125 10.8896 2.57161
181.708 0.138636 2.12144 10.8933 2.57194
181.719 0.138635 2.12168 10.8946 2.57194
181.73 0.138696 2.12195 10.8936 2.57166
181.742 0.138641 2.1222 10.897 2.57192
181.753 0.13865 2.12246 10.8981 2.57187
181.764 0.13873 2.12278 10.8965 2.5715
181.775 0.138679 2.12299 10.8996 2.57174
181.787 0.138701 2.12324 10.9 2.57164
181.798 0.138804 2.12355 10.8976 2.57116
181.809 0.138751 2.12374 10.9006 2.57141
181.82 0.138791 2.12405 10.9007 2.57122
181.831 0.138897 2.12437 10.8981 2.57073
181.843 0.138817 2.12457 10.9023 2.5711
181.854 0.138845 2.1249 10.9029 2.57097
181.865 0.138944 2.12525 10.9008 2.57051
181.876 0.138876 2.12547 10.9046 2.57083
181.888 0.138888 2.12579 10.9058 2.57077
181.899 0.138949 2.12611 10.905 2.57049
181.91 0.138854 2.12633 10.9098 2.57093
181.921 0.138829 2.12661 10.9123 2.57104
181.933 0.138868 2.12693 10.9124 2.57086
181.944 0.138778 2.12711 10.9169 2.57128
181.955 0.138762 2.1274 10.919 2.57136
181.966 0.138817 2.12771 10.9184 2.5711
181.978 0.13875 2.12793 10.9222 2.57141
181.989 0.138736 2.12822 10.9242 2.57147
182 0.138796 2.12854 10.9235 2.5712
182.011 0.138709 2.12874 10.9279 2.5716
182.022 0.138695 2.12901 10.9299 2.57166
182.034 0.138775 2.12935 10.9285 2.5713
182.045 0.138728 2.12959 10.9316 2.57151
182.056 0.13874 2.12992 10.9328 2.57145
182.067 0.138809 2.13024 10.9317 2.57114
182.079 0.138754 2.13048 10.9351 2.57139
182.09 0.138751 2.13076 10.9366 2.5714
182.101 0.13882 2.1311 10.9357 2.57109
182.112 0.138784 2.13135 10.9384 2.57125
182.124 0.138802 2.13166 10.9393 2.57117
182.135 0.138908 2.13201 10.9369 2.57068
182.146 0.13885 2.13221 10.9402 2.57095
182.157 0.138835 2.13246 10.9421 2.57102
182.169 0.13889 2.13276 10.9414 2.57076
182.18 0.138793 2.13292 10.9461 2.57121
182.191 0.13878 2.13319 10.948 2.57127
182.202 0.13885 2.1335 10.9468 2.57095
182.213 0.13877 2.13367 10.9508 2.57132
182.225 0.138776 2.13395 10.952 2.57129
182.236 0.138867 2.13432 10.9503 2.57087
182.247 0.138791 2.13453 10.9544 2.57122
182.258 0.138788 2.13483 10.9561 2.57123
182.27 0.138854 2.13519 10.9553 2.57093
182.281 0.138729 2.1354 10.9614 2.57151
182.292 0.138673 2.13569 10.965 2.57177
182.303 0.138689 2.136 10.966 2.57169
182.315 0.138556 2.13616 10.9721 2.57231
182.326 0.138504 2.13641 10.9754 2.57255
182.337 0.138527 2.13671 10.9761 2.57244
182.348 0.138428 2.13685 10.9807 2.5729
182.36 0.138388 2.13712 10.9837 2.57309
182.371 0.138409 2.13742 10.9844 2.57299
182.382 0.138317 2.13756 10.9887 2.57342
182.393 0.138287 2.13782 10.9913 2.57356
182.404 0.13835 2.13815 10.9905 2.57327
182.416 0.138276 2.13834 10.9944 2.57361
182.427 0.138268 2.13863 10.9962 2.57365
182.438 0.138353 2.13901 10.9948 2.57325
182.449 0.138281 2.1392 10.9986 2.57359
182.461 0.138271 2.13948 11.0005 2.57364
182.472 0.138345 2.13982 10.9992 2.57329
182.483 0.138298 2.14004 11.0023 2.57351
182.494 0.138355 2.1404 11.0019 2.57325
182.506 0.13845 2.14071 10.9997 2.5728
182.517 0.138387 2.14085 11.0029 2.57309
182.528 0.138379 2.14111 11.0045 2.57313
182.539 0.13847 2.14142 11.0025 2.57271
182.551 0.13839 2.14159 11.0066 2.57308
182.562 0.138376 2.14187 11.0085 2.57314
182.573 0.138474 2.14226 11.0067 2.57269
182.584 0.138385 2.14243 11.0111 2.5731
182.596 0.138378 2.14273 11.0129 2.57314
182.607 0.138404 2.14306 11.0136 2.57302
182.618 0.138294 2.14326 11.019 2.57352
182.629 0.138245 2.14352 11.0222 2.57375
182.64 0.138285 2.14383 11.0223 2.57357
182.652 0.138188 2.14402 11.0271 2.57402
182.663 0.138136 2.14425 11.0304 2.57426
182.674 0.13818 2.14454 11.0301 2.57406
182.685 0.138082 2.14472 11.035 2.57452
182.697 0.138046 2.14493 11.0375 2.57468
182.708 0.138094 2.14524 11.0372 2.57446
182.719 0.138014 2.14541 11.0412 2.57483
182.73 0.137995 2.14567 11.0433 2.57492
182.742 0.138064 2.14597 11.0421 2.5746
182.753 0.13801 2.14618 11.0453 2.57485
182.764 0.138001 2.14642 11.0469 2.57489
182.775 0.138055 2.14671 11.0462 2.57464
182.787 0.137993 2.14692 11.0498 2.57493
182.798 0.137985 2.14717 11.0514 2.57497
182.809 0.138083 2.14757 11.0496 2.57451
182.82 0.13801 2.14767 11.053 2.57485
182.831 0.138039 2.14797 11.0534 2.57471
182.843 0.138117 2.14828 11.0518 2.57435
182.854 0.138054 2.14839 11.0549 2.57464
182.865 0.138057 2.14862 11.056 2.57463
182.876 0.138135 2.1489 11.0543 2.57427
182.888 0.138082 2.1491 11.0575 2.57451
182.899 0.138073 2.14938 11.0593 2.57455
182.91 0.138113 2.14968 11.0592 2.57437
182.921 0.138035 2.14987 11.0633 2.57473
182.933 0.137971 2.15009 11.0671 2.57503
182.944 0.137992 2.15039 11.0677 2.57493
182.955 0.137917 2.1506 11.0718 2.57529
182.966 0.137885 2.15084 11.0744 2.57543
182.978 0.137924 2.15116 11.0744 2.57525
182.989 0.137852 2.15136 11.0784 2.57559
183 0.137836 2.15162 11.0803 2.57566
183.011 0.137899 2.15192 11.0793 2.57537
183.022 0.137819 2.15211 11.0835 2.57574
183.034 0.137816 2.15235 11.0849 2.57576
183.045 0.1379 2.15267 11.0831 2.57536
183.056 0.137854 2.15286 11.086 2.57558
183.067 0.137851 2.15307 11.0872 2.57559
183.079 0.137923 2.1534 11.086 2.57526
183.09 0.137849 2.15353 11.0897 2.5756
183.101 0.137842 2.15378 11.0912 2.57563
183.112 0.137905 2.15402 11.0899 2.57534
183.124 0.137846 2.15418 11.0931 2.57561
183.135 0.137858 2.15444 11.0939 2.57556
183.146 0.13794 2.15473 11.0922 2.57518
183.157 0.137902 2.15491 11.0946 2.57535
183.169 0.137905 2.15512 11.0956 2.57534
183.18 0.137993 2.15542 11.0936 2.57493
183.191 0.137963 2.1556 11.0957 2.57507
183.202 0.137977 2.15584 11.0964 2.575
183.213 0.138071 2.15616 11.0943 2.57456
183.225 0.138036 2.15638 11.0968 2.57473
183.236 0.138023 2.15661 11.0985 2.57479
183.247 0.138045 2.15689 11.099 2.57468
183.258 0.137951 2.15708 11.1038 2.57512
183.27 0.137927 2.1573 11.1059 2.57524
183.281 0.13798 2.15759 11.1053 2.57499
183.292 0.13792 2.1578 11.1087 2.57527
183.303 0.13791 2.15805 11.1105 2.57532
183.315 0.137947 2.15834 11.1104 2.57515
183.326 0.137876 2.15851 11.1142 2.57548
183.337 0.137869 2.15875 11.1157 2.57551
183.348 0.137918 2.15903 11.1152 2.57528
183.36 0.137869 2.15924 11.1182 2.57551
183.371 0.137879 2.15951 11.1192 2.57546
183.382 0.137963 2.15983 11.1175 2.57507
183.393 0.137903 2.16 11.1208 2.57535
183.404 0.13792 2.16023 11.1213 2.57527
183.416 0.138004 2.16053 11.1194 2.57488
183.427 0.137954 2.1607 11.1223 2.57511
183.438 0.137958 2.16095 11.1235 2.57509
183.449 0.138034 2.16125 11.1219 2.57474
183.461 0.138 2.16145 11.1243 2.5749
183.472 0.138044 2.16172 11.124 2.57469
183.483 0.138114 2.16201 11.1226 2.57436
183.494 0.138074 2.16219 11.1252 2.57455
183.506 0.138123 2.16247 11.1246 2.57432
183.517 0.138247 2.1628 11.1214 2.57375
183.528 0.138234 2.16301 11.1229 2.5738
183.539 0.138273 2.16329 11.1228 2.57363
183.551 0.138352 2.16358 11.1211 2.57326
183.562 0.138305 2.16378 11.124 2.57348
183.573 0.138289 2.16401 11.1259 2.57355
183.584 0.138302 2.16428 11.1268 2.57349
183.596 0.138228 2.16449 11.1308 2.57383
183.607 0.138218 2.16473 11.1324 2.57388
183.618 0.138265 2.16504 11.1321 2.57366
183.629 0.138197 2.16525 11.136 2.57398
183.64 0.138186 2.1655 11.1377 2.57403
183.652 0.138249 2.16579 11.1366 2.57374
183.663 0.138184 2.166 11.1403 2.57404
183.674 0.138189 2.16622 11.1412 2.57401
183.685 0.138274 2.16652 11.1394 2.57362
183.697 0.138225 2.16674 11.1425 2.57385
183.708 0.138255 2.16702 11.1427 2.57371
183.719 0.138332 2.16729 11.141 2.57335
183.73 0.138289 2.16748 11.1437 2.57355
183.742 0.138313 2.16775 11.1441 2.57344
183.753 0.138393 2.16805 11.1424 2.57307
183.764 0.138338 2.1682 11.1454 2.57332
183.775 0.138346 2.16846 11.1464 2.57329
183.787 0.138405 2.16871 11.1453 2.57301
183.798 0.138361 2.16888 11.148 2.57322
183.809 0.138385 2.16913 11.1483 2.5731
183.82 0.138469 2.16941 11.1464 2.57271
183.831 0.138432 2.16958 11.1487 2.57288
183.843 0.138463 2.16981 11.1487 2.57274
183.854 0.13857 2.17011 11.1459 2.57225
183.865 0.138571 2.17032 11.1469 2.57224
183.876 0.138624 2.17062 11.1464 2.572
183.888 0.138735 2.17094 11.1435 2.57148
183.899 0.138699 2.17113 11.1459 2.57164
183.91 0.138734 2.17139 11.1459 2.57148
183.921 0.138813 2.17169 11.1442 2.57112
183.933 0.138755 2.17189 11.1476 2.57139
183.944 0.138772 2.17216 11.1483 2.57131
183.955 0.138849 2.17248 11.1469 2.57095
183.966 0.13881 2.1727 11.1495 2.57113
183.978 0.138812 2.17295 11.1507 2.57112
183.989 0.138911 2.17329 11.1485 2.57066
184 0.138877 2.17349 11.1509 2.57082
184.011 0.138893 2.17374 11.1515 2.57075
184.022 0.138983 2.17403 11.1494 2.57033
184.034 0.138959 2.17423 11.1514 2.57044
184.045 0.138969 2.17446 11.1522 2.57039
184.056 0.139049 2.17474 11.1504 2.57002
184.067 0.139011 2.17491 11.1528 2.5702
184.079 0.139035 2.17512 11.153 2.57009
184.09 0.139123 2.17539 11.1508 2.56968
184.101 0.139096 2.17555 11.1527 2.56981
184.112 0.139112 2.17577 11.1532 2.56974
184.124 0.139167 2.176 11.1522 2.56948
184.135 0.139123 2.17619 11.1549 2.56968
184.146 0.139133 2.1764 11.1556 2.56964
184.157 0.139233 2.17668 11.153 2.56918
184.169 0.139218 2.17686 11.1546 2.56925
184.18 0.139252 2.1771 11.1544 2.56909
184.191 0.139372 2.1774 11.1511 2.56854
184.202 0.139367 2.1776 11.1523 2.56856
184.213 0.139431 2.17789 11.1513 2.56826
184.225 0.139559 2.17826 11.148 2.56767
184.236 0.139579 2.1785 11.1485 2.56758
184.247 0.139635 2.17879 11.1477 2.56733
184.258 0.139756 2.17913 11.1446 2.56677
184.27 0.139763 2.17935 11.1455 2.56674
184.281 0.139807 2.17965 11.1453 2.56654
184.292 0.139931 2.17999 11.1421 2.56597
184.303 0.139914 2.18022 11.144 2.56605
184.315 0.139951 2.18054 11.1441 2.56588
184.326 0.140069 2.18088 11.1411 2.56534
184.337 0.140036 2.18111 11.1436 2.56548
184.348 0.140048 2.18137 11.1445 2.56543
184.36 0.140129 2.18167 11.1428 2.56506
184.371 0.140084 2.18189 11.1457 2.56527
184.382 0.140087 2.18213 11.1468 2.56525
184.393 0.140193 2.18247 11.1443 2.56477
184.404 0.140167 2.18269 11.1465 2.56489
184.416 0.14018 2.18296 11.1474 2.56483
184.427 0.140268 2.18327 11.1454 2.56443
184.438 0.140226 2.18347 11.1481 2.56462
184.449 0.140244 2.18371 11.1487 2.56454
184.461 0.140328 2.18399 11.1467 2.56415
184.472 0.140293 2.1842 11.1491 2.56431
184.483 0.140314 2.18443 11.1495 2.56422
184.494 0.140412 2.18471 11.147 2.56377
184.506 0.140383 2.18489 11.1491 2.5639
184.517 0.140418 2.18515 11.1491 2.56374
184.528 0.140522 2.18544 11.1464 2.56327
184.539 0.140492 2.18562 11.1485 2.5634
184.551 0.140555 2.18587 11.1473 2.56311
184.562 0.140669 2.18621 11.1445 2.56259
184.573 0.14065 2.18647 11.1466 2.56268
184.584 0.140693 2.18676 11.1463 2.56249
184.596 0.140808 2.18706 11.1433 2.56196
184.607 0.140797 2.18735 11.1452 2.56201
184.618 0.140847 2.18759 11.1445 2.56179
184.629 0.140965 2.18789 11.1413 2.56125
184.64 0.140938 2.18814 11.1437 2.56137
184.652 0.140969 2.18833 11.1434 2.56123
184.663 0.141066 2.18862 11.1411 2.56079
184.674 0.141004 2.1888 11.1444 2.56107
184.685 0.141038 2.18907 11.1444 2.56092
184.697 0.141135 2.18934 11.142 2.56048
184.708 0.141112 2.18951 11.1438 2.56058
184.719 0.141154 2.18979 11.1435 2.56039
184.73 0.141262 2.19005 11.1407 2.5599
184.742 0.141236 2.19021 11.1424 2.56002
184.753 0.141258 2.1905 11.1431 2.55992
184.764 0.141359 2.19078 11.1405 2.55946
184.775 0.141327 2.19095 11.1426 2.55961
184.787 0.141382 2.19124 11.1419 2.55936
184.798 0.141492 2.1915 11.1389 2.55886
184.809 0.141479 2.19172 11.1405 2.55892
184.82 0.141534 2.19198 11.1397 2.55867
184.831 0.14167 2.1923 11.136 2.55806
184.843 0.141691 2.19257 11.1365 2.55796
184.854 0.141771 2.19284 11.1348 2.5576
184.865 0.141944 2.1932 11.1298 2.55682
184.876 0.141968 2.19345 11.1301 2.55671
184.888 0.142055 2.19373 11.1281 2.55632
184.899 0.142214 2.19411 11.1238 2.5556
184.91 0.142209 2.19429 11.1249 2.55563
184.921 0.142282 2.1946 11.1237 2.5553
184.933 0.142401 2.19489 11.1205 2.55477
184.944 0.142387 2.19509 11.122 2.55483
184.955 0.142421 2.19535 11.1221 2.55468
184.966 0.14253 2.19562 11.1192 2.55419
184.978 0.142518 2.1958 11.1206 2.55424
184.989 0.142557 2.19608 11.1204 2.55407
185 0.142639 2.19631 11.1184 2.5537
185.011 0.142577 2.19647 11.1217 2.55398
185.022 0.142584 2.19672 11.1226 2.55395
185.034 0.142654 2.19696 11.1211 2.55364
185.045 0.142581 2.19713 11.1248 2.55396
185.056 0.142575 2.19738 11.1263 2.55399
185.067 0.142648 2.19763 11.1247 2.55366
185.079 0.142573 2.1978 11.1285 2.554
185.09 0.142581 2.19802 11.1293 2.55396
185.101 0.14264 2.19823 11.128 2.55369
185.112 0.142572 2.19835 11.1313 2.554
185.124 0.142579 2.19854 11.1321 2.55397
185.135 0.142654 2.19879 11.1304 2.55363
185.146 0.142599 2.19894 11.1333 2.55388
185.157 0.142602 2.19917 11.1343 2.55386
185.169 0.142679 2.19941 11.1325 2.55352
185.18 0.142644 2.19963 11.135 2.55368
185.191 0.142661 2.19986 11.1355 2.5536
185.202 0.142754 2.20012 11.1332 2.55318
185.213 0.142701 2.20026 11.136 2.55342
185.225 0.142723 2.20049 11.1363 2.55332
185.236 0.14281 2.20075 11.1342 2.55294
185.247 0.14275 2.20091 11.1373 2.5532
185.258 0.142763 2.2011 11.1378 2.55314
185.27 0.142892 2.2014 11.1343 2.55257
185.281 0.142849 2.20155 11.1367 2.55276
185.292 0.142895 2.2018 11.1362 2.55255
185.303 0.14301 2.20207 11.1331 2.55204
185.315 0.142966 2.20223 11.1356 2.55224
185.326 0.142994 2.20246 11.1357 2.55211
185.337 0.143121 2.20278 11.1324 2.55155
185.348 0.143081 2.20297 11.1348 2.55172
185.36 0.143114 2.20322 11.1349 2.55158
185.371 0.143227 2.20348 11.1318 2.55108
185.382 0.143169 2.20369 11.1351 2.55134
185.393 0.143189 2.20389 11.1353 2.55124
185.404 0.143299 2.20416 11.1324 2.55075
185.416 0.14329 2.20439 11.1339 2.5508
185.427 0.143311 2.20458 11.1341 2.5507
185.438 0.143435 2.20487 11.1307 2.55015
185.449 0.143428 2.20508 11.1321 2.55018
185.461 0.143473 2.20534 11.1316 2.54998
185.472 0.143579 2.20561 11.1289 2.54951
185.483 0.143549 2.20581 11.131 2.54964
185.494 0.143601 2.20609 11.1304 2.54941
185.506 0.1437 2.20635 11.1279 2.54897
185.517 0.14366 2.20655 11.1305 2.54915
185.528 0.143664 2.20673 11.1312 2.54913
185.539 0.143734 2.20694 11.1296 2.54882
185.551 0.143681 2.2071 11.1324 2.54906
185.562 0.143705 2.20729 11.1325 2.54895
185.573 0.143825 2.20762 11.1295 2.54842
185.584 0.143811 2.20779 11.1309 2.54848
185.596 0.143851 2.208 11.1304 2.54831
185.607 0.143953 2.20824 11.1277 2.54785
185.618 0.143948 2.20845 11.1289 2.54787
185.629 0.143978 2.20865 11.1287 2.54774
185.64 0.144076 2.2089 11.1262 2.54731
185.652 0.144049 2.20909 11.1282 2.54743
185.663 0.144072 2.20935 11.1287 2.54733
185.674 0.144148 2.20956 11.1268 2.54699
185.685 0.1441 2.20978 11.1297 2.5472
185.697 0.144112 2.20999 11.1303 2.54715
185.708 0.144184 2.21025 11.1289 2.54683
185.719 0.14412 2.21042 11.1322 2.54711
185.73 0.144154 2.21069 11.1322 2.54696
185.742 0.144242 2.21095 11.1301 2.54657
185.753 0.144191 2.21118 11.1333 2.5468
185.764 0.144201 2.21139 11.134 2.54676
185.775 0.144282 2.21167 11.1323 2.5464
185.787 0.144235 2.21187 11.1351 2.54661
185.798 0.144241 2.2121 11.136 2.54658
185.809 0.144304 2.21233 11.1347 2.5463
185.82 0.144238 2.21251 11.1382 2.54659
185.831 0.144256 2.21276 11.1387 2.54651
185.843 0.144324 2.21297 11.1371 2.54621
185.854 0.144246 2.21312 11.1409 2.54656
185.865 0.144237 2.2133 11.1422 2.5466
185.876 0.144315 2.21352 11.1403 2.54625
185.888 0.144236 2.21368 11.1441 2.5466
185.899 0.144278 2.21393 11.1438 2.54642
185.91 0.144371 2.21421 11.1416 2.54601
185.921 0.144324 2.21436 11.1442 2.54621
185.933 0.144365 2.21463 11.1439 2.54603
185.944 0.144478 2.21493 11.1411 2.54554
185.955 0.14443 2.21511 11.1438 2.54575
185.966 0.144454 2.21534 11.144 2.54564
185.978 0.144557 2.21565 11.1416 2.54519
185.989 0.144514 2.21582 11.1442 2.54538
186 0.144561 2.21608 11.1437 2.54517
186.011 0.144668 2.21637 11.141 2.5447
186.022 0.144607 2.21652 11.1441 2.54497
186.034 0.144637 2.21676 11.1442 2.54484
186.045 0.144722 2.21705 11.1423 2.54446
186.056 0.144651 2.21717 11.1457 2.54477
186.067 0.144654 2.21738 11.1466 2.54476
186.079 0.144735 2.21768 11.145 2.54441
186.09 0.144672 2.21781 11.1481 2.54468
186.101 0.144678 2.21804 11.149 2.54466
186.112 0.14476 2.21831 11.1472 2.5443
186.124 0.144696 2.21851 11.1507 2.54457
186.135 0.144704 2.21875 11.1516 2.54454
186.146 0.144796 2.21907 11.1496 2.54414
186.157 0.144725 2.21925 11.1533 2.54445
186.169 0.144709 2.21947 11.155 2.54452
186.18 0.144774 2.21977 11.154 2.54423
186.191 0.144691 2.21994 11.158 2.5446
186.202 0.144674 2.22013 11.1597 2.54467
186.213 0.144731 2.22041 11.1589 2.54442
186.225 0.144635 2.2205 11.1631 2.54484
186.236 0.1446 2.22069 11.1653 2.545
186.247 0.144685 2.22101 11.1637 2.54462
186.258 0.144581 2.22113 11.1683 2.54508
186.27 0.144544 2.22132 11.1707 2.54524
186.281 0.144598 2.22159 11.1699 2.54501
186.292 0.144498 2.22171 11.1744 2.54545
186.303 0.144464 2.22191 11.1767 2.5456
186.315 0.144537 2.22222 11.1755 2.54528
186.326 0.144434 2.2223 11.1798 2.54573
186.337 0.144414 2.22252 11.1817 2.54582
186.348 0.144472 2.22277 11.1807 2.54556
186.36 0.144363 2.2229 11.1856 2.54604
186.371 0.14433 2.22306 11.1877 2.54619
186.382 0.144397 2.22332 11.1864 2.54589
186.393 0.144288 2.22341 11.1911 2.54637
186.404 0.144269 2.22361 11.1928 2.54646
186.416 0.144319 2.22384 11.192 2.54623
186.427 0.144235 2.22398 11.196 2.54661
186.438 0.144222 2.22418 11.1975 2.54666
186.449 0.14429 2.22441 11.1961 2.54637
186.461 0.144243 2.22462 11.1989 2.54657
186.472 0.144258 2.22487 11.1996 2.54651
186.483 0.144337 2.22516 11.198 2.54616
186.494 0.144288 2.22538 11.201 2.54637
186.506 0.144298 2.22562 11.2018 2.54633
186.517 0.144373 2.22587 11.2002 2.546
186.528 0.144305 2.22607 11.2038 2.5463
186.539 0.144328 2.22633 11.2043 2.5462
186.551 0.144391 2.22656 11.2029 2.54592
186.562 0.144319 2.22671 11.2065 2.54624
186.573 0.144306 2.22692 11.2081 2.5463
186.584 0.144381 2.22718 11.2065 2.54596
186.596 0.14429 2.22729 11.2106 2.54636
186.607 0.144298 2.22749 11.2113 2.54633
186.618 0.1444 2.22778 11.2087 2.54588
186.629 0.144346 2.2279 11.2114 2.54612
186.64 0.144344 2.22805 11.2123 2.54612
186.652 0.144477 2.22836 11.2086 2.54554
186.663 0.144401 2.22845 11.2121 2.54588
186.674 0.144431 2.2287 11.2122 2.54574
186.685 0.144478 2.22898 11.2117 2.54554
186.697 0.144381 2.22911 11.2161 2.54596
186.708 0.144355 2.2293 11.2181 2.54608
186.719 0.144419 2.22958 11.2171 2.5458
186.73 0.144325 2.22971 11.2213 2.54621
186.742 0.144318 2.22991 11.2226 2.54624
186.753 0.144382 2.23019 11.2216 2.54596
186.764 0.144309 2.23035 11.2252 2.54628
186.775 0.144289 2.2305 11.2267 2.54637
186.787 0.144355 2.23079 11.2257 2.54608
186.798 0.144282 2.23091 11.2291 2.5464
186.809 0.144259 2.23111 11.2309 2.5465
186.82 0.1443 2.23133 11.2305 2.54632
186.831 0.144196 2.23146 11.2352 2.54678
186.843 0.144173 2.23163 11.2369 2.54688
186.854 0.144247 2.23191 11.2354 2.54655
186.865 0.144168 2.23206 11.2393 2.5469
186.876 0.144143 2.23221 11.241 2.54701
186.888 0.144228 2.23249 11.2391 2.54664
186.899 0.144152 2.23264 11.2428 2.54698
186.91 0.144153 2.23285 11.2438 2.54697
186.921 0.144254 2.23315 11.2414 2.54652
186.933 0.144209 2.23336 11.2443 2.54672
186.944 0.144208 2.23354 11.2452 2.54673
186.955 0.144288 2.23382 11.2435 2.54637
186.966 0.144224 2.23396 11.2467 2.54665
186.978 0.144223 2.23412 11.2475 2.54666
186.989 0.144315 2.23438 11.2453 2.54626
187 0.144244 2.23446 11.2485 2.54657
187.011 0.14426 2.23458 11.2484 2.5465
187.022 0.144361 2.23486 11.2459 2.54605
187.034 0.144318 2.23499 11.2482 2.54624
187.045 0.14431 2.23516 11.2494 2.54628
187.056 0.144359 2.23541 11.2487 2.54606
187.067 0.144271 2.23564 11.2533 2.54645
187.079 0.14426 2.23577 11.2544 2.5465
187.09 0.144332 2.23607 11.2531 2.54618
187.101 0.144235 2.23621 11.2576 2.5466
187.112 0.1442 2.23638 11.2598 2.54676
187.124 0.144257 2.23663 11.2589 2.54651
187.135 0.144162 2.23675 11.2631 2.54693
187.146 0.144093 2.23686 11.2664 2.54723
187.157 0.144133 2.23711 11.2661 2.54706
187.169 0.144037 2.23722 11.2704 2.54748
187.18 0.143995 2.23735 11.2727 2.54767
187.191 0.144033 2.23757 11.2723 2.5475
187.202 0.143935 2.23767 11.2767 2.54793
187.213 0.143917 2.23782 11.2781 2.54801
187.225 0.143988 2.23806 11.2765 2.5477
187.236 0.143904 2.2382 11.2805 2.54807
187.247 0.143897 2.23836 11.2816 2.5481
187.258 0.143972 2.23857 11.2798 2.54777
187.27 0.143897 2.23869 11.2833 2.5481
187.281 0.143884 2.23884 11.2846 2.54816
187.292 0.143935 2.23906 11.2837 2.54793
187.303 0.143845 2.23914 11.2876 2.54833
187.315 0.143831 2.23928 11.2889 2.54839
187.326 0.143913 2.23946 11.2866 2.54803
187.337 0.143878 2.23963 11.2888 2.54818
187.348 0.143885 2.23979 11.2893 2.54816
187.36 0.143952 2.24006 11.288 2.54786
187.371 0.143876 2.2402 11.2917 2.54819
187.382 0.143878 2.2404 11.2927 2.54819
187.393 0.143956 2.24068 11.291 2.54784
187.404 0.143899 2.24081 11.2939 2.54809
187.416 0.143861 2.24096 11.2962 2.54826
187.427 0.143908 2.2412 11.2955 2.54805
187.438 0.143825 2.2413 11.2993 2.54842
187.449 0.143793 2.24143 11.3012 2.54856
187.461 0.143822 2.2416 11.3009 2.54843
187.472 0.143738 2.2417 11.3047 2.54881
187.483 0.143689 2.2418 11.3071 2.54902
187.494 0.143698 2.24197 11.3076 2.54898
187.506 0.143598 2.24206 11.3121 2.54943
187.517 0.143567 2.2422 11.3139 2.54956
187.528 0.143635 2.24242 11.3124 2.54926
187.539 0.143541 2.24247 11.3164 2.54968
187.551 0.143533 2.24264 11.3175 2.54971
187.562 0.143602 2.24287 11.3159 2.54941
187.573 0.14353 2.24296 11.3193 2.54973
187.584 0.143531 2.2431 11.32 2.54972
187.596 0.143627 2.24331 11.3172 2.5493
187.607 0.143582 2.24341 11.3195 2.5495
187.618 0.143568 2.24357 11.3208 2.54956
187.629 0.143626 2.24379 11.3197 2.5493
187.64 0.143553 2.24388 11.323 2.54963
187.652 0.143555 2.24404 11.3237 2.54962
187.663 0.143622 2.24423 11.322 2.54932
187.674 0.143549 2.2443 11.3253 2.54964
187.685 0.143528 2.24443 11.3268 2.54974
187.697 0.143603 2.24465 11.3249 2.5494
187.708 0.143567 2.24479 11.327 2.54956
187.719 0.143576 2.24495 11.3275 2.54952
187.73 0.143649 2.24514 11.3256 2.5492
187.742 0.14361 2.24524 11.3276 2.54937
187.753 0.143572 2.24529 11.3294 2.54954
187.764 0.143618 2.24546 11.3284 2.54934
187.775 0.143547 2.24553 11.3316 2.54965
187.787 0.143524 2.24565 11.3331 2.54975
187.798 0.143608 2.24585 11.3308 2.54938
187.809 0.143526 2.24587 11.3341 2.54974
187.82 0.143532 2.24605 11.3348 2.54972
187.831 0.143571 2.24621 11.334 2.54955
187.843 0.143522 2.24628 11.3363 2.54976
187.854 0.143523 2.24645 11.3372 2.54976
187.865 0.143595 2.24668 11.3355 2.54944
187.876 0.14353 2.24676 11.3384 2.54973
187.888 0.143537 2.24691 11.3389 2.5497
187.899 0.143618 2.24708 11.3366 2.54934
187.91 0.143593 2.24718 11.3381 2.54945
187.921 0.143624 2.24734 11.3377 2.54931
187.933 0.143714 2.24754 11.3351 2.54891
187.944 0.143626 2.24755 11.3386 2.5493
187.955 0.143589 2.24763 11.3405 2.54947
187.966 0.143643 2.24773 11.3389 2.54922
187.978 0.143573 2.2478 11.342 2.54954
187.989 0.143579 2.24792 11.3423 2.54951
188 0.143665 2.24809 11.3398 2.54913
188.011 0.143593 2.24812 11.3428 2.54945
188.022 0.143614 2.24824 11.3426 2.54935
188.034 0.143703 2.24837 11.3397 2.54896
188.045 0.143637 2.24841 11.3425 2.54925
188.056 0.143632 2.24852 11.3433 2.54927
188.067 0.143693 2.24868 11.3417 2.54901
188.079 0.143644 2.24872 11.3438 2.54922
188.09 0.14367 2.24882 11.3433 2.54911
188.101 0.143745 2.24901 11.3413 2.54878
188.112 0.143643 2.24904 11.3455 2.54923
188.124 0.143639 2.24914 11.3462 2.54924
188.135 0.143709 2.2493 11.3442 2.54894
188.146 0.143622 2.24932 11.3477 2.54932
188.157 0.143637 2.2494 11.3475 2.54925
188.169 0.143693 2.2495 11.3458 2.549
188.18 0.14362 2.24951 11.3488 2.54933
188.191 0.143606 2.24958 11.3497 2.54939
188.202 0.143646 2.24967 11.3485 2.54921
188.213 0.14354 2.24963 11.3525 2.54968
188.225 0.143541 2.24973 11.353 2.54968
188.236 0.143618 2.24986 11.3506 2.54934
188.247 0.143574 2.2499 11.3525 2.54953
188.258 0.143608 2.24999 11.3516 2.54938
188.27 0.143748 2.25018 11.3471 2.54876
188.281 0.143705 2.25019 11.3489 2.54895
188.292 0.14376 2.25028 11.3471 2.54871
188.303 0.143893 2.25043 11.3426 2.54812
188.315 0.143853 2.25043 11.3442 2.5483
188.326 0.14387 2.25051 11.3439 2.54822
188.337 0.143971 2.25067 11.3408 2.54777
188.348 0.14392 2.25071 11.343 2.548
188.36 0.14392 2.25078 11.3434 2.548
188.371 0.14399 2.25093 11.3413 2.54769
188.382 0.143919 2.25087 11.3438 2.548
188.393 0.143928 2.25094 11.3438 2.54797
188.404 0.144003 2.25108 11.3416 2.54763
188.416 0.143953 2.25104 11.3433 2.54785
188.427 0.143954 2.25109 11.3435 2.54785
188.438 0.144011 2.2512 11.3418 2.5476
188.449 0.143931 2.25117 11.3449 2.54795
188.461 0.143936 2.25125 11.3451 2.54793
188.472 0.14406 2.25142 11.341 2.54738
188.483 0.144023 2.25146 11.3427 2.54755
188.494 0.144087 2.25159 11.3408 2.54726
188.506 0.144242 2.25176 11.3356 2.54658
188.517 0.144227 2.25182 11.3365 2.54664
188.528 0.144305 2.25198 11.3342 2.5463
188.539 0.14447 2.25218 11.3288 2.54557
188.551 0.144447 2.25217 11.3296 2.54567
188.562 0.144467 2.25225 11.3292 2.54558
188.573 0.144607 2.2524 11.3245 2.54497
188.584 0.144559 2.25245 11.3266 2.54518
188.596 0.144565 2.25255 11.3269 2.54515
188.607 0.144662 2.25271 11.3239 2.54472
188.618 0.144621 2.25275 11.3257 2.5449
188.629 0.144635 2.25282 11.3255 2.54484
188.64 0.144734 2.25296 11.3223 2.54441
188.652 0.144693 2.25297 11.324 2.54459
188.663 0.144694 2.25301 11.3241 2.54459
188.674 0.144751 2.25308 11.3223 2.54434
188.685 0.144668 2.25307 11.3255 2.5447
188.697 0.144669 2.25312 11.3257 2.54469
188.708 0.144745 2.25321 11.3232 2.54436
188.719 0.144702 2.2532 11.3248 2.54455
188.73 0.144752 2.2533 11.3233 2.54433
188.742 0.144884 2.25344 11.3189 2.54375
188.753 0.144895 2.25348 11.3187 2.5437
188.764 0.144964 2.25359 11.3165 2.5434
188.775 0.145118 2.25372 11.3112 2.54272
188.787 0.145115 2.25378 11.3116 2.54274
188.798 0.145167 2.2539 11.3102 2.54251
188.809 0.145282 2.25411 11.3067 2.542
188.82 0.145276 2.25418 11.3073 2.54203
188.831 0.145285 2.25427 11.3074 2.54199
188.843 0.14537 2.25443 11.3049 2.54162
188.854 0.145299 2.25446 11.3078 2.54193
188.865 0.145309 2.25456 11.308 2.54189
188.876 0.145415 2.25473 11.3047 2.54142
188.888 0.145357 2.25474 11.307 2.54168
188.899 0.145368 2.25484 11.3071 2.54163
188.91 0.145453 2.255 11.3045 2.54126
188.921 0.145395 2.25504 11.307 2.54151
188.933 0.145399 2.25517 11.3075 2.54149
188.944 0.145498 2.25533 11.3044 2.54106
188.955 0.145452 2.25537 11.3064 2.54126
188.966 0.145447 2.25542 11.3069 2.54129
188.978 0.145535 2.25555 11.3041 2.5409
188.989 0.145507 2.25555 11.3052 2.54102
189 0.145546 2.25564 11.3041 2.54085
189.011 0.145671 2.2558 11.3001 2.54031
189.022 0.145656 2.2558 11.3007 2.54037
189.034 0.145704 2.25594 11.2995 2.54016
189.045 0.145843 2.25612 11.295 2.53956
189.056 0.145867 2.25624 11.2947 2.53945
189.067 0.14592 2.25634 11.2931 2.53922
189.079 0.14608 2.25656 11.2881 2.53853
189.09 0.146078 2.25666 11.2887 2.53854
189.101 0.146078 2.25676 11.2891 2.53853
189.112 0.14618 2.25696 11.2862 2.53809
189.124 0.14611 2.257 11.2891 2.5384
189.135 0.146107 2.25709 11.2897 2.53841
189.146 0.146184 2.25722 11.2874 2.53808
189.157 0.146104 2.25726 11.2907 2.53843
189.169 0.146122 2.25734 11.2904 2.53835
189.18 0.146209 2.25749 11.2877 2.53797
189.191 0.146144 2.25748 11.2902 2.53825
189.202 0.146116 2.25753 11.2915 2.53837
189.213 0.146195 2.25766 11.2891 2.53803
189.225 0.146152 2.2577 11.291 2.53822
189.236 0.14615 2.25777 11.2914 2.53822
189.247 0.146245 2.25792 11.2885 2.53781
189.258 0.146234 2.25796 11.2891 2.53786
189.27 0.146255 2.25805 11.2887 2.53777
189.281 0.146363 2.25819 11.2853 2.5373
189.292 0.146329 2.25823 11.2868 2.53745
189.303 0.1464 2.25844 11.2851 2.53714
189.315 0.146543 2.25863 11.2806 2.53652
189.326 0.146565 2.25875 11.2803 2.53643
189.337 0.146626 2.25887 11.2785 2.53616
189.348 0.146775 2.25906 11.2738 2.53552
189.36 0.146777 2.25914 11.2741 2.53551
189.371 0.146821 2.25926 11.273 2.53532
189.382 0.146928 2.25946 11.2699 2.53486
189.393 0.146857 2.25951 11.2729 2.53516
189.404 0.146841 2.25962 11.2741 2.53523
189.416 0.146906 2.25977 11.2723 2.53495
189.427 0.146808 2.25979 11.2762 2.53538
189.438 0.146787 2.25987 11.2773 2.53546
189.449 0.146846 2.26001 11.2758 2.53521
189.461 0.14673 2.25997 11.2801 2.53571
189.472 0.146686 2.26003 11.2821 2.5359
189.483 0.146716 2.26011 11.2813 2.53577
189.494 0.146596 2.26012 11.2859 2.53629
189.506 0.146545 2.26015 11.2881 2.53651
189.517 0.146597 2.26028 11.2867 2.53629
189.528 0.146525 2.26031 11.2896 2.5366
189.539 0.146499 2.26036 11.2909 2.53671
189.551 0.146566 2.26047 11.2888 2.53642
189.562 0.146505 2.2605 11.2913 2.53668
189.573 0.146521 2.26058 11.2912 2.53662
189.584 0.146621 2.26074 11.2881 2.53618
189.596 0.146574 2.26075 11.2899 2.53639
189.607 0.146615 2.26087 11.289 2.53621
189.618 0.146733 2.26106 11.2854 2.5357
189.629 0.146726 2.26116 11.2861 2.53573
189.64 0.14678 2.2613 11.2848 2.53549
189.652 0.146889 2.26149 11.2815 2.53503
189.663 0.146859 2.26154 11.283 2.53516
189.674 0.146908 2.2617 11.2818 2.53494
189.685 0.14701 2.26189 11.2789 2.5345
189.697 0.146971 2.26196 11.2807 2.53467
189.708 0.146992 2.26209 11.2806 2.53458
189.719 0.147092 2.26229 11.2777 2.53415
189.73 0.147057 2.26239 11.2796 2.5343
189.742 0.147052 2.26253 11.2804 2.53432
189.753 0.147137 2.26272 11.2782 2.53396
189.764 0.147077 2.26279 11.2808 2.53421
189.775 0.147045 2.26288 11.2825 2.53435
189.787 0.147116 2.26303 11.2805 2.53404
189.798 0.147055 2.26309 11.2832 2.53431
189.809 0.147008 2.26317 11.2853 2.53451
189.82 0.147056 2.26333 11.2843 2.5343
189.831 0.146975 2.26338 11.2877 2.53465
189.843 0.146925 2.26348 11.2901 2.53487
189.854 0.146971 2.26363 11.2891 2.53467
189.865 0.146884 2.26367 11.2926 2.53505
189.876 0.146833 2.26374 11.2949 2.53527
189.888 0.146866 2.26389 11.2944 2.53512
189.899 0.146769 2.26389 11.2981 2.53554
189.91 0.146719 2.26395 11.3003 2.53576
189.921 0.146728 2.26402 11.3003 2.53572
189.933 0.146635 2.26402 11.3039 2.53612
189.944 0.146583 2.26405 11.3061 2.53635
189.955 0.146627 2.26413 11.3048 2.53616
189.966 0.146577 2.2642 11.3071 2.53637
189.978 0.146581 2.26427 11.3072 2.53635
189.989 0.146696 2.26444 11.3037 2.53586
190 0.146707 2.26456 11.3039 2.53581
190.011 0.146766 2.26469 11.3022 2.53556
190.022 0.14689 2.26489 11.2985 2.53502
190.034 0.146889 2.26498 11.2989 2.53503
190.045 0.146914 2.2651 11.2986 2.53492
190.056 0.147038 2.26533 11.295 2.53438
190.067 0.147024 2.26543 11.296 2.53444
190.079 0.147034 2.26555 11.2962 2.5344
190.09 0.147131 2.26575 11.2935 2.53398
190.101 0.147102 2.26585 11.2951 2.53411
190.112 0.147123 2.26599 11.295 2.53402
190.124 0.147225 2.2662 11.2921 2.53358
190.135 0.147185 2.26628 11.294 2.53375
190.146 0.147202 2.26644 11.2942 2.53368
190.157 0.147289 2.26664 11.2918 2.5333
190.169 0.14725 2.26676 11.2939 2.53347
190.18 0.147258 2.26691 11.2944 2.53344
190.191 0.14736 2.2671 11.2914 2.53299
190.202 0.147327 2.26721 11.2932 2.53314
190.213 0.147318 2.26731 11.2941 2.53318
190.225 0.147391 2.26747 11.2921 2.53286
190.236 0.147351 2.26757 11.2941 2.53303
190.247 0.147347 2.26767 11.2948 2.53305
190.258 0.147413 2.26782 11.293 2.53277
190.27 0.147376 2.26793 11.2949 2.53293
190.281 0.14737 2.26804 11.2957 2.53295
190.292 0.14744 2.26819 11.2938 2.53265
190.303 0.147389 2.2683 11.2963 2.53287
190.315 0.147391 2.26837 11.2966 2.53287
190.326 0.147443 2.26856 11.2955 2.53264
190.337 0.147392 2.26865 11.2979 2.53286
190.348 0.147409 2.2688 11.298 2.53279
190.36 0.147458 2.26893 11.2968 2.53258
190.371 0.147413 2.26903 11.299 2.53277
190.382 0.147434 2.26917 11.2989 2.53268
190.393 0.147509 2.26935 11.297 2.53236
190.404 0.147486 2.26946 11.2984 2.53246
190.416 0.147477 2.26962 11.2995 2.5325
190.427 0.14753 2.26977 11.2982 2.53227
190.438 0.147488 2.26986 11.3003 2.53245
190.449 0.147476 2.26998 11.3013 2.5325
190.461 0.147506 2.27012 11.3009 2.53237
190.472 0.147437 2.2702 11.3039 2.53267
190.483 0.147441 2.27033 11.3044 2.53265
190.494 0.147488 2.2705 11.3035 2.53245
190.506 0.147433 2.27059 11.306 2.53268
190.517 0.147449 2.27076 11.3063 2.53262
190.528 0.147494 2.27089 11.3051 2.53242
190.539 0.147428 2.27094 11.3079 2.53271
190.551 0.147419 2.27108 11.309 2.53275
190.562 0.147461 2.27123 11.3081 2.53256
190.573 0.147404 2.27125 11.3104 2.53281
190.584 0.147426 2.27146 11.3106 2.53272
190.596 0.147492 2.27164 11.309 2.53243
190.607 0.147447 2.27174 11.3112 2.53263
190.618 0.147456 2.27188 11.3115 2.53259
190.629 0.147522 2.27205 11.3099 2.5323
190.64 0.147465 2.27212 11.3124 2.53255
190.652 0.147453 2.27222 11.3133 2.5326
190.663 0.147533 2.27243 11.3114 2.53225
190.674 0.147501 2.27254 11.3131 2.53239
190.685 0.147503 2.27265 11.3136 2.53238
190.697 0.147552 2.2728 11.3125 2.53217
190.708 0.147502 2.2729 11.3149 2.53239
190.719 0.147479 2.27297 11.3161 2.53248
190.73 0.147561 2.27323 11.3143 2.53214
190.742 0.14751 2.27332 11.3167 2.53235
190.753 0.147489 2.27344 11.318 2.53244
190.764 0.147555 2.27364 11.3165 2.53216
190.775 0.147499 2.27373 11.3191 2.5324
190.787 0.147485 2.27384 11.3202 2.53246
190.798 0.147552 2.27402 11.3185 2.53217
190.809 0.147481 2.27407 11.3215 2.53248
190.82 0.14748 2.27424 11.3224 2.53248
190.831 0.147546 2.27445 11.3209 2.5322
190.843 0.147449 2.27441 11.3244 2.53261
190.854 0.147461 2.27463 11.325 2.53256
190.865 0.147562 2.2749 11.3225 2.53213
190.876 0.147474 2.27486 11.3257 2.53251
190.888 0.147474 2.27506 11.3267 2.53251
190.899 0.147559 2.2753 11.3246 2.53214
190.91 0.14751 2.27539 11.3269 2.53235
190.921 0.147501 2.27554 11.328 2.53239
190.933 0.147573 2.27574 11.3263 2.53208
190.944 0.147513 2.27582 11.329 2.53234
190.955 0.147509 2.27597 11.3299 2.53236
190.966 0.14759 2.27618 11.3278 2.53201
190.978 0.147537 2.27626 11.3303 2.53224
190.989 0.14755 2.27641 11.3305 2.53218
191 0.147635 2.27661 11.3282 2.53182
191.011 0.147604 2.27672 11.33 2.53195
191.022 0.147611 2.27687 11.3304 2.53192
191.034 0.147682 2.27706 11.3287 2.53161
191.045 0.147644 2.27718 11.3307 2.53178
191.056 0.147646 2.27732 11.3313 2.53177
191.067 0.147729 2.27754 11.3293 2.53141
191.079 0.147673 2.27761 11.3317 2.53166
191.09 0.147695 2.27782 11.3319 2.53156
191.101 0.147799 2.27806 11.3292 2.53111
191.112 0.147754 2.27817 11.3314 2.53131
191.124 0.147751 2.27835 11.3324 2.53132
191.135 0.147835 2.27857 11.3303 2.53096
191.146 0.147786 2.27869 11.3328 2.53117
191.157 0.147768 2.27885 11.3342 2.53125
191.169 0.147837 2.27903 11.3326 2.53095
191.18 0.147792 2.27911 11.3347 2.53114
191.191 0.147771 2.27925 11.3361 2.53123
191.202 0.147844 2.27945 11.3343 2.53092
191.213 0.147801 2.27956 11.3365 2.5311
191.225 0.147791 2.2797 11.3376 2.53115
191.236 0.147841 2.27986 11.3365 2.53093
191.247 0.147799 2.28001 11.3388 2.53111
191.258 0.147824 2.2802 11.3388 2.53101
191.27 0.147892 2.28041 11.3373 2.53072
191.281 0.147807 2.28047 11.3408 2.53108
191.292 0.147811 2.28064 11.3415 2.53106
191.303 0.147873 2.28082 11.3401 2.5308
191.315 0.147791 2.28092 11.3437 2.53115
191.326 0.147798 2.28109 11.3443 2.53112
191.337 0.147855 2.28128 11.343 2.53087
191.348 0.14777 2.28136 11.3467 2.53124
191.36 0.147762 2.28153 11.3478 2.53127
191.371 0.147855 2.2818 11.3456 2.53087
191.382 0.147789 2.28189 11.3486 2.53116
191.393 0.147802 2.28207 11.349 2.5311
191.404 0.147917 2.28235 11.346 2.53061
191.416 0.147843 2.28244 11.3493 2.53093
191.427 0.147817 2.2826 11.351 2.53104
191.438 0.147863 2.28283 11.3504 2.53084
191.449 0.147782 2.28292 11.354 2.53118
191.461 0.147728 2.28304 11.3567 2.53142
191.472 0.147751 2.28324 11.3567 2.53132
191.483 0.147635 2.28328 11.3614 2.53182
191.494 0.147586 2.2834 11.3639 2.53203
191.506 0.147618 2.28359 11.3636 2.53189
191.517 0.147511 2.28367 11.3681 2.53235
191.528 0.14748 2.28379 11.3699 2.53248
191.539 0.147526 2.28399 11.3691 2.53229
191.551 0.147426 2.28406 11.3733 2.53271
191.562 0.147399 2.28419 11.375 2.53283
191.573 0.147444 2.28438 11.3742 2.53264
191.584 0.147359 2.28446 11.3779 2.533
191.596 0.147352 2.28461 11.3789 2.53303
191.607 0.147406 2.28481 11.3779 2.5328
191.618 0.147305 2.28488 11.3821 2.53323
191.629 0.147301 2.28505 11.3831 2.53325
191.64 0.147367 2.28526 11.3816 2.53297
191.652 0.147279 2.28534 11.3854 2.53335
191.663 0.14729 2.28548 11.3857 2.5333
191.674 0.147388 2.28569 11.3829 2.53287
191.685 0.147324 2.28579 11.3859 2.53315
191.697 0.147335 2.28595 11.3863 2.5331
191.708 0.14745 2.2862 11.3831 2.53261
191.719 0.147395 2.28631 11.3857 2.53285
191.73 0.147405 2.28644 11.386 2.5328
191.742 0.147491 2.28667 11.3838 2.53243
191.753 0.147435 2.28678 11.3866 2.53267
191.764 0.147457 2.28696 11.3866 2.53258
191.775 0.147556 2.28719 11.3839 2.53215
191.787 0.147513 2.28735 11.3864 2.53234
191.798 0.147531 2.28754 11.3866 2.53226
191.809 0.147628 2.28779 11.3841 2.53184
191.82 0.147599 2.28798 11.3862 2.53197
191.831 0.147624 2.28815 11.3861 2.53187
191.843 0.147697 2.2884 11.3845 2.53155
191.854 0.1476 2.28852 11.3888 2.53196
191.865 0.147584 2.28867 11.3902 2.53204
191.876 0.147634 2.2889 11.3894 2.53182
191.888 0.147539 2.289 11.3936 2.53223
191.899 0.147497 2.28912 11.3958 2.53241
191.91 0.147525 2.28929 11.3956 2.53229
191.921 0.147398 2.28933 11.4007 2.53283
191.933 0.147358 2.28944 11.4028 2.53301
191.944 0.147385 2.2896 11.4025 2.53289
191.955 0.147278 2.28967 11.407 2.53335
191.966 0.147227 2.28978 11.4096 2.53357
191.978 0.147256 2.28994 11.4092 2.53345
191.989 0.147151 2.28998 11.4135 2.5339
192 0.147112 2.2901 11.4156 2.53406
192.011 0.147158 2.29029 11.4148 2.53387
192.022 0.147073 2.29037 11.4185 2.53423
192.034 0.147033 2.29049 11.4206 2.5344
192.045 0.147083 2.2907 11.4197 2.53419
192.056 0.146971 2.29076 11.4243 2.53467
192.067 0.146921 2.29087 11.4268 2.53488
192.079 0.146987 2.29111 11.4255 2.5346
192.09 0.146886 2.29114 11.4296 2.53504
192.101 0.146876 2.29129 11.4307 2.53508
192.112 0.146964 2.2915 11.4283 2.5347
192.124 0.14691 2.29161 11.4309 2.53493
192.135 0.146906 2.29174 11.4318 2.53495
192.146 0.146994 2.292 11.4296 2.53457
192.157 0.146921 2.29209 11.4329 2.53489
192.169 0.146879 2.29225 11.4354 2.53507
192.18 0.146924 2.29248 11.4348 2.53487
192.191 0.146819 2.2926 11.4394 2.53533
192.202 0.146796 2.29275 11.4411 2.53543
192.213 0.14684 2.29294 11.4403 2.53523
192.225 0.146737 2.29301 11.4447 2.53568
192.236 0.146708 2.29314 11.4465 2.53581
192.247 0.146735 2.29331 11.4462 2.53569
192.258 0.146629 2.29336 11.4506 2.53615
192.27 0.146561 2.29344 11.4537 2.53644
192.281 0.146578 2.29358 11.4538 2.53637
192.292 0.14648 2.29363 11.4579 2.53679
192.303 0.14647 2.29378 11.4589 2.53683
192.315 0.146541 2.29397 11.4571 2.53653
192.326 0.146472 2.29408 11.4604 2.53683
192.337 0.146457 2.29425 11.4618 2.53689
192.348 0.146518 2.29446 11.4605 2.53663
192.36 0.146449 2.29459 11.4638 2.53693
192.371 0.146438 2.29473 11.465 2.53697
192.382 0.146483 2.29492 11.4642 2.53678
192.393 0.146406 2.29506 11.4678 2.53711
192.404 0.146412 2.29527 11.4686 2.53709
192.416 0.146487 2.2955 11.4669 2.53676
192.427 0.146408 2.29559 11.4705 2.53711
192.438 0.146377 2.29573 11.4724 2.53724
192.449 0.146452 2.29595 11.4705 2.53691
192.461 0.146328 2.29605 11.4759 2.53745
192.472 0.14629 2.29621 11.4781 2.53761
192.483 0.14634 2.29647 11.4775 2.5374
192.494 0.146253 2.2966 11.4815 2.53778
192.506 0.146229 2.29675 11.4832 2.53788
192.517 0.146265 2.29694 11.4828 2.53772
192.528 0.146166 2.29703 11.4871 2.53815
192.539 0.146109 2.29714 11.4899 2.5384
192.551 0.146135 2.29732 11.4898 2.53829
192.562 0.146029 2.29738 11.4943 2.53875
192.573 0.145982 2.29748 11.4966 2.53895
192.584 0.146006 2.29767 11.4966 2.53885
192.596 0.145919 2.29774 11.5004 2.53923
192.607 0.145903 2.29789 11.5018 2.5393
192.618 0.145971 2.29807 11.5 2.539
192.629 0.145903 2.29819 11.5033 2.5393
192.64 0.145919 2.29838 11.5036 2.53923
192.652 0.145983 2.29858 11.5021 2.53895
192.663 0.145902 2.29872 11.506 2.5393
192.674 0.145889 2.2989 11.5074 2.53936
192.685 0.145989 2.29918 11.5049 2.53893
192.697 0.145957 2.29934 11.5069 2.53906
192.708 0.145939 2.2995 11.5084 2.53914
192.719 0.146026 2.29977 11.5064 2.53876
192.73 0.145925 2.29992 11.511 2.5392
192.742 0.145864 2.30006 11.5142 2.53947
192.753 0.145898 2.30029 11.514 2.53932
192.764 0.145795 2.30039 11.5186 2.53977
192.775 0.145744 2.30054 11.5213 2.53999
192.787 0.145762 2.30074 11.5216 2.53991
192.798 0.145667 2.30083 11.5258 2.54033
192.809 0.145612 2.30096 11.5287 2.54057
192.82 0.145637 2.30116 11.5287 2.54046
192.831 0.145503 2.3012 11.5342 2.54104
192.843 0.145431 2.30132 11.5376 2.54135
192.854 0.145456 2.30151 11.5376 2.54125
192.865 0.145363 2.30162 11.5418 2.54165
192.876 0.145323 2.30176 11.5441 2.54183
192.888 0.145368 2.30196 11.5433 2.54163
192.899 0.145288 2.30205 11.5469 2.54198
192.91 0.145288 2.30223 11.5479 2.54198
192.921 0.145353 2.30247 11.5465 2.5417
192.933 0.145286 2.30258 11.5497 2.54199
192.944 0.145287 2.30278 11.5507 2.54198
192.955 0.145377 2.30308 11.5486 2.54159
192.966 0.145331 2.30323 11.5511 2.54179
192.978 0.145344 2.30344 11.5517 2.54173
192.989 0.145417 2.30365 11.5499 2.54142
193 0.145319 2.30378 11.5544 2.54185
193.011 0.145276 2.30396 11.557 2.54203
193.022 0.14531 2.30419 11.5568 2.54188
193.034 0.145233 2.30433 11.5606 2.54222
193.045 0.145187 2.30448 11.5632 2.54242
193.056 0.145216 2.30467 11.563 2.54229
193.067 0.145117 2.30476 11.5674 2.54273
193.079 0.14507 2.30491 11.57 2.54293
193.09 0.145097 2.30509 11.5698 2.54282
193.101 0.144993 2.30517 11.5744 2.54327
193.112 0.144924 2.30527 11.5777 2.54358
193.124 0.144928 2.30543 11.5783 2.54356
193.135 0.1448 2.30548 11.5836 2.54412
193.146 0.144771 2.30561 11.5855 2.54425
193.157 0.144854 2.30585 11.5833 2.54388
193.169 0.144808 2.30598 11.5858 2.54408
193.18 0.144803 2.30617 11.587 2.54411
193.191 0.144878 2.30643 11.5853 2.54378
193.202 0.144806 2.30654 11.5888 2.54409
193.213 0.14483 2.30679 11.589 2.54399
193.225 0.144923 2.30708 11.5867 2.54358
193.236 0.144901 2.30726 11.5885 2.54368
193.247 0.144897 2.30746 11.5897 2.54369
193.258 0.144948 2.3077 11.5889 2.54347
193.27 0.144858 2.30782 11.593 2.54386
193.281 0.144817 2.30799 11.5956 2.54405
193.292 0.144858 2.30823 11.5951 2.54386
193.303 0.144776 2.30834 11.599 2.54423
193.315 0.144742 2.30846 11.6009 2.54437
193.326 0.144771 2.30862 11.6006 2.54425
193.337 0.144652 2.30868 11.6056 2.54477
193.348 0.144597 2.3088 11.6085 2.54501
193.36 0.144617 2.309 11.6087 2.54492
193.371 0.144476 2.30904 11.6145 2.54554
193.382 0.144402 2.30914 11.618 2.54587
193.393 0.144442 2.30934 11.6174 2.5457
193.404 0.144368 2.30946 11.621 2.54602
193.416 0.144386 2.30967 11.6213 2.54594
193.427 0.144476 2.30993 11.619 2.54554
193.438 0.144436 2.3101 11.6215 2.54572
193.449 0.144433 2.31031 11.6226 2.54573
193.461 0.144537 2.31061 11.62 2.54528
193.472 0.144476 2.31078 11.6233 2.54554
193.483 0.144502 2.311 11.6233 2.54543
193.494 0.144619 2.31133 11.6203 2.54492
193.506 0.14454 2.31147 11.6242 2.54526
193.517 0.144506 2.31165 11.6265 2.54541
193.528 0.144534 2.31189 11.6265 2.54529
193.539 0.144466 2.31205 11.6301 2.54559
193.551 0.144436 2.31222 11.6321 2.54572
193.562 0.144472 2.31244 11.6318 2.54556
193.573 0.14437 2.31254 11.6364 2.54601
193.584 0.144318 2.31263 11.639 2.54624
193.596 0.144341 2.31285 11.6391 2.54614
193.607 0.144229 2.31292 11.644 2.54663
193.618 0.14418 2.31304 11.6466 2.54685
193.629 0.14424 2.31324 11.6452 2.54659
193.64 0.144137 2.3133 11.6496 2.54704
193.652 0.144087 2.31343 11.6523 2.54726
193.663 0.144145 2.31366 11.6512 2.54701
193.674 0.144113 2.31383 11.6533 2.54714
193.685 0.144147 2.31404 11.653 2.54699
193.697 0.144253 2.31435 11.6502 2.54653
193.708 0.144224 2.31453 11.6523 2.54665
193.719 0.144233 2.31474 11.653 2.54662
193.73 0.144355 2.31505 11.6497 2.54608
193.742 0.144325 2.31526 11.6519 2.54621
193.753 0.144346 2.31548 11.6521 2.54612
193.764 0.144411 2.31578 11.651 2.54583
193.775 0.144349 2.31597 11.6545 2.5461
193.787 0.144327 2.31615 11.6563 2.5462
193.798 0.144362 2.31637 11.656 2.54604
193.809 0.144274 2.31647 11.6601 2.54643
193.82 0.14422 2.31659 11.6629 2.54667
193.831 0.14423 2.31676 11.6633 2.54663
193.843 0.144133 2.31684 11.6676 2.54706
193.854 0.144082 2.31698 11.6704 2.54728
193.865 0.14412 2.31719 11.6699 2.54712
193.876 0.144042 2.3173 11.6736 2.54746
193.888 0.143984 2.31744 11.6767 2.54772
193.899 0.144028 2.31764 11.6759 2.54752
193.91 0.143947 2.31774 11.6797 2.54788
193.921 0.143961 2.31795 11.6802 2.54782
193.933 0.144085 2.31824 11.6766 2.54727
193.944 0.144069 2.31843 11.6782 2.54734
193.955 0.144074 2.31862 11.679 2.54732
193.966 0.144166 2.31891 11.6767 2.54691
193.978 0.144113 2.31909 11.6798 2.54714
193.989 0.144122 2.3193 11.6805 2.5471
194 0.144224 2.31958 11.6777 2.54665
194.011 0.144218 2.31982 11.6792 2.54668
194.022 0.144202 2.31999 11.6807 2.54675
194.034 0.144248 2.32026 11.6802 2.54655
194.045 0.144182 2.3204 11.6835 2.54684
194.056 0.144161 2.32056 11.6852 2.54693
194.067 0.144185 2.32078 11.6853 2.54683
194.079 0.144106 2.3209 11.6892 2.54718
194.09 0.144083 2.32102 11.6907 2.54728
194.101 0.144149 2.32125 11.6892 2.54699
194.112 0.144085 2.32139 11.6925 2.54727
194.124 0.144051 2.32155 11.6946 2.54742
194.135 0.144093 2.32177 11.6941 2.54724
194.146 0.144001 2.32188 11.6984 2.54764
194.157 0.143966 2.32203 11.7005 2.5478
194.169 0.144012 2.32222 11.6997 2.54759
194.18 0.143954 2.32235 11.7026 2.54785
194.191 0.143958 2.3225 11.7032 2.54783
194.202 0.144043 2.32275 11.701 2.54745
194.213 0.144018 2.32291 11.7029 2.54756
194.225 0.144043 2.32313 11.703 2.54746
194.236 0.144143 2.32341 11.7003 2.54701
194.247 0.144118 2.32359 11.7022 2.54713
194.258 0.144151 2.3238 11.7019 2.54698
194.27 0.14426 2.32409 11.699 2.54649
194.281 0.144214 2.32425 11.7016 2.5467
194.292 0.144192 2.32441 11.7033 2.5468
194.303 0.144254 2.32461 11.7018 2.54652
194.315 0.14421 2.32475 11.7043 2.54672
194.326 0.14419 2.3249 11.7059 2.5468
194.337 0.144246 2.32512 11.7047 2.54656
194.348 0.144204 2.32527 11.7072 2.54674
194.36 0.144208 2.32545 11.708 2.54673
194.371 0.14429 2.32571 11.7059 2.54636
194.382 0.144217 2.32582 11.7094 2.54669
194.393 0.144165 2.32595 11.7122 2.54691
194.404 0.144214 2.32616 11.7113 2.5467
194.416 0.144147 2.32626 11.7145 2.54699
194.427 0.144126 2.32641 11.7161 2.54709
194.438 0.144187 2.32665 11.7148 2.54682
194.449 0.144127 2.32679 11.718 2.54708
194.461 0.144132 2.32696 11.7186 2.54706
194.472 0.144218 2.32723 11.7165 2.54668
194.483 0.144192 2.32746 11.7187 2.5468
194.494 0.14422 2.32759 11.7182 2.54667
194.506 0.144331 2.32789 11.7153 2.54618
194.517 0.144335 2.32807 11.7159 2.54617
194.528 0.144391 2.32831 11.7149 2.54592
194.539 0.144497 2.3286 11.7121 2.54545
194.551 0.144479 2.32874 11.7135 2.54553
194.562 0.14448 2.32895 11.7145 2.54553
194.573 0.144567 2.32921 11.7123 2.54514
194.584 0.144513 2.32936 11.7153 2.54538
194.596 0.144482 2.32952 11.7173 2.54552
194.607 0.144524 2.32978 11.7169 2.54533
194.618 0.144484 2.32994 11.7193 2.54551
194.629 0.144474 2.3301 11.7206 2.54555
194.64 0.144527 2.33034 11.7196 2.54532
194.652 0.144497 2.33051 11.7216 2.54545
194.663 0.14451 2.33071 11.7222 2.54539
194.674 0.144553 2.331 11.7219 2.54521
194.685 0.144458 2.33114 11.7264 2.54562
194.697 0.144437 2.33125 11.7278 2.54572
194.708 0.144499 2.33145 11.7264 2.54544
194.719 0.144455 2.33171 11.7294 2.54564
194.73 0.144451 2.33187 11.7304 2.54566
194.742 0.144533 2.33213 11.7283 2.54529
194.753 0.144538 2.33234 11.7292 2.54527
194.764 0.144562 2.33254 11.7293 2.54517
194.775 0.144643 2.33277 11.7271 2.54481
194.787 0.144613 2.33297 11.7293 2.54494
194.798 0.144657 2.33315 11.7284 2.54475
194.809 0.144788 2.33344 11.7246 2.54417
194.82 0.144787 2.33359 11.7254 2.54418
194.831 0.144841 2.33379 11.7242 2.54394
194.843 0.144947 2.33404 11.7212 2.54348
194.854 0.144915 2.3342 11.7233 2.54362
194.865 0.144935 2.33441 11.7235 2.54353
194.876 0.145043 2.33468 11.7205 2.54305
194.888 0.145024 2.33485 11.7221 2.54313
194.899 0.145045 2.33504 11.7223 2.54305
194.91 0.145148 2.33533 11.7195 2.54259
194.921 0.145113 2.33548 11.7217 2.54275
194.933 0.145127 2.33568 11.7221 2.54268
194.944 0.145211 2.33595 11.7201 2.54232
194.955 0.14518 2.33609 11.722 2.54245
194.966 0.145211 2.33627 11.7218 2.54232
194.978 0.145304 2.33655 11.7193 2.54191
194.989 0.145233 2.33667 11.7229 2.54222
195 0.145273 2.33694 11.7226 2.54204
195.011 0.145375 2.33724 11.72 2.5416
195.022 0.145327 2.33741 11.7227 2.54181
195.034 0.145318 2.3376 11.7241 2.54185
195.045 0.145381 2.33783 11.7227 2.54157
195.056 0.145317 2.33794 11.7258 2.54185
195.067 0.145311 2.33814 11.7271 2.54188
195.079 0.145393 2.33839 11.725 2.54152
195.09 0.145321 2.33849 11.7284 2.54184
195.101 0.145346 2.33868 11.7283 2.54173
195.112 0.14542 2.33891 11.7265 2.5414
195.124 0.145335 2.33903 11.7306 2.54177
195.135 0.145313 2.33917 11.7322 2.54187
195.146 0.145377 2.33939 11.7307 2.54159
195.157 0.145312 2.33949 11.7338 2.54188
195.169 0.145321 2.33966 11.7343 2.54183
195.18 0.145415 2.33989 11.7317 2.54142
195.191 0.145393 2.34001 11.7331 2.54152
195.202 0.145407 2.34024 11.7337 2.54146
195.213 0.145473 2.34046 11.7321 2.54117
195.225 0.145462 2.34063 11.7335 2.54122
195.236 0.145474 2.34079 11.7337 2.54117
195.247 0.145583 2.34104 11.7306 2.54069
195.258 0.145598 2.34121 11.7309 2.54062
195.27 0.145663 2.34145 11.7295 2.54034
195.281 0.145772 2.3417 11.7263 2.53987
195.292 0.145773 2.3419 11.7273 2.53986
195.303 0.145815 2.34216 11.7269 2.53968
195.315 0.145923 2.34243 11.7239 2.53921
195.326 0.14593 2.34267 11.7248 2.53918
195.337 0.145952 2.34288 11.725 2.53908
195.348 0.146059 2.34317 11.7222 2.53862
195.36 0.146072 2.34346 11.7231 2.53856
195.371 0.146065 2.34361 11.7241 2.53859
195.382 0.146161 2.34391 11.7218 2.53818
195.393 0.146104 2.34403 11.7247 2.53842
195.404 0.1461 2.34425 11.7259 2.53844
195.416 0.146173 2.34449 11.7242 2.53812
195.427 0.146105 2.3446 11.7275 2.53842
195.438 0.146066 2.34473 11.7297 2.53859
195.449 0.146123 2.34495 11.7285 2.53834
195.461 0.146078 2.34508 11.731 2.53854
195.472 0.146104 2.34531 11.731 2.53842
195.483 0.1462 2.34558 11.7286 2.538
195.494 0.146137 2.34566 11.7315 2.53828
195.506 0.146151 2.34586 11.7319 2.53822
195.517 0.146224 2.34608 11.7301 2.5379
195.528 0.14614 2.3462 11.7341 2.53827
195.539 0.146148 2.34638 11.7347 2.53823
195.551 0.146234 2.34663 11.7325 2.53786
195.562 0.146166 2.34677 11.7359 2.53815
195.573 0.146169 2.34696 11.7367 2.53814
195.584 0.146234 2.3472 11.7353 2.53786
195.596 0.146171 2.3473 11.7383 2.53813
195.607 0.146149 2.34747 11.74 2.53823
195.618 0.146205 2.3477 11.739 2.53798
195.629 0.146122 2.34779 11.7428 2.53835
195.64 0.146087 2.34797 11.745 2.5385
195.652 0.146107 2.34816 11.7452 2.53841
195.663 0.145997 2.34821 11.7499 2.53889
195.674 0.145949 2.34834 11.7524 2.5391
195.685 0.145975 2.34852 11.7523 2.53898
195.697 0.145858 2.34855 11.7571 2.53949
195.708 0.145823 2.34872 11.7594 2.53964
195.719 0.145808 2.34883 11.7606 2.53971
195.73 0.145685 2.34891 11.7659 2.54025
195.742 0.145635 2.34904 11.7687 2.54047
195.753 0.145674 2.34925 11.7681 2.54029
195.764 0.14558 2.34933 11.7723 2.5407
195.775 0.145553 2.34949 11.7742 2.54082
195.787 0.145592 2.34966 11.7735 2.54065
195.798 0.145506 2.34974 11.7773 2.54103
195.809 0.14549 2.3499 11.7788 2.5411
195.82 0.145556 2.35014 11.7773 2.54081
195.831 0.145458 2.35019 11.7815 2.54124
195.843 0.14544 2.35036 11.7831 2.54131
195.854 0.145508 2.35061 11.7816 2.54102
195.865 0.14545 2.35071 11.7844 2.54127
195.876 0.145435 2.35085 11.7858 2.54134
195.888 0.145497 2.35107 11.7844 2.54107
195.899 0.145443 2.35118 11.7871 2.5413
195.91 0.145455 2.35136 11.7876 2.54125
195.921 0.145518 2.35157 11.7861 2.54098
195.933 0.145482 2.35167 11.788 2.54113
195.944 0.145502 2.35186 11.7881 2.54104
195.955 0.145566 2.35204 11.7865 2.54077
195.966 0.145521 2.35214 11.7888 2.54096
195.978 0.145525 2.35229 11.7893 2.54095
195.989 0.14558 2.35249 11.7881 2.5407
196 0.145527 2.3526 11.7908 2.54093
196.011 0.145514 2.35274 11.7921 2.54099
196.022 0.145565 2.35291 11.7909 2.54077
196.034 0.145473 2.35293 11.7947 2.54117
196.045 0.145476 2.35313 11.7955 2.54116
196.056 0.145516 2.35327 11.7947 2.54099
196.067 0.145446 2.35334 11.7978 2.54129
196.079 0.145423 2.35345 11.7993 2.54139
196.09 0.145485 2.35366 11.7978 2.54112
196.101 0.145374 2.35361 11.8021 2.5416
196.112 0.145382 2.35376 11.8025 2.54157
196.124 0.145458 2.35395 11.8004 2.54124
196.135 0.145423 2.35402 11.8022 2.54139
196.146 0.145455 2.35419 11.8017 2.54125
196.157 0.145541 2.35439 11.7992 2.54087
196.169 0.145471 2.3544 11.8021 2.54118
196.18 0.145512 2.35458 11.8014 2.541
196.191 0.145598 2.35478 11.7989 2.54062
196.202 0.145546 2.35485 11.8014 2.54085
196.213 0.14559 2.35504 11.8005 2.54066
196.225 0.145681 2.35524 11.7978 2.54026
196.236 0.145631 2.35533 11.8003 2.54048
196.247 0.145661 2.35547 11.7998 2.54035
196.258 0.145734 2.35564 11.7977 2.54003
196.27 0.145666 2.35565 11.8005 2.54033
196.281 0.145699 2.35585 11.8002 2.54019
196.292 0.145762 2.35597 11.7982 2.53991
196.303 0.145676 2.35598 11.8017 2.54029
196.315 0.145656 2.35604 11.8028 2.54037
196.326 0.145723 2.3562 11.8009 2.54008
196.337 0.145659 2.35622 11.8036 2.54036
196.348 0.145668 2.35634 11.8039 2.54032
196.36 0.145745 2.35647 11.8014 2.53998
196.371 0.145695 2.3565 11.8035 2.5402
196.382 0.145721 2.35659 11.803 2.54009
196.393 0.145815 2.35674 11.7999 2.53968
196.404 0.145749 2.35671 11.8025 2.53997
196.416 0.145777 2.35682 11.8018 2.53984
196.427 0.145872 2.35694 11.7986 2.53943
196.438 0.145808 2.35693 11.8011 2.53971
196.449 0.145833 2.35702 11.8006 2.5396
196.461 0.145909 2.35711 11.798 2.53927
196.472 0.145832 2.35711 11.801 2.5396
196.483 0.145841 2.35717 11.801 2.53957
196.494 0.145891 2.35727 11.7995 2.53935
196.506 0.145775 2.3573 11.8044 2.53986
196.517 0.145716 2.35734 11.8069 2.54011
196.528 0.145758 2.35748 11.8059 2.53993
196.539 0.145659 2.35744 11.8097 2.54036
196.551 0.145621 2.35747 11.8114 2.54052
196.562 0.145672 2.35754 11.8097 2.5403
196.573 0.145556 2.35748 11.8141 2.54081
196.584 0.145532 2.35751 11.8152 2.54092
196.596 0.145581 2.35756 11.8135 2.5407
196.607 0.145503 2.35754 11.8165 2.54104
196.618 0.145522 2.35756 11.8159 2.54096
196.629 0.145602 2.35768 11.8132 2.54061
196.64 0.145519 2.35764 11.8164 2.54097
196.652 0.145533 2.35771 11.8162 2.54091
196.663 0.145609 2.35782 11.8137 2.54058
196.674 0.145499 2.35774 11.8177 2.54106
196.685 0.145526 2.35784 11.8171 2.54094
196.697 0.145618 2.35794 11.8139 2.54054
196.708 0.145528 2.3579 11.8173 2.54093
196.719 0.145527 2.35792 11.8175 2.54093
196.73 0.145606 2.35803 11.8148 2.54059
196.742 0.145503 2.35792 11.8184 2.54104
196.753 0.145515 2.35794 11.8181 2.54099
196.764 0.145579 2.35801 11.8158 2.54071
196.775 0.145493 2.35792 11.8189 2.54109
196.787 0.145506 2.35794 11.8184 2.54103
196.798 0.145585 2.358 11.8155 2.54068
196.809 0.145494 2.35786 11.8186 2.54108
196.82 0.14554 2.35796 11.8171 2.54088
196.831 0.145628 2.35806 11.8141 2.5405
196.843 0.145527 2.35797 11.8177 2.54093
196.854 0.145521 2.35798 11.818 2.54096
196.865 0.145572 2.35804 11.8162 2.54074
196.876 0.145513 2.35797 11.8183 2.541
196.888 0.145512 2.35796 11.8183 2.541
196.899 0.145567 2.35801 11.8163 2.54076
196.91 0.145462 2.35788 11.8199 2.54122
196.921 0.145459 2.35785 11.8199 2.54123
196.933 0.145529 2.35788 11.8172 2.54093
196.944 0.145458 2.35777 11.8195 2.54124
196.955 0.145462 2.35777 11.8194 2.54122
196.966 0.14553 2.35779 11.8167 2.54092
196.978 0.145429 2.35767 11.8202 2.54136
196.989 0.145416 2.35766 11.8207 2.54142
197 0.14545 2.35761 11.8191 2.54127
197.011 0.145375 2.35755 11.8218 2.5416
197.022 0.145419 2.35755 11.82 2.54141
197.034 0.145531 2.35762 11.8158 2.54092
197.045 0.145421 2.35747 11.8195 2.5414
197.056 0.145455 2.3575 11.8183 2.54125
197.067 0.145616 2.3576 11.8123 2.54055
197.079 0.14555 2.35753 11.8146 2.54084
197.09 0.14562 2.35755 11.8119 2.54053
197.101 0.1457 2.35761 11.8089 2.54018
197.112 0.145602 2.35754 11.8125 2.54061
197.124 0.145601 2.35751 11.8124 2.54061
197.135 0.145605 2.35754 11.8124 2.54059
197.146 0.145477 2.35743 11.8171 2.54115
197.157 0.14543 2.35743 11.819 2.54136
197.169 0.145504 2.3575 11.8163 2.54103
197.18 0.145395 2.35739 11.8202 2.54151
197.191 0.145401 2.35737 11.8198 2.54148
197.202 0.145471 2.35741 11.8172 2.54118
197.213 0.145389 2.35729 11.8199 2.54154
197.225 0.145413 2.35727 11.8189 2.54144
197.236 0.14552 2.3573 11.8147 2.54097
197.247 0.145469 2.35725 11.8165 2.54119
197.258 0.145536 2.35726 11.8139 2.5409
197.27 0.145662 2.35733 11.809 2.54035
197.281 0.145622 2.35727 11.8104 2.54052
197.292 0.145646 2.35727 11.8094 2.54042
197.303 0.14577 2.35732 11.8046 2.53987
197.315 0.145734 2.35725 11.8057 2.54003
197.326 0.145804 2.35726 11.8029 2.53973
197.337 0.145953 2.35735 11.7974 2.53908
197.348 0.145906 2.35727 11.7989 2.53928
197.36 0.145942 2.35728 11.7975 2.53913
197.371 0.146052 2.35733 11.7933 2.53865
197.382 0.146035 2.35728 11.7937 2.53872
197.393 0.146104 2.3573 11.7911 2.53842
197.404 0.146233 2.35736 11.7861 2.53786
197.416 0.146209 2.35725 11.7865 2.53797
197.427 0.146249 2.35723 11.7848 2.53779
197.438 0.146301 2.35725 11.7829 2.53757
197.449 0.146163 2.3571 11.7877 2.53817
197.461 0.146077 2.35704 11.7908 2.53854
197.472 0.146091 2.35703 11.7902 2.53848
197.483 0.145965 2.35688 11.7945 2.53903
197.494 0.145946 2.35679 11.7949 2.53911
197.506 0.146001 2.35677 11.7926 2.53887
197.517 0.145907 2.35664 11.7957 2.53928
197.528 0.145886 2.35655 11.7961 2.53937
197.539 0.145981 2.35656 11.7923 2.53896
197.551 0.145922 2.35645 11.7941 2.53921
197.562 0.145955 2.3564 11.7925 2.53907
197.573 0.146031 2.35636 11.7893 2.53874
197.584 0.145958 2.35625 11.7917 2.53906
197.596 0.145933 2.35619 11.7924 2.53917
197.607 0.146002 2.35621 11.7897 2.53887
197.618 0.145956 2.35612 11.7911 2.53907
197.629 0.145993 2.3561 11.7895 2.53891
197.64 0.146102 2.35613 11.7852 2.53843
197.652 0.146082 2.35605 11.7857 2.53852
197.663 0.146156 2.35605 11.7827 2.5382
197.674 0.146295 2.3561 11.7773 2.53759
197.685 0.146294 2.35606 11.7772 2.5376
197.697 0.146352 2.35608 11.775 2.53735
197.708 0.146472 2.35618 11.7706 2.53683
197.719 0.146425 2.35612 11.7722 2.53703
197.73 0.146445 2.35607 11.7712 2.53695
197.742 0.146493 2.35607 11.7692 2.53674
197.753 0.146395 2.35594 11.7725 2.53716
197.764 0.146443 2.35592 11.7705 2.53695
197.775 0.146559 2.35595 11.766 2.53645
197.787 0.146498 2.35583 11.7678 2.53671
197.798 0.146487 2.35573 11.7678 2.53676
197.809 0.146536 2.35574 11.7659 2.53655
197.82 0.146388 2.35559 11.771 2.53719
197.831 0.146334 2.35549 11.7727 2.53742
197.843 0.146357 2.35544 11.7715 2.53732
197.854 0.14622 2.35526 11.7761 2.53792
197.865 0.146183 2.35513 11.777 2.53808
197.876 0.146248 2.35509 11.7742 2.5378
197.888 0.146165 2.3549 11.7765 2.53816
197.899 0.146196 2.35481 11.7749 2.53803
197.91 0.14632 2.35482 11.7699 2.53749
197.921 0.146269 2.35467 11.7712 2.53771
197.933 0.146339 2.35465 11.7683 2.53741
197.944 0.146458 2.35467 11.7636 2.53689
197.955 0.146476 2.35468 11.763 2.53681
197.966 0.146522 2.35463 11.7609 2.53661
197.978 0.146642 2.3547 11.7564 2.53609
197.989 0.146578 2.35462 11.7586 2.53637
198 0.146568 2.35458 11.7588 2.53641
198.011 0.146597 2.35455 11.7575 2.53629
198.022 0.146528 2.35441 11.7595 2.53659
198.034 0.146542 2.35433 11.7586 2.53653
198.045 0.146585 2.35428 11.7566 2.53634
198.056 0.146492 2.35412 11.7595 2.53674
198.067 0.146486 2.35402 11.7593 2.53677
198.079 0.146546 2.35399 11.7567 2.53651
198.09 0.146466 2.3538 11.759 2.53685
198.101 0.14649 2.35371 11.7576 2.53675
198.112 0.146565 2.35366 11.7543 2.53642
198.124 0.146507 2.35351 11.7559 2.53668
198.135 0.146512 2.35342 11.7552 2.53665
198.146 0.146592 2.35338 11.7518 2.53631
198.157 0.146516 2.35324 11.7542 2.53664
198.169 0.146533 2.35316 11.7531 2.53656
198.18 0.146642 2.35316 11.7487 2.53609
198.191 0.146639 2.35306 11.7483 2.53611
198.202 0.146677 2.353 11.7465 2.53594
198.213 0.146797 2.353 11.7417 2.53542
198.225 0.146779 2.35291 11.742 2.5355
198.236 0.146786 2.35281 11.7412 2.53547
198.247 0.146857 2.3528 11.7383 2.53516
198.258 0.1468 2.35269 11.7401 2.53541
198.27 0.146733 2.35259 11.7422 2.5357
198.281 0.14676 2.35255 11.7409 2.53558
198.292 0.146662 2.35238 11.744 2.536
198.303 0.146651 2.35229 11.744 2.53605
198.315 0.146688 2.35223 11.7422 2.53589
198.326 0.146645 2.35208 11.7432 2.53608
198.337 0.146705 2.35201 11.7405 2.53582
198.348 0.146819 2.35201 11.7359 2.53533
198.36 0.146783 2.35188 11.7367 2.53548
198.371 0.146822 2.35184 11.7349 2.53531
198.382 0.146897 2.35182 11.7318 2.53499
198.393 0.146829 2.35169 11.7339 2.53528
198.404 0.146812 2.35159 11.7341 2.53536
198.416 0.146895 2.35157 11.7307 2.535
198.427 0.146835 2.35143 11.7323 2.53526
198.438 0.146856 2.35135 11.7311 2.53517
198.449 0.14692 2.35131 11.7284 2.53489
198.461 0.146887 2.3512 11.7292 2.53504
198.472 0.146927 2.35114 11.7272 2.53486
198.483 0.147007 2.3511 11.7239 2.53452
198.494 0.146972 2.35099 11.7247 2.53467
198.506 0.146983 2.35088 11.7237 2.53462
198.517 0.147116 2.35088 11.7184 2.53405
198.528 0.147109 2.35081 11.7183 2.53408
198.539 0.147133 2.35073 11.717 2.53397
198.551 0.147234 2.35074 11.713 2.53354
198.562 0.147214 2.35066 11.7134 2.53363
198.573 0.147257 2.35063 11.7116 2.53344
198.584 0.147344 2.35061 11.708 2.53306
198.596 0.14733 2.35051 11.7081 2.53313
198.607 0.147334 2.35043 11.7075 2.53311
198.618 0.147423 2.35041 11.7039 2.53273
198.629 0.147363 2.35027 11.7056 2.53299
198.64 0.147347 2.35018 11.7057 2.53305
198.652 0.147366 2.35011 11.7046 2.53297
198.663 0.147268 2.34995 11.7077 2.53339
198.674 0.147238 2.34983 11.7083 2.53352
198.685 0.147289 2.34975 11.7059 2.5333
198.697 0.147231 2.34958 11.7074 2.53355
198.708 0.147218 2.34945 11.7072 2.53361
198.719 0.147225 2.34932 11.7063 2.53358
198.73 0.147123 2.34916 11.7095 2.53402
198.742 0.147106 2.3491 11.7099 2.53409
198.753 0.147174 2.34907 11.7071 2.5338
198.764 0.147137 2.34898 11.7081 2.53396
198.775 0.147177 2.34893 11.7063 2.53378
198.787 0.147257 2.3489 11.703 2.53344
198.798 0.147233 2.34881 11.7034 2.53354
198.809 0.14726 2.34874 11.702 2.53343
198.82 0.147378 2.34874 11.6973 2.53292
198.831 0.147377 2.34866 11.697 2.53292
198.843 0.147476 2.34868 11.6931 2.5325
198.854 0.147624 2.3487 11.6873 2.53186
198.865 0.147645 2.34862 11.6862 2.53178
198.876 0.147712 2.34858 11.6833 2.53149
198.888 0.147827 2.34858 11.6787 2.53099
198.899 0.147851 2.34849 11.6774 2.53089
198.91 0.147907 2.34844 11.6749 2.53065
198.921 0.148036 2.34846 11.6699 2.5301
198.933 0.14801 2.34836 11.6704 2.53021
198.944 0.148033 2.34828 11.6692 2.53011
198.955 0.148103 2.3483 11.6664 2.52981
198.966 0.148038 2.34818 11.6684 2.53009
198.978 0.148018 2.34809 11.6687 2.53018
198.989 0.148089 2.34808 11.6659 2.52987
199 0.14803 2.34795 11.6676 2.53012
199.011 0.148051 2.34788 11.6664 2.53004
199.022 0.148133 2.34787 11.6631 2.52968
199.034 0.148047 2.3477 11.6657 2.53005
199.045 0.14801 2.34758 11.6666 2.53021
199.056 0.14807 2.34754 11.664 2.52996
199.067 0.147999 2.34741 11.6662 2.53026
199.079 0.147988 2.34734 11.6662 2.5303
199.09 0.148074 2.34734 11.6628 2.52994
199.101 0.148036 2.34725 11.6639 2.5301
199.112 0.148079 2.34722 11.662 2.52992
199.124 0.148192 2.34727 11.6578 2.52943
199.135 0.148155 2.34719 11.6589 2.52959
199.146 0.148184 2.34718 11.6577 2.52947
199.157 0.148313 2.34725 11.653 2.52892
199.169 0.148328 2.34723 11.6523 2.52885
199.18 0.148439 2.3473 11.6483 2.52838
199.191 0.148587 2.34741 11.643 2.52775
199.202 0.148621 2.34741 11.6417 2.52761
199.213 0.148715 2.34747 11.6383 2.52721
199.225 0.148875 2.34758 11.6326 2.52653
199.236 0.148897 2.3476 11.6319 2.52644
199.247 0.148951 2.34761 11.6298 2.5262
199.258 0.149083 2.3477 11.6251 2.52565
199.27 0.149092 2.34771 11.6248 2.52561
199.281 0.149157 2.34776 11.6225 2.52533
199.292 0.149271 2.34785 11.6185 2.52485
199.303 0.149274 2.34784 11.6184 2.52484
199.315 0.149306 2.34788 11.6173 2.5247
199.326 0.149424 2.34799 11.6132 2.5242
199.337 0.149401 2.34796 11.614 2.5243
199.348 0.149446 2.348 11.6124 2.52411
199.36 0.149547 2.3481 11.609 2.52369
199.371 0.149493 2.34804 11.6108 2.52391
199.382 0.149498 2.34806 11.6107 2.52389
199.393 0.149585 2.34814 11.6077 2.52352
199.404 0.149536 2.34809 11.6094 2.52373
199.416 0.14956 2.34814 11.6087 2.52363
199.427 0.149634 2.3482 11.6061 2.52332
199.438 0.149571 2.34815 11.6083 2.52359
199.449 0.149537 2.34815 11.6097 2.52373
199.461 0.14959 2.34822 11.6079 2.5235
199.472 0.14952 2.34817 11.6104 2.5238
199.483 0.149489 2.34817 11.6116 2.52393
199.494 0.14953 2.34821 11.6102 2.52376
199.506 0.14945 2.34815 11.613 2.5241
199.517 0.14943 2.34813 11.6137 2.52418
199.528 0.149461 2.34816 11.6127 2.52405
199.539 0.149404 2.34813 11.6147 2.52429
199.551 0.149415 2.34818 11.6145 2.52424
199.562 0.149498 2.34825 11.6117 2.52389
199.573 0.149459 2.34824 11.6131 2.52406
199.584 0.149478 2.34829 11.6126 2.52397
199.596 0.149591 2.34839 11.6088 2.5235
199.607 0.149564 2.34843 11.61 2.52361
199.618 0.149618 2.34852 11.6083 2.52338
199.629 0.149739 2.34866 11.6043 2.52288
199.64 0.149739 2.34873 11.6047 2.52287
199.652 0.14982 2.34884 11.6021 2.52254
199.663 0.149971 2.34906 11.5973 2.5219
199.674 0.149985 2.34913 11.5971 2.52184
199.685 0.150082 2.34928 11.5942 2.52143
199.697 0.15023 2.34948 11.5894 2.52081
199.708 0.150249 2.34956 11.5891 2.52073
199.719 0.150301 2.34963 11.5874 2.52051
199.73 0.150442 2.34981 11.5829 2.51992
199.742 0.150435 2.34988 11.5835 2.51995
199.753 0.150501 2.35 11.5815 2.51968
199.764 0.150643 2.35018 11.577 2.51908
199.775 0.150662 2.35028 11.5767 2.519
199.787 0.150715 2.3504 11.5753 2.51878
199.798 0.150845 2.35059 11.5712 2.51824
199.809 0.150836 2.35068 11.572 2.51827
199.82 0.150881 2.3508 11.5709 2.51809
199.831 0.150995 2.35098 11.5674 2.51761
199.843 0.150978 2.35109 11.5686 2.51769
199.854 0.151018 2.35121 11.5676 2.51752
199.865 0.151105 2.35135 11.565 2.51715
199.876 0.151069 2.35144 11.5668 2.5173
199.888 0.151106 2.35154 11.5659 2.51715
199.899 0.1512 2.3517 11.5631 2.51676
199.91 0.151182 2.35182 11.5643 2.51683
199.921 0.151216 2.35193 11.5636 2.51669
199.933 0.151315 2.35213 11.5608 2.51628
199.944 0.151287 2.35223 11.5624 2.5164
199.955 0.151321 2.35236 11.5617 2.51626
199.966 0.151412 2.35254 11.5592 2.51588
199.978 0.151373 2.35262 11.561 2.51604
199.989 0.151407 2.35273 11.5603 2.5159
200 0.151506 2.35293 11.5575 2.51549
200.011 0.151451 2.353 11.5599 2.51571
200.022 0.151476 2.35313 11.5595 2.51561
200.034 0.151556 2.35331 11.5574 2.51528
200.045 0.151472 2.3533 11.5606 2.51563
200.056 0.151448 2.35337 11.5618 2.51573
200.067 0.151509 2.35352 11.5602 2.51547
200.079 0.151428 2.35355 11.5635 2.51581
200.09 0.15142 2.35364 11.5642 2.51584
200.101 0.151484 2.35378 11.5625 2.51558
200.112 0.151405 2.35379 11.5655 2.51591
200.124 0.151414 2.35391 11.5658 2.51587
200.135 0.151496 2.35408 11.5635 2.51553
200.146 0.151394 2.35404 11.5672 2.51595
200.157 0.151401 2.35418 11.5676 2.51592
200.169 0.151478 2.35433 11.5654 2.51561
200.18 0.151399 2.35433 11.5684 2.51593
200.191 0.151394 2.35445 11.5692 2.51595
200.202 0.151486 2.35464 11.5666 2.51557
200.213 0.151409 2.35462 11.5694 2.51589
200.225 0.151423 2.35474 11.5695 2.51583
200.236 0.151508 2.35489 11.567 2.51548
200.247 0.151454 2.35489 11.5691 2.51571
200.258 0.151461 2.35496 11.5692 2.51568
200.27 0.151555 2.35515 11.5665 2.51529
200.281 0.151479 2.35514 11.5693 2.5156
200.292 0.151484 2.35521 11.5695 2.51558
200.303 0.151565 2.35537 11.5672 2.51524
200.315 0.151506 2.35536 11.5694 2.51549
200.326 0.151511 2.35539 11.5694 2.51547
200.337 0.151596 2.35559 11.5671 2.51511
200.348 0.151532 2.35558 11.5695 2.51538
200.36 0.151527 2.35561 11.5698 2.5154
200.371 0.151631 2.35583 11.5669 2.51497
200.382 0.151568 2.35582 11.5693 2.51523
200.393 0.151606 2.35592 11.5683 2.51507
200.404 0.15169 2.35609 11.5659 2.51472
200.416 0.151657 2.35614 11.5674 2.51486
200.427 0.151719 2.3563 11.5659 2.5146
200.438 0.151819 2.3565 11.563 2.51419
200.449 0.151788 2.35654 11.5644 2.51432
200.461 0.151845 2.35672 11.5631 2.51408
200.472 0.151948 2.35688 11.56 2.51366
200.483 0.151903 2.35691 11.5619 2.51384
200.494 0.151949 2.35706 11.5608 2.51365
200.506 0.152049 2.35725 11.558 2.51324
200.517 0.152004 2.35729 11.5599 2.51343
200.528 0.15204 2.35743 11.5592 2.51328
200.539 0.152121 2.35761 11.557 2.51294
200.551 0.152065 2.35764 11.5593 2.51317
200.562 0.152094 2.35782 11.5591 2.51305
200.573 0.152168 2.35798 11.5571 2.51275
200.584 0.152093 2.35801 11.56 2.51306
200.596 0.152119 2.35818 11.5599 2.51295
200.607 0.1522 2.35837 11.5577 2.51261
200.618 0.152149 2.35843 11.56 2.51283
200.629 0.152163 2.35857 11.5601 2.51277
200.64 0.152231 2.35873 11.5583 2.51249
200.652 0.152168 2.35878 11.5609 2.51275
200.663 0.152166 2.35891 11.5616 2.51275
200.674 0.152258 2.35912 11.5592 2.51237
200.685 0.152196 2.35917 11.5618 2.51263
200.697 0.152196 2.3593 11.5624 2.51263
200.708 0.152277 2.35948 11.5602 2.5123
200.719 0.152227 2.35956 11.5625 2.5125
200.73 0.152223 2.35971 11.5634 2.51252
200.742 0.152316 2.35992 11.5609 2.51213
200.753 0.152263 2.36 11.5633 2.51236
200.764 0.152264 2.36015 11.5641 2.51235
200.775 0.152328 2.36033 11.5625 2.51209
200.787 0.152265 2.36044 11.5654 2.51235
200.798 0.152258 2.36058 11.5664 2.51237
200.809 0.152328 2.3608 11.5648 2.51209
200.82 0.152232 2.36088 11.5688 2.51248
200.831 0.152234 2.36105 11.5696 2.51248
200.843 0.152308 2.36126 11.5678 2.51217
200.854 0.152215 2.36134 11.5717 2.51255
200.865 0.152221 2.36156 11.5726 2.51253
200.876 0.152267 2.36175 11.5717 2.51234
200.888 0.15219 2.36191 11.5755 2.51266
200.899 0.152173 2.36204 11.5767 2.51273
200.91 0.15223 2.36225 11.5756 2.51249
200.921 0.152148 2.36233 11.5791 2.51283
200.933 0.152114 2.36246 11.5811 2.51297
200.944 0.152192 2.36268 11.5792 2.51265
200.955 0.152079 2.36275 11.5838 2.51311
200.966 0.152062 2.36286 11.585 2.51319
200.978 0.15214 2.36306 11.583 2.51286
200.989 0.152049 2.36311 11.5867 2.51324
201 0.152027 2.36323 11.5881 2.51333
201.011 0.152091 2.3634 11.5865 2.51306
201.022 0.152005 2.36346 11.5901 2.51342
201.034 0.151995 2.36356 11.5909 2.51346
201.045 0.152067 2.36375 11.5891 2.51316
201.056 0.151976 2.36378 11.5928 2.51354
201.067 0.151985 2.36395 11.5932 2.5135
201.079 0.152033 2.36412 11.5923 2.5133
201.09 0.151933 2.36416 11.5963 2.51372
201.101 0.151938 2.36434 11.5969 2.5137
201.112 0.152008 2.36454 11.5953 2.51341
201.124 0.151919 2.36461 11.599 2.51378
201.135 0.151929 2.36479 11.5995 2.51373
201.146 0.152009 2.36501 11.5976 2.5134
201.157 0.151948 2.36511 11.6004 2.51366
201.169 0.15195 2.36525 11.601 2.51365
201.18 0.152011 2.36545 11.5996 2.51339
201.191 0.151949 2.36553 11.6024 2.51365
201.202 0.151948 2.36565 11.603 2.51366
201.213 0.152003 2.3658 11.6017 2.51343
201.225 0.151908 2.36584 11.6055 2.51382
201.236 0.15189 2.36594 11.6067 2.51389
201.247 0.151952 2.36609 11.605 2.51364
201.258 0.151874 2.36612 11.6081 2.51396
201.27 0.151892 2.36625 11.6081 2.51389
201.281 0.151965 2.36642 11.6061 2.51359
201.292 0.151901 2.36649 11.6089 2.51385
201.303 0.151935 2.36664 11.6084 2.51371
201.315 0.152016 2.36683 11.6062 2.51337
201.326 0.151996 2.36693 11.6075 2.51346
201.337 0.152066 2.36717 11.606 2.51317
201.348 0.152171 2.36735 11.6028 2.51273
201.36 0.152135 2.36746 11.6047 2.51288
201.371 0.152142 2.36754 11.6049 2.51285
201.382 0.152236 2.36772 11.6022 2.51246
201.393 0.152197 2.3678 11.6041 2.51263
201.404 0.152235 2.36795 11.6033 2.51247
201.416 0.152348 2.36813 11.5999 2.512
201.427 0.152272 2.36815 11.6029 2.51232
201.438 0.152308 2.36835 11.6025 2.51217
201.449 0.152384 2.36852 11.6005 2.51186
201.461 0.152348 2.36864 11.6024 2.512
201.472 0.152356 2.36879 11.6029 2.51197
201.483 0.152416 2.36897 11.6014 2.51172
201.494 0.152314 2.36903 11.6056 2.51214
201.506 0.152273 2.36911 11.6076 2.51232
201.517 0.15229 2.36924 11.6076 2.51224
201.528 0.152195 2.36925 11.6113 2.51264
201.539 0.152183 2.36937 11.6123 2.51269
201.551 0.152231 2.36953 11.6112 2.51249
201.562 0.152105 2.36954 11.6161 2.51301
201.573 0.152051 2.36959 11.6184 2.51323
201.584 0.152067 2.36972 11.6184 2.51316
201.596 0.151966 2.36976 11.6225 2.51358
201.607 0.151953 2.36984 11.6234 2.51364
201.618 0.151985 2.36995 11.6227 2.5135
201.629 0.151891 2.36997 11.6264 2.51389
201.64 0.151877 2.37005 11.6273 2.51395
201.652 0.15192 2.37018 11.6263 2.51377
201.663 0.151841 2.3702 11.6294 2.5141
201.674 0.151865 2.37035 11.6293 2.514
201.685 0.151972 2.37053 11.626 2.51356
201.697 0.151887 2.37054 11.6294 2.51391
201.708 0.151879 2.37064 11.6302 2.51394
201.719 0.151969 2.37083 11.6276 2.51357
201.73 0.151934 2.37093 11.6294 2.51371
201.742 0.151973 2.37106 11.6286 2.51355
201.753 0.152097 2.3713 11.625 2.51304
201.764 0.152016 2.37133 11.6283 2.51338
201.775 0.151964 2.37145 11.6309 2.51359
201.787 0.151954 2.37155 11.6318 2.51363
201.798 0.151804 2.37154 11.6374 2.51425
201.809 0.151744 2.37157 11.6399 2.5145
201.82 0.151748 2.37167 11.6402 2.51448
201.831 0.15164 2.37166 11.6443 2.51493
201.843 0.151626 2.37172 11.6451 2.51499
201.854 0.151683 2.37185 11.6436 2.51475
201.865 0.151589 2.37188 11.6473 2.51514
201.876 0.151575 2.37195 11.6482 2.5152
201.888 0.15162 2.37208 11.6471 2.51501
201.899 0.151548 2.37212 11.6501 2.51531
201.91 0.151564 2.37223 11.65 2.51524
201.921 0.151675 2.37241 11.6467 2.51479
201.933 0.151649 2.37247 11.6479 2.51489
201.944 0.1517 2.3726 11.6466 2.51468
201.955 0.151802 2.37278 11.6436 2.51426
201.966 0.151746 2.37284 11.646 2.51449
201.978 0.151787 2.37296 11.645 2.51432
201.989 0.151908 2.37317 11.6415 2.51382
202 0.151902 2.37331 11.6424 2.51385
202.011 0.151945 2.37347 11.6415 2.51367
202.022 0.151973 2.37366 11.6413 2.51355
202.034 0.151881 2.37375 11.6453 2.51393
202.045 0.151898 2.37388 11.6453 2.51386
202.056 0.151931 2.37405 11.6449 2.51373
202.067 0.151818 2.37409 11.6494 2.51419
202.079 0.151747 2.37412 11.6523 2.51449
202.09 0.15175 2.37422 11.6526 2.51448
202.101 0.151611 2.37424 11.6581 2.51505
202.112 0.151574 2.37431 11.6599 2.51521
202.124 0.151619 2.37442 11.6587 2.51502
202.135 0.151511 2.37443 11.6629 2.51547
202.146 0.151487 2.3745 11.6641 2.51556
202.157 0.151552 2.37463 11.6623 2.5153
202.169 0.151447 2.37464 11.6664 2.51573
202.18 0.151428 2.37469 11.6673 2.51581
202.191 0.151546 2.3749 11.6638 2.51532
202.202 0.151507 2.37491 11.6654 2.51548
202.213 0.151544 2.37503 11.6646 2.51533
202.225 0.15165 2.37521 11.6613 2.51489
202.236 0.151588 2.37524 11.6639 2.51515
202.247 0.151581 2.37534 11.6646 2.51518
202.258 0.151554 2.37546 11.6663 2.51529
202.27 0.15141 2.37546 11.6718 2.51589
202.281 0.151329 2.37549 11.6751 2.51622
202.292 0.151352 2.37562 11.6748 2.51613
202.303 0.151287 2.37566 11.6776 2.5164
202.315 0.151282 2.37576 11.6782 2.51642
202.326 0.151356 2.3759 11.6761 2.51611
202.337 0.151232 2.37589 11.6808 2.51663
202.348 0.151159 2.37592 11.6838 2.51693
202.36 0.151174 2.37602 11.6837 2.51687
202.371 0.151088 2.37604 11.6871 2.51723
202.382 0.151109 2.37614 11.6868 2.51714
202.393 0.15119 2.3763 11.6844 2.5168
202.404 0.151103 2.37632 11.6879 2.51716
202.416 0.15113 2.37645 11.6875 2.51705
202.427 0.151259 2.37668 11.6836 2.51651
202.438 0.151218 2.37675 11.6856 2.51668
202.449 0.151253 2.37687 11.6848 2.51654
202.461 0.151408 2.3771 11.6799 2.51589
202.472 0.151359 2.37717 11.6822 2.5161
202.483 0.151351 2.37729 11.6831 2.51613
202.494 0.151411 2.37744 11.6815 2.51588
202.506 0.151319 2.3775 11.6853 2.51626
202.517 0.151285 2.37757 11.687 2.5164
202.528 0.151289 2.37766 11.6873 2.51639
202.539 0.151148 2.37764 11.6927 2.51698
202.551 0.15108 2.37767 11.6954 2.51726
202.562 0.151081 2.37777 11.6959 2.51725
202.573 0.150938 2.37775 11.7013 2.51785
202.584 0.15088 2.37778 11.7037 2.51809
202.596 0.150895 2.37787 11.7036 2.51803
202.607 0.150791 2.37784 11.7075 2.51846
202.618 0.150803 2.37793 11.7075 2.51842
202.629 0.150916 2.37809 11.7038 2.51794
202.64 0.150886 2.37814 11.7052 2.51807
202.652 0.150924 2.37824 11.7043 2.51791
202.663 0.15105 2.37841 11.7002 2.51739
202.674 0.151058 2.37854 11.7006 2.51735
202.685 0.151073 2.37866 11.7006 2.51729
202.697 0.151121 2.37882 11.6995 2.51709
202.708 0.151045 2.37888 11.7027 2.51741
202.719 0.151044 2.37897 11.7032 2.51741
202.73 0.151095 2.37912 11.702 2.5172
202.742 0.151011 2.37912 11.7052 2.51754
202.753 0.150983 2.37915 11.7065 2.51766
202.764 0.151012 2.37924 11.7058 2.51754
202.775 0.150914 2.37924 11.7096 2.51795
202.787 0.150886 2.3793 11.711 2.51807
202.798 0.150923 2.37945 11.7103 2.51791
202.809 0.15084 2.37949 11.7137 2.51826
202.82 0.150822 2.37956 11.7148 2.51834
202.831 0.150933 2.37974 11.7113 2.51787
202.843 0.150873 2.37973 11.7136 2.51812
202.854 0.15093 2.37986 11.712 2.51788
202.865 0.151075 2.38005 11.7073 2.51728
202.876 0.151084 2.38015 11.7075 2.51724
202.888 0.151136 2.38027 11.706 2.51702
202.899 0.151134 2.3804 11.7067 2.51703
202.91 0.151032 2.38042 11.7108 2.51746
202.921 0.150978 2.38048 11.7132 2.51768
202.933 0.150965 2.38056 11.7141 2.51774
202.944 0.150838 2.38056 11.719 2.51827
202.955 0.150813 2.38067 11.7205 2.51837
202.966 0.150862 2.38079 11.7193 2.51817
202.978 0.150759 2.38081 11.7233 2.5186
202.989 0.150725 2.3809 11.7251 2.51874
203 0.150786 2.38102 11.7233 2.51849
203.011 0.15066 2.381 11.7281 2.51901
203.022 0.150615 2.38103 11.73 2.5192
203.034 0.150648 2.38113 11.7292 2.51906
203.045 0.150598 2.38115 11.7313 2.51927
203.056 0.150643 2.3813 11.7302 2.51908
203.067 0.150744 2.38151 11.7274 2.51866
203.079 0.150737 2.3816 11.7281 2.51869
203.09 0.15079 2.38174 11.7267 2.51847
203.101 0.150879 2.38191 11.7241 2.51809
203.112 0.150815 2.38195 11.7268 2.51836
203.124 0.15082 2.38205 11.7271 2.51834
203.135 0.150872 2.38219 11.7258 2.51813
203.146 0.150775 2.38219 11.7295 2.51853
203.157 0.150752 2.38226 11.7308 2.51863
203.169 0.150791 2.38238 11.7298 2.51846
203.18 0.150661 2.38234 11.7347 2.51901
203.191 0.15059 2.38239 11.7377 2.51931
203.202 0.150603 2.3825 11.7377 2.51925
203.213 0.150496 2.38249 11.7419 2.5197
203.225 0.150449 2.38254 11.7439 2.51989
203.236 0.15052 2.3827 11.7419 2.5196
203.247 0.150457 2.38272 11.7445 2.51986
203.258 0.150482 2.38282 11.744 2.51975
203.27 0.150575 2.383 11.7413 2.51937
203.281 0.150554 2.38308 11.7425 2.51946
203.292 0.150551 2.38318 11.7431 2.51947
203.303 0.150581 2.38336 11.7428 2.51934
203.315 0.150524 2.38343 11.7454 2.51958
203.326 0.150501 2.38353 11.7468 2.51968
203.337 0.150566 2.3837 11.7451 2.51941
203.348 0.150502 2.38373 11.7477 2.51967
203.36 0.150446 2.38381 11.7503 2.5199
203.371 0.150479 2.38392 11.7496 2.51977
203.382 0.150391 2.38391 11.753 2.52014
203.393 0.150346 2.38394 11.7549 2.52033
203.404 0.150404 2.38408 11.7533 2.52008
203.416 0.150335 2.38413 11.7562 2.52037
203.427 0.150357 2.38423 11.7558 2.52028
203.438 0.150421 2.3844 11.7542 2.52001
203.449 0.150377 2.38449 11.7564 2.5202
203.461 0.150446 2.38469 11.7547 2.51991
203.472 0.150635 2.38494 11.7485 2.51911
203.483 0.150655 2.38505 11.7483 2.51903
203.494 0.150697 2.38517 11.7473 2.51886
203.506 0.150761 2.38535 11.7456 2.51859
203.517 0.150652 2.38539 11.7501 2.51904
203.528 0.150628 2.38548 11.7514 2.51914
203.539 0.150674 2.38564 11.7504 2.51895
203.551 0.150575 2.38566 11.7544 2.51937
203.562 0.150543 2.38577 11.7562 2.5195
203.573 0.150582 2.38595 11.7556 2.51934
203.584 0.150495 2.38602 11.7593 2.5197
203.596 0.150507 2.38616 11.7595 2.51965
203.607 0.150577 2.38637 11.7578 2.51936
203.618 0.150498 2.38641 11.7611 2.51969
203.629 0.150472 2.38649 11.7625 2.5198
203.64 0.150527 2.38663 11.761 2.51957
203.652 0.150487 2.38669 11.7629 2.51973
203.663 0.150516 2.38682 11.7624 2.51961
203.674 0.150652 2.38706 11.7583 2.51905
203.685 0.150582 2.38717 11.7615 2.51934
203.697 0.15057 2.38735 11.7629 2.51939
203.708 0.15066 2.38752 11.7602 2.51901
203.719 0.150589 2.38759 11.7634 2.51931
203.73 0.150589 2.38776 11.7642 2.51931
203.742 0.150616 2.38786 11.7636 2.51919
203.753 0.1505 2.38787 11.7682 2.51968
203.764 0.150469 2.38794 11.7698 2.51981
203.775 0.15054 2.38807 11.7676 2.51951
203.787 0.150449 2.38811 11.7714 2.51989
203.798 0.150455 2.3882 11.7716 2.51987
203.809 0.150562 2.3884 11.7684 2.51942
203.82 0.150526 2.38848 11.7702 2.51957
203.831 0.150553 2.38859 11.7697 2.51946
203.843 0.150654 2.38877 11.7667 2.51904
203.854 0.150636 2.38889 11.7679 2.51911
203.865 0.150744 2.3891 11.7648 2.51866
203.876 0.150951 2.38935 11.7579 2.5178
203.888 0.150945 2.38944 11.7585 2.51782
203.899 0.15096 2.38961 11.7588 2.51776
203.91 0.15104 2.3898 11.7567 2.51743
203.921 0.150949 2.38986 11.7605 2.5178
203.933 0.150922 2.38998 11.7622 2.51792
203.944 0.150998 2.39016 11.7601 2.5176
203.955 0.15093 2.39024 11.7631 2.51788
203.966 0.150917 2.39039 11.7643 2.51794
203.978 0.150983 2.39057 11.7626 2.51766
203.989 0.150944 2.39067 11.7646 2.51782
204 0.150939 2.39077 11.7654 2.51785
204.011 0.150976 2.3909 11.7646 2.51769
204.022 0.150885 2.39096 11.7684 2.51807
204.034 0.150834 2.39103 11.7707 2.51828
204.045 0.1509 2.3912 11.769 2.51801
204.056 0.150888 2.3913 11.77 2.51806
204.067 0.150948 2.39148 11.7685 2.51781
204.079 0.151064 2.39171 11.7651 2.51733
204.09 0.15099 2.39179 11.7684 2.51763
204.101 0.150948 2.39188 11.7705 2.51781
204.112 0.151004 2.39212 11.7695 2.51758
204.124 0.150929 2.39217 11.7726 2.51789
204.135 0.150905 2.39225 11.774 2.51799
204.146 0.150986 2.39241 11.7716 2.51765
204.157 0.15087 2.39245 11.7763 2.51813
204.169 0.150767 2.39248 11.7805 2.51856
204.18 0.150753 2.39257 11.7815 2.51862
204.191 0.150659 2.39264 11.7855 2.51901
204.202 0.150649 2.39272 11.7863 2.51906
204.213 0.150744 2.39285 11.7832 2.51866
204.225 0.150725 2.39293 11.7843 2.51874
204.236 0.150768 2.39307 11.7834 2.51856
204.247 0.150934 2.39328 11.7779 2.51787
204.258 0.150987 2.3934 11.7764 2.51764
204.27 0.151068 2.39357 11.7741 2.51731
204.281 0.151252 2.39389 11.7685 2.51654
204.292 0.151313 2.39414 11.7674 2.51629
204.303 0.151382 2.39441 11.766 2.516
204.315 0.151476 2.39463 11.7635 2.51561
204.326 0.15143 2.39476 11.7659 2.5158
204.337 0.151416 2.39486 11.7669 2.51586
204.348 0.151465 2.39501 11.7657 2.51566
204.36 0.1514 2.39507 11.7686 2.51593
204.371 0.151409 2.39518 11.7688 2.51589
204.382 0.151497 2.39533 11.7661 2.51552
204.393 0.151386 2.39538 11.7706 2.51598
204.404 0.151323 2.39548 11.7736 2.51625
204.416 0.151326 2.39562 11.7741 2.51623
204.427 0.151232 2.39561 11.7777 2.51662
204.438 0.151232 2.39574 11.7784 2.51663
204.449 0.151326 2.39596 11.7758 2.51623
204.461 0.151269 2.39608 11.7786 2.51647
204.472 0.151292 2.39625 11.7786 2.51638
204.483 0.151406 2.39649 11.7753 2.5159
204.494 0.151357 2.3966 11.7777 2.51611
204.506 0.151378 2.39678 11.7778 2.51602
204.517 0.151516 2.39704 11.7737 2.51544
204.528 0.151452 2.39716 11.7768 2.51571
204.539 0.151449 2.39722 11.7772 2.51572
204.551 0.15153 2.39739 11.7749 2.51539
204.562 0.151484 2.39749 11.7772 2.51558
204.573 0.151459 2.39754 11.7784 2.51568
204.584 0.151506 2.3977 11.7773 2.51549
204.596 0.151418 2.3977 11.7808 2.51585
204.607 0.151361 2.3977 11.783 2.51609
204.618 0.151385 2.39781 11.7826 2.51599
204.629 0.151292 2.39782 11.7862 2.51637
204.64 0.151237 2.39784 11.7885 2.5166
204.652 0.15125 2.39793 11.7885 2.51655
204.663 0.15114 2.39795 11.7928 2.51701
204.674 0.151105 2.39806 11.7948 2.51715
204.685 0.151168 2.39823 11.7931 2.51689
204.697 0.151126 2.39832 11.7952 2.51707
204.708 0.151151 2.39845 11.7949 2.51696
204.719 0.151238 2.39863 11.7924 2.5166
204.73 0.151181 2.3987 11.7949 2.51684
204.742 0.151197 2.39874 11.7945 2.51677
204.753 0.151316 2.39884 11.7904 2.51628
204.764 0.151224 2.39882 11.7939 2.51666
204.775 0.151182 2.39889 11.7958 2.51683
204.787 0.151253 2.39904 11.7938 2.51654
204.798 0.151204 2.39912 11.7961 2.51674
204.809 0.151259 2.39927 11.7947 2.51651
204.82 0.151366 2.39945 11.7914 2.51607
204.831 0.151335 2.39952 11.793 2.5162
204.843 0.151389 2.39968 11.7916 2.51597
204.854 0.151502 2.39988 11.7882 2.51551
204.865 0.151469 2.39991 11.7897 2.51564
204.876 0.151482 2.4 11.7896 2.51559
204.888 0.151542 2.40007 11.7876 2.51534
204.899 0.151421 2.40005 11.7922 2.51584
204.91 0.151381 2.4001 11.794 2.51601
204.921 0.151451 2.40024 11.792 2.51572
204.933 0.151388 2.40027 11.7946 2.51598
204.944 0.151379 2.40037 11.7954 2.51602
204.955 0.151438 2.4005 11.7938 2.51577
204.966 0.151375 2.40054 11.7964 2.51603
204.978 0.151345 2.4006 11.7979 2.51616
204.989 0.151419 2.40074 11.7956 2.51585
205 0.151348 2.40074 11.7984 2.51614
205.011 0.151321 2.40079 11.7997 2.51625
205.022 0.151381 2.40091 11.798 2.51601
205.034 0.151294 2.40092 11.8014 2.51637
205.045 0.151287 2.40103 11.8023 2.5164
205.056 0.151373 2.40117 11.7996 2.51604
205.067 0.151305 2.40117 11.8022 2.51632
205.079 0.151301 2.4012 11.8025 2.51634
205.09 0.15135 2.40132 11.8012 2.51613
205.101 0.151295 2.40133 11.8034 2.51636
205.112 0.151301 2.40141 11.8035 2.51634
205.124 0.151379 2.40152 11.8011 2.51601
205.135 0.151346 2.40159 11.8027 2.51615
205.146 0.151356 2.40167 11.8027 2.51611
205.157 0.151418 2.40176 11.8008 2.51585
205.169 0.15137 2.40177 11.8027 2.51605
205.18 0.151337 2.40182 11.8042 2.51619
205.191 0.151405 2.40192 11.802 2.51591
205.202 0.151329 2.40188 11.8048 2.51622
205.213 0.1513 2.40198 11.8064 2.51634
205.225 0.151347 2.40207 11.805 2.51615
205.236 0.151249 2.40206 11.8088 2.51655
205.247 0.151209 2.4021 11.8106 2.51672
205.258 0.15128 2.40227 11.8086 2.51643
205.27 0.151186 2.4022 11.812 2.51682
205.281 0.151188 2.40229 11.8123 2.51681
205.292 0.151254 2.40238 11.8102 2.51653
205.303 0.151178 2.40234 11.8129 2.51685
205.315 0.15121 2.40245 11.8122 2.51672
205.326 0.151323 2.40254 11.8082 2.51625
205.337 0.151283 2.40253 11.8098 2.51641
205.348 0.151284 2.40257 11.8099 2.51641
205.36 0.151345 2.40266 11.808 2.51615
205.371 0.151258 2.40263 11.8112 2.51652
205.382 0.151262 2.40264 11.8112 2.5165
205.393 0.151327 2.40272 11.809 2.51623
205.404 0.15122 2.40266 11.8129 2.51667
205.416 0.151223 2.4027 11.8129 2.51666
205.427 0.15128 2.40275 11.811 2.51643
205.438 0.151201 2.4027 11.8138 2.51676
205.449 0.151185 2.40271 11.8145 2.51682
205.461 0.151244 2.40281 11.8127 2.51658
205.472 0.151155 2.40273 11.8158 2.51695
205.483 0.151129 2.40275 11.8168 2.51705
205.494 0.151163 2.4028 11.8158 2.51691
205.506 0.151085 2.40272 11.8184 2.51724
205.517 0.151089 2.40276 11.8185 2.51722
205.528 0.151157 2.40285 11.8163 2.51694
205.539 0.151086 2.40282 11.8189 2.51723
205.551 0.151073 2.40285 11.8196 2.51729
205.562 0.151126 2.40294 11.8179 2.51707
205.573 0.151062 2.40295 11.8205 2.51733
205.584 0.151075 2.403 11.8202 2.51728
205.596 0.151149 2.40309 11.8178 2.51697
205.607 0.151066 2.40302 11.8207 2.51732
205.618 0.151075 2.4031 11.8207 2.51728
205.629 0.15115 2.40318 11.8182 2.51697
205.64 0.15105 2.40311 11.8218 2.51739
205.652 0.151033 2.40319 11.8228 2.51746
205.663 0.151064 2.4033 11.8221 2.51733
205.674 0.150961 2.40327 11.826 2.51775
205.685 0.150965 2.40329 11.8259 2.51774
205.697 0.150985 2.40335 11.8255 2.51766
205.708 0.150893 2.40329 11.8288 2.51804
205.719 0.150858 2.40329 11.8301 2.51818
205.73 0.150889 2.40331 11.829 2.51806
205.742 0.150782 2.40323 11.8328 2.5185
205.753 0.150753 2.40322 11.8339 2.51862
205.764 0.150789 2.40324 11.8326 2.51847
205.775 0.150712 2.40316 11.8353 2.51879
205.787 0.150689 2.40316 11.8362 2.51889
205.798 0.150727 2.4032 11.8349 2.51873
205.809 0.150625 2.40311 11.8384 2.51916
205.82 0.150606 2.40313 11.8392 2.51924
205.831 0.150653 2.40319 11.8377 2.51904
205.843 0.150545 2.40312 11.8416 2.51949
205.854 0.150524 2.40314 11.8425 2.51958
205.865 0.150583 2.40323 11.8406 2.51933
205.876 0.150482 2.40316 11.8442 2.51975
205.888 0.150487 2.40321 11.8443 2.51974
205.899 0.150541 2.40325 11.8424 2.51951
205.91 0.150445 2.40322 11.8461 2.51991
205.921 0.15047 2.40334 11.8456 2.51981
205.933 0.150553 2.40344 11.8429 2.51946
205.944 0.150443 2.40334 11.8467 2.51992
205.955 0.150412 2.40335 11.848 2.52005
205.966 0.150427 2.40335 11.8474 2.51999
205.978 0.150258 2.40322 11.8534 2.52069
205.989 0.150192 2.40322 11.856 2.52097
206 0.150236 2.40328 11.8545 2.52079
206.011 0.150137 2.40318 11.858 2.5212
206.022 0.15013 2.40321 11.8584 2.52123
206.034 0.150204 2.40327 11.8558 2.52092
206.045 0.150107 2.4032 11.8593 2.52133
206.056 0.150089 2.4032 11.86 2.5214
206.067 0.150127 2.40325 11.8587 2.52124
206.079 0.150021 2.40316 11.8624 2.52169
206.09 0.149982 2.40314 11.8639 2.52185
206.101 0.150001 2.40318 11.8634 2.52177
206.112 0.149905 2.40314 11.867 2.52218
206.124 0.149902 2.40317 11.8672 2.52219
206.135 0.149952 2.40329 11.8658 2.52198
206.146 0.14986 2.40325 11.8693 2.52237
206.157 0.149874 2.40334 11.8692 2.52231
206.169 0.149977 2.40346 11.8657 2.52187
206.18 0.149917 2.40345 11.868 2.52213
206.191 0.149923 2.4035 11.868 2.5221
206.202 0.149998 2.40363 11.8657 2.52179
206.213 0.149864 2.40357 11.8707 2.52235
206.225 0.149808 2.40359 11.873 2.52258
206.236 0.14986 2.40369 11.8714 2.52237
206.247 0.149749 2.40363 11.8756 2.52284
206.258 0.149731 2.40367 11.8765 2.52291
206.27 0.149812 2.40377 11.8737 2.52257
206.281 0.149752 2.40373 11.876 2.52282
206.292 0.149775 2.40379 11.8753 2.52272
206.303 0.149876 2.40393 11.872 2.5223
206.315 0.149811 2.40392 11.8745 2.52257
206.326 0.149821 2.40398 11.8744 2.52253
206.337 0.149875 2.40409 11.8728 2.5223
206.348 0.149735 2.40403 11.8781 2.52289
206.36 0.149676 2.40406 11.8806 2.52314
206.371 0.149696 2.40416 11.8803 2.52306
206.382 0.14956 2.40407 11.8852 2.52363
206.393 0.14951 2.4041 11.8874 2.52384
206.404 0.149539 2.40415 11.8864 2.52372
206.416 0.1494 2.40409 11.8917 2.52431
206.427 0.149284 2.40411 11.8964 2.52479
206.438 0.149285 2.40416 11.8966 2.52479
206.449 0.149139 2.40408 11.9021 2.52541
206.461 0.149116 2.40411 11.9031 2.52551
206.472 0.149186 2.40419 11.9007 2.52521
206.483 0.149113 2.40414 11.9034 2.52552
206.494 0.14913 2.40418 11.9029 2.52545
206.506 0.149157 2.40424 11.9021 2.52533
206.517 0.149055 2.40421 11.906 2.52577
206.528 0.149037 2.40423 11.9068 2.52584
206.539 0.149098 2.40436 11.9051 2.52558
206.551 0.148997 2.40427 11.9087 2.52601
206.562 0.148989 2.40437 11.9095 2.52604
206.573 0.148981 2.40442 11.9101 2.52608
206.584 0.148832 2.40435 11.9156 2.52671
206.596 0.148777 2.40436 11.9179 2.52694
206.607 0.148774 2.40439 11.9182 2.52696
206.618 0.148601 2.40433 11.9248 2.52769
206.629 0.148546 2.40436 11.9272 2.52793
206.64 0.148557 2.40442 11.927 2.52788
206.652 0.148426 2.40435 11.9319 2.52844
206.663 0.148374 2.40436 11.934 2.52866
206.674 0.148376 2.40442 11.9343 2.52865
206.685 0.148257 2.4044 11.939 2.52916
206.697 0.148211 2.40443 11.941 2.52935
206.708 0.148201 2.40449 11.9417 2.52939
206.719 0.14805 2.40442 11.9474 2.53004
206.73 0.147975 2.40441 11.9504 2.53036
206.742 0.147962 2.40443 11.951 2.53042
206.753 0.147841 2.40435 11.9555 2.53093
206.764 0.147805 2.40436 11.957 2.53109
206.775 0.147854 2.40444 11.9555 2.53088
206.787 0.147782 2.40438 11.9581 2.53119
206.798 0.147749 2.4044 11.9595 2.53133
206.809 0.147739 2.40444 11.9601 2.53137
206.82 0.1476 2.40433 11.9652 2.53197
206.831 0.147524 2.4043 11.9681 2.53229
206.843 0.147509 2.40431 11.9687 2.53236
206.854 0.147393 2.40421 11.973 2.53286
206.865 0.147339 2.40419 11.9751 2.53309
206.876 0.147363 2.40421 11.9742 2.53298
206.888 0.147258 2.40412 11.978 2.53344
206.899 0.147232 2.40414 11.9792 2.53355
206.91 0.147262 2.40416 11.9781 2.53342
206.921 0.147168 2.4041 11.9816 2.53382
206.933 0.147134 2.40411 11.983 2.53397
206.944 0.147153 2.40417 11.9825 2.53389
206.955 0.14704 2.40409 11.9867 2.53437
206.966 0.14698 2.40403 11.9889 2.53463
206.978 0.146976 2.40401 11.9889 2.53465
206.989 0.146785 2.40387 11.9961 2.53547
207 0.146716 2.40391 11.999 2.53577
207.011 0.1467 2.40395 11.9999 2.53584
207.022 0.14657 2.40383 12.0047 2.5364
207.034 0.146509 2.40381 12.007 2.53667
207.045 0.14653 2.40386 12.0064 2.53658
207.056 0.146402 2.40376 12.0112 2.53713
207.067 0.146366 2.40373 12.0125 2.53729
207.079 0.146398 2.40381 12.0116 2.53715
207.09 0.146268 2.40371 12.0164 2.53771
207.101 0.14621 2.40368 12.0187 2.53796
207.112 0.146205 2.4037 12.0189 2.53798
207.124 0.146097 2.4036 12.0229 2.53845
207.135 0.146084 2.4036 12.0235 2.53851
207.146 0.146117 2.40363 12.0222 2.53837
207.157 0.145974 2.40355 12.0277 2.53899
207.169 0.145864 2.40345 12.0317 2.53947
207.18 0.145809 2.40344 12.034 2.53971
207.191 0.145619 2.40323 12.0408 2.54054
207.202 0.145468 2.40306 12.0462 2.5412
207.213 0.145406 2.40296 12.0482 2.54146
207.225 0.145262 2.40277 12.0532 2.54209
207.236 0.145226 2.40267 12.0542 2.54225
207.247 0.145232 2.40264 12.0539 2.54223
207.258 0.145141 2.40257 12.0573 2.54262
207.27 0.145119 2.40259 12.0583 2.54272
207.281 0.145142 2.40259 12.0573 2.54262
207.292 0.145078 2.40253 12.0597 2.5429
207.303 0.145123 2.40253 12.0578 2.5427
207.315 0.145226 2.40258 12.0538 2.54225
207.326 0.145171 2.40244 12.0554 2.54249
207.337 0.145089 2.40239 12.0585 2.54285
207.348 0.145039 2.40235 12.0604 2.54307
207.36 0.144898 2.4022 12.0655 2.54369
207.371 0.14488 2.40223 12.0664 2.54377
207.382 0.144866 2.40226 12.0672 2.54383
207.393 0.144727 2.40208 12.0721 2.54444
207.404 0.144717 2.40206 12.0724 2.54449
207.416 0.144747 2.40204 12.071 2.54435
207.427 0.144691 2.40195 12.0729 2.5446
207.438 0.144659 2.40191 12.074 2.54474
207.449 0.144697 2.40194 12.0726 2.54457
207.461 0.144646 2.40189 12.0745 2.5448
207.472 0.144651 2.4019 12.0743 2.54477
207.483 0.144698 2.40194 12.0726 2.54457
207.494 0.144634 2.40188 12.0749 2.54485
207.506 0.144576 2.40178 12.0768 2.54511
207.517 0.144553 2.40175 12.0776 2.5452
207.528 0.144414 2.40155 12.0825 2.54582
207.539 0.144333 2.40142 12.0852 2.54617
207.551 0.14432 2.40133 12.0853 2.54623
207.562 0.14421 2.40115 12.089 2.54672
207.573 0.144166 2.40105 12.0903 2.54691
207.584 0.144195 2.40097 12.0887 2.54678
207.596 0.14417 2.40091 12.0894 2.5469
207.607 0.144149 2.40082 12.0899 2.54699
207.618 0.144199 2.40079 12.0877 2.54677
207.629 0.144159 2.40072 12.0889 2.54694
207.64 0.144207 2.40077 12.0872 2.54673
207.652 0.14428 2.4008 12.0842 2.54641
207.663 0.144179 2.4007 12.088 2.54685
207.674 0.144123 2.40066 12.0902 2.5471
207.685 0.14409 2.40058 12.0912 2.54725
207.697 0.143955 2.4004 12.0959 2.54785
207.708 0.143875 2.40028 12.0987 2.5482
207.719 0.143897 2.40023 12.0975 2.5481
207.73 0.143872 2.4001 12.0979 2.54821
207.742 0.143895 2.40003 12.0966 2.54811
207.753 0.143936 2.40002 12.0948 2.54793
207.764 0.143864 2.39989 12.0971 2.54825
207.775 0.143865 2.39982 12.0968 2.54824
207.787 0.143915 2.39979 12.0945 2.54802
207.798 0.14387 2.39965 12.0957 2.54822
207.809 0.143883 2.39957 12.0947 2.54816
207.82 0.143946 2.39954 12.0919 2.54788
207.831 0.143898 2.39943 12.0934 2.5481
207.843 0.143863 2.39935 12.0945 2.54825
207.854 0.143874 2.39932 12.0938 2.5482
207.865 0.143786 2.39917 12.0968 2.54859
207.876 0.143759 2.39907 12.0974 2.54871
207.888 0.143802 2.39901 12.0954 2.54852
207.899 0.143762 2.39888 12.0963 2.5487
207.91 0.143766 2.39878 12.0957 2.54868
207.921 0.143841 2.39876 12.0924 2.54835
207.933 0.143865 2.39866 12.0909 2.54824
207.944 0.143951 2.39861 12.087 2.54786
207.955 0.144058 2.39855 12.0822 2.54739
207.966 0.144084 2.39846 12.0807 2.54727
207.978 0.144182 2.39855 12.077 2.54684
207.989 0.144284 2.39853 12.0727 2.54639
208 0.144292 2.39848 12.0721 2.54636
208.011 0.144304 2.39846 12.0715 2.5463
208.022 0.144293 2.39842 12.0718 2.54635
208.034 0.144181 2.39825 12.0756 2.54685
208.045 0.144142 2.39815 12.0767 2.54702
208.056 0.144209 2.39809 12.0736 2.54672
208.067 0.144204 2.39797 12.0733 2.54674
208.079 0.144224 2.39787 12.0719 2.54665
208.09 0.144303 2.39787 12.0686 2.54631
208.101 0.144282 2.39772 12.0687 2.5464
208.112 0.144314 2.39765 12.067 2.54626
208.124 0.144368 2.39753 12.0641 2.54602
208.135 0.14432 2.39734 12.0652 2.54623
208.146 0.144357 2.39721 12.063 2.54607
208.157 0.144432 2.39714 12.0595 2.54574
208.169 0.144451 2.39705 12.0583 2.54565
208.18 0.1445 2.39697 12.0558 2.54544
208.191 0.14457 2.3969 12.0525 2.54513
208.202 0.144498 2.39667 12.0544 2.54545
208.213 0.14449 2.39644 12.0536 2.54548
208.225 0.144551 2.39632 12.0505 2.54522
208.236 0.144531 2.39614 12.0503 2.5453
208.247 0.144565 2.39601 12.0483 2.54515
208.258 0.144637 2.39591 12.0448 2.54483
208.27 0.14465 2.39582 12.0438 2.54478
208.281 0.144722 2.39578 12.0406 2.54446
208.292 0.144839 2.39578 12.0357 2.54395
208.303 0.144845 2.39567 12.0349 2.54392
208.315 0.14492 2.39562 12.0315 2.54359
208.326 0.145031 2.3956 12.0268 2.5431
208.337 0.145032 2.39548 12.0262 2.5431
208.348 0.145084 2.39538 12.0236 2.54287
208.36 0.145162 2.3953 12.0199 2.54253
208.371 0.145168 2.39516 12.0189 2.5425
208.382 0.145214 2.39504 12.0165 2.54231
208.393 0.145327 2.39498 12.0115 2.54181
208.404 0.145313 2.3948 12.0112 2.54187
208.416 0.14533 2.39464 12.0097 2.5418
208.427 0.145433 2.39456 12.005 2.54135
208.438 0.145434 2.39439 12.0041 2.54134
208.449 0.145488 2.39425 12.0012 2.5411
208.461 0.145589 2.39416 11.9966 2.54067
208.472 0.145579 2.39399 11.9961 2.54071
208.483 0.145623 2.39386 11.9937 2.54052
208.494 0.145701 2.39377 11.99 2.54018
208.506 0.14568 2.39357 11.9899 2.54027
208.517 0.145723 2.39344 11.9874 2.54008
208.528 0.145874 2.39339 11.981 2.53942
208.539 0.145885 2.39324 11.9798 2.53937
208.551 0.145923 2.3931 11.9775 2.53921
208.562 0.146013 2.39297 11.9732 2.53882
208.573 0.146037 2.39285 11.9716 2.53871
208.584 0.146103 2.39268 11.968 2.53843
208.596 0.146207 2.39258 11.9633 2.53798
208.607 0.146242 2.39241 11.961 2.53783
208.618 0.146326 2.39227 11.9569 2.53746
208.629 0.146485 2.39218 11.95 2.53677
208.64 0.146561 2.39206 11.9462 2.53644
208.652 0.146686 2.39199 11.9408 2.5359
208.663 0.146881 2.39203 11.9331 2.53506
208.674 0.146941 2.39191 11.93 2.5348
208.685 0.147057 2.39187 11.9251 2.5343
208.697 0.147237 2.39184 11.9177 2.53353
208.708 0.147285 2.39174 11.9152 2.53332
208.719 0.147373 2.39165 11.9112 2.53294
208.73 0.147502 2.39161 11.9058 2.53239
208.742 0.147555 2.3915 11.9031 2.53216
208.753 0.147605 2.39139 11.9006 2.53195
208.764 0.147699 2.39131 11.8964 2.53154
208.775 0.147699 2.39116 11.8957 2.53154
208.787 0.147764 2.39103 11.8924 2.53126
208.798 0.147882 2.391 11.8875 2.53076
208.809 0.147909 2.39087 11.8858 2.53064
208.82 0.147969 2.39079 11.883 2.53039
208.831 0.148062 2.39074 11.879 2.52999
208.843 0.148068 2.39063 11.8781 2.52996
208.854 0.148164 2.39055 11.8739 2.52955
208.865 0.148357 2.39058 11.8663 2.52873
208.876 0.148427 2.39046 11.8629 2.52843
208.888 0.148552 2.3904 11.8577 2.5279
208.899 0.148718 2.39038 11.8509 2.5272
208.91 0.148766 2.39025 11.8484 2.52699
208.921 0.148807 2.3901 11.846 2.52682
208.933 0.14895 2.39009 11.8403 2.52621
208.944 0.148933 2.38994 11.8402 2.52628
208.955 0.149001 2.38987 11.8371 2.52599
208.966 0.149137 2.38988 11.8318 2.52542
208.978 0.149138 2.38974 11.8311 2.52541
208.989 0.149179 2.38967 11.8291 2.52524
209 0.149245 2.38963 11.8263 2.52496
209.011 0.149157 2.38941 11.8287 2.52533
209.022 0.14921 2.38941 11.8266 2.52511
209.034 0.149292 2.38934 11.823 2.52476
209.045 0.149305 2.38924 11.822 2.52471
209.056 0.149396 2.38921 11.8182 2.52432
209.067 0.149582 2.38925 11.8111 2.52354
209.079 0.149634 2.38915 11.8085 2.52332
209.09 0.149796 2.3892 11.8024 2.52263
209.101 0.150011 2.38925 11.7942 2.52173
209.112 0.150126 2.38926 11.7897 2.52125
209.124 0.150293 2.38931 11.7834 2.52055
209.135 0.150508 2.38941 11.7755 2.51965
209.146 0.150565 2.3894 11.7732 2.51941
209.157 0.150652 2.38936 11.7696 2.51904
209.169 0.150813 2.38938 11.7634 2.51837
209.18 0.150849 2.38934 11.7618 2.51822
209.191 0.150936 2.38933 11.7584 2.51786
209.202 0.151056 2.38936 11.7539 2.51736
209.213 0.151047 2.38929 11.7538 2.5174
209.225 0.151073 2.38925 11.7527 2.51729
209.236 0.151137 2.38924 11.7501 2.51702
209.247 0.151078 2.38915 11.752 2.51727
209.258 0.151119 2.38909 11.7501 2.5171
209.27 0.151245 2.38918 11.7456 2.51657
209.281 0.151235 2.38908 11.7455 2.51661
209.292 0.151282 2.38907 11.7436 2.51642
209.303 0.151404 2.38913 11.7392 2.51591
209.315 0.151394 2.38907 11.7393 2.51595
209.326 0.151426 2.38906 11.738 2.51582
209.337 0.151549 2.3891 11.7334 2.51531
209.348 0.151527 2.38906 11.7341 2.5154
209.36 0.15161 2.38907 11.7309 2.51505
209.371 0.151733 2.38908 11.7262 2.51454
209.382 0.151759 2.38904 11.725 2.51444
209.393 0.151854 2.38907 11.7215 2.51404
209.404 0.152025 2.38913 11.7152 2.51334
209.416 0.152096 2.38911 11.7124 2.51304
209.427 0.152209 2.38914 11.7082 2.51258
209.438 0.152374 2.38925 11.7024 2.5119
209.449 0.152414 2.38924 11.7008 2.51173
209.461 0.152466 2.38926 11.6989 2.51152
209.472 0.15258 2.38934 11.6949 2.51105
209.483 0.152554 2.3893 11.6957 2.51116
209.494 0.152581 2.38932 11.6948 2.51105
209.506 0.152678 2.38939 11.6914 2.51064
209.517 0.15266 2.3894 11.6921 2.51072
209.528 0.15273 2.38946 11.6898 2.51043
209.539 0.152854 2.38956 11.6855 2.50992
209.551 0.152844 2.38957 11.6859 2.50996
209.562 0.152885 2.38962 11.6846 2.5098
209.573 0.152993 2.38971 11.6809 2.50935
209.584 0.152967 2.38968 11.6818 2.50946
209.596 0.152977 2.38969 11.6815 2.50942
209.607 0.153064 2.38978 11.6785 2.50906
209.618 0.153035 2.38976 11.6796 2.50918
209.629 0.153071 2.38978 11.6783 2.50903
209.64 0.153175 2.38984 11.6746 2.50861
209.652 0.153151 2.38984 11.6755 2.5087
209.663 0.153201 2.3899 11.6739 2.5085
209.674 0.153312 2.39002 11.6703 2.50805
209.685 0.153321 2.39007 11.6702 2.50801
209.697 0.153379 2.39015 11.6684 2.50777
209.708 0.153487 2.39024 11.6647 2.50733
209.719 0.153487 2.39027 11.6648 2.50733
209.73 0.153492 2.39027 11.6647 2.50731
209.742 0.153565 2.39035 11.6623 2.50701
209.753 0.153498 2.3903 11.6645 2.50728
209.764 0.1535 2.39034 11.6647 2.50728
209.775 0.153579 2.39044 11.6622 2.50696
209.787 0.153502 2.39035 11.6647 2.50727
209.798 0.153513 2.39044 11.6647 2.50723
209.809 0.153584 2.39049 11.6622 2.50693
209.82 0.153547 2.39052 11.6638 2.50709
209.831 0.153534 2.39052 11.6642 2.50714
209.843 0.153596 2.3906 11.6623 2.50689
209.854 0.153509 2.39056 11.6654 2.50724
209.865 0.153492 2.39056 11.6661 2.50731
209.876 0.153544 2.39063 11.6645 2.5071
209.888 0.153465 2.3906 11.6673 2.50742
209.899 0.153437 2.39061 11.6684 2.50753
209.91 0.153489 2.39068 11.6668 2.50732
209.921 0.153412 2.39067 11.6697 2.50764
209.933 0.153396 2.39069 11.6704 2.5077
209.944 0.153461 2.39077 11.6683 2.50744
209.955 0.1534 2.39079 11.6707 2.50769
209.966 0.153412 2.39082 11.6704 2.50764
209.978 0.153519 2.39096 11.667 2.5072
209.989 0.153465 2.39096 11.6691 2.50742
210 0.153501 2.39105 11.6681 2.50728
210.011 0.153592 2.39115 11.6651 2.5069
210.022 0.153517 2.39113 11.6679 2.50721
210.034 0.153539 2.39119 11.6673 2.50712
210.045 0.153617 2.39125 11.6647 2.5068
210.056 0.153571 2.3913 11.6667 2.50699
210.067 0.153595 2.39134 11.666 2.50689
210.079 0.153687 2.39147 11.6631 2.50651
210.09 0.153625 2.39148 11.6655 2.50677
210.101 0.153657 2.39155 11.6647 2.50664
210.112 0.153736 2.39163 11.662 2.50632
210.124 0.153672 2.39165 11.6646 2.50658
210.135 0.153683 2.39168 11.6643 2.50653
210.146 0.153777 2.39178 11.6612 2.50615
210.157 0.153711 2.3918 11.6638 2.50642
210.169 0.15373 2.39184 11.6633 2.50634
210.18 0.153806 2.3919 11.6607 2.50603
210.191 0.153752 2.39186 11.6626 2.50625
210.202 0.153783 2.39196 11.6618 2.50612
210.213 0.153888 2.39206 11.6584 2.50569
210.225 0.153826 2.39204 11.6606 2.50595
210.236 0.15385 2.3921 11.66 2.50585
210.247 0.153955 2.39221 11.6565 2.50542
210.258 0.153897 2.39221 11.6588 2.50566
210.27 0.153907 2.39225 11.6586 2.50562
210.281 0.154013 2.39241 11.6553 2.50519
210.292 0.153964 2.39241 11.6572 2.50539
210.303 0.153976 2.39248 11.6571 2.50534
210.315 0.154075 2.39261 11.654 2.50494
210.326 0.154014 2.39262 11.6563 2.50518
210.337 0.154036 2.39271 11.6559 2.50509
210.348 0.154113 2.39284 11.6536 2.50478
210.36 0.154021 2.39284 11.6571 2.50515
210.371 0.154025 2.39293 11.6574 2.50514
210.382 0.154112 2.39309 11.6549 2.50479
210.393 0.154047 2.39312 11.6575 2.50505
210.404 0.154048 2.39319 11.6578 2.50505
210.416 0.154124 2.39335 11.6557 2.50473
210.427 0.154058 2.39339 11.6584 2.505
210.438 0.154063 2.39349 11.6587 2.50498
210.449 0.154157 2.39364 11.6559 2.5046
210.461 0.1541 2.39367 11.6582 2.50484
210.472 0.154117 2.39378 11.6581 2.50476
210.483 0.154183 2.39388 11.6561 2.5045
210.494 0.154128 2.3939 11.6582 2.50472
210.506 0.154142 2.39396 11.658 2.50466
210.517 0.154208 2.39408 11.6561 2.50439
210.528 0.154125 2.39405 11.6591 2.50473
210.539 0.154161 2.39412 11.6581 2.50459
210.551 0.15423 2.3942 11.6559 2.50431
210.562 0.15416 2.39417 11.6584 2.50459
210.573 0.154202 2.39426 11.6572 2.50442
210.584 0.154307 2.39437 11.6538 2.50399
210.596 0.154242 2.39436 11.6562 2.50426
210.607 0.15428 2.39439 11.6549 2.5041
210.618 0.154385 2.39454 11.6517 2.50368
210.629 0.154337 2.39455 11.6535 2.50387
210.64 0.154358 2.39462 11.6531 2.50379
210.652 0.154467 2.39475 11.6496 2.50334
210.663 0.154433 2.39479 11.6511 2.50348
210.674 0.154507 2.39492 11.6489 2.50318
210.685 0.154624 2.39509 11.6453 2.50271
210.697 0.154613 2.39516 11.6461 2.50275
210.708 0.154674 2.39535 11.6447 2.50251
210.719 0.154756 2.39553 11.6425 2.50217
210.73 0.154677 2.3955 11.6453 2.50249
210.742 0.154704 2.39567 11.6451 2.50239
210.753 0.154755 2.39578 11.6437 2.50218
210.764 0.154685 2.39576 11.6463 2.50246
210.775 0.154695 2.39579 11.646 2.50242
210.787 0.154768 2.39588 11.6437 2.50213
210.798 0.154686 2.39587 11.6468 2.50246
210.809 0.154697 2.39596 11.6468 2.50241
210.82 0.154783 2.39607 11.6441 2.50206
210.831 0.154717 2.39607 11.6466 2.50233
210.843 0.154757 2.39614 11.6455 2.50217
210.854 0.154877 2.39632 11.6418 2.50169
210.865 0.154789 2.39629 11.6449 2.50204
210.876 0.154803 2.39644 11.6451 2.50198
210.888 0.154861 2.39655 11.6435 2.50175
210.899 0.154775 2.39651 11.6465 2.5021
210.91 0.154787 2.39658 11.6465 2.50205
210.921 0.154854 2.3967 11.6445 2.50178
210.933 0.154764 2.39666 11.6477 2.50214
210.944 0.154759 2.39669 11.648 2.50216
210.955 0.154789 2.39672 11.647 2.50204
210.966 0.154708 2.39668 11.6499 2.50237
210.978 0.154708 2.39669 11.6499 2.50237
210.989 0.154801 2.39677 11.6468 2.502
211 0.154728 2.39674 11.6494 2.50229
211.011 0.154764 2.3968 11.6484 2.50214
211.022 0.154863 2.39689 11.6451 2.50174
211.034 0.154819 2.39692 11.6469 2.50192
211.045 0.154865 2.39702 11.6456 2.50173
211.056 0.154969 2.39714 11.6423 2.50132
211.067 0.154919 2.39717 11.6443 2.50152
211.079 0.154945 2.39725 11.6438 2.50141
211.09 0.155021 2.39735 11.6413 2.5011
211.101 0.154919 2.39733 11.6451 2.50152
211.112 0.154891 2.39736 11.6463 2.50163
211.124 0.154945 2.39746 11.6447 2.50141
211.135 0.154865 2.39741 11.6475 2.50173
211.146 0.154865 2.39744 11.6477 2.50174
211.157 0.154945 2.39754 11.6451 2.50141
211.169 0.154772 2.39743 11.6511 2.50211
211.18 0.154725 2.39746 11.653 2.5023
211.191 0.154758 2.39753 11.6521 2.50217
211.202 0.154637 2.39747 11.6564 2.50266
211.213 0.154639 2.39749 11.6564 2.50265
211.225 0.154652 2.39754 11.6562 2.5026
211.236 0.154529 2.39744 11.6603 2.50309
211.247 0.154487 2.39741 11.6618 2.50326
211.258 0.154473 2.39739 11.6622 2.50332
211.27 0.154362 2.39731 11.666 2.50377
211.281 0.154329 2.39726 11.667 2.50391
211.292 0.154422 2.39732 11.6638 2.50353
211.303 0.15434 2.39722 11.6664 2.50386
211.315 0.154377 2.39725 11.6651 2.50371
211.326 0.154503 2.39735 11.6609 2.5032
211.337 0.154464 2.39735 11.6623 2.50336
211.348 0.15453 2.39744 11.6603 2.50309
211.36 0.154669 2.39755 11.6556 2.50253
211.371 0.154655 2.39759 11.6563 2.50259
211.382 0.154706 2.39766 11.6547 2.50238
211.393 0.154817 2.3978 11.6512 2.50193
211.404 0.154732 2.39774 11.6541 2.50227
211.416 0.154757 2.39781 11.6535 2.50217
211.427 0.1548 2.3979 11.6524 2.502
211.438 0.154678 2.39777 11.6563 2.50249
211.449 0.154664 2.39775 11.6568 2.50255
211.461 0.154682 2.39777 11.6562 2.50248
211.472 0.154564 2.39765 11.66 2.50295
211.483 0.154517 2.39757 11.6614 2.50314
211.494 0.154544 2.39756 11.6603 2.50303
211.506 0.154434 2.39746 11.664 2.50348
211.517 0.154412 2.39742 11.6646 2.50357
211.528 0.154469 2.39743 11.6625 2.50334
211.539 0.154371 2.39733 11.6657 2.50373
211.551 0.154341 2.39728 11.6667 2.50386
211.562 0.154434 2.39734 11.6634 2.50348
211.573 0.154382 2.39729 11.6652 2.50369
211.584 0.154417 2.3973 11.6639 2.50355
211.596 0.154588 2.39749 11.6583 2.50286
211.607 0.154529 2.39736 11.6599 2.50309
211.618 0.154588 2.39738 11.6578 2.50285
211.629 0.154771 2.39761 11.652 2.50212
211.64 0.154705 2.39756 11.6543 2.50238
211.652 0.154654 2.39751 11.6559 2.50259
211.663 0.154645 2.39749 11.6562 2.50262
211.674 0.154518 2.39737 11.6604 2.50314
211.685 0.154472 2.39729 11.6617 2.50332
211.697 0.154527 2.39727 11.6596 2.5031
211.708 0.154442 2.39715 11.6622 2.50345
211.719 0.154422 2.39708 11.6626 2.50353
211.73 0.154465 2.39706 11.6609 2.50335
211.742 0.15433 2.39693 11.6653 2.5039
211.753 0.154261 2.3968 11.6674 2.50418
211.764 0.154298 2.39676 11.6657 2.50403
211.775 0.15419 2.39659 11.669 2.50447
211.787 0.15417 2.39651 11.6694 2.50455
211.798 0.154278 2.39657 11.6656 2.50411
211.809 0.154244 2.3965 11.6665 2.50425
211.82 0.154323 2.39651 11.6636 2.50393
211.831 0.154495 2.3966 11.6575 2.50323
211.843 0.15443 2.39654 11.6597 2.50349
211.854 0.154483 2.39651 11.6575 2.50328
211.865 0.15458 2.39651 11.6539 2.50289
211.876 0.154522 2.3964 11.6555 2.50312
211.888 0.154535 2.39633 11.6547 2.50307
211.899 0.154583 2.39629 11.6527 2.50288
211.91 0.154474 2.39613 11.656 2.50332
211.921 0.15444 2.39605 11.657 2.50346
211.933 0.15447 2.39603 11.6557 2.50333
211.944 0.154354 2.39588 11.6594 2.5038
211.955 0.154306 2.39574 11.6605 2.504
211.966 0.154356 2.39569 11.6583 2.50379
211.978 0.154232 2.39549 11.6621 2.5043
211.989 0.154227 2.39537 11.6617 2.50432
212 0.154319 2.39537 11.6582 2.50394
212.011 0.154223 2.39522 11.6611 2.50433
212.022 0.154228 2.39516 11.6606 2.50432
212.034 0.154264 2.39512 11.659 2.50417
212.045 0.154192 2.39498 11.6611 2.50446
212.056 0.154186 2.3949 11.6609 2.50449
212.067 0.154262 2.39486 11.6579 2.50418
212.079 0.154214 2.39474 11.6591 2.50437
212.09 0.154218 2.39464 11.6584 2.50435
212.101 0.154321 2.39463 11.6545 2.50394
212.112 0.154234 2.39448 11.6571 2.50429
212.124 0.154229 2.39438 11.6568 2.50431
212.135 0.154273 2.39431 11.6548 2.50413
212.146 0.154141 2.39409 11.6587 2.50467
212.157 0.154124 2.39392 11.6585 2.50474
212.169 0.154238 2.39389 11.654 2.50427
212.18 0.154197 2.39373 11.6548 2.50444
212.191 0.154254 2.39367 11.6524 2.50421
212.202 0.154401 2.3937 11.6469 2.50361
212.213 0.154293 2.39353 11.6502 2.50405
212.225 0.154306 2.39345 11.6493 2.504
212.236 0.154357 2.39339 11.6471 2.50379
212.247 0.154277 2.3932 11.6492 2.50411
212.258 0.154258 2.39307 11.6493 2.50419
212.27 0.154301 2.39298 11.6472 2.50402
212.281 0.154204 2.39275 11.6498 2.50441
212.292 0.154196 2.39262 11.6494 2.50444
212.303 0.154237 2.39252 11.6474 2.50428
212.315 0.154129 2.39229 11.6504 2.50472
212.326 0.15405 2.39208 11.6523 2.50504
212.337 0.154092 2.39196 11.6502 2.50487
212.348 0.15401 2.39175 11.6523 2.5052
212.36 0.15405 2.39164 11.6502 2.50504
212.371 0.154232 2.39166 11.6434 2.5043
212.382 0.154251 2.39152 11.642 2.50422
212.393 0.154303 2.39146 11.6398 2.50401
212.404 0.154435 2.39148 11.6349 2.50347
212.416 0.154406 2.39133 11.6352 2.50359
212.427 0.154463 2.39128 11.6329 2.50336
212.438 0.154577 2.39126 11.6285 2.5029
212.449 0.154514 2.39107 11.6299 2.50316
212.461 0.154508 2.3909 11.6293 2.50318
212.472 0.154624 2.39085 11.6247 2.50271
212.483 0.154573 2.39064 11.6256 2.50292
212.494 0.154591 2.3905 11.6243 2.50284
212.506 0.154664 2.39039 11.6209 2.50255
212.517 0.154599 2.39014 11.6222 2.50281
212.528 0.154591 2.38997 11.6217 2.50284
212.539 0.154687 2.38989 11.6176 2.50245
212.551 0.154642 2.38969 11.6184 2.50263
212.562 0.154564 2.3895 11.6204 2.50295
212.573 0.154604 2.3894 11.6184 2.50279
212.584 0.154508 2.38917 11.6209 2.50318
212.596 0.154494 2.38899 11.6205 2.50323
212.607 0.15461 2.38892 11.6158 2.50276
212.618 0.154606 2.38874 11.6151 2.50278
212.629 0.154648 2.38863 11.613 2.50261
212.64 0.154782 2.3886 11.6079 2.50207
212.652 0.154776 2.3885 11.6076 2.5021
212.663 0.154797 2.3884 11.6063 2.50201
212.674 0.154914 2.38834 11.6016 2.50154
212.685 0.154894 2.38815 11.6015 2.50162
212.697 0.154986 2.38802 11.5974 2.50125
212.708 0.155186 2.38802 11.5899 2.50044
212.719 0.155172 2.38783 11.5895 2.5005
212.73 0.155208 2.38773 11.5877 2.50035
212.742 0.155238 2.38766 11.5862 2.50023
212.753 0.155189 2.38751 11.5873 2.50043
212.764 0.155202 2.38738 11.5862 2.50037
212.775 0.15526 2.38729 11.5836 2.50014
212.787 0.155158 2.38707 11.5864 2.50055
212.798 0.155149 2.38693 11.586 2.50059
212.809 0.155255 2.38687 11.5818 2.50016
212.82 0.155215 2.38667 11.5823 2.50032
212.831 0.155236 2.38653 11.5808 2.50024
212.843 0.155316 2.38642 11.5773 2.49991
212.854 0.155272 2.38622 11.578 2.50009
212.865 0.155282 2.38605 11.5767 2.50005
212.876 0.15542 2.386 11.5714 2.4995
212.888 0.155388 2.38579 11.5716 2.49963
212.899 0.155455 2.38569 11.5685 2.49936
212.91 0.155558 2.38558 11.5642 2.49894
212.921 0.155495 2.38539 11.5656 2.4992
212.933 0.155489 2.38524 11.5651 2.49922
212.944 0.155632 2.3852 11.5596 2.49865
212.955 0.155676 2.38507 11.5574 2.49847
212.966 0.155814 2.38504 11.5521 2.49792
212.978 0.156026 2.38505 11.5443 2.49707
212.989 0.156067 2.38493 11.5422 2.4969
213 0.156167 2.38486 11.5381 2.4965
213.011 0.156271 2.38485 11.5342 2.49609
213.022 0.156228 2.38472 11.5352 2.49626
213.034 0.156242 2.38461 11.5342 2.4962
213.045 0.156324 2.38455 11.5309 2.49588
213.056 0.156267 2.38432 11.5319 2.49611
213.067 0.156224 2.38411 11.5324 2.49628
213.079 0.156216 2.38397 11.532 2.49631
213.09 0.156117 2.38374 11.5346 2.4967
213.101 0.156099 2.38356 11.5344 2.49678
213.112 0.156166 2.38349 11.5316 2.49651
213.124 0.15611 2.38331 11.5328 2.49673
213.135 0.156124 2.38318 11.5316 2.49668
213.146 0.156268 2.38315 11.5262 2.4961
213.157 0.156228 2.38298 11.5268 2.49626
213.169 0.156301 2.3829 11.5237 2.49597
213.18 0.156453 2.3829 11.5181 2.49536
213.191 0.156513 2.38278 11.5154 2.49512
213.202 0.156554 2.3827 11.5134 2.49496
213.213 0.156682 2.38265 11.5085 2.49445
213.225 0.156707 2.38253 11.507 2.49435
213.236 0.15681 2.38243 11.5028 2.49394
213.247 0.156979 2.3824 11.4964 2.49327
213.258 0.156982 2.3823 11.4958 2.49326
213.27 0.157064 2.38222 11.4924 2.49293
213.281 0.157249 2.38223 11.4857 2.4922
213.292 0.15728 2.38209 11.4839 2.49208
213.303 0.157393 2.38203 11.4795 2.49163
213.315 0.157538 2.38201 11.4741 2.49106
213.326 0.157565 2.38189 11.4725 2.49095
213.337 0.157618 2.38181 11.4702 2.49074
213.348 0.157761 2.38181 11.465 2.49017
213.36 0.157715 2.38165 11.4659 2.49036
213.371 0.157752 2.38157 11.4642 2.49021
213.382 0.157867 2.38154 11.4599 2.48975
213.393 0.157783 2.38134 11.4619 2.49009
213.404 0.15774 2.3812 11.4629 2.49026
213.416 0.157787 2.38113 11.4608 2.49007
213.427 0.157686 2.38091 11.4634 2.49047
213.438 0.157682 2.38075 11.4628 2.49049
213.449 0.157718 2.38064 11.461 2.49035
213.461 0.157618 2.38044 11.4636 2.49074
213.472 0.157614 2.38028 11.463 2.49075
213.483 0.157734 2.38021 11.4583 2.49028
213.494 0.157754 2.38007 11.4569 2.4902
213.506 0.157849 2.37998 11.4531 2.48983
213.517 0.158042 2.37999 11.4461 2.48907
213.528 0.158052 2.37986 11.4451 2.48903
213.539 0.158115 2.37979 11.4424 2.48878
213.551 0.158273 2.37977 11.4367 2.48816
213.562 0.158306 2.37965 11.4349 2.48803
213.573 0.158368 2.37955 11.4322 2.48778
213.584 0.158504 2.37955 11.4273 2.48725
213.596 0.158503 2.3794 11.4266 2.48726
213.607 0.158593 2.37937 11.4232 2.4869
213.618 0.158743 2.37934 11.4177 2.48631
213.629 0.158727 2.37915 11.4173 2.48638
213.64 0.158782 2.37905 11.4149 2.48616
213.652 0.158896 2.37899 11.4105 2.48572
213.663 0.158886 2.37886 11.4102 2.48575
213.674 0.158954 2.37878 11.4074 2.48549
213.685 0.159063 2.37874 11.4033 2.48506
213.697 0.159029 2.37857 11.4037 2.4852
213.708 0.159093 2.3785 11.4011 2.48495
213.719 0.159257 2.37846 11.395 2.48431
213.73 0.159247 2.3783 11.3946 2.48435
213.742 0.159297 2.3782 11.3923 2.48415
213.753 0.159434 2.37817 11.3873 2.48362
213.764 0.159408 2.37801 11.3875 2.48372
213.775 0.159452 2.37792 11.3855 2.48355
213.787 0.159538 2.37785 11.3821 2.48321
213.798 0.159511 2.37768 11.3822 2.48332
213.809 0.159528 2.37755 11.381 2.48325
213.82 0.159624 2.37746 11.3771 2.48288
213.831 0.159559 2.37727 11.3785 2.48313
213.843 0.159543 2.37711 11.3783 2.48319
213.854 0.159649 2.37703 11.3742 2.48278
213.865 0.159621 2.37683 11.3742 2.48289
213.876 0.159681 2.37674 11.3716 2.48265
213.888 0.159802 2.37671 11.3672 2.48219
213.899 0.159819 2.37659 11.366 2.48212
213.91 0.159863 2.37648 11.3639 2.48195
213.921 0.160001 2.37642 11.3587 2.48141
213.933 0.160008 2.37626 11.3577 2.48139
213.944 0.160023 2.37614 11.3566 2.48133
213.955 0.160153 2.3761 11.3518 2.48082
213.966 0.160121 2.37595 11.3522 2.48095
213.978 0.160153 2.37585 11.3506 2.48082
213.989 0.16022 2.37572 11.3476 2.48056
214 0.160166 2.37554 11.3487 2.48077
214.011 0.16014 2.37534 11.3486 2.48087
214.022 0.160252 2.37525 11.3442 2.48044
214.034 0.160202 2.37501 11.3449 2.48063
214.045 0.160223 2.37486 11.3434 2.48055
214.056 0.160347 2.37477 11.3386 2.48007
214.067 0.160333 2.37452 11.3379 2.48013
214.079 0.160357 2.37434 11.3362 2.48003
214.09 0.160468 2.37423 11.3317 2.47961
214.101 0.160444 2.37403 11.3316 2.4797
214.112 0.160572 2.37392 11.3266 2.4792
214.124 0.160741 2.37386 11.3203 2.47855
214.135 0.160736 2.37369 11.3197 2.47857
214.146 0.160802 2.37355 11.3167 2.47831
214.157 0.160931 2.37349 11.3119 2.47782
214.169 0.160901 2.37331 11.3121 2.47794
214.18 0.160931 2.37315 11.3103 2.47782
214.191 0.161088 2.37309 11.3045 2.47722
214.202 0.161058 2.37291 11.3047 2.47733
214.213 0.161095 2.37275 11.3026 2.47719
214.225 0.161209 2.37265 11.2982 2.47675
214.236 0.161211 2.37247 11.2972 2.47674
214.247 0.161279 2.37233 11.2942 2.47648
214.258 0.161439 2.37224 11.2881 2.47587
214.27 0.161409 2.37203 11.2882 2.47598
214.281 0.161442 2.37188 11.2863 2.47586
214.292 0.161557 2.3718 11.2819 2.47542
214.303 0.161516 2.37162 11.2825 2.47557
214.315 0.161549 2.3715 11.2808 2.47545
214.326 0.161634 2.37143 11.2775 2.47512
214.337 0.161549 2.37121 11.2794 2.47544
214.348 0.161596 2.37111 11.2773 2.47527
214.36 0.161694 2.37103 11.2735 2.47489
214.371 0.161683 2.37089 11.2732 2.47493
214.382 0.16172 2.37074 11.2712 2.47479
214.393 0.161838 2.37066 11.2667 2.47434
214.404 0.161825 2.37048 11.2663 2.47439
214.416 0.16186 2.37035 11.2645 2.47426
214.427 0.16197 2.37027 11.2603 2.47384
214.438 0.1619 2.3701 11.2619 2.4741
214.449 0.161909 2.36992 11.2607 2.47407
214.461 0.162003 2.36986 11.2572 2.47371
214.472 0.161923 2.36965 11.2589 2.47402
214.483 0.161893 2.36945 11.259 2.47413
214.494 0.161957 2.36936 11.2564 2.47389
214.506 0.161842 2.36914 11.2594 2.47433
214.517 0.1618 2.36896 11.26 2.47449
214.528 0.161872 2.3689 11.2572 2.47421
214.539 0.161773 2.3687 11.2596 2.47459
214.551 0.161755 2.36857 11.2596 2.47466
214.562 0.161822 2.36849 11.257 2.4744
214.573 0.161769 2.36832 11.258 2.4746
214.584 0.161794 2.36821 11.2566 2.47451
214.596 0.16189 2.36814 11.2529 2.47414
214.607 0.16185 2.36796 11.2534 2.47429
214.618 0.161892 2.36785 11.2515 2.47413
214.629 0.162007 2.36779 11.2472 2.4737
214.64 0.161969 2.36762 11.2477 2.47384
214.652 0.161963 2.36747 11.2472 2.47386
214.663 0.16206 2.36744 11.2437 2.47349
214.674 0.161977 2.36723 11.2456 2.47381
214.685 0.16198 2.3671 11.2448 2.4738
214.697 0.162033 2.36698 11.2425 2.4736
214.708 0.161917 2.36676 11.2454 2.47404
214.719 0.161887 2.36662 11.2458 2.47415
214.73 0.16193 2.36654 11.2439 2.47399
214.742 0.161833 2.36636 11.2464 2.47436
214.753 0.161791 2.36619 11.2471 2.47452
214.764 0.161832 2.36612 11.2453 2.47436
214.775 0.161717 2.36589 11.2482 2.4748
214.787 0.161678 2.36574 11.2489 2.47495
214.798 0.161707 2.36563 11.2474 2.47484
214.809 0.161603 2.36544 11.2501 2.47524
214.82 0.161551 2.36528 11.2511 2.47544
214.831 0.161602 2.3652 11.249 2.47524
214.843 0.161465 2.36497 11.2526 2.47577
214.854 0.161435 2.36482 11.253 2.47588
214.865 0.161499 2.36474 11.2503 2.47564
214.876 0.161374 2.36451 11.2536 2.47612
214.888 0.161335 2.36433 11.2541 2.47627
214.899 0.161423 2.36427 11.2508 2.47593
214.91 0.161309 2.36409 11.2539 2.47636
214.921 0.161297 2.36395 11.2537 2.47641
214.933 0.161361 2.36386 11.251 2.47617
214.944 0.161232 2.36368 11.2546 2.47666
214.955 0.161218 2.36356 11.2545 2.47671
214.966 0.161256 2.36348 11.2528 2.47657
214.978 0.161131 2.36327 11.2562 2.47705
214.989 0.161088 2.36314 11.2571 2.47722
215 0.161122 2.36306 11.2555 2.47708
215.011 0.160983 2.36287 11.2595 2.47762
215.022 0.160938 2.36276 11.2605 2.47779
215.034 0.160948 2.36267 11.2597 2.47776
215.045 0.160814 2.36248 11.2635 2.47827
215.056 0.160764 2.36235 11.2647 2.47846
215.067 0.160794 2.36231 11.2634 2.47835
215.079 0.160666 2.36213 11.267 2.47884
215.09 0.160624 2.36202 11.268 2.479
215.101 0.160649 2.36197 11.2669 2.47891
215.112 0.160495 2.36177 11.2714 2.4795
215.124 0.16044 2.36162 11.2726 2.47971
215.135 0.160471 2.36158 11.2713 2.4796
215.146 0.160312 2.36133 11.2756 2.48021
215.157 0.16025 2.36122 11.2773 2.48045
215.169 0.160258 2.36116 11.2767 2.48042
215.18 0.160127 2.36095 11.2804 2.48093
215.191 0.160082 2.36088 11.2816 2.4811
215.202 0.160084 2.36083 11.2813 2.48109
215.213 0.159933 2.36068 11.2859 2.48168
215.225 0.159859 2.3606 11.2881 2.48196
215.236 0.159822 2.36055 11.2892 2.48211
215.247 0.159615 2.36033 11.2955 2.48291
215.258 0.159493 2.36019 11.2991 2.48338
215.27 0.15946 2.36011 11.2999 2.48351
215.281 0.159255 2.35988 11.3061 2.48431
215.292 0.159143 2.35971 11.3092 2.48475
215.303 0.159088 2.35957 11.3105 2.48496
215.315 0.15888 2.35932 11.3167 2.48578
215.326 0.158763 2.35917 11.3202 2.48624
215.337 0.158727 2.35906 11.3209 2.48638
215.348 0.158533 2.35882 11.3267 2.48714
215.36 0.158413 2.35864 11.3301 2.48761
215.371 0.158382 2.35854 11.3307 2.48773
215.382 0.158172 2.35831 11.3371 2.48855
215.393 0.158056 2.35814 11.3405 2.48901
215.404 0.158036 2.35807 11.3409 2.48909
215.416 0.157837 2.35786 11.347 2.48988
215.427 0.157739 2.35772 11.3499 2.49026
215.438 0.157755 2.35765 11.349 2.4902
215.449 0.157584 2.35746 11.3542 2.49087
215.461 0.157484 2.3573 11.357 2.49127
215.472 0.157495 2.35726 11.3565 2.49123
215.483 0.157316 2.35706 11.3619 2.49193
215.494 0.15726 2.35694 11.3634 2.49215
215.506 0.157246 2.35686 11.3635 2.49221
215.517 0.157062 2.35665 11.3691 2.49294
215.528 0.156929 2.35647 11.3731 2.49347
215.539 0.156875 2.35635 11.3744 2.49368
215.551 0.156652 2.35613 11.3815 2.49457
215.562 0.156516 2.35595 11.3856 2.49511
215.573 0.156446 2.35585 11.3876 2.49539
215.584 0.156231 2.35567 11.3946 2.49625
215.596 0.156127 2.35557 11.3979 2.49667
215.607 0.15612 2.35553 11.3979 2.49669
215.618 0.155913 2.35533 11.4046 2.49752
215.629 0.155814 2.35524 11.4078 2.49792
215.64 0.155802 2.35519 11.408 2.49796
215.652 0.155674 2.35504 11.4119 2.49848
215.663 0.155592 2.35493 11.4144 2.49881
215.674 0.155622 2.35493 11.4133 2.49869
215.685 0.155499 2.3548 11.4172 2.49918
215.697 0.155425 2.35471 11.4194 2.49948
215.708 0.155427 2.35469 11.4193 2.49947
215.719 0.155274 2.35453 11.4241 2.50008
215.73 0.155219 2.3545 11.426 2.50031
215.742 0.155254 2.35453 11.4249 2.50017
215.753 0.155128 2.35436 11.4287 2.50067
215.764 0.155066 2.35431 11.4307 2.50092
215.775 0.155043 2.35426 11.4313 2.50102
215.787 0.154871 2.3541 11.4369 2.50171
215.798 0.154691 2.35394 11.4428 2.50244
215.809 0.154584 2.35388 11.4464 2.50287
215.82 0.15436 2.35369 11.4538 2.50378
215.831 0.154199 2.35352 11.459 2.50443
215.843 0.154111 2.35344 11.4618 2.50479
215.854 0.15391 2.35325 11.4684 2.50561
215.865 0.153788 2.35313 11.4723 2.5061
215.876 0.153742 2.35308 11.4738 2.50629
215.888 0.153562 2.35292 11.4798 2.50703
215.899 0.153397 2.35277 11.4852 2.5077
215.91 0.153277 2.35265 11.4891 2.50819
215.921 0.153025 2.3524 11.4974 2.50922
215.933 0.152891 2.35223 11.5016 2.50977
215.944 0.152837 2.35215 11.5032 2.50999
215.955 0.152642 2.35193 11.5095 2.51079
215.966 0.152513 2.35178 11.5136 2.51133
215.978 0.152489 2.35174 11.5143 2.51142
215.989 0.152338 2.35158 11.5192 2.51205
216 0.152234 2.35146 11.5226 2.51248
216.011 0.152206 2.35141 11.5234 2.51259
216.022 0.152001 2.35125 11.5304 2.51344
216.034 0.15185 2.35109 11.5353 2.51406
216.045 0.151776 2.35103 11.5378 2.51437
216.056 0.151608 2.35085 11.5434 2.51506
216.067 0.15152 2.35073 11.5461 2.51543
216.079 0.151486 2.35063 11.5469 2.51557
216.09 0.151353 2.35045 11.5511 2.51612
216.101 0.151304 2.35033 11.5524 2.51632
216.112 0.151299 2.35026 11.5522 2.51635
216.124 0.151163 2.35008 11.5565 2.51691
216.135 0.151119 2.34998 11.5577 2.5171
216.146 0.151122 2.34994 11.5574 2.51708
216.157 0.150995 2.34976 11.5614 2.51761
216.169 0.150944 2.34966 11.5629 2.51783
216.18 0.150927 2.34961 11.5633 2.5179
216.191 0.150742 2.34943 11.5695 2.51867
216.202 0.150584 2.34924 11.5746 2.51933
216.213 0.150491 2.34913 11.5776 2.51972
216.225 0.150256 2.34889 11.5855 2.5207
216.236 0.150083 2.3487 11.5912 2.52143
216.247 0.149967 2.34855 11.595 2.52192
216.258 0.14974 2.34828 11.6024 2.52287
216.27 0.149557 2.34805 11.6084 2.52364
216.281 0.149479 2.34791 11.6107 2.52397
216.292 0.149319 2.34769 11.6158 2.52465
216.303 0.149255 2.34756 11.6177 2.52492
216.315 0.149259 2.34748 11.6172 2.5249
216.326 0.149163 2.34732 11.6201 2.52531
216.337 0.149094 2.34721 11.6222 2.5256
216.348 0.149093 2.34713 11.6219 2.52561
216.36 0.148972 2.34697 11.6258 2.52612
216.371 0.148899 2.34684 11.628 2.52642
216.382 0.148881 2.34678 11.6284 2.5265
216.393 0.148759 2.34661 11.6323 2.52702
216.404 0.148698 2.34648 11.6341 2.52728
216.416 0.148605 2.34636 11.6371 2.52767
216.427 0.14844 2.34614 11.6425 2.52837
216.438 0.148352 2.34597 11.6451 2.52875
216.449 0.148357 2.3459 11.6446 2.52873
216.461 0.14827 2.34575 11.6472 2.5291
216.472 0.14823 2.34566 11.6484 2.52927
216.483 0.148209 2.34558 11.6488 2.52936
216.494 0.148099 2.34543 11.6523 2.52983
216.506 0.148007 2.34527 11.6552 2.53023
216.517 0.147959 2.34516 11.6565 2.53043
216.528 0.147832 2.34499 11.6607 2.53097
216.539 0.147738 2.34483 11.6636 2.53138
216.551 0.147706 2.34474 11.6644 2.53151
216.562 0.147568 2.34453 11.6689 2.53211
216.573 0.147469 2.34439 11.672 2.53253
216.584 0.147404 2.34425 11.674 2.53281
216.596 0.147194 2.34403 11.6812 2.53371
216.607 0.147024 2.34383 11.6869 2.53444
216.618 0.146895 2.34366 11.6912 2.535
216.629 0.1467 2.34345 11.6979 2.53584
216.64 0.146549 2.34323 11.7029 2.53649
216.652 0.146454 2.34305 11.7057 2.53691
216.663 0.146282 2.34278 11.7113 2.53765
216.674 0.146187 2.34259 11.7141 2.53806
216.685 0.146148 2.34246 11.7151 2.53823
216.697 0.146045 2.3423 11.7184 2.53868
216.708 0.146007 2.3422 11.7194 2.53885
216.719 0.146011 2.34217 11.7191 2.53883
216.73 0.145887 2.34205 11.7235 2.53937
216.742 0.145812 2.34191 11.7257 2.53969
216.753 0.145835 2.34179 11.7243 2.53959
216.764 0.145741 2.34164 11.7273 2.54
216.775 0.145653 2.34147 11.73 2.54039
216.787 0.145619 2.34142 11.7311 2.54053
216.798 0.145535 2.34128 11.7338 2.5409
216.809 0.14549 2.34118 11.7351 2.5411
216.82 0.145453 2.34103 11.7358 2.54126
216.831 0.145326 2.34089 11.7403 2.54181
216.843 0.145234 2.34078 11.7434 2.54222
216.854 0.145217 2.34075 11.7439 2.54229
216.865 0.145094 2.3406 11.7482 2.54283
216.876 0.144998 2.34046 11.7514 2.54325
216.888 0.144939 2.34036 11.7532 2.54351
216.899 0.144816 2.3402 11.7574 2.54405
216.91 0.144763 2.34012 11.7592 2.54428
216.921 0.144797 2.3401 11.7577 2.54413
216.933 0.144707 2.33998 11.7607 2.54453
216.944 0.144621 2.33989 11.7638 2.54491
216.955 0.144488 2.33975 11.7685 2.54549
216.966 0.144302 2.33961 11.7754 2.54631
216.978 0.144138 2.33941 11.7811 2.54703
216.989 0.144037 2.33925 11.7844 2.54748
217 0.143905 2.33907 11.7889 2.54806
217.011 0.143819 2.33892 11.7916 2.54844
217.022 0.143792 2.33885 11.7924 2.54857
217.034 0.143714 2.33873 11.795 2.54891
217.045 0.14367 2.33866 11.7965 2.54911
217.056 0.143686 2.33863 11.7956 2.54904
217.067 0.143602 2.33852 11.7985 2.54941
217.079 0.143566 2.33845 11.7997 2.54957
217.09 0.1436 2.33841 11.7981 2.54942
217.101 0.143537 2.3383 11.8001 2.5497
217.112 0.14348 2.33823 11.8021 2.54995
217.124 0.14341 2.33817 11.8047 2.55026
217.135 0.14327 2.33806 11.8099 2.55089
217.146 0.143163 2.33796 11.8138 2.55136
217.157 0.143112 2.33791 11.8157 2.55159
217.169 0.143002 2.33781 11.8197 2.55208
217.18 0.142929 2.33774 11.8224 2.5524
217.191 0.142928 2.33773 11.8224 2.55241
217.202 0.142865 2.33766 11.8246 2.55269
217.213 0.142824 2.33761 11.826 2.55287
217.225 0.142835 2.3376 11.8255 2.55282
217.236 0.142783 2.33755 11.8275 2.55306
217.247 0.142762 2.33752 11.8282 2.55315
217.258 0.142792 2.33756 11.8271 2.55302
217.27 0.142699 2.33745 11.8304 2.55343
217.281 0.142631 2.33738 11.8328 2.55374
217.292 0.14254 2.33731 11.8363 2.55415
217.303 0.142368 2.33723 11.843 2.55491
217.315 0.14224 2.33716 11.848 2.55549
217.326 0.142159 2.3371 11.8511 2.55585
217.337 0.142021 2.33699 11.8563 2.55647
217.348 0.141946 2.33692 11.859 2.55681
217.36 0.141923 2.33689 11.8599 2.55691
217.371 0.141847 2.33686 11.8629 2.55726
217.382 0.141796 2.33681 11.8648 2.55749
217.393 0.141778 2.33679 11.8654 2.55757
217.404 0.141695 2.33676 11.8687 2.55794
217.416 0.141654 2.33674 11.8704 2.55813
217.427 0.141658 2.33678 11.8704 2.55811
217.438 0.141618 2.33681 11.8722 2.55829
217.449 0.14166 2.33694 11.8711 2.5581
217.461 0.141636 2.33698 11.8723 2.55821
217.472 0.141526 2.33693 11.8767 2.5587
217.483 0.141383 2.33677 11.8819 2.55935
217.494 0.14132 2.33673 11.8844 2.55964
217.506 0.141195 2.3366 11.889 2.56021
217.517 0.141112 2.33656 11.8922 2.56058
217.528 0.141074 2.33654 11.8937 2.56075
217.539 0.141011 2.33651 11.8962 2.56104
217.551 0.140984 2.33649 11.8973 2.56116
217.562 0.140996 2.33655 11.8971 2.56111
217.573 0.140959 2.33656 11.8987 2.56128
217.584 0.140963 2.3366 11.8987 2.56126
217.596 0.141014 2.33667 11.8969 2.56103
217.607 0.14098 2.3367 11.8985 2.56118
217.618 0.140977 2.33675 11.8989 2.5612
217.629 0.140998 2.33682 11.8984 2.5611
217.64 0.140909 2.33682 11.9021 2.5615
217.652 0.140856 2.33684 11.9044 2.56174
217.663 0.14081 2.33687 11.9065 2.56195
217.674 0.140692 2.33683 11.9114 2.56249
217.685 0.140642 2.33687 11.9137 2.56272
217.697 0.140634 2.33692 11.9142 2.56276
217.708 0.140587 2.33694 11.9163 2.56297
217.719 0.140568 2.33702 11.9175 2.56306
217.73 0.140617 2.33708 11.9158 2.56283
217.742 0.140598 2.33708 11.9166 2.56292
217.753 0.1406 2.33711 11.9166 2.56291
217.764 0.140614 2.33718 11.9164 2.56285
217.775 0.14056 2.33722 11.9189 2.56309
217.787 0.140549 2.33731 11.9198 2.56314
217.798 0.140565 2.33741 11.9197 2.56307
217.809 0.14046 2.33743 11.9242 2.56355
217.82 0.140354 2.33743 11.9287 2.56403
217.831 0.140294 2.33748 11.9316 2.56431
217.843 0.140172 2.33744 11.9365 2.56486
217.854 0.140085 2.33744 11.9402 2.56526
217.865 0.140049 2.3375 11.942 2.56543
217.876 0.139947 2.33749 11.9464 2.56589
217.888 0.1399 2.33753 11.9486 2.56611
217.899 0.139907 2.33762 11.9487 2.56608
217.91 0.139867 2.33766 11.9507 2.56626
217.921 0.139849 2.33774 11.9519 2.56635
217.933 0.139865 2.33783 11.9516 2.56627
217.944 0.139839 2.33789 11.953 2.56639
217.955 0.139815 2.33796 11.9544 2.5665
217.966 0.139854 2.33809 11.9534 2.56632
217.978 0.139815 2.33815 11.9554 2.5665
217.989 0.139782 2.3382 11.9571 2.56665
218 0.13978 2.33832 11.9577 2.56666
218.011 0.139724 2.33837 11.9604 2.56692
218.022 0.139677 2.33841 11.9626 2.56713
218.034 0.139687 2.33851 11.9627 2.56709
218.045 0.139612 2.3385 11.9658 2.56743
218.056 0.139551 2.33852 11.9686 2.56771
218.067 0.139548 2.33858 11.969 2.56772
218.079 0.139495 2.33864 11.9716 2.56797
218.09 0.139483 2.33871 11.9725 2.56802
218.101 0.139505 2.33882 11.9721 2.56792
218.112 0.139468 2.3389 11.9741 2.56809
218.124 0.139447 2.33901 11.9755 2.56819
218.135 0.139473 2.33913 11.9751 2.56807
218.146 0.139461 2.33923 11.976 2.56812
218.157 0.139473 2.33934 11.9761 2.56807
218.169 0.139537 2.33954 11.9744 2.56778
218.18 0.13955 2.33967 11.9745 2.56772
218.191 0.139534 2.33977 11.9757 2.56779
218.202 0.139528 2.33991 11.9767 2.56782
218.213 0.139412 2.33995 11.9818 2.56835
218.225 0.13932 2.33997 11.986 2.56878
218.236 0.13928 2.34003 11.988 2.56896
218.247 0.139177 2.34006 11.9925 2.56944
218.258 0.139138 2.34014 11.9946 2.56962
218.27 0.139162 2.34028 11.9943 2.56951
218.281 0.139121 2.34036 11.9965 2.56969
218.292 0.139112 2.34046 11.9974 2.56974
218.303 0.139159 2.34061 11.9962 2.56952
218.315 0.139133 2.34072 11.9978 2.56964
218.326 0.139132 2.34083 11.9984 2.56964
218.337 0.139195 2.34102 11.9967 2.56935
218.348 0.13919 2.34115 11.9976 2.56938
218.36 0.139229 2.34134 11.9969 2.5692
218.371 0.139329 2.34162 11.9939 2.56873
218.382 0.139359 2.34181 11.9937 2.5686
218.393 0.139339 2.34189 11.9949 2.56869
218.404 0.139353 2.34202 11.995 2.56863
218.416 0.139285 2.34208 11.9982 2.56894
218.427 0.139253 2.34219 12.0002 2.56908
218.438 0.139249 2.34227 12.0008 2.5691
218.449 0.139201 2.34237 12.0033 2.56932
218.461 0.139197 2.34249 12.0041 2.56934
218.472 0.139248 2.34266 12.0028 2.56911
218.483 0.139222 2.34275 12.0044 2.56923
218.494 0.139223 2.34289 12.0051 2.56922
218.506 0.13928 2.34311 12.0038 2.56896
218.517 0.139247 2.34323 12.0058 2.56911
218.528 0.139248 2.34338 12.0065 2.56911
218.539 0.139292 2.34354 12.0054 2.5689
218.551 0.13927 2.34368 12.007 2.569
218.562 0.139292 2.34383 12.0069 2.56891
218.573 0.139374 2.34403 12.0044 2.56853
218.584 0.139366 2.34416 12.0054 2.56856
218.596 0.139368 2.34432 12.0062 2.56856
218.607 0.139391 2.3445 12.0061 2.56845
218.618 0.139337 2.34463 12.0091 2.5687
218.629 0.139301 2.34473 12.0111 2.56886
218.64 0.139292 2.34483 12.0121 2.56891
218.652 0.139232 2.34489 12.0149 2.56918
218.663 0.139234 2.345 12.0154 2.56917
218.674 0.139297 2.34516 12.0135 2.56888
218.685 0.139284 2.34527 12.0147 2.56894
218.697 0.13929 2.34541 12.0151 2.56892
218.708 0.139317 2.34555 12.0146 2.56879
218.719 0.139284 2.34565 12.0166 2.56894
218.73 0.139291 2.34576 12.0168 2.56891
218.742 0.139355 2.34594 12.015 2.56861
218.753 0.13936 2.34608 12.0155 2.56859
218.764 0.139409 2.34626 12.0143 2.56836
218.775 0.139493 2.34651 12.012 2.56798
218.787 0.139494 2.34669 12.0129 2.56797
218.798 0.139541 2.34691 12.0119 2.56776
218.809 0.13964 2.34718 12.0091 2.5673
218.82 0.139626 2.34734 12.0105 2.56737
218.831 0.13965 2.34756 12.0106 2.56726
218.843 0.139729 2.34783 12.0086 2.5669
218.854 0.139699 2.34796 12.0105 2.56703
218.865 0.139746 2.34817 12.0096 2.56681
218.876 0.139843 2.3484 12.0066 2.56637
218.888 0.139871 2.34857 12.0062 2.56624
218.899 0.139937 2.34878 12.0045 2.56594
218.91 0.140036 2.34905 12.0016 2.56548
218.921 0.140029 2.34918 12.0026 2.56552
218.933 0.140083 2.34939 12.0014 2.56527
218.944 0.140189 2.34965 11.9982 2.56479
218.955 0.140182 2.34979 11.9992 2.56482
218.966 0.14022 2.34996 11.9984 2.56464
218.978 0.140293 2.35015 11.9963 2.56431
218.989 0.140297 2.35029 11.9968 2.56429
219 0.140328 2.35045 11.9963 2.56415
219.011 0.140381 2.35063 11.9949 2.56391
219.022 0.14036 2.35078 11.9966 2.564
219.034 0.14038 2.35097 11.9967 2.56391
219.045 0.14044 2.35117 11.9952 2.56364
219.056 0.140402 2.35128 11.9974 2.56381
219.067 0.140409 2.35143 11.9978 2.56378
219.079 0.140455 2.35161 11.9968 2.56357
219.09 0.140418 2.35173 11.999 2.56374
219.101 0.140413 2.35188 11.9999 2.56376
219.112 0.140448 2.35204 11.9993 2.5636
219.124 0.140365 2.35214 12.0033 2.56398
219.135 0.140278 2.35219 12.0073 2.56438
219.146 0.140253 2.35229 12.0089 2.56449
219.157 0.140192 2.35238 12.012 2.56477
219.169 0.140178 2.35254 12.0134 2.56483
219.18 0.140228 2.35272 12.0121 2.56461
219.191 0.140266 2.3529 12.0115 2.56443
219.202 0.140311 2.35308 12.0105 2.56423
219.213 0.14042 2.35329 12.0069 2.56373
219.225 0.140438 2.35341 12.0067 2.56365
219.236 0.140489 2.35359 12.0054 2.56342
219.247 0.140573 2.3538 12.0029 2.56303
219.258 0.14057 2.35396 12.0039 2.56304
219.27 0.140616 2.35416 12.0029 2.56284
219.281 0.140705 2.35441 12.0004 2.56243
219.292 0.140705 2.3546 12.0014 2.56243
219.303 0.14074 2.3548 12.0009 2.56227
219.315 0.140818 2.35504 11.9988 2.56192
219.326 0.140789 2.35519 12.0008 2.56205
219.337 0.140808 2.35537 12.0009 2.56196
219.348 0.140891 2.3556 11.9986 2.56159
219.36 0.140899 2.3558 11.9992 2.56155
219.371 0.140927 2.35598 11.9989 2.56142
219.382 0.141013 2.35622 11.9965 2.56103
219.393 0.141002 2.35639 11.9979 2.56108
219.404 0.141038 2.35661 11.9974 2.56092
219.416 0.141108 2.35687 11.9958 2.5606
219.427 0.141094 2.35704 11.9972 2.56066
219.438 0.141113 2.35719 11.9972 2.56057
219.449 0.141218 2.35743 11.994 2.5601
219.461 0.14126 2.35765 11.9933 2.55991
219.472 0.141307 2.35783 11.9922 2.5597
219.483 0.141401 2.35808 11.9895 2.55927
219.494 0.141399 2.35823 11.9903 2.55928
219.506 0.14142 2.35838 11.9902 2.55919
219.517 0.141481 2.3586 11.9888 2.55891
219.528 0.141444 2.35872 11.9909 2.55908
219.539 0.141452 2.35888 11.9914 2.55904
219.551 0.141509 2.35909 11.99 2.55878
219.562 0.141487 2.35922 11.9917 2.55888
219.573 0.141524 2.35944 11.9912 2.55871
219.584 0.141587 2.35965 11.9896 2.55843
219.596 0.141584 2.35982 11.9906 2.55844
219.607 0.141638 2.36005 11.9894 2.5582
219.618 0.141717 2.3603 11.9874 2.55784
219.629 0.141713 2.3605 11.9885 2.55786
219.64 0.141756 2.36071 11.9878 2.55767
219.652 0.141898 2.361 11.9833 2.55703
219.663 0.141904 2.36118 11.9839 2.557
219.674 0.141921 2.36136 11.9841 2.55693
219.685 0.142011 2.36159 11.9815 2.55652
219.697 0.142029 2.36177 11.9817 2.55644
219.708 0.142063 2.36199 11.9813 2.55628
219.719 0.142146 2.36227 11.9793 2.55591
219.73 0.142156 2.36246 11.9798 2.55587
219.742 0.142169 2.36265 11.9802 2.55581
219.753 0.142233 2.36291 11.9788 2.55552
219.764 0.142233 2.36314 11.98 2.55552
219.775 0.142233 2.36334 11.981 2.55552
219.787 0.142304 2.36364 11.9796 2.5552
219.798 0.142292 2.36384 11.9811 2.55526
219.809 0.142331 2.36408 11.9807 2.55508
219.82 0.142422 2.36434 11.9782 2.55467
219.831 0.142432 2.36454 11.9788 2.55463
219.843 0.142463 2.36478 11.9787 2.55449
219.854 0.14252 2.36503 11.9775 2.55423
219.865 0.142483 2.36518 11.9799 2.5544
219.876 0.142491 2.36531 11.9801 2.55436
219.888 0.142579 2.36555 11.9777 2.55397
219.899 0.142582 2.36569 11.9783 2.55396
219.91 0.142612 2.36584 11.9777 2.55382
219.921 0.142671 2.36603 11.9763 2.55356
219.933 0.142647 2.36621 11.9782 2.55367
219.944 0.142676 2.36644 11.9781 2.55354
219.955 0.142772 2.36669 11.9753 2.5531
219.966 0.142755 2.36686 11.9769 2.55318
219.978 0.142785 2.3671 11.9769 2.55305
219.989 0.142886 2.36741 11.9742 2.5526
220 0.142887 2.36764 11.9753 2.55259
220.011 0.142929 2.36788 11.9748 2.5524
220.022 0.143017 2.36814 11.9724 2.55201
220.034 0.142987 2.3683 11.9745 2.55215
220.045 0.143031 2.36851 11.9737 2.55195
220.056 0.143136 2.36873 11.9704 2.55148
220.067 0.143139 2.36884 11.9708 2.55147
220.079 0.143169 2.36899 11.9703 2.55133
220.09 0.143213 2.36916 11.9694 2.55114
220.101 0.143183 2.36931 11.9714 2.55127
220.112 0.143209 2.36949 11.9712 2.55116
220.124 0.143299 2.36973 11.9686 2.55075
220.135 0.14327 2.36984 11.9704 2.55088
220.146 0.143304 2.37003 11.97 2.55073
220.157 0.143378 2.37022 11.9678 2.5504
220.169 0.143343 2.37033 11.9699 2.55056
220.18 0.143337 2.37046 11.9707 2.55058
220.191 0.14336 2.37066 11.9708 2.55048
220.202 0.143303 2.3708 11.9739 2.55074
220.213 0.143308 2.37101 11.9747 2.55072
220.225 0.143387 2.37124 11.9726 2.55036
220.236 0.143372 2.3714 11.974 2.55043
220.247 0.143399 2.37158 11.9738 2.55031
220.258 0.143498 2.37184 11.971 2.54987
220.27 0.143481 2.37195 11.9723 2.54995
220.281 0.143502 2.37211 11.9722 2.54985
220.292 0.143587 2.37231 11.9697 2.54948
220.303 0.14359 2.37243 11.9702 2.54946
220.315 0.143604 2.37255 11.9702 2.5494
220.326 0.143666 2.37275 11.9686 2.54912
220.337 0.143627 2.37286 11.9708 2.5493
220.348 0.143624 2.37306 11.9719 2.54931
220.36 0.143679 2.37329 11.9708 2.54907
220.371 0.143635 2.37345 11.9734 2.54926
220.382 0.143622 2.37362 11.9748 2.54932
220.393 0.14367 2.37385 11.974 2.54911
220.404 0.143629 2.37398 11.9763 2.54929
220.416 0.143646 2.37415 11.9765 2.54921
220.427 0.143719 2.37436 11.9745 2.54889
220.438 0.1437 2.37447 11.9758 2.54897
220.449 0.143734 2.37461 11.9752 2.54882
220.461 0.143814 2.37481 11.9728 2.54847
220.472 0.143785 2.37491 11.9745 2.5486
220.483 0.143786 2.37505 11.9752 2.54859
220.494 0.143838 2.37519 11.9738 2.54836
220.506 0.14381 2.37531 11.9755 2.54849
220.517 0.143821 2.37543 11.9757 2.54844
220.528 0.143891 2.37562 11.9737 2.54813
220.539 0.143854 2.37572 11.9758 2.54829
220.551 0.143867 2.37586 11.9759 2.54824
220.562 0.143934 2.37603 11.974 2.54794
220.573 0.143928 2.37616 11.9749 2.54796
220.584 0.143969 2.37633 11.974 2.54778
220.596 0.14406 2.37653 11.9712 2.54738
220.607 0.144011 2.37659 11.9736 2.5476
220.618 0.144015 2.37674 11.9742 2.54758
220.629 0.144092 2.37693 11.9719 2.54724
220.64 0.144048 2.37703 11.9743 2.54743
220.652 0.144055 2.37719 11.9748 2.5474
220.663 0.144102 2.37734 11.9736 2.54719
220.674 0.144058 2.37739 11.9757 2.54739
220.685 0.144078 2.37752 11.9755 2.5473
220.697 0.144118 2.37765 11.9745 2.54712
220.708 0.144086 2.37772 11.9762 2.54726
220.719 0.144107 2.37783 11.9759 2.54717
220.73 0.144187 2.37797 11.9732 2.54682
220.742 0.144207 2.3781 11.973 2.54673
220.753 0.144258 2.37824 11.9716 2.5465
220.764 0.144368 2.37842 11.968 2.54602
220.775 0.144402 2.37853 11.9671 2.54587
220.787 0.14448 2.37874 11.965 2.54553
220.798 0.144559 2.37883 11.9622 2.54518
220.809 0.144567 2.37891 11.9622 2.54514
220.82 0.144609 2.37905 11.9612 2.54496
220.831 0.144682 2.3792 11.9589 2.54464
220.843 0.14468 2.37929 11.9594 2.54464
220.854 0.144729 2.37946 11.9583 2.54443
220.865 0.144815 2.37957 11.9553 2.54405
220.876 0.144794 2.37959 11.9562 2.54414
220.888 0.144817 2.37969 11.9558 2.54404
220.899 0.144885 2.37982 11.9536 2.54375
220.91 0.144854 2.37985 11.9551 2.54388
220.921 0.144886 2.37997 11.9544 2.54374
220.933 0.144968 2.38011 11.9517 2.54338
220.944 0.144934 2.38018 11.9534 2.54353
220.955 0.144937 2.38026 11.9537 2.54352
220.966 0.145001 2.38038 11.9517 2.54324
220.978 0.144963 2.38044 11.9536 2.5434
220.989 0.14496 2.38051 11.954 2.54342
221 0.145019 2.38059 11.952 2.54316
221.011 0.144997 2.38065 11.9532 2.54325
221.022 0.145022 2.38073 11.9525 2.54314
221.034 0.145089 2.38078 11.95 2.54285
221.045 0.145041 2.38074 11.9519 2.54306
221.056 0.14507 2.38077 11.9508 2.54294
221.067 0.145128 2.38078 11.9485 2.54268
221.079 0.14511 2.38076 11.9491 2.54276
221.09 0.145151 2.3808 11.9476 2.54258
221.101 0.145255 2.38087 11.9436 2.54212
221.112 0.145268 2.38087 11.9431 2.54207
221.124 0.145347 2.38096 11.9403 2.54172
221.135 0.145463 2.38104 11.936 2.54122
221.146 0.145464 2.38101 11.9358 2.54121
221.157 0.14552 2.38107 11.9338 2.54097
221.169 0.145623 2.38114 11.9299 2.54052
221.18 0.145608 2.38114 11.9305 2.54058
221.191 0.145666 2.38119 11.9284 2.54033
221.202 0.145783 2.38128 11.9241 2.53982
221.213 0.145785 2.38127 11.9239 2.53981
221.225 0.145825 2.38129 11.9224 2.53963
221.236 0.145926 2.38136 11.9187 2.5392
221.247 0.145901 2.38132 11.9195 2.5393
221.258 0.145943 2.38132 11.9177 2.53912
221.27 0.146057 2.38137 11.9133 2.53863
221.281 0.146045 2.38132 11.9136 2.53868
221.292 0.146104 2.38134 11.9113 2.53842
221.303 0.146237 2.38139 11.9061 2.53785
221.315 0.146269 2.38133 11.9045 2.53771
221.326 0.146366 2.38136 11.9007 2.53729
221.337 0.146536 2.38143 11.8942 2.53655
221.348 0.146598 2.38139 11.8914 2.53628
221.36 0.146697 2.38142 11.8876 2.53586
221.371 0.146873 2.3815 11.8809 2.53509
221.382 0.146927 2.38146 11.8784 2.53486
221.393 0.147027 2.38151 11.8747 2.53443
221.404 0.147199 2.38159 11.8681 2.53369
221.416 0.14724 2.38153 11.8662 2.53351
221.427 0.147338 2.38156 11.8624 2.53309
221.438 0.147506 2.38163 11.856 2.53237
221.449 0.147504 2.38152 11.8555 2.53238
221.461 0.147609 2.38156 11.8515 2.53193
221.472 0.147779 2.38162 11.845 2.5312
221.483 0.14783 2.38157 11.8427 2.53098
221.494 0.14792 2.38156 11.839 2.5306
221.506 0.148094 2.38162 11.8324 2.52985
221.517 0.148143 2.38158 11.8302 2.52965
221.528 0.148249 2.38161 11.8261 2.52919
221.539 0.148421 2.38167 11.8196 2.52846
221.551 0.148465 2.38162 11.8176 2.52827
221.562 0.148556 2.38161 11.8139 2.52788
221.573 0.148721 2.38165 11.8075 2.52718
221.584 0.148755 2.38157 11.8058 2.52704
221.596 0.148812 2.38148 11.8031 2.5268
221.607 0.14894 2.38146 11.7979 2.52625
221.618 0.148933 2.38132 11.7975 2.52628
221.629 0.148992 2.38122 11.7947 2.52603
221.64 0.14914 2.38122 11.7888 2.52541
221.652 0.149119 2.38106 11.7889 2.52549
221.663 0.149168 2.38094 11.7864 2.52529
221.674 0.1493 2.38095 11.7812 2.52473
221.685 0.149316 2.38083 11.7799 2.52466
221.697 0.149413 2.38083 11.7761 2.52425
221.708 0.149537 2.38078 11.771 2.52373
221.719 0.149565 2.38069 11.7695 2.52361
221.73 0.149649 2.38067 11.7661 2.52326
221.742 0.149813 2.38072 11.7598 2.52256
221.753 0.149845 2.3806 11.758 2.52243
221.764 0.149954 2.38062 11.7538 2.52197
221.775 0.150128 2.38069 11.7473 2.52124
221.787 0.150133 2.38056 11.7465 2.52122
221.798 0.150222 2.38056 11.743 2.52084
221.809 0.150418 2.38064 11.7357 2.52002
221.82 0.150425 2.38055 11.735 2.51999
221.831 0.150493 2.38051 11.7322 2.51971
221.843 0.150678 2.38056 11.7252 2.51893
221.854 0.15068 2.38046 11.7247 2.51893
221.865 0.150791 2.38051 11.7206 2.51846
221.876 0.15097 2.38058 11.714 2.51772
221.888 0.151009 2.38053 11.7122 2.51755
221.899 0.151116 2.38051 11.708 2.51711
221.91 0.151289 2.3806 11.7017 2.51639
221.921 0.15131 2.38051 11.7005 2.5163
221.933 0.151447 2.3806 11.6956 2.51573
221.944 0.15165 2.38069 11.6882 2.51489
221.955 0.15167 2.3806 11.687 2.51481
221.966 0.151793 2.38066 11.6826 2.5143
221.978 0.15201 2.38077 11.6748 2.5134
221.989 0.152061 2.38073 11.6726 2.51319
222 0.152198 2.38082 11.6678 2.51262
222.011 0.1524 2.38093 11.6606 2.51179
222.022 0.15244 2.3809 11.6589 2.51162
222.034 0.152572 2.381 11.6544 2.51108
222.045 0.15275 2.38111 11.6481 2.51035
222.056 0.152804 2.38111 11.6461 2.51013
222.067 0.152897 2.38117 11.6428 2.50975
222.079 0.153078 2.3813 11.6366 2.509
222.09 0.153091 2.38127 11.636 2.50895
222.101 0.153173 2.3813 11.633 2.50862
222.112 0.15331 2.3814 11.6283 2.50806
222.124 0.153313 2.38136 11.628 2.50804
222.135 0.153353 2.38135 11.6264 2.50788
222.146 0.153499 2.38144 11.6213 2.50728
222.157 0.153488 2.38142 11.6216 2.50733
222.169 0.153505 2.38141 11.6209 2.50726
222.18 0.153599 2.38146 11.6176 2.50688
222.191 0.153535 2.38137 11.6196 2.50714
222.202 0.153545 2.38138 11.6193 2.50709
222.213 0.153649 2.38143 11.6156 2.50667
222.225 0.153616 2.38138 11.6166 2.5068
222.236 0.153661 2.38139 11.6149 2.50662
222.247 0.153783 2.38149 11.6108 2.50612
222.258 0.153756 2.38143 11.6115 2.50623
222.27 0.153823 2.38148 11.6093 2.50596
222.281 0.153957 2.38158 11.6047 2.50541
222.292 0.153952 2.38155 11.6047 2.50543
222.303 0.154019 2.3816 11.6024 2.50516
222.315 0.154153 2.38174 11.5981 2.50462
222.326 0.154097 2.38162 11.5996 2.50485
222.337 0.154107 2.38161 11.5992 2.5048
222.348 0.154211 2.38168 11.5956 2.50438
222.36 0.154178 2.38161 11.5965 2.50452
222.371 0.154229 2.38166 11.5948 2.50431
222.382 0.154366 2.38174 11.5901 2.50375
222.393 0.154335 2.38167 11.5909 2.50388
222.404 0.154393 2.38169 11.5888 2.50364
222.416 0.154531 2.38177 11.5841 2.50309
222.427 0.154502 2.38169 11.5847 2.5032
222.438 0.154576 2.38177 11.5824 2.5029
222.449 0.154709 2.38185 11.5778 2.50236
222.461 0.154665 2.38177 11.579 2.50254
222.472 0.154706 2.3818 11.5776 2.50238
222.483 0.15484 2.38191 11.5732 2.50184
222.494 0.154797 2.38187 11.5746 2.50201
222.506 0.15487 2.38193 11.5722 2.50172
222.517 0.155019 2.38203 11.5671 2.50111
222.528 0.155004 2.38199 11.5674 2.50117
222.539 0.155073 2.38204 11.5651 2.50089
222.551 0.155195 2.38213 11.561 2.50041
222.562 0.155162 2.38208 11.5619 2.50054
222.573 0.155184 2.38211 11.5613 2.50045
222.584 0.155254 2.38217 11.559 2.50017
222.596 0.155164 2.38208 11.5619 2.50053
222.607 0.155169 2.38209 11.5618 2.50051
222.618 0.155227 2.38211 11.5597 2.50027
222.629 0.155128 2.38199 11.5628 2.50067
222.64 0.155104 2.38195 11.5635 2.50077
222.652 0.155168 2.38196 11.5612 2.50051
222.663 0.155057 2.38183 11.5647 2.50096
222.674 0.155056 2.3818 11.5646 2.50097
222.685 0.155119 2.38182 11.5623 2.50071
222.697 0.155047 2.3817 11.5644 2.501
222.708 0.155069 2.38168 11.5635 2.50091
222.719 0.155194 2.38175 11.5592 2.50041
222.73 0.155117 2.38161 11.5614 2.50072
222.742 0.155124 2.3816 11.561 2.50069
222.753 0.155228 2.38164 11.5574 2.50027
222.764 0.155153 2.3815 11.5595 2.50057
222.775 0.155159 2.38145 11.559 2.50055
222.787 0.155264 2.38151 11.5554 2.50013
222.798 0.155192 2.38135 11.5573 2.50042
222.809 0.155204 2.3813 11.5566 2.50037
222.82 0.155296 2.38131 11.5533 2.5
222.831 0.155228 2.38113 11.5549 2.50027
222.843 0.155265 2.38111 11.5534 2.50012
222.854 0.155381 2.38115 11.5493 2.49966
222.865 0.15536 2.38106 11.5496 2.49974
222.876 0.155409 2.38104 11.5477 2.49954
222.888 0.155565 2.38111 11.5423 2.49892
222.899 0.155557 2.38102 11.5422 2.49895
222.91 0.155634 2.38105 11.5394 2.49864
222.921 0.155752 2.38108 11.5352 2.49817
222.933 0.15566 2.38092 11.5379 2.49854
222.944 0.155648 2.38086 11.538 2.49858
222.955 0.155738 2.38086 11.5347 2.49822
222.966 0.155688 2.38071 11.5358 2.49842
222.978 0.155671 2.38059 11.5358 2.49849
222.989 0.155745 2.38056 11.533 2.49819
223 0.155654 2.38036 11.5353 2.49856
223.011 0.155661 2.3803 11.5348 2.49853
223.022 0.155736 2.38023 11.5317 2.49823
223.034 0.155681 2.38009 11.533 2.49845
223.045 0.15573 2.38002 11.5309 2.49825
223.056 0.15589 2.38009 11.5253 2.49761
223.067 0.155885 2.37993 11.5247 2.49763
223.079 0.155954 2.37992 11.5221 2.49736
223.09 0.156089 2.37986 11.5168 2.49681
223.101 0.156041 2.37972 11.5179 2.49701
223.112 0.156118 2.37965 11.5148 2.4967
223.124 0.156251 2.37961 11.5097 2.49617
223.135 0.15623 2.37947 11.5097 2.49625
223.146 0.15628 2.37938 11.5075 2.49605
223.157 0.156383 2.37931 11.5034 2.49564
223.169 0.156338 2.37916 11.5043 2.49582
223.18 0.156367 2.37908 11.5028 2.4957
223.191 0.156481 2.37913 11.4989 2.49525
223.202 0.156406 2.37895 11.5008 2.49555
223.213 0.15644 2.37889 11.4993 2.49542
223.225 0.156561 2.37888 11.4947 2.49493
223.236 0.156526 2.37872 11.4952 2.49507
223.247 0.156545 2.37863 11.4941 2.495
223.258 0.15665 2.37861 11.4901 2.49458
223.27 0.156584 2.37839 11.4915 2.49484
223.281 0.156593 2.37832 11.4909 2.49481
223.292 0.156699 2.37829 11.4868 2.49438
223.303 0.15665 2.37811 11.4878 2.49458
223.315 0.156661 2.378 11.4868 2.49453
223.326 0.156778 2.37796 11.4823 2.49407
223.337 0.156717 2.37776 11.4836 2.49431
223.348 0.156746 2.37767 11.4821 2.4942
223.36 0.15684 2.37762 11.4784 2.49382
223.371 0.156796 2.37741 11.479 2.494
223.382 0.156846 2.37732 11.4768 2.4938
223.393 0.156968 2.37725 11.472 2.49331
223.404 0.156953 2.37706 11.4716 2.49337
223.416 0.157026 2.377 11.4686 2.49308
223.427 0.157174 2.37697 11.4631 2.4925
223.438 0.157162 2.37681 11.4627 2.49254
223.449 0.15724 2.37674 11.4596 2.49224
223.461 0.157358 2.3767 11.455 2.49177
223.472 0.157343 2.37653 11.4548 2.49183
223.483 0.15741 2.37647 11.4521 2.49156
223.494 0.157563 2.37645 11.4464 2.49096
223.506 0.157565 2.37631 11.4457 2.49095
223.517 0.157649 2.37625 11.4423 2.49061
223.528 0.157822 2.37629 11.4363 2.48993
223.539 0.157799 2.37618 11.4365 2.49002
223.551 0.157839 2.37609 11.4347 2.48987
223.562 0.15797 2.37612 11.4301 2.48935
223.573 0.157953 2.37599 11.4301 2.48942
223.584 0.157979 2.37588 11.4286 2.48932
223.596 0.158104 2.37586 11.424 2.48882
223.607 0.158028 2.37565 11.4257 2.48912
223.618 0.15804 2.37551 11.4246 2.48907
223.629 0.158112 2.37543 11.4216 2.48879
223.64 0.158011 2.37516 11.424 2.48919
223.652 0.158008 2.37503 11.4234 2.4892
223.663 0.158095 2.37492 11.4198 2.48886
223.674 0.158023 2.3747 11.4213 2.48914
223.685 0.158021 2.37453 11.4206 2.48915
223.697 0.15814 2.37448 11.4161 2.48868
223.708 0.158058 2.37424 11.4178 2.489
223.719 0.158053 2.3741 11.4174 2.48902
223.73 0.15816 2.37402 11.4131 2.4886
223.742 0.158098 2.37383 11.4144 2.48885
223.753 0.15811 2.37368 11.4133 2.4888
223.764 0.158283 2.37368 11.4071 2.48812
223.775 0.158275 2.37351 11.4065 2.48815
223.787 0.158365 2.37347 11.4031 2.4878
223.798 0.158538 2.37344 11.3967 2.48712
223.809 0.15852 2.3733 11.3967 2.48719
223.82 0.158598 2.37324 11.3936 2.48688
223.831 0.158773 2.37328 11.3875 2.4862
223.843 0.158749 2.37315 11.3877 2.48629
223.854 0.15883 2.37312 11.3847 2.48597
223.865 0.158954 2.37311 11.3802 2.48549
223.876 0.158927 2.37299 11.3806 2.48559
223.888 0.159 2.37295 11.3778 2.48531
223.899 0.159141 2.37296 11.3728 2.48476
223.91 0.159095 2.37283 11.3738 2.48494
223.921 0.15915 2.37279 11.3717 2.48472
223.933 0.159279 2.37278 11.367 2.48422
223.944 0.159229 2.37264 11.3681 2.48441
223.955 0.159271 2.37258 11.3663 2.48425
223.966 0.159371 2.37253 11.3625 2.48386
223.978 0.159289 2.37236 11.3646 2.48418
223.989 0.159341 2.37228 11.3624 2.48398
224 0.159481 2.37229 11.3575 2.48343
224.011 0.159427 2.37213 11.3586 2.48364
224.022 0.15948 2.37206 11.3564 2.48344
224.034 0.159608 2.37202 11.3517 2.48294
224.045 0.15956 2.37191 11.3528 2.48313
224.056 0.159602 2.37183 11.351 2.48296
224.067 0.159722 2.37183 11.3467 2.4825
224.079 0.159669 2.37169 11.3479 2.4827
224.09 0.15972 2.37167 11.346 2.4825
224.101 0.159825 2.37165 11.3422 2.4821
224.112 0.159792 2.37156 11.3429 2.48222
224.124 0.159823 2.37151 11.3416 2.4821
224.135 0.15994 2.37155 11.3376 2.48165
224.146 0.159895 2.37138 11.3384 2.48182
224.157 0.159899 2.37129 11.3378 2.48181
224.169 0.159975 2.37125 11.335 2.48151
224.18 0.159893 2.37108 11.3371 2.48183
224.191 0.159919 2.37102 11.3358 2.48173
224.202 0.160033 2.37103 11.3318 2.48129
224.213 0.159937 2.37085 11.3343 2.48166
224.225 0.159956 2.37081 11.3335 2.48159
224.236 0.160059 2.37083 11.3299 2.48119
224.247 0.160021 2.37068 11.3306 2.48134
224.258 0.160035 2.37066 11.33 2.48128
224.27 0.160118 2.3707 11.3273 2.48096
224.281 0.160036 2.37056 11.3295 2.48128
224.292 0.160066 2.37056 11.3284 2.48116
224.303 0.160176 2.3706 11.3248 2.48073
224.315 0.160126 2.37051 11.326 2.48093
224.326 0.160185 2.37052 11.324 2.4807
224.337 0.160318 2.37059 11.3197 2.48019
224.348 0.160268 2.37048 11.3209 2.48038
224.36 0.160313 2.37048 11.3193 2.4802
224.371 0.16044 2.37051 11.315 2.47971
224.382 0.160392 2.37045 11.3164 2.4799
224.393 0.160432 2.37043 11.3149 2.47974
224.404 0.160537 2.37045 11.3112 2.47934
224.416 0.160493 2.37036 11.3124 2.47951
224.427 0.160556 2.37036 11.3102 2.47926
224.438 0.160693 2.37043 11.3057 2.47874
224.449 0.160688 2.37037 11.3056 2.47875
224.461 0.160772 2.37041 11.3028 2.47843
224.472 0.160905 2.37045 11.2983 2.47792
224.483 0.160877 2.37038 11.299 2.47803
224.494 0.160913 2.37037 11.2977 2.47789
224.506 0.161063 2.37046 11.2928 2.47731
224.517 0.161027 2.37038 11.2937 2.47745
224.528 0.161097 2.37041 11.2914 2.47718
224.539 0.161227 2.3705 11.2873 2.47668
224.551 0.161209 2.37045 11.2877 2.47675
224.562 0.161254 2.37045 11.2861 2.47658
224.573 0.161383 2.37053 11.282 2.47608
224.584 0.161326 2.37045 11.2836 2.4763
224.596 0.161372 2.37048 11.2821 2.47613
224.607 0.161497 2.37054 11.278 2.47564
224.618 0.161446 2.37047 11.2795 2.47584
224.629 0.161467 2.37046 11.2787 2.47576
224.64 0.161572 2.37054 11.2754 2.47536
224.652 0.161513 2.37045 11.277 2.47558
224.663 0.161519 2.37044 11.2768 2.47556
224.674 0.161608 2.3705 11.274 2.47522
224.685 0.161556 2.37041 11.2753 2.47542
224.697 0.161545 2.37038 11.2756 2.47546
224.708 0.161631 2.37043 11.2728 2.47513
224.719 0.161572 2.37038 11.2746 2.47536
224.73 0.161568 2.37037 11.2747 2.47537
224.742 0.161663 2.37044 11.2717 2.47501
224.753 0.161587 2.37036 11.274 2.4753
224.764 0.161587 2.37037 11.2741 2.4753
224.775 0.161662 2.37041 11.2717 2.47501
224.787 0.161567 2.37033 11.2746 2.47538
224.798 0.161535 2.37031 11.2756 2.4755
224.809 0.161593 2.37036 11.2739 2.47528
224.82 0.161513 2.37032 11.2764 2.47558
224.831 0.161494 2.37031 11.277 2.47566
224.843 0.161563 2.37039 11.275 2.47539
224.854 0.161457 2.37034 11.2785 2.4758
224.865 0.161439 2.37034 11.2791 2.47587
224.876 0.161508 2.37042 11.2771 2.4756
224.888 0.161444 2.37038 11.2791 2.47585
224.899 0.16146 2.37043 11.2788 2.47579
224.91 0.161559 2.37053 11.2758 2.47541
224.921 0.161488 2.37048 11.2781 2.47568
224.933 0.161491 2.37052 11.2781 2.47567
224.944 0.161567 2.37059 11.2758 2.47538
224.955 0.16149 2.37053 11.2782 2.47567
224.966 0.161489 2.37054 11.2783 2.47567
224.978 0.161578 2.37064 11.2757 2.47533
224.989 0.161491 2.37055 11.2783 2.47567
225 0.161495 2.3706 11.2784 2.47565
225.011 0.161583 2.37064 11.2755 2.47531
225.022 0.161491 2.37056 11.2783 2.47567
225.034 0.161502 2.3706 11.2782 2.47563
225.045 0.16159 2.37066 11.2754 2.47529
225.056 0.161486 2.37059 11.2786 2.47569
225.067 0.161485 2.37058 11.2787 2.47569
225.079 0.161585 2.37064 11.2754 2.47531
225.09 0.161501 2.37061 11.2782 2.47563
225.101 0.161548 2.37063 11.2767 2.47545
225.112 0.161675 2.37074 11.2727 2.47496
225.124 0.161628 2.3707 11.2742 2.47515
225.135 0.161642 2.37073 11.2739 2.47509
225.146 0.161729 2.37079 11.2711 2.47476
225.157 0.161664 2.3708 11.2734 2.475
225.169 0.161697 2.37081 11.2723 2.47488
225.18 0.161788 2.37092 11.2697 2.47453
225.191 0.161661 2.37084 11.2737 2.47502
225.202 0.161656 2.37089 11.2741 2.47504
225.213 0.16174 2.37097 11.2716 2.47472
225.225 0.161657 2.37091 11.2742 2.47503
225.236 0.16165 2.37092 11.2745 2.47506
225.247 0.161731 2.37098 11.272 2.47475
225.258 0.161637 2.37092 11.2749 2.47511
225.27 0.161638 2.37094 11.275 2.47511
225.281 0.161703 2.371 11.273 2.47486
225.292 0.161619 2.37094 11.2757 2.47518
225.303 0.161622 2.37096 11.2756 2.47517
225.315 0.161729 2.37104 11.2723 2.47476
225.326 0.161661 2.37096 11.2743 2.47502
225.337 0.161682 2.371 11.2737 2.47494
225.348 0.161798 2.37109 11.2701 2.47449
225.36 0.161766 2.37108 11.2712 2.47461
225.371 0.161792 2.37112 11.2705 2.47452
225.382 0.1619 2.37125 11.2673 2.4741
225.393 0.161849 2.37119 11.2688 2.4743
225.404 0.161886 2.37125 11.2678 2.47416
225.416 0.162024 2.37141 11.2638 2.47363
225.427 0.161953 2.37136 11.266 2.4739
225.438 0.161972 2.37138 11.2655 2.47383
225.449 0.162061 2.37144 11.2627 2.47349
225.461 0.161966 2.37137 11.2656 2.47385
225.472 0.161956 2.37135 11.2659 2.47389
225.483 0.162028 2.37143 11.2638 2.47361
225.494 0.161915 2.37134 11.2673 2.47405
225.506 0.161898 2.37134 11.2678 2.47411
225.517 0.161941 2.37141 11.2667 2.47395
225.528 0.161816 2.37133 11.2707 2.47443
225.539 0.161771 2.37129 11.272 2.4746
225.551 0.161816 2.37134 11.2707 2.47442
225.562 0.161723 2.37123 11.2734 2.47478
225.573 0.16171 2.37122 11.2738 2.47483
225.584 0.161789 2.37125 11.2712 2.47453
225.596 0.161712 2.37116 11.2734 2.47482
225.607 0.161736 2.37116 11.2726 2.47473
225.618 0.161869 2.37124 11.2684 2.47422
225.629 0.161781 2.37112 11.2709 2.47456
225.64 0.161797 2.37112 11.2703 2.4745
225.652 0.16188 2.37118 11.2677 2.47418
225.663 0.161791 2.37109 11.2704 2.47452
225.674 0.161837 2.3711 11.2688 2.47435
225.685 0.161991 2.37121 11.264 2.47375
225.697 0.162 2.37119 11.2636 2.47372
225.708 0.162057 2.37124 11.2618 2.4735
225.719 0.162165 2.37127 11.2582 2.47309
225.73 0.162114 2.37119 11.2596 2.47329
225.742 0.16221 2.37125 11.2566 2.47292
225.753 0.162397 2.37137 11.2506 2.47221
225.764 0.162356 2.3713 11.2517 2.47236
225.775 0.162408 2.37132 11.2501 2.47217
225.787 0.162529 2.37143 11.2464 2.47171
225.798 0.162471 2.37137 11.2481 2.47193
225.809 0.162449 2.37143 11.2492 2.47201
225.82 0.162515 2.3715 11.2472 2.47176
225.831 0.162422 2.37139 11.2499 2.47211
225.843 0.162438 2.37138 11.2493 2.47205
225.854 0.162562 2.37143 11.2452 2.47158
225.865 0.162475 2.37133 11.2478 2.47191
225.876 0.1625 2.37132 11.2469 2.47182
225.888 0.162638 2.37143 11.2426 2.47129
225.899 0.162534 2.37134 11.2458 2.47169
225.91 0.162559 2.37135 11.245 2.47159
225.921 0.162602 2.37136 11.2435 2.47143
225.933 0.162487 2.37125 11.247 2.47187
225.944 0.162488 2.37122 11.2468 2.47186
225.955 0.162598 2.37127 11.2433 2.47145
225.966 0.16252 2.37118 11.2455 2.47174
225.978 0.162533 2.3712 11.2452 2.47169
225.989 0.162636 2.37127 11.2419 2.4713
226 0.162538 2.37116 11.2448 2.47167
226.011 0.162553 2.37116 11.2442 2.47161
226.022 0.16263 2.37124 11.242 2.47132
226.034 0.162526 2.37112 11.245 2.47172
226.045 0.162512 2.37111 11.2455 2.47177
226.056 0.162571 2.37118 11.2438 2.47155
226.067 0.162448 2.37109 11.2476 2.47201
226.079 0.162422 2.3711 11.2485 2.47211
226.09 0.162455 2.37114 11.2475 2.47199
226.101 0.16231 2.37099 11.2519 2.47254
226.112 0.162264 2.37088 11.2529 2.47271
226.124 0.162317 2.37085 11.2509 2.47251
226.135 0.162213 2.37072 11.254 2.47291
226.146 0.162237 2.37069 11.253 2.47282
226.157 0.162374 2.37079 11.2487 2.4723
226.169 0.162312 2.37072 11.2505 2.47253
226.18 0.162348 2.37075 11.2494 2.4724
226.191 0.162501 2.37079 11.2443 2.47181
226.202 0.162433 2.37072 11.2463 2.47207
226.213 0.16247 2.37072 11.245 2.47193
226.225 0.162632 2.3708 11.2399 2.47132
226.236 0.162564 2.37073 11.2418 2.47157
226.247 0.162593 2.37071 11.2407 2.47146
226.258 0.162679 2.37075 11.238 2.47113
226.27 0.162585 2.37069 11.241 2.47149
226.281 0.162602 2.37069 11.2404 2.47143
226.292 0.162725 2.37078 11.2365 2.47096
226.303 0.16263 2.37072 11.2395 2.47132
226.315 0.162645 2.37074 11.2391 2.47126
226.326 0.162719 2.37079 11.2368 2.47098
226.337 0.162656 2.37072 11.2386 2.47122
226.348 0.162671 2.37072 11.2381 2.47117
226.36 0.162763 2.37081 11.2354 2.47082
226.371 0.162692 2.37073 11.2374 2.47109
226.382 0.162688 2.37071 11.2375 2.4711
226.393 0.162738 2.37074 11.2359 2.47091
226.404 0.162608 2.37062 11.2398 2.47141
226.416 0.16256 2.37059 11.2413 2.47159
226.427 0.162629 2.37069 11.2394 2.47133
226.438 0.162563 2.37065 11.2415 2.47158
226.449 0.162582 2.37068 11.241 2.47151
226.461 0.162684 2.37077 11.2379 2.47112
226.472 0.162599 2.37066 11.2403 2.47144
226.483 0.162619 2.37066 11.2396 2.47136
226.494 0.162711 2.37072 11.2367 2.47101
226.506 0.162549 2.37058 11.2417 2.47163
226.517 0.162544 2.37061 11.242 2.47165
226.528 0.162604 2.37075 11.2405 2.47142
226.539 0.16247 2.37061 11.2445 2.47193
226.551 0.162391 2.37056 11.247 2.47223
226.562 0.162479 2.3706 11.2442 2.4719
226.573 0.162334 2.37046 11.2485 2.47245
226.584 0.162313 2.3704 11.249 2.47253
226.596 0.162377 2.37041 11.2468 2.47228
226.607 0.162299 2.3703 11.249 2.47258
226.618 0.162288 2.37025 11.2491 2.47262
226.629 0.162267 2.37024 11.2498 2.47271
226.64 0.162108 2.37007 11.2545 2.47331
226.652 0.162056 2.37003 11.2561 2.47351
226.663 0.162095 2.37005 11.2549 2.47336
226.674 0.161948 2.36991 11.2593 2.47392
226.685 0.161933 2.3699 11.2598 2.47398
226.697 0.161995 2.36994 11.2578 2.47374
226.708 0.161863 2.36979 11.2617 2.47425
226.719 0.161893 2.36981 11.2608 2.47413
226.73 0.162 2.3699 11.2575 2.47372
226.742 0.161907 2.36982 11.2603 2.47408
226.753 0.161838 2.3698 11.2626 2.47434
226.764 0.161879 2.36984 11.2614 2.47418
226.775 0.161781 2.36974 11.2643 2.47456
226.787 0.161769 2.36972 11.2646 2.4746
226.798 0.161827 2.36973 11.2627 2.47438
226.809 0.161714 2.36964 11.2662 2.47481
226.82 0.161737 2.36963 11.2653 2.47473
226.831 0.16181 2.36969 11.2631 2.47445
226.843 0.161708 2.36958 11.2661 2.47484
226.854 0.161704 2.36956 11.2662 2.47485
226.865 0.16176 2.3696 11.2644 2.47464
226.876 0.161633 2.36945 11.2681 2.47512
226.888 0.161614 2.36943 11.2687 2.4752
226.899 0.161659 2.36946 11.2672 2.47502
226.91 0.161505 2.3693 11.2719 2.47562
226.921 0.161491 2.36927 11.2722 2.47567
226.933 0.161564 2.36928 11.2697 2.47539
226.944 0.161469 2.36917 11.2725 2.47575
226.955 0.161492 2.36914 11.2716 2.47566
226.966 0.16153 2.36917 11.2704 2.47552
226.978 0.161366 2.369 11.2753 2.47615
226.989 0.161353 2.36897 11.2756 2.4762
227 0.161402 2.36898 11.2739 2.47601
227.011 0.161267 2.36878 11.2777 2.47653
227.022 0.161233 2.36872 11.2786 2.47666
227.034 0.161266 2.36873 11.2775 2.47653
227.045 0.161132 2.36858 11.2815 2.47704
227.056 0.161129 2.36854 11.2814 2.47706
227.067 0.161214 2.36863 11.2788 2.47673
227.079 0.161125 2.36851 11.2814 2.47707
227.09 0.161076 2.36844 11.2827 2.47726
227.101 0.161094 2.36839 11.2819 2.47719
227.112 0.16097 2.36823 11.2855 2.47767
227.124 0.160936 2.36817 11.2864 2.4778
227.135 0.161014 2.36817 11.2836 2.4775
227.146 0.160893 2.36801 11.2871 2.47796
227.157 0.160864 2.36792 11.2877 2.47808
227.169 0.16091 2.3679 11.286 2.4779
227.18 0.160799 2.36777 11.2893 2.47833
227.191 0.160781 2.36771 11.2896 2.4784
227.202 0.1608 2.36767 11.2887 2.47832
227.213 0.160635 2.36746 11.2936 2.47896
227.225 0.160591 2.36734 11.2945 2.47913
227.236 0.160633 2.36734 11.2931 2.47897
227.247 0.16052 2.36719 11.2963 2.4794
227.258 0.160457 2.36711 11.2981 2.47965
227.27 0.16045 2.36708 11.2983 2.47967
227.281 0.160297 2.36689 11.3027 2.48027
227.292 0.16022 2.36679 11.305 2.48056
227.303 0.16026 2.36679 11.3036 2.48041
227.315 0.160166 2.36664 11.3061 2.48077
227.326 0.16012 2.36653 11.3072 2.48095
227.337 0.160184 2.36649 11.3048 2.4807
227.348 0.160133 2.36634 11.3059 2.4809
227.36 0.16014 2.36625 11.3052 2.48087
227.371 0.160245 2.36631 11.3018 2.48047
227.382 0.160195 2.36621 11.3031 2.48066
227.393 0.160216 2.36618 11.3022 2.48058
227.404 0.16028 2.36617 11.2999 2.48033
227.416 0.1602 2.36602 11.302 2.48064
227.427 0.160176 2.36591 11.3023 2.48073
227.438 0.160158 2.36581 11.3025 2.4808
227.449 0.159994 2.36559 11.3072 2.48144
227.461 0.159924 2.36547 11.3091 2.48171
227.472 0.159948 2.36543 11.3081 2.48162
227.483 0.159814 2.36525 11.312 2.48214
227.494 0.159761 2.36517 11.3135 2.48234
227.506 0.159764 2.36513 11.3132 2.48233
227.517 0.159573 2.36489 11.3188 2.48307
227.528 0.159463 2.36477 11.3221 2.4835
227.539 0.159467 2.36475 11.3219 2.48349
227.551 0.159399 2.36458 11.3235 2.48375
227.562 0.159412 2.3645 11.3226 2.4837
227.573 0.159539 2.36451 11.3182 2.48321
227.584 0.159504 2.36438 11.3188 2.48334
227.596 0.159543 2.36434 11.3172 2.48319
227.607 0.159627 2.36435 11.3143 2.48286
227.618 0.159634 2.36426 11.3136 2.48284
227.629 0.159701 2.36423 11.3111 2.48258
227.64 0.159803 2.36423 11.3075 2.48218
227.652 0.159716 2.36411 11.31 2.48252
227.663 0.159689 2.364 11.3104 2.48262
227.674 0.159726 2.36391 11.3087 2.48248
227.685 0.159611 2.3637 11.3117 2.48293
227.697 0.159531 2.36352 11.3137 2.48324
227.708 0.159552 2.36343 11.3125 2.48315
227.719 0.159406 2.36319 11.3166 2.48372
227.73 0.159331 2.36303 11.3185 2.48402
227.742 0.159352 2.36298 11.3175 2.48393
227.753 0.159172 2.36275 11.3228 2.48464
227.764 0.159078 2.36263 11.3255 2.485
227.775 0.159059 2.36256 11.3259 2.48508
227.787 0.158927 2.36238 11.3297 2.48559
227.798 0.15894 2.36236 11.3292 2.48554
227.809 0.159089 2.36235 11.3238 2.48496
227.82 0.159105 2.36231 11.323 2.4849
227.831 0.159173 2.36223 11.3203 2.48463
227.843 0.159321 2.36226 11.3151 2.48406
227.854 0.159312 2.36215 11.3149 2.48409
227.865 0.159371 2.3621 11.3126 2.48386
227.876 0.159535 2.3621 11.3068 2.48322
227.888 0.159503 2.36198 11.3073 2.48335
227.899 0.159534 2.36192 11.3059 2.48323
227.91 0.159599 2.36189 11.3035 2.48297
227.921 0.159508 2.36173 11.306 2.48333
227.933 0.159478 2.3616 11.3064 2.48344
227.944 0.159501 2.36146 11.3049 2.48335
227.955 0.159383 2.36126 11.3081 2.48381
227.966 0.159326 2.3611 11.3094 2.48404
227.978 0.159362 2.36101 11.3077 2.4839
227.989 0.159283 2.36086 11.3098 2.4842
228 0.159284 2.36076 11.3093 2.4842
228.011 0.159317 2.36068 11.3077 2.48407
228.022 0.15918 2.36049 11.3116 2.4846
228.034 0.159112 2.36036 11.3135 2.48487
228.045 0.159118 2.36029 11.3129 2.48485
228.056 0.159023 2.36014 11.3156 2.48522
228.067 0.159025 2.36005 11.3151 2.48521
228.079 0.159157 2.36008 11.3105 2.4847
228.09 0.159162 2.35996 11.3097 2.48467
228.101 0.159251 2.35994 11.3065 2.48433
228.112 0.159428 2.35996 11.3003 2.48364
228.124 0.159426 2.35986 11.2999 2.48365
228.135 0.159489 2.35982 11.2975 2.4834
228.146 0.159635 2.35984 11.2924 2.48283
228.157 0.159638 2.35977 11.292 2.48282
228.169 0.159712 2.35971 11.2891 2.48254
228.18 0.159847 2.35971 11.2843 2.48201
228.191 0.159785 2.35959 11.2859 2.48225
228.202 0.159802 2.3595 11.2849 2.48218
228.213 0.159856 2.35946 11.2828 2.48198
228.225 0.159792 2.35928 11.2842 2.48222
228.236 0.159752 2.35911 11.2848 2.48238
228.247 0.159789 2.359 11.2829 2.48224
228.258 0.159674 2.35878 11.2859 2.48268
228.27 0.159669 2.35866 11.2856 2.4827
228.281 0.159732 2.35861 11.2831 2.48246
228.292 0.159647 2.35845 11.2853 2.48279
228.303 0.159666 2.35832 11.284 2.48271
228.315 0.159727 2.3583 11.2818 2.48247
228.326 0.15962 2.35816 11.2849 2.48289
228.337 0.159573 2.35809 11.2862 2.48308
228.348 0.159642 2.35805 11.2836 2.48281
228.36 0.159588 2.35795 11.285 2.48302
228.371 0.159564 2.35785 11.2854 2.48311
228.382 0.159738 2.35799 11.2799 2.48243
228.393 0.159708 2.35786 11.2804 2.48255
228.404 0.159839 2.35791 11.276 2.48204
228.416 0.160026 2.35791 11.2694 2.48132
228.427 0.159988 2.35783 11.2703 2.48146
228.438 0.16003 2.35778 11.2686 2.4813
228.449 0.160163 2.35786 11.2643 2.48079
228.461 0.160107 2.35775 11.2658 2.481
228.472 0.16014 2.35772 11.2645 2.48087
228.483 0.160264 2.35777 11.2603 2.4804
228.494 0.160193 2.35772 11.2626 2.48067
228.506 0.160213 2.35771 11.2619 2.48059
228.517 0.160258 2.35774 11.2604 2.48042
228.528 0.160185 2.35766 11.2626 2.4807
228.539 0.160159 2.35764 11.2634 2.4808
228.551 0.160235 2.3577 11.261 2.4805
228.562 0.160169 2.35766 11.2632 2.48076
228.573 0.160189 2.35766 11.2625 2.48069
228.584 0.160277 2.35777 11.2599 2.48034
228.596 0.160166 2.35767 11.2633 2.48077
228.607 0.160145 2.35764 11.2639 2.48086
228.618 0.160231 2.35766 11.261 2.48052
228.629 0.160183 2.35761 11.2624 2.48071
228.64 0.160252 2.35763 11.2601 2.48044
228.652 0.160349 2.3577 11.257 2.48007
228.663 0.16029 2.35768 11.259 2.48029
228.674 0.160265 2.3577 11.26 2.48039
228.685 0.160324 2.35775 11.2582 2.48016
228.697 0.160268 2.35776 11.2601 2.48038
228.708 0.160295 2.35777 11.2592 2.48027
228.719 0.160397 2.35789 11.2562 2.47988
228.73 0.160327 2.35792 11.2589 2.48015
228.742 0.160319 2.35796 11.2593 2.48018
228.753 0.160414 2.35813 11.2568 2.47981
228.764 0.160305 2.35811 11.2605 2.48024
228.775 0.160288 2.35818 11.2615 2.4803
228.787 0.160339 2.35829 11.2602 2.4801
228.798 0.160273 2.35836 11.2628 2.48036
228.809 0.160316 2.35844 11.2617 2.48019
228.82 0.160396 2.35858 11.2596 2.47988
228.831 0.160279 2.35854 11.2635 2.48033
228.843 0.160255 2.35863 11.2647 2.48043
228.854 0.16026 2.3587 11.2649 2.48041
228.865 0.160158 2.35874 11.2687 2.4808
228.876 0.160112 2.35876 11.2704 2.48098
228.888 0.160161 2.35889 11.2693 2.48079
228.899 0.160047 2.3589 11.2733 2.48123
228.91 0.159948 2.35892 11.277 2.48162
228.921 0.159976 2.35905 11.2766 2.48151
228.933 0.159834 2.35902 11.2814 2.48206
228.944 0.159768 2.35907 11.284 2.48232
228.955 0.159782 2.3592 11.2842 2.48226
228.966 0.159668 2.35918 11.2881 2.4827
228.978 0.15963 2.3593 11.29 2.48285
228.989 0.159694 2.35949 11.2886 2.4826
229 0.159637 2.35954 11.2909 2.48283
229.011 0.159643 2.35968 11.2914 2.4828
229.022 0.159737 2.35986 11.2889 2.48244
229.034 0.159676 2.35992 11.2913 2.48267
229.045 0.159698 2.36009 11.2914 2.48259
229.056 0.159801 2.36027 11.2886 2.48219
229.067 0.159711 2.36033 11.2921 2.48254
229.079 0.15972 2.36052 11.2927 2.4825
229.09 0.159804 2.36076 11.2908 2.48218
229.101 0.159684 2.36077 11.2951 2.48264
229.112 0.159674 2.36096 11.2964 2.48268
229.124 0.159719 2.36114 11.2956 2.48251
229.135 0.15959 2.36118 11.3004 2.48301
229.146 0.159553 2.36131 11.3023 2.48315
229.157 0.159596 2.36153 11.3019 2.48299
229.169 0.159472 2.36158 11.3065 2.48347
229.18 0.159429 2.36169 11.3085 2.48363
229.191 0.159458 2.36188 11.3084 2.48352
229.202 0.159325 2.36187 11.3131 2.48404
229.213 0.1593 2.362 11.3146 2.48414
229.225 0.159355 2.36218 11.3135 2.48392
229.236 0.159271 2.3622 11.3166 2.48425
229.247 0.159206 2.36228 11.3193 2.4845
229.258 0.159211 2.36241 11.3197 2.48448
229.27 0.1591 2.36244 11.3238 2.48492
229.281 0.159009 2.36249 11.3273 2.48527
229.292 0.159004 2.36262 11.3281 2.48529
229.303 0.158898 2.36266 11.3321 2.48571
229.315 0.158852 2.36277 11.3343 2.48589
229.326 0.158858 2.36287 11.3345 2.48586
229.337 0.158763 2.36291 11.3381 2.48624
229.348 0.158713 2.36299 11.3403 2.48643
229.36 0.158752 2.36316 11.3397 2.48628
229.371 0.158645 2.36319 11.3436 2.4867
229.382 0.158595 2.36329 11.3459 2.48689
229.393 0.158622 2.36345 11.3457 2.48679
229.404 0.158529 2.3635 11.3493 2.48715
229.416 0.158483 2.36358 11.3514 2.48733
229.427 0.158552 2.36382 11.35 2.48706
229.438 0.158456 2.36382 11.3535 2.48744
229.449 0.15843 2.36395 11.355 2.48754
229.461 0.15849 2.36412 11.3537 2.4873
229.472 0.158414 2.36416 11.3566 2.48761
229.483 0.158389 2.36423 11.3578 2.4877
229.494 0.158468 2.36441 11.3559 2.48739
229.506 0.1584 2.36445 11.3585 2.48766
229.517 0.158364 2.36449 11.36 2.4878
229.528 0.158425 2.36464 11.3585 2.48756
229.539 0.158333 2.36464 11.3618 2.48792
229.551 0.158342 2.36475 11.362 2.48789
229.562 0.158419 2.36488 11.3599 2.48759
229.573 0.158367 2.36494 11.362 2.48779
229.584 0.158382 2.36503 11.3619 2.48773
229.596 0.158467 2.36519 11.3596 2.4874
229.607 0.158383 2.36518 11.3626 2.48772
229.618 0.1584 2.36529 11.3625 2.48766
229.629 0.15849 2.36544 11.36 2.4873
229.64 0.158426 2.36547 11.3624 2.48756
229.652 0.158436 2.36552 11.3623 2.48752
229.663 0.15852 2.36564 11.3599 2.48719
229.674 0.158429 2.36556 11.3628 2.48755
229.685 0.158411 2.36566 11.3639 2.48762
229.697 0.158476 2.36574 11.3619 2.48736
229.708 0.158381 2.36571 11.3652 2.48773
229.719 0.158364 2.36577 11.3661 2.4878
229.73 0.158441 2.36594 11.3642 2.4875
229.742 0.158345 2.36589 11.3674 2.48788
229.753 0.158321 2.36597 11.3686 2.48797
229.764 0.158359 2.36607 11.3678 2.48782
229.775 0.158295 2.36605 11.3699 2.48807
229.787 0.158283 2.36609 11.3706 2.48812
229.798 0.158348 2.36618 11.3687 2.48786
229.809 0.158278 2.36614 11.371 2.48814
229.82 0.15824 2.36616 11.3724 2.48829
229.831 0.158265 2.36621 11.3718 2.48819
229.843 0.158149 2.36611 11.3755 2.48864
229.854 0.158097 2.3661 11.3773 2.48885
229.865 0.158094 2.36613 11.3775 2.48886
229.876 0.15796 2.366 11.3818 2.48939
229.888 0.157906 2.36602 11.3838 2.4896
229.899 0.157923 2.36603 11.3832 2.48953
229.91 0.157802 2.36595 11.3872 2.49001
229.921 0.157775 2.36597 11.3883 2.49012
229.933 0.157841 2.36606 11.3863 2.48986
229.944 0.157763 2.36596 11.3887 2.49017
229.955 0.15777 2.366 11.3886 2.49014
229.966 0.157836 2.36606 11.3865 2.48988
229.978 0.157779 2.36599 11.3882 2.4901
229.989 0.157787 2.36601 11.388 2.49007
230 0.157886 2.3661 11.3849 2.48968
230.011 0.157848 2.36604 11.386 2.48983
230.022 0.157907 2.36614 11.3843 2.4896
230.034 0.158021 2.36625 11.3807 2.48915
230.045 0.157987 2.36619 11.3817 2.48928
230.056 0.158041 2.36626 11.3801 2.48907
230.067 0.158183 2.36639 11.3756 2.48851
230.079 0.158178 2.36636 11.3756 2.48853
230.09 0.158237 2.36642 11.3738 2.4883
230.101 0.158355 2.36651 11.37 2.48784
230.112 0.158346 2.3665 11.3703 2.48787
230.124 0.158391 2.36658 11.369 2.48769
230.135 0.158515 2.3667 11.3652 2.48721
230.146 0.158506 2.36672 11.3656 2.48724
230.157 0.158539 2.36678 11.3647 2.48711
230.169 0.158582 2.36684 11.3634 2.48694
230.18 0.15852 2.36683 11.3656 2.48719
230.191 0.158556 2.36694 11.3648 2.48705
230.202 0.158598 2.367 11.3637 2.48688
230.213 0.158528 2.36695 11.3659 2.48716
230.225 0.158537 2.36702 11.3659 2.48712
230.236 0.158599 2.36709 11.364 2.48688
230.247 0.158505 2.36702 11.3671 2.48725
230.258 0.158543 2.3671 11.3661 2.4871
230.27 0.158607 2.3672 11.3643 2.48685
230.281 0.158548 2.36717 11.3662 2.48708
230.292 0.158545 2.36719 11.3664 2.48709
230.303 0.158609 2.36726 11.3645 2.48684
230.315 0.158551 2.36724 11.3665 2.48707
230.326 0.158559 2.36728 11.3664 2.48703
230.337 0.158608 2.36735 11.365 2.48684
230.348 0.158519 2.36728 11.3678 2.48719
230.36 0.1585 2.36729 11.3686 2.48726
230.371 0.158549 2.36733 11.367 2.48707
230.382 0.15851 2.36734 11.3684 2.48723
230.393 0.158557 2.36741 11.3671 2.48704
230.404 0.158645 2.3675 11.3643 2.4867
230.416 0.158588 2.36746 11.3662 2.48692
230.427 0.158618 2.36755 11.3656 2.4868
230.438 0.158696 2.36764 11.3632 2.4865
230.449 0.158673 2.36769 11.3642 2.48659
230.461 0.158701 2.3678 11.3638 2.48648
230.472 0.158807 2.36792 11.3606 2.48606
230.483 0.158804 2.36797 11.3609 2.48607
230.494 0.158856 2.36807 11.3595 2.48587
230.506 0.158951 2.36817 11.3566 2.4855
230.517 0.158914 2.36822 11.3582 2.48564
230.528 0.158951 2.36829 11.3572 2.4855
230.539 0.159058 2.36842 11.354 2.48508
230.551 0.159036 2.36843 11.3548 2.48517
230.562 0.159099 2.3685 11.3529 2.48492
230.573 0.159164 2.36856 11.3509 2.48467
230.584 0.1591 2.36854 11.3531 2.48492
230.596 0.159135 2.36864 11.3523 2.48478
230.607 0.159194 2.36873 11.3507 2.48455
230.618 0.159135 2.36873 11.3527 2.48478
230.629 0.159143 2.36878 11.3527 2.48475
230.64 0.1592 2.36886 11.3511 2.48453
230.652 0.159136 2.36887 11.3534 2.48478
230.663 0.159162 2.36895 11.3529 2.48468
230.674 0.159231 2.36908 11.351 2.48441
230.685 0.159146 2.36904 11.3539 2.48474
230.697 0.159162 2.36911 11.3536 2.48468
230.708 0.159239 2.36926 11.3515 2.48438
230.719 0.159181 2.36925 11.3536 2.4846
230.73 0.159175 2.36933 11.3542 2.48462
230.742 0.159212 2.36941 11.3532 2.48448
230.753 0.159135 2.36946 11.3562 2.48478
230.764 0.159097 2.36945 11.3575 2.48493
230.775 0.15912 2.36952 11.3571 2.48484
230.787 0.159022 2.36954 11.3606 2.48522
230.798 0.159017 2.36964 11.3613 2.48524
230.809 0.159078 2.36973 11.3596 2.485
230.82 0.159002 2.36973 11.3623 2.4853
230.831 0.158984 2.36976 11.3631 2.48537
230.843 0.159063 2.36991 11.3609 2.48506
230.854 0.159013 2.36991 11.3627 2.48526
230.865 0.159 2.36995 11.3634 2.48531
230.876 0.159063 2.37006 11.3617 2.48506
230.888 0.158991 2.37006 11.3643 2.48534
230.899 0.158995 2.37014 11.3645 2.48533
230.91 0.159051 2.37025 11.363 2.48511
230.921 0.158984 2.37024 11.3654 2.48537
230.933 0.15901 2.37036 11.365 2.48527
230.944 0.159078 2.37044 11.363 2.485
230.955 0.159024 2.37048 11.3651 2.48521
230.966 0.159016 2.3705 11.3654 2.48524
230.978 0.159092 2.37063 11.3634 2.48495
230.989 0.159022 2.37066 11.366 2.48522
231 0.158994 2.37067 11.3671 2.48533
231.011 0.159048 2.3708 11.3658 2.48512
231.022 0.158965 2.3708 11.3687 2.48545
231.034 0.158957 2.37088 11.3694 2.48548
231.045 0.158998 2.37097 11.3684 2.48532
231.056 0.158908 2.37099 11.3717 2.48567
231.067 0.15891 2.37107 11.372 2.48566
231.079 0.15895 2.37117 11.3711 2.4855
231.09 0.158851 2.37117 11.3746 2.48589
231.101 0.158818 2.3712 11.3759 2.48602
231.112 0.158842 2.37129 11.3755 2.48593
231.124 0.158758 2.37128 11.3785 2.48626
231.135 0.158721 2.37133 11.38 2.4864
231.146 0.158739 2.37137 11.3796 2.48633
231.157 0.158656 2.37141 11.3827 2.48665
231.169 0.158621 2.3714 11.3839 2.48679
231.18 0.158664 2.37154 11.3831 2.48662
231.191 0.158551 2.37146 11.3867 2.48707
231.202 0.158593 2.37163 11.386 2.4869
231.213 0.158617 2.37164 11.3852 2.48681
231.225 0.158547 2.37164 11.3878 2.48708
231.236 0.158555 2.37172 11.3878 2.48705
231.247 0.158634 2.37183 11.3855 2.48674
231.258 0.15855 2.37184 11.3886 2.48707
231.27 0.158548 2.37195 11.3892 2.48708
231.281 0.158607 2.37206 11.3876 2.48685
231.292 0.158523 2.37208 11.3907 2.48718
231.303 0.15853 2.37222 11.3911 2.48715
231.315 0.1586 2.37237 11.3893 2.48687
231.326 0.158541 2.37239 11.3916 2.4871
231.337 0.158525 2.37243 11.3923 2.48717
231.348 0.158564 2.37252 11.3914 2.48702
231.36 0.158492 2.37256 11.3941 2.4873
231.371 0.158465 2.37261 11.3954 2.48741
231.382 0.158489 2.37272 11.395 2.48731
231.393 0.158413 2.37269 11.3976 2.48761
231.404 0.158371 2.37272 11.3993 2.48777
231.416 0.158393 2.37283 11.399 2.48769
231.427 0.158297 2.37282 11.4024 2.48806
231.438 0.158265 2.37287 11.4038 2.48819
231.449 0.158307 2.37297 11.4028 2.48803
231.461 0.158203 2.37295 11.4064 2.48843
231.472 0.158167 2.373 11.4079 2.48857
231.483 0.158203 2.37312 11.4072 2.48843
231.494 0.158098 2.37309 11.4109 2.48885
231.506 0.158064 2.37314 11.4124 2.48898
231.517 0.158095 2.37326 11.4118 2.48886
231.528 0.157981 2.37325 11.4159 2.48931
231.539 0.157952 2.37334 11.4173 2.48942
231.551 0.15796 2.37342 11.4175 2.48939
231.562 0.157865 2.37342 11.4209 2.48976
231.573 0.157837 2.37349 11.4222 2.48987
231.584 0.157887 2.37361 11.421 2.48968
231.596 0.157805 2.3736 11.4239 2.49
231.607 0.157801 2.37365 11.4243 2.49002
231.618 0.157852 2.37374 11.4229 2.48981
231.629 0.157788 2.37371 11.4251 2.49007
231.64 0.157794 2.37378 11.4252 2.49004
231.652 0.157848 2.37385 11.4236 2.48983
231.663 0.157785 2.37385 11.4258 2.49008
231.674 0.157789 2.37395 11.4262 2.49006
231.685 0.157849 2.37406 11.4246 2.48983
231.697 0.157777 2.37409 11.4273 2.49011
231.708 0.157742 2.37413 11.4287 2.49025
231.719 0.157792 2.37424 11.4275 2.49005
231.73 0.15769 2.37418 11.4309 2.49046
231.742 0.15769 2.37427 11.4313 2.49045
231.753 0.157735 2.37434 11.43 2.49027
231.764 0.157671 2.37435 11.4324 2.49053
231.775 0.157655 2.37437 11.433 2.49059
231.787 0.157722 2.3745 11.4313 2.49033
231.798 0.157649 2.37447 11.4338 2.49062
231.809 0.157661 2.37457 11.4338 2.49057
231.82 0.157697 2.37457 11.4325 2.49042
231.831 0.157609 2.37453 11.4355 2.49077
231.843 0.157588 2.37453 11.4362 2.49086
231.854 0.157643 2.37462 11.4347 2.49064
231.865 0.157535 2.37453 11.4382 2.49107
231.876 0.157517 2.37458 11.4391 2.49114
231.888 0.157572 2.37465 11.4374 2.49092
231.899 0.157497 2.37465 11.4401 2.49122
231.91 0.157459 2.37464 11.4415 2.49137
231.921 0.15754 2.37475 11.439 2.49104
231.933 0.157457 2.37469 11.4418 2.49138
231.944 0.157432 2.37473 11.4429 2.49147
231.955 0.157485 2.37478 11.4412 2.49126
231.966 0.157424 2.3748 11.4435 2.49151
231.978 0.157439 2.37483 11.4431 2.49145
231.989 0.157523 2.37494 11.4406 2.49111
232 0.157463 2.3749 11.4426 2.49135
232.011 0.157517 2.375 11.4411 2.49114
232.022 0.157622 2.37511 11.4379 2.49072
232.034 0.157598 2.37512 11.4387 2.49082
232.045 0.157666 2.37521 11.4367 2.49055
232.056 0.157778 2.37532 11.4332 2.4901
232.067 0.157758 2.37534 11.434 2.49019
232.079 0.157793 2.37538 11.4329 2.49005
232.09 0.157887 2.3755 11.4301 2.48968
232.101 0.157837 2.37547 11.4317 2.48988
232.112 0.157859 2.37552 11.4312 2.48979
232.124 0.157923 2.37558 11.4291 2.48953
232.135 0.157852 2.37551 11.4314 2.48982
232.146 0.157866 2.37552 11.4309 2.48976
232.157 0.157973 2.37566 11.4278 2.48934
232.169 0.157872 2.37554 11.4308 2.48974
232.18 0.157925 2.37565 11.4294 2.48953
232.191 0.158008 2.37567 11.4266 2.4892
232.202 0.157975 2.37565 11.4277 2.48933
232.213 0.158033 2.37565 11.4255 2.4891
232.225 0.158157 2.37572 11.4214 2.48861
232.236 0.158084 2.37555 11.4232 2.4889
232.247 0.158117 2.37553 11.4219 2.48877
232.258 0.158216 2.37553 11.4184 2.48838
232.27 0.158177 2.37549 11.4196 2.48853
232.281 0.158214 2.37546 11.4181 2.48839
232.292 0.158369 2.37556 11.413 2.48778
232.303 0.158338 2.37551 11.4139 2.4879
232.315 0.158362 2.37552 11.413 2.48781
232.326 0.158436 2.37559 11.4107 2.48752
232.337 0.15838 2.37552 11.4124 2.48774
232.348 0.158379 2.37553 11.4125 2.48774
232.36 0.158437 2.37557 11.4106 2.48751
232.371 0.158349 2.37548 11.4133 2.48786
232.382 0.15834 2.37544 11.4134 2.48789
232.393 0.158423 2.3755 11.4108 2.48757
232.404 0.158368 2.37541 11.4123 2.48779
232.416 0.158407 2.37541 11.4109 2.48763
232.427 0.158501 2.37546 11.4077 2.48726
232.438 0.158453 2.37536 11.409 2.48745
232.449 0.158486 2.37533 11.4077 2.48732
232.461 0.158614 2.3754 11.4034 2.48682
232.472 0.158582 2.37529 11.404 2.48695
232.483 0.15867 2.37533 11.401 2.4866
232.494 0.158802 2.37539 11.3966 2.48608
232.506 0.158786 2.37532 11.3968 2.48614
232.517 0.158824 2.37532 11.3955 2.486
232.528 0.158948 2.37541 11.3915 2.48551
232.539 0.158919 2.37533 11.3921 2.48563
232.551 0.159014 2.37541 11.3891 2.48525
232.562 0.159169 2.37551 11.384 2.48465
232.573 0.159158 2.37546 11.3842 2.48469
232.584 0.159219 2.37551 11.3822 2.48446
232.596 0.159365 2.37562 11.3775 2.48388
232.607 0.159339 2.37553 11.378 2.48398
232.618 0.159368 2.37557 11.3772 2.48387
232.629 0.159447 2.3756 11.3745 2.48356
232.64 0.159409 2.37553 11.3755 2.48371
232.652 0.159414 2.37551 11.3753 2.48369
232.663 0.159497 2.37556 11.3726 2.48337
232.674 0.159439 2.37545 11.3741 2.4836
232.685 0.159438 2.37541 11.3739 2.4836
232.697 0.159514 2.37541 11.3712 2.4833
232.708 0.159434 2.37528 11.3735 2.48361
232.719 0.159442 2.37525 11.373 2.48358
232.73 0.159507 2.37525 11.3707 2.48333
232.742 0.159458 2.37516 11.372 2.48352
232.753 0.159496 2.37516 11.3707 2.48337
232.764 0.159612 2.37522 11.3668 2.48292
232.775 0.159576 2.37514 11.3677 2.48306
232.787 0.159622 2.37511 11.366 2.48288
232.798 0.159707 2.37513 11.363 2.48255
232.809 0.159655 2.37502 11.3643 2.48276
232.82 0.159701 2.37502 11.3627 2.48258
232.831 0.159828 2.37509 11.3585 2.48208
232.843 0.1598 2.37503 11.3592 2.48219
232.854 0.159844 2.37504 11.3577 2.48202
232.865 0.159942 2.3751 11.3545 2.48164
232.876 0.159901 2.37506 11.3558 2.4818
232.888 0.159947 2.37509 11.3543 2.48162
232.899 0.160082 2.37524 11.3502 2.4811
232.91 0.160037 2.3752 11.3516 2.48127
232.921 0.160046 2.37521 11.3513 2.48124
232.933 0.160133 2.37529 11.3486 2.4809
232.944 0.160038 2.37518 11.3515 2.48127
232.955 0.160045 2.3752 11.3513 2.48124
232.966 0.160165 2.37532 11.3477 2.48078
232.978 0.160138 2.37529 11.3485 2.48088
232.989 0.16019 2.37533 11.3468 2.48068
233 0.160305 2.37541 11.3431 2.48023
233.011 0.160253 2.37536 11.3447 2.48044
233.022 0.160278 2.37538 11.344 2.48034
233.034 0.160381 2.37546 11.3407 2.47994
233.045 0.160381 2.37546 11.3407 2.47994
233.056 0.16045 2.37552 11.3385 2.47967
233.067 0.160586 2.37564 11.3343 2.47915
233.079 0.160603 2.37566 11.3338 2.47908
233.09 0.16067 2.37572 11.3317 2.47882
233.101 0.160806 2.37586 11.3276 2.4783
233.112 0.160795 2.37589 11.3281 2.47834
233.124 0.160838 2.37594 11.3268 2.47818
233.135 0.160971 2.37608 11.3228 2.47766
233.146 0.160934 2.37611 11.3243 2.47781
233.157 0.160956 2.3761 11.3235 2.47772
233.169 0.161076 2.37625 11.3199 2.47726
233.18 0.16102 2.37626 11.322 2.47748
233.191 0.161034 2.37631 11.3217 2.47742
233.202 0.161109 2.37645 11.3197 2.47713
233.213 0.161019 2.37642 11.3228 2.47748
233.225 0.160971 2.37643 11.3245 2.47767
233.236 0.161002 2.3765 11.3237 2.47755
233.247 0.160932 2.37647 11.3261 2.47782
233.258 0.160896 2.37648 11.3274 2.47795
233.27 0.160959 2.37655 11.3255 2.47771
233.281 0.16089 2.3765 11.3277 2.47798
233.292 0.160901 2.37656 11.3276 2.47793
233.303 0.160982 2.37666 11.3252 2.47762
233.315 0.160915 2.37666 11.3276 2.47788
233.326 0.160891 2.37667 11.3284 2.47797
233.337 0.160973 2.37675 11.326 2.47766
233.348 0.160888 2.3767 11.3287 2.47799
233.36 0.160915 2.37679 11.3282 2.47788
233.371 0.161022 2.37692 11.3251 2.47747
233.382 0.160984 2.37695 11.3266 2.47762
233.393 0.16104 2.37706 11.3251 2.4774
233.404 0.161152 2.37723 11.322 2.47697
233.416 0.1611 2.37726 11.3239 2.47717
233.427 0.161083 2.37733 11.3248 2.47723
233.438 0.161145 2.37746 11.3233 2.477
233.449 0.161076 2.37749 11.3259 2.47726
233.461 0.161086 2.37759 11.326 2.47722
233.472 0.161165 2.37767 11.3236 2.47692
233.483 0.161097 2.37777 11.3264 2.47718
233.494 0.161079 2.37781 11.3273 2.47725
233.506 0.161142 2.37796 11.3258 2.47701
233.517 0.161069 2.37799 11.3285 2.47729
233.528 0.161064 2.37808 11.3291 2.47731
233.539 0.161108 2.37823 11.3282 2.47714
233.551 0.161006 2.37825 11.3319 2.47753
233.562 0.160954 2.37833 11.3342 2.47773
233.573 0.16099 2.37849 11.3336 2.47759
233.584 0.160886 2.37849 11.3373 2.47799
233.596 0.160871 2.3786 11.3383 2.47805
233.607 0.16093 2.37876 11.337 2.47782
233.618 0.16084 2.37877 11.3403 2.47817
233.629 0.160796 2.37883 11.3421 2.47834
233.64 0.160851 2.37902 11.3411 2.47813
233.652 0.160721 2.379 11.3456 2.47863
233.663 0.160691 2.37909 11.347 2.47875
233.674 0.160742 2.37922 11.3459 2.47855
233.685 0.160651 2.37926 11.3493 2.4789
233.697 0.16063 2.37935 11.3505 2.47898
233.708 0.160715 2.37957 11.3485 2.47865
233.719 0.160646 2.37959 11.351 2.47892
233.73 0.160647 2.37971 11.3516 2.47891
233.742 0.160703 2.37989 11.3504 2.4787
233.753 0.160646 2.37998 11.3529 2.47892
233.764 0.160625 2.38006 11.354 2.479
233.775 0.160706 2.38028 11.3522 2.47869
233.787 0.160632 2.38034 11.3551 2.47897
233.798 0.160603 2.38045 11.3566 2.47908
233.809 0.160637 2.38061 11.3562 2.47895
233.82 0.160562 2.38068 11.3592 2.47924
233.831 0.160522 2.3808 11.3612 2.47939
233.843 0.160582 2.38098 11.36 2.47917
233.854 0.160463 2.381 11.3643 2.47963
233.865 0.160423 2.38109 11.3661 2.47978
233.876 0.160462 2.38124 11.3654 2.47963
233.888 0.160393 2.38134 11.3683 2.4799
233.899 0.160347 2.38142 11.3703 2.48007
233.91 0.16038 2.38159 11.37 2.47994
233.921 0.160284 2.38165 11.3737 2.48032
233.933 0.160251 2.38177 11.3754 2.48044
233.944 0.160266 2.38192 11.3756 2.48039
233.955 0.160146 2.38197 11.3801 2.48085
233.966 0.160078 2.38205 11.3829 2.48111
233.978 0.160089 2.38224 11.3834 2.48107
233.989 0.159966 2.3823 11.3881 2.48155
234 0.159897 2.38241 11.391 2.48181
234.011 0.159904 2.38257 11.3916 2.48179
234.022 0.159781 2.38263 11.3962 2.48227
234.034 0.159738 2.38278 11.3985 2.48243
234.045 0.159764 2.38296 11.3984 2.48233
234.056 0.15968 2.38313 11.4022 2.48266
234.067 0.159636 2.38317 11.404 2.48283
234.079 0.159674 2.38339 11.4037 2.48268
234.09 0.159602 2.3835 11.4068 2.48296
234.101 0.159589 2.38364 11.4079 2.48301
234.112 0.159632 2.38381 11.4072 2.48285
234.124 0.159548 2.38392 11.4108 2.48317
234.135 0.159523 2.38405 11.4122 2.48327
234.146 0.159575 2.38426 11.4114 2.48307
234.157 0.159506 2.38436 11.4144 2.48333
234.169 0.159465 2.3845 11.4165 2.48349
234.18 0.159496 2.38469 11.4163 2.48338
234.191 0.1594 2.38477 11.4201 2.48375
234.202 0.159352 2.38487 11.4223 2.48394
234.213 0.159367 2.38508 11.4228 2.48388
234.225 0.15926 2.38516 11.427 2.48429
234.236 0.159202 2.38528 11.4296 2.48452
234.247 0.15922 2.38547 11.4299 2.48445
234.258 0.159114 2.38557 11.4342 2.48486
234.27 0.159041 2.38567 11.4373 2.48515
234.281 0.159029 2.38583 11.4385 2.4852
234.292 0.158923 2.38595 11.4429 2.48561
234.303 0.158833 2.38599 11.4464 2.48596
234.315 0.158825 2.38616 11.4474 2.48599
234.326 0.1587 2.38624 11.4523 2.48648
234.337 0.158612 2.38631 11.4558 2.48683
234.348 0.158596 2.38643 11.457 2.48689
234.36 0.158509 2.3866 11.461 2.48723
234.371 0.15843 2.38663 11.464 2.48754
234.382 0.158422 2.3868 11.4651 2.48757
234.393 0.158311 2.38682 11.4692 2.48801
234.404 0.158252 2.38693 11.4718 2.48824
234.416 0.158286 2.38711 11.4715 2.48811
234.427 0.158212 2.38722 11.4747 2.4884
234.438 0.15817 2.38732 11.4767 2.48856
234.449 0.1582 2.3875 11.4765 2.48845
234.461 0.15811 2.38759 11.4801 2.4888
234.472 0.15809 2.38775 11.4817 2.48888
234.483 0.158145 2.38798 11.4808 2.48866
234.494 0.158063 2.38807 11.4842 2.48898
234.506 0.158042 2.38822 11.4857 2.48906
234.517 0.158116 2.38849 11.4843 2.48877
234.528 0.158038 2.38859 11.4876 2.48908
234.539 0.158016 2.38875 11.4891 2.48917
234.551 0.158052 2.38894 11.4888 2.48903
234.562 0.157983 2.38905 11.4918 2.4893
234.573 0.157948 2.38919 11.4937 2.48943
234.584 0.157994 2.38941 11.4931 2.48925
234.596 0.157885 2.38944 11.4972 2.48968
234.607 0.157868 2.38962 11.4987 2.48975
234.618 0.157919 2.38983 11.4979 2.48955
234.629 0.157864 2.38994 11.5004 2.48977
234.64 0.157845 2.3901 11.5019 2.48984
234.652 0.157904 2.39034 11.5009 2.48961
234.663 0.157837 2.39042 11.5037 2.48987
234.674 0.157847 2.39064 11.5044 2.48983
234.685 0.157919 2.39089 11.503 2.48955
234.697 0.157864 2.39099 11.5055 2.48977
234.708 0.157876 2.39119 11.506 2.48972
234.719 0.157956 2.39145 11.5043 2.48941
234.73 0.157902 2.39154 11.5067 2.48962
234.742 0.157924 2.39174 11.5069 2.48953
234.753 0.158016 2.392 11.5048 2.48917
234.764 0.157943 2.39206 11.5078 2.48946
234.775 0.157908 2.39223 11.5098 2.48959
234.787 0.157938 2.39244 11.5098 2.48948
234.798 0.157828 2.39251 11.5141 2.48991
234.809 0.157773 2.39264 11.5167 2.49012
234.82 0.157786 2.39281 11.5171 2.49008
234.831 0.15768 2.39285 11.5211 2.49049
234.843 0.157636 2.39299 11.5234 2.49067
234.854 0.157672 2.39318 11.523 2.49052
234.865 0.157562 2.3932 11.5271 2.49096
234.876 0.157518 2.3933 11.5292 2.49113
234.888 0.157515 2.39344 11.53 2.49114
234.899 0.157411 2.3935 11.5341 2.49156
234.91 0.157371 2.39366 11.5363 2.49171
234.921 0.157378 2.39383 11.5369 2.49169
234.933 0.157269 2.39387 11.5411 2.49212
234.944 0.157201 2.39398 11.5441 2.49239
234.955 0.15719 2.39414 11.5453 2.49243
234.966 0.157087 2.39419 11.5493 2.49284
234.978 0.157038 2.39431 11.5517 2.49303
234.989 0.157042 2.39445 11.5522 2.49302
235 0.156934 2.39449 11.5564 2.49345
235.011 0.156906 2.39463 11.5581 2.49356
235.022 0.156938 2.39484 11.558 2.49343
235.034 0.156849 2.39491 11.5615 2.49378
235.045 0.156839 2.39505 11.5626 2.49383
235.056 0.156899 2.39526 11.5614 2.49359
235.067 0.156839 2.39533 11.5639 2.49383
235.079 0.156852 2.39547 11.5641 2.49377
235.09 0.15693 2.39569 11.5623 2.49347
235.101 0.156872 2.39573 11.5647 2.4937
235.112 0.156884 2.39585 11.5648 2.49365
235.124 0.156978 2.39604 11.5623 2.49327
235.135 0.156916 2.39608 11.5647 2.49352
235.146 0.156904 2.39617 11.5656 2.49357
235.157 0.156989 2.39636 11.5634 2.49323
235.169 0.156919 2.39637 11.566 2.49351
235.18 0.156925 2.39652 11.5665 2.49348
235.191 0.157007 2.39671 11.5644 2.49316
235.202 0.156931 2.39675 11.5674 2.49346
235.213 0.156924 2.39685 11.5682 2.49349
235.225 0.15697 2.397 11.5672 2.4933
235.236 0.156876 2.39699 11.5706 2.49368
235.247 0.156853 2.3971 11.572 2.49377
235.258 0.15691 2.39728 11.5707 2.49354
235.27 0.156799 2.39723 11.5746 2.49398
235.281 0.156775 2.39733 11.576 2.49408
235.292 0.15683 2.39749 11.5747 2.49386
235.303 0.156724 2.39744 11.5784 2.49428
235.315 0.156705 2.39754 11.5796 2.49436
235.326 0.156738 2.39765 11.5789 2.49423
235.337 0.15667 2.39764 11.5814 2.4945
235.348 0.156661 2.39773 11.5821 2.49453
235.36 0.156743 2.3979 11.5799 2.49421
235.371 0.156679 2.39787 11.5821 2.49446
235.382 0.156675 2.39795 11.5827 2.49448
235.393 0.15672 2.39807 11.5815 2.4943
235.404 0.156605 2.39801 11.5856 2.49476
235.416 0.156555 2.39805 11.5876 2.49496
235.427 0.156586 2.39815 11.5869 2.49483
235.438 0.156447 2.39807 11.5917 2.49539
235.449 0.156409 2.39809 11.5932 2.49554
235.461 0.156451 2.3982 11.5922 2.49537
235.472 0.156333 2.39811 11.5961 2.49584
235.483 0.156332 2.39817 11.5964 2.49584
235.494 0.156406 2.39827 11.5942 2.49555
235.506 0.156346 2.39821 11.5961 2.49579
235.517 0.15639 2.39831 11.5949 2.49561
235.528 0.156478 2.39837 11.592 2.49526
235.539 0.156427 2.39834 11.5938 2.49547
235.551 0.156478 2.39842 11.5922 2.49526
235.562 0.156582 2.39851 11.5888 2.49485
235.573 0.156525 2.39845 11.5906 2.49508
235.584 0.15653 2.39847 11.5905 2.49506
235.596 0.15661 2.39859 11.5881 2.49474
235.607 0.156539 2.39854 11.5905 2.49502
235.618 0.156548 2.39855 11.5903 2.49498
235.629 0.156656 2.39866 11.5868 2.49455
235.64 0.156593 2.39862 11.5889 2.4948
235.652 0.156583 2.39865 11.5894 2.49484
235.663 0.156677 2.39876 11.5865 2.49447
235.674 0.156606 2.39871 11.5889 2.49475
235.685 0.156608 2.39869 11.5887 2.49475
235.697 0.156681 2.39877 11.5864 2.49446
235.708 0.156642 2.39873 11.5877 2.49461
235.719 0.156665 2.39877 11.587 2.49452
235.73 0.156717 2.3988 11.5852 2.49431
235.742 0.156638 2.39871 11.5877 2.49463
235.753 0.156644 2.39874 11.5876 2.4946
235.764 0.156681 2.39874 11.5863 2.49445
235.775 0.156596 2.39863 11.5889 2.49479
235.787 0.156566 2.3986 11.5899 2.49491
235.798 0.156576 2.39859 11.5894 2.49487
235.809 0.156474 2.39847 11.5926 2.49528
235.82 0.156478 2.39845 11.5924 2.49526
235.831 0.156568 2.3985 11.5893 2.4949
235.843 0.156537 2.39843 11.5901 2.49503
235.854 0.156585 2.39844 11.5884 2.49484
235.865 0.156706 2.39848 11.5841 2.49435
235.876 0.156709 2.39837 11.5835 2.49434
235.888 0.156804 2.3984 11.5801 2.49396
235.899 0.15694 2.39848 11.5754 2.49342
235.91 0.156916 2.39837 11.5758 2.49352
235.921 0.156927 2.39837 11.5754 2.49348
235.933 0.157048 2.39842 11.5711 2.49299
235.944 0.157007 2.39834 11.5723 2.49316
235.955 0.156996 2.39831 11.5726 2.4932
235.966 0.157078 2.39837 11.5698 2.49287
235.978 0.157026 2.39829 11.5714 2.49308
235.989 0.157061 2.39826 11.5699 2.49294
236 0.157148 2.39829 11.5668 2.4926
236.011 0.15711 2.3982 11.5678 2.49275
236.022 0.157144 2.39819 11.5665 2.49261
236.034 0.157213 2.39824 11.5642 2.49234
236.045 0.157135 2.39812 11.5665 2.49265
236.056 0.157164 2.39811 11.5654 2.49254
236.067 0.157234 2.39813 11.5629 2.49226
236.079 0.157135 2.39799 11.5659 2.49265
236.09 0.157114 2.39793 11.5664 2.49273
236.101 0.157175 2.39796 11.5643 2.49249
236.112 0.15708 2.3978 11.567 2.49287
236.124 0.157084 2.39775 11.5666 2.49285
236.135 0.157181 2.39776 11.5631 2.49247
236.146 0.157151 2.39763 11.5636 2.49259
236.157 0.157235 2.39757 11.5602 2.49225
236.169 0.157367 2.3976 11.5555 2.49173
236.18 0.157349 2.39754 11.5558 2.4918
236.191 0.157404 2.39757 11.554 2.49158
236.202 0.157492 2.39765 11.5511 2.49124
236.213 0.157413 2.39758 11.5537 2.49155
236.225 0.157412 2.39755 11.5536 2.49155
236.236 0.15749 2.39756 11.5508 2.49124
236.247 0.157441 2.39748 11.5522 2.49144
236.258 0.157483 2.39743 11.5504 2.49127
236.27 0.157604 2.39748 11.5462 2.49079
236.281 0.157577 2.39737 11.5467 2.4909
236.292 0.157625 2.39738 11.5449 2.49071
236.303 0.157741 2.39743 11.5409 2.49025
236.315 0.157713 2.39732 11.5414 2.49036
236.326 0.157734 2.39729 11.5405 2.49028
236.337 0.157785 2.39727 11.5386 2.49008
236.348 0.157664 2.39705 11.542 2.49056
236.36 0.157619 2.39695 11.5431 2.49074
236.371 0.157679 2.39696 11.541 2.4905
236.382 0.15762 2.39684 11.5425 2.49073
236.393 0.157676 2.39679 11.5402 2.49051
236.404 0.157804 2.39683 11.5358 2.49001
236.416 0.157733 2.39668 11.5376 2.49028
236.427 0.15776 2.39665 11.5365 2.49018
236.438 0.157798 2.39667 11.5352 2.49003
236.449 0.157743 2.39658 11.5368 2.49024
236.461 0.157785 2.39658 11.5352 2.49008
236.472 0.157889 2.39665 11.5318 2.48967
236.483 0.157854 2.39657 11.5327 2.48981
236.494 0.157919 2.39655 11.5302 2.48955
236.506 0.158041 2.39659 11.5259 2.48907
236.517 0.158032 2.39648 11.5258 2.48911
236.528 0.158086 2.39645 11.5236 2.48889
236.539 0.158211 2.39649 11.5193 2.4884
236.551 0.158208 2.39641 11.519 2.48841
236.562 0.15824 2.39636 11.5176 2.48829
236.573 0.158317 2.3964 11.515 2.48799
236.584 0.158246 2.39627 11.5169 2.48826
236.596 0.158258 2.39622 11.5163 2.48822
236.607 0.158341 2.39624 11.5134 2.48789
236.618 0.158267 2.3961 11.5154 2.48818
236.629 0.158295 2.39606 11.5142 2.48807
236.64 0.158386 2.39608 11.5109 2.48771
236.652 0.158282 2.39597 11.5142 2.48812
236.663 0.158261 2.39592 11.5147 2.48821
236.674 0.158349 2.39595 11.5117 2.48786
236.685 0.158317 2.39587 11.5125 2.48799
236.697 0.158388 2.39586 11.5098 2.48771
236.708 0.158518 2.3959 11.5053 2.4872
236.719 0.158485 2.3958 11.506 2.48732
236.73 0.158546 2.39581 11.5038 2.48709
236.742 0.158654 2.39583 11.5 2.48666
236.753 0.158588 2.39568 11.5017 2.48692
236.764 0.158599 2.39564 11.5011 2.48688
236.775 0.158723 2.39567 11.4967 2.48639
236.787 0.158716 2.39558 11.4966 2.48642
236.798 0.158784 2.39557 11.494 2.48615
236.809 0.158898 2.39557 11.4899 2.48571
236.82 0.158857 2.39543 11.4908 2.48587
236.831 0.15888 2.39538 11.4897 2.48578
236.843 0.158979 2.39541 11.4862 2.48539
236.854 0.1589 2.39525 11.4883 2.4857
236.865 0.158877 2.39519 11.4889 2.48579
236.876 0.158957 2.39521 11.4861 2.48548
236.888 0.158883 2.39505 11.488 2.48577
236.899 0.158917 2.39499 11.4865 2.48563
236.91 0.159025 2.39495 11.4824 2.48521
236.921 0.15898 2.39479 11.4832 2.48539
236.933 0.158991 2.3947 11.4824 2.48534
236.944 0.15909 2.39472 11.479 2.48496
236.955 0.159079 2.39468 11.4792 2.485
236.966 0.159137 2.39467 11.477 2.48477
236.978 0.159211 2.39461 11.474 2.48448
236.989 0.159179 2.39449 11.4746 2.48461
237 0.159215 2.39451 11.4734 2.48447
237.011 0.159318 2.39461 11.4702 2.48407
237.022 0.159282 2.39447 11.4708 2.48421
237.034 0.159303 2.39438 11.4696 2.48413
237.045 0.159416 2.39443 11.4658 2.48369
237.056 0.159342 2.3943 11.4679 2.48397
237.067 0.159335 2.39424 11.4678 2.484
237.079 0.159389 2.39423 11.4658 2.48379
237.09 0.159304 2.39409 11.4682 2.48412
237.101 0.159307 2.39399 11.4676 2.48411
237.112 0.159383 2.39395 11.4647 2.48382
237.124 0.159289 2.39376 11.4672 2.48418
237.135 0.159286 2.39363 11.4666 2.48419
237.146 0.159337 2.39359 11.4646 2.48399
237.157 0.159229 2.39337 11.4674 2.48441
237.169 0.159251 2.39327 11.4662 2.48433
237.18 0.159346 2.39322 11.4625 2.48396
237.191 0.159323 2.3931 11.4628 2.48405
237.202 0.15939 2.39309 11.4603 2.48379
237.213 0.159586 2.3932 11.4538 2.48302
237.225 0.159651 2.39323 11.4516 2.48277
237.236 0.159772 2.39319 11.4471 2.4823
237.247 0.159941 2.39324 11.4413 2.48165
237.258 0.159959 2.39318 11.4404 2.48158
237.27 0.159975 2.39317 11.4397 2.48151
237.281 0.160038 2.39319 11.4375 2.48127
237.292 0.159935 2.39306 11.4406 2.48167
237.303 0.159889 2.39295 11.4418 2.48185
237.315 0.159943 2.39293 11.4397 2.48164
237.326 0.159859 2.39274 11.4418 2.48196
237.337 0.159806 2.39257 11.4429 2.48217
237.348 0.159849 2.39252 11.4411 2.482
237.36 0.159764 2.39231 11.4432 2.48233
237.371 0.159735 2.39218 11.4436 2.48245
237.382 0.159813 2.39213 11.4405 2.48214
237.393 0.159719 2.39191 11.4429 2.48251
237.404 0.159693 2.39177 11.4431 2.48261
237.416 0.159743 2.39173 11.4411 2.48241
237.427 0.159677 2.39159 11.4428 2.48267
237.438 0.159728 2.39159 11.441 2.48247
237.449 0.159924 2.3917 11.4345 2.48171
237.461 0.159969 2.39164 11.4326 2.48154
237.472 0.160035 2.39164 11.4303 2.48128
237.483 0.160188 2.39167 11.425 2.48069
237.494 0.160186 2.39159 11.4247 2.4807
237.506 0.160227 2.39159 11.4232 2.48054
237.517 0.16032 2.39167 11.4202 2.48018
237.528 0.16026 2.39159 11.422 2.48041
237.539 0.160269 2.39156 11.4215 2.48037
237.551 0.16034 2.39156 11.419 2.4801
237.562 0.160253 2.39143 11.4215 2.48044
237.573 0.160252 2.39135 11.4211 2.48044
237.584 0.160362 2.39139 11.4174 2.48001
237.596 0.160303 2.39127 11.4189 2.48024
237.607 0.160288 2.3912 11.4191 2.4803
237.618 0.160354 2.39112 11.4164 2.48005
237.629 0.160277 2.39093 11.4182 2.48035
237.64 0.160358 2.39097 11.4155 2.48003
237.652 0.160503 2.39101 11.4106 2.47947
237.663 0.160439 2.39087 11.4122 2.47972
237.674 0.160436 2.39082 11.412 2.47973
237.685 0.160493 2.39084 11.4101 2.47951
237.697 0.160407 2.39075 11.4127 2.47984
237.708 0.1604 2.3907 11.4128 2.47987
237.719 0.160469 2.39067 11.4102 2.4796
237.73 0.160373 2.39053 11.4129 2.47997
237.742 0.160339 2.39045 11.4138 2.4801
237.753 0.160417 2.39042 11.4108 2.4798
237.764 0.160344 2.39025 11.4126 2.48008
237.775 0.16033 2.39014 11.4126 2.48014
237.787 0.160391 2.39012 11.4103 2.4799
237.798 0.160288 2.38994 11.4131 2.4803
237.809 0.160263 2.38981 11.4134 2.4804
237.82 0.160336 2.38981 11.4108 2.48012
237.831 0.160299 2.38972 11.4117 2.48026
237.843 0.160349 2.38966 11.4096 2.48006
237.854 0.160503 2.38969 11.4043 2.47947
237.865 0.160509 2.38958 11.4036 2.47945
237.876 0.160561 2.38958 11.4017 2.47925
237.888 0.160657 2.38965 11.3986 2.47887
237.899 0.160603 2.38958 11.4002 2.47908
237.91 0.160644 2.38963 11.399 2.47892
237.921 0.160761 2.38969 11.3951 2.47847
237.933 0.1607 2.38959 11.3968 2.47871
237.944 0.160697 2.38951 11.3966 2.47872
237.955 0.160757 2.3895 11.3944 2.47849
237.966 0.160685 2.38938 11.3963 2.47877
237.978 0.160728 2.38934 11.3946 2.4786
237.989 0.160842 2.38935 11.3906 2.47816
238 0.160815 2.38926 11.3912 2.47827
238.011 0.160832 2.38917 11.3901 2.4782
238.022 0.160927 2.38921 11.3869 2.47783
238.034 0.160856 2.38908 11.3889 2.47811
238.045 0.160861 2.38905 11.3886 2.47809
238.056 0.160958 2.38905 11.3851 2.47771
238.067 0.160959 2.38902 11.3849 2.47771
238.079 0.161024 2.38906 11.3828 2.47746
238.09 0.161213 2.38923 11.377 2.47674
238.101 0.161191 2.38913 11.3772 2.47682
238.112 0.161269 2.38925 11.3751 2.47652
238.124 0.161383 2.3893 11.3713 2.47608
238.135 0.161352 2.38922 11.372 2.4762
238.146 0.161367 2.38918 11.3713 2.47614
238.157 0.161466 2.38924 11.3681 2.47577
238.169 0.161402 2.38917 11.37 2.47601
238.18 0.161414 2.38915 11.3695 2.47597
238.191 0.161501 2.3892 11.3666 2.47563
238.202 0.161395 2.38903 11.3696 2.47604
238.213 0.161378 2.389 11.37 2.4761
238.225 0.161496 2.38905 11.3661 2.47565
238.236 0.16146 2.38899 11.3671 2.47579
238.247 0.161457 2.38898 11.3672 2.4758
238.258 0.161528 2.38898 11.3646 2.47553
238.27 0.16148 2.38888 11.3659 2.47571
238.281 0.161511 2.38888 11.3648 2.47559
238.292 0.161594 2.38889 11.3619 2.47527
238.303 0.161591 2.38881 11.3616 2.47529
238.315 0.161634 2.38878 11.36 2.47512
238.326 0.161765 2.38886 11.3557 2.47462
238.337 0.161709 2.38879 11.3574 2.47483
238.348 0.161687 2.38877 11.358 2.47492
238.36 0.161748 2.38883 11.3562 2.47469
238.371 0.161633 2.38875 11.3599 2.47513
238.382 0.161602 2.38873 11.3609 2.47524
238.393 0.161636 2.38875 11.3598 2.47511
238.404 0.161546 2.38865 11.3625 2.47546
238.416 0.161518 2.38861 11.3633 2.47556
238.427 0.161556 2.38861 11.3619 2.47542
238.438 0.161469 2.38851 11.3645 2.47575
238.449 0.161444 2.38846 11.3652 2.47585
238.461 0.161517 2.38849 11.3627 2.47557
238.472 0.161449 2.38844 11.3649 2.47583
238.483 0.16145 2.38843 11.3648 2.47582
238.494 0.161514 2.38843 11.3626 2.47558
238.506 0.161474 2.38833 11.3635 2.47573
238.517 0.161485 2.38832 11.363 2.47569
238.528 0.161584 2.38838 11.3598 2.47531
238.539 0.161581 2.38838 11.3599 2.47532
238.551 0.161632 2.38842 11.3583 2.47513
238.562 0.161759 2.3885 11.3543 2.47464
238.573 0.161715 2.38849 11.3558 2.47481
238.584 0.16174 2.38854 11.3551 2.47472
238.596 0.161853 2.38868 11.3518 2.47428
238.607 0.161806 2.38866 11.3534 2.47446
238.618 0.161783 2.38865 11.3541 2.47455
238.629 0.161812 2.38869 11.3533 2.47444
238.64 0.16172 2.38862 11.3562 2.47479
238.652 0.161681 2.38861 11.3575 2.47494
238.663 0.161757 2.38869 11.3552 2.47465
238.674 0.161685 2.38863 11.3575 2.47493
238.685 0.161682 2.38862 11.3575 2.47494
238.697 0.161746 2.38866 11.3555 2.47469
238.708 0.161699 2.3886 11.3568 2.47487
238.719 0.161697 2.38859 11.3568 2.47488
238.73 0.161778 2.38863 11.3542 2.47457
238.742 0.161701 2.38855 11.3565 2.47486
238.753 0.161718 2.38858 11.3561 2.4748
238.764 0.161812 2.38865 11.3531 2.47444
238.775 0.161764 2.38858 11.3544 2.47462
238.787 0.161799 2.38861 11.3534 2.47449
238.798 0.1619 2.38871 11.3503 2.4741
238.809 0.16188 2.38872 11.351 2.47418
238.82 0.161886 2.38876 11.351 2.47416
238.831 0.161986 2.38888 11.3481 2.47377
238.843 0.161959 2.38888 11.349 2.47388
238.854 0.16198 2.38893 11.3485 2.4738
238.865 0.162086 2.38905 11.3454 2.4734
238.876 0.162033 2.38899 11.347 2.4736
238.888 0.162054 2.38903 11.3464 2.47352
238.899 0.162163 2.38913 11.3431 2.4731
238.91 0.162097 2.3891 11.3453 2.47335
238.921 0.162121 2.38914 11.3446 2.47326
238.933 0.162183 2.38921 11.3428 2.47302
238.944 0.162073 2.38914 11.3463 2.47344
238.955 0.162052 2.38918 11.3472 2.47352
238.966 0.162125 2.38923 11.3449 2.47325
238.978 0.16206 2.3892 11.3471 2.47349
238.989 0.162045 2.38922 11.3476 2.47355
239 0.162102 2.38928 11.346 2.47333
239.011 0.161996 2.3892 11.3493 2.47374
239.022 0.161975 2.3892 11.35 2.47382
239.034 0.162041 2.38927 11.348 2.47357
239.045 0.161958 2.38919 11.3505 2.47388
239.056 0.161945 2.38919 11.351 2.47393
239.067 0.16198 2.38923 11.35 2.4738
239.079 0.161887 2.38916 11.3529 2.47415
239.09 0.161918 2.3892 11.352 2.47403
239.101 0.162005 2.38931 11.3495 2.4737
239.112 0.161965 2.38932 11.3509 2.47385
239.124 0.161995 2.38937 11.3501 2.47374
239.135 0.162116 2.38949 11.3465 2.47328
239.146 0.162104 2.38952 11.347 2.47332
239.157 0.162119 2.38954 11.3466 2.47327
239.169 0.162251 2.38963 11.3424 2.47276
239.18 0.162243 2.38964 11.3427 2.47279
239.191 0.162225 2.38959 11.3431 2.47286
239.202 0.162306 2.38969 11.3407 2.47255
239.213 0.16222 2.38959 11.3433 2.47288
239.225 0.162225 2.38963 11.3433 2.47286
239.236 0.162301 2.38968 11.3409 2.47257
239.247 0.162269 2.38966 11.3419 2.4727
239.258 0.162243 2.38962 11.3426 2.47279
239.27 0.162327 2.38974 11.3403 2.47248
239.281 0.162293 2.38972 11.3414 2.4726
239.292 0.162268 2.38969 11.3421 2.4727
239.303 0.162316 2.38973 11.3406 2.47252
239.315 0.162247 2.38965 11.3426 2.47278
239.326 0.16222 2.3896 11.3434 2.47288
239.337 0.162271 2.38962 11.3416 2.47269
239.348 0.162192 2.3895 11.3438 2.47299
239.36 0.162184 2.38947 11.344 2.47302
239.371 0.162251 2.38948 11.3417 2.47276
239.382 0.162172 2.38933 11.3438 2.47307
239.393 0.162163 2.3893 11.3439 2.4731
239.404 0.162253 2.38938 11.3411 2.47276
239.416 0.162217 2.38932 11.3421 2.47289
239.427 0.162245 2.38934 11.3412 2.47279
239.438 0.162342 2.3894 11.3381 2.47242
239.449 0.162332 2.38937 11.3383 2.47245
239.461 0.162356 2.38938 11.3375 2.47236
239.472 0.162447 2.38945 11.3347 2.47202
239.483 0.162436 2.3894 11.3348 2.47206
239.494 0.162488 2.38945 11.3333 2.47186
239.506 0.162606 2.38954 11.3296 2.47141
239.517 0.162615 2.38947 11.3289 2.47138
239.528 0.162675 2.38956 11.3273 2.47115
239.539 0.162815 2.38969 11.323 2.47062
239.551 0.162801 2.38962 11.3232 2.47067
239.562 0.162865 2.38968 11.3212 2.47043
239.573 0.162961 2.38977 11.3183 2.47007
239.584 0.162933 2.38973 11.3191 2.47017
239.596 0.162979 2.38978 11.3178 2.47
239.607 0.163053 2.38982 11.3154 2.46972
239.618 0.163031 2.3898 11.3161 2.4698
239.629 0.163078 2.38985 11.3147 2.46962
239.64 0.163159 2.38992 11.3121 2.46932
239.652 0.163104 2.38983 11.3137 2.46953
239.663 0.163125 2.38985 11.313 2.46945
239.674 0.163211 2.38994 11.3105 2.46912
239.685 0.163192 2.38991 11.311 2.46919
239.697 0.16323 2.38997 11.3099 2.46905
239.708 0.163325 2.39005 11.307 2.46869
239.719 0.163294 2.38998 11.3078 2.46881
239.73 0.163323 2.39001 11.3069 2.4687
239.742 0.163415 2.39011 11.3042 2.46835
239.753 0.163375 2.39003 11.3052 2.4685
239.764 0.163398 2.39005 11.3045 2.46841
239.775 0.163487 2.39012 11.3018 2.46808
239.787 0.163461 2.39008 11.3025 2.46817
239.798 0.163492 2.39012 11.3016 2.46806
239.809 0.163583 2.39022 11.2989 2.46772
239.82 0.163545 2.39018 11.3001 2.46786
239.831 0.163564 2.3902 11.2995 2.46779
239.843 0.163619 2.39028 11.298 2.46758
239.854 0.16355 2.3902 11.2999 2.46784
239.865 0.163537 2.39021 11.3004 2.46789
239.876 0.163574 2.39024 11.2993 2.46775
239.888 0.163443 2.39012 11.3033 2.46824
239.899 0.163416 2.39014 11.3043 2.46834
239.91 0.163457 2.39019 11.3031 2.46819
239.921 0.16334 2.39008 11.3066 2.46863
239.933 0.163297 2.39003 11.3079 2.4688
239.944 0.163315 2.39005 11.3074 2.46873
239.955 0.16319 2.38994 11.3112 2.4692
239.966 0.163153 2.38992 11.3124 2.46934
239.978 0.163206 2.38998 11.3108 2.46914
239.989 0.163111 2.38991 11.3138 2.4695
240 0.163093 2.38993 11.3145 2.46956
240.011 0.163142 2.38997 11.313 2.46938
240.022 0.163049 2.38987 11.3157 2.46973
240.034 0.163057 2.38989 11.3156 2.4697
240.045 0.163134 2.38994 11.3131 2.46941
240.056 0.16306 2.38984 11.3152 2.46969
240.067 0.163068 2.38985 11.315 2.46966
240.079 0.163148 2.3899 11.3125 2.46936
240.09 0.163083 2.38981 11.3143 2.46961
240.101 0.1631 2.3898 11.3137 2.46954
240.112 0.163186 2.38985 11.3109 2.46922
240.124 0.163136 2.38979 11.3123 2.4694
240.135 0.163147 2.38978 11.3119 2.46936
240.146 0.16324 2.38986 11.3091 2.46901
240.157 0.163168 2.38971 11.3109 2.46928
240.169 0.163192 2.38972 11.3101 2.46919
240.18 0.163286 2.38976 11.307 2.46884
240.191 0.163227 2.38965 11.3085 2.46906
240.202 0.163269 2.3897 11.3073 2.4689
240.213 0.163354 2.38974 11.3046 2.46858
240.225 0.163289 2.38965 11.3064 2.46882
240.236 0.163327 2.38969 11.3053 2.46868
240.247 0.163433 2.38976 11.3019 2.46828
240.258 0.163395 2.38967 11.3028 2.46842
240.27 0.163446 2.3897 11.3012 2.46823
240.281 0.163551 2.38979 11.298 2.46783
240.292 0.163509 2.38975 11.2992 2.46799
240.303 0.163567 2.38982 11.2976 2.46778
240.315 0.163686 2.38995 11.2941 2.46733
240.326 0.163649 2.3899 11.2951 2.46747
240.337 0.163703 2.38996 11.2935 2.46726
240.348 0.163827 2.39004 11.2897 2.4668
240.36 0.163756 2.38996 11.2917 2.46706
240.371 0.163766 2.38999 11.2915 2.46702
240.382 0.16382 2.39008 11.2901 2.46682
240.393 0.163729 2.38999 11.2928 2.46716
240.404 0.163713 2.38996 11.2932 2.46722
240.416 0.163789 2.39003 11.2909 2.46694
240.427 0.163687 2.3899 11.2938 2.46732
240.438 0.163686 2.38993 11.294 2.46733
240.449 0.163749 2.38995 11.2919 2.46709
240.461 0.163649 2.38979 11.2946 2.46746
240.472 0.163628 2.38971 11.2949 2.46754
240.483 0.163681 2.38974 11.2933 2.46734
240.494 0.163566 2.3896 11.2966 2.46778
240.506 0.16355 2.38953 11.2968 2.46784
240.517 0.163588 2.38955 11.2956 2.46769
240.528 0.163484 2.3894 11.2984 2.46809
240.539 0.163472 2.38937 11.2987 2.46813
240.551 0.16357 2.38941 11.2955 2.46777
240.562 0.163436 2.38925 11.2994 2.46827
240.573 0.163383 2.38919 11.301 2.46847
240.584 0.163397 2.38915 11.3003 2.46842
240.596 0.163265 2.38899 11.3041 2.46892
240.607 0.163205 2.38889 11.3057 2.46914
240.618 0.163234 2.38888 11.3047 2.46903
240.629 0.163104 2.38866 11.3081 2.46953
240.64 0.163083 2.38861 11.3086 2.4696
240.652 0.163128 2.3886 11.307 2.46944
240.663 0.163023 2.38845 11.3099 2.46983
240.674 0.163 2.38839 11.3104 2.46992
240.685 0.163043 2.3884 11.309 2.46976
240.697 0.162914 2.38819 11.3125 2.47024
240.708 0.16287 2.38809 11.3135 2.47041
240.719 0.162886 2.38805 11.3128 2.47035
240.73 0.162761 2.38787 11.3163 2.47083
240.742 0.162745 2.38781 11.3166 2.47089
240.753 0.162785 2.38776 11.3149 2.47073
240.764 0.1627 2.38764 11.3173 2.47106
240.775 0.162689 2.38754 11.3172 2.4711
240.787 0.162772 2.38755 11.3144 2.47078
240.798 0.162752 2.38746 11.3147 2.47086
240.809 0.162804 2.38745 11.3128 2.47066
240.82 0.16294 2.38749 11.3082 2.47015
240.831 0.162929 2.38742 11.3083 2.47019
240.843 0.162997 2.38742 11.3059 2.46993
240.854 0.163125 2.38746 11.3017 2.46945
240.865 0.163083 2.38732 11.3025 2.46961
240.876 0.163146 2.38734 11.3004 2.46937
240.888 0.163272 2.38735 11.2961 2.46889
240.899 0.163221 2.38724 11.2973 2.46908
240.91 0.163248 2.3872 11.2962 2.46898
240.921 0.163324 2.38722 11.2937 2.46869
240.933 0.163258 2.3871 11.2954 2.46894
240.944 0.16324 2.38705 11.2958 2.46901
240.955 0.163276 2.38702 11.2944 2.46887
240.966 0.16318 2.38686 11.297 2.46924
240.978 0.163159 2.38675 11.2972 2.46932
240.989 0.163206 2.38672 11.2954 2.46914
241 0.16312 2.38655 11.2976 2.46947
241.011 0.163105 2.38644 11.2975 2.46952
241.022 0.16317 2.38638 11.295 2.46928
241.034 0.163086 2.38621 11.2971 2.46959
241.045 0.163063 2.38605 11.2972 2.46968
241.056 0.163135 2.38598 11.2944 2.46941
241.067 0.163069 2.38578 11.2957 2.46966
241.079 0.163077 2.38564 11.2948 2.46963
241.09 0.163198 2.38563 11.2905 2.46917
241.101 0.163163 2.38546 11.2909 2.4693
241.112 0.163182 2.38532 11.2896 2.46923
241.124 0.163314 2.38534 11.2852 2.46873
241.135 0.163293 2.38522 11.2853 2.46881
241.146 0.163335 2.38515 11.2835 2.46865
241.157 0.163434 2.38512 11.2799 2.46828
241.169 0.163354 2.38492 11.2818 2.46858
241.18 0.163365 2.38485 11.281 2.46854
241.191 0.163434 2.38479 11.2784 2.46828
241.202 0.163338 2.38457 11.2807 2.46864
241.213 0.163346 2.3845 11.28 2.46861
241.225 0.163396 2.38444 11.278 2.46842
241.236 0.163309 2.38422 11.28 2.46875
241.247 0.163314 2.3841 11.2792 2.46873
241.258 0.163392 2.38408 11.2765 2.46844
241.27 0.163304 2.38387 11.2785 2.46877
241.281 0.163289 2.38375 11.2785 2.46883
241.292 0.163344 2.38366 11.2761 2.46862
241.303 0.163256 2.38344 11.2782 2.46895
241.315 0.163261 2.38335 11.2775 2.46893
241.326 0.163373 2.38335 11.2737 2.46851
241.337 0.163334 2.3832 11.2743 2.46865
241.348 0.163391 2.38315 11.2721 2.46844
241.36 0.163532 2.38318 11.2674 2.46791
241.371 0.163532 2.38307 11.2669 2.46791
241.382 0.163596 2.383 11.2643 2.46766
241.393 0.163773 2.38302 11.2583 2.467
241.404 0.163788 2.38289 11.2572 2.46694
241.416 0.163848 2.38286 11.255 2.46672
241.427 0.163951 2.38285 11.2514 2.46633
241.438 0.163882 2.3827 11.2531 2.46659
241.449 0.163903 2.38263 11.252 2.46651
241.461 0.163993 2.38265 11.249 2.46617
241.472 0.163906 2.38244 11.2511 2.4665
241.483 0.163896 2.38237 11.251 2.46654
241.494 0.163962 2.38236 11.2487 2.46629
241.506 0.163857 2.38219 11.2515 2.46668
241.517 0.163828 2.38209 11.252 2.46679
241.528 0.163874 2.38204 11.2502 2.46662
241.539 0.163779 2.38185 11.2526 2.46698
241.551 0.163792 2.38175 11.2517 2.46693
241.562 0.163884 2.38171 11.2483 2.46658
241.573 0.163834 2.38154 11.2492 2.46677
241.584 0.163864 2.38147 11.2479 2.46666
241.596 0.163962 2.38144 11.2444 2.46629
241.607 0.163939 2.38131 11.2446 2.46637
241.618 0.164008 2.38123 11.2418 2.46611
241.629 0.164183 2.38126 11.236 2.46546
241.64 0.164121 2.38114 11.2375 2.46569
241.652 0.164122 2.38108 11.2372 2.46569
241.663 0.164205 2.38108 11.2344 2.46538
241.674 0.164159 2.38097 11.2354 2.46555
241.685 0.164192 2.38093 11.2341 2.46542
241.697 0.164278 2.38088 11.2309 2.4651
241.708 0.164243 2.38076 11.2316 2.46523
241.719 0.164254 2.38068 11.2308 2.46519
241.73 0.164358 2.38067 11.2272 2.4648
241.742 0.164308 2.38052 11.2282 2.46499
241.753 0.164311 2.38044 11.2277 2.46498
241.764 0.164408 2.38045 11.2245 2.46461
241.775 0.164331 2.38032 11.2265 2.4649
241.787 0.164352 2.3803 11.2256 2.46482
241.798 0.164479 2.38033 11.2215 2.46435
241.809 0.164434 2.38024 11.2226 2.46452
241.82 0.164465 2.38023 11.2215 2.4644
241.831 0.16461 2.3803 11.2168 2.46386
241.843 0.164598 2.3802 11.2168 2.4639
241.854 0.164636 2.38022 11.2156 2.46376
241.865 0.164736 2.38029 11.2125 2.46339
241.876 0.164694 2.38021 11.2136 2.46354
241.888 0.164736 2.38018 11.212 2.46338
241.899 0.164809 2.3802 11.2096 2.46311
241.91 0.16474 2.38008 11.2114 2.46337
241.921 0.164785 2.38004 11.2097 2.4632
241.933 0.164899 2.38006 11.2059 2.46278
241.944 0.164857 2.37999 11.207 2.46294
241.955 0.164872 2.37991 11.2061 2.46288
241.966 0.164972 2.37992 11.2028 2.4625
241.978 0.164901 2.37985 11.2048 2.46277
241.989 0.164886 2.37974 11.2048 2.46282
242 0.164979 2.3798 11.202 2.46248
242.011 0.164907 2.3797 11.2039 2.46275
242.022 0.164957 2.37972 11.2024 2.46256
242.034 0.165096 2.37978 11.1979 2.46204
242.045 0.165056 2.37964 11.1986 2.46219
242.056 0.165086 2.3796 11.1974 2.46208
242.067 0.165124 2.37963 11.1962 2.46194
242.079 0.164961 2.3795 11.2012 2.46255
242.09 0.164965 2.37951 11.2011 2.46253
242.101 0.165042 2.37953 11.1986 2.46224
242.112 0.164987 2.37941 11.1999 2.46245
242.124 0.164998 2.37933 11.1991 2.46241
242.135 0.165094 2.37938 11.1961 2.46205
242.146 0.16504 2.37925 11.1973 2.46225
242.157 0.16506 2.37921 11.1964 2.46218
242.169 0.165155 2.3792 11.1932 2.46182
242.18 0.165115 2.37909 11.194 2.46197
242.191 0.165108 2.37904 11.194 2.462
242.202 0.165212 2.37911 11.1908 2.46161
242.213 0.165158 2.379 11.1921 2.46181
242.225 0.165198 2.37899 11.1907 2.46166
242.236 0.165298 2.37899 11.1874 2.46129
242.247 0.16523 2.3789 11.1892 2.46154
242.258 0.165222 2.37885 11.1893 2.46157
242.27 0.165306 2.37889 11.1866 2.46126
242.281 0.165173 2.37876 11.1905 2.46175
242.292 0.165167 2.37876 11.1907 2.46178
242.303 0.16524 2.37878 11.1883 2.46151
242.315 0.165185 2.37871 11.1898 2.46171
242.326 0.16518 2.37865 11.1897 2.46173
242.337 0.165216 2.37866 11.1886 2.4616
242.348 0.165125 2.37851 11.191 2.46193
242.36 0.165121 2.37849 11.191 2.46195
242.371 0.165218 2.37851 11.1878 2.46159
242.382 0.165128 2.37838 11.1902 2.46192
242.393 0.165117 2.37832 11.1903 2.46197
242.404 0.165148 2.37831 11.1892 2.46185
242.416 0.16509 2.37824 11.1908 2.46206
242.427 0.16511 2.3782 11.19 2.46199
242.438 0.165196 2.37826 11.1874 2.46167
242.449 0.165162 2.37817 11.1881 2.4618
242.461 0.165219 2.37817 11.1861 2.46158
242.472 0.165336 2.37823 11.1825 2.46115
242.483 0.165325 2.3782 11.1827 2.46119
242.494 0.165324 2.37818 11.1826 2.46119
242.506 0.165399 2.37822 11.1803 2.46091
242.517 0.165306 2.37811 11.1829 2.46126
242.528 0.165315 2.37811 11.1826 2.46123
242.539 0.165396 2.37816 11.1801 2.46092
242.551 0.16535 2.37812 11.1815 2.4611
242.562 0.165363 2.37813 11.1811 2.46105
242.573 0.165429 2.37819 11.1791 2.4608
242.584 0.165353 2.37809 11.1812 2.46108
242.596 0.165368 2.37811 11.1808 2.46103
242.607 0.165452 2.37815 11.1782 2.46072
242.618 0.165384 2.37805 11.18 2.46097
242.629 0.165381 2.37801 11.1799 2.46098
242.64 0.165467 2.37808 11.1773 2.46066
242.652 0.165412 2.37799 11.1788 2.46086
242.663 0.165402 2.37799 11.1791 2.4609
242.674 0.165479 2.37804 11.1768 2.46062
242.685 0.1654 2.37798 11.1791 2.46091
242.697 0.165411 2.37798 11.1788 2.46087
242.708 0.165477 2.37804 11.1768 2.46062
242.719 0.165386 2.37798 11.1796 2.46096
242.73 0.165341 2.37798 11.1811 2.46113
242.742 0.16541 2.37804 11.1791 2.46087
242.753 0.165293 2.37798 11.1828 2.46131
242.764 0.165268 2.37799 11.1836 2.4614
242.775 0.165334 2.37804 11.1816 2.46115
242.787 0.16527 2.37797 11.1835 2.4614
242.798 0.165261 2.37798 11.1838 2.46143
242.809 0.165296 2.37797 11.1826 2.4613
242.82 0.165212 2.37789 11.1851 2.46161
242.831 0.165202 2.37788 11.1854 2.46165
242.843 0.165264 2.37788 11.1833 2.46142
242.854 0.165185 2.37778 11.1855 2.46171
242.865 0.165143 2.37776 11.1868 2.46187
242.876 0.165221 2.37782 11.1844 2.46157
242.888 0.16513 2.37773 11.1871 2.46192
242.899 0.165093 2.37771 11.1883 2.46205
242.91 0.165168 2.3778 11.1861 2.46177
242.921 0.165084 2.3777 11.1885 2.46209
242.933 0.165074 2.37769 11.1888 2.46213
242.944 0.165121 2.3778 11.1877 2.46195
242.955 0.165046 2.37774 11.19 2.46223
242.966 0.165042 2.37776 11.1902 2.46224
242.978 0.165099 2.37784 11.1887 2.46203
242.989 0.165024 2.37782 11.1911 2.46231
243 0.165003 2.37784 11.1919 2.46239
243.011 0.165058 2.37793 11.1905 2.46218
243.022 0.164941 2.37786 11.1941 2.46262
243.034 0.164902 2.37787 11.1955 2.46276
243.045 0.164918 2.37796 11.1954 2.4627
243.056 0.164785 2.37792 11.1997 2.4632
243.067 0.164787 2.37797 11.1999 2.46319
243.079 0.16487 2.3781 11.1977 2.46289
243.09 0.164801 2.37808 11.1999 2.46314
243.101 0.164824 2.37817 11.1996 2.46306
243.112 0.164941 2.37833 11.1963 2.46262
243.124 0.164924 2.3784 11.1972 2.46268
243.135 0.164963 2.3785 11.1964 2.46254
243.146 0.165046 2.3786 11.1941 2.46223
243.157 0.164918 2.37858 11.1983 2.46271
243.169 0.164887 2.37866 11.1997 2.46282
243.18 0.164927 2.3788 11.199 2.46267
243.191 0.164829 2.37882 11.2025 2.46304
243.202 0.164794 2.37888 11.2039 2.46317
243.213 0.164845 2.37901 11.2028 2.46298
243.225 0.164775 2.37906 11.2054 2.46324
243.236 0.164766 2.37917 11.2062 2.46327
243.247 0.164825 2.3793 11.2048 2.46305
243.258 0.164767 2.37937 11.2071 2.46327
243.27 0.164783 2.37949 11.2072 2.46321
243.281 0.164836 2.3796 11.2059 2.46301
243.292 0.164733 2.37962 11.2095 2.4634
243.303 0.164738 2.37971 11.2097 2.46338
243.315 0.164801 2.37985 11.2083 2.46314
243.326 0.164717 2.37986 11.2111 2.46346
243.337 0.16467 2.37994 11.2132 2.46363
243.348 0.164691 2.38008 11.2131 2.46355
243.36 0.164614 2.38016 11.2161 2.46384
243.371 0.164561 2.38024 11.2183 2.46404
243.382 0.164577 2.38036 11.2183 2.46398
243.393 0.164452 2.38038 11.2226 2.46445
243.404 0.16436 2.38042 11.2259 2.46479
243.416 0.164356 2.38052 11.2266 2.46481
243.427 0.164236 2.38054 11.2308 2.46526
243.438 0.164154 2.38059 11.2338 2.46557
243.449 0.164179 2.38075 11.2337 2.46547
243.461 0.164085 2.38081 11.2372 2.46583
243.472 0.164045 2.3809 11.239 2.46598
243.483 0.16408 2.38106 11.2385 2.46584
243.494 0.164001 2.38109 11.2414 2.46614
243.506 0.163987 2.38118 11.2423 2.4662
243.517 0.164065 2.38134 11.2404 2.4659
243.528 0.16403 2.38142 11.242 2.46603
243.539 0.164053 2.38154 11.2417 2.46594
243.551 0.164123 2.3817 11.2401 2.46568
243.562 0.164066 2.38176 11.2423 2.4659
243.573 0.164035 2.38188 11.244 2.46601
243.584 0.16405 2.38203 11.2441 2.46596
243.596 0.163953 2.38207 11.2477 2.46632
243.607 0.16389 2.38216 11.2503 2.46656
243.618 0.163892 2.38229 11.2508 2.46655
243.629 0.163799 2.38235 11.2543 2.4669
243.64 0.163761 2.38244 11.256 2.46704
243.652 0.163783 2.38257 11.2559 2.46696
243.663 0.163678 2.38263 11.2598 2.46736
243.674 0.163591 2.3827 11.2631 2.46768
243.685 0.163602 2.38286 11.2635 2.46764
243.697 0.1635 2.38291 11.2672 2.46803
243.708 0.163453 2.38302 11.2693 2.46821
243.719 0.163485 2.38318 11.269 2.46808
243.73 0.163402 2.38324 11.2722 2.4684
243.742 0.163346 2.38333 11.2745 2.46861
243.753 0.163371 2.3835 11.2745 2.46852
243.764 0.163261 2.38356 11.2785 2.46893
243.775 0.163196 2.38365 11.2812 2.46918
243.787 0.163218 2.38382 11.2812 2.46909
243.798 0.163114 2.38389 11.2852 2.46949
243.809 0.16306 2.38401 11.2876 2.46969
243.82 0.163066 2.38419 11.2883 2.46967
243.831 0.162942 2.38426 11.2929 2.47014
243.843 0.162861 2.38437 11.2962 2.47044
243.854 0.162889 2.38457 11.2962 2.47034
243.865 0.162793 2.38464 11.2999 2.4707
243.876 0.16274 2.38475 11.3022 2.4709
243.888 0.162726 2.38489 11.3034 2.47096
243.899 0.16262 2.38495 11.3073 2.47136
243.91 0.162555 2.38503 11.31 2.47161
243.921 0.162559 2.3852 11.3106 2.47159
243.933 0.162444 2.38524 11.3148 2.47203
243.944 0.162396 2.38534 11.317 2.47221
243.955 0.162394 2.38544 11.3175 2.47222
243.966 0.162282 2.38548 11.3216 2.47265
243.978 0.162244 2.3856 11.3235 2.47279
243.989 0.162286 2.3858 11.323 2.47263
244 0.162232 2.38591 11.3254 2.47284
244.011 0.162227 2.3861 11.3265 2.47286
244.022 0.162291 2.38631 11.3253 2.47261
244.034 0.162259 2.38641 11.3268 2.47273
244.045 0.162255 2.3866 11.3279 2.47275
244.056 0.162325 2.38683 11.3265 2.47248
244.067 0.162252 2.38697 11.3297 2.47276
244.079 0.162225 2.38715 11.3315 2.47286
244.09 0.162262 2.3873 11.331 2.47272
244.101 0.162181 2.38739 11.3342 2.47303
244.112 0.162159 2.38753 11.3356 2.47311
244.124 0.162175 2.3877 11.3359 2.47305
244.135 0.162079 2.38776 11.3395 2.47342
244.146 0.162024 2.38788 11.342 2.47363
244.157 0.162033 2.38803 11.3424 2.47359
244.169 0.161923 2.38806 11.3464 2.47401
244.18 0.161857 2.38819 11.3493 2.47427
244.191 0.161855 2.38834 11.3501 2.47427
244.202 0.161746 2.38838 11.3541 2.47469
244.213 0.16168 2.3885 11.3571 2.47495
244.225 0.161669 2.38868 11.3583 2.47499
244.236 0.161541 2.38872 11.363 2.47548
244.247 0.161463 2.38884 11.3663 2.47577
244.258 0.161452 2.38903 11.3676 2.47582
244.27 0.161312 2.38907 11.3727 2.47635
244.281 0.161229 2.38919 11.3762 2.47667
244.292 0.16123 2.38935 11.3769 2.47667
244.303 0.161109 2.38939 11.3814 2.47713
244.315 0.161034 2.3895 11.3845 2.47742
244.326 0.16101 2.38962 11.386 2.47752
244.337 0.160895 2.38968 11.3903 2.47796
244.348 0.160836 2.38978 11.3929 2.47819
244.36 0.160821 2.38989 11.394 2.47824
244.371 0.160717 2.38997 11.398 2.47864
244.382 0.160653 2.39008 11.4008 2.47889
244.393 0.160675 2.39025 11.4009 2.47881
244.404 0.160563 2.39028 11.4049 2.47924
244.416 0.160505 2.39036 11.4074 2.47946
244.427 0.160528 2.3905 11.4072 2.47937
244.438 0.160416 2.39053 11.4114 2.47981
244.449 0.160361 2.39065 11.4139 2.48002
244.461 0.160365 2.39079 11.4144 2.48
244.472 0.160245 2.39083 11.4189 2.48047
244.483 0.160165 2.39092 11.4222 2.48078
244.494 0.160145 2.39107 11.4236 2.48085
244.506 0.160041 2.39114 11.4277 2.48126
244.517 0.159976 2.39125 11.4305 2.48151
244.528 0.159974 2.39141 11.4313 2.48152
244.539 0.159872 2.39147 11.4353 2.48191
244.551 0.159832 2.39163 11.4374 2.48207
244.562 0.159831 2.39177 11.4382 2.48207
244.573 0.159746 2.39185 11.4416 2.4824
244.584 0.159709 2.39196 11.4435 2.48254
244.596 0.159756 2.39215 11.4427 2.48236
244.607 0.159691 2.39223 11.4454 2.48262
244.618 0.159679 2.39238 11.4465 2.48266
244.629 0.159734 2.39258 11.4455 2.48245
244.64 0.15967 2.39265 11.4482 2.4827
244.652 0.159686 2.39285 11.4486 2.48264
244.663 0.159759 2.3931 11.4471 2.48235
244.674 0.15969 2.39316 11.4499 2.48262
244.685 0.159691 2.39336 11.4508 2.48261
244.697 0.15972 2.39351 11.4505 2.4825
244.708 0.159633 2.39359 11.454 2.48284
244.719 0.159642 2.39382 11.4548 2.48281
244.73 0.159682 2.39402 11.4543 2.48265
244.742 0.159601 2.39412 11.4577 2.48296
244.753 0.159554 2.3942 11.4597 2.48315
244.764 0.159603 2.39449 11.4593 2.48296
244.775 0.159521 2.39456 11.4626 2.48328
244.787 0.159474 2.39466 11.4648 2.48346
244.798 0.159527 2.39498 11.4644 2.48325
244.809 0.159439 2.39504 11.4679 2.4836
244.82 0.159365 2.39509 11.4708 2.48388
244.831 0.159382 2.3953 11.4712 2.48382
244.843 0.159298 2.39544 11.4749 2.48414
244.854 0.15922 2.3955 11.478 2.48445
244.865 0.159217 2.39569 11.479 2.48446
244.876 0.159135 2.39585 11.4827 2.48478
244.888 0.159069 2.39592 11.4854 2.48504
244.899 0.159063 2.39606 11.4863 2.48506
244.91 0.158957 2.39615 11.4906 2.48548
244.921 0.158892 2.39625 11.4934 2.48573
244.933 0.158911 2.39646 11.4937 2.48565
244.944 0.158826 2.39655 11.4972 2.48599
244.955 0.158745 2.39658 11.5003 2.4863
244.966 0.158789 2.39685 11.5 2.48613
244.978 0.158707 2.39691 11.5033 2.48645
244.989 0.158662 2.39705 11.5056 2.48663
245 0.158688 2.39724 11.5055 2.48653
245.011 0.158587 2.39729 11.5094 2.48692
245.022 0.158542 2.39742 11.5117 2.4871
245.034 0.15857 2.39762 11.5117 2.48699
245.045 0.158468 2.39767 11.5156 2.48739
245.056 0.15842 2.39778 11.5179 2.48758
245.067 0.158424 2.39794 11.5185 2.48756
245.079 0.158326 2.39798 11.5223 2.48795
245.09 0.158285 2.39811 11.5244 2.48811
245.101 0.158305 2.39829 11.5245 2.48803
245.112 0.158167 2.39827 11.5294 2.48857
245.124 0.158061 2.39821 11.533 2.48899
245.135 0.158126 2.39853 11.5322 2.48874
245.146 0.158011 2.39849 11.5362 2.48919
245.157 0.157986 2.39865 11.5379 2.48929
245.169 0.158007 2.39877 11.5377 2.48921
245.18 0.157876 2.3987 11.5421 2.48972
245.191 0.157836 2.39884 11.5443 2.48988
245.202 0.157853 2.39894 11.5441 2.48981
245.213 0.157729 2.39889 11.5484 2.4903
245.225 0.157691 2.399 11.5504 2.49045
245.236 0.157702 2.39912 11.5505 2.4904
245.247 0.157575 2.39902 11.5547 2.49091
245.258 0.157562 2.39918 11.5559 2.49096
245.27 0.157611 2.39932 11.5548 2.49076
245.281 0.157527 2.39929 11.5577 2.4911
245.292 0.157518 2.39939 11.5585 2.49113
245.303 0.157573 2.39951 11.5572 2.49092
245.315 0.157502 2.39951 11.5597 2.4912
245.326 0.157497 2.39959 11.5603 2.49122
245.337 0.157561 2.39971 11.5585 2.49096
245.348 0.157492 2.39968 11.5609 2.49124
245.36 0.157501 2.3998 11.5612 2.4912
245.371 0.157548 2.39992 11.56 2.49102
245.382 0.157467 2.39987 11.5627 2.49134
245.393 0.157479 2.40001 11.563 2.49129
245.404 0.157542 2.40017 11.5614 2.49104
245.416 0.157503 2.40018 11.5629 2.49119
245.427 0.157518 2.40028 11.5629 2.49113
245.438 0.157589 2.40043 11.5609 2.49085
245.449 0.157573 2.40051 11.562 2.49092
245.461 0.1576 2.40061 11.5614 2.49081
245.472 0.157697 2.40081 11.5588 2.49043
245.483 0.157687 2.40087 11.5595 2.49046
245.494 0.157726 2.401 11.5587 2.49031
245.506 0.157814 2.40113 11.5561 2.48996
245.517 0.1578 2.40117 11.5568 2.49002
245.528 0.157839 2.40128 11.5559 2.48987
245.539 0.157916 2.40138 11.5536 2.48956
245.551 0.15791 2.40142 11.554 2.48958
245.562 0.157939 2.40149 11.5532 2.48947
245.573 0.158006 2.40158 11.5512 2.48921
245.584 0.157934 2.40154 11.5537 2.48949
245.596 0.157923 2.40155 11.5541 2.48953
245.607 0.157979 2.40161 11.5524 2.48931
245.618 0.157884 2.40147 11.5552 2.48969
245.629 0.157881 2.40151 11.5555 2.4897
245.64 0.157945 2.40155 11.5533 2.48945
245.652 0.157874 2.4015 11.5557 2.48973
245.663 0.157867 2.40152 11.556 2.48976
245.674 0.157933 2.40161 11.554 2.4895
245.685 0.157902 2.40157 11.555 2.48962
245.697 0.157934 2.40165 11.5542 2.48949
245.708 0.158009 2.40172 11.5518 2.4892
245.719 0.157965 2.40166 11.5531 2.48937
245.73 0.157985 2.40171 11.5526 2.48929
245.742 0.15806 2.40181 11.5503 2.48899
245.753 0.15799 2.40175 11.5526 2.48927
245.764 0.157989 2.40181 11.553 2.48928
245.775 0.158037 2.40184 11.5514 2.48909
245.787 0.157939 2.40172 11.5543 2.48947
245.798 0.157939 2.40179 11.5547 2.48947
245.809 0.158032 2.4019 11.5518 2.4891
245.82 0.157974 2.40179 11.5534 2.48934
245.831 0.157992 2.40184 11.553 2.48926
245.843 0.158069 2.40186 11.5503 2.48896
245.854 0.158015 2.40173 11.5516 2.48917
245.865 0.158052 2.40179 11.5505 2.48903
245.876 0.158167 2.40185 11.5466 2.48857
245.888 0.158134 2.40179 11.5475 2.4887
245.899 0.158163 2.40184 11.5467 2.48859
245.91 0.158218 2.40185 11.5448 2.48838
245.921 0.158106 2.40175 11.5484 2.48881
245.933 0.158062 2.40172 11.5499 2.48899
245.944 0.158095 2.40175 11.5488 2.48886
245.955 0.157994 2.40163 11.5519 2.48925
245.966 0.157957 2.4016 11.5531 2.4894
245.978 0.158006 2.40163 11.5515 2.48921
245.989 0.157928 2.40153 11.5538 2.48951
246 0.157926 2.40152 11.5539 2.48952
246.011 0.157993 2.40155 11.5515 2.48926
246.022 0.157924 2.40142 11.5535 2.48953
246.034 0.157922 2.40136 11.5533 2.48954
246.045 0.158012 2.4014 11.5501 2.48918
246.056 0.157948 2.40126 11.5518 2.48944
246.067 0.15798 2.40125 11.5506 2.48931
246.079 0.158083 2.4013 11.5471 2.4889
246.09 0.15803 2.40112 11.5482 2.48911
246.101 0.158074 2.40113 11.5466 2.48894
246.112 0.158153 2.40113 11.5437 2.48863
246.124 0.158123 2.40096 11.544 2.48875
246.135 0.158169 2.40098 11.5424 2.48856
246.146 0.15827 2.40101 11.5388 2.48817
246.157 0.158268 2.40094 11.5386 2.48818
246.169 0.158324 2.40093 11.5365 2.48796
246.18 0.158455 2.40101 11.5321 2.48744
246.191 0.158447 2.40095 11.5321 2.48747
246.202 0.158509 2.40098 11.53 2.48723
246.213 0.158664 2.40108 11.5249 2.48662
246.225 0.15869 2.40107 11.5238 2.48652
246.236 0.158735 2.40105 11.5221 2.48634
246.247 0.158866 2.40114 11.5178 2.48583
246.258 0.158885 2.40113 11.5171 2.48576
246.27 0.158888 2.40113 11.517 2.48575
246.281 0.158982 2.40124 11.5141 2.48538
246.292 0.158942 2.4012 11.5154 2.48553
246.303 0.15895 2.4012 11.5151 2.4855
246.315 0.15903 2.40127 11.5125 2.48519
246.326 0.158955 2.40117 11.5147 2.48548
246.337 0.158966 2.40115 11.5142 2.48544
246.348 0.159046 2.4012 11.5115 2.48513
246.36 0.15895 2.40108 11.5145 2.4855
246.371 0.158914 2.40107 11.5157 2.48564
246.382 0.158988 2.40116 11.5135 2.48535
246.393 0.158915 2.40107 11.5157 2.48564
246.404 0.158913 2.40106 11.5157 2.48565
246.416 0.158969 2.4011 11.5139 2.48543
246.427 0.158906 2.40097 11.5156 2.48568
246.438 0.158922 2.40098 11.515 2.48561
246.449 0.159026 2.40108 11.5117 2.48521
246.461 0.158956 2.40095 11.5137 2.48548
246.472 0.158967 2.40094 11.5132 2.48544
246.483 0.159046 2.40099 11.5106 2.48513
246.494 0.15901 2.40091 11.5115 2.48527
246.506 0.159065 2.40097 11.5098 2.48505
246.517 0.159187 2.40106 11.5058 2.48458
246.528 0.159159 2.40099 11.5065 2.48469
246.539 0.159201 2.40103 11.5052 2.48452
246.551 0.159267 2.40109 11.5031 2.48427
246.562 0.159195 2.40101 11.5053 2.48455
246.573 0.159153 2.40103 11.5069 2.48471
246.584 0.159211 2.40109 11.5051 2.48449
246.596 0.159131 2.40101 11.5076 2.4848
246.607 0.159123 2.40101 11.5079 2.48483
246.618 0.159201 2.40109 11.5054 2.48452
246.629 0.159138 2.401 11.5073 2.48477
246.64 0.159155 2.401 11.5067 2.4847
246.652 0.159234 2.40106 11.5041 2.4844
246.663 0.159176 2.40098 11.5058 2.48462
246.674 0.159234 2.40105 11.5041 2.4844
246.685 0.159345 2.40115 11.5005 2.48396
246.697 0.159276 2.40106 11.5026 2.48423
246.708 0.159291 2.40108 11.5022 2.48417
246.719 0.159369 2.40116 11.4997 2.48387
246.73 0.159321 2.40112 11.5013 2.48406
246.742 0.15934 2.40116 11.5007 2.48398
246.753 0.159443 2.40128 11.4976 2.48358
246.764 0.159401 2.40122 11.4989 2.48374
246.775 0.159431 2.40124 11.4979 2.48363
246.787 0.159542 2.40134 11.4943 2.48319
246.798 0.159498 2.40125 11.4955 2.48337
246.809 0.159537 2.40129 11.4943 2.48321
246.82 0.159678 2.40145 11.4899 2.48266
246.831 0.159629 2.40137 11.4914 2.48286
246.843 0.15968 2.40142 11.4898 2.48266
246.854 0.159696 2.40151 11.4896 2.4826
246.865 0.159602 2.40145 11.4927 2.48296
246.876 0.159605 2.40148 11.4927 2.48295
246.888 0.15969 2.40157 11.4901 2.48262
246.899 0.159623 2.40151 11.4923 2.48288
246.91 0.159609 2.4015 11.4927 2.48293
246.921 0.159658 2.40151 11.491 2.48275
246.933 0.159605 2.40144 11.4925 2.48295
246.944 0.159595 2.40137 11.4926 2.48299
246.955 0.159667 2.40139 11.4901 2.48271
246.966 0.159637 2.40131 11.4908 2.48282
246.978 0.159659 2.40131 11.49 2.48274
246.989 0.159761 2.40138 11.4866 2.48234
247 0.159716 2.40128 11.4878 2.48252
247.011 0.159738 2.40125 11.4869 2.48243
247.022 0.15987 2.40133 11.4825 2.48192
247.034 0.159883 2.40129 11.4818 2.48187
247.045 0.159969 2.40137 11.4791 2.48154
247.056 0.160128 2.40147 11.4739 2.48092
247.067 0.160187 2.40147 11.4718 2.48069
247.079 0.160283 2.40158 11.4689 2.48032
247.09 0.160443 2.40175 11.464 2.4797
247.101 0.16044 2.40176 11.4642 2.47971
247.112 0.160481 2.40185 11.4631 2.47955
247.124 0.160541 2.40196 11.4615 2.47932
247.135 0.160478 2.40188 11.4634 2.47957
247.146 0.160477 2.40191 11.4635 2.47957
247.157 0.160547 2.40198 11.4614 2.4793
247.169 0.160495 2.4019 11.4629 2.4795
247.18 0.160528 2.40192 11.4617 2.47937
247.191 0.160628 2.40199 11.4585 2.47899
247.202 0.160597 2.40194 11.4594 2.47911
247.213 0.160625 2.40195 11.4584 2.479
247.225 0.160705 2.402 11.4558 2.47869
247.236 0.160656 2.40189 11.4571 2.47888
247.247 0.160653 2.40184 11.4569 2.47889
247.258 0.160714 2.40185 11.4548 2.47866
247.27 0.160636 2.40174 11.457 2.47896
247.281 0.160629 2.4017 11.4571 2.47898
247.292 0.160671 2.40172 11.4557 2.47882
247.303 0.16061 2.40161 11.4574 2.47906
247.315 0.160624 2.40158 11.4567 2.479
247.326 0.160747 2.40165 11.4527 2.47853
247.337 0.160745 2.40159 11.4525 2.47854
247.348 0.160793 2.40159 11.4507 2.47835
247.36 0.160914 2.40163 11.4467 2.47789
247.371 0.160907 2.40159 11.4467 2.47791
247.382 0.160942 2.40165 11.4457 2.47778
247.393 0.16104 2.4017 11.4425 2.4774
247.404 0.161021 2.40165 11.4429 2.47747
247.416 0.161089 2.4017 11.4408 2.47721
247.427 0.161198 2.4018 11.4373 2.47679
247.438 0.161146 2.40173 11.4389 2.47699
247.449 0.16113 2.40168 11.4392 2.47706
247.461 0.1612 2.40171 11.4369 2.47679
247.472 0.161118 2.40159 11.4392 2.4771
247.483 0.161158 2.40162 11.4379 2.47695
247.494 0.161267 2.40165 11.4342 2.47653
247.506 0.161222 2.40153 11.4352 2.4767
247.517 0.161236 2.40147 11.4344 2.47665
247.528 0.161334 2.40151 11.4311 2.47627
247.539 0.161325 2.40141 11.431 2.4763
247.551 0.161413 2.4014 11.4278 2.47597
247.562 0.161591 2.40148 11.4219 2.47529
247.573 0.161613 2.40145 11.421 2.4752
247.584 0.161678 2.40145 11.4187 2.47495
247.596 0.161841 2.40155 11.4134 2.47433
247.607 0.161864 2.40158 11.4127 2.47424
247.618 0.161929 2.40154 11.4102 2.47399
247.629 0.162047 2.40159 11.4063 2.47354
247.64 0.162008 2.40151 11.4073 2.47369
247.652 0.162021 2.40148 11.4068 2.47364
247.663 0.162118 2.40148 11.4033 2.47327
247.674 0.162105 2.40137 11.4033 2.47332
247.685 0.16218 2.40138 11.4007 2.47304
247.697 0.16232 2.40143 11.396 2.4725
247.708 0.16231 2.40133 11.3958 2.47254
247.719 0.162352 2.40136 11.3945 2.47238
247.73 0.162483 2.40146 11.3904 2.47188
247.742 0.162445 2.40136 11.3913 2.47203
247.753 0.162489 2.40131 11.3895 2.47186
247.764 0.162608 2.40134 11.3855 2.4714
247.775 0.162568 2.40122 11.3863 2.47156
247.787 0.162578 2.40115 11.3856 2.47152
247.798 0.162661 2.40113 11.3826 2.47121
247.809 0.162639 2.40104 11.383 2.47129
247.82 0.162695 2.40103 11.381 2.47108
247.831 0.162816 2.40106 11.3769 2.47062
247.843 0.162844 2.40103 11.3757 2.47051
247.854 0.162948 2.40109 11.3724 2.47011
247.865 0.163146 2.40118 11.3659 2.46937
247.876 0.163189 2.40108 11.364 2.4692
247.888 0.163257 2.40105 11.3614 2.46895
247.899 0.163414 2.4011 11.3562 2.46835
247.91 0.163429 2.40108 11.3556 2.4683
247.921 0.163492 2.4011 11.3535 2.46806
247.933 0.163643 2.40117 11.3486 2.46749
247.944 0.163635 2.40113 11.3487 2.46752
247.955 0.163671 2.40108 11.3472 2.46738
247.966 0.1638 2.4012 11.3433 2.4669
247.978 0.163784 2.4011 11.3434 2.46696
247.989 0.16382 2.40111 11.3422 2.46682
248 0.16394 2.40113 11.3381 2.46637
248.011 0.163881 2.40096 11.3394 2.46659
248.022 0.16391 2.40093 11.3382 2.46648
248.034 0.164048 2.40096 11.3336 2.46597
248.045 0.164042 2.40086 11.3333 2.46599
248.056 0.164098 2.40081 11.3312 2.46578
248.067 0.164202 2.40079 11.3275 2.46539
248.079 0.16416 2.40064 11.3282 2.46554
248.09 0.164206 2.4006 11.3264 2.46537
248.101 0.164334 2.40059 11.322 2.46489
248.112 0.164346 2.40046 11.321 2.46485
248.124 0.164397 2.40039 11.3189 2.46465
248.135 0.164589 2.40048 11.3127 2.46394
248.146 0.164566 2.40033 11.3128 2.46402
248.157 0.164612 2.40028 11.311 2.46385
248.169 0.164736 2.40025 11.3066 2.46339
248.18 0.164718 2.40014 11.3066 2.46345
248.191 0.164743 2.40008 11.3055 2.46336
248.202 0.164857 2.40013 11.3019 2.46294
248.213 0.164826 2.40005 11.3025 2.46305
248.225 0.16487 2.40004 11.301 2.46289
248.236 0.164997 2.40007 11.2967 2.46241
248.247 0.164984 2.39997 11.2967 2.46246
248.258 0.165061 2.40002 11.2943 2.46217
248.27 0.165249 2.40012 11.2884 2.46147
248.281 0.165288 2.40006 11.2867 2.46133
248.292 0.165377 2.40001 11.2835 2.461
248.303 0.16557 2.40006 11.2771 2.46028
248.315 0.165569 2.39994 11.2766 2.46028
248.326 0.16563 2.39992 11.2744 2.46006
248.337 0.165766 2.39997 11.2701 2.45955
248.348 0.165767 2.39986 11.2695 2.45955
248.36 0.165857 2.39989 11.2666 2.45921
248.371 0.165995 2.39994 11.2621 2.4587
248.382 0.165956 2.39977 11.2627 2.45885
248.393 0.166012 2.39978 11.2608 2.45864
248.404 0.166139 2.39981 11.2567 2.45817
248.416 0.166158 2.39972 11.2556 2.4581
248.427 0.166221 2.39971 11.2534 2.45787
248.438 0.166382 2.3998 11.2484 2.45727
248.449 0.166355 2.39964 11.2485 2.45737
248.461 0.166403 2.39964 11.2469 2.45719
248.472 0.166542 2.3997 11.2425 2.45668
248.483 0.166479 2.39956 11.244 2.45691
248.494 0.166511 2.39954 11.2428 2.4568
248.506 0.166605 2.39957 11.2397 2.45645
248.517 0.166558 2.39944 11.2407 2.45662
248.528 0.166614 2.39948 11.239 2.45641
248.539 0.166769 2.39959 11.2343 2.45584
248.551 0.166735 2.39948 11.235 2.45597
248.562 0.166791 2.39949 11.2331 2.45576
248.573 0.166949 2.39958 11.2282 2.45518
248.584 0.166942 2.39947 11.228 2.45521
248.596 0.167002 2.39952 11.2262 2.45499
248.607 0.16715 2.3996 11.2216 2.45444
248.618 0.167097 2.39946 11.2227 2.45464
248.629 0.167137 2.39947 11.2214 2.45449
248.64 0.167247 2.39954 11.2181 2.45409
248.652 0.167186 2.39941 11.2194 2.45431
248.663 0.167245 2.39942 11.2176 2.4541
248.674 0.167362 2.39949 11.2139 2.45366
248.685 0.167307 2.39937 11.2152 2.45387
248.697 0.167343 2.39936 11.2139 2.45373
248.708 0.167499 2.39944 11.2091 2.45316
248.719 0.167443 2.39933 11.2105 2.45337
248.73 0.167508 2.39938 11.2085 2.45313
248.742 0.167678 2.39951 11.2035 2.45251
248.753 0.167682 2.39946 11.2031 2.45249
248.764 0.167754 2.39951 11.2009 2.45223
248.775 0.167915 2.39964 11.1962 2.45164
248.787 0.167907 2.39959 11.1962 2.45167
248.798 0.167988 2.39969 11.194 2.45138
248.809 0.168132 2.39982 11.1898 2.45085
248.82 0.168096 2.39978 11.1908 2.45098
248.831 0.168179 2.3999 11.1886 2.45068
248.843 0.168328 2.40004 11.1843 2.45014
248.854 0.168286 2.40001 11.1855 2.45029
248.865 0.168342 2.40011 11.1841 2.45009
248.876 0.168483 2.40031 11.1804 2.44957
248.888 0.168424 2.40025 11.1821 2.44979
248.899 0.168447 2.40032 11.1816 2.4497
248.91 0.168568 2.40045 11.1783 2.44927
248.921 0.168541 2.40044 11.1791 2.44936
248.933 0.168553 2.40048 11.1789 2.44932
248.944 0.168613 2.40057 11.1773 2.4491
248.955 0.168498 2.40046 11.1806 2.44952
248.966 0.168456 2.40048 11.1821 2.44967
248.978 0.168539 2.40057 11.1797 2.44937
248.989 0.168487 2.40054 11.1813 2.44956
249 0.168492 2.40057 11.1813 2.44954
249.011 0.168582 2.40067 11.1788 2.44922
249.022 0.168506 2.4006 11.181 2.44949
249.034 0.16856 2.40069 11.1796 2.44929
249.045 0.168672 2.40075 11.1762 2.44889
249.056 0.168628 2.40075 11.1777 2.44905
249.067 0.168665 2.40084 11.1768 2.44891
249.079 0.168778 2.40098 11.1738 2.4485
249.09 0.168708 2.40093 11.1758 2.44876
249.101 0.168724 2.40101 11.1757 2.4487
249.112 0.168848 2.40116 11.1723 2.44825
249.124 0.168811 2.40117 11.1735 2.44838
249.135 0.168832 2.40127 11.1733 2.44831
249.146 0.168985 2.40146 11.1692 2.44775
249.157 0.16892 2.40147 11.1713 2.44799
249.169 0.168936 2.40151 11.171 2.44793
249.18 0.169048 2.40168 11.1681 2.44753
249.191 0.168958 2.40161 11.1707 2.44785
249.202 0.168972 2.40167 11.1705 2.4478
249.213 0.169062 2.40178 11.1681 2.44748
249.225 0.168985 2.40173 11.1704 2.44775
249.236 0.169003 2.4018 11.1702 2.44769
249.247 0.169094 2.40196 11.1678 2.44736
249.258 0.169018 2.40191 11.1701 2.44763
249.27 0.169037 2.40199 11.1699 2.44757
249.281 0.169102 2.4021 11.1682 2.44733
249.292 0.168978 2.40203 11.172 2.44778
249.303 0.168995 2.40213 11.1719 2.44772
249.315 0.169064 2.40228 11.1703 2.44747
249.326 0.168954 2.40217 11.1734 2.44787
249.337 0.168948 2.40222 11.1739 2.44789
249.348 0.169004 2.40232 11.1725 2.44768
249.36 0.168906 2.40228 11.1756 2.44804
249.371 0.168869 2.40231 11.1769 2.44817
249.382 0.168935 2.40247 11.1755 2.44793
249.393 0.168822 2.40235 11.1787 2.44834
249.404 0.168775 2.40236 11.1803 2.44851
249.416 0.168818 2.4024 11.179 2.44836
249.427 0.168709 2.40233 11.1823 2.44875
249.438 0.168623 2.40226 11.1848 2.44907
249.449 0.168712 2.40244 11.1827 2.44874
249.461 0.168595 2.40229 11.1859 2.44917
249.472 0.168564 2.40231 11.187 2.44928
249.483 0.168649 2.40239 11.1846 2.44897
249.494 0.168537 2.40231 11.1879 2.44938
249.506 0.168505 2.4023 11.189 2.44949
249.517 0.168582 2.40242 11.1869 2.44921
249.528 0.168449 2.40231 11.1908 2.4497
249.539 0.168459 2.40237 11.1908 2.44966
249.551 0.168511 2.40241 11.1893 2.44947
249.562 0.168384 2.4023 11.193 2.44994
249.573 0.168365 2.40233 11.1937 2.45
249.584 0.16843 2.4024 11.1919 2.44977
249.596 0.168303 2.40227 11.1955 2.45023
249.607 0.168311 2.40233 11.1956 2.4502
249.618 0.168412 2.40247 11.1928 2.44983
249.629 0.168344 2.40246 11.195 2.45008
249.64 0.168314 2.40245 11.196 2.45019
249.652 0.168392 2.4026 11.1941 2.44991
249.663 0.168311 2.40258 11.1967 2.4502
249.674 0.168283 2.4026 11.1977 2.4503
249.685 0.168374 2.40277 11.1955 2.44997
249.697 0.168272 2.40273 11.1987 2.45034
249.708 0.168254 2.40279 11.1996 2.45041
249.719 0.168332 2.40292 11.1976 2.45012
249.73 0.168243 2.40291 11.2005 2.45045
249.742 0.168244 2.40297 11.2007 2.45044
249.753 0.168319 2.40305 11.1986 2.45017
249.764 0.1682 2.40295 11.2021 2.4506
249.775 0.168201 2.40299 11.2023 2.4506
249.787 0.168276 2.40307 11.2002 2.45033
249.798 0.168175 2.40299 11.2031 2.45069
249.809 0.168159 2.403 11.2037 2.45075
249.82 0.168217 2.40309 11.2022 2.45054
249.831 0.16811 2.403 11.2053 2.45093
249.843 0.168089 2.40304 11.2062 2.45101
249.854 0.168123 2.40309 11.2053 2.45088
249.865 0.168023 2.40302 11.2083 2.45125
249.876 0.167992 2.40303 11.2094 2.45136
249.888 0.168006 2.40307 11.2091 2.45131
249.899 0.167872 2.403 11.2133 2.4518
249.91 0.167812 2.40299 11.2152 2.45202
249.921 0.167837 2.40305 11.2147 2.45193
249.933 0.167726 2.40296 11.218 2.45233
249.944 0.167671 2.4029 11.2195 2.45253
249.955 0.167688 2.40294 11.2191 2.45247
249.966 0.167545 2.40286 11.2235 2.453
249.978 0.167481 2.40287 11.2257 2.45323
249.989 0.167471 2.40285 11.226 2.45327
250 0.167296 2.40268 11.2311 2.45391
250.011 0.167235 2.40266 11.233 2.45413
250.022 0.167262 2.40273 11.2325 2.45403
250.034 0.167117 2.40258 11.2366 2.45457
250.045 0.167066 2.40257 11.2383 2.45475
250.056 0.167072 2.40254 11.2379 2.45473
250.067 0.16692 2.4024 11.2424 2.45529
250.079 0.166872 2.40236 11.2438 2.45546
250.09 0.1669 2.40237 11.2429 2.45536
250.101 0.1668 2.40229 11.2459 2.45573
250.112 0.166768 2.4023 11.247 2.45585
250.124 0.166815 2.40233 11.2456 2.45567
250.135 0.166684 2.40218 11.2493 2.45616
250.146 0.166675 2.40225 11.2499 2.45619
250.157 0.166738 2.4023 11.2481 2.45596
250.169 0.166635 2.40225 11.2513 2.45634
250.18 0.166613 2.40229 11.2522 2.45642
250.191 0.166676 2.40236 11.2505 2.45619
250.202 0.166539 2.40222 11.2544 2.45669
250.213 0.166543 2.40233 11.2548 2.45668
250.225 0.166618 2.40242 11.2527 2.4564
250.236 0.166498 2.40235 11.2564 2.45684
250.247 0.166467 2.40236 11.2575 2.45696
250.258 0.166542 2.40248 11.2555 2.45668
250.27 0.166433 2.4024 11.2588 2.45708
250.281 0.166417 2.40247 11.2597 2.45714
250.292 0.166454 2.40249 11.2585 2.457
250.303 0.166355 2.40247 11.2618 2.45737
250.315 0.166343 2.40251 11.2624 2.45741
250.326 0.166366 2.40249 11.2615 2.45733
250.337 0.16626 2.40246 11.265 2.45772
250.348 0.166227 2.40246 11.2661 2.45784
250.36 0.166261 2.40252 11.2652 2.45772
250.371 0.166155 2.40247 11.2685 2.45811
250.382 0.166113 2.40245 11.2699 2.45826
250.393 0.166145 2.40248 11.269 2.45815
250.404 0.166034 2.40239 11.2723 2.45856
250.416 0.166017 2.40241 11.273 2.45862
250.427 0.166086 2.40254 11.2712 2.45837
250.438 0.165962 2.40242 11.2749 2.45882
250.449 0.165938 2.40243 11.2758 2.45891
250.461 0.165993 2.40251 11.2743 2.45871
250.472 0.165866 2.40235 11.2778 2.45918
250.483 0.165817 2.40233 11.2794 2.45936
250.494 0.165842 2.40238 11.2788 2.45927
250.506 0.165724 2.40225 11.2822 2.45971
250.517 0.165689 2.40226 11.2834 2.45983
250.528 0.165707 2.40228 11.2829 2.45977
250.539 0.165576 2.40214 11.2867 2.46026
250.551 0.165527 2.40212 11.2883 2.46044
250.562 0.165523 2.40207 11.2882 2.46045
250.573 0.165378 2.40191 11.2924 2.46099
250.584 0.165326 2.40187 11.294 2.46118
250.596 0.165352 2.40191 11.2933 2.46109
250.607 0.165196 2.40169 11.2976 2.46167
250.618 0.165155 2.4017 11.299 2.46182
250.629 0.165177 2.40174 11.2984 2.46174
250.64 0.165049 2.40161 11.3023 2.46222
250.652 0.164974 2.40153 11.3044 2.4625
250.663 0.164971 2.40157 11.3047 2.46251
250.674 0.164825 2.40142 11.309 2.46306
250.685 0.164776 2.40136 11.3104 2.46324
250.697 0.164795 2.40136 11.3098 2.46317
250.708 0.164638 2.40121 11.3144 2.46375
250.719 0.164571 2.40113 11.3164 2.464
250.73 0.164546 2.4011 11.3171 2.4641
250.742 0.164363 2.40092 11.3226 2.46478
250.753 0.164279 2.40083 11.325 2.4651
250.764 0.164248 2.40076 11.3258 2.46522
250.775 0.164118 2.40062 11.3295 2.4657
250.787 0.164059 2.40052 11.3311 2.46592
250.798 0.16408 2.40051 11.3303 2.46585
250.809 0.163969 2.40033 11.3334 2.46626
250.82 0.163931 2.40026 11.3343 2.4664
250.831 0.163974 2.40027 11.3329 2.46624
250.843 0.163863 2.40011 11.336 2.46666
250.854 0.163858 2.40008 11.336 2.46668
250.865 0.163915 2.40009 11.3341 2.46646
250.876 0.163804 2.39989 11.3369 2.46688
250.888 0.16379 2.39983 11.3372 2.46693
250.899 0.16386 2.39983 11.3348 2.46667
250.91 0.163812 2.39975 11.336 2.46685
250.921 0.163842 2.39973 11.3349 2.46674
250.933 0.163943 2.39977 11.3316 2.46636
250.944 0.163892 2.39968 11.333 2.46655
250.955 0.163905 2.39968 11.3325 2.4665
250.966 0.164013 2.39974 11.3291 2.4661
250.978 0.163963 2.39964 11.3303 2.46628
250.989 0.163999 2.39965 11.3291 2.46615
251 0.164129 2.39976 11.3251 2.46566
251.011 0.164097 2.39966 11.3258 2.46578
251.022 0.164135 2.39965 11.3244 2.46564
251.034 0.164201 2.39971 11.3224 2.46539
251.045 0.16407 2.3995 11.3259 2.46588
251.056 0.164065 2.39948 11.326 2.4659
251.067 0.164125 2.39948 11.324 2.46568
251.079 0.164006 2.39928 11.3271 2.46612
251.09 0.163966 2.39916 11.3279 2.46627
251.101 0.164002 2.39912 11.3265 2.46614
251.112 0.163866 2.39891 11.3302 2.46665
251.124 0.16383 2.39883 11.3311 2.46678
251.135 0.163841 2.3988 11.3306 2.46674
251.146 0.163717 2.39857 11.3338 2.46721
251.157 0.163712 2.39848 11.3335 2.46723
251.169 0.163792 2.39848 11.3307 2.46693
251.18 0.163705 2.3983 11.3329 2.46725
251.191 0.16375 2.39829 11.3313 2.46709
251.202 0.163858 2.39832 11.3277 2.46668
251.213 0.163808 2.39817 11.3287 2.46687
251.225 0.163877 2.39817 11.3263 2.46661
251.236 0.164067 2.39829 11.3203 2.46589
251.247 0.164041 2.39818 11.3207 2.46599
251.258 0.164118 2.39825 11.3184 2.4657
251.27 0.164338 2.39832 11.3111 2.46488
251.281 0.16428 2.39822 11.3127 2.46509
251.292 0.164337 2.39827 11.3109 2.46488
251.303 0.164387 2.39825 11.3091 2.46469
251.315 0.16427 2.3981 11.3124 2.46513
251.326 0.164274 2.3981 11.3123 2.46512
251.337 0.16435 2.39813 11.3098 2.46483
251.348 0.164235 2.39794 11.3129 2.46526
251.36 0.164214 2.39788 11.3133 2.46534
251.371 0.164277 2.39789 11.3112 2.4651
251.382 0.164176 2.39772 11.3139 2.46548
251.393 0.164114 2.39759 11.3154 2.46572
251.404 0.164181 2.39758 11.3131 2.46547
251.416 0.164095 2.39741 11.3152 2.46579
251.427 0.164097 2.39735 11.3149 2.46578
251.438 0.16419 2.39736 11.3117 2.46543
251.449 0.164146 2.39723 11.3126 2.4656
251.461 0.164201 2.39721 11.3106 2.46539
251.472 0.164331 2.39724 11.3063 2.4649
251.483 0.164327 2.39713 11.3059 2.46492
251.494 0.164336 2.39719 11.3058 2.46488
251.506 0.16439 2.39717 11.3039 2.46468
251.517 0.164297 2.39704 11.3065 2.46503
251.528 0.164254 2.39701 11.3079 2.46519
251.539 0.164328 2.39705 11.3055 2.46491
251.551 0.164265 2.39691 11.307 2.46515
251.562 0.164284 2.39689 11.3063 2.46508
251.573 0.164375 2.39691 11.3032 2.46474
251.584 0.164298 2.39678 11.3053 2.46503
251.596 0.164295 2.39674 11.3052 2.46504
251.607 0.164369 2.39675 11.3027 2.46476
251.618 0.164336 2.3967 11.3036 2.46488
251.629 0.164344 2.39661 11.3029 2.46485
251.64 0.16444 2.3966 11.2995 2.46449
251.652 0.164419 2.39655 11.3 2.46457
251.663 0.164502 2.39659 11.2973 2.46426
251.674 0.164614 2.39655 11.2933 2.46384
251.685 0.164518 2.39643 11.296 2.4642
251.697 0.164468 2.39637 11.2975 2.46439
251.708 0.164513 2.39636 11.2959 2.46422
251.719 0.164389 2.39621 11.2994 2.46469
251.73 0.164369 2.39614 11.2998 2.46476
251.742 0.164479 2.39618 11.2962 2.46435
251.753 0.164382 2.39604 11.2988 2.46471
251.764 0.164369 2.39599 11.299 2.46476
251.775 0.164464 2.39605 11.2961 2.4644
251.787 0.164382 2.39589 11.2981 2.46471
251.798 0.164406 2.39584 11.2971 2.46462
251.809 0.164478 2.39585 11.2947 2.46435
251.82 0.164397 2.39568 11.2966 2.46466
251.831 0.164397 2.39563 11.2964 2.46466
251.843 0.164548 2.3957 11.2915 2.46409
251.854 0.164573 2.39562 11.2903 2.464
251.865 0.164589 2.39561 11.2897 2.46394
251.876 0.16462 2.39566 11.2889 2.46382
251.888 0.164569 2.39559 11.2903 2.46401
251.899 0.164581 2.39555 11.2897 2.46397
251.91 0.164679 2.39562 11.2867 2.4636
251.921 0.164626 2.39553 11.2881 2.4638
251.933 0.1646 2.39542 11.2885 2.46389
251.944 0.164649 2.39542 11.2868 2.46371
251.955 0.164553 2.39526 11.2893 2.46407
251.966 0.164556 2.39522 11.289 2.46406
251.978 0.164604 2.39523 11.2874 2.46388
251.989 0.164518 2.3951 11.2898 2.4642
252 0.164507 2.39507 11.29 2.46424
252.011 0.164608 2.39513 11.2868 2.46386
252.022 0.164571 2.39505 11.2877 2.464
252.034 0.164603 2.39507 11.2867 2.46388
252.045 0.164661 2.3951 11.2849 2.46367
252.056 0.164563 2.39498 11.2876 2.46403
252.067 0.164546 2.39494 11.2881 2.4641
252.079 0.164579 2.39492 11.2868 2.46397
252.09 0.164493 2.39478 11.2891 2.4643
252.101 0.164482 2.39474 11.2893 2.46434
252.112 0.164569 2.39475 11.2864 2.46401
252.124 0.16451 2.39465 11.2879 2.46423
252.135 0.164504 2.39462 11.288 2.46426
252.146 0.16455 2.39461 11.2864 2.46408
252.157 0.164429 2.39446 11.2898 2.46453
252.169 0.164386 2.39437 11.2908 2.46469
252.18 0.164422 2.39434 11.2895 2.46456
252.191 0.164316 2.39416 11.2923 2.46496
252.202 0.164339 2.39413 11.2913 2.46487
252.213 0.164435 2.39412 11.288 2.46451
252.225 0.164326 2.39395 11.291 2.46492
252.236 0.164281 2.39386 11.2921 2.46509
252.247 0.164312 2.3938 11.2907 2.46497
252.258 0.164216 2.39367 11.2934 2.46534
252.27 0.164204 2.39362 11.2936 2.46538
252.281 0.164283 2.39365 11.291 2.46508
252.292 0.164225 2.39355 11.2925 2.4653
252.303 0.164241 2.39348 11.2916 2.46524
252.315 0.164333 2.39349 11.2885 2.46489
252.326 0.164262 2.39337 11.2904 2.46516
252.337 0.164252 2.39332 11.2905 2.4652
252.348 0.164335 2.39335 11.2878 2.46489
252.36 0.164263 2.39322 11.2897 2.46516
252.371 0.164279 2.39314 11.2888 2.4651
252.382 0.164402 2.39323 11.2849 2.46464
252.393 0.164332 2.3931 11.2867 2.4649
252.404 0.164252 2.39298 11.2889 2.4652
252.416 0.164241 2.39293 11.289 2.46524
252.427 0.164122 2.39277 11.2924 2.46569
252.438 0.16409 2.3927 11.2932 2.46581
252.449 0.164155 2.3927 11.2909 2.46556
252.461 0.164116 2.39261 11.2918 2.46571
252.472 0.164105 2.39255 11.2919 2.46575
252.483 0.164171 2.39254 11.2896 2.4655
252.494 0.164102 2.39242 11.2914 2.46576
252.506 0.164155 2.39243 11.2897 2.46556
252.517 0.164245 2.39243 11.2866 2.46523
252.528 0.164205 2.39233 11.2874 2.46537
252.539 0.164244 2.39231 11.286 2.46523
252.551 0.164324 2.39231 11.2832 2.46493
252.562 0.164233 2.39213 11.2855 2.46527
252.573 0.164208 2.39205 11.286 2.46536
252.584 0.16426 2.39203 11.2842 2.46517
252.596 0.164154 2.39189 11.2871 2.46557
252.607 0.16411 2.39181 11.2883 2.46573
252.618 0.164152 2.39181 11.2868 2.46557
252.629 0.164065 2.39169 11.2893 2.4659
252.64 0.164042 2.39165 11.2898 2.46599
252.652 0.164094 2.39165 11.2881 2.46579
252.663 0.164015 2.39153 11.2902 2.46609
252.674 0.164035 2.39151 11.2894 2.46601
252.685 0.164123 2.39151 11.2864 2.46568
252.697 0.164083 2.3914 11.2872 2.46583
252.708 0.164109 2.3914 11.2864 2.46574
252.719 0.164227 2.39144 11.2825 2.46529
252.73 0.164198 2.39135 11.2831 2.4654
252.742 0.164192 2.3913 11.283 2.46542
252.753 0.164242 2.39128 11.2812 2.46524
252.764 0.164196 2.39117 11.2823 2.46541
252.775 0.16417 2.39107 11.2827 2.46551
252.787 0.164208 2.39103 11.2812 2.46536
252.798 0.164138 2.39088 11.2829 2.46563
252.809 0.16409 2.39081 11.2842 2.46581
252.82 0.164134 2.3908 11.2827 2.46564
252.831 0.164062 2.39072 11.2848 2.46591
252.843 0.164068 2.39073 11.2846 2.46589
252.854 0.164137 2.39075 11.2823 2.46563
252.865 0.164119 2.39073 11.2829 2.4657
252.876 0.164166 2.39074 11.2813 2.46552
252.888 0.16428 2.39079 11.2776 2.46509
252.899 0.164202 2.39066 11.2797 2.46539
252.91 0.164194 2.39066 11.2799 2.46541
252.921 0.16426 2.39069 11.2778 2.46517
252.933 0.16416 2.39059 11.2808 2.46554
252.944 0.164139 2.39056 11.2813 2.46562
252.955 0.164204 2.39057 11.2792 2.46538
252.966 0.16413 2.39049 11.2814 2.46566
252.978 0.164073 2.39045 11.2831 2.46587
252.989 0.164087 2.39046 11.2827 2.46582
253 0.163994 2.3904 11.2856 2.46617
253.011 0.163969 2.39037 11.2863 2.46626
253.022 0.164022 2.39036 11.2844 2.46606
253.034 0.163986 2.39031 11.2855 2.4662
253.045 0.164016 2.39035 11.2846 2.46608
253.056 0.164094 2.39042 11.2823 2.46579
253.067 0.164049 2.39036 11.2835 2.46596
253.079 0.164074 2.39039 11.2828 2.46587
253.09 0.164163 2.39047 11.2801 2.46553
253.101 0.164113 2.3904 11.2815 2.46572
253.112 0.164093 2.39036 11.282 2.4658
253.124 0.164122 2.39037 11.281 2.46568
253.135 0.164031 2.39031 11.2839 2.46603
253.146 0.16403 2.39032 11.284 2.46603
253.157 0.164098 2.39039 11.282 2.46578
253.169 0.164029 2.39035 11.2841 2.46604
253.18 0.164013 2.39035 11.2847 2.4661
253.191 0.164067 2.39041 11.2831 2.46589
253.202 0.164016 2.39039 11.2848 2.46609
253.213 0.164019 2.39042 11.2848 2.46607
253.225 0.164097 2.39052 11.2826 2.46578
253.236 0.16409 2.39051 11.2828 2.46581
253.247 0.164084 2.39051 11.283 2.46583
253.258 0.164154 2.39058 11.281 2.46557
253.27 0.164074 2.39053 11.2835 2.46587
253.281 0.164014 2.39051 11.2854 2.46609
253.292 0.164043 2.39054 11.2845 2.46598
253.303 0.163973 2.39049 11.2867 2.46625
253.315 0.163964 2.39049 11.2871 2.46628
253.326 0.164043 2.39057 11.2847 2.46598
253.337 0.163976 2.39049 11.2867 2.46624
253.348 0.163961 2.39047 11.2871 2.46629
253.36 0.164019 2.39056 11.2855 2.46607
253.371 0.163953 2.39054 11.2877 2.46632
253.382 0.163954 2.39058 11.2878 2.46632
253.393 0.164054 2.39072 11.285 2.46594
253.404 0.164021 2.39073 11.2862 2.46607
253.416 0.164066 2.39084 11.2852 2.4659
253.427 0.164175 2.39101 11.2823 2.46549
253.438 0.164141 2.39103 11.2835 2.46562
253.449 0.164158 2.39111 11.2833 2.46555
253.461 0.164215 2.3912 11.2818 2.46534
253.472 0.164136 2.39119 11.2844 2.46563
253.483 0.164113 2.39126 11.2855 2.46572
253.494 0.164161 2.39135 11.2844 2.46554
253.506 0.164081 2.39132 11.2869 2.46584
253.517 0.164084 2.39139 11.2872 2.46583
253.528 0.164133 2.39147 11.2859 2.46565
253.539 0.164096 2.39146 11.2871 2.46578
253.551 0.164041 2.39142 11.2888 2.46599
253.562 0.16411 2.39156 11.287 2.46573
253.573 0.164034 2.39153 11.2895 2.46602
253.584 0.164036 2.39161 11.2899 2.46601
253.596 0.164133 2.39177 11.2873 2.46564
253.607 0.164123 2.3918 11.2877 2.46568
253.618 0.16416 2.39189 11.2869 2.46554
253.629 0.164256 2.39201 11.2842 2.46518
253.64 0.16421 2.39203 11.2859 2.46536
253.652 0.164229 2.39217 11.2859 2.46528
253.663 0.16429 2.39231 11.2844 2.46505
253.674 0.164241 2.39234 11.2863 2.46524
253.685 0.164233 2.39242 11.2869 2.46527
253.697 0.164291 2.39255 11.2855 2.46505
253.708 0.164206 2.39253 11.2883 2.46537
253.719 0.164178 2.3926 11.2896 2.46547
253.73 0.164226 2.39271 11.2885 2.46529
253.742 0.164168 2.39273 11.2906 2.46551
253.753 0.164164 2.39278 11.291 2.46553
253.764 0.164242 2.39293 11.289 2.46524
253.775 0.164197 2.39293 11.2905 2.46541
253.787 0.164217 2.39303 11.2903 2.46533
253.798 0.164262 2.3931 11.2892 2.46516
253.809 0.164198 2.39312 11.2914 2.4654
253.82 0.164193 2.39319 11.2919 2.46542
253.831 0.164247 2.39332 11.2907 2.46522
253.843 0.164174 2.39332 11.2932 2.46549
253.854 0.164168 2.39341 11.2938 2.46551
253.865 0.164231 2.39354 11.2923 2.46528
253.876 0.164147 2.39354 11.2952 2.46559
253.888 0.164129 2.39365 11.2963 2.46566
253.899 0.164217 2.39383 11.2941 2.46533
253.91 0.164147 2.39384 11.2966 2.46559
253.921 0.164143 2.39396 11.2973 2.46561
253.933 0.164215 2.39412 11.2956 2.46534
253.944 0.164197 2.39422 11.2967 2.46541
253.955 0.164199 2.39436 11.2972 2.4654
253.966 0.164272 2.39453 11.2955 2.46512
253.978 0.164211 2.39457 11.2978 2.46535
253.989 0.164203 2.39467 11.2986 2.46538
254 0.164249 2.39484 11.2978 2.46521
254.011 0.164183 2.39491 11.3004 2.46546
254.022 0.16415 2.39502 11.302 2.46558
254.034 0.164178 2.39515 11.3017 2.46547
254.045 0.164069 2.39514 11.3054 2.46588
254.056 0.164002 2.39517 11.3078 2.46614
254.067 0.163987 2.39525 11.3087 2.46619
254.079 0.16385 2.39519 11.3132 2.46671
254.09 0.16379 2.39525 11.3155 2.46694
254.101 0.16382 2.39536 11.315 2.46682
254.112 0.163764 2.39542 11.3172 2.46703
254.124 0.163756 2.39552 11.318 2.46706
254.135 0.163804 2.39565 11.3169 2.46688
254.146 0.163742 2.39568 11.3192 2.46712
254.157 0.163746 2.39577 11.3195 2.4671
254.169 0.163774 2.39586 11.319 2.46699
254.18 0.163681 2.39587 11.3222 2.46735
254.191 0.163657 2.39597 11.3235 2.46744
254.202 0.163733 2.39612 11.3216 2.46715
254.213 0.163676 2.39614 11.3237 2.46736
254.225 0.163655 2.39624 11.3249 2.46744
254.236 0.163701 2.39641 11.3241 2.46727
254.247 0.163625 2.39643 11.3268 2.46756
254.258 0.163609 2.39657 11.328 2.46762
254.27 0.163657 2.39673 11.3272 2.46744
254.281 0.163569 2.39674 11.3302 2.46777
254.292 0.163548 2.39685 11.3315 2.46785
254.303 0.163577 2.39696 11.331 2.46774
254.315 0.16349 2.39699 11.3341 2.46806
254.326 0.163468 2.39708 11.3353 2.46815
254.337 0.163533 2.3973 11.3341 2.4679
254.348 0.16346 2.39732 11.3367 2.46818
254.36 0.163465 2.39743 11.3371 2.46816
254.371 0.163513 2.39759 11.3362 2.46798
254.382 0.163445 2.39762 11.3387 2.46823
254.393 0.163449 2.39774 11.3391 2.46822
254.404 0.163533 2.39791 11.337 2.4679
254.416 0.163484 2.39796 11.3389 2.46809
254.427 0.163486 2.39805 11.3393 2.46808
254.438 0.163565 2.39823 11.3374 2.46778
254.449 0.163502 2.39826 11.3397 2.46802
254.461 0.163531 2.39843 11.3395 2.46791
254.472 0.16362 2.39863 11.3374 2.46757
254.483 0.163575 2.39869 11.3392 2.46775
254.494 0.163601 2.39882 11.339 2.46765
254.506 0.163674 2.39903 11.3374 2.46737
254.517 0.163624 2.3991 11.3395 2.46756
254.528 0.163623 2.39928 11.3403 2.46757
254.539 0.163699 2.39946 11.3386 2.46728
254.551 0.163613 2.3995 11.3417 2.4676
254.562 0.163566 2.39954 11.3436 2.46778
254.573 0.163593 2.3997 11.3434 2.46768
254.584 0.16348 2.39967 11.3472 2.4681
254.596 0.163411 2.39974 11.3499 2.46836
254.607 0.163423 2.39988 11.3501 2.46832
254.618 0.163318 2.39988 11.3538 2.46872
254.629 0.163256 2.3999 11.356 2.46895
254.64 0.163295 2.4001 11.3556 2.4688
254.652 0.163198 2.40006 11.3588 2.46917
254.663 0.163139 2.40013 11.3612 2.46939
254.674 0.163172 2.4003 11.3609 2.46927
254.685 0.163078 2.40028 11.364 2.46963
254.697 0.16303 2.40033 11.3659 2.46981
254.708 0.163048 2.40045 11.3659 2.46974
254.719 0.162981 2.40051 11.3685 2.46999
254.73 0.162967 2.40062 11.3695 2.47004
254.742 0.163036 2.40074 11.3676 2.46978
254.753 0.16297 2.40078 11.3702 2.47003
254.764 0.162975 2.40088 11.3705 2.47001
254.775 0.163046 2.40102 11.3687 2.46974
254.787 0.162999 2.40104 11.3704 2.46992
254.798 0.162993 2.40113 11.371 2.46994
254.809 0.163056 2.40126 11.3694 2.46971
254.82 0.162986 2.40124 11.3718 2.46997
254.831 0.162962 2.40132 11.373 2.47006
254.843 0.163018 2.40146 11.3717 2.46985
254.854 0.162942 2.40143 11.3742 2.47014
254.865 0.162916 2.4015 11.3754 2.47024
254.876 0.162975 2.40166 11.3742 2.47001
254.888 0.162885 2.40162 11.3771 2.47036
254.899 0.162853 2.40168 11.3785 2.47048
254.91 0.162904 2.40183 11.3775 2.47028
254.921 0.162821 2.40179 11.3802 2.4706
254.933 0.162814 2.40189 11.3809 2.47062
254.944 0.162895 2.40204 11.3787 2.47032
254.955 0.162816 2.40199 11.3813 2.47062
254.966 0.162806 2.40208 11.382 2.47065
254.978 0.162868 2.4022 11.3805 2.47042
254.989 0.162788 2.40218 11.3831 2.47072
255 0.162794 2.40228 11.3834 2.4707
255.011 0.162878 2.40246 11.3813 2.47038
255.022 0.162802 2.40241 11.3837 2.47067
255.034 0.162826 2.40255 11.3836 2.47058
255.045 0.162915 2.40275 11.3814 2.47024
255.056 0.162866 2.40275 11.3831 2.47043
255.067 0.162867 2.40283 11.3835 2.47042
255.079 0.16295 2.40302 11.3814 2.47011
255.09 0.162873 2.40299 11.384 2.4704
255.101 0.162892 2.40312 11.384 2.47033
255.112 0.162966 2.40327 11.3821 2.47005
255.124 0.162906 2.40328 11.3842 2.47028
255.135 0.162887 2.40327 11.3849 2.47035
255.146 0.162962 2.40342 11.3829 2.47006
255.157 0.16288 2.40333 11.3854 2.47037
255.169 0.162913 2.4035 11.385 2.47025
255.18 0.163017 2.40369 11.3823 2.46985
255.191 0.162869 2.40341 11.3862 2.47042
255.202 0.162929 2.40369 11.3854 2.47019
255.213 0.16302 2.40382 11.3828 2.46984
255.225 0.162914 2.40362 11.3856 2.47024
255.236 0.162928 2.40374 11.3856 2.47019
255.247 0.162988 2.40387 11.3842 2.46997
255.258 0.162887 2.40371 11.387 2.47035
255.27 0.162885 2.40382 11.3875 2.47036
255.281 0.162903 2.40388 11.3872 2.47028
255.292 0.162808 2.40379 11.3901 2.47065
255.303 0.162773 2.40378 11.3912 2.47078
255.315 0.162803 2.40381 11.3903 2.47066
255.326 0.162707 2.40366 11.393 2.47103
255.337 0.162677 2.40362 11.3939 2.47114
255.348 0.162715 2.40364 11.3926 2.471
255.36 0.162628 2.4035 11.395 2.47133
255.371 0.1626 2.40344 11.3957 2.47144
255.382 0.162633 2.40346 11.3946 2.47131
255.393 0.162555 2.40334 11.3968 2.47161
255.404 0.162533 2.40334 11.3976 2.47169
255.416 0.162569 2.40336 11.3964 2.47155
255.427 0.162492 2.40325 11.3986 2.47185
255.438 0.162475 2.40322 11.3991 2.47191
255.449 0.162501 2.40324 11.3982 2.47181
255.461 0.162415 2.40313 11.4007 2.47214
255.472 0.162402 2.40311 11.4011 2.47219
255.483 0.162437 2.40313 11.4 2.47206
255.494 0.162336 2.40297 11.4027 2.47244
255.506 0.162318 2.40294 11.4032 2.47251
255.517 0.162368 2.40294 11.4015 2.47232
255.528 0.162273 2.4028 11.4042 2.47268
255.539 0.162258 2.40277 11.4045 2.47274
255.551 0.162308 2.40277 11.4028 2.47255
255.562 0.162226 2.40264 11.405 2.47286
255.573 0.162233 2.40263 11.4047 2.47283
255.584 0.16231 2.40267 11.4022 2.47254
255.596 0.162257 2.40256 11.4036 2.47274
255.607 0.162292 2.40257 11.4024 2.47261
255.618 0.162396 2.40264 11.3991 2.47221
255.629 0.16236 2.4026 11.4001 2.47235
255.64 0.162391 2.40263 11.3992 2.47223
255.652 0.162526 2.40277 11.3952 2.47172
255.663 0.162493 2.40274 11.3961 2.47184
255.674 0.162547 2.40282 11.3946 2.47164
255.685 0.162662 2.40293 11.3911 2.4712
255.697 0.162649 2.40295 11.3916 2.47125
255.708 0.162686 2.40301 11.3907 2.47111
255.719 0.16279 2.40313 11.3876 2.47072
255.73 0.162758 2.40309 11.3885 2.47084
255.742 0.162823 2.40322 11.3869 2.47059
255.753 0.162917 2.40334 11.3842 2.47023
255.764 0.162881 2.40332 11.3853 2.47037
255.775 0.162924 2.40341 11.3842 2.47021
255.787 0.162944 2.40351 11.384 2.47013
255.798 0.162868 2.40349 11.3865 2.47042
255.809 0.16285 2.40354 11.3874 2.47049
255.82 0.162837 2.4036 11.3882 2.47054
255.831 0.162706 2.40351 11.3923 2.47103
255.843 0.162655 2.40354 11.3942 2.47123
255.854 0.162672 2.4036 11.3939 2.47116
255.865 0.162539 2.40351 11.3982 2.47167
255.876 0.162491 2.40353 11.4 2.47185
255.888 0.16251 2.40358 11.3995 2.47178
255.899 0.162414 2.4035 11.4025 2.47215
255.91 0.1624 2.40354 11.4032 2.4722
255.921 0.162438 2.40354 11.4019 2.47205
255.933 0.162361 2.40349 11.4043 2.47234
255.944 0.162372 2.40352 11.4041 2.4723
255.955 0.162441 2.40362 11.4021 2.47204
255.966 0.162363 2.40356 11.4046 2.47234
255.978 0.162343 2.40357 11.4054 2.47241
255.989 0.162377 2.4036 11.4043 2.47228
256 0.162281 2.40354 11.4073 2.47265
256.011 0.162265 2.40358 11.4081 2.47271
256.022 0.162325 2.40367 11.4065 2.47248
256.034 0.16223 2.40361 11.4095 2.47285
256.045 0.162236 2.40368 11.4096 2.47282
256.056 0.162305 2.40377 11.4076 2.47256
256.067 0.162237 2.40376 11.4099 2.47282
256.079 0.162257 2.40385 11.4097 2.47274
256.09 0.162352 2.40401 11.4071 2.47238
256.101 0.162299 2.40401 11.409 2.47258
256.112 0.162333 2.40409 11.4082 2.47245
256.124 0.162404 2.40425 11.4064 2.47218
256.135 0.162339 2.40424 11.4086 2.47243
256.146 0.162318 2.40427 11.4095 2.47251
256.157 0.162366 2.40439 11.4084 2.47233
256.169 0.162298 2.40437 11.4107 2.47259
256.18 0.162307 2.40444 11.4107 2.47255
256.191 0.162381 2.40456 11.4087 2.47227
256.202 0.162316 2.40457 11.411 2.47252
256.213 0.162329 2.40465 11.411 2.47247
256.225 0.162411 2.40481 11.4088 2.47215
256.236 0.162345 2.4048 11.4111 2.47241
256.247 0.162316 2.40485 11.4124 2.47252
256.258 0.16237 2.40499 11.4111 2.47231
256.27 0.162255 2.40498 11.4151 2.47275
256.281 0.162211 2.40505 11.417 2.47292
256.292 0.162227 2.40514 11.4169 2.47286
256.303 0.162131 2.40511 11.4201 2.47322
256.315 0.162101 2.4051 11.4211 2.47334
256.326 0.162139 2.40516 11.42 2.47319
256.337 0.162049 2.4051 11.4229 2.47353
256.348 0.162053 2.40513 11.4229 2.47352
256.36 0.162083 2.40518 11.4221 2.47341
256.371 0.161986 2.40512 11.4252 2.47377
256.382 0.161957 2.40509 11.4262 2.47388
256.393 0.161983 2.40513 11.4254 2.47379
256.404 0.161897 2.40505 11.4281 2.47411
256.416 0.161872 2.40502 11.4288 2.47421
256.427 0.161922 2.40508 11.4273 2.47402
256.438 0.161807 2.40499 11.4309 2.47446
256.449 0.161765 2.40497 11.4324 2.47462
256.461 0.161802 2.405 11.4312 2.47448
256.472 0.161719 2.40491 11.4337 2.47479
256.483 0.161739 2.40491 11.433 2.47472
256.494 0.161832 2.40502 11.4302 2.47437
256.506 0.161811 2.405 11.4309 2.47444
256.517 0.161849 2.40502 11.4296 2.4743
256.528 0.161925 2.40507 11.4272 2.47401
256.539 0.161879 2.40497 11.4283 2.47418
256.551 0.161896 2.40497 11.4277 2.47412
256.562 0.161998 2.40503 11.4244 2.47373
256.573 0.16197 2.40497 11.4251 2.47383
256.584 0.16202 2.40499 11.4234 2.47364
256.596 0.162146 2.40509 11.4195 2.47316
256.607 0.162084 2.405 11.4212 2.4734
256.618 0.16204 2.40499 11.4227 2.47357
256.629 0.162071 2.40505 11.422 2.47345
256.64 0.161973 2.40495 11.4249 2.47382
256.652 0.161964 2.4049 11.425 2.47386
256.663 0.161991 2.40489 11.424 2.47376
256.674 0.161909 2.40476 11.4262 2.47407
256.685 0.161907 2.40467 11.4259 2.47408
256.697 0.161955 2.40461 11.4239 2.47389
256.708 0.161882 2.40442 11.4256 2.47417
256.719 0.161882 2.40434 11.4252 2.47417
256.73 0.161923 2.40431 11.4237 2.47402
256.742 0.161816 2.40413 11.4266 2.47443
256.753 0.161779 2.40404 11.4274 2.47457
256.764 0.161841 2.40401 11.4251 2.47433
256.775 0.161789 2.40387 11.4263 2.47453
256.787 0.161849 2.40382 11.4239 2.4743
256.798 0.161961 2.40377 11.4197 2.47387
256.809 0.161954 2.40363 11.4193 2.4739
256.82 0.161996 2.40353 11.4174 2.47374
256.831 0.162115 2.40349 11.413 2.47328
256.843 0.162111 2.40334 11.4124 2.4733
256.854 0.162179 2.40325 11.4096 2.47304
256.865 0.162304 2.40323 11.4051 2.47256
256.876 0.162298 2.4031 11.4047 2.47259
256.888 0.16237 2.40307 11.402 2.47231
256.899 0.162487 2.40306 11.3978 2.47186
256.91 0.162477 2.40291 11.3975 2.47191
256.921 0.162537 2.40286 11.3952 2.47168
256.933 0.162617 2.40283 11.3922 2.47137
256.944 0.162564 2.40264 11.3932 2.47157
256.955 0.162579 2.40252 11.3921 2.47152
256.966 0.16263 2.40242 11.3898 2.47132
256.978 0.162564 2.40219 11.391 2.47157
256.989 0.162585 2.40208 11.3898 2.4715
257 0.162663 2.40201 11.3867 2.4712
257.011 0.162602 2.40177 11.3877 2.47143
257.022 0.162619 2.4016 11.3863 2.47136
257.034 0.162691 2.40147 11.3832 2.47109
257.045 0.162661 2.40123 11.3831 2.47121
257.056 0.16271 2.40108 11.3807 2.47102
257.067 0.162839 2.40102 11.3759 2.47053
257.079 0.162828 2.40085 11.3754 2.47057
257.09 0.162907 2.40074 11.3722 2.47027
257.101 0.16304 2.40066 11.3671 2.46977
257.112 0.163047 2.40044 11.3659 2.46974
257.124 0.16314 2.40033 11.3621 2.46939
257.135 0.163312 2.40026 11.3558 2.46874
257.146 0.163341 2.40007 11.3539 2.46863
257.157 0.163451 2.39993 11.3494 2.46821
257.169 0.163636 2.39988 11.3428 2.46752
257.18 0.163699 2.39973 11.3399 2.46728
257.191 0.163796 2.39963 11.336 2.46691
257.202 0.163981 2.39959 11.3294 2.46622
257.213 0.164033 2.39943 11.3269 2.46602
257.225 0.164131 2.39932 11.323 2.46565
257.236 0.164235 2.39922 11.3189 2.46526
257.247 0.164177 2.39899 11.3198 2.46548
257.258 0.164241 2.39887 11.3171 2.46524
257.27 0.164369 2.39877 11.3122 2.46476
257.281 0.16437 2.39857 11.3112 2.46476
257.292 0.164455 2.39844 11.3077 2.46444
257.303 0.164624 2.39836 11.3015 2.4638
257.315 0.164623 2.39814 11.3005 2.46381
257.326 0.164691 2.39798 11.2974 2.46356
257.337 0.164824 2.39785 11.2922 2.46306
257.348 0.164788 2.3976 11.2923 2.46319
257.36 0.164855 2.39744 11.2892 2.46294
257.371 0.164961 2.39728 11.2849 2.46255
257.382 0.164954 2.397 11.2838 2.46257
257.393 0.165032 2.39685 11.2804 2.46228
257.404 0.16517 2.39676 11.2753 2.46177
257.416 0.165143 2.39652 11.2751 2.46187
257.427 0.165222 2.39635 11.2716 2.46157
257.438 0.165392 2.39624 11.2653 2.46094
257.449 0.165449 2.39605 11.2624 2.46073
257.461 0.165561 2.3959 11.2579 2.46031
257.472 0.165747 2.3958 11.2511 2.45962
257.483 0.165833 2.3956 11.2472 2.4593
257.494 0.165973 2.39549 11.242 2.45878
257.506 0.166208 2.39547 11.234 2.45791
257.517 0.166301 2.39537 11.2303 2.45757
257.528 0.166451 2.3953 11.2249 2.45702
257.539 0.166645 2.39528 11.2183 2.4563
257.551 0.166609 2.39509 11.2187 2.45643
257.562 0.166644 2.39495 11.2168 2.4563
257.573 0.166742 2.39483 11.213 2.45594
257.584 0.166687 2.39457 11.2136 2.45615
257.596 0.166682 2.39435 11.2127 2.45616
257.607 0.166735 2.39417 11.2101 2.45597
257.618 0.166686 2.3939 11.2105 2.45615
257.629 0.166755 2.39376 11.2075 2.4559
257.64 0.166892 2.39365 11.2024 2.45539
257.652 0.166899 2.39344 11.2012 2.45537
257.663 0.166961 2.39328 11.1984 2.45514
257.674 0.167135 2.39322 11.1922 2.4545
257.685 0.167167 2.393 11.1901 2.45438
257.697 0.167276 2.39288 11.1859 2.45398
257.708 0.167452 2.3928 11.1797 2.45334
257.719 0.167502 2.39261 11.1771 2.45315
257.73 0.167604 2.39248 11.1731 2.45278
257.742 0.167774 2.39243 11.1672 2.45216
257.753 0.167772 2.39217 11.1661 2.45216
257.764 0.167855 2.39205 11.1628 2.45186
257.775 0.168056 2.39201 11.1559 2.45113
257.787 0.168101 2.39184 11.1536 2.45096
257.798 0.168229 2.39177 11.149 2.4505
257.809 0.168439 2.39177 11.1421 2.44973
257.82 0.168411 2.39154 11.1419 2.44983
257.831 0.168519 2.39149 11.1381 2.44944
257.843 0.168663 2.39139 11.1329 2.44892
257.854 0.168646 2.39121 11.1326 2.44898
257.865 0.168713 2.39112 11.13 2.44874
257.876 0.168829 2.39107 11.1259 2.44832
257.888 0.168833 2.3909 11.125 2.4483
257.899 0.168858 2.39072 11.1234 2.44821
257.91 0.168938 2.39063 11.1203 2.44792
257.921 0.168891 2.39043 11.121 2.44809
257.933 0.168952 2.39037 11.1186 2.44787
257.944 0.169095 2.39036 11.1139 2.44735
257.955 0.16909 2.39019 11.1132 2.44737
257.966 0.169169 2.39012 11.1103 2.44709
257.978 0.169317 2.39013 11.1055 2.44655
257.989 0.169294 2.38999 11.1056 2.44663
258 0.169349 2.3899 11.1034 2.44644
258.011 0.16949 2.38989 11.0988 2.44593
258.022 0.169486 2.38972 11.0981 2.44594
258.034 0.169512 2.38961 11.0967 2.44585
258.045 0.169644 2.38957 11.0922 2.44537
258.056 0.169617 2.38942 11.0924 2.44547
258.067 0.169702 2.38938 11.0894 2.44516
258.079 0.169876 2.38934 11.0836 2.44454
258.09 0.169859 2.38912 11.0831 2.4446
258.101 0.169924 2.38905 11.0806 2.44436
258.112 0.170078 2.38905 11.0757 2.44381
258.124 0.170049 2.38882 11.0755 2.44392
258.135 0.1701 2.38875 11.0736 2.44373
258.146 0.170234 2.38876 11.0692 2.44325
258.157 0.170217 2.38864 11.0692 2.44331
258.169 0.170317 2.38864 11.0659 2.44295
258.18 0.170507 2.38871 11.0601 2.44227
258.191 0.170481 2.38855 11.0602 2.44236
258.202 0.170537 2.38857 11.0585 2.44217
258.213 0.170678 2.38864 11.0542 2.44166
258.225 0.170651 2.38859 11.0549 2.44176
258.236 0.170693 2.38861 11.0536 2.44161
258.247 0.170835 2.38871 11.0495 2.4411
258.258 0.170825 2.38861 11.0494 2.44113
258.27 0.170899 2.38865 11.0472 2.44087
258.281 0.171045 2.38875 11.0429 2.44035
258.292 0.171026 2.38868 11.0432 2.44042
258.303 0.171084 2.38874 11.0416 2.44021
258.315 0.171257 2.38884 11.0365 2.43959
258.326 0.17122 2.38878 11.0374 2.43973
258.337 0.171265 2.38882 11.0362 2.43957
258.348 0.171406 2.38889 11.032 2.43906
258.36 0.171394 2.38884 11.0321 2.4391
258.371 0.17146 2.3889 11.0302 2.43887
258.382 0.171601 2.389 11.0262 2.43837
258.393 0.171587 2.38893 11.0263 2.43842
258.404 0.171629 2.38894 11.025 2.43827
258.416 0.171752 2.38897 11.0212 2.43783
258.427 0.171678 2.38887 11.0231 2.4381
258.438 0.171693 2.38883 11.0224 2.43804
258.449 0.171786 2.38887 11.0196 2.43771
258.461 0.171731 2.38875 11.0209 2.43791
258.472 0.171752 2.38876 11.0202 2.43783
258.483 0.17186 2.38882 11.017 2.43745
258.494 0.171811 2.38876 11.0183 2.43762
258.506 0.171849 2.38878 11.0172 2.43749
258.517 0.171964 2.38887 11.0139 2.43708
258.528 0.17196 2.38883 11.0139 2.4371
258.539 0.171978 2.38882 11.0132 2.43703
258.551 0.172097 2.38893 11.0099 2.43661
258.562 0.172031 2.38888 11.0118 2.43685
258.573 0.172047 2.3889 11.0114 2.43679
258.584 0.172148 2.389 11.0086 2.43643
258.596 0.1721 2.38896 11.01 2.4366
258.607 0.172126 2.38898 11.0092 2.43651
258.618 0.172203 2.38907 11.0072 2.43624
258.629 0.172146 2.38903 11.0088 2.43644
258.64 0.172134 2.38904 11.0092 2.43648
258.652 0.172204 2.38913 11.0074 2.43623
258.663 0.172128 2.3891 11.0097 2.4365
258.674 0.172123 2.38912 11.01 2.43652
258.685 0.17222 2.38923 11.0074 2.43618
258.697 0.172154 2.38918 11.0093 2.43641
258.708 0.172163 2.38918 11.009 2.43638
258.719 0.172245 2.38929 11.0069 2.43609
258.73 0.172176 2.38921 11.0087 2.43633
258.742 0.17218 2.38922 11.0086 2.43632
258.753 0.172284 2.38933 11.0058 2.43595
258.764 0.172238 2.38928 11.007 2.43611
258.775 0.172277 2.38935 11.0061 2.43597
258.787 0.172407 2.38942 11.0023 2.43551
258.798 0.172355 2.38934 11.0036 2.4357
258.809 0.172387 2.38933 11.0025 2.43559
258.82 0.172488 2.38936 10.9994 2.43523
258.831 0.172438 2.38927 11.0006 2.4354
258.843 0.172485 2.38931 10.9993 2.43524
258.854 0.172574 2.38932 10.9965 2.43492
258.865 0.172502 2.38919 10.9982 2.43518
258.876 0.172526 2.38919 10.9975 2.4351
258.888 0.172633 2.38927 10.9944 2.43472
258.899 0.172569 2.38914 10.9959 2.43494
258.91 0.17259 2.38915 10.9952 2.43487
258.921 0.1727 2.3892 10.9919 2.43448
258.933 0.172621 2.38908 10.9939 2.43476
258.944 0.172652 2.38908 10.9929 2.43465
258.955 0.172718 2.38906 10.9907 2.43442
258.966 0.172659 2.38893 10.992 2.43463
258.978 0.172683 2.38893 10.9913 2.43454
258.989 0.172791 2.38896 10.9879 2.43416
259 0.172786 2.38893 10.9879 2.43418
259.011 0.172841 2.38892 10.9862 2.43398
259.022 0.172986 2.38901 10.9819 2.43347
259.034 0.172948 2.38894 10.9829 2.43361
259.045 0.172994 2.38895 10.9814 2.43345
259.056 0.173107 2.38902 10.9782 2.43305
259.067 0.173059 2.38895 10.9794 2.43322
259.079 0.173082 2.38897 10.9788 2.43314
259.09 0.173201 2.38908 10.9755 2.43272
259.101 0.173155 2.38902 10.9766 2.43288
259.112 0.173179 2.389 10.9758 2.4328
259.124 0.173303 2.38908 10.9722 2.43236
259.135 0.173255 2.38898 10.9733 2.43253
259.146 0.17331 2.38897 10.9715 2.43234
259.157 0.173455 2.38904 10.9673 2.43183
259.169 0.17339 2.38891 10.9687 2.43206
259.18 0.173427 2.38891 10.9675 2.43193
259.191 0.173552 2.38897 10.9639 2.43149
259.202 0.173505 2.38884 10.9647 2.43165
259.213 0.173503 2.38877 10.9645 2.43166
259.225 0.17359 2.38876 10.9617 2.43135
259.236 0.173498 2.38861 10.9639 2.43168
259.247 0.173502 2.38857 10.9636 2.43167
259.258 0.173613 2.38863 10.9604 2.43127
259.27 0.173521 2.38848 10.9626 2.4316
259.281 0.173552 2.38849 10.9617 2.43149
259.292 0.173653 2.38851 10.9586 2.43114
259.303 0.173591 2.38839 10.96 2.43135
259.315 0.173639 2.38839 10.9584 2.43118
259.326 0.173761 2.38841 10.9547 2.43076
259.337 0.173723 2.38831 10.9554 2.43089
259.348 0.173761 2.38833 10.9543 2.43076
259.36 0.17391 2.38837 10.9498 2.43024
259.371 0.17385 2.38821 10.951 2.43045
259.382 0.173877 2.38819 10.9501 2.43035
259.393 0.173979 2.38822 10.947 2.43
259.404 0.173901 2.38803 10.9486 2.43027
259.416 0.173888 2.38796 10.9487 2.43031
259.427 0.173974 2.38797 10.946 2.43001
259.438 0.173881 2.38777 10.948 2.43034
259.449 0.173871 2.38771 10.948 2.43037
259.461 0.17395 2.38769 10.9454 2.4301
259.472 0.173844 2.38752 10.948 2.43046
259.483 0.173835 2.38744 10.9479 2.4305
259.494 0.173905 2.38741 10.9456 2.43025
259.506 0.173802 2.38721 10.9479 2.43061
259.517 0.173784 2.38717 10.9483 2.43068
259.528 0.173887 2.38714 10.9449 2.43032
259.539 0.173804 2.38698 10.9468 2.43061
259.551 0.173785 2.38689 10.947 2.43067
259.562 0.173866 2.38686 10.9443 2.43039
259.573 0.173796 2.3867 10.9458 2.43063
259.584 0.173815 2.38667 10.945 2.43057
259.596 0.173921 2.38666 10.9416 2.4302
259.607 0.173843 2.38646 10.9432 2.43047
259.618 0.173901 2.38646 10.9414 2.43027
259.629 0.17402 2.38643 10.9375 2.42985
259.64 0.173993 2.38636 10.938 2.42995
259.652 0.174058 2.38637 10.936 2.42972
259.663 0.174204 2.38642 10.9316 2.42921
259.674 0.174157 2.38629 10.9325 2.42937
259.685 0.174218 2.38632 10.9307 2.42916
259.697 0.174337 2.3863 10.927 2.42875
259.708 0.174286 2.3862 10.9281 2.42893
259.719 0.174313 2.38619 10.9272 2.42883
259.73 0.174421 2.38615 10.9236 2.42845
259.742 0.174376 2.38609 10.9247 2.42861
259.753 0.174413 2.38605 10.9234 2.42848
259.764 0.174528 2.38608 10.92 2.42808
259.775 0.174443 2.38592 10.9219 2.42838
259.787 0.174454 2.38589 10.9214 2.42834
259.798 0.174573 2.38591 10.9178 2.42793
259.809 0.174459 2.38577 10.9207 2.42832
259.82 0.174485 2.38578 10.9199 2.42823
259.831 0.174604 2.38581 10.9163 2.42782
259.843 0.174491 2.38568 10.9193 2.42821
259.854 0.174536 2.38565 10.9177 2.42805
259.865 0.174623 2.38568 10.9152 2.42775
259.876 0.174532 2.38553 10.9173 2.42807
259.888 0.174561 2.3855 10.9163 2.42797
259.899 0.174662 2.38552 10.9132 2.42762
259.91 0.174562 2.38539 10.9157 2.42796
259.921 0.174518 2.38533 10.9168 2.42812
259.933 0.174597 2.38535 10.9144 2.42784
259.944 0.174441 2.3852 10.9187 2.42839
259.955 0.174402 2.38514 10.9196 2.42852
259.966 0.174426 2.38515 10.9189 2.42844
259.978 0.17428 2.38499 10.9227 2.42894
259.989 0.174212 2.38489 10.9244 2.42918
260 0.174253 2.38492 10.9233 2.42904
260.011 0.174103 2.38477 10.9273 2.42956
260.022 0.174072 2.38474 10.9281 2.42967
260.034 0.174143 2.38479 10.9261 2.42942
260.045 0.174035 2.38468 10.929 2.4298
260.056 0.174006 2.38461 10.9296 2.4299
260.067 0.174092 2.3847 10.9273 2.4296
260.079 0.174002 2.38457 10.9295 2.42991
260.09 0.174033 2.38463 10.9288 2.42981
260.101 0.174134 2.3847 10.926 2.42946
260.112 0.174055 2.38463 10.9281 2.42973
260.124 0.17406 2.38464 10.928 2.42971
260.135 0.174148 2.38473 10.9257 2.4294
260.146 0.174041 2.38464 10.9286 2.42978
260.157 0.174032 2.38465 10.9289 2.42981
260.169 0.174115 2.38475 10.9268 2.42952
260.18 0.174007 2.38468 10.9299 2.4299
260.191 0.174003 2.3847 10.9301 2.42991
260.202 0.174067 2.38476 10.9283 2.42969
260.213 0.17397 2.38468 10.931 2.43003
260.225 0.173934 2.38466 10.9321 2.43015
260.236 0.174013 2.38474 10.93 2.42987
260.247 0.173916 2.38466 10.9327 2.43021
260.258 0.173923 2.38472 10.9327 2.43019
260.27 0.174007 2.38475 10.9302 2.4299
260.281 0.1739 2.38466 10.9332 2.43027
260.292 0.173912 2.38465 10.9327 2.43023
260.303 0.174004 2.3847 10.93 2.42991
260.315 0.173858 2.38453 10.9339 2.43042
260.326 0.173784 2.3845 10.9361 2.43068
260.337 0.173764 2.38453 10.9368 2.43075
260.348 0.173569 2.38438 10.9423 2.43143
260.36 0.173502 2.38436 10.9443 2.43166
260.371 0.17349 2.38436 10.9447 2.4317
260.382 0.173312 2.38424 10.9497 2.43233
260.393 0.173212 2.38416 10.9525 2.43268
260.404 0.173208 2.38419 10.9528 2.43269
260.416 0.173015 2.38404 10.9582 2.43337
260.427 0.172938 2.38401 10.9605 2.43364
260.438 0.172953 2.38404 10.9602 2.43359
260.449 0.172793 2.3839 10.9646 2.43415
260.461 0.172727 2.38388 10.9666 2.43439
260.472 0.172752 2.38392 10.966 2.4343
260.483 0.172571 2.38373 10.9708 2.43493
260.494 0.1725 2.38372 10.9731 2.43519
260.506 0.17252 2.38375 10.9726 2.43511
260.517 0.172349 2.38362 10.9774 2.43572
260.528 0.172285 2.38361 10.9794 2.43595
260.539 0.172317 2.38362 10.9785 2.43583
260.551 0.172158 2.38351 10.983 2.4364
260.562 0.172114 2.38353 10.9845 2.43655
260.573 0.172148 2.38358 10.9836 2.43643
260.584 0.172036 2.38351 10.9869 2.43683
260.596 0.171987 2.38351 10.9885 2.437
260.607 0.172026 2.38358 10.9875 2.43686
260.618 0.17189 2.38355 10.9918 2.43735
260.629 0.171861 2.38356 10.9927 2.43745
260.64 0.171875 2.38362 10.9925 2.4374
260.652 0.171716 2.38352 10.9972 2.43796
260.663 0.171621 2.38348 11.0001 2.4383
260.674 0.171641 2.38356 10.9998 2.43823
260.685 0.171513 2.38347 11.0035 2.43868
260.697 0.171519 2.38353 11.0035 2.43866
260.708 0.171604 2.38363 11.0013 2.43836
260.719 0.171473 2.38357 11.0052 2.43882
260.73 0.171431 2.38358 11.0066 2.43897
260.742 0.171438 2.38361 11.0065 2.43895
260.753 0.171269 2.38347 11.0113 2.43955
260.764 0.171197 2.38344 11.0135 2.43981
260.775 0.17119 2.38345 11.0137 2.43983
260.787 0.171026 2.38331 11.0184 2.44042
260.798 0.170912 2.38328 11.0219 2.44082
260.809 0.170853 2.38326 11.0237 2.44104
260.82 0.170682 2.38315 11.0287 2.44164
260.831 0.170613 2.38314 11.0309 2.44189
260.843 0.17062 2.38319 11.0309 2.44187
260.854 0.170453 2.38307 11.0358 2.44246
260.865 0.170402 2.38309 11.0375 2.44265
260.876 0.17042 2.38313 11.0371 2.44258
260.888 0.170265 2.38304 11.0417 2.44314
260.899 0.170173 2.38299 11.0445 2.44347
260.91 0.170193 2.38303 11.044 2.4434
260.921 0.170065 2.38287 11.0474 2.44386
260.933 0.170007 2.38286 11.0493 2.44407
260.944 0.170055 2.38289 11.0478 2.44389
260.955 0.169944 2.38283 11.0512 2.44429
260.966 0.16991 2.38283 11.0523 2.44441
260.978 0.169956 2.38292 11.0512 2.44425
260.989 0.169841 2.38286 11.0547 2.44466
261 0.169799 2.38288 11.0561 2.44481
261.011 0.169774 2.38296 11.0573 2.4449
261.022 0.169629 2.38291 11.0618 2.44543
261.034 0.169542 2.38288 11.0645 2.44574
261.045 0.16951 2.38294 11.0658 2.44585
261.056 0.169316 2.38283 11.0716 2.44655
261.067 0.169212 2.38279 11.0748 2.44693
261.079 0.169183 2.3828 11.0759 2.44704
261.09 0.168979 2.38267 11.0819 2.44777
261.101 0.16889 2.3826 11.0845 2.4481
261.112 0.16888 2.38258 11.0847 2.44813
261.124 0.168688 2.38242 11.0903 2.44883
261.135 0.168595 2.38236 11.0931 2.44917
261.146 0.168598 2.38238 11.0931 2.44915
261.157 0.168458 2.38225 11.0971 2.44967
261.169 0.168377 2.3822 11.0995 2.44996
261.18 0.168376 2.38225 11.0998 2.44996
261.191 0.168197 2.38209 11.105 2.45062
261.202 0.168089 2.38206 11.1084 2.45101
261.213 0.168093 2.3821 11.1084 2.45099
261.225 0.167927 2.38192 11.1131 2.4516
261.236 0.167828 2.38188 11.1162 2.45196
261.247 0.167802 2.38188 11.117 2.45206
261.258 0.167601 2.38172 11.1229 2.45279
261.27 0.167438 2.38166 11.1281 2.45339
261.281 0.167391 2.38164 11.1296 2.45356
261.292 0.167192 2.38139 11.135 2.45429
261.303 0.167088 2.38132 11.1381 2.45467
261.315 0.167072 2.38128 11.1385 2.45473
261.326 0.166908 2.38111 11.1432 2.45533
261.337 0.166821 2.38103 11.1457 2.45565
261.348 0.166845 2.38104 11.145 2.45557
261.36 0.166716 2.38087 11.1484 2.45604
261.371 0.166652 2.3808 11.1503 2.45628
261.382 0.166667 2.38076 11.1496 2.45622
261.393 0.166546 2.38061 11.1529 2.45666
261.404 0.16651 2.38056 11.1539 2.4568
261.416 0.166535 2.38053 11.1529 2.4567
261.427 0.16643 2.38036 11.1557 2.45709
261.438 0.166404 2.38028 11.1561 2.45719
261.449 0.166488 2.3803 11.1534 2.45688
261.461 0.166452 2.3802 11.1541 2.45701
261.472 0.166431 2.38015 11.1546 2.45709
261.483 0.166444 2.38013 11.1541 2.45704
261.494 0.166299 2.38002 11.1584 2.45758
261.506 0.166224 2.37993 11.1606 2.45786
261.517 0.166225 2.37991 11.1604 2.45785
261.528 0.166075 2.37974 11.1646 2.4584
261.539 0.165974 2.37961 11.1675 2.45878
261.551 0.165952 2.37956 11.1679 2.45886
261.562 0.165783 2.37936 11.1727 2.45949
261.573 0.165668 2.37922 11.1759 2.45991
261.584 0.165646 2.37914 11.1763 2.46
261.596 0.165475 2.37886 11.1808 2.46063
261.607 0.165383 2.37871 11.1831 2.46097
261.618 0.165358 2.37858 11.1834 2.46107
261.629 0.165198 2.37832 11.1876 2.46166
261.64 0.165154 2.37818 11.1884 2.46182
261.652 0.165212 2.37813 11.1862 2.46161
261.663 0.165158 2.37797 11.1872 2.46181
261.674 0.165166 2.37789 11.1867 2.46178
261.685 0.165212 2.37783 11.1848 2.46161
261.697 0.165057 2.37763 11.1891 2.46219
261.708 0.165004 2.37752 11.1904 2.46238
261.719 0.165023 2.37746 11.1895 2.46231
261.73 0.164917 2.37728 11.1922 2.46271
261.742 0.164877 2.37717 11.193 2.46286
261.753 0.164928 2.37712 11.1911 2.46267
261.764 0.164827 2.37693 11.1936 2.46304
261.775 0.164752 2.37677 11.1954 2.46333
261.787 0.164735 2.37664 11.1954 2.46339
261.798 0.164587 2.37644 11.1994 2.46394
261.809 0.16453 2.37628 11.2006 2.46416
261.82 0.164568 2.37622 11.1991 2.46402
261.831 0.164465 2.37601 11.2016 2.4644
261.843 0.164445 2.37588 11.2016 2.46447
261.854 0.164505 2.37583 11.1994 2.46425
261.865 0.164446 2.37565 11.2006 2.46447
261.876 0.164395 2.3755 11.2015 2.46466
261.888 0.164394 2.37535 11.2009 2.46467
261.899 0.164222 2.37511 11.2056 2.46531
261.91 0.164159 2.37495 11.207 2.46555
261.921 0.164182 2.37486 11.2058 2.46546
261.933 0.164077 2.37466 11.2084 2.46585
261.944 0.164066 2.37453 11.2082 2.4659
261.955 0.164094 2.37444 11.2068 2.46579
261.966 0.164033 2.37427 11.2081 2.46602
261.978 0.164031 2.37415 11.2076 2.46603
261.989 0.164115 2.37409 11.2045 2.46571
262 0.164072 2.37389 11.205 2.46587
262.011 0.164113 2.37377 11.203 2.46572
262.022 0.164183 2.3737 11.2003 2.46546
262.034 0.164134 2.37348 11.2009 2.46564
262.045 0.164115 2.37332 11.2008 2.46571
262.056 0.164166 2.37323 11.1987 2.46552
262.067 0.164078 2.37301 11.2007 2.46585
262.079 0.16402 2.37283 11.2018 2.46607
262.09 0.164 2.37269 11.2017 2.46614
262.101 0.163857 2.37242 11.2054 2.46668
262.112 0.163776 2.37221 11.2072 2.46699
262.124 0.163803 2.3721 11.2057 2.46689
262.135 0.163701 2.37186 11.2081 2.46727
262.146 0.163664 2.3717 11.2086 2.46741
262.157 0.163732 2.3716 11.2058 2.46715
262.169 0.16371 2.37144 11.2058 2.46724
262.18 0.163735 2.3713 11.2043 2.46714
262.191 0.163831 2.3712 11.2005 2.46678
262.202 0.163826 2.37102 11.1998 2.4668
262.213 0.163867 2.37089 11.1978 2.46665
262.225 0.163966 2.37079 11.194 2.46627
262.236 0.163937 2.37059 11.194 2.46638
262.247 0.163955 2.37044 11.1927 2.46631
262.258 0.164026 2.37035 11.1898 2.46605
262.27 0.16398 2.3701 11.1902 2.46622
262.281 0.163955 2.3699 11.1901 2.46631
262.292 0.163931 2.36969 11.19 2.4664
262.303 0.163814 2.3694 11.1926 2.46684
262.315 0.163764 2.36921 11.1934 2.46703
262.326 0.163782 2.369 11.1918 2.46696
262.337 0.1637 2.36873 11.1934 2.46728
262.348 0.163688 2.36856 11.193 2.46732
262.36 0.163727 2.36839 11.1908 2.46717
262.371 0.163676 2.36817 11.1915 2.46736
262.382 0.163726 2.36803 11.1891 2.46718
262.393 0.163821 2.36792 11.1854 2.46682
262.404 0.163802 2.36773 11.1851 2.46689
262.416 0.16383 2.36756 11.1834 2.46679
262.427 0.16391 2.36746 11.1801 2.46648
262.438 0.163855 2.36721 11.1808 2.46669
262.449 0.163862 2.36705 11.1798 2.46666
262.461 0.163896 2.36686 11.1778 2.46654
262.472 0.163847 2.36666 11.1785 2.46672
262.483 0.163798 2.36643 11.1791 2.4669
262.494 0.16383 2.3663 11.1774 2.46679
262.506 0.163731 2.366 11.1794 2.46716
262.517 0.163734 2.36581 11.1784 2.46715
262.528 0.16381 2.36566 11.1751 2.46686
262.539 0.163763 2.36541 11.1755 2.46704
262.551 0.163822 2.36525 11.1727 2.46682
262.562 0.163937 2.36513 11.1682 2.46638
262.573 0.163943 2.36493 11.1671 2.46636
262.584 0.164026 2.36481 11.1637 2.46605
262.596 0.164182 2.36477 11.1582 2.46546
262.607 0.164192 2.36459 11.157 2.46542
262.618 0.164244 2.36444 11.1545 2.46523
262.629 0.164349 2.36432 11.1504 2.46484
262.64 0.164321 2.36411 11.1504 2.46494
262.652 0.164289 2.3639 11.1504 2.46506
262.663 0.164341 2.36375 11.148 2.46486
262.674 0.164249 2.36348 11.1498 2.46521
262.685 0.164206 2.36326 11.1503 2.46537
262.697 0.164275 2.36315 11.1474 2.46511
262.708 0.164184 2.36291 11.1494 2.46545
262.719 0.164172 2.36275 11.149 2.4655
262.73 0.164269 2.36265 11.1453 2.46513
262.742 0.164233 2.36241 11.1453 2.46527
262.753 0.164277 2.36224 11.143 2.46511
262.764 0.164393 2.36213 11.1386 2.46467
262.775 0.1644 2.36193 11.1374 2.46464
262.787 0.164466 2.36181 11.1346 2.4644
262.798 0.164583 2.36173 11.1303 2.46396
262.809 0.164572 2.36154 11.1298 2.464
262.82 0.164635 2.36142 11.1271 2.46377
262.831 0.16471 2.3613 11.1239 2.46348
262.843 0.164627 2.36103 11.1255 2.4638
262.854 0.164625 2.36086 11.1247 2.4638
262.865 0.164675 2.36074 11.1225 2.46361
262.876 0.1646 2.3605 11.1239 2.46389
262.888 0.164574 2.36035 11.1241 2.46399
262.899 0.164647 2.36026 11.1212 2.46372
262.91 0.164553 2.36004 11.1233 2.46407
262.921 0.164553 2.35992 11.1228 2.46407
262.933 0.164627 2.35987 11.12 2.4638
262.944 0.164581 2.35967 11.1206 2.46396
262.955 0.164599 2.35956 11.1195 2.4639
262.966 0.164692 2.35947 11.116 2.46355
262.978 0.164667 2.35931 11.116 2.46364
262.989 0.164716 2.3592 11.1139 2.46346
263 0.164825 2.35913 11.1099 2.46305
263.011 0.164819 2.35898 11.1094 2.46308
263.022 0.164882 2.3589 11.1068 2.46284
263.034 0.16499 2.35884 11.1029 2.46244
263.045 0.164964 2.35869 11.1031 2.46254
263.056 0.164998 2.35854 11.1013 2.46241
263.067 0.165089 2.3585 11.098 2.46207
263.079 0.164981 2.35825 11.1005 2.46247
263.09 0.164946 2.35805 11.1007 2.4626
263.101 0.164972 2.35794 11.0993 2.4625
263.112 0.164848 2.35768 11.1022 2.46297
263.124 0.164812 2.3575 11.1026 2.4631
263.135 0.164883 2.35739 11.0997 2.46283
263.146 0.164838 2.35719 11.1003 2.463
263.157 0.164883 2.3571 11.0983 2.46284
263.169 0.164952 2.35702 11.0957 2.46258
263.18 0.164906 2.35686 11.0965 2.46275
263.191 0.164916 2.35673 11.0955 2.46271
263.202 0.164991 2.35667 11.0927 2.46243
263.213 0.164969 2.35653 11.0928 2.46251
263.225 0.165007 2.35642 11.091 2.46237
263.236 0.16512 2.35639 11.087 2.46195
263.247 0.165083 2.35623 11.0875 2.46209
263.258 0.165109 2.35616 11.0863 2.46199
263.27 0.165195 2.35612 11.0832 2.46167
263.281 0.165153 2.35601 11.0841 2.46183
263.292 0.165192 2.35596 11.0826 2.46168
263.303 0.165279 2.35594 11.0796 2.46136
263.315 0.165221 2.35581 11.0809 2.46158
263.326 0.16521 2.35572 11.0809 2.46162
263.337 0.165284 2.35565 11.0781 2.46134
263.348 0.165194 2.35548 11.0802 2.46168
263.36 0.165178 2.35534 11.0802 2.46174
263.371 0.165266 2.3553 11.077 2.46141
263.382 0.165223 2.35517 11.0778 2.46157
263.393 0.165256 2.3551 11.0764 2.46144
263.404 0.165369 2.35511 11.0727 2.46102
263.416 0.165299 2.35499 11.0744 2.46129
263.427 0.165289 2.35495 11.0746 2.46132
263.438 0.165335 2.3549 11.0728 2.46115
263.449 0.165257 2.35476 11.0748 2.46144
263.461 0.165264 2.35465 11.074 2.46142
263.472 0.165349 2.35462 11.071 2.4611
263.483 0.165319 2.35453 11.0716 2.46121
263.494 0.165341 2.35449 11.0707 2.46113
263.506 0.165437 2.3545 11.0675 2.46077
263.517 0.1654 2.35444 11.0685 2.46091
263.528 0.165419 2.35442 11.0677 2.46084
263.539 0.165517 2.35449 11.0648 2.46047
263.551 0.165435 2.3544 11.0671 2.46078
263.562 0.165413 2.35432 11.0675 2.46086
263.573 0.165455 2.35432 11.066 2.4607
263.584 0.165367 2.35421 11.0685 2.46103
263.596 0.165362 2.35418 11.0685 2.46105
263.607 0.165417 2.35417 11.0667 2.46085
263.618 0.165332 2.35409 11.0691 2.46116
263.629 0.16531 2.35403 11.0696 2.46124
263.64 0.165415 2.35409 11.0663 2.46085
263.652 0.1654 2.35406 11.0667 2.46091
263.663 0.16545 2.35412 11.0653 2.46072
263.674 0.165558 2.3542 11.0621 2.46032
263.685 0.165496 2.35408 11.0636 2.46055
263.697 0.165489 2.35404 11.0636 2.46058
263.708 0.165514 2.35403 11.0628 2.46049
263.719 0.165453 2.35397 11.0645 2.46071
263.73 0.165453 2.35395 11.0644 2.46071
263.742 0.165526 2.35394 11.0619 2.46044
263.753 0.165489 2.35389 11.0629 2.46058
263.764 0.165492 2.35387 11.0627 2.46057
263.775 0.165588 2.35394 11.0598 2.46021
263.787 0.165532 2.35389 11.0615 2.46042
263.798 0.165518 2.35392 11.0621 2.46047
263.809 0.165601 2.35403 11.0598 2.46016
263.82 0.165545 2.35402 11.0616 2.46037
263.831 0.165533 2.35406 11.0623 2.46041
263.843 0.165597 2.35414 11.0604 2.46018
263.854 0.165539 2.35412 11.0623 2.46039
263.865 0.165498 2.3541 11.0636 2.46055
263.876 0.165595 2.35419 11.0608 2.46018
263.888 0.165535 2.35418 11.0627 2.46041
263.899 0.16552 2.35421 11.0634 2.46046
263.91 0.165593 2.35426 11.0612 2.46019
263.921 0.165534 2.35422 11.0629 2.46041
263.933 0.165518 2.35426 11.0637 2.46047
263.944 0.165601 2.35439 11.0615 2.46016
263.955 0.165542 2.35438 11.0635 2.46038
263.966 0.165544 2.35445 11.0637 2.46037
263.978 0.165607 2.35453 11.062 2.46014
263.989 0.165557 2.35454 11.0637 2.46033
264 0.165554 2.35459 11.064 2.46034
264.011 0.165633 2.3547 11.0619 2.46004
264.022 0.165581 2.35471 11.0637 2.46024
264.034 0.165575 2.35479 11.0643 2.46026
264.045 0.165625 2.35488 11.063 2.46007
264.056 0.165549 2.35487 11.0655 2.46035
264.067 0.165514 2.35489 11.0668 2.46049
264.079 0.16558 2.35502 11.0652 2.46024
264.09 0.165536 2.35506 11.0668 2.46041
264.101 0.165516 2.35508 11.0676 2.46048
264.112 0.16558 2.3552 11.066 2.46024
264.124 0.165516 2.3552 11.0682 2.46048
264.135 0.165515 2.3553 11.0687 2.46048
264.146 0.165587 2.35543 11.0669 2.46021
264.157 0.165521 2.35545 11.0692 2.46046
264.169 0.165518 2.35555 11.0698 2.46047
264.18 0.165589 2.35568 11.068 2.46021
264.191 0.165508 2.35567 11.0707 2.46051
264.202 0.165521 2.35585 11.0711 2.46046
264.213 0.165605 2.35602 11.0691 2.46015
264.225 0.16552 2.35603 11.072 2.46046
264.236 0.165468 2.3561 11.074 2.46066
264.247 0.165512 2.35621 11.073 2.46049
264.258 0.165444 2.35623 11.0754 2.46075
264.27 0.165408 2.35633 11.0771 2.46088
264.281 0.165453 2.35645 11.0762 2.46071
264.292 0.165382 2.35649 11.0787 2.46098
264.303 0.165344 2.35657 11.0804 2.46112
264.315 0.165365 2.3567 11.0803 2.46104
264.326 0.165263 2.35672 11.0838 2.46142
264.337 0.165204 2.35679 11.0861 2.46164
264.348 0.165211 2.35687 11.0862 2.46161
264.36 0.165131 2.35694 11.0892 2.46191
264.371 0.165102 2.35702 11.0906 2.46202
264.382 0.165169 2.3572 11.0892 2.46177
264.393 0.165117 2.3573 11.0914 2.46196
264.404 0.16512 2.35742 11.0919 2.46195
264.416 0.165209 2.35761 11.0898 2.46162
264.427 0.165182 2.35774 11.0913 2.46172
264.438 0.165197 2.35789 11.0915 2.46166
264.449 0.165278 2.35805 11.0896 2.46136
264.461 0.1652 2.35816 11.0927 2.46165
264.472 0.165183 2.35829 11.0939 2.46172
264.483 0.165227 2.35844 11.0931 2.46155
264.494 0.165143 2.35851 11.0962 2.46187
264.506 0.165101 2.3586 11.0981 2.46202
264.517 0.165131 2.35874 11.0977 2.46191
264.528 0.165033 2.35882 11.1014 2.46228
264.539 0.165003 2.35894 11.103 2.46239
264.551 0.165034 2.35908 11.1026 2.46227
264.562 0.164924 2.35915 11.1066 2.46268
264.573 0.164883 2.35927 11.1085 2.46284
264.584 0.164915 2.35941 11.1081 2.46272
264.596 0.164825 2.35947 11.1115 2.46305
264.607 0.164807 2.35958 11.1126 2.46312
264.618 0.164825 2.35971 11.1126 2.46305
264.629 0.164739 2.35977 11.1157 2.46337
264.64 0.164696 2.35984 11.1175 2.46354
264.652 0.164738 2.36001 11.1169 2.46338
264.663 0.164617 2.36001 11.121 2.46383
264.674 0.164569 2.36013 11.1232 2.46401
264.685 0.164576 2.36024 11.1235 2.46399
264.697 0.164449 2.36027 11.1279 2.46446
264.708 0.16441 2.36036 11.1297 2.46461
264.719 0.164387 2.36045 11.1308 2.46469
264.73 0.164286 2.36047 11.1344 2.46507
264.742 0.16423 2.36053 11.1366 2.46528
264.753 0.164239 2.36062 11.1367 2.46525
264.764 0.164136 2.36061 11.1401 2.46563
264.775 0.164108 2.36069 11.1415 2.46574
264.787 0.16411 2.36077 11.1417 2.46573
264.798 0.164033 2.36077 11.1444 2.46602
264.809 0.163996 2.36085 11.146 2.46616
264.82 0.164027 2.36094 11.1454 2.46605
264.831 0.163904 2.3609 11.1494 2.4665
264.843 0.163868 2.36098 11.151 2.46664
264.854 0.163883 2.3611 11.151 2.46658
264.865 0.163777 2.36108 11.1546 2.46698
264.876 0.163725 2.36117 11.1567 2.46718
264.888 0.163732 2.36126 11.1569 2.46715
264.899 0.163617 2.36126 11.1608 2.46759
264.91 0.163572 2.36131 11.1627 2.46776
264.921 0.163563 2.36139 11.1633 2.46779
264.933 0.163441 2.36137 11.1674 2.46825
264.944 0.163405 2.36146 11.169 2.46839
264.955 0.163442 2.36157 11.1683 2.46825
264.966 0.163325 2.36157 11.1723 2.46869
264.978 0.163295 2.36164 11.1737 2.4688
264.989 0.163327 2.36179 11.1733 2.46868
265 0.163205 2.36175 11.1772 2.46914
265.011 0.163174 2.36186 11.1788 2.46926
265.022 0.163194 2.36195 11.1786 2.46918
265.034 0.16308 2.36195 11.1825 2.46962
265.045 0.16302 2.36196 11.1846 2.46984
265.056 0.16305 2.36209 11.1842 2.46973
265.067 0.1629 2.362 11.1889 2.4703
265.079 0.162835 2.36206 11.1914 2.47054
265.09 0.162832 2.3621 11.1917 2.47055
265.101 0.162695 2.36207 11.1963 2.47108
265.112 0.162628 2.36206 11.1985 2.47133
265.124 0.162651 2.36218 11.1983 2.47124
265.135 0.162511 2.36211 11.2028 2.47177
265.146 0.162482 2.36224 11.2044 2.47188
265.157 0.162503 2.36232 11.2041 2.47181
265.169 0.162368 2.36227 11.2085 2.47232
265.18 0.162301 2.36228 11.2109 2.47257
265.191 0.162322 2.36241 11.2107 2.47249
265.202 0.162203 2.36234 11.2145 2.47295
265.213 0.162151 2.36239 11.2166 2.47315
265.225 0.162192 2.36255 11.2159 2.47299
265.236 0.162058 2.36243 11.2199 2.4735
265.247 0.161993 2.36243 11.2222 2.47375
265.258 0.161981 2.36246 11.2228 2.47379
265.27 0.161847 2.36243 11.2273 2.4743
265.281 0.161799 2.36245 11.2291 2.47449
265.292 0.161781 2.36252 11.23 2.47456
265.303 0.161646 2.36249 11.2345 2.47507
265.315 0.16158 2.36252 11.237 2.47533
265.326 0.161547 2.36258 11.2384 2.47545
265.337 0.161387 2.36249 11.2435 2.47607
265.348 0.161302 2.36259 11.247 2.47639
265.36 0.161272 2.3626 11.2481 2.47651
265.371 0.161096 2.36256 11.254 2.47719
265.382 0.160994 2.36253 11.2575 2.47758
265.393 0.160971 2.36262 11.2587 2.47767
265.404 0.160799 2.36254 11.2643 2.47833
265.416 0.160683 2.36252 11.2683 2.47877
265.427 0.160643 2.36258 11.27 2.47893
265.438 0.160467 2.36248 11.2757 2.47961
265.449 0.160348 2.36243 11.2796 2.48007
265.461 0.160285 2.36245 11.2819 2.48031
265.472 0.160083 2.36235 11.2886 2.48109
265.483 0.15996 2.3623 11.2927 2.48157
265.494 0.159914 2.36236 11.2946 2.48175
265.506 0.159736 2.36224 11.3003 2.48244
265.517 0.15966 2.36225 11.303 2.48274
265.528 0.159642 2.36227 11.3038 2.48281
265.539 0.159515 2.3622 11.308 2.4833
265.551 0.15946 2.3622 11.3099 2.48351
265.562 0.159485 2.36226 11.3093 2.48341
265.573 0.159399 2.36224 11.3122 2.48375
265.584 0.159343 2.36223 11.3142 2.48397
265.596 0.159326 2.36223 11.3148 2.48404
265.607 0.159205 2.36216 11.3188 2.48451
265.618 0.159122 2.36211 11.3215 2.48483
265.629 0.159072 2.36207 11.3231 2.48503
265.64 0.158934 2.36196 11.3275 2.48557
265.652 0.158825 2.36189 11.331 2.48599
265.663 0.158764 2.36185 11.333 2.48623
265.674 0.158586 2.3617 11.3386 2.48693
265.685 0.158482 2.36167 11.3422 2.48734
265.697 0.15844 2.36165 11.3436 2.4875
265.708 0.158294 2.36154 11.3483 2.48807
265.719 0.158242 2.36156 11.3503 2.48828
265.73 0.158234 2.36158 11.3506 2.48831
265.742 0.158144 2.36154 11.3537 2.48866
265.753 0.158119 2.36156 11.3547 2.48876
265.764 0.158159 2.36165 11.3537 2.4886
265.775 0.158077 2.3616 11.3564 2.48893
265.787 0.158045 2.36161 11.3576 2.48905
265.798 0.158049 2.36163 11.3575 2.48904
265.809 0.157867 2.36145 11.3632 2.48976
265.82 0.157801 2.36146 11.3656 2.49002
265.831 0.157818 2.36151 11.3653 2.48995
265.843 0.157669 2.36139 11.3701 2.49054
265.854 0.157606 2.36141 11.3724 2.49078
265.865 0.157581 2.36147 11.3736 2.49088
265.876 0.157404 2.36134 11.3794 2.49159
265.888 0.157336 2.36135 11.3819 2.49185
265.899 0.157328 2.36138 11.3823 2.49189
265.91 0.157205 2.3613 11.3864 2.49237
265.921 0.157142 2.36128 11.3886 2.49262
265.933 0.157128 2.36129 11.3891 2.49268
265.944 0.157024 2.36127 11.3928 2.49309
265.955 0.156976 2.3613 11.3947 2.49328
265.966 0.156971 2.36133 11.395 2.4933
265.978 0.15684 2.36124 11.3994 2.49382
265.989 0.156768 2.3612 11.4018 2.49411
266 0.156738 2.3612 11.4028 2.49423
266.011 0.156591 2.36106 11.4075 2.49481
266.022 0.156515 2.36102 11.4101 2.49511
266.034 0.156482 2.36103 11.4113 2.49525
266.045 0.156342 2.36095 11.4161 2.4958
266.056 0.156237 2.36088 11.4196 2.49623
266.067 0.156173 2.36089 11.422 2.49648
266.079 0.156008 2.36076 11.4274 2.49714
266.09 0.155937 2.36074 11.4299 2.49742
266.101 0.155929 2.36077 11.4303 2.49745
266.112 0.15579 2.36066 11.4349 2.49801
266.124 0.155698 2.36058 11.4379 2.49838
266.135 0.155647 2.36057 11.4397 2.49859
266.146 0.155452 2.36043 11.4462 2.49937
266.157 0.155308 2.36038 11.4513 2.49995
266.169 0.155197 2.36036 11.4552 2.5004
266.18 0.154965 2.36021 11.4631 2.50133
266.191 0.154804 2.36011 11.4686 2.50198
266.202 0.15477 2.3601 11.4698 2.50212
266.213 0.154596 2.35994 11.4755 2.50282
266.225 0.15454 2.3599 11.4773 2.50305
266.236 0.154529 2.3599 11.4777 2.50309
266.247 0.154442 2.35981 11.4806 2.50345
266.258 0.154418 2.35983 11.4815 2.50354
266.27 0.154416 2.35981 11.4815 2.50355
266.281 0.154315 2.35973 11.4849 2.50396
266.292 0.154235 2.35966 11.4875 2.50428
266.303 0.154207 2.35965 11.4885 2.5044
266.315 0.154074 2.35957 11.4931 2.50494
266.326 0.154023 2.3595 11.4947 2.50515
266.337 0.154009 2.35951 11.4952 2.5052
266.348 0.15386 2.3594 11.5003 2.50581
266.36 0.153861 2.35951 11.5008 2.50581
266.371 0.153889 2.35955 11.4999 2.50569
266.382 0.153746 2.35943 11.5046 2.50627
266.393 0.153638 2.35937 11.5084 2.50672
266.404 0.153552 2.35931 11.5113 2.50707
266.416 0.153349 2.35913 11.5181 2.50789
266.427 0.153215 2.35901 11.5225 2.50844
266.438 0.153088 2.35885 11.5265 2.50896
266.449 0.152912 2.35873 11.5325 2.50969
266.461 0.15285 2.35871 11.5348 2.50994
266.472 0.15283 2.35868 11.5354 2.51002
266.483 0.152696 2.35854 11.5398 2.51057
266.494 0.152657 2.35848 11.541 2.51073
266.506 0.152635 2.35844 11.5416 2.51082
266.517 0.152529 2.3583 11.5449 2.51126
266.528 0.152493 2.35825 11.546 2.51141
266.539 0.152475 2.35821 11.5465 2.51148
266.551 0.152357 2.35807 11.5503 2.51197
266.562 0.152286 2.35799 11.5526 2.51226
266.573 0.152263 2.35798 11.5534 2.51235
266.584 0.15216 2.35786 11.5567 2.51278
266.596 0.152107 2.35777 11.5583 2.513
266.607 0.152086 2.35773 11.5589 2.51308
266.618 0.151911 2.35755 11.5647 2.51381
266.629 0.151814 2.35748 11.568 2.51421
266.64 0.151792 2.35742 11.5686 2.5143
266.652 0.151704 2.35728 11.5713 2.51466
266.663 0.151633 2.35717 11.5734 2.51496
266.674 0.151518 2.35703 11.5771 2.51544
266.685 0.151353 2.35686 11.5826 2.51612
266.697 0.151275 2.35674 11.585 2.51645
266.708 0.15128 2.35672 11.5847 2.51643
266.719 0.151192 2.35657 11.5874 2.51679
266.73 0.151167 2.35647 11.5878 2.5169
266.742 0.151215 2.35642 11.5857 2.5167
266.753 0.151143 2.35628 11.5878 2.517
266.764 0.151117 2.35617 11.5882 2.5171
266.775 0.151128 2.35617 11.5878 2.51706
266.787 0.151038 2.35605 11.5907 2.51743
266.798 0.151001 2.35598 11.5918 2.51759
266.809 0.15098 2.35594 11.5924 2.51768
266.82 0.150858 2.35579 11.5963 2.51818
266.831 0.150779 2.35564 11.5986 2.51852
266.843 0.150798 2.35558 11.5976 2.51843
266.854 0.150696 2.3554 11.6006 2.51886
266.865 0.150643 2.35524 11.6019 2.51908
266.876 0.150618 2.35517 11.6025 2.51919
266.888 0.150455 2.35494 11.6077 2.51987
266.899 0.150328 2.35479 11.6118 2.5204
266.91 0.150256 2.35466 11.6139 2.5207
266.921 0.150128 2.35444 11.6178 2.52124
266.933 0.150064 2.3543 11.6196 2.52151
266.944 0.150055 2.3542 11.6195 2.52155
266.955 0.149984 2.35402 11.6213 2.52185
266.966 0.149936 2.35384 11.6223 2.52205
266.978 0.14995 2.35373 11.6212 2.52199
266.989 0.149897 2.35358 11.6225 2.52221
267 0.149923 2.35348 11.621 2.5221
267.011 0.149999 2.35348 11.6181 2.52178
267.022 0.149961 2.35333 11.6188 2.52194
267.034 0.149943 2.3532 11.6189 2.52202
267.045 0.149949 2.35309 11.6181 2.52199
267.056 0.149868 2.35289 11.6202 2.52233
267.067 0.14983 2.35272 11.6209 2.52249
267.079 0.149861 2.35261 11.6191 2.52236
267.09 0.149783 2.35239 11.6211 2.52269
267.101 0.14974 2.3522 11.6218 2.52287
267.112 0.149705 2.35205 11.6224 2.52302
267.124 0.149561 2.35181 11.6268 2.52362
267.135 0.149492 2.35163 11.6286 2.52392
267.146 0.149444 2.35144 11.6295 2.52412
267.157 0.149357 2.35121 11.6318 2.52449
267.169 0.149359 2.35105 11.6309 2.52448
267.18 0.149369 2.35089 11.6297 2.52443
267.191 0.149287 2.35064 11.6317 2.52478
267.202 0.149344 2.35055 11.629 2.52454
267.213 0.149429 2.35048 11.6254 2.52418
267.225 0.149391 2.35034 11.6262 2.52434
267.236 0.149404 2.35021 11.625 2.52429
267.247 0.149437 2.35007 11.623 2.52415
267.258 0.149388 2.34987 11.6239 2.52436
267.27 0.149389 2.34967 11.6229 2.52435
267.281 0.149413 2.34951 11.6212 2.52425
267.292 0.149348 2.34925 11.6224 2.52452
267.303 0.149345 2.34904 11.6215 2.52454
267.315 0.149392 2.34886 11.6188 2.52434
267.326 0.149365 2.34868 11.619 2.52446
267.337 0.149363 2.34851 11.6182 2.52446
267.348 0.149374 2.34835 11.617 2.52442
267.36 0.149289 2.34809 11.619 2.52477
267.371 0.149251 2.34787 11.6194 2.52494
267.382 0.149287 2.3477 11.6172 2.52478
267.393 0.149267 2.34746 11.6167 2.52487
267.404 0.149328 2.34732 11.6137 2.52461
267.416 0.149458 2.34723 11.6082 2.52406
267.427 0.149491 2.34707 11.6061 2.52392
267.438 0.149524 2.34692 11.6041 2.52378
267.449 0.14956 2.34676 11.6019 2.52363
267.461 0.149528 2.34651 11.6019 2.52377
267.472 0.149503 2.34625 11.6015 2.52387
267.483 0.149528 2.34602 11.5995 2.52376
267.494 0.149476 2.34574 11.6001 2.52399
267.506 0.149515 2.3455 11.5974 2.52382
267.517 0.149631 2.34538 11.5923 2.52333
267.528 0.149657 2.34516 11.5902 2.52322
267.539 0.149728 2.34499 11.5866 2.52292
267.551 0.14983 2.34484 11.582 2.52249
267.562 0.149807 2.34458 11.5816 2.52259
267.573 0.149833 2.34437 11.5795 2.52248
267.584 0.149878 2.34419 11.5769 2.52229
267.596 0.149818 2.34393 11.5779 2.52254
267.607 0.149824 2.34368 11.5765 2.52252
267.618 0.14993 2.34353 11.5716 2.52207
267.629 0.149959 2.3433 11.5694 2.52195
267.64 0.150089 2.34316 11.5636 2.5214
267.652 0.150237 2.34302 11.5573 2.52078
267.663 0.150267 2.34282 11.5551 2.52066
267.674 0.150322 2.34262 11.552 2.52043
267.685 0.150412 2.34249 11.5479 2.52005
267.697 0.150352 2.34219 11.5488 2.5203
267.708 0.150351 2.34197 11.5477 2.52031
267.719 0.150447 2.34179 11.5431 2.5199
267.73 0.150474 2.34156 11.541 2.51979
267.742 0.150579 2.34138 11.5361 2.51935
267.753 0.150763 2.3413 11.5286 2.51858
267.764 0.15082 2.34111 11.5255 2.51834
267.775 0.150897 2.34093 11.5217 2.51802
267.787 0.151 2.34079 11.5171 2.51759
267.798 0.151002 2.34055 11.5158 2.51758
267.809 0.151057 2.34035 11.5127 2.51735
267.82 0.151119 2.34014 11.5094 2.5171
267.831 0.15109 2.33987 11.5091 2.51722
267.843 0.151147 2.3397 11.5061 2.51698
267.854 0.151267 2.33956 11.5009 2.51648
267.865 0.15132 2.33937 11.4979 2.51626
267.876 0.151444 2.3392 11.4924 2.51574
267.888 0.151652 2.33912 11.4841 2.51488
267.899 0.151734 2.33892 11.48 2.51454
267.91 0.151848 2.33875 11.4749 2.51407
267.921 0.151934 2.33857 11.4707 2.51371
267.933 0.151923 2.33831 11.4699 2.51376
267.944 0.151999 2.33813 11.4661 2.51345
267.955 0.152104 2.33794 11.4612 2.51301
267.966 0.152161 2.33773 11.458 2.51278
267.978 0.152248 2.33755 11.4539 2.51242
267.989 0.152418 2.33745 11.447 2.51172
268 0.152475 2.33726 11.444 2.51148
268.011 0.152585 2.33714 11.4392 2.51103
268.022 0.152702 2.33702 11.4343 2.51055
268.034 0.152731 2.33684 11.4323 2.51043
268.045 0.15277 2.33667 11.43 2.51027
268.056 0.152865 2.33652 11.4258 2.50988
268.067 0.152838 2.3363 11.4256 2.50999
268.079 0.152895 2.3361 11.4225 2.50976
268.09 0.152982 2.33595 11.4186 2.5094
268.101 0.153014 2.33576 11.4164 2.50926
268.112 0.153123 2.33563 11.4118 2.50882
268.124 0.153289 2.33554 11.4051 2.50814
268.135 0.153371 2.33541 11.4014 2.50781
268.146 0.153481 2.33527 11.3967 2.50736
268.157 0.153638 2.33521 11.3905 2.50671
268.169 0.153675 2.33505 11.3884 2.50656
268.18 0.153747 2.3349 11.385 2.50627
268.191 0.153866 2.33482 11.3802 2.50579
268.202 0.153872 2.33463 11.379 2.50576
268.213 0.153923 2.33449 11.3765 2.50555
268.225 0.154064 2.33438 11.3708 2.50498
268.236 0.154147 2.33424 11.367 2.50464
268.247 0.15426 2.33407 11.362 2.50419
268.258 0.154471 2.33407 11.3542 2.50333
268.27 0.154567 2.33392 11.35 2.50294
268.281 0.15471 2.33388 11.3445 2.50236
268.292 0.154899 2.33388 11.3376 2.5016
268.303 0.154943 2.33372 11.3352 2.50142
268.315 0.155012 2.33363 11.3323 2.50114
268.326 0.155144 2.33361 11.3274 2.50061
268.337 0.15516 2.33348 11.3261 2.50055
268.348 0.155215 2.33337 11.3236 2.50032
268.36 0.15532 2.3333 11.3194 2.4999
268.371 0.15533 2.33317 11.3184 2.49986
268.382 0.155391 2.33308 11.3158 2.49962
268.393 0.155508 2.33302 11.3112 2.49915
268.404 0.155504 2.33288 11.3107 2.49916
268.416 0.15559 2.33283 11.3073 2.49881
268.427 0.155715 2.33277 11.3025 2.49831
268.438 0.155766 2.33266 11.3001 2.49811
268.449 0.15589 2.33261 11.2954 2.49761
268.461 0.156031 2.33257 11.2901 2.49705
268.472 0.156054 2.33247 11.2887 2.49695
268.483 0.156139 2.33241 11.2854 2.49661
268.494 0.156284 2.3324 11.2801 2.49603
268.506 0.156317 2.33232 11.2785 2.4959
268.517 0.156425 2.33228 11.2744 2.49547
268.528 0.156582 2.33226 11.2687 2.49485
268.539 0.156622 2.3322 11.267 2.49469
268.551 0.156705 2.33216 11.2638 2.49436
268.562 0.156838 2.33221 11.2593 2.49383
268.573 0.156865 2.33214 11.258 2.49372
268.584 0.156936 2.33211 11.2553 2.49344
268.596 0.157067 2.33208 11.2504 2.49292
268.607 0.157118 2.33201 11.2483 2.49272
268.618 0.157203 2.33203 11.2453 2.49238
268.629 0.157337 2.33204 11.2406 2.49185
268.64 0.157362 2.332 11.2395 2.49175
268.652 0.157428 2.33197 11.237 2.49149
268.663 0.157575 2.33202 11.232 2.49091
268.674 0.15759 2.33196 11.2311 2.49085
268.685 0.157689 2.33195 11.2276 2.49046
268.697 0.157858 2.332 11.2218 2.48979
268.708 0.1579 2.33197 11.2202 2.48963
268.719 0.157993 2.33195 11.2168 2.48926
268.73 0.158141 2.33198 11.2117 2.48868
268.742 0.158142 2.33194 11.2115 2.48867
268.753 0.158171 2.33191 11.2103 2.48856
268.764 0.158233 2.3319 11.208 2.48831
268.775 0.158178 2.33176 11.2093 2.48853
268.787 0.158193 2.33171 11.2085 2.48847
268.798 0.15827 2.33172 11.2058 2.48817
268.809 0.158228 2.3316 11.2067 2.48833
268.82 0.158234 2.33154 11.2063 2.48831
268.831 0.158342 2.33153 11.2024 2.48788
268.843 0.158358 2.33148 11.2016 2.48782
268.854 0.158452 2.33153 11.1985 2.48746
268.865 0.158572 2.33154 11.1943 2.48698
268.876 0.158601 2.33152 11.1932 2.48687
268.888 0.158673 2.33156 11.1908 2.48659
268.899 0.158785 2.33159 11.1871 2.48615
268.91 0.158758 2.33154 11.1878 2.48625
268.921 0.158795 2.33157 11.1866 2.48611
268.933 0.158865 2.33162 11.1844 2.48584
268.944 0.158824 2.33159 11.1856 2.486
268.955 0.158845 2.33159 11.185 2.48591
268.966 0.158931 2.33164 11.1822 2.48558
268.978 0.15891 2.3316 11.1827 2.48566
268.989 0.158952 2.33161 11.1812 2.48549
269 0.159056 2.33173 11.1782 2.48509
269.011 0.159016 2.33167 11.1793 2.48525
269.022 0.159034 2.33161 11.1784 2.48518
269.034 0.15914 2.33175 11.1753 2.48476
269.045 0.159111 2.33166 11.1759 2.48487
269.056 0.159152 2.33167 11.1745 2.48472
269.067 0.159286 2.3318 11.1705 2.48419
269.079 0.15927 2.33175 11.1708 2.48425
269.09 0.159325 2.33178 11.169 2.48404
269.101 0.159416 2.33182 11.166 2.48368
269.112 0.159401 2.33181 11.1665 2.48375
269.124 0.159462 2.33187 11.1646 2.48351
269.135 0.159583 2.33192 11.1606 2.48303
269.146 0.159561 2.33184 11.161 2.48312
269.157 0.159607 2.33187 11.1596 2.48294
269.169 0.159711 2.33189 11.156 2.48254
269.18 0.159708 2.33184 11.1559 2.48255
269.191 0.159781 2.33189 11.1536 2.48226
269.202 0.159937 2.33197 11.1485 2.48166
269.213 0.159943 2.33194 11.1482 2.48164
269.225 0.160021 2.33196 11.1455 2.48134
269.236 0.16015 2.33207 11.1415 2.48083
269.247 0.16015 2.33198 11.1412 2.48084
269.258 0.160195 2.33199 11.1396 2.48066
269.27 0.160304 2.33202 11.136 2.48024
269.281 0.160272 2.33197 11.1368 2.48036
269.292 0.160306 2.33198 11.1357 2.48023
269.303 0.160423 2.33204 11.1319 2.47978
269.315 0.160379 2.33195 11.133 2.47995
269.326 0.160393 2.33194 11.1325 2.47989
269.337 0.160484 2.33203 11.1298 2.47954
269.348 0.16043 2.33192 11.1311 2.47975
269.36 0.160447 2.33192 11.1305 2.47968
269.371 0.160508 2.33192 11.1284 2.47945
269.382 0.160474 2.33184 11.1292 2.47958
269.393 0.160509 2.33184 11.128 2.47945
269.404 0.160601 2.33187 11.1249 2.47909
269.416 0.160538 2.33174 11.1265 2.47934
269.427 0.160556 2.33171 11.1257 2.47926
269.438 0.160662 2.33175 11.1223 2.47885
269.449 0.16064 2.33168 11.1227 2.47894
269.461 0.160678 2.33166 11.1213 2.4788
269.472 0.160777 2.33169 11.118 2.47841
269.483 0.160755 2.33165 11.1186 2.4785
269.494 0.160786 2.33165 11.1175 2.47838
269.506 0.160903 2.33173 11.1139 2.47793
269.517 0.160852 2.33164 11.1152 2.47812
269.528 0.160892 2.33171 11.1141 2.47797
269.539 0.160976 2.33173 11.1113 2.47765
269.551 0.16093 2.3317 11.1128 2.47782
269.562 0.160952 2.3317 11.112 2.47774
269.573 0.161057 2.33178 11.1087 2.47733
269.584 0.161028 2.33172 11.1095 2.47745
269.596 0.161071 2.33179 11.1083 2.47728
269.607 0.161176 2.33184 11.105 2.47688
269.618 0.161144 2.33177 11.1057 2.477
269.629 0.161177 2.33179 11.1047 2.47687
269.64 0.161259 2.33182 11.102 2.47656
269.652 0.161208 2.33174 11.1034 2.47675
269.663 0.161243 2.33176 11.1023 2.47662
269.674 0.161353 2.3318 11.0987 2.4762
269.685 0.161323 2.33172 11.0994 2.47631
269.697 0.161366 2.33174 11.0979 2.47615
269.708 0.161485 2.3318 11.0942 2.47569
269.719 0.16147 2.33179 11.0946 2.47575
269.73 0.161509 2.3318 11.0933 2.4756
269.742 0.161594 2.33183 11.0905 2.47527
269.753 0.161575 2.33183 11.0912 2.47535
269.764 0.161633 2.33191 11.0896 2.47512
269.775 0.161728 2.33194 11.0865 2.47476
269.787 0.161686 2.33191 11.0877 2.47492
269.798 0.161714 2.33194 11.0869 2.47481
269.809 0.161806 2.332 11.084 2.47446
269.82 0.161746 2.33191 11.0857 2.47469
269.831 0.161779 2.33195 11.0847 2.47457
269.843 0.161873 2.33199 11.0817 2.47421
269.854 0.161837 2.33195 11.0828 2.47435
269.865 0.161872 2.33198 11.0817 2.47421
269.876 0.161975 2.33206 11.0786 2.47382
269.888 0.161948 2.33203 11.0794 2.47392
269.899 0.161994 2.33208 11.078 2.47374
269.91 0.162101 2.33214 11.0747 2.47334
269.921 0.162069 2.33211 11.0756 2.47346
269.933 0.162108 2.33215 11.0745 2.47331
269.944 0.162196 2.33215 11.0714 2.47297
269.955 0.162181 2.33217 11.072 2.47303
269.966 0.162228 2.33225 11.0708 2.47285
269.978 0.162335 2.33232 11.0675 2.47244
269.989 0.162308 2.33229 11.0683 2.47255
270 0.162355 2.33236 11.067 2.47237
270.011 0.162472 2.33245 11.0635 2.47192
270.022 0.162432 2.33243 11.0647 2.47208
270.034 0.162431 2.33234 11.0643 2.47208
270.045 0.162567 2.33254 11.0607 2.47156
270.056 0.162527 2.33246 11.0616 2.47171
270.067 0.162569 2.33258 11.0608 2.47155
270.079 0.162684 2.33269 11.0574 2.47112
270.09 0.162636 2.3327 11.0591 2.4713
270.101 0.162657 2.33274 11.0586 2.47122
270.112 0.162745 2.33283 11.056 2.47089
270.124 0.162683 2.33279 11.0579 2.47112
270.135 0.162711 2.33281 11.057 2.47101
270.146 0.162767 2.33292 11.0557 2.4708
270.157 0.16272 2.33288 11.0571 2.47098
270.169 0.162713 2.33292 11.0575 2.47101
270.18 0.162808 2.33305 11.0549 2.47065
270.191 0.162743 2.33301 11.0569 2.47089
270.202 0.162764 2.33306 11.0564 2.47081
270.213 0.162837 2.33313 11.0543 2.47054
270.225 0.162778 2.3331 11.0561 2.47076
270.236 0.162777 2.33312 11.0563 2.47076
270.247 0.162888 2.33324 11.0531 2.47034
270.258 0.162826 2.33316 11.0548 2.47058
270.27 0.162836 2.33321 11.0547 2.47054
270.281 0.162938 2.3333 11.0516 2.47015
270.292 0.162868 2.33322 11.0537 2.47042
270.303 0.162886 2.33328 11.0533 2.47035
270.315 0.162983 2.33337 11.0505 2.46998
270.326 0.162909 2.33328 11.0526 2.47027
270.337 0.162908 2.33333 11.0529 2.47027
270.348 0.162985 2.33341 11.0506 2.46997
270.36 0.162917 2.33335 11.0526 2.47023
270.371 0.162922 2.33336 11.0525 2.47021
270.382 0.162987 2.3334 11.0505 2.46997
270.393 0.162906 2.33331 11.0528 2.47028
270.404 0.162914 2.33336 11.0528 2.47024
270.416 0.162979 2.33341 11.0508 2.47
270.427 0.162912 2.33328 11.0524 2.47025
270.438 0.162932 2.33336 11.0521 2.47018
270.449 0.163023 2.33343 11.0494 2.46983
270.461 0.16297 2.33338 11.0509 2.47003
270.472 0.162997 2.33342 11.0502 2.46993
270.483 0.163108 2.33347 11.0467 2.46951
270.494 0.163052 2.33342 11.0484 2.46972
270.506 0.163094 2.33346 11.0471 2.46956
270.517 0.163166 2.33349 11.0449 2.46929
270.528 0.163112 2.33342 11.0463 2.4695
270.539 0.163147 2.33348 11.0454 2.46936
270.551 0.163268 2.33359 11.0419 2.4689
270.562 0.163233 2.33355 11.0429 2.46904
270.573 0.163273 2.33361 11.0418 2.46889
270.584 0.163388 2.33371 11.0383 2.46845
270.596 0.163338 2.33363 11.0397 2.46864
270.607 0.163377 2.33366 11.0385 2.46849
270.618 0.163507 2.33383 11.0349 2.468
270.629 0.163466 2.33377 11.036 2.46816
270.64 0.163508 2.33383 11.0349 2.468
270.652 0.163599 2.33389 11.0321 2.46765
270.663 0.163541 2.33382 11.0337 2.46787
270.674 0.163582 2.33388 11.0326 2.46772
270.685 0.163658 2.33389 11.0301 2.46743
270.697 0.163594 2.33384 11.0321 2.46767
270.708 0.163631 2.33387 11.0309 2.46754
270.719 0.163725 2.33393 11.028 2.46718
270.73 0.163649 2.33382 11.0301 2.46746
270.742 0.163669 2.33387 11.0296 2.46739
270.753 0.163747 2.3339 11.0272 2.4671
270.764 0.163629 2.33378 11.0306 2.46754
270.775 0.163621 2.3338 11.0309 2.46757
270.787 0.163683 2.33382 11.029 2.46734
270.798 0.16359 2.33372 11.0316 2.46769
270.809 0.163577 2.33374 11.0321 2.46774
270.82 0.163626 2.33375 11.0305 2.46755
270.831 0.163525 2.33364 11.0334 2.46793
270.843 0.16351 2.33363 11.0339 2.46799
270.854 0.163571 2.33369 11.0321 2.46776
270.865 0.163469 2.33353 11.0348 2.46815
270.876 0.163461 2.33354 11.0351 2.46818
270.888 0.163543 2.33359 11.0326 2.46787
270.899 0.163461 2.33351 11.0349 2.46818
270.91 0.163455 2.3335 11.0351 2.4682
270.921 0.163531 2.33357 11.0329 2.46791
270.933 0.163467 2.33349 11.0346 2.46815
270.944 0.16349 2.33354 11.0341 2.46807
270.955 0.163575 2.3336 11.0315 2.46775
270.966 0.163502 2.3335 11.0335 2.46802
270.978 0.163521 2.33355 11.0331 2.46795
270.989 0.16361 2.33363 11.0305 2.46761
271 0.163563 2.33356 11.0317 2.46779
271.011 0.163569 2.33356 11.0315 2.46777
271.022 0.163646 2.33361 11.0292 2.46748
271.034 0.163571 2.33353 11.0313 2.46776
271.045 0.163584 2.33357 11.0311 2.46771
271.056 0.163672 2.33362 11.0284 2.46738
271.067 0.163586 2.3335 11.0307 2.4677
271.079 0.163614 2.33355 11.03 2.4676
271.09 0.163708 2.33364 11.0272 2.46724
271.101 0.163648 2.33358 11.029 2.46747
271.112 0.163678 2.33362 11.0282 2.46736
271.124 0.163753 2.33366 11.0258 2.46707
271.135 0.163665 2.33355 11.0283 2.46741
271.146 0.163695 2.33361 11.0275 2.46729
271.157 0.163781 2.33369 11.025 2.46697
271.169 0.163742 2.33367 11.0262 2.46712
271.18 0.163773 2.3337 11.0253 2.467
271.191 0.163864 2.33378 11.0226 2.46666
271.202 0.163806 2.33373 11.0244 2.46688
271.213 0.163834 2.3338 11.0237 2.46677
271.225 0.163924 2.33385 11.021 2.46643
271.236 0.163874 2.33384 11.0226 2.46662
271.247 0.163913 2.33391 11.0216 2.46647
271.258 0.164014 2.33401 11.0187 2.46609
271.27 0.163944 2.33392 11.0206 2.46636
271.281 0.163979 2.33399 11.0198 2.46622
271.292 0.164066 2.33407 11.0172 2.4659
271.303 0.164 2.33402 11.0192 2.46615
271.315 0.164024 2.33404 11.0185 2.46606
271.326 0.164111 2.33414 11.0161 2.46573
271.337 0.164036 2.33407 11.0182 2.46601
271.348 0.164062 2.33412 11.0176 2.46591
271.36 0.164106 2.33412 11.0162 2.46575
271.371 0.164004 2.33402 11.0191 2.46613
271.382 0.16403 2.33407 11.0184 2.46603
271.393 0.164109 2.33411 11.016 2.46574
271.404 0.164029 2.33402 11.0182 2.46603
271.416 0.164042 2.33407 11.018 2.46599
271.427 0.164142 2.33413 11.015 2.46561
271.438 0.164058 2.33401 11.0172 2.46593
271.449 0.164094 2.33408 11.0163 2.46579
271.461 0.1642 2.33417 11.0132 2.46539
271.472 0.164147 2.33411 11.0147 2.46559
271.483 0.164179 2.33414 11.0138 2.46547
271.494 0.164271 2.33421 11.011 2.46513
271.506 0.164218 2.33415 11.0125 2.46533
271.517 0.164251 2.33419 11.0116 2.4652
271.528 0.164341 2.33428 11.009 2.46486
271.539 0.164279 2.33421 11.0107 2.4651
271.551 0.164268 2.33419 11.011 2.46514
271.562 0.16432 2.33421 11.0093 2.46494
271.573 0.164254 2.33415 11.0113 2.46519
271.584 0.164231 2.33408 11.0118 2.46528
271.596 0.16428 2.33411 11.0102 2.46509
271.607 0.164218 2.33407 11.0121 2.46533
271.618 0.164202 2.33401 11.0124 2.46539
271.629 0.164267 2.33404 11.0103 2.46514
271.64 0.164181 2.33397 11.0129 2.46546
271.652 0.164168 2.33394 11.0132 2.46551
271.663 0.164265 2.33402 11.0103 2.46515
271.674 0.164182 2.3339 11.0126 2.46546
271.685 0.164177 2.33387 11.0126 2.46548
271.697 0.164266 2.33393 11.0099 2.46515
271.708 0.164182 2.33382 11.0122 2.46546
271.719 0.164202 2.33383 11.0116 2.46539
271.73 0.164277 2.33385 11.0091 2.46511
271.742 0.164218 2.33377 11.0107 2.46532
271.753 0.164226 2.33373 11.0103 2.4653
271.764 0.164315 2.33375 11.0074 2.46496
271.775 0.164249 2.3336 11.0089 2.46521
271.787 0.164238 2.33352 11.0089 2.46525
271.798 0.164285 2.3335 11.0072 2.46507
271.809 0.164205 2.33338 11.0093 2.46538
271.82 0.164215 2.33332 11.0087 2.46534
271.831 0.164312 2.33333 11.0055 2.46497
271.843 0.164246 2.33319 11.007 2.46522
271.854 0.164268 2.33316 11.0062 2.46514
271.865 0.164368 2.33322 11.0031 2.46476
271.876 0.164311 2.33309 11.0044 2.46498
271.888 0.164355 2.33311 11.003 2.46481
271.899 0.164437 2.33309 11.0002 2.46451
271.91 0.164368 2.33295 11.0019 2.46476
271.921 0.164366 2.3329 11.0016 2.46477
271.933 0.164436 2.33291 10.9993 2.46451
271.944 0.164344 2.33274 11.0016 2.46485
271.955 0.164352 2.33271 11.0012 2.46482
271.966 0.164429 2.33266 10.9984 2.46453
271.978 0.164338 2.33248 11.0006 2.46487
271.989 0.164361 2.33244 10.9996 2.46479
272 0.164471 2.33248 10.9962 2.46438
272.011 0.164444 2.33236 10.9965 2.46448
272.022 0.164458 2.33231 10.9958 2.46443
272.034 0.164561 2.33233 10.9925 2.46404
272.045 0.164528 2.33222 10.993 2.46416
272.056 0.164579 2.33223 10.9914 2.46397
272.067 0.164676 2.33225 10.9882 2.46361
272.079 0.164629 2.33213 10.9893 2.46379
272.09 0.164651 2.33211 10.9884 2.46371
272.101 0.164738 2.3321 10.9855 2.46338
272.112 0.164663 2.33196 10.9873 2.46366
272.124 0.164668 2.3319 10.9868 2.46364
272.135 0.164733 2.33186 10.9845 2.4634
272.146 0.164668 2.33174 10.9861 2.46364
272.157 0.164679 2.33166 10.9854 2.4636
272.169 0.164749 2.33164 10.983 2.46334
272.18 0.164658 2.33146 10.9851 2.46368
272.191 0.164672 2.3314 10.9844 2.46363
272.202 0.164756 2.33136 10.9814 2.46331
272.213 0.164665 2.33119 10.9836 2.46365
272.225 0.164663 2.33113 10.9834 2.46366
272.236 0.164718 2.33105 10.9812 2.46345
272.247 0.164642 2.33091 10.9831 2.46374
272.258 0.164646 2.33083 10.9825 2.46372
272.27 0.164719 2.33081 10.98 2.46345
272.281 0.164642 2.33067 10.9819 2.46374
272.292 0.164664 2.33061 10.9809 2.46366
272.303 0.164784 2.33065 10.9771 2.46321
272.315 0.164685 2.33048 10.9796 2.46358
272.326 0.164661 2.33041 10.9801 2.46367
272.337 0.164753 2.33042 10.9771 2.46332
272.348 0.164673 2.3303 10.9792 2.46362
272.36 0.164676 2.33026 10.9789 2.46361
272.371 0.16474 2.33024 10.9766 2.46337
272.382 0.164617 2.33007 10.9799 2.46383
272.393 0.164587 2.32997 10.9805 2.46394
272.404 0.164628 2.32992 10.9789 2.46379
272.416 0.164526 2.32975 10.9815 2.46417
272.427 0.164521 2.32969 10.9814 2.46419
272.438 0.164604 2.32969 10.9786 2.46388
272.449 0.164538 2.32958 10.9803 2.46413
272.461 0.16454 2.3295 10.9798 2.46412
272.472 0.16462 2.32951 10.9772 2.46382
272.483 0.164532 2.32935 10.9794 2.46415
272.494 0.164556 2.32926 10.9782 2.46406
272.506 0.164651 2.32929 10.9751 2.46371
272.517 0.164549 2.32909 10.9776 2.46409
272.528 0.164553 2.32902 10.9771 2.46407
272.539 0.164639 2.329 10.9741 2.46375
272.551 0.164541 2.3288 10.9765 2.46412
272.562 0.164561 2.32871 10.9754 2.46404
272.573 0.164637 2.32864 10.9725 2.46376
272.584 0.164543 2.32847 10.9749 2.46411
272.596 0.164514 2.32832 10.9751 2.46422
272.607 0.164623 2.32832 10.9715 2.46381
272.618 0.164519 2.32809 10.9739 2.4642
272.629 0.164556 2.32802 10.9723 2.46406
272.64 0.164673 2.328 10.9683 2.46362
272.652 0.16465 2.32789 10.9685 2.46371
272.663 0.16469 2.32777 10.9666 2.46356
272.674 0.164848 2.32776 10.9614 2.46297
272.685 0.164836 2.32765 10.9612 2.46301
272.697 0.164922 2.3276 10.9582 2.46269
272.708 0.165052 2.32759 10.9538 2.46221
272.719 0.165016 2.32743 10.9542 2.46234
272.73 0.16502 2.32732 10.9536 2.46233
272.742 0.165105 2.32728 10.9506 2.46201
272.753 0.165022 2.32709 10.9525 2.46232
272.764 0.165043 2.32699 10.9513 2.46224
272.775 0.16514 2.32696 10.9479 2.46188
272.787 0.165092 2.32679 10.9487 2.46206
272.798 0.165112 2.32668 10.9475 2.46198
272.809 0.165198 2.32664 10.9445 2.46166
272.82 0.165109 2.32642 10.9464 2.46199
272.831 0.165094 2.32632 10.9464 2.46205
272.843 0.165199 2.32628 10.9427 2.46166
272.854 0.165108 2.32606 10.9447 2.462
272.865 0.165103 2.32592 10.9443 2.46202
272.876 0.16518 2.32589 10.9416 2.46173
272.888 0.165072 2.32565 10.944 2.46213
272.899 0.16508 2.32559 10.9435 2.4621
272.91 0.165157 2.3255 10.9405 2.46182
272.921 0.165074 2.3253 10.9423 2.46212
272.933 0.165075 2.32518 10.9417 2.46212
272.944 0.165195 2.32516 10.9376 2.46167
272.955 0.16511 2.32494 10.9394 2.46199
272.966 0.16515 2.32483 10.9376 2.46184
272.978 0.165291 2.3248 10.9327 2.46131
272.989 0.165236 2.32462 10.9337 2.46152
273 0.165269 2.32448 10.932 2.4614
273.011 0.165386 2.32444 10.9279 2.46096
273.022 0.16531 2.32424 10.9295 2.46124
273.034 0.165305 2.32411 10.929 2.46126
273.045 0.165387 2.32406 10.9261 2.46096
273.056 0.165297 2.3238 10.9279 2.46129
273.067 0.165307 2.32369 10.927 2.46126
273.079 0.165405 2.32363 10.9235 2.46089
273.09 0.165355 2.32345 10.9243 2.46108
273.101 0.165395 2.32333 10.9224 2.46093
273.112 0.165508 2.32327 10.9184 2.46051
273.124 0.165436 2.32311 10.92 2.46078
273.135 0.165425 2.32302 10.9199 2.46082
273.146 0.165542 2.32303 10.9162 2.46038
273.157 0.165479 2.32285 10.9174 2.46062
273.169 0.165489 2.32275 10.9166 2.46058
273.18 0.165608 2.32273 10.9126 2.46014
273.191 0.165531 2.32253 10.9141 2.46042
273.202 0.165537 2.3224 10.9134 2.4604
273.213 0.165629 2.32234 10.91 2.46006
273.225 0.165498 2.32208 10.9131 2.46054
273.236 0.165484 2.32194 10.9129 2.4606
273.247 0.165544 2.32181 10.9104 2.46038
273.258 0.165448 2.32155 10.9123 2.46073
273.27 0.165417 2.32139 10.9126 2.46085
273.281 0.165442 2.32135 10.9115 2.46075
273.292 0.165303 2.32112 10.915 2.46127
273.303 0.165263 2.32098 10.9157 2.46142
273.315 0.165306 2.32089 10.9138 2.46126
273.326 0.16519 2.32063 10.9165 2.46169
273.337 0.16516 2.32047 10.9167 2.4618
273.348 0.165275 2.32047 10.9129 2.46137
273.36 0.16525 2.32032 10.913 2.46147
273.371 0.165287 2.32022 10.9113 2.46133
273.382 0.16543 2.3202 10.9065 2.4608
273.393 0.165434 2.32005 10.9057 2.46078
273.404 0.165518 2.32 10.9027 2.46047
273.416 0.16569 2.31998 10.8969 2.45983
273.427 0.16568 2.31984 10.8966 2.45987
273.438 0.165716 2.31974 10.895 2.45974
273.449 0.165856 2.31971 10.8902 2.45922
273.461 0.165818 2.31951 10.8905 2.45936
273.472 0.165844 2.3194 10.8891 2.45926
273.483 0.165952 2.31932 10.8852 2.45886
273.494 0.165864 2.31914 10.8873 2.45919
273.506 0.165825 2.31903 10.888 2.45933
273.517 0.165857 2.31899 10.8868 2.45921
273.528 0.165725 2.31874 10.89 2.4597
273.539 0.165702 2.31862 10.8901 2.45979
273.551 0.165772 2.31857 10.8876 2.45953
273.562 0.165682 2.31841 10.8898 2.45986
273.573 0.165703 2.31832 10.8887 2.45979
273.584 0.165815 2.31832 10.885 2.45937
273.596 0.165733 2.31814 10.8869 2.45967
273.607 0.165777 2.31809 10.8852 2.45951
273.618 0.165938 2.31808 10.8799 2.45891
273.629 0.165905 2.31794 10.8803 2.45904
273.64 0.165943 2.31788 10.8787 2.45889
273.652 0.166095 2.3179 10.8739 2.45833
273.663 0.16604 2.31774 10.8749 2.45853
273.674 0.166107 2.31767 10.8724 2.45829
273.685 0.166212 2.31765 10.8689 2.4579
273.697 0.166157 2.31751 10.87 2.4581
273.708 0.166121 2.31742 10.8708 2.45823
273.719 0.166154 2.31742 10.8697 2.45811
273.73 0.166015 2.31724 10.8734 2.45863
273.742 0.16592 2.3171 10.8758 2.45898
273.753 0.165914 2.31702 10.8757 2.459
273.764 0.165777 2.31681 10.8792 2.45951
273.775 0.165745 2.3167 10.8797 2.45963
273.787 0.165839 2.31669 10.8766 2.45928
273.798 0.165708 2.31648 10.8799 2.45977
273.809 0.165672 2.31638 10.8806 2.4599
273.82 0.165737 2.31639 10.8785 2.45966
273.831 0.165604 2.31619 10.882 2.46015
273.843 0.165557 2.31608 10.883 2.46033
273.854 0.165641 2.31608 10.8802 2.46001
273.865 0.165549 2.31595 10.8826 2.46036
273.876 0.165539 2.31587 10.8826 2.46039
273.888 0.165623 2.3159 10.88 2.46008
273.899 0.165496 2.31575 10.8834 2.46055
273.91 0.165421 2.31569 10.8856 2.46083
273.921 0.165491 2.31566 10.8832 2.46057
273.933 0.165383 2.31548 10.8859 2.46097
273.944 0.165385 2.3154 10.8854 2.46096
273.955 0.165467 2.3154 10.8827 2.46066
273.966 0.165389 2.31526 10.8846 2.46095
273.978 0.165435 2.3152 10.8828 2.46078
273.989 0.165571 2.31521 10.8784 2.46027
274 0.165492 2.31505 10.8803 2.46057
274.011 0.16551 2.31503 10.8796 2.4605
274.022 0.165606 2.31506 10.8766 2.46014
274.034 0.165478 2.31488 10.8799 2.46062
274.045 0.165453 2.31487 10.8807 2.46071
274.056 0.165502 2.31484 10.8789 2.46053
274.067 0.165394 2.31467 10.8817 2.46093
274.079 0.165337 2.31458 10.8832 2.46115
274.09 0.165289 2.31458 10.8847 2.46132
274.101 0.165092 2.31439 10.8903 2.46206
274.112 0.165031 2.31431 10.892 2.46229
274.124 0.165053 2.31423 10.8909 2.4622
274.135 0.164931 2.31411 10.8944 2.46266
274.146 0.164862 2.314 10.8961 2.46291
274.157 0.164859 2.31394 10.8959 2.46293
274.169 0.164709 2.31374 10.9 2.46349
274.18 0.164658 2.31367 10.9013 2.46368
274.191 0.164686 2.31359 10.9 2.46357
274.202 0.164523 2.31333 10.9042 2.46418
274.213 0.164476 2.31328 10.9055 2.46436
274.225 0.164518 2.31324 10.9039 2.4642
274.236 0.164398 2.31305 10.907 2.46465
274.247 0.164441 2.31298 10.9052 2.46449
274.258 0.16453 2.31302 10.9024 2.46415
274.27 0.164364 2.31284 10.9071 2.46478
274.281 0.164285 2.31273 10.9092 2.46508
274.292 0.164343 2.3127 10.9072 2.46486
274.303 0.164233 2.31256 10.9102 2.46527
274.315 0.164224 2.31251 10.9102 2.46531
274.326 0.164288 2.31248 10.908 2.46506
274.337 0.164157 2.31232 10.9116 2.46556
274.348 0.164119 2.31223 10.9124 2.4657
274.36 0.164145 2.3122 10.9114 2.4656
274.371 0.164025 2.31202 10.9145 2.46605
274.382 0.163994 2.31192 10.9151 2.46617
274.393 0.164089 2.31193 10.9119 2.46581
274.404 0.164027 2.31186 10.9137 2.46604
274.416 0.164071 2.31183 10.9121 2.46588
274.427 0.164239 2.31192 10.9069 2.46525
274.438 0.164207 2.31189 10.9078 2.46537
274.449 0.164205 2.31189 10.9079 2.46538
274.461 0.16427 2.31192 10.9059 2.46513
274.472 0.164172 2.3118 10.9086 2.4655
274.483 0.164131 2.31173 10.9096 2.46565
274.494 0.164148 2.3117 10.9089 2.46559
274.506 0.164021 2.31153 10.9123 2.46607
274.517 0.163963 2.31139 10.9136 2.46628
274.528 0.163979 2.31131 10.9127 2.46622
274.539 0.163838 2.31109 10.9164 2.46675
274.551 0.163811 2.31105 10.9171 2.46686
274.562 0.16385 2.31102 10.9156 2.46671
274.573 0.16364 2.31078 10.9215 2.4675
274.584 0.163513 2.3106 10.9249 2.46798
274.596 0.163516 2.31055 10.9245 2.46797
274.607 0.163347 2.31033 10.9292 2.46861
274.618 0.163345 2.31028 10.929 2.46861
274.629 0.16341 2.31027 10.9268 2.46837
274.64 0.163348 2.31019 10.9285 2.4686
274.652 0.163374 2.31019 10.9276 2.46851
274.663 0.163472 2.31024 10.9245 2.46813
274.674 0.163375 2.31012 10.9272 2.4685
274.685 0.163378 2.31008 10.9269 2.46849
274.697 0.163488 2.31015 10.9236 2.46807
274.708 0.163401 2.31006 10.9261 2.4684
274.719 0.163431 2.31004 10.9249 2.46829
274.73 0.16355 2.31011 10.9214 2.46784
274.742 0.16347 2.31003 10.9236 2.46814
274.753 0.163487 2.30998 10.9228 2.46808
274.764 0.1635 2.30996 10.9223 2.46803
274.775 0.163375 2.30982 10.9258 2.4685
274.787 0.163353 2.30975 10.9262 2.46858
274.798 0.163407 2.30973 10.9243 2.46838
274.809 0.16333 2.30962 10.9264 2.46867
274.82 0.163275 2.30956 10.9279 2.46888
274.831 0.163254 2.30953 10.9285 2.46896
274.843 0.163091 2.30937 10.9332 2.46958
274.854 0.16305 2.30932 10.9344 2.46973
274.865 0.163085 2.30931 10.9331 2.4696
274.876 0.162993 2.30922 10.9358 2.46995
274.888 0.162972 2.30917 10.9362 2.47002
274.899 0.163064 2.30919 10.9332 2.46968
274.91 0.162974 2.3091 10.9358 2.47002
274.921 0.162964 2.30903 10.9358 2.47006
274.933 0.163016 2.30905 10.9342 2.46986
274.944 0.162888 2.3089 10.9377 2.47034
274.955 0.162891 2.30888 10.9376 2.47033
274.966 0.163009 2.30888 10.9336 2.46989
274.978 0.162965 2.30882 10.9348 2.47005
274.989 0.163062 2.30886 10.9317 2.46968
275 0.163225 2.30894 10.9267 2.46907
275.011 0.163159 2.30888 10.9286 2.46932
275.022 0.163137 2.30886 10.9292 2.4694
275.034 0.163169 2.30892 10.9284 2.46928
275.045 0.163041 2.30884 10.9323 2.46976
275.056 0.162982 2.3088 10.9341 2.46999
275.067 0.162968 2.30879 10.9346 2.47004
275.079 0.162789 2.30863 10.9398 2.47072
275.09 0.162689 2.30851 10.9426 2.4711
275.101 0.162711 2.30849 10.9417 2.47101
275.112 0.162577 2.30832 10.9455 2.47152
275.124 0.162528 2.30823 10.9467 2.47171
275.135 0.162542 2.30822 10.9462 2.47166
275.146 0.162396 2.30808 10.9504 2.47221
275.157 0.162386 2.30806 10.9507 2.47225
275.169 0.162441 2.30808 10.9489 2.47204
275.18 0.162344 2.30796 10.9516 2.47241
275.191 0.162379 2.30797 10.9505 2.47228
275.202 0.162534 2.30806 10.9457 2.47169
275.213 0.162494 2.30801 10.9468 2.47184
275.225 0.162531 2.30806 10.9458 2.4717
275.236 0.162638 2.30817 10.9427 2.47129
275.247 0.162662 2.30822 10.9421 2.4712
275.258 0.162709 2.30826 10.9407 2.47102
275.27 0.162755 2.30835 10.9396 2.47085
275.281 0.162666 2.30833 10.9425 2.47118
275.292 0.162627 2.30831 10.9437 2.47133
275.303 0.162666 2.30835 10.9426 2.47119
275.315 0.162587 2.30826 10.9448 2.47148
275.326 0.162601 2.30828 10.9445 2.47143
275.337 0.162668 2.30831 10.9423 2.47118
275.348 0.162573 2.30822 10.9451 2.47154
275.36 0.162457 2.30815 10.9487 2.47198
275.371 0.162424 2.30811 10.9496 2.47211
275.382 0.162247 2.308 10.9551 2.47278
275.393 0.162188 2.30798 10.957 2.47301
275.404 0.162234 2.30799 10.9555 2.47283
275.416 0.162187 2.30798 10.957 2.47301
275.427 0.162242 2.30803 10.9554 2.4728
275.438 0.162344 2.30811 10.9523 2.47241
275.449 0.162249 2.30809 10.9554 2.47277
275.461 0.162251 2.30815 10.9556 2.47276
275.472 0.162353 2.30827 10.9528 2.47238
275.483 0.162314 2.30828 10.9541 2.47252
275.494 0.162329 2.30833 10.9539 2.47247
275.506 0.162369 2.30841 10.9529 2.47232
275.517 0.162248 2.30835 10.9567 2.47278
275.528 0.162202 2.30835 10.9582 2.47295
275.539 0.16225 2.3084 10.9569 2.47277
275.551 0.162131 2.30832 10.9605 2.47322
275.562 0.162081 2.30832 10.9622 2.47341
275.573 0.162084 2.30835 10.9622 2.4734
275.584 0.16197 2.30827 10.9657 2.47384
275.596 0.161872 2.30828 10.9691 2.47421
275.607 0.161858 2.30834 10.9699 2.47426
275.618 0.161669 2.30826 10.9759 2.47499
275.629 0.161585 2.30831 10.979 2.47531
275.64 0.161618 2.30841 10.9784 2.47518
275.652 0.161555 2.3084 10.9804 2.47542
275.663 0.161596 2.30851 10.9795 2.47527
275.674 0.16171 2.30864 10.9763 2.47483
275.685 0.161668 2.30867 10.9779 2.47499
275.697 0.161763 2.30879 10.9752 2.47463
275.708 0.161859 2.30891 10.9725 2.47426
275.719 0.161824 2.30897 10.974 2.47439
275.73 0.161866 2.30905 10.9729 2.47423
275.742 0.161937 2.30918 10.9712 2.47396
275.753 0.161827 2.30911 10.9745 2.47438
275.764 0.161744 2.30905 10.9771 2.4747
275.775 0.161763 2.30914 10.9769 2.47463
275.787 0.161671 2.30913 10.9799 2.47498
275.798 0.161584 2.3091 10.9828 2.47531
275.809 0.161516 2.3091 10.9851 2.47557
275.82 0.161328 2.309 10.991 2.47629
275.831 0.161246 2.30902 10.9939 2.47661
275.843 0.161295 2.30911 10.9926 2.47642
275.854 0.161178 2.30909 10.9965 2.47687
275.865 0.161085 2.30911 10.9998 2.47723
275.876 0.16105 2.30919 11.0014 2.47736
275.888 0.160881 2.30913 11.0069 2.47801
275.899 0.160856 2.30922 11.0082 2.47811
275.91 0.160891 2.30934 11.0075 2.47797
275.921 0.16078 2.3093 11.0112 2.4784
275.933 0.160788 2.30936 11.0111 2.47837
275.944 0.160847 2.30944 11.0095 2.47814
275.955 0.160762 2.30938 11.0121 2.47847
275.966 0.160748 2.3094 11.0127 2.47852
275.978 0.160801 2.3095 11.0114 2.47832
275.989 0.160707 2.30947 11.0144 2.47868
276 0.160712 2.30956 11.0147 2.47866
276.011 0.160736 2.30968 11.0145 2.47857
276.022 0.160621 2.30967 11.0183 2.47901
276.034 0.160507 2.30971 11.0225 2.47946
276.045 0.160432 2.30977 11.0253 2.47974
276.056 0.160244 2.30976 11.0317 2.48047
276.067 0.160154 2.3098 11.035 2.48082
276.079 0.160184 2.30992 11.0346 2.4807
276.09 0.160133 2.30995 11.0365 2.4809
276.101 0.160079 2.30997 11.0384 2.48111
276.112 0.160092 2.31005 11.0384 2.48106
276.124 0.160012 2.31009 11.0413 2.48137
276.135 0.160004 2.31009 11.0416 2.4814
276.146 0.160056 2.31018 11.0402 2.4812
276.157 0.159945 2.31011 11.0437 2.48163
276.169 0.159892 2.31015 11.0457 2.48183
276.18 0.15993 2.31023 11.0448 2.48169
276.191 0.159847 2.31023 11.0477 2.48201
276.202 0.159818 2.31029 11.049 2.48212
276.213 0.159837 2.31038 11.0487 2.48205
276.225 0.159689 2.31035 11.0537 2.48262
276.236 0.159601 2.31037 11.0569 2.48297
276.247 0.159602 2.31044 11.0571 2.48296
276.258 0.159479 2.31039 11.0612 2.48344
276.27 0.159408 2.31041 11.0638 2.48372
276.281 0.159373 2.31045 11.0652 2.48385
276.292 0.159255 2.3104 11.069 2.48431
276.303 0.159188 2.31042 11.0714 2.48457
276.315 0.159199 2.31047 11.0713 2.48453
276.326 0.159084 2.31041 11.075 2.48498
276.337 0.158999 2.31034 11.0776 2.48531
276.348 0.159019 2.31037 11.0771 2.48523
276.36 0.158913 2.31032 11.0805 2.48565
276.371 0.158895 2.31034 11.0812 2.48572
276.382 0.158936 2.31042 11.0802 2.48556
276.393 0.158859 2.31039 11.0827 2.48586
276.404 0.158833 2.31037 11.0835 2.48596
276.416 0.158866 2.31038 11.0825 2.48583
276.427 0.158785 2.31032 11.085 2.48615
276.438 0.158763 2.31034 11.0859 2.48624
276.449 0.158799 2.31037 11.0847 2.48609
276.461 0.158717 2.31034 11.0875 2.48642
276.472 0.158685 2.31034 11.0886 2.48654
276.483 0.158743 2.31041 11.0869 2.48631
276.494 0.158672 2.31038 11.0892 2.48659
276.506 0.158663 2.31037 11.0895 2.48663
276.517 0.158705 2.3104 11.0882 2.48646
276.528 0.158628 2.31035 11.0906 2.48676
276.539 0.158621 2.31039 11.0911 2.48679
276.551 0.158624 2.31038 11.0909 2.48678
276.562 0.158507 2.31029 11.0946 2.48724
276.573 0.158413 2.31023 11.0976 2.48761
276.584 0.158383 2.3102 11.0985 2.48772
276.596 0.15826 2.31007 11.1022 2.48821
276.607 0.158163 2.30999 11.1052 2.48859
276.618 0.158127 2.3099 11.106 2.48873
276.629 0.157978 2.30971 11.1103 2.48932
276.64 0.157895 2.3096 11.1127 2.48965
276.652 0.157868 2.30953 11.1134 2.48975
276.663 0.157697 2.30928 11.1182 2.49043
276.674 0.157571 2.30913 11.1219 2.49092
276.685 0.157504 2.30903 11.1237 2.49119
276.697 0.157322 2.30884 11.1293 2.49191
276.708 0.157229 2.30875 11.1321 2.49228
276.719 0.157201 2.30867 11.1328 2.49239
276.73 0.157078 2.30852 11.1364 2.49288
276.742 0.157008 2.3084 11.1383 2.49316
276.753 0.157013 2.30833 11.1378 2.49314
276.764 0.156909 2.30811 11.1404 2.49355
276.775 0.15691 2.30803 11.14 2.49354
276.787 0.156967 2.30797 11.1377 2.49332
276.798 0.15692 2.30785 11.1388 2.4935
276.809 0.156926 2.30774 11.138 2.49348
276.82 0.156979 2.30766 11.1357 2.49327
276.831 0.15696 2.30753 11.1358 2.49335
276.843 0.156967 2.3074 11.1349 2.49332
276.854 0.156993 2.30724 11.1332 2.49321
276.865 0.15694 2.30704 11.1341 2.49343
276.876 0.156937 2.30693 11.1337 2.49344
276.888 0.157016 2.30687 11.1306 2.49312
276.899 0.156972 2.30669 11.1313 2.4933
276.91 0.157006 2.30665 11.1299 2.49316
276.921 0.15708 2.30656 11.1269 2.49287
276.933 0.15706 2.30647 11.1271 2.49295
276.944 0.1571 2.30639 11.1253 2.49279
276.955 0.157223 2.3064 11.121 2.4923
276.966 0.157194 2.30622 11.1212 2.49242
276.978 0.157265 2.30629 11.119 2.49214
276.989 0.157332 2.30617 11.1161 2.49187
277 0.157271 2.30605 11.1176 2.49211
277.011 0.157279 2.30584 11.1164 2.49208
277.022 0.157352 2.30582 11.1137 2.49179
277.034 0.157356 2.30578 11.1133 2.49178
277.045 0.157395 2.30573 11.1117 2.49162
277.056 0.157472 2.3057 11.1089 2.49132
277.067 0.157421 2.30559 11.1101 2.49152
277.079 0.157426 2.30548 11.1094 2.4915
277.09 0.157481 2.30548 11.1075 2.49128
277.101 0.157428 2.30537 11.1088 2.49149
277.112 0.157443 2.30526 11.1078 2.49143
277.124 0.157492 2.30521 11.1058 2.49124
277.135 0.157449 2.30508 11.1067 2.4914
277.146 0.157486 2.30503 11.1051 2.49126
277.157 0.157556 2.30499 11.1025 2.49098
277.169 0.157474 2.30484 11.1047 2.49131
277.18 0.157512 2.30483 11.1033 2.49116
277.191 0.157603 2.30487 11.1003 2.4908
277.202 0.157528 2.30473 11.1022 2.49109
277.213 0.157547 2.30469 11.1013 2.49102
277.225 0.157629 2.30469 11.0985 2.4907
277.236 0.157571 2.30456 11.0999 2.49092
277.247 0.157588 2.30451 11.099 2.49086
277.258 0.157666 2.3045 11.0962 2.49055
277.27 0.157599 2.30434 11.0978 2.49081
277.281 0.157606 2.30427 11.0972 2.49078
277.292 0.157675 2.30425 11.0947 2.49051
277.303 0.157605 2.30409 11.0964 2.49079
277.315 0.157617 2.30402 11.0957 2.49074
277.326 0.157695 2.30402 11.0929 2.49043
277.337 0.157631 2.30388 11.0945 2.49069
277.348 0.157656 2.30384 11.0934 2.49059
277.36 0.157746 2.30385 11.0903 2.49023
277.371 0.157703 2.30377 11.0914 2.4904
277.382 0.157721 2.30373 11.0906 2.49033
277.393 0.157776 2.30374 11.0887 2.49012
277.404 0.157699 2.30363 11.0908 2.49042
277.416 0.1577 2.30356 11.0905 2.49042
277.427 0.157756 2.30353 11.0884 2.4902
277.438 0.157651 2.30338 11.0914 2.49061
277.449 0.157646 2.30337 11.0915 2.49063
277.461 0.157694 2.30341 11.09 2.49044
277.472 0.157607 2.3033 11.0925 2.49078
277.483 0.157587 2.30323 11.0929 2.49086
277.494 0.15764 2.30324 11.0911 2.49065
277.506 0.157532 2.30308 11.0941 2.49108
277.517 0.157549 2.30309 11.0936 2.49101
277.528 0.157642 2.30314 11.0905 2.49064
277.539 0.157546 2.30301 11.0933 2.49102
277.551 0.157556 2.30298 11.0928 2.49098
277.562 0.157657 2.30305 11.0896 2.49058
277.573 0.15759 2.30297 11.0915 2.49085
277.584 0.157621 2.30297 11.0905 2.49073
277.596 0.157744 2.30305 11.0865 2.49024
277.607 0.15766 2.30296 11.089 2.49057
277.618 0.157694 2.30298 11.0879 2.49044
277.629 0.157758 2.30301 11.0859 2.49019
277.64 0.15767 2.30293 11.0886 2.49053
277.652 0.157645 2.30292 11.0894 2.49063
277.663 0.157676 2.30294 11.0884 2.49051
277.674 0.157576 2.30288 11.0916 2.49091
277.685 0.157538 2.3029 11.093 2.49105
277.697 0.157513 2.30292 11.094 2.49115
277.708 0.157374 2.30287 11.0987 2.4917
277.719 0.157328 2.30286 11.1002 2.49189
277.73 0.15736 2.30287 11.0992 2.49176
277.742 0.157234 2.30278 11.1032 2.49226
277.753 0.157249 2.3028 11.1027 2.4922
277.764 0.157331 2.30285 11.1001 2.49187
277.775 0.157237 2.30279 11.1031 2.49224
277.787 0.157241 2.3028 11.103 2.49223
277.798 0.15729 2.30285 11.1015 2.49203
277.809 0.157184 2.30275 11.1048 2.49246
277.82 0.157177 2.30275 11.105 2.49248
277.831 0.157243 2.30281 11.103 2.49222
277.843 0.157136 2.3027 11.1062 2.49265
277.854 0.157132 2.30267 11.1063 2.49266
277.865 0.157184 2.30272 11.1046 2.49245
277.876 0.157103 2.30263 11.1071 2.49278
277.888 0.157098 2.30262 11.1072 2.4928
277.899 0.157134 2.30264 11.106 2.49265
277.91 0.157064 2.30256 11.1081 2.49293
277.921 0.157066 2.30254 11.1079 2.49292
277.933 0.157119 2.30254 11.1061 2.49271
277.944 0.157036 2.30252 11.1089 2.49304
277.955 0.15705 2.30243 11.108 2.49299
277.966 0.157152 2.30247 11.1046 2.49258
277.978 0.157094 2.30236 11.1061 2.49281
277.989 0.157126 2.30233 11.1048 2.49268
278 0.157222 2.30232 11.1014 2.4923
278.011 0.157138 2.30221 11.1038 2.49264
278.022 0.157158 2.30221 11.1031 2.49256
278.034 0.157201 2.3022 11.1016 2.49239
278.045 0.157117 2.30213 11.1042 2.49272
278.056 0.157066 2.30201 11.1054 2.49292
278.067 0.157103 2.30202 11.1041 2.49278
278.079 0.156924 2.30186 11.1097 2.49349
278.09 0.156873 2.30182 11.1113 2.49369
278.101 0.15692 2.30185 11.1098 2.4935
278.112 0.156821 2.30174 11.1128 2.4939
278.124 0.156783 2.30165 11.1137 2.49405
278.135 0.15678 2.30161 11.1136 2.49406
278.146 0.156668 2.30146 11.1168 2.49451
278.157 0.156629 2.30136 11.1178 2.49466
278.169 0.156623 2.30131 11.1177 2.49468
278.18 0.156475 2.30113 11.1221 2.49527
278.191 0.156452 2.30107 11.1226 2.49537
278.202 0.156501 2.30108 11.1209 2.49517
278.213 0.156403 2.30093 11.1237 2.49556
278.225 0.156397 2.30086 11.1236 2.49559
278.236 0.156401 2.30081 11.1232 2.49557
278.247 0.156298 2.30066 11.1261 2.49598
278.258 0.156289 2.30059 11.1261 2.49602
278.27 0.15635 2.30056 11.1238 2.49577
278.281 0.156269 2.3004 11.1259 2.4961
278.292 0.156305 2.30034 11.1243 2.49595
278.303 0.1564 2.30035 11.121 2.49557
278.315 0.15629 2.3002 11.1242 2.49601
278.326 0.156277 2.30016 11.1244 2.49606
278.337 0.156337 2.30015 11.1223 2.49583
278.348 0.156256 2.3 11.1244 2.49615
278.36 0.156228 2.29993 11.1251 2.49626
278.371 0.156233 2.29991 11.1248 2.49624
278.382 0.156115 2.29977 11.1283 2.49671
278.393 0.156065 2.29968 11.1297 2.49691
278.404 0.156066 2.29962 11.1294 2.49691
278.416 0.15594 2.29945 11.133 2.49741
278.427 0.155862 2.29929 11.1351 2.49773
278.438 0.155861 2.29923 11.1348 2.49773
278.449 0.15571 2.299 11.139 2.49833
278.461 0.155674 2.29891 11.1399 2.49848
278.472 0.15571 2.29884 11.1383 2.49833
278.483 0.155631 2.29868 11.1403 2.49865
278.494 0.155636 2.29862 11.1399 2.49863
278.506 0.155717 2.29858 11.1367 2.4983
278.517 0.15568 2.29846 11.1375 2.49845
278.528 0.155711 2.2984 11.1362 2.49833
278.539 0.155811 2.29837 11.1324 2.49793
278.551 0.155728 2.2982 11.1345 2.49826
278.562 0.155713 2.29814 11.1348 2.49832
278.573 0.155748 2.29809 11.1333 2.49818
278.584 0.155682 2.29798 11.1351 2.49845
278.596 0.155707 2.29791 11.1339 2.49835
278.607 0.15577 2.2979 11.1316 2.49809
278.618 0.155665 2.29775 11.1346 2.49852
278.629 0.155653 2.29767 11.1346 2.49856
278.64 0.1557 2.29767 11.133 2.49837
278.652 0.155606 2.29754 11.1357 2.49875
278.663 0.155579 2.29746 11.1363 2.49886
278.674 0.155603 2.29742 11.1352 2.49876
278.685 0.155512 2.29725 11.1377 2.49913
278.697 0.155471 2.29713 11.1386 2.49929
278.708 0.155512 2.2971 11.137 2.49913
278.719 0.155436 2.29695 11.139 2.49943
278.73 0.155428 2.29686 11.1388 2.49947
278.742 0.155505 2.29683 11.1359 2.49916
278.753 0.155451 2.29671 11.1372 2.49937
278.764 0.155533 2.29672 11.1343 2.49904
278.775 0.155669 2.29678 11.1298 2.4985
278.787 0.155603 2.29663 11.1314 2.49876
278.798 0.155578 2.29657 11.132 2.49887
278.809 0.1556 2.29653 11.131 2.49878
278.82 0.155497 2.29637 11.1339 2.49919
278.831 0.155487 2.29632 11.1341 2.49923
278.843 0.155507 2.29627 11.1331 2.49915
278.854 0.155393 2.29608 11.1362 2.49961
278.865 0.155352 2.2959 11.1369 2.49977
278.876 0.155399 2.29584 11.1349 2.49958
278.888 0.15534 2.29565 11.1361 2.49982
278.899 0.155352 2.29555 11.1352 2.49977
278.91 0.155427 2.29553 11.1324 2.49947
278.921 0.155358 2.29537 11.134 2.49975
278.933 0.155349 2.29528 11.134 2.49979
278.944 0.155394 2.29519 11.1319 2.4996
278.955 0.155256 2.295 11.1359 2.50016
278.966 0.155223 2.29486 11.1364 2.50029
278.978 0.155294 2.29484 11.1338 2.50001
278.989 0.155239 2.29467 11.135 2.50023
279 0.155314 2.29465 11.1322 2.49992
279.011 0.155449 2.29469 11.1275 2.49938
279.022 0.155398 2.29459 11.1289 2.49959
279.034 0.155407 2.29452 11.1282 2.49955
279.045 0.155479 2.29452 11.1256 2.49926
279.056 0.155442 2.29441 11.1264 2.49941
279.067 0.155453 2.29432 11.1256 2.49936
279.079 0.15551 2.29432 11.1235 2.49914
279.09 0.155432 2.29418 11.1256 2.49945
279.101 0.155385 2.29405 11.1267 2.49964
279.112 0.155422 2.29399 11.1251 2.49949
279.124 0.155336 2.29383 11.1274 2.49984
279.135 0.15537 2.29376 11.1259 2.4997
279.146 0.155445 2.29371 11.1229 2.4994
279.157 0.155394 2.29355 11.1239 2.4996
279.169 0.155439 2.2935 11.1221 2.49942
279.18 0.155554 2.29351 11.118 2.49896
279.191 0.155524 2.29338 11.1185 2.49908
279.202 0.15555 2.29331 11.1172 2.49898
279.213 0.155641 2.29329 11.1139 2.49861
279.225 0.155596 2.2932 11.1151 2.49879
279.236 0.155573 2.29316 11.1156 2.49888
279.247 0.155604 2.29313 11.1144 2.49876
279.258 0.155487 2.29299 11.1179 2.49923
279.27 0.155464 2.29291 11.1183 2.49932
279.281 0.15552 2.29289 11.1162 2.4991
279.292 0.15545 2.29276 11.1181 2.49938
279.303 0.155452 2.29273 11.1179 2.49937
279.315 0.155534 2.29273 11.115 2.49904
279.326 0.15548 2.29263 11.1164 2.49926
279.337 0.155454 2.29252 11.1168 2.49936
279.348 0.155487 2.2925 11.1155 2.49923
279.36 0.155407 2.29237 11.1177 2.49955
279.371 0.155403 2.29232 11.1176 2.49957
279.382 0.155441 2.29228 11.1161 2.49941
279.393 0.155347 2.29216 11.1189 2.49979
279.404 0.155314 2.29207 11.1196 2.49992
279.416 0.155381 2.29206 11.1172 2.49966
279.427 0.155396 2.29203 11.1165 2.49959
279.438 0.155429 2.29198 11.1151 2.49946
279.449 0.155522 2.29198 11.1118 2.49909
279.461 0.155492 2.29189 11.1124 2.49921
279.472 0.155539 2.29191 11.1108 2.49902
279.483 0.155613 2.29196 11.1084 2.49872
279.494 0.155542 2.29188 11.1105 2.49901
279.506 0.155505 2.29181 11.1115 2.49916
279.517 0.155526 2.29179 11.1107 2.49907
279.528 0.155447 2.2917 11.1131 2.49939
279.539 0.15543 2.29165 11.1134 2.49946
279.551 0.155457 2.29165 11.1125 2.49935
279.562 0.15534 2.29151 11.116 2.49982
279.573 0.155286 2.29143 11.1175 2.50004
279.584 0.155343 2.29141 11.1154 2.49981
279.596 0.155275 2.2913 11.1173 2.50008
279.607 0.155269 2.29124 11.1172 2.50011
279.618 0.155324 2.29125 11.1153 2.49988
279.629 0.155279 2.29116 11.1165 2.50007
279.64 0.155323 2.2912 11.1151 2.49989
279.652 0.15542 2.29128 11.112 2.4995
279.663 0.155365 2.29122 11.1137 2.49972
279.674 0.155406 2.29126 11.1124 2.49955
279.685 0.155495 2.29129 11.1094 2.4992
279.697 0.155417 2.29121 11.1118 2.49951
279.708 0.155403 2.29122 11.1123 2.49957
279.719 0.15547 2.29128 11.1102 2.4993
279.73 0.155386 2.29127 11.1132 2.49964
279.742 0.155375 2.29131 11.1138 2.49968
279.753 0.155406 2.29139 11.113 2.49955
279.764 0.15533 2.29134 11.1155 2.49986
279.775 0.155321 2.29135 11.1159 2.4999
279.787 0.155377 2.29136 11.114 2.49967
279.798 0.15534 2.29135 11.1152 2.49982
279.809 0.155322 2.29132 11.1157 2.49989
279.82 0.155368 2.29136 11.1143 2.49971
279.831 0.155313 2.29133 11.1161 2.49993
279.843 0.15534 2.29139 11.1154 2.49982
279.854 0.155402 2.29144 11.1134 2.49957
279.865 0.155322 2.29137 11.116 2.49989
279.876 0.15531 2.29138 11.1165 2.49994
279.888 0.155362 2.29143 11.1148 2.49973
279.899 0.155294 2.29135 11.1168 2.5
279.91 0.155283 2.29139 11.1174 2.50005
279.921 0.155334 2.29145 11.1159 2.49985
279.933 0.155294 2.29145 11.1173 2.50001
279.944 0.155316 2.29151 11.1169 2.49992
279.955 0.155386 2.2916 11.1148 2.49963
279.966 0.155334 2.29162 11.1168 2.49985
279.978 0.15532 2.29167 11.1175 2.4999
279.989 0.155375 2.29179 11.1161 2.49968
280 0.155302 2.29182 11.1188 2.49997
