# t px py pz frame_uz pz_lab  (vitesses barycentriques ; invariant = px, py, pz_lab ~ 0 ; pz seul -> -frame_uz, normal)
160.001 0.00921074 -0.0149224 0.0113444 -0.000773324 0.0105711
160.003 0.00922037 -0.0149234 0.0339558 -0.0233872 0.0105686
160.006 0.00922928 -0.0149324 0.0661244 -0.0555602 0.0105642
160.009 0.00923944 -0.0149454 0.10712 -0.0965565 0.0105635
160.014 0.0092525 -0.014962 0.155907 -0.145343 0.010564
160.019 0.0092683 -0.0149832 0.211198 -0.200633 0.0105658
160.024 0.00928565 -0.0150071 0.27208 -0.261513 0.0105668
160.03 0.00930199 -0.0150311 0.337423 -0.326852 0.0105703
160.037 0.00932158 -0.015057 0.406599 -0.396024 0.010575
160.044 0.00934152 -0.0150885 0.478572 -0.467992 0.0105791
160.051 0.00936291 -0.0151186 0.553099 -0.542516 0.0105832
160.059 0.00938608 -0.0151488 0.629301 -0.618715 0.0105865
160.067 0.00941138 -0.0151801 0.706663 -0.696073 0.0105898
160.075 0.00943611 -0.0152129 0.78446 -0.773866 0.0105939
160.084 0.00946466 -0.0152435 0.862096 -0.851498 0.0105979
160.092 0.00949541 -0.0152765 0.939483 -0.928883 0.0105999
160.101 0.00952581 -0.0153127 1.01657 -1.00597 0.0105994
160.111 0.00955774 -0.0153492 1.09255 -1.08195 0.0105993
160.12 0.00958962 -0.0153849 1.16734 -1.15674 0.010603
160.13 0.00962283 -0.0154166 1.24016 -1.22955 0.010606
160.14 0.00965812 -0.0154523 1.31167 -1.30106 0.010608
160.149 0.00969391 -0.0154879 1.38105 -1.37044 0.010608
160.159 0.00972956 -0.0155267 1.44821 -1.4376 0.0106084
160.17 0.00976337 -0.0155643 1.51311 -1.50251 0.0106075
160.18 0.00979925 -0.015604 1.5757 -1.5651 0.0106059
160.19 0.00983384 -0.0156428 1.63524 -1.62464 0.010607
160.2 0.00987127 -0.0156859 1.69244 -1.68183 0.0106102
160.211 0.00991464 -0.0157293 1.7473 -1.73669 0.0106094
160.222 0.00995558 -0.0157724 1.79914 -1.78853 0.0106108
160.232 0.00999353 -0.0158182 1.84864 -1.83803 0.0106083
160.243 0.0100314 -0.015862 1.89507 -1.88446 0.0106133
160.254 0.010071 -0.0159052 1.93855 -1.92794 0.0106161
160.264 0.0101143 -0.0159469 1.97974 -1.96912 0.0106165
160.275 0.0101582 -0.0159832 2.01803 -2.00742 0.0106162
160.286 0.0102039 -0.0160219 2.05351 -2.0429 0.010616
160.297 0.0102457 -0.0160662 2.0863 -2.07568 0.0106189
160.308 0.0102888 -0.0161118 2.11693 -2.10631 0.0106206
160.319 0.010331 -0.0161596 2.145 -2.13438 0.01062
160.33 0.0103736 -0.0162077 2.17061 -2.15999 0.0106211
160.341 0.0104136 -0.016256 2.19386 -2.18324 0.0106204
160.352 0.010457 -0.0163035 2.21489 -2.20428 0.0106178
160.363 0.0105019 -0.0163522 2.23364 -2.22302 0.0106183
160.374 0.0105443 -0.0164047 2.25043 -2.23982 0.0106134
160.385 0.0105888 -0.0164562 2.26541 -2.2548 0.0106067
160.396 0.0106344 -0.0165107 2.2787 -2.2681 0.0105996
160.407 0.0106794 -0.0165647 2.29044 -2.27985 0.0105934
160.418 0.0107274 -0.0166207 2.30091 -2.29033 0.0105868
160.429 0.0107733 -0.0166742 2.31002 -2.29944 0.0105797
160.44 0.0108161 -0.0167316 2.31793 -2.30735 0.010573
160.451 0.0108584 -0.0167902 2.32479 -2.31423 0.0105645
160.463 0.0109006 -0.0168456 2.33081 -2.32025 0.0105591
160.474 0.0109424 -0.0169022 2.33611 -2.32555 0.0105573
160.485 0.0109859 -0.0169556 2.34084 -2.33029 0.0105525
160.496 0.0110242 -0.0170079 2.34518 -2.33464 0.0105405
160.507 0.0110678 -0.0170628 2.34934 -2.33881 0.0105322
160.519 0.0111145 -0.0171193 2.35344 -2.34292 0.0105243
160.53 0.0111619 -0.0171762 2.35754 -2.34702 0.0105211
160.541 0.0112036 -0.017231 2.36166 -2.35115 0.0105154
160.552 0.0112472 -0.0172879 2.36598 -2.35547 0.010511
160.563 0.0112969 -0.0173468 2.37057 -2.36007 0.0105036
160.575 0.0113431 -0.017403 2.37545 -2.36495 0.0104961
160.586 0.0113866 -0.0174658 2.38064 -2.37015 0.0104869
160.597 0.0114288 -0.0175284 2.38617 -2.37569 0.0104778
160.608 0.0114695 -0.017595 2.39221 -2.38173 0.0104728
160.619 0.0115129 -0.0176605 2.3988 -2.38833 0.0104688
160.631 0.0115573 -0.0177277 2.40586 -2.39539 0.0104658
160.642 0.0115996 -0.017796 2.41336 -2.4029 0.0104625
160.653 0.0116428 -0.0178703 2.42141 -2.41095 0.01046
160.664 0.0116856 -0.0179399 2.4296 -2.41914 0.0104567
160.675 0.0117248 -0.0180094 2.43811 -2.42766 0.0104515
160.687 0.011767 -0.0180794 2.44692 -2.43647 0.0104498
160.698 0.0118049 -0.0181549 2.45599 -2.44555 0.0104442
160.709 0.011847 -0.0182264 2.46545 -2.45501 0.010443
160.72 0.0118858 -0.0182989 2.4746 -2.46416 0.0104416
160.73 0.0119239 -0.0183698 2.48388 -2.47345 0.0104376
160.741 0.0119597 -0.018443 2.49328 -2.48285 0.0104359
160.752 0.0119943 -0.0185145 2.50277 -2.49235 0.0104286
160.763 0.0120252 -0.0185844 2.51238 -2.50196 0.0104202
160.774 0.0120563 -0.0186569 2.52205 -2.51163 0.0104168
160.784 0.0120861 -0.0187249 2.53176 -2.52135 0.0104093
160.795 0.0121179 -0.0187962 2.54173 -2.53133 0.0104045
160.806 0.0121452 -0.0188671 2.55157 -2.54117 0.0103957
160.817 0.0121695 -0.018937 2.56144 -2.55106 0.0103824
160.828 0.0121934 -0.0190044 2.57143 -2.56106 0.0103722
160.838 0.0122186 -0.0190782 2.58136 -2.57099 0.0103648
160.849 0.0122382 -0.0191498 2.5913 -2.58094 0.0103577
160.86 0.0122589 -0.0192217 2.60123 -2.59088 0.0103498
160.871 0.012282 -0.0192944 2.61112 -2.60077 0.0103456
160.881 0.012309 -0.0193575 2.62095 -2.61061 0.0103409
160.892 0.012333 -0.0194235 2.63072 -2.62038 0.0103386
160.903 0.0123579 -0.0194875 2.64036 -2.63003 0.0103356
160.914 0.0123779 -0.0195483 2.65002 -2.6397 0.0103274
160.925 0.0123971 -0.019608 2.65964 -2.64932 0.0103181
160.935 0.0124173 -0.019669 2.66924 -2.65893 0.0103082
160.946 0.0124309 -0.01973 2.67882 -2.66853 0.0102985
160.957 0.0124439 -0.019794 2.6883 -2.67801 0.0102867
160.968 0.0124566 -0.0198564 2.69768 -2.6874 0.0102792
160.978 0.012469 -0.0199173 2.70694 -2.69667 0.0102755
160.989 0.0124819 -0.0199787 2.71624 -2.70597 0.0102712
161 0.0124986 -0.0200379 2.72521 -2.71494 0.0102689
161.011 0.0125137 -0.020101 2.73457 -2.7243 0.0102687
161.022 0.0125268 -0.0201628 2.74378 -2.73351 0.0102672
161.034 0.0125407 -0.0202222 2.7529 -2.74264 0.0102677
161.045 0.0125519 -0.020283 2.76189 -2.75162 0.0102693
161.056 0.0125668 -0.0203381 2.7708 -2.76053 0.0102688
161.067 0.0125779 -0.0203925 2.77951 -2.76924 0.0102722
161.079 0.0125905 -0.0204474 2.78801 -2.77773 0.010285
161.09 0.0126046 -0.0205055 2.79638 -2.78609 0.0102939
161.101 0.0126237 -0.0205623 2.80472 -2.79441 0.0103086
161.112 0.0126408 -0.0206155 2.81273 -2.8024 0.0103273
161.124 0.0126609 -0.0206712 2.82057 -2.81022 0.0103527
161.135 0.0126769 -0.0207258 2.82813 -2.81776 0.0103724
161.146 0.0126952 -0.0207799 2.83547 -2.82507 0.0103943
161.157 0.0127148 -0.0208315 2.8426 -2.83218 0.0104128
161.169 0.0127332 -0.0208861 2.84948 -2.83905 0.0104311
161.18 0.0127517 -0.0209366 2.85614 -2.84569 0.0104494
161.191 0.0127723 -0.0209879 2.86258 -2.85211 0.0104676
161.202 0.0127932 -0.0210441 2.8687 -2.85821 0.0104863
161.213 0.0128138 -0.0211018 2.87456 -2.86406 0.0105057
161.225 0.0128321 -0.0211537 2.88012 -2.8696 0.0105235
161.236 0.0128511 -0.0212061 2.88537 -2.87482 0.0105413
161.247 0.0128684 -0.0212529 2.89037 -2.87981 0.0105619
161.258 0.012887 -0.0212995 2.89513 -2.88455 0.0105753
161.27 0.0129078 -0.0213461 2.89961 -2.88902 0.010586
161.281 0.0129247 -0.0213942 2.90386 -2.89326 0.0106011
161.292 0.0129427 -0.0214437 2.90779 -2.89718 0.010614
161.303 0.0129657 -0.0214952 2.91148 -2.90085 0.0106309
161.315 0.0129869 -0.0215458 2.91482 -2.90418 0.010647
161.326 0.0130083 -0.0215989 2.91789 -2.90723 0.0106622
161.337 0.0130373 -0.0216457 2.92065 -2.90997 0.0106813
161.348 0.0130643 -0.0216911 2.9232 -2.9125 0.0106986
161.36 0.0130938 -0.0217358 2.92539 -2.91467 0.0107154
161.371 0.0131213 -0.0217734 2.92728 -2.91655 0.0107299
161.382 0.0131509 -0.0218076 2.92888 -2.91814 0.0107435
161.393 0.0131801 -0.0218445 2.9302 -2.91944 0.0107572
161.404 0.0132071 -0.0218768 2.93122 -2.92045 0.0107714
161.416 0.0132335 -0.0219075 2.93196 -2.92118 0.0107847
161.427 0.0132599 -0.0219314 2.93242 -2.92162 0.0107965
161.438 0.0132896 -0.0219568 2.93259 -2.92178 0.0108076
161.449 0.0133193 -0.0219823 2.9325 -2.92168 0.0108186
161.461 0.0133482 -0.0220087 2.93209 -2.92126 0.010828
161.472 0.0133774 -0.022037 2.93136 -2.92052 0.0108384
161.483 0.0134054 -0.0220637 2.93034 -2.91949 0.0108496
161.494 0.0134316 -0.0220872 2.92904 -2.91818 0.0108588
161.506 0.0134592 -0.0221087 2.92749 -2.91662 0.010868
161.517 0.0134832 -0.0221275 2.9257 -2.91482 0.0108751
161.528 0.013508 -0.022148 2.92363 -2.91275 0.010883
161.539 0.0135331 -0.0221674 2.9213 -2.91041 0.0108928
161.551 0.0135587 -0.0221847 2.91868 -2.90777 0.0109044
161.562 0.01358 -0.022202 2.91575 -2.90484 0.010915
161.573 0.0136022 -0.0222188 2.91255 -2.90162 0.0109283
161.584 0.0136219 -0.0222333 2.90911 -2.89817 0.010937
161.596 0.0136418 -0.0222425 2.90541 -2.89446 0.0109461
161.607 0.0136643 -0.022251 2.90151 -2.89055 0.0109533
161.618 0.0136842 -0.0222602 2.89729 -2.88633 0.0109652
161.629 0.0137068 -0.0222646 2.89283 -2.88185 0.0109762
161.64 0.0137263 -0.0222701 2.88812 -2.87713 0.0109924
161.652 0.0137493 -0.0222756 2.88308 -2.87207 0.0110072
161.663 0.0137742 -0.022277 2.87783 -2.86681 0.0110204
161.674 0.0138053 -0.0222781 2.87241 -2.86137 0.0110355
161.685 0.0138307 -0.0222835 2.86682 -2.85577 0.0110524
161.697 0.0138611 -0.0222833 2.86105 -2.84998 0.011072
161.708 0.013891 -0.0222847 2.85515 -2.84406 0.0110905
161.719 0.0139205 -0.0222852 2.84901 -2.8379 0.0111109
161.73 0.0139492 -0.0222845 2.84266 -2.83153 0.011132
161.742 0.0139804 -0.0222833 2.83616 -2.82501 0.0111527
161.753 0.0140082 -0.0222811 2.82957 -2.8184 0.0111721
161.764 0.0140339 -0.0222787 2.82276 -2.81157 0.0111909
161.775 0.0140617 -0.022274 2.81585 -2.80465 0.0112084
161.787 0.0140876 -0.0222714 2.80884 -2.79761 0.0112264
161.798 0.0141141 -0.0222676 2.80172 -2.79048 0.0112437
161.809 0.0141457 -0.0222609 2.79452 -2.78326 0.0112619
161.82 0.014173 -0.0222543 2.78721 -2.77594 0.0112785
161.831 0.0142009 -0.0222544 2.77982 -2.76853 0.0112943
161.843 0.0142292 -0.0222496 2.77237 -2.76105 0.0113157
161.854 0.0142547 -0.0222477 2.76484 -2.75351 0.0113389
161.865 0.0142801 -0.0222432 2.75726 -2.7459 0.0113624
161.876 0.0143058 -0.0222385 2.74966 -2.73828 0.0113819
161.888 0.0143336 -0.0222332 2.742 -2.7306 0.0114009
161.899 0.0143603 -0.0222313 2.73446 -2.72304 0.0114234
161.91 0.0143869 -0.0222304 2.72678 -2.71534 0.0114432
161.921 0.0144103 -0.0222299 2.71913 -2.70767 0.011466
161.933 0.0144351 -0.0222309 2.71151 -2.70002 0.0114894
161.944 0.0144608 -0.0222325 2.70393 -2.69242 0.0115142
161.955 0.0144871 -0.0222345 2.69641 -2.68487 0.0115376
161.966 0.0145132 -0.0222407 2.68899 -2.67743 0.0115608
161.978 0.0145404 -0.0222438 2.68161 -2.67002 0.0115899
161.989 0.0145649 -0.0222449 2.67432 -2.6627 0.0116156
162 0.01459 -0.0222475 2.66711 -2.65547 0.0116438
162.011 0.0146148 -0.0222483 2.65998 -2.64831 0.0116732
162.022 0.0146365 -0.0222526 2.65295 -2.64125 0.0116986
162.034 0.0146597 -0.0222546 2.64603 -2.63429 0.011732
162.045 0.014688 -0.0222566 2.63929 -2.62752 0.0117685
162.056 0.0147108 -0.0222565 2.63258 -2.62078 0.011801
162.067 0.014733 -0.0222585 2.62604 -2.6142 0.0118396
162.079 0.0147561 -0.022259 2.61969 -2.60781 0.0118723
162.09 0.0147806 -0.0222615 2.61341 -2.6015 0.011908
162.101 0.0148068 -0.0222668 2.60734 -2.5954 0.011943
162.112 0.0148284 -0.0222744 2.6014 -2.58942 0.0119836
162.124 0.0148499 -0.0222817 2.59566 -2.58364 0.0120226
162.135 0.0148722 -0.0222858 2.59009 -2.57803 0.0120573
162.146 0.0148946 -0.0222912 2.5846 -2.5725 0.0120973
162.157 0.0149181 -0.0222968 2.57929 -2.56715 0.0121377
162.169 0.0149368 -0.0223023 2.57409 -2.56191 0.0121798
162.18 0.0149603 -0.0223063 2.56897 -2.55675 0.0122214
162.191 0.0149806 -0.0223123 2.56397 -2.55171 0.0122623
162.202 0.0150062 -0.0223122 2.55909 -2.54679 0.0123022
162.213 0.0150309 -0.0223124 2.55432 -2.54198 0.0123431
162.225 0.015057 -0.0223117 2.54966 -2.53728 0.0123806
162.236 0.0150827 -0.0223094 2.54527 -2.53285 0.0124176
162.247 0.0151053 -0.0223084 2.54085 -2.52839 0.0124551
162.258 0.015127 -0.0223088 2.53648 -2.52398 0.0124936
162.27 0.0151464 -0.0223115 2.53215 -2.51962 0.012532
162.281 0.0151673 -0.0223148 2.52788 -2.51531 0.0125723
162.292 0.0151834 -0.0223216 2.52375 -2.51114 0.0126128
162.303 0.015201 -0.0223276 2.5197 -2.50704 0.012657
162.315 0.0152172 -0.0223321 2.51572 -2.50302 0.0127024
162.326 0.015238 -0.0223372 2.51155 -2.49881 0.0127485
162.337 0.015256 -0.0223448 2.50745 -2.49466 0.0127962
162.348 0.0152756 -0.0223503 2.50339 -2.49055 0.0128401
162.36 0.0152958 -0.0223577 2.49936 -2.48648 0.0128819
162.371 0.0153095 -0.0223634 2.49536 -2.48244 0.0129232
162.382 0.0153222 -0.0223734 2.49139 -2.47842 0.0129635
162.393 0.0153342 -0.0223807 2.48745 -2.47445 0.0130006
162.404 0.0153499 -0.0223878 2.48343 -2.47039 0.0130356
162.416 0.0153682 -0.0223965 2.4793 -2.46623 0.0130702
162.427 0.0153848 -0.0224014 2.47512 -2.46202 0.0131043
162.438 0.0154036 -0.0224084 2.47085 -2.45771 0.0131419
162.449 0.0154205 -0.0224139 2.46653 -2.45335 0.0131794
162.461 0.0154423 -0.0224214 2.46215 -2.44894 0.0132156
162.472 0.0154607 -0.0224219 2.45773 -2.44447 0.0132507
162.483 0.0154865 -0.0224232 2.4532 -2.43991 0.0132843
162.494 0.0155121 -0.0224258 2.44857 -2.43526 0.0133173
162.506 0.0155364 -0.0224287 2.44382 -2.43047 0.0133547
162.517 0.0155589 -0.0224322 2.43893 -2.42554 0.0133887
162.528 0.0155821 -0.0224391 2.43391 -2.42048 0.0134229
162.539 0.0156018 -0.0224467 2.42877 -2.41531 0.0134536
162.551 0.0156244 -0.0224561 2.42344 -2.40996 0.0134846
162.562 0.0156462 -0.0224634 2.41801 -2.40449 0.0135186
162.573 0.0156697 -0.0224687 2.41249 -2.39894 0.0135566
162.584 0.0156912 -0.0224718 2.4067 -2.39311 0.0135893
162.596 0.0157094 -0.0224795 2.40085 -2.38723 0.0136232
162.607 0.0157293 -0.0224815 2.39484 -2.38118 0.0136631
162.618 0.01575 -0.0224836 2.38863 -2.37493 0.0137014
162.629 0.0157732 -0.0224847 2.38224 -2.36851 0.0137383
162.64 0.0157978 -0.0224894 2.37567 -2.3619 0.0137728
162.652 0.0158224 -0.0224924 2.36896 -2.35515 0.0138048
162.663 0.0158477 -0.0224988 2.36205 -2.34822 0.0138387
162.674 0.0158757 -0.0225034 2.35499 -2.34112 0.013868
162.685 0.0159042 -0.0225075 2.34774 -2.33384 0.0138962
162.697 0.0159293 -0.022508 2.34033 -2.3264 0.0139249
162.708 0.0159543 -0.0225114 2.33273 -2.31877 0.0139524
162.719 0.0159844 -0.0225156 2.32488 -2.3109 0.0139804
162.73 0.0160117 -0.0225224 2.31685 -2.30284 0.0140062
162.742 0.0160395 -0.0225318 2.30864 -2.29461 0.0140299
162.753 0.0160717 -0.0225379 2.30021 -2.28616 0.0140533
162.764 0.0161032 -0.0225459 2.29159 -2.27751 0.0140739
162.775 0.0161329 -0.022554 2.28276 -2.26866 0.0140909
162.787 0.0161668 -0.0225599 2.27372 -2.25961 0.0141105
162.798 0.0162019 -0.0225693 2.26446 -2.25033 0.0141282
162.809 0.0162413 -0.0225832 2.25507 -2.24092 0.014151
162.82 0.0162768 -0.0225918 2.24539 -2.23121 0.0141731
162.831 0.0163149 -0.0226014 2.23549 -2.22129 0.0141972
162.843 0.0163495 -0.0226172 2.22534 -2.21112 0.0142198
162.854 0.0163855 -0.0226291 2.21493 -2.20069 0.0142373
162.865 0.0164182 -0.02264 2.20431 -2.19005 0.0142588
162.876 0.0164542 -0.0226514 2.19341 -2.17913 0.0142778
162.888 0.0164915 -0.0226605 2.18223 -2.16793 0.0142949
162.899 0.0165285 -0.0226698 2.17082 -2.1565 0.0143147
162.91 0.0165713 -0.0226782 2.15915 -2.14482 0.0143303
162.921 0.016611 -0.0226831 2.14719 -2.13285 0.0143459
162.933 0.0166523 -0.0226862 2.13499 -2.12063 0.0143559
162.944 0.0166938 -0.0226901 2.1225 -2.10813 0.0143707
162.955 0.0167342 -0.0226974 2.10984 -2.09545 0.0143863
162.966 0.0167787 -0.0227027 2.09681 -2.08241 0.0144036
162.978 0.0168194 -0.0227084 2.0836 -2.06918 0.0144157
162.989 0.0168625 -0.02271 2.07005 -2.05563 0.0144249
163 0.0169022 -0.0227149 2.05625 -2.04181 0.0144363
163.011 0.0169435 -0.0227246 2.0422 -2.02775 0.0144507
163.022 0.0169851 -0.0227351 2.02784 -2.01338 0.0144656
163.034 0.0170286 -0.0227444 2.01329 -1.99881 0.0144807
163.045 0.0170652 -0.0227562 1.99832 -1.98382 0.0144985
163.056 0.0171025 -0.0227688 1.98307 -1.96855 0.0145177
163.067 0.0171404 -0.0227851 1.96756 -1.95302 0.0145346
163.079 0.0171788 -0.0228023 1.95179 -1.93723 0.0145551
163.09 0.0172202 -0.022823 1.9357 -1.92113 0.0145689
163.101 0.0172585 -0.0228388 1.91934 -1.90476 0.0145826
163.112 0.0173005 -0.0228536 1.90269 -1.88809 0.0146
163.124 0.0173397 -0.0228653 1.88574 -1.87113 0.014611
163.135 0.0173818 -0.0228797 1.86848 -1.85386 0.0146241
163.146 0.0174204 -0.0228987 1.85092 -1.83628 0.0146383
163.157 0.0174599 -0.0229182 1.83307 -1.81842 0.0146547
163.169 0.0174979 -0.0229413 1.81498 -1.80031 0.0146697
163.18 0.0175366 -0.0229613 1.79653 -1.78185 0.014682
163.191 0.0175745 -0.0229809 1.7779 -1.7632 0.0146943
163.202 0.0176098 -0.0230039 1.75884 -1.74413 0.0147043
163.213 0.0176436 -0.0230254 1.73951 -1.7248 0.014715
163.225 0.0176782 -0.0230487 1.71991 -1.70518 0.0147219
163.236 0.0177132 -0.0230697 1.70004 -1.68531 0.0147339
163.247 0.0177495 -0.0230915 1.67989 -1.66514 0.0147424
163.258 0.0177835 -0.0231116 1.65947 -1.64471 0.0147588
163.27 0.0178165 -0.0231333 1.63879 -1.62402 0.0147695
163.281 0.0178523 -0.0231529 1.61787 -1.60309 0.0147799
163.292 0.0178845 -0.0231754 1.59667 -1.58188 0.0147903
163.303 0.0179225 -0.0232026 1.57532 -1.56052 0.0147998
163.315 0.0179581 -0.0232251 1.55377 -1.53895 0.0148154
163.326 0.0179917 -0.0232471 1.53186 -1.51704 0.0148259
163.337 0.0180267 -0.0232672 1.5096 -1.49476 0.0148378
163.348 0.0180576 -0.0232887 1.48722 -1.47237 0.0148518
163.36 0.0180878 -0.0233126 1.46458 -1.44971 0.0148657
163.371 0.0181201 -0.0233345 1.44174 -1.42686 0.0148793
163.382 0.0181514 -0.0233573 1.41872 -1.40382 0.0148939
163.393 0.0181825 -0.0233767 1.39551 -1.38061 0.0149036
163.404 0.018209 -0.0233958 1.37217 -1.35725 0.0149123
163.416 0.0182367 -0.0234171 1.34868 -1.33376 0.0149215
163.427 0.0182614 -0.0234393 1.32504 -1.31011 0.0149331
163.438 0.0182853 -0.0234644 1.30123 -1.28629 0.0149459
163.449 0.0183109 -0.0234896 1.27731 -1.26235 0.0149595
163.461 0.0183339 -0.0235181 1.25324 -1.23827 0.0149712
163.472 0.0183606 -0.0235472 1.22911 -1.21412 0.0149886
163.483 0.0183838 -0.0235765 1.20488 -1.18988 0.0150019
163.494 0.0184048 -0.0236016 1.18056 -1.16554 0.0150169
163.506 0.0184242 -0.0236257 1.15618 -1.14115 0.0150276
163.517 0.0184398 -0.023648 1.13175 -1.11671 0.0150397
163.528 0.0184562 -0.0236676 1.10729 -1.09224 0.0150488
163.539 0.0184692 -0.0236869 1.08285 -1.06779 0.0150595
163.551 0.0184789 -0.02371 1.05844 -1.04337 0.015067
163.562 0.0184864 -0.0237348 1.03406 -1.01899 0.0150764
163.573 0.0184985 -0.0237576 1.00983 -0.994737 0.0150889
163.584 0.0185094 -0.0237779 0.985696 -0.970595 0.0151011
163.596 0.0185191 -0.0237941 0.961603 -0.946491 0.0151124
163.607 0.0185315 -0.0238113 0.937641 -0.922517 0.0151236
163.618 0.0185423 -0.0238288 0.913798 -0.898667 0.0151307
163.629 0.0185487 -0.0238475 0.890102 -0.874963 0.0151386
163.64 0.0185579 -0.0238643 0.866602 -0.851452 0.0151493
163.652 0.0185679 -0.0238813 0.843274 -0.828116 0.0151577
163.663 0.0185787 -0.0238936 0.820094 -0.804929 0.0151645
163.674 0.0185894 -0.0239065 0.797163 -0.781989 0.0151733
163.685 0.0185966 -0.0239199 0.77445 -0.759271 0.0151797
163.697 0.0186045 -0.0239354 0.752036 -0.736851 0.0151852
163.708 0.0186104 -0.0239537 0.729838 -0.714648 0.0151896
163.719 0.0186157 -0.0239701 0.707884 -0.69269 0.0151933
163.73 0.0186251 -0.0239878 0.686165 -0.670969 0.0151953
163.742 0.0186336 -0.024006 0.66473 -0.649536 0.0151938
163.753 0.0186495 -0.0240271 0.643597 -0.628404 0.0151933
163.764 0.0186606 -0.0240465 0.62277 -0.607571 0.0151985
163.775 0.018672 -0.0240663 0.602279 -0.587077 0.0152022
163.787 0.0186816 -0.0240882 0.582123 -0.566916 0.0152067
163.798 0.0186881 -0.0241097 0.562273 -0.547062 0.0152102
163.809 0.018694 -0.0241306 0.542847 -0.527631 0.0152163
163.82 0.0186997 -0.0241519 0.523631 -0.508413 0.0152184
163.831 0.0187059 -0.0241694 0.504727 -0.489506 0.0152217
163.843 0.0187152 -0.0241864 0.48619 -0.470961 0.0152288
163.854 0.0187257 -0.0242046 0.467998 -0.452767 0.0152309
163.865 0.0187355 -0.0242262 0.450162 -0.43493 0.0152319
163.876 0.0187443 -0.024252 0.432684 -0.417457 0.0152274
163.888 0.0187546 -0.024277 0.415574 -0.400353 0.0152214
163.899 0.0187671 -0.024301 0.398809 -0.38359 0.0152189
163.91 0.0187791 -0.0243264 0.382484 -0.367266 0.0152181
163.921 0.0187898 -0.0243491 0.366398 -0.351183 0.0152149
163.933 0.0188049 -0.0243745 0.350646 -0.335434 0.0152123
163.944 0.0188187 -0.0243991 0.335277 -0.320065 0.0152125
163.955 0.0188304 -0.024428 0.320252 -0.30504 0.0152122
163.966 0.0188427 -0.0244542 0.305503 -0.290296 0.0152076
163.978 0.0188554 -0.0244813 0.291094 -0.275886 0.0152077
163.989 0.0188695 -0.0245114 0.276982 -0.261775 0.0152074
164 0.0188839 -0.0245353 0.263234 -0.24803 0.0152038
164.011 0.0188973 -0.024559 0.249706 -0.234504 0.0152019
164.022 0.0189107 -0.0245822 0.236471 -0.221275 0.015196
164.034 0.018923 -0.024603 0.223479 -0.208286 0.0151936
164.045 0.018937 -0.0246281 0.210761 -0.195566 0.0151947
164.056 0.0189479 -0.0246532 0.198289 -0.183089 0.0151995
164.067 0.0189587 -0.0246777 0.186031 -0.170828 0.0152033
164.079 0.0189686 -0.0247024 0.174017 -0.158807 0.0152097
164.09 0.0189801 -0.0247298 0.162225 -0.147008 0.0152167
164.101 0.0189888 -0.0247568 0.150623 -0.135406 0.015217
164.112 0.0189998 -0.0247861 0.13927 -0.124057 0.0152125
164.124 0.01901 -0.0248134 0.128113 -0.112902 0.0152113
164.135 0.0190216 -0.0248444 0.117133 -0.10192 0.0152123
164.146 0.0190272 -0.024878 0.106328 -0.0911149 0.0152135
164.157 0.0190364 -0.0249127 0.0956626 -0.0804482 0.0152144
164.169 0.0190486 -0.0249478 0.0851392 -0.0699222 0.015217
164.18 0.01906 -0.0249798 0.07479 -0.0595715 0.0152185
164.191 0.0190725 -0.0250083 0.0645857 -0.049362 0.0152236
164.202 0.019087 -0.0250408 0.0544599 -0.0392318 0.0152281
164.213 0.0191015 -0.0250723 0.0443494 -0.0291154 0.0152339
164.225 0.0191178 -0.0251059 0.0343908 -0.0191539 0.0152369
164.236 0.0191297 -0.0251386 0.0244505 -0.00921622 0.0152343
164.247 0.0191411 -0.0251697 0.0145606 0.000672364 0.015233
164.258 0.0191537 -0.0251995 0.00468442 0.010551 0.0152354
164.27 0.0191688 -0.0252271 -0.0052013 0.0204416 0.0152403
164.281 0.0191813 -0.025261 -0.0150771 0.0303199 0.0152428
164.292 0.0191896 -0.0252899 -0.0249398 0.0401795 0.0152397
164.303 0.0191941 -0.0253206 -0.0347936 0.05003 0.0152364
164.315 0.0192003 -0.0253531 -0.0446131 0.0598484 0.0152352
164.326 0.0192038 -0.0253851 -0.0544557 0.069691 0.0152353
164.337 0.0192063 -0.0254129 -0.0644278 0.0796629 0.0152351
164.348 0.0192054 -0.0254433 -0.0743249 0.0895662 0.0152413
164.36 0.0192041 -0.0254701 -0.0842905 0.0995356 0.0152451
164.371 0.0192023 -0.0254967 -0.0943606 0.10961 0.015249
164.382 0.0192029 -0.0255218 -0.104332 0.119586 0.0152538
164.393 0.0192022 -0.0255495 -0.114583 0.12984 0.0152566
164.404 0.0191993 -0.0255793 -0.12493 0.14019 0.0152599
164.416 0.0191964 -0.0256064 -0.135355 0.150617 0.015262
164.427 0.0191969 -0.0256301 -0.145867 0.161122 0.0152545
164.438 0.0191953 -0.0256525 -0.156471 0.171717 0.0152461
164.449 0.019196 -0.0256723 -0.167182 0.182421 0.0152392
164.461 0.019195 -0.0256939 -0.178003 0.193235 0.015232
164.472 0.019192 -0.0257138 -0.188924 0.204146 0.0152227
164.483 0.0191847 -0.0257361 -0.199963 0.215183 0.0152197
164.494 0.0191821 -0.0257534 -0.21127 0.226484 0.0152149
164.506 0.019179 -0.0257721 -0.222612 0.237822 0.0152098
164.517 0.0191777 -0.0257928 -0.234069 0.249274 0.0152045
164.528 0.0191771 -0.025813 -0.245646 0.260846 0.0152004
164.539 0.0191734 -0.02583 -0.257303 0.272497 0.0151943
164.551 0.0191709 -0.0258492 -0.269172 0.284357 0.0151856
164.562 0.0191654 -0.0258709 -0.281173 0.296347 0.0151745
164.573 0.0191614 -0.0258885 -0.293215 0.30838 0.0151649
164.584 0.0191572 -0.0259036 -0.305469 0.320623 0.0151542
164.596 0.0191513 -0.0259172 -0.317859 0.333 0.0151408
164.607 0.0191397 -0.0259321 -0.330404 0.345533 0.0151289
164.618 0.0191331 -0.0259484 -0.343076 0.358192 0.0151164
164.629 0.0191248 -0.025962 -0.355875 0.370978 0.0151028
164.64 0.0191176 -0.0259759 -0.36881 0.383901 0.0150908
164.652 0.0191103 -0.0259903 -0.381863 0.396941 0.0150778
164.663 0.0191018 -0.0260046 -0.394908 0.409976 0.0150674
164.674 0.0190953 -0.0260171 -0.408235 0.423289 0.0150539
164.685 0.0190895 -0.02603 -0.421637 0.436674 0.0150377
164.697 0.019084 -0.0260401 -0.435096 0.450116 0.0150198
164.708 0.0190767 -0.0260483 -0.448749 0.463757 0.0150078
164.719 0.019071 -0.0260546 -0.462488 0.477486 0.0149982
164.73 0.0190645 -0.026061 -0.476358 0.491348 0.0149901
164.742 0.019056 -0.0260665 -0.49033 0.505309 0.014979
164.753 0.0190475 -0.0260703 -0.504356 0.519327 0.0149704
164.764 0.0190369 -0.0260739 -0.518457 0.533413 0.014956
164.775 0.019028 -0.0260757 -0.532661 0.547604 0.0149425
164.787 0.019019 -0.0260776 -0.54688 0.561807 0.0149274
164.798 0.0190101 -0.0260793 -0.561204 0.576117 0.014913
164.809 0.0189959 -0.0260849 -0.575608 0.590509 0.0149012
164.82 0.0189864 -0.0260983 -0.590024 0.604918 0.0148938
164.831 0.0189748 -0.0261101 -0.604598 0.619483 0.0148857
164.843 0.0189691 -0.0261211 -0.619283 0.634164 0.0148808
164.854 0.0189573 -0.0261339 -0.633934 0.648806 0.0148716
164.865 0.0189459 -0.0261451 -0.648654 0.663517 0.0148633
164.876 0.0189371 -0.0261578 -0.663545 0.678399 0.0148535
164.888 0.0189325 -0.0261687 -0.67842 0.693267 0.014847
164.899 0.0189254 -0.0261793 -0.693349 0.708189 0.0148404
164.91 0.0189185 -0.0261888 -0.708312 0.723144 0.0148321
164.921 0.0189119 -0.0261959 -0.723259 0.738082 0.0148232
164.933 0.0189049 -0.0262017 -0.738187 0.752994 0.014807
164.944 0.0188993 -0.0262061 -0.753088 0.76788 0.0147926
164.955 0.0188928 -0.0262115 -0.767984 0.782765 0.014781
164.966 0.0188851 -0.0262172 -0.782826 0.797601 0.0147746
164.978 0.0188791 -0.0262235 -0.797587 0.812352 0.0147649
164.989 0.018876 -0.0262297 -0.812288 0.827044 0.0147554
165 0.0188737 -0.0262387 -0.826874 0.841623 0.0147489
165.011 0.0188689 -0.0262461 -0.84137 0.856113 0.0147431
165.022 0.0188654 -0.0262546 -0.855811 0.870546 0.0147351
165.034 0.0188632 -0.0262615 -0.870148 0.884873 0.0147251
165.045 0.0188611 -0.0262639 -0.884385 0.899097 0.0147121
165.056 0.0188581 -0.0262646 -0.898466 0.913165 0.014699
165.067 0.0188603 -0.0262673 -0.912317 0.927007 0.0146904
165.079 0.0188582 -0.0262702 -0.926021 0.940698 0.0146772
165.09 0.0188531 -0.0262774 -0.939506 0.95417 0.0146645
165.101 0.0188463 -0.0262823 -0.952679 0.96733 0.0146514
165.112 0.0188454 -0.0262895 -0.965743 0.980382 0.0146388
165.124 0.0188483 -0.0262955 -0.978545 0.99317 0.0146251
165.135 0.0188514 -0.026306 -0.991105 1.00572 0.0146118
165.146 0.0188489 -0.0263179 -1.00341 1.01801 0.0145964
165.157 0.0188396 -0.0263284 -1.01544 1.03003 0.0145853
165.169 0.0188328 -0.0263375 -1.02721 1.04178 0.0145742
165.18 0.0188327 -0.0263419 -1.03871 1.05328 0.0145645
165.191 0.0188328 -0.0263447 -1.04995 1.0645 0.0145545
165.202 0.018836 -0.0263503 -1.06085 1.07539 0.0145447
165.213 0.0188362 -0.0263563 -1.07143 1.08597 0.0145417
165.225 0.0188421 -0.0263642 -1.08169 1.09622 0.0145355
165.236 0.0188468 -0.0263682 -1.09158 1.10611 0.0145279
165.247 0.0188523 -0.0263717 -1.10117 1.11569 0.0145217
165.258 0.0188551 -0.0263757 -1.11045 1.12496 0.0145167
165.27 0.0188595 -0.0263794 -1.11935 1.13386 0.0145098
165.281 0.0188642 -0.0263846 -1.128 1.1425 0.0145031
165.292 0.0188731 -0.026392 -1.13643 1.15092 0.0144959
165.303 0.0188841 -0.026396 -1.14438 1.15887 0.0144908
165.315 0.0188958 -0.0263985 -1.15205 1.16654 0.0144898
165.326 0.0189092 -0.0264028 -1.1594 1.17388 0.0144866
165.337 0.018922 -0.0264103 -1.16642 1.1809 0.0144804
165.348 0.018934 -0.0264187 -1.17313 1.18761 0.0144774
165.36 0.0189478 -0.0264273 -1.17953 1.19401 0.0144786
165.371 0.0189612 -0.0264354 -1.18564 1.20011 0.0144712
165.382 0.0189758 -0.0264435 -1.19147 1.20593 0.0144667
165.393 0.0189953 -0.0264512 -1.19706 1.21153 0.0144635
165.404 0.0190122 -0.0264589 -1.20239 1.21685 0.0144612
165.416 0.0190286 -0.0264658 -1.20743 1.22189 0.0144573
165.427 0.0190483 -0.026473 -1.21218 1.22663 0.0144544
165.438 0.0190745 -0.0264745 -1.21665 1.23109 0.0144459
165.449 0.019103 -0.0264772 -1.22088 1.23532 0.0144401
165.461 0.0191331 -0.0264793 -1.22488 1.23932 0.0144354
165.472 0.0191656 -0.0264832 -1.22868 1.2431 0.0144227
165.483 0.0191947 -0.0264846 -1.23228 1.2467 0.0144132
165.494 0.0192209 -0.0264836 -1.23573 1.25014 0.0144041
165.506 0.0192464 -0.026481 -1.23902 1.25341 0.014394
165.517 0.0192735 -0.0264819 -1.24216 1.25654 0.0143796
165.528 0.0193031 -0.0264863 -1.24512 1.25949 0.0143634
165.539 0.0193308 -0.0264873 -1.248 1.26235 0.0143449
165.551 0.019355 -0.0264858 -1.25076 1.26509 0.0143272
165.562 0.0193799 -0.0264838 -1.25343 1.26774 0.014312
165.573 0.0194032 -0.0264808 -1.25602 1.27032 0.0142963
165.584 0.0194277 -0.0264794 -1.25855 1.27283 0.0142833
165.596 0.0194582 -0.0264764 -1.26105 1.27532 0.0142684
165.607 0.0194911 -0.0264775 -1.26356 1.27781 0.0142545
165.618 0.0195222 -0.0264768 -1.26608 1.28033 0.0142405
165.629 0.0195536 -0.0264791 -1.26863 1.28286 0.0142229
165.64 0.0195869 -0.0264821 -1.27122 1.28543 0.0142042
165.652 0.0196189 -0.0264832 -1.27386 1.28805 0.0141818
165.663 0.0196509 -0.0264828 -1.27657 1.29074 0.014166
165.674 0.0196791 -0.0264787 -1.27939 1.29354 0.0141461
165.685 0.0197093 -0.0264732 -1.28229 1.29642 0.0141299
165.697 0.0197352 -0.0264737 -1.2853 1.29941 0.0141107
165.708 0.0197613 -0.0264709 -1.2884 1.30249 0.0140954
165.719 0.0197866 -0.0264694 -1.29166 1.30574 0.0140786
165.73 0.0198125 -0.0264696 -1.29508 1.30914 0.0140608
165.742 0.0198366 -0.0264684 -1.29866 1.31271 0.0140415
165.753 0.0198642 -0.0264688 -1.30242 1.31644 0.0140215
165.764 0.0198927 -0.026473 -1.30633 1.32033 0.014004
165.775 0.0199192 -0.0264743 -1.31041 1.3244 0.0139844
165.787 0.0199433 -0.0264759 -1.31472 1.32868 0.0139648
165.798 0.0199685 -0.026475 -1.31922 1.33317 0.0139466
165.809 0.0199979 -0.0264797 -1.32398 1.33791 0.0139285
165.82 0.020027 -0.0264845 -1.32896 1.34286 0.0139055
165.831 0.0200522 -0.0264875 -1.33414 1.34803 0.0138848
165.843 0.0200777 -0.0264907 -1.33952 1.35338 0.0138624
165.854 0.0201039 -0.02649 -1.34516 1.359 0.0138398
165.865 0.0201286 -0.0264899 -1.35116 1.36497 0.0138173
165.876 0.0201544 -0.0264896 -1.35737 1.37116 0.0137908
165.888 0.0201815 -0.0264882 -1.36384 1.37761 0.0137652
165.899 0.0202073 -0.0264929 -1.37057 1.38431 0.0137402
165.91 0.020236 -0.0264935 -1.37756 1.39127 0.013715
165.921 0.0202645 -0.0264959 -1.3848 1.39848 0.0136892
165.933 0.0202927 -0.0264963 -1.3922 1.40586 0.0136614
165.944 0.0203224 -0.0264977 -1.39989 1.41352 0.0136339
165.955 0.0203477 -0.0265017 -1.40781 1.42141 0.0136064
165.966 0.020372 -0.0265083 -1.41594 1.42952 0.0135826
165.978 0.020397 -0.0265179 -1.42429 1.43785 0.0135588
165.989 0.0204216 -0.0265303 -1.43287 1.44641 0.0135357
166 0.0204502 -0.026545 -1.44167 1.45518 0.0135178
166.011 0.0204789 -0.0265557 -1.45067 1.46417 0.0134988
166.022 0.020504 -0.0265636 -1.45986 1.47334 0.0134853
166.034 0.0205332 -0.0265764 -1.46927 1.48274 0.0134721
166.045 0.0205601 -0.0265888 -1.47887 1.49233 0.013457
166.056 0.0205859 -0.0266017 -1.48861 1.50206 0.0134456
166.067 0.0206109 -0.0266146 -1.4985 1.51194 0.0134363
166.079 0.0206387 -0.0266274 -1.50851 1.52194 0.013428
166.09 0.0206669 -0.0266409 -1.51862 1.53204 0.0134204
166.101 0.0206965 -0.0266536 -1.52884 1.54226 0.0134206
166.112 0.0207216 -0.0266649 -1.53918 1.55261 0.0134222
166.124 0.0207507 -0.0266765 -1.54962 1.56305 0.0134261
166.135 0.0207763 -0.026689 -1.56012 1.57355 0.0134303
166.146 0.0207987 -0.026705 -1.57065 1.58409 0.0134372
166.157 0.0208218 -0.0267213 -1.5812 1.59464 0.0134412
166.169 0.0208486 -0.0267418 -1.5917 1.60515 0.0134505
166.18 0.0208775 -0.0267629 -1.60222 1.61568 0.0134574
166.191 0.0209054 -0.0267833 -1.61275 1.62622 0.0134707
166.202 0.0209324 -0.0268026 -1.62329 1.63677 0.0134804
166.213 0.0209594 -0.0268263 -1.63384 1.64733 0.0134891
166.225 0.020982 -0.0268501 -1.6443 1.6578 0.0134995
166.236 0.0210041 -0.0268714 -1.65467 1.66818 0.0135093
166.247 0.0210292 -0.0268886 -1.66498 1.6785 0.0135254
166.258 0.0210549 -0.0269083 -1.6752 1.68874 0.0135466
166.27 0.021079 -0.0269277 -1.68539 1.69896 0.0135673
166.281 0.0211043 -0.02695 -1.69551 1.70909 0.0135858
166.292 0.0211329 -0.0269738 -1.7055 1.7191 0.0136058
166.303 0.0211588 -0.0269972 -1.71534 1.72897 0.0136293
166.315 0.0211811 -0.0270199 -1.72505 1.7387 0.0136525
166.326 0.0212018 -0.0270449 -1.73459 1.74827 0.0136725
166.337 0.0212222 -0.0270667 -1.74394 1.75763 0.0136939
166.348 0.0212427 -0.027094 -1.75312 1.76684 0.013718
166.36 0.0212624 -0.0271207 -1.76212 1.77586 0.0137399
166.371 0.0212812 -0.0271467 -1.77093 1.78469 0.0137673
166.382 0.0212987 -0.0271713 -1.77954 1.79334 0.013792
166.393 0.0213165 -0.0271925 -1.78796 1.80178 0.0138183
166.404 0.0213351 -0.0272191 -1.79613 1.80998 0.0138458
166.416 0.0213541 -0.0272463 -1.80406 1.81793 0.0138727
166.427 0.0213711 -0.0272686 -1.81173 1.82563 0.0138987
166.438 0.0213878 -0.0272901 -1.81915 1.83308 0.0139255
166.449 0.0214051 -0.0273123 -1.82632 1.84027 0.0139521
166.461 0.0214189 -0.0273379 -1.83323 1.84721 0.0139788
166.472 0.0214365 -0.027362 -1.83986 1.85387 0.0140095
166.483 0.0214549 -0.02738 -1.84627 1.86031 0.014039
166.494 0.0214704 -0.0273994 -1.85237 1.86644 0.0140672
166.506 0.021484 -0.0274214 -1.85817 1.87227 0.0141008
166.517 0.0214946 -0.0274418 -1.86365 1.87778 0.0141318
166.528 0.0215052 -0.0274618 -1.86882 1.88299 0.0141676
166.539 0.0215177 -0.0274823 -1.87368 1.88789 0.0142036
166.551 0.0215294 -0.0275036 -1.87818 1.89241 0.0142373
166.562 0.0215396 -0.0275232 -1.88239 1.89666 0.0142739
166.573 0.021553 -0.0275471 -1.88611 1.90042 0.014311
166.584 0.021567 -0.0275719 -1.88972 1.90407 0.0143497
166.596 0.0215822 -0.0275931 -1.89303 1.90742 0.0143869
166.607 0.0215988 -0.0276124 -1.89605 1.91048 0.0144241
166.618 0.0216178 -0.0276314 -1.89871 1.91317 0.0144616
166.629 0.0216323 -0.0276531 -1.90099 1.91549 0.0144984
166.64 0.0216423 -0.0276721 -1.90292 1.91746 0.0145413
166.652 0.021655 -0.0276951 -1.90453 1.91912 0.0145862
166.663 0.0216668 -0.0277179 -1.90577 1.92039 0.0146265
166.674 0.0216773 -0.0277388 -1.90662 1.92129 0.0146689
166.685 0.0216876 -0.0277588 -1.90714 1.92185 0.0147101
166.697 0.0216962 -0.0277783 -1.90732 1.92207 0.0147541
166.708 0.021704 -0.0277951 -1.9072 1.922 0.0147965
166.719 0.021712 -0.0278121 -1.90674 1.92158 0.0148399
166.73 0.0217189 -0.0278299 -1.90589 1.92077 0.0148803
166.742 0.0217224 -0.0278507 -1.90469 1.91961 0.0149234
166.753 0.0217288 -0.0278714 -1.90311 1.91808 0.0149667
166.764 0.0217308 -0.0278934 -1.90115 1.91616 0.0150116
166.775 0.0217338 -0.0279148 -1.8989 1.91395 0.0150559
166.787 0.0217379 -0.0279371 -1.89629 1.91139 0.0150987
166.798 0.0217369 -0.0279547 -1.89336 1.9085 0.0151413
166.809 0.0217412 -0.0279745 -1.89003 1.90521 0.0151815
166.82 0.021747 -0.0279941 -1.88632 1.90154 0.0152213
166.831 0.0217506 -0.0280155 -1.88227 1.89753 0.0152635
166.843 0.0217574 -0.0280346 -1.87784 1.89314 0.0153053
166.854 0.0217621 -0.0280551 -1.87305 1.88839 0.0153459
166.865 0.0217669 -0.028076 -1.86786 1.88325 0.0153835
166.876 0.0217685 -0.0280988 -1.86237 1.87778 0.0154137
166.888 0.0217691 -0.0281193 -1.85649 1.87194 0.0154461
166.899 0.0217699 -0.0281403 -1.85031 1.86578 0.0154735
166.91 0.0217684 -0.028165 -1.84374 1.85924 0.0155037
166.921 0.0217697 -0.0281905 -1.83684 1.85238 0.0155361
166.933 0.0217731 -0.0282135 -1.82964 1.84521 0.0155678
166.944 0.0217724 -0.0282367 -1.82212 1.83772 0.0155981
166.955 0.021777 -0.0282602 -1.8142 1.82983 0.0156294
166.966 0.0217766 -0.0282833 -1.80596 1.82162 0.0156597
166.978 0.0217759 -0.0283021 -1.79741 1.8131 0.0156897
166.989 0.0217759 -0.0283242 -1.7885 1.80422 0.0157201
167 0.0217775 -0.0283462 -1.77925 1.795 0.0157504
167.011 0.0217688 -0.0283635 -1.76963 1.78541 0.0157805
167.022 0.0217627 -0.0283788 -1.7597 1.77552 0.015814
167.034 0.0217571 -0.0284014 -1.74946 1.76531 0.0158448
167.045 0.0217499 -0.0284231 -1.73889 1.75476 0.0158781
167.056 0.021741 -0.0284408 -1.72802 1.74394 0.0159114
167.067 0.0217366 -0.0284564 -1.71686 1.73281 0.0159463
167.079 0.0217313 -0.0284736 -1.70541 1.72139 0.0159838
167.09 0.021724 -0.028492 -1.69368 1.7097 0.0160216
167.101 0.0217166 -0.0285087 -1.6816 1.69766 0.016058
167.11 0.0217082 -0.0285246 -1.67155 1.68764 0.0160895
167.12 0.0217 -0.0285399 -1.66113 1.67725 0.0161223
167.129 0.0216888 -0.0285549 -1.65037 1.66652 0.0161566
167.139 0.0216749 -0.0285709 -1.63914 1.65533 0.0161916
167.149 0.021661 -0.0285866 -1.62761 1.64384 0.0162314
167.159 0.021649 -0.0285999 -1.61577 1.63204 0.0162715
167.169 0.0216309 -0.0286177 -1.60363 1.61994 0.0163098
167.179 0.0216123 -0.0286366 -1.59116 1.6075 0.0163464
167.19 0.021594 -0.0286579 -1.5785 1.59489 0.0163844
167.2 0.0215721 -0.0286777 -1.56546 1.58188 0.0164257
167.211 0.0215487 -0.0286981 -1.55204 1.5685 0.0164679
167.221 0.0215282 -0.0287208 -1.53849 1.555 0.0165085
167.232 0.0215099 -0.0287449 -1.5246 1.54116 0.0165515
167.243 0.0214899 -0.0287675 -1.51055 1.52713 0.0165864
167.253 0.0214709 -0.0287897 -1.4963 1.51292 0.0166208
167.264 0.0214504 -0.0288118 -1.48165 1.4983 0.0166581
167.275 0.0214306 -0.0288317 -1.46681 1.48351 0.0166962
167.286 0.0214123 -0.0288458 -1.45179 1.46852 0.0167307
167.296 0.0213894 -0.0288623 -1.43656 1.45333 0.0167705
167.307 0.0213643 -0.0288799 -1.42104 1.43784 0.0168064
167.318 0.0213371 -0.0288973 -1.40534 1.42219 0.0168464
167.329 0.0213134 -0.0289153 -1.38955 1.40644 0.0168908
167.34 0.0212925 -0.0289322 -1.37359 1.39053 0.0169356
167.351 0.0212705 -0.0289543 -1.35759 1.37457 0.0169764
167.362 0.0212435 -0.0289732 -1.34148 1.3585 0.0170252
167.373 0.0212139 -0.0289861 -1.32527 1.34234 0.0170744
167.384 0.0211847 -0.0290023 -1.30893 1.32605 0.0171222
167.395 0.0211555 -0.0290183 -1.29253 1.3097 0.0171688
167.406 0.0211262 -0.0290331 -1.27604 1.29326 0.0172167
167.418 0.0210967 -0.0290481 -1.25913 1.2764 0.0172651
167.429 0.0210639 -0.0290597 -1.24219 1.2595 0.017318
167.44 0.0210374 -0.0290742 -1.22522 1.24258 0.0173659
167.451 0.0210132 -0.0290873 -1.20812 1.22553 0.0174084
167.462 0.0209888 -0.0291025 -1.19096 1.20841 0.0174533
167.474 0.0209635 -0.029117 -1.17378 1.19128 0.0174957
167.485 0.0209386 -0.0291315 -1.15654 1.17408 0.0175379
167.496 0.0209131 -0.0291409 -1.13924 1.15682 0.0175845
167.507 0.0208906 -0.0291548 -1.12194 1.13956 0.0176283
167.518 0.0208673 -0.0291678 -1.10453 1.1222 0.0176729
167.53 0.0208473 -0.0291825 -1.08712 1.10484 0.0177222
167.541 0.0208265 -0.0291918 -1.06973 1.0875 0.0177701
167.552 0.0208082 -0.0292038 -1.05238 1.0702 0.0178189
167.563 0.02079 -0.0292136 -1.03508 1.05294 0.0178671
167.574 0.0207688 -0.0292284 -1.01779 1.0357 0.017913
167.586 0.0207487 -0.0292394 -1.00056 1.01852 0.0179615
167.597 0.0207279 -0.0292491 -0.983385 1.00139 0.0180099
167.608 0.0207088 -0.0292583 -0.966252 0.984309 0.0180565
167.619 0.0206874 -0.0292662 -0.949168 0.967265 0.0180963
167.63 0.020667 -0.0292743 -0.932111 0.950253 0.0181418
167.642 0.0206461 -0.0292808 -0.915139 0.933323 0.0181849
167.653 0.0206242 -0.029289 -0.898267 0.916499 0.0182318
167.664 0.0206027 -0.0292916 -0.881528 0.899807 0.0182794
167.675 0.0205771 -0.0292964 -0.864945 0.883272 0.0183277
167.686 0.020549 -0.0293018 -0.848542 0.866917 0.0183752
167.698 0.0205252 -0.0293057 -0.832262 0.850684 0.0184215
167.709 0.0204985 -0.0293104 -0.816152 0.834623 0.018471
167.72 0.0204734 -0.0293144 -0.800213 0.818738 0.0185244
167.731 0.020446 -0.0293174 -0.784479 0.803053 0.018574
167.742 0.0204216 -0.0293207 -0.769013 0.78763 0.0186178
167.754 0.0203965 -0.0293185 -0.753576 0.772238 0.0186613
167.765 0.0203713 -0.0293169 -0.738644 0.757349 0.0187058
167.776 0.0203452 -0.0293153 -0.723923 0.742671 0.0187479
167.787 0.0203209 -0.0293156 -0.709511 0.728301 0.0187901
167.798 0.02029 -0.0293195 -0.695356 0.714192 0.018836
167.81 0.0202589 -0.0293223 -0.681546 0.700427 0.0188814
167.821 0.0202288 -0.0293203 -0.66812 0.687049 0.0189289
167.832 0.0201994 -0.0293168 -0.655126 0.674104 0.0189786
167.843 0.02017 -0.0293079 -0.642565 0.661588 0.0190236
167.854 0.0201393 -0.0293007 -0.630417 0.649482 0.0190649
167.866 0.0201084 -0.0292965 -0.61872 0.637828 0.0191079
167.877 0.0200778 -0.0292934 -0.607434 0.626583 0.019149
167.888 0.0200464 -0.0292899 -0.596649 0.615838 0.0191898
167.899 0.0200156 -0.0292854 -0.586444 0.605675 0.019231
167.91 0.0199821 -0.0292829 -0.576704 0.595971 0.0192671
167.922 0.0199486 -0.0292857 -0.567475 0.586779 0.0193046
167.933 0.0199142 -0.0292838 -0.558817 0.57816 0.0193429
167.944 0.0198796 -0.029282 -0.550682 0.570064 0.0193824
167.955 0.0198402 -0.0292796 -0.543157 0.562576 0.0194193
167.966 0.019805 -0.0292809 -0.536285 0.555739 0.0194537
167.978 0.0197682 -0.0292845 -0.530099 0.549587 0.0194882
167.989 0.0197352 -0.0292874 -0.524511 0.544033 0.0195229
168 0.0197029 -0.02929 -0.519609 0.539168 0.019559
168.011 0.019671 -0.0292915 -0.515532 0.535123 0.019591
168.022 0.0196367 -0.0292914 -0.512258 0.531879 0.0196214
168.034 0.019598 -0.0292848 -0.509802 0.529454 0.0196519
168.045 0.0195591 -0.0292832 -0.508146 0.527829 0.0196828
168.056 0.0195263 -0.02928 -0.50741 0.527126 0.0197153
168.067 0.0194951 -0.0292783 -0.507519 0.527268 0.0197481
168.079 0.0194596 -0.0292667 -0.508537 0.528318 0.0197816
168.09 0.0194279 -0.0292604 -0.510479 0.53029 0.0198113
168.101 0.0193966 -0.0292546 -0.513326 0.533167 0.0198409
168.112 0.0193615 -0.0292553 -0.517138 0.537008 0.0198705
168.124 0.019326 -0.0292505 -0.521965 0.541864 0.0198998
168.135 0.0192889 -0.0292489 -0.527876 0.547808 0.0199325
168.146 0.0192523 -0.0292544 -0.534837 0.554801 0.0199643
168.157 0.0192195 -0.0292629 -0.542834 0.562826 0.0199923
168.169 0.0191865 -0.0292715 -0.551964 0.571991 0.0200269
168.18 0.0191523 -0.0292791 -0.562154 0.58221 0.0200564
168.191 0.0191199 -0.0292883 -0.573512 0.593599 0.0200873
168.202 0.0190873 -0.0293006 -0.586098 0.606216 0.0201175
168.213 0.0190592 -0.0293068 -0.59984 0.61999 0.0201502
168.225 0.0190255 -0.0293117 -0.614696 0.634875 0.0201791
168.236 0.0189921 -0.0293145 -0.63065 0.65086 0.0202092
168.247 0.0189629 -0.0293198 -0.647768 0.668007 0.0202392
168.258 0.0189335 -0.0293268 -0.666162 0.686435 0.0202726
168.27 0.0189057 -0.0293401 -0.685692 0.706001 0.0203096
168.281 0.0188786 -0.0293571 -0.706538 0.72688 0.0203418
168.292 0.0188503 -0.0293752 -0.728566 0.748938 0.0203727
168.303 0.0188221 -0.0293915 -0.751705 0.772114 0.0204086
168.315 0.0188005 -0.0294036 -0.776083 0.796524 0.0204408
168.326 0.018777 -0.0294255 -0.801753 0.822221 0.0204679
168.337 0.0187528 -0.0294439 -0.828723 0.849224 0.0205006
168.348 0.01873 -0.029459 -0.856964 0.877494 0.0205302
168.36 0.0187091 -0.0294733 -0.886467 0.907024 0.0205566
168.371 0.0186869 -0.0294935 -0.91709 0.937674 0.0205839
168.382 0.0186674 -0.0295196 -0.949009 0.969624 0.0206149
168.393 0.0186497 -0.0295464 -0.982186 1.00283 0.0206434
168.404 0.0186336 -0.0295731 -1.0166 1.03728 0.0206723
168.416 0.0186187 -0.029603 -1.05232 1.07302 0.0206956
168.427 0.0186046 -0.0296337 -1.08929 1.11 0.0207164
168.438 0.0185913 -0.0296664 -1.12749 1.14823 0.0207409
168.449 0.0185806 -0.0296934 -1.16683 1.18759 0.0207595
168.461 0.0185735 -0.0297228 -1.20734 1.22811 0.0207787
168.472 0.0185642 -0.0297489 -1.2489 1.2697 0.0207955
168.483 0.018555 -0.0297801 -1.29159 1.31241 0.0208137
168.494 0.0185493 -0.0298084 -1.33536 1.35619 0.0208301
168.506 0.0185369 -0.0298355 -1.38001 1.40086 0.0208452
168.517 0.0185217 -0.0298578 -1.42556 1.44641 0.0208551
168.528 0.0185077 -0.0298807 -1.47197 1.49284 0.0208718
168.539 0.0184936 -0.0299058 -1.51927 1.54016 0.0208875
168.551 0.0184825 -0.0299323 -1.56738 1.58828 0.0208988
168.562 0.0184777 -0.0299579 -1.61636 1.63727 0.020915
168.573 0.0184777 -0.0299842 -1.66605 1.68698 0.0209286
168.584 0.0184759 -0.0300077 -1.71648 1.73742 0.0209474
168.596 0.01847 -0.0300312 -1.76755 1.78851 0.0209603
168.607 0.018462 -0.0300523 -1.81921 1.84018 0.0209752
168.618 0.0184569 -0.0300748 -1.87139 1.89237 0.0209883
168.629 0.0184541 -0.0300949 -1.92406 1.94506 0.021005
168.64 0.0184558 -0.0301152 -1.97722 1.99824 0.0210162
168.652 0.0184579 -0.0301365 -2.03075 2.05177 0.0210273
168.662 0.0184596 -0.0301581 -2.07971 2.10075 0.0210387
168.672 0.0184615 -0.0301748 -2.12878 2.14983 0.0210455
168.682 0.018464 -0.0301892 -2.17796 2.19902 0.0210544
168.693 0.0184622 -0.0302045 -2.22887 2.24994 0.0210614
168.704 0.0184615 -0.0302233 -2.27987 2.30094 0.0210714
168.714 0.0184603 -0.0302435 -2.33096 2.35204 0.0210776
168.725 0.0184595 -0.0302598 -2.38199 2.40307 0.0210773
168.735 0.0184607 -0.0302777 -2.43291 2.45399 0.0210811
168.746 0.0184552 -0.0302951 -2.48371 2.50479 0.0210777
168.757 0.0184512 -0.0303114 -2.53424 2.55531 0.0210742
168.767 0.0184497 -0.0303271 -2.58446 2.60554 0.0210802
168.778 0.0184495 -0.0303432 -2.63435 2.65544 0.0210857
168.788 0.0184477 -0.0303576 -2.6839 2.70498 0.0210878
168.799 0.0184513 -0.0303715 -2.73313 2.75422 0.0210945
168.809 0.0184521 -0.0303857 -2.78199 2.80309 0.0210998
168.82 0.0184495 -0.0304002 -2.83047 2.85157 0.0211019
168.831 0.018447 -0.0304098 -2.87844 2.89955 0.0211064
168.841 0.0184405 -0.0304283 -2.92588 2.94699 0.0211143
168.852 0.0184403 -0.0304445 -2.97275 2.99388 0.0211251
168.862 0.0184368 -0.0304679 -3.01914 3.04028 0.0211379
168.873 0.0184331 -0.0304926 -3.06493 3.08608 0.0211499
168.884 0.0184322 -0.0305202 -3.11007 3.13123 0.0211614
168.894 0.0184339 -0.0305442 -3.15452 3.17569 0.0211724
168.905 0.0184368 -0.030567 -3.19826 3.21944 0.0211836
168.915 0.0184401 -0.0305895 -3.2413 3.2625 0.0211942
168.926 0.0184459 -0.0306084 -3.28358 3.30479 0.0212075
168.936 0.0184514 -0.0306275 -3.32503 3.34625 0.0212211
168.947 0.0184624 -0.0306438 -3.36575 3.38697 0.0212242
168.958 0.0184713 -0.0306629 -3.40562 3.42685 0.0212328
168.968 0.0184814 -0.0306791 -3.44465 3.46589 0.0212389
168.979 0.0184913 -0.030691 -3.48282 3.50407 0.0212459
168.989 0.0185042 -0.0307001 -3.52008 3.54133 0.0212525
169 0.0185199 -0.0307124 -3.55645 3.57771 0.0212586
169.011 0.0185382 -0.0307176 -3.59399 3.61526 0.0212639
169.022 0.0185612 -0.0307228 -3.63042 3.6517 0.0212761
169.034 0.018579 -0.0307314 -3.66571 3.687 0.021288
169.045 0.0185961 -0.0307392 -3.69984 3.72114 0.0212968
169.056 0.0186107 -0.0307456 -3.73273 3.75404 0.021311
169.067 0.0186247 -0.0307517 -3.76435 3.78567 0.0213232
169.079 0.018643 -0.0307547 -3.79466 3.81599 0.021332
169.09 0.0186629 -0.0307621 -3.82365 3.84499 0.0213446
169.101 0.0186805 -0.0307659 -3.85134 3.8727 0.0213594
169.112 0.0186983 -0.0307722 -3.87768 3.89905 0.0213665
169.124 0.0187177 -0.0307798 -3.90267 3.92405 0.0213783
169.135 0.018736 -0.0307874 -3.92623 3.94762 0.0213906
169.146 0.0187543 -0.0307964 -3.94846 3.96986 0.0214051
169.157 0.0187743 -0.0308002 -3.96921 3.99063 0.021418
169.169 0.0187971 -0.0308037 -3.98861 4.01005 0.0214338
169.18 0.0188151 -0.0308059 -4.00658 4.02803 0.0214472
169.191 0.0188362 -0.0308065 -4.023 4.04446 0.0214631
169.202 0.0188547 -0.0308044 -4.03792 4.0594 0.021482
169.213 0.0188749 -0.0308091 -4.05134 4.07284 0.0215001
169.225 0.0188962 -0.0308118 -4.06325 4.08477 0.0215202
169.236 0.0189142 -0.0308149 -4.07361 4.09515 0.0215349
169.247 0.018933 -0.0308161 -4.08244 4.10398 0.0215479
169.258 0.018954 -0.0308164 -4.08967 4.11123 0.0215611
169.27 0.0189736 -0.030818 -4.0954 4.11698 0.0215799
169.281 0.0189965 -0.0308193 -4.09961 4.12121 0.0215943
169.292 0.0190142 -0.0308196 -4.10242 4.12403 0.0216128
169.303 0.0190344 -0.0308147 -4.10376 4.12539 0.0216333
169.315 0.0190547 -0.030812 -4.10359 4.12525 0.0216582
169.326 0.0190776 -0.030811 -4.10195 4.12363 0.0216832
169.337 0.0190984 -0.0308056 -4.09887 4.12058 0.0217093
169.348 0.0191153 -0.0308042 -4.09433 4.11606 0.0217348
169.36 0.0191368 -0.0308013 -4.08834 4.1101 0.0217616
169.371 0.0191592 -0.0308004 -4.08097 4.10276 0.0217887
169.382 0.0191751 -0.0308014 -4.0723 4.09411 0.0218119
169.393 0.0191911 -0.0308029 -4.06244 4.08428 0.0218401
169.404 0.0192058 -0.0308076 -4.05131 4.07317 0.0218689
169.416 0.0192177 -0.0308115 -4.03913 4.06103 0.0218971
169.427 0.0192328 -0.0308138 -4.02582 4.04776 0.0219328
169.438 0.0192439 -0.0308194 -4.01162 4.03359 0.021972
169.449 0.0192562 -0.0308288 -3.99648 4.01849 0.0220105
169.461 0.0192694 -0.0308353 -3.9805 4.00255 0.0220485
169.472 0.0192817 -0.0308372 -3.96375 3.98584 0.0220865
169.483 0.0192942 -0.0308395 -3.94641 3.96853 0.0221255
169.494 0.0193076 -0.0308468 -3.9285 3.95067 0.0221633
169.506 0.0193211 -0.0308518 -3.91022 3.93242 0.0222044
169.517 0.0193349 -0.0308563 -3.89155 3.91379 0.0222471
169.528 0.01935 -0.0308607 -3.87256 3.89486 0.022294
169.539 0.0193629 -0.0308659 -3.85343 3.87577 0.0223389
169.551 0.0193768 -0.0308712 -3.83425 3.85663 0.022377
169.562 0.0193935 -0.0308728 -3.81502 3.83744 0.0224187
169.573 0.019407 -0.0308768 -3.79592 3.81838 0.0224615
169.584 0.0194164 -0.0308809 -3.77695 3.79945 0.0225009
169.596 0.0194245 -0.030892 -3.75823 3.78077 0.0225422
169.607 0.0194356 -0.0309008 -3.73979 3.76238 0.0225829
169.618 0.0194506 -0.0309098 -3.72167 3.74429 0.0226212
169.629 0.019468 -0.030912 -3.70394 3.7266 0.022661
169.64 0.019484 -0.0309173 -3.68668 3.70938 0.0226969
169.652 0.0194975 -0.0309175 -3.66993 3.69267 0.0227329
169.663 0.0195188 -0.0309186 -3.65371 3.67648 0.0227708
169.674 0.0195378 -0.0309182 -3.63852 3.66132 0.0228004
169.685 0.0195464 -0.0309136 -3.62384 3.64667 0.0228311
169.695 0.0195584 -0.0309091 -3.61025 3.63312 0.0228648
169.706 0.0195753 -0.0309125 -3.59733 3.62023 0.0228991
169.716 0.0195911 -0.0309195 -3.58547 3.6084 0.0229302
169.726 0.0196025 -0.0309288 -3.5742 3.59716 0.022962
169.736 0.0196129 -0.0309386 -3.56355 3.58655 0.0229948
169.746 0.0196217 -0.0309487 -3.55359 3.57662 0.0230297
169.756 0.019632 -0.0309541 -3.54428 3.56735 0.0230652
169.767 0.0196517 -0.0309582 -3.53562 3.55873 0.0231035
169.777 0.0196676 -0.0309618 -3.52726 3.5504 0.0231435
169.788 0.0196816 -0.0309641 -3.51958 3.54276 0.0231859
169.798 0.0196954 -0.0309667 -3.51266 3.53588 0.0232265
169.809 0.0197102 -0.0309668 -3.50656 3.52982 0.0232614
169.82 0.0197237 -0.0309659 -3.50126 3.52456 0.0233012
169.83 0.0197413 -0.0309639 -3.49685 3.52019 0.0233398
169.841 0.0197596 -0.0309666 -3.4933 3.51668 0.0233773
169.851 0.0197817 -0.0309685 -3.49064 3.51406 0.0234144
169.862 0.0198058 -0.0309688 -3.48889 3.51235 0.0234524
169.873 0.0198314 -0.0309686 -3.48797 3.51147 0.0234911
169.883 0.0198531 -0.0309708 -3.48789 3.51142 0.0235288
169.894 0.0198736 -0.0309691 -3.48867 3.51223 0.0235657
169.905 0.0198909 -0.0309698 -3.49032 3.51392 0.0236007
169.915 0.0199095 -0.0309688 -3.4928 3.51644 0.0236373
169.926 0.0199315 -0.0309647 -3.4962 3.51987 0.0236716
169.936 0.0199541 -0.0309623 -3.50043 3.52414 0.0237048
169.947 0.019974 -0.0309536 -3.50549 3.52923 0.0237441
169.958 0.019993 -0.0309442 -3.51138 3.53516 0.0237816
169.968 0.0200121 -0.0309303 -3.51802 3.54184 0.0238194
169.979 0.0200268 -0.030919 -3.52539 3.54925 0.0238555
169.989 0.0200413 -0.0309073 -3.53358 3.55748 0.023893
170 0.0200593 -0.0308943 -3.5426 3.56653 0.0239292
170.011 0.0200759 -0.0308816 -3.55296 3.57693 0.023969
170.022 0.0200957 -0.0308683 -3.56407 3.58808 0.0240096
170.034 0.0201099 -0.0308578 -3.5759 3.59995 0.0240497
170.045 0.0201241 -0.0308472 -3.5884 3.61249 0.024093
170.056 0.0201376 -0.030836 -3.60156 3.6257 0.0241376
170.067 0.0201521 -0.0308239 -3.6153 3.63949 0.0241844
170.079 0.0201642 -0.0308168 -3.62963 3.65386 0.0242306
170.09 0.0201743 -0.030805 -3.64457 3.66884 0.0242678
170.101 0.0201854 -0.0307953 -3.66001 3.68431 0.024304
170.112 0.0201938 -0.0307824 -3.67584 3.70018 0.0243397
170.124 0.0202044 -0.0307722 -3.69202 3.7164 0.0243743
170.135 0.0202161 -0.030758 -3.70846 3.73287 0.0244028
170.146 0.0202238 -0.0307452 -3.7251 3.74954 0.0244352
170.157 0.0202274 -0.0307309 -3.7419 3.76636 0.0244668
170.169 0.0202288 -0.0307206 -3.75877 3.78326 0.0244978
170.18 0.0202311 -0.030711 -3.77568 3.80021 0.0245279
170.191 0.0202267 -0.0307041 -3.79258 3.81714 0.0245555
170.202 0.0202226 -0.0306979 -3.80936 3.83394 0.0245803
170.213 0.0202133 -0.030689 -3.82594 3.85054 0.0246042
170.225 0.0202077 -0.0306766 -3.84222 3.86685 0.0246306
170.236 0.0202022 -0.0306677 -3.85811 3.88276 0.0246517
170.247 0.020192 -0.030655 -3.87352 3.89819 0.0246772
170.258 0.020185 -0.0306434 -3.88834 3.91304 0.0247
170.27 0.0201799 -0.0306285 -3.90256 3.92728 0.0247216
170.281 0.0201723 -0.0306205 -3.91613 3.94087 0.0247418
170.292 0.0201664 -0.03061 -3.92898 3.95374 0.024758
170.303 0.020165 -0.0305993 -3.94097 3.96575 0.0247744
170.315 0.0201583 -0.0305854 -3.95209 3.97688 0.0247884
170.326 0.0201497 -0.0305719 -3.96219 3.98699 0.0248049
170.337 0.0201417 -0.0305597 -3.97138 3.99621 0.0248259
170.348 0.0201351 -0.0305525 -3.97951 4.00436 0.0248457
170.36 0.0201312 -0.0305452 -3.98654 4.01141 0.0248676
170.371 0.0201243 -0.0305327 -3.99237 4.01726 0.0248861
170.382 0.0201144 -0.0305187 -3.99692 4.02183 0.0249063
170.393 0.0201056 -0.0305009 -4.00015 4.02507 0.0249235
170.404 0.0200979 -0.0304868 -4.00206 4.027 0.0249431
170.416 0.0200922 -0.0304749 -4.00254 4.0275 0.0249687
170.427 0.0200848 -0.0304651 -4.00161 4.0266 0.0249946
170.438 0.0200763 -0.0304554 -3.99922 4.02424 0.0250185
170.449 0.0200633 -0.0304465 -3.99531 4.02035 0.0250396
170.461 0.020048 -0.0304399 -3.98986 4.01492 0.0250628
170.472 0.0200284 -0.0304331 -3.98282 4.0079 0.0250765
170.483 0.0200085 -0.0304323 -3.97412 3.99921 0.0250928
170.494 0.0199884 -0.0304298 -3.96383 3.98893 0.0251016
170.506 0.0199673 -0.0304261 -3.95186 3.97697 0.0251075
170.517 0.0199468 -0.0304204 -3.93814 3.96326 0.0251156
170.528 0.019926 -0.0304154 -3.92264 3.94776 0.0251236
170.539 0.0199015 -0.0304098 -3.90533 3.93047 0.0251356
170.551 0.0198811 -0.0304061 -3.88624 3.91139 0.0251482
170.562 0.0198563 -0.0304023 -3.86539 3.89054 0.0251578
170.573 0.0198289 -0.0303966 -3.84272 3.86788 0.0251639
170.584 0.0198035 -0.0303892 -3.81824 3.84341 0.0251682
170.596 0.0197758 -0.0303834 -3.7919 3.81708 0.0251787
170.607 0.0197505 -0.030376 -3.7638 3.78899 0.0251895
170.618 0.019722 -0.0303782 -3.7338 3.75901 0.0252052
170.629 0.0196953 -0.0303776 -3.702 3.72722 0.0252226
170.64 0.0196664 -0.0303775 -3.6684 3.69364 0.0252356
170.652 0.0196431 -0.0303806 -3.63298 3.65823 0.0252505
170.663 0.0196156 -0.0303804 -3.59576 3.62103 0.0252651
170.674 0.0195891 -0.0303815 -3.55683 3.58211 0.0252801
170.685 0.0195602 -0.0303803 -3.51612 3.54142 0.025299
170.697 0.0195367 -0.0303794 -3.47364 3.49896 0.0253153
170.708 0.0195155 -0.0303757 -3.42943 3.45476 0.0253296
170.719 0.0194933 -0.0303745 -3.38348 3.40883 0.0253448
170.73 0.0194698 -0.0303766 -3.33585 3.36121 0.0253576
170.742 0.0194405 -0.0303757 -3.28649 3.31186 0.0253701
170.753 0.0194139 -0.0303778 -3.23544 3.26082 0.0253825
170.764 0.0193914 -0.0303758 -3.18272 3.20812 0.0253971
170.775 0.0193691 -0.030376 -3.1309 3.15631 0.0254066
170.785 0.0193494 -0.0303794 -3.0776 3.10302 0.0254176
170.796 0.01933 -0.0303809 -3.02283 3.04826 0.0254222
170.807 0.0193112 -0.030383 -2.96655 2.99198 0.0254275
170.818 0.0192927 -0.0303846 -2.90883 2.93427 0.0254307
170.828 0.0192785 -0.0303878 -2.84969 2.87513 0.025436
170.839 0.0192665 -0.03039 -2.78921 2.81466 0.0254409
170.85 0.0192562 -0.0303952 -2.72737 2.75282 0.0254473
170.861 0.0192404 -0.030403 -2.6642 2.68965 0.0254514
170.871 0.0192304 -0.0304075 -2.59972 2.62518 0.0254578
170.882 0.0192209 -0.0304137 -2.53393 2.55939 0.0254627
170.893 0.0192134 -0.0304226 -2.46672 2.49219 0.0254663
170.903 0.0192043 -0.0304305 -2.3983 2.42378 0.0254712
170.914 0.0191972 -0.0304406 -2.32875 2.35423 0.0254785
170.925 0.019189 -0.0304515 -2.25798 2.28346 0.0254816
170.936 0.0191842 -0.0304652 -2.18598 2.21147 0.025484
170.946 0.0191798 -0.0304787 -2.11285 2.13833 0.0254885
170.957 0.0191761 -0.0304925 -2.0386 2.0641 0.0254923
170.968 0.0191753 -0.0305035 -1.96324 1.98874 0.0255004
170.979 0.019173 -0.0305182 -1.88677 1.91228 0.0255079
170.989 0.0191682 -0.0305377 -1.80918 1.83469 0.0255145
171 0.0191615 -0.0305579 -1.7306 1.75611 0.025519
171.011 0.0191543 -0.0305807 -1.64706 1.67259 0.0255256
171.022 0.0191485 -0.0306001 -1.56235 1.58788 0.0255301
171.034 0.0191453 -0.0306151 -1.47652 1.50205 0.0255349
171.045 0.0191418 -0.0306346 -1.38951 1.41505 0.0255417
171.056 0.0191407 -0.0306565 -1.30133 1.32688 0.0255472
171.067 0.0191363 -0.0306747 -1.21208 1.23764 0.0255587
171.079 0.0191307 -0.0306959 -1.1218 1.14737 0.025568
171.09 0.0191207 -0.030713 -1.03048 1.05606 0.0255778
171.101 0.0191156 -0.0307333 -0.938227 0.963817 0.0255899
171.112 0.0191126 -0.0307495 -0.845113 0.87071 0.0255977
171.124 0.0191085 -0.0307668 -0.751098 0.776698 0.0256007
171.135 0.0191076 -0.0307865 -0.656308 0.681911 0.0256028
171.146 0.0191015 -0.0308059 -0.560689 0.586298 0.0256088
171.157 0.0190965 -0.0308202 -0.46423 0.489841 0.0256114
171.169 0.0190914 -0.0308323 -0.36704 0.392656 0.0256156
171.18 0.019088 -0.0308441 -0.269027 0.294648 0.0256214
171.191 0.0190846 -0.030856 -0.170339 0.195968 0.025629
171.202 0.0190854 -0.0308695 -0.0710411 0.0966753 0.0256342
171.213 0.0190859 -0.0308833 0.0289013 -0.00325862 0.0256427
171.225 0.0190847 -0.0308926 0.129376 -0.103723 0.0256529
171.236 0.019084 -0.0308967 0.230358 -0.204691 0.0256672
171.247 0.0190875 -0.0309049 0.33169 -0.306009 0.0256813
171.258 0.0190927 -0.0309159 0.433492 -0.407798 0.0256939
171.27 0.0190892 -0.0309293 0.535601 -0.509896 0.0257043
171.281 0.0190908 -0.0309465 0.638059 -0.612346 0.0257122
171.292 0.0190912 -0.0309599 0.740821 -0.715102 0.0257189
171.303 0.0190954 -0.0309698 0.843862 -0.818138 0.0257245
171.315 0.0190994 -0.0309759 0.947172 -0.921439 0.0257328
171.326 0.0191052 -0.0309816 1.05065 -1.02491 0.0257417
171.337 0.0191131 -0.0309954 1.15418 -1.12843 0.0257505
171.348 0.01912 -0.0310063 1.25772 -1.23196 0.0257578
171.36 0.0191259 -0.0310146 1.36141 -1.33565 0.0257644
171.371 0.0191365 -0.0310273 1.46511 -1.43934 0.0257734
171.382 0.0191482 -0.0310416 1.56866 -1.54287 0.0257816
171.393 0.0191568 -0.0310506 1.67209 -1.64631 0.0257866
171.404 0.0191667 -0.0310639 1.77538 -1.7496 0.025789
171.416 0.0191772 -0.0310763 1.87845 -1.85266 0.0257945
171.427 0.019189 -0.0310867 1.98125 -1.95545 0.0257982
171.438 0.0191999 -0.0310992 2.08375 -2.05795 0.0258012
171.449 0.019209 -0.0311133 2.18606 -2.16026 0.0258044
171.461 0.0192205 -0.0311231 2.28804 -2.26224 0.0258066
171.472 0.0192324 -0.0311316 2.38957 -2.36376 0.025804
171.483 0.019242 -0.0311403 2.49067 -2.46486 0.0258065
171.494 0.0192484 -0.0311488 2.5913 -2.56549 0.025803
171.506 0.0192533 -0.0311574 2.69142 -2.66561 0.0258007
171.517 0.0192545 -0.0311649 2.79089 -2.76509 0.0257996
171.528 0.0192544 -0.031177 2.88973 -2.86393 0.0257972
171.539 0.0192537 -0.0311878 2.98788 -2.96208 0.0257996
171.551 0.0192512 -0.0311993 3.08537 -3.05956 0.0258017
171.562 0.0192498 -0.0312076 3.18216 -3.15636 0.0258027
171.573 0.0192434 -0.0312199 3.27815 -3.25235 0.0258056
171.584 0.0192418 -0.0312328 3.37338 -3.34757 0.0258088
171.596 0.0192405 -0.0312452 3.4677 -3.44189 0.0258106
171.607 0.0192408 -0.0312578 3.56101 -3.5352 0.0258121
171.618 0.0192407 -0.031269 3.65066 -3.62484 0.0258124
171.629 0.0192392 -0.0312806 3.73931 -3.7135 0.0258101
171.64 0.0192445 -0.0312951 3.82702 -3.80121 0.0258064
171.65 0.0192476 -0.0313113 3.9138 -3.888 0.0258058
171.661 0.019247 -0.0313272 3.99953 -3.97373 0.0258038
171.672 0.0192465 -0.0313381 4.08418 -4.05838 0.0258055
171.683 0.0192444 -0.0313535 4.16778 -4.14197 0.0258099
171.694 0.0192453 -0.0313708 4.25018 -4.22437 0.0258135
171.705 0.0192466 -0.0313871 4.33136 -4.30555 0.0258161
171.716 0.019253 -0.031399 4.41138 -4.38556 0.0258165
171.727 0.0192569 -0.0314136 4.4901 -4.46429 0.0258134
171.738 0.019265 -0.031424 4.56747 -4.54165 0.0258176
171.749 0.0192766 -0.0314348 4.64343 -4.61761 0.025816
171.76 0.0192894 -0.0314401 4.71792 -4.6921 0.0258156
171.771 0.0193037 -0.0314503 4.79085 -4.76503 0.025816
171.782 0.0193195 -0.031455 4.86237 -4.83655 0.0258173
171.792 0.0193292 -0.0314611 4.93229 -4.90647 0.0258179
171.803 0.0193413 -0.0314664 5.00063 -4.97481 0.0258186
171.814 0.0193515 -0.03147 5.06738 -5.04156 0.0258192
171.825 0.0193618 -0.0314737 5.13241 -5.10659 0.0258194
171.836 0.0193684 -0.0314767 5.19569 -5.16987 0.0258189
171.847 0.0193777 -0.0314757 5.2572 -5.23139 0.0258124
171.858 0.0193811 -0.0314747 5.31693 -5.29112 0.0258113
171.869 0.0193926 -0.0314806 5.37483 -5.34903 0.0258075
171.88 0.0194033 -0.031484 5.43096 -5.40516 0.0257979
171.891 0.0194175 -0.0314897 5.48525 -5.45946 0.02579
171.902 0.0194262 -0.0314947 5.53769 -5.5119 0.0257868
171.913 0.0194295 -0.0315004 5.58838 -5.5626 0.0257862
171.924 0.0194316 -0.0315068 5.63706 -5.61128 0.0257815
171.934 0.0194372 -0.0315137 5.68396 -5.65818 0.0257762
171.945 0.0194446 -0.0315222 5.72918 -5.70341 0.0257701
171.956 0.0194487 -0.0315353 5.77272 -5.74696 0.0257632
171.967 0.0194542 -0.0315463 5.81467 -5.78891 0.025757
171.978 0.0194551 -0.031557 5.85511 -5.82936 0.0257491
171.989 0.0194577 -0.0315648 5.89405 -5.86831 0.0257438
172 0.0194592 -0.0315754 5.93153 -5.90579 0.0257395
172.011 0.0194613 -0.0315861 5.96869 -5.94295 0.025733
172.022 0.0194628 -0.0315998 6.00442 -5.97869 0.0257298
172.034 0.019469 -0.0316106 6.03876 -6.01304 0.0257212
172.045 0.0194725 -0.0316224 6.07181 -6.0461 0.0257139
172.056 0.0194752 -0.0316348 6.10356 -6.07785 0.0257065
172.067 0.0194793 -0.0316444 6.13407 -6.10837 0.0256997
172.079 0.0194813 -0.0316523 6.16346 -6.13777 0.0256909
172.09 0.0194891 -0.0316606 6.19168 -6.166 0.0256835
172.101 0.0194957 -0.031672 6.21882 -6.19314 0.0256787
172.112 0.0195 -0.0316817 6.24493 -6.21926 0.0256777
172.124 0.0195039 -0.0316875 6.27002 -6.24435 0.0256734
172.135 0.0195089 -0.0316933 6.2941 -6.26843 0.0256672
172.146 0.0195132 -0.0317026 6.31729 -6.29163 0.0256611
172.157 0.0195166 -0.0317132 6.33951 -6.31385 0.0256596
172.169 0.0195178 -0.0317281 6.36086 -6.33521 0.0256551
172.18 0.0195182 -0.0317385 6.38129 -6.35564 0.0256463
172.191 0.0195147 -0.0317494 6.40081 -6.37517 0.0256417
172.202 0.0195095 -0.0317661 6.4194 -6.39376 0.0256406
172.213 0.0195076 -0.0317772 6.43713 -6.4115 0.0256322
172.225 0.0195034 -0.0317882 6.45404 -6.42841 0.025627
172.236 0.0195004 -0.031797 6.47008 -6.44446 0.0256221
172.247 0.0194969 -0.0318027 6.4854 -6.45978 0.0256189
172.258 0.0194898 -0.0318095 6.4999 -6.47428 0.0256171
172.27 0.0194838 -0.031813 6.51365 -6.48803 0.0256194
172.281 0.0194725 -0.0318195 6.52664 -6.50101 0.0256218
172.292 0.0194609 -0.0318239 6.53894 -6.51332 0.025626
172.303 0.0194522 -0.0318308 6.55056 -6.52494 0.0256237
172.315 0.0194408 -0.0318387 6.56152 -6.5359 0.0256201
172.326 0.0194265 -0.0318522 6.57182 -6.5462 0.0256212
172.337 0.0194213 -0.0318654 6.58147 -6.55585 0.0256204
172.348 0.0194139 -0.0318848 6.59048 -6.56486 0.025617
172.36 0.0194055 -0.0318986 6.59888 -6.57327 0.0256109
172.371 0.019397 -0.031913 6.60666 -6.58105 0.0256087
172.382 0.0193894 -0.0319247 6.61384 -6.58824 0.0256036
172.393 0.0193853 -0.0319389 6.62043 -6.59484 0.0255937
172.404 0.0193797 -0.0319442 6.62645 -6.60086 0.0255866
172.416 0.0193722 -0.031953 6.63196 -6.60638 0.0255775
172.427 0.0193663 -0.0319617 6.63689 -6.61132 0.0255678
172.438 0.0193583 -0.031967 6.64129 -6.61574 0.0255574
172.449 0.0193542 -0.031977 6.64516 -6.61962 0.0255488
172.461 0.0193495 -0.0319855 6.64846 -6.62292 0.0255427
172.472 0.0193431 -0.0319949 6.65121 -6.62568 0.0255352
172.483 0.0193363 -0.0320034 6.65343 -6.62791 0.025524
172.494 0.0193257 -0.0320141 6.65512 -6.62961 0.0255178
172.506 0.0193114 -0.0320246 6.65631 -6.6308 0.0255127
172.517 0.0193022 -0.0320361 6.65698 -6.63147 0.0255057
172.528 0.0192957 -0.032047 6.65713 -6.63162 0.0255033
172.539 0.0192926 -0.0320592 6.65678 -6.63127 0.0255017
172.551 0.0192867 -0.0320736 6.65596 -6.63046 0.0254993
172.562 0.0192777 -0.0320834 6.65469 -6.62919 0.0254949
172.573 0.0192659 -0.0320908 6.65297 -6.62748 0.0254939
172.584 0.01925 -0.032104 6.65079 -6.62529 0.0254921
172.596 0.0192305 -0.0321127 6.64817 -6.62268 0.0254894
172.607 0.0192105 -0.0321284 6.64514 -6.61965 0.0254887
172.618 0.0191885 -0.0321406 6.64172 -6.61624 0.0254846
172.629 0.019163 -0.0321537 6.63797 -6.61249 0.0254799
172.64 0.0191368 -0.0321652 6.63384 -6.60836 0.0254757
172.652 0.0191139 -0.0321735 6.62937 -6.60391 0.0254679
172.663 0.0190915 -0.0321791 6.62461 -6.59915 0.0254612
172.674 0.019066 -0.0321838 6.61956 -6.5941 0.0254546
172.685 0.0190376 -0.0321913 6.61423 -6.58878 0.0254462
172.697 0.0190101 -0.0322008 6.60868 -6.58324 0.02544
172.708 0.0189859 -0.0322075 6.60285 -6.57741 0.0254319
172.719 0.0189605 -0.0322112 6.59678 -6.57135 0.0254231
172.73 0.0189367 -0.0322137 6.59042 -6.565 0.0254118
172.742 0.0189109 -0.0322255 6.58376 -6.55836 0.0254033
172.753 0.0188859 -0.0322383 6.57696 -6.55158 0.0253882
172.764 0.0188639 -0.0322471 6.57011 -6.54474 0.0253742
172.775 0.0188434 -0.0322572 6.56308 -6.53772 0.0253599
172.787 0.0188218 -0.0322631 6.556 -6.53066 0.0253458
172.798 0.0188026 -0.0322714 6.54886 -6.52352 0.0253349
172.809 0.018781 -0.0322754 6.54167 -6.51634 0.0253293
172.82 0.0187642 -0.0322793 6.53438 -6.50907 0.0253176
172.831 0.0187433 -0.032283 6.52706 -6.50175 0.0253106
172.843 0.0187218 -0.0322882 6.51968 -6.49437 0.0253039
172.854 0.0186979 -0.0322978 6.51226 -6.48696 0.0252957
172.865 0.018676 -0.0323089 6.50486 -6.47957 0.0252903
172.876 0.0186514 -0.0323165 6.4975 -6.47221 0.0252858
172.888 0.0186289 -0.0323244 6.49015 -6.46488 0.0252686
172.899 0.0186042 -0.0323352 6.48286 -6.45761 0.0252502
172.91 0.0185785 -0.0323408 6.47553 -6.45029 0.0252381
172.921 0.0185534 -0.0323432 6.46815 -6.44292 0.0252264
172.933 0.0185216 -0.0323441 6.46078 -6.43556 0.0252173
172.944 0.0184882 -0.0323517 6.45346 -6.42825 0.0252076
172.955 0.0184552 -0.032361 6.4462 -6.421 0.0252015
172.966 0.0184221 -0.0323653 6.43897 -6.41377 0.0251978
172.978 0.0183893 -0.0323654 6.43175 -6.40656 0.0251958
172.989 0.0183584 -0.03237 6.42454 -6.39936 0.0251896
173 0.0183288 -0.0323766 6.41741 -6.39223 0.0251776
173.011 0.0182955 -0.0323863 6.4103 -6.38513 0.025162
173.022 0.0182623 -0.032394 6.40323 -6.37808 0.0251475
173.034 0.0182351 -0.0324029 6.39617 -6.37104 0.0251323
173.045 0.0182052 -0.0324143 6.38917 -6.36406 0.025114
173.056 0.0181811 -0.0324245 6.3822 -6.35711 0.0250983
173.067 0.0181544 -0.0324386 6.37529 -6.35021 0.0250828
173.079 0.0181303 -0.0324543 6.36848 -6.34341 0.0250683
173.09 0.0181077 -0.0324639 6.36174 -6.33669 0.0250532
173.101 0.0180862 -0.0324762 6.35505 -6.33001 0.0250392
173.112 0.0180619 -0.0324859 6.34838 -6.32335 0.0250304
173.124 0.0180364 -0.0324951 6.34175 -6.31673 0.0250207
173.135 0.018013 -0.0324997 6.33512 -6.3101 0.0250133
173.146 0.0179924 -0.0324988 6.32851 -6.30351 0.0250031
173.157 0.0179688 -0.0324955 6.32191 -6.29692 0.0249927
173.169 0.0179443 -0.0324917 6.31534 -6.29037 0.0249784
173.18 0.0179202 -0.0324863 6.3088 -6.28383 0.0249698
173.191 0.0178998 -0.0324846 6.30227 -6.27732 0.0249592
173.202 0.0178812 -0.032481 6.29576 -6.27081 0.0249517
173.213 0.017868 -0.0324776 6.28926 -6.26432 0.0249454
173.225 0.0178525 -0.0324731 6.28279 -6.25786 0.0249326
173.236 0.0178334 -0.0324684 6.27634 -6.25142 0.02492
173.247 0.0178195 -0.0324625 6.26992 -6.24501 0.0249081
173.258 0.0178074 -0.0324583 6.26346 -6.23856 0.0248918
173.27 0.0177937 -0.0324551 6.25705 -6.23216 0.0248817
173.281 0.0177813 -0.0324531 6.25048 -6.22562 0.0248668
173.292 0.0177698 -0.0324534 6.24385 -6.21899 0.0248518
173.303 0.0177629 -0.0324515 6.23709 -6.21226 0.0248356
173.315 0.0177561 -0.0324499 6.2302 -6.20537 0.0248249
173.326 0.0177521 -0.0324487 6.22319 -6.19838 0.0248127
173.337 0.0177486 -0.0324522 6.21607 -6.19127 0.0248003
173.348 0.0177467 -0.032453 6.20885 -6.18406 0.0247946
173.36 0.0177434 -0.0324527 6.20149 -6.17671 0.0247812
173.371 0.017742 -0.0324523 6.19396 -6.16918 0.0247728
173.382 0.0177406 -0.0324513 6.18627 -6.16151 0.0247633
173.393 0.0177456 -0.0324497 6.17842 -6.15367 0.024746
173.404 0.0177484 -0.0324484 6.17041 -6.14568 0.0247337
173.416 0.0177528 -0.0324492 6.16222 -6.1375 0.0247191
173.427 0.0177566 -0.0324486 6.15387 -6.12916 0.0247079
173.438 0.0177593 -0.0324473 6.1453 -6.1206 0.0246974
173.449 0.0177673 -0.0324477 6.13655 -6.11186 0.0246879
173.461 0.0177777 -0.0324506 6.12754 -6.10287 0.0246744
173.472 0.0177909 -0.0324532 6.11827 -6.09361 0.0246674
173.483 0.0178033 -0.0324526 6.10871 -6.08404 0.0246616
173.494 0.0178145 -0.0324507 6.09885 -6.0742 0.0246505
173.506 0.0178309 -0.0324463 6.08868 -6.06404 0.0246383
173.517 0.0178442 -0.0324429 6.07817 -6.05354 0.0246265
173.528 0.0178593 -0.0324363 6.06728 -6.04268 0.024607
173.539 0.0178769 -0.0324272 6.05608 -6.03148 0.024598
173.551 0.0178972 -0.0324199 6.04446 -6.01987 0.0245888
173.562 0.0179177 -0.0324109 6.03246 -6.00788 0.0245805
173.573 0.0179397 -0.0324049 6.02003 -5.99545 0.0245747
173.584 0.0179562 -0.0323984 6.00715 -5.98258 0.0245678
173.596 0.0179776 -0.0323913 5.99382 -5.96926 0.0245609
173.607 0.018003 -0.0323833 5.97999 -5.95543 0.0245575
173.618 0.0180254 -0.0323715 5.96565 -5.94109 0.0245583
173.629 0.0180495 -0.0323573 5.95074 -5.92618 0.0245533
173.64 0.018072 -0.032345 5.93531 -5.91077 0.0245451
173.652 0.0180949 -0.0323263 5.91929 -5.89475 0.0245404
173.663 0.0181208 -0.0323063 5.90269 -5.87815 0.0245352
173.674 0.0181479 -0.0322876 5.88546 -5.86093 0.0245355
173.685 0.0181705 -0.0322689 5.86761 -5.84307 0.0245411
173.697 0.0181936 -0.0322514 5.8491 -5.82455 0.0245409
173.708 0.0182192 -0.0322307 5.82994 -5.8054 0.0245477
173.719 0.0182474 -0.0322069 5.81011 -5.78556 0.0245508
173.73 0.0182785 -0.0321782 5.78962 -5.76507 0.0245528
173.742 0.0183101 -0.0321523 5.76844 -5.74388 0.0245537
173.753 0.0183471 -0.0321266 5.74657 -5.72202 0.0245574
173.764 0.0183821 -0.0320995 5.72417 -5.69961 0.0245582
173.775 0.0184181 -0.0320759 5.70087 -5.67631 0.0245624
173.787 0.0184545 -0.0320553 5.67687 -5.6523 0.0245649
173.798 0.0184889 -0.0320337 5.65214 -5.62758 0.0245686
173.809 0.0185302 -0.032008 5.62672 -5.60215 0.0245723
173.82 0.0185744 -0.0319855 5.60059 -5.57602 0.024577
173.831 0.0186173 -0.0319634 5.5738 -5.54922 0.024581
173.843 0.018659 -0.0319365 5.54629 -5.52171 0.0245807
173.854 0.0186987 -0.0319151 5.51809 -5.4935 0.0245874
173.865 0.0187403 -0.0318959 5.4892 -5.46461 0.0245893
173.876 0.0187837 -0.0318724 5.45956 -5.43496 0.0245997
173.888 0.018824 -0.0318538 5.42927 -5.40466 0.0246092
173.899 0.0188712 -0.0318327 5.39832 -5.3737 0.0246198
173.91 0.0189176 -0.0318124 5.36676 -5.34213 0.0246297
173.921 0.0189612 -0.0317981 5.33463 -5.30999 0.024638
173.933 0.0190051 -0.0317856 5.30191 -5.27727 0.0246428
173.944 0.0190492 -0.0317735 5.26867 -5.24402 0.0246522
173.955 0.0190958 -0.0317662 5.2349 -5.21024 0.0246585
173.966 0.0191423 -0.0317553 5.20062 -5.17595 0.0246653
173.978 0.0191843 -0.0317427 5.16587 -5.14119 0.0246793
173.989 0.0192257 -0.0317316 5.13069 -5.106 0.0246965
174 0.0192702 -0.0317225 5.09516 -5.07045 0.0247064
174.011 0.0193128 -0.0317121 5.05918 -5.03446 0.024721
174.022 0.0193536 -0.0317027 5.02284 -4.99811 0.0247333
174.034 0.0193905 -0.0316922 4.98616 -4.96142 0.0247428
174.045 0.0194266 -0.0316788 4.94919 -4.92444 0.0247545
174.056 0.019463 -0.031669 4.91201 -4.88724 0.0247671
174.067 0.0194968 -0.0316529 4.87464 -4.84986 0.0247781
174.079 0.0195336 -0.0316371 4.83711 -4.81232 0.0247874
174.09 0.0195638 -0.0316208 4.79947 -4.77466 0.0248033
174.101 0.0195938 -0.0316069 4.76175 -4.73693 0.0248174
174.112 0.0196268 -0.0315957 4.72393 -4.6991 0.0248341
174.124 0.0196556 -0.0315863 4.68608 -4.66123 0.0248521
174.135 0.0196852 -0.0315733 4.64824 -4.62337 0.0248695
174.146 0.0197143 -0.0315638 4.61058 -4.58569 0.0248872
174.157 0.0197435 -0.0315513 4.57284 -4.54793 0.0249078
174.169 0.0197749 -0.0315379 4.5352 -4.51027 0.0249296
174.18 0.0198075 -0.0315234 4.49769 -4.47273 0.0249503
174.191 0.0198386 -0.0315104 4.46032 -4.43534 0.0249735
174.202 0.0198726 -0.0314956 4.42315 -4.39816 0.0249934
174.213 0.0199047 -0.0314812 4.38621 -4.36119 0.0250145
174.225 0.0199363 -0.0314638 4.34949 -4.32446 0.0250329
174.236 0.0199647 -0.0314554 4.31307 -4.28802 0.0250522
174.247 0.0199985 -0.0314483 4.27691 -4.25183 0.0250722
174.258 0.0200302 -0.0314358 4.24121 -4.21611 0.0250964
174.27 0.0200644 -0.0314241 4.20575 -4.18063 0.0251183
174.281 0.020098 -0.0314137 4.17063 -4.14548 0.0251415
174.292 0.0201303 -0.0313998 4.13591 -4.11075 0.0251622
174.303 0.0201636 -0.0313857 4.10166 -4.07648 0.0251825
174.315 0.0201963 -0.0313724 4.06788 -4.04268 0.0252015
174.326 0.0202274 -0.0313594 4.03454 -4.00932 0.0252248
174.337 0.0202574 -0.0313426 4.00169 -3.97644 0.0252456
174.348 0.0202924 -0.0313248 3.96937 -3.9441 0.0252673
174.36 0.020329 -0.031304 3.93758 -3.91229 0.0252923
174.371 0.0203636 -0.031285 3.90648 -3.88117 0.0253079
174.382 0.0203948 -0.0312662 3.87578 -3.85045 0.0253275
174.393 0.0204295 -0.0312465 3.84567 -3.82032 0.0253493
174.404 0.0204625 -0.0312267 3.81619 -3.79082 0.0253661
174.416 0.0204965 -0.0312043 3.78732 -3.76193 0.0253835
174.427 0.0205287 -0.0311842 3.75908 -3.73368 0.0254004
174.438 0.0205638 -0.0311657 3.73151 -3.7061 0.0254118
174.449 0.0205975 -0.0311435 3.70477 -3.67934 0.0254265
174.461 0.0206334 -0.0311219 3.67854 -3.6531 0.0254407
174.472 0.0206673 -0.0311017 3.65303 -3.62758 0.0254492
174.483 0.0207022 -0.0310809 3.62827 -3.60281 0.0254623
174.494 0.0207295 -0.0310581 3.60427 -3.57879 0.0254812
174.506 0.0207601 -0.0310328 3.58114 -3.55565 0.0254973
174.517 0.02079 -0.031008 3.55857 -3.53306 0.0255107
174.528 0.0208213 -0.0309829 3.53682 -3.5113 0.025524
174.539 0.0208481 -0.0309601 3.51584 -3.4903 0.0255352
174.551 0.0208784 -0.0309354 3.49565 -3.47011 0.0255455
174.562 0.0209065 -0.0309122 3.47619 -3.45063 0.0255578
174.573 0.0209322 -0.0308913 3.45746 -3.4319 0.0255669
174.584 0.020955 -0.0308661 3.43949 -3.41391 0.0255779
174.596 0.0209751 -0.0308388 3.42226 -3.39667 0.0255946
174.607 0.0209936 -0.0308174 3.40593 -3.38033 0.0256075
174.618 0.021015 -0.0307922 3.39022 -3.36459 0.0256242
174.629 0.021038 -0.0307707 3.37525 -3.34961 0.0256349
174.64 0.0210611 -0.0307484 3.36101 -3.33537 0.0256444
174.652 0.0210844 -0.0307247 3.34749 -3.32183 0.0256601
174.663 0.0211075 -0.0306999 3.33476 -3.30908 0.0256774
174.674 0.0211275 -0.0306805 3.32266 -3.29697 0.0256915
174.685 0.0211486 -0.0306655 3.31149 -3.28578 0.0257088
174.697 0.0211679 -0.030647 3.30076 -3.27503 0.0257248
174.708 0.0211843 -0.030628 3.2907 -3.26496 0.0257333
174.719 0.0211992 -0.0306127 3.28135 -3.2556 0.0257433
174.73 0.021212 -0.0305928 3.27267 -3.24692 0.025755
174.742 0.021221 -0.0305741 3.26466 -3.2389 0.025765
174.753 0.0212343 -0.0305554 3.2575 -3.23173 0.0257736
174.764 0.021247 -0.0305361 3.25081 -3.22503 0.0257827
174.775 0.0212555 -0.0305147 3.24474 -3.21895 0.0257896
174.787 0.0212656 -0.0304959 3.2393 -3.21351 0.0257957
174.798 0.0212799 -0.0304746 3.23449 -3.20869 0.025801
174.809 0.021294 -0.0304506 3.23038 -3.20458 0.0258035
174.82 0.021307 -0.0304282 3.22699 -3.20119 0.0258058
174.831 0.0213171 -0.0304063 3.22399 -3.19818 0.0258143
174.843 0.0213284 -0.0303866 3.22161 -3.19579 0.0258197
174.854 0.0213363 -0.0303634 3.21983 -3.19401 0.0258247
174.865 0.0213435 -0.0303376 3.2187 -3.19287 0.0258266
174.876 0.0213478 -0.0303081 3.21811 -3.19228 0.0258282
174.888 0.0213509 -0.0302793 3.2181 -3.19227 0.025828
174.899 0.0213552 -0.0302559 3.21868 -3.19285 0.0258294
174.91 0.0213595 -0.0302302 3.2198 -3.19397 0.0258315
174.921 0.0213649 -0.0302056 3.22151 -3.19568 0.0258331
174.933 0.0213732 -0.0301803 3.22391 -3.19807 0.0258373
174.944 0.0213825 -0.0301566 3.22676 -3.20093 0.0258335
174.955 0.02139 -0.0301335 3.23025 -3.20441 0.0258333
174.966 0.0213978 -0.0301115 3.23426 -3.20843 0.0258351
174.978 0.0214074 -0.0300934 3.23886 -3.21302 0.0258386
174.989 0.0214154 -0.0300723 3.24397 -3.21813 0.0258429
175 0.0214209 -0.0300487 3.24959 -3.22374 0.0258485
175.011 0.0214281 -0.030026 3.25578 -3.22993 0.0258506
175.022 0.0214381 -0.0300037 3.26266 -3.23681 0.0258552
175.034 0.021446 -0.0299786 3.26989 -3.24403 0.0258599
175.045 0.0214541 -0.0299524 3.27764 -3.25178 0.0258666
175.056 0.0214617 -0.0299297 3.28592 -3.26005 0.0258709
175.067 0.0214686 -0.0299055 3.29471 -3.26883 0.0258815
175.079 0.021472 -0.0298827 3.30402 -3.27813 0.0258884
175.09 0.0214769 -0.0298583 3.31384 -3.28795 0.0258927
175.101 0.0214838 -0.0298385 3.32421 -3.29832 0.025897
175.112 0.0214874 -0.0298202 3.33516 -3.30926 0.0259032
175.124 0.0214927 -0.0298005 3.34664 -3.32073 0.0259089
175.135 0.0214968 -0.0297792 3.35869 -3.33277 0.0259212
175.146 0.0215014 -0.0297599 3.37127 -3.34534 0.0259318
175.157 0.021503 -0.0297402 3.38439 -3.35845 0.02594
175.169 0.0215008 -0.029713 3.39803 -3.37208 0.0259484
175.18 0.0215007 -0.0296895 3.41216 -3.3862 0.0259589
175.191 0.0214987 -0.0296655 3.42682 -3.40085 0.0259671
175.202 0.0215008 -0.0296412 3.44206 -3.41609 0.0259768
175.213 0.0215085 -0.0296198 3.45785 -3.43187 0.0259817
175.225 0.0215134 -0.0295991 3.47422 -3.44823 0.0259856
175.236 0.0215111 -0.0295807 3.49115 -3.46516 0.0259941
175.247 0.0215094 -0.0295631 3.50865 -3.48265 0.0259968
175.258 0.0215106 -0.02955 3.52674 -3.50074 0.026001
175.27 0.0215102 -0.0295374 3.54548 -3.51948 0.0260074
175.281 0.02151 -0.0295258 3.56476 -3.53875 0.0260109
175.292 0.0215145 -0.0295085 3.58464 -3.55863 0.0260119
175.303 0.0215156 -0.0294948 3.60509 -3.57907 0.0260166
175.315 0.0215164 -0.0294777 3.62612 -3.60011 0.0260189
175.326 0.0215155 -0.0294614 3.64775 -3.62172 0.0260246
175.337 0.0215159 -0.0294472 3.66999 -3.64396 0.0260308
175.348 0.0215138 -0.0294344 3.69283 -3.66679 0.0260388
175.36 0.0215059 -0.0294227 3.71631 -3.69026 0.0260488
175.371 0.0214991 -0.0294116 3.74042 -3.71436 0.0260591
175.382 0.0214924 -0.0293982 3.76519 -3.73913 0.0260619
175.393 0.0214845 -0.0293813 3.7906 -3.76454 0.026067
175.404 0.021484 -0.0293672 3.81667 -3.79061 0.0260684
175.416 0.0214799 -0.0293521 3.84344 -3.81737 0.0260693
175.427 0.0214764 -0.0293425 3.87083 -3.84476 0.0260682
175.438 0.0214739 -0.0293351 3.89887 -3.8728 0.0260756
175.449 0.0214719 -0.0293284 3.92756 -3.90149 0.0260752
175.461 0.0214676 -0.0293193 3.9569 -3.93082 0.0260757
175.472 0.0214631 -0.0293081 3.98688 -3.9608 0.0260774
175.483 0.0214561 -0.0292961 4.01749 -3.99141 0.0260781
175.494 0.0214469 -0.029287 4.04871 -4.02263 0.0260803
175.506 0.0214344 -0.0292781 4.08066 -4.05458 0.0260793
175.517 0.0214225 -0.029272 4.11319 -4.08711 0.0260779
175.528 0.0214101 -0.0292638 4.14631 -4.12023 0.0260778
175.539 0.021394 -0.0292619 4.18006 -4.15399 0.0260795
175.551 0.0213805 -0.029259 4.21436 -4.18828 0.0260799
175.562 0.0213694 -0.0292535 4.24926 -4.22318 0.0260791
175.573 0.0213585 -0.0292447 4.28474 -4.25866 0.026079
175.584 0.0213454 -0.0292398 4.32074 -4.29466 0.0260781
175.596 0.021333 -0.0292326 4.3573 -4.33122 0.0260785
175.607 0.0213239 -0.0292223 4.39446 -4.36838 0.0260773
175.618 0.0213128 -0.0292093 4.43207 -4.406 0.0260767
175.629 0.0213044 -0.0291959 4.47022 -4.44415 0.0260735
175.64 0.0212918 -0.0291879 4.50886 -4.48278 0.0260728
175.652 0.0212808 -0.0291847 4.54796 -4.52188 0.0260748
175.663 0.0212709 -0.029183 4.58754 -4.56147 0.0260759
175.674 0.0212584 -0.029184 4.62757 -4.60149 0.026082
175.685 0.0212476 -0.0291873 4.66812 -4.64203 0.0260893
175.697 0.0212344 -0.0291894 4.709 -4.6829 0.0260994
175.708 0.0212216 -0.0291904 4.7502 -4.7241 0.0261063
175.719 0.0212078 -0.0291942 4.79173 -4.76562 0.0261101
175.73 0.0211958 -0.0291992 4.83361 -4.80749 0.0261145
175.742 0.0211838 -0.0292016 4.87574 -4.84962 0.0261186
175.753 0.0211711 -0.0292044 4.91809 -4.89198 0.0261186
175.764 0.0211591 -0.0292035 4.96063 -4.93451 0.0261173
175.775 0.0211448 -0.0291977 5.00337 -4.97725 0.0261195
175.787 0.0211295 -0.0292009 5.04623 -5.02011 0.0261208
175.798 0.0211091 -0.0292033 5.08921 -5.06309 0.02612
175.809 0.0210935 -0.0292101 5.13222 -5.10609 0.026124
175.82 0.0210768 -0.0292157 5.17535 -5.14922 0.026124
175.831 0.0210603 -0.0292204 5.21833 -5.19221 0.0261244
175.843 0.0210477 -0.0292239 5.26127 -5.23515 0.0261246
175.854 0.0210364 -0.0292306 5.30413 -5.27801 0.0261207
175.865 0.021022 -0.0292359 5.34687 -5.32075 0.0261188
175.876 0.0210079 -0.0292403 5.38945 -5.36333 0.0261178
175.888 0.0209969 -0.0292458 5.43181 -5.40569 0.0261161
175.899 0.0209858 -0.0292479 5.47389 -5.44778 0.026113
175.91 0.0209771 -0.0292522 5.51582 -5.4897 0.026116
175.921 0.0209673 -0.029249 5.55726 -5.53114 0.026114
175.933 0.0209538 -0.0292496 5.5983 -5.57219 0.0261117
175.944 0.0209399 -0.029247 5.63894 -5.61283 0.0261135
175.955 0.0209254 -0.0292461 5.67916 -5.65305 0.0261126
175.966 0.0209109 -0.0292438 5.71881 -5.6927 0.0261152
175.978 0.020897 -0.0292464 5.75785 -5.73173 0.0261178
175.989 0.0208823 -0.0292505 5.79625 -5.77014 0.0261168
176 0.020868 -0.0292511 5.83401 -5.8079 0.0261126
176.011 0.0208585 -0.0292534 5.87109 -5.84497 0.0261142
176.022 0.0208472 -0.0292553 5.90721 -5.8811 0.0261119
176.034 0.0208337 -0.0292562 5.94267 -5.91656 0.0261101
176.045 0.0208195 -0.0292578 5.97729 -5.95119 0.0261064
176.056 0.020808 -0.0292557 6.01103 -5.98493 0.0260973
176.067 0.0207908 -0.0292548 6.04385 -6.01775 0.0260914
176.079 0.0207796 -0.0292453 6.07581 -6.04973 0.0260855
176.09 0.02077 -0.0292345 6.10674 -6.08066 0.0260768
176.101 0.0207598 -0.0292255 6.13664 -6.11057 0.026069
176.112 0.0207523 -0.0292165 6.16543 -6.13937 0.026066
176.124 0.0207462 -0.0292032 6.19312 -6.16706 0.0260576
176.135 0.0207326 -0.029193 6.21966 -6.19361 0.0260483
176.146 0.0207248 -0.0291835 6.24495 -6.21891 0.026041
176.157 0.0207197 -0.0291762 6.26904 -6.24301 0.0260306
176.169 0.0207069 -0.0291632 6.29184 -6.26582 0.0260196
176.18 0.0206983 -0.0291505 6.31335 -6.28733 0.0260163
176.191 0.0206839 -0.0291354 6.33359 -6.30758 0.0260091
176.202 0.0206737 -0.0291203 6.3525 -6.3265 0.0260026
176.213 0.020662 -0.0291002 6.37006 -6.34406 0.0259991
176.225 0.0206545 -0.0290765 6.38625 -6.36026 0.0259937
176.236 0.0206427 -0.0290571 6.40106 -6.37507 0.0259862
176.247 0.0206309 -0.0290359 6.41436 -6.38838 0.0259805
176.258 0.020622 -0.0290136 6.42622 -6.40025 0.0259704
176.27 0.020613 -0.0289891 6.4365 -6.41054 0.0259598
176.281 0.020609 -0.028967 6.44533 -6.41938 0.0259537
176.292 0.0206049 -0.0289375 6.45272 -6.42678 0.0259411
176.303 0.0206021 -0.028906 6.45849 -6.43256 0.0259289
176.315 0.0205988 -0.0288753 6.46273 -6.43682 0.0259151
176.326 0.0205973 -0.0288447 6.46547 -6.43957 0.0258965
176.337 0.0205948 -0.0288112 6.46657 -6.44069 0.0258801
176.348 0.0205898 -0.0287804 6.46612 -6.44026 0.0258616
176.36 0.020583 -0.028747 6.46408 -6.43824 0.0258399
176.371 0.0205765 -0.0287125 6.4604 -6.43458 0.0258169
176.382 0.020574 -0.0286753 6.45516 -6.42936 0.0257982
176.393 0.0205686 -0.0286376 6.44833 -6.42256 0.0257753
176.404 0.0205604 -0.0285995 6.43988 -6.41414 0.0257478
176.416 0.0205567 -0.0285616 6.4299 -6.40417 0.0257212
176.427 0.0205497 -0.0285227 6.41834 -6.39265 0.0256925
176.438 0.0205435 -0.0284793 6.4052 -6.37954 0.0256585
176.449 0.0205352 -0.0284365 6.3905 -6.36486 0.0256316
176.461 0.0205307 -0.0283872 6.37423 -6.34863 0.0255981
176.472 0.0205222 -0.0283348 6.35638 -6.33082 0.0255621
176.483 0.0205135 -0.0282819 6.33701 -6.31148 0.0255293
176.494 0.0205041 -0.0282366 6.31608 -6.29059 0.0254949
176.506 0.0204982 -0.0281934 6.29362 -6.26816 0.0254581
176.517 0.0204926 -0.0281475 6.26964 -6.24421 0.0254265
176.528 0.0204907 -0.0280967 6.24413 -6.21874 0.0253925
176.539 0.0204867 -0.0280515 6.21714 -6.19179 0.0253543
176.551 0.0204806 -0.0280006 6.18865 -6.16334 0.0253109
176.562 0.0204741 -0.0279538 6.15868 -6.13341 0.0252631
176.573 0.0204726 -0.0279073 6.12726 -6.10204 0.0252178
176.584 0.0204699 -0.0278563 6.09443 -6.06926 0.0251765
176.596 0.0204658 -0.0278083 6.06023 -6.0351 0.0251307
176.607 0.0204573 -0.0277595 6.02463 -5.99954 0.0250846
176.618 0.0204489 -0.0277065 5.98767 -5.96264 0.0250374
176.629 0.0204383 -0.0276564 5.94936 -5.92437 0.024992
176.64 0.0204238 -0.0276053 5.9097 -5.88475 0.024947
176.652 0.020405 -0.0275566 5.86871 -5.84381 0.0249008
176.663 0.0203886 -0.0275077 5.82642 -5.80156 0.0248547
176.674 0.020369 -0.0274579 5.78289 -5.75808 0.024807
176.685 0.020347 -0.0274103 5.73809 -5.71333 0.0247634
176.697 0.0203256 -0.0273608 5.69204 -5.66733 0.0247161
176.708 0.0203049 -0.0273144 5.64479 -5.62012 0.0246674
176.719 0.0202873 -0.0272679 5.59633 -5.57172 0.0246187
176.73 0.0202691 -0.0272253 5.54668 -5.52211 0.0245705
176.742 0.0202495 -0.0271822 5.49583 -5.47131 0.024524
176.753 0.0202283 -0.0271433 5.44384 -5.41936 0.0244823
176.764 0.0202072 -0.0271 5.39071 -5.36627 0.0244384
176.775 0.0201888 -0.0270585 5.3365 -5.3121 0.024401
176.787 0.0201684 -0.0270168 5.28125 -5.25689 0.0243648
176.798 0.0201441 -0.0269722 5.22494 -5.20062 0.0243214
176.809 0.0201198 -0.0269237 5.16757 -5.14329 0.0242791
176.82 0.0200968 -0.0268823 5.10918 -5.08494 0.0242378
176.831 0.0200759 -0.0268411 5.04978 -5.02558 0.0241962
176.843 0.0200557 -0.0267985 4.98942 -4.96527 0.0241501
176.854 0.0200354 -0.0267547 4.92812 -4.90401 0.0241142
176.865 0.0200161 -0.0267168 4.86579 -4.84172 0.0240726
176.876 0.0199956 -0.0266745 4.80254 -4.77852 0.0240261
176.888 0.0199753 -0.0266344 4.73828 -4.71429 0.0239811
176.899 0.0199545 -0.026596 4.67316 -4.64922 0.0239367
176.91 0.0199289 -0.0265586 4.60722 -4.58333 0.0238908
176.921 0.0199039 -0.0265185 4.54034 -4.5165 0.0238422
176.933 0.0198754 -0.0264794 4.47261 -4.44881 0.0237936
176.944 0.0198447 -0.0264414 4.40404 -4.38029 0.0237463
176.955 0.0198178 -0.0263993 4.33465 -4.31095 0.0236982
176.966 0.0197874 -0.0263572 4.26439 -4.24074 0.0236517
176.978 0.0197605 -0.02632 4.19337 -4.16976 0.0236082
176.989 0.0197326 -0.0262795 4.12154 -4.09798 0.0235652
177 0.01971 -0.0262456 4.0489 -4.02538 0.0235274
177.011 0.019689 -0.0262114 3.97554 -3.95206 0.0234878
177.022 0.0196694 -0.026176 3.90145 -3.87799 0.0234537
177.034 0.0196505 -0.0261384 3.82661 -3.80318 0.0234233
177.045 0.0196314 -0.0261016 3.751 -3.72761 0.0233887
177.056 0.0196135 -0.0260696 3.67466 -3.65131 0.0233547
177.067 0.0195985 -0.0260358 3.59762 -3.5743 0.0233185
177.079 0.0195779 -0.0260062 3.51989 -3.49661 0.0232835
177.09 0.0195566 -0.0259761 3.44146 -3.4182 0.0232513
177.101 0.0195337 -0.0259436 3.36225 -3.33903 0.0232164
177.112 0.0195113 -0.025912 3.2823 -3.25911 0.0231857
177.124 0.0194915 -0.0258802 3.20162 -3.17846 0.0231541
177.135 0.0194772 -0.0258514 3.12028 -3.09716 0.0231233
177.146 0.0194636 -0.0258244 3.03833 -3.01524 0.0230937
177.157 0.019451 -0.0257999 2.95574 -2.93267 0.0230675
177.169 0.0194339 -0.0257758 2.87251 -2.84947 0.0230431
177.18 0.0194208 -0.0257546 2.78867 -2.76565 0.0230136
177.191 0.019405 -0.0257309 2.70424 -2.68125 0.022987
177.202 0.0193917 -0.025708 2.61927 -2.59631 0.0229607
177.213 0.019372 -0.0256852 2.53369 -2.51075 0.022938
177.225 0.0193549 -0.0256624 2.44748 -2.42457 0.0229143
177.236 0.0193391 -0.0256437 2.36074 -2.33784 0.0228916
177.247 0.0193243 -0.0256243 2.27331 -2.25044 0.0228698
177.258 0.019313 -0.025603 2.18534 -2.16249 0.0228495
177.27 0.0193012 -0.0255838 2.09687 -2.07404 0.0228296
177.281 0.0192924 -0.0255653 2.0079 -1.98509 0.0228112
177.292 0.0192853 -0.0255425 1.91859 -1.8958 0.0227896
177.303 0.0192833 -0.0255229 1.83412 -1.81135 0.0227652
177.313 0.0192777 -0.0255027 1.74929 -1.72656 0.0227348
177.324 0.0192749 -0.0254839 1.66411 -1.6414 0.0227083
177.335 0.0192711 -0.0254638 1.5772 -1.55452 0.0226819
177.345 0.0192741 -0.0254436 1.48991 -1.46725 0.0226602
177.356 0.0192771 -0.0254255 1.40227 -1.37963 0.0226386
177.367 0.0192799 -0.0254081 1.31433 -1.29171 0.0226154
177.378 0.0192805 -0.0253934 1.22462 -1.20203 0.0225932
177.389 0.0192794 -0.025381 1.1346 -1.11203 0.0225717
177.4 0.0192776 -0.0253695 1.04437 -1.02182 0.0225521
177.41 0.019275 -0.0253529 0.953946 -0.931412 0.0225341
177.421 0.0192713 -0.0253395 0.863437 -0.840919 0.0225175
177.432 0.0192665 -0.025326 0.774392 -0.751888 0.0225033
177.443 0.0192633 -0.0253139 0.685192 -0.662697 0.0224951
177.453 0.0192605 -0.0252999 0.595895 -0.573414 0.0224802
177.464 0.0192586 -0.0252836 0.506566 -0.484094 0.0224716
177.475 0.0192594 -0.0252655 0.417088 -0.394623 0.0224651
177.486 0.0192598 -0.0252452 0.325728 -0.303271 0.0224571
177.497 0.019258 -0.0252258 0.234462 -0.212011 0.0224513
177.508 0.0192579 -0.0252087 0.143206 -0.120762 0.0224446
177.519 0.019259 -0.0251885 0.0520859 -0.0296472 0.0224387
177.53 0.0192601 -0.0251701 -0.0389448 0.0613788 0.022434
177.541 0.0192592 -0.0251498 -0.129852 0.152285 0.0224324
177.552 0.0192599 -0.0251323 -0.220594 0.243024 0.0224303
177.562 0.0192574 -0.0251177 -0.311106 0.333527 0.0224211
177.573 0.0192586 -0.0250946 -0.401408 0.423824 0.0224155
177.584 0.0192579 -0.0250682 -0.49143 0.513842 0.0224128
177.595 0.0192593 -0.025044 -0.581239 0.603653 0.0224135
177.606 0.0192652 -0.0250221 -0.670772 0.693186 0.0224133
177.617 0.0192733 -0.0250016 -0.759859 0.782271 0.022412
177.628 0.0192794 -0.0249767 -0.846115 0.868526 0.0224117
177.638 0.0192815 -0.0249565 -0.931971 0.95438 0.022409
177.649 0.0192851 -0.0249325 -1.01739 1.0398 0.0224104
177.66 0.0192854 -0.0249094 -1.10231 1.12473 0.0224131
177.67 0.0192886 -0.0248819 -1.18687 1.20928 0.0224151
177.681 0.0192951 -0.0248549 -1.27097 1.2934 0.022422
177.692 0.0193033 -0.0248237 -1.3545 1.37693 0.0224269
177.702 0.0193122 -0.024796 -1.43774 1.46017 0.022432
177.713 0.0193216 -0.0247704 -1.52025 1.54268 0.0224375
177.723 0.0193279 -0.024744 -1.60229 1.62474 0.0224451
177.734 0.0193394 -0.0247173 -1.68369 1.70614 0.0224522
177.745 0.0193514 -0.02469 -1.76433 1.78679 0.0224594
177.755 0.0193606 -0.0246634 -1.84416 1.86663 0.0224698
177.766 0.0193718 -0.0246347 -1.92342 1.9459 0.02248
177.777 0.0193825 -0.0246001 -2.00199 2.02448 0.0224951
177.787 0.0193911 -0.024565 -2.07981 2.10232 0.0225098
177.798 0.0193995 -0.0245326 -2.15689 2.17942 0.0225256
177.809 0.0194086 -0.0244999 -2.23326 2.2558 0.0225407
177.819 0.0194169 -0.0244646 -2.30883 2.33139 0.022559
177.83 0.0194275 -0.0244307 -2.3836 2.40617 0.0225788
177.84 0.0194377 -0.0243939 -2.45754 2.48014 0.0225953
177.851 0.0194434 -0.0243582 -2.53063 2.55324 0.0226133
177.862 0.0194521 -0.0243245 -2.60278 2.62541 0.0226325
177.872 0.0194581 -0.0242893 -2.67413 2.69678 0.0226517
177.883 0.0194671 -0.0242515 -2.7446 2.76728 0.0226765
177.894 0.0194759 -0.0242173 -2.81422 2.83693 0.0227051
177.904 0.0194827 -0.0241844 -2.88296 2.90569 0.0227321
177.915 0.0194876 -0.024148 -2.95079 2.97355 0.0227581
177.926 0.0194935 -0.0241087 -3.01773 3.04052 0.0227849
177.936 0.0194945 -0.0240706 -3.08377 3.10658 0.0228123
177.947 0.0194943 -0.0240288 -3.14891 3.17175 0.0228397
177.957 0.0194933 -0.0239852 -3.21315 3.23602 0.0228669
177.968 0.0194957 -0.0239427 -3.27646 3.29936 0.0228936
177.979 0.0194947 -0.0238991 -3.33882 3.36174 0.0229194
177.989 0.0194937 -0.0238571 -3.4003 3.42325 0.0229441
178 0.0194951 -0.0238175 -3.46078 3.48375 0.0229711
178.011 0.0194934 -0.0237751 -3.52365 3.54665 0.0230059
178.022 0.0194917 -0.0237338 -3.58545 3.6085 0.0230424
178.034 0.0194892 -0.0236905 -3.64624 3.66932 0.0230768
178.045 0.0194848 -0.0236484 -3.70599 3.7291 0.0231064
178.056 0.0194817 -0.0236071 -3.76454 3.78767 0.0231369
178.067 0.0194793 -0.0235665 -3.82094 3.8441 0.0231632
178.078 0.0194798 -0.0235231 -3.87636 3.89956 0.0231936
178.089 0.0194821 -0.0234812 -3.93078 3.954 0.0232269
178.1 0.0194834 -0.0234381 -3.98434 4.00759 0.0232522
178.111 0.0194828 -0.0233931 -4.0369 4.06018 0.0232815
178.122 0.0194804 -0.0233458 -4.08855 4.11186 0.0233138
178.133 0.0194824 -0.0232988 -4.13993 4.16327 0.0233439
178.144 0.0194801 -0.0232523 -4.19028 4.21365 0.0233718
178.155 0.0194777 -0.0232043 -4.23982 4.26322 0.0234014
178.166 0.0194753 -0.023158 -4.28846 4.31189 0.0234282
178.178 0.0194694 -0.0231121 -4.3362 4.35966 0.0234571
178.189 0.0194692 -0.0230685 -4.38305 4.40654 0.0234878
178.2 0.0194649 -0.0230303 -4.42903 4.45255 0.023518
178.211 0.0194626 -0.0229925 -4.47411 4.49766 0.0235518
178.222 0.019461 -0.0229572 -4.5184 4.54199 0.0235886
178.233 0.0194608 -0.0229208 -4.56188 4.58551 0.023624
178.244 0.0194602 -0.0228819 -4.60453 4.62819 0.0236586
178.255 0.0194584 -0.0228467 -4.64582 4.66951 0.0236948
178.266 0.019457 -0.0228071 -4.68635 4.71007 0.0237211
178.277 0.019455 -0.0227678 -4.72608 4.74984 0.0237517
178.288 0.0194533 -0.0227266 -4.76564 4.78942 0.0237793
178.299 0.019455 -0.0226903 -4.80448 4.82829 0.0238095
178.31 0.0194572 -0.0226486 -4.84258 4.86642 0.0238392
178.322 0.0194603 -0.0226022 -4.88 4.90387 0.0238684
178.333 0.0194624 -0.0225571 -4.91676 4.94066 0.023898
178.344 0.0194599 -0.0225097 -4.95284 4.97677 0.0239343
178.355 0.0194588 -0.0224629 -4.98828 5.01225 0.0239709
178.366 0.0194582 -0.0224169 -5.02307 5.04708 0.0240079
178.377 0.0194559 -0.0223744 -5.05713 5.08118 0.0240421
178.388 0.0194568 -0.0223347 -5.09051 5.11459 0.0240804
178.399 0.0194498 -0.0222947 -5.12325 5.14736 0.0241171
178.411 0.0194439 -0.0222526 -5.1553 5.17946 0.024154
178.422 0.019437 -0.022202 -5.18677 5.21096 0.0241944
178.433 0.0194317 -0.0221571 -5.21764 5.24187 0.0242335
178.444 0.0194256 -0.0221196 -5.2479 5.27217 0.0242713
178.455 0.019419 -0.0220805 -5.27759 5.3019 0.0243094
178.466 0.0194098 -0.0220392 -5.3067 5.33105 0.0243472
178.477 0.0194018 -0.0219953 -5.33519 5.35958 0.0243859
178.488 0.0193932 -0.0219555 -5.36316 5.38759 0.0244275
178.5 0.0193836 -0.0219102 -5.39058 5.41505 0.0244682
178.511 0.0193694 -0.0218636 -5.41747 5.44198 0.0245107
178.522 0.0193592 -0.0218171 -5.44383 5.46838 0.0245558
178.533 0.0193525 -0.0217715 -5.46965 5.49425 0.0245999
178.544 0.0193451 -0.0217223 -5.4949 5.51955 0.0246436
178.555 0.0193308 -0.0216737 -5.51961 5.5443 0.0246907
178.566 0.019317 -0.0216277 -5.54376 5.5685 0.024734
178.577 0.0193025 -0.0215783 -5.56739 5.59216 0.0247729
178.589 0.0192894 -0.0215311 -5.5905 5.61531 0.0248134
178.6 0.0192743 -0.0214825 -5.61312 5.63797 0.0248498
178.611 0.0192534 -0.0214315 -5.6352 5.66009 0.0248886
178.622 0.0192364 -0.0213784 -5.65677 5.6817 0.0249272
178.633 0.0192137 -0.0213226 -5.67784 5.7028 0.0249659
178.644 0.0191914 -0.0212662 -5.6984 5.72341 0.0250033
178.655 0.0191682 -0.0212112 -5.71845 5.74348 0.0250379
178.666 0.0191475 -0.0211566 -5.738 5.76307 0.0250689
178.677 0.0191247 -0.0211008 -5.75704 5.78215 0.0251044
178.689 0.0191046 -0.0210428 -5.77555 5.80068 0.0251344
178.7 0.0190836 -0.0209887 -5.79358 5.81875 0.0251673
178.711 0.0190608 -0.0209324 -5.81113 5.83634 0.0252016
178.722 0.019034 -0.0208794 -5.82823 5.85347 0.0252358
178.733 0.0190136 -0.0208244 -5.8448 5.87007 0.0252624
178.744 0.0189936 -0.0207704 -5.86082 5.88611 0.0252922
178.755 0.0189752 -0.0207158 -5.87628 5.9016 0.0253227
178.766 0.0189606 -0.020665 -5.89121 5.91657 0.0253549
178.778 0.0189401 -0.0206155 -5.90562 5.93102 0.0253941
178.789 0.0189177 -0.0205705 -5.9195 5.94494 0.025433
178.8 0.0188979 -0.0205225 -5.93286 5.95833 0.0254691
178.811 0.0188743 -0.0204773 -5.9456 5.9711 0.0255042
178.822 0.0188463 -0.0204312 -5.95776 5.9833 0.0255413
178.833 0.0188199 -0.0203861 -5.96935 5.99492 0.0255724
178.844 0.0187924 -0.0203336 -5.98032 6.00593 0.0256126
178.855 0.0187674 -0.0202818 -5.9907 6.01635 0.0256482
178.867 0.0187424 -0.020226 -6.0005 6.02619 0.0256867
178.878 0.0187198 -0.0201795 -6.00972 6.03544 0.0257295
178.889 0.0186917 -0.0201363 -6.01832 6.0441 0.0257717
178.9 0.0186624 -0.0200956 -6.02642 6.05223 0.025815
178.911 0.0186301 -0.0200517 -6.0338 6.05965 0.0258565
178.922 0.0185995 -0.0200062 -6.04039 6.06629 0.0259
178.933 0.0185701 -0.0199588 -6.04628 6.07222 0.025942
178.944 0.0185397 -0.0199079 -6.05143 6.07742 0.025986
178.956 0.0185057 -0.019858 -6.05586 6.08189 0.0260311
178.967 0.0184739 -0.0198037 -6.05958 6.08566 0.0260733
178.978 0.0184397 -0.0197527 -6.06254 6.08866 0.0261191
178.989 0.0184046 -0.019706 -6.06477 6.09093 0.0261597
179 0.0183703 -0.0196567 -6.06628 6.09248 0.0261989
179.011 0.0183301 -0.0196032 -6.06698 6.09323 0.0262457
179.022 0.0182937 -0.0195507 -6.06693 6.09322 0.0262882
179.034 0.0182568 -0.0194996 -6.06613 6.09246 0.0263289
179.045 0.0182177 -0.0194433 -6.06454 6.09091 0.0263727
179.056 0.0181803 -0.019388 -6.06211 6.08852 0.026416
179.067 0.0181466 -0.0193384 -6.05894 6.0854 0.026461
179.079 0.0181103 -0.0192878 -6.05493 6.08143 0.0265088
179.09 0.0180688 -0.0192391 -6.05009 6.07665 0.026559
179.101 0.0180288 -0.0191874 -6.04449 6.0711 0.0266038
179.112 0.0179946 -0.0191351 -6.03799 6.06464 0.0266521
179.124 0.0179596 -0.019081 -6.03067 6.05737 0.0266999
179.135 0.0179247 -0.0190264 -6.02248 6.04923 0.026744
179.146 0.0178911 -0.0189722 -6.01342 6.0402 0.0267882
179.157 0.0178602 -0.0189217 -6.00344 6.03027 0.0268323
179.169 0.0178241 -0.0188688 -5.99262 6.01949 0.0268719
179.18 0.0177941 -0.018819 -5.98092 6.00783 0.0269128
179.191 0.0177609 -0.0187648 -5.96833 5.99529 0.026956
179.202 0.0177355 -0.018718 -5.95489 5.98189 0.0269989
179.213 0.017709 -0.0186684 -5.94047 5.96752 0.0270487
179.225 0.0176876 -0.0186172 -5.92525 5.95235 0.0270959
179.236 0.0176709 -0.0185665 -5.90921 5.93635 0.0271394
179.247 0.0176525 -0.0185199 -5.89224 5.91943 0.0271836
179.258 0.0176299 -0.0184681 -5.87433 5.90155 0.0272235
179.27 0.0176096 -0.0184215 -5.85552 5.88278 0.0272615
179.28 0.017589 -0.0183805 -5.83708 5.86438 0.0273
179.291 0.0175705 -0.0183362 -5.81789 5.84523 0.0273385
179.302 0.0175472 -0.0182922 -5.79751 5.82489 0.0273743
179.312 0.0175271 -0.0182466 -5.77637 5.80378 0.0274144
179.323 0.0175025 -0.0181989 -5.75445 5.7819 0.0274523
179.334 0.0174807 -0.0181543 -5.73175 5.75925 0.0274938
179.345 0.0174526 -0.018109 -5.70788 5.73542 0.027537
179.356 0.0174274 -0.0180647 -5.68324 5.71082 0.0275869
179.367 0.0174009 -0.0180231 -5.65779 5.68543 0.0276354
179.377 0.0173808 -0.0179774 -5.63212 5.6598 0.0276841
179.388 0.0173575 -0.0179316 -5.60579 5.63352 0.0277341
179.399 0.0173345 -0.0178921 -5.57878 5.60656 0.0277801
179.409 0.0173122 -0.0178495 -5.55158 5.57941 0.0278251
179.42 0.0172905 -0.017806 -5.52382 5.55169 0.0278766
179.43 0.0172734 -0.0177622 -5.49558 5.52351 0.0279235
179.441 0.017257 -0.017721 -5.46741 5.49538 0.0279733
179.451 0.0172374 -0.017678 -5.43875 5.46677 0.0280224
179.461 0.0172241 -0.0176344 -5.4097 5.43777 0.028071
179.472 0.0172096 -0.0175903 -5.38031 5.40844 0.0281242
179.482 0.0171954 -0.0175519 -5.35063 5.37881 0.0281726
179.493 0.0171772 -0.0175101 -5.32069 5.34891 0.0282231
179.503 0.0171697 -0.0174656 -5.29054 5.31881 0.0282719
179.513 0.0171573 -0.0174248 -5.26014 5.28846 0.0283184
179.524 0.0171395 -0.0173826 -5.22968 5.25805 0.0283679
179.534 0.0171253 -0.0173376 -5.19917 5.22758 0.0284162
179.545 0.0171162 -0.0172891 -5.16796 5.19643 0.0284703
179.555 0.0171026 -0.0172431 -5.13682 5.16533 0.0285143
179.566 0.0170972 -0.017198 -5.10572 5.13429 0.0285643
179.576 0.0170933 -0.0171501 -5.07485 5.10346 0.0286198
179.587 0.0170847 -0.0171003 -5.04419 5.07287 0.0286735
179.598 0.0170744 -0.0170481 -5.01381 5.04254 0.0287231
179.608 0.0170551 -0.0170005 -4.98373 5.0125 0.0287711
179.619 0.0170384 -0.0169496 -4.95312 4.98194 0.0288221
179.63 0.0170208 -0.0168995 -4.92299 4.95186 0.0288756
179.641 0.0170039 -0.0168505 -4.89328 4.92221 0.0289284
179.652 0.0169961 -0.0168014 -4.86413 4.89311 0.0289833
179.663 0.0169875 -0.0167477 -4.83557 4.86461 0.0290388
179.673 0.0169725 -0.0166929 -4.8076 4.83669 0.0290929
179.684 0.0169621 -0.0166343 -4.78007 4.80922 0.0291446
179.695 0.016953 -0.0165767 -4.75329 4.78249 0.0291988
179.706 0.0169429 -0.0165159 -4.72729 4.75655 0.029256
179.717 0.0169307 -0.0164553 -4.702 4.73131 0.029311
179.728 0.0169232 -0.0163894 -4.6774 4.70677 0.0293669
179.739 0.0169163 -0.0163223 -4.65366 4.68308 0.0294225
179.75 0.0169058 -0.0162619 -4.63063 4.66011 0.0294818
179.761 0.0168989 -0.0161998 -4.60835 4.63789 0.0295419
179.771 0.0168946 -0.0161359 -4.58689 4.61649 0.0295956
179.782 0.0168881 -0.0160741 -4.56628 4.59593 0.0296539
179.793 0.0168864 -0.0160103 -4.54649 4.5762 0.0297093
179.804 0.0168827 -0.015951 -4.52752 4.55729 0.0297645
179.815 0.0168764 -0.0158899 -4.50939 4.53921 0.0298217
179.826 0.0168768 -0.0158298 -4.49204 4.52192 0.029882
179.837 0.0168737 -0.0157655 -4.4755 4.50544 0.029939
179.848 0.016866 -0.015698 -4.45977 4.48976 0.0299956
179.858 0.0168635 -0.0156311 -4.44483 4.47489 0.0300564
179.869 0.0168624 -0.0155684 -4.43068 4.4608 0.0301156
179.88 0.0168592 -0.0155035 -4.41726 4.44743 0.030174
179.891 0.0168557 -0.0154429 -4.40458 4.43481 0.0302284
179.902 0.0168503 -0.0153842 -4.39262 4.42291 0.0302833
179.913 0.016845 -0.0153258 -4.38135 4.41169 0.0303396
179.924 0.0168408 -0.0152656 -4.3708 4.40119 0.0303937
179.935 0.0168369 -0.0152064 -4.36097 4.39142 0.0304437
179.946 0.0168341 -0.015148 -4.35183 4.38233 0.030497
179.956 0.016832 -0.0150881 -4.34337 4.37392 0.0305497
179.967 0.0168274 -0.0150306 -4.33556 4.36616 0.0306062
179.978 0.0168164 -0.0149694 -4.32836 4.35902 0.0306594
179.989 0.0168079 -0.0149137 -4.32188 4.3526 0.0307159
180 0.0168005 -0.0148604 -4.31604 4.34681 0.0307703
180.011 0.0167893 -0.0148017 -4.3106 4.34142 0.0308241
180.022 0.0167808 -0.0147479 -4.30568 4.33656 0.030882
180.034 0.0167761 -0.014694 -4.3014 4.33233 0.0309366
180.045 0.0167712 -0.014643 -4.29762 4.32861 0.0309887
180.056 0.0167661 -0.0145893 -4.29441 4.32545 0.0310426
180.067 0.0167603 -0.0145343 -4.29174 4.32283 0.0310902
180.079 0.0167525 -0.0144761 -4.28954 4.32068 0.0311359
180.09 0.0167418 -0.0144199 -4.28781 4.31899 0.0311829
180.1 0.0167378 -0.0143712 -4.28665 4.31788 0.0312279
180.11 0.0167321 -0.0143258 -4.28583 4.3171 0.0312702
180.121 0.0167247 -0.0142826 -4.2853 4.31661 0.0313139
180.131 0.0167249 -0.014237 -4.28503 4.31639 0.0313541
180.142 0.0167232 -0.014194 -4.28505 4.31644 0.0313912
180.152 0.0167207 -0.0141467 -4.28541 4.31684 0.0314276
180.163 0.0167219 -0.0140995 -4.28602 4.31749 0.0314671
180.173 0.0167245 -0.0140542 -4.28696 4.31846 0.031502
180.184 0.0167326 -0.0140143 -4.28818 4.31972 0.0315427
180.195 0.016735 -0.0139731 -4.28969 4.32127 0.0315798
180.206 0.0167364 -0.013938 -4.29152 4.32314 0.0316176
180.217 0.0167309 -0.0138987 -4.2935 4.32515 0.0316562
180.228 0.0167313 -0.0138608 -4.29592 4.32762 0.0316935
180.238 0.0167274 -0.0138241 -4.29869 4.33043 0.0317346
180.249 0.0167265 -0.0137927 -4.30175 4.33352 0.0317785
180.26 0.0167243 -0.0137636 -4.30523 4.33705 0.0318207
180.271 0.0167172 -0.0137256 -4.30912 4.34098 0.0318669
180.282 0.0167057 -0.0136794 -4.31326 4.34517 0.0319089
180.293 0.0166968 -0.0136357 -4.31769 4.34964 0.0319505
180.305 0.0166899 -0.0135926 -4.32247 4.35446 0.0319888
180.316 0.0166828 -0.0135461 -4.3276 4.35964 0.0320356
180.327 0.0166734 -0.0135024 -4.33298 4.36505 0.0320753
180.338 0.0166617 -0.0134645 -4.33866 4.37077 0.0321116
180.349 0.016651 -0.0134254 -4.34471 4.37686 0.0321507
180.36 0.0166435 -0.0133858 -4.35113 4.38332 0.0321885
180.371 0.0166268 -0.0133474 -4.35785 4.39007 0.0322225
180.382 0.0166177 -0.0133176 -4.36517 4.39743 0.0322619
180.393 0.0166042 -0.0132799 -4.37303 4.40533 0.0323031
180.404 0.0165923 -0.0132458 -4.3813 4.41364 0.0323414
180.416 0.016578 -0.0132078 -4.38995 4.42233 0.0323799
180.427 0.0165608 -0.0131647 -4.39879 4.43121 0.0324182
180.438 0.0165419 -0.0131172 -4.40805 4.44051 0.032457
180.449 0.0165151 -0.0130772 -4.41754 4.45004 0.0324956
180.46 0.0164901 -0.0130491 -4.42728 4.45981 0.0325382
180.472 0.0164666 -0.0130145 -4.43747 4.47005 0.0325762
180.483 0.0164444 -0.0129729 -4.44791 4.48053 0.0326142
180.494 0.0164213 -0.0129318 -4.45846 4.49111 0.0326523
180.504 0.0163967 -0.0128991 -4.468 4.50068 0.0326854
180.514 0.0163777 -0.012873 -4.47777 4.51049 0.0327212
180.524 0.0163589 -0.0128446 -4.48797 4.52073 0.0327553
180.534 0.0163366 -0.0128154 -4.49837 4.53115 0.0327813
180.544 0.0163143 -0.0127781 -4.50888 4.54169 0.0328073
180.555 0.0162926 -0.0127427 -4.51974 4.55258 0.0328377
180.565 0.0162713 -0.0127104 -4.53076 4.56363 0.0328695
180.575 0.0162448 -0.0126702 -4.54178 4.57468 0.0328991
180.586 0.0162239 -0.0126308 -4.55305 4.58598 0.0329333
180.597 0.0162008 -0.0125939 -4.56461 4.59757 0.0329645
180.607 0.0161791 -0.0125562 -4.57635 4.60935 0.0329947
180.618 0.0161573 -0.0125159 -4.58795 4.62097 0.0330262
180.629 0.0161362 -0.0124756 -4.59957 4.63263 0.0330577
180.639 0.0161148 -0.0124363 -4.61127 4.64436 0.0330881
180.65 0.0160904 -0.0124022 -4.62314 4.65625 0.0331163
180.661 0.0160686 -0.0123704 -4.63494 4.66808 0.0331417
180.672 0.0160443 -0.0123407 -4.64667 4.67984 0.0331708
180.683 0.0160244 -0.0123135 -4.65822 4.69143 0.0332043
180.694 0.0160006 -0.012284 -4.66969 4.70292 0.0332352
180.704 0.0159869 -0.0122554 -4.67996 4.71322 0.0332682
180.713 0.0159708 -0.0122297 -4.6897 4.723 0.0332985
180.723 0.0159532 -0.0122072 -4.69903 4.73235 0.0333206
180.732 0.0159369 -0.0121789 -4.70822 4.74156 0.0333471
180.741 0.0159206 -0.0121547 -4.71736 4.75073 0.0333708
180.751 0.0159076 -0.0121293 -4.72646 4.75985 0.0333921
180.76 0.0158915 -0.0121065 -4.73527 4.76868 0.0334166
180.77 0.0158712 -0.012086 -4.7442 4.77764 0.033438
180.78 0.0158554 -0.0120654 -4.75284 4.78631 0.0334643
180.79 0.0158379 -0.0120489 -4.76125 4.79474 0.0334946
180.8 0.0158164 -0.0120299 -4.76927 4.80279 0.0335209
180.81 0.0157996 -0.0120142 -4.77695 4.81049 0.0335438
180.821 0.0157783 -0.0119992 -4.78459 4.81816 0.0335744
180.831 0.0157547 -0.0119833 -4.79174 4.82536 0.0336119
180.842 0.0157339 -0.0119646 -4.79833 4.83198 0.0336468
180.853 0.0157123 -0.0119511 -4.80429 4.83797 0.0336794
180.863 0.0156933 -0.0119406 -4.80961 4.84331 0.0337066
180.874 0.0156779 -0.0119337 -4.81426 4.84799 0.0337308
180.884 0.0156689 -0.0119312 -4.81832 4.85208 0.0337546
180.895 0.0156602 -0.0119218 -4.82166 4.85545 0.0337834
180.905 0.0156546 -0.0119058 -4.82431 4.85813 0.0338155
180.916 0.015648 -0.0118845 -4.8262 4.86004 0.0338477
180.926 0.0156414 -0.0118658 -4.82727 4.86115 0.0338802
180.937 0.0156261 -0.0118558 -4.82754 4.86144 0.0339038
180.947 0.0156115 -0.0118472 -4.82696 4.86089 0.0339288
180.958 0.0155911 -0.0118288 -4.82556 4.85953 0.0339675
180.968 0.0155778 -0.0118213 -4.82328 4.85728 0.0340011
180.979 0.0155645 -0.0118131 -4.82018 4.85421 0.0340254
180.989 0.0155487 -0.0118016 -4.8162 4.85025 0.0340487
181 0.0155405 -0.0117915 -4.81133 4.84541 0.0340768
181.011 0.0155285 -0.0117898 -4.80521 4.83931 0.0341005
181.022 0.0155105 -0.0117807 -4.7981 4.83222 0.0341198
181.033 0.0154921 -0.0117742 -4.79006 4.82419 0.034138
181.044 0.0154739 -0.011762 -4.78109 4.81525 0.0341596
181.056 0.0154519 -0.0117412 -4.77118 4.80536 0.0341799
181.067 0.0154354 -0.0117135 -4.76039 4.79459 0.0341998
181.078 0.0154198 -0.0116866 -4.74856 4.78279 0.0342223
181.089 0.0153983 -0.0116581 -4.73579 4.77003 0.0342393
181.1 0.0153818 -0.0116306 -4.72211 4.75637 0.0342589
181.112 0.0153718 -0.0116267 -4.70757 4.74185 0.0342855
181.123 0.0153612 -0.0116208 -4.69223 4.72654 0.0343109
181.134 0.0153415 -0.0116122 -4.67607 4.7104 0.0343364
181.145 0.015321 -0.0116029 -4.65899 4.69335 0.0343591
181.157 0.0152937 -0.0115843 -4.64107 4.67546 0.0343818
181.168 0.0152729 -0.0115759 -4.62244 4.65684 0.0344028
181.179 0.0152524 -0.0115641 -4.6031 4.63752 0.0344253
181.19 0.0152371 -0.0115485 -4.58304 4.61749 0.0344484
181.202 0.0152226 -0.0115444 -4.56238 4.59685 0.0344719
181.213 0.015209 -0.0115344 -4.54116 4.57566 0.0344954
181.224 0.0151839 -0.0115225 -4.51934 4.55386 0.0345207
181.235 0.0151584 -0.0115103 -4.49698 4.53152 0.0345414
181.247 0.0151279 -0.0115038 -4.47404 4.5086 0.0345638
181.258 0.0151006 -0.0115056 -4.4507 4.48528 0.034584
181.269 0.015069 -0.0115068 -4.42691 4.46152 0.0346083
181.28 0.0150497 -0.0114885 -4.40268 4.43731 0.0346328
181.292 0.0150243 -0.0114746 -4.37792 4.41257 0.0346524
181.303 0.0149934 -0.0114659 -4.35263 4.3873 0.0346674
181.314 0.0149606 -0.0114555 -4.32684 4.36153 0.0346887
181.325 0.0149261 -0.011442 -4.30057 4.33528 0.034712
181.337 0.0148947 -0.0114304 -4.27385 4.30859 0.0347363
181.348 0.0148606 -0.0114224 -4.2466 4.28135 0.0347522
181.359 0.0148451 -0.0114142 -4.21898 4.25376 0.0347798
181.37 0.014825 -0.0114068 -4.19097 4.22578 0.0348041
181.382 0.0148053 -0.0114022 -4.16257 4.1974 0.0348328
181.393 0.0147879 -0.0114097 -4.13378 4.16864 0.0348574
181.404 0.0147748 -0.0114086 -4.10472 4.13961 0.0348862
181.415 0.014759 -0.0114013 -4.07529 4.1102 0.0349111
181.427 0.0147474 -0.0113977 -4.04544 4.08038 0.034936
181.438 0.0147381 -0.0113907 -4.01522 4.05018 0.0349663
181.449 0.0147315 -0.0114011 -3.98466 4.01966 0.034999
181.46 0.014718 -0.0114038 -3.95376 3.9888 0.0350379
181.471 0.0146958 -0.0114038 -3.92247 3.95755 0.0350746
181.483 0.0146786 -0.0113974 -3.89075 3.92586 0.0351124
181.494 0.0146622 -0.0113881 -3.85855 3.89369 0.0351409
181.505 0.0146526 -0.0113807 -3.82586 3.86103 0.035167
181.516 0.0146397 -0.0113704 -3.7927 3.8279 0.035196
181.528 0.0146293 -0.0113646 -3.75921 3.79443 0.0352292
181.539 0.0146216 -0.011365 -3.72536 3.76061 0.0352586
181.55 0.0146118 -0.0113606 -3.69119 3.72649 0.035299
181.561 0.0145944 -0.011361 -3.65677 3.69211 0.0353373
181.573 0.0145848 -0.0113599 -3.62211 3.6575 0.0353862
181.584 0.0145748 -0.0113624 -3.58713 3.62256 0.0354325
181.595 0.0145608 -0.0113628 -3.55176 3.58723 0.0354721
181.606 0.0145353 -0.0113562 -3.51606 3.55157 0.0355112
181.618 0.01452 -0.0113555 -3.4801 3.51566 0.0355615
181.629 0.0145108 -0.0113458 -3.44384 3.47944 0.0355989
181.64 0.0145103 -0.0113323 -3.40724 3.44288 0.035638
181.651 0.0145059 -0.0113178 -3.37029 3.40596 0.0356748
181.663 0.014494 -0.0113017 -3.33308 3.3688 0.0357157
181.674 0.0144894 -0.0112882 -3.2957 3.33146 0.0357589
181.685 0.0144847 -0.0112736 -3.25813 3.29394 0.035805
181.696 0.0144784 -0.0112722 -3.22041 3.25627 0.0358607
181.708 0.0144616 -0.0112614 -3.18264 3.21854 0.0359061
181.719 0.0144466 -0.0112451 -3.14461 3.18056 0.0359506
181.73 0.0144331 -0.0112314 -3.10656 3.14256 0.0359978
181.741 0.014429 -0.0112148 -3.06845 3.10449 0.0360433
181.753 0.0144269 -0.0111942 -3.03019 3.06629 0.0360915
181.764 0.0144216 -0.0111728 -2.99174 3.02788 0.0361422
181.775 0.0144129 -0.011152 -2.95329 2.98948 0.0361939
181.786 0.014407 -0.0111297 -2.91477 2.95102 0.0362488
181.798 0.0144037 -0.0111106 -2.87627 2.91258 0.0363053
181.809 0.0144003 -0.0110953 -2.83786 2.87421 0.0363579
181.82 0.0143959 -0.0110859 -2.79951 2.83592 0.0364138
181.831 0.0143881 -0.0110746 -2.7612 2.79767 0.036462
181.843 0.0143898 -0.0110613 -2.723 2.75952 0.0365128
181.854 0.0143836 -0.0110396 -2.6849 2.72146 0.0365646
181.865 0.0143806 -0.0110218 -2.64699 2.68361 0.0366115
181.876 0.0143772 -0.0110035 -2.60931 2.64597 0.0366579
181.888 0.0143745 -0.0109887 -2.5718 2.60851 0.0367066
181.899 0.0143766 -0.0109758 -2.53444 2.5712 0.0367591
181.91 0.0143824 -0.0109742 -2.4974 2.53421 0.0368172
181.921 0.0143875 -0.0109684 -2.46062 2.4975 0.0368757
181.933 0.0143887 -0.0109628 -2.42412 2.46105 0.036937
181.944 0.0144016 -0.0109532 -2.38799 2.42498 0.0369939
181.955 0.0144104 -0.0109502 -2.35221 2.38926 0.0370507
181.966 0.0144173 -0.0109495 -2.31676 2.35386 0.0371066
181.978 0.0144178 -0.0109466 -2.28166 2.31882 0.0371651
181.989 0.0144219 -0.0109364 -2.24692 2.28414 0.0372264
182 0.0144298 -0.0109293 -2.21252 2.2498 0.0372873
182.011 0.0144355 -0.0109132 -2.17862 2.21597 0.0373529
182.022 0.0144388 -0.0108978 -2.14518 2.1826 0.0374171
182.034 0.0144406 -0.0108838 -2.11224 2.14972 0.0374802
182.045 0.0144446 -0.0108728 -2.07982 2.11736 0.0375378
182.056 0.0144534 -0.0108659 -2.04792 2.08552 0.0375987
182.067 0.0144628 -0.0108633 -2.0166 2.05426 0.0376612
182.079 0.0144716 -0.0108587 -1.98594 2.02366 0.0377231
182.09 0.0144778 -0.0108532 -1.9559 1.99369 0.0377883
182.101 0.0144876 -0.0108451 -1.9265 1.96435 0.0378552
182.112 0.0144959 -0.010835 -1.89779 1.93571 0.0379191
182.124 0.0145106 -0.0108256 -1.86974 1.90773 0.0379841
182.135 0.0145152 -0.0108144 -1.84243 1.88048 0.0380502
182.145 0.0145169 -0.0108084 -1.81868 1.85678 0.0381031
182.155 0.014526 -0.0108009 -1.79528 1.83344 0.0381594
182.165 0.0145329 -0.010795 -1.77221 1.81043 0.0382202
182.176 0.0145451 -0.0107872 -1.74986 1.78814 0.0382754
182.186 0.0145592 -0.0107789 -1.72801 1.76634 0.0383303
182.197 0.0145776 -0.0107751 -1.70664 1.74502 0.0383874
182.207 0.0146018 -0.0107666 -1.68607 1.72451 0.0384442
182.218 0.0146268 -0.0107641 -1.66632 1.70482 0.0385017
182.229 0.0146531 -0.0107624 -1.64714 1.68571 0.0385606
182.239 0.0146712 -0.0107596 -1.62892 1.66754 0.0386203
182.25 0.0146938 -0.0107562 -1.61157 1.65026 0.0386847
182.261 0.0147123 -0.0107416 -1.5949 1.63365 0.0387501
182.272 0.0147373 -0.0107285 -1.57921 1.61802 0.0388121
182.283 0.0147653 -0.0107203 -1.56444 1.60332 0.0388759
182.293 0.0148008 -0.0107194 -1.55064 1.58958 0.0389382
182.304 0.0148275 -0.0107225 -1.53784 1.57684 0.0389977
182.315 0.0148598 -0.0107224 -1.52584 1.5649 0.0390553
182.326 0.0148892 -0.0107229 -1.51487 1.55399 0.039116
182.337 0.0149247 -0.0107211 -1.50495 1.54412 0.0391733
182.348 0.0149643 -0.0107214 -1.49605 1.53528 0.0392339
182.36 0.0150057 -0.0107198 -1.48816 1.52746 0.0392933
182.371 0.0150437 -0.010717 -1.48132 1.52068 0.0393519
182.382 0.015081 -0.0107116 -1.47551 1.51492 0.0394085
182.393 0.0151184 -0.0107006 -1.47074 1.51021 0.0394648
182.404 0.0151518 -0.010694 -1.46711 1.50662 0.0395132
182.415 0.0151891 -0.0106823 -1.46449 1.50406 0.0395719
182.426 0.0152309 -0.0106747 -1.46293 1.50256 0.039632
182.437 0.0152712 -0.0106644 -1.46246 1.50214 0.039686
182.448 0.015308 -0.0106526 -1.46299 1.50273 0.0397428
182.459 0.0153396 -0.0106378 -1.46449 1.50429 0.0398033
182.47 0.0153682 -0.0106272 -1.46706 1.50692 0.0398624
182.481 0.0154059 -0.010618 -1.47067 1.51059 0.039919
182.492 0.0154421 -0.010602 -1.47527 1.51524 0.0399717
182.503 0.0154753 -0.0105871 -1.48085 1.52088 0.0400257
182.514 0.0155099 -0.0105797 -1.48742 1.5275 0.0400798
182.525 0.0155393 -0.0105792 -1.49495 1.53509 0.0401413
182.536 0.0155646 -0.0105691 -1.50346 1.54365 0.0401927
182.547 0.0155866 -0.010554 -1.51292 1.55317 0.0402448
182.558 0.0156113 -0.0105449 -1.52335 1.56365 0.0402958
182.569 0.0156328 -0.0105403 -1.53471 1.57505 0.0403395
182.58 0.0156646 -0.0105304 -1.54696 1.58734 0.0403841
182.591 0.0156916 -0.0105139 -1.56011 1.60054 0.0404319
182.602 0.0157176 -0.0104941 -1.57414 1.61462 0.0404753
182.614 0.0157406 -0.0104781 -1.58907 1.62959 0.0405203
182.625 0.0157635 -0.0104675 -1.60485 1.64542 0.04057
182.636 0.0157841 -0.0104463 -1.62147 1.66209 0.0406133
182.647 0.0158098 -0.0104223 -1.63891 1.67958 0.0406676
182.658 0.0158258 -0.0104015 -1.65717 1.69789 0.0407148
182.669 0.0158459 -0.0103805 -1.67625 1.71701 0.0407612
182.68 0.0158623 -0.0103707 -1.69613 1.73693 0.0407994
182.691 0.0158763 -0.0103539 -1.71681 1.75765 0.0408394
182.702 0.0158926 -0.0103386 -1.73828 1.77917 0.0408859
182.713 0.0159021 -0.0103203 -1.76052 1.80145 0.0409342
182.724 0.0159128 -0.0103038 -1.78353 1.82453 0.0409955
182.735 0.0159239 -0.0102826 -1.8073 1.84835 0.0410492
182.746 0.0159403 -0.0102565 -1.83187 1.87296 0.0410933
182.757 0.0159601 -0.0102377 -1.85722 1.89836 0.0411371
182.768 0.0159739 -0.0102192 -1.88336 1.92454 0.0411836
182.779 0.0159868 -0.0101999 -1.91021 1.95144 0.0412297
182.79 0.0159929 -0.0101836 -1.93787 1.97915 0.0412758
182.801 0.0159996 -0.0101699 -1.96631 2.00763 0.0413258
182.812 0.0160049 -0.0101561 -1.99546 2.03684 0.0413723
182.823 0.0160091 -0.0101356 -2.02541 2.06682 0.0414139
182.834 0.0160123 -0.0101228 -2.05611 2.09756 0.0414563
182.845 0.0160117 -0.0101126 -2.08755 2.12907 0.0415108
182.856 0.0160147 -0.0100983 -2.11976 2.16132 0.0415618
182.867 0.0160202 -0.010085 -2.15282 2.19443 0.0416021
182.879 0.016025 -0.0100715 -2.18656 2.22821 0.0416433
182.89 0.0160288 -0.0100597 -2.22106 2.26274 0.0416851
182.901 0.0160251 -0.0100464 -2.25628 2.29801 0.0417279
182.912 0.0160186 -0.0100375 -2.29223 2.33401 0.0417745
182.923 0.0160114 -0.0100312 -2.32899 2.37081 0.0418198
182.934 0.0160083 -0.0100168 -2.36649 2.40835 0.0418607
182.945 0.0160122 -0.00999932 -2.40473 2.44662 0.0418863
182.956 0.016011 -0.00999308 -2.44361 2.48554 0.0419236
182.967 0.0160078 -0.00999193 -2.48323 2.52519 0.0419657
182.978 0.0160036 -0.00998556 -2.52367 2.56568 0.0420083
182.989 0.0159995 -0.00997922 -2.56486 2.60691 0.0420506
183 0.0159955 -0.00998112 -2.60665 2.64873 0.0420835
183.011 0.0159894 -0.00998526 -2.64992 2.69203 0.0421122
183.022 0.0159781 -0.0099897 -2.69388 2.73602 0.0421459
183.034 0.0159719 -0.00999352 -2.73852 2.78071 0.0421872
183.045 0.0159702 -0.0099961 -2.78383 2.82605 0.0422214
183.056 0.0159659 -0.0100046 -2.82978 2.87203 0.0422545
183.067 0.0159647 -0.0100069 -2.87637 2.91866 0.0422869
183.079 0.0159636 -0.0100088 -2.92362 2.96593 0.042311
183.09 0.0159537 -0.0100105 -2.97156 3.01389 0.0423349
183.101 0.0159407 -0.010018 -3.02015 3.06251 0.0423614
183.112 0.01593 -0.0100233 -3.06944 3.11182 0.0423852
183.124 0.0159273 -0.0100281 -3.11936 3.16176 0.042409
183.135 0.0159209 -0.0100363 -3.16988 3.21232 0.0424398
183.146 0.0159114 -0.0100386 -3.221 3.26346 0.042462
183.157 0.0159075 -0.0100386 -3.27276 3.31524 0.0424794
183.169 0.0159078 -0.0100429 -3.32516 3.36766 0.0424997
183.18 0.0159098 -0.0100556 -3.37813 3.42066 0.0425258
183.191 0.0159089 -0.0100658 -3.43162 3.47417 0.0425449
183.202 0.0159093 -0.0100685 -3.48552 3.52809 0.0425733
183.213 0.0159122 -0.0100715 -3.53987 3.58247 0.0425979
183.225 0.0159189 -0.0100751 -3.59463 3.63725 0.042624
183.236 0.0159179 -0.0100805 -3.64976 3.69241 0.0426495
183.247 0.0159167 -0.010085 -3.70524 3.74791 0.0426682
183.258 0.0159118 -0.0100895 -3.76091 3.80361 0.0426999
183.27 0.0159042 -0.0101015 -3.81683 3.85955 0.0427229
183.281 0.0159024 -0.0101097 -3.87295 3.91569 0.0427402
183.292 0.0159025 -0.0101133 -3.92925 3.972 0.0427534
183.303 0.0158967 -0.0101182 -3.98563 4.0284 0.0427758
183.315 0.0158977 -0.010118 -4.04216 4.08495 0.0427953
183.326 0.0159005 -0.0101264 -4.09873 4.14155 0.042814
183.337 0.0159001 -0.0101345 -4.15524 4.19806 0.0428177
183.348 0.0158978 -0.0101407 -4.21175 4.25459 0.0428332
183.36 0.0158942 -0.0101469 -4.2682 4.31104 0.0428452
183.371 0.0158916 -0.0101566 -4.32447 4.36732 0.0428501
183.382 0.0158894 -0.0101498 -4.38055 4.42341 0.0428586
183.393 0.015881 -0.0101493 -4.43635 4.47921 0.0428574
183.404 0.0158746 -0.0101573 -4.49182 4.53468 0.0428611
183.416 0.0158667 -0.0101622 -4.54693 4.5898 0.0428646
183.427 0.0158617 -0.0101633 -4.60169 4.64457 0.042875
183.438 0.015851 -0.0101636 -4.65606 4.69895 0.0428862
183.449 0.0158455 -0.0101637 -4.71002 4.75292 0.0428974
183.461 0.0158343 -0.0101531 -4.76349 4.8064 0.0429031
183.472 0.0158205 -0.0101522 -4.81646 4.85937 0.0429095
183.483 0.0158197 -0.0101501 -4.86884 4.91176 0.0429219
183.494 0.0158253 -0.0101442 -4.92058 4.96351 0.0429329
183.506 0.015829 -0.0101384 -4.97171 5.01465 0.0429406
183.517 0.0158226 -0.0101345 -5.02215 5.06511 0.0429593
183.528 0.0158173 -0.0101262 -5.07195 5.11493 0.0429791
183.539 0.0158112 -0.0101147 -5.12105 5.16403 0.0429863
183.551 0.0157968 -0.0101124 -5.1694 5.21239 0.042991
183.562 0.0157772 -0.0101112 -5.21701 5.26001 0.0430004
183.573 0.0157652 -0.0101092 -5.26389 5.3069 0.0430084
183.584 0.0157673 -0.0101145 -5.30998 5.353 0.0430184
183.596 0.0157574 -0.0101265 -5.35526 5.39829 0.043025
183.607 0.0157538 -0.0101181 -5.39965 5.44268 0.0430301
183.618 0.0157504 -0.0101138 -5.44313 5.48618 0.0430499
183.629 0.0157416 -0.0101106 -5.48577 5.52885 0.0430764
183.64 0.0157345 -0.0101069 -5.52759 5.57069 0.0430994
183.652 0.0157254 -0.0100931 -5.5686 5.61172 0.0431194
183.663 0.0157118 -0.0100831 -5.6088 5.65194 0.0431406
183.674 0.0157068 -0.0100717 -5.64827 5.69144 0.043166
183.685 0.0157076 -0.0100629 -5.68695 5.73014 0.0431894
183.697 0.0157022 -0.010055 -5.72485 5.76806 0.0432075
183.708 0.0156958 -0.0100439 -5.76198 5.80521 0.0432299
183.719 0.0156904 -0.0100277 -5.79836 5.84161 0.0432586
183.73 0.0156851 -0.0100159 -5.83398 5.87727 0.0432919
183.742 0.0156773 -0.00999394 -5.86888 5.9122 0.0433194
183.753 0.01566 -0.00996905 -5.90305 5.94639 0.0433404
183.764 0.0156387 -0.00994171 -5.93651 5.97988 0.0433739
183.775 0.0156254 -0.00991735 -5.96931 6.01271 0.0434011
183.787 0.0156133 -0.00990162 -6.00142 6.04485 0.0434314
183.798 0.0156076 -0.00988239 -6.03284 6.07631 0.043463
183.809 0.0156009 -0.00986177 -6.06371 6.10721 0.0434994
183.82 0.0155909 -0.00984187 -6.09388 6.13741 0.0435341
183.831 0.0155737 -0.00981716 -6.12341 6.16698 0.0435678
183.843 0.0155556 -0.00978038 -6.15232 6.19592 0.0435958
183.854 0.0155339 -0.00975919 -6.18065 6.22429 0.0436331
183.865 0.0155047 -0.00973189 -6.20839 6.25205 0.0436615
183.876 0.0154762 -0.00969662 -6.23558 6.27928 0.0436965
183.888 0.0154528 -0.00966876 -6.26218 6.30592 0.0437372
183.899 0.0154368 -0.00964297 -6.28828 6.33206 0.0437783
183.91 0.0154219 -0.00960371 -6.31386 6.35767 0.0438144
183.921 0.0154007 -0.0095657 -6.33899 6.38284 0.0438535
183.933 0.0153705 -0.00954304 -6.36365 6.40755 0.0438962
183.944 0.0153414 -0.00951414 -6.38783 6.43176 0.0439303
183.955 0.0153164 -0.00948476 -6.41158 6.45554 0.0439607
183.966 0.0152857 -0.00946143 -6.43496 6.47897 0.0440074
183.978 0.0152568 -0.00942771 -6.45785 6.5019 0.0440552
183.989 0.0152264 -0.00939907 -6.48018 6.52429 0.044111
184 0.0151874 -0.00936709 -6.50218 6.54635 0.0441626
184.011 0.0151441 -0.00933345 -6.52378 6.56799 0.0442124
184.022 0.0151056 -0.00929206 -6.54493 6.5892 0.0442647
184.034 0.015069 -0.00926243 -6.56569 6.61001 0.0443206
184.045 0.0150398 -0.00923222 -6.58598 6.63035 0.0443687
184.056 0.0150162 -0.00920316 -6.60589 6.65032 0.0444249
184.067 0.0149858 -0.00917049 -6.62538 6.66986 0.044479
184.079 0.0149476 -0.00913582 -6.64456 6.68909 0.0445311
184.09 0.0149039 -0.00910081 -6.66315 6.70773 0.0445796
184.101 0.0148571 -0.00906598 -6.68149 6.72612 0.0446301
184.112 0.0148062 -0.00902667 -6.69942 6.7441 0.0446868
184.124 0.0147529 -0.00899327 -6.71676 6.76151 0.0447454
184.135 0.0147008 -0.00896827 -6.73399 6.77879 0.0448001
184.146 0.0146493 -0.00892987 -6.75085 6.7957 0.0448483
184.157 0.0145887 -0.00889112 -6.76736 6.81226 0.0448946
184.169 0.0145212 -0.00885447 -6.78357 6.82851 0.0449431
184.18 0.0144606 -0.00882097 -6.79946 6.84446 0.0449993
184.191 0.0144065 -0.00878355 -6.815 6.86005 0.0450543
184.202 0.0143596 -0.00875205 -6.83035 6.87545 0.0451022
184.213 0.0143059 -0.0087158 -6.84542 6.89058 0.0451544
184.225 0.0142513 -0.00867899 -6.86013 6.90534 0.0452071
184.236 0.0142002 -0.00864402 -6.87473 6.92 0.0452638
184.247 0.014149 -0.00861659 -6.88907 6.93438 0.0453121
184.258 0.0141015 -0.00859333 -6.9032 6.94857 0.0453715
184.27 0.014049 -0.00856332 -6.9172 6.96263 0.0454373
184.281 0.0139943 -0.00853104 -6.93104 6.97654 0.0455012
184.292 0.0139333 -0.00850394 -6.9448 6.99036 0.0455606
184.303 0.0138681 -0.0084742 -6.95845 7.00407 0.0456164
184.315 0.0138003 -0.00843769 -6.97199 7.01766 0.0456708
184.326 0.0137279 -0.00839519 -6.98526 7.03098 0.0457242
184.337 0.0136554 -0.00836739 -6.99848 7.04426 0.0457806
184.348 0.0135863 -0.00834096 -7.01166 7.0575 0.0458407
184.36 0.0135199 -0.0083138 -7.02486 7.07076 0.0458957
184.371 0.013459 -0.00828558 -7.03805 7.084 0.0459517
184.382 0.0133983 -0.00826128 -7.05117 7.09717 0.046005
184.393 0.0133416 -0.00823893 -7.06422 7.11028 0.0460634
184.404 0.0132872 -0.00821631 -7.07717 7.1233 0.0461234
184.416 0.013235 -0.00818643 -7.09002 7.13621 0.0461849
184.427 0.0131791 -0.00815797 -7.10284 7.14909 0.0462511
184.438 0.0131241 -0.00813627 -7.11561 7.16192 0.0463126
184.449 0.0130658 -0.00811494 -7.12833 7.1747 0.0463723
184.461 0.0130115 -0.00808395 -7.14094 7.18738 0.0464363
184.472 0.0129505 -0.00804663 -7.15348 7.19998 0.0465079
184.483 0.0128958 -0.00801357 -7.16589 7.21246 0.046578
184.494 0.0128444 -0.00799054 -7.17819 7.22483 0.0466415
184.506 0.0127914 -0.00796007 -7.19038 7.23708 0.046705
184.517 0.012737 -0.00792331 -7.2024 7.24917 0.046771
184.528 0.0126872 -0.00789104 -7.21433 7.26117 0.0468366
184.539 0.012638 -0.00786547 -7.22613 7.27303 0.0468994
184.551 0.0125929 -0.00784152 -7.23778 7.28474 0.0469576
184.562 0.0125415 -0.0078134 -7.24938 7.2964 0.0470196
184.573 0.0124948 -0.00778435 -7.26078 7.30787 0.047084
184.584 0.0124445 -0.00776196 -7.27197 7.31912 0.0471492
184.596 0.012399 -0.00773738 -7.28291 7.33012 0.0472128
184.607 0.0123546 -0.00770166 -7.29348 7.34076 0.0472787
184.618 0.0123137 -0.00767221 -7.30383 7.35117 0.0473376
184.629 0.0122764 -0.00765177 -7.31381 7.36121 0.0474059
184.64 0.012238 -0.00763341 -7.32348 7.37095 0.047476
184.652 0.0122014 -0.00760262 -7.33277 7.38031 0.0475446
184.663 0.0121686 -0.00757213 -7.34169 7.3893 0.0476122
184.674 0.0121362 -0.0075463 -7.35023 7.3979 0.0476784
184.685 0.0121053 -0.00752144 -7.3583 7.40604 0.04774
184.697 0.0120683 -0.00749456 -7.36583 7.41362 0.0477958
184.708 0.0120344 -0.00746498 -7.37277 7.42063 0.0478589
184.719 0.0120027 -0.00743707 -7.37914 7.42707 0.0479248
184.73 0.0119732 -0.00741311 -7.38491 7.4329 0.0479946
184.742 0.0119406 -0.00739114 -7.39013 7.43818 0.0480566
184.753 0.0119098 -0.00736473 -7.39467 7.44278 0.0481162
184.764 0.0118797 -0.00734642 -7.39849 7.44666 0.0481718
184.775 0.0118449 -0.0073259 -7.40164 7.44987 0.0482318
184.787 0.0118142 -0.00731357 -7.40406 7.45235 0.0482921
184.798 0.011781 -0.00729446 -7.40565 7.45399 0.0483422
184.809 0.0117478 -0.00727503 -7.40643 7.45483 0.0483991
184.82 0.0117191 -0.0072608 -7.40643 7.45488 0.0484492
184.831 0.0116898 -0.00724577 -7.40561 7.45412 0.0485086
184.843 0.0116522 -0.00723651 -7.40391 7.45249 0.0485745
184.854 0.0116115 -0.00722232 -7.4014 7.45003 0.0486299
184.865 0.0115751 -0.00720697 -7.39804 7.44673 0.0486823
184.876 0.0115364 -0.00719556 -7.39366 7.4424 0.0487429
184.888 0.0114962 -0.00718716 -7.38838 7.43718 0.0487975
184.899 0.0114564 -0.00717074 -7.3822 7.43105 0.0488494
184.91 0.0114244 -0.00715458 -7.3751 7.424 0.048902
184.921 0.0113891 -0.00714234 -7.36699 7.41595 0.0489578
184.933 0.0113556 -0.00713 -7.35787 7.40689 0.0490213
184.944 0.0113213 -0.00711668 -7.34777 7.39685 0.0490804
184.955 0.0112851 -0.00709893 -7.33678 7.38591 0.0491307
184.966 0.0112515 -0.0070812 -7.3247 7.37388 0.0491871
184.978 0.0112173 -0.00706262 -7.31191 7.36116 0.0492486
184.989 0.011188 -0.00704695 -7.29798 7.34728 0.0493073
185 0.0111566 -0.00702867 -7.28308 7.33244 0.0493659
185.011 0.0111244 -0.00700824 -7.26719 7.31662 0.0494237
185.022 0.0110891 -0.00699245 -7.25036 7.29984 0.0494825
185.034 0.0110545 -0.00698072 -7.23255 7.28209 0.0495394
185.045 0.0110204 -0.00696732 -7.21368 7.26328 0.0495968
185.056 0.010988 -0.00695554 -7.1939 7.24356 0.0496534
185.067 0.0109529 -0.00694188 -7.17317 7.22288 0.0497154
185.079 0.0109163 -0.00693088 -7.15149 7.20126 0.049774
185.09 0.0108821 -0.00691933 -7.12888 7.17872 0.0498332
185.101 0.0108448 -0.00690119 -7.10535 7.15525 0.0498978
185.112 0.010811 -0.00688729 -7.08091 7.13087 0.049962
185.124 0.0107828 -0.0068698 -7.05567 7.10569 0.0500211
185.135 0.0107625 -0.0068487 -7.02954 7.07963 0.0500852
185.146 0.0107368 -0.00682903 -7.00252 7.05267 0.0501535
185.157 0.0107069 -0.00680991 -6.97468 7.02489 0.0502115
185.169 0.0106732 -0.00679227 -6.9461 6.99638 0.0502759
185.18 0.010646 -0.00678354 -6.91676 6.96709 0.0503358
185.191 0.0106192 -0.00677265 -6.88658 6.93697 0.0503943
185.202 0.0105954 -0.00675931 -6.85578 6.90623 0.0504502
185.213 0.0105696 -0.00674156 -6.82439 6.8749 0.050507
185.225 0.0105398 -0.00672545 -6.79225 6.84281 0.0505643
185.236 0.0105157 -0.00670828 -6.75938 6.81 0.0506203
185.247 0.0104888 -0.00669062 -6.72586 6.77655 0.0506912
185.258 0.0104642 -0.00667319 -6.69169 6.74244 0.0507502
185.27 0.0104391 -0.00666361 -6.65694 6.70775 0.0508088
185.281 0.0104089 -0.00665855 -6.62162 6.67249 0.0508722
185.292 0.0103829 -0.00664731 -6.58561 6.63654 0.0509302
185.303 0.0103564 -0.00663904 -6.54896 6.59995 0.050985
185.315 0.0103325 -0.00662942 -6.51189 6.56294 0.0510488
185.326 0.0103128 -0.00661456 -6.47447 6.52559 0.0511133
185.337 0.010288 -0.00660134 -6.43663 6.48781 0.0511773
185.348 0.0102596 -0.00658792 -6.39851 6.44976 0.051244
185.36 0.0102312 -0.00657205 -6.35998 6.41129 0.0513068
185.371 0.0102048 -0.00656146 -6.32116 6.37253 0.0513711
185.382 0.010181 -0.00655072 -6.28191 6.33335 0.0514361
185.393 0.0101565 -0.00654768 -6.24251 6.29401 0.0515003
185.404 0.0101269 -0.00653299 -6.20277 6.25434 0.0515704
185.416 0.0100913 -0.0065182 -6.16281 6.21445 0.0516339
185.427 0.0100609 -0.00650696 -6.12259 6.17429 0.0516939
185.438 0.0100293 -0.00649234 -6.08216 6.13393 0.0517681
185.449 0.0100041 -0.00647591 -6.04158 6.09342 0.0518385
185.461 0.00997347 -0.00646158 -6.00088 6.05277 0.0518981
185.472 0.0099439 -0.00644952 -5.96014 6.01211 0.0519688
185.483 0.00991365 -0.00643997 -5.91926 5.9713 0.0520408
185.494 0.00988417 -0.00642609 -5.87841 5.93051 0.0521065
185.506 0.00985855 -0.00641362 -5.83761 5.88978 0.052176
185.517 0.00983364 -0.00639727 -5.79686 5.84911 0.0522457
185.528 0.00980504 -0.00637818 -5.75609 5.8084 0.0523118
185.539 0.00976796 -0.00636143 -5.71528 5.76766 0.0523789
185.551 0.00972776 -0.00634423 -5.67461 5.72705 0.0524416
185.562 0.00968525 -0.00632809 -5.63398 5.68649 0.0525133
185.573 0.00964726 -0.00630815 -5.59351 5.6461 0.0525859
185.584 0.00960872 -0.00628382 -5.5533 5.60595 0.0526554
185.596 0.00957166 -0.00626088 -5.51326 5.56598 0.0527247
185.607 0.00953907 -0.00624433 -5.47351 5.52631 0.0527973
185.618 0.00950898 -0.00622498 -5.43405 5.48691 0.0528627
185.629 0.00949276 -0.00621192 -5.39483 5.44775 0.0529193
185.64 0.00946641 -0.00619463 -5.35587 5.40886 0.0529815
185.652 0.00943431 -0.00618146 -5.31723 5.37028 0.0530484
185.663 0.00940113 -0.00615511 -5.27894 5.33205 0.0531098
185.674 0.00936241 -0.0061259 -5.24098 5.29416 0.0531824
185.685 0.00932461 -0.00609667 -5.20337 5.25663 0.0532606
185.697 0.00928741 -0.00606604 -5.16614 5.21948 0.0533348
185.708 0.00925333 -0.00603637 -5.12937 5.18278 0.0534065
185.719 0.00922487 -0.00600292 -5.09305 5.14653 0.0534809
185.73 0.00919897 -0.00597945 -5.05717 5.11073 0.0535599
185.742 0.00918433 -0.00595156 -5.02175 5.07538 0.053637
185.753 0.00915592 -0.00592378 -4.98682 5.04053 0.0537123
185.764 0.0091218 -0.00589493 -4.95222 5.006 0.0537874
185.775 0.00908551 -0.00586213 -4.91833 4.97219 0.0538643
185.787 0.00904907 -0.00582807 -4.88496 4.9389 0.0539351
185.798 0.00902056 -0.0057947 -4.85216 4.90616 0.0539985
185.809 0.00898765 -0.0057587 -4.81986 4.87393 0.0540671
185.82 0.00895644 -0.00572217 -4.78823 4.84236 0.0541374
185.831 0.00892743 -0.00568039 -4.75728 4.81147 0.0541975
185.843 0.00888204 -0.0056425 -4.72684 4.78111 0.0542677
185.854 0.00883699 -0.00560613 -4.69723 4.75156 0.0543374
185.865 0.00878412 -0.00556861 -4.66827 4.72268 0.0544068
185.876 0.00873501 -0.00553211 -4.64006 4.69454 0.0544748
185.888 0.00868962 -0.00549995 -4.61252 4.66706 0.0545402
185.899 0.00865319 -0.00546488 -4.58561 4.64022 0.0546133
185.91 0.00861796 -0.00543002 -4.5595 4.61418 0.054682
185.921 0.00856909 -0.00539337 -4.53439 4.58913 0.0547433
185.933 0.00851494 -0.00535964 -4.50987 4.56467 0.0548012
185.944 0.00846441 -0.00532536 -4.4862 4.54107 0.0548654
185.955 0.00841816 -0.00529373 -4.46338 4.51831 0.0549266
185.966 0.00837695 -0.00526262 -4.44152 4.49649 0.0549754
185.978 0.00833874 -0.00523206 -4.42034 4.47537 0.0550315
185.989 0.00829456 -0.00520761 -4.40004 4.45513 0.0550941
186 0.00823354 -0.00518023 -4.38062 4.43577 0.0551468
186.011 0.00816888 -0.00514615 -4.36203 4.41722 0.0551954
186.022 0.00811131 -0.00511894 -4.34444 4.39969 0.0552494
186.034 0.00806461 -0.00508311 -4.3278 4.38311 0.0553086
186.045 0.00802258 -0.00504873 -4.31211 4.36748 0.0553631
186.056 0.00798273 -0.00501248 -4.29738 4.35279 0.0554083
186.067 0.00792881 -0.00497395 -4.2836 4.33906 0.0554596
186.079 0.00786612 -0.00493324 -4.27079 4.3263 0.0555116
186.09 0.00780189 -0.00489364 -4.25893 4.31449 0.0555584
186.101 0.00775169 -0.00485698 -4.24801 4.30362 0.0556028
186.112 0.00770595 -0.00481824 -4.23823 4.29389 0.0556537
186.124 0.00767346 -0.00478051 -4.22949 4.28518 0.0556972
186.135 0.00763344 -0.00474678 -4.22177 4.27751 0.0557434
186.146 0.00757175 -0.00471143 -4.21504 4.27084 0.0557941
186.157 0.00750197 -0.00467557 -4.20938 4.26523 0.0558478
186.169 0.00744326 -0.0046349 -4.20479 4.26069 0.0558938
186.18 0.00739425 -0.0045982 -4.20125 4.25719 0.0559348
186.191 0.00735212 -0.00455639 -4.1988 4.25478 0.0559791
186.202 0.00731001 -0.00451741 -4.19744 4.25346 0.0560256
186.213 0.00726358 -0.00447722 -4.19714 4.25321 0.0560703
186.225 0.0072072 -0.00443732 -4.1978 4.25391 0.0561131
186.236 0.00714613 -0.00439728 -4.19975 4.25591 0.0561605
186.247 0.0070893 -0.00436121 -4.20279 4.259 0.0562042
186.258 0.00704067 -0.00432419 -4.20695 4.2632 0.0562474
186.27 0.00699662 -0.00428303 -4.21225 4.26853 0.0562839
186.281 0.00694927 -0.00424841 -4.21868 4.275 0.0563271
186.292 0.00689241 -0.00421388 -4.22622 4.28259 0.0563714
186.303 0.00683129 -0.00417445 -4.2349 4.29132 0.0564115
186.315 0.00677675 -0.00413523 -4.2447 4.30116 0.0564524
186.326 0.00672246 -0.00409955 -4.25566 4.31215 0.056498
186.337 0.00667176 -0.0040666 -4.26774 4.32428 0.0565432
186.348 0.00662497 -0.00402587 -4.28092 4.33751 0.0565871
186.36 0.00657795 -0.0039908 -4.29523 4.35186 0.0566308
186.371 0.00652503 -0.00395127 -4.31063 4.36731 0.0566737
186.382 0.00646263 -0.00391781 -4.32715 4.38387 0.0567154
186.393 0.00639909 -0.00387666 -4.34478 4.40154 0.0567574
186.404 0.00633987 -0.00383524 -4.36352 4.42031 0.0567881
186.416 0.00628164 -0.003798 -4.38333 4.44015 0.05682
186.427 0.00623386 -0.00376327 -4.40422 4.46107 0.0568592
186.438 0.006192 -0.00372814 -4.4262 4.48309 0.0568953
186.449 0.00614541 -0.00368893 -4.44922 4.50615 0.0569283
186.461 0.00608383 -0.00364948 -4.47323 4.53019 0.0569601
186.472 0.00601675 -0.00361338 -4.49833 4.55532 0.0569898
186.483 0.00595474 -0.00357911 -4.52448 4.5815 0.0570203
186.494 0.00589771 -0.00354374 -4.55163 4.60868 0.0570491
186.506 0.00585546 -0.00350836 -4.57981 4.63688 0.057071
186.517 0.00581211 -0.00347233 -4.60897 4.66607 0.0570998
186.528 0.00577251 -0.00343365 -4.63916 4.69629 0.05713
186.539 0.00572238 -0.00339638 -4.67034 4.72751 0.0571661
186.551 0.00566754 -0.00336386 -4.70245 4.75965 0.0572003
186.562 0.00560554 -0.00333466 -4.73556 4.79279 0.0572338
186.573 0.00555035 -0.00329857 -4.76957 4.82683 0.0572627
186.584 0.00550005 -0.00326098 -4.80448 4.86177 0.0572923
186.596 0.00544862 -0.0032229 -4.84034 4.89766 0.0573175
186.607 0.00540435 -0.00318815 -4.87709 4.93443 0.0573389
186.618 0.00536643 -0.00315816 -4.91464 4.97201 0.0573715
186.629 0.0053317 -0.0031341 -4.953 5.01041 0.0574042
186.64 0.00529459 -0.003103 -4.9921 5.04954 0.057434
186.652 0.00524726 -0.00307268 -5.03198 5.08945 0.0574658
186.663 0.00518743 -0.00303458 -5.0726 5.13009 0.0574943
186.674 0.00513055 -0.0029965 -5.11402 5.17154 0.0575174
186.685 0.00508608 -0.00296314 -5.15625 5.21379 0.0575438
186.697 0.00503791 -0.00293202 -5.19922 5.25679 0.057571
186.708 0.00499514 -0.00289957 -5.24286 5.30046 0.0575938
186.719 0.00495457 -0.0028689 -5.28721 5.34482 0.0576189
186.73 0.00491233 -0.00284124 -5.33227 5.38991 0.0576431
186.742 0.00486294 -0.00280706 -5.37797 5.43564 0.057668
186.753 0.00481512 -0.00277791 -5.42428 5.48198 0.0576996
186.764 0.00477291 -0.00275288 -5.47126 5.52899 0.0577302
186.775 0.00473174 -0.00272634 -5.51882 5.57658 0.0577529
186.786 0.00469208 -0.00269768 -5.56468 5.62246 0.0577717
186.797 0.00465495 -0.0026684 -5.61103 5.66882 0.0577928
186.807 0.0046233 -0.00263977 -5.65787 5.71568 0.0578088
186.818 0.00459407 -0.00261318 -5.70512 5.76296 0.057834
186.829 0.00455539 -0.00259249 -5.75281 5.81067 0.0578592
186.839 0.00451066 -0.00257212 -5.80091 5.85879 0.057878
186.85 0.00446809 -0.002552 -5.84941 5.90731 0.057897
186.861 0.00441775 -0.00253617 -5.89829 5.95621 0.0579181
186.872 0.0043723 -0.00252277 -5.94746 6.0054 0.0579403
186.882 0.00433561 -0.00251354 -5.99696 6.05492 0.0579616
186.893 0.00429295 -0.00249966 -6.04693 6.10491 0.0579839
186.904 0.00424368 -0.00248735 -6.09722 6.15522 0.0580011
186.914 0.00419993 -0.00247181 -6.14783 6.20585 0.0580186
186.925 0.00415167 -0.00245186 -6.19876 6.25679 0.0580334
186.936 0.00411412 -0.0024305 -6.24999 6.30804 0.0580449
186.946 0.00406878 -0.00240215 -6.30143 6.35949 0.0580613
186.957 0.00402256 -0.0023846 -6.35307 6.41116 0.0580824
186.968 0.00397263 -0.00236778 -6.40489 6.46298 0.058095
186.979 0.00392092 -0.00235618 -6.45685 6.51496 0.0581085
186.989 0.00387144 -0.00235001 -6.50902 6.56714 0.0581216
187 0.0038285 -0.00232962 -6.56128 6.61942 0.058138
187.011 0.00378051 -0.00230249 -6.6163 6.67446 0.058155
187.022 0.00373674 -0.00227791 -6.67154 6.72971 0.0581711
187.034 0.00368651 -0.00225242 -6.72684 6.78502 0.0581825
187.045 0.00364212 -0.00223301 -6.78222 6.84042 0.0582014
187.056 0.00360248 -0.00222692 -6.83764 6.89586 0.0582195
187.067 0.00356543 -0.00222641 -6.89318 6.95141 0.0582303
187.079 0.00352296 -0.00221898 -6.94875 7.007 0.0582529
187.09 0.00348506 -0.00219893 -7.00437 7.06264 0.0582779
187.101 0.00344467 -0.00217856 -7.05999 7.11829 0.0582972
187.112 0.00340846 -0.0021641 -7.11557 7.17389 0.0583236
187.124 0.00337822 -0.00215399 -7.17117 7.22952 0.058345
187.135 0.0033524 -0.00214595 -7.2267 7.28507 0.0583636
187.146 0.00332802 -0.00214305 -7.28217 7.34055 0.0583793
187.157 0.00330429 -0.00214341 -7.33763 7.39603 0.0584021
187.169 0.00328073 -0.00212929 -7.39305 7.45147 0.0584205
187.18 0.00326051 -0.00210782 -7.44839 7.50683 0.0584441
187.191 0.00323867 -0.00209169 -7.50366 7.56213 0.0584707
187.202 0.0032121 -0.00207629 -7.55885 7.61734 0.0584958
187.213 0.00318707 -0.00206054 -7.6138 7.67233 0.0585225
187.225 0.00316915 -0.00204773 -7.6686 7.72714 0.0585441
187.236 0.00315193 -0.00203596 -7.72319 7.78175 0.0585592
187.247 0.00313357 -0.0020329 -7.77756 7.83615 0.0585811
187.258 0.00311132 -0.0020146 -7.83171 7.89031 0.0585997
187.27 0.00308871 -0.0019862 -7.88569 7.94431 0.0586181
187.281 0.00307428 -0.00196731 -7.93939 7.99803 0.0586387
187.292 0.00306021 -0.00195238 -7.99283 8.05149 0.0586577
187.303 0.00304715 -0.0019255 -8.0461 8.10477 0.0586728
187.315 0.0030347 -0.0019079 -8.09914 8.15783 0.0586925
187.326 0.00302623 -0.00189474 -8.15183 8.21054 0.0587104
187.337 0.00301789 -0.00188678 -8.20423 8.26295 0.0587286
187.348 0.00301427 -0.00187831 -8.25634 8.31509 0.0587502
187.36 0.00300391 -0.00187143 -8.30806 8.36683 0.0587689
187.371 0.00300008 -0.00186923 -8.35945 8.41824 0.0587901
187.382 0.00299164 -0.00186995 -8.41051 8.46932 0.0588173
187.393 0.00298756 -0.00186312 -8.46129 8.52013 0.0588436
187.404 0.00297968 -0.0018587 -8.51173 8.5706 0.0588682
187.416 0.00298085 -0.0018553 -8.56171 8.62061 0.0588961
187.427 0.00297735 -0.00184686 -8.61134 8.67026 0.0589214
187.438 0.00297586 -0.00183267 -8.66056 8.7195 0.058943
187.449 0.00296745 -0.00181908 -8.70936 8.76834 0.058975
187.461 0.00296163 -0.00181189 -8.75773 8.81674 0.0590095
187.472 0.00295683 -0.00180488 -8.80565 8.86469 0.059044
187.483 0.00294901 -0.00178764 -8.85309 8.91217 0.0590788
187.494 0.00294099 -0.00177245 -8.90015 8.95926 0.0591065
187.506 0.00294231 -0.00175773 -8.94678 9.00591 0.0591291
187.517 0.00294036 -0.00174525 -8.993 9.05215 0.059149
187.528 0.00293537 -0.00173439 -9.03877 9.09794 0.0591673
187.539 0.00292892 -0.00172129 -9.08398 9.14317 0.0591926
187.551 0.00293298 -0.00170961 -9.12895 9.18818 0.0592277
187.562 0.00292818 -0.00170265 -9.1736 9.23287 0.0592651
187.573 0.00292461 -0.00169123 -9.2177 9.277 0.0593006
187.584 0.00291777 -0.00167368 -9.25924 9.31857 0.0593329
187.594 0.00290786 -0.00165492 -9.30048 9.35984 0.0593607
187.605 0.00290214 -0.00163747 -9.34252 9.4019 0.0593843
187.616 0.0029012 -0.00162113 -9.38314 9.44255 0.0594073
187.626 0.00289685 -0.00159817 -9.42247 9.48191 0.0594389
187.637 0.00288813 -0.00157765 -9.46162 9.52109 0.0594745
187.647 0.00288019 -0.0015596 -9.49953 9.55905 0.059519
187.657 0.00286984 -0.0015465 -9.53736 9.59692 0.0595583
187.667 0.00285081 -0.00153392 -9.5762 9.63579 0.0595838
187.678 0.0028359 -0.00152035 -9.61494 9.67454 0.059605
187.688 0.00282695 -0.00150643 -9.6536 9.71322 0.0596232
187.699 0.00282157 -0.0014937 -9.6922 9.75184 0.0596442
187.709 0.00280984 -0.00148171 -9.73077 9.79045 0.0596805
187.72 0.00279367 -0.00146988 -9.77081 9.83053 0.0597177
187.73 0.00277848 -0.0014568 -9.81091 9.87065 0.0597424
187.741 0.00276945 -0.00144264 -9.85103 9.91079 0.0597659
187.752 0.0027535 -0.00143014 -9.89123 9.95102 0.059787
187.763 0.00274159 -0.00142349 -9.93157 9.99139 0.0598209
187.774 0.00272899 -0.00141413 -9.97207 10.0319 0.0598638
187.784 0.00271314 -0.00140534 -10.0128 10.0727 0.0599001
187.795 0.00270017 -0.00139755 -10.0538 10.1138 0.0599268
187.806 0.00269497 -0.0013939 -10.0952 10.1551 0.0599507
187.817 0.00268001 -0.00139224 -10.1368 10.1968 0.0599761
187.828 0.00266926 -0.00139705 -10.1788 10.2388 0.0600136
187.838 0.00265494 -0.00139893 -10.2211 10.2811 0.0600573
187.849 0.00264446 -0.00139515 -10.2636 10.3237 0.0600926
187.86 0.00263945 -0.00138259 -10.3066 10.3667 0.0601145
187.871 0.00263887 -0.00137283 -10.3498 10.41 0.0601415
187.881 0.00263109 -0.00137006 -10.3934 10.4536 0.0601769
187.892 0.00261623 -0.00137041 -10.4372 10.4974 0.0602115
187.903 0.00260245 -0.00136908 -10.4813 10.5416 0.0602461
187.914 0.00259218 -0.00136365 -10.5257 10.586 0.0602788
187.925 0.00258148 -0.00136192 -10.5704 10.6307 0.0603068
187.935 0.00257316 -0.0013553 -10.6153 10.6757 0.0603475
187.946 0.00256471 -0.00134854 -10.6605 10.7208 0.0603914
187.957 0.00255868 -0.00134307 -10.7058 10.7662 0.0604237
187.968 0.00255021 -0.00134262 -10.7514 10.8118 0.0604547
187.978 0.00254378 -0.00134389 -10.7971 10.8576 0.0604876
187.989 0.002539 -0.0013537 -10.8429 10.9034 0.0605347
188 0.00253391 -0.0013598 -10.8886 10.9492 0.060586
188.011 0.00252675 -0.00136776 -10.9364 10.997 0.0606281
188.022 0.00251936 -0.00137818 -10.9841 11.0448 0.0606587
188.034 0.00251256 -0.00138397 -11.0317 11.0924 0.0607039
188.045 0.0025102 -0.00139168 -11.0791 11.1399 0.0607607
188.056 0.00250811 -0.00139391 -11.1263 11.1871 0.0608049
188.067 0.00250855 -0.00140236 -11.1734 11.2342 0.0608458
188.079 0.00250981 -0.00140903 -11.2201 11.2809 0.0608834
188.09 0.00252006 -0.00141801 -11.2663 11.3273 0.0609351
188.101 0.00252057 -0.00142614 -11.3122 11.3732 0.0609774
188.112 0.00251712 -0.00142322 -11.3576 11.4186 0.0610127
188.124 0.00251593 -0.00142523 -11.4025 11.4635 0.0610518
188.135 0.00251876 -0.00142631 -11.4467 11.5078 0.0611096
188.146 0.00251827 -0.00142642 -11.4904 11.5516 0.061164
188.157 0.00252173 -0.00143331 -11.5335 11.5947 0.0612062
188.169 0.0025338 -0.00143882 -11.5758 11.6371 0.0612395
188.18 0.0025411 -0.00144668 -11.6174 11.6787 0.0612923
188.191 0.00254707 -0.0014522 -11.6583 11.7196 0.0613523
188.202 0.00255664 -0.00145975 -11.6983 11.7597 0.061405
188.213 0.00256282 -0.00146601 -11.7376 11.799 0.0614494
188.225 0.00256056 -0.00147346 -11.776 11.8375 0.061491
188.236 0.00255541 -0.00147587 -11.8136 11.8752 0.06154
188.247 0.00255616 -0.00147453 -11.8504 11.912 0.0615892
188.257 0.00255619 -0.00147706 -11.8829 11.9445 0.0616262
188.266 0.00255825 -0.00147742 -11.91 11.9717 0.0616694
188.275 0.00256143 -0.00147764 -11.9368 11.9985 0.0617204
188.284 0.00256514 -0.0014763 -11.9638 12.0255 0.0617587
188.293 0.00256465 -0.00147771 -11.9908 12.0526 0.0617981
188.302 0.00256222 -0.00148611 -12.0175 12.0793 0.0618344
188.312 0.00255317 -0.00149757 -12.0442 12.1061 0.0618905
188.321 0.0025458 -0.00150994 -12.0707 12.1326 0.0619452
188.331 0.00253214 -0.00152245 -12.0969 12.1589 0.061992
188.341 0.00253412 -0.00153104 -12.1229 12.185 0.0620281
188.351 0.00254076 -0.00153848 -12.1483 12.2104 0.0620836
188.361 0.00254539 -0.00154191 -12.1735 12.2356 0.062142
188.372 0.00254856 -0.00155038 -12.1981 12.2603 0.0621963
188.378 0.00255107 -0.00155388 -12.2142 12.2765 0.0622278
188.385 0.00255535 -0.00155721 -12.2303 12.2925 0.0622606
188.392 0.002561 -0.00156231 -12.2464 12.3087 0.062299
188.399 0.00256717 -0.00157288 -12.263 12.3253 0.0623445
188.407 0.00257795 -0.00158246 -12.28 12.3424 0.0623854
188.415 0.00258421 -0.00159742 -12.2974 12.3598 0.0624237
188.423 0.00259168 -0.00160414 -12.3151 12.3775 0.0624633
188.432 0.00259613 -0.00161527 -12.3329 12.3955 0.0625181
188.441 0.00259898 -0.00162665 -12.3508 12.4134 0.0625621
188.45 0.00259939 -0.00164349 -12.3686 12.4312 0.0626069
188.459 0.00259927 -0.00165687 -12.386 12.4487 0.0626477
188.466 0.00260019 -0.00166885 -12.4004 12.4631 0.0626916
188.474 0.00259933 -0.00167831 -12.4146 12.4774 0.0627464
188.481 0.00259733 -0.00168454 -12.4289 12.4917 0.0627935
188.489 0.00259478 -0.0016893 -12.4434 12.5062 0.0628304
188.497 0.00259329 -0.001697 -12.4579 12.5208 0.062864
188.506 0.00259291 -0.00171 -12.4726 12.5355 0.0629181
188.515 0.00259302 -0.00171897 -12.4876 12.5506 0.0629717
188.524 0.002591 -0.00173381 -12.5025 12.5655 0.0630155
188.533 0.0025908 -0.00174952 -12.5171 12.5802 0.0630497
188.542 0.00259539 -0.00176381 -12.5318 12.5949 0.0630942
188.551 0.00259095 -0.00177436 -12.5462 12.6094 0.0631507
188.561 0.00259196 -0.00178006 -12.5608 12.624 0.0632054
188.571 0.00259014 -0.00178443 -12.5753 12.6385 0.0632545
188.581 0.00258928 -0.00179546 -12.5895 12.6528 0.063318
188.591 0.00258454 -0.00180883 -12.6039 12.6672 0.0633727
188.6 0.00258446 -0.0018192 -12.6179 12.6814 0.0634241
188.611 0.00257579 -0.00183207 -12.632 12.6955 0.0634714
188.621 0.00256115 -0.00184494 -12.6459 12.7095 0.0635425
188.631 0.00254304 -0.0018577 -12.6596 12.7232 0.0636
188.642 0.00253103 -0.0018641 -12.6733 12.737 0.0636497
188.652 0.00251319 -0.00187354 -12.687 12.7507 0.0637042
188.663 0.00249836 -0.00188578 -12.7006 12.7643 0.0637676
188.673 0.00247843 -0.00189962 -12.714 12.7779 0.0638249
188.684 0.00246294 -0.00191074 -12.7275 12.7913 0.0638743
188.694 0.00244238 -0.00191765 -12.7408 12.8047 0.0639358
188.705 0.0024248 -0.00192504 -12.7541 12.8181 0.0639855
188.716 0.00240438 -0.00193373 -12.7678 12.8318 0.0640303
188.727 0.00238451 -0.00194882 -12.7816 12.8457 0.0640884
188.738 0.00237096 -0.00196077 -12.7955 12.8596 0.0641473
188.749 0.00236133 -0.00197414 -12.8094 12.8736 0.0641981
188.76 0.00234898 -0.00199209 -12.8234 12.8876 0.0642443
188.771 0.00233474 -0.00200685 -12.8374 12.9018 0.0643083
188.781 0.0023179 -0.00202638 -12.8516 12.916 0.06436
188.792 0.00230822 -0.00204304 -12.8659 12.9303 0.0644032
188.803 0.0022976 -0.00206415 -12.8803 12.9448 0.0644634
188.814 0.00228045 -0.00208456 -12.8949 12.9594 0.064514
188.825 0.00227535 -0.0021052 -12.9095 12.9741 0.0645619
188.836 0.0022692 -0.00212485 -12.9242 12.9889 0.0646243
188.847 0.0022637 -0.00214999 -12.939 13.0037 0.0646834
188.858 0.00225364 -0.00217934 -12.9539 13.0186 0.0647352
188.869 0.00224399 -0.00220117 -12.9688 13.0336 0.064782
188.88 0.00223211 -0.00222116 -12.9837 13.0485 0.0648419
188.891 0.0022243 -0.00224571 -12.9986 13.0635 0.0648879
188.902 0.00221839 -0.00227193 -13.0134 13.0783 0.0649226
188.913 0.00220862 -0.00230364 -13.0282 13.0931 0.0649723
188.924 0.00219344 -0.00233685 -13.0428 13.1078 0.0650043
188.934 0.00218489 -0.00236706 -13.0574 13.1224 0.0650325
188.945 0.00217046 -0.00239732 -13.0717 13.1368 0.0650757
188.956 0.00215634 -0.00242812 -13.0858 13.1509 0.0651033
188.967 0.0021454 -0.00245821 -13.0997 13.1649 0.0651341
188.978 0.00213383 -0.00248567 -13.1133 13.1785 0.0651744
188.989 0.00212103 -0.00251785 -13.1266 13.1918 0.0652232
189 0.00210182 -0.00255579 -13.1395 13.2047 0.065258
189.011 0.00208648 -0.00259306 -13.1523 13.2176 0.0652976
189.022 0.00207874 -0.00262962 -13.1645 13.2299 0.0653541
189.034 0.00206842 -0.00266312 -13.1762 13.2416 0.0654013
189.045 0.00205722 -0.00269492 -13.1872 13.2526 0.0654398
189.056 0.00204952 -0.00272453 -13.1974 13.2629 0.0654992
189.067 0.00204375 -0.00274849 -13.2069 13.2725 0.0655415
189.079 0.00203257 -0.00276675 -13.2156 13.2812 0.065578
189.09 0.00201472 -0.00278863 -13.2233 13.289 0.0656198
189.101 0.00200193 -0.00280615 -13.2301 13.2957 0.0656501
189.112 0.00199704 -0.00282364 -13.2357 13.3014 0.0656778
189.124 0.00198749 -0.00284963 -13.2402 13.3059 0.0657124
189.135 0.00198 -0.00288009 -13.2435 13.3093 0.0657496
189.146 0.0019761 -0.00291845 -13.2455 13.3113 0.0657742
189.157 0.00196615 -0.00295983 -13.2463 13.3121 0.0658103
189.168 0.00195479 -0.00299857 -13.2455 13.3114 0.0658564
189.18 0.00194154 -0.00303307 -13.2433 13.3092 0.0658793
189.191 0.00192251 -0.00306447 -13.2394 13.3053 0.06591
189.202 0.00191093 -0.00308926 -13.2339 13.2998 0.0659565
189.213 0.00189814 -0.00312236 -13.2266 13.2926 0.065985
189.224 0.00188376 -0.00315456 -13.2176 13.2836 0.0660107
189.236 0.00186548 -0.0031795 -13.2066 13.2727 0.0660576
189.247 0.00185333 -0.00321068 -13.1938 13.2599 0.0660945
189.258 0.00184238 -0.00324147 -13.1791 13.2452 0.0661314
189.269 0.00182588 -0.00326727 -13.1623 13.2285 0.0661867
189.28 0.00181418 -0.00329594 -13.1448 13.211 0.0662225
189.29 0.00180377 -0.00331791 -13.1263 13.1926 0.0662441
189.3 0.00178788 -0.00335538 -13.1059 13.1722 0.0662841
189.311 0.00176765 -0.0033903 -13.0836 13.15 0.0663287
189.321 0.0017535 -0.00342336 -13.0593 13.1257 0.0663596
189.332 0.00174513 -0.00346432 -13.0333 13.0997 0.0664024
189.342 0.00173313 -0.00350297 -13.005 13.0715 0.0664555
189.353 0.00171502 -0.00354315 -12.9749 13.0414 0.0664937
189.363 0.00170372 -0.00357967 -12.943 13.0096 0.0665364
189.374 0.001691 -0.00360738 -12.9088 12.9754 0.0665931
189.385 0.00168116 -0.00363161 -12.8727 12.9393 0.0666368
189.396 0.00167789 -0.0036524 -12.8347 12.9014 0.0666741
189.407 0.00167542 -0.00367487 -12.7949 12.8616 0.0667323
189.417 0.00167547 -0.0036981 -12.7533 12.8201 0.0667791
189.428 0.00167315 -0.00372097 -12.7099 12.7767 0.0668207
189.439 0.0016707 -0.00373767 -12.6637 12.7306 0.0668732
189.45 0.00165348 -0.00376007 -12.6157 12.6826 0.0669158
189.461 0.00164404 -0.00377058 -12.5658 12.6328 0.066966
189.472 0.00163792 -0.00377965 -12.5143 12.5814 0.0670269
189.483 0.00163094 -0.00379167 -12.4611 12.5282 0.0670854
189.494 0.00162406 -0.00380109 -12.4063 12.4734 0.0671366
189.505 0.00161791 -0.00381557 -12.3498 12.417 0.0671987
189.516 0.00161758 -0.00382327 -12.2918 12.359 0.0672598
189.527 0.00161236 -0.00382327 -12.2323 12.2996 0.067313
189.538 0.00161395 -0.00382382 -12.1713 12.2387 0.067367
189.549 0.00160773 -0.00383499 -12.109 12.1764 0.0674258
189.56 0.00159756 -0.00384945 -12.0452 12.1127 0.0674791
189.571 0.00159422 -0.00386699 -11.9802 12.0477 0.0675208
189.582 0.00158154 -0.00388879 -11.9138 11.9813 0.0675873
189.593 0.0015652 -0.00391094 -11.846 11.9136 0.0676525
189.604 0.0015631 -0.0039258 -11.7769 11.8446 0.0677074
189.615 0.00155858 -0.0039514 -11.7065 11.7743 0.0677752
189.626 0.00155434 -0.00396992 -11.635 11.7028 0.0678541
189.637 0.00154582 -0.00399234 -11.5622 11.6301 0.0679081
189.648 0.00153918 -0.00400998 -11.4881 11.5561 0.067959
189.659 0.00153463 -0.00402725 -11.4129 11.481 0.0680315
189.67 0.00151744 -0.00404745 -11.3366 11.4047 0.0681003
189.681 0.00150596 -0.00406182 -11.2592 11.3274 0.06816
189.692 0.00149105 -0.00407624 -11.1807 11.249 0.0682347
189.703 0.0014793 -0.00408805 -11.1012 11.1695 0.0683186
189.714 0.00146348 -0.00410434 -11.0207 11.0891 0.0683832
189.725 0.00145326 -0.00411685 -10.9392 11.0076 0.0684438
189.736 0.00144835 -0.00412941 -10.8567 10.9252 0.068519
189.747 0.00144302 -0.00414544 -10.7732 10.8418 0.0685843
189.758 0.0014385 -0.00416569 -10.6887 10.7574 0.0686576
189.769 0.00143219 -0.00417886 -10.6033 10.672 0.0687199
189.78 0.00143663 -0.00419285 -10.5169 10.5857 0.0687963
189.791 0.00143464 -0.00420059 -10.4295 10.4984 0.0688743
189.802 0.00143829 -0.00421501 -10.3413 10.4102 0.0689499
189.813 0.00143832 -0.00423236 -10.2521 10.3211 0.0690247
189.824 0.00143209 -0.00424442 -10.162 10.2311 0.0691034
189.835 0.00141798 -0.00425629 -10.0712 10.1403 0.0691735
189.846 0.00140769 -0.00426594 -9.97961 10.0488 0.0692371
189.857 0.0013937 -0.00427578 -9.88741 9.95672 0.0693144
189.868 0.00139029 -0.00428214 -9.79453 9.86392 0.069397
189.879 0.00138918 -0.00429158 -9.70105 9.77052 0.0694612
189.89 0.00139304 -0.00429935 -9.60706 9.6766 0.0695388
189.901 0.00139761 -0.00430476 -9.51248 9.58209 0.0696127
189.912 0.00139044 -0.0043129 -9.41744 9.48714 0.0696975
189.923 0.00137163 -0.00432216 -9.32192 9.39169 0.0697731
189.934 0.00136465 -0.00433029 -9.22602 9.29587 0.0698483
189.945 0.00136118 -0.0043355 -9.12978 9.19969 0.069912
189.956 0.0013559 -0.00434113 -9.03325 9.10323 0.0699842
189.967 0.00135372 -0.00434693 -8.93643 9.0065 0.070061
189.978 0.00135191 -0.00434889 -8.83954 8.90968 0.0701399
189.989 0.00134335 -0.00434402 -8.7425 8.81272 0.0702149
190 0.0013345 -0.00434505 -8.64539 8.71567 0.0702742
190.011 0.00132468 -0.00435236 -8.54626 8.61662 0.0703529
190.022 0.00131794 -0.00435751 -8.44721 8.51765 0.0704355
190.034 0.00131399 -0.00436693 -8.3482 8.41872 0.070521
190.045 0.00130756 -0.00437117 -8.24928 8.31987 0.0705883
190.056 0.00129717 -0.00437039 -8.15057 8.22123 0.0706573
190.067 0.00128221 -0.00437879 -8.0522 8.12293 0.0707341
190.079 0.00126662 -0.00438278 -7.95412 8.02493 0.0708149
190.09 0.00125681 -0.00438908 -7.85634 7.92723 0.0708929
190.101 0.00125214 -0.00439828 -7.7589 7.82987 0.070971
190.112 0.00123588 -0.00439746 -7.66193 7.73298 0.071043
190.124 0.00121686 -0.00439888 -7.56556 7.63667 0.0711123
190.135 0.00120515 -0.00440182 -7.4697 7.5409 0.0711987
190.146 0.0011905 -0.00440933 -7.37449 7.44576 0.0712739
190.157 0.00118709 -0.00441068 -7.27991 7.35126 0.0713476
190.169 0.00118589 -0.00441337 -7.18594 7.25735 0.0714132
190.18 0.00116874 -0.0044163 -7.09261 7.16409 0.0714776
190.191 0.00115881 -0.00442042 -6.99997 7.07153 0.0715561
190.202 0.00115005 -0.00442308 -6.90806 6.9797 0.0716371
190.213 0.0011466 -0.00442337 -6.81695 6.88866 0.0717124
190.225 0.00113567 -0.00442999 -6.72661 6.7984 0.0717878
190.236 0.00111646 -0.00443809 -6.63718 6.70904 0.071862
190.247 0.00110653 -0.0044436 -6.54861 6.62054 0.0719313
190.258 0.0010988 -0.00445592 -6.46103 6.53303 0.0720045
190.27 0.00109016 -0.00445717 -6.37431 6.44639 0.0720819
190.281 0.00108839 -0.00446057 -6.28848 6.36064 0.0721583
190.292 0.00107822 -0.00446336 -6.20359 6.27582 0.0722318
190.303 0.00106885 -0.00446128 -6.11957 6.19188 0.072309
190.315 0.00106322 -0.00446285 -6.03657 6.10895 0.0723754
190.326 0.00106041 -0.00446449 -5.95456 6.027 0.072438
190.337 0.00106395 -0.0044709 -5.87353 5.94604 0.0725092
190.348 0.00105549 -0.00448105 -5.7935 5.8661 0.0725956
190.36 0.00104625 -0.00448705 -5.71457 5.78724 0.0726737
190.371 0.00104385 -0.00449321 -5.63673 5.70947 0.0727371
190.382 0.00104508 -0.00449721 -5.56002 5.63281 0.0727956
190.393 0.0010527 -0.0044955 -5.48442 5.55728 0.0728595
190.404 0.00105166 -0.00450249 -5.4099 5.48281 0.0729152
190.416 0.00104256 -0.00451396 -5.33644 5.40941 0.072972
190.427 0.00103991 -0.00451173 -5.26412 5.33715 0.0730276
190.438 0.00103724 -0.00450893 -5.19288 5.26598 0.0730959
190.449 0.00104089 -0.00449872 -5.12278 5.19594 0.0731606
190.461 0.00104483 -0.00449103 -5.05385 5.12708 0.073228
190.472 0.00103559 -0.00448318 -4.9861 5.05939 0.073288
190.483 0.00102882 -0.00448211 -4.91949 4.99283 0.0733407
190.494 0.0010257 -0.00447904 -4.85404 4.92744 0.0733943
190.506 0.00102617 -0.00447192 -4.78974 4.86319 0.0734482
190.517 0.0010334 -0.00446284 -4.72661 4.80012 0.0735132
190.528 0.00104469 -0.00445335 -4.66469 4.73827 0.073585
190.539 0.00104223 -0.00445325 -4.60396 4.67761 0.0736482
190.551 0.00103377 -0.00444667 -4.54452 4.61823 0.0737031
190.562 0.00102653 -0.00444527 -4.48632 4.56008 0.0737603
190.573 0.00103055 -0.0044391 -4.42934 4.50317 0.073821
190.584 0.00103656 -0.00442686 -4.3736 4.44747 0.0738763
190.596 0.00104455 -0.0044198 -4.31906 4.39298 0.0739224
190.607 0.00105247 -0.00441906 -4.26577 4.33975 0.0739758
190.618 0.00106615 -0.0044149 -4.21378 4.28782 0.0740404
190.629 0.0010646 -0.00441396 -4.16302 4.23712 0.0741032
190.64 0.00105931 -0.00440492 -4.11362 4.18779 0.0741672
190.652 0.00105495 -0.00439867 -4.06551 4.13973 0.0742196
190.663 0.00104932 -0.00439144 -4.01865 4.09292 0.0742649
190.674 0.00104715 -0.00438237 -3.97311 4.04742 0.0743071
190.685 0.00104355 -0.00436942 -3.92888 4.00323 0.0743443
190.697 0.00104199 -0.00435254 -3.88598 3.96036 0.074385
190.708 0.00103637 -0.00433146 -3.84439 3.91882 0.0744289
190.719 0.00103557 -0.00431006 -3.80412 3.87859 0.0744737
190.73 0.00103013 -0.004292 -3.76514 3.83966 0.0745201
190.742 0.00102655 -0.00428364 -3.72749 3.80205 0.074556
190.753 0.00102639 -0.00426253 -3.69114 3.76573 0.0745855
190.764 0.00103231 -0.00424169 -3.65604 3.73066 0.074619
190.775 0.00102967 -0.00422238 -3.62218 3.69682 0.0746459
190.787 0.00103077 -0.004211 -3.58958 3.66426 0.0746759
190.798 0.00103334 -0.00419813 -3.55824 3.63295 0.0747115
190.809 0.00103775 -0.00418599 -3.52811 3.60287 0.074753
190.82 0.00104845 -0.00416791 -3.49924 3.57403 0.0747884
190.831 0.00106014 -0.00415594 -3.47156 3.54639 0.0748215
190.843 0.00107028 -0.00414278 -3.44514 3.51998 0.0748389
190.854 0.00107641 -0.00413405 -3.41988 3.49473 0.0748549
190.865 0.00108266 -0.00411811 -3.39587 3.47074 0.0748656
190.876 0.00109012 -0.00409438 -3.37303 3.44791 0.0748814
190.888 0.00109831 -0.0040758 -3.35137 3.42627 0.0749023
190.899 0.00110437 -0.00406528 -3.33085 3.40578 0.0749322
190.91 0.00111355 -0.00405256 -3.31149 3.38645 0.0749618
190.921 0.00112454 -0.00403703 -3.29324 3.36823 0.0749895
190.933 0.00113168 -0.00401744 -3.27612 3.35113 0.0750092
190.944 0.00114244 -0.00400781 -3.26015 3.33517 0.0750236
190.955 0.00115546 -0.00399291 -3.24529 3.32033 0.0750358
190.966 0.00116442 -0.00397046 -3.23156 3.30661 0.0750534
190.978 0.00117628 -0.00394748 -3.21891 3.29399 0.0750776
190.989 0.00118503 -0.00392821 -3.20736 3.28246 0.0751058
191 0.00119386 -0.00390993 -3.19684 3.27197 0.0751306
191.011 0.00120062 -0.00389874 -3.1874 3.26255 0.0751519
191.022 0.00120893 -0.0038764 -3.179 3.25416 0.0751642
191.034 0.0012116 -0.00385097 -3.17163 3.24681 0.0751763
191.045 0.0012193 -0.00382741 -3.16529 3.24048 0.0751833
191.056 0.00122746 -0.00381097 -3.16001 3.2352 0.0751897
191.067 0.00123417 -0.00379213 -3.15574 3.23095 0.0752063
191.079 0.00124183 -0.00375583 -3.15251 3.22774 0.0752287
191.09 0.00124616 -0.00371975 -3.15029 3.22554 0.0752533
191.101 0.00125082 -0.00368728 -3.14908 3.22435 0.0752731
191.112 0.00125575 -0.00366258 -3.14885 3.22414 0.0752896
191.124 0.00125529 -0.00362438 -3.14964 3.22494 0.0753076
191.135 0.0012545 -0.00358522 -3.15144 3.22677 0.0753217
191.146 0.0012563 -0.00355549 -3.15425 3.22958 0.0753358
191.157 0.00125417 -0.00354491 -3.15807 3.23342 0.0753493
191.169 0.00126241 -0.00353475 -3.16291 3.23826 0.0753521
191.18 0.00126626 -0.00351263 -3.16872 3.24407 0.0753523
191.191 0.0012684 -0.00347816 -3.1755 3.25085 0.0753537
191.202 0.00126962 -0.00344219 -3.18328 3.25864 0.0753634
191.213 0.00127511 -0.00340623 -3.19207 3.26744 0.0753694
191.225 0.00128407 -0.00337362 -3.20188 3.27726 0.0753761
191.236 0.00129573 -0.00334517 -3.21266 3.28803 0.0753711
191.247 0.0013107 -0.00332424 -3.22437 3.29974 0.0753696
191.258 0.00132345 -0.00330004 -3.23706 3.31243 0.0753698
191.27 0.00133788 -0.00327867 -3.25067 3.32604 0.0753777
191.281 0.00135137 -0.00325399 -3.26527 3.34065 0.0753884
191.292 0.00136453 -0.00322559 -3.28059 3.35599 0.0754048
191.303 0.00137367 -0.0031832 -3.29684 3.37225 0.0754186
191.314 0.0013864 -0.00314947 -3.31396 3.38939 0.0754274
191.325 0.00139615 -0.00312751 -3.332 3.40743 0.0754315
191.336 0.00140746 -0.00310523 -3.35096 3.42639 0.0754286
191.347 0.00141558 -0.0030888 -3.3708 3.44624 0.0754378
191.358 0.00142373 -0.00306904 -3.3916 3.46707 0.0754619
191.369 0.00143358 -0.00304116 -3.41333 3.48881 0.0754871
191.38 0.0014421 -0.00300257 -3.43592 3.51142 0.0755057
191.392 0.0014571 -0.00296413 -3.45944 3.53496 0.0755168
191.403 0.00147012 -0.00293712 -3.48386 3.55937 0.0755136
191.414 0.00148286 -0.00291755 -3.50904 3.58456 0.0755176
191.425 0.00149561 -0.00289822 -3.53498 3.61051 0.0755296
191.436 0.00150352 -0.00287806 -3.56162 3.63717 0.0755473
191.447 0.00151321 -0.00285733 -3.58898 3.66454 0.0755581
191.458 0.00152306 -0.00283706 -3.61707 3.69264 0.0755711
191.469 0.00153294 -0.0028032 -3.64589 3.72146 0.0755779
191.48 0.00154235 -0.00277018 -3.67537 3.75095 0.0755849
191.491 0.00155094 -0.00274652 -3.70553 3.78114 0.0756078
191.502 0.00155711 -0.00273354 -3.73636 3.81199 0.0756291
191.513 0.00156365 -0.00272263 -3.76782 3.84347 0.0756491
191.524 0.00157322 -0.00271569 -3.79993 3.8756 0.0756658
191.535 0.00158435 -0.00270671 -3.83267 3.90834 0.0756758
191.546 0.00159831 -0.00269838 -3.866 3.94169 0.0756919
191.557 0.00161457 -0.0026832 -3.89997 3.97568 0.0757091
191.569 0.00162948 -0.00266732 -3.9346 4.01032 0.0757274
191.58 0.00164542 -0.00264835 -3.96981 4.04556 0.0757456
191.591 0.00166104 -0.0026269 -4.00577 4.08153 0.0757653
191.602 0.00167204 -0.00260556 -4.04234 4.11812 0.0757807
191.613 0.00167846 -0.00258608 -4.07948 4.15527 0.0757948
191.624 0.00168828 -0.00256626 -4.11727 4.19309 0.075818
191.635 0.00170204 -0.00254404 -4.15571 4.23155 0.0758379
191.646 0.00172031 -0.00252235 -4.19481 4.27067 0.0758556
191.657 0.00173503 -0.00249926 -4.23455 4.31042 0.0758668
191.668 0.0017529 -0.00248202 -4.27492 4.3508 0.0758821
191.679 0.00176928 -0.00246954 -4.31601 4.39191 0.075901
191.69 0.00178381 -0.00245723 -4.35783 4.43376 0.0759349
191.701 0.00179367 -0.00245226 -4.4003 4.47627 0.0759696
191.712 0.00180706 -0.00244562 -4.44349 4.51949 0.0759943
191.723 0.00182669 -0.00244275 -4.4874 4.56341 0.0760087
191.734 0.00184643 -0.00244238 -4.53199 4.60801 0.0760229
191.746 0.00185751 -0.00243222 -4.57724 4.65329 0.0760437
191.757 0.0018716 -0.00241943 -4.62312 4.69919 0.0760754
191.768 0.00188785 -0.00240183 -4.6696 4.74572 0.0761168
191.779 0.00190596 -0.00238437 -4.71676 4.79291 0.0761541
191.79 0.00192513 -0.00237014 -4.7645 4.84069 0.0761895
191.801 0.00194649 -0.00235354 -4.8128 4.88902 0.0762169
191.812 0.00197154 -0.00234034 -4.86159 4.93784 0.0762408
191.823 0.00199704 -0.00232531 -4.91087 4.98714 0.0762636
191.834 0.00202576 -0.00231574 -4.96062 5.03691 0.0762913
191.845 0.00205464 -0.00230161 -5.01076 5.08707 0.0763194
191.856 0.00207817 -0.00228541 -5.06127 5.13762 0.076349
191.867 0.00209919 -0.00226302 -5.11208 5.18847 0.0763881
191.878 0.00211952 -0.00223861 -5.16319 5.23963 0.0764401
191.889 0.00214706 -0.00221338 -5.21455 5.29104 0.0764919
191.9 0.0021733 -0.00218785 -5.26604 5.34258 0.0765408
191.911 0.00220377 -0.00216836 -5.31768 5.39426 0.0765838
191.923 0.00223681 -0.00214758 -5.36933 5.44596 0.0766337
191.934 0.00226804 -0.00213034 -5.42095 5.49764 0.0766895
191.945 0.00230152 -0.00211044 -5.47252 5.54927 0.0767527
191.956 0.00233515 -0.00209997 -5.52391 5.60072 0.0768113
191.967 0.00236838 -0.00207931 -5.57504 5.65191 0.0768681
191.978 0.00240256 -0.00205598 -5.62597 5.70289 0.0769167
191.989 0.00243948 -0.00203994 -5.67655 5.75351 0.0769632
192 0.00247408 -0.00201831 -5.72668 5.80369 0.0770047
192.011 0.00251473 -0.00199085 -5.77708 5.85413 0.077051
192.022 0.00255638 -0.00196799 -5.82576 5.90285 0.0770919
192.033 0.00259052 -0.00194669 -5.87075 5.94788 0.0771326
192.043 0.00262096 -0.00192764 -5.91512 5.9923 0.0771764
192.053 0.00264885 -0.00190947 -5.95934 6.03656 0.0772206
192.064 0.00267385 -0.00188919 -6.00275 6.08002 0.0772664
192.074 0.00269707 -0.00186727 -6.04535 6.12266 0.0773099
192.084 0.00271883 -0.00185143 -6.08715 6.16451 0.0773541
192.095 0.00274389 -0.00183692 -6.12803 6.20543 0.0773981
192.105 0.00276641 -0.00181944 -6.168 6.24544 0.077442
192.116 0.00278944 -0.00179844 -6.2075 6.28499 0.0774867
192.126 0.00281231 -0.00178418 -6.24593 6.32347 0.0775379
192.136 0.00283427 -0.00176714 -6.27899 6.35657 0.0775855
192.145 0.00286343 -0.00174985 -6.31154 6.38917 0.0776259
192.154 0.00288711 -0.00173215 -6.34347 6.42113 0.0776637
192.164 0.00290895 -0.00171397 -6.37477 6.45247 0.0777033
192.174 0.0029318 -0.00169203 -6.40539 6.48314 0.0777467
192.184 0.00295277 -0.00167185 -6.43489 6.51267 0.0777839
192.192 0.00296693 -0.00165346 -6.4591 6.53691 0.0778168
192.2 0.00298216 -0.00163452 -6.48327 6.56112 0.0778529
192.209 0.00299646 -0.00161475 -6.50704 6.58493 0.0778888
192.218 0.00300822 -0.0015948 -6.53062 6.60854 0.0779231
192.227 0.00301548 -0.00157458 -6.55318 6.63114 0.0779579
192.236 0.00302064 -0.00154959 -6.57492 6.65291 0.0779983
192.245 0.00302953 -0.00152686 -6.59581 6.67384 0.0780312
192.255 0.00303924 -0.00150321 -6.61615 6.69421 0.0780655
192.264 0.0030513 -0.00147967 -6.63539 6.71349 0.0781002
192.274 0.00305658 -0.00145564 -6.65371 6.73184 0.0781324
192.283 0.00306281 -0.00143377 -6.67018 6.74835 0.078166
192.292 0.00306543 -0.00141384 -6.68591 6.76412 0.0782006
192.302 0.00306672 -0.00139453 -6.70067 6.77891 0.0782384
192.312 0.00306819 -0.00137706 -6.71444 6.79271 0.0782728
192.321 0.0030743 -0.00136136 -6.72709 6.8054 0.0783079
192.331 0.00307987 -0.00134753 -6.73862 6.81696 0.0783428
192.341 0.00308746 -0.0013332 -6.74889 6.82726 0.0783776
192.351 0.00309178 -0.00131548 -6.75797 6.83639 0.0784174
192.362 0.00309783 -0.00129944 -6.76587 6.84432 0.0784552
192.372 0.00310399 -0.00128238 -6.77238 6.85087 0.0784868
192.383 0.00310903 -0.00126517 -6.77755 6.85607 0.0785223
192.393 0.00311178 -0.00125018 -6.78133 6.85989 0.0785598
192.404 0.00311809 -0.00123936 -6.78377 6.86237 0.0785974
192.414 0.00312172 -0.00122994 -6.78484 6.86347 0.0786344
192.425 0.00312279 -0.00121547 -6.78456 6.86323 0.0786715
192.436 0.00312719 -0.00120427 -6.78297 6.86169 0.0787159
192.446 0.00313071 -0.00119284 -6.77992 6.85867 0.0787576
192.457 0.00313367 -0.00117879 -6.77549 6.85429 0.078802
192.468 0.00313911 -0.00116023 -6.76971 6.84855 0.0788408
192.479 0.00314002 -0.00114376 -6.76257 6.84145 0.0788825
192.49 0.00314947 -0.00112901 -6.75416 6.83308 0.0789252
192.501 0.00315394 -0.00111041 -6.74445 6.82342 0.0789696
192.512 0.00316215 -0.00109088 -6.73346 6.81248 0.079016
192.522 0.00316859 -0.00107169 -6.7212 6.80027 0.0790672
192.534 0.00316724 -0.00105456 -6.7074 6.78652 0.0791132
192.545 0.00316746 -0.00103789 -6.69226 6.77141 0.0791553
192.556 0.00316272 -0.00102768 -6.67573 6.75493 0.0792017
192.567 0.00316506 -0.00101183 -6.65794 6.73718 0.0792451
192.578 0.00316424 -0.000999165 -6.6388 6.71809 0.0792891
192.589 0.00317094 -0.000992516 -6.61826 6.6976 0.0793379
192.6 0.00317909 -0.000982295 -6.59633 6.67571 0.079383
192.611 0.00318861 -0.000970406 -6.57301 6.65244 0.0794281
192.622 0.00319607 -0.000962844 -6.54825 6.62773 0.0794746
192.633 0.00319791 -0.000949175 -6.5221 6.60162 0.079516
192.645 0.00320024 -0.000941471 -6.49454 6.57409 0.0795553
192.656 0.0031996 -0.000939457 -6.46559 6.54519 0.0795946
192.667 0.0031994 -0.000932103 -6.43538 6.51501 0.0796341
192.678 0.003198 -0.000923769 -6.40369 6.48336 0.0796692
192.689 0.00320058 -0.000917009 -6.37059 6.4503 0.0797043
192.7 0.00319919 -0.000914352 -6.33608 6.41582 0.0797462
192.711 0.00319741 -0.000909325 -6.30016 6.37995 0.0797926
192.722 0.00319483 -0.000904446 -6.26279 6.34263 0.0798419
192.733 0.00319426 -0.00090057 -6.2241 6.30399 0.0798849
192.745 0.00319246 -0.000892702 -6.18396 6.26389 0.0799244
192.756 0.00319278 -0.00088759 -6.14246 6.22242 0.0799677
192.767 0.00319317 -0.000885946 -6.09965 6.17966 0.0800105
192.778 0.00319607 -0.000885546 -6.05556 6.13561 0.080052
192.789 0.00319594 -0.000885107 -6.01024 6.09033 0.0800952
192.8 0.00319923 -0.00088918 -5.96371 6.04385 0.0801424
192.811 0.00320048 -0.000889233 -5.91596 5.99615 0.0801921
192.822 0.00320487 -0.000893714 -5.86978 5.95002 0.0802421
192.831 0.00320575 -0.000895493 -5.82768 5.90796 0.0802841
192.84 0.00320447 -0.000898012 -5.78479 5.86512 0.0803304
192.85 0.0032042 -0.000897832 -5.7384 5.81878 0.0803782
192.86 0.00320347 -0.000902174 -5.69123 5.77165 0.0804234
192.87 0.00320811 -0.00090609 -5.6432 5.72367 0.0804668
192.88 0.00321382 -0.000911329 -5.59432 5.67484 0.0805128
192.89 0.00321777 -0.000909686 -5.54467 5.62523 0.080556
192.9 0.00322483 -0.000905561 -5.49423 5.57483 0.0806022
192.91 0.00323517 -0.000906734 -5.44304 5.52369 0.0806533
192.92 0.0032404 -0.000909118 -5.39123 5.47193 0.0806995
192.93 0.00324434 -0.0009082 -5.33877 5.41952 0.0807484
192.94 0.00324944 -0.000910787 -5.28561 5.36641 0.0807971
192.95 0.00325647 -0.000916436 -5.23183 5.31268 0.0808475
192.96 0.00326977 -0.000920066 -5.17747 5.25836 0.0808962
192.97 0.00327493 -0.000918305 -5.1225 5.20345 0.0809468
192.98 0.00327575 -0.000919341 -5.06697 5.14798 0.081006
192.99 0.00328232 -0.000921363 -5.01095 5.09202 0.0810654
193 0.0032899 -0.000916557 -4.95442 5.03555 0.0811253
193.011 0.00329821 -0.000919283 -4.89149 4.97267 0.081182
193.022 0.00330576 -0.00091922 -4.82803 4.90928 0.0812454
193.033 0.00331435 -0.000925621 -4.76402 4.84533 0.0813067
193.044 0.00332591 -0.000933763 -4.6987 4.78007 0.081371
193.055 0.00333662 -0.000946838 -4.63259 4.71402 0.0814337
193.066 0.0033487 -0.000960663 -4.56605 4.64755 0.0814987
193.077 0.00335804 -0.000971151 -4.49891 4.58047 0.0815602
193.089 0.00336266 -0.000981752 -4.43116 4.51278 0.0816217
193.1 0.00337235 -0.00099091 -4.36277 4.44445 0.0816834
193.111 0.00338473 -0.00100316 -4.29388 4.37563 0.0817471
193.122 0.00339909 -0.0010113 -4.22446 4.30628 0.0818135
193.133 0.00341473 -0.00102003 -4.15446 4.23635 0.0818884
193.144 0.00342768 -0.00102418 -4.08387 4.16582 0.0819567
193.155 0.00343906 -0.00103026 -4.0127 4.09472 0.0820215
193.166 0.00345899 -0.00103473 -3.94095 4.02304 0.0820885
193.177 0.00348049 -0.00104575 -3.86867 3.95082 0.0821531
193.189 0.00350465 -0.00105484 -3.79481 3.87703 0.0822215
193.2 0.00353126 -0.00105902 -3.72038 3.80266 0.0822867
193.211 0.00355873 -0.00106722 -3.64539 3.72774 0.0823526
193.223 0.0035808 -0.0010739 -3.56988 3.6523 0.0824197
193.234 0.00360187 -0.00107987 -3.4939 3.5764 0.082491
193.245 0.00361925 -0.00108901 -3.41754 3.50009 0.0825592
193.256 0.00363893 -0.00109379 -3.34083 3.42346 0.0826353
193.268 0.00365668 -0.00109398 -3.26378 3.3465 0.0827185
193.279 0.00367494 -0.00109298 -3.1864 3.2692 0.0828011
193.29 0.00369595 -0.0010967 -3.10872 3.19159 0.082877
193.301 0.00372088 -0.00110312 -3.03081 3.11376 0.082955
193.313 0.0037487 -0.00111117 -2.9525 3.03554 0.0830314
193.324 0.00377483 -0.00111771 -2.87428 2.95738 0.0831076
193.335 0.00379938 -0.00112167 -2.79597 2.87915 0.0831806
193.346 0.00382394 -0.00112443 -2.71761 2.80087 0.0832539
193.358 0.00385736 -0.00112256 -2.63933 2.72266 0.0833324
193.369 0.00388789 -0.0011239 -2.56131 2.64472 0.0834148
193.38 0.00391988 -0.00113035 -2.48358 2.56707 0.0834915
193.392 0.00395037 -0.00113509 -2.40637 2.48994 0.0835665
193.403 0.00398373 -0.0011395 -2.32963 2.41327 0.0836421
193.414 0.00401609 -0.00114239 -2.25351 2.33723 0.0837159
193.425 0.00404511 -0.00114802 -2.17809 2.26187 0.083781
193.437 0.00407677 -0.00115507 -2.10345 2.18729 0.0838407
193.448 0.00410634 -0.00116729 -2.02962 2.11352 0.0839013
193.459 0.00414297 -0.00117517 -1.95666 2.04062 0.083968
193.47 0.00417918 -0.00118051 -1.8846 1.96863 0.0840309
193.482 0.00421516 -0.00117952 -1.81348 1.89757 0.0840895
193.493 0.00424872 -0.00118392 -1.74326 1.8274 0.0841432
193.504 0.00428762 -0.00118519 -1.67423 1.75843 0.0841975
193.515 0.00432303 -0.00118539 -1.60624 1.69049 0.084249
193.527 0.00435892 -0.00118736 -1.53938 1.62369 0.0843046
193.538 0.00439909 -0.00119291 -1.47365 1.55801 0.0843589
193.549 0.00443395 -0.0011965 -1.40906 1.49346 0.0844067
193.561 0.00447553 -0.0011946 -1.34555 1.43001 0.0844595
193.572 0.00452084 -0.00119475 -1.28317 1.36768 0.084514
193.583 0.00456053 -0.00119424 -1.22201 1.30658 0.0845637
193.594 0.00459921 -0.00119575 -1.16208 1.24669 0.0846105
193.606 0.00463542 -0.00119242 -1.1033 1.18796 0.0846585
193.617 0.00467272 -0.00118988 -1.04566 1.13036 0.0847051
193.628 0.00470839 -0.00118805 -0.989071 1.07382 0.0847473
193.639 0.00474143 -0.00118863 -0.933636 1.01843 0.0847894
193.651 0.0047774 -0.00119658 -0.879561 0.964392 0.0848308
193.662 0.00482002 -0.00120209 -0.826643 0.911514 0.0848709
193.673 0.00486215 -0.00120353 -0.774943 0.859853 0.0849098
193.685 0.00491168 -0.0012063 -0.724368 0.80932 0.0849527
193.696 0.00495802 -0.00121197 -0.675014 0.760009 0.0849953
193.707 0.00500168 -0.0012127 -0.626817 0.711854 0.085037
193.718 0.0050416 -0.0012148 -0.579785 0.664858 0.0850726
193.73 0.0050806 -0.00121302 -0.533927 0.619041 0.0851145
193.741 0.00512171 -0.00121368 -0.48922 0.574382 0.0851617
193.752 0.00515956 -0.00121276 -0.445744 0.530949 0.0852047
193.763 0.0051996 -0.00121109 -0.4035 0.488744 0.0852441
193.775 0.00524119 -0.0012079 -0.362465 0.447747 0.085282
193.786 0.00528127 -0.00120808 -0.322645 0.407958 0.0853129
193.797 0.00532401 -0.00120964 -0.284029 0.369377 0.0853475
193.808 0.00536762 -0.00121885 -0.246656 0.332041 0.085385
193.82 0.00540552 -0.00123286 -0.210599 0.29602 0.0854207
193.831 0.00544477 -0.00124613 -0.175866 0.26132 0.0854536
193.842 0.00548242 -0.00125761 -0.142416 0.227907 0.085491
193.854 0.00552121 -0.00126441 -0.11033 0.195857 0.0855268
193.865 0.00556256 -0.0012739 -0.0795597 0.165123 0.0855629
193.876 0.00560775 -0.00128852 -0.0500837 0.135675 0.0855912
193.887 0.00564983 -0.0013025 -0.0219271 0.107542 0.0856148
193.899 0.00568893 -0.00131916 0.00490382 0.0807374 0.0856412
193.91 0.00572595 -0.00133693 0.0304349 0.0552386 0.0856735
193.921 0.00576329 -0.00135736 0.0545986 0.0311099 0.0857086
193.932 0.00579676 -0.00137137 0.0774089 0.00832975 0.0857387
193.944 0.00582868 -0.00139054 0.0988918 -0.0131232 0.0857686
193.955 0.00586219 -0.0014142 0.119042 -0.0332434 0.0857991
193.966 0.00589733 -0.0014326 0.137855 -0.0520294 0.0858258
193.977 0.00592872 -0.00145212 0.155326 -0.0694677 0.0858586
193.989 0.00596029 -0.00147026 0.171461 -0.0855752 0.0858858
194 0.0059894 -0.00149213 0.186268 -0.100356 0.0859124
194.011 0.00601118 -0.0015087 0.199759 -0.113819 0.0859398
194.022 0.00603751 -0.00153036 0.212004 -0.126039 0.0859646
194.034 0.00606185 -0.00155089 0.222969 -0.136979 0.0859899
194.045 0.00608379 -0.00157392 0.232706 -0.146691 0.0860154
194.056 0.00611029 -0.0015937 0.241236 -0.155201 0.0860352
194.067 0.00613571 -0.00161368 0.248577 -0.162515 0.0860622
194.079 0.00616212 -0.00162996 0.254757 -0.168665 0.0860919
194.09 0.00619004 -0.00163867 0.259785 -0.173659 0.0861259
194.101 0.00621601 -0.00164524 0.263659 -0.177505 0.0861539
194.112 0.00623943 -0.00165716 0.266399 -0.180217 0.0861823
194.124 0.00626141 -0.00166879 0.268032 -0.181823 0.0862096
194.135 0.00628332 -0.00168145 0.268562 -0.182314 0.0862482
194.146 0.00630422 -0.00169255 0.268042 -0.181757 0.0862848
194.157 0.00632178 -0.00169659 0.266522 -0.180207 0.086315
194.169 0.00634228 -0.00170224 0.264055 -0.177714 0.086341
194.18 0.00636149 -0.00170315 0.260618 -0.174248 0.0863701
194.191 0.00638566 -0.00170584 0.256269 -0.16987 0.0863997
194.202 0.0064082 -0.00171213 0.251003 -0.164569 0.0864338
194.213 0.00643361 -0.00172304 0.244825 -0.158357 0.0864678
194.225 0.0064601 -0.00172839 0.237818 -0.151329 0.0864888
194.236 0.00648347 -0.001734 0.229972 -0.143463 0.0865084
194.247 0.00650119 -0.00173748 0.221339 -0.134805 0.0865338
194.258 0.00651937 -0.00174023 0.211965 -0.125401 0.0865644
194.27 0.00653543 -0.00173569 0.201837 -0.115241 0.0865961
194.281 0.00655149 -0.00172828 0.190947 -0.104321 0.0866267
194.292 0.00656649 -0.00172223 0.179366 -0.0927068 0.0866591
194.303 0.00658194 -0.00171635 0.167087 -0.0803921 0.0866944
194.315 0.00660092 -0.00170961 0.154161 -0.0674292 0.0867321
194.326 0.00662035 -0.00171118 0.140624 -0.0538566 0.086767
194.337 0.00664306 -0.00170921 0.126459 -0.0396596 0.0867992
194.348 0.00666331 -0.00171007 0.111683 -0.0248504 0.0868329
194.36 0.00668306 -0.00170619 0.0963494 -0.00948274 0.0868666
194.371 0.00669684 -0.00170117 0.0805098 0.00639324 0.0869031
194.382 0.00670838 -0.00168918 0.0641574 0.0227764 0.0869338
194.393 0.00671922 -0.00167998 0.0473614 0.0395986 0.08696
194.404 0.00672818 -0.00167167 0.030108 0.0568776 0.0869856
194.416 0.00673548 -0.00166916 0.0123858 0.0746308 0.0870166
194.427 0.00674546 -0.00166537 -0.00571348 0.0927599 0.0870464
194.438 0.00675015 -0.00166568 -0.0242875 0.111363 0.0870757
194.449 0.00675497 -0.00166797 -0.0432798 0.130379 0.0870996
194.461 0.00675767 -0.0016689 -0.0627078 0.149831 0.0871233
194.472 0.00676283 -0.00166404 -0.0825594 0.169705 0.0871456
194.483 0.0067685 -0.00165852 -0.102855 0.190025 0.0871692
194.494 0.006775 -0.00164635 -0.123546 0.210741 0.0871948
194.506 0.00677904 -0.00163653 -0.144702 0.231918 0.0872163
194.517 0.00677782 -0.00162452 -0.166241 0.253475 0.087234
194.528 0.00677645 -0.00161009 -0.188289 0.275541 0.0872518
194.539 0.00677528 -0.00159061 -0.210722 0.297996 0.0872741
194.551 0.00677337 -0.00157386 -0.233496 0.320792 0.0872956
194.562 0.00676609 -0.00156267 -0.256552 0.343871 0.0873199
194.573 0.00675433 -0.00155218 -0.279962 0.367301 0.087339
194.584 0.00674278 -0.00154391 -0.303705 0.391058 0.0873528
194.596 0.00673041 -0.00153615 -0.327788 0.415152 0.0873645
194.607 0.00672292 -0.00153099 -0.352218 0.439599 0.0873809
194.618 0.00671133 -0.00152429 -0.376952 0.46435 0.0873976
194.629 0.0066994 -0.00150957 -0.402011 0.489423 0.0874123
194.64 0.00668997 -0.00149248 -0.427382 0.5148 0.0874181
194.652 0.0066817 -0.00147512 -0.45307 0.540495 0.0874255
194.663 0.00667443 -0.00144726 -0.479063 0.566501 0.0874381
194.674 0.00666453 -0.00142147 -0.505364 0.59282 0.0874563
194.685 0.00665066 -0.00139679 -0.531884 0.619357 0.0874726
194.697 0.00664217 -0.00137344 -0.558657 0.64615 0.087493
194.708 0.00663004 -0.00134875 -0.585698 0.673208 0.08751
194.719 0.0066141 -0.0013242 -0.613029 0.700551 0.0875222
194.73 0.00659635 -0.00129761 -0.64062 0.728155 0.0875349
194.742 0.00658017 -0.00126937 -0.668488 0.756044 0.0875561
194.753 0.00655719 -0.00124311 -0.696631 0.78421 0.0875787
194.764 0.00653136 -0.00121745 -0.725007 0.812603 0.0875968
194.775 0.00650634 -0.0011925 -0.753593 0.841203 0.08761
194.787 0.00647982 -0.00116253 -0.782372 0.869997 0.0876249
194.798 0.00645049 -0.00113525 -0.811347 0.898989 0.0876426
194.809 0.00642968 -0.0010998 -0.840585 0.928247 0.087662
194.82 0.00640795 -0.00106328 -0.870075 0.95776 0.0876854
194.831 0.00638287 -0.00103007 -0.899806 0.987517 0.0877111
194.843 0.00636173 -0.000990426 -0.929767 1.0175 0.0877356
194.854 0.0063336 -0.000951011 -0.959975 1.04773 0.0877556
194.865 0.00630919 -0.00091419 -0.99039 1.07816 0.0877721
194.876 0.00628789 -0.000869846 -1.02105 1.10884 0.0877912
194.888 0.00626997 -0.00082977 -1.052 1.1398 0.0878047
194.899 0.00624717 -0.000789246 -1.08319 1.17101 0.087822
194.91 0.00622697 -0.00074516 -1.11469 1.20253 0.0878377
194.921 0.00620122 -0.000700519 -1.14646 1.23431 0.0878545
194.933 0.00617657 -0.00065757 -1.17855 1.26642 0.0878734
194.944 0.00615046 -0.000615985 -1.21098 1.29887 0.0878933
194.955 0.00612193 -0.000572493 -1.24369 1.33161 0.0879145
194.966 0.00609413 -0.000532884 -1.27673 1.36466 0.087931
194.978 0.00606724 -0.00048998 -1.31013 1.39807 0.0879452
194.989 0.00603949 -0.000446003 -1.34385 1.43181 0.0879576
195 0.00601479 -0.000406721 -1.37791 1.46588 0.0879717
195.011 0.00599598 -0.000368097 -1.4123 1.50028 0.0879813
195.022 0.00597506 -0.000324509 -1.44708 1.53507 0.0879903
195.034 0.00595437 -0.0002822 -1.48213 1.57013 0.0879982
195.045 0.00593491 -0.000240997 -1.51757 1.60558 0.0880096
195.056 0.00591387 -0.000196535 -1.55327 1.64129 0.0880187
195.067 0.00589108 -0.000157563 -1.58927 1.6773 0.0880293
195.079 0.00587367 -0.00012087 -1.6256 1.71363 0.0880388
195.09 0.00585684 -8.63756e-05 -1.66227 1.75032 0.0880476
195.101 0.00583889 -4.68319e-05 -1.69932 1.78738 0.0880558
195.112 0.00582205 -7.84667e-06 -1.7367 1.82477 0.0880675
195.124 0.00580626 3.40131e-05 -1.7744 1.86247 0.0880777
195.135 0.00578792 7.58291e-05 -1.81244 1.90053 0.0880897
195.146 0.00577141 0.000117358 -1.8508 1.93891 0.0881065
195.157 0.00575037 0.000155813 -1.88951 1.97763 0.0881209
195.169 0.00572857 0.000193499 -1.92854 2.01667 0.0881346
195.18 0.00571006 0.000232879 -1.96789 2.05604 0.0881516
195.191 0.00569327 0.000275905 -2.00752 2.09569 0.0881615
195.202 0.00567983 0.000316625 -2.04742 2.13559 0.08817
195.213 0.00566794 0.000351381 -2.08752 2.1757 0.0881826
195.225 0.00565227 0.000383951 -2.12788 2.21608 0.0881945
195.236 0.00563904 0.0004181 -2.16845 2.25665 0.0882045
195.247 0.00562434 0.000453117 -2.20913 2.29734 0.0882159
195.258 0.00560979 0.000489594 -2.24996 2.33819 0.0882278
195.27 0.00559564 0.000521749 -2.29095 2.37919 0.0882377
195.281 0.00558362 0.000559656 -2.33205 2.4203 0.088254
195.292 0.00556941 0.000597758 -2.3732 2.46147 0.0882698
195.303 0.00554899 0.000637355 -2.41438 2.50267 0.0882877
195.315 0.00553109 0.00067504 -2.45556 2.54387 0.0883094
195.326 0.00551211 0.000707171 -2.49669 2.58502 0.0883255
195.337 0.00549319 0.000737212 -2.53774 2.62609 0.088341
195.348 0.00547329 0.000766893 -2.57874 2.6671 0.0883577
195.36 0.0054542 0.000799932 -2.61962 2.708 0.0883824
195.371 0.00543825 0.000834738 -2.66037 2.74878 0.0884038
195.382 0.00542688 0.000868585 -2.70096 2.78939 0.0884269
195.393 0.00541454 0.000903999 -2.74135 2.82981 0.0884543
195.404 0.00539885 0.000939654 -2.78143 2.86992 0.0884805
195.416 0.00539171 0.000972568 -2.8214 2.90991 0.0885063
195.427 0.00537929 0.00100954 -2.86113 2.94967 0.0885313
195.438 0.00536256 0.00104349 -2.90055 2.9891 0.088555
195.449 0.0053447 0.00108216 -2.93963 3.02821 0.0885798
195.461 0.00532721 0.00111666 -2.97831 3.06692 0.0886087
195.472 0.00530952 0.00114907 -3.01666 3.10529 0.088632
195.483 0.005299 0.00117994 -3.05449 3.14314 0.0886568
195.494 0.00528986 0.00120995 -3.09192 3.18061 0.0886835
195.506 0.00527895 0.00123546 -3.12881 3.21752 0.0887089
195.517 0.00526778 0.00126246 -3.16515 3.25389 0.0887371
195.528 0.00526596 0.00129124 -3.20093 3.28969 0.0887648
195.539 0.00526532 0.00132505 -3.2361 3.32489 0.0887922
195.551 0.00526427 0.00135494 -3.27069 3.35952 0.0888246
195.562 0.00526109 0.00138325 -3.30467 3.39352 0.0888566
195.573 0.0052582 0.00141927 -3.33805 3.42694 0.0888827
195.584 0.00525355 0.00145125 -3.37082 3.45974 0.0889189
195.596 0.00525414 0.00148084 -3.40296 3.49192 0.0889584
195.607 0.00526048 0.00150417 -3.43447 3.52345 0.088987
195.618 0.00526835 0.00153351 -3.46534 3.55437 0.0890213
195.629 0.00528101 0.00156265 -3.49561 3.58467 0.08906
195.64 0.00529275 0.00159662 -3.52525 3.61434 0.0890937
195.652 0.00530247 0.00162896 -3.55428 3.64341 0.089128
195.663 0.00530813 0.0016572 -3.58267 3.67183 0.089164
195.674 0.00532087 0.00168094 -3.61037 3.69957 0.0891978
195.685 0.00532893 0.00170201 -3.63741 3.72664 0.0892351
195.697 0.00534383 0.00172886 -3.66371 3.75298 0.0892721
195.708 0.00536109 0.00175827 -3.68927 3.77858 0.0893058
195.719 0.00537526 0.00178297 -3.7141 3.80344 0.0893462
195.73 0.00538307 0.00180683 -3.73817 3.82756 0.0893866
195.742 0.00539127 0.00183899 -3.76154 3.85097 0.0894251
195.753 0.00539612 0.0018748 -3.7842 3.87367 0.0894685
195.764 0.00540458 0.00190565 -3.80613 3.89563 0.0895026
195.775 0.00541763 0.00193511 -3.82731 3.91685 0.0895368
195.787 0.00542589 0.00196241 -3.84774 3.93731 0.0895685
195.798 0.00543338 0.00199208 -3.86742 3.95702 0.0896017
195.809 0.00544134 0.00202074 -3.88637 3.97601 0.0896403
195.82 0.00545061 0.00204485 -3.90454 3.99421 0.0896766
195.831 0.00545656 0.00206938 -3.92187 4.01158 0.0897117
195.843 0.00545945 0.00209639 -3.93848 4.02822 0.0897466
195.854 0.00546154 0.00212625 -3.95428 4.04407 0.0897839
195.865 0.00546152 0.002156 -3.96931 4.05914 0.0898248
195.876 0.00546304 0.00217615 -3.98358 4.07344 0.0898631
195.888 0.00545863 0.00219764 -3.99704 4.08694 0.089896
195.899 0.00544323 0.00221874 -4.00971 4.09964 0.0899279
195.91 0.0054372 0.00224236 -4.02157 4.11153 0.0899641
195.921 0.00543475 0.00226156 -4.03265 4.12265 0.0899991
195.933 0.00542713 0.00227919 -4.04295 4.13299 0.0900378
195.944 0.00541462 0.00230409 -4.05249 4.14257 0.0900779
195.955 0.00539628 0.00233849 -4.0612 4.15132 0.0901156
195.966 0.00536999 0.0023663 -4.06913 4.15928 0.0901523
195.978 0.00535892 0.00239651 -4.07628 4.16647 0.0901924
195.989 0.00535411 0.00242421 -4.08266 4.17289 0.090231
196 0.00534879 0.00245776 -4.08819 4.17846 0.0902696
196.011 0.00533188 0.00248348 -4.09298 4.18329 0.090305
196.022 0.00531377 0.00250032 -4.09699 4.18732 0.0903326
196.034 0.00529488 0.00252198 -4.10018 4.19054 0.0903606
196.045 0.00528541 0.00255192 -4.10257 4.19296 0.0903876
196.056 0.00527464 0.00257398 -4.10416 4.19458 0.0904207
196.067 0.0052648 0.00259113 -4.10492 4.19537 0.0904531
196.079 0.00525311 0.00261905 -4.10482 4.1953 0.0904786
196.09 0.00523931 0.00264585 -4.10389 4.1944 0.0905137
196.101 0.00521867 0.00266611 -4.10219 4.19274 0.0905458
196.112 0.00520637 0.00268636 -4.09973 4.19031 0.0905755
196.124 0.00520024 0.00270163 -4.09648 4.18709 0.0906078
196.135 0.00519781 0.00272052 -4.09243 4.18308 0.0906432
196.146 0.00518925 0.00274788 -4.08766 4.17834 0.0906752
196.157 0.00517267 0.00277458 -4.0821 4.17281 0.0907083
196.169 0.00515695 0.00280091 -4.07579 4.16653 0.0907394
196.18 0.00514298 0.00282936 -4.06874 4.15951 0.0907686
196.191 0.00513114 0.00286231 -4.06097 4.15177 0.0908007
196.202 0.00512175 0.00290096 -4.05249 4.14332 0.0908281
196.213 0.00511445 0.00293833 -4.04327 4.13412 0.0908546
196.225 0.00510529 0.00297295 -4.03336 4.12425 0.0908844
196.236 0.00509884 0.00300571 -4.02277 4.11368 0.09091
196.247 0.00508352 0.00304314 -4.01149 4.10242 0.0909394
196.258 0.00506476 0.00307947 -3.9995 4.09046 0.0909671
196.27 0.00504857 0.00312419 -3.98684 4.07783 0.0909938
196.281 0.00503294 0.00316365 -3.97354 4.06456 0.091018
196.292 0.0050114 0.00320217 -3.95955 4.05059 0.0910426
196.303 0.00498743 0.00323415 -3.94489 4.03595 0.0910651
196.315 0.00495943 0.00326724 -3.92959 4.02069 0.0910936
196.326 0.00493996 0.00329746 -3.91367 4.00479 0.0911188
196.337 0.00492709 0.00332904 -3.89713 3.98828 0.0911456
196.348 0.00491304 0.00336533 -3.88007 3.97124 0.0911697
196.36 0.00488893 0.00340406 -3.86252 3.95372 0.0911984
196.371 0.00486726 0.00343942 -3.84454 3.93576 0.0912234
196.382 0.00484385 0.00347398 -3.82608 3.91733 0.0912549
196.393 0.00482011 0.00350566 -3.80719 3.89848 0.0912863
196.404 0.0047959 0.00353356 -3.78783 3.87914 0.0913118
196.416 0.00475955 0.00356296 -3.76804 3.85938 0.09134
196.427 0.00471843 0.00359463 -3.7478 3.83916 0.0913642
196.438 0.00468534 0.00362375 -3.72712 3.8185 0.0913864
196.449 0.0046512 0.00365896 -3.70598 3.79739 0.091406
196.461 0.00461891 0.00369339 -3.68439 3.77582 0.0914294
196.472 0.00458154 0.00372236 -3.66233 3.75379 0.0914534
196.483 0.00454477 0.0037563 -3.63978 3.73126 0.0914794
196.494 0.00451599 0.0037883 -3.61679 3.70829 0.0915044
196.506 0.00449216 0.00382135 -3.59325 3.68478 0.0915287
196.517 0.00446624 0.00385268 -3.56931 3.66086 0.0915528
196.528 0.00444074 0.00388677 -3.54496 3.63653 0.0915772
196.539 0.00440977 0.00391263 -3.52025 3.61185 0.0915983
196.551 0.00438011 0.00393809 -3.49522 3.58684 0.0916193
196.562 0.00435081 0.00396762 -3.46989 3.56153 0.0916463
196.573 0.00432616 0.00399448 -3.44422 3.53589 0.0916735
196.584 0.00430804 0.00402218 -3.41826 3.50996 0.091697
196.596 0.00428743 0.00405 -3.39201 3.48373 0.0917174
196.607 0.00426231 0.0040788 -3.36548 3.45721 0.0917348
196.618 0.00424031 0.00410753 -3.33868 3.43043 0.0917495
196.629 0.00421508 0.00414246 -3.31162 3.40339 0.0917744
196.64 0.00419376 0.00417557 -3.28437 3.37617 0.0917981
196.652 0.00417084 0.00420311 -3.25694 3.34876 0.0918219
196.663 0.00414579 0.00423243 -3.22928 3.32113 0.0918472
196.674 0.00411662 0.00426009 -3.20145 3.29331 0.0918693
196.685 0.00408262 0.00428411 -3.17348 3.26537 0.0918892
196.697 0.00404637 0.00430973 -3.14533 3.23725 0.091918
196.708 0.00401959 0.00433879 -3.11706 3.20901 0.0919449
196.719 0.00399264 0.00437436 -3.08866 3.18063 0.0919719
196.73 0.00396863 0.00440774 -3.06025 3.15226 0.0920035
196.742 0.00393703 0.00443928 -3.03178 3.1238 0.0920249
196.753 0.0039021 0.00447269 -3.00327 3.09531 0.0920491
196.764 0.00386545 0.00449994 -2.97474 3.06683 0.0920866
196.775 0.0038291 0.00452528 -2.94617 3.03829 0.0921225
196.787 0.00379579 0.00455279 -2.91759 3.00974 0.0921493
196.798 0.003765 0.00457748 -2.88903 2.98121 0.0921801
196.809 0.00373503 0.00460499 -2.8605 2.95271 0.0922115
196.82 0.00369934 0.00463792 -2.83205 2.9243 0.0922431
196.831 0.00366389 0.00467511 -2.80369 2.89597 0.0922771
196.843 0.00362819 0.00471333 -2.77542 2.86772 0.0923049
196.854 0.00359759 0.00474645 -2.74726 2.83959 0.0923344
196.865 0.00356638 0.00478052 -2.71923 2.8116 0.0923672
196.876 0.00353465 0.00481099 -2.69136 2.78376 0.0923996
196.888 0.00350396 0.00483837 -2.66354 2.75597 0.0924361
196.899 0.0034781 0.00486725 -2.63589 2.72835 0.0924661
196.91 0.00344437 0.00489677 -2.60839 2.70088 0.0924887
196.921 0.00340762 0.00492677 -2.58101 2.67353 0.0925146
196.933 0.00336837 0.00496163 -2.55386 2.64641 0.0925479
196.944 0.00333368 0.00499218 -2.5269 2.61949 0.0925823
196.955 0.00329606 0.00502365 -2.50015 2.59277 0.0926179
196.966 0.00326128 0.0050533 -2.47359 2.56625 0.0926548
196.978 0.00323227 0.00508425 -2.44721 2.53991 0.092693
196.989 0.00320523 0.00511051 -2.42103 2.51376 0.0927231
197 0.00317478 0.00514278 -2.395 2.48775 0.0927554
197.011 0.00315411 0.00516511 -2.36914 2.46193 0.0927908
197.022 0.00313187 0.00519067 -2.34343 2.43625 0.0928204
197.034 0.0031133 0.00521932 -2.31783 2.41069 0.0928595
197.045 0.0030952 0.00524607 -2.29246 2.38535 0.0928983
197.056 0.00307823 0.00527171 -2.26722 2.36015 0.0929371
197.067 0.00306624 0.00529698 -2.24215 2.33512 0.0929761
197.079 0.00305594 0.00532175 -2.21725 2.31026 0.093009
197.09 0.00304248 0.00534508 -2.19246 2.2855 0.0930392
197.101 0.00303121 0.00536907 -2.16784 2.26093 0.0930826
197.112 0.00301878 0.00539608 -2.14338 2.2365 0.0931199
197.124 0.00301076 0.00542235 -2.119 2.21216 0.0931594
197.135 0.00300139 0.00545534 -2.09471 2.18791 0.093204
197.146 0.00299417 0.00548429 -2.07051 2.16376 0.0932505
197.157 0.00298621 0.00551037 -2.0464 2.13969 0.0932944
197.169 0.00298057 0.00553739 -2.02238 2.11572 0.0933382
197.18 0.00297063 0.00556339 -1.99844 2.09181 0.0933711
197.191 0.0029642 0.00558968 -1.97456 2.06797 0.093411
197.202 0.00295485 0.00561686 -1.95069 2.04414 0.0934554
197.213 0.00294508 0.00564358 -1.92684 2.02034 0.0934969
197.225 0.00293408 0.00567477 -1.90298 1.99652 0.0935383
197.236 0.00292898 0.00571173 -1.87915 1.97272 0.0935718
197.247 0.00292138 0.00574806 -1.85533 1.94894 0.0936094
197.258 0.0029155 0.00578622 -1.83143 1.92507 0.0936488
197.27 0.0029138 0.0058294 -1.80747 1.90116 0.0936892
197.281 0.00290942 0.00587206 -1.78346 1.87719 0.0937258
197.292 0.0029071 0.00591383 -1.75934 1.8531 0.0937611
197.303 0.0029053 0.00595313 -1.73509 1.82889 0.0937944
197.315 0.00289792 0.00599591 -1.71078 1.80461 0.0938325
197.326 0.00289096 0.00604102 -1.68627 1.78014 0.0938662
197.337 0.00288261 0.00607645 -1.66174 1.75563 0.0938884
197.348 0.00287226 0.00611231 -1.63706 1.73098 0.09392
197.36 0.00285886 0.00614986 -1.61222 1.70617 0.093951
197.371 0.00284487 0.00618676 -1.58719 1.68118 0.0939855
197.382 0.00283308 0.00622748 -1.56196 1.65598 0.0940186
197.393 0.00281935 0.00626821 -1.53656 1.6306 0.0940451
197.404 0.00280484 0.00630897 -1.5109 1.60498 0.094077
197.416 0.00279297 0.00634674 -1.48498 1.57909 0.0941107
197.427 0.00278227 0.00638602 -1.45884 1.55299 0.0941424
197.438 0.00277203 0.00642146 -1.43245 1.52661 0.0941661
197.449 0.00276059 0.00645453 -1.4058 1.49999 0.0941889
197.461 0.00275181 0.00648894 -1.37892 1.47313 0.0942078
197.472 0.00274969 0.0065249 -1.35179 1.44602 0.0942328
197.483 0.00274511 0.00656187 -1.32437 1.41863 0.0942624
197.494 0.00273652 0.00659983 -1.29668 1.39098 0.0942932
197.506 0.00272916 0.00663504 -1.26871 1.36303 0.0943236
197.517 0.00272168 0.00667077 -1.24038 1.33473 0.0943473
197.528 0.00271579 0.00670772 -1.2118 1.30616 0.0943671
197.539 0.00271182 0.00674264 -1.18292 1.27731 0.0943925
197.551 0.00270127 0.00677958 -1.15375 1.24817 0.0944211
197.562 0.00269031 0.00681492 -1.12431 1.21875 0.0944465
197.573 0.00267362 0.00684675 -1.09459 1.18905 0.0944682
197.584 0.0026541 0.00687747 -1.06446 1.15895 0.0944866
197.596 0.00263532 0.00691205 -1.03416 1.12867 0.0945065
197.607 0.00261559 0.00694454 -1.00358 1.0981 0.0945224
197.618 0.00259046 0.00698081 -0.972736 1.06728 0.0945476
197.629 0.00256435 0.00701639 -0.94162 1.03619 0.0945711
197.64 0.00253323 0.00705386 -0.910226 1.00482 0.0945891
197.652 0.00250431 0.0070873 -0.87852 0.973121 0.0946012
197.663 0.0024693 0.00711655 -0.846525 0.941148 0.0946232
197.674 0.00243448 0.00714702 -0.814283 0.908926 0.0946436
197.685 0.00240392 0.00718324 -0.78176 0.876425 0.0946649
197.697 0.00237086 0.00721648 -0.749044 0.843728 0.0946834
197.708 0.00233638 0.00724604 -0.716154 0.810854 0.0947005
197.719 0.00230152 0.00727398 -0.683063 0.777781 0.0947184
197.73 0.00226981 0.00729679 -0.649758 0.744492 0.0947339
197.742 0.00223749 0.00731971 -0.616255 0.711009 0.094754
197.753 0.00220031 0.00733848 -0.582557 0.677335 0.0947778
197.764 0.00216416 0.00735346 -0.548704 0.643503 0.0947992
197.775 0.00213246 0.00736514 -0.514679 0.609492 0.0948125
197.787 0.00209522 0.00738337 -0.48047 0.575298 0.0948276
197.798 0.00206081 0.00740583 -0.446197 0.54103 0.0948331
197.809 0.00202256 0.00742588 -0.41185 0.506689 0.0948398
197.82 0.0019873 0.0074498 -0.37743 0.472281 0.0948519
197.831 0.0019541 0.00747396 -0.342952 0.437819 0.0948668
197.843 0.00192384 0.0074965 -0.308452 0.403333 0.0948808
197.854 0.00189169 0.00751365 -0.273899 0.368799 0.0949004
197.865 0.00185815 0.00752565 -0.239325 0.334237 0.0949125
197.876 0.00183001 0.00754078 -0.204753 0.299673 0.0949207
197.888 0.00180421 0.00755885 -0.170213 0.265147 0.0949341
197.899 0.00177985 0.00758781 -0.135747 0.23069 0.0949425
197.91 0.00174947 0.00761301 -0.101368 0.19632 0.0949517
197.921 0.0017154 0.00763342 -0.0670613 0.162021 0.09496
197.933 0.00168865 0.00765023 -0.0328647 0.127841 0.0949762
197.944 0.0016591 0.00767086 0.00120981 0.0937772 0.094987
197.955 0.00162792 0.00769185 0.0351116 0.0598895 0.0950011
197.966 0.001594 0.0077179 0.068804 0.0262096 0.0950136
197.978 0.00155665 0.00774476 0.102323 -0.00730169 0.0950212
197.989 0.00151807 0.00777108 0.135603 -0.0405781 0.0950245
198 0.00148321 0.00779473 0.168621 -0.0735932 0.0950276
198.011 0.00144734 0.00781603 0.201368 -0.106341 0.0950268
198.022 0.00141389 0.00784287 0.233831 -0.138802 0.0950288
198.034 0.00138729 0.00786678 0.265987 -0.170956 0.0950307
198.045 0.00136293 0.00789197 0.297829 -0.202799 0.0950304
198.056 0.00133883 0.00792069 0.329351 -0.234322 0.0950292
198.067 0.00131248 0.00794831 0.360521 -0.265498 0.0950223
198.079 0.00128704 0.00797505 0.391264 -0.296256 0.0950086
198.09 0.00126004 0.0080073 0.421589 -0.326595 0.0949947
198.101 0.0012332 0.00803628 0.451506 -0.356529 0.0949777
198.112 0.0012099 0.00806586 0.480984 -0.386014 0.0949694
198.124 0.00118319 0.00809563 0.509975 -0.415017 0.0949583
198.135 0.00115597 0.00812914 0.538429 -0.443484 0.0949446
198.146 0.00113506 0.00815531 0.566449 -0.47152 0.094929
198.157 0.00111245 0.00817835 0.593853 -0.49895 0.0949034
198.169 0.00108665 0.00819963 0.620759 -0.525878 0.0948812
198.18 0.00106217 0.00821865 0.647091 -0.55224 0.0948515
198.191 0.00103678 0.00823919 0.672872 -0.578057 0.0948144
198.202 0.0010097 0.00825987 0.698106 -0.603332 0.0947733
198.213 0.0009847 0.00828514 0.722728 -0.627988 0.0947394
198.225 0.000964824 0.00831291 0.746781 -0.652075 0.0947052
198.236 0.000940695 0.00834432 0.770193 -0.675516 0.094677
198.247 0.000920729 0.00837988 0.792975 -0.698325 0.0946496
198.258 0.000899079 0.00841201 0.815134 -0.720517 0.0946166
198.27 0.000872054 0.00843788 0.836662 -0.742084 0.0945782
198.281 0.000844467 0.00846331 0.857541 -0.763005 0.0945367
198.292 0.000819814 0.00848552 0.877742 -0.783251 0.0944911
198.303 0.000802581 0.00850874 0.897263 -0.802823 0.0944399
198.315 0.000787062 0.00852897 0.916079 -0.82169 0.0943886
198.326 0.000773606 0.00854956 0.934217 -0.839884 0.0943329
198.337 0.000756448 0.00857527 0.951694 -0.857409 0.0942852
198.348 0.000742525 0.00860092 0.968491 -0.874247 0.0942446
198.36 0.00071819 0.00862373 0.984582 -0.89038 0.094202
198.371 0.000695626 0.00864883 0.99999 -0.905831 0.0941591
198.382 0.000664652 0.0086731 1.01468 -0.920564 0.0941171
198.393 0.000636002 0.0087005 1.02866 -0.934588 0.094073
198.404 0.000609562 0.00872906 1.04201 -0.947979 0.0940287
198.416 0.000588124 0.00875537 1.05461 -0.960633 0.0939792
198.427 0.00056968 0.0087863 1.06646 -0.972535 0.0939295
198.438 0.000552805 0.00881546 1.07757 -0.983692 0.0938813
198.449 0.000526333 0.00884093 1.08796 -0.994123 0.0938364
198.461 0.000494731 0.00886994 1.09764 -1.00386 0.0937843
198.472 0.000469274 0.0088953 1.10659 -1.01286 0.0937367
198.483 0.00044999 0.00891393 1.11485 -1.02116 0.0936889
198.494 0.000436431 0.00893175 1.12241 -1.02877 0.0936433
198.506 0.000420142 0.00894002 1.12926 -1.03567 0.0935967
198.517 0.000387324 0.00895045 1.13543 -1.04188 0.0935521
198.528 0.000352571 0.0089639 1.14089 -1.04739 0.0935007
198.539 0.000327863 0.00898144 1.14554 -1.05208 0.0934581
198.55 0.000311579 0.00899661 1.14945 -1.05604 0.0934097
198.561 0.000291152 0.00901036 1.15268 -1.05931 0.0933609
198.572 0.000266122 0.00902726 1.15523 -1.06191 0.0933162
198.583 0.000234913 0.00904261 1.15711 -1.06383 0.0932759
198.594 0.000215344 0.00905507 1.15832 -1.06508 0.0932386
198.605 0.000206423 0.00906789 1.15886 -1.06566 0.0932036
198.616 0.000197846 0.00907619 1.15877 -1.06561 0.0931583
198.627 0.000177239 0.00908966 1.15804 -1.06492 0.0931201
198.638 0.000152692 0.0091046 1.15668 -1.0636 0.09308
198.649 0.000146078 0.00911765 1.15468 -1.06164 0.0930407
198.66 0.000143661 0.00913528 1.15208 -1.05908 0.0930001
198.671 0.000143844 0.00915075 1.14885 -1.05589 0.0929609
198.682 0.000131983 0.00917113 1.14498 -1.05206 0.0929203
198.693 0.000122067 0.00918881 1.14048 -1.04759 0.0928884
198.704 0.000118919 0.00920301 1.13534 -1.04248 0.092858
198.715 0.000124402 0.00921364 1.12961 -1.03679 0.0928206
198.726 0.000118735 0.00922722 1.12332 -1.03053 0.092783
198.737 0.000104344 0.00923572 1.11643 -1.02369 0.0927424
198.748 0.000100142 0.00924957 1.10897 -1.01627 0.0927029
198.759 0.000101062 0.00926346 1.10094 -1.00828 0.0926629
198.77 9.61367e-05 0.00927081 1.09245 -0.999828 0.0926246
198.781 7.71879e-05 0.00927964 1.08333 -0.990738 0.0925878
198.791 5.87394e-05 0.00929077 1.0737 -0.981134 0.092564
198.802 5.11348e-05 0.00929924 1.0635 -0.970975 0.0925269
198.813 5.02822e-05 0.00930631 1.05279 -0.960297 0.0924896
198.824 4.36551e-05 0.00931354 1.04154 -0.949088 0.0924509
198.835 3.09194e-05 0.00931567 1.0298 -0.937389 0.0924126
198.846 2.08908e-05 0.00931886 1.01755 -0.925175 0.0923729
198.857 1.70341e-05 0.0093276 1.00483 -0.912497 0.0923296
198.868 1.72882e-05 0.0093358 0.991602 -0.899308 0.0922942
198.879 1.12763e-05 0.0093481 0.977861 -0.8856 0.0922618
198.89 -3.25432e-07 0.00935368 0.963661 -0.871421 0.0922407
198.901 -6.52179e-06 0.0093606 0.949 -0.856778 0.0922222
198.912 -8.4563e-06 0.00936908 0.933845 -0.841646 0.0921991
198.923 -5.88643e-06 0.00937516 0.91824 -0.826071 0.0921682
198.934 -1.29669e-05 0.0093816 0.902214 -0.810085 0.0921294
198.945 -2.81875e-05 0.00938323 0.885749 -0.793659 0.0920903
198.956 -3.62614e-05 0.00938882 0.868847 -0.776799 0.0920482
198.967 -4.36641e-05 0.00939066 0.851522 -0.759513 0.0920085
198.978 -5.1286e-05 0.00938798 0.833769 -0.741798 0.0919715
198.989 -5.94235e-05 0.00938453 0.815575 -0.723631 0.0919441
199 -6.44965e-05 0.00938503 0.796949 -0.705029 0.0919204
199.011 -7.29367e-05 0.0093832 0.777649 -0.685762 0.0918872
199.022 -7.65832e-05 0.00938864 0.757661 -0.66581 0.0918515
199.034 -8.03757e-05 0.00938947 0.737199 -0.645388 0.0918109
199.045 -8.12837e-05 0.00939071 0.716358 -0.624582 0.0917758
199.056 -7.57718e-05 0.00939081 0.695039 -0.603287 0.0917521
199.067 -6.84325e-05 0.00939585 0.673303 -0.581576 0.0917269
199.079 -7.13109e-05 0.00939351 0.65115 -0.559447 0.0917024
199.09 -7.71063e-05 0.00939142 0.628554 -0.536878 0.0916759
199.101 -7.26845e-05 0.00938736 0.605505 -0.513865 0.0916401
199.112 -7.36691e-05 0.00938637 0.582059 -0.490449 0.0916105
199.123 -6.49314e-05 0.0093816 0.558139 -0.466548 0.0915904
199.135 -5.79885e-05 0.00937699 0.533728 -0.442156 0.0915722
199.146 -5.51844e-05 0.009372 0.508845 -0.417289 0.0915555
199.157 -5.27265e-05 0.00937465 0.483474 -0.391939 0.0915352
199.168 -5.10778e-05 0.00937297 0.457625 -0.366111 0.091514
199.18 -4.14006e-05 0.00937291 0.431298 -0.339806 0.0914922
199.191 -2.90167e-05 0.00937302 0.404468 -0.312991 0.091477
199.202 -1.45425e-05 0.00937171 0.377144 -0.285686 0.0914585
199.213 4.19756e-06 0.0093703 0.349302 -0.257863 0.0914383
199.224 2.84307e-05 0.00937421 0.321399 -0.22998 0.0914191
199.235 4.99455e-05 0.00937687 0.293387 -0.201997 0.0913906
199.246 6.24342e-05 0.00937279 0.264597 -0.173233 0.0913636
199.258 7.52258e-05 0.00937344 0.235351 -0.144 0.091351
199.269 8.73089e-05 0.00937666 0.205635 -0.114293 0.0913428
199.28 0.000107809 0.00938251 0.17544 -0.0841134 0.0913262
199.291 0.000130846 0.00939159 0.144697 -0.0533844 0.0913125
199.302 0.000156163 0.00939805 0.113436 -0.0221403 0.0912958
199.313 0.000182718 0.00940752 0.0816925 0.00958248 0.091275
199.324 0.000206291 0.00941763 0.049379 0.0418774 0.0912563
199.335 0.000228323 0.00942225 0.0165039 0.0747433 0.0912472
199.346 0.000250594 0.0094274 -0.0169119 0.108147 0.0912346
199.357 0.000281706 0.0094335 -0.0508902 0.142103 0.0912132
199.368 0.000311489 0.00944139 -0.0853949 0.176588 0.0911933
199.379 0.000343818 0.00944964 -0.120445 0.211617 0.0911718
199.391 0.00038017 0.00945646 -0.156036 0.247195 0.0911584
199.402 0.000414942 0.00946293 -0.192185 0.283331 0.0911456
199.413 0.000450267 0.00946579 -0.228854 0.319989 0.0911344
199.424 0.00047936 0.0094687 -0.266128 0.357246 0.0911177
199.435 0.000512643 0.00946877 -0.303993 0.395091 0.0910981
199.446 0.000545388 0.00947353 -0.342408 0.433495 0.0910869
199.457 0.00059225 0.00948226 -0.381355 0.472433 0.0910783
199.468 0.000641392 0.00949257 -0.420824 0.511892 0.0910678
199.479 0.000689873 0.00950059 -0.460826 0.551883 0.0910567
199.49 0.000731871 0.00950844 -0.501379 0.592422 0.0910429
199.501 0.000777989 0.00951721 -0.542485 0.633512 0.0910264
199.512 0.000820333 0.00953091 -0.584123 0.675144 0.091021
199.524 0.000852851 0.00954605 -0.626299 0.717308 0.0910089
199.535 0.000880024 0.00955236 -0.668984 0.759977 0.0909927
199.546 0.000911436 0.00956646 -0.712166 0.80314 0.0909742
199.557 0.000952074 0.00957882 -0.755799 0.846751 0.0909528
199.568 0.000993421 0.00959264 -0.79999 0.890932 0.0909418
199.579 0.00103853 0.00959817 -0.844676 0.935616 0.0909403
199.59 0.00108899 0.00961138 -0.889935 0.980873 0.0909382
199.601 0.0011372 0.00962249 -0.935634 1.02657 0.0909318
199.612 0.00118385 0.00963027 -0.98183 1.07276 0.0909288
199.623 0.00123157 0.00963656 -1.02854 1.11946 0.0909217
199.634 0.00126863 0.00963728 -1.07571 1.16663 0.090919
199.645 0.00130074 0.00964242 -1.1233 1.21421 0.0909112
199.656 0.00132972 0.00964716 -1.17132 1.26222 0.0908948
199.668 0.0013721 0.00964403 -1.21975 1.31063 0.090881
199.679 0.00141966 0.00964286 -1.2686 1.35946 0.0908623
199.69 0.0014701 0.00964539 -1.31784 1.40869 0.0908495
199.701 0.0015159 0.00964935 -1.36743 1.45827 0.0908458
199.712 0.00157033 0.00965877 -1.41736 1.5082 0.0908365
199.723 0.0016209 0.00967239 -1.46756 1.55838 0.0908139
199.734 0.00166225 0.00968183 -1.51805 1.60884 0.0907899
199.745 0.00169783 0.00969637 -1.5687 1.65946 0.0907675
199.756 0.00173333 0.00969902 -1.61958 1.71033 0.0907551
199.767 0.00176013 0.00970069 -1.67066 1.7614 0.0907388
199.778 0.00179001 0.00970356 -1.72192 1.81264 0.0907211
199.789 0.00182803 0.00970554 -1.77329 1.86399 0.090699
199.801 0.00186767 0.00970095 -1.82478 1.91546 0.0906786
199.812 0.00190767 0.00969541 -1.87631 1.96698 0.090666
199.823 0.0019494 0.00968891 -1.92788 2.01853 0.090652
199.834 0.00198714 0.00968286 -1.97941 2.07004 0.0906358
199.845 0.00203335 0.00967693 -2.03092 2.12155 0.0906215
199.856 0.00206914 0.00966942 -2.08236 2.17296 0.0906021
199.867 0.00209661 0.00965964 -2.13358 2.22418 0.0905905
199.878 0.00213246 0.00965249 -2.18468 2.27526 0.0905863
199.889 0.00217254 0.00964673 -2.23555 2.32613 0.0905797
199.9 0.00221769 0.00963615 -2.28614 2.3767 0.0905671
199.911 0.00225844 0.0096247 -2.33642 2.42697 0.0905518
199.922 0.00229566 0.00961839 -2.38638 2.47691 0.0905354
199.934 0.00233363 0.00960972 -2.43596 2.52648 0.090524
199.945 0.00236476 0.00959877 -2.48506 2.57559 0.0905296
199.956 0.00238955 0.0095885 -2.53365 2.62418 0.0905337
199.967 0.00242299 0.00957563 -2.58167 2.67221 0.0905377
199.978 0.0024564 0.00956443 -2.62908 2.71962 0.0905381
199.989 0.00248608 0.00954817 -2.67584 2.76637 0.0905337
200 0.00252009 0.00952933 -2.72185 2.81237 0.0905249
200.011 0.00255969 0.00950752 -2.76766 2.85818 0.090523
200.022 0.00258861 0.00948747 -2.81266 2.90319 0.0905298
200.034 0.00261838 0.00946227 -2.85675 2.94727 0.0905231
200.045 0.00264471 0.00944337 -2.89993 2.99044 0.0905138
200.056 0.00266946 0.00942489 -2.94213 3.03263 0.0905016
200.067 0.00269988 0.00940285 -2.98333 3.07382 0.090487
200.079 0.00273075 0.00938261 -3.02346 3.11394 0.0904799
200.09 0.00276765 0.0093615 -3.06246 3.15294 0.0904746
200.101 0.00280728 0.00934066 -3.10028 3.19076 0.0904775
200.112 0.00284988 0.00932352 -3.13687 3.22734 0.0904767
200.124 0.00289074 0.00930271 -3.17221 3.26268 0.0904705
200.135 0.00292238 0.00928145 -3.20625 3.29671 0.0904603
200.146 0.00294158 0.00925492 -3.23882 3.32926 0.0904435
200.157 0.0029681 0.00923226 -3.26995 3.36039 0.0904342
200.169 0.00298946 0.00921076 -3.29956 3.38999 0.0904311
200.18 0.00301306 0.00918543 -3.32764 3.41809 0.0904481
200.191 0.00304725 0.00916266 -3.35412 3.44458 0.0904559
200.202 0.00307913 0.009138 -3.37898 3.46944 0.0904542
200.213 0.00310602 0.00911532 -3.40207 3.49252 0.0904511
200.225 0.00312441 0.00909068 -3.42355 3.51401 0.0904519
200.236 0.00314903 0.00905972 -3.44322 3.53366 0.090447
200.247 0.00317788 0.00903007 -3.4611 3.55155 0.0904491
200.258 0.00321041 0.0090008 -3.47718 3.56764 0.0904573
200.27 0.00324536 0.0089734 -3.49138 3.58185 0.0904666
200.281 0.00327784 0.00894529 -3.50361 3.59409 0.0904858
200.292 0.00330817 0.00891231 -3.51391 3.60442 0.0905019
200.303 0.00333239 0.00888404 -3.5222 3.61272 0.0905179
200.315 0.00336076 0.00885263 -3.52848 3.61901 0.0905278
200.326 0.00339046 0.00881934 -3.53276 3.62329 0.0905312
200.337 0.00342686 0.00878917 -3.535 3.62555 0.0905447
200.348 0.00346308 0.0087592 -3.53513 3.6257 0.090569
200.36 0.00351491 0.00873023 -3.53308 3.62367 0.0905958
200.371 0.00355319 0.00870825 -3.52884 3.61947 0.0906255
200.382 0.00358458 0.00868164 -3.52228 3.61294 0.0906597
200.393 0.00361403 0.00865743 -3.51347 3.60416 0.0906896
200.404 0.00364454 0.0086331 -3.50222 3.59294 0.0907126
200.416 0.00368114 0.00860819 -3.48858 3.57931 0.0907344
200.427 0.0037213 0.00858072 -3.47274 3.56351 0.090764
200.438 0.00376061 0.00855847 -3.45455 3.54535 0.0907966
200.449 0.0037993 0.00852686 -3.43405 3.52488 0.0908288
200.461 0.00383277 0.00850082 -3.41116 3.50202 0.0908608
200.472 0.00386141 0.00847375 -3.38594 3.47683 0.0908905
200.483 0.0038929 0.008447 -3.35841 3.44934 0.090925
200.494 0.00392899 0.00841923 -3.32859 3.41955 0.0909586
200.506 0.00396751 0.00839144 -3.2965 3.3875 0.0910012
200.517 0.00401248 0.00836014 -3.26223 3.35328 0.0910514
200.528 0.00404962 0.00833198 -3.22581 3.31691 0.0911024
200.539 0.00408081 0.00830166 -3.18725 3.27839 0.0911429
200.551 0.0041149 0.00827341 -3.14655 3.23773 0.0911876
200.562 0.00415488 0.0082486 -3.10381 3.19503 0.0912273
200.573 0.00419746 0.00822772 -3.05919 3.15046 0.0912688
200.584 0.00424529 0.00820935 -3.01276 3.10407 0.0913147
200.596 0.00429078 0.00818284 -2.96453 3.05589 0.0913626
200.607 0.00432602 0.00816353 -2.91456 3.00596 0.0914071
200.618 0.00435159 0.00814412 -2.86294 2.95439 0.0914533
200.629 0.00437977 0.00812293 -2.80976 2.90126 0.0915039
200.64 0.00441358 0.00809925 -2.75515 2.84671 0.0915601
200.652 0.00445708 0.00807762 -2.69924 2.79085 0.0916109
200.663 0.00449549 0.0080601 -2.64199 2.73365 0.0916579
200.674 0.00452393 0.00803602 -2.58346 2.67516 0.0917023
200.685 0.00454939 0.00800979 -2.52375 2.6155 0.0917493
200.697 0.00458469 0.00798817 -2.46301 2.55481 0.0917981
200.708 0.00461679 0.00796858 -2.40127 2.49313 0.0918544
200.719 0.00465567 0.00794873 -2.33863 2.43054 0.0919097
200.73 0.00468898 0.00792507 -2.27524 2.36721 0.0919736
200.742 0.00470531 0.00790283 -2.2111 2.30313 0.0920298
200.753 0.00472078 0.00788465 -2.14633 2.23841 0.0920814
200.764 0.0047399 0.00786193 -2.08113 2.17327 0.092135
200.775 0.00476099 0.00784077 -2.01558 2.10777 0.0921901
200.787 0.00478552 0.00781969 -1.9497 2.04194 0.0922396
200.798 0.00480166 0.00780318 -1.88356 1.97584 0.0922832
200.809 0.00481591 0.00778502 -1.81719 1.90952 0.092325
200.82 0.00483973 0.00776784 -1.75075 1.84312 0.09237
200.831 0.00485449 0.00774623 -1.68432 1.77673 0.0924087
200.843 0.00486606 0.00772768 -1.61788 1.71033 0.0924456
200.854 0.00487217 0.00771519 -1.55162 1.6441 0.0924795
200.865 0.00488681 0.00770093 -1.48556 1.57808 0.0925126
200.876 0.00489837 0.00768078 -1.41984 1.51239 0.092548
200.888 0.00491109 0.00766072 -1.35451 1.4471 0.0925849
200.899 0.0049246 0.0076391 -1.28963 1.38226 0.0926253
200.91 0.00493693 0.00761498 -1.22531 1.31797 0.0926641
200.921 0.00495706 0.00759871 -1.16148 1.25418 0.0927075
200.933 0.00497551 0.00757795 -1.09826 1.19101 0.0927428
200.944 0.00499098 0.00755635 -1.0358 1.12858 0.0927795
200.955 0.00500866 0.00753543 -0.974073 1.06689 0.0928128
200.966 0.00502426 0.00751361 -0.913178 1.00603 0.0928512
200.978 0.00503825 0.00749489 -0.853149 0.94604 0.0928906
200.989 0.00505881 0.00748036 -0.793978 0.886912 0.0929332
201 0.00507949 0.00745897 -0.735703 0.828679 0.0929766
201.011 0.0050887 0.00743643 -0.678421 0.771439 0.093018
201.022 0.00509556 0.00740979 -0.622024 0.715076 0.0930516
201.034 0.00510502 0.00738204 -0.566552 0.659638 0.093086
201.045 0.0051157 0.00735635 -0.512071 0.605193 0.0931217
201.056 0.00512591 0.00733653 -0.458635 0.551793 0.093158
201.067 0.00513588 0.00731598 -0.406308 0.499502 0.0931942
201.079 0.00513782 0.00730171 -0.355024 0.448255 0.0932311
201.09 0.00514647 0.00729009 -0.304765 0.398037 0.0932712
201.101 0.00516215 0.00727332 -0.255613 0.348924 0.0933101
201.112 0.0051708 0.00725878 -0.20757 0.300919 0.0933496
201.124 0.00518098 0.00724097 -0.160455 0.253841 0.0933858
201.135 0.0051974 0.00722365 -0.114529 0.207948 0.0934195
201.146 0.0052092 0.00720979 -0.0697055 0.16316 0.0934545
201.157 0.00521486 0.00720095 -0.0259363 0.119424 0.0934874
201.169 0.00521351 0.00718671 0.0167071 0.0768171 0.0935243
201.18 0.00521727 0.00717352 0.0581014 0.0354615 0.0935629
201.191 0.00523626 0.00716151 0.098228 -0.00463187 0.0935961
201.202 0.00524817 0.00714204 0.137088 -0.0434542 0.0936338
201.213 0.00525592 0.00712648 0.174691 -0.0810216 0.0936696
201.225 0.00526579 0.00711659 0.211128 -0.117415 0.0937123
201.236 0.00527905 0.00710816 0.246234 -0.152479 0.0937557
201.247 0.00529084 0.00711191 0.280002 -0.186206 0.0937959
201.258 0.00529207 0.00711457 0.312399 -0.218566 0.0938326
201.27 0.00529438 0.00712657 0.343379 -0.249509 0.09387
201.281 0.0053027 0.00712894 0.372897 -0.278988 0.0939095
201.292 0.00532171 0.00712863 0.401013 -0.307067 0.0939458
201.303 0.00532735 0.00712757 0.427724 -0.333744 0.0939803
201.315 0.00532928 0.00712825 0.452998 -0.358986 0.094012
201.326 0.00533682 0.00712123 0.476841 -0.382795 0.0940464
201.337 0.00534214 0.00711657 0.49927 -0.405189 0.094081
201.348 0.00535091 0.00712062 0.520229 -0.426118 0.0941111
201.36 0.00535097 0.00712513 0.539809 -0.445667 0.0941423
201.371 0.00535165 0.0071325 0.55794 -0.463771 0.0941688
201.382 0.005356 0.00713981 0.574646 -0.480451 0.0941948
201.393 0.0053609 0.00715141 0.589968 -0.495748 0.0942201
201.404 0.00537411 0.0071596 0.603904 -0.509657 0.0942466
201.416 0.00538702 0.00716479 0.616538 -0.522266 0.0942711
201.427 0.00538768 0.00716285 0.627773 -0.533478 0.0942952
201.438 0.00539237 0.00716372 0.637691 -0.543365 0.094326
201.449 0.00540196 0.0071665 0.64628 -0.551924 0.0943558
201.461 0.00541754 0.00717591 0.653571 -0.559194 0.0943774
201.472 0.00544686 0.00718543 0.659578 -0.565177 0.0944003
201.483 0.00546203 0.00720239 0.664275 -0.56985 0.0944245
201.494 0.00546542 0.00720861 0.667708 -0.573258 0.09445
201.506 0.00547574 0.00722512 0.66983 -0.57535 0.0944803
201.517 0.00549177 0.00723389 0.670617 -0.576109 0.0945075
201.528 0.00551521 0.00724958 0.670145 -0.57561 0.094535
201.539 0.00554601 0.00726105 0.668452 -0.57389 0.0945614
201.551 0.00556946 0.00728004 0.665501 -0.570906 0.0945949
201.562 0.00558033 0.0073009 0.661356 -0.566731 0.0946253
201.573 0.0055999 0.0073258 0.655903 -0.561246 0.0946566
201.584 0.00562065 0.00735035 0.649223 -0.554538 0.0946848
201.596 0.00565011 0.00736782 0.641298 -0.54659 0.0947085
201.607 0.00567608 0.0073839 0.632102 -0.537366 0.0947366
201.618 0.00569962 0.00739787 0.62168 -0.526915 0.0947652
201.629 0.00571494 0.00741982 0.610016 -0.515224 0.0947918
201.64 0.00573241 0.00744644 0.597119 -0.502303 0.0948158
201.652 0.00574581 0.00747073 0.582978 -0.48814 0.0948381
201.663 0.00575846 0.00749429 0.567647 -0.472796 0.0948516
201.674 0.00577863 0.00752078 0.551198 -0.456324 0.0948747
201.685 0.00579225 0.00754561 0.533443 -0.438546 0.0948963
201.697 0.00579737 0.00757476 0.51455 -0.419625 0.0949253
201.708 0.00580342 0.00759992 0.494483 -0.399528 0.0949552
201.719 0.00581094 0.00762879 0.47327 -0.378291 0.0949795
201.73 0.00581141 0.00766323 0.450836 -0.355831 0.0950051
201.742 0.00582116 0.00769396 0.427193 -0.33216 0.0950323
201.753 0.00583625 0.00772045 0.402316 -0.307261 0.0950552
201.764 0.00584252 0.00775124 0.376274 -0.281198 0.0950767
201.775 0.00584072 0.00777753 0.349087 -0.253995 0.095092
201.787 0.00583167 0.00780387 0.320727 -0.225623 0.0951037
201.798 0.00581954 0.00783573 0.291286 -0.196167 0.095119
201.809 0.00581008 0.00787377 0.260794 -0.165659 0.0951345
201.82 0.00579292 0.00791205 0.229192 -0.134049 0.0951421
201.831 0.00578312 0.00794576 0.19657 -0.101412 0.0951588
201.843 0.00577531 0.00798398 0.162912 -0.0677337 0.0951779
201.854 0.00576459 0.00802776 0.128269 -0.0330769 0.0951921
201.865 0.00574761 0.00807149 0.0926344 0.00257428 0.0952087
201.876 0.00573259 0.00811233 0.0560742 0.0391511 0.0952253
201.888 0.00571507 0.00815021 0.0185662 0.0766779 0.0952442
201.899 0.00569335 0.00819174 -0.0198568 0.115127 0.0952699
201.91 0.00567484 0.00823644 -0.0591951 0.154479 0.095284
201.92 0.00565632 0.00827352 -0.094903 0.190198 0.0952954
201.93 0.00563997 0.0083112 -0.131296 0.226596 0.0952997
201.94 0.00562403 0.00834956 -0.168307 0.263613 0.0953065
201.95 0.00560911 0.0083837 -0.205947 0.301263 0.0953152
201.96 0.0055964 0.00841991 -0.244162 0.339488 0.0953264
201.968 0.00558788 0.00845156 -0.27518 0.370521 0.0953404
201.976 0.00557597 0.00847992 -0.306622 0.401969 0.0953472
201.984 0.00556301 0.00850726 -0.338446 0.433798 0.0953523
201.992 0.00554845 0.00853479 -0.370643 0.466 0.0953572
202 0.00553396 0.00856231 -0.403238 0.498597 0.0953588
202.01 0.00551635 0.00859903 -0.44461 0.539975 0.0953649
202.019 0.00550168 0.00862766 -0.484076 0.579448 0.0953722
202.029 0.00548576 0.00865702 -0.524046 0.61943 0.095384
202.038 0.00546485 0.00868623 -0.564525 0.65992 0.0953947
202.048 0.00545142 0.00871515 -0.606339 0.701745 0.0954062
202.058 0.0054437 0.00874185 -0.649099 0.744528 0.0954289
202.068 0.00543374 0.0087679 -0.693319 0.788766 0.0954469
202.078 0.00542604 0.00879789 -0.738511 0.833972 0.0954618
202.088 0.00540789 0.0088266 -0.784688 0.880164 0.095476
202.098 0.00538507 0.00885276 -0.831895 0.927385 0.0954894
202.108 0.00536454 0.00887452 -0.88019 0.97569 0.0954994
202.119 0.0053494 0.00889375 -0.929012 1.02452 0.0955051
202.129 0.00533401 0.00891268 -0.978942 1.07446 0.095523
202.14 0.00531902 0.00893348 -1.02943 1.12497 0.0955378
202.15 0.00530153 0.00895636 -1.08112 1.17667 0.095555
202.161 0.00528193 0.00898435 -1.13326 1.22883 0.0955675
202.172 0.00526627 0.00900959 -1.18667 1.28224 0.0955772
202.182 0.00525441 0.0090284 -1.24065 1.33624 0.0955845
202.193 0.00525186 0.00904872 -1.29511 1.3907 0.0955949
202.204 0.00524131 0.00906779 -1.35071 1.44632 0.0956063
202.215 0.00523057 0.009089 -1.40681 1.50243 0.0956187
202.226 0.00521991 0.00910834 -1.46337 1.559 0.0956288
202.237 0.00521635 0.00912631 -1.52038 1.61602 0.0956388
202.248 0.00520881 0.0091514 -1.57784 1.67348 0.095645
202.259 0.00520016 0.00918024 -1.63654 1.73219 0.0956535
202.27 0.00518507 0.00920395 -1.69567 1.79133 0.0956563
202.281 0.00516102 0.00922803 -1.75522 1.85087 0.0956543
202.292 0.0051328 0.00925031 -1.81518 1.91084 0.0956616
202.303 0.00510359 0.0092691 -1.87557 1.97124 0.0956706
202.314 0.00507591 0.00928479 -1.93638 2.03207 0.0956844
202.325 0.00505209 0.00929626 -1.99767 2.09337 0.0957041
202.336 0.00502369 0.00930513 -2.0594 2.15512 0.0957262
202.347 0.00500365 0.00930957 -2.12159 2.21733 0.095743
202.358 0.00498242 0.00931831 -2.18424 2.27999 0.0957516
202.369 0.0049724 0.00932603 -2.24733 2.34308 0.0957566
202.38 0.00495982 0.0093304 -2.31078 2.40654 0.0957613
202.392 0.00495059 0.009339 -2.37455 2.47032 0.0957696
202.403 0.00493906 0.00933997 -2.43873 2.53451 0.0957788
202.414 0.00492459 0.00934778 -2.50329 2.59908 0.0957883
202.425 0.004906 0.00935543 -2.56815 2.66395 0.0958003
202.436 0.00489246 0.00936036 -2.63334 2.72916 0.0958104
202.447 0.00488023 0.00937033 -2.69889 2.79471 0.0958176
202.458 0.00486676 0.0093735 -2.76478 2.86061 0.095829
202.469 0.00485274 0.00936227 -2.831 2.92684 0.0958401
202.48 0.00483834 0.00934785 -2.89751 2.99337 0.0958538
202.491 0.00482831 0.00933802 -2.96443 3.06029 0.0958668
202.502 0.00481464 0.00932372 -3.03169 3.12757 0.0958756
202.513 0.00480609 0.00931637 -3.09929 3.19518 0.0958839
202.524 0.00479139 0.009309 -3.16719 3.26309 0.0958969
202.535 0.00477997 0.00930555 -3.23533 3.33124 0.0959066
202.546 0.00477243 0.00930278 -3.3037 3.39962 0.0959149
202.557 0.0047656 0.00929716 -3.37064 3.46657 0.0959218
202.568 0.00476092 0.00928359 -3.43622 3.53215 0.0959303
202.578 0.00475862 0.00926557 -3.49886 3.59479 0.0959361
202.588 0.00475161 0.00924764 -3.5616 3.65754 0.0959447
202.598 0.00474693 0.00922776 -3.62307 3.71902 0.0959498
202.607 0.00474147 0.00921518 -3.68465 3.78061 0.0959578
202.618 0.00473431 0.00920666 -3.74796 3.84393 0.0959667
202.628 0.00472678 0.00919907 -3.81125 3.90722 0.0959757
202.638 0.00472326 0.00919418 -3.87483 3.97082 0.0959846
202.648 0.00471425 0.00918133 -3.94031 4.03631 0.0959954
202.658 0.00470614 0.0091584 -4.00585 4.10186 0.0960038
202.669 0.00469794 0.00912643 -4.07146 4.16747 0.0960082
202.679 0.00469132 0.00910125 -4.13709 4.2331 0.0960131
202.69 0.00468507 0.00908212 -4.20491 4.30092 0.0960155
202.7 0.00467717 0.00906181 -4.27272 4.36874 0.0960218
202.711 0.00466287 0.00904945 -4.34055 4.43659 0.0960337
202.722 0.00464874 0.009035 -4.4084 4.50444 0.0960434
202.733 0.0046434 0.00900529 -4.47621 4.57226 0.0960542
202.743 0.00463671 0.00897132 -4.54398 4.64004 0.0960655
202.754 0.00462905 0.00893073 -4.61166 4.70773 0.096071
202.765 0.00462088 0.00889852 -4.67924 4.77531 0.0960713
202.775 0.00461369 0.00887139 -4.74666 4.84274 0.0960746
202.786 0.00460971 0.00884551 -4.81393 4.91001 0.0960808
202.797 0.00460618 0.00882298 -4.88097 4.97706 0.0960898
202.807 0.00460604 0.00878588 -4.94763 5.04372 0.096095
202.818 0.00460663 0.00873553 -5.01428 5.11038 0.0960974
202.829 0.00460234 0.00869135 -5.08061 5.17671 0.0961012
202.84 0.00459975 0.00865679 -5.14656 5.24267 0.0961057
202.85 0.00459874 0.00862553 -5.21215 5.30826 0.0961097
202.861 0.00459781 0.00859817 -5.27742 5.37353 0.0961121
202.872 0.00459564 0.00856866 -5.34233 5.43845 0.0961174
202.882 0.00459647 0.00853011 -5.40686 5.50298 0.0961228
202.893 0.0045933 0.0084868 -5.47096 5.56709 0.096125
202.904 0.00459318 0.00844615 -5.5346 5.63072 0.0961268
202.914 0.00458956 0.00841303 -5.59774 5.69387 0.0961278
202.925 0.00459124 0.00838281 -5.66039 5.75652 0.0961303
202.936 0.00459241 0.00835277 -5.7225 5.81864 0.0961367
202.947 0.0045925 0.00831829 -5.78397 5.88011 0.0961422
202.957 0.00459438 0.00827049 -5.84483 5.94098 0.0961482
202.968 0.00459956 0.00822537 -5.90509 6.00124 0.0961582
202.979 0.0045996 0.00819522 -5.96467 6.06083 0.0961657
202.989 0.00459514 0.00816835 -6.02354 6.11972 0.0961789
203 0.00459225 0.00814506 -6.08181 6.178 0.096191
203.011 0.00458583 0.00812319 -6.14228 6.23848 0.0962058
203.022 0.00457924 0.00809013 -6.20194 6.29816 0.0962171
203.034 0.0045778 0.00805368 -6.26074 6.35697 0.0962307
203.045 0.00458049 0.00802316 -6.31745 6.41369 0.0962416
203.056 0.00457787 0.00799664 -6.37337 6.46962 0.096251
203.067 0.00457443 0.00797412 -6.42842 6.52468 0.0962604
203.078 0.00457212 0.00794879 -6.48257 6.57885 0.096278
203.089 0.00456769 0.00791643 -6.5359 6.63219 0.0962917
203.1 0.00456921 0.00788178 -6.58913 6.68543 0.0963038
203.111 0.00457368 0.00785544 -6.64148 6.7378 0.0963187
203.122 0.00458485 0.00784167 -6.69293 6.78926 0.0963292
203.133 0.00459463 0.00782821 -6.74342 6.83975 0.0963356
203.144 0.00459739 0.00780576 -6.79297 6.88931 0.0963404
203.155 0.00458827 0.00777563 -6.84155 6.93789 0.0963368
203.166 0.0045819 0.00774727 -6.88916 6.9855 0.0963471
203.178 0.00457412 0.00772611 -6.93588 7.03224 0.0963641
203.189 0.00457803 0.00771067 -6.98169 7.07807 0.0963865
203.2 0.00457802 0.00769726 -7.02658 7.12298 0.096404
203.211 0.00458683 0.00768034 -7.07064 7.16706 0.0964246
203.222 0.00459177 0.00764146 -7.11375 7.21019 0.0964417
203.233 0.00459032 0.00761507 -7.15601 7.25247 0.0964517
203.244 0.0045854 0.00759041 -7.1974 7.29387 0.0964669
203.255 0.0045801 0.00756972 -7.23792 7.3344 0.0964749
203.266 0.00458417 0.00756166 -7.27757 7.37406 0.0964908
203.278 0.00458939 0.0075451 -7.31691 7.41341 0.0965027
203.289 0.00459131 0.00751798 -7.35536 7.45187 0.0965081
203.3 0.00458744 0.00749329 -7.39293 7.48945 0.0965194
203.312 0.00458278 0.00747443 -7.42961 7.52615 0.0965388
203.323 0.00459 0.00746175 -7.46546 7.56203 0.0965626
203.334 0.00459855 0.0074491 -7.50042 7.597 0.0965754
203.345 0.0046073 0.0074275 -7.53445 7.63104 0.0965895
203.357 0.00459979 0.00739916 -7.56765 7.66425 0.0965943
203.368 0.0045953 0.00737326 -7.59999 7.6966 0.0966105
203.379 0.0045915 0.00735177 -7.63146 7.72808 0.096618
203.391 0.0045929 0.00733496 -7.66207 7.7587 0.0966253
203.402 0.00459534 0.0073237 -7.69196 7.78859 0.0966328
203.413 0.00458444 0.00730539 -7.721 7.81764 0.096641
203.424 0.00457436 0.00728255 -7.74928 7.84592 0.0966408
203.436 0.00457604 0.00725795 -7.77675 7.87339 0.0966408
203.447 0.00458151 0.00723554 -7.80351 7.90017 0.096656
203.458 0.00457988 0.00720861 -7.82943 7.92611 0.0966854
203.47 0.00456515 0.00718944 -7.8547 7.95141 0.0967092
203.481 0.00455481 0.00717245 -7.87933 7.97606 0.0967326
203.492 0.00456076 0.00714486 -7.90327 8.00002 0.0967459
203.503 0.00456772 0.00711726 -7.9264 8.02316 0.0967589
203.515 0.00456896 0.00709043 -7.94868 8.04544 0.0967649
203.526 0.0045706 0.00706392 -7.97022 8.067 0.0967825
203.537 0.00457427 0.00704106 -7.99106 8.08786 0.0968035
203.549 0.00457474 0.00702053 -8.0113 8.10813 0.0968262
203.56 0.00457525 0.00700473 -8.03086 8.1277 0.0968373
203.571 0.00456692 0.00697911 -8.04981 8.14666 0.0968551
203.582 0.00456257 0.0069478 -8.06805 8.16492 0.096872
203.594 0.00456519 0.0069122 -8.08565 8.18254 0.0968905
203.605 0.00456404 0.00687724 -8.10268 8.19959 0.0969046
203.616 0.00455424 0.00684843 -8.11914 8.21605 0.0969169
203.628 0.00454979 0.00681503 -8.13503 8.23195 0.0969258
203.639 0.00453712 0.00678945 -8.15036 8.24731 0.0969503
203.65 0.00453323 0.00677115 -8.16512 8.2621 0.0969765
203.661 0.0045216 0.00674566 -8.17935 8.27635 0.0970027
203.673 0.00450054 0.00672212 -8.19307 8.29009 0.0970219
203.684 0.00449057 0.00670487 -8.2063 8.30335 0.0970479
203.695 0.00448488 0.00668543 -8.21902 8.3161 0.0970783
203.707 0.00448042 0.00665083 -8.23135 8.32845 0.0971056
203.718 0.00446361 0.00662308 -8.24328 8.34041 0.0971282
203.729 0.00445194 0.00659073 -8.25477 8.35193 0.0971535
203.74 0.004443 0.00656253 -8.26587 8.36305 0.0971871
203.752 0.0044403 0.00653201 -8.27654 8.37374 0.0971961
203.763 0.00444192 0.0065057 -8.28673 8.38394 0.0972105
203.774 0.00443034 0.00648077 -8.29657 8.3938 0.0972372
203.786 0.00441075 0.00645102 -8.30609 8.40336 0.0972785
203.797 0.00440828 0.00641537 -8.31536 8.41267 0.0973162
203.808 0.00440803 0.00637083 -8.32434 8.42169 0.0973517
203.819 0.00440772 0.00633023 -8.33308 8.43047 0.0973833
203.831 0.00439998 0.00629296 -8.34161 8.43904 0.0974286
203.842 0.00438343 0.0062628 -8.34993 8.4474 0.0974642
203.853 0.00437654 0.00623261 -8.35806 8.45555 0.0974915
203.865 0.00437277 0.00620609 -8.36603 8.46354 0.0975114
203.876 0.00436858 0.00616975 -8.37389 8.47143 0.0975407
203.887 0.00436104 0.00612624 -8.38155 8.47913 0.0975719
203.898 0.00435779 0.00608426 -8.38911 8.4867 0.0975945
203.91 0.00434513 0.00604652 -8.39654 8.49415 0.0976105
203.921 0.00433267 0.00600668 -8.40392 8.50155 0.0976364
203.932 0.00432244 0.00597102 -8.41129 8.50895 0.0976676
203.944 0.00432279 0.00593766 -8.41867 8.51636 0.0976918
203.955 0.00432861 0.00590425 -8.42608 8.52379 0.0977052
203.966 0.00433238 0.00586725 -8.43355 8.53126 0.0977067
203.977 0.00433634 0.0058239 -8.44099 8.5387 0.097712
203.989 0.00434577 0.00577751 -8.44853 8.54625 0.0977178
204 0.00435195 0.00573584 -8.45614 8.55387 0.0977317
204.011 0.00435534 0.00569635 -8.46391 8.56165 0.0977403
204.022 0.00434985 0.00565807 -8.47182 8.56958 0.0977524
204.034 0.00433969 0.00561762 -8.48001 8.57777 0.0977625
204.045 0.00432907 0.00557698 -8.48843 8.58621 0.0977704
204.056 0.00432345 0.00552907 -8.497 8.59476 0.0977611
204.067 0.00431744 0.00547968 -8.50578 8.60353 0.0977594
204.079 0.00431459 0.00543155 -8.51481 8.6126 0.0977876
204.09 0.00430777 0.00538334 -8.52416 8.62197 0.0978134
204.101 0.00430892 0.00533734 -8.53381 8.63164 0.0978281
204.112 0.00430574 0.0053046 -8.54383 8.64166 0.0978383
204.124 0.00429889 0.00526597 -8.55419 8.65204 0.097845
204.135 0.0042904 0.00522076 -8.56495 8.66281 0.0978569
204.146 0.00427707 0.00516858 -8.57605 8.67393 0.0978814
204.157 0.00426292 0.00511268 -8.58752 8.68542 0.0978987
204.169 0.00425015 0.00504977 -8.59934 8.69724 0.0979024
204.18 0.00424091 0.00499681 -8.6116 8.7095 0.0979001
204.191 0.00423434 0.00494805 -8.62426 8.72216 0.0978999
204.202 0.00422953 0.00491026 -8.63737 8.73528 0.0979106
204.213 0.00422413 0.00487245 -8.65089 8.74882 0.0979327
204.225 0.0042199 0.00482472 -8.66487 8.76281 0.0979421
204.236 0.00422148 0.00477919 -8.67933 8.77727 0.0979416
204.247 0.00421356 0.00473637 -8.69427 8.7922 0.0979386
204.258 0.00420703 0.00469225 -8.70969 8.80763 0.0979393
204.27 0.00420581 0.00465274 -8.7256 8.82355 0.0979504
204.281 0.00421045 0.00461952 -8.74197 8.83994 0.0979676
204.292 0.00420698 0.00458788 -8.75879 8.85677 0.0979798
204.303 0.00420116 0.00455356 -8.77607 8.87405 0.0979849
204.315 0.00419218 0.00451405 -8.79377 8.89175 0.0979792
204.326 0.00418496 0.00447527 -8.81192 8.9099 0.097975
204.337 0.00417863 0.0044261 -8.8305 8.92848 0.0979731
204.348 0.00417299 0.00438234 -8.84948 8.94746 0.0979784
204.36 0.00416817 0.00433975 -8.86885 8.96684 0.0979891
204.371 0.00415344 0.00428856 -8.88864 8.98663 0.0979885
204.382 0.00414414 0.00424122 -8.90875 9.00674 0.0979898
204.393 0.00413968 0.00420483 -8.92922 9.02721 0.0979958
204.404 0.00413878 0.00416445 -8.95009 9.04809 0.0979965
204.416 0.00414235 0.00412638 -8.97125 9.06924 0.0979917
204.427 0.00412789 0.00409286 -8.99281 9.09079 0.0979849
204.438 0.00411025 0.00405405 -9.01466 9.11264 0.0979819
204.449 0.00409332 0.00401913 -9.0368 9.13479 0.0979962
204.461 0.00408564 0.00398371 -9.05915 9.15716 0.0980096
204.472 0.00407703 0.00394688 -9.0818 9.17982 0.098016
204.483 0.00407378 0.00389808 -9.10462 9.20264 0.0980201
204.494 0.00406356 0.00385811 -9.12759 9.22561 0.0980191
204.506 0.00404807 0.00381923 -9.15072 9.24875 0.0980265
204.517 0.00403811 0.00378145 -9.17396 9.27201 0.0980453
204.528 0.00402936 0.00375922 -9.19727 9.29533 0.0980628
204.539 0.00402943 0.00373919 -9.2206 9.31867 0.0980694
204.551 0.00403183 0.00372072 -9.24391 9.34198 0.0980724
204.562 0.00402743 0.00370164 -9.26716 9.36522 0.0980673
204.573 0.00401976 0.0036839 -9.29037 9.38844 0.0980656
204.584 0.00400322 0.00366131 -9.31346 9.41153 0.0980747
204.596 0.00398351 0.0036401 -9.33648 9.43457 0.0980909
204.607 0.00396643 0.00361829 -9.3594 9.4575 0.0981068
204.618 0.00395369 0.00359741 -9.38218 9.48029 0.098112
204.629 0.00394348 0.0035722 -9.40483 9.50294 0.0981138
204.64 0.00393674 0.00354718 -9.4273 9.52542 0.0981222
204.652 0.00393735 0.00352969 -9.44951 9.54764 0.0981292
204.662 0.00393405 0.00351868 -9.46957 9.56771 0.0981366
204.671 0.00392664 0.00350522 -9.48726 9.5854 0.0981411
204.68 0.00391583 0.00348882 -9.50512 9.60326 0.0981441
204.69 0.00390409 0.00347354 -9.52269 9.62083 0.0981417
204.7 0.0038948 0.00346325 -9.54052 9.63867 0.0981462
204.709 0.00388413 0.0034508 -9.55807 9.65623 0.0981576
204.719 0.00387764 0.00343967 -9.57593 9.6741 0.098169
204.729 0.00387262 0.00342562 -9.59349 9.69166 0.0981725
204.739 0.00386923 0.00341076 -9.61073 9.70891 0.0981773
204.749 0.00386487 0.00339304 -9.62772 9.7259 0.098182
204.76 0.00386136 0.00336811 -9.64514 9.74332 0.0981842
204.77 0.00386329 0.00334479 -9.66222 9.76042 0.0981961
204.781 0.00386686 0.0033189 -9.67897 9.77718 0.0982127
204.791 0.00386904 0.00329815 -9.69534 9.79356 0.0982229
204.802 0.00386425 0.00328439 -9.71121 9.80945 0.0982435
204.812 0.00385402 0.00327194 -9.72667 9.82493 0.0982574
204.822 0.00384248 0.00326203 -9.74175 9.84001 0.0982663
204.833 0.00383659 0.00324521 -9.75643 9.85471 0.0982752
204.843 0.0038306 0.00322923 -9.77082 9.86911 0.0982926
204.854 0.00383082 0.00321215 -9.78496 9.88328 0.0983223
204.864 0.00383217 0.00319815 -9.79885 9.8972 0.0983517
204.875 0.00383684 0.00317946 -9.81249 9.91086 0.0983732
204.885 0.00384247 0.00316109 -9.82583 9.92422 0.0983942
204.896 0.00385182 0.00315107 -9.83886 9.93727 0.0984157
204.906 0.00386331 0.00314087 -9.85161 9.95006 0.0984421
204.916 0.00387615 0.00311985 -9.86412 9.9626 0.0984722
204.927 0.00388239 0.0030933 -9.87636 9.97487 0.0985096
204.937 0.00388718 0.00307045 -9.88843 9.98697 0.0985381
204.948 0.00389231 0.00304302 -9.90031 9.99888 0.0985624
204.958 0.00390042 0.00301902 -9.91206 10.0107 0.0985899
204.969 0.0039106 0.00299251 -9.92375 10.0224 0.0986258
204.979 0.00392774 0.00296507 -9.93536 10.034 0.098661
204.99 0.0039483 0.0029459 -9.94689 10.0456 0.0986955
205 0.00396811 0.00293136 -9.95828 10.057 0.0987321
205.011 0.00399055 0.00290825 -9.9703 10.0691 0.0987683
205.022 0.00400821 0.00289584 -9.98216 10.081 0.0988125
205.034 0.00401821 0.00287954 -9.99387 10.0927 0.098846
205.045 0.00402837 0.00286117 -10.0055 10.1044 0.0988705
205.056 0.00403202 0.00284495 -10.017 10.1159 0.0988966
205.067 0.00403623 0.00282456 -10.0285 10.1274 0.0989336
205.079 0.00404395 0.00280127 -10.0399 10.1389 0.0989633
205.09 0.00405067 0.00278802 -10.0513 10.1503 0.0989989
205.101 0.00406091 0.00277638 -10.0625 10.1616 0.0990213
205.112 0.00407402 0.00276394 -10.0738 10.1728 0.0990424
205.124 0.00408413 0.00275868 -10.0849 10.1839 0.0990581
205.135 0.00409817 0.00274665 -10.0959 10.195 0.0990741
205.146 0.00411463 0.00273254 -10.1069 10.206 0.0990955
205.157 0.00412662 0.00272634 -10.1177 10.2168 0.0991201
205.169 0.00414061 0.00272817 -10.1285 10.2276 0.099136
205.18 0.00414814 0.00272881 -10.1391 10.2383 0.0991501
205.191 0.00415488 0.00272901 -10.1497 10.2488 0.0991618
205.202 0.00416252 0.00273185 -10.1601 10.2593 0.0991752
205.213 0.00417141 0.00273642 -10.1704 10.2696 0.0991925
205.225 0.00418434 0.00273846 -10.1806 10.2798 0.0992224
205.236 0.00419628 0.0027441 -10.1906 10.2898 0.0992388
205.247 0.00421121 0.00274417 -10.2004 10.2996 0.0992551
205.258 0.00422518 0.00275113 -10.21 10.3092 0.0992697
205.27 0.00424516 0.00274728 -10.2194 10.3187 0.0992893
205.281 0.00426325 0.00274016 -10.2285 10.3278 0.0993212
205.292 0.00427693 0.00273261 -10.2373 10.3367 0.0993547
205.303 0.00428374 0.00273547 -10.2458 10.3452 0.0993833
205.315 0.00429358 0.00273245 -10.2539 10.3533 0.0994062
205.326 0.00430311 0.00273172 -10.2616 10.361 0.0994276
205.337 0.0043134 0.0027293 -10.2688 10.3683 0.0994619
205.348 0.0043234 0.00272631 -10.2757 10.3752 0.0994997
205.36 0.00433202 0.00273131 -10.2819 10.3815 0.0995382
205.371 0.00434543 0.00273095 -10.2877 10.3873 0.0995749
205.382 0.00436114 0.00273278 -10.2929 10.3925 0.0995996
205.393 0.00437357 0.00272588 -10.2975 10.3971 0.0996325
205.404 0.00438477 0.00272185 -10.3015 10.4011 0.0996841
205.416 0.00439987 0.00271235 -10.3047 10.4045 0.0997267
205.427 0.00440991 0.00269006 -10.3072 10.407 0.0997565
205.438 0.00442315 0.00267451 -10.309 10.4088 0.0997799
205.449 0.00443231 0.00265243 -10.3099 10.4097 0.0998087
205.461 0.00443918 0.00264129 -10.31 10.4098 0.0998625
205.472 0.00444465 0.00263589 -10.3091 10.409 0.0999031
205.483 0.00445443 0.00262568 -10.3074 10.4073 0.0999218
205.494 0.00445901 0.00262276 -10.3045 10.4044 0.0999443
205.506 0.00447209 0.00261664 -10.3006 10.4006 0.0999729
205.517 0.00448711 0.00261125 -10.2956 10.3956 0.100007
205.528 0.00450275 0.00260247 -10.2894 10.3895 0.100048
205.539 0.0045155 0.00258875 -10.2821 10.3821 0.100071
205.551 0.00453649 0.00257593 -10.2735 10.3735 0.100089
205.562 0.00455176 0.00257368 -10.2635 10.3636 0.100119
205.573 0.00456729 0.00257843 -10.2521 10.3523 0.100155
205.584 0.00457711 0.00257628 -10.2394 10.3396 0.100178
205.596 0.00458278 0.00257595 -10.2252 10.3254 0.1002
205.607 0.00459152 0.00257479 -10.2095 10.3097 0.100224
205.618 0.00460136 0.00256335 -10.1923 10.2925 0.100245
205.629 0.00461599 0.00255889 -10.1736 10.2738 0.100278
205.64 0.00463018 0.00255192 -10.1533 10.2536 0.1003
205.652 0.00463926 0.00254138 -10.1316 10.2319 0.100317
205.663 0.00465405 0.00252798 -10.1082 10.2085 0.100336
205.674 0.00467542 0.00253095 -10.0831 10.1835 0.100359
205.685 0.00469112 0.00253693 -10.0565 10.1569 0.100382
205.697 0.00470662 0.00255011 -10.0283 10.1287 0.100405
205.708 0.00471592 0.00256205 -9.99837 10.0988 0.100433
205.719 0.0047278 0.00257979 -9.96687 10.0673 0.100446
205.73 0.004739 0.00258102 -9.93372 10.0342 0.100474
205.742 0.00475212 0.00257251 -9.89892 9.99941 0.100491
205.753 0.00476059 0.00257174 -9.86255 9.96305 0.100503
205.764 0.00477124 0.00257806 -9.82457 9.9251 0.100521
205.775 0.00478097 0.00257685 -9.78496 9.88549 0.10053
205.787 0.00478958 0.00258478 -9.74384 9.84438 0.100543
205.798 0.00479658 0.00258905 -9.7012 9.80175 0.100559
205.809 0.00480554 0.0025883 -9.65697 9.75756 0.100586
205.82 0.0048074 0.0025928 -9.61126 9.71186 0.1006
205.831 0.00481213 0.00259588 -9.56405 9.66465 0.100601
205.843 0.00480992 0.00259716 -9.51528 9.61588 0.100594
205.854 0.00480635 0.00260673 -9.46524 9.56585 0.100606
205.865 0.00479936 0.00260732 -9.41384 9.51448 0.100637
205.876 0.00479475 0.00261073 -9.36116 9.4618 0.100649
205.888 0.00479351 0.00261683 -9.30721 9.40786 0.100654
205.899 0.00479159 0.0026246 -9.25208 9.35274 0.100661
205.91 0.00478903 0.00263271 -9.19582 9.2965 0.100681
205.921 0.00478882 0.00264013 -9.13853 9.23922 0.100689
205.933 0.00478632 0.00264511 -9.08011 9.1808 0.100694
205.944 0.0047888 0.00264625 -9.02076 9.12147 0.100711
205.955 0.00478933 0.00264865 -8.96047 9.06121 0.100739
205.966 0.00478502 0.00265001 -8.89923 9 0.100769
205.978 0.00478713 0.00263992 -8.8372 8.93798 0.100784
205.989 0.00478173 0.00263518 -8.77445 8.87523 0.100786
206 0.00478289 0.00262904 -8.71101 8.8118 0.100792
206.011 0.0047788 0.00263958 -8.64698 8.74779 0.100806
206.022 0.00478054 0.00264408 -8.58237 8.68319 0.100813
206.034 0.00478023 0.00264618 -8.51728 8.61809 0.100815
206.045 0.00477217 0.0026515 -8.45164 8.55245 0.100811
206.056 0.00476862 0.00266049 -8.3856 8.48642 0.100818
206.067 0.00476762 0.00267296 -8.31915 8.41998 0.100834
206.079 0.00476607 0.00266738 -8.25226 8.35311 0.100849
206.09 0.00476209 0.0026558 -8.18526 8.28611 0.100855
206.101 0.00475768 0.00264644 -8.118 8.21886 0.100856
206.112 0.00475569 0.00264197 -8.05051 8.15137 0.10086
206.124 0.00475022 0.00263458 -7.98293 8.0838 0.100871
206.135 0.00475393 0.00261406 -7.91521 8.01609 0.10088
206.146 0.00475196 0.0026011 -7.84754 7.94842 0.10088
206.157 0.0047483 0.00259563 -7.77987 7.88074 0.100874
206.169 0.00474753 0.00259721 -7.71222 7.81308 0.100858
206.18 0.00474731 0.0025924 -7.64462 7.74548 0.100865
206.191 0.00474907 0.00257586 -7.57709 7.67796 0.100874
206.202 0.00475047 0.002572 -7.50965 7.61052 0.100872
206.213 0.00475154 0.00257741 -7.44228 7.54314 0.100865
206.225 0.00474906 0.00258251 -7.37499 7.47584 0.100847
206.236 0.00474624 0.00257351 -7.30791 7.40875 0.100836
206.247 0.00474699 0.00256051 -7.24102 7.34185 0.100829
206.258 0.00475695 0.00255852 -7.17435 7.27516 0.100816
206.27 0.00476315 0.00256256 -7.10785 7.20865 0.100805
206.281 0.0047725 0.00256866 -7.04165 7.14244 0.100791
206.292 0.00478122 0.00256379 -6.97572 7.07649 0.100774
206.303 0.00479177 0.00255552 -6.91001 7.01078 0.100772
206.315 0.00479982 0.00255681 -6.8446 6.94537 0.100779
206.326 0.00481323 0.00256229 -6.77951 6.88029 0.100778
206.337 0.00482699 0.00257643 -6.71472 6.81549 0.100767
206.348 0.0048373 0.00258418 -6.65033 6.75109 0.100759
206.36 0.00484797 0.00257411 -6.58634 6.68709 0.100749
206.371 0.00484884 0.00255934 -6.52269 6.62345 0.100755
206.382 0.00485557 0.00255026 -6.45935 6.56012 0.100766
206.393 0.00486225 0.00254279 -6.39656 6.49732 0.100768
206.404 0.00487443 0.002545 -6.33412 6.43488 0.100762
206.416 0.0048825 0.00254371 -6.27207 6.37282 0.100751
206.427 0.00488416 0.00253257 -6.21043 6.31117 0.100742
206.438 0.00488946 0.0025096 -6.14912 6.24986 0.100744
206.449 0.004897 0.00249079 -6.08837 6.18911 0.100746
206.461 0.00491221 0.00248275 -6.02793 6.12867 0.100744
206.472 0.00492143 0.00247231 -5.96815 6.06888 0.100733
206.483 0.00493563 0.00246442 -5.90886 6.00958 0.100723
206.494 0.00495256 0.00246165 -5.8501 5.95082 0.100714
206.506 0.00496085 0.00245479 -5.79183 5.89254 0.100715
206.517 0.00497118 0.0024384 -5.73407 5.83479 0.100721
206.528 0.00498532 0.00241565 -5.67697 5.77769 0.100721
206.539 0.00499301 0.0023921 -5.62044 5.72115 0.100713
206.551 0.00500801 0.00236491 -5.56448 5.66518 0.100704
206.562 0.0050184 0.00234623 -5.50921 5.6099 0.100692
206.573 0.00502807 0.00232628 -5.45445 5.55514 0.10069
206.584 0.00503699 0.00230302 -5.40027 5.50097 0.100698
206.596 0.00504911 0.00227874 -5.34679 5.44749 0.100704
206.607 0.00505727 0.00225719 -5.29398 5.39469 0.100702
206.618 0.00506521 0.00224855 -5.2418 5.3425 0.100698
206.629 0.00507088 0.00224496 -5.1903 5.29099 0.100692
206.64 0.00507344 0.00223489 -5.13945 5.24015 0.100695
206.652 0.00507308 0.00220979 -5.08929 5.18999 0.100708
206.663 0.00507942 0.00218005 -5.03976 5.14049 0.100724
206.674 0.00508176 0.00214621 -4.99107 5.09181 0.100736
206.685 0.00508194 0.00211179 -4.94313 5.04386 0.100736
206.697 0.00508459 0.00207816 -4.89596 4.99669 0.100734
206.708 0.00508947 0.00204044 -4.84957 4.95031 0.100737
206.719 0.00509201 0.00200582 -4.80388 4.90463 0.10075
206.73 0.00510022 0.00197447 -4.75907 4.85983 0.100763
206.742 0.00510919 0.00193919 -4.71499 4.81577 0.100774
206.753 0.00511752 0.00190784 -4.67163 4.7724 0.100773
206.764 0.00512968 0.00188019 -4.62896 4.72973 0.100768
206.775 0.00513721 0.00184986 -4.58694 4.68771 0.100767
206.787 0.00514022 0.00181576 -4.54565 4.64642 0.100769
206.798 0.00514867 0.00178144 -4.50507 4.60585 0.100777
206.809 0.00515597 0.00174688 -4.46523 4.56601 0.100776
206.82 0.00515923 0.00171516 -4.42612 4.52688 0.100763
206.831 0.00516502 0.00168332 -4.38777 4.48852 0.100748
206.843 0.00516917 0.00165395 -4.35018 4.45093 0.100741
206.854 0.00516646 0.00162843 -4.31336 4.4141 0.100746
206.865 0.00517246 0.00160063 -4.27731 4.37805 0.100743
206.876 0.00517686 0.00156735 -4.242 4.34273 0.10073
206.888 0.00518431 0.00153493 -4.20739 4.3081 0.100716
206.899 0.00519569 0.0015137 -4.17349 4.27419 0.1007
206.91 0.00519863 0.00149472 -4.14028 4.24098 0.100697
206.921 0.00520494 0.0014715 -4.10774 4.20843 0.100693
206.933 0.00521111 0.00145355 -4.07587 4.17655 0.100675
206.944 0.00522009 0.00143248 -4.04467 4.14532 0.100655
206.955 0.00522698 0.00140859 -4.01417 4.11481 0.100639
206.966 0.00523401 0.00139227 -3.98439 4.08503 0.100638
206.978 0.00524077 0.00137477 -3.95531 4.05594 0.100629
206.989 0.00524628 0.00135423 -3.92689 4.02751 0.100617
207 0.00525237 0.00133546 -3.89912 3.99972 0.100594
207.011 0.00525532 0.00131736 -3.87201 3.97259 0.100585
207.022 0.00526141 0.00129486 -3.84553 3.94611 0.100582
207.034 0.00526479 0.00127716 -3.81976 3.92033 0.100572
207.045 0.00527503 0.00125342 -3.79463 3.89518 0.100552
207.056 0.00528005 0.00122577 -3.77011 3.87064 0.100531
207.067 0.00528423 0.00120376 -3.74626 3.84678 0.100526
207.079 0.00528663 0.0011797 -3.72302 3.82354 0.100518
207.09 0.00528476 0.00114676 -3.70038 3.80088 0.100496
207.101 0.00528534 0.00112107 -3.67833 3.77881 0.100474
207.112 0.00528224 0.00109046 -3.65685 3.75732 0.100466
207.124 0.00528031 0.00105637 -3.63596 3.73642 0.10046
207.135 0.00527609 0.0010312 -3.61569 3.71614 0.100448
207.146 0.00527149 0.00100377 -3.59593 3.69636 0.100432
207.157 0.00526322 0.0009771 -3.57678 3.67721 0.100429
207.169 0.0052554 0.000952628 -3.55823 3.65866 0.100427
207.18 0.00524785 0.000929484 -3.54024 3.64066 0.100418
207.191 0.00523961 0.000904734 -3.52282 3.62324 0.100411
207.202 0.00523616 0.000875685 -3.50599 3.6064 0.100416
207.213 0.00523366 0.000844897 -3.4897 3.59012 0.100419
207.225 0.00522989 0.000815874 -3.474 3.57441 0.100414
207.236 0.00523307 0.000793774 -3.45886 3.55925 0.100397
207.247 0.00523597 0.000775716 -3.44421 3.54461 0.100398
207.258 0.00523168 0.000755082 -3.43015 3.53055 0.100406
207.27 0.00522009 0.00073663 -3.41661 3.51702 0.100404
207.281 0.00520994 0.000711155 -3.40361 3.50401 0.100396
207.292 0.00520283 0.00068692 -3.39112 3.49152 0.100395
207.303 0.00518724 0.000663576 -3.37916 3.47956 0.100401
207.315 0.00517893 0.000633837 -3.36775 3.46816 0.100406
207.326 0.00516817 0.000599218 -3.35683 3.45722 0.100396
207.337 0.00515946 0.000572023 -3.3465 3.4469 0.100394
207.348 0.00515396 0.000543591 -3.33668 3.43708 0.100403
207.36 0.00514718 0.000518535 -3.32743 3.42783 0.100406
207.371 0.0051425 0.000495775 -3.31866 3.41907 0.100407
207.382 0.00513804 0.000482042 -3.31044 3.41085 0.100411
207.393 0.00512944 0.000462663 -3.30278 3.40321 0.100433
207.404 0.00511518 0.000439176 -3.29562 3.39606 0.100436
207.416 0.00509586 0.000406713 -3.28891 3.38935 0.100441
207.427 0.00507621 0.000373178 -3.28272 3.38316 0.100442
207.438 0.00505792 0.000341847 -3.27694 3.3774 0.10046
207.449 0.00503717 0.000315895 -3.27163 3.37211 0.100478
207.461 0.00502211 0.000293177 -3.26677 3.36725 0.100487
207.472 0.0050066 0.000263711 -3.26236 3.36284 0.100486
207.483 0.00498876 0.000231903 -3.2583 3.3588 0.1005
207.494 0.00497415 0.000203751 -3.25461 3.35513 0.10052
207.506 0.00495736 0.000179386 -3.25133 3.35186 0.100529
207.517 0.0049383 0.000161828 -3.24833 3.34886 0.100538
207.528 0.00492055 0.000142729 -3.24564 3.3462 0.100553
207.539 0.00489909 0.000122619 -3.24327 3.34386 0.100584
207.551 0.00487846 0.000104398 -3.24114 3.34175 0.100613
207.562 0.00485269 9.42377e-05 -3.23927 3.33991 0.100635
207.573 0.00483682 7.71849e-05 -3.23766 3.3383 0.100645
207.584 0.00482046 5.00522e-05 -3.2362 3.33686 0.100656
207.596 0.00480376 9.28904e-06 -3.23492 3.3356 0.10068
207.607 0.00478208 -3.02393e-05 -3.23379 3.33449 0.100695
207.618 0.00476066 -7.43059e-05 -3.23269 3.3334 0.100707
207.629 0.00474065 -0.000117195 -3.23171 3.33243 0.100718
207.64 0.00471916 -0.00015429 -3.23074 3.33147 0.10073
207.652 0.00470145 -0.000193695 -3.2298 3.33056 0.10076
207.663 0.00468376 -0.000225827 -3.22881 3.3296 0.10079
207.674 0.0046669 -0.00025451 -3.22779 3.3286 0.100811
207.685 0.00465071 -0.000283917 -3.22665 3.32748 0.100833
207.697 0.00463562 -0.000314177 -3.22548 3.32633 0.10085
207.708 0.00461849 -0.000345209 -3.22411 3.32498 0.100874
207.719 0.00459339 -0.000372604 -3.22255 3.32346 0.100906
207.73 0.00456483 -0.000407263 -3.22086 3.32179 0.100931
207.742 0.00453394 -0.00044232 -3.21897 3.31992 0.100949
207.753 0.0045131 -0.000477414 -3.21682 3.31779 0.100969
207.764 0.00449403 -0.000519166 -3.21442 3.31542 0.100997
207.775 0.00447197 -0.000562591 -3.21179 3.31282 0.10103
207.787 0.00444721 -0.000604244 -3.20889 3.30996 0.101069
207.798 0.0044191 -0.000642512 -3.20572 3.30682 0.101103
207.809 0.00438608 -0.000678579 -3.20228 3.3034 0.101125
207.82 0.00435543 -0.000719454 -3.19848 3.29963 0.101143
207.831 0.00433905 -0.000746877 -3.19438 3.29554 0.101159
207.843 0.00432203 -0.000773563 -3.18997 3.29116 0.101187
207.854 0.00430822 -0.00080758 -3.18525 3.28648 0.101227
207.865 0.00428446 -0.000846442 -3.18021 3.28148 0.101262
207.876 0.00426134 -0.000880646 -3.17487 3.27615 0.101287
207.888 0.00424482 -0.000911676 -3.16918 3.27049 0.101312
207.899 0.00422795 -0.000944653 -3.16321 3.26454 0.101335
207.91 0.00421185 -0.000972263 -3.1569 3.25826 0.101362
207.921 0.00419195 -0.00100678 -3.15028 3.25169 0.101402
207.933 0.00416787 -0.00103738 -3.14344 3.24488 0.101444
207.944 0.00414651 -0.00106277 -3.13634 3.23782 0.101479
207.955 0.00412448 -0.00109135 -3.12895 3.23047 0.101515
207.966 0.00410603 -0.0011188 -3.12129 3.22283 0.101543
207.978 0.00408995 -0.00114471 -3.11336 3.21493 0.101568
207.989 0.00407725 -0.00117568 -3.10515 3.20674 0.101593
208 0.00406276 -0.0012104 -3.09668 3.19831 0.101627
208.011 0.00404835 -0.00124068 -3.08798 3.18966 0.101672
208.022 0.00402542 -0.00127443 -3.07906 3.18077 0.101715
208.034 0.00400618 -0.0013156 -3.06986 3.17161 0.101754
208.045 0.00399696 -0.00135542 -3.06044 3.16223 0.101789
208.056 0.00398558 -0.00139551 -3.05078 3.15261 0.101824
208.067 0.00397492 -0.00142268 -3.041 3.14286 0.101853
208.079 0.00395872 -0.00144713 -3.03105 3.13293 0.101881
208.09 0.00394885 -0.00147182 -3.0209 3.12281 0.101904
208.101 0.00394508 -0.00149676 -3.01062 3.11255 0.101936
208.112 0.00394374 -0.00152845 -3.00019 3.10217 0.101974
208.124 0.00393611 -0.00155879 -2.98962 3.09164 0.102017
208.135 0.00392197 -0.00158564 -2.97891 3.08096 0.102054
208.146 0.00389848 -0.00160989 -2.96805 3.07014 0.102089
208.157 0.00388036 -0.00164045 -2.95706 3.05917 0.102119
208.169 0.00386007 -0.00166746 -2.94593 3.04808 0.102145
208.18 0.0038389 -0.00168657 -2.93467 3.03684 0.10217
208.191 0.0038196 -0.00170326 -2.9233 3.02549 0.102192
208.202 0.0037947 -0.00171992 -2.91186 3.01407 0.102206
208.213 0.00378156 -0.00174498 -2.90035 3.00258 0.102227
208.225 0.00377274 -0.00178224 -2.88875 2.99101 0.102257
208.236 0.00376452 -0.00181595 -2.87709 2.97938 0.102297
208.247 0.00375822 -0.00184878 -2.86535 2.96769 0.10234
208.258 0.00374069 -0.0018794 -2.85363 2.95601 0.102378
208.27 0.00371639 -0.00190369 -2.84187 2.94428 0.102415
208.281 0.00369384 -0.00192463 -2.83006 2.93251 0.102448
208.292 0.00367825 -0.00194361 -2.81819 2.92067 0.102474
208.303 0.00366446 -0.0019542 -2.80629 2.90879 0.102505
208.315 0.00365011 -0.00195996 -2.79433 2.89687 0.102536
208.326 0.00363137 -0.00197212 -2.78234 2.88491 0.102562
208.337 0.00362148 -0.00199599 -2.7703 2.87289 0.10259
208.348 0.00361266 -0.00202619 -2.75818 2.8608 0.102625
208.36 0.00359949 -0.00205035 -2.74601 2.84867 0.102659
208.371 0.00359164 -0.00207137 -2.73379 2.83649 0.102694
208.382 0.00357953 -0.00209069 -2.72154 2.82427 0.102735
208.393 0.0035701 -0.00210097 -2.70927 2.81204 0.102779
208.404 0.00356666 -0.00211281 -2.69695 2.79977 0.102821
208.416 0.00356057 -0.00212505 -2.68461 2.78748 0.102868
208.427 0.00355241 -0.00214757 -2.67223 2.77514 0.102909
208.438 0.00354125 -0.0021731 -2.65985 2.76279 0.10294
208.449 0.00353103 -0.00220041 -2.64737 2.75033 0.102959
208.461 0.00352008 -0.00222075 -2.63484 2.73782 0.10298
208.472 0.00351473 -0.00223476 -2.62225 2.72526 0.103005
208.483 0.0035133 -0.00224256 -2.60964 2.71267 0.103032
208.494 0.00351621 -0.00225096 -2.59691 2.69997 0.103062
208.506 0.00351605 -0.00225909 -2.58417 2.68726 0.103096
208.517 0.00351115 -0.00227377 -2.57139 2.67452 0.103131
208.528 0.00351099 -0.00229787 -2.55857 2.66174 0.103167
208.539 0.00350554 -0.00232081 -2.54569 2.64889 0.103205
208.551 0.00350448 -0.00234252 -2.53278 2.63602 0.103236
208.562 0.00350099 -0.0023569 -2.51979 2.62305 0.103264
208.573 0.00349955 -0.00236461 -2.50672 2.61002 0.103297
208.584 0.00350687 -0.00237526 -2.49356 2.5969 0.103339
208.596 0.00351286 -0.00237895 -2.4803 2.58368 0.103378
208.607 0.0035128 -0.00238403 -2.46695 2.57035 0.103405
208.618 0.00350364 -0.00238958 -2.45351 2.55694 0.103434
208.629 0.00348714 -0.00239929 -2.43997 2.54343 0.103463
208.64 0.00347538 -0.00241942 -2.42637 2.52986 0.103488
208.652 0.00346041 -0.0024417 -2.41268 2.5162 0.103516
208.663 0.00345515 -0.00246393 -2.39882 2.50236 0.103546
208.674 0.00344948 -0.00248507 -2.38487 2.48844 0.103575
208.685 0.0034494 -0.00250533 -2.3708 2.4744 0.103608
208.697 0.00345138 -0.00252644 -2.35658 2.46022 0.103639
208.708 0.00345505 -0.0025472 -2.34223 2.44589 0.103664
208.719 0.00345965 -0.00256628 -2.32769 2.43138 0.103692
208.73 0.00346349 -0.00258395 -2.31295 2.41667 0.10372
208.742 0.00346141 -0.00260613 -2.29803 2.40178 0.103749
208.753 0.00345994 -0.00262711 -2.28292 2.3867 0.103784
208.764 0.00345897 -0.00264737 -2.26763 2.37145 0.103819
208.775 0.00345269 -0.00266383 -2.25214 2.35599 0.103851
208.787 0.00344736 -0.00268057 -2.23643 2.34031 0.103884
208.798 0.00344295 -0.00268843 -2.22045 2.32437 0.103918
208.809 0.00344141 -0.0026923 -2.20432 2.30827 0.10395
208.82 0.00344228 -0.00269582 -2.18796 2.29195 0.103984
208.831 0.00344865 -0.00270614 -2.17137 2.27539 0.104019
208.843 0.00345351 -0.00271536 -2.15452 2.25858 0.104055
208.854 0.00345582 -0.0027268 -2.13736 2.24145 0.104089
208.865 0.00346865 -0.0027431 -2.11993 2.22406 0.104127
208.876 0.00348216 -0.0027648 -2.10223 2.20639 0.104163
208.888 0.00349221 -0.00278484 -2.08426 2.18846 0.104192
208.899 0.00350247 -0.00280731 -2.06599 2.17022 0.104225
208.91 0.003505 -0.00282954 -2.04748 2.15174 0.104262
208.921 0.00350679 -0.00285058 -2.02869 2.13298 0.104292
208.933 0.00350982 -0.00287258 -2.00961 2.11394 0.104328
208.944 0.0035136 -0.00289217 -1.9903 2.09466 0.10436
208.955 0.00351745 -0.00290845 -1.97071 2.0751 0.104396
208.966 0.00352054 -0.00292808 -1.95085 2.05528 0.104436
208.978 0.00352226 -0.00295043 -1.93071 2.03518 0.104471
208.989 0.00352501 -0.0029796 -1.91031 2.01482 0.10451
209 0.00352669 -0.00300829 -1.88964 1.99419 0.10455
209.011 0.00352731 -0.00303966 -1.86871 1.9733 0.10459
209.022 0.00352593 -0.00307485 -1.84756 1.95219 0.104625
209.034 0.00351997 -0.00310878 -1.82621 1.93088 0.104665
209.045 0.00351894 -0.00314292 -1.80462 1.90933 0.104703
209.056 0.0035159 -0.00316881 -1.78279 1.88753 0.104739
209.067 0.00351654 -0.00320137 -1.76072 1.8655 0.10478
209.079 0.00352458 -0.00323355 -1.73846 1.84328 0.10482
209.09 0.00353289 -0.00326796 -1.71604 1.8209 0.104862
209.101 0.00353643 -0.00330007 -1.69341 1.79832 0.10491
209.112 0.00354336 -0.00333058 -1.6706 1.77555 0.104951
209.124 0.00354751 -0.00336106 -1.64761 1.7526 0.104992
209.135 0.00355223 -0.00339215 -1.62446 1.72949 0.10503
209.146 0.00355553 -0.00342559 -1.60115 1.70622 0.10507
209.157 0.00355522 -0.00345752 -1.57773 1.68285 0.105112
209.169 0.0035572 -0.0034897 -1.55417 1.65933 0.105159
209.18 0.00356093 -0.00352314 -1.5305 1.63571 0.105208
209.191 0.00354899 -0.00355875 -1.50675 1.612 0.105253
209.202 0.00354842 -0.00358964 -1.48289 1.58819 0.105301
209.213 0.00355429 -0.00361794 -1.45894 1.56428 0.105343
209.225 0.00355942 -0.00365158 -1.43496 1.54035 0.105389
209.236 0.00356876 -0.00367903 -1.41095 1.51638 0.105435
209.247 0.00357785 -0.00371396 -1.38692 1.4924 0.105483
209.258 0.00358439 -0.00374673 -1.36292 1.46846 0.105535
209.27 0.00359402 -0.00377832 -1.33893 1.44452 0.105589
209.281 0.00360235 -0.00381016 -1.315 1.42063 0.105633
209.292 0.00360894 -0.00383849 -1.29111 1.39678 0.105675
209.303 0.00362043 -0.00386849 -1.26722 1.37294 0.10572
209.315 0.0036291 -0.00389528 -1.24345 1.34922 0.10577
209.326 0.00363184 -0.00392679 -1.21979 1.32561 0.105816
209.337 0.0036301 -0.00396028 -1.19629 1.30215 0.105862
209.348 0.00363267 -0.00398873 -1.17281 1.27872 0.105906
209.36 0.00363276 -0.00401659 -1.14947 1.25542 0.105952
209.371 0.00362639 -0.00404659 -1.12624 1.23224 0.106006
209.382 0.00362201 -0.00407499 -1.10314 1.2092 0.10606
209.393 0.00361443 -0.00410314 -1.0802 1.18631 0.106113
209.404 0.00361044 -0.00413676 -1.05743 1.16359 0.106165
209.416 0.00361107 -0.00416365 -1.0348 1.14101 0.106211
209.427 0.00360714 -0.00419307 -1.01234 1.1186 0.106257
209.438 0.00360551 -0.00421909 -0.990074 1.09638 0.106306
209.449 0.00360926 -0.0042443 -0.968006 1.07436 0.106356
209.461 0.00360723 -0.00427248 -0.946115 1.05252 0.106406
209.472 0.00360771 -0.00430331 -0.924432 1.03089 0.106462
209.483 0.00360668 -0.00432878 -0.90295 1.00946 0.106509
209.494 0.0035964 -0.00434861 -0.881698 0.988254 0.106556
209.506 0.00358606 -0.0043708 -0.860612 0.967219 0.106607
209.517 0.00357864 -0.00438856 -0.839764 0.946419 0.106655
209.528 0.003572 -0.00440747 -0.819142 0.925849 0.106707
209.539 0.00356771 -0.00443158 -0.798781 0.905539 0.106758
209.551 0.00356145 -0.00445784 -0.778618 0.88543 0.106812
209.562 0.00355753 -0.00448296 -0.758687 0.865542 0.106855
209.573 0.00354882 -0.00451151 -0.738976 0.845875 0.106899
209.584 0.00353832 -0.00454032 -0.719517 0.826457 0.10694
209.596 0.00352435 -0.0045712 -0.70027 0.807258 0.106987
209.607 0.00351079 -0.00460174 -0.681256 0.788289 0.107032
209.618 0.00350244 -0.0046256 -0.6625 0.769577 0.107077
209.629 0.00349373 -0.00465042 -0.644007 0.751126 0.107119
209.64 0.00347927 -0.00467055 -0.625723 0.732896 0.107173
209.652 0.00346967 -0.00469461 -0.607698 0.714918 0.10722
209.663 0.00345515 -0.00471583 -0.589824 0.697091 0.107267
209.674 0.0034406 -0.00473786 -0.572259 0.679573 0.107314
209.685 0.00342781 -0.00475434 -0.554896 0.662252 0.107356
209.697 0.00341036 -0.00477358 -0.537692 0.645091 0.107399
209.708 0.00339159 -0.00479487 -0.5208 0.62824 0.10744
209.719 0.00337897 -0.00482008 -0.504143 0.611626 0.107483
209.73 0.00336313 -0.00484336 -0.487684 0.59521 0.107526
209.742 0.00334008 -0.00486416 -0.471363 0.578942 0.107578
209.753 0.00331506 -0.00488395 -0.455174 0.562792 0.107618
209.764 0.00328991 -0.00490567 -0.439162 0.546819 0.107657
209.775 0.00326832 -0.00492608 -0.423342 0.53104 0.107697
209.787 0.0032516 -0.00494504 -0.407714 0.515449 0.107735
209.798 0.00323672 -0.00496326 -0.392253 0.500024 0.107771
209.809 0.00321236 -0.00498484 -0.376986 0.484796 0.10781
209.82 0.00318807 -0.00499781 -0.361919 0.469765 0.107846
209.831 0.00316121 -0.00501784 -0.34709 0.454971 0.107881
209.843 0.00313891 -0.00503988 -0.332474 0.440391 0.107917
209.854 0.00311545 -0.00506214 -0.31808 0.426032 0.107952
209.865 0.00309646 -0.00508298 -0.303896 0.411881 0.107986
209.876 0.00307925 -0.00510761 -0.28996 0.397983 0.108024
209.888 0.00305584 -0.00512631 -0.276186 0.384244 0.108059
209.899 0.00302554 -0.00514294 -0.262551 0.370652 0.108101
209.91 0.0029956 -0.00516383 -0.24923 0.35737 0.10814
209.921 0.00296853 -0.00518264 -0.236161 0.344337 0.108176
209.933 0.0029455 -0.00519056 -0.223309 0.331525 0.108216
209.944 0.00292415 -0.00520506 -0.210819 0.319074 0.108255
209.955 0.00290108 -0.00522376 -0.198569 0.306862 0.108293
209.966 0.00288431 -0.00523587 -0.186661 0.294984 0.108323
209.978 0.0028633 -0.00525082 -0.174924 0.283281 0.108357
209.989 0.00283964 -0.00526558 -0.163596 0.271984 0.108387
210 0.00280742 -0.00528382 -0.152605 0.261026 0.108422
210.011 0.00277226 -0.00530104 -0.141951 0.250412 0.108461
210.022 0.00274535 -0.00531477 -0.131636 0.240135 0.108499
210.034 0.00271283 -0.00533209 -0.121628 0.230163 0.108535
210.045 0.00268225 -0.00534971 -0.112067 0.220641 0.108574
210.056 0.0026555 -0.00537602 -0.102753 0.211366 0.108613
210.067 0.00263529 -0.00539379 -0.0937602 0.202413 0.108653
210.079 0.00260667 -0.00541126 -0.0851866 0.193888 0.108702
210.09 0.00258131 -0.00542921 -0.0769996 0.185745 0.108746
210.101 0.00255286 -0.00544472 -0.0691477 0.17794 0.108793
210.112 0.0025164 -0.00546059 -0.0616856 0.170527 0.108841
210.124 0.00247748 -0.00548365 -0.0545552 0.16344 0.108884
210.135 0.00244065 -0.00550733 -0.047894 0.156811 0.108917
210.146 0.00241001 -0.00553099 -0.0415819 0.150531 0.108949
210.157 0.00238237 -0.00555315 -0.0357292 0.144711 0.108982
210.169 0.00235469 -0.00557236 -0.0302742 0.139286 0.109012
210.18 0.00232535 -0.00558824 -0.0252866 0.134336 0.10905
210.191 0.0023006 -0.00560239 -0.0206467 0.129738 0.109091
210.202 0.00226512 -0.00561779 -0.0164816 0.125614 0.109133
210.213 0.0022322 -0.00563612 -0.0127743 0.121953 0.109179
210.225 0.00219061 -0.00565244 -0.00951344 0.118733 0.109219
210.236 0.00214651 -0.00566285 -0.00668034 0.115936 0.109256
210.247 0.00210721 -0.00567924 -0.00433367 0.113623 0.109289
210.258 0.00206721 -0.00569011 -0.00244182 0.111764 0.109322
210.27 0.00203197 -0.00570727 -0.00101872 0.110369 0.10935
210.281 0.00200117 -0.00572382 -3.54664e-05 0.109419 0.109384
210.292 0.00196872 -0.00574278 0.00045682 0.108959 0.109416
210.303 0.00193388 -0.00575852 0.000487495 0.108955 0.109443
210.315 0.00189969 -0.00577025 7.57876e-05 0.109396 0.109472
210.326 0.00186106 -0.00578607 -0.000869452 0.110365 0.109496
210.337 0.00182641 -0.00580183 -0.0023033 0.111821 0.109517
210.348 0.00178949 -0.00582269 -0.00419855 0.113739 0.109541
210.36 0.00175229 -0.00584139 -0.00657606 0.11614 0.109564
210.371 0.00171148 -0.0058588 -0.00941543 0.118997 0.109582
210.382 0.00167014 -0.0058739 -0.0127439 0.122347 0.109603
210.393 0.00163644 -0.00589225 -0.0165724 0.126195 0.109623
210.404 0.00160318 -0.00590564 -0.0208847 0.130528 0.109643
210.416 0.00156707 -0.00592163 -0.0256929 0.135357 0.109664
210.427 0.00153453 -0.00593323 -0.0309953 0.140679 0.109684
210.438 0.00150033 -0.00594677 -0.0367897 0.146495 0.109705
210.449 0.00146967 -0.00596136 -0.0430542 0.152781 0.109727
210.461 0.00143097 -0.00597612 -0.0498842 0.159634 0.10975
210.472 0.00139658 -0.00599314 -0.0571976 0.166966 0.109769
210.483 0.00136607 -0.00600743 -0.065045 0.174838 0.109793
210.494 0.00133395 -0.0060191 -0.0734108 0.183223 0.109812
210.506 0.00130202 -0.00603814 -0.0823242 0.192164 0.10984
210.517 0.00127654 -0.00605366 -0.0917918 0.201654 0.109862
210.528 0.00125168 -0.00606984 -0.101817 0.211703 0.109886
210.539 0.00122243 -0.00609008 -0.112337 0.222244 0.109907
210.551 0.00119528 -0.00610831 -0.123408 0.233343 0.109935
210.562 0.00117133 -0.00611823 -0.135003 0.244959 0.109956
210.573 0.00114961 -0.00612194 -0.147096 0.257071 0.109975
210.584 0.00113219 -0.00612916 -0.15971 0.269702 0.109992
210.596 0.0011151 -0.00613116 -0.172759 0.282772 0.110013
210.607 0.00109587 -0.00613735 -0.186322 0.296358 0.110036
210.618 0.00108254 -0.00614334 -0.200392 0.310449 0.110057
210.629 0.00106922 -0.00614841 -0.214925 0.325004 0.110079
210.64 0.0010529 -0.00616035 -0.229922 0.340024 0.110103
210.652 0.00104039 -0.00617441 -0.245391 0.355516 0.110125
210.663 0.00102486 -0.006187 -0.261242 0.371388 0.110146
210.674 0.00101763 -0.00620193 -0.27751 0.387678 0.110168
210.685 0.00101353 -0.0062199 -0.294182 0.404373 0.11019
210.697 0.00101297 -0.0062401 -0.311281 0.421502 0.110221
210.708 0.00100886 -0.00625471 -0.328822 0.439073 0.110251
210.719 0.000995718 -0.00627202 -0.346743 0.457025 0.110282
210.73 0.000983271 -0.00628774 -0.36508 0.475397 0.110317
210.742 0.000968196 -0.00630393 -0.38382 0.494164 0.110344
210.753 0.000965249 -0.00631583 -0.402876 0.513251 0.110376
210.764 0.000969396 -0.0063315 -0.422347 0.532753 0.110406
210.775 0.000976161 -0.00635086 -0.442148 0.552587 0.110439
210.787 0.000977467 -0.00637344 -0.462247 0.57272 0.110474
210.798 0.000981087 -0.00639233 -0.48269 0.593201 0.110511
210.809 0.000987641 -0.00640874 -0.503446 0.613991 0.110546
210.82 0.000983417 -0.00642817 -0.524503 0.63508 0.110577
210.831 0.00097805 -0.00645349 -0.545866 0.656468 0.110603
210.843 0.000982802 -0.00648002 -0.567523 0.678156 0.110633
210.854 0.000996272 -0.00650486 -0.589391 0.700054 0.110663
210.865 0.00100651 -0.00653195 -0.611518 0.722214 0.110696
210.876 0.00101662 -0.00656136 -0.633786 0.744516 0.110729
210.888 0.00103042 -0.00658577 -0.656331 0.767094 0.110763
210.899 0.00103823 -0.00660558 -0.679123 0.789923 0.110799
210.91 0.0010582 -0.00663082 -0.702131 0.812966 0.110835
210.921 0.00108528 -0.00665132 -0.725398 0.836272 0.110873
210.933 0.0011034 -0.00667363 -0.748861 0.859777 0.110917
210.944 0.00112092 -0.00668138 -0.772531 0.883483 0.110953
210.955 0.00113046 -0.00669201 -0.796359 0.907351 0.110992
210.966 0.00113668 -0.0067081 -0.820367 0.931394 0.111026
210.978 0.00115452 -0.00672553 -0.844518 0.955583 0.111064
210.989 0.00117371 -0.00674437 -0.86879 0.979892 0.111102
211 0.0011892 -0.00676067 -0.893186 1.00433 0.111144
211.011 0.00120255 -0.00677352 -0.917556 1.02875 0.111191
211.022 0.00121378 -0.00678473 -0.942169 1.05341 0.11124
211.034 0.00122634 -0.00680824 -0.966808 1.0781 0.111292
211.045 0.00124205 -0.00683543 -0.991653 1.103 0.111343
211.056 0.00126533 -0.00685955 -1.01658 1.12797 0.111393
211.067 0.00128783 -0.00688332 -1.04153 1.15297 0.111447
211.079 0.00130585 -0.00690666 -1.06658 1.17808 0.111497
211.09 0.00132032 -0.00692787 -1.09165 1.2032 0.111545
211.101 0.00132862 -0.00694694 -1.11676 1.22835 0.111591
211.112 0.00134023 -0.00696255 -1.14183 1.25346 0.111634
211.124 0.00135594 -0.00698008 -1.16693 1.2786 0.111672
211.135 0.00137875 -0.00699939 -1.19199 1.30371 0.111712
211.146 0.00140256 -0.00702105 -1.21707 1.32883 0.111761
211.157 0.00142354 -0.00704293 -1.24216 1.35397 0.111809
211.169 0.0014442 -0.00706659 -1.26723 1.37908 0.111854
211.18 0.00145959 -0.00708654 -1.29229 1.40418 0.111893
211.191 0.00148413 -0.00709585 -1.31742 1.42935 0.111932
211.202 0.00151305 -0.00710512 -1.34233 1.4543 0.111969
211.213 0.00154271 -0.00711551 -1.36716 1.47917 0.112009
211.225 0.00157229 -0.00712176 -1.39185 1.5039 0.112049
211.236 0.00160459 -0.00713339 -1.41644 1.52853 0.112096
211.247 0.00162556 -0.0071469 -1.44093 1.55307 0.112143
211.258 0.00164653 -0.007168 -1.46532 1.5775 0.112186
211.27 0.00166923 -0.00719321 -1.48984 1.60207 0.112232
211.281 0.0017036 -0.00721477 -1.5141 1.62638 0.11228
211.292 0.00174157 -0.00722836 -1.5382 1.65052 0.112325
211.303 0.00177611 -0.00724249 -1.56221 1.67458 0.112367
211.315 0.00181137 -0.00725405 -1.58613 1.69854 0.112412
211.326 0.00185094 -0.0072635 -1.60991 1.72237 0.11246
211.337 0.00189115 -0.00727118 -1.6335 1.74601 0.112507
211.348 0.00193313 -0.00727652 -1.65694 1.76949 0.11255
211.36 0.00196855 -0.0072836 -1.6801 1.79269 0.112592
211.371 0.00199967 -0.00729595 -1.70309 1.81573 0.112637
211.382 0.00202986 -0.00730436 -1.72585 1.83854 0.112691
211.393 0.00206464 -0.00731842 -1.7484 1.86115 0.11275
211.404 0.00209795 -0.00732911 -1.77078 1.88359 0.112802
211.416 0.00212853 -0.00733922 -1.79294 1.90579 0.112849
211.427 0.00216621 -0.00733897 -1.81487 1.92776 0.112892
211.438 0.00220136 -0.00733918 -1.83653 1.94946 0.112934
211.449 0.00224085 -0.00733711 -1.85797 1.97094 0.112962
211.461 0.00228522 -0.00732737 -1.87916 1.99216 0.113003
211.472 0.00232543 -0.00731499 -1.9001 2.01315 0.113045
211.483 0.00237005 -0.00730668 -1.92074 2.03383 0.113089
211.494 0.00241268 -0.007297 -1.94107 2.0542 0.113136
211.506 0.00244791 -0.00729554 -1.96114 2.07432 0.113179
211.517 0.00248347 -0.00729297 -1.98094 2.09416 0.113222
211.528 0.00251971 -0.00729493 -2.0004 2.11366 0.113263
211.539 0.00255231 -0.00729629 -2.01953 2.13283 0.113305
211.551 0.00258483 -0.00729236 -2.0384 2.15175 0.113357
211.562 0.00262139 -0.00728569 -2.05698 2.17039 0.11341
211.573 0.00266234 -0.00728022 -2.0753 2.18876 0.113458
211.584 0.00271336 -0.00727378 -2.09337 2.20687 0.113504
211.596 0.00275679 -0.00726517 -2.11108 2.22462 0.113546
211.607 0.00279862 -0.00725459 -2.12849 2.24207 0.113587
211.618 0.00284185 -0.00723925 -2.14558 2.2592 0.113625
211.629 0.00288326 -0.00722888 -2.16235 2.27602 0.113669
211.64 0.00292037 -0.00721961 -2.17884 2.29255 0.113713
211.652 0.0029583 -0.00721511 -2.19505 2.3088 0.113749
211.663 0.00299771 -0.00721364 -2.21091 2.3247 0.113793
211.674 0.00303239 -0.00720941 -2.22644 2.34027 0.11383
211.685 0.00307422 -0.00720341 -2.24165 2.35552 0.113871
211.697 0.00310971 -0.00719723 -2.25653 2.37044 0.11391
211.708 0.00315596 -0.00718988 -2.2711 2.38506 0.11396
211.719 0.00320112 -0.00718341 -2.28534 2.39935 0.114015
211.73 0.00324223 -0.00717411 -2.29931 2.41338 0.114069
211.742 0.00328231 -0.00716782 -2.31298 2.4271 0.114117
211.753 0.00332496 -0.00715906 -2.3263 2.44046 0.114162
211.764 0.00336094 -0.00714871 -2.33929 2.45349 0.114202
211.775 0.00340491 -0.00713799 -2.35197 2.46621 0.114241
211.787 0.00344757 -0.00712155 -2.36434 2.47863 0.114282
211.798 0.00348502 -0.0071086 -2.3764 2.49072 0.114317
211.809 0.00352733 -0.00709402 -2.38817 2.50252 0.114354
211.82 0.00357128 -0.00707718 -2.39962 2.51401 0.11439
211.831 0.00361211 -0.00706016 -2.41079 2.52522 0.11443
211.843 0.00365333 -0.00703917 -2.42164 2.53611 0.114469
211.854 0.00369975 -0.00702749 -2.43219 2.5467 0.11451
211.865 0.00374687 -0.00702347 -2.44242 2.55698 0.114553
211.876 0.00380013 -0.0070295 -2.45221 2.5668 0.114587
211.888 0.00385529 -0.00703154 -2.46191 2.57653 0.114618
211.899 0.00390613 -0.00702961 -2.47129 2.58594 0.114646
211.91 0.0039554 -0.0070281 -2.48042 2.5951 0.114676
211.921 0.00401014 -0.00702655 -2.4893 2.60401 0.114715
211.933 0.00406395 -0.00702301 -2.4979 2.61266 0.114762
211.944 0.00412037 -0.00702654 -2.50626 2.62107 0.114806
211.955 0.00417603 -0.00702993 -2.51435 2.6292 0.114844
211.966 0.00422633 -0.00703256 -2.52216 2.63703 0.11487
211.978 0.00427338 -0.00703219 -2.52973 2.64463 0.114898
211.989 0.0043188 -0.00703352 -2.53706 2.65199 0.114929
212 0.00436638 -0.00703557 -2.54419 2.65916 0.114964
212.011 0.00442053 -0.00703581 -2.55109 2.6661 0.115002
212.022 0.00447253 -0.00703881 -2.55775 2.67279 0.115031
212.034 0.0045287 -0.00703873 -2.56417 2.67923 0.11506
212.045 0.0045844 -0.00703703 -2.57042 2.6855 0.115085
212.056 0.00463546 -0.00703864 -2.57646 2.69157 0.115108
212.067 0.00468991 -0.00703906 -2.58222 2.69735 0.115132
212.079 0.00473986 -0.00704509 -2.58778 2.70294 0.115165
212.09 0.00479244 -0.00704613 -2.59311 2.70832 0.115209
212.101 0.00484602 -0.00704754 -2.59821 2.71347 0.115251
212.112 0.00489904 -0.00704938 -2.60315 2.71844 0.115293
212.124 0.00495156 -0.00704606 -2.6079 2.72323 0.115326
212.135 0.00500369 -0.00705063 -2.61247 2.72782 0.115355
212.146 0.00505544 -0.00705152 -2.61675 2.73213 0.115377
212.157 0.00511155 -0.00705169 -2.62101 2.7364 0.115395
212.169 0.00516735 -0.00704902 -2.6251 2.74051 0.115419
212.18 0.00521684 -0.00704483 -2.62904 2.74449 0.11545
212.191 0.00526614 -0.00704209 -2.63285 2.74834 0.115486
212.202 0.00531837 -0.00703539 -2.63654 2.75206 0.115524
212.213 0.00536437 -0.00703392 -2.6401 2.75566 0.115556
212.225 0.00541536 -0.00703023 -2.64342 2.759 0.115581
212.236 0.00546601 -0.00702428 -2.64686 2.76247 0.115606
212.247 0.00551699 -0.00702115 -2.6501 2.76573 0.11563
212.258 0.00556873 -0.00701492 -2.65322 2.76887 0.115649
212.27 0.00562211 -0.00700773 -2.65625 2.77191 0.115664
212.281 0.00566752 -0.00700057 -2.65911 2.77479 0.115674
212.292 0.00571424 -0.00699047 -2.66192 2.77761 0.115688
212.303 0.00575727 -0.00698074 -2.6646 2.78031 0.115711
212.315 0.00579968 -0.00696869 -2.66707 2.78281 0.11574
212.326 0.00584868 -0.00695861 -2.66954 2.78532 0.115773
212.337 0.00590072 -0.00694911 -2.67193 2.78773 0.115798
212.348 0.00595041 -0.00694369 -2.67426 2.79008 0.11582
212.36 0.00600209 -0.00693153 -2.67646 2.79229 0.115838
212.371 0.0060525 -0.0069197 -2.67855 2.79441 0.115857
212.382 0.00609948 -0.00691021 -2.68038 2.79626 0.115877
212.393 0.00614328 -0.00690221 -2.68235 2.79824 0.115892
212.404 0.00618751 -0.00689472 -2.68424 2.80015 0.115913
212.416 0.00623205 -0.00688612 -2.68606 2.802 0.115933
212.427 0.00627481 -0.00687755 -2.68779 2.80375 0.11596
212.438 0.00631369 -0.00687099 -2.68941 2.8054 0.115987
212.449 0.00635459 -0.00686236 -2.69096 2.80697 0.116015
212.461 0.00639327 -0.00685401 -2.69235 2.80839 0.116038
212.472 0.00643575 -0.00684531 -2.69365 2.80971 0.116055
212.483 0.0064765 -0.00683376 -2.69468 2.81075 0.116066
212.494 0.00651426 -0.00681859 -2.69569 2.81177 0.116081
212.506 0.006559 -0.00680624 -2.69656 2.81266 0.116093
212.517 0.00660503 -0.00678916 -2.69728 2.81339 0.116105
212.528 0.0066521 -0.00677233 -2.69788 2.814 0.116113
212.539 0.00669718 -0.00675681 -2.6983 2.81444 0.116136
212.551 0.00673547 -0.00674142 -2.69865 2.81481 0.11616
212.562 0.00677554 -0.00672493 -2.6989 2.81508 0.11618
212.573 0.00681514 -0.006713 -2.69898 2.81518 0.116193
212.584 0.00685603 -0.00670225 -2.6989 2.81511 0.116205
212.596 0.00690209 -0.00669224 -2.69864 2.81487 0.116226
212.607 0.00694792 -0.006687 -2.69823 2.81447 0.116239
212.618 0.0069984 -0.00668077 -2.69764 2.81389 0.116246
212.629 0.00704711 -0.00667759 -2.69689 2.81314 0.11625
212.64 0.00709164 -0.00667447 -2.69589 2.81214 0.116248
212.652 0.00713573 -0.00666617 -2.69474 2.81099 0.116247
212.663 0.00719211 -0.00666423 -2.69338 2.80963 0.116253
212.674 0.00724246 -0.00665411 -2.69177 2.80803 0.11626
212.685 0.00729345 -0.00664738 -2.68991 2.80618 0.116271
212.697 0.00734072 -0.00663629 -2.68784 2.80413 0.116282
212.708 0.00739211 -0.00662106 -2.68552 2.80181 0.116295
212.719 0.00743682 -0.00661011 -2.68296 2.79927 0.116308
212.73 0.00748049 -0.00659754 -2.68021 2.79653 0.11631
212.742 0.00752443 -0.0065854 -2.67724 2.79355 0.116312
212.753 0.00756908 -0.00657427 -2.67405 2.79036 0.11631
212.764 0.00761132 -0.00655939 -2.67062 2.78693 0.116304
212.775 0.0076505 -0.00654098 -2.66689 2.7832 0.116306
212.787 0.00769267 -0.00652513 -2.66294 2.77926 0.116323
212.798 0.00773702 -0.00651594 -2.65873 2.77506 0.116327
212.809 0.0077873 -0.00650183 -2.65433 2.77066 0.116327
212.82 0.007839 -0.00648706 -2.64968 2.76601 0.116329
212.831 0.00789427 -0.00647284 -2.64481 2.76114 0.116332
212.843 0.00794079 -0.00646277 -2.6397 2.75604 0.116338
212.854 0.00798693 -0.00645605 -2.63433 2.75067 0.116337
212.865 0.00802776 -0.00644949 -2.62875 2.74508 0.11633
212.876 0.00807282 -0.00643664 -2.62285 2.73918 0.11633
212.888 0.00811101 -0.00641822 -2.61678 2.73311 0.116331
212.899 0.00815644 -0.00639689 -2.61054 2.72688 0.116337
212.91 0.00819744 -0.00637767 -2.60409 2.72043 0.116343
212.921 0.00824237 -0.00635681 -2.59739 2.71373 0.116339
212.933 0.00828504 -0.00633456 -2.59046 2.7068 0.116335
212.944 0.00833033 -0.00631407 -2.5833 2.69963 0.116334
212.955 0.00836772 -0.0062983 -2.5759 2.69223 0.11633
212.966 0.00840749 -0.00628494 -2.56834 2.68467 0.116325
212.978 0.00844892 -0.00627338 -2.56058 2.67691 0.116331
212.989 0.00848583 -0.00626597 -2.55258 2.66891 0.116333
213 0.00852867 -0.00625514 -2.54442 2.66075 0.116328
213.011 0.00856779 -0.00624113 -2.53621 2.65253 0.116321
213.022 0.00861045 -0.00622985 -2.5278 2.64411 0.116311
213.034 0.00865814 -0.00621927 -2.51921 2.63551 0.116301
213.045 0.00870015 -0.00620632 -2.51043 2.62672 0.116293
213.056 0.0087442 -0.00619641 -2.50152 2.61781 0.116285
213.067 0.00878448 -0.00619158 -2.49239 2.60867 0.116275
213.079 0.00881669 -0.00617928 -2.48329 2.59956 0.116266
213.09 0.00884955 -0.00617139 -2.47407 2.59033 0.116263
213.101 0.00888279 -0.00616781 -2.46466 2.58092 0.116261
213.112 0.00891727 -0.00616337 -2.45532 2.57158 0.116259
213.124 0.00895393 -0.00615778 -2.44588 2.56213 0.116251
213.135 0.00899162 -0.00615708 -2.4363 2.55254 0.116242
213.146 0.00903225 -0.00616109 -2.42681 2.54304 0.116233
213.157 0.00907333 -0.00617045 -2.41729 2.53351 0.116223
213.169 0.00911689 -0.00617793 -2.40782 2.52403 0.116212
213.18 0.00916305 -0.00618677 -2.39839 2.5146 0.116206
213.191 0.00920821 -0.00619557 -2.38894 2.50515 0.116203
213.202 0.00925622 -0.00620735 -2.37961 2.4958 0.116189
213.213 0.00929974 -0.00621713 -2.37015 2.48633 0.116181
213.225 0.00934163 -0.00623262 -2.36104 2.47721 0.116177
213.236 0.00938142 -0.00624882 -2.35206 2.46823 0.116172
213.247 0.00942287 -0.00626465 -2.34317 2.45934 0.116168
213.258 0.00946249 -0.00627852 -2.33432 2.45048 0.116166
213.269 0.00949898 -0.00629025 -2.32564 2.44179 0.116158
213.28 0.00953522 -0.00630072 -2.31717 2.43332 0.116158
213.291 0.00956977 -0.00630977 -2.30884 2.425 0.116158
213.302 0.00960243 -0.00632395 -2.3007 2.41685 0.116148
213.313 0.00963198 -0.00633545 -2.2927 2.40885 0.116142
213.324 0.00965921 -0.00634434 -2.28492 2.40106 0.116133
213.335 0.00969175 -0.00634864 -2.2774 2.39352 0.116122
213.346 0.00972713 -0.00635228 -2.27009 2.3862 0.116114
213.357 0.00976779 -0.00636122 -2.263 2.37911 0.116106
213.369 0.00980379 -0.00636786 -2.25601 2.37211 0.116102
213.38 0.0098357 -0.00637755 -2.24923 2.36533 0.116098
213.391 0.00986437 -0.00638495 -2.24274 2.35884 0.116098
213.403 0.0098913 -0.00639608 -2.23655 2.35264 0.116092
213.414 0.00991496 -0.00640453 -2.23049 2.34657 0.116087
213.425 0.00993623 -0.00641367 -2.22489 2.34097 0.116087
213.436 0.00995419 -0.0064244 -2.21959 2.33567 0.116086
213.448 0.0099727 -0.00643075 -2.21461 2.3307 0.116088
213.459 0.00998981 -0.00643441 -2.20993 2.32601 0.116079
213.47 0.010008 -0.00643934 -2.20565 2.32172 0.11607
213.481 0.0100233 -0.00645218 -2.20163 2.31769 0.116066
213.493 0.0100407 -0.00645826 -2.19801 2.31407 0.116061
213.504 0.0100599 -0.00646917 -2.19478 2.31084 0.116058
213.515 0.010073 -0.00648514 -2.19182 2.30788 0.11606
213.527 0.0100842 -0.00649826 -2.1892 2.30526 0.116062
213.538 0.0100949 -0.00651666 -2.18689 2.30296 0.116065
213.549 0.0101022 -0.00653154 -2.18488 2.30095 0.116074
213.56 0.0101089 -0.00654915 -2.18328 2.29935 0.116071
213.572 0.010116 -0.00656567 -2.18204 2.2981 0.11606
213.583 0.0101197 -0.00658777 -2.18106 2.29711 0.11605
213.594 0.0101283 -0.00660896 -2.18047 2.29652 0.116046
213.605 0.0101453 -0.00663439 -2.18028 2.29633 0.116047
213.617 0.0101615 -0.00665673 -2.18043 2.29648 0.116055
213.628 0.0101783 -0.00667987 -2.18097 2.29704 0.11607
213.639 0.0101928 -0.00670511 -2.18195 2.29803 0.116083
213.651 0.0102103 -0.0067274 -2.18332 2.29942 0.1161
213.662 0.0102311 -0.00674722 -2.18513 2.30124 0.116112
213.673 0.0102495 -0.00676997 -2.18739 2.3035 0.116108
213.684 0.0102679 -0.00678841 -2.19002 2.30613 0.11611
213.696 0.0102917 -0.00680796 -2.1932 2.30931 0.116107
213.707 0.0103129 -0.00683079 -2.19677 2.31288 0.116105
213.718 0.0103318 -0.00685489 -2.20094 2.31705 0.116115
213.729 0.0103519 -0.00687888 -2.2057 2.32182 0.116126
213.741 0.0103747 -0.00690247 -2.21103 2.32716 0.116134
213.752 0.0103949 -0.00692825 -2.21688 2.33304 0.116155
213.763 0.010415 -0.0069476 -2.22334 2.33951 0.116172
213.775 0.0104374 -0.00696656 -2.23049 2.34666 0.116174
213.786 0.0104601 -0.0069833 -2.23831 2.35448 0.116168
213.797 0.0104741 -0.00699975 -2.24679 2.36296 0.116167
213.808 0.0104913 -0.0070208 -2.25593 2.37209 0.116164
213.82 0.0105111 -0.00704417 -2.2657 2.38186 0.116162
213.831 0.0105275 -0.00705998 -2.2762 2.39236 0.116164
213.842 0.0105486 -0.00707615 -2.28743 2.4036 0.116168
213.853 0.0105647 -0.00709234 -2.29942 2.41559 0.116175
213.865 0.0105823 -0.00711115 -2.31225 2.42842 0.116172
213.876 0.0106036 -0.0071275 -2.32587 2.44204 0.116165
213.887 0.0106248 -0.00713956 -2.34023 2.45639 0.116163
213.899 0.0106461 -0.00715213 -2.35534 2.47151 0.11617
213.91 0.0106694 -0.0071668 -2.3713 2.48748 0.116181
213.921 0.0106953 -0.00718638 -2.38817 2.50437 0.116195
213.932 0.0107162 -0.00720824 -2.40596 2.52218 0.116218
213.944 0.0107383 -0.0072283 -2.42469 2.54092 0.11623
213.955 0.0107619 -0.00724418 -2.4443 2.56053 0.11623
213.966 0.0107894 -0.00725559 -2.4648 2.58103 0.116228
213.977 0.0108165 -0.00727285 -2.48629 2.60252 0.116231
213.989 0.0108478 -0.00728612 -2.50874 2.62498 0.116245
214 0.0108674 -0.00730015 -2.53218 2.64844 0.116261
214.011 0.0108939 -0.00732148 -2.55657 2.67285 0.116279
214.022 0.0109206 -0.00734397 -2.58192 2.69822 0.116304
214.034 0.0109501 -0.0073663 -2.60825 2.72457 0.11632
214.045 0.0109792 -0.00739211 -2.63558 2.75191 0.116329
214.056 0.0110102 -0.0074105 -2.66386 2.7802 0.11634
214.067 0.0110455 -0.00742582 -2.69307 2.80943 0.116356
214.079 0.0110754 -0.00743948 -2.72324 2.83961 0.116374
214.09 0.0111046 -0.0074547 -2.75427 2.87067 0.116401
214.101 0.0111279 -0.00747315 -2.7862 2.90263 0.116425
214.112 0.0111519 -0.00749046 -2.81894 2.93538 0.116443
214.124 0.0111765 -0.00752037 -2.85254 2.969 0.116461
214.135 0.0112095 -0.00755332 -2.88704 3.00352 0.116478
214.146 0.0112371 -0.00758251 -2.92237 3.03887 0.116501
214.157 0.0112695 -0.00761155 -2.95843 3.07496 0.116532
214.169 0.0113057 -0.00763446 -2.99511 3.11168 0.116565
214.18 0.0113414 -0.00765746 -3.03237 3.14897 0.116604
214.191 0.011373 -0.00768351 -3.07016 3.1868 0.116643
214.202 0.0113997 -0.00770872 -3.10848 3.22516 0.116679
214.213 0.0114192 -0.00772728 -3.14726 3.26396 0.1167
214.225 0.0114419 -0.00774255 -3.1864 3.30311 0.116715
214.236 0.0114662 -0.00776052 -3.22582 3.34255 0.116727
214.247 0.0114927 -0.00777326 -3.26545 3.38219 0.116738
214.258 0.0115287 -0.00778388 -3.30513 3.42188 0.116754
214.27 0.011563 -0.0077967 -3.34485 3.46163 0.116786
214.281 0.0116033 -0.00780896 -3.38455 3.50137 0.11682
214.292 0.0116419 -0.00783082 -3.42421 3.54107 0.116855
214.303 0.0116656 -0.00785994 -3.46366 3.58055 0.116889
214.315 0.0116972 -0.00788867 -3.5028 3.61972 0.116915
214.326 0.0117316 -0.00791209 -3.54143 3.65836 0.116937
214.337 0.0117656 -0.00793639 -3.57949 3.69644 0.116953
214.348 0.0117923 -0.00796136 -3.6169 3.73388 0.116973
214.36 0.011825 -0.00798485 -3.65344 3.77044 0.117002
214.371 0.0118612 -0.00800292 -3.68908 3.80611 0.117029
214.382 0.011905 -0.0080197 -3.72384 3.8409 0.117058
214.393 0.0119398 -0.00803928 -3.75755 3.87465 0.117095
214.404 0.0119762 -0.00805614 -3.79006 3.90719 0.117127
214.416 0.0120154 -0.00807345 -3.82127 3.93842 0.117149
214.427 0.0120583 -0.00808819 -3.8511 3.96827 0.117168
214.438 0.0120978 -0.00811057 -3.87958 3.99677 0.117191
214.449 0.012136 -0.00812649 -3.90659 4.0238 0.11721
214.461 0.0121702 -0.00814106 -3.93193 4.04917 0.117234
214.472 0.0121935 -0.00815728 -3.95558 4.07284 0.11726
214.483 0.0122224 -0.00817658 -3.97752 4.0948 0.11728
214.494 0.0122583 -0.00818948 -3.99764 4.11495 0.117307
214.506 0.0122903 -0.00820481 -4.01597 4.13331 0.117335
214.517 0.0123257 -0.00820901 -4.03251 4.14987 0.117359
214.528 0.0123527 -0.00821308 -4.0472 4.16459 0.117389
214.539 0.0123842 -0.00821702 -4.06007 4.17749 0.117422
214.551 0.0124151 -0.00822644 -4.07122 4.18867 0.117453
214.562 0.0124423 -0.0082347 -4.08052 4.198 0.117481
214.573 0.012463 -0.00824354 -4.088 4.20551 0.117517
214.584 0.0124854 -0.00825195 -4.09369 4.21124 0.117552
214.596 0.0125174 -0.00826123 -4.09749 4.21508 0.117591
214.606 0.0125408 -0.00826566 -4.09949 4.21712 0.117627
214.617 0.0125628 -0.00827707 -4.09992 4.21757 0.117655
214.627 0.012592 -0.0082785 -4.09872 4.21641 0.117688
214.638 0.0126227 -0.00827166 -4.09599 4.21372 0.117724
214.649 0.0126553 -0.00827526 -4.09175 4.20951 0.117765
214.658 0.0126724 -0.00828858 -4.08723 4.20503 0.117801
214.665 0.012684 -0.00830157 -4.0826 4.20043 0.117831
214.673 0.0126913 -0.00831488 -4.07706 4.19492 0.117859
214.681 0.012699 -0.00832789 -4.07054 4.18842 0.117887
214.688 0.0127071 -0.00834421 -4.06357 4.18149 0.117913
214.696 0.0127176 -0.00835438 -4.05612 4.17406 0.117942
214.703 0.0127279 -0.00836635 -4.04803 4.166 0.117973
214.711 0.0127436 -0.00838298 -4.03878 4.15679 0.118008
214.719 0.0127524 -0.00839887 -4.02879 4.14683 0.11804
214.727 0.0127652 -0.00841547 -4.01782 4.1359 0.118073
214.735 0.0127771 -0.00843466 -4.00615 4.12425 0.118104
214.742 0.0127882 -0.00845326 -3.99487 4.11299 0.118125
214.75 0.0128018 -0.00846545 -3.98303 4.10117 0.118145
214.757 0.0128165 -0.00847869 -3.97064 4.0888 0.118166
214.764 0.0128283 -0.00849195 -3.95768 4.07586 0.118181
214.772 0.0128391 -0.00850963 -3.94369 4.06189 0.118203
214.78 0.0128479 -0.00852556 -3.92912 4.04735 0.118227
214.788 0.0128548 -0.00854105 -3.91339 4.03164 0.118252
214.796 0.0128573 -0.00855803 -3.89638 4.01467 0.118281
214.804 0.0128605 -0.00857413 -3.87873 3.99705 0.118316
214.812 0.012872 -0.00859173 -3.85967 3.97802 0.11835
214.821 0.0128839 -0.00860891 -3.83985 3.95824 0.118385
214.829 0.0128933 -0.00862702 -3.81928 3.9377 0.11842
214.838 0.0129041 -0.00864357 -3.79804 3.9165 0.118458
214.846 0.0129175 -0.0086616 -3.77835 3.89685 0.118493
214.854 0.0129316 -0.00868227 -3.75706 3.87559 0.11853
214.862 0.0129417 -0.00870895 -3.73524 3.85381 0.118569
214.871 0.0129592 -0.00873163 -3.71152 3.83014 0.118616
214.879 0.0129768 -0.00875424 -3.68732 3.80597 0.118657
214.888 0.012992 -0.00877941 -3.6625 3.78118 0.118687
214.897 0.0130109 -0.00880514 -3.63484 3.75356 0.118716
214.907 0.0130321 -0.00883071 -3.60649 3.72524 0.118749
214.916 0.0130507 -0.00885193 -3.57757 3.69636 0.118786
214.925 0.0130644 -0.00887357 -3.5481 3.66692 0.118822
214.935 0.0130797 -0.00889214 -3.51808 3.63694 0.118859
214.944 0.0130891 -0.00890928 -3.48748 3.60638 0.118897
214.953 0.0131001 -0.00892352 -3.45635 3.57529 0.118937
214.963 0.013112 -0.00893828 -3.42483 3.54381 0.118982
214.972 0.0131257 -0.00895264 -3.3929 3.51193 0.119032
214.981 0.01314 -0.00896918 -3.36061 3.47969 0.119085
214.991 0.0131551 -0.00898428 -3.3279 3.44705 0.119142
215 0.0131752 -0.00899744 -3.29484 3.41404 0.119196
215.011 0.0131996 -0.00900818 -3.25673 3.37598 0.119248
215.021 0.0132251 -0.00902499 -3.2177 3.33699 0.119288
215.032 0.0132511 -0.00904644 -3.17818 3.29751 0.119326
215.043 0.0132682 -0.00906355 -3.13832 3.25769 0.119373
215.054 0.0132836 -0.00908201 -3.09778 3.2172 0.119423
215.065 0.0132984 -0.00910723 -3.05695 3.17643 0.119479
215.076 0.0133149 -0.00913541 -3.01583 3.13536 0.119534
215.087 0.0133318 -0.00916565 -2.97403 3.09362 0.119591
215.098 0.0133516 -0.00919837 -2.9321 3.05175 0.11965
215.109 0.0133716 -0.00922778 -2.89001 3.00972 0.119709
215.12 0.0133948 -0.0092543 -2.84785 2.96761 0.119762
215.131 0.0134138 -0.00927605 -2.80566 2.92548 0.119815
215.142 0.013431 -0.00929759 -2.76353 2.8834 0.119869
215.153 0.0134486 -0.00932311 -2.72091 2.84083 0.119917
215.164 0.0134685 -0.00934866 -2.67837 2.79835 0.119976
215.175 0.0134847 -0.00937006 -2.63606 2.7561 0.120033
215.186 0.0134982 -0.00938943 -2.59388 2.71398 0.120095
215.197 0.0135172 -0.0094149 -2.55202 2.67218 0.120156
215.208 0.0135326 -0.00943992 -2.51047 2.63068 0.12021
215.22 0.0135455 -0.00946106 -2.46928 2.58953 0.120251
215.231 0.0135585 -0.00949315 -2.42836 2.54866 0.120296
215.242 0.013574 -0.0095194 -2.38786 2.5082 0.120339
215.253 0.013586 -0.00955072 -2.34776 2.46814 0.120377
215.264 0.0135973 -0.00958136 -2.30822 2.42863 0.120411
215.275 0.0136066 -0.00960881 -2.26911 2.38956 0.120453
215.286 0.0136161 -0.00964034 -2.23055 2.35105 0.120493
215.298 0.0136229 -0.00967684 -2.19261 2.31314 0.120534
215.309 0.0136309 -0.00971076 -2.15535 2.27592 0.120573
215.32 0.0136367 -0.00974486 -2.11885 2.23947 0.120621
215.331 0.0136461 -0.00977945 -2.08306 2.20372 0.120663
215.342 0.0136558 -0.00981297 -2.04796 2.16867 0.120713
215.353 0.0136653 -0.00984622 -2.01367 2.13443 0.120763
215.365 0.0136803 -0.00987366 -1.98022 2.10103 0.120809
215.376 0.0136929 -0.00990181 -1.94758 2.06844 0.120855
215.387 0.0137054 -0.00993098 -1.91576 2.03666 0.120898
215.398 0.0137192 -0.00996248 -1.88464 2.00558 0.120944
215.409 0.0137401 -0.00999837 -1.85445 1.97544 0.120986
215.42 0.013758 -0.0100325 -1.82497 1.946 0.12103
215.431 0.0137718 -0.0100606 -1.79639 1.91747 0.121075
215.443 0.0137908 -0.010095 -1.76859 1.88971 0.121123
215.454 0.0138082 -0.0101231 -1.74155 1.86272 0.12117
215.465 0.0138248 -0.0101507 -1.71535 1.83656 0.121213
215.476 0.0138387 -0.0101839 -1.68988 1.81114 0.121255
215.487 0.0138596 -0.0102135 -1.66515 1.78644 0.121298
215.498 0.0138741 -0.0102459 -1.64105 1.76239 0.121342
215.509 0.0138942 -0.0102828 -1.61758 1.73896 0.121383
215.521 0.0139131 -0.0103142 -1.59477 1.7162 0.121429
215.532 0.0139318 -0.0103454 -1.57255 1.69402 0.121469
215.543 0.0139564 -0.0103758 -1.55099 1.6725 0.121507
215.554 0.0139793 -0.0104052 -1.53006 1.65161 0.12155
215.565 0.0140035 -0.0104348 -1.5097 1.63129 0.121586
215.576 0.014029 -0.0104678 -1.48992 1.61154 0.121622
215.588 0.0140484 -0.0104981 -1.47071 1.59237 0.12166
215.599 0.0140716 -0.010532 -1.45205 1.57375 0.121694
215.61 0.0140936 -0.0105621 -1.43393 1.55566 0.121729
215.621 0.0141159 -0.0105952 -1.41633 1.5381 0.121766
215.632 0.0141397 -0.010635 -1.39925 1.52105 0.121804
215.643 0.0141673 -0.0106711 -1.38267 1.50451 0.12184
215.654 0.0141965 -0.0107066 -1.36658 1.48846 0.121883
215.666 0.0142281 -0.010745 -1.35101 1.47294 0.121925
215.677 0.0142565 -0.0107826 -1.33595 1.45792 0.121968
215.688 0.014282 -0.0108229 -1.32142 1.44342 0.122006
215.699 0.0143091 -0.0108657 -1.30739 1.42943 0.122043
215.71 0.0143339 -0.0109013 -1.29387 1.41595 0.122076
215.721 0.0143707 -0.0109346 -1.28086 1.40297 0.122112
215.732 0.0143997 -0.0109671 -1.26836 1.39051 0.122147
215.744 0.0144219 -0.0110026 -1.25639 1.37857 0.122178
215.755 0.0144476 -0.0110414 -1.24495 1.36717 0.122218
215.766 0.0144695 -0.0110819 -1.23405 1.35631 0.122259
215.777 0.0144932 -0.0111128 -1.22372 1.34601 0.122296
215.788 0.0145173 -0.0111456 -1.21394 1.33628 0.122338
215.799 0.0145408 -0.0111863 -1.20471 1.32708 0.122371
215.81 0.0145635 -0.0112167 -1.19606 1.31846 0.122404
215.822 0.014582 -0.0112589 -1.18802 1.31046 0.12244
215.833 0.0146021 -0.0113019 -1.18064 1.30312 0.122479
215.844 0.0146208 -0.0113451 -1.17388 1.29641 0.122521
215.855 0.0146474 -0.0113922 -1.16775 1.29032 0.122566
215.866 0.0146725 -0.011439 -1.16228 1.28489 0.122608
215.877 0.0146989 -0.0114846 -1.15743 1.28008 0.122648
215.889 0.0147221 -0.0115297 -1.15319 1.27587 0.122687
215.9 0.0147424 -0.0115729 -1.14958 1.2723 0.122724
215.911 0.0147581 -0.0116153 -1.14659 1.26935 0.122764
215.922 0.0147812 -0.0116617 -1.14424 1.26705 0.122808
215.933 0.0148037 -0.011703 -1.14257 1.26542 0.122851
215.944 0.014826 -0.0117418 -1.14153 1.26442 0.122888
215.955 0.0148472 -0.0117774 -1.14116 1.26409 0.12293
215.967 0.0148688 -0.0118126 -1.14144 1.26441 0.122972
215.978 0.0148935 -0.0118464 -1.14237 1.26538 0.123011
215.989 0.0149214 -0.0118808 -1.14392 1.26697 0.12305
216 0.0149472 -0.0119116 -1.14608 1.26917 0.123092
216.011 0.0149712 -0.0119501 -1.14888 1.27201 0.123138
216.022 0.0149912 -0.0119881 -1.15226 1.27544 0.123185
216.034 0.0150144 -0.0120232 -1.15621 1.27944 0.12323
216.045 0.0150362 -0.0120559 -1.16073 1.284 0.123271
216.056 0.0150535 -0.0120909 -1.16571 1.28903 0.12332
216.067 0.0150695 -0.0121297 -1.17119 1.29455 0.123366
216.079 0.0150893 -0.0121626 -1.17711 1.30052 0.123413
216.09 0.0151043 -0.0121932 -1.18343 1.30689 0.123455
216.101 0.0151165 -0.012224 -1.19016 1.31365 0.123495
216.112 0.0151289 -0.0122535 -1.19719 1.32072 0.123532
216.124 0.0151352 -0.0122773 -1.20452 1.32809 0.123572
216.135 0.0151396 -0.0123049 -1.21214 1.33575 0.123605
216.146 0.0151428 -0.0123348 -1.21997 1.34361 0.123636
216.157 0.0151452 -0.0123636 -1.22799 1.35166 0.123671
216.169 0.0151473 -0.0123936 -1.2362 1.3599 0.123704
216.18 0.0151499 -0.0124245 -1.24454 1.36828 0.123739
216.191 0.0151566 -0.0124617 -1.25302 1.3768 0.123778
216.202 0.015161 -0.0124957 -1.26164 1.38545 0.123813
216.213 0.0151603 -0.0125277 -1.27031 1.39416 0.123853
216.225 0.0151566 -0.0125603 -1.27904 1.40293 0.123889
216.236 0.0151534 -0.012596 -1.28781 1.41174 0.123924
216.247 0.0151488 -0.012633 -1.29658 1.42054 0.123959
216.258 0.0151392 -0.012671 -1.30536 1.42935 0.123995
216.27 0.0151288 -0.0127109 -1.31413 1.43816 0.124035
216.281 0.0151152 -0.0127497 -1.32287 1.44695 0.124082
216.292 0.0150957 -0.012786 -1.33155 1.45568 0.124127
216.303 0.0150756 -0.012824 -1.34018 1.46435 0.124168
216.315 0.0150537 -0.0128606 -1.34869 1.4729 0.12421
216.326 0.0150309 -0.0128953 -1.35707 1.48132 0.124248
216.337 0.0150091 -0.0129282 -1.36534 1.48963 0.124288
216.348 0.0149804 -0.012959 -1.37346 1.49778 0.124315
216.36 0.0149518 -0.0129903 -1.38145 1.50579 0.124339
216.371 0.0149282 -0.0130209 -1.38929 1.51366 0.124367
216.382 0.0149052 -0.013052 -1.39697 1.52138 0.124407
216.393 0.0148833 -0.0130865 -1.40445 1.52891 0.124452
216.404 0.0148573 -0.0131244 -1.41177 1.53627 0.124502
216.416 0.0148319 -0.0131609 -1.41895 1.5435 0.124549
216.427 0.0148061 -0.0131977 -1.42592 1.5505 0.124585
216.438 0.0147775 -0.0132286 -1.43272 1.55733 0.124609
216.449 0.0147449 -0.0132576 -1.43931 1.56394 0.124627
216.461 0.0147119 -0.013288 -1.44573 1.57038 0.124646
216.472 0.0146798 -0.0133146 -1.45195 1.57663 0.124683
216.483 0.0146447 -0.0133395 -1.45794 1.58266 0.124724
216.494 0.01461 -0.0133635 -1.46369 1.58846 0.124766
216.506 0.0145673 -0.0133902 -1.46925 1.59406 0.124806
216.517 0.0145229 -0.0134142 -1.47465 1.59948 0.124827
216.528 0.0144831 -0.013437 -1.47979 1.60463 0.124836
216.539 0.0144424 -0.0134586 -1.48472 1.60958 0.124854
216.551 0.0144059 -0.0134797 -1.48937 1.61425 0.124879
216.562 0.0143671 -0.0135016 -1.4938 1.61871 0.124915
216.573 0.0143223 -0.0135217 -1.49799 1.62295 0.124954
216.584 0.0142678 -0.0135409 -1.50195 1.62694 0.124994
216.596 0.0142051 -0.0135694 -1.5057 1.63072 0.125018
216.607 0.0141511 -0.0135893 -1.50927 1.6343 0.125029
216.618 0.0140991 -0.0136144 -1.5126 1.63765 0.125047
216.629 0.0140576 -0.013632 -1.51577 1.64084 0.125068
216.64 0.01402 -0.0136455 -1.5188 1.64391 0.12511
216.652 0.013973 -0.0136557 -1.52165 1.64681 0.125155
216.663 0.0139279 -0.0136666 -1.52438 1.64958 0.125201
216.674 0.0138773 -0.0136847 -1.52702 1.65226 0.125235
216.685 0.0138286 -0.0136931 -1.5295 1.65475 0.125249
216.697 0.0137827 -0.0137024 -1.53187 1.65713 0.125262
216.708 0.013743 -0.0137096 -1.53414 1.65942 0.125284
216.719 0.013698 -0.0137169 -1.53629 1.66161 0.125319
216.73 0.0136549 -0.0137207 -1.53844 1.66379 0.125353
216.742 0.0136097 -0.013731 -1.54063 1.66602 0.12539
216.753 0.0135635 -0.0137465 -1.54276 1.66818 0.125421
216.764 0.0135141 -0.0137583 -1.54501 1.67044 0.125433
216.775 0.013463 -0.0137726 -1.54734 1.67278 0.125443
216.787 0.0134142 -0.0137785 -1.54972 1.67517 0.125458
216.798 0.013365 -0.0137845 -1.5522 1.67768 0.125484
216.809 0.0133175 -0.0137946 -1.5548 1.6803 0.125508
216.82 0.0132717 -0.0138024 -1.5576 1.68314 0.125535
216.831 0.0132229 -0.0138122 -1.56059 1.68616 0.125569
216.843 0.0131698 -0.0138299 -1.56368 1.68927 0.125597
216.854 0.013112 -0.0138461 -1.56696 1.69257 0.125605
216.865 0.013056 -0.013862 -1.57041 1.69602 0.125613
216.876 0.012999 -0.0138828 -1.57403 1.69966 0.125626
216.888 0.0129413 -0.0139014 -1.57786 1.7035 0.125641
216.899 0.0128777 -0.0139201 -1.58197 1.70763 0.125666
216.91 0.012814 -0.0139339 -1.58634 1.71204 0.125694
216.921 0.0127477 -0.013949 -1.59094 1.71667 0.125727
216.933 0.0126798 -0.0139641 -1.59585 1.72162 0.125767
216.944 0.0126175 -0.0139773 -1.6009 1.72671 0.125801
216.955 0.0125505 -0.01399 -1.60639 1.73221 0.125819
216.966 0.012491 -0.0140013 -1.61218 1.73802 0.125833
216.978 0.0124279 -0.0140138 -1.61824 1.74409 0.125847
216.989 0.0123631 -0.014022 -1.62461 1.75047 0.125864
217 0.0122986 -0.0140328 -1.63129 1.75718 0.125885
217.011 0.0122381 -0.0140419 -1.63836 1.76427 0.125911
217.022 0.0121753 -0.0140522 -1.6457 1.77165 0.125942
217.034 0.0121171 -0.0140637 -1.65322 1.77919 0.125974
217.045 0.0120561 -0.0140736 -1.66126 1.78727 0.126007
217.056 0.0119918 -0.0140892 -1.66965 1.79569 0.126047
217.067 0.0119251 -0.0141003 -1.67839 1.80447 0.126082
217.079 0.0118584 -0.01411 -1.68748 1.81358 0.126099
217.09 0.0117917 -0.0141226 -1.69686 1.82296 0.126108
217.101 0.0117276 -0.0141326 -1.70655 1.83267 0.126117
217.112 0.0116601 -0.0141459 -1.71637 1.84249 0.126127
217.124 0.0116003 -0.014153 -1.72658 1.85272 0.126143
217.135 0.0115396 -0.0141619 -1.73706 1.86321 0.126158
217.146 0.0114783 -0.0141651 -1.74778 1.87396 0.126179
217.157 0.011415 -0.0141696 -1.75875 1.88495 0.126196
217.169 0.0113504 -0.0141744 -1.76995 1.89616 0.126216
217.18 0.0112842 -0.0141765 -1.78133 1.90757 0.126238
217.191 0.0112141 -0.0141791 -1.79292 1.91918 0.12626
217.202 0.0111496 -0.0141804 -1.80468 1.93096 0.126282
217.213 0.011086 -0.0141847 -1.81659 1.9429 0.126303
217.225 0.0110218 -0.0141861 -1.82862 1.95494 0.126327
217.236 0.0109609 -0.0141848 -1.84074 1.96709 0.126351
217.247 0.0108998 -0.0141836 -1.85293 1.9793 0.12637
217.258 0.010834 -0.014185 -1.86516 1.99155 0.12639
217.27 0.0107729 -0.0141848 -1.8774 2.00381 0.126407
217.281 0.0107095 -0.014187 -1.88964 2.01607 0.12643
217.292 0.0106432 -0.0141862 -1.90184 2.02829 0.126451
217.303 0.0105824 -0.0141871 -1.91397 2.04045 0.126477
217.315 0.0105209 -0.0141847 -1.92606 2.05257 0.12651
217.326 0.0104559 -0.0141913 -1.93807 2.06461 0.126534
217.337 0.0103947 -0.0141953 -1.94997 2.07651 0.126543
217.348 0.0103338 -0.0141921 -1.96168 2.08822 0.126543
217.36 0.0102706 -0.0141883 -1.97315 2.0997 0.12655
217.371 0.01021 -0.0141837 -1.9844 2.11096 0.12656
217.382 0.010148 -0.0141708 -1.99541 2.12198 0.126573
217.393 0.0100943 -0.0141567 -2.00611 2.1327 0.126587
217.404 0.0100371 -0.0141431 -2.01652 2.14312 0.126609
217.416 0.00998607 -0.0141314 -2.02661 2.15324 0.126633
217.427 0.00993857 -0.0141214 -2.03634 2.163 0.12666
217.438 0.00989092 -0.0141159 -2.04569 2.17237 0.126681
217.449 0.00984107 -0.014111 -2.05466 2.18134 0.126684
217.461 0.00978966 -0.0141058 -2.0632 2.18989 0.126684
217.472 0.00973618 -0.0141006 -2.07128 2.19796 0.126683
217.483 0.00967889 -0.0140958 -2.07893 2.20561 0.126683
217.494 0.0096195 -0.014092 -2.08607 2.21275 0.12668
217.506 0.00955826 -0.014084 -2.09274 2.21942 0.126676
217.517 0.00949247 -0.0140733 -2.09892 2.22559 0.126666
217.528 0.00942578 -0.0140597 -2.10463 2.23128 0.126656
217.539 0.00936283 -0.0140497 -2.10984 2.23649 0.126648
217.551 0.00930698 -0.0140337 -2.11457 2.24122 0.126649
217.562 0.00924467 -0.0140182 -2.11877 2.24542 0.126656
217.573 0.00918359 -0.0140027 -2.12241 2.24908 0.126662
217.584 0.00912565 -0.0139867 -2.12553 2.25219 0.126656
217.596 0.0090702 -0.0139698 -2.12809 2.25474 0.126651
217.607 0.00901332 -0.0139506 -2.13013 2.25678 0.126647
217.618 0.00896031 -0.0139326 -2.13168 2.25832 0.126637
217.629 0.00890393 -0.0139187 -2.1327 2.25934 0.126633
217.64 0.00884714 -0.0139084 -2.13312 2.25975 0.12663
217.652 0.00879188 -0.0138899 -2.13311 2.25974 0.126631
217.663 0.00874368 -0.0138713 -2.13261 2.25923 0.126629
217.674 0.00869236 -0.0138535 -2.13164 2.25826 0.126627
217.685 0.00863612 -0.0138336 -2.13027 2.25689 0.126627
217.697 0.0085804 -0.0138181 -2.12849 2.25511 0.126619
217.708 0.0085299 -0.0138038 -2.12632 2.25293 0.126612
217.719 0.00848069 -0.0137854 -2.12376 2.25037 0.126606
217.73 0.00843264 -0.0137692 -2.12083 2.24743 0.126597
217.742 0.00838889 -0.0137502 -2.11757 2.24416 0.126586
217.753 0.00834273 -0.0137333 -2.11397 2.24054 0.126565
217.764 0.00829568 -0.0137171 -2.11007 2.23662 0.12655
217.775 0.00825986 -0.0137 -2.10594 2.23248 0.126536
217.787 0.00821998 -0.0136777 -2.10165 2.22818 0.126525
217.798 0.00817569 -0.0136538 -2.09714 2.22365 0.126511
217.809 0.00813515 -0.0136269 -2.09241 2.21891 0.126497
217.82 0.00809068 -0.0135982 -2.08758 2.21406 0.126482
217.831 0.00804812 -0.0135685 -2.08263 2.2091 0.126473
217.843 0.00800955 -0.0135423 -2.07755 2.20401 0.126456
217.854 0.00797194 -0.0135135 -2.07242 2.19885 0.126432
217.865 0.00793587 -0.0134812 -2.06723 2.19365 0.12642
217.876 0.00789793 -0.0134514 -2.06209 2.18849 0.126406
217.888 0.00785951 -0.0134239 -2.05689 2.18328 0.126394
217.899 0.00782621 -0.0133939 -2.05161 2.17799 0.126377
217.91 0.00778902 -0.013367 -2.04645 2.17281 0.126358
217.921 0.00775151 -0.0133389 -2.04135 2.1677 0.126348
217.933 0.00771728 -0.0133097 -2.03635 2.16269 0.126341
217.944 0.0076837 -0.0132824 -2.03146 2.15779 0.126335
217.955 0.0076477 -0.0132584 -2.02674 2.15306 0.126325
217.966 0.00761298 -0.0132267 -2.02218 2.1485 0.126315
217.978 0.00758059 -0.0132023 -2.01776 2.14407 0.126305
217.989 0.00754437 -0.0131756 -2.01366 2.13996 0.126295
218 0.00751045 -0.0131478 -2.00973 2.13602 0.126289
218.011 0.00748222 -0.0131216 -2.00603 2.13231 0.126282
218.022 0.00744922 -0.0130961 -2.00262 2.12889 0.126269
218.034 0.00741812 -0.0130672 -1.99948 2.12574 0.126257
218.045 0.00738648 -0.0130394 -1.99663 2.12288 0.126247
218.056 0.00735458 -0.0130129 -1.99409 2.12032 0.126234
218.067 0.00732144 -0.0129853 -1.99186 2.11808 0.126222
218.079 0.00729596 -0.0129546 -1.98995 2.11616 0.126211
218.09 0.00726515 -0.0129308 -1.98844 2.11464 0.126193
218.101 0.00723384 -0.0129081 -1.98737 2.11355 0.126183
218.112 0.00720603 -0.0128814 -1.98669 2.11287 0.126171
218.124 0.00717878 -0.0128512 -1.98642 2.11258 0.126157
218.135 0.00714956 -0.0128237 -1.9866 2.11274 0.126143
218.146 0.00712315 -0.0127993 -1.98721 2.11334 0.126132
218.157 0.00709308 -0.0127771 -1.98832 2.11445 0.126125
218.169 0.00706254 -0.012755 -1.98997 2.11608 0.126112
218.18 0.00703362 -0.0127289 -1.99216 2.11825 0.126096
218.191 0.00701226 -0.012708 -1.9949 2.12098 0.126085
218.202 0.00698574 -0.01269 -1.99818 2.12425 0.126072
218.213 0.00695789 -0.0126638 -2.00198 2.12804 0.126059
218.225 0.00693112 -0.0126374 -2.00633 2.13237 0.126043
218.236 0.00690576 -0.0126127 -2.01119 2.13722 0.126029
218.247 0.00687437 -0.0125874 -2.0166 2.14262 0.126016
218.258 0.00683866 -0.0125611 -2.0226 2.14861 0.126004
218.27 0.00680308 -0.0125315 -2.0292 2.1552 0.125991
218.281 0.00677222 -0.0125028 -2.03644 2.16242 0.125975
218.292 0.00674061 -0.0124783 -2.04425 2.17022 0.125963
218.303 0.00670919 -0.0124587 -2.05272 2.17866 0.125945
218.315 0.00667494 -0.0124372 -2.06174 2.18767 0.12593
218.326 0.00664559 -0.0124214 -2.07134 2.19726 0.125916
218.337 0.00661705 -0.012406 -2.08151 2.20742 0.125903
218.348 0.00658274 -0.0123809 -2.09231 2.21821 0.125892
218.36 0.00655206 -0.0123573 -2.10375 2.22963 0.12588
218.371 0.00652069 -0.0123357 -2.11584 2.24171 0.125868
218.382 0.00648954 -0.0123166 -2.12859 2.25444 0.125854
218.393 0.00645604 -0.0122889 -2.14197 2.2678 0.125832
218.404 0.00642553 -0.0122605 -2.15594 2.28176 0.125821
218.416 0.00639123 -0.0122328 -2.17054 2.29635 0.125808
218.427 0.0063627 -0.0122129 -2.1858 2.3116 0.125801
218.438 0.00632744 -0.0121907 -2.20171 2.32751 0.125795
218.449 0.00629018 -0.0121684 -2.21822 2.344 0.125783
218.461 0.00625706 -0.0121521 -2.23534 2.36112 0.125776
218.472 0.00622167 -0.012131 -2.25303 2.3788 0.125768
218.483 0.00618517 -0.0121079 -2.2713 2.39706 0.125759
218.494 0.00615478 -0.0120785 -2.29019 2.41594 0.125748
218.506 0.00612765 -0.0120495 -2.30967 2.43542 0.125742
218.517 0.0060965 -0.0120211 -2.32974 2.45547 0.125731
218.528 0.00606895 -0.0119948 -2.35036 2.47608 0.125723
218.539 0.00604726 -0.0119669 -2.37151 2.49722 0.125715
218.551 0.00602443 -0.0119388 -2.39319 2.5189 0.125707
218.562 0.0060016 -0.011909 -2.41539 2.54109 0.125698
218.573 0.00597894 -0.0118795 -2.43811 2.56381 0.125694
218.584 0.00595159 -0.0118492 -2.46132 2.58701 0.12569
218.596 0.00592638 -0.0118189 -2.48506 2.61074 0.125682
218.607 0.00589809 -0.0117907 -2.50928 2.63496 0.125681
218.618 0.0058707 -0.0117617 -2.534 2.65968 0.125678
218.629 0.00584091 -0.0117354 -2.55915 2.68482 0.125672
218.64 0.00581164 -0.011708 -2.58473 2.71039 0.125667
218.652 0.00578104 -0.0116811 -2.61077 2.73643 0.125662
218.663 0.00575394 -0.0116593 -2.63731 2.76297 0.125657
218.674 0.00572355 -0.01164 -2.6643 2.78995 0.125649
218.685 0.00569385 -0.0116194 -2.69172 2.81736 0.125646
218.697 0.00566196 -0.0115985 -2.7196 2.84525 0.125651
218.708 0.00563192 -0.0115797 -2.74788 2.87353 0.125649
218.719 0.00560265 -0.0115591 -2.7766 2.90224 0.125647
218.73 0.00557359 -0.0115398 -2.80575 2.93141 0.125653
218.742 0.00554322 -0.0115187 -2.83537 2.96102 0.125654
218.753 0.00551658 -0.0114981 -2.86539 2.99104 0.125659
218.764 0.00548817 -0.0114795 -2.89582 3.02149 0.125663
218.775 0.0054639 -0.011461 -2.92668 3.05235 0.12567
218.787 0.00543587 -0.0114381 -2.95793 3.0836 0.125675
218.798 0.00540294 -0.0114218 -2.98957 3.11525 0.125684
218.809 0.00537313 -0.0114021 -3.02159 3.14728 0.125692
218.82 0.00534739 -0.0113852 -3.05401 3.17971 0.125697
218.831 0.00532104 -0.0113695 -3.08682 3.21253 0.125705
218.843 0.00529531 -0.0113552 -3.12006 3.24578 0.12572
218.854 0.0052622 -0.0113382 -3.1537 3.27942 0.125727
218.865 0.00523459 -0.0113316 -3.18775 3.31349 0.125736
218.876 0.00520493 -0.0113171 -3.22221 3.34795 0.125744
218.888 0.00517867 -0.0113054 -3.25701 3.38276 0.125754
218.899 0.00514838 -0.0112997 -3.29221 3.41798 0.125764
218.91 0.00512364 -0.0112908 -3.32783 3.4536 0.125771
218.921 0.00509866 -0.0112803 -3.36388 3.48966 0.125775
218.933 0.00507319 -0.0112757 -3.40038 3.52616 0.125783
218.944 0.00505004 -0.0112703 -3.43714 3.56293 0.12579
218.953 0.00503247 -0.0112709 -3.46818 3.59399 0.125802
218.963 0.00501499 -0.011272 -3.49955 3.62536 0.125813
218.972 0.00499742 -0.0112724 -3.5312 3.65702 0.125821
218.981 0.00497963 -0.011271 -3.56313 3.68896 0.12583
218.991 0.00495828 -0.0112739 -3.59531 3.72114 0.125838
219 0.00493547 -0.0112718 -3.62774 3.75359 0.125849
219.011 0.00491188 -0.0112675 -3.66534 3.79119 0.125858
219.022 0.00488696 -0.0112667 -3.70332 3.82919 0.12587
219.032 0.00486109 -0.011264 -3.74169 3.86757 0.125885
219.043 0.00484015 -0.0112622 -3.78089 3.90679 0.125903
219.054 0.00481641 -0.0112617 -3.82052 3.94644 0.12592
219.065 0.00479523 -0.0112637 -3.86057 3.9865 0.125931
219.076 0.00476916 -0.0112653 -3.90146 4.0274 0.125945
219.087 0.00474642 -0.0112682 -3.94272 4.06867 0.125957
219.098 0.00472159 -0.0112719 -3.98438 4.11035 0.125968
219.109 0.00469347 -0.0112709 -4.02645 4.15243 0.125975
219.12 0.00466454 -0.0112654 -4.06897 4.19495 0.125983
219.131 0.00463845 -0.011261 -4.11187 4.23786 0.125989
219.142 0.00460854 -0.0112541 -4.15564 4.28164 0.125999
219.153 0.00458486 -0.0112501 -4.19981 4.32582 0.126013
219.164 0.00455999 -0.0112453 -4.2445 4.37052 0.126023
219.175 0.00453043 -0.0112392 -4.2894 4.41543 0.126034
219.187 0.00450434 -0.0112391 -4.33469 4.46074 0.126048
219.198 0.00447923 -0.0112348 -4.38039 4.50645 0.126061
219.209 0.00444727 -0.0112319 -4.4265 4.55258 0.126077
219.22 0.00441779 -0.0112315 -4.47285 4.59895 0.126097
219.231 0.00438957 -0.0112328 -4.51969 4.64581 0.126117
219.242 0.00435588 -0.0112347 -4.56694 4.69308 0.126143
219.253 0.00432164 -0.0112349 -4.61465 4.74081 0.126167
219.265 0.00428984 -0.0112302 -4.66258 4.78876 0.126187
219.276 0.00425367 -0.0112272 -4.71078 4.83698 0.126208
219.287 0.00421798 -0.0112256 -4.75929 4.88552 0.126227
219.298 0.00419096 -0.0112277 -4.80805 4.93429 0.12624
219.309 0.00416484 -0.0112299 -4.85706 4.98332 0.126256
219.32 0.00413741 -0.0112309 -4.90634 5.03262 0.126274
219.331 0.00410854 -0.0112343 -4.95584 5.08214 0.126298
219.343 0.00408072 -0.0112352 -5.00563 5.13195 0.126327
219.354 0.00404628 -0.0112336 -5.05566 5.18201 0.126352
219.365 0.00401382 -0.0112407 -5.10589 5.23226 0.126375
219.376 0.0039837 -0.0112438 -5.15627 5.28267 0.126401
219.387 0.0039522 -0.0112432 -5.20684 5.33327 0.126426
219.398 0.00391758 -0.0112473 -5.25758 5.38403 0.126449
219.409 0.00388214 -0.0112517 -5.30847 5.43494 0.126477
219.421 0.00384905 -0.0112574 -5.35944 5.48594 0.126505
219.432 0.00381744 -0.0112602 -5.41048 5.53701 0.126533
219.443 0.00378844 -0.0112626 -5.46156 5.58812 0.126561
219.454 0.0037574 -0.0112674 -5.5127 5.63928 0.126584
219.465 0.00373066 -0.0112742 -5.56379 5.6904 0.126608
219.476 0.00370389 -0.0112768 -5.61479 5.74143 0.126638
219.487 0.00368062 -0.0112798 -5.66567 5.79234 0.12667
219.499 0.00365832 -0.0112778 -5.71635 5.84305 0.126705
219.51 0.00362538 -0.0112729 -5.76685 5.89359 0.126737
219.521 0.00359614 -0.0112751 -5.81718 5.94394 0.126764
219.532 0.0035702 -0.0112745 -5.86726 5.99406 0.126797
219.543 0.00354047 -0.0112734 -5.9171 6.04393 0.126828
219.554 0.00350535 -0.0112721 -5.9667 6.09355 0.126851
219.565 0.00347711 -0.011266 -6.01598 6.14286 0.126885
219.577 0.00344718 -0.0112606 -6.06496 6.19188 0.12692
219.588 0.00342131 -0.0112505 -6.11365 6.2406 0.12695
219.599 0.00339739 -0.0112493 -6.1619 6.28887 0.126977
219.61 0.0033768 -0.0112421 -6.20968 6.33669 0.127006
219.621 0.00335072 -0.011229 -6.25695 6.38398 0.127032
219.632 0.00332289 -0.0112151 -6.30364 6.4307 0.127057
219.643 0.00329223 -0.0112029 -6.34976 6.47683 0.127078
219.655 0.00326123 -0.0111892 -6.39529 6.52239 0.127099
219.666 0.00323049 -0.0111852 -6.44016 6.56727 0.127116
219.677 0.00319923 -0.0111785 -6.48433 6.61146 0.127129
219.688 0.00316705 -0.0111735 -6.52779 6.65493 0.127141
219.699 0.00313848 -0.0111698 -6.57046 6.69762 0.127157
219.71 0.00311104 -0.0111663 -6.6124 6.73958 0.127175
219.721 0.00308618 -0.0111599 -6.65356 6.78075 0.127198
219.733 0.00305981 -0.0111585 -6.69387 6.82109 0.127218
219.744 0.00303654 -0.0111598 -6.73335 6.86058 0.127232
219.755 0.00301482 -0.0111595 -6.77214 6.89939 0.127249
219.766 0.00299035 -0.0111548 -6.80991 6.93718 0.127263
219.777 0.00296312 -0.0111458 -6.84679 6.97407 0.127279
219.788 0.00293562 -0.011137 -6.8827 7.00999 0.127291
219.799 0.00291004 -0.0111248 -6.91761 7.04491 0.127304
219.811 0.00288383 -0.0111113 -6.95154 7.07886 0.127321
219.822 0.00285558 -0.0110984 -6.98444 7.11178 0.127334
219.833 0.00282399 -0.0110822 -7.01627 7.14361 0.127344
219.844 0.00280016 -0.0110647 -7.0471 7.17446 0.127361
219.855 0.00277651 -0.0110418 -7.07685 7.20422 0.127369
219.866 0.00275529 -0.011023 -7.10553 7.23291 0.127377
219.877 0.00273149 -0.0110028 -7.13314 7.26052 0.127384
219.889 0.00270745 -0.0109868 -7.15965 7.28704 0.127387
219.9 0.0026826 -0.0109723 -7.18506 7.31246 0.127399
219.911 0.00265849 -0.0109606 -7.20939 7.3368 0.127409
219.922 0.00263901 -0.0109415 -7.23261 7.36003 0.127415
219.933 0.002616 -0.0109235 -7.2547 7.38213 0.127426
219.944 0.00259001 -0.0109066 -7.27571 7.40315 0.127442
219.955 0.00256534 -0.0108874 -7.29548 7.42294 0.127453
219.967 0.00253739 -0.0108692 -7.31408 7.44155 0.127466
219.978 0.00251185 -0.0108454 -7.33171 7.45919 0.127478
219.989 0.00248259 -0.0108219 -7.34817 7.47566 0.127491
220 0.0024565 -0.0107957 -7.36349 7.49098 0.127497
220.011 0.0024323 -0.010771 -7.37769 7.5052 0.127506
220.022 0.00240911 -0.0107463 -7.39088 7.5184 0.127524
220.034 0.00238592 -0.0107227 -7.40287 7.53041 0.127538
220.045 0.00236252 -0.0106987 -7.4136 7.54115 0.127553
220.056 0.00234038 -0.0106739 -7.42329 7.55085 0.127559
220.067 0.00232585 -0.0106402 -7.4317 7.55927 0.127568
220.079 0.00231484 -0.0106066 -7.4391 7.56667 0.127576
220.09 0.00230405 -0.0105738 -7.44537 7.57295 0.127581
220.101 0.00229007 -0.0105465 -7.45048 7.57806 0.127586
220.112 0.00227393 -0.0105104 -7.4545 7.58208 0.127587
220.124 0.00225761 -0.0104812 -7.45748 7.58507 0.127588
220.135 0.00223527 -0.0104492 -7.4593 7.58689 0.12759
220.146 0.00221411 -0.0104134 -7.4601 7.58769 0.127594
220.157 0.00219478 -0.0103797 -7.45981 7.58741 0.127597
220.169 0.00217084 -0.0103495 -7.45836 7.58596 0.127603
220.18 0.00214785 -0.010314 -7.45588 7.58349 0.127609
220.191 0.0021295 -0.0102743 -7.45232 7.57993 0.127611
220.202 0.00211161 -0.0102389 -7.44769 7.5753 0.127616
220.213 0.00208952 -0.0102038 -7.44201 7.56964 0.127622
220.225 0.00207514 -0.0101674 -7.43533 7.56296 0.127627
220.236 0.00206424 -0.0101362 -7.42774 7.55537 0.127631
220.247 0.0020456 -0.0100992 -7.41909 7.54672 0.127636
220.258 0.00202874 -0.0100636 -7.40954 7.53718 0.12764
220.27 0.00201417 -0.0100294 -7.39906 7.52671 0.127652
220.281 0.00199457 -0.00999378 -7.38763 7.51529 0.127657
220.292 0.00198283 -0.00995915 -7.37545 7.50311 0.127664
220.303 0.00197191 -0.00992474 -7.36243 7.4901 0.12767
220.315 0.00195612 -0.00988681 -7.34858 7.47625 0.127672
220.326 0.0019428 -0.0098462 -7.33398 7.46166 0.12768
220.337 0.00192953 -0.00981035 -7.31869 7.44638 0.127692
220.348 0.00191269 -0.00976863 -7.30272 7.43042 0.127699
220.36 0.00189855 -0.00973087 -7.2861 7.41381 0.127705
220.371 0.00188265 -0.00969469 -7.2688 7.39652 0.127718
220.382 0.00186102 -0.00966143 -7.25088 7.3786 0.127726
220.393 0.00184122 -0.00962566 -7.23235 7.36008 0.127731
220.404 0.0018148 -0.00958809 -7.21331 7.34105 0.127741
220.416 0.00178841 -0.00954927 -7.19369 7.32144 0.127753
220.427 0.001766 -0.00950507 -7.17374 7.30149 0.127756
220.438 0.0017434 -0.00946262 -7.1533 7.28106 0.127762
220.449 0.00172562 -0.00941341 -7.13245 7.26022 0.127768
220.461 0.00170424 -0.00937239 -7.11119 7.23896 0.127771
220.472 0.00167658 -0.0093306 -7.08958 7.21735 0.127775
220.483 0.00164981 -0.00929185 -7.06767 7.19544 0.127775
220.494 0.00162145 -0.00925536 -7.04536 7.17313 0.127771
220.506 0.00158864 -0.00921506 -7.02297 7.15074 0.127771
220.517 0.00155749 -0.00917514 -7.00042 7.12819 0.127769
220.528 0.00152622 -0.00913628 -6.97773 7.10549 0.127768
220.539 0.00149437 -0.00909419 -6.95491 7.08269 0.127772
220.551 0.00146134 -0.00905448 -6.93204 7.05982 0.127774
220.562 0.00143191 -0.00901229 -6.90912 7.0369 0.127778
220.573 0.00140565 -0.00897157 -6.88614 7.01392 0.12778
220.584 0.00137318 -0.00893268 -6.86319 6.99097 0.127785
220.596 0.00134173 -0.00888892 -6.84028 6.96807 0.127793
220.607 0.00131574 -0.00884572 -6.81746 6.94526 0.127799
220.618 0.00127666 -0.0088022 -6.79478 6.92259 0.127805
220.629 0.00123928 -0.00876042 -6.77224 6.90005 0.127811
220.64 0.00120077 -0.00872329 -6.74981 6.87763 0.127821
220.652 0.00115798 -0.00868067 -6.72773 6.85556 0.127831
220.663 0.00111745 -0.00863757 -6.70567 6.83351 0.127842
220.674 0.00107984 -0.00859027 -6.68378 6.81164 0.12786
220.685 0.00103615 -0.0085455 -6.66214 6.79002 0.127876
220.697 0.000997473 -0.00850545 -6.64085 6.76874 0.127889
220.708 0.000958269 -0.00846958 -6.61969 6.74759 0.127906
220.719 0.000910735 -0.00843588 -6.5989 6.72682 0.12792
220.73 0.000872422 -0.00840226 -6.57838 6.70632 0.127933
220.742 0.000829447 -0.00836624 -6.55816 6.6861 0.12794
220.753 0.000782029 -0.00832881 -6.53827 6.66622 0.127955
220.764 0.000737626 -0.00829502 -6.51879 6.64675 0.127961
220.775 0.000702491 -0.00826234 -6.49968 6.62765 0.127968
220.787 0.000665399 -0.00822905 -6.481 6.60898 0.12798
220.798 0.000628559 -0.00819709 -6.46277 6.59076 0.127991
220.809 0.000596458 -0.00816401 -6.44516 6.57316 0.127999
220.82 0.000561879 -0.00813051 -6.42775 6.55575 0.128006
220.831 0.000533571 -0.00809731 -6.41077 6.53878 0.128016
220.843 0.000504819 -0.00806143 -6.39421 6.52223 0.128025
220.854 0.000474983 -0.00802619 -6.378 6.50604 0.128039
220.865 0.000450727 -0.00798949 -6.36231 6.49036 0.128055
220.876 0.000422307 -0.00794927 -6.34722 6.47528 0.128064
220.888 0.000391409 -0.00791636 -6.3324 6.46047 0.128079
220.899 0.000359812 -0.0078815 -6.31811 6.4462 0.128088
220.91 0.000326448 -0.00785163 -6.30433 6.43243 0.128101
220.921 0.000292838 -0.00781808 -6.29083 6.41894 0.12811
220.933 0.000259152 -0.00778349 -6.2779 6.40602 0.128119
220.944 0.000224148 -0.00774971 -6.26536 6.39349 0.12813
220.955 0.000186035 -0.00771677 -6.25335 6.38149 0.128141
220.966 0.000147654 -0.00767771 -6.24179 6.36993 0.128148
220.978 0.000108941 -0.00763636 -6.23072 6.35887 0.128159
220.989 7.08861e-05 -0.00759617 -6.22005 6.34822 0.128167
221 3.14963e-05 -0.00755887 -6.20987 6.33805 0.128179
221.011 -9.17814e-06 -0.0075182 -6.2001 6.3283 0.128195
221.022 -5.69256e-05 -0.00747761 -6.19073 6.31894 0.128213
221.034 -0.00010142 -0.00743884 -6.1818 6.31002 0.128227
221.045 -0.000147202 -0.00740161 -6.17321 6.30145 0.128239
221.056 -0.000194433 -0.00735917 -6.16498 6.29323 0.128251
221.067 -0.000238352 -0.00731786 -6.1571 6.28536 0.128262
221.079 -0.000276462 -0.00728216 -6.14954 6.27782 0.128276
221.09 -0.000317144 -0.00724757 -6.14229 6.27058 0.128286
221.101 -0.000354887 -0.00721474 -6.13531 6.26361 0.1283
221.112 -0.000394434 -0.00718034 -6.12868 6.25699 0.128313
221.124 -0.000443014 -0.00714617 -6.12232 6.25065 0.128329
221.135 -0.000491093 -0.00711037 -6.11625 6.24459 0.128345
221.146 -0.000535529 -0.00707547 -6.11043 6.23879 0.128361
221.157 -0.000577717 -0.00703793 -6.10487 6.23325 0.128378
221.169 -0.000613313 -0.00700001 -6.09952 6.22792 0.128402
221.18 -0.000650747 -0.00696177 -6.0944 6.22282 0.128422
221.191 -0.000687293 -0.00692005 -6.08956 6.218 0.128441
221.202 -0.000722092 -0.0068776 -6.0848 6.21325 0.128454
221.213 -0.000754069 -0.00683452 -6.08022 6.20869 0.128469
221.225 -0.000787814 -0.00679235 -6.07573 6.20422 0.128485
221.236 -0.00081434 -0.00675086 -6.07132 6.19983 0.128503
221.247 -0.000838605 -0.00671326 -6.06697 6.19549 0.128519
221.258 -0.000862532 -0.00667177 -6.06271 6.19124 0.128533
221.27 -0.00089029 -0.00663015 -6.05856 6.18711 0.128548
221.281 -0.000923682 -0.00659327 -6.05439 6.18296 0.128566
221.292 -0.00096012 -0.0065523 -6.05027 6.17885 0.12858
221.303 -0.000997714 -0.00651178 -6.04606 6.17466 0.128592
221.315 -0.00103284 -0.00647694 -6.04181 6.17041 0.128601
221.326 -0.00106563 -0.00643842 -6.03745 6.16606 0.128616
221.337 -0.00109926 -0.00640184 -6.03299 6.16161 0.128625
221.348 -0.00112597 -0.00636745 -6.0284 6.15705 0.128646
221.36 -0.00115017 -0.00633359 -6.02372 6.15239 0.128666
221.371 -0.0011775 -0.00629972 -6.01893 6.14762 0.128685
221.382 -0.00120166 -0.00626854 -6.01398 6.14269 0.128706
221.393 -0.0012234 -0.00623865 -6.00888 6.13761 0.128729
221.404 -0.00124538 -0.00620709 -6.00363 6.13238 0.128748
221.416 -0.00126664 -0.00617687 -5.99811 6.12687 0.128767
221.427 -0.00128438 -0.00614859 -5.99234 6.12113 0.128787
221.438 -0.00129899 -0.00612027 -5.98644 6.11525 0.128806
221.449 -0.00131149 -0.00608673 -5.98032 6.10914 0.128822
221.461 -0.00132956 -0.00605376 -5.97404 6.10288 0.128843
221.472 -0.00134384 -0.00602314 -5.96742 6.09628 0.12886
221.483 -0.00135753 -0.00599526 -5.96051 6.08939 0.128883
221.494 -0.00137637 -0.00596658 -5.95332 6.08222 0.128902
221.506 -0.00139843 -0.00593939 -5.94578 6.07469 0.128917
221.517 -0.00142192 -0.00591329 -5.93801 6.06695 0.128936
221.528 -0.00144521 -0.00588447 -5.92989 6.05885 0.128955
221.539 -0.00147148 -0.00586334 -5.92154 6.05052 0.128977
221.551 -0.001498 -0.00584406 -5.91296 6.04196 0.128996
221.562 -0.0015249 -0.00582474 -5.90404 6.03305 0.129014
221.573 -0.00155348 -0.00580307 -5.8949 6.02394 0.129037
221.584 -0.00158289 -0.00577992 -5.88538 6.01444 0.12906
221.596 -0.00160234 -0.00575103 -5.87554 6.00463 0.129087
221.607 -0.00162037 -0.00572525 -5.86538 5.9945 0.129115
221.618 -0.00163446 -0.00569709 -5.85486 5.984 0.129142
221.629 -0.00165255 -0.00566745 -5.84412 5.9733 0.129173
221.64 -0.00166348 -0.00563558 -5.8331 5.9623 0.129202
221.652 -0.00166747 -0.0056027 -5.82179 5.95103 0.12924
221.663 -0.00167798 -0.00556881 -5.81022 5.93949 0.129271
221.674 -0.00169189 -0.00553657 -5.79839 5.92768 0.129295
221.685 -0.0017111 -0.00550262 -5.78633 5.91565 0.129321
221.697 -0.0017272 -0.00547142 -5.77388 5.90323 0.129347
221.708 -0.00174453 -0.00544028 -5.76124 5.89061 0.129375
221.719 -0.00177119 -0.00541028 -5.74835 5.87775 0.129398
221.73 -0.0017991 -0.00538527 -5.73521 5.86463 0.129417
221.742 -0.0018269 -0.00535454 -5.72173 5.85116 0.129433
221.753 -0.00185429 -0.00532446 -5.70816 5.8376 0.129449
221.764 -0.00188153 -0.00529898 -5.69436 5.82383 0.129468
221.775 -0.00190917 -0.00527091 -5.68032 5.80981 0.129487
221.787 -0.00193701 -0.00524774 -5.66611 5.79563 0.129513
221.798 -0.00196521 -0.00522272 -5.65168 5.78122 0.129536
221.809 -0.00198963 -0.00519687 -5.63706 5.76662 0.12956
221.82 -0.00201202 -0.00517383 -5.62225 5.75184 0.129587
221.831 -0.00202849 -0.00515347 -5.60725 5.73686 0.129616
221.843 -0.00204394 -0.00513629 -5.59207 5.72172 0.129648
221.854 -0.00205802 -0.00511567 -5.57669 5.70637 0.129679
221.865 -0.0020758 -0.00510082 -5.56119 5.69089 0.129706
221.876 -0.00208886 -0.00508485 -5.54542 5.67516 0.129736
221.888 -0.00209872 -0.00506688 -5.52958 5.65934 0.129759
221.899 -0.00211666 -0.00505045 -5.51355 5.64333 0.129778
221.91 -0.00212931 -0.00503347 -5.49741 5.62721 0.129796
221.921 -0.0021472 -0.00501556 -5.48114 5.61096 0.129819
221.933 -0.00216233 -0.00500029 -5.46472 5.59457 0.129842
221.944 -0.00217681 -0.00498345 -5.44819 5.57805 0.129863
221.955 -0.00219341 -0.00496508 -5.43147 5.56135 0.129886
221.966 -0.00220966 -0.00494981 -5.41482 5.54473 0.129912
221.978 -0.00222087 -0.00493263 -5.39798 5.52791 0.129935
221.989 -0.00223539 -0.00490983 -5.38102 5.51097 0.129959
222 -0.00224357 -0.00488867 -5.36399 5.49397 0.129979
222.011 -0.00225318 -0.00485973 -5.34695 5.47695 0.130001
222.022 -0.0022625 -0.00483738 -5.3299 5.45992 0.13002
222.034 -0.00226803 -0.00481315 -5.31281 5.44285 0.130039
222.045 -0.00227808 -0.00478741 -5.29566 5.42572 0.130059
222.056 -0.00229555 -0.00475947 -5.27842 5.40849 0.130075
222.067 -0.00230747 -0.00473817 -5.2613 5.39139 0.13009
222.079 -0.0023213 -0.00471946 -5.24421 5.3743 0.130097
222.09 -0.00233299 -0.0047035 -5.22722 5.35734 0.130114
222.101 -0.00234436 -0.0046901 -5.21034 5.34046 0.130127
222.112 -0.00235937 -0.00467692 -5.1936 5.32374 0.130138
222.124 -0.00237159 -0.0046624 -5.17693 5.30708 0.130151
222.135 -0.00238638 -0.00464564 -5.16049 5.29066 0.130165
222.146 -0.00239228 -0.00462806 -5.14416 5.27433 0.130176
222.157 -0.00239802 -0.00461124 -5.12804 5.25823 0.130199
222.169 -0.00240493 -0.0045999 -5.11207 5.24229 0.130222
222.18 -0.00240952 -0.00457982 -5.09654 5.22678 0.130239
222.191 -0.00240916 -0.0045616 -5.08132 5.21158 0.130266
222.202 -0.00240315 -0.00454516 -5.06644 5.19672 0.130286
222.213 -0.00240034 -0.00453045 -5.05179 5.1821 0.130305
222.225 -0.00240512 -0.00451436 -5.03754 5.16786 0.130326
222.236 -0.00241264 -0.00449696 -5.02367 5.15401 0.130346
222.247 -0.00242117 -0.00447748 -5.01004 5.14041 0.130364
222.258 -0.00243518 -0.00446054 -4.99699 5.12736 0.130379
222.27 -0.00243719 -0.00444229 -4.9845 5.11489 0.13039
222.281 -0.00243996 -0.00442075 -4.97255 5.10296 0.130407
222.292 -0.00244479 -0.00439804 -4.96117 5.09159 0.13042
222.303 -0.0024523 -0.00437699 -4.95035 5.08079 0.130437
222.315 -0.00245482 -0.00435929 -4.94023 5.07068 0.130447
222.326 -0.00245282 -0.00434365 -4.93085 5.06131 0.130461
222.337 -0.00245176 -0.00433132 -4.92219 5.05267 0.130477
222.348 -0.00245388 -0.00431856 -4.91439 5.04488 0.130488
222.36 -0.00245079 -0.00430906 -4.9074 5.0379 0.130503
222.371 -0.00244452 -0.00430083 -4.90129 5.03181 0.130518
222.382 -0.00243699 -0.00428445 -4.89612 5.02665 0.13053
222.393 -0.00243819 -0.00427437 -4.89193 5.02247 0.130538
222.404 -0.00243593 -0.00425558 -4.88875 5.0193 0.130553
222.416 -0.00243369 -0.00424838 -4.88666 5.01723 0.130564
222.427 -0.0024374 -0.0042383 -4.88568 5.01626 0.130573
222.438 -0.00243588 -0.00422928 -4.88583 5.01642 0.130588
222.449 -0.00243896 -0.00422579 -4.88727 5.01786 0.130596
222.461 -0.0024426 -0.00421598 -4.88997 5.02057 0.130606
222.472 -0.00245 -0.00420535 -4.894 5.02462 0.130619
222.483 -0.00245723 -0.00419505 -4.89942 5.03004 0.130623
222.494 -0.0024668 -0.00418324 -4.90623 5.03687 0.130632
222.506 -0.00246881 -0.00417702 -4.91448 5.04512 0.13064
222.517 -0.00247866 -0.00417286 -4.92423 5.05488 0.130652
222.528 -0.00248631 -0.00416478 -4.93549 5.06615 0.130663
222.539 -0.00248898 -0.00415085 -4.94831 5.07898 0.130674
222.551 -0.00249895 -0.0041372 -4.9627 5.09339 0.130688
222.562 -0.00251402 -0.00411835 -4.97863 5.10933 0.130698
222.573 -0.00251809 -0.00410103 -4.99603 5.12674 0.130706
222.584 -0.00252627 -0.00408582 -5.01498 5.1457 0.130715
222.596 -0.00253745 -0.00406958 -5.03538 5.1661 0.130724
222.607 -0.00255606 -0.00404766 -5.05725 5.18798 0.130727
222.618 -0.00256709 -0.00402727 -5.08057 5.2113 0.130734
222.629 -0.00257425 -0.0040089 -5.10528 5.23603 0.130747
222.64 -0.00258115 -0.00398931 -5.1314 5.26216 0.130755
222.652 -0.00259001 -0.00397269 -5.15889 5.28965 0.130766
222.663 -0.00260642 -0.00395974 -5.18764 5.31842 0.130781
222.674 -0.00262529 -0.00394551 -5.21766 5.34845 0.13079
222.685 -0.00264424 -0.00392761 -5.24882 5.37962 0.130797
222.697 -0.00266374 -0.00390742 -5.28107 5.41187 0.130806
222.708 -0.00267964 -0.00388721 -5.3144 5.4452 0.130802
222.719 -0.0026951 -0.00387315 -5.34873 5.47952 0.130797
222.73 -0.00271558 -0.00385654 -5.38397 5.51476 0.130797
222.742 -0.00273581 -0.00383985 -5.4201 5.5509 0.130799
222.753 -0.00275529 -0.00382092 -5.45705 5.58785 0.130799
222.764 -0.00277184 -0.00379539 -5.49466 5.62546 0.130797
222.775 -0.00279185 -0.00377589 -5.53287 5.66367 0.130794
222.787 -0.00280995 -0.00375258 -5.57161 5.70239 0.130782
222.798 -0.00282792 -0.00373418 -5.6107 5.74148 0.130781
222.809 -0.00284618 -0.0037175 -5.65013 5.78091 0.130782
222.82 -0.00286569 -0.00369226 -5.68979 5.82056 0.130772
222.831 -0.00288422 -0.00366646 -5.7296 5.86037 0.130766
222.843 -0.00290235 -0.00364693 -5.76953 5.90029 0.130763
222.854 -0.00291869 -0.00362652 -5.80954 5.94029 0.130755
222.865 -0.00293271 -0.00360643 -5.8495 5.98024 0.130746
222.876 -0.00294562 -0.00358644 -5.88931 6.02005 0.130741
222.888 -0.00296108 -0.00355935 -5.92886 6.05961 0.130742
222.899 -0.00298365 -0.00353217 -5.96807 6.09881 0.130743
222.91 -0.00300695 -0.0035046 -6.00681 6.13755 0.130739
222.921 -0.00302941 -0.00348038 -6.04508 6.17581 0.130734
222.933 -0.0030539 -0.00345411 -6.08275 6.21348 0.130733
222.944 -0.00308552 -0.00342791 -6.11979 6.25051 0.130722
222.955 -0.00310775 -0.00340034 -6.15603 6.28675 0.130712
222.966 -0.00312263 -0.00337933 -6.19145 6.32216 0.130703
222.978 -0.00315127 -0.00334993 -6.22596 6.35666 0.130696
222.989 -0.00317914 -0.00332689 -6.25957 6.39025 0.130683
223 -0.00320145 -0.00330163 -6.29218 6.42285 0.130668
223.011 -0.00323324 -0.00328083 -6.3237 6.45435 0.130651
223.022 -0.00325273 -0.00325544 -6.35413 6.48476 0.130632
223.033 -0.00328018 -0.00322796 -6.38158 6.5122 0.130624
223.043 -0.00330742 -0.00320194 -6.40781 6.53843 0.130622
223.054 -0.00333238 -0.00317154 -6.433 6.56361 0.130615
223.064 -0.00335828 -0.00314196 -6.45729 6.58789 0.130604
223.075 -0.00338479 -0.00311049 -6.48066 6.61125 0.130593
223.086 -0.00341209 -0.00308003 -6.50288 6.63347 0.130583
223.096 -0.00343908 -0.00303798 -6.52417 6.65475 0.130575
223.107 -0.00347129 -0.00299786 -6.54419 6.67475 0.130565
223.118 -0.00350032 -0.00295647 -6.56305 6.6936 0.130559
223.129 -0.00352592 -0.0029156 -6.58082 6.71137 0.130552
223.14 -0.00355235 -0.00288015 -6.59728 6.72783 0.130546
223.151 -0.00358405 -0.00284463 -6.6124 6.74294 0.130534
223.161 -0.00362072 -0.00280553 -6.62613 6.75666 0.130528
223.172 -0.00365234 -0.00276931 -6.63875 6.76926 0.130514
223.183 -0.00368259 -0.00273933 -6.65 6.7805 0.130502
223.194 -0.00371503 -0.00270604 -6.65992 6.79041 0.130494
223.206 -0.00374581 -0.00267329 -6.66849 6.79897 0.130484
223.217 -0.00377315 -0.00263512 -6.67568 6.80617 0.130482
223.226 -0.00380024 -0.00260516 -6.68095 6.81143 0.130479
223.236 -0.00382883 -0.00257158 -6.68499 6.81546 0.130467
223.246 -0.00385244 -0.00253434 -6.68786 6.81831 0.130452
223.257 -0.00388419 -0.00249881 -6.68943 6.81987 0.130446
223.267 -0.00391168 -0.00246774 -6.68966 6.8201 0.130438
223.277 -0.00394386 -0.00243518 -6.68854 6.81896 0.130425
223.288 -0.00397537 -0.00240212 -6.68591 6.81633 0.130414
223.298 -0.00400967 -0.00236704 -6.68181 6.8122 0.130397
223.308 -0.00404952 -0.00233081 -6.67625 6.80663 0.130377
223.319 -0.00408617 -0.00229455 -6.66904 6.79939 0.130357
223.33 -0.0041249 -0.00225939 -6.66027 6.79061 0.130341
223.34 -0.00416268 -0.00222808 -6.64994 6.78026 0.130319
223.351 -0.00421053 -0.00219754 -6.63775 6.76805 0.1303
223.362 -0.00425346 -0.00216615 -6.62385 6.75413 0.130281
223.373 -0.00429971 -0.00212945 -6.60829 6.73856 0.130265
223.384 -0.00434358 -0.00209567 -6.59094 6.72119 0.130249
223.394 -0.00438714 -0.00206591 -6.57322 6.70346 0.130238
223.404 -0.00442973 -0.00203608 -6.55404 6.68427 0.130227
223.414 -0.00447043 -0.00200409 -6.53289 6.66311 0.130221
223.423 -0.00450784 -0.00197687 -6.51385 6.64406 0.130213
223.431 -0.00454559 -0.00195038 -6.494 6.62421 0.130204
223.44 -0.00458103 -0.00191871 -6.4723 6.6025 0.130202
223.449 -0.00461576 -0.00188748 -6.449 6.5792 0.130202
223.459 -0.00465259 -0.00185542 -6.42402 6.55421 0.130196
223.468 -0.00469156 -0.00182325 -6.39727 6.52746 0.130192
223.477 -0.00473326 -0.00178871 -6.36866 6.49885 0.130188
223.487 -0.00477155 -0.00175574 -6.33869 6.46887 0.130184
223.496 -0.00481055 -0.00171891 -6.30732 6.4375 0.130183
223.506 -0.00484919 -0.00167937 -6.27387 6.40405 0.130178
223.516 -0.00488687 -0.00164307 -6.23826 6.36843 0.130176
223.525 -0.00492146 -0.00161432 -6.20479 6.33496 0.130172
223.534 -0.00495418 -0.0015832 -6.16939 6.29956 0.130171
223.543 -0.00498549 -0.00155804 -6.13553 6.2657 0.130172
223.551 -0.005013 -0.00152886 -6.10058 6.23076 0.130174
223.56 -0.00503528 -0.00149939 -6.06308 6.19326 0.130178
223.569 -0.00505691 -0.00147168 -6.02361 6.15379 0.130182
223.578 -0.00508179 -0.00144386 -5.982 6.11218 0.130187
223.587 -0.00509998 -0.00141781 -5.93818 6.06838 0.130197
223.597 -0.00512108 -0.00139677 -5.89208 6.02228 0.130204
223.607 -0.00513899 -0.00136941 -5.84464 5.97485 0.13021
223.616 -0.00515835 -0.00133846 -5.79475 5.92497 0.130221
223.626 -0.00517688 -0.0013127 -5.74358 5.87381 0.130227
223.636 -0.00519617 -0.00128791 -5.68962 5.81986 0.130235
223.646 -0.00522027 -0.00125975 -5.63444 5.76469 0.130243
223.657 -0.00524323 -0.00123647 -5.57814 5.70839 0.130249
223.667 -0.00526391 -0.00121467 -5.51883 5.64909 0.130258
223.677 -0.00528639 -0.00118825 -5.45832 5.58858 0.130267
223.688 -0.0053112 -0.00116352 -5.39667 5.52695 0.130277
223.698 -0.00533148 -0.00114277 -5.33393 5.46422 0.130289
223.709 -0.00535203 -0.00112582 -5.27013 5.40043 0.130299
223.719 -0.00536916 -0.0011071 -5.20282 5.33313 0.130312
223.73 -0.00538787 -0.0010849 -5.13433 5.26465 0.130325
223.741 -0.0054053 -0.00106922 -5.06467 5.19501 0.130336
223.752 -0.00542983 -0.00105395 -4.99407 5.12442 0.13035
223.763 -0.00545588 -0.00104121 -4.92255 5.05292 0.130363
223.773 -0.0054779 -0.00102573 -4.85017 4.98055 0.130377
223.784 -0.00550034 -0.00100654 -4.77699 4.90738 0.13039
223.795 -0.00552009 -0.000981273 -4.70307 4.83347 0.130404
223.806 -0.00554289 -0.000953875 -4.6285 4.75892 0.130423
223.817 -0.00557162 -0.000928702 -4.5533 4.68373 0.130439
223.827 -0.00559154 -0.000912573 -4.4774 4.60786 0.130454
223.838 -0.00561142 -0.000896424 -4.40093 4.5314 0.130472
223.849 -0.00563628 -0.0008803 -4.32389 4.45438 0.130486
223.86 -0.00566322 -0.00086468 -4.2463 4.37681 0.130504
223.87 -0.00568882 -0.000852558 -4.16833 4.29885 0.130521
223.881 -0.00570888 -0.000839866 -4.08996 4.2205 0.130536
223.892 -0.00572936 -0.00082473 -4.01122 4.14178 0.13056
223.903 -0.00574702 -0.000809496 -3.93212 4.0627 0.130584
223.914 -0.00577027 -0.000796138 -3.85276 3.98337 0.130606
223.924 -0.00578885 -0.000788503 -3.77313 3.90376 0.130636
223.935 -0.00580775 -0.000780542 -3.69317 3.82383 0.130665
223.946 -0.00582995 -0.000773811 -3.61302 3.74371 0.130691
223.957 -0.00585214 -0.00076928 -3.53261 3.66333 0.130722
223.968 -0.00587429 -0.000752837 -3.45194 3.5827 0.130752
223.978 -0.00589461 -0.000741403 -3.3711 3.50187 0.130777
223.989 -0.00591097 -0.000732576 -3.29001 3.42081 0.130801
224 -0.00592458 -0.000723341 -3.2088 3.33963 0.130828
224.011 -0.00594634 -0.000711339 -3.12412 3.25498 0.130852
224.022 -0.00596337 -0.000703083 -3.03926 3.17014 0.130876
224.034 -0.00598287 -0.000686327 -2.95423 3.08513 0.1309
224.045 -0.00600166 -0.000671697 -2.86902 2.99995 0.130923
224.056 -0.00601761 -0.0006582 -2.78366 2.91461 0.130948
224.067 -0.00603763 -0.000649029 -2.69811 2.82908 0.130976
224.079 -0.00604854 -0.000633657 -2.61244 2.74345 0.131007
224.09 -0.00606184 -0.000619898 -2.52658 2.65762 0.131039
224.101 -0.00607871 -0.000601253 -2.44055 2.57162 0.13107
224.112 -0.00609482 -0.000588799 -2.35435 2.48545 0.131102
224.124 -0.0061099 -0.000579103 -2.26791 2.39905 0.131136
224.135 -0.0061274 -0.000573257 -2.18123 2.3124 0.131169
224.146 -0.00614291 -0.000564726 -2.09435 2.22556 0.131207
224.157 -0.00615604 -0.000555438 -2.00723 2.13847 0.131238
224.169 -0.00617095 -0.000549453 -1.91986 2.05113 0.131269
224.18 -0.00618965 -0.000545842 -1.83224 1.96354 0.1313
224.191 -0.00620663 -0.000539858 -1.74431 1.87565 0.131333
224.202 -0.00622983 -0.000535209 -1.65603 1.78739 0.131364
224.213 -0.00624724 -0.000527014 -1.56737 1.69877 0.131399
224.225 -0.00626041 -0.000521401 -1.47825 1.60967 0.131425
224.236 -0.00627138 -0.000520751 -1.38861 1.52007 0.131456
224.247 -0.00628811 -0.00051633 -1.29853 1.43003 0.131493
224.258 -0.00630908 -0.000513789 -1.20794 1.33947 0.131525
224.27 -0.00633246 -0.000503546 -1.1169 1.24845 0.131554
224.281 -0.00635444 -0.000498091 -1.02537 1.15696 0.13159
224.292 -0.00637231 -0.000492905 -0.933275 1.0649 0.131622
224.303 -0.00638677 -0.000486549 -0.84062 0.972278 0.131658
224.315 -0.00640595 -0.000484407 -0.747459 0.879145 0.131686
224.326 -0.00642576 -0.000475187 -0.653687 0.785399 0.131711
224.337 -0.00644277 -0.000470286 -0.55928 0.691016 0.131736
224.348 -0.00645871 -0.000458901 -0.464215 0.595982 0.131767
224.36 -0.00647451 -0.000457699 -0.368534 0.500338 0.131804
224.371 -0.00649194 -0.000458849 -0.272251 0.404093 0.131842
224.382 -0.00650864 -0.000456868 -0.175411 0.307288 0.131877
224.393 -0.00652493 -0.000452707 -0.077924 0.209834 0.13191
224.404 -0.00653583 -0.000454401 0.0202888 0.111652 0.131941
224.416 -0.00654647 -0.000456938 0.119217 0.0127594 0.131976
224.427 -0.00655501 -0.000459639 0.21894 -0.0869309 0.132009
224.438 -0.0065613 -0.000467471 0.319396 -0.187358 0.132038
224.449 -0.00656675 -0.000473906 0.420478 -0.288411 0.132068
224.461 -0.00657677 -0.000474337 0.522232 -0.390133 0.132099
224.472 -0.00658178 -0.000470756 0.624703 -0.492575 0.132128
224.483 -0.00658718 -0.000469831 0.727903 -0.595748 0.132154
224.494 -0.0065883 -0.000468397 0.831871 -0.699687 0.132184
224.506 -0.00659198 -0.000469666 0.936594 -0.804382 0.132212
224.517 -0.00659328 -0.000466256 1.04203 -0.909793 0.132241
224.528 -0.00659761 -0.000469209 1.14822 -1.01595 0.13227
224.539 -0.00659556 -0.000473759 1.25514 -1.12284 0.1323
224.551 -0.00659578 -0.000474193 1.36278 -1.23045 0.132332
224.562 -0.00659458 -0.000478869 1.47115 -1.33879 0.132358
224.573 -0.00658696 -0.000479732 1.58019 -1.4478 0.132384
224.584 -0.00658038 -0.000479124 1.68986 -1.55744 0.132414
224.596 -0.00657189 -0.000478175 1.80015 -1.66771 0.132441
224.607 -0.00656405 -0.00047854 1.91102 -1.77855 0.132467
224.618 -0.00655252 -0.000476906 2.02249 -1.89 0.132494
224.629 -0.00654871 -0.000472902 2.13457 -2.00205 0.132521
224.64 -0.00654057 -0.000473613 2.24722 -2.11467 0.132548
224.652 -0.0065357 -0.000474412 2.36041 -2.22784 0.132577
224.663 -0.0065293 -0.000469846 2.47413 -2.34152 0.132606
224.674 -0.00653077 -0.000467092 2.58822 -2.45559 0.13263
224.685 -0.00652368 -0.000466342 2.70279 -2.57013 0.132656
224.697 -0.00651214 -0.000467755 2.81775 -2.68507 0.132683
224.708 -0.00650508 -0.000466307 2.93311 -2.8004 0.132709
224.719 -0.00649547 -0.000464766 3.04875 -2.91601 0.132731
224.73 -0.00648909 -0.000460407 3.16465 -3.0319 0.132747
224.742 -0.00647897 -0.000450168 3.28078 -3.14802 0.132766
224.753 -0.00646733 -0.000444909 3.39705 -3.26426 0.13279
224.764 -0.00646126 -0.000437858 3.51344 -3.38063 0.132806
224.775 -0.00645131 -0.000430536 3.62986 -3.49704 0.132825
224.787 -0.0064358 -0.00042627 3.74626 -3.61341 0.132847
224.798 -0.00642953 -0.000419883 3.86259 -3.72972 0.132868
224.809 -0.00641382 -0.000415665 3.97879 -3.8459 0.132886
224.82 -0.0063984 -0.000411698 4.09484 -3.96193 0.132907
224.831 -0.00638264 -0.00040799 4.21073 -4.0778 0.132921
224.843 -0.00635956 -0.000403582 4.32636 -4.19341 0.132945
224.854 -0.00633864 -0.000401194 4.44162 -4.30865 0.132966
224.865 -0.00631445 -0.000401217 4.55632 -4.42334 0.132982
224.876 -0.00628838 -0.000399151 4.67048 -4.53748 0.132997
224.888 -0.00626421 -0.000395855 4.78404 -4.65102 0.133016
224.899 -0.00623807 -0.000392672 4.89706 -4.76404 0.133027
224.91 -0.00621028 -0.000390652 5.00925 -4.87622 0.133036
224.921 -0.00618001 -0.000390963 5.12065 -4.9876 0.133044
224.933 -0.00615013 -0.000388697 5.23124 -5.09819 0.133056
224.944 -0.00612077 -0.000391048 5.34103 -5.20796 0.13307
224.955 -0.00609067 -0.000400605 5.44968 -5.3166 0.133082
224.966 -0.00605716 -0.000411116 5.5573 -5.42421 0.133091
224.978 -0.00602432 -0.000419289 5.66381 -5.53071 0.133095
224.989 -0.00599264 -0.000429842 5.76912 -5.63602 0.133102
225 -0.00595677 -0.000435207 5.87309 -5.73998 0.133107
225.011 -0.00592392 -0.000441953 5.97574 -5.84263 0.133111
225.022 -0.00588954 -0.00045149 6.07701 -5.94389 0.133119
225.034 -0.00585177 -0.000463125 6.17687 -6.04375 0.133124
225.045 -0.00581084 -0.00046879 6.27527 -6.14214 0.133129
225.056 -0.00576802 -0.00048049 6.37222 -6.23909 0.133133
225.067 -0.00572747 -0.000490689 6.46744 -6.33431 0.133131
225.079 -0.00568511 -0.000497902 6.5611 -6.42797 0.133127
225.09 -0.0056489 -0.000501121 6.6531 -6.51997 0.133124
225.101 -0.00561354 -0.000500296 6.74347 -6.61035 0.133117
225.112 -0.00557386 -0.000495761 6.83227 -6.69916 0.133108
225.124 -0.00553292 -0.000500323 6.91925 -6.78615 0.133101
225.135 -0.00549621 -0.000503378 7.00448 -6.87138 0.133094
225.146 -0.00545539 -0.000505777 7.08794 -6.95485 0.133082
225.157 -0.00541212 -0.000512134 7.16952 -7.03645 0.133069
225.169 -0.00536767 -0.000518643 7.2493 -7.11624 0.133056
225.18 -0.00532567 -0.000527109 7.32711 -7.19407 0.133041
225.191 -0.00528514 -0.000535066 7.40307 -7.27004 0.133025
225.202 -0.0052463 -0.000548443 7.47718 -7.34418 0.132999
225.213 -0.00520596 -0.000562226 7.54949 -7.41652 0.13297
225.225 -0.0051647 -0.00057659 7.61988 -7.48694 0.132938
225.236 -0.00512795 -0.000588952 7.68836 -7.55545 0.132904
225.247 -0.00508275 -0.000604032 7.75494 -7.62207 0.132874
225.258 -0.0050401 -0.000617335 7.81967 -7.68682 0.132847
225.27 -0.00499908 -0.000625551 7.88266 -7.74985 0.132815
225.281 -0.00495735 -0.000640672 7.94369 -7.81091 0.132783
225.292 -0.00492254 -0.000657311 8.00288 -7.87013 0.132752
225.303 -0.00488941 -0.000674261 8.06026 -7.92754 0.132717
225.315 -0.00485293 -0.000691554 8.11579 -7.9831 0.132683
225.326 -0.00481713 -0.000706264 8.1695 -8.03685 0.132648
225.337 -0.00478349 -0.000723756 8.22147 -8.08886 0.13261
225.348 -0.00474388 -0.00074502 8.27169 -8.13911 0.132573
225.36 -0.00471041 -0.000771885 8.32014 -8.1876 0.132534
225.371 -0.00467974 -0.000798647 8.3669 -8.23441 0.132495
225.382 -0.00464241 -0.000823403 8.41195 -8.27949 0.132457
225.393 -0.00460328 -0.000848556 8.45533 -8.32292 0.132413
225.404 -0.0045646 -0.000876097 8.49706 -8.36469 0.132369
225.416 -0.0045307 -0.000899235 8.53728 -8.40495 0.132331
225.427 -0.00450321 -0.000924716 8.5756 -8.44331 0.132296
225.438 -0.00447195 -0.000955375 8.61242 -8.48016 0.132259
225.449 -0.00443426 -0.000978485 8.6477 -8.51547 0.132229
225.461 -0.00439922 -0.00100198 8.68145 -8.54925 0.132197
225.472 -0.00437019 -0.0010272 8.71376 -8.58159 0.132163
225.483 -0.00434178 -0.00105531 8.74456 -8.61243 0.132128
225.494 -0.00431412 -0.00108217 8.77397 -8.64188 0.132095
225.506 -0.00429108 -0.0011097 8.80196 -8.6699 0.132053
225.517 -0.00426776 -0.00113575 8.82854 -8.69652 0.13202
225.528 -0.00424368 -0.0011618 8.85383 -8.72184 0.131995
225.539 -0.00422145 -0.00118471 8.87767 -8.74571 0.131966
225.551 -0.00420017 -0.00120181 8.90021 -8.76827 0.131933
225.562 -0.00417556 -0.0012209 8.92146 -8.78956 0.131905
225.573 -0.00415967 -0.00123839 8.94151 -8.80963 0.131876
225.584 -0.00414169 -0.00125727 8.96032 -8.82848 0.131843
225.596 -0.00413098 -0.00127997 8.97796 -8.84614 0.131815
225.607 -0.00412168 -0.00130332 8.9945 -8.86271 0.131782
225.618 -0.00411312 -0.00132451 9.00987 -8.87812 0.131751
225.629 -0.00410139 -0.00134368 9.02419 -8.89247 0.131726
225.64 -0.00409166 -0.00135938 9.03744 -8.90575 0.131695
225.652 -0.00408886 -0.00136792 9.04965 -8.91799 0.131663
225.663 -0.00408422 -0.00137555 9.06085 -8.92921 0.131634
225.674 -0.00407601 -0.00138957 9.07103 -8.93943 0.1316
225.685 -0.00406902 -0.00140186 9.08022 -8.94865 0.131572
225.697 -0.0040654 -0.00141652 9.08847 -8.95693 0.13154
225.708 -0.00406507 -0.00143014 9.09579 -8.96429 0.131507
225.719 -0.00406981 -0.00144507 9.10224 -8.97076 0.131472
225.73 -0.00408634 -0.00145858 9.1078 -8.97636 0.131445
225.742 -0.0040952 -0.0014753 9.1125 -8.98109 0.131413
225.753 -0.00409505 -0.00148657 9.11639 -8.985 0.13139
225.764 -0.0040802 -0.0014962 9.11951 -8.98814 0.131365
225.775 -0.00406703 -0.00150418 9.12191 -8.99059 0.131326
225.787 -0.00405317 -0.00152902 9.12354 -8.99225 0.131292
225.798 -0.00404473 -0.00155127 9.12445 -8.9932 0.131253
225.809 -0.0040328 -0.00157233 9.12465 -8.99344 0.131212
225.82 -0.00402565 -0.00159332 9.12419 -8.99302 0.131171
225.831 -0.00402303 -0.00160936 9.12308 -8.99195 0.131135
225.843 -0.00402268 -0.00162622 9.12133 -8.99023 0.131098
225.854 -0.00402514 -0.00164133 9.11895 -8.98787 0.131076
225.865 -0.0040293 -0.00165322 9.11594 -8.98488 0.131052
225.876 -0.00403167 -0.00166463 9.11233 -8.98131 0.131018
225.888 -0.00403562 -0.00167305 9.10815 -8.97717 0.130981
225.899 -0.00404229 -0.00168602 9.10343 -8.97248 0.130952
225.91 -0.00405667 -0.00169509 9.09817 -8.96725 0.130923
225.921 -0.00406771 -0.00170728 9.09244 -8.96155 0.130887
225.933 -0.00408689 -0.00171336 9.08626 -8.95541 0.130855
225.944 -0.00410214 -0.00171924 9.07963 -8.94882 0.130816
225.955 -0.00411136 -0.00172749 9.07261 -8.94183 0.130778
225.966 -0.0041188 -0.00173158 9.06516 -8.93442 0.130741
225.978 -0.00412224 -0.00173503 9.05732 -8.92661 0.130708
225.989 -0.00413651 -0.0017346 9.04911 -8.91844 0.130674
226 -0.00415324 -0.00173025 9.04055 -8.90991 0.130645
226.011 -0.00416515 -0.00173186 9.03166 -8.90105 0.130608
226.022 -0.00417967 -0.00174145 9.02242 -8.89185 0.130571
226.034 -0.00420131 -0.00175578 9.01286 -8.88233 0.130533
226.045 -0.00422457 -0.00177212 9.00306 -8.87256 0.130501
226.056 -0.00423294 -0.00178361 8.99301 -8.86254 0.130472
226.067 -0.00424539 -0.00179231 8.9827 -8.85225 0.130449
226.079 -0.00425433 -0.00179581 8.97217 -8.84175 0.13042
226.09 -0.00425948 -0.00179638 8.9614 -8.83101 0.130394
226.101 -0.00426413 -0.00180348 8.95043 -8.82006 0.130371
226.112 -0.00427384 -0.00181875 8.93926 -8.80891 0.130349
226.124 -0.00428822 -0.0018333 8.9279 -8.79759 0.130315
226.135 -0.00428958 -0.00184987 8.91641 -8.78614 0.130275
226.146 -0.00429048 -0.00186371 8.9048 -8.77457 0.130234
226.157 -0.00429711 -0.00187802 8.89306 -8.76287 0.130194
226.169 -0.00430424 -0.00188853 8.88108 -8.75092 0.130164
226.18 -0.00431648 -0.00189815 8.86906 -8.73893 0.130127
226.191 -0.0043281 -0.00190677 8.85695 -8.72686 0.130091
226.202 -0.00434102 -0.00191453 8.84475 -8.7147 0.130051
226.213 -0.00435485 -0.00192521 8.83253 -8.70253 0.130007
226.225 -0.00436559 -0.00193837 8.82026 -8.69029 0.129968
226.236 -0.00437456 -0.00194664 8.8079 -8.67796 0.129935
226.247 -0.0043827 -0.0019519 8.79547 -8.66558 0.129898
226.258 -0.00440074 -0.00195342 8.78298 -8.65312 0.129856
226.27 -0.0044045 -0.0019493 8.77048 -8.64067 0.129814
226.281 -0.00440312 -0.00194643 8.75798 -8.62821 0.129773
226.292 -0.00439764 -0.00195056 8.74549 -8.61577 0.12972
226.303 -0.00439329 -0.00197364 8.73307 -8.60339 0.129677
226.315 -0.00438855 -0.00200318 8.72069 -8.59106 0.12963
226.326 -0.00438656 -0.00201896 8.70836 -8.57878 0.129579
226.337 -0.00438989 -0.00203208 8.69612 -8.56659 0.129533
226.348 -0.00439313 -0.00204937 8.684 -8.55451 0.129487
226.36 -0.00439515 -0.00206237 8.67187 -8.54242 0.129448
226.371 -0.0044005 -0.00206382 8.65989 -8.53048 0.129402
226.382 -0.00440904 -0.00206912 8.64803 -8.51869 0.129341
226.393 -0.00441948 -0.00208566 8.63626 -8.50696 0.129298
226.404 -0.00443216 -0.00210384 8.62462 -8.49536 0.129254
226.416 -0.00444327 -0.00212433 8.6131 -8.48389 0.12921
226.427 -0.00445396 -0.0021402 8.60171 -8.47254 0.129172
226.438 -0.0044659 -0.00216173 8.59049 -8.46137 0.129127
226.449 -0.0044682 -0.00217566 8.57942 -8.45034 0.129086
226.461 -0.00446984 -0.00218869 8.56852 -8.43948 0.129048
226.472 -0.00447265 -0.00220431 8.55782 -8.42881 0.129008
226.483 -0.0044759 -0.00221192 8.54731 -8.41834 0.128971
226.494 -0.00447807 -0.00222456 8.53697 -8.40803 0.128932
226.506 -0.00448401 -0.00223541 8.52687 -8.39797 0.128893
226.517 -0.0044861 -0.00224287 8.51684 -8.38798 0.128859
226.528 -0.00448051 -0.002251 8.50701 -8.37818 0.128831
226.539 -0.00446532 -0.00225485 8.49742 -8.36862 0.128797
226.551 -0.00444752 -0.0022744 8.48805 -8.35931 0.128748
226.562 -0.00442457 -0.00230129 8.47895 -8.35025 0.128699
226.573 -0.004407 -0.00233195 8.47008 -8.34144 0.128644
226.584 -0.00438918 -0.00235868 8.46147 -8.33288 0.128589
226.596 -0.0043699 -0.00238685 8.45316 -8.32462 0.128537
226.607 -0.00435444 -0.00241153 8.44512 -8.31663 0.12849
226.618 -0.00434942 -0.00243773 8.43732 -8.30888 0.128448
226.629 -0.00435348 -0.00246349 8.42976 -8.30135 0.128406
226.64 -0.00435112 -0.00248158 8.42249 -8.29412 0.128373
226.652 -0.00435104 -0.00249402 8.41549 -8.28715 0.128336
226.663 -0.00435093 -0.00250179 8.40877 -8.28048 0.128292
226.674 -0.00434004 -0.00250426 8.40235 -8.27411 0.128245
226.685 -0.00432478 -0.00250831 8.39624 -8.26804 0.1282
226.697 -0.0043113 -0.00250879 8.39042 -8.26227 0.128151
226.708 -0.00429464 -0.00251126 8.38497 -8.25686 0.128104
226.719 -0.00427878 -0.00251578 8.37983 -8.25178 0.128058
226.73 -0.00426452 -0.00252776 8.37507 -8.24707 0.128008
226.742 -0.00424952 -0.0025362 8.3707 -8.24273 0.127963
226.753 -0.0042284 -0.00254843 8.36668 -8.23877 0.127917
226.764 -0.00420793 -0.00256004 8.36298 -8.23511 0.127871
226.775 -0.00418948 -0.00256581 8.35963 -8.2318 0.127826
226.787 -0.00417349 -0.00256976 8.35661 -8.22882 0.127782
226.798 -0.00415646 -0.00256977 8.35389 -8.22615 0.127738
226.808 -0.00414333 -0.00257566 8.35164 -8.22395 0.127695
226.819 -0.004132 -0.00257649 8.34972 -8.22207 0.127653
226.829 -0.00411706 -0.00257997 8.34818 -8.22056 0.127619
226.839 -0.00410639 -0.00258293 8.34692 -8.21933 0.127586
226.849 -0.00408678 -0.00258551 8.3459 -8.21835 0.127548
226.859 -0.00406641 -0.0025856 8.34517 -8.21766 0.127513
226.869 -0.00404659 -0.00258543 8.34476 -8.21727 0.127485
226.879 -0.0040218 -0.00258655 8.34458 -8.21713 0.127452
226.889 -0.00399898 -0.00259179 8.34481 -8.21739 0.127419
226.899 -0.00397907 -0.00259011 8.34524 -8.21785 0.12739
226.91 -0.0039553 -0.00259067 8.3459 -8.21854 0.127351
226.92 -0.00393066 -0.00259382 8.34683 -8.21952 0.127313
226.93 -0.00390065 -0.00259788 8.34809 -8.22081 0.12728
226.94 -0.00387853 -0.00259927 8.34966 -8.22242 0.127241
226.95 -0.00385913 -0.00259387 8.35158 -8.22438 0.127206
226.96 -0.00384152 -0.00258749 8.35392 -8.22675 0.127174
226.97 -0.00382114 -0.00258226 8.35642 -8.22929 0.127138
226.98 -0.00379437 -0.00257608 8.3592 -8.2321 0.127102
226.99 -0.00377636 -0.00256421 8.36228 -8.2352 0.127077
227 -0.00375686 -0.00255347 8.3656 -8.23855 0.127049
227.011 -0.00373029 -0.00254445 8.36967 -8.24265 0.12702
227.022 -0.00370484 -0.00253509 8.3741 -8.24711 0.12699
227.033 -0.00367972 -0.0025256 8.37885 -8.25189 0.126956
227.044 -0.00365578 -0.00251855 8.3839 -8.25698 0.126926
227.056 -0.00363039 -0.00251588 8.38928 -8.26238 0.126898
227.067 -0.00361077 -0.00250915 8.39497 -8.26811 0.126864
227.078 -0.00358819 -0.00249699 8.40108 -8.27424 0.126833
227.089 -0.00357405 -0.00249042 8.4075 -8.28069 0.126812
227.1 -0.0035554 -0.00249084 8.41442 -8.28762 0.126792
227.112 -0.00353873 -0.00248626 8.42137 -8.2946 0.126773
227.123 -0.00352481 -0.00248285 8.42862 -8.30186 0.126756
227.134 -0.00351069 -0.00248082 8.43606 -8.30932 0.126736
227.145 -0.00349336 -0.00247832 8.44366 -8.31695 0.126717
227.157 -0.00348026 -0.00247685 8.4515 -8.3248 0.126705
227.168 -0.00346439 -0.00248201 8.45959 -8.33291 0.126687
227.179 -0.00344895 -0.00248305 8.46785 -8.34118 0.126667
227.19 -0.00343852 -0.00248179 8.47629 -8.34964 0.126649
227.202 -0.00342678 -0.00248562 8.4849 -8.35827 0.126632
227.213 -0.00341641 -0.00248245 8.49362 -8.367 0.126615
227.224 -0.00339937 -0.00247218 8.50244 -8.37585 0.126599
227.235 -0.00338818 -0.00246459 8.5113 -8.38472 0.126581
227.247 -0.00337303 -0.00245674 8.52024 -8.39368 0.126561
227.258 -0.00336643 -0.0024496 8.52921 -8.40267 0.126538
227.269 -0.00335777 -0.00245096 8.53818 -8.41166 0.126519
227.28 -0.00335039 -0.00244694 8.54714 -8.42064 0.126502
227.292 -0.00334179 -0.00244495 8.55607 -8.42958 0.126489
227.303 -0.00333307 -0.00244967 8.56492 -8.43844 0.126474
227.314 -0.00331765 -0.00245464 8.57368 -8.44722 0.126458
227.325 -0.00330944 -0.00245726 8.58234 -8.45589 0.126452
227.337 -0.0032934 -0.00246619 8.59089 -8.46445 0.126442
227.348 -0.00328078 -0.00246749 8.59932 -8.47289 0.126433
227.359 -0.00326809 -0.00247165 8.60759 -8.48116 0.126428
227.37 -0.00325165 -0.00247547 8.61567 -8.48924 0.126425
227.382 -0.00323732 -0.00248155 8.62356 -8.49714 0.12642
227.393 -0.00322578 -0.0024848 8.63124 -8.50482 0.126416
227.404 -0.00321153 -0.00249368 8.63863 -8.51222 0.126408
227.415 -0.00319433 -0.00250941 8.64573 -8.51933 0.126397
227.427 -0.00318187 -0.00252187 8.65274 -8.52635 0.126384
227.438 -0.00316686 -0.00253546 8.65921 -8.53285 0.126368
227.449 -0.00315356 -0.00254731 8.6654 -8.53904 0.126355
227.46 -0.0031418 -0.00256682 8.67123 -8.5449 0.126337
227.471 -0.00313869 -0.00257682 8.67677 -8.55045 0.126322
227.483 -0.00312729 -0.00258966 8.68206 -8.55575 0.126312
227.494 -0.00311998 -0.00260638 8.68697 -8.56066 0.126304
227.505 -0.0031119 -0.00262147 8.69144 -8.56514 0.126297
227.516 -0.00310126 -0.00263588 8.6955 -8.56922 0.126282
227.528 -0.00309041 -0.00264645 8.69935 -8.57308 0.12627
227.539 -0.00307951 -0.0026609 8.70268 -8.57643 0.126255
227.55 -0.00307293 -0.00267445 8.70551 -8.57927 0.126242
227.561 -0.00307263 -0.00268888 8.70787 -8.58165 0.126228
227.573 -0.00307197 -0.00270337 8.7098 -8.58358 0.126215
227.584 -0.00306828 -0.00271503 8.71126 -8.58506 0.126201
227.595 -0.00306248 -0.00273668 8.71224 -8.58605 0.126191
227.606 -0.00306509 -0.00275732 8.7128 -8.58662 0.126182
227.618 -0.00306254 -0.00277953 8.71286 -8.58668 0.126172
227.629 -0.00306185 -0.00281376 8.71241 -8.58625 0.12616
227.64 -0.00306187 -0.00284353 8.71141 -8.58527 0.126148
227.651 -0.00305944 -0.00286903 8.70999 -8.58385 0.126139
227.663 -0.00306078 -0.00289158 8.70792 -8.5818 0.126125
227.674 -0.00306392 -0.00291342 8.70533 -8.57922 0.126111
227.685 -0.00305934 -0.00293941 8.7023 -8.5762 0.126098
227.696 -0.00305712 -0.00296581 8.69895 -8.57287 0.126085
227.708 -0.00305322 -0.0029905 8.69478 -8.56871 0.126077
227.719 -0.00305589 -0.00301585 8.69016 -8.56409 0.126066
227.73 -0.00305447 -0.00304569 8.68499 -8.55894 0.126048
227.741 -0.00305666 -0.00307207 8.6793 -8.55327 0.126032
227.753 -0.00305439 -0.00310082 8.67307 -8.54706 0.126018
227.764 -0.00305034 -0.00313149 8.66618 -8.54018 0.126002
227.775 -0.00304191 -0.00315531 8.65885 -8.53286 0.125988
227.786 -0.00303825 -0.00317702 8.65108 -8.52511 0.12597
227.798 -0.0030306 -0.00320446 8.64278 -8.51682 0.125955
227.809 -0.00302566 -0.00322826 8.63393 -8.50799 0.125939
227.82 -0.00301742 -0.00325525 8.62467 -8.49875 0.125922
227.831 -0.00301578 -0.00328631 8.61489 -8.48899 0.125907
227.843 -0.00301609 -0.00331586 8.60453 -8.47864 0.125889
227.854 -0.00301335 -0.00334232 8.59375 -8.46787 0.125876
227.865 -0.0030095 -0.00336731 8.58252 -8.45666 0.125861
227.876 -0.00300126 -0.00338935 8.57095 -8.44509 0.125856
227.888 -0.00299566 -0.00341313 8.55891 -8.43306 0.125845
227.899 -0.00299069 -0.00344467 8.54646 -8.42063 0.125833
227.91 -0.00298425 -0.00347569 8.53373 -8.40791 0.12582
227.921 -0.00297123 -0.00350522 8.52043 -8.39463 0.125806
227.933 -0.00296028 -0.0035312 8.50674 -8.38095 0.125786
227.944 -0.00294535 -0.00355953 8.49261 -8.36685 0.125761
227.955 -0.00292216 -0.0035866 8.47813 -8.35239 0.125742
227.966 -0.00290218 -0.00361445 8.46331 -8.33758 0.125729
227.978 -0.0028859 -0.00365035 8.4482 -8.32249 0.125713
227.989 -0.00287279 -0.00367413 8.43286 -8.30717 0.125691
228 -0.00285933 -0.00370326 8.41726 -8.2916 0.125668
228.011 -0.00284428 -0.00373035 8.4014 -8.27575 0.125644
228.022 -0.00282957 -0.00375319 8.38525 -8.25964 0.125613
228.034 -0.00281734 -0.00377286 8.36889 -8.24331 0.125585
228.045 -0.00280128 -0.00379632 8.3523 -8.22675 0.125554
228.056 -0.00279507 -0.00381186 8.33556 -8.21004 0.125523
228.067 -0.00278121 -0.00383685 8.31857 -8.19307 0.125493
228.079 -0.00276889 -0.00386146 8.30128 -8.17582 0.125457
228.09 -0.0027526 -0.00388437 8.28367 -8.15825 0.125416
228.101 -0.00273497 -0.00390666 8.26581 -8.14043 0.12538
228.112 -0.00272362 -0.00392931 8.24781 -8.12247 0.12534
228.124 -0.00271609 -0.003952 8.22943 -8.10413 0.125304
228.135 -0.00271076 -0.0039779 8.21088 -8.08561 0.125267
228.146 -0.00270083 -0.00400055 8.19203 -8.0668 0.12523
228.157 -0.00268895 -0.00402108 8.17288 -8.04769 0.125192
228.169 -0.00267741 -0.00404207 8.15337 -8.02821 0.125158
228.18 -0.00267016 -0.00405955 8.13353 -8.00842 0.12511
228.191 -0.00266099 -0.00407951 8.11342 -7.98835 0.125077
228.202 -0.00265013 -0.00409689 8.09291 -7.96787 0.125039
228.213 -0.00264669 -0.00411216 8.07197 -7.94697 0.125003
228.225 -0.00264126 -0.00412677 8.05061 -7.92564 0.124964
228.236 -0.00263567 -0.00414787 8.0288 -7.90387 0.124929
228.247 -0.00263008 -0.0041658 8.00653 -7.88164 0.124888
228.258 -0.00262314 -0.00418221 7.98379 -7.85894 0.124843
228.27 -0.00261481 -0.00420172 7.96053 -7.83573 0.124804
228.281 -0.00260934 -0.00422367 7.93668 -7.81192 0.12476
228.292 -0.00259955 -0.00424387 7.91227 -7.78755 0.124716
228.303 -0.00258758 -0.00426675 7.88718 -7.76251 0.124669
228.315 -0.00257772 -0.00428557 7.86149 -7.73687 0.124617
228.326 -0.00257115 -0.00430396 7.83506 -7.7105 0.12456
228.337 -0.00256352 -0.00432979 7.8079 -7.6834 0.124503
228.348 -0.00254752 -0.00435226 7.77992 -7.65548 0.12444
228.36 -0.00253454 -0.00437124 7.7511 -7.62671 0.124386
228.371 -0.00252253 -0.00438933 7.72143 -7.5971 0.124327
228.382 -0.00251322 -0.00440665 7.69085 -7.56658 0.124272
228.393 -0.002503 -0.00442346 7.65927 -7.53505 0.12422
228.404 -0.0024936 -0.00443613 7.62668 -7.50252 0.124163
228.416 -0.0024824 -0.00444797 7.59301 -7.4689 0.124107
228.427 -0.00246517 -0.0044647 7.55813 -7.43408 0.124049
228.438 -0.00245282 -0.00449158 7.52211 -7.39812 0.123995
228.449 -0.00244224 -0.00451221 7.48479 -7.36085 0.123935
228.461 -0.00242859 -0.00453447 7.44615 -7.32228 0.123879
228.472 -0.00242025 -0.00454954 7.40614 -7.28231 0.12383
228.483 -0.00240871 -0.00456483 7.36468 -7.24091 0.12377
228.494 -0.00239822 -0.00458606 7.32177 -7.19806 0.123711
228.506 -0.00238074 -0.00460509 7.27745 -7.15379 0.123653
228.517 -0.00236553 -0.00462486 7.23144 -7.10785 0.123587
228.528 -0.00234651 -0.00463166 7.18375 -7.06023 0.12352
228.539 -0.00232722 -0.00464481 7.13433 -7.01088 0.123452
228.551 -0.00230456 -0.00465414 7.08306 -6.95967 0.123388
228.562 -0.00228138 -0.00466384 7.02994 -6.90662 0.123324
228.573 -0.00226385 -0.00467442 6.97494 -6.85168 0.123264
228.584 -0.00224674 -0.00468452 6.91794 -6.79474 0.123198
228.596 -0.00222559 -0.00469536 6.85886 -6.73573 0.123134
228.607 -0.00220337 -0.00470469 6.79775 -6.67468 0.123069
228.618 -0.00218308 -0.00471013 6.73453 -6.61152 0.123005
228.629 -0.00216234 -0.00471371 6.66914 -6.5462 0.12294
228.64 -0.00213997 -0.00472107 6.60153 -6.47866 0.122873
228.652 -0.00211808 -0.00472507 6.53158 -6.40876 0.122812
228.663 -0.00209588 -0.00472966 6.45922 -6.33647 0.12275
228.674 -0.00207317 -0.00473517 6.38443 -6.26175 0.122687
228.685 -0.0020459 -0.00473553 6.30707 -6.18445 0.122627
228.697 -0.00202446 -0.00473581 6.22709 -6.10453 0.122565
228.708 -0.00200151 -0.00473566 6.14479 -6.02229 0.122497
228.719 -0.00198033 -0.0047325 6.05986 -5.93743 0.122434
228.73 -0.00195821 -0.0047334 5.97219 -5.84983 0.122367
228.742 -0.00193569 -0.00473767 5.88193 -5.75963 0.122308
228.753 -0.00191545 -0.00474284 5.78891 -5.66667 0.122245
228.764 -0.00189293 -0.00474925 5.69322 -5.57103 0.122187
228.775 -0.00187192 -0.00475493 5.59481 -5.47268 0.122129
228.787 -0.00185191 -0.00476184 5.49364 -5.37157 0.12207
228.798 -0.0018305 -0.00476811 5.38976 -5.26775 0.122007
228.809 -0.0018084 -0.00477725 5.28325 -5.16131 0.121945
228.82 -0.00178981 -0.00478901 5.17401 -5.05214 0.121879
228.831 -0.00176541 -0.00479732 5.06206 -4.94025 0.121815
228.843 -0.00174686 -0.0048052 4.94734 -4.82559 0.121749
228.854 -0.00172295 -0.00481494 4.82982 -4.70813 0.121689
228.865 -0.00170027 -0.00482305 4.70949 -4.58786 0.121626
228.876 -0.00167652 -0.00483246 4.58649 -4.46492 0.121565
228.888 -0.00165872 -0.00483719 4.46086 -4.33937 0.121496
228.899 -0.0016386 -0.00484324 4.33277 -4.21134 0.121427
228.91 -0.00162374 -0.00484852 4.2022 -4.08084 0.121361
228.921 -0.00160703 -0.00485946 4.06914 -3.94785 0.121291
228.933 -0.0015938 -0.00486707 3.93359 -3.81236 0.121229
228.944 -0.00158048 -0.00487645 3.7954 -3.67423 0.121169
228.955 -0.00156575 -0.00488056 3.65502 -3.53392 0.121101
228.964 -0.00155697 -0.00488076 3.5414 -3.42035 0.121046
228.973 -0.00155233 -0.00488088 3.42641 -3.30542 0.120992
228.982 -0.00154375 -0.00487928 3.31008 -3.18914 0.120938
228.991 -0.00153853 -0.00488081 3.19239 -3.07151 0.120888
229 -0.00153195 -0.00488279 3.07339 -2.95255 0.120836
229.01 -0.00152589 -0.00488464 2.93507 -2.8143 0.120772
229.021 -0.00151747 -0.0048831 2.79365 -2.67294 0.120713
229.031 -0.00151201 -0.00487974 2.64911 -2.52846 0.12065
229.042 -0.00150651 -0.00487581 2.503 -2.38242 0.120582
229.052 -0.00149767 -0.00487359 2.35372 -2.2332 0.120515
229.063 -0.00148361 -0.00486974 2.20303 -2.08258 0.120452
229.074 -0.00147418 -0.00486883 2.04935 -1.92896 0.120386
229.084 -0.00146219 -0.00486521 1.90925 -1.78892 0.120326
229.094 -0.00145425 -0.00486638 1.7651 -1.64483 0.12027
229.104 -0.00144379 -0.0048697 1.61833 -1.49811 0.120218
229.114 -0.00143482 -0.00486985 1.46881 -1.34864 0.120163
229.124 -0.00143239 -0.00486994 1.31661 -1.19651 0.120106
229.134 -0.0014285 -0.00487747 1.16363 -1.04358 0.12005
229.145 -0.00142254 -0.00487926 1.00808 -0.888084 0.119995
229.155 -0.00141336 -0.00488271 0.849926 -0.729987 0.119939
229.166 -0.00140504 -0.00489019 0.691043 -0.571162 0.119881
229.177 -0.00139501 -0.00489493 0.529387 -0.409561 0.119825
229.187 -0.00139391 -0.00490039 0.367169 -0.247403 0.119765
229.198 -0.0013924 -0.00490927 0.204575 -0.0848662 0.119708
229.208 -0.00138723 -0.00491923 0.0499439 0.0697184 0.119662
229.218 -0.00139017 -0.00492637 -0.106925 0.226536 0.119612
229.229 -0.00139378 -0.00493673 -0.264048 0.383613 0.119566
229.239 -0.00139229 -0.00494604 -0.423501 0.543016 0.119515
229.25 -0.00139494 -0.00495498 -0.585393 0.704857 0.119463
229.26 -0.00139552 -0.00497036 -0.747254 0.866667 0.119413
229.271 -0.00139248 -0.00497924 -0.908795 1.02815 0.119357
229.282 -0.00139244 -0.00499081 -1.07246 1.19177 0.119311
229.292 -0.00139161 -0.00500356 -1.23609 1.35535 0.119261
229.303 -0.00138665 -0.0050187 -1.39943 1.51864 0.11921
229.314 -0.00138981 -0.00503533 -1.56234 1.6815 0.119162
229.325 -0.00138774 -0.00505339 -1.72743 1.84655 0.119115
229.336 -0.00138305 -0.00507386 -1.89189 2.01095 0.119066
229.346 -0.00138412 -0.00509484 -2.05565 2.17467 0.119018
229.357 -0.00137947 -0.00511737 -2.21887 2.33784 0.118977
229.368 -0.0013728 -0.00514394 -2.37345 2.49238 0.118929
229.378 -0.00136918 -0.00516507 -2.52708 2.64596 0.118881
229.389 -0.0013657 -0.00518982 -2.6825 2.80134 0.118837
229.399 -0.00136399 -0.00521576 -2.83704 2.95583 0.11879
229.41 -0.00135654 -0.00524385 -2.99038 3.10911 0.118733
229.42 -0.00134795 -0.00526629 -3.14282 3.26151 0.118692
229.431 -0.00134582 -0.00529389 -3.2942 3.41285 0.118653
229.442 -0.00134473 -0.0053145 -3.44698 3.56559 0.118609
229.452 -0.00134381 -0.00533646 -3.59841 3.71698 0.11857
229.463 -0.00133551 -0.00536372 -3.74841 3.86694 0.118527
229.474 -0.00133675 -0.00538877 -3.89699 4.01548 0.118495
229.484 -0.00133279 -0.00541003 -4.04409 4.16255 0.118457
229.495 -0.00132249 -0.0054397 -4.18941 4.30783 0.11842
229.506 -0.00131762 -0.00545687 -4.33607 4.45447 0.118392
229.517 -0.00131602 -0.00547318 -4.48073 4.59909 0.118362
229.528 -0.00132284 -0.00549285 -4.62352 4.74187 0.118344
229.539 -0.00132777 -0.00551465 -4.7642 4.88253 0.118324
229.55 -0.00133459 -0.00553236 -4.90288 5.0212 0.118316
229.561 -0.00133598 -0.0055519 -5.03918 5.15748 0.118299
229.572 -0.00134506 -0.00557408 -5.17312 5.29141 0.118292
229.583 -0.00135384 -0.00559444 -5.30468 5.42297 0.118284
229.594 -0.0013574 -0.00561893 -5.43387 5.55215 0.11828
229.605 -0.0013629 -0.00563218 -5.56036 5.67862 0.118268
229.616 -0.00136971 -0.00564808 -5.68409 5.80235 0.118264
229.627 -0.0013807 -0.00567697 -5.80518 5.92344 0.118261
229.638 -0.00138424 -0.00570158 -5.92342 6.04168 0.118256
229.649 -0.00139148 -0.00571838 -6.03872 6.15697 0.118253
229.66 -0.00140103 -0.00573854 -6.15096 6.26921 0.118251
229.671 -0.00141022 -0.00575826 -6.26007 6.37832 0.118245
229.682 -0.00141612 -0.0057866 -6.36596 6.4842 0.11824
229.693 -0.00141417 -0.00581066 -6.46858 6.58681 0.11823
229.704 -0.00140937 -0.00584104 -6.56785 6.68606 0.11821
229.715 -0.00140612 -0.00587278 -6.66375 6.78195 0.118199
229.726 -0.00140564 -0.00590707 -6.75638 6.87457 0.118191
229.737 -0.00140739 -0.00594217 -6.84563 6.96381 0.118174
229.748 -0.00141094 -0.00597672 -6.93134 7.0495 0.118158
229.758 -0.00141734 -0.00601272 -7.00715 7.12529 0.118145
229.768 -0.00142309 -0.00604531 -7.07985 7.19799 0.118139
229.778 -0.00143012 -0.00607747 -7.14962 7.26776 0.11814
229.788 -0.00143924 -0.00610941 -7.21626 7.33439 0.118139
229.798 -0.00144759 -0.00613944 -7.27996 7.3981 0.118135
229.808 -0.0014576 -0.00616932 -7.34064 7.45877 0.118134
229.818 -0.00146937 -0.00619767 -7.39826 7.51639 0.118136
229.828 -0.00147401 -0.00623269 -7.45279 7.57093 0.118139
229.838 -0.00148057 -0.00627023 -7.50428 7.62242 0.118143
229.849 -0.00149213 -0.00630811 -7.55263 7.67077 0.118141
229.859 -0.00150639 -0.00633824 -7.59779 7.71593 0.118143
229.869 -0.00152278 -0.0063702 -7.63977 7.75792 0.11815
229.879 -0.00153691 -0.00640233 -7.67857 7.79673 0.118158
229.889 -0.00154677 -0.00642599 -7.7142 7.83237 0.118168
229.899 -0.00155895 -0.00644535 -7.74661 7.86478 0.118176
229.909 -0.00157145 -0.00646816 -7.77586 7.89404 0.118182
229.919 -0.00158131 -0.00649147 -7.80193 7.92012 0.118186
229.929 -0.00158685 -0.0065184 -7.82486 7.94306 0.118198
229.938 -0.00159368 -0.00654459 -7.84258 7.96079 0.118211
229.946 -0.00160154 -0.00656827 -7.85638 7.97461 0.118226
229.954 -0.00160412 -0.00658764 -7.86837 7.98661 0.11824
229.961 -0.00160893 -0.00660557 -7.87868 7.99694 0.118255
229.969 -0.00161055 -0.00662298 -7.88724 8.00551 0.118267
229.977 -0.0016157 -0.00664034 -7.89408 8.01236 0.118281
229.985 -0.00162162 -0.00666268 -7.89926 8.01755 0.118294
229.992 -0.0016244 -0.00667604 -7.90279 8.02109 0.118302
230 -0.00162719 -0.00670216 -7.90466 8.02297 0.118313
230.009 -0.00162964 -0.00671841 -7.90451 8.02284 0.118323
230.019 -0.00163316 -0.00673571 -7.90193 8.02027 0.118339
230.028 -0.00163155 -0.00675193 -7.89742 8.01577 0.118353
230.036 -0.00162996 -0.00676603 -7.89074 8.0091 0.118366
230.046 -0.00162848 -0.00677911 -7.88174 8.00012 0.11838
230.055 -0.00162423 -0.00679348 -7.87026 7.98866 0.118395
230.065 -0.001626 -0.00680806 -7.85639 7.97481 0.118417
230.074 -0.00162456 -0.00682033 -7.84 7.95844 0.118435
230.084 -0.00162251 -0.00683657 -7.82104 7.9395 0.118453
230.094 -0.00162045 -0.0068561 -7.79965 7.91813 0.118477
230.104 -0.00162103 -0.00687608 -7.77582 7.89433 0.118503
230.114 -0.00162423 -0.00689509 -7.74947 7.868 0.118531
230.125 -0.0016335 -0.00691552 -7.72061 7.83917 0.118562
230.135 -0.00163777 -0.00693486 -7.68956 7.80815 0.11859
230.145 -0.00164322 -0.00696006 -7.65597 7.7746 0.118626
230.156 -0.00164522 -0.00697999 -7.61982 7.73848 0.118659
230.166 -0.00164307 -0.00699222 -7.58154 7.70024 0.118695
230.177 -0.00164552 -0.0070101 -7.54072 7.65945 0.118738
230.188 -0.00164445 -0.00702634 -7.49791 7.61669 0.118783
230.198 -0.00164839 -0.00703903 -7.45317 7.57199 0.118823
230.209 -0.00164831 -0.00705002 -7.40575 7.52462 0.118869
230.22 -0.00164567 -0.00706033 -7.35644 7.47536 0.118914
230.231 -0.00165117 -0.00706763 -7.30528 7.42424 0.118958
230.242 -0.00165854 -0.00708177 -7.25234 7.37134 0.119001
230.253 -0.00166538 -0.00708941 -7.19688 7.31592 0.11904
230.264 -0.00166943 -0.00709392 -7.13969 7.25876 0.119075
230.275 -0.00166518 -0.00710188 -7.08083 7.19994 0.119112
230.286 -0.00165658 -0.00711352 -7.02042 7.13957 0.119152
230.297 -0.00164985 -0.00711836 -6.95847 7.07767 0.119194
230.308 -0.00164667 -0.00712245 -6.89502 7.01427 0.119242
230.319 -0.0016459 -0.00712089 -6.8302 6.94949 0.119288
230.33 -0.00164406 -0.00711575 -6.76408 6.88342 0.119338
230.341 -0.00164184 -0.00711603 -6.69565 6.81504 0.119388
230.352 -0.00164122 -0.00711279 -6.62607 6.7455 0.119435
230.363 -0.00163862 -0.00711127 -6.55546 6.67494 0.119477
230.374 -0.00163348 -0.00711287 -6.48372 6.60324 0.119525
230.386 -0.0016309 -0.00711612 -6.41098 6.53055 0.119574
230.397 -0.00162799 -0.00712824 -6.33724 6.45687 0.119628
230.408 -0.00162533 -0.00713714 -6.26256 6.38225 0.119685
230.419 -0.00162191 -0.00714648 -6.18709 6.30684 0.119746
230.43 -0.00162193 -0.00714873 -6.11102 6.23083 0.119807
230.441 -0.00161617 -0.00714927 -6.03431 6.15418 0.11987
230.453 -0.00161715 -0.00715685 -5.95706 6.077 0.119936
230.464 -0.00161809 -0.00716263 -5.87938 5.99938 0.119998
230.475 -0.00161992 -0.00717121 -5.80132 5.92139 0.120068
230.486 -0.00162195 -0.00717806 -5.72302 5.84316 0.120141
230.497 -0.00162782 -0.00718589 -5.64457 5.76477 0.120203
230.508 -0.00162555 -0.00719388 -5.56608 5.68635 0.120269
230.52 -0.00162175 -0.00720248 -5.48751 5.60784 0.120333
230.531 -0.00162225 -0.0072151 -5.40898 5.52938 0.120401
230.542 -0.00161794 -0.00722557 -5.33048 5.45094 0.120467
230.553 -0.00162242 -0.00723616 -5.25203 5.37256 0.120529
230.564 -0.00162287 -0.00724776 -5.17372 5.29431 0.120586
230.575 -0.00162634 -0.00725615 -5.09559 5.21623 0.120648
230.587 -0.00163265 -0.00726384 -5.01768 5.13839 0.120711
230.598 -0.00163756 -0.00726875 -4.94011 5.06089 0.120779
230.609 -0.00164705 -0.00726705 -4.86287 4.98371 0.120839
230.62 -0.00165554 -0.00726395 -4.78602 4.90692 0.1209
230.631 -0.00166528 -0.00726356 -4.70963 4.83059 0.120958
230.642 -0.00167717 -0.00726524 -4.63371 4.75472 0.121016
230.654 -0.00168939 -0.00726601 -4.55818 4.67926 0.121081
230.665 -0.00170076 -0.00726258 -4.48338 4.60453 0.121145
230.676 -0.00171301 -0.00725446 -4.40912 4.53033 0.121212
230.687 -0.00173001 -0.00724649 -4.33565 4.45694 0.121285
230.698 -0.00174505 -0.00723882 -4.26284 4.38419 0.121348
230.71 -0.00175778 -0.0072333 -4.19095 4.31237 0.121418
230.721 -0.00177163 -0.00722619 -4.11978 4.24126 0.121487
230.732 -0.00178414 -0.00721474 -4.04959 4.17115 0.121553
230.743 -0.00179342 -0.00721029 -3.98029 4.1019 0.121613
230.754 -0.00180574 -0.0072019 -3.91194 4.03361 0.121674
230.765 -0.0018165 -0.00719596 -3.84464 3.96637 0.121734
230.777 -0.0018288 -0.0071936 -3.77821 3.9 0.121794
230.788 -0.00184106 -0.00719107 -3.7128 3.83466 0.121856
230.799 -0.00185758 -0.00718911 -3.64856 3.77048 0.121924
230.81 -0.00187721 -0.00719641 -3.58544 3.70744 0.121995
230.821 -0.00189888 -0.00720625 -3.52331 3.64537 0.122065
230.832 -0.00192239 -0.00721536 -3.46253 3.58467 0.122133
230.844 -0.00194471 -0.00722018 -3.40298 3.52518 0.122204
230.855 -0.00196044 -0.00722938 -3.34469 3.46696 0.122269
230.866 -0.00197177 -0.0072424 -3.28761 3.40994 0.122331
230.877 -0.00198355 -0.00725032 -3.23207 3.35446 0.122393
230.888 -0.00199094 -0.00724941 -3.17792 3.30037 0.122451
230.899 -0.00200428 -0.00724607 -3.1252 3.24771 0.122508
230.911 -0.00201598 -0.00724043 -3.07383 3.1964 0.122564
230.922 -0.00203056 -0.00723352 -3.0241 3.14671 0.122616
230.933 -0.00204648 -0.00722799 -2.976 3.09867 0.122668
230.944 -0.00206174 -0.00722184 -2.92956 3.05228 0.122719
230.955 -0.00208168 -0.0072148 -2.88491 3.00767 0.122764
230.966 -0.00209872 -0.00721008 -2.84196 2.96476 0.122809
230.978 -0.00211981 -0.00720453 -2.80098 2.92383 0.122852
230.989 -0.00213816 -0.00719296 -2.76187 2.88476 0.122892
231 -0.00215645 -0.00718224 -2.72474 2.84767 0.12293
231.011 -0.00218148 -0.00717672 -2.6894 2.81236 0.122967
231.022 -0.0022004 -0.00717502 -2.6561 2.7791 0.123
231.034 -0.00221907 -0.00717412 -2.62488 2.74791 0.123029
231.045 -0.00224051 -0.00717572 -2.59577 2.71883 0.123061
231.056 -0.0022657 -0.00717434 -2.56886 2.69195 0.123088
231.067 -0.00229071 -0.00717597 -2.54419 2.6673 0.123114
231.079 -0.00230928 -0.00717188 -2.52181 2.64495 0.123143
231.09 -0.00233231 -0.00716852 -2.50175 2.62492 0.123168
231.101 -0.00235333 -0.00716575 -2.48401 2.6072 0.12319
231.112 -0.00237359 -0.00715685 -2.46859 2.59181 0.123216
231.124 -0.00238813 -0.00715189 -2.45543 2.57867 0.123239
231.135 -0.00240357 -0.00714017 -2.44463 2.56788 0.123255
231.146 -0.00242212 -0.00711935 -2.43601 2.55928 0.123275
231.157 -0.00244501 -0.00710034 -2.42955 2.55284 0.123293
231.169 -0.00247202 -0.00708274 -2.42525 2.54856 0.123311
231.18 -0.00249678 -0.00706529 -2.42313 2.54646 0.123334
231.191 -0.0025208 -0.00704751 -2.42298 2.54633 0.123351
231.202 -0.00255171 -0.00703116 -2.42471 2.54807 0.123362
231.213 -0.00258306 -0.00701269 -2.42821 2.55159 0.123381
231.225 -0.0026145 -0.00699372 -2.43328 2.55668 0.123398
231.236 -0.00263984 -0.00697698 -2.43986 2.56327 0.123411
231.247 -0.00266156 -0.00695948 -2.44771 2.57114 0.123425
231.258 -0.00268348 -0.00694452 -2.45665 2.58009 0.123442
231.27 -0.00270644 -0.00692029 -2.46663 2.59008 0.123453
231.281 -0.0027293 -0.00689584 -2.47747 2.60094 0.123464
231.292 -0.00275436 -0.00687332 -2.48897 2.61244 0.123472
231.303 -0.00277084 -0.00684971 -2.50103 2.62451 0.123479
231.315 -0.00278675 -0.00683189 -2.5134 2.63689 0.123483
231.326 -0.00280723 -0.00681066 -2.52596 2.64945 0.123493
231.337 -0.00282385 -0.00678576 -2.53872 2.66222 0.123501
231.348 -0.00284155 -0.00676067 -2.55149 2.675 0.123515
231.36 -0.00286337 -0.00673815 -2.56428 2.68781 0.123532
231.371 -0.00287977 -0.00671663 -2.57698 2.70052 0.123549
231.382 -0.00289573 -0.00669507 -2.58947 2.71304 0.123567
231.393 -0.00290949 -0.00667052 -2.60178 2.72536 0.12358
231.404 -0.00291913 -0.00664805 -2.61388 2.73747 0.123596
231.416 -0.0029312 -0.00662797 -2.6257 2.74931 0.123611
231.427 -0.00294184 -0.00661073 -2.63721 2.76083 0.123625
231.438 -0.00294835 -0.00659038 -2.64832 2.77196 0.123642
231.449 -0.00295428 -0.00657264 -2.65897 2.78263 0.123663
231.461 -0.00295994 -0.00654705 -2.66923 2.79292 0.123684
231.472 -0.00296412 -0.00652559 -2.679 2.8027 0.123697
231.483 -0.00296778 -0.00650563 -2.68833 2.81205 0.123715
231.494 -0.00297079 -0.00648533 -2.69721 2.82094 0.123735
231.506 -0.00297183 -0.0064593 -2.70563 2.82938 0.123753
231.517 -0.00297127 -0.00643507 -2.71355 2.83732 0.12377
231.528 -0.00297247 -0.0064145 -2.72102 2.84481 0.123783
231.539 -0.00297409 -0.00640007 -2.728 2.8518 0.123793
231.551 -0.00297657 -0.00638203 -2.7344 2.8582 0.123804
231.562 -0.00297771 -0.00636485 -2.74021 2.86403 0.123813
231.573 -0.00297711 -0.00634934 -2.74547 2.86929 0.123819
231.584 -0.00297626 -0.00633956 -2.7502 2.87403 0.123829
231.596 -0.00297499 -0.00633001 -2.75433 2.87817 0.123839
231.607 -0.0029685 -0.00631669 -2.75791 2.88176 0.123848
231.618 -0.00296275 -0.00630824 -2.7609 2.88476 0.123855
231.629 -0.00295384 -0.00629702 -2.76334 2.8872 0.12386
231.64 -0.00294635 -0.00628648 -2.76521 2.88907 0.123859
231.652 -0.00293455 -0.00627952 -2.7665 2.89036 0.123865
231.663 -0.0029238 -0.00627393 -2.76718 2.89105 0.123873
231.674 -0.00291363 -0.00626812 -2.76732 2.8912 0.12388
231.685 -0.0029076 -0.0062648 -2.76687 2.89076 0.123887
231.697 -0.00289879 -0.00626397 -2.76584 2.88974 0.123894
231.708 -0.00288846 -0.00625953 -2.76422 2.88813 0.123906
231.719 -0.00288005 -0.00625441 -2.76203 2.88595 0.123918
231.73 -0.00287063 -0.00624492 -2.75925 2.88318 0.123929
231.742 -0.00286114 -0.00623396 -2.75588 2.87982 0.12394
231.753 -0.00284995 -0.00622438 -2.75189 2.87584 0.123957
231.764 -0.0028435 -0.00621514 -2.74725 2.87122 0.123972
231.775 -0.00284103 -0.00620715 -2.74207 2.86605 0.123981
231.787 -0.0028354 -0.00619624 -2.73623 2.86022 0.123993
231.798 -0.00283352 -0.00618906 -2.72972 2.85373 0.124006
231.809 -0.00282932 -0.00617868 -2.72252 2.84653 0.124013
231.82 -0.00282645 -0.00617693 -2.71458 2.8386 0.124022
231.831 -0.00282479 -0.00617457 -2.70595 2.82998 0.124027
231.843 -0.00282028 -0.00617367 -2.69669 2.82072 0.124032
231.854 -0.00281083 -0.00617344 -2.68665 2.81069 0.124035
231.865 -0.00280208 -0.00617006 -2.67587 2.79991 0.124042
231.876 -0.00279642 -0.00616924 -2.66441 2.78846 0.124051
231.888 -0.00279051 -0.00616624 -2.65218 2.77624 0.124065
231.899 -0.00278612 -0.0061634 -2.63916 2.76324 0.124081
231.91 -0.00277327 -0.00615836 -2.62538 2.74948 0.124096
231.921 -0.00275939 -0.00615828 -2.61087 2.73499 0.124114
231.933 -0.00274889 -0.00615266 -2.59556 2.71969 0.12413
231.944 -0.0027378 -0.00615205 -2.57953 2.70367 0.124146
231.955 -0.00273116 -0.00615193 -2.5627 2.68686 0.124157
231.966 -0.00271954 -0.0061557 -2.54509 2.66926 0.124171
231.978 -0.00270543 -0.00616083 -2.52669 2.65088 0.124181
231.989 -0.00269331 -0.006164 -2.50754 2.63174 0.124193
232 -0.00267764 -0.00615967 -2.48752 2.61173 0.124207
232.011 -0.00266217 -0.00615554 -2.46668 2.5909 0.12422
232.022 -0.00264562 -0.00614778 -2.44501 2.56924 0.124233
232.034 -0.00262955 -0.00614339 -2.42252 2.54676 0.124248
232.045 -0.00260998 -0.0061363 -2.39928 2.52355 0.124263
232.056 -0.00259631 -0.00613392 -2.37517 2.49945 0.124285
232.067 -0.00258791 -0.00612827 -2.35024 2.47455 0.124309
232.079 -0.0025822 -0.00612402 -2.32445 2.44878 0.124327
232.09 -0.00257211 -0.00612117 -2.29779 2.42214 0.124348
232.101 -0.00256062 -0.00611353 -2.27026 2.39463 0.12437
232.112 -0.00254514 -0.00610653 -2.24184 2.36623 0.124391
232.124 -0.00252788 -0.00609973 -2.21255 2.33696 0.12441
232.135 -0.00251223 -0.00608597 -2.18236 2.30678 0.124427
232.146 -0.00249444 -0.00607661 -2.15129 2.27573 0.124442
232.157 -0.00247649 -0.00606295 -2.11933 2.24379 0.124456
232.169 -0.00245812 -0.00605028 -2.08648 2.21095 0.124469
232.18 -0.00243923 -0.0060436 -2.05273 2.17721 0.124485
232.191 -0.00242957 -0.00603486 -2.01824 2.14274 0.124502
232.202 -0.00241791 -0.00602268 -1.98293 2.10745 0.124522
232.213 -0.00240958 -0.00601115 -1.94678 2.07133 0.124547
232.225 -0.00240071 -0.00600318 -1.90977 2.03434 0.124568
232.236 -0.00239293 -0.00598763 -1.872 1.99658 0.124588
232.247 -0.00238482 -0.00597182 -1.83345 1.95805 0.124602
232.258 -0.00237506 -0.00596377 -1.79414 1.91876 0.12462
232.27 -0.00236705 -0.0059566 -1.7541 1.87874 0.124635
232.281 -0.00236113 -0.00595064 -1.71339 1.83804 0.124649
232.292 -0.00235464 -0.00593962 -1.67198 1.79664 0.124665
232.303 -0.00234199 -0.00593451 -1.62984 1.75453 0.124681
232.315 -0.002335 -0.00592892 -1.58699 1.71169 0.124702
232.326 -0.00232741 -0.00592744 -1.54359 1.66832 0.124726
232.337 -0.00232585 -0.0059222 -1.49961 1.62436 0.124752
232.348 -0.00232179 -0.00592479 -1.45507 1.57985 0.12478
232.36 -0.00232009 -0.00592715 -1.41002 1.53483 0.12481
232.371 -0.00231888 -0.00593078 -1.36441 1.48925 0.124839
232.382 -0.00231536 -0.00593545 -1.31819 1.44305 0.124859
232.393 -0.0023185 -0.00593948 -1.27168 1.39657 0.124881
232.404 -0.00232487 -0.00594561 -1.22474 1.34964 0.124907
232.416 -0.00233033 -0.00595012 -1.17745 1.30237 0.124928
232.427 -0.0023364 -0.00594865 -1.13066 1.25561 0.124948
232.438 -0.00234115 -0.00594771 -1.08357 1.20854 0.124974
232.449 -0.00234403 -0.00594623 -1.03734 1.16234 0.124999
232.459 -0.00234977 -0.005943 -0.991697 1.11672 0.125019
232.47 -0.0023548 -0.00594221 -0.945916 1.07095 0.125035
232.48 -0.00235783 -0.00593628 -0.900049 1.0251 0.12505
232.491 -0.00236005 -0.00593262 -0.854945 0.980013 0.125068
232.501 -0.00237014 -0.0059236 -0.809763 0.934847 0.125084
232.512 -0.00238102 -0.00590737 -0.764566 0.889672 0.125107
232.522 -0.00239052 -0.00589488 -0.719286 0.844417 0.125131
232.532 -0.00240557 -0.00588129 -0.67408 0.799231 0.125152
232.543 -0.00241629 -0.00586803 -0.628984 0.754163 0.125179
232.553 -0.00243042 -0.00585344 -0.583983 0.709188 0.125206
232.564 -0.00243611 -0.00584251 -0.539249 0.664483 0.125234
232.574 -0.00244002 -0.00582977 -0.494494 0.619758 0.125264
232.584 -0.00244604 -0.00581956 -0.449969 0.575256 0.125287
232.595 -0.00245327 -0.00580589 -0.404532 0.529843 0.125311
232.606 -0.00246618 -0.00579105 -0.359494 0.484827 0.125333
232.616 -0.0024738 -0.00577845 -0.314723 0.440084 0.125361
232.627 -0.0024794 -0.00577052 -0.270429 0.39582 0.125391
232.638 -0.00248224 -0.00575971 -0.226511 0.351931 0.125421
232.648 -0.00248942 -0.00575001 -0.183103 0.308549 0.125446
232.659 -0.00249118 -0.0057373 -0.140224 0.265693 0.125468
232.67 -0.00249697 -0.00572178 -0.0980164 0.223504 0.125488
232.681 -0.00250987 -0.00570141 -0.0549936 0.180497 0.125503
232.692 -0.00252122 -0.00568535 -0.0126635 0.138185 0.125522
232.703 -0.00253766 -0.00566628 0.0289694 0.0965705 0.12554
232.714 -0.00254933 -0.00565196 0.0698575 0.0556982 0.125556
232.725 -0.00256784 -0.00563756 0.11 0.0155726 0.125573
232.736 -0.00257869 -0.00562114 0.149278 -0.0236832 0.125595
232.747 -0.00258959 -0.00560673 0.187763 -0.0621479 0.125615
232.758 -0.00259798 -0.00559391 0.225443 -0.0998058 0.125637
232.769 -0.00261522 -0.00557836 0.26213 -0.136475 0.125655
232.78 -0.00263088 -0.00556515 0.297839 -0.172172 0.125667
232.791 -0.00265381 -0.00554992 0.332823 -0.207141 0.125681
232.802 -0.00266937 -0.00553608 0.366522 -0.24083 0.125692
232.813 -0.0026895 -0.00552311 0.399262 -0.273557 0.125706
232.824 -0.00270532 -0.0055064 0.43101 -0.305296 0.125714
232.835 -0.00272135 -0.0054887 0.461711 -0.335985 0.125726
232.846 -0.00273329 -0.00547388 0.491388 -0.365651 0.125737
232.857 -0.00275005 -0.00545757 0.519914 -0.394164 0.12575
232.868 -0.00276542 -0.00543438 0.547388 -0.421623 0.125765
232.879 -0.00278537 -0.00541646 0.573712 -0.44793 0.125781
232.89 -0.00279559 -0.00539749 0.598943 -0.473149 0.125794
232.901 -0.00281017 -0.00537539 0.623058 -0.49725 0.125808
232.912 -0.00282118 -0.00534879 0.646005 -0.520189 0.125816
232.923 -0.00282873 -0.00532462 0.667767 -0.541939 0.125827
232.934 -0.00283991 -0.00530357 0.688319 -0.562481 0.125837
232.945 -0.00285065 -0.00528054 0.707604 -0.581761 0.125843
232.956 -0.00285707 -0.00525593 0.72584 -0.599994 0.125846
232.967 -0.00285979 -0.00523336 0.742959 -0.617112 0.125847
232.978 -0.00286717 -0.00521102 0.758822 -0.632967 0.125855
232.989 -0.0028711 -0.00518675 0.773516 -0.647659 0.125856
233 -0.00287772 -0.00516421 0.787218 -0.661357 0.12586
233.011 -0.00288133 -0.00514192 0.799822 -0.673959 0.125863
233.022 -0.00288016 -0.00512267 0.811243 -0.685382 0.125861
233.034 -0.00288112 -0.00510188 0.821422 -0.695561 0.12586
233.045 -0.00288113 -0.00507684 0.830434 -0.704579 0.125855
233.056 -0.00287605 -0.00505847 0.838236 -0.712389 0.125847
233.067 -0.00287874 -0.00503542 0.84491 -0.719068 0.125842
233.079 -0.0028819 -0.00501433 0.850713 -0.72488 0.125833
233.09 -0.00288809 -0.00499659 0.855205 -0.729383 0.125822
233.101 -0.00288943 -0.00498232 0.858532 -0.732715 0.125818
233.112 -0.00289202 -0.00497045 0.860708 -0.734902 0.125806
233.124 -0.00289428 -0.00495343 0.861792 -0.735995 0.125797
233.135 -0.00289609 -0.00493447 0.861833 -0.73604 0.125793
233.146 -0.00289642 -0.00491588 0.860807 -0.735016 0.125791
233.157 -0.00290021 -0.00490052 0.858856 -0.733066 0.12579
233.169 -0.00290202 -0.00488667 0.855809 -0.730022 0.125787
233.18 -0.00290036 -0.00487242 0.851772 -0.72599 0.125782
233.191 -0.00289594 -0.00486142 0.846738 -0.720963 0.125775
233.202 -0.0028862 -0.00485332 0.840749 -0.714984 0.125765
233.213 -0.00288292 -0.00484201 0.833843 -0.708089 0.125754
233.225 -0.00287319 -0.00483398 0.826291 -0.700545 0.125747
233.236 -0.00286567 -0.0048254 0.817642 -0.6919 0.125741
233.247 -0.00285678 -0.00481473 0.808143 -0.682409 0.125734
233.258 -0.0028389 -0.00480783 0.797875 -0.672151 0.125724
233.27 -0.00283022 -0.00479961 0.786805 -0.661089 0.125716
233.281 -0.00282022 -0.00478894 0.775055 -0.649352 0.125703
233.292 -0.00280176 -0.00478071 0.762528 -0.63684 0.125688
233.303 -0.00279094 -0.00477455 0.749303 -0.623627 0.125676
233.315 -0.00278332 -0.0047653 0.735387 -0.609724 0.125663
233.326 -0.00277128 -0.00475253 0.720742 -0.595091 0.12565
233.337 -0.0027604 -0.00473578 0.705473 -0.579829 0.125644
233.348 -0.00275685 -0.00472303 0.689669 -0.56403 0.125639
233.36 -0.0027547 -0.00470623 0.673134 -0.547502 0.125632
233.371 -0.00275117 -0.00468637 0.655993 -0.530367 0.125627
233.382 -0.00274548 -0.00466872 0.638352 -0.512734 0.125618
233.393 -0.00273129 -0.0046528 0.620168 -0.494559 0.125609
233.404 -0.002715 -0.00463174 0.601427 -0.47583 0.125597
233.416 -0.00269849 -0.00461247 0.582199 -0.456618 0.125582
233.427 -0.0026783 -0.00459639 0.562477 -0.436914 0.125563
233.438 -0.00265724 -0.00457658 0.542384 -0.416838 0.125546
233.449 -0.00263521 -0.00455642 0.52185 -0.396319 0.125531
233.461 -0.00261499 -0.00453227 0.501001 -0.375487 0.125514
233.472 -0.00259036 -0.00450703 0.479706 -0.354216 0.12549
233.483 -0.00257004 -0.004487 0.458054 -0.332593 0.12546
233.494 -0.00255061 -0.00447115 0.436048 -0.310617 0.125431
233.506 -0.00253283 -0.00445635 0.413727 -0.288323 0.125404
233.517 -0.00251812 -0.00443591 0.391131 -0.265749 0.125382
233.528 -0.00251444 -0.00441919 0.368232 -0.242863 0.125369
233.539 -0.00251168 -0.00440103 0.345218 -0.219851 0.125366
233.551 -0.00250501 -0.00437652 0.321889 -0.196532 0.125357
233.562 -0.00250224 -0.00435384 0.298399 -0.17305 0.125348
233.573 -0.00249918 -0.00432625 0.274658 -0.149315 0.125343
233.584 -0.00249698 -0.00430267 0.250706 -0.125369 0.125338
233.596 -0.00249044 -0.00427926 0.226572 -0.101237 0.125335
233.607 -0.00248042 -0.00425506 0.202292 -0.0769594 0.125333
233.618 -0.00246766 -0.00423098 0.177869 -0.0525469 0.125322
233.629 -0.00245138 -0.00420282 0.153365 -0.0280589 0.125307
233.64 -0.00243505 -0.00417761 0.128768 -0.0034718 0.125296
233.652 -0.00241675 -0.00414842 0.104131 0.0211524 0.125283
233.663 -0.00239319 -0.0041244 0.0794638 0.0458055 0.125269
233.674 -0.00237278 -0.00410103 0.0547513 0.0705057 0.125257
233.685 -0.00235209 -0.00408054 0.0300018 0.0952425 0.125244
233.697 -0.00232819 -0.00406353 0.00525596 0.119972 0.125228
233.708 -0.00230792 -0.00404611 -0.0194736 0.144689 0.125216
233.719 -0.00228987 -0.00403174 -0.0441874 0.169386 0.125198
233.73 -0.00227366 -0.00401089 -0.06885 0.194031 0.125181
233.742 -0.00226279 -0.00398855 -0.0935228 0.218691 0.125168
233.753 -0.00224896 -0.00396412 -0.118138 0.24329 0.125153
233.764 -0.00223045 -0.00394182 -0.142673 0.267815 0.125142
233.775 -0.002214 -0.003919 -0.167166 0.292297 0.125132
233.787 -0.00220201 -0.00389495 -0.191582 0.316703 0.125121
233.798 -0.00218158 -0.00386684 -0.215912 0.341018 0.125106
233.809 -0.00216037 -0.00384123 -0.240194 0.365285 0.125091
233.82 -0.00213739 -0.00381521 -0.264387 0.389462 0.125075
233.831 -0.00211501 -0.00379327 -0.28844 0.413496 0.125057
233.843 -0.00208895 -0.00376868 -0.312486 0.437521 0.125034
233.854 -0.00206356 -0.00374293 -0.336429 0.461434 0.125005
233.865 -0.00203173 -0.00372267 -0.360257 0.485236 0.124979
233.876 -0.00200497 -0.00370007 -0.383999 0.508949 0.12495
233.888 -0.00197501 -0.00367732 -0.407589 0.532513 0.124924
233.899 -0.00195669 -0.00365236 -0.431069 0.555967 0.124898
233.91 -0.00193461 -0.00362579 -0.454444 0.57932 0.124877
233.921 -0.00191552 -0.00360094 -0.477709 0.602566 0.124857
233.933 -0.00189476 -0.00357745 -0.500854 0.625697 0.124843
233.944 -0.00187509 -0.00355458 -0.523899 0.648728 0.124828
233.955 -0.00185656 -0.00353042 -0.546846 0.671661 0.124815
233.966 -0.00184003 -0.00350055 -0.569674 0.694471 0.124797
233.978 -0.00182423 -0.00347417 -0.592383 0.717166 0.124783
233.989 -0.00179982 -0.00344756 -0.614984 0.739755 0.124771
234 -0.00176675 -0.00342007 -0.63747 0.762219 0.124749
234.011 -0.00173087 -0.0033954 -0.659868 0.784592 0.124724
234.022 -0.00169706 -0.00337391 -0.682148 0.806842 0.124694
234.034 -0.0016627 -0.0033554 -0.704283 0.828948 0.124665
234.045 -0.00163044 -0.00333378 -0.726306 0.850947 0.124641
234.056 -0.00160489 -0.0033112 -0.748207 0.872825 0.124619
234.067 -0.00158492 -0.00328791 -0.769943 0.894545 0.124602
234.079 -0.00156705 -0.00326386 -0.791613 0.916198 0.124585
234.09 -0.0015528 -0.00324384 -0.813083 0.937656 0.124573
234.101 -0.00154328 -0.00322412 -0.834545 0.959108 0.124563
234.112 -0.00153067 -0.00319976 -0.855973 0.980528 0.124555
234.124 -0.00151526 -0.00317565 -0.87733 1.00188 0.124546
234.135 -0.0014912 -0.00314899 -0.898569 1.02311 0.124539
234.146 -0.00146909 -0.00312038 -0.91971 1.04423 0.124524
234.157 -0.00144175 -0.00309071 -0.940733 1.06524 0.124507
234.169 -0.0014175 -0.00305811 -0.96169 1.08617 0.124485
234.18 -0.00139787 -0.0030278 -0.982584 1.10705 0.124464
234.191 -0.00138337 -0.00300011 -1.00339 1.12784 0.124445
234.202 -0.00136657 -0.00297162 -1.0241 1.14853 0.124427
234.213 -0.00135852 -0.00294124 -1.04476 1.16917 0.12441
234.225 -0.00134177 -0.00291355 -1.0653 1.1897 0.124396
234.236 -0.00132473 -0.002879 -1.08577 1.21015 0.124385
234.247 -0.00131055 -0.00284505 -1.10616 1.23053 0.124372
234.258 -0.00130079 -0.00281424 -1.12644 1.2508 0.124355
234.27 -0.00128262 -0.00278458 -1.14662 1.27096 0.124342
234.281 -0.00126857 -0.00274976 -1.1668 1.29113 0.124331
234.292 -0.0012586 -0.00271484 -1.18673 1.31105 0.124323
234.303 -0.00124256 -0.00268233 -1.20653 1.33085 0.124313
234.315 -0.00122777 -0.00265017 -1.22622 1.35052 0.124301
234.326 -0.00120848 -0.00261487 -1.24579 1.37009 0.12429
234.337 -0.00119317 -0.00258828 -1.26522 1.3895 0.124279
234.348 -0.00117341 -0.00255974 -1.28456 1.40883 0.124267
234.36 -0.00115014 -0.00253229 -1.30374 1.428 0.124257
234.371 -0.00113172 -0.0025035 -1.32276 1.44701 0.124247
234.382 -0.00111687 -0.00247367 -1.34167 1.4659 0.124238
234.393 -0.00110469 -0.00244783 -1.3604 1.48464 0.124235
234.404 -0.00109326 -0.00242306 -1.37898 1.50321 0.124231
234.416 -0.00108048 -0.00239544 -1.39747 1.5217 0.124232
234.427 -0.00106739 -0.00237151 -1.41592 1.54016 0.124234
234.438 -0.00105637 -0.00234493 -1.43411 1.55834 0.124231
234.449 -0.00104148 -0.00231858 -1.4522 1.57643 0.124225
234.461 -0.00102556 -0.00229054 -1.4701 1.59432 0.124218
234.472 -0.00100967 -0.0022608 -1.48777 1.61199 0.124216
234.483 -0.000988261 -0.00223091 -1.50512 1.62934 0.124213
234.494 -0.000964036 -0.00220257 -1.52239 1.64661 0.12422
234.506 -0.000939358 -0.00217437 -1.53946 1.66369 0.124228
234.517 -0.000911428 -0.00215319 -1.55629 1.68053 0.124241
234.528 -0.0008849 -0.0021344 -1.57284 1.69709 0.124253
234.539 -0.000862657 -0.0021142 -1.58935 1.71362 0.124266
234.551 -0.000838369 -0.00209154 -1.6055 1.72978 0.124281
234.562 -0.00081262 -0.00207062 -1.6214 1.74569 0.124295
234.573 -0.000793625 -0.00204366 -1.63704 1.76134 0.124301
234.584 -0.000776229 -0.00201578 -1.65243 1.77674 0.124308
234.595 -0.000756094 -0.00199131 -1.66714 1.79145 0.124315
234.606 -0.000740188 -0.00195578 -1.68159 1.80591 0.124321
234.617 -0.000714846 -0.00191289 -1.69582 1.82015 0.12433
234.628 -0.000688255 -0.00187027 -1.70938 1.83372 0.124343
234.638 -0.000661077 -0.00182556 -1.72265 1.847 0.124352
234.649 -0.000636477 -0.00177988 -1.73567 1.86002 0.124358
234.66 -0.000617169 -0.0017368 -1.74842 1.87279 0.124377
234.671 -0.000591486 -0.0016959 -1.76127 1.88566 0.124394
234.682 -0.000567582 -0.00166558 -1.77378 1.89819 0.124414
234.693 -0.000539146 -0.00163808 -1.78597 1.9104 0.124432
234.704 -0.000507521 -0.00161622 -1.79783 1.92228 0.12445
234.715 -0.000475068 -0.00159666 -1.80941 1.93388 0.12447
234.726 -0.000439577 -0.00157505 -1.82065 1.94515 0.124494
234.736 -0.000404396 -0.00155315 -1.83159 1.9561 0.124512
234.747 -0.000372629 -0.00152429 -1.84222 1.96675 0.12453
234.758 -0.000342023 -0.00148787 -1.85249 1.97704 0.124548
234.769 -0.000309032 -0.00144976 -1.86243 1.987 0.124572
234.78 -0.000275203 -0.00141552 -1.87202 1.99662 0.124592
234.791 -0.00023984 -0.00137701 -1.88126 2.00587 0.124612
234.802 -0.000206676 -0.00134151 -1.89016 2.01479 0.124633
234.813 -0.000172116 -0.0013089 -1.8987 2.02335 0.124657
234.824 -0.000139589 -0.00128415 -1.90688 2.03156 0.124679
234.835 -0.00010423 -0.00125348 -1.9147 2.0394 0.124697
234.846 -7.19647e-05 -0.00122066 -1.92219 2.04691 0.124719
234.857 -3.51926e-05 -0.00118975 -1.92928 2.05401 0.124739
234.868 1.66206e-06 -0.00116047 -1.93596 2.06072 0.124763
234.879 4.06018e-05 -0.00113501 -1.94228 2.06707 0.12479
234.89 8.52881e-05 -0.00110604 -1.94822 2.07303 0.124816
234.901 0.000123658 -0.00107606 -1.95379 2.07863 0.124842
234.912 0.000166017 -0.00104458 -1.95899 2.08386 0.124872
234.923 0.000206832 -0.00100719 -1.96382 2.08872 0.124901
234.934 0.000244575 -0.000975642 -1.96827 2.0932 0.124929
234.945 0.000278222 -0.000937643 -1.97236 2.09732 0.124957
234.956 0.00031144 -0.000904115 -1.97607 2.10106 0.124989
234.967 0.000347133 -0.000878976 -1.97939 2.10441 0.125021
234.978 0.000380375 -0.000848592 -1.98235 2.1074 0.125048
234.989 0.000417359 -0.000823516 -1.98492 2.11 0.125084
235 0.000452936 -0.000794055 -1.98714 2.11225 0.125111
235.011 0.000485662 -0.000762305 -1.98903 2.11417 0.125142
235.022 0.000527916 -0.000732277 -1.99047 2.11565 0.125173
235.034 0.000564765 -0.000702859 -1.99153 2.11673 0.1252
235.045 0.000602458 -0.000673552 -1.99218 2.1174 0.125228
235.056 0.000638655 -0.000644119 -1.99247 2.11773 0.125259
235.067 0.000675854 -0.00061588 -1.99239 2.11768 0.125289
235.079 0.000705581 -0.000580041 -1.99198 2.1173 0.125321
235.09 0.000728559 -0.000541445 -1.99124 2.11659 0.125352
235.101 0.000751543 -0.000505036 -1.99014 2.11552 0.125382
235.112 0.000770151 -0.000471779 -1.98872 2.11413 0.125414
235.124 0.000790901 -0.000437594 -1.98694 2.11239 0.125452
235.135 0.000808834 -0.000400521 -1.98482 2.1103 0.125485
235.146 0.000826306 -0.000367576 -1.98238 2.1079 0.125516
235.157 0.000845497 -0.000329875 -1.9795 2.10505 0.125557
235.169 0.00086201 -0.000297857 -1.97636 2.10195 0.125588
235.18 0.000878603 -0.000265621 -1.97285 2.09847 0.12562
235.191 0.000897141 -0.000232955 -1.96899 2.09464 0.125649
235.202 0.000910487 -0.000204862 -1.9648 2.09048 0.125679
235.213 0.000923987 -0.000177937 -1.96035 2.08606 0.12571
235.225 0.000937467 -0.000147497 -1.95555 2.08129 0.125743
235.236 0.000944367 -0.000111131 -1.95047 2.07625 0.125775
235.247 0.00094977 -7.94039e-05 -1.94511 2.07092 0.125801
235.258 0.000959779 -4.70101e-05 -1.93948 2.06531 0.125829
235.27 0.000969604 -1.62494e-05 -1.93354 2.0594 0.125853
235.281 0.000971156 1.3147e-05 -1.9273 2.05318 0.125881
235.292 0.00097067 4.55483e-05 -1.92077 2.04669 0.125918
235.303 0.000978237 7.67842e-05 -1.91397 2.03992 0.125953
235.315 0.000987556 0.000108088 -1.90692 2.03291 0.125985
235.326 0.00099609 0.000141205 -1.89958 2.02559 0.126014
235.337 0.000994961 0.000179121 -1.89194 2.01799 0.126048
235.348 0.000995984 0.0002146 -1.88401 2.01009 0.126074
235.36 0.000999957 0.000251903 -1.87583 2.00193 0.126105
235.371 0.00100427 0.000291258 -1.86734 1.99347 0.126137
235.382 0.00100334 0.000333329 -1.85858 1.98475 0.126164
235.393 0.00100007 0.00037494 -1.84956 1.97575 0.126189
235.404 0.000985648 0.000410498 -1.84025 1.96647 0.12622
235.416 0.000971554 0.000440855 -1.83065 1.9569 0.126247
235.427 0.000960889 0.000475686 -1.82072 1.94699 0.126273
235.438 0.000947745 0.00051133 -1.81052 1.93682 0.126301
235.449 0.000932638 0.000544771 -1.80001 1.92634 0.126325
235.461 0.000920199 0.000580187 -1.78922 1.91557 0.126354
235.472 0.000901083 0.000617861 -1.77814 1.90452 0.126385
235.483 0.00088389 0.000646323 -1.76677 1.89318 0.126414
235.494 0.000867601 0.000676331 -1.75507 1.88151 0.126437
235.506 0.000852497 0.00070575 -1.74307 1.86953 0.126454
235.517 0.000832763 0.000733277 -1.73072 1.8572 0.126477
235.528 0.000816067 0.000761182 -1.71801 1.8445 0.126497
235.539 0.000797989 0.000783628 -1.70493 1.83145 0.126516
235.551 0.000771896 0.000807133 -1.69147 1.81801 0.126536
235.562 0.000752719 0.000836252 -1.6776 1.80416 0.126556
235.573 0.000735487 0.00086465 -1.66333 1.7899 0.126576
235.584 0.000714308 0.000890965 -1.64865 1.77525 0.126596
235.596 0.000694259 0.000923336 -1.6335 1.76012 0.126616
235.607 0.0006752 0.000950025 -1.61792 1.74456 0.126642
235.618 0.000653101 0.000981638 -1.60183 1.7285 0.126663
235.629 0.000628221 0.00101528 -1.58526 1.71194 0.126686
235.64 0.000607489 0.00105043 -1.56817 1.69488 0.126708
235.652 0.000581279 0.00108607 -1.55055 1.67728 0.126737
235.663 0.000548305 0.0011222 -1.53235 1.65911 0.12676
235.674 0.000519197 0.00115207 -1.51358 1.64036 0.126786
235.685 0.000486407 0.00119488 -1.49418 1.62099 0.126804
235.697 0.000451435 0.00123284 -1.47415 1.60098 0.12683
235.708 0.000424316 0.00126661 -1.4535 1.58035 0.126849
235.719 0.000395419 0.00130645 -1.43221 1.55908 0.126872
235.73 0.000366682 0.00134523 -1.41027 1.53717 0.126899
235.742 0.000331375 0.00138252 -1.38766 1.51459 0.126925
235.753 0.000293033 0.00141649 -1.36437 1.49132 0.126949
235.764 0.000254245 0.00145296 -1.34041 1.46738 0.126971
235.775 0.000219692 0.00148839 -1.31568 1.44267 0.126989
235.787 0.000187693 0.00153251 -1.29017 1.41719 0.127016
235.798 0.000146519 0.00157892 -1.26392 1.39096 0.127037
235.809 0.000101691 0.00161966 -1.23695 1.36401 0.127063
235.82 5.70542e-05 0.00166849 -1.20919 1.33628 0.127089
235.831 1.91341e-05 0.00170815 -1.18066 1.30777 0.127113
235.843 -1.52546e-05 0.00174216 -1.15134 1.27848 0.127136
235.854 -5.43675e-05 0.00178905 -1.12124 1.2484 0.127161
235.865 -8.9041e-05 0.0018367 -1.09038 1.21756 0.127181
235.876 -0.000126603 0.00188641 -1.05877 1.18597 0.127205
235.888 -0.000163397 0.00193624 -1.0264 1.15363 0.127232
235.899 -0.000198022 0.00197723 -0.993248 1.1205 0.127249
235.91 -0.000231223 0.00202104 -0.959306 1.08657 0.127269
235.921 -0.000259171 0.00207672 -0.924634 1.05193 0.127294
235.933 -0.000296006 0.00213071 -0.8892 1.01652 0.127321
235.944 -0.000329777 0.00217869 -0.853044 0.980392 0.127348
235.955 -0.000364758 0.00223783 -0.816117 0.943489 0.127372
235.966 -0.000389439 0.00228948 -0.778474 0.905868 0.127394
235.978 -0.000415665 0.00234215 -0.740146 0.867567 0.127422
235.989 -0.000441654 0.00239645 -0.70114 0.828589 0.127449
236 -0.000475069 0.00245064 -0.661437 0.788911 0.127475
236.011 -0.000501006 0.00250623 -0.621038 0.748534 0.127496
236.022 -0.000526591 0.00255275 -0.579973 0.707497 0.127524
236.034 -0.000561755 0.00260795 -0.53833 0.665887 0.127556
236.045 -0.000590128 0.00266696 -0.496124 0.623711 0.127586
236.056 -0.000616812 0.0027194 -0.453358 0.580976 0.127618
236.067 -0.000645668 0.00277084 -0.409984 0.537634 0.12765
236.079 -0.000671862 0.0028178 -0.366148 0.49383 0.127682
236.09 -0.000696209 0.00286641 -0.321784 0.449501 0.127717
236.101 -0.000719245 0.00291864 -0.276951 0.404698 0.127747
236.112 -0.000739339 0.00297012 -0.231674 0.359444 0.12777
236.124 -0.000763106 0.00302195 -0.185972 0.313764 0.127792
236.135 -0.000780047 0.00307852 -0.139867 0.26768 0.127813
236.146 -0.000795718 0.00313192 -0.0934773 0.221319 0.127842
236.157 -0.000822475 0.00318036 -0.0467493 0.174609 0.127859
236.169 -0.000843068 0.00323553 0.000232521 0.127638 0.12787
236.18 -0.000863095 0.00329116 0.0474952 0.0803929 0.127888
236.191 -0.000886656 0.00334426 0.0950146 0.0328873 0.127902
236.202 -0.000913328 0.0033956 0.142695 -0.0147749 0.127921
236.213 -0.00093591 0.00345275 0.190419 -0.0624767 0.127942
236.225 -0.000955251 0.00350223 0.238123 -0.110165 0.127958
236.236 -0.000968768 0.00355491 0.285868 -0.157893 0.127976
236.247 -0.000976922 0.00360967 0.333568 -0.205574 0.127994
236.258 -0.000991608 0.00365564 0.381281 -0.253271 0.12801
236.27 -0.00100413 0.00370294 0.428896 -0.300876 0.12802
236.281 -0.00102085 0.00375146 0.476459 -0.348422 0.128037
236.292 -0.00103356 0.00379826 0.523893 -0.395846 0.128047
236.303 -0.00104102 0.00384595 0.571196 -0.443142 0.128054
236.315 -0.00105325 0.00389147 0.618348 -0.490288 0.12806
236.326 -0.00106532 0.00394049 0.665406 -0.53734 0.128066
236.337 -0.00108064 0.00398565 0.712224 -0.584154 0.12807
236.348 -0.00109428 0.00403288 0.7588 -0.63073 0.12807
236.36 -0.00111563 0.00408134 0.805175 -0.677104 0.128071
236.371 -0.00113658 0.00412852 0.851446 -0.723372 0.128074
236.382 -0.00115392 0.00416858 0.897291 -0.769217 0.128074
236.393 -0.00117041 0.00420694 0.94284 -0.81477 0.12807
236.404 -0.00118713 0.00424839 0.988093 -0.860029 0.128064
236.416 -0.00120218 0.0042909 1.03302 -0.90496 0.128061
236.427 -0.00121668 0.00433646 1.07765 -0.949595 0.128059
236.438 -0.00123247 0.00437487 1.12194 -0.99389 0.128052
236.449 -0.00124592 0.00441546 1.16585 -1.0378 0.128042
236.461 -0.00125958 0.00446065 1.20939 -1.08136 0.12803
236.472 -0.0012751 0.00450135 1.25261 -1.12458 0.128025
236.483 -0.00129427 0.00454017 1.29546 -1.16744 0.128017
236.494 -0.00131155 0.00458121 1.33795 -1.20994 0.128018
236.506 -0.00132626 0.00462808 1.38 -1.25198 0.128012
236.517 -0.00134335 0.00467455 1.42163 -1.29362 0.128005
236.528 -0.00136305 0.0047208 1.46284 -1.33484 0.127998
236.539 -0.00138463 0.00477124 1.5035 -1.3755 0.127993
236.551 -0.0013962 0.00482055 1.54384 -1.41585 0.127983
236.562 -0.00141196 0.00486979 1.58371 -1.45573 0.127978
236.573 -0.00142969 0.00491559 1.62301 -1.49504 0.12797
236.584 -0.00144498 0.0049619 1.6618 -1.53383 0.127961
236.596 -0.00146455 0.00500345 1.7 -1.57205 0.127954
236.607 -0.00148479 0.0050424 1.73778 -1.60984 0.127943
236.618 -0.00149504 0.00508407 1.77495 -1.64702 0.127937
236.629 -0.0015066 0.00512297 1.81156 -1.68363 0.12793
236.64 -0.00151662 0.00517041 1.84741 -1.71949 0.127914
236.652 -0.00151885 0.0052208 1.88285 -1.75495 0.127903
236.663 -0.00152578 0.00526839 1.9176 -1.78971 0.127888
236.674 -0.00153316 0.00531974 1.95168 -1.8238 0.127872
236.685 -0.00153519 0.0053726 1.98507 -1.85722 0.127849
236.697 -0.00153942 0.00542726 2.01775 -1.88992 0.127829
236.708 -0.00154141 0.00547981 2.04976 -1.92195 0.12781
236.719 -0.00154986 0.00552884 2.08108 -1.95329 0.127794
236.73 -0.00155343 0.00557838 2.11165 -1.98387 0.127776
236.742 -0.00155691 0.00562829 2.1415 -2.01374 0.127756
236.753 -0.00155609 0.00568038 2.17062 -2.04288 0.127737
236.764 -0.00155847 0.00572588 2.19906 -2.07134 0.127718
236.775 -0.00156324 0.00577095 2.22654 -2.09885 0.127693
236.787 -0.00157007 0.00581558 2.25326 -2.1256 0.127661
236.798 -0.00157951 0.00585727 2.27917 -2.15154 0.127624
236.809 -0.00158405 0.0058989 2.3043 -2.17671 0.127587
236.82 -0.00158664 0.00593457 2.3286 -2.20105 0.127551
236.831 -0.00159087 0.00597371 2.35204 -2.22452 0.127526
236.843 -0.00159566 0.00601369 2.37466 -2.24716 0.127503
236.854 -0.00159125 0.00604652 2.39638 -2.2689 0.127476
236.865 -0.00158632 0.0060771 2.41727 -2.28982 0.127448
236.876 -0.00158461 0.00611226 2.43741 -2.30999 0.127417
236.888 -0.00158245 0.00615258 2.45651 -2.32913 0.127381
236.899 -0.00158529 0.00618937 2.47477 -2.34742 0.127347
236.91 -0.00158245 0.006217 2.49216 -2.36485 0.12731
236.921 -0.00157974 0.00624188 2.5087 -2.38142 0.127274
236.933 -0.00157428 0.00626521 2.52436 -2.39712 0.127237
236.944 -0.0015725 0.00628731 2.53917 -2.41197 0.127204
236.955 -0.00157097 0.00631033 2.55318 -2.42601 0.127167
236.966 -0.00157271 0.00632805 2.56622 -2.43908 0.127131
236.978 -0.00157575 0.00634585 2.5784 -2.45131 0.12709
236.989 -0.00157714 0.00636216 2.58973 -2.46267 0.127052
237 -0.00157308 0.00637834 2.60017 -2.47316 0.12701
237.011 -0.00156605 0.00639555 2.60977 -2.48281 0.126969
237.022 -0.00156638 0.00641187 2.61854 -2.49161 0.126926
237.034 -0.00156137 0.00642182 2.62647 -2.49959 0.126884
237.045 -0.00156096 0.00643258 2.63361 -2.50677 0.126842
237.056 -0.00156607 0.00644097 2.63993 -2.51313 0.126804
237.067 -0.00156766 0.00644691 2.64545 -2.51868 0.126767
237.079 -0.00156611 0.00645222 2.65018 -2.52345 0.126732
237.09 -0.00155842 0.00646151 2.65413 -2.52744 0.126698
237.101 -0.00154979 0.0064668 2.65732 -2.53065 0.126668
237.112 -0.00155034 0.00647051 2.65975 -2.53311 0.126638
237.124 -0.00155453 0.00647722 2.66143 -2.53482 0.126612
237.135 -0.00155335 0.00647604 2.6624 -2.53581 0.126584
237.146 -0.00155014 0.00646969 2.6627 -2.53614 0.126555
237.157 -0.00154176 0.00645754 2.66232 -2.53579 0.126528
237.169 -0.00152853 0.00644119 2.66128 -2.53478 0.1265
237.18 -0.00151294 0.00642118 2.65961 -2.53314 0.126472
237.191 -0.00149324 0.00640471 2.65732 -2.53088 0.126437
237.202 -0.00147268 0.00638621 2.65446 -2.52806 0.126399
237.213 -0.0014519 0.00636938 2.65103 -2.52467 0.12636
237.225 -0.00143188 0.00635432 2.64707 -2.52074 0.126324
237.236 -0.00140754 0.00633426 2.64258 -2.51629 0.126286
237.247 -0.00139159 0.00631697 2.63761 -2.51136 0.126244
237.258 -0.00137402 0.00629822 2.63213 -2.50593 0.126203
237.27 -0.00135563 0.00627666 2.62619 -2.50003 0.126162
237.281 -0.00133886 0.00625875 2.61981 -2.4937 0.126119
237.292 -0.00131658 0.00623512 2.61301 -2.48693 0.126078
237.303 -0.00129635 0.00620389 2.60582 -2.47979 0.126038
237.315 -0.00127803 0.006172 2.59823 -2.47224 0.125996
237.326 -0.00125435 0.00614142 2.59025 -2.4643 0.125958
237.337 -0.00122471 0.00611293 2.58194 -2.45602 0.12592
237.348 -0.00119641 0.00608556 2.57331 -2.44744 0.125875
237.36 -0.00116405 0.00605844 2.56437 -2.43853 0.125835
237.371 -0.00113121 0.00602491 2.55515 -2.42935 0.125799
237.382 -0.00110779 0.0059966 2.54566 -2.4199 0.125765
237.393 -0.00107918 0.00596692 2.53589 -2.41015 0.125733
237.404 -0.00105751 0.00593589 2.52586 -2.40016 0.125704
237.416 -0.00103241 0.00590236 2.51559 -2.38991 0.125677
237.427 -0.00101077 0.00587073 2.50509 -2.37944 0.125649
237.438 -0.000981399 0.00583227 2.49434 -2.36871 0.125621
237.449 -0.000957439 0.00580112 2.48334 -2.35775 0.125593
237.461 -0.000926648 0.00576815 2.47215 -2.34658 0.125565
237.472 -0.000893688 0.00572773 2.46073 -2.33519 0.125536
237.483 -0.000859423 0.00569224 2.44911 -2.32359 0.125513
237.494 -0.00082749 0.00565695 2.43734 -2.31185 0.125489
237.506 -0.000789681 0.00561466 2.42539 -2.29993 0.125462
237.517 -0.000755286 0.00557376 2.41324 -2.28781 0.125434
237.528 -0.00071631 0.00553277 2.40091 -2.2755 0.125409
237.539 -0.000675294 0.00548921 2.38842 -2.26304 0.125382
237.551 -0.00063926 0.0054519 2.37573 -2.25037 0.125359
237.562 -0.000600713 0.00541295 2.36284 -2.23751 0.125335
237.573 -0.000562446 0.00536905 2.34974 -2.22443 0.125308
237.584 -0.000525315 0.00533322 2.33664 -2.21136 0.125278
237.596 -0.000492044 0.00530179 2.32317 -2.19792 0.125251
237.607 -0.000460263 0.00527063 2.30953 -2.18431 0.125225
237.618 -0.000429123 0.00523706 2.29567 -2.17047 0.1252
237.629 -0.000400863 0.00520475 2.28156 -2.15639 0.125174
237.64 -0.000372706 0.0051663 2.26722 -2.14207 0.12515
237.652 -0.000340935 0.00513038 2.25266 -2.12753 0.125127
237.663 -0.000309452 0.00508792 2.23779 -2.11269 0.125102
237.674 -0.000272855 0.00504748 2.22264 -2.09756 0.125078
237.685 -0.000237629 0.00500799 2.20726 -2.08221 0.125055
237.697 -0.000191986 0.00496054 2.1916 -2.06657 0.125032
237.708 -0.000149294 0.0049077 2.17563 -2.05062 0.12501
237.719 -0.000106766 0.00485483 2.15934 -2.03435 0.12499
237.73 -6.36841e-05 0.00480145 2.14271 -2.01774 0.124972
237.742 -2.33861e-05 0.00475209 2.12571 -2.00075 0.124956
237.753 1.43659e-05 0.00470959 2.10837 -1.98343 0.124939
237.764 5.03645e-05 0.00467483 2.09068 -1.96576 0.12492
237.775 8.50484e-05 0.00464427 2.07263 -1.94773 0.124902
237.787 0.000117459 0.00461421 2.05428 -1.92939 0.124885
237.798 0.000146306 0.00458263 2.03553 -1.91066 0.12487
237.809 0.000174079 0.00455411 2.01638 -1.89152 0.124855
237.82 0.000204212 0.00452348 1.99681 -1.87197 0.124841
237.831 0.000236438 0.00449369 1.97688 -1.85205 0.124827
237.843 0.000267896 0.00445736 1.9564 -1.83159 0.124809
237.854 0.000298876 0.00442014 1.93545 -1.81066 0.124791
237.865 0.000332679 0.00437725 1.91397 -1.7892 0.124774
237.876 0.000366875 0.00434272 1.89198 -1.76722 0.124758
237.888 0.000397152 0.00430369 1.86945 -1.74471 0.124737
237.899 0.000425498 0.00426763 1.84639 -1.72167 0.124719
237.91 0.000454469 0.00423463 1.8228 -1.6981 0.1247
237.921 0.000482453 0.00421158 1.79865 -1.67396 0.124686
237.933 0.000506082 0.00418195 1.77395 -1.64928 0.124672
237.944 0.000529789 0.00416078 1.74864 -1.62399 0.12466
237.955 0.000559712 0.00414015 1.72272 -1.59808 0.124642
237.966 0.00058684 0.00411493 1.69614 -1.57151 0.124627
237.978 0.000612774 0.00408941 1.66887 -1.54426 0.124612
237.989 0.000636767 0.00405867 1.6409 -1.5163 0.124602
238 0.000660856 0.00402868 1.61225 -1.48765 0.124594
238.011 0.000683347 0.00399268 1.58286 -1.45827 0.124588
238.022 0.000703283 0.00396317 1.55278 -1.4282 0.124583
238.034 0.000730816 0.00393315 1.52189 -1.39732 0.124574
238.045 0.000754201 0.00390641 1.49025 -1.36569 0.124562
238.056 0.000776617 0.00388444 1.45781 -1.33325 0.124554
238.067 0.000806088 0.00386568 1.4245 -1.29996 0.12454
238.079 0.000836917 0.00384407 1.39031 -1.26578 0.124526
238.09 0.000860741 0.00382506 1.35535 -1.23084 0.124512
238.101 0.000886136 0.00380754 1.3194 -1.1949 0.124493
238.112 0.000907843 0.00379097 1.28256 -1.15809 0.124473
238.124 0.000926704 0.00378074 1.24483 -1.12038 0.124455
238.135 0.000948756 0.00377279 1.20616 -1.08173 0.124436
238.146 0.000973224 0.00375644 1.16654 -1.04212 0.124421
238.157 0.000994896 0.0037486 1.12594 -1.00154 0.124401
238.169 0.00102008 0.00374132 1.08434 -0.959955 0.124384
238.18 0.00104243 0.00372971 1.04176 -0.917395 0.124367
238.191 0.00106551 0.00372111 0.998267 -0.87392 0.124348
238.202 0.0010852 0.00371409 0.953536 -0.829209 0.124327
238.213 0.00110832 0.00370728 0.907688 -0.783383 0.124305
238.225 0.00112711 0.00370313 0.860746 -0.736462 0.124284
238.236 0.00114809 0.00369675 0.812716 -0.688452 0.124264
238.247 0.00117529 0.00368345 0.763577 -0.639336 0.124241
238.258 0.00120325 0.0036672 0.713352 -0.589135 0.124217
238.27 0.00123535 0.00365299 0.661952 -0.537763 0.124189
238.281 0.0012674 0.00364285 0.609414 -0.485252 0.124162
238.292 0.00129518 0.00363858 0.555764 -0.431628 0.124136
238.303 0.00132016 0.00363406 0.500992 -0.376886 0.124106
238.315 0.00134176 0.00362992 0.445127 -0.321054 0.124073
238.326 0.00136443 0.00362161 0.388059 -0.264018 0.124041
238.337 0.00138412 0.00361719 0.329827 -0.205819 0.124008
238.348 0.00140194 0.00361482 0.270456 -0.146481 0.123975
238.36 0.00141785 0.0036123 0.209924 -0.0859767 0.123947
238.371 0.00143708 0.00361229 0.148211 -0.024291 0.12392
238.382 0.00145515 0.00361343 0.0853056 0.0385904 0.123896
238.393 0.00147204 0.00361454 0.0212108 0.102664 0.123875
238.404 0.00149537 0.00360757 -0.0440562 0.167909 0.123852
238.416 0.00151558 0.0036019 -0.110444 0.234272 0.123828
238.427 0.00153463 0.00359189 -0.178103 0.301902 0.123798
238.438 0.00155355 0.00358112 -0.246945 0.370705 0.123759
238.449 0.0015692 0.00356603 -0.316911 0.440626 0.123715
238.461 0.00158701 0.00355102 -0.387938 0.511607 0.123668
238.472 0.00161276 0.00354109 -0.46003 0.583652 0.123622
238.483 0.00163585 0.00353025 -0.533198 0.656772 0.123574
238.494 0.00165412 0.00352033 -0.607421 0.730943 0.123522
238.506 0.00167381 0.00351502 -0.682666 0.806138 0.123473
238.517 0.0016918 0.00350552 -0.758899 0.882337 0.123438
238.528 0.00170993 0.00349501 -0.836103 0.959511 0.123408
238.539 0.00172701 0.00348582 -0.914273 1.03765 0.123374
238.551 0.0017387 0.00347769 -0.993453 1.11679 0.123338
238.562 0.00175263 0.00346569 -1.07358 1.19688 0.1233
238.573 0.00176154 0.00346274 -1.15464 1.2779 0.123266
238.584 0.00177818 0.0034576 -1.23648 1.35971 0.123234
238.596 0.00179468 0.00345221 -1.31913 1.44233 0.1232
238.607 0.0018151 0.00345116 -1.40246 1.52564 0.123175
238.618 0.00182619 0.00344275 -1.48641 1.60956 0.123148
238.629 0.00183788 0.00343927 -1.57098 1.6941 0.123121
238.64 0.00184656 0.00344184 -1.65611 1.77921 0.123101
238.651 0.00185888 0.00344088 -1.73921 1.86229 0.123074
238.662 0.0018658 0.00344255 -1.8228 1.94585 0.123046
238.673 0.00186924 0.00344705 -1.90684 2.02986 0.123021
238.684 0.00187718 0.00344478 -1.99128 2.11427 0.122992
238.695 0.00188784 0.00344744 -2.076 2.19896 0.122966
238.706 0.00189656 0.00345282 -2.16104 2.28398 0.122944
238.717 0.00190304 0.00345542 -2.24635 2.36926 0.122914
238.728 0.00190875 0.00345849 -2.33175 2.45463 0.122886
238.739 0.00191421 0.00346551 -2.41719 2.54005 0.12286
238.749 0.0019222 0.00346956 -2.50266 2.62549 0.122831
238.76 0.00193176 0.00347396 -2.58821 2.71101 0.122805
238.771 0.00194227 0.00347975 -2.67375 2.79653 0.122784
238.782 0.00194865 0.00349028 -2.75922 2.88198 0.12276
238.793 0.00195102 0.00349479 -2.84455 2.96729 0.122736
238.804 0.00195907 0.0035042 -2.92971 3.05243 0.122715
238.815 0.00196464 0.00351154 -3.01463 3.13733 0.122692
238.826 0.00196531 0.00352181 -3.09927 3.22194 0.122671
238.837 0.00196152 0.00353385 -3.18353 3.30618 0.122651
238.847 0.00196062 0.00354161 -3.26738 3.39 0.122628
238.858 0.00196568 0.00355538 -3.35073 3.47334 0.122607
238.869 0.00196855 0.003571 -3.43358 3.55617 0.12259
238.88 0.00197651 0.00358095 -3.51584 3.63841 0.122566
238.891 0.00197827 0.00358918 -3.59745 3.72 0.122548
238.902 0.00198396 0.00360033 -3.67847 3.801 0.122529
238.913 0.00198893 0.0036102 -3.75882 3.88133 0.122505
238.924 0.0019915 0.00362636 -3.83845 3.96093 0.122483
238.935 0.00199768 0.00364703 -3.91729 4.03976 0.12247
238.946 0.00200797 0.00366569 -3.9953 4.11775 0.122448
238.956 0.00202456 0.00368612 -4.07222 4.19465 0.122427
238.967 0.00204045 0.00370891 -4.1484 4.27081 0.122406
238.978 0.00205376 0.00372647 -4.22362 4.346 0.122381
238.989 0.00206344 0.00374533 -4.2978 4.42016 0.122361
239 0.00207957 0.00376657 -4.37096 4.49331 0.12235
239.011 0.00208993 0.00378423 -4.44532 4.56765 0.122331
239.022 0.00209659 0.00380543 -4.51849 4.6408 0.122314
239.034 0.00210269 0.00381999 -4.59053 4.71283 0.122299
239.045 0.00211166 0.00383953 -4.66146 4.78374 0.122285
239.056 0.00211773 0.00385997 -4.73112 4.85339 0.122269
239.067 0.00212597 0.00388232 -4.79963 4.92189 0.12226
239.079 0.00213351 0.00390477 -4.86695 4.9892 0.122249
239.09 0.00213856 0.00392983 -4.93305 5.05529 0.12224
239.101 0.00214406 0.00395288 -4.99794 5.12018 0.122233
239.112 0.00215668 0.00396998 -5.06159 5.18381 0.122222
239.124 0.00216442 0.00398872 -5.12393 5.24615 0.122217
239.135 0.00217104 0.00400852 -5.185 5.30722 0.122216
239.146 0.0021772 0.00403028 -5.24483 5.36704 0.122211
239.157 0.00218145 0.00405321 -5.30334 5.42555 0.122214
239.169 0.00218474 0.00407402 -5.36064 5.48286 0.122214
239.18 0.00218125 0.0040958 -5.41668 5.5389 0.122218
239.191 0.00218101 0.00412346 -5.47149 5.59371 0.122226
239.202 0.002177 0.00414712 -5.52509 5.64733 0.122237
239.213 0.00217286 0.00417198 -5.57747 5.69972 0.122247
239.225 0.00216887 0.00419413 -5.62867 5.75093 0.122265
239.236 0.00216415 0.00421444 -5.67728 5.79956 0.122278
239.247 0.00215768 0.00423977 -5.72476 5.84704 0.122284
239.257 0.00215038 0.00426528 -5.77111 5.89341 0.122295
239.268 0.00214403 0.00429037 -5.81639 5.93869 0.122305
239.279 0.00213767 0.0043102 -5.86058 5.98289 0.122313
239.29 0.00213432 0.00433687 -5.90433 6.02666 0.122327
239.301 0.00212756 0.00435509 -5.94695 6.06929 0.122342
239.313 0.00212231 0.00437258 -5.98827 6.11063 0.122355
239.324 0.00211464 0.00439646 -6.02854 6.15091 0.122372
239.335 0.00210215 0.00442128 -6.06777 6.19016 0.12239
239.346 0.00209354 0.00444318 -6.10601 6.22841 0.122403
239.357 0.00208537 0.00446187 -6.14317 6.26559 0.122417
239.368 0.00207388 0.00447809 -6.17934 6.30177 0.122431
239.379 0.00205802 0.00449484 -6.21445 6.33689 0.12244
239.39 0.00204598 0.00451237 -6.24852 6.37097 0.122452
239.401 0.00203567 0.00453089 -6.28154 6.40401 0.12247
239.412 0.00202138 0.00454204 -6.31356 6.43604 0.122487
239.423 0.00200051 0.00455699 -6.34462 6.46712 0.122497
239.435 0.00198424 0.00457477 -6.37467 6.49719 0.122513
239.446 0.00196528 0.00458909 -6.40373 6.52626 0.122528
239.457 0.00194585 0.00460246 -6.43176 6.55431 0.122549
239.468 0.00193767 0.00461645 -6.45876 6.58132 0.122568
239.479 0.00192879 0.00462179 -6.48479 6.60738 0.122586
239.49 0.00191817 0.00463035 -6.50981 6.63241 0.122604
239.501 0.00190971 0.00463194 -6.53384 6.65647 0.122627
239.512 0.00189753 0.00463444 -6.55691 6.67955 0.122641
239.523 0.00188871 0.00464229 -6.57904 6.7017 0.122661
239.534 0.00187896 0.00464732 -6.60001 6.72269 0.122678
239.545 0.0018692 0.0046519 -6.62023 6.74292 0.122692
239.557 0.00186516 0.00465492 -6.63946 6.76217 0.122711
239.568 0.00185694 0.00465357 -6.65773 6.78046 0.122726
239.579 0.00185219 0.00465093 -6.67505 6.79779 0.122742
239.59 0.00184199 0.00464824 -6.69142 6.81419 0.122764
239.601 0.0018382 0.00464782 -6.70686 6.82964 0.122786
239.612 0.00182652 0.0046422 -6.72137 6.84418 0.122805
239.623 0.00180833 0.00463703 -6.73495 6.85778 0.122826
239.634 0.00179707 0.00463896 -6.7476 6.87045 0.122849
239.645 0.00178274 0.00463928 -6.75935 6.88222 0.122867
239.656 0.00176859 0.00463926 -6.77012 6.89301 0.122894
239.667 0.00176115 0.00463894 -6.78008 6.90299 0.122915
239.678 0.00175331 0.00463595 -6.78912 6.91206 0.122937
239.69 0.00174515 0.00463346 -6.79725 6.92021 0.12296
239.701 0.00173455 0.00462518 -6.80447 6.92746 0.122987
239.712 0.00172059 0.00461851 -6.81082 6.93383 0.12301
239.723 0.00170897 0.00461244 -6.81626 6.93929 0.123037
239.734 0.00170168 0.00460391 -6.82083 6.9439 0.12307
239.745 0.00168763 0.00459906 -6.82451 6.9476 0.123095
239.756 0.00167841 0.00459126 -6.82736 6.95048 0.123118
239.767 0.00167166 0.00458166 -6.82936 6.9525 0.123141
239.778 0.00166626 0.00456359 -6.83056 6.95373 0.123167
239.789 0.00165985 0.00454886 -6.83096 6.95415 0.123196
239.8 0.00165944 0.00453446 -6.83057 6.95379 0.123225
239.812 0.00166043 0.00452054 -6.8294 6.95265 0.12325
239.823 0.00166044 0.00451257 -6.82741 6.95069 0.123277
239.834 0.00166666 0.00449349 -6.82468 6.94799 0.123311
239.845 0.00166426 0.0044759 -6.82116 6.94451 0.123342
239.856 0.00166639 0.00445977 -6.81687 6.94024 0.123373
239.867 0.00167071 0.00444155 -6.81179 6.9352 0.123402
239.878 0.00167542 0.00442349 -6.80601 6.92944 0.123434
239.889 0.00167954 0.00440763 -6.79951 6.92298 0.123465
239.9 0.00169414 0.00438767 -6.79228 6.91578 0.123496
239.911 0.001702 0.00436875 -6.78432 6.90785 0.12353
239.922 0.00170717 0.00435039 -6.77569 6.89926 0.123567
239.933 0.00170776 0.00433376 -6.76634 6.88994 0.1236
239.945 0.00170668 0.00431289 -6.75631 6.87994 0.123636
239.956 0.0017116 0.00429485 -6.74564 6.86931 0.123674
239.967 0.00171098 0.00427516 -6.73434 6.85805 0.123712
239.978 0.00171381 0.00425177 -6.72244 6.84618 0.123746
239.989 0.00172364 0.00422838 -6.70993 6.83371 0.123783
240 0.00172998 0.00420422 -6.69681 6.82063 0.123818
240.011 0.00173191 0.00417639 -6.68302 6.80688 0.123857
240.022 0.00173247 0.00414518 -6.66871 6.7926 0.123888
240.034 0.00173844 0.00411465 -6.65379 6.77771 0.123918
240.045 0.00174344 0.00407911 -6.63829 6.76224 0.123947
240.056 0.00175128 0.00404163 -6.6223 6.74628 0.123981
240.067 0.00175617 0.00401094 -6.60588 6.72989 0.124017
240.079 0.00175726 0.00398224 -6.58903 6.71308 0.124053
240.09 0.00175898 0.00395495 -6.57173 6.69583 0.124092
240.101 0.0017647 0.00392507 -6.55393 6.67806 0.124125
240.112 0.00176506 0.00388843 -6.53574 6.6599 0.12416
240.124 0.0017725 0.00385719 -6.51706 6.64126 0.124198
240.135 0.00177697 0.00382692 -6.49799 6.62222 0.124232
240.146 0.00177786 0.00379119 -6.47855 6.60282 0.124267
240.157 0.00178035 0.00376178 -6.45875 6.58306 0.124304
240.169 0.00178161 0.00372921 -6.43859 6.56294 0.124347
240.18 0.00177727 0.00370123 -6.41812 6.54251 0.124383
240.191 0.00177915 0.00367248 -6.39736 6.52177 0.124414
240.202 0.00178355 0.0036485 -6.37628 6.50073 0.12445
240.213 0.00178469 0.00362113 -6.35499 6.47948 0.12449
240.225 0.00178937 0.00359287 -6.33342 6.45796 0.124532
240.236 0.00179118 0.0035625 -6.31169 6.43626 0.12457
240.247 0.00179154 0.00353113 -6.28976 6.41436 0.124607
240.258 0.00178981 0.00350409 -6.26762 6.39226 0.124643
240.27 0.00178613 0.0034765 -6.24531 6.36998 0.124673
240.281 0.00178117 0.00345392 -6.22282 6.34753 0.124704
240.292 0.00177487 0.003431 -6.20011 6.32485 0.124739
240.303 0.00177447 0.00340127 -6.17723 6.30201 0.124779
240.315 0.00177047 0.00337425 -6.15418 6.27899 0.12481
240.326 0.00176625 0.00334103 -6.13091 6.25575 0.124843
240.337 0.00176288 0.00331024 -6.10753 6.23241 0.12488
240.348 0.00175937 0.00327573 -6.08408 6.209 0.12492
240.36 0.00175354 0.00324646 -6.06051 6.18547 0.124966
240.371 0.00175332 0.00321797 -6.03684 6.16184 0.125006
240.382 0.00174528 0.00318923 -6.01295 6.13799 0.12504
240.393 0.00174249 0.00315507 -5.98896 6.11404 0.12508
240.404 0.00173875 0.00312547 -5.96475 6.08987 0.125116
240.416 0.00173444 0.00309769 -5.94046 6.0656 0.125146
240.427 0.00173129 0.00306497 -5.91616 6.04134 0.12518
240.438 0.00172794 0.00303282 -5.8916 6.01682 0.125217
240.449 0.00172762 0.0030013 -5.867 5.99225 0.125254
240.461 0.00172383 0.00297332 -5.8423 5.96759 0.125291
240.472 0.00171995 0.00293837 -5.81741 5.94273 0.125322
240.483 0.00171752 0.0029005 -5.79254 5.9179 0.125355
240.494 0.00171192 0.00286602 -5.76766 5.89305 0.125392
240.506 0.00170869 0.00283149 -5.74269 5.86812 0.125432
240.517 0.00170519 0.00280244 -5.71765 5.84312 0.12547
240.528 0.00170814 0.00277521 -5.69261 5.81812 0.125511
240.539 0.0017137 0.00274519 -5.6675 5.79305 0.125549
240.551 0.0017234 0.00271657 -5.64237 5.76796 0.125591
240.562 0.00173022 0.00268565 -5.61719 5.74282 0.12563
240.573 0.00173611 0.00265427 -5.59203 5.7177 0.12567
240.584 0.00173895 0.00263057 -5.56686 5.69256 0.125707
240.596 0.00174113 0.00260082 -5.54169 5.66744 0.125743
240.607 0.00174791 0.00256565 -5.51653 5.64231 0.125779
240.618 0.00175367 0.00253994 -5.4913 5.61711 0.125814
240.629 0.00176096 0.00251054 -5.46619 5.59204 0.125855
240.64 0.00177296 0.00247218 -5.44114 5.56703 0.12589
240.652 0.00178078 0.00243935 -5.41624 5.54217 0.125928
240.663 0.00179066 0.00240006 -5.39138 5.51735 0.125968
240.674 0.00179932 0.00235645 -5.36661 5.49261 0.126002
240.685 0.0018124 0.00231776 -5.34186 5.4679 0.126039
240.697 0.00181961 0.00227554 -5.31732 5.4434 0.126081
240.708 0.00183456 0.00223144 -5.29272 5.41883 0.126115
240.719 0.0018531 0.00219148 -5.26824 5.39439 0.126152
240.73 0.00187083 0.00214885 -5.24382 5.37001 0.126185
240.742 0.00189639 0.00210368 -5.21954 5.34576 0.126221
240.753 0.00191633 0.00206744 -5.19538 5.32164 0.126256
240.764 0.00194082 0.00202277 -5.17132 5.29761 0.126292
240.775 0.00196645 0.00197851 -5.14739 5.27372 0.126327
240.787 0.00198982 0.0019367 -5.12361 5.24997 0.126366
240.798 0.00201467 0.0018944 -5.09994 5.22635 0.12641
240.809 0.00203838 0.00185137 -5.07653 5.20298 0.126449
240.82 0.00206749 0.00180883 -5.05324 5.17972 0.126487
240.831 0.00209653 0.00175944 -5.03017 5.1567 0.126528
240.843 0.00212753 0.0017156 -5.00729 5.13386 0.126569
240.854 0.00216167 0.00167266 -4.9846 5.11121 0.126611
240.865 0.00218971 0.0016279 -4.96213 5.08878 0.126652
240.876 0.00222473 0.00158081 -4.93984 5.06653 0.126691
240.888 0.00225564 0.00153542 -4.91775 5.04447 0.126722
240.899 0.00228874 0.00148946 -4.89586 5.02261 0.12675
240.91 0.00232235 0.00144621 -4.87415 5.00093 0.12678
240.921 0.00235648 0.00140469 -4.85266 4.97947 0.12681
240.933 0.00239161 0.00135944 -4.83137 4.95821 0.126837
240.944 0.00242861 0.00131756 -4.81025 4.93712 0.126871
240.955 0.00246419 0.00127944 -4.78937 4.91627 0.126898
240.966 0.00249946 0.00123843 -4.76867 4.89559 0.126918
240.978 0.00254345 0.0011893 -4.74815 4.87509 0.126939
240.989 0.00258584 0.00114417 -4.72784 4.8548 0.12696
241 0.00263012 0.00109346 -4.70771 4.8347 0.126984
241.011 0.00267657 0.00104652 -4.68776 4.81477 0.127006
241.022 0.00271577 0.000997733 -4.66803 4.79505 0.127026
241.034 0.00276519 0.000951699 -4.64843 4.77547 0.127042
241.045 0.00281015 0.000899331 -4.62901 4.75606 0.127056
241.056 0.00285093 0.000852675 -4.60972 4.7368 0.127073
241.067 0.00289555 0.000801771 -4.59061 4.71769 0.127083
241.079 0.00293227 0.000753234 -4.57165 4.69874 0.127095
241.09 0.00296734 0.00070856 -4.55287 4.67998 0.127109
241.101 0.00300686 0.000657893 -4.53425 4.66138 0.127124
241.112 0.00304464 0.000604198 -4.51581 4.64296 0.127143
241.124 0.00308061 0.000553804 -4.49753 4.6247 0.127162
241.135 0.00311958 0.000499693 -4.4794 4.60658 0.127182
241.146 0.00316122 0.000440194 -4.46145 4.58865 0.1272
241.157 0.00319849 0.000382389 -4.44365 4.57087 0.127216
241.169 0.00323478 0.000327574 -4.42603 4.55326 0.12723
241.18 0.00326794 0.000274943 -4.40856 4.53581 0.127251
241.191 0.00330317 0.00022886 -4.39127 4.51854 0.12727
241.202 0.00333938 0.000180415 -4.37415 4.50143 0.127282
241.213 0.00337391 0.000132659 -4.35722 4.48452 0.127301
241.225 0.00340377 8.3494e-05 -4.34045 4.46777 0.127315
241.236 0.00343282 3.71746e-05 -4.32385 4.45119 0.127335
241.247 0.00346398 -1.2433e-05 -4.30768 4.43503 0.12735
241.258 0.003491 -6.22841e-05 -4.29168 4.41905 0.127368
241.269 0.00351803 -0.000110188 -4.27609 4.40348 0.127387
241.28 0.00354691 -0.000151518 -4.26068 4.38809 0.127408
241.291 0.00356856 -0.000198237 -4.24542 4.37284 0.127424
241.302 0.00359073 -0.000241612 -4.23029 4.35773 0.12744
241.313 0.00361644 -0.000290415 -4.21528 4.34274 0.127455
241.324 0.00364545 -0.00033532 -4.2004 4.32787 0.127466
241.334 0.00367132 -0.000379624 -4.18565 4.31313 0.127479
241.345 0.00369865 -0.000418877 -4.171 4.29849 0.127491
241.356 0.0037274 -0.000455866 -4.15645 4.28394 0.127494
241.367 0.00375434 -0.000492284 -4.14197 4.26946 0.127498
241.378 0.00378074 -0.000526753 -4.12762 4.25512 0.127501
241.389 0.0038047 -0.000557782 -4.1131 4.24061 0.127509
241.4 0.00382215 -0.000586871 -4.09861 4.22613 0.127519
241.411 0.00383725 -0.000620578 -4.08416 4.21168 0.127523
241.423 0.00385383 -0.000659661 -4.06973 4.19725 0.127521
241.434 0.0038684 -0.000702394 -4.05528 4.18281 0.127526
241.445 0.00388412 -0.0007458 -4.04083 4.16835 0.127525
241.456 0.00389414 -0.000786967 -4.02636 4.15388 0.12752
241.467 0.00390272 -0.000833558 -4.0119 4.13943 0.127525
241.478 0.00390899 -0.000877689 -3.99743 4.12496 0.127537
241.489 0.00391608 -0.000918671 -3.98292 4.11047 0.127551
241.5 0.00391793 -0.000956714 -3.96838 4.09594 0.127559
241.511 0.00391898 -0.00098984 -3.95381 4.08138 0.127565
241.522 0.00392526 -0.00102032 -3.93918 4.06674 0.127566
241.534 0.00393625 -0.00105074 -3.92444 4.052 0.127564
241.545 0.00394354 -0.00107561 -3.90962 4.03719 0.127565
241.556 0.00395517 -0.00110462 -3.89465 4.02221 0.127558
241.567 0.00396739 -0.00112385 -3.87957 4.00713 0.12755
241.578 0.00398391 -0.00115303 -3.8644 3.99196 0.127555
241.589 0.00400091 -0.00118892 -3.84912 3.97669 0.12757
241.6 0.00401649 -0.0012255 -3.8337 3.96128 0.127578
241.611 0.00403489 -0.00126162 -3.81814 3.94573 0.127588
241.622 0.00404452 -0.00129357 -3.80241 3.93 0.127591
241.634 0.00405053 -0.00132455 -3.78648 3.91407 0.127591
241.645 0.00405027 -0.00134487 -3.77038 3.89797 0.127593
241.656 0.00405591 -0.0013688 -3.75409 3.88169 0.127599
241.667 0.00406554 -0.00139174 -3.73759 3.8652 0.127606
241.678 0.0040783 -0.00141238 -3.72091 3.84851 0.127607
241.689 0.00409146 -0.00143569 -3.70397 3.83158 0.127606
241.7 0.00410765 -0.00145786 -3.68685 3.81446 0.127615
241.711 0.00412436 -0.00147653 -3.66952 3.79714 0.127616
241.722 0.00413597 -0.00149642 -3.652 3.77961 0.127614
241.733 0.0041457 -0.00150348 -3.63425 3.76186 0.127611
241.745 0.00415034 -0.00152508 -3.61639 3.744 0.127611
241.756 0.00414426 -0.00154644 -3.59829 3.72589 0.127602
241.767 0.00414597 -0.0015706 -3.57991 3.7075 0.127593
241.778 0.00415756 -0.00159756 -3.56131 3.6889 0.127592
241.789 0.00416197 -0.00161505 -3.54251 3.67012 0.12761
241.8 0.00416523 -0.00163303 -3.52349 3.65112 0.127626
241.811 0.00416115 -0.00165022 -3.50431 3.63195 0.127634
241.822 0.00415514 -0.00166316 -3.48489 3.61254 0.127647
241.833 0.0041455 -0.00167015 -3.46523 3.59289 0.127659
241.845 0.00413736 -0.00167264 -3.44538 3.57305 0.127671
241.856 0.004127 -0.00168352 -3.42537 3.55305 0.127681
241.867 0.0041225 -0.00168916 -3.40516 3.53285 0.127691
241.878 0.00412376 -0.00169518 -3.3848 3.5125 0.127705
241.889 0.0041223 -0.00169974 -3.36423 3.49195 0.127716
241.9 0.00411783 -0.00169546 -3.3435 3.47123 0.127729
241.911 0.00411505 -0.00169815 -3.3226 3.45033 0.127736
241.922 0.00410678 -0.00170551 -3.30155 3.4293 0.127741
241.933 0.00411235 -0.00171254 -3.28042 3.40817 0.127756
241.944 0.00412111 -0.0017182 -3.25913 3.38691 0.127781
241.956 0.00412403 -0.00172113 -3.23774 3.36555 0.127809
241.967 0.0041228 -0.00172175 -3.21623 3.34406 0.127831
241.978 0.00411384 -0.00171869 -3.19461 3.32246 0.12785
241.989 0.00410674 -0.00171406 -3.17284 3.30071 0.127871
242 0.00409466 -0.00170643 -3.15099 3.27888 0.127892
242.011 0.00408552 -0.00170318 -3.12876 3.25668 0.127917
242.022 0.00408426 -0.00169665 -3.10647 3.23441 0.127943
242.034 0.00408292 -0.0016879 -3.08409 3.21206 0.127974
242.045 0.00407139 -0.0016773 -3.06163 3.18963 0.128
242.056 0.00405592 -0.00166724 -3.03906 3.16709 0.128027
242.067 0.00404047 -0.00164888 -3.01648 3.14453 0.128051
242.079 0.00403251 -0.00163822 -2.99385 3.12193 0.128074
242.09 0.00402655 -0.00162904 -2.97119 3.09928 0.128091
242.101 0.00402073 -0.00162599 -2.94849 3.0766 0.128107
242.112 0.00400903 -0.00162549 -2.92578 3.05391 0.128129
242.124 0.00399197 -0.0016309 -2.90302 3.03117 0.128147
242.135 0.00398469 -0.00163543 -2.88014 3.00831 0.128165
242.146 0.00398302 -0.00164355 -2.8574 2.9856 0.128193
242.157 0.0039771 -0.00164872 -2.83471 2.96293 0.128219
242.169 0.00397175 -0.00165002 -2.81202 2.94027 0.128249
242.18 0.0039617 -0.00164833 -2.78929 2.91757 0.128274
242.191 0.00395299 -0.00164923 -2.76665 2.89495 0.128304
242.202 0.00394569 -0.00164631 -2.74401 2.87234 0.128336
242.213 0.00394345 -0.00164303 -2.72142 2.84978 0.128368
242.225 0.00394317 -0.00163262 -2.69886 2.82727 0.128407
242.236 0.00394123 -0.00162568 -2.67644 2.80488 0.128441
242.247 0.0039404 -0.00161889 -2.65397 2.78245 0.128475
242.258 0.00393846 -0.0016248 -2.63178 2.76029 0.128514
242.27 0.00393117 -0.00163297 -2.60958 2.73814 0.128555
242.281 0.00392233 -0.00163965 -2.58742 2.71601 0.128585
242.292 0.00392478 -0.00164319 -2.56527 2.69388 0.128612
242.303 0.00392345 -0.0016422 -2.54319 2.67184 0.128645
242.315 0.00392739 -0.00164104 -2.52124 2.64993 0.12869
242.326 0.00392666 -0.00164227 -2.49933 2.62806 0.128724
242.337 0.00393328 -0.00164057 -2.47762 2.60639 0.128764
242.348 0.00394245 -0.00163615 -2.45614 2.58495 0.128806
242.36 0.00394931 -0.00163734 -2.43457 2.56343 0.128852
242.371 0.00395481 -0.00163474 -2.41332 2.54222 0.1289
242.382 0.00395336 -0.00164936 -2.39233 2.52128 0.128949
242.393 0.00395403 -0.00167697 -2.37145 2.50045 0.129002
242.404 0.00397428 -0.00170319 -2.35073 2.47978 0.129055
242.416 0.00399253 -0.00173307 -2.33015 2.45925 0.129102
242.427 0.00400346 -0.0017601 -2.30982 2.43897 0.129152
242.438 0.00400749 -0.00178319 -2.28951 2.41871 0.129195
242.449 0.00400955 -0.00180377 -2.26943 2.39867 0.129232
242.461 0.00400733 -0.0018225 -2.24955 2.37881 0.129262
242.472 0.00401414 -0.00184118 -2.22984 2.35913 0.129294
242.483 0.00403453 -0.0018659 -2.21024 2.33956 0.129326
242.494 0.00405945 -0.00189215 -2.19109 2.32045 0.129356
242.506 0.00408843 -0.00191338 -2.17203 2.30142 0.12939
242.517 0.00411018 -0.00193356 -2.15316 2.28258 0.129423
242.528 0.00412707 -0.00194978 -2.13447 2.26392 0.129454
242.539 0.00414066 -0.00196684 -2.11605 2.24554 0.129488
242.551 0.00415364 -0.00198061 -2.09789 2.22741 0.129521
242.562 0.00416284 -0.00200387 -2.07997 2.20952 0.129557
242.573 0.00416763 -0.00202086 -2.06223 2.19182 0.129594
242.584 0.00416217 -0.00203634 -2.04473 2.17435 0.129628
242.596 0.00415527 -0.00205469 -2.02758 2.15723 0.129656
242.607 0.0041594 -0.00207612 -2.01067 2.14035 0.129681
242.618 0.00418355 -0.00210187 -1.99395 2.12365 0.129705
242.629 0.00420332 -0.00212021 -1.97756 2.10729 0.129727
242.64 0.00422356 -0.00214516 -1.96144 2.0912 0.129752
242.652 0.00424304 -0.00216114 -1.94559 2.07537 0.129775
242.663 0.00426287 -0.00217478 -1.93004 2.05984 0.129797
242.674 0.00428686 -0.00218169 -1.91477 2.0446 0.129826
242.685 0.00430734 -0.00218586 -1.89979 2.02964 0.129851
242.697 0.00432871 -0.0021926 -1.88492 2.01479 0.129874
242.708 0.00434869 -0.00220493 -1.87053 2.00043 0.1299
242.719 0.00437129 -0.00221927 -1.85644 1.98637 0.129921
242.73 0.00439727 -0.00224127 -1.84268 1.97262 0.12994
242.742 0.00442376 -0.00226229 -1.8292 1.95916 0.129958
242.753 0.00443977 -0.00228481 -1.81601 1.94598 0.129976
242.764 0.00443896 -0.00230496 -1.80315 1.93315 0.129994
242.775 0.0044342 -0.00232681 -1.7906 1.92061 0.13001
242.787 0.00443167 -0.00234573 -1.77835 1.90838 0.130032
242.798 0.00442477 -0.0023636 -1.76643 1.89649 0.130053
242.809 0.00442123 -0.00237724 -1.7548 1.88488 0.130074
242.82 0.00442191 -0.0023949 -1.74351 1.87361 0.130098
242.831 0.00443579 -0.00241863 -1.73249 1.86261 0.130117
242.843 0.00444757 -0.00243426 -1.72185 1.85198 0.130134
242.854 0.00445752 -0.00245256 -1.7116 1.84175 0.130148
242.865 0.00446511 -0.00246995 -1.70168 1.83184 0.130162
242.876 0.0044753 -0.00248297 -1.69198 1.82216 0.130176
242.888 0.00448493 -0.00249419 -1.68257 1.81276 0.130189
242.899 0.00449532 -0.00251212 -1.67345 1.80365 0.130203
242.91 0.00450452 -0.00252359 -1.66462 1.79484 0.130214
242.921 0.00451211 -0.00254046 -1.65607 1.7863 0.130227
242.933 0.00451498 -0.00255103 -1.64781 1.77805 0.130239
242.944 0.00451525 -0.0025713 -1.63985 1.77011 0.130256
242.955 0.00451759 -0.00259408 -1.63218 1.76245 0.130267
242.966 0.00452019 -0.00261816 -1.6248 1.75508 0.130274
242.978 0.00452299 -0.00264521 -1.6177 1.74798 0.130286
242.989 0.00452791 -0.00267359 -1.61084 1.74115 0.1303
243 0.00453458 -0.00269778 -1.60427 1.73459 0.130318
243.011 0.00454121 -0.00272083 -1.59798 1.72832 0.130335
243.022 0.00455703 -0.0027443 -1.59194 1.72229 0.130352
243.034 0.0045676 -0.00277479 -1.58609 1.71646 0.13037
243.045 0.00457968 -0.0028083 -1.58049 1.71088 0.130386
243.056 0.00459206 -0.0028413 -1.57513 1.70553 0.130404
243.067 0.00460809 -0.00287664 -1.57003 1.70044 0.130414
243.079 0.00462367 -0.00291143 -1.56513 1.69556 0.130429
243.09 0.00463842 -0.00294752 -1.56042 1.69086 0.13044
243.101 0.00465388 -0.00298791 -1.55581 1.68626 0.13045
243.112 0.00467311 -0.00302306 -1.55136 1.68183 0.130464
243.124 0.00469476 -0.00306223 -1.54706 1.67754 0.130477
243.135 0.00471086 -0.00310546 -1.54292 1.67341 0.130489
243.146 0.0047301 -0.00314237 -1.5389 1.66939 0.130494
243.157 0.00475371 -0.00318861 -1.53498 1.66548 0.130501
243.169 0.00477202 -0.00323118 -1.53114 1.66165 0.130505
243.18 0.00479504 -0.0032737 -1.52736 1.65788 0.130513
243.191 0.00481708 -0.0033212 -1.52359 1.65411 0.130522
243.202 0.00483931 -0.00336496 -1.5198 1.65033 0.130528
243.213 0.00486114 -0.0034054 -1.51599 1.64653 0.130534
243.225 0.00488411 -0.0034461 -1.51214 1.64268 0.130536
243.236 0.00490258 -0.00348626 -1.50827 1.6388 0.130538
243.247 0.00491788 -0.00352623 -1.50431 1.63485 0.130539
243.258 0.00493392 -0.00356252 -1.50023 1.63077 0.130538
243.27 0.00494916 -0.00360225 -1.496 1.62654 0.130543
243.281 0.00495457 -0.00364286 -1.49158 1.62213 0.130546
243.292 0.00496445 -0.0036843 -1.48694 1.61749 0.130547
243.303 0.00496952 -0.00372423 -1.48205 1.6126 0.130546
243.315 0.00498316 -0.00376305 -1.47686 1.60741 0.130546
243.326 0.00498933 -0.00380605 -1.47137 1.60192 0.130546
243.337 0.00499913 -0.00384558 -1.4656 1.59615 0.13055
243.348 0.00500696 -0.00388243 -1.4595 1.59004 0.130544
243.36 0.00501642 -0.00391469 -1.45303 1.58357 0.130539
243.371 0.00502677 -0.00394643 -1.44613 1.57666 0.130536
243.382 0.00503552 -0.00398183 -1.43886 1.5694 0.130536
243.393 0.00504247 -0.00401368 -1.43124 1.56177 0.130533
243.404 0.00504681 -0.00404019 -1.42321 1.55373 0.130529
243.416 0.00505387 -0.00406582 -1.41474 1.54527 0.130529
243.427 0.00505843 -0.00408641 -1.40582 1.53635 0.130527
243.438 0.00506145 -0.00410853 -1.39644 1.52697 0.130526
243.449 0.00506302 -0.0041262 -1.38658 1.5171 0.13052
243.461 0.00506725 -0.00414878 -1.37622 1.50674 0.130518
243.472 0.00506979 -0.0041744 -1.36535 1.49587 0.130517
243.483 0.00506968 -0.00419627 -1.35401 1.48453 0.130519
243.494 0.00507135 -0.00422419 -1.34221 1.47273 0.130521
243.506 0.00507453 -0.00424685 -1.32991 1.46044 0.130526
243.517 0.00507818 -0.00427113 -1.31715 1.44767 0.130528
243.528 0.0050819 -0.00429355 -1.30387 1.4344 0.130528
243.539 0.00508472 -0.00431393 -1.29032 1.42085 0.130525
243.551 0.00508947 -0.00432916 -1.27639 1.40691 0.130524
243.562 0.00509183 -0.00434461 -1.26209 1.39262 0.130525
243.573 0.00509736 -0.00435325 -1.24746 1.37799 0.130529
243.584 0.00510651 -0.00436503 -1.23251 1.36304 0.130533
243.596 0.00511726 -0.00437801 -1.21727 1.3478 0.130533
243.607 0.00512502 -0.00438928 -1.20178 1.33231 0.130533
243.618 0.00513446 -0.00440387 -1.18604 1.31658 0.130535
243.629 0.00514012 -0.00442058 -1.1699 1.30044 0.130543
243.64 0.00514604 -0.00442814 -1.15379 1.28434 0.130553
243.652 0.00515152 -0.00443875 -1.13758 1.26814 0.130563
243.663 0.00516545 -0.00444047 -1.12135 1.25192 0.130572
243.674 0.00518347 -0.00444135 -1.1051 1.23567 0.130578
243.685 0.00520354 -0.00443782 -1.08884 1.21943 0.130581
243.697 0.00522119 -0.00443561 -1.0725 1.20306 0.130566
243.708 0.00523885 -0.00443037 -1.05642 1.18697 0.130551
243.719 0.00525378 -0.00445432 -1.04053 1.17107 0.130539
243.73 0.00526481 -0.0044691 -1.02488 1.15541 0.130528
243.742 0.00527961 -0.00448021 -1.00957 1.14009 0.130517
243.753 0.00529818 -0.00448912 -0.994612 1.12512 0.130506
243.764 0.00531149 -0.00449699 -0.980048 1.11055 0.130498
243.775 0.00532156 -0.00450436 -0.965925 1.09642 0.130491
243.787 0.00532772 -0.00450373 -0.952363 1.08285 0.130486
243.798 0.00533315 -0.00450027 -0.93928 1.06976 0.130479
243.809 0.00533743 -0.00449779 -0.926777 1.05725 0.130472
243.82 0.00533654 -0.00449427 -0.914815 1.04529 0.130471
243.831 0.00534341 -0.00449253 -0.903413 1.03388 0.130464
243.843 0.005343 -0.00448619 -0.892646 1.02311 0.130462
243.854 0.00534102 -0.0044743 -0.882552 1.01301 0.130458
243.864 0.00533014 -0.00446864 -0.874373 1.00482 0.130448
243.873 0.0053292 -0.00446245 -0.866713 0.997156 0.130442
243.883 0.00532497 -0.00446025 -0.859614 0.99006 0.130446
243.893 0.00532294 -0.00445955 -0.853088 0.983532 0.130443
243.903 0.00532231 -0.00446078 -0.847128 0.977569 0.130441
243.912 0.00532081 -0.00445662 -0.841818 0.97226 0.130443
243.922 0.00531733 -0.00445262 -0.837125 0.967558 0.130433
243.932 0.00531307 -0.00445029 -0.833016 0.963445 0.130428
243.942 0.00530666 -0.00444464 -0.829514 0.959937 0.130423
243.95 0.00530269 -0.00443902 -0.826943 0.95736 0.130418
243.958 0.00529927 -0.00443633 -0.824886 0.955297 0.130411
243.967 0.00529829 -0.00442983 -0.82329 0.953696 0.130406
243.975 0.00528895 -0.00442539 -0.822266 0.952669 0.130403
243.983 0.00527878 -0.00442617 -0.82176 0.952158 0.130398
243.992 0.00527418 -0.00442702 -0.821748 0.952133 0.130385
244 0.00527551 -0.00442738 -0.822245 0.952609 0.130365
244.01 0.0052743 -0.00442549 -0.82344 0.95379 0.13035
244.02 0.00527263 -0.00442207 -0.825367 0.955703 0.130337
244.03 0.00526447 -0.0044114 -0.828121 0.958448 0.130327
244.041 0.0052544 -0.00440093 -0.831834 0.962152 0.130318
244.051 0.00524041 -0.00439305 -0.836364 0.966677 0.130313
244.061 0.00523095 -0.00438837 -0.841888 0.972197 0.130309
244.072 0.00521627 -0.004381 -0.848327 0.978632 0.130305
244.082 0.00520213 -0.00436916 -0.855617 0.985922 0.130305
244.093 0.00517946 -0.00436483 -0.863893 0.994191 0.130298
244.104 0.00516576 -0.00436853 -0.873096 1.00338 0.130282
244.115 0.00516654 -0.0043744 -0.883408 1.01367 0.130266
244.125 0.00516422 -0.00437797 -0.894716 1.02497 0.130258
244.136 0.00515688 -0.00437946 -0.907076 1.03733 0.13025
244.147 0.00514568 -0.00437462 -0.920597 1.05084 0.130244
244.158 0.00513767 -0.00437126 -0.935198 1.06544 0.130244
244.169 0.00512822 -0.00437332 -0.950888 1.08114 0.130248
244.18 0.00511687 -0.00437419 -0.967627 1.09788 0.130249
244.191 0.00510512 -0.00437248 -0.985395 1.11565 0.130256
244.202 0.00508346 -0.00437485 -1.0044 1.13467 0.130269
244.213 0.00507349 -0.00438547 -1.02434 1.15461 0.130273
244.224 0.00506528 -0.004388 -1.04524 1.17551 0.130269
244.235 0.00505294 -0.00439713 -1.06709 1.19737 0.130273
244.246 0.00504123 -0.00439126 -1.08989 1.22017 0.130276
244.257 0.00502783 -0.00438292 -1.11358 1.24386 0.130277
244.268 0.00500997 -0.00437366 -1.13808 1.26837 0.130283
244.279 0.00499629 -0.00436132 -1.16331 1.29359 0.130287
244.291 0.00497228 -0.00435276 -1.18925 1.31955 0.130297
244.302 0.00495281 -0.00435082 -1.2158 1.34611 0.130312
244.313 0.00494243 -0.00434073 -1.24287 1.37319 0.13032
244.324 0.00492537 -0.00433083 -1.27039 1.40071 0.13032
244.335 0.00490425 -0.00431927 -1.29827 1.42859 0.130317
244.346 0.0048806 -0.00429981 -1.32647 1.45679 0.130319
244.357 0.00485894 -0.00428203 -1.35496 1.48528 0.130322
244.368 0.00483445 -0.00426136 -1.38366 1.51398 0.130327
244.379 0.00480871 -0.00424832 -1.41243 1.54276 0.130332
244.39 0.0047799 -0.00423385 -1.44122 1.57156 0.130338
244.401 0.00476063 -0.004226 -1.46986 1.6002 0.130343
244.412 0.00475103 -0.0042111 -1.4982 1.62855 0.130352
244.424 0.00474384 -0.00418775 -1.52623 1.65658 0.130349
244.435 0.0047371 -0.0041667 -1.55387 1.68422 0.130352
244.446 0.00472638 -0.00415444 -1.58104 1.71139 0.130356
244.457 0.00471186 -0.00414498 -1.60766 1.73802 0.130362
244.468 0.00469012 -0.00413832 -1.63374 1.7641 0.130363
244.479 0.00466754 -0.00412976 -1.65917 1.78954 0.130369
244.49 0.00464068 -0.004115 -1.68398 1.81435 0.130371
244.501 0.00461403 -0.00409057 -1.70806 1.83844 0.130375
244.512 0.0045953 -0.00406952 -1.73133 1.8617 0.130364
244.523 0.00458023 -0.00406893 -1.75372 1.88408 0.130359
244.534 0.00456225 -0.00406681 -1.77526 1.90561 0.130356
244.546 0.00453991 -0.00405776 -1.79581 1.92617 0.130352
244.557 0.00451396 -0.00404891 -1.8154 1.94576 0.130354
244.568 0.00449676 -0.00403832 -1.83401 1.96437 0.130361
244.579 0.00447394 -0.00402657 -1.85154 1.98191 0.130369
244.59 0.00445169 -0.00401377 -1.86804 1.99842 0.130374
244.601 0.00443556 -0.00399493 -1.88348 2.01385 0.130371
244.612 0.00441778 -0.00397547 -1.89771 2.02807 0.130359
244.623 0.00440433 -0.00397438 -1.91071 2.04106 0.130354
244.634 0.00438594 -0.00397167 -1.9226 2.05295 0.130348
244.645 0.00437103 -0.00396321 -1.93274 2.06308 0.130343
244.655 0.00434957 -0.00395743 -1.94185 2.0722 0.130347
244.666 0.00432861 -0.00395367 -1.94992 2.08027 0.130356
244.676 0.00430965 -0.00394766 -1.95693 2.0873 0.130362
244.686 0.00428127 -0.00393504 -1.96289 2.09326 0.13037
244.697 0.00425038 -0.00392341 -1.96796 2.09834 0.130384
244.708 0.00422657 -0.00391198 -1.97196 2.10235 0.130391
244.719 0.00421205 -0.00390824 -1.97486 2.10525 0.130389
244.73 0.00419852 -0.0039204 -1.97659 2.10698 0.130383
244.741 0.00418524 -0.00393118 -1.97716 2.10754 0.130377
244.751 0.00416692 -0.0039432 -1.97658 2.10696 0.130375
244.762 0.00414616 -0.00394695 -1.97495 2.10533 0.13038
244.773 0.00412659 -0.00394433 -1.97224 2.10262 0.13038
244.784 0.00410885 -0.00394383 -1.96845 2.09883 0.130381
244.795 0.0040889 -0.00395054 -1.9636 2.09399 0.130382
244.805 0.00406268 -0.00395853 -1.95768 2.08806 0.130379
244.816 0.00403966 -0.00396388 -1.95069 2.08107 0.130379
244.827 0.0040137 -0.00396818 -1.94268 2.07306 0.130383
244.838 0.00397714 -0.00397124 -1.93364 2.06404 0.130399
244.849 0.00394153 -0.00397007 -1.92357 2.05398 0.130407
244.859 0.00390669 -0.00396765 -1.91255 2.04296 0.130412
244.87 0.00386692 -0.00396579 -1.90052 2.03094 0.130415
244.881 0.0038344 -0.00396544 -1.8875 2.01791 0.130418
244.892 0.00381801 -0.0039692 -1.87347 2.00389 0.130427
244.903 0.0037991 -0.00398385 -1.85843 1.98887 0.130438
244.914 0.00377755 -0.0039937 -1.84234 1.97279 0.130445
244.924 0.00374665 -0.00400097 -1.82524 1.9557 0.130453
244.935 0.00371518 -0.00400474 -1.80712 1.93759 0.130469
244.946 0.00368431 -0.00401078 -1.788 1.91849 0.130491
244.957 0.00365462 -0.00401434 -1.76795 1.89846 0.130508
244.968 0.00362502 -0.00401951 -1.74702 1.87755 0.130524
244.978 0.0035988 -0.00402575 -1.72513 1.85567 0.130539
244.989 0.00356047 -0.00402727 -1.7023 1.83285 0.130549
245 0.00353283 -0.00402185 -1.67849 1.80905 0.130556
245.011 0.00351346 -0.00401686 -1.65271 1.78328 0.130569
245.022 0.00349723 -0.0040268 -1.62601 1.75658 0.130577
245.034 0.00347801 -0.00404288 -1.59832 1.7289 0.130584
245.045 0.00344942 -0.00405364 -1.56973 1.70032 0.130589
245.056 0.00341849 -0.00406041 -1.5402 1.67081 0.130606
245.067 0.00338579 -0.00406744 -1.50978 1.64041 0.13063
245.079 0.00334992 -0.00407623 -1.47848 1.60914 0.130654
245.09 0.00331187 -0.00408395 -1.44636 1.57704 0.130677
245.101 0.0032713 -0.00409046 -1.41333 1.54402 0.130688
245.112 0.00323787 -0.00409115 -1.37941 1.51012 0.130702
245.124 0.00321369 -0.00409272 -1.34463 1.47534 0.130714
245.135 0.00318436 -0.00410729 -1.30879 1.43951 0.130725
245.146 0.00315335 -0.00412521 -1.27223 1.40297 0.130737
245.157 0.00311733 -0.00413613 -1.23487 1.36562 0.130752
245.169 0.00308191 -0.00414215 -1.19673 1.3275 0.130771
245.18 0.00304728 -0.00414685 -1.15782 1.28862 0.130793
245.191 0.003011 -0.00415474 -1.11814 1.24895 0.130812
245.202 0.0029746 -0.00415949 -1.07768 1.20851 0.130831
245.213 0.00294095 -0.0041663 -1.03622 1.16708 0.130853
245.225 0.00291557 -0.00416683 -0.99429 1.12516 0.130867
245.236 0.00289511 -0.00416138 -0.951651 1.08253 0.130882
245.247 0.00287424 -0.00416292 -0.90838 1.03927 0.130893
245.258 0.00284831 -0.00417036 -0.864474 0.995384 0.130911
245.27 0.00282507 -0.00417485 -0.819907 0.950833 0.130926
245.281 0.00280666 -0.00417817 -0.774748 0.905688 0.130939
245.292 0.00278435 -0.00418352 -0.729038 0.859987 0.130949
245.303 0.00275539 -0.00418859 -0.682666 0.813626 0.13096
245.315 0.0027236 -0.00419397 -0.635726 0.766701 0.130975
245.326 0.00270658 -0.0041943 -0.588234 0.71922 0.130986
245.337 0.00268728 -0.0041904 -0.540233 0.671232 0.130999
245.348 0.00267361 -0.0041983 -0.491721 0.622734 0.131013
245.36 0.00265219 -0.00421479 -0.442821 0.573849 0.131028
245.371 0.00262303 -0.00422474 -0.39347 0.524511 0.131042
245.382 0.00259769 -0.00423203 -0.343672 0.474731 0.131059
245.393 0.00257276 -0.00423976 -0.293524 0.424599 0.131074
245.404 0.0025403 -0.0042521 -0.243047 0.374138 0.13109
245.416 0.00250753 -0.0042566 -0.193194 0.324302 0.131108
245.427 0.00248563 -0.00425632 -0.143052 0.27418 0.131128
245.438 0.00246562 -0.00425919 -0.0926218 0.22377 0.131148
245.449 0.00244606 -0.00427331 -0.0420056 0.173168 0.131163
245.46 0.00242173 -0.00428106 0.00883346 0.122341 0.131174
245.471 0.00239696 -0.00428707 0.0598256 0.071363 0.131189
245.482 0.00237057 -0.00429439 0.110896 0.0203173 0.131213
245.493 0.00234237 -0.004299 0.162075 -0.0308452 0.131229
245.504 0.00231039 -0.00430623 0.213226 -0.0819801 0.131246
245.515 0.00228631 -0.00429843 0.264619 -0.133362 0.131257
245.526 0.00226878 -0.0042944 0.316 -0.184731 0.131268
245.537 0.00224848 -0.00429892 0.367365 -0.236087 0.131278
245.548 0.00222304 -0.00430647 0.418694 -0.287411 0.131283
245.559 0.0021952 -0.00430317 0.469848 -0.338543 0.131305
245.57 0.00217175 -0.00430518 0.520798 -0.389469 0.131329
245.581 0.00214462 -0.00430349 0.571634 -0.440282 0.131352
245.592 0.00210664 -0.00430153 0.62229 -0.490919 0.131371
245.603 0.0020725 -0.00429416 0.672828 -0.541443 0.131384
245.614 0.00204876 -0.00428589 0.723167 -0.591773 0.131394
245.625 0.00202627 -0.00429141 0.773174 -0.641773 0.131401
245.636 0.00199595 -0.00430397 0.823138 -0.691738 0.1314
245.647 0.00196924 -0.00429959 0.872855 -0.741445 0.13141
245.658 0.0019454 -0.00430048 0.922258 -0.790833 0.131425
245.669 0.00191831 -0.00430096 0.971393 -0.839952 0.131441
245.68 0.00188621 -0.00429446 1.0201 -0.888651 0.131449
245.691 0.00186692 -0.00428317 1.06861 -0.937145 0.131464
245.702 0.00184293 -0.00427563 1.11673 -0.985252 0.131474
245.713 0.00181411 -0.00428149 1.16444 -1.03295 0.131488
245.724 0.00177515 -0.00427824 1.21177 -1.08027 0.131503
245.735 0.00173508 -0.00427549 1.25866 -1.12715 0.131517
245.746 0.00169419 -0.0042745 1.30516 -1.17364 0.131521
245.757 0.00164522 -0.00427271 1.35124 -1.21971 0.131531
245.768 0.00159888 -0.00427427 1.39688 -1.26534 0.131542
245.779 0.00155838 -0.00426183 1.44205 -1.3105 0.13155
245.79 0.00151608 -0.00425014 1.48667 -1.35512 0.131554
245.801 0.00146825 -0.00424445 1.53078 -1.39923 0.131554
245.813 0.00141659 -0.0042452 1.57438 -1.44282 0.131557
245.824 0.00135413 -0.00424028 1.61731 -1.48575 0.131557
245.835 0.00129063 -0.00423303 1.65982 -1.52826 0.131554
245.846 0.00123345 -0.00422673 1.70182 -1.57026 0.131558
245.857 0.00117706 -0.00421565 1.74329 -1.61173 0.131557
245.868 0.0011177 -0.00420272 1.78423 -1.65268 0.131557
245.879 0.00105586 -0.00418727 1.82466 -1.6931 0.131557
245.89 0.000990907 -0.00417759 1.86458 -1.73302 0.131556
245.901 0.000924156 -0.00417912 1.904 -1.77245 0.131548
245.912 0.000876375 -0.00418379 1.94291 -1.81137 0.131543
245.923 0.000814823 -0.00417805 1.98138 -1.84984 0.131542
245.934 0.000752103 -0.00416927 2.01929 -1.88775 0.131544
245.945 0.000693165 -0.00416147 2.05668 -1.92514 0.131544
245.956 0.000624117 -0.00415182 2.09357 -1.96203 0.131543
245.967 0.000564306 -0.00414106 2.12995 -1.99841 0.131541
245.978 0.000509383 -0.00412357 2.16589 -2.03435 0.131535
245.989 0.000451062 -0.00410975 2.20137 -2.06984 0.13153
246 0.000390144 -0.00410197 2.23638 -2.10485 0.131523
246.011 0.00031518 -0.00409701 2.27163 -2.14011 0.13152
246.022 0.000244414 -0.00409587 2.30638 -2.17487 0.131516
246.034 0.000190126 -0.00408685 2.34059 -2.20907 0.131513
246.045 0.000128334 -0.00407411 2.37431 -2.2428 0.131512
246.056 6.75443e-05 -0.00406324 2.40748 -2.27597 0.131503
246.067 2.83758e-06 -0.00405346 2.44018 -2.30869 0.131494
246.079 -6.42087e-05 -0.00403949 2.47244 -2.34096 0.13148
246.09 -0.00012057 -0.00401525 2.50425 -2.37278 0.13147
246.101 -0.000179675 -0.00398792 2.53555 -2.4041 0.131455
246.112 -0.000240549 -0.00396901 2.5663 -2.43486 0.131442
246.124 -0.00031031 -0.00395656 2.59652 -2.46509 0.131431
246.135 -0.000375512 -0.00394565 2.62621 -2.49479 0.131424
246.146 -0.000427823 -0.00392753 2.65543 -2.524 0.131422
246.157 -0.000496894 -0.00390502 2.68405 -2.55264 0.131416
246.169 -0.000556541 -0.00387873 2.71215 -2.58074 0.13141
246.18 -0.000616568 -0.00385465 2.73972 -2.60832 0.131397
246.191 -0.000672515 -0.0038328 2.76682 -2.63543 0.131387
246.202 -0.000724952 -0.00380345 2.79337 -2.662 0.131373
246.213 -0.000783162 -0.00377201 2.8194 -2.68804 0.131362
246.225 -0.000848743 -0.00373912 2.84489 -2.71355 0.131347
246.236 -0.000920233 -0.00371797 2.86982 -2.73849 0.131329
246.247 -0.000966915 -0.00370188 2.89428 -2.76298 0.131303
246.258 -0.0010165 -0.00367862 2.9182 -2.78692 0.131284
246.27 -0.00107164 -0.00364853 2.9416 -2.81033 0.131271
246.281 -0.00112634 -0.00361904 2.96446 -2.8332 0.131255
246.292 -0.0011792 -0.00358571 2.98676 -2.85552 0.131245
246.303 -0.00123458 -0.00354961 3.00851 -2.87727 0.131236
246.315 -0.00128699 -0.00351916 3.02964 -2.89841 0.131225
246.326 -0.00134065 -0.00348527 3.05022 -2.91901 0.131209
246.337 -0.0014065 -0.00344509 3.07024 -2.93905 0.131192
246.348 -0.00145728 -0.00341526 3.08971 -2.95854 0.131174
246.36 -0.00150823 -0.00339595 3.10862 -2.97746 0.131152
246.371 -0.00156753 -0.00337019 3.12702 -2.99589 0.131131
246.382 -0.00163188 -0.00334408 3.14476 -3.01365 0.131113
246.393 -0.00169539 -0.00331789 3.16194 -3.03083 0.1311
246.404 -0.00174612 -0.00328504 3.17858 -3.04749 0.13109
246.416 -0.00180077 -0.00325259 3.19468 -3.0636 0.131079
246.427 -0.00185376 -0.00322333 3.21023 -3.07916 0.131069
246.438 -0.00191229 -0.00319381 3.22527 -3.09422 0.131051
246.449 -0.0019644 -0.00315867 3.23969 -3.10866 0.131031
246.461 -0.00201676 -0.00312409 3.25358 -3.12257 0.13101
246.472 -0.00207457 -0.00308673 3.26692 -3.13592 0.130994
246.483 -0.00213155 -0.00305277 3.27969 -3.14871 0.13098
246.494 -0.00219452 -0.00303276 3.2919 -3.16094 0.130964
246.506 -0.00224178 -0.00301265 3.30355 -3.1726 0.130953
246.517 -0.0022902 -0.00299004 3.31465 -3.18371 0.130937
246.528 -0.00234892 -0.00296217 3.32521 -3.19428 0.130932
246.539 -0.00240548 -0.00293277 3.33525 -3.20433 0.130916
246.551 -0.00246975 -0.00290061 3.34474 -3.21383 0.130905
246.562 -0.00253116 -0.00286653 3.35365 -3.22276 0.130893
246.573 -0.00258787 -0.00283642 3.36199 -3.23111 0.130879
246.584 -0.00264748 -0.00280409 3.36976 -3.23889 0.130865
246.596 -0.0027071 -0.00276989 3.37691 -3.24606 0.13085
246.607 -0.0027754 -0.00272685 3.38344 -3.2526 0.13084
246.618 -0.00283705 -0.00269433 3.38937 -3.25854 0.130833
246.629 -0.00289062 -0.00267269 3.39469 -3.26387 0.130822
246.64 -0.00295291 -0.002642 3.39938 -3.26857 0.130808
246.652 -0.00301829 -0.00260246 3.40345 -3.27265 0.130799
246.663 -0.00307442 -0.00256126 3.40691 -3.27612 0.130785
246.674 -0.00313577 -0.00252333 3.40985 -3.27908 0.130769
246.685 -0.00320229 -0.00248327 3.41213 -3.28137 0.130756
246.697 -0.00325793 -0.00244077 3.41378 -3.28303 0.130743
246.708 -0.00331467 -0.00239823 3.41481 -3.28408 0.130726
246.719 -0.00337385 -0.00236008 3.41518 -3.28447 0.130711
246.73 -0.00343312 -0.00231848 3.41494 -3.28425 0.130694
246.742 -0.00349461 -0.00227215 3.41409 -3.28341 0.130679
246.753 -0.003565 -0.00222891 3.41264 -3.28198 0.130661
246.764 -0.00362911 -0.00219803 3.41059 -3.27994 0.130648
246.775 -0.00368154 -0.00217733 3.40797 -3.27734 0.130629
246.787 -0.00374133 -0.00215542 3.40478 -3.27417 0.130608
246.798 -0.00380704 -0.00212747 3.40103 -3.27044 0.130591
246.809 -0.00387626 -0.00209481 3.39666 -3.26609 0.130572
246.82 -0.00394121 -0.00206157 3.39166 -3.2611 0.130554
246.831 -0.00400692 -0.00203359 3.38604 -3.2555 0.130542
246.843 -0.00407981 -0.00200813 3.37978 -3.24925 0.130527
246.854 -0.00415523 -0.00198324 3.37288 -3.24237 0.130514
246.865 -0.00422657 -0.0019546 3.3653 -3.23479 0.130501
246.876 -0.00429795 -0.0019273 3.35714 -3.22665 0.130485
246.888 -0.00436775 -0.00190428 3.34838 -3.21791 0.13047
246.899 -0.00444104 -0.0018791 3.33903 -3.20857 0.130466
246.91 -0.0045118 -0.00185256 3.32909 -3.19863 0.13046
246.921 -0.00458526 -0.00183164 3.31856 -3.18811 0.130453
246.933 -0.00466328 -0.0018122 3.30744 -3.17699 0.130449
246.944 -0.00474542 -0.00179294 3.29576 -3.16532 0.130443
246.955 -0.00481527 -0.00178066 3.28356 -3.15312 0.130438
246.966 -0.00487197 -0.00176786 3.27077 -3.14034 0.13043
246.978 -0.00493375 -0.00175509 3.25746 -3.12704 0.130421
246.989 -0.00499874 -0.00174159 3.24363 -3.11322 0.130411
247 -0.0050638 -0.00172829 3.22927 -3.09887 0.130402
247.011 -0.00513165 -0.00171188 3.21438 -3.08399 0.130395
247.022 -0.00519645 -0.00169526 3.19902 -3.06864 0.130388
247.034 -0.00526298 -0.0016812 3.1832 -3.05282 0.130385
247.045 -0.00533299 -0.00167212 3.16694 -3.03656 0.130378
247.056 -0.0054033 -0.0016697 3.15026 -3.01989 0.130373
247.067 -0.00545406 -0.00166258 3.13315 -3.00277 0.130373
247.079 -0.00550914 -0.00165119 3.11563 -2.98526 0.13037
247.09 -0.00556182 -0.0016364 3.0978 -2.96743 0.130368
247.101 -0.00561577 -0.00162743 3.07962 -2.94926 0.130364
247.112 -0.00566903 -0.00162115 3.0611 -2.93075 0.130353
247.124 -0.00572473 -0.00160794 3.0423 -2.91196 0.130342
247.135 -0.0057801 -0.00159585 3.02321 -2.89288 0.130334
247.146 -0.00584176 -0.00157695 3.0039 -2.87358 0.130324
247.157 -0.00591161 -0.00156661 2.98429 -2.85397 0.130317
247.169 -0.00597503 -0.00156761 2.96448 -2.83417 0.130306
247.18 -0.00602318 -0.00156932 2.94444 -2.81415 0.13029
247.191 -0.00607154 -0.00156949 2.92418 -2.79391 0.130276
247.202 -0.00612745 -0.00156136 2.90377 -2.7735 0.130264
247.213 -0.00618658 -0.00155432 2.88319 -2.75293 0.130257
247.225 -0.00624935 -0.00154335 2.86248 -2.73222 0.130253
247.236 -0.00631117 -0.00153201 2.8416 -2.71136 0.130243
247.247 -0.00636957 -0.00152279 2.82057 -2.69033 0.130239
247.258 -0.00642837 -0.00151436 2.79942 -2.66919 0.130229
247.27 -0.00649005 -0.00150793 2.7782 -2.64799 0.13021
247.281 -0.00655903 -0.00149071 2.75693 -2.62674 0.13019
247.292 -0.00662589 -0.00147547 2.73561 -2.60544 0.130172
247.303 -0.00668296 -0.00147464 2.71424 -2.58408 0.13016
247.315 -0.00673 -0.00148458 2.69286 -2.56271 0.13015
247.326 -0.00677701 -0.00149685 2.67148 -2.54135 0.130136
247.337 -0.00682804 -0.00150567 2.6502 -2.52008 0.13012
247.348 -0.00687809 -0.00151276 2.6288 -2.49869 0.130113
247.36 -0.00693386 -0.0015218 2.60735 -2.47724 0.130108
247.371 -0.00699034 -0.00153356 2.58583 -2.45572 0.130107
247.382 -0.00704381 -0.00154048 2.56432 -2.43422 0.130101
247.393 -0.00710472 -0.00154926 2.5432 -2.41311 0.130093
247.404 -0.00716498 -0.00155373 2.52216 -2.39207 0.130085
247.415 -0.00721918 -0.00155812 2.50113 -2.37106 0.130076
247.426 -0.00727494 -0.00156112 2.4801 -2.35003 0.13007
247.437 -0.00733444 -0.00156127 2.45905 -2.32899 0.130066
247.448 -0.00739745 -0.00155859 2.43803 -2.30796 0.130061
247.459 -0.00746137 -0.00155428 2.41704 -2.28699 0.130058
247.47 -0.00752221 -0.00154984 2.39614 -2.26608 0.130055
247.481 -0.00758808 -0.00154645 2.37528 -2.24523 0.13005
247.492 -0.0076472 -0.00154372 2.35449 -2.22444 0.130051
247.503 -0.00770228 -0.00154722 2.33378 -2.20373 0.130049
247.514 -0.00775923 -0.00154563 2.31314 -2.18309 0.130048
247.525 -0.00781561 -0.00153868 2.29261 -2.16256 0.130051
247.537 -0.0078691 -0.0015327 2.27222 -2.14217 0.13005
247.548 -0.0079227 -0.00152789 2.25192 -2.12188 0.130049
247.559 -0.00797926 -0.00151816 2.23171 -2.10166 0.13005
247.57 -0.00803772 -0.00150546 2.21167 -2.08162 0.130048
247.581 -0.00809743 -0.00150572 2.19174 -2.0617 0.130043
247.592 -0.00816538 -0.00150349 2.17199 -2.04195 0.130041
247.603 -0.0082309 -0.0015023 2.15247 -2.02243 0.13004
247.614 -0.00829471 -0.00149528 2.13311 -2.00307 0.130035
247.625 -0.00835451 -0.00148843 2.11396 -1.98392 0.130031
247.636 -0.00841667 -0.00148446 2.09503 -1.965 0.130026
247.647 -0.00847707 -0.00148093 2.07638 -1.94636 0.130023
247.658 -0.00854082 -0.00147483 2.05803 -1.92801 0.13002
247.669 -0.00860228 -0.00147657 2.03992 -1.9099 0.130017
247.68 -0.00865464 -0.00147387 2.02209 -1.89207 0.130019
247.691 -0.00870652 -0.00147637 2.00455 -1.87453 0.130026
247.702 -0.00875543 -0.00148221 1.98734 -1.8573 0.130033
247.713 -0.00880524 -0.00148297 1.97047 -1.84045 0.130025
247.724 -0.00885383 -0.00148838 1.95398 -1.82396 0.130013
247.735 -0.0089072 -0.00148626 1.93782 -1.80782 0.130006
247.746 -0.00895385 -0.00148253 1.92211 -1.79211 0.129996
247.757 -0.00899865 -0.00147898 1.90681 -1.77683 0.129988
247.768 -0.00904408 -0.00147621 1.89196 -1.76198 0.129981
247.779 -0.00908476 -0.00146811 1.8776 -1.74762 0.129978
247.79 -0.00912418 -0.0014573 1.86372 -1.73374 0.129984
247.801 -0.00916405 -0.00145667 1.85031 -1.72032 0.129985
247.812 -0.00920566 -0.00146225 1.83736 -1.70739 0.129972
247.823 -0.00925589 -0.0014731 1.8249 -1.69496 0.129948
247.834 -0.00930488 -0.00147914 1.81293 -1.68301 0.129928
247.846 -0.00935683 -0.001486 1.80148 -1.67157 0.129913
247.857 -0.00940876 -0.0014897 1.79054 -1.66064 0.129903
247.868 -0.00945153 -0.00149176 1.78008 -1.65019 0.129897
247.879 -0.00949308 -0.00149241 1.77005 -1.64016 0.12989
247.89 -0.00952964 -0.00149646 1.76048 -1.6306 0.129886
247.901 -0.00956285 -0.00149924 1.75141 -1.62153 0.129878
247.912 -0.00960125 -0.00149899 1.74286 -1.613 0.129862
247.923 -0.00964104 -0.00149405 1.73485 -1.60501 0.12984
247.934 -0.00968088 -0.00149539 1.72734 -1.59752 0.129826
247.945 -0.00971704 -0.00149548 1.72036 -1.59055 0.129812
247.956 -0.00975129 -0.00150004 1.71386 -1.58406 0.1298
247.967 -0.00978905 -0.0015062 1.70785 -1.57806 0.129788
247.978 -0.00982573 -0.00150771 1.70235 -1.57258 0.129779
247.989 -0.00986552 -0.00150732 1.69735 -1.56759 0.129761
248 -0.00990662 -0.00151063 1.69284 -1.56308 0.129754
248.011 -0.00994421 -0.00152603 1.68873 -1.55901 0.129724
248.022 -0.00998145 -0.00154554 1.6851 -1.55541 0.129694
248.034 -0.0100117 -0.00155996 1.68196 -1.55229 0.12967
248.045 -0.0100421 -0.00157116 1.67926 -1.54961 0.129651
248.056 -0.0100726 -0.00158369 1.67701 -1.54738 0.12963
248.067 -0.0101017 -0.00159318 1.67521 -1.5456 0.129611
248.079 -0.0101303 -0.00160393 1.67385 -1.54426 0.129594
248.09 -0.0101606 -0.00160924 1.67289 -1.54331 0.129575
248.101 -0.0101871 -0.00161065 1.6723 -1.54274 0.129555
248.112 -0.010218 -0.00162006 1.67209 -1.54255 0.129541
248.124 -0.0102507 -0.00162593 1.67226 -1.54274 0.129518
248.135 -0.0102846 -0.0016334 1.67282 -1.54333 0.129498
248.146 -0.0103146 -0.00163589 1.67373 -1.54426 0.129475
248.157 -0.0103461 -0.00163749 1.67494 -1.54549 0.129455
248.169 -0.0103756 -0.00163042 1.67654 -1.54711 0.129434
248.18 -0.0104065 -0.00162067 1.6784 -1.54899 0.12941
248.191 -0.0104343 -0.0016141 1.68063 -1.55124 0.129387
248.202 -0.0104565 -0.00159986 1.68319 -1.55382 0.12937
248.213 -0.0104785 -0.00159538 1.68605 -1.5567 0.129357
248.225 -0.0104982 -0.00159712 1.68925 -1.55992 0.129323
248.236 -0.010521 -0.00160067 1.69274 -1.56345 0.129293
248.247 -0.0105454 -0.00160207 1.69656 -1.56729 0.129271
248.258 -0.0105835 -0.00160785 1.70066 -1.57141 0.12925
248.27 -0.0106204 -0.00161156 1.70505 -1.57582 0.129236
248.281 -0.010658 -0.00160727 1.7097 -1.58049 0.129209
248.292 -0.0106923 -0.00160336 1.71462 -1.58545 0.129176
248.303 -0.0107253 -0.00159534 1.7198 -1.59066 0.129146
248.315 -0.0107604 -0.00158889 1.72524 -1.59612 0.129119
248.326 -0.010788 -0.00158593 1.73093 -1.60183 0.129096
248.337 -0.010815 -0.00157977 1.73685 -1.60777 0.129074
248.348 -0.0108363 -0.00156936 1.74301 -1.61398 0.12903
248.36 -0.0108555 -0.00156342 1.74944 -1.62045 0.12899
248.371 -0.0108772 -0.0015571 1.75613 -1.62717 0.12896
248.382 -0.0109007 -0.00154894 1.76305 -1.63412 0.128937
248.393 -0.01092 -0.00154175 1.77017 -1.64125 0.128923
248.404 -0.0109407 -0.00153676 1.77746 -1.64858 0.128883
248.416 -0.0109637 -0.00153333 1.785 -1.65615 0.12885
248.427 -0.0109828 -0.00153134 1.79274 -1.66392 0.128818
248.438 -0.0110038 -0.0015275 1.80067 -1.67187 0.128799
248.449 -0.0110226 -0.00152114 1.80881 -1.68004 0.128772
248.461 -0.0110406 -0.00151321 1.81718 -1.68845 0.128728
248.472 -0.0110612 -0.00150409 1.82584 -1.69715 0.128694
248.483 -0.0110838 -0.00149619 1.83468 -1.70602 0.128665
248.494 -0.0111115 -0.00148285 1.84363 -1.71499 0.128646
248.506 -0.0111324 -0.00147315 1.85271 -1.72409 0.128613
248.517 -0.0111534 -0.00146567 1.86185 -1.73328 0.128571
248.528 -0.0111781 -0.00145317 1.87118 -1.74264 0.12854
248.539 -0.0112019 -0.00144247 1.88059 -1.75208 0.128514
248.55 -0.0112246 -0.00142898 1.89021 -1.76172 0.12849
248.561 -0.0112506 -0.00141395 1.9 -1.77156 0.128442
248.572 -0.0112735 -0.00140112 1.90998 -1.78158 0.128402
248.583 -0.0112978 -0.00139009 1.92014 -1.79177 0.12837
248.594 -0.0113235 -0.00137808 1.93048 -1.80213 0.128347
248.604 -0.0113458 -0.00137096 1.94099 -1.81268 0.128311
248.615 -0.0113685 -0.00135975 1.95169 -1.82342 0.128266
248.626 -0.0113962 -0.00134615 1.96259 -1.83435 0.128238
248.637 -0.0114198 -0.00133518 1.97375 -1.84554 0.128214
248.648 -0.0114463 -0.00132178 1.98504 -1.85684 0.128195
248.659 -0.0114714 -0.00131026 1.99656 -1.86841 0.128158
248.67 -0.0115003 -0.00129782 2.00829 -1.88017 0.128122
248.681 -0.0115261 -0.00128783 2.02022 -1.89213 0.128095
248.692 -0.0115507 -0.00127894 2.03232 -1.90425 0.12807
248.703 -0.0115732 -0.00126853 2.0446 -1.91655 0.12805
248.714 -0.0115935 -0.0012572 2.0571 -1.92908 0.128013
248.725 -0.0116207 -0.00124272 2.06979 -1.9418 0.127984
248.736 -0.011652 -0.00122773 2.08268 -1.95472 0.127969
248.747 -0.0116775 -0.00122216 2.09579 -1.96783 0.127958
248.758 -0.0117081 -0.00121623 2.10914 -1.9812 0.127943
248.769 -0.0117357 -0.0012078 2.12266 -1.99475 0.127909
248.78 -0.0117598 -0.00119926 2.13638 -2.0085 0.127885
248.791 -0.0117797 -0.00118491 2.15028 -2.0224 0.127871
248.802 -0.011798 -0.00117611 2.16433 -2.03647 0.12786
248.813 -0.0118183 -0.00116944 2.17858 -2.05074 0.127835
248.824 -0.0118322 -0.00116235 2.19309 -2.06529 0.127799
248.835 -0.0118501 -0.00115181 2.20777 -2.07999 0.127779
248.846 -0.0118652 -0.00113707 2.22266 -2.0949 0.127763
248.857 -0.0118806 -0.00112959 2.23775 -2.10999 0.127754
248.868 -0.0119006 -0.00111802 2.25306 -2.12533 0.127727
248.879 -0.0119167 -0.00110642 2.2686 -2.1409 0.1277
248.89 -0.0119385 -0.00110144 2.28434 -2.15665 0.127687
248.901 -0.0119549 -0.00109968 2.30031 -2.17263 0.127674
248.912 -0.0119776 -0.0010982 2.31645 -2.18878 0.127661
248.923 -0.0119947 -0.00109706 2.3328 -2.20517 0.127629
248.934 -0.0120152 -0.00109215 2.34938 -2.22177 0.127605
248.945 -0.0120322 -0.00108589 2.36618 -2.23859 0.127588
248.956 -0.0120498 -0.00107773 2.38318 -2.2556 0.12758
248.967 -0.0120664 -0.00107335 2.40037 -2.2728 0.127564
248.978 -0.0120894 -0.00106443 2.41773 -2.2902 0.127535
248.989 -0.0121136 -0.00106133 2.4352 -2.30768 0.127523
249 -0.0121362 -0.0010539 2.45291 -2.32539 0.127515
249.011 -0.0121566 -0.0010471 2.47116 -2.34365 0.127511
249.022 -0.0121786 -0.00103779 2.48961 -2.36213 0.127484
249.034 -0.0122005 -0.00102793 2.50825 -2.38079 0.127465
249.045 -0.0122209 -0.00101401 2.52706 -2.39961 0.127448
249.056 -0.0122447 -0.000999942 2.546 -2.41856 0.127437
249.067 -0.0122661 -0.000987156 2.56509 -2.43766 0.127429
249.079 -0.0122842 -0.000980086 2.58434 -2.45693 0.127406
249.09 -0.012305 -0.000973434 2.60373 -2.47634 0.127388
249.101 -0.0123206 -0.000963443 2.62327 -2.49589 0.127379
249.112 -0.0123389 -0.000956144 2.64289 -2.51552 0.127374
249.124 -0.0123521 -0.000946053 2.66261 -2.53524 0.127373
249.135 -0.0123686 -0.000935058 2.68242 -2.55507 0.127354
249.146 -0.0123884 -0.000920286 2.70235 -2.57501 0.127341
249.157 -0.0124184 -0.000901589 2.72239 -2.59505 0.127339
249.169 -0.0124479 -0.00088317 2.74251 -2.61517 0.127336
249.18 -0.0124708 -0.000864566 2.76274 -2.6354 0.127345
249.191 -0.0124888 -0.000838816 2.78298 -2.65564 0.12734
249.202 -0.0125045 -0.000814202 2.80327 -2.67595 0.12732
249.213 -0.0125243 -0.000789362 2.82366 -2.69635 0.127308
249.225 -0.0125502 -0.000766617 2.84415 -2.71685 0.127304
249.236 -0.0125691 -0.000744076 2.86465 -2.73735 0.127303
249.247 -0.0125899 -0.000724912 2.88521 -2.7579 0.127307
249.258 -0.0125994 -0.000704041 2.90582 -2.77853 0.127295
249.27 -0.012608 -0.000683952 2.92648 -2.79921 0.127275
249.281 -0.0126217 -0.000663004 2.94717 -2.81991 0.12726
249.292 -0.012641 -0.000639653 2.96789 -2.84064 0.127252
249.303 -0.0126586 -0.000618281 2.98861 -2.86136 0.127247
249.315 -0.012681 -0.000597261 3.0093 -2.88205 0.127245
249.326 -0.0126954 -0.000575941 3.02997 -2.90272 0.127249
249.337 -0.0127086 -0.000550766 3.0506 -2.92336 0.127245
249.348 -0.0127235 -0.000528494 3.07121 -2.94398 0.127226
249.36 -0.0127438 -0.000504643 3.09182 -2.96461 0.127208
249.371 -0.0127677 -0.000484067 3.11231 -2.98511 0.127201
249.382 -0.0127902 -0.000463204 3.1328 -3.0056 0.127196
249.393 -0.0128109 -0.00043924 3.15321 -3.02602 0.12719
249.404 -0.0128273 -0.000416176 3.17355 -3.04636 0.127195
249.416 -0.012842 -0.000389929 3.19383 -3.06664 0.127197
249.427 -0.0128591 -0.000365841 3.21403 -3.08684 0.127187
249.438 -0.0128787 -0.000343441 3.23405 -3.10688 0.127167
249.449 -0.0128997 -0.00031742 3.25395 -3.1268 0.127146
249.461 -0.0129187 -0.000293328 3.27374 -3.14661 0.127123
249.472 -0.0129419 -0.000271476 3.29343 -3.16633 0.127105
249.483 -0.0129584 -0.000250768 3.31301 -3.18592 0.127091
249.494 -0.0129784 -0.000231151 3.33247 -3.20539 0.12708
249.506 -0.013 -0.000214042 3.35175 -3.22469 0.127067
249.517 -0.0130167 -0.000189448 3.3709 -3.24384 0.127059
249.528 -0.0130312 -0.00016149 3.38984 -3.26279 0.127054
249.539 -0.0130386 -0.000133759 3.40864 -3.28159 0.127051
249.551 -0.0130545 -0.000105191 3.42727 -3.30023 0.127038
249.562 -0.0130778 -7.96685e-05 3.44583 -3.31881 0.127013
249.573 -0.0130947 -4.84535e-05 3.46422 -3.33724 0.126985
249.584 -0.0131093 -2.42136e-05 3.48243 -3.35547 0.126959
249.596 -0.013134 1.37298e-06 3.50047 -3.37353 0.126933
249.607 -0.0131539 2.69779e-05 3.51833 -3.39143 0.126905
249.618 -0.0131737 5.53245e-05 3.53603 -3.40916 0.126874
249.629 -0.0131923 8.21048e-05 3.55355 -3.4267 0.126846
249.64 -0.0132115 0.00011123 3.57086 -3.44404 0.126817
249.652 -0.0132264 0.000140359 3.58803 -3.46124 0.126786
249.663 -0.0132439 0.000172026 3.60495 -3.47819 0.126757
249.674 -0.0132532 0.00020288 3.62163 -3.4949 0.126731
249.685 -0.0132587 0.000233234 3.63807 -3.51137 0.126706
249.697 -0.0132644 0.000264446 3.65428 -3.52759 0.126687
249.708 -0.0132748 0.00028759 3.67025 -3.54357 0.126673
249.719 -0.0132817 0.000314051 3.68596 -3.55931 0.126651
249.73 -0.0132864 0.000335145 3.70143 -3.57479 0.126637
249.742 -0.0132911 0.000351193 3.71662 -3.59 0.126625
249.753 -0.0132962 0.000375152 3.73153 -3.60493 0.1266
249.764 -0.0133026 0.000392951 3.74614 -3.61956 0.126578
249.775 -0.013306 0.000413468 3.76049 -3.63394 0.126547
249.787 -0.013309 0.000432654 3.77461 -3.64809 0.126514
249.798 -0.013309 0.000454277 3.78843 -3.66195 0.126481
249.809 -0.0133125 0.000472615 3.80198 -3.67553 0.12645
249.82 -0.0133165 0.000487214 3.81528 -3.68886 0.126427
249.831 -0.0133257 0.000506879 3.82829 -3.70189 0.1264
249.843 -0.0133293 0.00051558 3.84103 -3.71465 0.126374
249.854 -0.013337 0.000526671 3.85345 -3.72711 0.126345
249.865 -0.0133469 0.000532917 3.86559 -3.73927 0.126313
249.876 -0.0133517 0.000536292 3.87745 -3.75117 0.126283
249.888 -0.0133561 0.000540853 3.88903 -3.76278 0.126249
249.899 -0.0133646 0.000549533 3.90033 -3.77412 0.12621
249.91 -0.0133727 0.000560753 3.91137 -3.7852 0.126166
249.921 -0.0133794 0.0005656 3.92213 -3.796 0.126131
249.933 -0.0133819 0.000573182 3.93254 -3.80645 0.126092
249.944 -0.0133887 0.000575583 3.94266 -3.8166 0.126057
249.955 -0.0133993 0.000585301 3.95246 -3.82644 0.12602
249.966 -0.0134092 0.000592444 3.96193 -3.83595 0.125981
249.978 -0.01342 0.000607193 3.97109 -3.84515 0.125938
249.989 -0.0134341 0.000615556 3.97998 -3.85409 0.125893
250 -0.0134453 0.000620427 3.9885 -3.86265 0.125847
250.011 -0.0134524 0.000623398 3.99669 -3.87089 0.125807
250.022 -0.0134641 0.000627364 4.00453 -3.87877 0.125761
250.034 -0.0134719 0.000635105 4.01199 -3.88628 0.125711
250.045 -0.0134775 0.000643477 4.01908 -3.89342 0.125663
250.056 -0.0134849 0.000651093 4.02581 -3.9002 0.125612
250.067 -0.013491 0.000652182 4.03219 -3.90663 0.125561
250.079 -0.0134975 0.000656929 4.03819 -3.91269 0.125509
250.09 -0.0135025 0.000659257 4.04384 -3.91838 0.12546
250.101 -0.0135058 0.000657118 4.04916 -3.92375 0.125409
250.112 -0.0135068 0.000656 4.05414 -3.92878 0.12536
250.124 -0.0135133 0.000656113 4.05871 -3.9334 0.12531
250.135 -0.0135127 0.000656673 4.0629 -3.93764 0.125262
250.146 -0.0135134 0.000657454 4.06666 -3.94144 0.125218
250.157 -0.0135117 0.000660547 4.07007 -3.9449 0.12517
250.169 -0.0135147 0.00066513 4.07306 -3.94794 0.125118
250.18 -0.0135175 0.000667139 4.07564 -3.95057 0.125069
250.191 -0.0135199 0.000666867 4.07781 -3.95279 0.125018
250.202 -0.013514 0.000670906 4.07958 -3.95461 0.124973
250.213 -0.0135111 0.000675635 4.081 -3.95607 0.12493
250.225 -0.0135084 0.000679876 4.08199 -3.9571 0.124887
250.236 -0.0135041 0.000688422 4.08261 -3.95777 0.12484
250.247 -0.0135 0.000693618 4.08282 -3.95802 0.124792
250.258 -0.0135011 0.00069305 4.08267 -3.95792 0.124751
250.27 -0.0135111 0.000694352 4.08216 -3.95745 0.124706
250.281 -0.0135146 0.00069545 4.08127 -3.9566 0.124664
250.292 -0.0135231 0.000697088 4.08001 -3.95539 0.124614
250.303 -0.0135373 0.000699547 4.07834 -3.95379 0.124552
250.315 -0.0135381 0.00070332 4.0763 -3.95181 0.12449
250.326 -0.0135275 0.000706584 4.07391 -3.94947 0.124432
250.337 -0.0135146 0.000709003 4.07112 -3.94673 0.124381
250.348 -0.013504 0.000712371 4.068 -3.94366 0.124335
250.36 -0.0135014 0.000712887 4.06448 -3.94019 0.124289
250.371 -0.0135048 0.000712911 4.06061 -3.93637 0.124241
250.382 -0.0135012 0.000723143 4.05638 -3.93218 0.124194
250.393 -0.0134988 0.000733222 4.0518 -3.92766 0.124146
250.404 -0.0134956 0.000741764 4.04685 -3.92274 0.124106
250.416 -0.0134906 0.000755108 4.04153 -3.91747 0.124061
250.427 -0.0134853 0.000766574 4.03591 -3.9119 0.124005
250.438 -0.0134917 0.000776234 4.02997 -3.90603 0.123949
250.449 -0.0134967 0.000792883 4.0237 -3.8998 0.123899
250.461 -0.0135013 0.000813275 4.01711 -3.89326 0.12385
250.472 -0.0134974 0.000830152 4.01015 -3.88636 0.123796
250.483 -0.0134839 0.000851605 4.00284 -3.87909 0.123752
250.494 -0.0134799 0.000866157 3.99523 -3.87154 0.123691
250.506 -0.0134719 0.000885829 3.98739 -3.86376 0.123631
250.517 -0.0134683 0.000904918 3.97929 -3.85572 0.123577
250.528 -0.0134726 0.000920104 3.9709 -3.84737 0.123524
250.539 -0.0134758 0.00093477 3.96222 -3.83875 0.123469
250.551 -0.0134801 0.000949913 3.95331 -3.82989 0.123414
250.562 -0.0134831 0.000960194 3.9442 -3.82084 0.123356
250.573 -0.0134864 0.000977371 3.93482 -3.81153 0.123294
250.584 -0.0134827 0.000991858 3.92527 -3.80203 0.123242
250.596 -0.0134774 0.00101122 3.91546 -3.79228 0.123182
250.607 -0.0134745 0.00103117 3.90549 -3.78237 0.123121
250.618 -0.0134662 0.00104353 3.89538 -3.77232 0.123062
250.629 -0.0134594 0.00105149 3.88509 -3.76208 0.123014
250.64 -0.0134539 0.00106979 3.87472 -3.75176 0.122956
250.652 -0.0134428 0.00109526 3.86425 -3.74136 0.122896
250.663 -0.0134368 0.0011198 3.85371 -3.73087 0.122837
250.674 -0.0134298 0.00114313 3.84307 -3.72029 0.122782
250.685 -0.0134305 0.00116627 3.83238 -3.70965 0.122729
250.697 -0.0134262 0.00119326 3.82165 -3.69898 0.122673
250.708 -0.0134269 0.00121592 3.81086 -3.68824 0.122614
250.719 -0.0134288 0.00123979 3.80003 -3.67748 0.122548
250.73 -0.0134321 0.00126514 3.78923 -3.66675 0.122477
250.742 -0.0134349 0.00128327 3.77844 -3.65603 0.122408
250.753 -0.0134387 0.00130233 3.76768 -3.64533 0.122349
250.764 -0.0134486 0.00131909 3.757 -3.6347 0.122292
250.775 -0.0134551 0.00133126 3.74638 -3.62415 0.122231
250.787 -0.0134572 0.00135436 3.73582 -3.61366 0.122158
250.798 -0.0134483 0.00138232 3.72533 -3.60324 0.12209
250.809 -0.0134431 0.00140928 3.71497 -3.59294 0.122026
250.82 -0.0134457 0.00144057 3.70464 -3.58267 0.121968
250.831 -0.0134453 0.00147181 3.6944 -3.57249 0.121911
250.843 -0.0134472 0.00150143 3.68426 -3.56241 0.121848
250.854 -0.0134515 0.00152388 3.67425 -3.55246 0.121789
250.865 -0.0134543 0.00154547 3.66437 -3.54265 0.121722
250.876 -0.0134641 0.00156567 3.65459 -3.53293 0.121661
250.888 -0.0134676 0.0015957 3.64491 -3.5233 0.121609
250.899 -0.0134738 0.00163213 3.63532 -3.51377 0.12155
250.91 -0.0134783 0.00166466 3.62579 -3.50431 0.121485
250.921 -0.0134817 0.00169795 3.61634 -3.49492 0.12142
250.933 -0.0134781 0.00172873 3.60697 -3.48562 0.121354
250.944 -0.0134777 0.00175012 3.59771 -3.47643 0.121286
250.955 -0.0134744 0.00177594 3.58855 -3.46731 0.121232
250.966 -0.0134751 0.00181242 3.57937 -3.4582 0.121163
250.978 -0.013476 0.00183873 3.57024 -3.44915 0.121089
250.989 -0.013473 0.00185784 3.56112 -3.44009 0.121031
251 -0.0134719 0.00187846 3.55204 -3.43107 0.120965
251.011 -0.0134817 0.00189371 3.54294 -3.42203 0.120906
251.022 -0.0134928 0.00190345 3.53384 -3.41298 0.120854
251.034 -0.0135042 0.0019207 3.52464 -3.40385 0.120782
251.045 -0.0135119 0.0019433 3.51536 -3.39465 0.120717
251.056 -0.0135167 0.00195631 3.50596 -3.3853 0.120662
251.067 -0.0135194 0.00197701 3.49639 -3.37578 0.120602
251.079 -0.0135235 0.00199248 3.48668 -3.36613 0.120546
251.09 -0.0135227 0.0019986 3.47681 -3.35632 0.120483
251.101 -0.0135246 0.00201251 3.46675 -3.34634 0.120415
251.112 -0.0135255 0.00202972 3.45646 -3.3361 0.120357
251.124 -0.0135215 0.00204447 3.44585 -3.32555 0.120303
251.135 -0.0135213 0.00206223 3.43492 -3.31467 0.120246
251.146 -0.0135192 0.00208003 3.42367 -3.30348 0.120188
251.157 -0.013515 0.00208946 3.41205 -3.29193 0.12012
251.169 -0.0135128 0.00211572 3.39997 -3.27991 0.120055
251.18 -0.0135066 0.00213202 3.38733 -3.26734 0.119995
251.191 -0.0135054 0.0021564 3.37421 -3.25427 0.119935
251.202 -0.0135073 0.0021743 3.36056 -3.24068 0.119883
251.213 -0.0135058 0.00218386 3.34635 -3.22654 0.119813
251.225 -0.0135088 0.00219816 3.33162 -3.21187 0.119745
251.236 -0.0135118 0.00222491 3.31631 -3.19663 0.11968
251.247 -0.0135144 0.0022497 3.30039 -3.18076 0.119625
251.258 -0.0135171 0.00227323 3.28387 -3.16429 0.119573
251.27 -0.0135155 0.00229236 3.26664 -3.14714 0.119507
251.281 -0.0135087 0.00231192 3.24871 -3.12926 0.119448
251.292 -0.0135103 0.00232558 3.23 -3.1106 0.119398
251.303 -0.0135122 0.00235094 3.21049 -3.09113 0.119354
251.315 -0.0135125 0.00237706 3.19011 -3.07081 0.119301
251.326 -0.0135113 0.0024034 3.1689 -3.04966 0.11924
251.337 -0.0135097 0.00242952 3.14682 -3.02763 0.119186
251.348 -0.0135057 0.00244663 3.12384 -3.0047 0.119137
251.36 -0.0135037 0.00245755 3.09979 -2.98069 0.119098
251.371 -0.0134987 0.00246808 3.07479 -2.95575 0.11904
251.382 -0.0134932 0.00248147 3.04879 -2.9298 0.118985
251.393 -0.0134904 0.00250222 3.02177 -2.90283 0.118937
251.404 -0.0134836 0.00252167 2.99367 -2.87477 0.118902
251.416 -0.0134754 0.00254237 2.96442 -2.84556 0.118853
251.427 -0.0134726 0.00255985 2.93404 -2.81524 0.118807
251.438 -0.0134646 0.00257401 2.90258 -2.78383 0.118751
251.449 -0.0134564 0.00258733 2.87 -2.7513 0.118703
251.461 -0.0134475 0.00260485 2.83626 -2.71761 0.118654
251.472 -0.0134386 0.00261833 2.80139 -2.68279 0.118606
251.483 -0.0134264 0.00263688 2.76539 -2.64683 0.118561
251.494 -0.0134119 0.00265741 2.72823 -2.60971 0.118521
251.506 -0.0133963 0.00267903 2.69 -2.57152 0.118483
251.517 -0.0133856 0.00269192 2.65076 -2.53233 0.118432
251.528 -0.0133785 0.00270543 2.61045 -2.49207 0.118386
251.539 -0.0133674 0.00271395 2.56907 -2.45073 0.118339
251.551 -0.0133549 0.0027151 2.52655 -2.40826 0.118295
251.562 -0.0133387 0.00272385 2.4829 -2.36465 0.118251
251.573 -0.0133161 0.00272266 2.43827 -2.32007 0.118208
251.584 -0.0132952 0.00272115 2.3926 -2.27443 0.118169
251.596 -0.0132821 0.00273065 2.34586 -2.22772 0.118137
251.607 -0.0132778 0.00273874 2.29803 -2.17991 0.118113
251.618 -0.0132676 0.002748 2.24904 -2.13097 0.118071
251.629 -0.01325 0.00275502 2.19895 -2.08091 0.118037
251.64 -0.013231 0.00276076 2.14775 -2.02975 0.118004
251.652 -0.0132151 0.00276283 2.09546 -1.97749 0.117972
251.663 -0.0131964 0.00276613 2.04218 -1.92424 0.117939
251.674 -0.0131746 0.00276992 1.98799 -1.87009 0.117897
251.685 -0.01316 0.00276341 1.93287 -1.81501 0.117861
251.697 -0.0131427 0.00275382 1.87676 -1.75893 0.117837
251.708 -0.0131249 0.00274304 1.81984 -1.70204 0.117809
251.719 -0.0131029 0.00272432 1.76204 -1.64426 0.117782
251.73 -0.0130876 0.00270483 1.70333 -1.58558 0.117747
251.742 -0.0130656 0.00269546 1.64386 -1.52614 0.117724
251.753 -0.0130446 0.00269008 1.58367 -1.46597 0.117694
251.764 -0.013016 0.00267434 1.52259 -1.40492 0.117669
251.775 -0.012984 0.00265177 1.46075 -1.3431 0.11765
251.786 -0.0129642 0.00264085 1.40128 -1.28365 0.117629
251.795 -0.012943 0.00262672 1.35124 -1.23363 0.117605
251.804 -0.0129222 0.0026111 1.30079 -1.18321 0.117588
251.813 -0.0129076 0.00259257 1.24769 -1.13011 0.117574
251.823 -0.0128888 0.00257381 1.19426 -1.0767 0.117558
251.832 -0.0128693 0.00255775 1.14052 -1.02297 0.117547
251.841 -0.0128531 0.00254098 1.08655 -0.969007 0.117538
251.851 -0.0128334 0.00252158 1.02884 -0.911323 0.117522
251.861 -0.0128082 0.00249931 0.970796 -0.853291 0.117504
251.871 -0.0127797 0.00247862 0.91246 -0.794969 0.117491
251.881 -0.0127555 0.0024662 0.853841 -0.736356 0.117484
251.889 -0.0127376 0.00244729 0.806763 -0.689286 0.117477
251.897 -0.0127183 0.00242482 0.755884 -0.638412 0.117472
251.906 -0.0126975 0.00240589 0.70499 -0.587527 0.117463
251.914 -0.0126762 0.00238602 0.654015 -0.536568 0.117447
251.923 -0.0126534 0.00236598 0.603034 -0.485608 0.117426
251.932 -0.0126241 0.00235712 0.552092 -0.43468 0.117412
251.94 -0.0126044 0.00234556 0.501156 -0.383762 0.117394
251.949 -0.0125919 0.00233229 0.450196 -0.332816 0.117381
251.957 -0.012573 0.00231908 0.399135 -0.281764 0.117371
251.966 -0.0125566 0.00230699 0.347972 -0.230612 0.117359
251.974 -0.012537 0.00229467 0.296937 -0.179586 0.117351
251.983 -0.0125065 0.00228812 0.24605 -0.128712 0.117338
251.991 -0.012489 0.00228319 0.195226 -0.0779052 0.117321
252 -0.0124702 0.00227215 0.144533 -0.0272349 0.117299
252.009 -0.0124468 0.00225957 0.0888389 0.0284408 0.11728
252.019 -0.012421 0.00224907 0.0322071 0.0850567 0.117264
252.029 -0.0123954 0.00223017 -0.0251355 0.142394 0.117258
252.039 -0.012374 0.00220824 -0.083586 0.20084 0.117254
252.048 -0.0123549 0.00218636 -0.137702 0.254942 0.11724
252.057 -0.0123347 0.00216046 -0.192584 0.309811 0.117227
252.067 -0.0123128 0.00213768 -0.24835 0.365569 0.117218
252.077 -0.0122817 0.00211471 -0.304505 0.421717 0.117212
252.087 -0.0122714 0.00208443 -0.361709 0.478917 0.117208
252.097 -0.0122636 0.00204822 -0.419376 0.536574 0.117198
252.107 -0.0122452 0.0020139 -0.477486 0.59468 0.117194
252.117 -0.0122266 0.001979 -0.536115 0.653303 0.117187
252.127 -0.0122048 0.00194333 -0.594557 0.711742 0.117185
252.138 -0.0121995 0.00190658 -0.653479 0.770657 0.117178
252.148 -0.012189 0.00186927 -0.712232 0.829411 0.117179
252.159 -0.0121809 0.00183578 -0.771289 0.888457 0.117168
252.169 -0.0121714 0.00180717 -0.829995 0.947154 0.117159
252.18 -0.0121687 0.00177254 -0.889299 1.00645 0.117153
252.19 -0.0121564 0.00173934 -0.948214 1.06536 0.11715
252.201 -0.0121377 0.00170505 -1.00758 1.12473 0.117153
252.212 -0.0121269 0.00167062 -1.06661 1.18378 0.117163
252.223 -0.0121079 0.00163374 -1.12533 1.24249 0.117164
252.234 -0.0121106 0.00159472 -1.18363 1.30079 0.117156
252.245 -0.0121022 0.00155897 -1.24239 1.35954 0.11715
252.256 -0.0120833 0.0015209 -1.3007 1.41784 0.117145
252.266 -0.0120568 0.00148321 -1.35848 1.47562 0.117139
252.277 -0.012052 0.00144421 -1.41569 1.53282 0.117131
252.288 -0.0120343 0.00139938 -1.47235 1.58948 0.117128
252.299 -0.0120205 0.00136002 -1.52847 1.64559 0.117125
252.31 -0.0119896 0.0013113 -1.58485 1.70197 0.117118
252.322 -0.0119818 0.00126525 -1.64078 1.75789 0.117107
252.333 -0.0119661 0.00121904 -1.69601 1.81312 0.117107
252.344 -0.0119523 0.00116699 -1.75053 1.86763 0.117104
252.355 -0.0119325 0.00110876 -1.80424 1.92134 0.117096
252.366 -0.0119264 0.00104818 -1.8571 1.97419 0.117086
252.377 -0.0119016 0.000985979 -1.90911 2.02619 0.117081
252.388 -0.0118851 0.000919811 -1.96025 2.07732 0.117075
252.399 -0.0118586 0.000853552 -2.01053 2.12759 0.117058
252.411 -0.0118514 0.000794152 -2.05992 2.17696 0.11704
252.422 -0.0118454 0.000735219 -2.10834 2.22536 0.117025
252.433 -0.011835 0.000676313 -2.15572 2.27273 0.117009
252.444 -0.0118143 0.000615827 -2.20205 2.31905 0.117
252.455 -0.0118025 0.000556163 -2.24724 2.36423 0.116989
252.466 -0.011798 0.000496279 -2.29125 2.40823 0.116987
252.477 -0.011784 0.000437428 -2.33409 2.45108 0.116983
252.488 -0.0117663 0.000377651 -2.37576 2.49274 0.116979
252.5 -0.0117523 0.000317536 -2.41615 2.53312 0.116972
252.511 -0.0117534 0.000255221 -2.45527 2.57223 0.116963
252.522 -0.0117459 0.000190672 -2.49309 2.61004 0.116955
252.533 -0.0117464 0.000132585 -2.52951 2.64645 0.116947
252.544 -0.0117291 7.58967e-05 -2.56452 2.68145 0.116939
252.555 -0.0117274 1.52474e-05 -2.59807 2.715 0.11693
252.566 -0.011721 -4.04888e-05 -2.63013 2.74705 0.116922
252.577 -0.011719 -0.000101261 -2.66065 2.77757 0.116921
252.588 -0.0117065 -0.000163344 -2.68961 2.80653 0.116922
252.6 -0.0116973 -0.000225152 -2.71679 2.83371 0.116919
252.611 -0.0117062 -0.000279263 -2.7424 2.85931 0.116914
252.622 -0.0117039 -0.000329629 -2.76625 2.88316 0.116908
252.633 -0.0116968 -0.000378873 -2.78823 2.90513 0.116907
252.644 -0.0116785 -0.000427542 -2.80842 2.92532 0.116901
252.655 -0.0116811 -0.00047076 -2.82676 2.94367 0.116904
252.666 -0.0116897 -0.000511917 -2.84319 2.96009 0.116908
252.677 -0.0116871 -0.00054855 -2.8577 2.97461 0.116907
252.689 -0.0116747 -0.000585235 -2.87029 2.98721 0.116914
252.7 -0.0116741 -0.000619467 -2.88085 2.99776 0.116914
252.711 -0.0116857 -0.000655472 -2.88941 3.00632 0.116906
252.722 -0.0116798 -0.000696735 -2.89604 3.01294 0.116897
252.733 -0.0116739 -0.000732928 -2.90071 3.0176 0.116888
252.744 -0.0116609 -0.000768442 -2.90341 3.02028 0.116879
252.755 -0.0116665 -0.000805217 -2.90429 3.02116 0.116871
252.766 -0.0116657 -0.000838222 -2.90321 3.02006 0.116859
252.778 -0.0116707 -0.000871444 -2.90025 3.0171 0.116846
252.789 -0.0116652 -0.000911124 -2.8955 3.01234 0.116837
252.8 -0.0116591 -0.000947262 -2.88887 3.0057 0.116829
252.811 -0.0116765 -0.000983353 -2.88047 2.99729 0.116817
252.822 -0.0116771 -0.00101498 -2.87026 2.98707 0.116805
252.833 -0.011679 -0.00104683 -2.85825 2.97505 0.116804
252.844 -0.0116749 -0.00107734 -2.84452 2.96132 0.116796
252.855 -0.0116852 -0.00110617 -2.82905 2.94584 0.116789
252.867 -0.0117063 -0.00113339 -2.81195 2.92874 0.116784
252.878 -0.0117187 -0.00116088 -2.79325 2.91003 0.116776
252.889 -0.0117262 -0.00118873 -2.77295 2.88972 0.11677
252.9 -0.0117218 -0.00121387 -2.75101 2.86777 0.116764
252.911 -0.0117398 -0.00124061 -2.72742 2.84418 0.116756
252.922 -0.0117645 -0.00126416 -2.70224 2.81899 0.116752
252.933 -0.0117792 -0.00128409 -2.67549 2.79225 0.116757
252.944 -0.0117886 -0.00131245 -2.64726 2.76402 0.116767
252.956 -0.0117943 -0.0013478 -2.61747 2.73424 0.116773
252.967 -0.0118177 -0.00137502 -2.58624 2.70302 0.116779
252.978 -0.0118326 -0.001405 -2.5536 2.67038 0.116785
252.989 -0.0118479 -0.00142755 -2.51953 2.63633 0.116795
253 -0.0118533 -0.001446 -2.48411 2.60091 0.116808
253.011 -0.0118529 -0.00146551 -2.44687 2.56369 0.116819
253.022 -0.0118785 -0.00148179 -2.4082 2.52502 0.116824
253.034 -0.0119012 -0.00149494 -2.36808 2.48491 0.116831
253.045 -0.0119174 -0.00150516 -2.32655 2.44339 0.116839
253.056 -0.0119217 -0.00151481 -2.28366 2.40051 0.116844
253.067 -0.011933 -0.00152625 -2.23935 2.3562 0.116851
253.079 -0.0119596 -0.00153464 -2.19377 2.31063 0.116863
253.09 -0.0119822 -0.00155071 -2.14683 2.26371 0.116879
253.101 -0.012001 -0.00155352 -2.09849 2.21539 0.116895
253.112 -0.012014 -0.00156348 -2.04883 2.16575 0.116918
253.124 -0.0120212 -0.00158313 -1.99785 2.11479 0.11694
253.135 -0.0120475 -0.00159367 -1.94547 2.06244 0.116964
253.146 -0.0120786 -0.00160504 -1.89176 2.00875 0.116987
253.157 -0.0121027 -0.00161869 -1.83667 1.95368 0.11701
253.169 -0.0121193 -0.00162376 -1.78021 1.89724 0.117034
253.18 -0.0121313 -0.00162508 -1.72249 1.83954 0.117054
253.191 -0.0121596 -0.00162994 -1.66343 1.7805 0.117073
253.202 -0.0121947 -0.00163507 -1.60303 1.72012 0.117089
253.213 -0.0122258 -0.00163693 -1.54133 1.65843 0.117107
253.225 -0.0122512 -0.00163901 -1.4784 1.59552 0.117123
253.236 -0.0122716 -0.00164081 -1.41422 1.53136 0.117139
253.247 -0.0122855 -0.00164506 -1.34883 1.46599 0.117164
253.258 -0.0123252 -0.00165173 -1.28228 1.39947 0.117188
253.27 -0.0123592 -0.00165953 -1.21459 1.3318 0.117216
253.281 -0.0123835 -0.00165778 -1.14574 1.26298 0.117241
253.292 -0.0124107 -0.00165327 -1.07587 1.19315 0.117272
253.303 -0.0124284 -0.00164952 -1.005 1.1223 0.117297
253.315 -0.0124565 -0.00164368 -0.933127 1.05046 0.11733
253.326 -0.0124962 -0.00163617 -0.860349 0.97771 0.117361
253.337 -0.0125297 -0.0016265 -0.786582 0.903976 0.117394
253.348 -0.0125601 -0.00161534 -0.712051 0.829475 0.117423
253.36 -0.0125853 -0.00160505 -0.636756 0.754217 0.117461
253.371 -0.0126008 -0.00159526 -0.560708 0.678204 0.117497
253.382 -0.0126439 -0.00158536 -0.483907 0.601437 0.11753
253.393 -0.0126841 -0.00157736 -0.40635 0.523918 0.117568
253.404 -0.0127155 -0.00156592 -0.328113 0.445722 0.117609
253.416 -0.0127459 -0.00155732 -0.249409 0.367057 0.117648
253.427 -0.0127711 -0.00154526 -0.170242 0.287925 0.117683
253.438 -0.0128052 -0.00153432 -0.0906523 0.208365 0.117712
253.449 -0.0128416 -0.0015288 -0.01067 0.12841 0.11774
253.461 -0.0128813 -0.00152818 0.0696597 0.0481108 0.11777
253.472 -0.01291 -0.00152072 0.150361 -0.0325614 0.1178
253.483 -0.0129377 -0.00151428 0.231422 -0.113599 0.117823
253.494 -0.0129499 -0.00150442 0.312744 -0.194892 0.117852
253.506 -0.012976 -0.00149122 0.39432 -0.276437 0.117883
253.517 -0.0130155 -0.00147988 0.476075 -0.358165 0.11791
253.528 -0.0130472 -0.00147356 0.558016 -0.440081 0.117936
253.539 -0.0130729 -0.00146252 0.640012 -0.522047 0.117965
253.551 -0.0130924 -0.0014514 0.722078 -0.604087 0.117991
253.562 -0.013108 -0.00143447 0.804101 -0.686083 0.118018
253.573 -0.0131405 -0.00142123 0.886147 -0.768108 0.118039
253.584 -0.0131697 -0.00140922 0.968022 -0.849962 0.11806
253.596 -0.0131891 -0.00140226 1.04981 -0.931727 0.11808
253.607 -0.0132112 -0.00139697 1.13147 -1.01337 0.118104
253.618 -0.0132222 -0.00139205 1.21302 -1.09489 0.118124
253.629 -0.0132377 -0.00139108 1.29435 -1.1762 0.118145
253.64 -0.0132705 -0.00138443 1.37546 -1.2573 0.118165
253.652 -0.0132992 -0.00137648 1.45636 -1.33817 0.118188
253.663 -0.0133189 -0.00137014 1.53702 -1.41881 0.118206
253.674 -0.013337 -0.0013622 1.61748 -1.49926 0.118229
253.685 -0.0133509 -0.00135095 1.69769 -1.57944 0.118248
253.697 -0.0133819 -0.00134144 1.77755 -1.65927 0.118272
253.708 -0.0134087 -0.00133444 1.857 -1.73871 0.118291
253.719 -0.0134285 -0.00133009 1.93609 -1.81778 0.118308
253.73 -0.0134539 -0.00131975 2.01476 -1.89643 0.118324
253.742 -0.0134718 -0.00130596 2.093 -1.97467 0.118336
253.753 -0.0134922 -0.00129681 2.17082 -2.05248 0.118341
253.764 -0.0135326 -0.00129264 2.24815 -2.1298 0.118352
253.775 -0.0135645 -0.00128421 2.32509 -2.20673 0.118365
253.787 -0.0135886 -0.00128498 2.40162 -2.28324 0.118379
253.798 -0.0136067 -0.00127775 2.47765 -2.35926 0.118395
253.809 -0.013617 -0.00126843 2.55316 -2.43476 0.118404
253.82 -0.0136533 -0.00126185 2.62807 -2.50966 0.118412
253.831 -0.0136881 -0.00125343 2.70236 -2.58394 0.11842
253.843 -0.0137052 -0.00123413 2.77601 -2.65758 0.118428
253.854 -0.0137234 -0.00121855 2.84903 -2.73059 0.118431
253.865 -0.0137253 -0.0011996 2.92138 -2.80295 0.11843
253.876 -0.0137373 -0.00118005 2.99303 -2.8746 0.11843
253.888 -0.0137598 -0.00116257 3.06398 -2.94554 0.118433
253.899 -0.0137757 -0.0011451 3.13422 -3.01579 0.11843
253.91 -0.0137887 -0.00112617 3.2037 -3.08527 0.118426
253.921 -0.0137924 -0.00110781 3.27247 -3.15406 0.118415
253.933 -0.0137981 -0.00109416 3.34053 -3.22212 0.118404
253.944 -0.0138161 -0.00107597 3.40758 -3.28918 0.1184
253.955 -0.0138235 -0.00105926 3.47377 -3.35537 0.118399
253.966 -0.0138336 -0.00104482 3.53905 -3.42066 0.118396
253.978 -0.013838 -0.0010282 3.60325 -3.48486 0.118389
253.989 -0.0138392 -0.00100738 3.66641 -3.54802 0.118383
254 -0.0138622 -0.000980555 3.72855 -3.61017 0.118378
254.011 -0.0138825 -0.000957197 3.7896 -3.67124 0.118366
254.022 -0.013892 -0.000935539 3.84957 -3.73121 0.118354
254.034 -0.0139024 -0.000914495 3.90836 -3.79002 0.118339
254.045 -0.013903 -0.000894053 3.96595 -3.84762 0.118321
254.056 -0.0139202 -0.000867745 4.02224 -3.90394 0.118296
254.067 -0.0139436 -0.000848587 4.07727 -3.95899 0.118273
254.079 -0.0139541 -0.000826492 4.13101 -4.01275 0.118253
254.09 -0.0139652 -0.000805817 4.18349 -4.06526 0.11823
254.101 -0.0139655 -0.00078961 4.23453 -4.11632 0.118207
254.112 -0.0139831 -0.000769454 4.28418 -4.166 0.118186
254.124 -0.014007 -0.000751972 4.33273 -4.21457 0.118165
254.135 -0.0140186 -0.00074263 4.37953 -4.26138 0.118144
254.146 -0.0140262 -0.000722321 4.42478 -4.30665 0.118125
254.157 -0.0140243 -0.000702363 4.4684 -4.3503 0.1181
254.169 -0.014041 -0.000681259 4.51044 -4.39237 0.118076
254.18 -0.0140582 -0.000660723 4.55085 -4.43281 0.118049
254.191 -0.0140687 -0.000639496 4.58965 -4.47162 0.118025
254.202 -0.0140745 -0.000622576 4.62682 -4.50881 0.118007
254.213 -0.0140751 -0.000602395 4.66227 -4.54429 0.117981
254.225 -0.014108 -0.000586381 4.69608 -4.57812 0.117959
254.236 -0.0141339 -0.000570204 4.72826 -4.61032 0.117942
254.247 -0.0141466 -0.000546159 4.75877 -4.64084 0.117922
254.258 -0.0141611 -0.000521649 4.78765 -4.66975 0.117899
254.27 -0.0141654 -0.000501215 4.81494 -4.69706 0.11788
254.281 -0.0141862 -0.000479273 4.84065 -4.7228 0.117856
254.292 -0.0142137 -0.00045496 4.86484 -4.747 0.117841
254.303 -0.0142259 -0.000433154 4.88747 -4.76965 0.117828
254.315 -0.0142313 -0.000403766 4.90857 -4.79075 0.117813
254.326 -0.0142253 -0.000378037 4.92817 -4.81038 0.117793
254.337 -0.0142411 -0.000352189 4.9464 -4.82863 0.117769
254.348 -0.0142601 -0.00032349 4.96324 -4.8455 0.117741
254.36 -0.0142691 -0.00029589 4.97873 -4.86101 0.117717
254.371 -0.0142712 -0.000274615 4.99285 -4.87516 0.117692
254.382 -0.0142689 -0.000248688 5.0057 -4.88803 0.117665
254.393 -0.014282 -0.000225229 5.0173 -4.89966 0.11764
254.404 -0.0143003 -0.000206646 5.02762 -4.91 0.11762
254.416 -0.0143098 -0.00018096 5.03667 -4.91907 0.117596
254.427 -0.014316 -0.00016113 5.04447 -4.9269 0.117569
254.438 -0.0143099 -0.000140249 5.05101 -4.93347 0.117536
254.449 -0.0143195 -0.000119037 5.05632 -4.93881 0.117508
254.461 -0.0143389 -9.54367e-05 5.06036 -4.94288 0.117479
254.472 -0.0143436 -7.66527e-05 5.06315 -4.9457 0.117448
254.483 -0.0143437 -5.39201e-05 5.06472 -4.9473 0.11742
254.494 -0.0143368 -3.15522e-05 5.06507 -4.94768 0.117387
254.506 -0.0143473 -6.0052e-06 5.06425 -4.94689 0.117361
254.517 -0.0143705 1.8011e-05 5.06229 -4.94495 0.117339
254.528 -0.0143808 3.98662e-05 5.05917 -4.94185 0.117321
254.539 -0.0143923 5.9346e-05 5.05493 -4.93762 0.117307
254.551 -0.0143891 8.54328e-05 5.04957 -4.93228 0.117292
254.562 -0.0143988 0.000108038 5.0431 -4.92582 0.117276
254.573 -0.0144174 0.000130863 5.03559 -4.91833 0.117255
254.584 -0.0144233 0.00014718 5.02704 -4.90981 0.117237
254.596 -0.0144285 0.000165122 5.01746 -4.90024 0.117221
254.607 -0.0144244 0.000178152 5.00693 -4.88973 0.1172
254.618 -0.0144338 0.000194583 4.99545 -4.87827 0.117184
254.629 -0.0144559 0.000206165 4.98304 -4.86587 0.11717
254.64 -0.0144734 0.000220712 4.96974 -4.85258 0.117157
254.652 -0.0144822 0.000236483 4.95557 -4.83843 0.117144
254.663 -0.0144869 0.000251769 4.94054 -4.82341 0.117129
254.674 -0.014483 0.00026273 4.92472 -4.8076 0.117113
254.685 -0.014489 0.000271936 4.9081 -4.79101 0.117089
254.697 -0.0145068 0.000283241 4.89077 -4.77371 0.117064
254.708 -0.0145234 0.000293914 4.87274 -4.7557 0.11704
254.719 -0.0145333 0.000304372 4.85416 -4.73714 0.117016
254.73 -0.014538 0.000314666 4.83492 -4.71794 0.116985
254.742 -0.0145346 0.000321111 4.81507 -4.69812 0.116955
254.753 -0.0145473 0.000330176 4.79466 -4.67773 0.116931
254.764 -0.0145674 0.000331767 4.77372 -4.65681 0.116906
254.775 -0.0145774 0.000333375 4.75225 -4.63537 0.116883
254.787 -0.0145841 0.000331847 4.7303 -4.61344 0.116864
254.798 -0.0145877 0.000329902 4.70786 -4.59102 0.11684
254.809 -0.0145827 0.000323245 4.68496 -4.56816 0.116809
254.82 -0.0145968 0.000321555 4.66167 -4.54488 0.116787
254.831 -0.0146273 0.000321664 4.63793 -4.52118 0.116755
254.843 -0.0146464 0.00032365 4.61383 -4.4971 0.116726
254.854 -0.0146648 0.00032268 4.58934 -4.47265 0.116694
254.865 -0.0146798 0.000322864 4.56451 -4.44784 0.116665
254.876 -0.0146866 0.000323304 4.53928 -4.42264 0.116637
254.888 -0.0147044 0.000321353 4.51374 -4.39713 0.116606
254.899 -0.0147318 0.000319287 4.48787 -4.37129 0.116578
254.91 -0.0147577 0.000316442 4.4617 -4.34515 0.116547
254.921 -0.0147806 0.000309434 4.43523 -4.31871 0.116514
254.933 -0.0147985 0.000304359 4.40847 -4.29199 0.11648
254.944 -0.0148128 0.00030082 4.38135 -4.26491 0.116438
254.953 -0.0148216 0.000296909 4.35851 -4.24211 0.116402
254.963 -0.0148383 0.000291834 4.33547 -4.21911 0.116369
254.972 -0.0148666 0.000282557 4.31227 -4.19594 0.116332
254.981 -0.014898 0.000275096 4.2889 -4.1726 0.116297
254.991 -0.0149252 0.000267953 4.26536 -4.14909 0.116271
255 -0.0149452 0.000256609 4.24166 -4.12542 0.116239
255.011 -0.0149671 0.00025032 4.21336 -4.09715 0.116208
255.022 -0.0149785 0.000245599 4.18482 -4.06864 0.11618
255.033 -0.0149849 0.00024208 4.15568 -4.03953 0.116154
255.045 -0.0150141 0.000233933 4.12628 -4.01015 0.116125
255.056 -0.0150458 0.000224125 4.09667 -3.98057 0.116102
255.067 -0.0150714 0.000212567 4.06685 -3.95077 0.11608
255.078 -0.0150866 0.000201528 4.03684 -3.92078 0.116059
255.09 -0.0151058 0.000188744 4.00671 -3.89067 0.116037
255.101 -0.0151197 0.000174349 3.9764 -3.86038 0.11602
255.112 -0.0151241 0.000162775 3.94599 -3.82999 0.115996
255.123 -0.0151387 0.000148455 3.91547 -3.7995 0.115973
255.135 -0.0151656 0.000125391 3.88487 -3.76892 0.11595
255.146 -0.0151961 0.000104599 3.85419 -3.73826 0.11593
255.157 -0.0152197 8.79038e-05 3.82342 -3.70751 0.115911
255.168 -0.0152428 6.61533e-05 3.79261 -3.67672 0.115892
255.18 -0.0152683 5.14143e-05 3.76177 -3.64589 0.115877
255.191 -0.0152895 3.40967e-05 3.73097 -3.61511 0.115857
255.202 -0.0153039 1.98165e-05 3.70015 -3.58431 0.115835
255.213 -0.0153236 5.9159e-06 3.6694 -3.55359 0.115813
255.225 -0.0153581 -1.0343e-05 3.63875 -3.52296 0.115792
255.236 -0.0153927 -2.96161e-05 3.60816 -3.49239 0.115776
255.247 -0.015426 -4.39381e-05 3.57766 -3.4619 0.115755
255.258 -0.0154542 -5.77658e-05 3.54725 -3.43151 0.115737
255.269 -0.0154808 -7.20443e-05 3.5169 -3.40118 0.115721
255.281 -0.0155058 -8.52635e-05 3.48663 -3.37093 0.115703
255.292 -0.0155245 -9.9033e-05 3.45646 -3.34078 0.115684
255.303 -0.01554 -0.000111873 3.4264 -3.31074 0.115662
255.314 -0.0155688 -0.000130318 3.3965 -3.28086 0.115635
255.326 -0.0156093 -0.000146955 3.36676 -3.25114 0.115611
255.337 -0.0156452 -0.000166625 3.33723 -3.22165 0.115581
255.348 -0.01568 -0.00018039 3.30796 -3.1924 0.115558
255.359 -0.0157088 -0.000198491 3.27894 -3.1634 0.115536
255.371 -0.0157362 -0.00021871 3.25017 -3.13466 0.115516
255.382 -0.0157605 -0.000236725 3.22167 -3.10617 0.115498
255.393 -0.0157807 -0.000255637 3.19344 -3.07797 0.115478
255.404 -0.0158028 -0.000277215 3.16551 -3.05005 0.115459
255.416 -0.0158411 -0.000295826 3.13789 -3.02245 0.115442
255.427 -0.0158849 -0.000314735 3.11056 -2.99514 0.115423
255.438 -0.0159251 -0.000331439 3.08352 -2.96811 0.115406
255.449 -0.0159611 -0.000350518 3.05681 -2.94143 0.115387
255.461 -0.0159886 -0.000366911 3.03043 -2.91506 0.115369
255.472 -0.0160178 -0.000378801 3.00441 -2.88906 0.115357
255.483 -0.0160413 -0.000389477 2.97876 -2.86341 0.115351
255.494 -0.0160656 -0.000399205 2.95345 -2.83811 0.115342
255.505 -0.0160807 -0.00041479 2.92855 -2.81321 0.115334
255.517 -0.0160933 -0.000428028 2.90399 -2.78867 0.115325
255.528 -0.0161149 -0.000437126 2.87981 -2.7645 0.115311
255.539 -0.0161507 -0.00044622 2.856 -2.74071 0.115299
255.55 -0.0161923 -0.000452016 2.83257 -2.71729 0.115282
255.562 -0.016229 -0.000460976 2.80952 -2.69425 0.115269
255.573 -0.0162623 -0.000471811 2.78683 -2.67158 0.115257
255.584 -0.0162894 -0.000473117 2.76455 -2.64931 0.115246
255.595 -0.0163126 -0.000477584 2.74265 -2.62741 0.115237
255.607 -0.0163325 -0.000486352 2.72115 -2.60592 0.115227
255.618 -0.0163515 -0.000493654 2.70003 -2.58481 0.115221
255.629 -0.0163696 -0.000506877 2.67931 -2.56409 0.115216
255.64 -0.0163844 -0.000519815 2.65898 -2.54377 0.115205
255.652 -0.0163905 -0.000531913 2.63908 -2.52389 0.115196
255.663 -0.0164033 -0.000539405 2.61955 -2.50437 0.115185
255.674 -0.0164299 -0.000545785 2.60028 -2.4851 0.115176
255.685 -0.0164615 -0.000551582 2.58141 -2.46625 0.115166
255.697 -0.0164941 -0.000561777 2.56293 -2.44777 0.115159
255.708 -0.0165214 -0.000577825 2.54481 -2.42966 0.11515
255.719 -0.0165455 -0.000588471 2.52706 -2.41192 0.11514
255.73 -0.0165686 -0.000600341 2.50968 -2.39455 0.115136
255.742 -0.016591 -0.000612852 2.49266 -2.37753 0.11513
255.753 -0.0166171 -0.00061786 2.47601 -2.36089 0.115121
255.764 -0.0166401 -0.000625874 2.4597 -2.34458 0.11512
255.775 -0.0166665 -0.000638178 2.4438 -2.32868 0.115114
255.786 -0.01669 -0.000655288 2.42821 -2.3131 0.115118
255.798 -0.0167181 -0.000677542 2.413 -2.29788 0.11512
255.809 -0.0167452 -0.000699066 2.39816 -2.28304 0.115125
255.82 -0.0167627 -0.000719758 2.3837 -2.26857 0.11513
255.831 -0.0167748 -0.000745863 2.36957 -2.25444 0.115135
255.843 -0.0167877 -0.000770095 2.35581 -2.24067 0.115141
255.854 -0.0167955 -0.000792552 2.34236 -2.22721 0.115144
255.865 -0.0168112 -0.000817186 2.32925 -2.2141 0.115151
255.876 -0.0168377 -0.000832862 2.31646 -2.2013 0.115159
255.888 -0.0168666 -0.000851997 2.30406 -2.18889 0.115172
255.899 -0.0168943 -0.000874127 2.29196 -2.17677 0.11519
255.91 -0.0169209 -0.000897564 2.2802 -2.165 0.115199
255.921 -0.0169477 -0.000922708 2.26872 -2.15352 0.115207
255.933 -0.0169731 -0.000944507 2.25757 -2.14235 0.115215
255.944 -0.0169996 -0.000969545 2.24674 -2.13151 0.115226
255.955 -0.0170249 -0.000989248 2.23619 -2.12095 0.115235
255.966 -0.0170532 -0.00100498 2.22592 -2.11068 0.115241
255.978 -0.0170806 -0.00102665 2.21597 -2.10071 0.115254
255.989 -0.0171029 -0.00104921 2.2063 -2.09103 0.115264
256 -0.017119 -0.00107277 2.19693 -2.08166 0.115275
256.011 -0.0171391 -0.00109445 2.18778 -2.0725 0.115283
256.022 -0.0171588 -0.00111543 2.17893 -2.06363 0.115299
256.034 -0.0171809 -0.00113503 2.17031 -2.055 0.115314
256.045 -0.0171985 -0.00115539 2.16195 -2.04663 0.115318
256.056 -0.0172199 -0.00117383 2.15389 -2.03857 0.115324
256.067 -0.0172369 -0.00119322 2.14605 -2.03072 0.115332
256.079 -0.0172506 -0.00121667 2.13845 -2.02311 0.11534
256.09 -0.0172668 -0.00123759 2.13106 -2.01571 0.115352
256.101 -0.0172854 -0.00125563 2.12386 -2.0085 0.115364
256.112 -0.0173078 -0.00128237 2.11687 -2.0015 0.11537
256.124 -0.0173261 -0.00130698 2.11007 -1.99469 0.115376
256.135 -0.0173439 -0.00133405 2.10344 -1.98805 0.115385
256.146 -0.0173625 -0.00136177 2.09699 -1.98159 0.115399
256.157 -0.01739 -0.00139254 2.09076 -1.97535 0.115412
256.169 -0.0174114 -0.00142053 2.08463 -1.96921 0.115425
256.18 -0.0174359 -0.00144851 2.07864 -1.96319 0.115444
256.191 -0.0174586 -0.00147373 2.07277 -1.95731 0.115457
256.202 -0.0174792 -0.00150071 2.06703 -1.95155 0.115472
256.213 -0.0175017 -0.00152414 2.06139 -1.9459 0.115489
256.225 -0.0175214 -0.00154963 2.05585 -1.94034 0.115503
256.236 -0.0175512 -0.00157598 2.05038 -1.93486 0.115514
256.247 -0.0175773 -0.00160646 2.04496 -1.92943 0.11553
256.258 -0.0176046 -0.00163819 2.0396 -1.92406 0.115541
256.27 -0.0176288 -0.00166781 2.0343 -1.91875 0.115553
256.281 -0.0176566 -0.00170231 2.0291 -1.91353 0.11557
256.292 -0.0176871 -0.00172991 2.02396 -1.90839 0.11558
256.303 -0.0177189 -0.00175477 2.01891 -1.90332 0.115591
256.315 -0.0177478 -0.00178034 2.01383 -1.89823 0.115606
256.326 -0.0177775 -0.00181103 2.00873 -1.89311 0.115619
256.337 -0.0178046 -0.00184505 2.00358 -1.88795 0.115637
256.348 -0.0178361 -0.00187618 1.99845 -1.88279 0.115662
256.36 -0.0178642 -0.00190459 1.99322 -1.87755 0.115673
256.371 -0.0178987 -0.00193437 1.988 -1.87232 0.115683
256.382 -0.0179391 -0.0019677 1.98279 -1.86709 0.115699
256.393 -0.0179717 -0.00200174 1.97754 -1.86182 0.115717
256.404 -0.0179996 -0.00203008 1.97223 -1.8565 0.115727
256.416 -0.0180327 -0.00205931 1.96689 -1.85115 0.115741
256.427 -0.018065 -0.002086 1.96146 -1.8457 0.115757
256.438 -0.0180971 -0.00211676 1.95598 -1.8402 0.115775
256.449 -0.01813 -0.00214479 1.95044 -1.83465 0.11579
256.461 -0.0181659 -0.00216778 1.94483 -1.82903 0.115797
256.472 -0.0182039 -0.00219609 1.93922 -1.82341 0.115808
256.483 -0.0182422 -0.00222204 1.93351 -1.81769 0.115818
256.494 -0.0182813 -0.00225067 1.92774 -1.81191 0.115823
256.506 -0.0183227 -0.0022781 1.92196 -1.80613 0.115834
256.517 -0.0183544 -0.00230177 1.91613 -1.80028 0.115847
256.528 -0.0183923 -0.00231969 1.91029 -1.79443 0.115855
256.539 -0.0184291 -0.00233778 1.90439 -1.78853 0.115861
256.551 -0.0184696 -0.00235682 1.8985 -1.78264 0.115861
256.562 -0.0185148 -0.00237659 1.89266 -1.77679 0.11587
256.573 -0.0185611 -0.00239448 1.88682 -1.77095 0.115875
256.584 -0.0185995 -0.0024115 1.88104 -1.76516 0.115879
256.596 -0.0186351 -0.00243068 1.87533 -1.75944 0.11589
256.607 -0.018675 -0.00246109 1.86964 -1.75374 0.115894
256.618 -0.018714 -0.00248457 1.86409 -1.74819 0.115895
256.629 -0.0187524 -0.00250536 1.85857 -1.74266 0.115906
256.64 -0.0187932 -0.00252778 1.85317 -1.73725 0.115918
256.652 -0.0188372 -0.00254991 1.84793 -1.732 0.115929
256.663 -0.0188839 -0.00257092 1.84282 -1.72688 0.115941
256.674 -0.018933 -0.0025966 1.83789 -1.72193 0.115952
256.685 -0.0189745 -0.00262158 1.83319 -1.71723 0.115961
256.697 -0.0190172 -0.00263969 1.82875 -1.71278 0.115974
256.708 -0.0190571 -0.00266144 1.82452 -1.70854 0.115981
256.719 -0.0190989 -0.0026861 1.82056 -1.70457 0.115985
256.73 -0.0191457 -0.0027125 1.81691 -1.70092 0.115991
256.742 -0.0191911 -0.00273477 1.81359 -1.6976 0.115995
256.753 -0.0192301 -0.00275391 1.81064 -1.69464 0.116
256.764 -0.019267 -0.00277538 1.80805 -1.69204 0.116007
256.775 -0.0193083 -0.00279559 1.80586 -1.68985 0.116007
256.787 -0.0193513 -0.00281293 1.80413 -1.68812 0.116008
256.798 -0.0193888 -0.00283042 1.80288 -1.68686 0.116015
256.809 -0.0194344 -0.00284526 1.80214 -1.68612 0.11602
256.82 -0.0194754 -0.00286327 1.80188 -1.68586 0.116022
256.831 -0.0195185 -0.00287864 1.80215 -1.68613 0.116025
256.843 -0.0195604 -0.0028929 1.80302 -1.68699 0.116032
256.854 -0.0196121 -0.00290117 1.80452 -1.68848 0.116036
256.865 -0.0196628 -0.00290713 1.80665 -1.69061 0.116038
256.876 -0.0197126 -0.00291952 1.80943 -1.69339 0.11604
256.888 -0.0197624 -0.00292749 1.81283 -1.69679 0.116039
256.899 -0.0198096 -0.00294019 1.81694 -1.7009 0.116042
256.91 -0.0198581 -0.0029497 1.82177 -1.70572 0.116046
256.921 -0.0199027 -0.00295727 1.82735 -1.7113 0.116053
256.933 -0.0199469 -0.00296866 1.83374 -1.71768 0.116058
256.944 -0.0199896 -0.00297528 1.84088 -1.72481 0.116063
256.955 -0.0200333 -0.00297774 1.84882 -1.73275 0.116072
256.966 -0.020074 -0.00297651 1.85767 -1.7416 0.116074
256.978 -0.0201116 -0.00297473 1.86731 -1.75123 0.116079
256.989 -0.0201525 -0.00297262 1.87788 -1.7618 0.116086
257 -0.0201967 -0.00297088 1.88918 -1.77309 0.116095
257.011 -0.0202414 -0.00296733 1.90129 -1.78518 0.116107
257.022 -0.020285 -0.00296316 1.91428 -1.79816 0.116115
257.034 -0.0203268 -0.00296195 1.92813 -1.81201 0.11612
257.045 -0.0203656 -0.00296486 1.94289 -1.82677 0.116124
257.056 -0.0204012 -0.00296431 1.95853 -1.84239 0.116133
257.067 -0.020435 -0.00295827 1.97506 -1.85892 0.116142
257.079 -0.0204688 -0.00295243 1.99258 -1.87642 0.116154
257.09 -0.020498 -0.00294802 2.01097 -1.8948 0.116161
257.101 -0.0205217 -0.00294781 2.0303 -1.91413 0.116163
257.112 -0.0205378 -0.00295262 2.05051 -1.93435 0.116163
257.124 -0.0205486 -0.00295526 2.07157 -1.9554 0.116169
257.135 -0.0205651 -0.00295753 2.09351 -1.97732 0.116186
257.146 -0.0205952 -0.0029555 2.11627 -2.00007 0.116202
257.157 -0.0206337 -0.00295879 2.13986 -2.02364 0.116217
257.169 -0.0206739 -0.00295731 2.16426 -2.04802 0.116233
257.18 -0.0207046 -0.00294964 2.18953 -2.07328 0.116246
257.191 -0.0207319 -0.00293974 2.21555 -2.0993 0.116254
257.202 -0.0207564 -0.00292524 2.2424 -2.12615 0.116256
257.213 -0.0207773 -0.00290941 2.27005 -2.15379 0.116256
257.225 -0.0207912 -0.00289029 2.29844 -2.18218 0.116262
257.236 -0.0208055 -0.00287138 2.32756 -2.21129 0.116274
257.247 -0.0208371 -0.00286069 2.35742 -2.24113 0.116289
257.258 -0.0208799 -0.00284529 2.38793 -2.27162 0.116304
257.27 -0.0209203 -0.00283535 2.41908 -2.30277 0.116315
257.281 -0.0209512 -0.00281769 2.4509 -2.33457 0.116331
257.292 -0.0209785 -0.00280155 2.48335 -2.367 0.116352
257.303 -0.0210017 -0.00278668 2.51637 -2.4 0.116367
257.315 -0.0210231 -0.00277172 2.54993 -2.43355 0.116384
257.326 -0.0210375 -0.0027562 2.58401 -2.46761 0.116397
257.337 -0.0210447 -0.00274693 2.61859 -2.50218 0.116411
257.348 -0.021059 -0.00273894 2.65365 -2.53723 0.116425
257.36 -0.0210901 -0.0027341 2.68919 -2.57275 0.116441
257.371 -0.0211255 -0.00272719 2.72508 -2.60863 0.116448
257.382 -0.0211556 -0.00272012 2.76137 -2.64491 0.116458
257.393 -0.0211827 -0.00271054 2.79806 -2.68159 0.11647
257.404 -0.0212058 -0.00269588 2.83509 -2.71861 0.116477
257.416 -0.0212283 -0.00268518 2.87245 -2.75596 0.116487
257.427 -0.0212485 -0.0026679 2.91014 -2.79364 0.116495
257.438 -0.0212635 -0.00265065 2.94811 -2.8316 0.116512
257.449 -0.0212868 -0.00263669 2.98631 -2.86978 0.116529
257.461 -0.0213179 -0.00262347 3.02473 -2.90818 0.116552
257.472 -0.021347 -0.00261088 3.06337 -2.94679 0.116571
257.483 -0.0213743 -0.00259502 3.10218 -2.98558 0.116592
257.494 -0.0213948 -0.00258441 3.14114 -3.02453 0.116613
257.506 -0.0214029 -0.00257302 3.18029 -3.06365 0.116634
257.517 -0.021409 -0.00256427 3.21955 -3.1029 0.116656
257.528 -0.0214158 -0.00255278 3.25894 -3.14227 0.116669
257.539 -0.0214398 -0.00254579 3.29844 -3.18176 0.116677
257.551 -0.0214606 -0.0025362 3.33804 -3.22134 0.116693
257.562 -0.0214751 -0.00252385 3.37768 -3.26098 0.116706
257.573 -0.021485 -0.00252199 3.4174 -3.30067 0.11673
257.584 -0.0214957 -0.00252155 3.4571 -3.34034 0.116752
257.596 -0.0215299 -0.00251425 3.49677 -3.37999 0.116775
257.607 -0.0215594 -0.00251313 3.53641 -3.41962 0.11679
257.618 -0.0215809 -0.002505 3.57603 -3.45923 0.116801
257.629 -0.0216013 -0.00249698 3.61563 -3.49882 0.11681
257.64 -0.0216078 -0.00248869 3.65521 -3.53839 0.116821
257.652 -0.0216206 -0.00249073 3.6947 -3.57788 0.116825
257.663 -0.021644 -0.00249085 3.73406 -3.61723 0.116828
257.674 -0.0216667 -0.0024899 3.77329 -3.65645 0.116832
257.685 -0.0216852 -0.00248951 3.81238 -3.69554 0.116839
257.697 -0.0217024 -0.00248787 3.85132 -3.73447 0.116847
257.708 -0.0217095 -0.0024847 3.89011 -3.77325 0.116857
257.719 -0.0217206 -0.00247582 3.92874 -3.81187 0.116866
257.73 -0.0217372 -0.0024696 3.96726 -3.85038 0.116875
257.742 -0.0217459 -0.00246372 4.00562 -3.88874 0.116878
257.753 -0.021742 -0.00245578 4.04377 -3.92689 0.116883
257.764 -0.0217372 -0.00244243 4.08168 -3.9648 0.116884
257.775 -0.0217302 -0.00243243 4.11936 -4.00248 0.116888
257.787 -0.0217369 -0.00243231 4.15681 -4.03992 0.116887
257.798 -0.0217368 -0.00243189 4.194 -4.07711 0.116887
257.809 -0.0217266 -0.00242847 4.23095 -4.11407 0.116883
257.82 -0.021721 -0.00242477 4.2676 -4.15071 0.116892
257.831 -0.0217217 -0.00241814 4.30394 -4.18704 0.116898
257.843 -0.0217363 -0.00241199 4.33992 -4.22302 0.116897
257.854 -0.0217409 -0.00240385 4.37552 -4.25862 0.116899
257.865 -0.0217366 -0.00239328 4.41074 -4.29384 0.116898
257.876 -0.021726 -0.0023824 4.44563 -4.32874 0.116894
257.888 -0.0217125 -0.0023761 4.48022 -4.36332 0.116895
257.899 -0.0217154 -0.00236866 4.51442 -4.39752 0.116897
257.91 -0.0217222 -0.00236508 4.54825 -4.43135 0.1169
257.921 -0.021719 -0.00236126 4.58174 -4.46484 0.116902
257.933 -0.0217182 -0.00235036 4.61486 -4.49795 0.116909
257.944 -0.0217095 -0.00234244 4.64763 -4.53071 0.116918
257.955 -0.0216956 -0.00233862 4.68001 -4.56309 0.116929
257.966 -0.0217028 -0.0023371 4.71202 -4.59509 0.116936
257.978 -0.0217073 -0.00233488 4.74366 -4.62672 0.116943
257.989 -0.0217049 -0.0023283 4.77494 -4.65799 0.11695
258 -0.0216941 -0.002321 4.80586 -4.6889 0.116961
258.011 -0.0216724 -0.00231423 4.83645 -4.71948 0.116966
258.022 -0.0216473 -0.00230486 4.86668 -4.74971 0.116975
258.034 -0.021642 -0.00230117 4.89658 -4.77959 0.116987
258.045 -0.0216445 -0.00229783 4.92618 -4.80919 0.116995
258.056 -0.0216396 -0.00230081 4.95552 -4.83852 0.116998
258.067 -0.0216261 -0.00229779 4.98458 -4.86758 0.117005
258.079 -0.0216091 -0.00229083 5.01341 -4.8964 0.117008
258.09 -0.0215901 -0.00228881 5.04197 -4.92496 0.117009
258.101 -0.0215939 -0.00228674 5.07026 -4.95324 0.11702
258.112 -0.0216019 -0.00228665 5.09822 -4.98118 0.117034
258.124 -0.0216009 -0.00228613 5.12589 -5.00884 0.117046
258.135 -0.0215996 -0.00228337 5.15332 -5.03626 0.117061
258.146 -0.0215886 -0.002288 5.18057 -5.0635 0.117072
258.157 -0.0215687 -0.00228903 5.2077 -5.09062 0.117081
258.169 -0.0215585 -0.0022865 5.23468 -5.11759 0.117093
258.18 -0.0215591 -0.00228493 5.26153 -5.14443 0.117101
258.191 -0.0215595 -0.00228126 5.2882 -5.17109 0.11711
258.202 -0.0215571 -0.00227462 5.31464 -5.19752 0.117121
258.213 -0.0215481 -0.00226588 5.34092 -5.22379 0.117131
258.225 -0.0215405 -0.00225836 5.36698 -5.24984 0.11714
258.236 -0.0215257 -0.00225579 5.39287 -5.27571 0.117151
258.247 -0.0215173 -0.00225072 5.41851 -5.30135 0.117158
258.258 -0.0215202 -0.00224725 5.44396 -5.32679 0.11717
258.27 -0.0215125 -0.00224209 5.46917 -5.35199 0.117182
258.281 -0.0215002 -0.00223395 5.49414 -5.37694 0.117197
258.292 -0.0214724 -0.00222881 5.5189 -5.40169 0.117213
258.303 -0.0214512 -0.00222617 5.54346 -5.42624 0.117225
258.315 -0.0214359 -0.00222878 5.56785 -5.45062 0.117233
258.326 -0.0214326 -0.00221922 5.59206 -5.47482 0.117242
258.337 -0.021448 -0.00221521 5.61607 -5.49881 0.117254
258.348 -0.0214537 -0.00220828 5.63987 -5.52261 0.11726
258.36 -0.0214533 -0.00220839 5.66346 -5.54618 0.117281
258.371 -0.0214491 -0.0022126 5.68677 -5.56946 0.117308
258.382 -0.0214382 -0.00221726 5.70982 -5.59249 0.117328
258.393 -0.0214523 -0.0022247 5.73265 -5.6153 0.117346
258.404 -0.0214634 -0.00223506 5.75525 -5.63789 0.117357
258.416 -0.0214694 -0.00224443 5.77765 -5.66028 0.117366
258.427 -0.0214763 -0.0022488 5.79984 -5.68246 0.117378
258.438 -0.0214819 -0.00225056 5.82178 -5.70439 0.117389
258.449 -0.0214741 -0.00225484 5.84346 -5.72606 0.117395
258.461 -0.0214795 -0.00225389 5.86487 -5.74746 0.11741
258.472 -0.0214993 -0.00225301 5.88599 -5.76857 0.117421
258.483 -0.0215178 -0.00225399 5.90686 -5.78942 0.117433
258.494 -0.0215385 -0.00225398 5.92749 -5.81005 0.117442
258.506 -0.0215505 -0.00224909 5.94789 -5.83043 0.117456
258.517 -0.0215616 -0.00224739 5.968 -5.85053 0.117462
258.528 -0.0215662 -0.00224894 5.98784 -5.87036 0.117476
258.539 -0.0215658 -0.00225393 6.0074 -5.88991 0.117487
258.551 -0.0215722 -0.00225845 6.02667 -5.90918 0.117494
258.562 -0.0215979 -0.00226052 6.0457 -5.9282 0.117501
258.573 -0.0216271 -0.00227002 6.06444 -5.94693 0.117509
258.584 -0.0216524 -0.00227879 6.08289 -5.96537 0.11752
258.596 -0.0216738 -0.00228819 6.10107 -5.98354 0.117531
258.607 -0.0216823 -0.00229462 6.11896 -6.00141 0.117548
258.618 -0.0216854 -0.00230476 6.13657 -6.019 0.117561
258.629 -0.0216955 -0.00231425 6.15393 -6.03636 0.117568
258.64 -0.0217018 -0.00232947 6.1711 -6.05352 0.117576
258.652 -0.0217305 -0.0023458 6.18796 -6.07038 0.117584
258.663 -0.0217607 -0.00235885 6.20463 -6.08704 0.117588
258.674 -0.0217905 -0.00237305 6.22103 -6.10344 0.11759
258.685 -0.0218093 -0.00238318 6.23721 -6.11962 0.117595
258.697 -0.0218249 -0.00238924 6.25319 -6.13559 0.117595
258.708 -0.0218384 -0.00239544 6.26895 -6.15135 0.117601
258.719 -0.0218534 -0.00240595 6.28447 -6.16687 0.117604
258.73 -0.0218836 -0.00242166 6.29978 -6.18218 0.117603
258.742 -0.0219228 -0.00244339 6.3149 -6.1973 0.117604
258.753 -0.0219594 -0.00246414 6.32981 -6.2122 0.117608
258.764 -0.0219885 -0.00248042 6.34448 -6.22688 0.117607
258.775 -0.0220121 -0.00249823 6.35885 -6.24124 0.117608
258.787 -0.0220369 -0.00251779 6.37299 -6.25539 0.117608
258.798 -0.0220515 -0.00254038 6.38692 -6.26932 0.117604
258.809 -0.0220641 -0.00256618 6.40064 -6.28304 0.117598
258.82 -0.0220698 -0.00258541 6.41419 -6.2966 0.117589
258.831 -0.0221007 -0.00260803 6.42751 -6.30993 0.11758
258.843 -0.0221363 -0.00263134 6.44063 -6.32304 0.117582
258.854 -0.0221743 -0.00265897 6.45347 -6.33589 0.117578
258.865 -0.0222048 -0.00268351 6.46604 -6.34846 0.117572
258.876 -0.0222337 -0.00271032 6.47833 -6.36077 0.117566
258.888 -0.0222571 -0.002741 6.49034 -6.37278 0.117561
258.899 -0.0222773 -0.0027677 6.50203 -6.38448 0.117553
258.91 -0.0222967 -0.00280052 6.51345 -6.3959 0.117551
258.921 -0.0223119 -0.00282598 6.52456 -6.40701 0.117545
258.933 -0.0223224 -0.00284827 6.53532 -6.41778 0.117543
258.944 -0.0223363 -0.00287136 6.54571 -6.42817 0.117537
258.955 -0.0223672 -0.00289275 6.55568 -6.43814 0.117541
258.966 -0.0224005 -0.00291887 6.56525 -6.44771 0.117542
258.978 -0.0224339 -0.00294389 6.57445 -6.45691 0.117545
258.989 -0.022471 -0.00296351 6.58321 -6.46567 0.117543
259 -0.0225013 -0.00298733 6.59149 -6.47395 0.117538
259.011 -0.0225286 -0.00301489 6.59928 -6.48174 0.117534
259.022 -0.022551 -0.0030427 6.60655 -6.48901 0.117531
259.034 -0.0225717 -0.00306799 6.61326 -6.49573 0.117529
259.045 -0.0225875 -0.00309673 6.61939 -6.50186 0.117527
259.056 -0.0226002 -0.00311998 6.62499 -6.50746 0.117525
259.067 -0.0226033 -0.00314483 6.62993 -6.51241 0.117517
259.079 -0.0226037 -0.00317306 6.63413 -6.51662 0.117511
259.09 -0.0226112 -0.0031983 6.63762 -6.52012 0.117495
259.101 -0.0226366 -0.00322079 6.64045 -6.52297 0.117481
259.112 -0.0226659 -0.00324136 6.64262 -6.52515 0.117464
259.124 -0.0226919 -0.0032536 6.64407 -6.52663 0.117445
259.135 -0.0227166 -0.0032691 6.64475 -6.52732 0.117427
259.146 -0.0227326 -0.00328613 6.64468 -6.52727 0.117413
259.157 -0.0227426 -0.0033034 6.64384 -6.52644 0.117403
259.169 -0.0227495 -0.00332363 6.64232 -6.52493 0.117393
259.18 -0.0227559 -0.00334551 6.63996 -6.52257 0.117385
259.191 -0.0227646 -0.00336213 6.63675 -6.51938 0.117376
259.202 -0.0227598 -0.00337777 6.63271 -6.51535 0.117361
259.213 -0.0227626 -0.00339021 6.62779 -6.51045 0.117338
259.225 -0.022776 -0.0033968 6.62196 -6.50464 0.117317
259.236 -0.0227989 -0.00340208 6.61524 -6.49795 0.117296
259.247 -0.0228194 -0.00340716 6.60767 -6.49039 0.117278
259.258 -0.0228364 -0.00341391 6.59921 -6.48195 0.117266
259.27 -0.0228438 -0.00342265 6.5899 -6.47264 0.117261
259.281 -0.0228546 -0.00343029 6.5797 -6.46245 0.117249
259.292 -0.0228573 -0.00344577 6.56862 -6.45138 0.117244
259.303 -0.0228579 -0.00345183 6.55688 -6.43964 0.117241
259.315 -0.0228473 -0.00346326 6.54418 -6.42695 0.11723
259.326 -0.0228368 -0.00346804 6.53067 -6.41345 0.11722
259.337 -0.0228465 -0.00347364 6.51636 -6.39916 0.117204
259.348 -0.02286 -0.00346905 6.50129 -6.3841 0.117191
259.36 -0.0228711 -0.00347209 6.48549 -6.36831 0.117175
259.371 -0.0228736 -0.00347872 6.46894 -6.35177 0.117168
259.382 -0.0228712 -0.00348907 6.45177 -6.33461 0.117153
259.393 -0.022866 -0.00349639 6.43379 -6.31664 0.117144
259.404 -0.0228562 -0.00349623 6.41511 -6.29798 0.117131
259.416 -0.0228406 -0.0034955 6.39578 -6.27866 0.117123
259.427 -0.0228323 -0.00349044 6.37587 -6.25876 0.117113
259.438 -0.0228478 -0.00347621 6.35543 -6.23832 0.117105
259.449 -0.0228636 -0.00346813 6.33438 -6.21729 0.117093
259.461 -0.0228717 -0.00345882 6.31284 -6.19576 0.11708
259.472 -0.0228751 -0.00345378 6.29091 -6.17383 0.117075
259.483 -0.0228786 -0.00344996 6.26853 -6.15146 0.117065
259.494 -0.0228715 -0.00345278 6.24573 -6.12868 0.117047
259.506 -0.0228613 -0.00346406 6.22256 -6.10553 0.11703
259.517 -0.0228644 -0.00346488 6.19904 -6.08202 0.11702
259.528 -0.0228787 -0.003469 6.17518 -6.05818 0.117001
259.539 -0.0228871 -0.00346831 6.15106 -6.03407 0.116991
259.551 -0.0228861 -0.00347217 6.12661 -6.00963 0.116979
259.562 -0.0228767 -0.0034796 6.10196 -5.985 0.116965
259.573 -0.0228657 -0.00348189 6.07709 -5.96015 0.116947
259.584 -0.0228452 -0.00348222 6.05207 -5.93514 0.116932
259.596 -0.0228299 -0.00347984 6.02686 -5.90994 0.116916
259.606 -0.0228308 -0.00347727 6.0034 -5.8865 0.116894
259.616 -0.0228321 -0.00347123 5.97979 -5.86292 0.116868
259.627 -0.0228258 -0.00346793 5.95607 -5.83923 0.116839
259.637 -0.0228085 -0.00346848 5.93227 -5.81546 0.11681
259.648 -0.0227929 -0.00346705 5.90776 -5.79097 0.116784
259.658 -0.0227756 -0.00346304 5.8832 -5.76644 0.116762
259.669 -0.0227555 -0.00345675 5.8586 -5.74186 0.116738
259.68 -0.0227492 -0.00345294 5.83392 -5.7172 0.116718
259.69 -0.0227453 -0.00344787 5.80918 -5.69249 0.116696
259.701 -0.0227436 -0.00344197 5.78434 -5.66767 0.116673
259.712 -0.0227358 -0.00344258 5.75948 -5.64283 0.116654
259.722 -0.0227276 -0.00344352 5.73455 -5.61791 0.116636
259.733 -0.02271 -0.00344243 5.70958 -5.59297 0.116618
259.744 -0.0226914 -0.00343583 5.68459 -5.56799 0.116599
259.754 -0.0226812 -0.00343204 5.65959 -5.54301 0.11658
259.765 -0.0226688 -0.0034283 5.63459 -5.51803 0.116561
259.776 -0.0226547 -0.00342579 5.6096 -5.49307 0.116537
259.786 -0.0226431 -0.00341605 5.58464 -5.46812 0.116519
259.797 -0.0226255 -0.00340601 5.5596 -5.4431 0.1165
259.808 -0.0225995 -0.00340552 5.53459 -5.41811 0.116482
259.818 -0.0225881 -0.00340763 5.50953 -5.39307 0.116459
259.829 -0.0225804 -0.00340576 5.48448 -5.36804 0.116439
259.84 -0.0225742 -0.00339202 5.45944 -5.34303 0.116417
259.851 -0.0225592 -0.0033822 5.43437 -5.31798 0.116396
259.861 -0.0225451 -0.0033721 5.40938 -5.29301 0.116368
259.872 -0.0225262 -0.00336104 5.38436 -5.26802 0.116338
259.883 -0.0225055 -0.00335061 5.35948 -5.24317 0.116312
259.893 -0.0224965 -0.00334913 5.33457 -5.21829 0.116288
259.904 -0.0224845 -0.00333788 5.30969 -5.19342 0.116264
259.915 -0.0224647 -0.00331891 5.28474 -5.1685 0.116237
259.925 -0.0224438 -0.00331459 5.25988 -5.14367 0.116214
259.936 -0.0224302 -0.00330358 5.23511 -5.11892 0.116191
259.947 -0.0224129 -0.0032888 5.21051 -5.09435 0.116162
259.957 -0.0223758 -0.00328332 5.18606 -5.06993 0.116133
259.968 -0.0223432 -0.00327182 5.16177 -5.04566 0.116102
259.979 -0.0223265 -0.00324501 5.13762 -5.02154 0.116078
259.989 -0.0223089 -0.00322825 5.11363 -4.99758 0.116049
260 -0.0222777 -0.00321957 5.08975 -4.97372 0.116028
260.011 -0.0222529 -0.00320085 5.06468 -4.94868 0.116003
260.022 -0.0222305 -0.00318023 5.03976 -4.92377 0.115983
260.034 -0.022204 -0.00315903 5.01491 -4.89896 0.115956
260.045 -0.0221743 -0.00312956 4.99016 -4.87423 0.11593
260.056 -0.0221508 -0.00310064 4.96547 -4.84957 0.1159
260.067 -0.0221335 -0.00307731 4.94079 -4.82492 0.115868
260.079 -0.0221146 -0.00305469 4.9161 -4.80027 0.115835
260.09 -0.0220978 -0.0030424 4.89147 -4.77567 0.115808
260.101 -0.0220799 -0.00301627 4.86686 -4.75108 0.115778
260.112 -0.0220637 -0.00299031 4.84227 -4.72652 0.115746
260.124 -0.0220464 -0.00296591 4.81771 -4.702 0.115713
260.135 -0.0220162 -0.00294615 4.79309 -4.67742 0.115678
260.146 -0.0219901 -0.00293247 4.7684 -4.65275 0.115651
260.157 -0.0219812 -0.00289507 4.74366 -4.62804 0.115619
260.169 -0.02197 -0.00286011 4.71887 -4.60329 0.115588
260.18 -0.0219487 -0.00283243 4.69409 -4.57853 0.115558
260.191 -0.021932 -0.00280732 4.66923 -4.5537 0.115528
260.202 -0.0219147 -0.00278047 4.64427 -4.52878 0.115495
260.213 -0.0218929 -0.00275414 4.61924 -4.50378 0.115463
260.225 -0.0218693 -0.00273715 4.59403 -4.4786 0.115434
260.236 -0.0218452 -0.00271003 4.56852 -4.45312 0.115403
260.247 -0.0218209 -0.00268417 4.54289 -4.42752 0.115367
260.258 -0.0218107 -0.00266618 4.5171 -4.40177 0.115331
260.27 -0.021802 -0.00263433 4.49117 -4.37588 0.115295
260.281 -0.0217881 -0.00259942 4.46515 -4.34989 0.115261
260.292 -0.0217673 -0.00257108 4.43902 -4.32379 0.115225
260.303 -0.0217492 -0.0025373 4.41278 -4.29758 0.115192
260.315 -0.0217301 -0.00250278 4.38642 -4.27127 0.115157
260.326 -0.0217105 -0.00246714 4.36 -4.24487 0.115126
260.337 -0.0216977 -0.00243185 4.33344 -4.21834 0.115095
260.348 -0.021682 -0.00239134 4.30679 -4.19173 0.115057
260.36 -0.0216608 -0.00235242 4.28 -4.16498 0.115018
260.371 -0.02163 -0.00230566 4.25309 -4.13812 0.114974
260.382 -0.0216043 -0.00224785 4.22606 -4.11113 0.114936
260.393 -0.0215888 -0.00219959 4.19884 -4.08395 0.114896
260.404 -0.021579 -0.00214619 4.17145 -4.05659 0.114859
260.416 -0.0215681 -0.00210846 4.14387 -4.02905 0.114819
260.427 -0.0215681 -0.00205542 4.11613 -4.00135 0.11478
260.438 -0.0215614 -0.0019986 4.08819 -3.97344 0.114745
260.449 -0.0215452 -0.00195448 4.06008 -3.94537 0.114708
260.461 -0.0215303 -0.00190824 4.03186 -3.91718 0.114673
260.472 -0.0215184 -0.00186774 4.00342 -3.88878 0.114635
260.483 -0.0215051 -0.00182247 3.97477 -3.86017 0.114596
260.494 -0.0214905 -0.0017825 3.9459 -3.83135 0.114558
260.506 -0.0214764 -0.00173957 3.91678 -3.80226 0.114522
260.517 -0.0214596 -0.00169519 3.88745 -3.77296 0.114483
260.528 -0.02144 -0.00164473 3.85786 -3.74341 0.11445
260.539 -0.0214296 -0.00159382 3.82802 -3.71361 0.114411
260.551 -0.0214122 -0.00154214 3.79794 -3.68357 0.114366
260.562 -0.0213973 -0.0014901 3.76757 -3.65325 0.114325
260.573 -0.0213849 -0.00143744 3.73698 -3.6227 0.114278
260.584 -0.0213673 -0.00138181 3.70621 -3.59198 0.114232
260.596 -0.0213504 -0.00133272 3.6752 -3.56101 0.114195
260.607 -0.0213341 -0.00127831 3.64389 -3.52973 0.114159
260.618 -0.0213196 -0.00122731 3.61234 -3.49821 0.114123
260.629 -0.0212972 -0.00117977 3.58054 -3.46646 0.114084
260.64 -0.0212737 -0.00112593 3.5484 -3.43436 0.114045
260.652 -0.0212507 -0.00107159 3.51592 -3.40191 0.114008
260.663 -0.0212312 -0.00101022 3.48319 -3.36923 0.113965
260.674 -0.0212076 -0.000968798 3.45016 -3.33623 0.113931
260.685 -0.0211839 -0.000917337 3.41688 -3.30299 0.113886
260.697 -0.0211567 -0.000867548 3.38333 -3.26948 0.113847
260.708 -0.0211334 -0.000815329 3.34949 -3.23568 0.113814
260.719 -0.0211077 -0.000776745 3.31544 -3.20165 0.113789
260.73 -0.0210757 -0.000734918 3.28114 -3.16738 0.11376
260.742 -0.0210438 -0.000690924 3.2466 -3.13287 0.113733
260.753 -0.0210145 -0.000640626 3.21208 -3.09838 0.113707
260.764 -0.0209738 -0.000606625 3.17721 -3.06353 0.113681
260.774 -0.0209437 -0.000565853 3.14658 -3.03292 0.11366
260.784 -0.0209142 -0.000521004 3.11445 -3.00081 0.113641
260.794 -0.0208826 -0.000489502 3.08224 -2.96862 0.113624
260.804 -0.0208552 -0.000460498 3.05282 -2.93921 0.113609
260.814 -0.0208312 -0.000422855 3.02188 -2.90829 0.11359
260.823 -0.0208001 -0.000384988 2.99081 -2.87724 0.113576
260.833 -0.0207654 -0.000355748 2.9598 -2.84624 0.113563
260.843 -0.0207329 -0.000326204 2.92854 -2.815 0.113544
260.853 -0.0206989 -0.000291301 2.8971 -2.78357 0.113528
260.863 -0.0206627 -0.000254393 2.8656 -2.75208 0.113512
260.872 -0.0206287 -0.000222505 2.83403 -2.72053 0.113495
260.882 -0.0205982 -0.000191719 2.80239 -2.68892 0.113474
260.892 -0.0205654 -0.000164525 2.77076 -2.6573 0.113458
260.902 -0.0205289 -0.000134137 2.73914 -2.6257 0.113444
260.912 -0.0204961 -0.000105133 2.70768 -2.59425 0.11343
260.922 -0.020467 -7.91462e-05 2.67604 -2.56262 0.113419
260.931 -0.0204376 -5.06685e-05 2.64437 -2.53097 0.113404
260.941 -0.0204153 -2.25943e-05 2.61271 -2.49931 0.113392
260.951 -0.0203981 1.21952e-05 2.58099 -2.46761 0.11338
260.961 -0.020371 3.72609e-05 2.54928 -2.43591 0.113372
260.971 -0.0203419 6.54381e-05 2.51744 -2.40408 0.113363
260.98 -0.0203109 9.61887e-05 2.48555 -2.3722 0.113349
260.99 -0.0202827 0.000124821 2.45364 -2.3403 0.113338
261 -0.0202511 0.000159544 2.42174 -2.30841 0.113333
261.011 -0.0202152 0.000192293 2.38556 -2.27224 0.113325
261.022 -0.0201774 0.000220843 2.34945 -2.23613 0.11332
261.033 -0.0201428 0.000257782 2.31346 -2.20015 0.113313
261.044 -0.0201152 0.000294683 2.27732 -2.16402 0.113306
261.056 -0.0200799 0.000333693 2.24122 -2.12792 0.113296
261.067 -0.0200474 0.000371981 2.20511 -2.09182 0.113289
261.078 -0.0200281 0.000408555 2.1689 -2.05563 0.113277
261.089 -0.0199976 0.000450426 2.13288 -2.01961 0.113269
261.1 -0.0199664 0.000473879 2.09653 -1.98328 0.113253
261.111 -0.0199307 0.000494635 2.06008 -1.94684 0.113241
261.122 -0.0199002 0.000523452 2.02357 -1.91035 0.113229
261.133 -0.019867 0.000559871 1.98698 -1.87376 0.113218
261.145 -0.0198302 0.000583818 1.94982 -1.83661 0.113204
261.156 -0.0197936 0.000618174 1.91269 -1.79949 0.113193
261.167 -0.0197547 0.000649998 1.87539 -1.76221 0.113182
261.178 -0.0197186 0.000686997 1.838 -1.72483 0.11317
261.19 -0.0196779 0.000725138 1.80056 -1.6874 0.113155
261.201 -0.0196454 0.000760626 1.76305 -1.64991 0.113142
261.212 -0.0196129 0.000797581 1.72544 -1.61232 0.113118
261.223 -0.0195827 0.000839148 1.68768 -1.57458 0.113103
261.235 -0.0195515 0.000876615 1.6498 -1.53671 0.113091
261.246 -0.0195149 0.000912414 1.61191 -1.49883 0.113082
261.257 -0.0194835 0.000947183 1.57389 -1.46082 0.113076
261.268 -0.0194484 0.000985753 1.53569 -1.42263 0.113065
261.28 -0.0194112 0.00101796 1.49744 -1.38438 0.113056
261.291 -0.019374 0.0010545 1.45911 -1.34606 0.113053
261.302 -0.0193399 0.00108989 1.42073 -1.30767 0.113054
261.313 -0.0193067 0.00112877 1.38226 -1.26921 0.113052
261.325 -0.0192687 0.00116118 1.34383 -1.23078 0.113051
261.336 -0.0192353 0.00119884 1.30544 -1.19238 0.113055
261.347 -0.0192006 0.00123919 1.26715 -1.1541 0.113051
261.358 -0.0191589 0.00127206 1.22904 -1.11599 0.11305
261.37 -0.0191171 0.00130581 1.19107 -1.07803 0.113045
261.381 -0.0190737 0.00134157 1.15333 -1.04029 0.113041
261.392 -0.0190299 0.00138151 1.11581 -1.00278 0.113035
261.403 -0.0189825 0.00142455 1.07854 -0.965516 0.113027
261.415 -0.018934 0.00145889 1.04156 -0.928544 0.113015
261.426 -0.0188828 0.00148188 1.00493 -0.891933 0.113002
261.437 -0.0188369 0.00151503 0.968664 -0.855674 0.112989
261.448 -0.0187938 0.00155397 0.932828 -0.819849 0.11298
261.46 -0.0187488 0.00158928 0.897387 -0.784411 0.112976
261.471 -0.018693 0.00163475 0.862406 -0.749436 0.11297
261.482 -0.0186446 0.0016442 0.82798 -0.715018 0.112962
261.49 -0.0186151 0.00166562 0.803693 -0.690735 0.112958
261.499 -0.0185799 0.00169033 0.778744 -0.665792 0.112953
261.507 -0.0185478 0.001715 0.753291 -0.640345 0.112946
261.516 -0.0185153 0.00173948 0.727702 -0.614767 0.112935
261.525 -0.0184817 0.00177083 0.702043 -0.589117 0.112926
261.534 -0.0184476 0.00179851 0.675811 -0.562895 0.112917
261.544 -0.0184108 0.00182436 0.650091 -0.537194 0.112897
261.553 -0.018374 0.00184801 0.624278 -0.511392 0.112886
261.563 -0.0183323 0.00187687 0.598395 -0.485516 0.112879
261.573 -0.0182943 0.00191122 0.572591 -0.45972 0.112871
261.583 -0.0182504 0.0019245 0.547214 -0.434348 0.112866
261.591 -0.018216 0.00194481 0.527466 -0.414604 0.112862
261.599 -0.0181837 0.00196915 0.507351 -0.394494 0.112857
261.607 -0.0181494 0.00199513 0.486862 -0.37401 0.112852
261.616 -0.0181135 0.00202164 0.466371 -0.353525 0.112847
261.625 -0.018077 0.00204375 0.4459 -0.333061 0.112839
261.634 -0.0180412 0.00206832 0.425471 -0.312638 0.112833
261.644 -0.0179993 0.00209533 0.405023 -0.292198 0.112825
261.653 -0.0179613 0.00212451 0.385267 -0.272443 0.112824
261.663 -0.0179216 0.00215351 0.365544 -0.252727 0.112817
261.672 -0.0178848 0.00218094 0.346461 -0.233644 0.112817
261.682 -0.0178477 0.00221109 0.327438 -0.214623 0.112816
261.692 -0.0178046 0.00223732 0.30905 -0.196236 0.112814
261.702 -0.0177575 0.00226454 0.290738 -0.177924 0.112814
261.713 -0.0177156 0.00229376 0.273366 -0.160548 0.112818
261.723 -0.0176661 0.00231745 0.256481 -0.14366 0.112821
261.733 -0.0176217 0.00234174 0.240293 -0.127467 0.112826
261.743 -0.0175822 0.00236458 0.224821 -0.11199 0.112831
261.754 -0.0175527 0.00238475 0.20999 -0.0971536 0.112836
261.764 -0.0175222 0.00239365 0.195296 -0.0824574 0.112839
261.775 -0.0174898 0.00241192 0.181272 -0.0684328 0.11284
261.786 -0.0174583 0.00243077 0.167943 -0.0550913 0.112851
261.797 -0.017429 0.00245023 0.155367 -0.0425022 0.112865
261.807 -0.0174021 0.00246199 0.143513 -0.0306427 0.11287
261.818 -0.0173686 0.00247812 0.132377 -0.0194966 0.112881
261.829 -0.0173309 0.00250165 0.121952 -0.00905941 0.112892
261.839 -0.0172977 0.00252527 0.112218 0.000685621 0.112904
261.85 -0.0172673 0.00254222 0.102987 0.00992389 0.112911
261.861 -0.0172424 0.00255808 0.0944613 0.0184584 0.11292
261.871 -0.0172177 0.00256596 0.0865751 0.0263508 0.112926
261.882 -0.0171919 0.00256825 0.0793787 0.0335506 0.112929
261.893 -0.017167 0.0025892 0.0727751 0.0401547 0.11293
261.904 -0.0171359 0.00260832 0.0668091 0.0461147 0.112924
261.914 -0.0171064 0.00262449 0.061465 0.0514582 0.112923
261.925 -0.017078 0.00263061 0.0566897 0.0562344 0.112924
261.936 -0.0170534 0.00263179 0.0523364 0.0605908 0.112927
261.946 -0.0170224 0.00262551 0.0485176 0.0644213 0.112939
261.957 -0.016989 0.00263133 0.045233 0.0677173 0.11295
261.968 -0.0169516 0.00264546 0.0423919 0.0705692 0.112961
261.979 -0.0169155 0.00265553 0.0399646 0.0730082 0.112973
261.989 -0.0168815 0.00266104 0.0379515 0.0750366 0.112988
262 -0.0168481 0.00266269 0.036331 0.0766633 0.112994
262.011 -0.0168182 0.00265615 0.0350386 0.0779613 0.113
262.022 -0.0167933 0.00264334 0.0341414 0.0788604 0.113002
262.034 -0.0167743 0.00264097 0.0336421 0.0793601 0.113002
262.045 -0.0167569 0.00264885 0.0334589 0.0795419 0.113001
262.056 -0.0167409 0.00265361 0.0336822 0.0793172 0.112999
262.067 -0.0167227 0.00264698 0.0342003 0.0788012 0.113002
262.079 -0.0167026 0.00263601 0.0349692 0.078034 0.113003
262.09 -0.0166886 0.00262495 0.035979 0.0770298 0.113009
262.101 -0.0166714 0.00260609 0.0372562 0.0757642 0.11302
262.112 -0.0166522 0.00259299 0.0387563 0.0742721 0.113028
262.124 -0.0166415 0.00259983 0.0404446 0.0725898 0.113034
262.135 -0.0166308 0.0026051 0.0423126 0.0707244 0.113037
262.146 -0.016619 0.00260579 0.0443396 0.0687005 0.11304
262.157 -0.0166077 0.00259836 0.0464767 0.0665667 0.113043
262.169 -0.0165999 0.00258412 0.0487923 0.0642561 0.113048
262.18 -0.0165872 0.0025733 0.0511233 0.0619217 0.113045
262.191 -0.0165801 0.00255498 0.0535692 0.0594732 0.113042
262.202 -0.0165772 0.00253629 0.0560824 0.0569585 0.113041
262.213 -0.0165737 0.00253584 0.0585471 0.0544914 0.113039
262.225 -0.0165667 0.00254311 0.0610094 0.052029 0.113038
262.236 -0.0165667 0.0025457 0.0634821 0.0495569 0.113039
262.247 -0.0165663 0.00254633 0.0658863 0.0471546 0.113041
262.258 -0.016559 0.00253556 0.0682034 0.044843 0.113046
262.27 -0.0165533 0.00252807 0.0703609 0.0426933 0.113054
262.281 -0.0165487 0.0025151 0.0724305 0.0406286 0.113059
262.292 -0.0165431 0.0024963 0.0743375 0.0387283 0.113066
262.303 -0.0165404 0.00247055 0.0761341 0.0369398 0.113074
262.315 -0.0165427 0.00245561 0.0778278 0.0352557 0.113083
262.326 -0.0165434 0.00245859 0.0794106 0.0336825 0.113093
262.337 -0.0165445 0.00246333 0.0808204 0.0322863 0.113107
262.348 -0.0165452 0.00247063 0.0820674 0.0310386 0.113106
262.36 -0.016535 0.00247299 0.0831471 0.0299597 0.113107
262.371 -0.0165276 0.00247268 0.0839783 0.0291284 0.113107
262.382 -0.0165235 0.002476 0.0845215 0.0285775 0.113099
262.393 -0.0165241 0.00247519 0.0848009 0.0282891 0.11309
262.404 -0.0165191 0.00246364 0.084725 0.0283623 0.113087
262.416 -0.0165202 0.00244576 0.0843231 0.0287597 0.113083
262.427 -0.0165266 0.00244009 0.0836284 0.0294516 0.11308
262.438 -0.0165269 0.00244512 0.0825962 0.0304838 0.11308
262.448 -0.0165269 0.00244706 0.0812315 0.0318452 0.113077
262.459 -0.0165226 0.00244091 0.0795726 0.0334984 0.113071
262.47 -0.0165137 0.00243764 0.0775088 0.0355589 0.113068
262.48 -0.0165053 0.0024297 0.0750326 0.0380316 0.113064
262.491 -0.0164962 0.00241887 0.0721801 0.040879 0.113059
262.501 -0.0164919 0.00240716 0.068929 0.0441283 0.113057
262.511 -0.0164857 0.00239315 0.0652971 0.0477535 0.113051
262.522 -0.0164777 0.00237288 0.0612274 0.0518203 0.113048
262.532 -0.016475 0.00234605 0.0567944 0.0562531 0.113047
262.543 -0.0164744 0.00232667 0.0519363 0.0611137 0.11305
262.553 -0.016472 0.00231968 0.0466657 0.0663853 0.113051
262.563 -0.0164708 0.0023099 0.0409809 0.07207 0.113051
262.574 -0.0164669 0.00230242 0.0348751 0.0781715 0.113047
262.584 -0.01646 0.0022946 0.0283973 0.0846407 0.113038
262.595 -0.0164516 0.00228177 0.021558 0.0914751 0.113033
262.605 -0.0164401 0.0022683 0.0143206 0.0987071 0.113028
262.615 -0.0164273 0.00225124 0.00668652 0.106339 0.113026
262.626 -0.0164135 0.00223018 -0.00140189 0.11442 0.113018
262.636 -0.0163976 0.00220933 -0.00987727 0.122891 0.113013
262.647 -0.016384 0.00218396 -0.0187714 0.131784 0.113013
262.657 -0.0163718 0.00215178 -0.0283558 0.141365 0.113009
262.668 -0.0163632 0.0021202 -0.0384573 0.151464 0.113006
262.679 -0.0163542 0.00210288 -0.0488655 0.161873 0.113007
262.689 -0.0163433 0.00209392 -0.059737 0.172746 0.113009
262.7 -0.0163302 0.00208357 -0.0710505 0.184063 0.113013
262.711 -0.0163139 0.00207345 -0.0827025 0.195711 0.113009
262.722 -0.0162945 0.00205848 -0.0947973 0.207803 0.113006
262.732 -0.0162766 0.00203848 -0.107301 0.2203 0.112998
262.743 -0.0162588 0.00201304 -0.120173 0.233164 0.112991
262.754 -0.016244 0.00198633 -0.133431 0.246411 0.11298
262.764 -0.0162312 0.00195558 -0.147 0.259968 0.112967
262.775 -0.0162175 0.00192801 -0.160972 0.273927 0.112955
262.786 -0.0162081 0.00189816 -0.17526 0.288204 0.112944
262.796 -0.0161959 0.00186087 -0.189891 0.302825 0.112934
262.807 -0.0161845 0.00182088 -0.204865 0.317789 0.112925
262.818 -0.0161779 0.00177983 -0.220267 0.33318 0.112913
262.829 -0.0161708 0.00175658 -0.23593 0.348831 0.112901
262.839 -0.016163 0.00173751 -0.251872 0.364764 0.112892
262.85 -0.0161492 0.00171813 -0.268117 0.380996 0.112879
262.861 -0.0161374 0.00169621 -0.28466 0.397529 0.112869
262.871 -0.0161242 0.00167597 -0.301494 0.41435 0.112856
262.882 -0.0161085 0.00165095 -0.318607 0.431447 0.11284
262.893 -0.0160977 0.00162724 -0.336003 0.44883 0.112827
262.904 -0.0160877 0.00160265 -0.353634 0.466447 0.112813
262.914 -0.0160799 0.00157721 -0.371526 0.48433 0.112804
262.925 -0.0160739 0.00155551 -0.389656 0.50245 0.112794
262.936 -0.0160669 0.00153729 -0.407991 0.520779 0.112788
262.946 -0.0160616 0.00151558 -0.42655 0.539331 0.112781
262.957 -0.016059 0.00149396 -0.445383 0.558154 0.112771
262.968 -0.0160554 0.00146727 -0.464499 0.577258 0.112759
262.979 -0.0160453 0.00143519 -0.483758 0.596504 0.112746
262.989 -0.0160367 0.0013959 -0.503253 0.615982 0.112729
263 -0.0160291 0.00135264 -0.522893 0.635613 0.11272
263.011 -0.0160254 0.00131196 -0.543795 0.6565 0.112705
263.022 -0.0160179 0.00127307 -0.564917 0.677604 0.112687
263.034 -0.0160166 0.00123466 -0.586206 0.698881 0.112675
263.045 -0.0160161 0.00119797 -0.607704 0.720369 0.112665
263.056 -0.016018 0.00116583 -0.629392 0.742044 0.112652
263.067 -0.0160188 0.00113113 -0.651254 0.763892 0.112638
263.079 -0.0160207 0.00109352 -0.673263 0.785884 0.112621
263.09 -0.0160233 0.00105985 -0.695401 0.808013 0.112611
263.101 -0.016026 0.00102445 -0.717694 0.830296 0.112602
263.112 -0.016031 0.000984252 -0.740151 0.852738 0.112587
263.124 -0.0160362 0.000941253 -0.762724 0.875299 0.112575
263.135 -0.0160353 0.000901824 -0.785422 0.897986 0.112564
263.146 -0.0160385 0.00086712 -0.808231 0.920784 0.112553
263.157 -0.0160433 0.000835221 -0.831163 0.943711 0.112547
263.169 -0.0160518 0.000801521 -0.854163 0.966709 0.112545
263.18 -0.01606 0.000771474 -0.87723 0.989769 0.11254
263.191 -0.0160766 0.000741537 -0.90034 1.01288 0.112539
263.202 -0.0160866 0.000713864 -0.9235 1.03604 0.112536
263.213 -0.0161031 0.000681294 -0.946623 1.05915 0.11253
263.225 -0.0161153 0.000647331 -0.969769 1.08229 0.112526
263.236 -0.0161308 0.000620103 -0.992886 1.10541 0.112525
263.247 -0.0161547 0.000591375 -1.01596 1.12849 0.112524
263.258 -0.0161781 0.000562125 -1.03896 1.15148 0.11252
263.27 -0.0162042 0.000540035 -1.06191 1.17443 0.112517
263.281 -0.016227 0.00051892 -1.08474 1.19726 0.112512
263.292 -0.0162559 0.000496069 -1.10753 1.22004 0.112508
263.303 -0.0162834 0.000475092 -1.13026 1.24276 0.112504
263.315 -0.0163125 0.00045913 -1.15283 1.26533 0.112501
263.326 -0.0163446 0.000444101 -1.17527 1.28777 0.112499
263.337 -0.0163749 0.000430765 -1.19755 1.31005 0.112501
263.348 -0.0164047 0.00041825 -1.2196 1.3321 0.112502
263.36 -0.0164365 0.000406934 -1.24145 1.35395 0.112504
263.371 -0.0164723 0.000396106 -1.26308 1.37559 0.112505
263.382 -0.0165067 0.00037971 -1.28445 1.39695 0.112506
263.393 -0.0165426 0.000367785 -1.30551 1.41802 0.112508
263.404 -0.0165783 0.000359685 -1.3263 1.43881 0.112509
263.416 -0.0166223 0.000347933 -1.34677 1.45927 0.112504
263.427 -0.0166634 0.000341782 -1.36688 1.47939 0.112506
263.438 -0.016703 0.000337261 -1.38665 1.49916 0.112506
263.449 -0.0167484 0.000327834 -1.40607 1.51859 0.112515
263.461 -0.0167898 0.000319951 -1.42512 1.53764 0.112521
263.472 -0.0168346 0.000313366 -1.44368 1.5562 0.112522
263.483 -0.016879 0.000302695 -1.46183 1.57436 0.11253
263.494 -0.0169146 0.000297973 -1.47963 1.59216 0.112534
263.506 -0.016954 0.000291079 -1.49695 1.60949 0.112543
263.517 -0.016991 0.000282034 -1.51375 1.6263 0.112553
263.528 -0.017031 0.000275107 -1.53011 1.64268 0.112564
263.539 -0.0170631 0.00026273 -1.54597 1.65854 0.112575
263.551 -0.0170973 0.000255899 -1.56128 1.67387 0.112588
263.562 -0.017141 0.000241708 -1.57604 1.68864 0.1126
263.573 -0.0171812 0.000231717 -1.59023 1.70285 0.112612
263.584 -0.0172226 0.000219828 -1.60387 1.7165 0.112625
263.596 -0.0172647 0.000207032 -1.61693 1.72956 0.112639
263.607 -0.0173067 0.000195995 -1.62937 1.74202 0.112651
263.618 -0.0173499 0.000185191 -1.64123 1.75389 0.112668
263.629 -0.0173855 0.000178015 -1.65246 1.76514 0.112683
263.64 -0.017426 0.000167324 -1.66297 1.77567 0.112696
263.652 -0.0174681 0.000156496 -1.6728 1.78551 0.112709
263.663 -0.0175105 0.000144007 -1.68199 1.79472 0.112723
263.674 -0.0175523 0.000133055 -1.69052 1.80325 0.112734
263.685 -0.0175915 0.000123393 -1.69834 1.81108 0.112746
263.697 -0.017632 0.000120108 -1.70555 1.8183 0.112755
263.708 -0.0176679 0.000117088 -1.71213 1.82489 0.112762
263.719 -0.0177068 0.000109623 -1.71803 1.8308 0.112772
263.73 -0.0177545 0.000102789 -1.72324 1.83603 0.112791
263.742 -0.0178054 9.84758e-05 -1.72781 1.84062 0.112806
263.753 -0.0178551 9.31329e-05 -1.73169 1.84452 0.112838
263.764 -0.0178945 8.61905e-05 -1.73489 1.84775 0.112864
263.775 -0.0179366 7.59695e-05 -1.73738 1.85027 0.112891
263.787 -0.0179818 6.45099e-05 -1.73917 1.85209 0.112912
263.798 -0.0180284 5.60731e-05 -1.74022 1.85316 0.112936
263.809 -0.0180759 5.13442e-05 -1.74054 1.85351 0.112969
263.82 -0.0181168 4.90027e-05 -1.74012 1.85311 0.112991
263.831 -0.0181593 5.55833e-05 -1.73898 1.852 0.11302
263.843 -0.0182009 5.93319e-05 -1.73717 1.85023 0.113066
263.854 -0.0182463 6.24653e-05 -1.73469 1.84781 0.113118
263.865 -0.0182843 6.16314e-05 -1.73155 1.84472 0.113163
263.876 -0.0183203 6.30997e-05 -1.72771 1.84092 0.11321
263.888 -0.0183522 5.81963e-05 -1.72319 1.83644 0.113254
263.899 -0.0183877 5.0478e-05 -1.71799 1.83128 0.113286
263.91 -0.0184254 4.85227e-05 -1.71209 1.82541 0.11332
263.921 -0.0184651 4.88362e-05 -1.7055 1.81885 0.113355
263.933 -0.0185085 4.97022e-05 -1.69828 1.81168 0.113398
263.944 -0.0185537 4.89223e-05 -1.69036 1.80381 0.113445
263.955 -0.0185985 4.15237e-05 -1.68174 1.79523 0.113487
263.966 -0.0186413 4.36986e-05 -1.67248 1.786 0.113528
263.978 -0.0186836 3.25438e-05 -1.66256 1.77612 0.113568
263.989 -0.0187325 1.91103e-05 -1.65204 1.76564 0.113602
264 -0.0187828 1.34769e-05 -1.64096 1.75461 0.113656
264.011 -0.0188328 1.98635e-05 -1.62929 1.74301 0.113714
264.022 -0.0188862 2.04772e-05 -1.617 1.73077 0.113769
264.034 -0.0189363 1.84601e-05 -1.60413 1.71795 0.113817
264.045 -0.0189862 1.50258e-05 -1.59064 1.7045 0.11386
264.056 -0.0190344 1.18979e-05 -1.57659 1.69049 0.113897
264.067 -0.019078 9.39425e-06 -1.56195 1.6759 0.113943
264.079 -0.0191229 6.26319e-06 -1.54679 1.66079 0.113992
264.09 -0.0191671 5.36963e-06 -1.53107 1.64511 0.114041
264.101 -0.0192125 5.10419e-07 -1.51481 1.62891 0.114092
264.112 -0.0192606 -7.62662e-06 -1.49803 1.61217 0.114137
264.124 -0.0193153 -1.46496e-05 -1.48072 1.5949 0.114178
264.135 -0.0193673 -3.10351e-05 -1.46285 1.57708 0.11423
264.146 -0.0194218 -4.73087e-05 -1.4445 1.55878 0.11428
264.157 -0.0194708 -4.98902e-05 -1.42569 1.54001 0.114321
264.169 -0.0195242 -5.21664e-05 -1.40644 1.52079 0.114351
264.18 -0.0195756 -5.40384e-05 -1.38671 1.50109 0.114378
264.191 -0.0196268 -5.39752e-05 -1.36651 1.48093 0.114418
264.202 -0.0196729 -5.92516e-05 -1.34584 1.4603 0.114456
264.213 -0.0197145 -6.31086e-05 -1.32469 1.43918 0.114493
264.225 -0.0197484 -6.72385e-05 -1.30306 1.4176 0.114533
264.236 -0.0197881 -7.72682e-05 -1.281 1.39557 0.114567
264.247 -0.0198297 -8.81084e-05 -1.25853 1.37314 0.114607
264.258 -0.01987 -0.000106356 -1.23552 1.35017 0.114646
264.27 -0.0199241 -0.000111895 -1.21214 1.32682 0.114679
264.281 -0.0199713 -0.000112873 -1.18832 1.30302 0.114703
264.292 -0.0200261 -0.000112157 -1.16402 1.27875 0.114726
264.303 -0.0200726 -0.000115422 -1.13937 1.25414 0.114771
264.315 -0.0201274 -0.000117417 -1.11422 1.22902 0.114805
264.326 -0.0201748 -0.000119975 -1.0887 1.20355 0.114841
264.337 -0.0202212 -0.000121008 -1.06267 1.17755 0.114876
264.348 -0.0202702 -0.00012309 -1.03632 1.15122 0.114903
264.36 -0.0203218 -0.000131287 -1.00952 1.12446 0.114941
264.371 -0.0203732 -0.000139719 -0.982364 1.09734 0.114971
264.382 -0.0204211 -0.000148198 -0.954745 1.06974 0.114999
264.393 -0.0204687 -0.000154243 -0.926614 1.04163 0.115015
264.404 -0.0205148 -0.000146267 -0.898014 1.01305 0.115036
264.416 -0.0205566 -0.000140318 -0.869012 0.984087 0.115075
264.427 -0.0206021 -0.000140977 -0.83961 0.954709 0.115099
264.438 -0.0206404 -0.000148915 -0.809742 0.924865 0.115123
264.449 -0.0206773 -0.000155356 -0.779593 0.894735 0.115142
264.461 -0.0207129 -0.000162042 -0.749094 0.864251 0.115158
264.472 -0.0207538 -0.00016626 -0.718125 0.833304 0.115179
264.483 -0.0207984 -0.000165208 -0.68675 0.801948 0.115198
264.494 -0.0208425 -0.000170169 -0.654834 0.770057 0.115223
264.506 -0.0208819 -0.000179302 -0.622498 0.737732 0.115234
264.517 -0.0209183 -0.000174024 -0.589634 0.704888 0.115254
264.528 -0.0209541 -0.000164116 -0.556312 0.671596 0.115284
264.539 -0.0209982 -0.000165214 -0.522615 0.637922 0.115308
264.551 -0.0210338 -0.000166323 -0.48848 0.60381 0.11533
264.562 -0.021073 -0.00017154 -0.453881 0.56924 0.115359
264.573 -0.0211008 -0.000170533 -0.418785 0.534165 0.11538
264.584 -0.0211357 -0.000176667 -0.383218 0.498626 0.115408
264.596 -0.0211807 -0.000181056 -0.347129 0.462557 0.115428
264.607 -0.0212247 -0.000183943 -0.310601 0.426048 0.115446
264.618 -0.0212692 -0.000190502 -0.273599 0.389056 0.115457
264.629 -0.0213117 -0.000188299 -0.236102 0.351576 0.115473
264.64 -0.0213482 -0.000185696 -0.198231 0.313737 0.115506
264.652 -0.0213881 -0.000189273 -0.15982 0.275348 0.115528
264.663 -0.0214219 -0.000199942 -0.120896 0.236448 0.115552
264.674 -0.0214613 -0.000211974 -0.0814344 0.197009 0.115575
264.685 -0.0215048 -0.000228125 -0.0414083 0.157005 0.115597
264.697 -0.021539 -0.000243364 -0.000791546 0.116412 0.11562
264.708 -0.0215743 -0.000267421 0.040375 0.0752644 0.115639
264.719 -0.0216076 -0.000285075 0.082038 0.0336208 0.115659
264.73 -0.0216395 -0.000300834 0.124274 -0.00859662 0.115677
264.742 -0.0216715 -0.00031145 0.167121 -0.0514378 0.115683
264.753 -0.0217049 -0.000322769 0.210501 -0.094808 0.115693
264.764 -0.0217357 -0.000339585 0.254503 -0.13878 0.115723
264.775 -0.0217685 -0.000361003 0.299112 -0.183372 0.115741
264.787 -0.0218024 -0.000379405 0.344185 -0.228425 0.11576
264.798 -0.0218316 -0.000408634 0.389838 -0.274059 0.115779
264.809 -0.0218643 -0.000438081 0.436269 -0.32048 0.115789
264.82 -0.0218935 -0.000459199 0.483163 -0.367351 0.115812
264.831 -0.021923 -0.000474192 0.530731 -0.414892 0.115839
264.843 -0.0219504 -0.000501618 0.578923 -0.463066 0.115857
264.854 -0.0219784 -0.000531223 0.627748 -0.511877 0.115871
264.865 -0.0220011 -0.000552517 0.6772 -0.561316 0.115885
264.876 -0.0220245 -0.000577186 0.72732 -0.611424 0.115896
264.888 -0.0220476 -0.000604473 0.777959 -0.662042 0.115917
264.899 -0.0220701 -0.000631477 0.829273 -0.713332 0.115941
264.91 -0.0220949 -0.000648567 0.88124 -0.765279 0.115961
264.921 -0.0221188 -0.000671776 0.933873 -0.81789 0.115983
264.933 -0.0221386 -0.000700055 0.98719 -0.871192 0.115998
264.944 -0.0221578 -0.00071712 1.04136 -0.925346 0.116013
264.955 -0.02217 -0.000740896 1.09599 -0.979954 0.116039
264.966 -0.0221884 -0.000771194 1.15134 -1.03528 0.116064
264.978 -0.0222081 -0.000782846 1.20739 -1.09131 0.116085
264.989 -0.022229 -0.00079786 1.26415 -1.14804 0.116108
265 -0.0222446 -0.000812647 1.32157 -1.20544 0.116128
265.011 -0.0222585 -0.000831118 1.37959 -1.26344 0.116145
265.022 -0.0222771 -0.000857836 1.43833 -1.32216 0.11617
265.034 -0.0222984 -0.000883557 1.49764 -1.38145 0.116196
265.045 -0.0223151 -0.000892892 1.5575 -1.44128 0.116217
265.056 -0.0223341 -0.000909285 1.61801 -1.50178 0.116232
265.067 -0.0223519 -0.000929778 1.67924 -1.56299 0.11625
265.079 -0.0223621 -0.000946383 1.74106 -1.6248 0.116258
265.09 -0.0223705 -0.000973323 1.80352 -1.68725 0.116264
265.101 -0.0223834 -0.00100212 1.86657 -1.75029 0.116283
